<?xml version="1.0"?>
<COLLADA xmlns="http://www.collada.org/2005/11/COLLADASchema" version="1.4.1">
  <asset>
    <contributor>
      <author>Assimp</author>
      <authoring_tool>Assimp Exporter</authoring_tool>
    </contributor>
    <created>2019-04-16T16:15:52</created>
    <modified>2019-04-16T16:15:52</modified>
    <unit name="meter" meter="0.01" />
    <up_axis>Y_UP</up_axis>
  </asset>
  <library_effects>
    <effect id="cabinet2-fx" name="cabinet2">
      <profile_COMMON>
        <technique sid="standard">
          <phong>
            <diffuse>
              <color sid="diffuse">0.5   0.5   0.5   1</color>
            </diffuse>
          </phong>
        </technique>
      </profile_COMMON>
    </effect>
  </library_effects>
  <library_materials>
    <material id="cabinet2" name="cabinet2">
      <instance_effect url="#cabinet2-fx"/>
    </material>
  </library_materials>
  <library_geometries>
    <geometry id="meshId0" name="meshId0_name" >
      <mesh>
        <source id="meshId0-positions" name="meshId0-positions">
          <float_array id="meshId0-positions-array" count="852"> 0.711145 -0.757066 -0.919042 0.711145 -0.757066 -0.920283 0.711145 -0.200722 -0.919663 0.711145 -0.757066 0.241161 0.711145 -0.198813 0.241161 0.711145 -0.752792 0.927653 0.711145 -0.202631 0.931927 0.706891 -0.0576647 0.289852 0.706891 -0.0621101 0.95128 0.706891 0.725944 0.95128 0.706891 0.726389 0.287622 -0.727856 -0.0576648 0.289852 -0.727856 -0.0621103 0.95128 0.706891 -0.0621101 0.95128 0.706891 -0.0576647 0.289852 -0.727856 -0.0621103 0.95128 -0.727856 0.725944 0.95128 0.706891 0.725944 0.95128 0.706891 -0.0621101 0.95128 -0.727856 0.725944 0.95128 -0.727856 0.726389 0.287622 0.706891 0.726389 0.287622 0.706891 0.725944 0.95128 -0.727856 0.726389 0.287622 -0.727856 -0.0576648 0.289852 0.706891 -0.0576647 0.289852 0.706891 0.726389 0.287622 -0.719478 -0.846154 0.991623 -0.727856 -0.837294 0.985345 -0.727856 -0.837606 0.241163 -0.719307 -0.846154 0.241163 -0.719654 -0.837952 1 -0.719478 -0.846154 0.991623 0.802058 -0.846154 0.991452 0.802058 -0.837606 1 -0.727856 -0.82421 0.991128 -0.719654 -0.837952 1 -0.719307 -0.114762 1 -0.727856 -0.114762 0.991452 0.810606 -0.837606 0.991452 0.802058 -0.846154 0.991452 0.802058 -0.846154 0.241163 0.810606 -0.837606 0.241163 0.802058 -0.837606 1 0.810606 -0.837606 0.991452 0.810606 -0.114705 0.991453 0.802058 -0.114762 1 -0.719307 -0.837606 -1 -0.727856 -0.837606 -0.991452 -0.727856 -0.114762 -0.991452 -0.719307 -0.114762 -1 -0.719307 -0.846154 -0.991452 -0.719307 -0.837606 -1 0.802058 -0.837606 -1 0.802058 -0.846154 -0.991452 -0.727856 -0.837606 -0.991452 -0.719307 -0.846154 -0.991452 -0.719307 -0.846154 -0.920285 -0.727856 -0.837606 -0.920285 0.802058 -0.846154 -0.991452 0.810606 -0.837606 -0.991452 0.810606 -0.837606 -0.920285 0.802058 -0.846154 -0.920285 0.810606 -0.837606 -0.991452 0.802058 -0.837606 -1 0.802049 -0.114762 -1 0.810606 -0.114223 -0.99146 -0.719307 0.77819 1 -0.727856 0.77819 0.991452 0.810606 0.778196 0.991452 0.802058 0.77819 1 -0.727856 0.778244 -0.991452 -0.719307 0.77819 -1 0.802058 0.77819 -1 0.810606 0.778244 -0.991452 0.802058 0.837606 -1 0.810606 0.837606 -0.991452 0.810606 0.837606 -0.919592 0.802058 0.846154 -0.919592 0.802058 0.846154 0.238603 0.810606 0.837606 0.238603 0.810606 0.837606 -0.991452 0.802058 0.846154 -0.991452 0.802058 0.846154 -0.991452 0.802058 0.837606 -1 -0.719307 0.837606 -1 -0.719307 0.846154 -0.991452 -0.727856 0.837606 -0.991452 -0.719307 0.837606 -1 -0.719307 0.846154 -0.991452 -0.727856 0.837606 -0.991452 -0.727856 0.837606 -0.919592 -0.719307 0.846154 -0.919592 -0.727856 0.837606 0.238603 -0.719307 0.846154 0.238603 -0.719307 0.837606 1 -0.727856 0.837606 0.991452 0.810606 0.837606 0.991452 0.802058 0.837606 1 -0.719307 0.846154 0.991452 -0.719307 0.837606 1 0.802058 0.837606 1 0.802058 0.846154 0.991452 -0.727856 0.837606 0.991452 -0.719307 0.846154 0.991452 0.802058 0.846154 0.991452 0.810606 0.837606 0.991452 -0.719654 -0.837952 1 0.802058 -0.837606 1 0.802058 -0.114762 1 -0.719307 -0.114762 1 -0.719307 0.846154 -0.919592 0.802058 0.846154 -0.919592 0.802058 0.846154 -0.991452 -0.719307 0.846154 -0.991452 -0.719307 -0.114762 -1 0.802049 -0.114762 -1 0.802058 -0.837606 -1 -0.719307 -0.837606 -1 -0.719307 -0.846154 -0.991452 0.802058 -0.846154 -0.991452 0.802058 -0.846154 -0.920285 -0.719307 -0.846154 -0.920285 0.810606 -0.109725 -0.920285 0.810606 -0.837606 -0.920285 0.810606 -0.837606 -0.991452 0.810606 -0.114223 -0.99146 0.810606 -0.109725 0.241163 0.810606 -0.837606 0.241163 0.802058 -0.846154 0.241163 -0.719307 -0.846154 0.241163 -0.719307 0.846154 0.991452 0.802058 0.846154 0.991452 0.802058 0.846154 0.238603 -0.719307 0.846154 0.238603 0.810606 -0.837606 0.991452 0.810606 -0.114705 0.991453 0.802058 -0.846154 0.991452 -0.719478 -0.846154 0.991623 0.810606 0.778694 -0.919592 0.810606 0.778244 -0.991452 0.810606 0.837606 -0.991452 0.810606 0.837606 -0.919592 0.802058 0.77819 -1 -0.719307 0.77819 -1 -0.719307 0.837606 -1 0.802058 0.837606 -1 -0.719307 0.77819 1 0.802058 0.77819 1 0.802058 0.837606 1 -0.719307 0.837606 1 0.810606 0.778196 0.991452 0.810606 0.778694 0.238603 0.810606 0.837606 0.238603 0.810606 0.837606 0.991452 -0.727856 -0.837606 -0.991452 -0.727856 -0.837606 -0.920285 -0.727856 -0.759037 -0.920628 -0.727856 -0.756529 -0.921672 -0.727856 -0.114762 0.991452 -0.727856 0.77819 0.991452 -0.727856 0.725944 0.95128 -0.727856 -0.0621103 0.95128 -0.727856 -0.837294 0.985345 -0.719478 -0.846154 0.991623 0.810606 -0.837606 0.991452 0.802058 -0.837606 1 0.802058 -0.846154 0.991452 -0.719307 -0.837606 -1 -0.719307 -0.846154 -0.991452 -0.727856 -0.837606 -0.991452 0.802058 -0.846154 -0.991452 0.802058 -0.837606 -1 0.810606 -0.837606 -0.991452 0.802058 0.837606 -1 0.802058 0.846154 -0.991452 0.810606 0.837606 -0.991452 -0.727856 0.837606 -0.991452 -0.719307 0.846154 -0.991452 -0.719307 0.837606 -1 -0.719307 0.837606 1 -0.719307 0.846154 0.991452 -0.727856 0.837606 0.991452 0.810606 0.837606 0.991452 0.802058 0.846154 0.991452 0.802058 0.837606 1 -0.722541 -0.109725 -0.920285 -0.727856 -0.11504 -0.925603 -0.727856 -0.11504 0.246493 -0.722541 -0.109725 0.241163 -0.727856 -0.11504 -0.925603 -0.722541 -0.109725 -0.920285 -0.722541 0.778694 -0.919592 -0.727856 0.784009 -0.924903 -0.722541 -0.109725 0.241163 -0.727856 -0.11504 0.246493 -0.727856 0.784009 0.243902 -0.722541 0.778694 0.238603 -0.727856 0.784009 -0.924903 -0.722541 0.778694 -0.919592 -0.722541 0.778694 0.238603 -0.727856 0.784009 0.243902 -0.722541 -0.109725 0.241163 0.810606 -0.109725 0.241163 0.810606 -0.109725 -0.920285 -0.722541 -0.109725 -0.920285 -0.722541 -0.109725 -0.920285 0.810606 -0.109725 -0.920285 0.810606 0.778694 -0.919592 -0.722541 0.778694 -0.919592 0.810606 -0.109725 0.241163 -0.722541 -0.109725 0.241163 -0.722541 0.778694 0.238603 0.810606 0.778694 0.238603 -0.722541 0.778694 -0.919592 0.810606 0.778694 -0.919592 0.810606 0.778694 0.238603 -0.722541 0.778694 0.238603 -0.727856 0.784009 0.243902 -0.727856 -0.11504 0.246493 -0.727856 -0.0576648 0.289852 -0.727856 0.726389 0.287622 -0.727856 0.778244 -0.991452 -0.727856 0.784009 -0.924903 -0.727856 0.837606 -0.919592 -0.727856 0.837606 -0.991452 -0.727856 0.837606 0.991452 -0.727856 0.837606 0.238603 -0.727856 -0.114762 -0.991452 -0.727856 -0.11504 -0.925603 -0.725223 -0.755946 -0.919663 0.711145 -0.757066 -0.920283 0.711145 -0.757066 -0.919042 -0.727856 -0.756529 -0.921672 -0.725223 -0.755946 -0.919663 -0.725223 -0.200722 -0.919663 -0.727856 -0.198094 -0.922299 -0.727856 -0.198094 -0.922299 -0.725223 -0.200722 -0.919663 -0.72522 -0.198813 0.241161 -0.727856 -0.196183 0.241329 -0.725223 -0.755946 -0.919663 -0.727856 -0.759037 -0.920628 -0.727856 -0.759699 0.241161 -0.725223 -0.757066 0.241161 -0.727856 -0.75539 0.930246 -0.725223 -0.752773 0.927633 -0.725223 -0.202631 0.931927 -0.727856 -0.200013 0.93458 -0.727856 -0.200013 0.93458 -0.725223 -0.202631 0.931927 -0.725223 -0.752773 0.927633 -0.727856 -0.75539 0.930246 -0.725223 -0.200722 -0.919663 -0.725223 -0.755946 -0.919663 0.711145 -0.757066 -0.919042 0.711145 -0.200722 -0.919663 -0.725223 -0.755946 -0.919663 -0.725223 -0.757066 0.241161 0.711145 -0.757066 0.241161 0.711145 -0.757066 -0.920283 -0.72522 -0.198813 0.241161 -0.725223 -0.200722 -0.919663 0.711145 -0.200722 -0.919663 0.711145 -0.198813 0.241161 -0.725223 -0.202631 0.931927 0.711145 -0.202631 0.931927 -0.727856 -0.837294 0.985345 -0.727856 -0.82421 0.991128 -0.727856 -0.75539 0.930246 -0.727856 -0.198094 -0.922299 -0.727856 -0.837606 0.241163 -0.727856 -0.759699 0.241161 -0.727856 -0.200013 0.93458 -0.725223 -0.752773 0.927633 0.711145 -0.752792 0.927653 -0.725223 -0.752773 0.927633 -0.725223 -0.202631 0.931927 0.711145 -0.202631 0.931927 0.711145 -0.752792 0.927653 -0.727856 -0.196183 0.241329 -0.727856 -0.756529 -0.921672 -0.727856 -0.759037 -0.920628 -0.725223 -0.755946 -0.919663 </float_array>
          <technique_common>
            <accessor count="284" offset="0" source="#meshId0-positions-array" stride="3">
              <param name="X" type="float" />
              <param name="Y" type="float" />
              <param name="Z" type="float" />
            </accessor>
          </technique_common>
        </source>
        <source id="meshId0-normals" name="meshId0-normals">
          <float_array id="meshId0-normals-array" count="852"> 1 0 0 -1 0 0 -1 0 0 -1 0 0 -1 0 0 -1 0 0 -1 0 0 -1 -1.69305e-07 0 -1 -1.69305e-07 0 -1 -1.69305e-07 0 -1 -1.69305e-07 0 -1.02085e-07 0.999977 0.00672083 -1.02085e-07 0.999977 0.00672083 -1.02085e-07 0.999977 0.00672083 -1.02085e-07 0.999977 0.00672083 -1.32671e-08 0 -1 -1.32671e-08 0 -1 -1.32671e-08 0 -1 -1.32671e-08 0 -1 0 -1 -0.000670399 0 -1 -0.000670399 0 -1 -0.000670399 0 -1 -0.000670399 0 0.00284435 0.999996 0 0.00284435 0.999996 0 0.00284435 0.999996 0 0.00284435 0.999996 -0.716998 -0.697075 6.36506e-05 -0.716998 -0.697075 6.36506e-05 -0.711008 -0.703183 2.4989e-05 -0.711008 -0.703184 2.49846e-05 0.000120443 -0.710778 0.703416 0.000120443 -0.710778 0.703416 0.000120443 -0.710778 0.703416 0.000120443 -0.710778 0.703416 -0.722519 -0.00295273 0.691345 -0.729692 -0.0158905 0.683591 -0.713261 7.77763e-06 0.700899 -0.713262 7.77945e-06 0.700898 0.707127 -0.707086 0 0.707127 -0.707086 0 0.707124 -0.707089 0 0.707124 -0.707089 0 0.707106 -6.45773e-07 0.707107 0.707106 -6.45773e-07 0.707107 0.707107 1.72433e-09 0.707106 0.707107 -1.72685e-09 0.707106 -0.707098 0 -0.707116 -0.707098 0 -0.707116 -0.707095 0 -0.707119 -0.707095 0 -0.707119 0 -0.707095 -0.707119 0 -0.707095 -0.707119 0 -0.707095 -0.707119 0 -0.707095 -0.707119 -0.707105 -0.707108 0 -0.707105 -0.707108 0 -0.707109 -0.707104 0 -0.707109 -0.707104 0 0.707125 -0.707089 0 0.707125 -0.707089 0 0.707123 -0.707091 0 0.707123 -0.707091 0 0.706754 3.72891e-07 -0.707459 0.706754 3.72891e-07 -0.707459 0.706749 9.5059e-09 -0.707464 0.706749 -9.45056e-09 -0.707464 -0.70712 0 0.707094 -0.70712 0 0.707094 0.70711 4.90152e-07 0.707104 0.70711 4.90189e-07 0.707104 -0.707092 0 -0.707122 -0.707092 0 -0.707122 0.706767 -2.83313e-07 -0.707447 0.706767 -2.83113e-07 -0.707446 0.707099 0 -0.707115 0.707099 0 -0.707115 0.707111 0.707103 0 0.707111 0.707103 0 0.707113 0.7071 0 0.707113 0.7071 0 0.707128 0.707086 0 0.707128 0.707086 0 0 0.707095 -0.707118 0 0.707095 -0.707118 0 0.707095 -0.707118 0 0.707095 -0.707118 -0.707086 0 -0.707127 -0.707086 0 -0.707127 -0.707108 0.707105 0 -0.707108 0.707105 0 -0.70711 0.707104 0 -0.70711 0.707104 0 -0.70711 0.707104 0 -0.70711 0.707104 0 -0.70712 0 0.707094 -0.70712 0 0.707094 0.707132 0 0.707081 0.707132 0 0.707081 0 0.70712 0.707094 0 0.70712 0.707094 0 0.70712 0.707094 0 0.70712 0.707094 -0.707109 0.707104 0 -0.707109 0.707104 0 0.707119 0.707094 0 0.707119 0.707094 0 0 0 1 0 0 1 0 0 1 0 0 1 0 1 0 0 1 0 0 1 0 0 1 0 0 0 -1 0 0 -1 0 0 -1 0 0 -1 0 -1 0 0 -1 0 0 -1 0 0 -1 0 1 7.25488e-09 0 1 0 0 1 0 0 1 5.60062e-08 0 1 -8.75885e-08 0 1 -8.18405e-08 0 0 -1 3.86385e-10 0 -1 3.86419e-10 0 1 0 0 1 0 0 1 0 0 1 0 1 -2.08965e-07 0 1 -1.49018e-07 0 0 -1 9.84407e-10 0 -1 9.84407e-10 1 4.90902e-08 0 1 9.86946e-08 0 1 0 0 1 0 0 0 0 -1 0 0 -1 0 0 -1 0 0 -1 0 0 1 0 0 1 0 0 1 0 0 1 1 -9.36388e-08 0 1 -8.54358e-08 0 1 0 0 1 0 0 -1 0 0 -1 -8.99662e-07 0 -1 -8.78751e-07 0 -1 0 0 -1 -2.78249e-07 0 -1 2.3488e-07 0 -1 1.47585e-07 0 -1 -2.95449e-07 0 -0.835825 -0.308832 0.453894 -0.835825 -0.308832 0.453894 0.577367 -0.577356 0.577329 0.577367 -0.577356 0.577329 0.577367 -0.577356 0.577329 -0.577345 -0.577345 -0.57736 -0.577345 -0.577345 -0.57736 -0.577345 -0.577345 -0.57736 0.577359 -0.577337 -0.577354 0.577359 -0.577337 -0.577355 0.577359 -0.577337 -0.577355 0.577365 0.577343 -0.577343 0.577365 0.577343 -0.577343 0.577365 0.577343 -0.577343 -0.57735 0.57735 -0.57735 -0.57735 0.57735 -0.57735 -0.57735 0.57735 -0.57735 -0.577365 0.577354 0.577332 -0.577365 0.577354 0.577332 -0.577365 0.577354 0.577332 0.577373 0.577361 0.577317 0.577373 0.577361 0.577317 0.577372 0.577361 0.577317 -0.707137 0.707077 0 -0.707137 0.707076 0 -0.707137 0.707077 0 -0.707137 0.707077 0 -0.707121 -0.000551121 0.707092 -0.707121 -0.000551121 0.707092 -0.707121 -0.000551121 0.707092 -0.707121 -0.000551121 0.707092 -0.707127 -0.00203739 -0.707084 -0.707127 -0.00203739 -0.707084 -0.707127 -0.00203739 -0.707084 -0.707127 -0.00203739 -0.707084 -0.707119 -0.707095 0 -0.707119 -0.707095 0 -0.707119 -0.707095 0 -0.707119 -0.707095 0 0 1 0 0 1 0 0 1 0 0 1 0 0 -0.000779491 1 0 -0.000779491 1 0 -0.000779491 1 0 -0.000779491 1 0 -0.00288146 -0.999996 0 -0.00288146 -0.999996 0 -0.00288146 -0.999996 0 -0.00288146 -0.999996 0 -1 0 0 -1 0 0 -1 0 0 -1 0 -1 -1.06054e-06 0 -1 3.31148e-07 0 -1 -2.82241e-07 0 -1 1.41199e-07 0 -1 1.6095e-07 0 -1 -1.31799e-06 0 -1 -2.59311e-06 0 -1 2.89312e-06 0 -1 2.82929e-07 0 -1 -1.70446e-06 0 -1 -3.40738e-08 0 -1 5.46741e-07 0 -0.000780005 -1 0 -0.000780005 -1 0 -0.000780005 -1 0 -0.66143 0.000421957 0.750007 -0.661429 0.000421957 0.750007 -0.661429 0.000421957 0.750007 -0.66143 0.000421957 0.750007 -0.706736 -0.707477 0.00116361 -0.706736 -0.707477 0.00116361 -0.706762 -0.707451 -0.000664903 -0.706764 -0.707449 -0.000796937 -0.736013 0.676967 0.00051961 -0.736013 0.676967 0.00051961 -0.725723 0.687985 -0.00126577 -0.725691 0.68802 -0.00127141 -0.707122 0.707078 -0.00442175 -0.707122 0.707078 -0.00442175 -0.706804 -0.707398 -0.00391081 -0.706804 -0.707398 -0.00391081 -0.707098 0.00551769 -0.707094 -0.707098 0.00551769 -0.707094 -0.707098 0.00551769 -0.707094 -0.707098 0.00551769 -0.707094 -0.000215795 0.000558595 1 -0.000215795 0.000558595 1 -0.000215795 0.000558595 1 -0.000215795 0.000558595 1 0.000390123 1 0.000482469 0.000247627 0.999998 -0.00201518 0.000247627 0.999998 -0.00201518 0.000390123 1 0.000482469 0 -0.999999 -0.00103113 0 -0.999999 0.00164471 0 -0.999999 0.00164471 0 -0.999999 -0.00103112 0 -0.999985 -0.00552776 0 -0.999985 -0.00552776 -1 -9.53109e-07 0 -1 5.1146e-07 0 -1 -7.96103e-07 0 -1 5.48697e-07 0 -1 -1.02037e-06 0 -1 -1.02059e-06 0 -1 -2.37256e-07 0 6.60593e-06 0.999981 -0.00623967 6.60593e-06 0.999981 -0.00623967 7.00203e-06 0.00778601 -0.99997 7.00203e-06 0.00778601 -0.99997 7.00203e-06 0.00778601 -0.99997 7.00203e-06 0.00778601 -0.99997 -1 5.41937e-07 0 -0.619676 0.301516 0.724631 -0.619676 0.301516 0.724631 -0.619676 0.301516 0.724631 </float_array>
          <technique_common>
            <accessor count="284" offset="0" source="#meshId0-normals-array" stride="3">
              <param name="X" type="float" />
              <param name="Y" type="float" />
              <param name="Z" type="float" />
            </accessor>
          </technique_common>
        </source>
        <source id="meshId0-tangents" name="meshId0-tangents">
          <float_array id="meshId0-tangents-array" count="852"> 0 -1 1.9111e-06 0 -1 -0.000957741 0 -0.999998 -0.00222297 0 -1 -0.000721094 0 -0.999999 -0.00129563 0 -1 0.000828597 0 -1 -2.66192e-05 8.83754e-11 -0.000521989 1 8.7808e-11 -0.000518638 1 8.71069e-11 -0.000514497 1 8.76708e-11 -0.000517828 1 0.0061752 -0.0067207 0.999958 0.00618176 -0.0067207 0.999958 0.00619903 -0.0067207 0.999958 0.00619248 -0.0067207 0.999958 -1 -0.000513982 1.32671e-08 -1 -0.000515292 1.32671e-08 -1 -0.000518077 1.32671e-08 -1 -0.000516767 1.32671e-08 -0.000168631 -0.000670399 1 -0.000165103 -0.000670399 1 -0.00015584 -0.000670399 1 -0.000159368 -0.000670399 1 0.999994 -0.00333237 9.47846e-06 0.999994 -0.00332643 9.46156e-06 0.999994 -0.00331371 9.42539e-06 0.999995 -0.00331965 9.44229e-06 0.00607439 -0.00615669 0.999963 0.00607402 -0.0061563 0.999963 0.00175508 -0.00173907 0.999997 0.00175469 -0.00173868 0.999997 -1 -2.82889e-05 0.00014264 -1 -2.82959e-05 0.000142633 -1 -2.96875e-05 0.000141227 -1 -2.96807e-05 0.000141234 0.691164 0.0201758 0.722416 0.67987 -0.123564 0.722848 0.700881 -0.00722354 0.713242 0.70088 -0.00715191 0.713244 0.000420583 0.000420608 -1 0.000421879 0.000421903 -1 0.000385003 0.000385023 -1 0.000384337 0.000384356 -1 0.706996 -0.0177706 -0.706995 0.706998 -0.017582 -0.706997 0.707106 -5.08e-05 -0.707107 0.707106 -0.000148513 -0.707107 -0.707113 0.00282876 0.707095 -0.707113 0.00285409 0.707095 -0.707109 0.00519428 0.707085 -0.707109 0.00519645 0.707085 -1 -3.5976e-07 3.59747e-07 -1 -3.5976e-07 3.59747e-07 -1 -3.5976e-07 3.59747e-07 -1 -3.5976e-07 3.59747e-07 -0.020952 0.0209519 0.999561 -0.0211518 0.0211517 0.999553 -0.0126986 0.0126987 0.999839 -0.0125987 0.0125988 0.999841 -0.00342708 -0.00342726 -0.999988 -0.00313337 -0.00313353 -0.99999 -0.000228105 -0.000228115 -1 -0.000374946 -0.000374962 -1 -0.707435 0.00830302 -0.70673 -0.707435 0.00821422 -0.706731 -0.707464 -8.11669e-05 -0.706749 -0.707464 -3.32837e-05 -0.706749 0.707003 -0.0160099 0.707029 0.707055 -0.0104794 0.707081 0.707089 0.00653008 -0.707095 0.707104 0.000722434 -0.70711 -0.707104 0.00701681 0.707075 -0.70712 0.001792 0.707091 -0.70743 -0.00681322 -0.70675 -0.707446 -0.0013348 -0.706766 -0.704436 -0.0869628 -0.70442 -0.705067 -0.0760511 -0.705051 -0.00271113 0.00271116 -0.999993 -0.00284629 0.00284632 -0.999992 0.000364039 -0.000364046 -1 0.000363917 -0.000363924 -1 -0.00383186 0.00383209 -0.999985 -0.00410217 0.00410242 -0.999983 -1 -8.22014e-07 -8.21988e-07 -1 -8.22534e-07 -8.22508e-07 -1 -9.24783e-07 -9.24753e-07 -1 -9.24262e-07 -9.24232e-07 -0.704646 0.0836999 0.704605 -0.705228 0.073251 0.705187 -0.00924698 -0.00924702 0.999915 -0.00892359 -0.00892363 0.99992 -0.00585904 -0.00585909 0.999966 -0.00602085 -0.0060209 0.999964 -0.00543539 -0.00543543 0.99997 -0.00543566 -0.00543571 0.99997 0.703775 -0.0967832 0.7038 0.704487 -0.0857931 0.704512 0.704113 0.0915321 -0.704164 0.704817 0.0799636 -0.704868 -1 1.72656e-05 -1.72662e-05 -1 1.72573e-05 -1.72579e-05 -1 1.56167e-05 -1.56173e-05 -1 1.56251e-05 -1.56256e-05 -0.00535256 -0.00535259 0.999971 -0.00535288 -0.00535292 0.999971 6.06517e-05 -6.06538e-05 -1 6.04224e-05 -6.04246e-05 -1 -1 1.4014e-05 0 -1 2.31453e-05 0 -1 2.6644e-05 0 -1 2.21707e-05 0 -1 0 -5.76035e-06 -1 0 -1.85654e-06 -1 0 -1.16479e-06 -1 0 -2.43239e-06 -1 -4.55056e-07 0 -1 -4.95462e-07 0 -1 -5.02706e-07 0 -1 -5.02708e-07 0 -1 0 -2.14648e-05 -1 0 -2.14648e-05 -1 0 -6.94184e-06 -1 0 -2.14428e-05 -5.02743e-13 6.92972e-05 -1 0 -0.000296494 -1 0 -0.000969629 -1 4.33817e-12 -7.74588e-05 -1 8.8926e-12 0.000101527 -1 2.33974e-11 0.00028589 -1 -1 2.2368e-14 5.78904e-05 -1 5.28569e-15 1.36786e-05 -1 0 -2.44154e-05 -1 0 -1.68032e-05 -1 0 -1.03948e-05 -1 0 -1.74709e-05 1.22944e-10 0.000588351 -1 2.75077e-11 0.000184593 -1 -1 1.10343e-13 0.000112091 -1 5.1845e-14 5.26662e-05 3.35298e-11 -0.000683025 -1 -1.08711e-10 0.00110149 -0.999999 0 0.00533858 -0.999986 0 0.000531562 -1 -1 -4.0505e-07 0 -1 -8.2589e-07 0 -1 -1.30913e-06 0 -1 -3.86634e-07 0 -1 2.65421e-05 0 -1 2.43228e-05 0 -1 2.20858e-05 0 -1 2.63358e-05 0 1.35496e-12 1.44701e-05 -1 -2.89932e-11 -0.000339357 -1 0 -0.000512958 -1 0 2.30534e-06 -1 0 0.0191494 0.999817 -1.65419e-08 0.0183868 0.999831 -3.24881e-07 0.369708 0.929148 0 0.0712533 0.997458 1.72725e-09 -0.00620759 0.999981 -1.82226e-09 -0.00775827 0.99997 -1.23192e-09 -0.00834718 0.999965 1.48434e-09 -0.00502401 0.999987 0.415394 0.184805 0.890671 0.477125 0.000341126 0.878836 0.700583 -0.0128256 -0.713456 0.700583 -0.0128256 -0.713455 0.700583 -0.0128256 -0.713456 -0.70812 0.00201288 0.706089 -0.70812 0.00201287 0.706089 -0.70812 0.00201287 0.706089 -0.704073 0.00602293 -0.710102 -0.704073 0.00602297 -0.710102 -0.704073 0.00602297 -0.710102 -0.671462 -0.0665557 -0.738044 -0.671462 -0.0665558 -0.738044 -0.671462 -0.0665557 -0.738044 -0.673703 0.0626394 0.736343 -0.673703 0.0626394 0.736343 -0.673703 0.0626394 0.736343 0.667515 -0.073412 0.740969 0.667515 -0.073412 0.740969 0.667515 -0.073412 0.740969 0.670622 0.0679845 -0.738677 0.670622 0.0679845 -0.738677 0.670622 0.0679845 -0.738677 -0.00219346 -0.00219365 0.999995 -0.00219331 -0.0021935 0.999995 -0.00217172 -0.0021719 0.999995 -0.00217178 -0.00217197 0.999995 0.697442 -0.165196 0.697342 0.697586 -0.163967 0.697487 0.697587 0.162869 0.697743 0.697914 0.160056 0.698068 -0.69807 0.161203 0.697648 -0.698385 0.158414 0.697971 -0.697297 -0.163818 0.697811 -0.697441 -0.162599 0.697952 0.00618909 -0.0061893 0.999962 0.00618916 -0.00618937 0.999962 0.00621016 -0.00621037 0.999961 0.00621002 -0.00621023 0.999961 1 0 -0.000111401 1 0 -0.000109813 1 0 -0.000108697 1 0 -0.000110285 1 0.000108716 8.47434e-08 1 0.000106302 8.28611e-08 1 0.000105089 8.19157e-08 1 0.000107503 8.37979e-08 1 -0.000111366 3.20899e-07 1 -0.000109385 3.1519e-07 1 -0.00010839 3.12323e-07 1 -0.000110371 3.18032e-07 1 0 0.000105079 1 0 0.000107009 1 0 0.000108361 1 0 0.000106431 7.45809e-09 -0.00703238 0.999975 -1.72093e-09 -0.00519686 0.999986 2.02581e-09 -0.00717759 0.999974 -8.1708e-10 -0.00578674 0.999983 1.10053e-10 0.00068377 1 5.15403e-09 -0.00391054 0.999992 2.13729e-08 -0.00824218 0.999966 -1.06933e-08 -0.00369612 0.999993 -2.13964e-09 -0.00756246 0.999971 1.28096e-08 -0.00751532 0.999972 -1.38955e-10 0.00407807 0.999992 6.11067e-10 0.00111765 0.999999 -0.999996 0.000780002 -0.00270393 -0.999996 0.000780002 -0.00270393 -0.999996 0.000780002 -0.00270393 0.748986 -0.0518061 0.660558 0.749023 -0.0508476 0.66059 0.73485 0.200393 0.647949 0.735083 0.198863 0.648156 0.00324405 -0.00159593 0.999994 0.00324328 -0.00159517 0.999993 0.00195112 -0.00288907 0.999994 0.00188714 -0.0030118 0.999994 0.00292822 0.00241607 0.999993 0.00292818 0.00241602 0.999993 -0.00288002 -0.00119818 0.999995 -0.00289215 -0.00120258 0.999995 -0.0119086 -0.00565636 0.999913 -0.0119036 -0.00565134 0.999913 0.000783871 -0.00631154 0.99998 0.000780635 -0.00630831 0.99998 -0.697922 -0.16617 0.69663 -0.698034 -0.165194 0.696749 -0.697465 0.159204 0.698711 -0.697725 0.156982 0.698954 0.00180317 -0.999998 0.000558983 0.00163992 -0.999999 0.000558948 0.00110911 -0.999999 0.000558834 0.00127209 -0.999999 0.000558869 -0.999994 0.000388411 0.00354277 -0.999999 0.000250763 0.00155635 -1 0.000248593 0.000479288 -0.999998 0.000389171 0.00197161 0.999995 3.15682e-06 -0.00306152 0.999989 -7.60486e-06 -0.00462383 0.99998 -1.04501e-05 -0.00635374 0.999991 4.29761e-06 -0.00416789 0.999997 1.45159e-05 -0.00262596 0.999995 1.71847e-05 -0.00310875 -3.97508e-09 0.00417064 0.999991 5.85325e-09 0.0114442 0.999934 3.74123e-09 -0.00469943 0.999989 2.06901e-09 0.00377077 0.999993 2.49063e-09 -0.00244091 0.999997 2.50312e-09 -0.00245264 0.999997 1.88451e-09 -0.00794294 0.999968 -1 9.96383e-06 0.000538122 -1 6.33075e-06 -4.41204e-05 -0.00827697 -0.999936 -0.0077858 -0.00832939 -0.999935 -0.0077858 -0.00850208 -0.999934 -0.00778579 -0.00844966 -0.999934 -0.00778579 -2.26476e-09 -0.00417901 0.999991 0.759839 -0.000782313 0.65011 0.759839 -0.000782305 0.65011 0.759839 -0.000782313 0.65011 </float_array>
          <technique_common>
            <accessor count="284" offset="0" source="#meshId0-tangents-array" stride="3">
              <param name="X" type="float" />
              <param name="Y" type="float" />
              <param name="Z" type="float" />
            </accessor>
          </technique_common>
        </source>
        <source id="meshId0-bitangents" name="meshId0-bitangents">
          <float_array id="meshId0-bitangents-array" count="852"> 0 -1.9111e-06 -1 0 -0.000957741 0.999999 0 -0.00222297 0.999997 0 -0.000721094 1 0 -0.00129563 0.999999 0 0.000828597 1 0 -2.66192e-05 1 -1.69305e-07 1 0.000521989 -1.69305e-07 1 0.000518638 -1.69305e-07 1 0.000514497 -1.69305e-07 1 0.000517828 0.999981 4.16046e-05 -0.00617506 0.999981 4.16486e-05 -0.00618161 0.999981 4.17647e-05 -0.00619889 0.999981 4.17207e-05 -0.00619234 -0.000513982 1 6.81905e-12 -0.000515292 1 6.83642e-12 -0.000518077 1 6.87337e-12 -0.000516767 1 6.856e-12 -1 1.1305e-07 -0.000168631 -1 1.10685e-07 -0.000165103 -1 1.04475e-07 -0.00015584 -1 1.0684e-07 -0.000159368 0.00333238 0.99999 -0.00284433 0.00332644 0.99999 -0.00284433 0.00331372 0.99999 -0.00284433 0.00331966 0.99999 -0.00284433 -0.697049 0.716971 0.00864864 -0.697049 0.716971 0.0086481 -0.703181 0.711006 0.00247063 -0.703182 0.711006 0.00247009 -8.14866e-05 -0.703416 -0.710778 -8.14767e-05 -0.703416 -0.710778 -7.94982e-05 -0.703416 -0.710778 -7.9508e-05 -0.703416 -0.710778 -0.0160815 0.999792 -0.0125366 0.0729805 0.992209 0.100967 0.00506852 0.999974 0.00514682 0.00501831 0.999974 0.00509573 0.707086 0.707127 0.000594812 0.707086 0.707127 0.000596644 0.707089 0.707124 0.000544491 0.707089 0.707124 0.000543548 0.0125662 0.999842 -0.0125653 0.0124328 0.999846 -0.0124319 3.59198e-05 1 -3.59223e-05 0.000105016 1 -0.000105014 0.00200026 0.999996 -0.00200021 0.00201817 0.999996 -0.00201812 0.00367297 0.999987 -0.00367285 0.00367451 0.999987 -0.00367438 -5.08768e-07 0.707119 -0.707095 -5.08768e-07 0.707119 -0.707095 -5.08768e-07 0.707119 -0.707095 -5.08768e-07 0.707119 -0.707095 -0.706798 0.706795 -0.0296305 -0.706792 0.706789 -0.029913 -0.70699 0.706995 -0.0179586 -0.706992 0.706997 -0.0178174 0.70708 0.707116 -0.00484675 0.707082 0.707118 -0.00443137 0.707091 0.707123 -0.000322596 0.707091 0.707122 -0.000530265 0.00587378 0.999966 0.00586846 0.00581096 0.999966 0.0058057 -5.74294e-05 1 -5.73579e-05 -2.35404e-05 1 -2.35299e-05 0.0113205 0.999872 0.0113209 0.00740995 0.999945 0.00741022 -0.00461779 0.999979 0.00461714 -0.000511183 1 0.000510494 0.00496174 0.999975 -0.00496153 0.00126716 0.999998 -0.00126711 -0.00481979 0.999977 -0.00481556 -0.000944097 0.999999 -0.00094359 -0.0614927 0.996211 -0.0614913 -0.0537768 0.997104 -0.0537756 -0.707098 0.707106 0.00383414 -0.707097 0.707105 0.00402528 -0.7071 0.707113 -0.000514834 -0.7071 0.707113 -0.000514661 -0.707075 0.707117 0.00541923 -0.707074 0.707116 0.00580152 -1.16248e-06 0.707118 0.707095 -1.16322e-06 0.707118 0.707095 -1.30782e-06 0.707118 0.707095 -1.30708e-06 0.707118 0.707095 0.0591865 0.996491 -0.059183 0.0517978 0.997313 -0.0517948 0.707045 0.707048 0.0130772 0.707049 0.707052 0.0126199 0.70708 0.707085 0.00828597 0.707078 0.707084 0.00851481 0.707083 0.707089 0.00768683 0.707083 0.707089 0.00768722 0.0684348 0.995306 0.0684373 0.0606638 0.996313 0.060666 -0.0647206 0.995802 0.0647253 -0.0565408 0.996798 0.0565449 -2.44177e-05 -0.707094 0.70712 -2.44059e-05 -0.707094 0.70712 -2.20858e-05 -0.707094 0.70712 -2.20976e-05 -0.707094 0.70712 0.707084 0.707089 0.00756969 0.707084 0.707089 0.00757015 -0.707094 0.707119 -8.57759e-05 -0.707094 0.707119 -8.54517e-05 -1.4014e-05 -1 0 -2.31453e-05 -1 0 -2.6644e-05 -1 0 -2.21707e-05 -1 0 -5.76035e-06 0 1 -1.85654e-06 0 1 -1.16479e-06 0 1 -2.43239e-06 0 1 -4.55056e-07 1 0 -4.95462e-07 1 0 -5.02706e-07 1 0 -5.02708e-07 1 0 2.14648e-05 0 -1 2.14648e-05 0 -1 6.94184e-06 0 -1 2.14428e-05 0 -1 -7.25488e-09 1 6.92971e-05 0 1 -0.000296494 0 1 -0.000969629 -5.60062e-08 1 -7.74588e-05 8.75885e-08 1 0.000101527 8.18405e-08 1 0.00028589 -5.78904e-05 -3.86385e-10 -1 -1.36786e-05 -3.86419e-10 -1 -2.44154e-05 0 1 -1.68032e-05 0 1 -1.03948e-05 0 1 -1.74709e-05 0 1 2.08965e-07 1 0.000588351 1.49018e-07 1 0.000184593 -0.000112091 -9.84407e-10 -1 -5.26662e-05 -9.84407e-10 -1 -4.90902e-08 1 -0.000683025 -9.86945e-08 0.999999 0.00110149 -0 0.999986 0.00533858 -0 1 0.000531562 -4.0505e-07 1 0 -8.2589e-07 1 0 -1.30913e-06 1 0 -3.86634e-07 1 0 -2.65421e-05 -1 0 -2.43228e-05 -1 0 -2.20858e-05 -1 0 -2.63358e-05 -1 0 9.36388e-08 1 1.44701e-05 8.54358e-08 1 -0.000339357 0 1 -0.000512958 -0 1 2.30534e-06 0 0.999817 -0.0191494 -8.9951e-07 0.999831 -0.0183868 -8.1649e-07 0.929148 -0.369708 0 0.997458 -0.0712533 -2.78243e-07 0.999981 0.00620759 2.34873e-07 0.99997 0.00775827 1.47579e-07 0.999965 0.00834718 -2.95446e-07 0.999987 0.00502401 -0.35895 0.93299 -0.0261776 -0.271568 0.951116 0.147066 0.419322 0.816392 0.39708 0.419322 0.816392 0.39708 0.419322 0.816392 0.397081 -0.406495 0.816498 -0.409992 -0.406495 0.816498 -0.409992 -0.406495 0.816498 -0.409992 0.413445 0.816484 -0.40301 0.413445 0.816484 -0.40301 0.413445 0.816484 -0.40301 -0.46453 0.813785 0.349237 -0.46453 0.813785 0.349237 -0.46453 0.813785 0.349237 0.461293 0.81409 0.352798 0.461293 0.81409 0.352798 0.461293 0.81409 0.352798 0.470184 0.813187 -0.343007 0.470184 0.813187 -0.343007 0.470184 0.813187 -0.343007 -0.465732 0.813653 -0.347939 -0.465732 0.813653 -0.347939 -0.465732 0.813653 -0.347939 0.707073 0.707134 0.00310215 0.707073 0.707134 0.00310194 0.707073 0.707134 0.0030714 0.707073 0.707134 0.00307149 0.116425 0.98626 0.117198 0.115556 0.986465 0.116329 -0.115548 0.986648 -0.114784 -0.113559 0.987108 -0.112794 0.112563 0.986919 -0.115413 0.11059 0.987371 -0.113442 -0.117255 0.986488 0.114419 -0.116393 0.98669 0.113557 -0.707068 0.707092 0.00875285 -0.707068 0.707092 0.00875294 -0.707068 0.707092 0.00878264 -0.707068 0.707092 0.00878244 -0.000111401 0 -1 -0.000109813 0 -1 -0.000108697 0 -1 -0.000110285 0 -1 -0.000108716 1 0.000779491 -0.000106302 1 0.000779491 -0.000105089 1 0.000779491 -0.000107503 1 0.000779491 -0.000111367 -0.999996 0.00288146 -0.000109386 -0.999996 0.00288146 -0.00010839 -0.999996 0.00288146 -0.000110372 -0.999996 0.00288146 -0.000105079 0 1 -0.000107009 0 1 -0.000108361 0 1 -0.000106431 0 1 -1.06051e-06 0.999975 0.00703238 3.31144e-07 0.999986 0.00519686 -2.82234e-07 0.999974 0.00717759 1.41196e-07 0.999983 0.00578674 1.6095e-07 1 -0.00068377 -1.31798e-06 0.999992 0.00391054 -2.59303e-06 0.999966 0.00824217 2.8931e-06 0.999993 0.00369612 2.8292e-07 0.999971 0.00756246 -1.70442e-06 0.999972 0.00751532 -3.40735e-08 0.999992 -0.00407807 5.4674e-07 0.999999 -0.00111765 0.00270393 -2.10908e-06 -0.999996 0.00270393 -2.10908e-06 -0.999996 0.00270393 -2.10908e-06 -0.999996 0.0391337 0.998657 0.03395 0.0384148 0.998706 0.033316 -0.150023 0.979716 -0.132856 -0.148875 0.980027 -0.131844 -0.70747 0.706735 0.00342299 -0.70747 0.706735 0.00342191 -0.707448 0.706757 0.0034222 -0.707447 0.706758 0.00346369 0.676961 0.736009 -0.00376057 0.676961 0.736009 -0.0037605 0.68798 0.725724 0.00285095 0.688015 0.725691 0.00286255 0.706991 0.707113 0.0124201 0.706992 0.707113 0.012413 -0.707409 0.706787 0.00501553 -0.707409 0.706787 0.00501096 -0.113654 0.986082 0.121349 -0.112963 0.986246 0.12066 0.116427 0.98723 -0.108724 0.114858 0.987586 -0.107152 0.999998 0.00180329 0.000214787 0.999999 0.00164004 0.000214878 0.999999 0.00110923 0.000215175 0.999999 0.00127221 0.000215084 0.00354258 -0.000483848 0.999994 0.00155685 0.00201479 0.999997 0.000479788 0.00201506 0.999998 0.00197143 -0.000483238 0.999998 0.00306152 -0.00103112 0.999995 0.00462383 0.00164469 0.999988 0.00635375 0.00164468 0.999978 0.00416789 -0.00103112 0.999991 0.002626 -0.00552774 0.999981 0.0031088 -0.00552773 0.99998 -9.53101e-07 0.999991 -0.00417064 5.11427e-07 0.999934 -0.0114442 -7.96094e-07 0.999989 0.00469943 5.48693e-07 0.999993 -0.00377077 -1.02037e-06 0.999997 0.00244091 -1.02058e-06 0.999997 0.00245264 -2.37249e-07 0.999968 0.00794293 0.000538174 0.00623967 0.99998 -4.40801e-05 0.00623967 0.999981 -0.999966 0.00827677 5.7443e-05 -0.999965 0.00832919 5.78512e-05 -0.999964 0.00850188 5.91958e-05 -0.999964 0.00844946 5.87876e-05 5.41933e-07 0.999991 0.00417901 0.196586 0.953461 -0.228619 0.196586 0.953461 -0.228619 0.196586 0.953461 -0.228619 </float_array>
          <technique_common>
            <accessor count="284" offset="0" source="#meshId0-bitangents-array" stride="3">
              <param name="X" type="float" />
              <param name="Y" type="float" />
              <param name="Z" type="float" />
            </accessor>
          </technique_common>
        </source>
        <source id="meshId0-tex0" name="meshId0-tex0">
          <float_array id="meshId0-tex0-array" count="568"> 0.118364 0.0913909 0.118366 0.0914634 0.0862666 0.0914271 0.118598 0.159617 0.0858599 0.159579 0.118534 0.200041 0.0858654 0.20032 0.493956 0.744084 0.526735 0.743881 0.526716 0.782934 0.493826 0.782939 0.493509 0.672984 0.526297 0.672782 0.526735 0.743881 0.493956 0.744084 0.597829 0.743918 0.597823 0.782971 0.526716 0.782934 0.526735 0.743881 0.526724 0.854036 0.493842 0.854042 0.493826 0.782939 0.526716 0.782934 0.422718 0.782702 0.422861 0.743849 0.493956 0.744084 0.493826 0.782939 0.354188 0.700208 0.353044 0.702344 0.221625 0.701178 0.221627 0.699045 0.996301 0.726373 0.996278 0.727953 0.791092 0.727953 0.791093 0.726323 0.353982 0.704595 0.356112 0.702166 0.355692 0.829602 0.353568 0.829587 0.00521499 0.39633 0.00511903 0.394229 0.137024 0.394127 0.137025 0.396252 0.003176 0.396292 0.00521499 0.39633 0.00520164 0.523321 0.00307733 0.523311 0.00218946 0.702296 0.00429136 0.70229 0.00564545 0.828218 0.00354046 0.828229 0.996205 0.00251925 0.996205 0.00414833 0.791165 0.00414823 0.791165 0.00251915 0.00429136 0.70229 0.00407386 0.700197 0.0168792 0.699792 0.016891 0.701925 0.353875 0.39412 0.353705 0.3962 0.341201 0.396188 0.341201 0.394061 0.353705 0.3962 0.355825 0.396182 0.355874 0.523258 0.353748 0.523353 0.354124 0.986168 0.352002 0.986146 0.00522304 0.68027 0.00309622 0.68027 0.00578845 0.983651 0.00368381 0.983646 0.355845 0.680477 0.353716 0.680484 0.35568 0.691029 0.353611 0.690841 0.341062 0.690908 0.341061 0.693033 0.137529 0.692835 0.13753 0.69071 0.353611 0.690841 0.35376 0.692919 0.791141 0.231577 0.791142 0.229947 0.996228 0.229947 0.996228 0.231577 0.00582373 0.993875 0.00377423 0.99405 0.00566369 0.995931 0.00582373 0.993875 0.0182266 0.993985 0.0182096 0.99609 0.219936 0.995554 0.21992 0.997665 0.353972 0.996761 0.351907 0.996551 0.00523746 0.690703 0.00316697 0.690898 0.99623 0.498914 0.996229 0.500543 0.791135 0.500539 0.791135 0.498909 0.351907 0.996551 0.351906 0.998666 0.00522119 0.692823 0.00523746 0.690703 0.996301 0.726373 0.791093 0.726323 0.791128 0.62889 0.996226 0.628896 0.996232 0.241267 0.791138 0.241267 0.791141 0.231577 0.996228 0.231577 0.996211 0.101567 0.791159 0.101567 0.791165 0.00414823 0.996205 0.00414833 0.996383 0.995669 0.79097 0.995674 0.79097 0.986063 0.996382 0.986058 0.341226 0.524143 0.341201 0.396188 0.353705 0.3962 0.353748 0.523353 0.137065 0.52419 0.137025 0.396252 0.791009 0.829216 0.996333 0.829222 0.99623 0.498914 0.791135 0.498909 0.791134 0.397416 0.996234 0.397419 0.00521499 0.39633 0.00520164 0.523321 0.791092 0.727953 0.996278 0.727953 0.341069 0.680556 0.353716 0.680484 0.353611 0.690841 0.341062 0.690908 0.791145 0.221939 0.996225 0.221939 0.996228 0.229947 0.791142 0.229947 0.996226 0.508554 0.791138 0.508548 0.791135 0.500539 0.996229 0.500543 0.00522304 0.68027 0.137537 0.680357 0.13753 0.69071 0.00523746 0.690703 0.00429136 0.70229 0.016891 0.701925 0.0169143 0.715763 0.0165787 0.716326 0.353568 0.829587 0.352002 0.986146 0.345042 0.976924 0.346428 0.838795 0.353044 0.702344 0.354188 0.700208 0.00521499 0.39633 0.003176 0.396292 0.00511903 0.394229 0.00218946 0.702296 0.00407386 0.700197 0.00429136 0.70229 0.353875 0.39412 0.355825 0.396182 0.353705 0.3962 0.35568 0.691029 0.35376 0.692919 0.353611 0.690841 0.00582373 0.993875 0.00566369 0.995931 0.00377423 0.99405 0.353972 0.996761 0.351906 0.998666 0.351907 0.996551 0.00523746 0.690703 0.00522119 0.692823 0.00316697 0.690898 0.0181568 0.829281 0.0170653 0.828137 0.221805 0.828685 0.220704 0.829828 0.0170653 0.828137 0.0181568 0.829281 0.0184689 0.983504 0.0173736 0.984642 0.220704 0.829828 0.221805 0.828685 0.220931 0.986201 0.219846 0.985051 0.0173736 0.984642 0.0184689 0.983504 0.219846 0.985051 0.220931 0.986201 0.602966 0.618982 0.783319 0.618962 0.783334 0.75559 0.602981 0.75561 0.602981 0.75561 0.783334 0.75559 0.783346 0.860101 0.602992 0.86012 0.783319 0.618962 0.602966 0.618982 0.602955 0.514472 0.783309 0.514452 0.602992 0.86012 0.783346 0.860101 0.78336 0.996346 0.603007 0.996366 0.220931 0.986201 0.221805 0.828685 0.229379 0.838795 0.228638 0.976138 0.00578845 0.983651 0.0173736 0.984642 0.0182266 0.993985 0.00582373 0.993875 0.351907 0.996551 0.219936 0.995554 0.00564545 0.828218 0.0170653 0.828137 0.2029 0.0912003 0.118366 0.0914634 0.118364 0.0913909 0.0165787 0.716326 0.0171129 0.716457 0.0181425 0.813013 0.0176213 0.813603 0.0176213 0.813603 0.0181425 0.813013 0.220934 0.813796 0.220961 0.81445 0.0171129 0.716457 0.0169143 0.715763 0.221613 0.714912 0.221612 0.715568 0.343203 0.716695 0.342653 0.717261 0.343048 0.813914 0.343599 0.814485 0.343599 0.814485 0.343048 0.813914 0.342653 0.717261 0.343203 0.716695 0.0858495 0.00716031 0.118406 0.00710157 0.118364 0.0913909 0.0862666 0.0914271 0.2029 0.0912003 0.203131 0.159551 0.118598 0.159617 0.118366 0.0914634 0.0012098 0.159299 0.00163728 0.0908913 0.0862666 0.0914271 0.0858599 0.159579 0.00105876 0.200097 0.0858654 0.20032 0.353044 0.702344 0.353982 0.704595 0.343203 0.716695 0.0176213 0.813603 0.221625 0.701178 0.221613 0.714912 0.343599 0.814485 0.203174 0.200044 0.118534 0.200041 0.119298 0.285565 0.0865526 0.285836 0.0858654 0.20032 0.118534 0.200041 0.220961 0.81445 0.0165787 0.716326 0.0169143 0.715763 0.0171129 0.716457 </float_array>
          <technique_common>
            <accessor count="284" offset="0" source="#meshId0-tex0-array" stride="2">
              <param name="S" type="float" />
              <param name="T" type="float" />
            </accessor>
          </technique_common>
        </source>
        <vertices id="meshId0-vertices">
          <input semantic="POSITION" source="#meshId0-positions" />
        </vertices>
        <polylist count="194" material="defaultMaterial">
          <input offset="0" semantic="VERTEX" source="#meshId0-vertices" />
          <input offset="0" semantic="NORMAL" source="#meshId0-normals" />
          <input offset="0" semantic="TANGENT" source="#meshId0-tangents" />
          <input offset="0" semantic="BINORMAL" source="#meshId0-bitangents" />
          <input offset="0" semantic="TEXCOORD" source="#meshId0-tex0" set="0" />
          <vcount>3 3 3 3 3 3 3 3 3 3 3 3 3 3 3 3 3 3 3 3 3 3 3 3 3 3 3 3 3 3 3 3 3 3 3 3 3 3 3 3 3 3 3 3 3 3 3 3 3 3 3 3 3 3 3 3 3 3 3 3 3 3 3 3 3 3 3 3 3 3 3 3 3 3 3 3 3 3 3 3 3 3 3 3 3 3 3 3 3 3 3 3 3 3 3 3 3 3 3 3 3 3 3 3 3 3 3 3 3 3 3 3 3 3 3 3 3 3 3 3 3 3 3 3 3 3 3 3 3 3 3 3 3 3 3 3 3 3 3 3 3 3 3 3 3 3 3 3 3 3 3 3 3 3 3 3 3 3 3 3 3 3 3 3 3 3 3 3 3 3 3 3 3 3 3 3 3 3 3 3 3 3 3 3 3 3 3 3 3 3 3 3 3 3 </vcount>
          <p>0 1 2 4 2 1 1 3 4 6 4 3 3 5 6 10 7 8 8 9 10 14 11 12 12 13 14 18 15 16 16 17 18 22 19 20 20 21 22 26 23 24 24 25 26 30 27 28 28 29 30 34 31 32 32 33 34 38 35 36 36 37 38 42 39 40 40 41 42 46 43 44 44 45 46 50 47 48 48 49 50 54 51 52 52 53 54 58 55 56 56 57 58 62 59 60 60 61 62 66 63 64 64 65 66 68 38 37 37 67 68 70 46 45 45 69 70 72 50 49 49 71 72 74 66 65 65 73 74 29 58 57 57 30 29 41 62 61 61 42 41 76 74 73 73 75 76 80 77 78 78 79 80 82 78 77 77 81 82 86 83 84 84 85 86 88 72 71 71 87 88 92 89 90 90 91 92 94 92 91 91 93 94 96 68 67 67 95 96 98 70 69 69 97 98 102 99 100 100 101 102 93 103 104 104 94 93 79 105 106 106 80 79 110 107 108 108 109 110 114 111 112 112 113 114 118 115 116 116 117 118 122 119 120 120 121 122 126 123 124 124 125 126 123 127 128 128 124 123 130 122 121 121 129 130 134 131 132 132 133 134 136 135 128 128 127 136 138 130 129 129 137 138 142 139 140 140 141 142 146 143 144 144 145 146 150 147 148 148 149 150 154 151 152 152 153 154 139 123 126 126 140 139 143 116 115 115 144 143 147 110 109 109 148 147 151 136 127 127 152 151 133 112 111 111 134 133 152 139 142 142 153 152 158 155 156 156 157 158 162 159 160 160 161 162 35 163 164 164 36 35 165 166 167 168 169 170 171 172 173 174 175 176 177 178 179 180 181 182 183 184 185 189 186 187 187 188 189 193 190 191 191 192 193 197 194 195 195 196 197 201 198 199 199 200 201 205 202 203 203 204 205 209 206 207 207 208 209 213 210 211 211 212 213 217 214 215 215 216 217 221 218 219 219 220 221 225 222 223 223 224 225 227 218 160 160 226 227 222 228 229 229 223 222 227 224 223 223 218 227 220 219 159 159 162 220 161 160 218 218 221 161 230 231 232 236 233 234 234 235 236 240 237 238 238 239 240 244 241 242 242 243 244 246 244 243 243 245 246 248 240 239 239 247 248 252 249 250 250 251 252 256 253 254 254 255 256 260 257 258 258 259 260 264 261 262 262 263 264 266 265 261 261 264 266 267 268 269 270 228 155 155 158 270 157 156 271 271 272 157 272 271 267 267 269 272 269 268 159 159 273 269 259 258 274 274 275 259 279 276 277 277 278 279 280 219 229 229 270 280 229 228 270 273 159 219 219 280 273 281 282 283 </p>
        </polylist>
      </mesh>
    </geometry>
    <geometry id="meshId1" name="meshId1_name" >
      <mesh>
        <source id="meshId1-positions" name="meshId1-positions">
          <float_array id="meshId1-positions-array" count="72"> -0.726993 -0.0592966 0.947697 -0.697538 -0.0592966 0.947697 -0.697538 0.725757 0.947697 -0.726993 0.725757 0.947697 -0.726993 0.725757 0.947697 -0.697538 0.725757 0.947697 -0.697538 0.725757 0.291135 -0.726993 0.725757 0.291135 -0.726993 0.725757 0.291135 -0.697538 0.725757 0.291135 -0.697538 -0.0592966 0.291135 -0.726993 -0.0592966 0.291135 -0.726993 -0.0592966 0.291135 -0.697538 -0.0592966 0.291135 -0.697538 -0.0592966 0.947697 -0.726993 -0.0592966 0.947697 -0.697538 -0.0592966 0.947697 -0.697538 -0.0592966 0.291135 -0.697538 0.725757 0.291135 -0.697538 0.725757 0.947697 -0.726993 -0.0592966 0.291135 -0.726993 -0.0592966 0.947697 -0.726993 0.725757 0.947697 -0.726993 0.725757 0.291135 </float_array>
          <technique_common>
            <accessor count="24" offset="0" source="#meshId1-positions-array" stride="3">
              <param name="X" type="float" />
              <param name="Y" type="float" />
              <param name="Z" type="float" />
            </accessor>
          </technique_common>
        </source>
        <source id="meshId1-normals" name="meshId1-normals">
          <float_array id="meshId1-normals-array" count="72"> 0 0 1 0 0 1 0 0 1 0 0 1 0 1 0 0 1 0 0 1 0 0 1 0 0 0 -1 0 0 -1 0 0 -1 0 0 -1 0 -1 0 0 -1 0 0 -1 0 0 -1 0 1 0 0 1 0 0 1 0 0 1 0 0 -1 0 0 -1 0 0 -1 0 0 -1 0 0 </float_array>
          <technique_common>
            <accessor count="24" offset="0" source="#meshId1-normals-array" stride="3">
              <param name="X" type="float" />
              <param name="Y" type="float" />
              <param name="Z" type="float" />
            </accessor>
          </technique_common>
        </source>
        <source id="meshId1-tangents" name="meshId1-tangents">
          <float_array id="meshId1-tangents-array" count="72"> 3.04831e-06 1 0 3.07257e-06 1 0 4.06452e-06 1 0 4.04026e-06 1 0 1 0 2.57807e-05 1 0 2.65902e-05 1 0 5.41395e-05 1 0 5.33301e-05 -2.0321e-06 1 0 -2.12914e-06 1 0 -6.09695e-06 1 0 -5.9999e-06 1 0 -1 0 -4.12491e-05 -1 0 -4.00718e-05 -1 0 0 -1 0 -1.17734e-06 0 1 -4.06452e-06 0 1 -4.06452e-06 0 1 -4.06452e-06 0 1 -4.06452e-06 0 1 2.03226e-06 0 1 2.48282e-06 0 1 3.04839e-06 0 1 2.59783e-06 </float_array>
          <technique_common>
            <accessor count="24" offset="0" source="#meshId1-tangents-array" stride="3">
              <param name="X" type="float" />
              <param name="Y" type="float" />
              <param name="Z" type="float" />
            </accessor>
          </technique_common>
        </source>
        <source id="meshId1-bitangents" name="meshId1-bitangents">
          <float_array id="meshId1-bitangents-array" count="72"> -1 3.04831e-06 0 -1 3.07257e-06 0 -1 4.06452e-06 0 -1 4.04026e-06 0 2.57807e-05 0 -1 2.65902e-05 0 -1 5.41395e-05 0 -1 5.33301e-05 0 -1 1 2.0321e-06 0 1 2.12914e-06 0 1 6.09695e-06 0 1 5.9999e-06 0 4.12491e-05 0 -1 4.00718e-05 0 -1 -0 -0 -1 1.17734e-06 0 -1 -0 4.06452e-06 1 -0 4.06452e-06 1 -0 4.06452e-06 1 -0 4.06452e-06 1 0 2.03226e-06 -1 0 2.48282e-06 -1 0 3.04839e-06 -1 0 2.59783e-06 -1 </float_array>
          <technique_common>
            <accessor count="24" offset="0" source="#meshId1-bitangents-array" stride="3">
              <param name="X" type="float" />
              <param name="Y" type="float" />
              <param name="Z" type="float" />
            </accessor>
          </technique_common>
        </source>
        <source id="meshId1-tex0" name="meshId1-tex0">
          <float_array id="meshId1-tex0-array" count="48"> 0.368693 0.891917 0.368694 0.887515 0.486011 0.887516 0.486011 0.891917 0.486011 0.891917 0.490413 0.891917 0.490412 0.990033 0.48601 0.990033 0.48601 0.990033 0.48601 0.994435 0.368693 0.994434 0.368694 0.990033 0.368694 0.990033 0.364292 0.990033 0.364292 0.891917 0.368693 0.891917 0.368694 0.887515 0.368694 0.7894 0.486011 0.7894 0.486011 0.887516 0.368694 0.990033 0.368693 0.891917 0.486011 0.891917 0.48601 0.990033 </float_array>
          <technique_common>
            <accessor count="24" offset="0" source="#meshId1-tex0-array" stride="2">
              <param name="S" type="float" />
              <param name="T" type="float" />
            </accessor>
          </technique_common>
        </source>
        <vertices id="meshId1-vertices">
          <input semantic="POSITION" source="#meshId1-positions" />
        </vertices>
        <polylist count="12" material="defaultMaterial">
          <input offset="0" semantic="VERTEX" source="#meshId1-vertices" />
          <input offset="0" semantic="NORMAL" source="#meshId1-normals" />
          <input offset="0" semantic="TANGENT" source="#meshId1-tangents" />
          <input offset="0" semantic="BINORMAL" source="#meshId1-bitangents" />
          <input offset="0" semantic="TEXCOORD" source="#meshId1-tex0" set="0" />
          <vcount>3 3 3 3 3 3 3 3 3 3 3 3 </vcount>
          <p>3 0 1 1 2 3 7 4 5 5 6 7 11 8 9 9 10 11 15 12 13 13 14 15 19 16 17 17 18 19 23 20 21 21 22 23 </p>
        </polylist>
      </mesh>
    </geometry>
    <geometry id="meshId2" name="meshId2_name" >
      <mesh>
        <source id="meshId2-positions" name="meshId2-positions">
          <float_array id="meshId2-positions-array" count="360"> 0.68781 -0.758256 0.916889 0.687807 -0.758256 -0.911478 0.687807 -0.223776 -0.911478 0.68781 -0.223776 0.916889 0.623237 -0.706661 0.842698 0.623236 -0.706661 -0.837288 -0.640532 -0.706661 -0.837289 -0.640531 -0.706661 0.842698 -0.729171 -0.223776 0.916889 -0.729172 -0.223776 -0.911479 -0.729172 -0.758256 -0.911479 -0.729171 -0.758256 0.916889 -0.729171 -0.758256 0.916889 -0.729172 -0.758256 -0.911479 0.687807 -0.758256 -0.911478 0.68781 -0.758256 0.916889 0.661791 -0.507422 -0.921978 -0.624802 -0.507422 -0.921979 -0.624802 -0.47461 -0.921979 0.661791 -0.47461 -0.921978 -0.624801 -0.507422 0.927389 0.661792 -0.507422 0.927389 0.661792 -0.47461 0.927389 -0.624801 -0.47461 0.927389 0.68781 -0.223776 0.916889 0.687807 -0.223776 -0.911478 0.623236 -0.219534 -0.837288 0.623237 -0.219534 0.842698 0.687807 -0.223776 -0.911478 -0.729172 -0.223776 -0.911479 -0.640532 -0.219534 -0.837289 0.623236 -0.219534 -0.837288 -0.729172 -0.223776 -0.911479 -0.729171 -0.223776 0.916889 -0.640531 -0.219534 0.842698 -0.640532 -0.219534 -0.837289 -0.729171 -0.223776 0.916889 0.68781 -0.223776 0.916889 0.623237 -0.219534 0.842698 -0.640531 -0.219534 0.842698 0.623237 -0.219534 0.842698 0.623236 -0.219534 -0.837288 0.623236 -0.706661 -0.837288 0.623237 -0.706661 0.842698 0.623236 -0.219534 -0.837288 -0.640532 -0.219534 -0.837289 -0.640532 -0.706661 -0.837289 0.623236 -0.706661 -0.837288 -0.640532 -0.219534 -0.837289 -0.640531 -0.219534 0.842698 -0.640531 -0.706661 0.842698 -0.640532 -0.706661 -0.837289 -0.640531 -0.219534 0.842698 0.623237 -0.219534 0.842698 0.623237 -0.706661 0.842698 -0.640531 -0.706661 0.842698 0.687807 -0.758256 -0.911478 -0.729172 -0.758256 -0.911479 -0.6248 -0.507422 -0.911479 0.661791 -0.507422 -0.911478 -0.729172 -0.758256 -0.911479 -0.729172 -0.223776 -0.911479 -0.6248 -0.47461 -0.911479 -0.6248 -0.507422 -0.911479 -0.729172 -0.223776 -0.911479 0.687807 -0.223776 -0.911478 0.661791 -0.47461 -0.911478 -0.6248 -0.47461 -0.911479 0.687807 -0.223776 -0.911478 0.687807 -0.758256 -0.911478 0.661791 -0.507422 -0.911478 0.661791 -0.47461 -0.911478 -0.729171 -0.758256 0.916889 0.68781 -0.758256 0.916889 0.661792 -0.507422 0.916889 -0.624801 -0.507422 0.916889 0.68781 -0.758256 0.916889 0.68781 -0.223776 0.916889 0.661792 -0.47461 0.916889 0.661792 -0.507422 0.916889 0.68781 -0.223776 0.916889 -0.729171 -0.223776 0.916889 -0.624801 -0.47461 0.916889 0.661792 -0.47461 0.916889 -0.729171 -0.223776 0.916889 -0.729171 -0.758256 0.916889 -0.624801 -0.507422 0.916889 -0.624801 -0.47461 0.916889 0.661791 -0.507422 -0.911478 -0.6248 -0.507422 -0.911479 -0.624802 -0.507422 -0.921979 0.661791 -0.507422 -0.921978 -0.6248 -0.507422 -0.911479 -0.6248 -0.47461 -0.911479 -0.624802 -0.47461 -0.921979 -0.624802 -0.507422 -0.921979 -0.6248 -0.47461 -0.911479 0.661791 -0.47461 -0.911478 0.661791 -0.47461 -0.921978 -0.624802 -0.47461 -0.921979 0.661791 -0.47461 -0.911478 0.661791 -0.507422 -0.911478 0.661791 -0.507422 -0.921978 0.661791 -0.47461 -0.921978 -0.624801 -0.507422 0.916889 0.661792 -0.507422 0.916889 0.661792 -0.507422 0.927389 -0.624801 -0.507422 0.927389 0.661792 -0.507422 0.916889 0.661792 -0.47461 0.916889 0.661792 -0.47461 0.927389 0.661792 -0.507422 0.927389 0.661792 -0.47461 0.916889 -0.624801 -0.47461 0.916889 -0.624801 -0.47461 0.927389 0.661792 -0.47461 0.927389 -0.624801 -0.47461 0.916889 -0.624801 -0.507422 0.916889 -0.624801 -0.507422 0.927389 -0.624801 -0.47461 0.927389 </float_array>
          <technique_common>
            <accessor count="120" offset="0" source="#meshId2-positions-array" stride="3">
              <param name="X" type="float" />
              <param name="Y" type="float" />
              <param name="Z" type="float" />
            </accessor>
          </technique_common>
        </source>
        <source id="meshId2-normals" name="meshId2-normals">
          <float_array id="meshId2-normals-array" count="360"> 1 0 -1.60492e-06 1 0 -1.60492e-06 1 0 -1.60492e-06 1 0 -1.60492e-06 0 1 5.31582e-09 0 1 5.31582e-09 0 1 5.31582e-09 0 1 5.31582e-09 -1 0 8.0246e-08 -1 0 8.0246e-08 -1 0 8.0246e-08 -1 0 8.0246e-08 0 -1 2.17814e-09 0 -1 2.17814e-09 0 -1 2.17814e-09 0 -1 2.17814e-09 6.68375e-07 0 -1 6.68375e-07 0 -1 6.68375e-07 0 -1 6.68375e-07 0 -1 0 0 1 0 0 1 0 0 1 0 0 1 0.0320578 0.999059 0.0292133 0.0320573 0.999059 -0.0292143 0.0358998 0.999021 -0.0258678 0.0358994 0.999021 0.0258676 0.0320573 0.999059 -0.0292143 -0.0316613 0.999312 -0.019302 -0.0283042 0.999327 -0.0233138 0.0358998 0.999021 -0.0258678 -0.0316613 0.999312 -0.019302 -0.0316613 0.999312 0.0193018 -0.0283041 0.999327 0.0233135 -0.0283042 0.999327 -0.0233138 -0.0316613 0.999312 0.0193018 0.0320578 0.999059 0.0292133 0.0358994 0.999021 0.0258676 -0.0283041 0.999327 0.0233135 -1 0 3.49334e-07 -1 0 3.49334e-07 -1 0 3.49334e-07 -1 0 3.49334e-07 -1.02665e-06 0 1 -1.02665e-06 0 1 -1.02665e-06 0 1 -1.02665e-06 0 1 1 0 -8.73335e-07 1 0 -8.73335e-07 1 0 -8.73335e-07 1 0 -8.73335e-07 0 0 -1 0 0 -1 0 0 -1 0 0 -1 1.3314e-07 -3.39049e-08 -1 1.3314e-07 -3.39049e-08 -1 1.3314e-07 -3.39049e-08 -1 1.3314e-07 -3.39049e-08 -1 0 0 -1 0 0 -1 0 0 -1 0 0 -1 1.3314e-07 3.39049e-08 -1 1.3314e-07 3.39049e-08 -1 1.3314e-07 3.39049e-08 -1 1.3314e-07 3.39049e-08 -1 6.11776e-06 0 -1 6.11776e-06 0 -1 6.11776e-06 0 -1 6.11776e-06 0 -1 0 0 1 0 0 1 0 0 1 0 0 1 -4.58796e-06 0 1 -4.58796e-06 0 1 -4.58796e-06 0 1 -4.58796e-06 0 1 0 0 1 0 0 1 0 0 1 0 0 1 1.1437e-06 0 1 1.1437e-06 0 1 1.1437e-06 0 1 1.1437e-06 0 1 0 -1 0 0 -1 0 0 -1 0 0 -1 0 -1 0 0.000139727 -1 0 0.000139727 -1 0 0.000139727 -1 0 0.000139727 0 1 -3.63416e-07 0 1 -3.63416e-07 0 1 -3.63416e-07 0 1 -3.63416e-07 1 0 0 1 0 0 1 0 0 1 0 0 0 -1 0 0 -1 0 0 -1 0 0 -1 0 1 0 2.79471e-05 1 0 2.79471e-05 1 0 2.79471e-05 1 0 2.79471e-05 0 1 -7.41046e-07 0 1 -7.41046e-07 0 1 -7.41046e-07 0 1 -7.41046e-07 -1 0 0 -1 0 0 -1 0 0 -1 0 0 </float_array>
          <technique_common>
            <accessor count="120" offset="0" source="#meshId2-normals-array" stride="3">
              <param name="X" type="float" />
              <param name="Y" type="float" />
              <param name="Z" type="float" />
            </accessor>
          </technique_common>
        </source>
        <source id="meshId2-tangents" name="meshId2-tangents">
          <float_array id="meshId2-tangents-array" count="360"> -1.60492e-06 -0.00225261 -0.999997 -1.60492e-06 -0.00226208 -0.999997 -1.60492e-06 -0.00226418 -0.999997 -1.60492e-06 -0.0022547 -0.999997 0.002305 5.31581e-09 -0.999997 -0.00167493 5.31582e-09 -0.999999 -0.00444728 5.31577e-09 -0.99999 -0.000467356 5.31582e-09 -1 -8.02452e-08 -0.00437729 -0.99999 -8.02452e-08 -0.00438251 -0.99999 -8.02452e-08 -0.00438367 -0.99999 -8.02452e-08 -0.00437844 -0.99999 0.00438392 -2.17812e-09 -0.99999 0.00433126 -2.17812e-09 -0.999991 0.00429316 -2.17812e-09 -0.999991 0.00434583 -2.17812e-09 -0.999991 0.00180342 -0.999998 1.20536e-09 -0.0040681 -0.999992 -2.71901e-09 -0.00416497 -0.999991 -2.78376e-09 0.00170654 -0.999999 1.14061e-09 -0.0102359 0.999948 0 -0.00342616 0.999994 0 -0.00331381 0.999994 0 -0.0101236 0.999949 0 0.00319807 0.0291256 -0.999571 0.00133143 -0.0292719 -0.999571 0.00133957 -0.0259325 -0.999663 0.00318999 0.0257696 -0.999663 0.00778383 -0.029478 -0.999535 -0.0105195 -0.0196438 -0.999752 -0.0116653 -0.0236518 -0.999652 0.00758741 -0.0261562 -0.999629 -0.00376447 -0.0194308 -0.999804 -0.00498225 0.0191534 -0.999804 -0.00503134 0.0231801 -0.999719 -0.0037161 -0.0234282 -0.999719 -0.00772553 0.0190662 -0.999788 0.00605948 0.0290335 -0.99956 0.00694123 0.0256344 -0.999647 -0.00757812 0.0231077 -0.999704 -3.49333e-07 0.00227125 -0.999997 -3.49333e-07 0.00230777 -0.999997 -3.49333e-07 0.00231577 -0.999997 -3.49333e-07 0.00227925 -0.999997 0.00720185 0.999974 7.39377e-09 -0.00569577 0.999984 -5.84756e-09 -0.00964034 0.999954 -9.89725e-09 0.00325721 0.999995 3.34402e-09 -8.73327e-07 0.00437252 -0.99999 -8.73327e-07 0.00441636 -0.99999 -8.73327e-07 0.00442597 -0.99999 -8.73327e-07 0.00438212 -0.99999 -0.00901566 -0.999959 0 0.00338432 -0.999994 0 0.00717677 -0.999974 0 -0.00522325 -0.999986 0 -0.00227523 -0.999997 3.36019e-08 0.00377374 -0.999993 3.44071e-08 0.00485503 -0.999988 3.45509e-08 -0.00151535 -0.999999 3.37031e-08 -0.00584923 -0.999983 0 -0.00595212 -0.999982 0 -0.0068217 -0.999977 0 -0.00597404 -0.999982 0 -0.0147538 -0.999891 -3.58655e-08 0.00493239 -0.999988 -3.32478e-08 0.00783936 -0.999969 -3.28601e-08 -0.0125832 -0.999921 -3.55775e-08 0.00261387 -0.999997 1.5991e-08 0.002638 -0.999996 1.61386e-08 0.00282384 -0.999996 1.72756e-08 0.00262019 -0.999997 1.60297e-08 -0.0217262 0.999764 0 -0.00283658 0.999996 0 -4.69801e-05 1 0 -0.0196435 0.999807 0 -0.00500911 0.999987 -2.29816e-08 -0.00509277 0.999987 -2.33654e-08 -0.00573663 0.999983 -2.63194e-08 -0.00503102 0.999987 -2.30821e-08 -0.0102455 0.999947 0 -0.00343303 0.999994 0 -0.00221524 0.999998 0 -0.00938975 0.999956 0 -0.0128207 0.999918 1.4663e-08 -0.0131761 0.999913 1.50695e-08 -0.0161797 0.999869 1.85047e-08 -0.0132518 0.999912 1.5156e-08 -0.0308469 0 0.999524 0.0281571 0 0.999604 0.0284653 0 0.999595 -0.0305387 0 0.999534 3.34441e-05 -0.970933 0.239352 1.91217e-05 -0.990592 0.13685 1.55722e-05 -0.99377 0.111447 2.99602e-05 -0.976742 0.214419 -0.0372336 -3.63164e-07 -0.999307 0.0341299 -3.63204e-07 -0.999417 0.0345019 -3.63199e-07 -0.999405 -0.0368616 -3.63169e-07 -0.99932 0 -0.996316 0.0857538 0 -0.997968 0.0637233 0 -0.998299 0.0583081 0 -0.996767 0.0803472 -0.0424334 0 0.999099 0.0281796 0 0.999603 0.0285484 0 0.999592 -0.0420651 0 0.999115 -5.72532e-06 0.978791 0.204863 -3.13697e-06 0.99368 0.112247 -2.49708e-06 0.996 0.0893503 -5.09432e-06 0.983246 0.182284 -0.0368682 -7.40542e-07 -0.99932 0.0227122 -7.40855e-07 -0.999742 0.0230232 -7.4085e-07 -0.999735 -0.0365575 -7.40551e-07 -0.999332 0 0.813388 -0.581722 0 0.951947 -0.306264 0 0.972193 -0.23418 0 0.854633 -0.519233 </float_array>
          <technique_common>
            <accessor count="120" offset="0" source="#meshId2-tangents-array" stride="3">
              <param name="X" type="float" />
              <param name="Y" type="float" />
              <param name="Z" type="float" />
            </accessor>
          </technique_common>
        </source>
        <source id="meshId2-bitangents" name="meshId2-bitangents">
          <float_array id="meshId2-bitangents-array" count="360"> -3.61525e-09 0.999997 -0.00225261 -3.63046e-09 0.999997 -0.00226208 -3.63382e-09 0.999997 -0.00226418 -3.61862e-09 0.999997 -0.0022547 -0.999997 1.2253e-11 -0.002305 -0.999999 -8.90364e-12 0.00167493 -0.99999 -2.36409e-11 0.00444728 -1 -2.48438e-12 0.000467356 3.5126e-10 -0.99999 0.00437729 3.51679e-10 -0.99999 0.00438251 3.51772e-10 -0.99999 0.00438367 3.51352e-10 -0.99999 0.00437844 0.99999 9.54881e-12 0.00438392 0.999991 9.4341e-12 0.00433126 0.999991 9.35112e-12 0.00429316 0.999991 9.46583e-12 0.00434583 -0.999998 -0.00180342 -6.68374e-07 -0.999992 0.0040681 -6.68369e-07 -0.999991 0.00416497 -6.68369e-07 -0.999999 -0.00170654 -6.68374e-07 -0.999948 -0.0102359 0 -0.999994 -0.00342616 0 -0.999994 -0.00331381 0 -0.999949 -0.0101236 0 -0.999481 0.0321375 -0.00226136 -0.999485 0.0320047 -0.00226856 -0.999354 0.0358531 -0.00226923 -0.99935 0.0359698 -0.00226175 -0.999456 0.031815 -0.00872149 -0.999443 -0.0314504 0.0111342 -0.999531 -0.0280224 0.0123269 -0.999326 0.0356902 -0.00851898 -0.999491 -0.0315825 0.00437709 -0.999486 -0.0317512 0.0043724 -0.999587 -0.0284135 0.00437186 -0.999592 -0.0282096 0.00437671 -0.999469 -0.0318037 0.00711656 -0.999468 0.0322207 -0.00512303 -0.999331 0.0360663 -0.00601417 -0.99957 -0.0284724 0.00691898 -7.93426e-10 -0.999997 -0.00227125 -8.06183e-10 -0.999997 -0.00230777 -8.08977e-10 -0.999997 -0.00231577 -7.9622e-10 -0.999997 -0.00227925 -0.999974 0.00720185 -1.02662e-06 -0.999984 -0.00569577 -1.02663e-06 -0.999954 -0.00964034 -1.0266e-06 -0.999995 0.00325721 -1.02664e-06 3.81868e-09 0.99999 0.00437252 3.85696e-09 0.99999 0.00441636 3.86535e-09 0.99999 0.00442597 3.82706e-09 0.99999 0.00438212 -0.999959 0.00901566 0 -0.999994 -0.00338432 -0 -0.999974 -0.00717677 -0 -0.999986 0.00522325 0 -0.999997 0.00227523 -1.33217e-07 -0.999993 -0.00377374 -1.33011e-07 -0.999988 -0.00485503 -1.32974e-07 -0.999999 0.00151535 -1.33191e-07 -0.999983 0.00584923 0 -0.999982 0.00595212 0 -0.999977 0.0068217 0 -0.999982 0.00597404 0 -0.999891 0.0147538 -1.32625e-07 -0.999988 -0.00493239 -1.33306e-07 -0.999969 -0.00783936 -1.33402e-07 -0.999921 0.0125832 -1.32703e-07 -0.999996 -0.00261387 -6.11774e-06 -0.999996 -0.002638 -6.11774e-06 -0.999996 -0.00282384 -6.11773e-06 -0.999996 -0.00262019 -6.11774e-06 -0.999764 -0.0217262 0 -0.999996 -0.00283658 0 -1 -4.69801e-05 0 -0.999807 -0.0196435 0 -0.999987 -0.00500911 -4.5879e-06 -0.999987 -0.00509277 -4.5879e-06 -0.999983 -0.00573663 -4.58788e-06 -0.999987 -0.00503102 -4.5879e-06 -0.999947 -0.0102455 0 -0.999994 -0.00343303 0 -0.999997 -0.00221524 0 -0.999956 -0.00938975 0 -0.999918 -0.0128207 1.1436e-06 -0.999913 -0.0131761 1.1436e-06 -0.999869 -0.0161797 1.14355e-06 -0.999912 -0.0132518 1.1436e-06 -0.999524 -0 -0.0308469 -0.999604 0 0.0281571 -0.999595 0 0.0284653 -0.999534 -0 -0.0305387 0.000135666 0.239352 0.970933 0.000138413 0.13685 0.990592 0.000138857 0.111447 0.99377 0.000136478 0.214419 0.976742 -0.999307 1.35313e-08 0.0372336 -0.999417 -1.24033e-08 -0.0341299 -0.999405 -1.25385e-08 -0.0345019 -0.99932 1.33961e-08 0.0368616 0 -0.0857538 -0.996316 0 -0.0637233 -0.997968 0 -0.0583081 -0.998299 0 -0.0803472 -0.996767 -0.999099 -0 -0.0424334 -0.999603 0 0.0281796 -0.999592 0 0.0285484 -0.999115 -0 -0.0420651 -2.73544e-05 -0.204863 0.978791 -2.77705e-05 -0.112247 0.99368 -2.78353e-05 -0.0893503 0.996 -2.74789e-05 -0.182284 0.983246 -0.99932 2.7321e-08 0.0368682 -0.999742 -1.68308e-08 -0.0227122 -0.999735 -1.70613e-08 -0.0230232 -0.999332 2.70908e-08 0.0365575 -0 -0.581722 -0.813388 -0 -0.306264 -0.951947 -0 -0.23418 -0.972193 -0 -0.519233 -0.854632 </float_array>
          <technique_common>
            <accessor count="120" offset="0" source="#meshId2-bitangents-array" stride="3">
              <param name="X" type="float" />
              <param name="Y" type="float" />
              <param name="Z" type="float" />
            </accessor>
          </technique_common>
        </source>
        <source id="meshId2-tex0" name="meshId2-tex0">
          <float_array id="meshId2-tex0-array" count="240"> 0.361067 0.00529027 0.627062 0.00588942 0.626893 0.0836453 0.360883 0.0830431 0.371489 0.16334 0.615924 0.163906 0.616142 0.34695 0.371663 0.348032 0.361221 0.431876 0.627324 0.430712 0.627676 0.508505 0.361563 0.509671 0.377878 0.166481 0.608078 0.165472 0.608889 0.34389 0.378678 0.344878 0.737926 0.159268 0.73842 0.343298 0.73463 0.343318 0.734591 0.159259 0.246868 0.346577 0.245389 0.157526 0.248951 0.15751 0.250761 0.346528 0.360883 0.0830431 0.626893 0.0836453 0.616077 0.0930364 0.371653 0.0924814 0.696938 0.155202 0.697186 0.35891 0.686482 0.346269 0.686258 0.164411 0.627324 0.430712 0.361221 0.431876 0.371963 0.418912 0.616468 0.417843 0.289319 0.361823 0.289131 0.153245 0.300078 0.162829 0.30024 0.348677 0.371653 0.0924814 0.616077 0.0930364 0.615924 0.163906 0.371489 0.16334 0.686258 0.164411 0.686482 0.346269 0.616142 0.34695 0.615924 0.163906 0.616468 0.417843 0.371963 0.418912 0.371663 0.348032 0.616142 0.34695 0.30024 0.348677 0.300078 0.162829 0.371489 0.16334 0.371663 0.348032 0.77556 0.155412 0.775914 0.358451 0.739612 0.343341 0.738974 0.159221 0.775914 0.358451 0.697186 0.35891 0.733438 0.343373 0.739612 0.343341 0.697186 0.35891 0.696938 0.155202 0.733542 0.159207 0.733438 0.343373 0.696938 0.155202 0.77556 0.155412 0.738974 0.159221 0.733542 0.159207 0.208584 0.362857 0.205138 0.153658 0.244269 0.157482 0.245644 0.346643 0.205138 0.153658 0.289131 0.153245 0.250071 0.157453 0.244269 0.157482 0.289131 0.153245 0.289319 0.361823 0.251986 0.346564 0.250071 0.157453 0.289319 0.361823 0.208584 0.362857 0.245644 0.346643 0.251986 0.346564 0.738974 0.159221 0.739612 0.343341 0.73842 0.343298 0.737926 0.159268 0.739612 0.343341 0.733438 0.343373 0.73463 0.343318 0.73842 0.343298 0.733438 0.343373 0.733542 0.159207 0.734591 0.159259 0.73463 0.343318 0.733542 0.159207 0.738974 0.159221 0.737926 0.159268 0.734591 0.159259 0.245644 0.346643 0.244269 0.157482 0.245389 0.157526 0.246868 0.346577 0.244269 0.157482 0.250071 0.157453 0.248951 0.15751 0.245389 0.157526 0.250071 0.157453 0.251986 0.346564 0.250761 0.346528 0.248951 0.15751 0.251986 0.346564 0.245644 0.346643 0.246868 0.346577 0.250761 0.346528 </float_array>
          <technique_common>
            <accessor count="120" offset="0" source="#meshId2-tex0-array" stride="2">
              <param name="S" type="float" />
              <param name="T" type="float" />
            </accessor>
          </technique_common>
        </source>
        <vertices id="meshId2-vertices">
          <input semantic="POSITION" source="#meshId2-positions" />
        </vertices>
        <polylist count="60" material="defaultMaterial">
          <input offset="0" semantic="VERTEX" source="#meshId2-vertices" />
          <input offset="0" semantic="NORMAL" source="#meshId2-normals" />
          <input offset="0" semantic="TANGENT" source="#meshId2-tangents" />
          <input offset="0" semantic="BINORMAL" source="#meshId2-bitangents" />
          <input offset="0" semantic="TEXCOORD" source="#meshId2-tex0" set="0" />
          <vcount>3 3 3 3 3 3 3 3 3 3 3 3 3 3 3 3 3 3 3 3 3 3 3 3 3 3 3 3 3 3 3 3 3 3 3 3 3 3 3 3 3 3 3 3 3 3 3 3 3 3 3 3 3 3 3 3 3 3 3 3 </vcount>
          <p>3 0 1 1 2 3 7 4 5 5 6 7 11 8 9 9 10 11 15 12 13 13 14 15 19 16 17 17 18 19 23 20 21 21 22 23 27 24 25 25 26 27 31 28 29 29 30 31 35 32 33 33 34 35 39 36 37 37 38 39 43 40 41 41 42 43 47 44 45 45 46 47 51 48 49 49 50 51 55 52 53 53 54 55 59 56 57 57 58 59 63 60 61 61 62 63 67 64 65 65 66 67 71 68 69 69 70 71 75 72 73 73 74 75 79 76 77 77 78 79 83 80 81 81 82 83 87 84 85 85 86 87 91 88 89 89 90 91 95 92 93 93 94 95 99 96 97 97 98 99 103 100 101 101 102 103 107 104 105 105 106 107 111 108 109 109 110 111 115 112 113 113 114 115 119 116 117 117 118 119 </p>
        </polylist>
      </mesh>
    </geometry>
    <geometry id="meshId3" name="meshId3_name" >
      <mesh>
        <source id="meshId3-positions" name="meshId3-positions">
          <float_array id="meshId3-positions-array" count="768"> -0.792726 -0.37801 -0.0986061 -0.795196 -0.375893 -0.0984208 -0.777199 -0.380571 -0.153315 -0.775593 -0.382551 -0.152303 -0.794059 -0.377881 -0.0960057 -0.792726 -0.37801 -0.0986061 -0.780317 -0.37803 -0.0985891 -0.780922 -0.377881 -0.0960028 -0.795961 -0.375814 -0.0959543 -0.794059 -0.377881 -0.0960057 -0.794059 -0.377881 0.0868149 -0.795961 -0.375814 0.0867634 -0.800336 -0.36265 -0.10232 -0.801205 -0.36265 -0.099751 -0.795961 -0.349485 -0.0959543 -0.795196 -0.349406 -0.0984208 -0.795196 -0.375893 0.0892299 -0.792726 -0.37801 0.0894152 -0.775593 -0.382551 0.143113 -0.777199 -0.380571 0.144124 -0.801205 -0.36265 0.0905601 -0.800336 -0.36265 0.0931291 -0.795196 -0.349406 0.0892299 -0.795961 -0.349485 0.0867634 -0.792726 -0.37801 0.0894152 -0.794059 -0.377881 0.0868149 -0.780922 -0.377881 0.0868118 -0.780317 -0.37803 0.0893982 -0.795196 -0.349406 -0.0984208 -0.792726 -0.347289 -0.0986061 -0.775593 -0.342748 -0.152303 -0.777199 -0.344727 -0.153315 -0.794059 -0.347418 -0.0960057 -0.795961 -0.349485 -0.0959543 -0.795961 -0.349485 0.0867634 -0.794059 -0.347418 0.0868149 -0.792726 -0.347289 -0.0986061 -0.794059 -0.347418 -0.0960057 -0.780922 -0.347418 -0.0960028 -0.780317 -0.347269 -0.0985891 -0.792726 -0.347289 0.0894152 -0.795196 -0.349406 0.0892299 -0.777199 -0.344727 0.144124 -0.775593 -0.342748 0.143113 -0.794059 -0.347418 0.0868149 -0.792726 -0.347289 0.0894152 -0.780317 -0.347269 0.0893982 -0.780922 -0.347418 0.0868118 -0.780317 -0.347269 -0.0985891 -0.778208 -0.349317 -0.0984301 -0.76454 -0.344746 -0.144948 -0.76607 -0.342763 -0.14603 -0.779015 -0.349467 -0.095962 -0.780922 -0.347418 -0.0960028 -0.780922 -0.347418 0.0868118 -0.779015 -0.349466 0.0867715 -0.778208 -0.349317 -0.0984301 -0.779015 -0.349467 -0.095962 -0.773972 -0.36265 -0.0935391 -0.773057 -0.36265 -0.0959416 -0.778208 -0.349317 0.0892392 -0.780317 -0.347269 0.0893982 -0.76607 -0.342763 0.136839 -0.76454 -0.344746 0.135757 -0.779015 -0.349466 0.0867715 -0.778208 -0.349317 0.0892392 -0.773057 -0.36265 0.0867506 -0.773972 -0.362649 0.0843483 -0.778208 -0.375982 -0.0984301 -0.780317 -0.37803 -0.0985891 -0.76607 -0.382536 -0.14603 -0.76454 -0.380553 -0.144948 -0.780922 -0.377881 -0.0960028 -0.779015 -0.375833 -0.0959624 -0.779015 -0.375832 0.086771 -0.780922 -0.377881 0.0868118 -0.780317 -0.37803 0.0893982 -0.778208 -0.375982 0.0892392 -0.76454 -0.380553 0.135757 -0.76607 -0.382536 0.136839 -0.765638 -0.382654 0.139703 -0.763735 -0.38069 0.138213 -0.718265 -0.383229 0.186214 -0.719342 -0.385493 0.190002 -0.76607 -0.382536 0.136839 -0.765638 -0.382654 0.139703 -0.774561 -0.382654 0.145562 -0.775593 -0.382551 0.143113 -0.756645 -0.36265 0.134425 -0.757558 -0.36265 0.132035 -0.76454 -0.344746 0.135757 -0.763735 -0.344609 0.138213 -0.776434 -0.380667 0.146608 -0.774561 -0.382654 0.145562 -0.724739 -0.385493 0.20888 -0.725825 -0.383228 0.212657 -0.779928 -0.36265 0.150305 -0.779061 -0.36265 0.152892 -0.776434 -0.344632 0.146608 -0.777199 -0.344727 0.144124 -0.763735 -0.344609 0.138213 -0.765638 -0.342645 0.139703 -0.719342 -0.339806 0.190002 -0.718265 -0.34207 0.186214 -0.765638 -0.342645 0.139703 -0.76607 -0.342763 0.136839 -0.775593 -0.342748 0.143113 -0.774561 -0.342645 0.145562 -0.774561 -0.342645 0.145562 -0.776434 -0.344632 0.146608 -0.725825 -0.342071 0.212657 -0.724739 -0.339806 0.20888 -0.763735 -0.38069 -0.147404 -0.765638 -0.382654 -0.148894 -0.719342 -0.385493 -0.199193 -0.718265 -0.383229 -0.195405 -0.757558 -0.36265 -0.141226 -0.756645 -0.36265 -0.143616 -0.763735 -0.344609 -0.147404 -0.76454 -0.344746 -0.144948 -0.765638 -0.382654 -0.148894 -0.76607 -0.382536 -0.14603 -0.775593 -0.382551 -0.152303 -0.774561 -0.382654 -0.154753 -0.774561 -0.382654 -0.154753 -0.776434 -0.380667 -0.155799 -0.725825 -0.383228 -0.221848 -0.724739 -0.385493 -0.218071 -0.779061 -0.36265 -0.162082 -0.779928 -0.36265 -0.159495 -0.777199 -0.344727 -0.153315 -0.776434 -0.344632 -0.155799 -0.776434 -0.344632 -0.155799 -0.774561 -0.342645 -0.154753 -0.724739 -0.339806 -0.218071 -0.725825 -0.342071 -0.221848 -0.774561 -0.342645 -0.154753 -0.775593 -0.342748 -0.152303 -0.76607 -0.342763 -0.14603 -0.765638 -0.342645 -0.148894 -0.765638 -0.342645 -0.148894 -0.763735 -0.344609 -0.147404 -0.718265 -0.34207 -0.195405 -0.719342 -0.339806 -0.199193 -0.707689 -0.362646 0.200071 -0.705083 -0.36265 0.181154 -0.718265 -0.34207 0.186214 -0.717692 -0.342064 0.1919 -0.719342 -0.385493 0.190002 -0.717695 -0.383229 0.19191 -0.723098 -0.383228 0.210809 -0.724739 -0.385493 0.20888 -0.721672 -0.36265 0.221686 -0.718579 -0.36265 0.219761 -0.723098 -0.342071 0.210809 -0.725825 -0.342071 0.212657 -0.717692 -0.342064 0.1919 -0.719342 -0.339806 0.190002 -0.724739 -0.339806 0.20888 -0.723098 -0.342071 0.210809 -0.705083 -0.36265 -0.190345 -0.707691 -0.36265 -0.209267 -0.717695 -0.34207 -0.201101 -0.718265 -0.34207 -0.195405 -0.717695 -0.383229 -0.201101 -0.719342 -0.385493 -0.199193 -0.724739 -0.385493 -0.218071 -0.723098 -0.383228 -0.22 -0.71858 -0.362646 -0.228957 -0.721672 -0.36265 -0.230876 -0.725825 -0.342071 -0.221848 -0.723101 -0.342064 -0.220011 -0.723101 -0.342064 -0.220011 -0.724739 -0.339806 -0.218071 -0.719342 -0.339806 -0.199193 -0.717695 -0.34207 -0.201101 -0.718579 -0.36265 0.219761 -0.707689 -0.362646 0.200071 -0.717692 -0.342064 0.1919 -0.723098 -0.342071 0.210809 -0.707691 -0.36265 -0.209267 -0.71858 -0.362646 -0.228957 -0.723101 -0.342064 -0.220011 -0.717695 -0.34207 -0.201101 -0.719342 -0.385493 0.190002 -0.724739 -0.385493 0.20888 -0.705083 -0.36265 0.181154 -0.718265 -0.34207 0.186214 -0.724739 -0.339806 0.20888 -0.719342 -0.339806 0.190002 -0.721672 -0.36265 0.221686 -0.725825 -0.342071 0.212657 -0.724739 -0.385493 -0.218071 -0.719342 -0.385493 -0.199193 -0.721672 -0.36265 -0.230876 -0.725825 -0.342071 -0.221848 -0.719342 -0.339806 -0.199193 -0.724739 -0.339806 -0.218071 -0.705083 -0.36265 -0.190345 -0.718265 -0.34207 -0.195405 -0.717695 -0.383229 0.19191 -0.719342 -0.385493 0.190002 -0.718265 -0.383229 0.186214 -0.725825 -0.383228 0.212657 -0.724739 -0.385493 0.20888 -0.723098 -0.383228 0.210809 -0.717692 -0.342064 0.1919 -0.718265 -0.34207 0.186214 -0.719342 -0.339806 0.190002 -0.723098 -0.342071 0.210809 -0.724739 -0.339806 0.20888 -0.725825 -0.342071 0.212657 -0.718265 -0.383229 -0.195405 -0.719342 -0.385493 -0.199193 -0.717695 -0.383229 -0.201101 -0.723098 -0.383228 -0.22 -0.724739 -0.385493 -0.218071 -0.725825 -0.383228 -0.221848 -0.723101 -0.342064 -0.220011 -0.725825 -0.342071 -0.221848 -0.724739 -0.339806 -0.218071 -0.717695 -0.34207 -0.201101 -0.719342 -0.339806 -0.199193 -0.718265 -0.34207 -0.195405 -0.795961 -0.375814 -0.0959543 -0.795961 -0.375814 0.0867634 -0.795196 -0.375893 0.0892299 -0.777199 -0.380571 0.144124 -0.776434 -0.380667 0.146608 -0.725825 -0.383228 0.212657 -0.725825 -0.383228 0.212657 -0.723098 -0.383228 0.210809 -0.723098 -0.383228 0.210809 -0.717695 -0.383229 0.19191 -0.717695 -0.383229 0.19191 -0.718265 -0.383229 0.186214 -0.763735 -0.38069 0.138213 -0.718265 -0.383229 0.186214 -0.76454 -0.380553 0.135757 -0.778208 -0.375982 0.0892392 -0.779015 -0.375832 0.086771 -0.779015 -0.375833 -0.0959624 -0.778208 -0.375982 -0.0984301 -0.76454 -0.380553 -0.144948 -0.763735 -0.38069 -0.147404 -0.718265 -0.383229 -0.195405 -0.718265 -0.383229 -0.195405 -0.717695 -0.383229 -0.201101 -0.717695 -0.383229 -0.201101 -0.723098 -0.383228 -0.22 -0.723098 -0.383228 -0.22 -0.725825 -0.383228 -0.221848 -0.776434 -0.380667 -0.155799 -0.725825 -0.383228 -0.221848 -0.777199 -0.380571 -0.153315 -0.795196 -0.375893 -0.0984208 </float_array>
          <technique_common>
            <accessor count="256" offset="0" source="#meshId3-positions-array" stride="3">
              <param name="X" type="float" />
              <param name="Y" type="float" />
              <param name="Z" type="float" />
            </accessor>
          </technique_common>
        </source>
        <source id="meshId3-normals" name="meshId3-normals">
          <float_array id="meshId3-normals-array" count="768"> -0.68314 -0.711852 -0.163051 -0.682963 -0.711164 -0.166755 -0.682902 -0.711998 -0.163416 -0.682988 -0.712074 -0.162719 -7.93697e-06 -1 0.000507763 -0.0218478 -0.9966 0.0794478 -0.0228367 -0.996478 0.0806868 -1.29294e-05 -1 0.00082715 -0.73534 -0.677691 -0.0031632 -0.735123 -0.677917 -0.00469247 -0.735124 -0.677916 0.00469276 -0.735341 -0.67769 0.00316296 -0.950366 -1.50715e-07 -0.311135 -0.999985 5.10058e-07 -0.00550524 -0.928722 0.370764 -0.00314754 -0.898248 0.326696 -0.293973 -0.682951 -0.711177 0.166751 -0.683125 -0.711868 0.163048 -0.682971 -0.712091 0.162714 -0.682885 -0.712015 0.163412 -0.999985 5.37435e-07 0.00550526 -0.950366 -8.08304e-08 0.311134 -0.898249 0.326691 0.293974 -0.928722 0.370764 0.00314757 -0.0218468 -0.996599 -0.0794488 -7.94408e-06 -1 -0.000507862 -1.29409e-05 -1 -0.000827304 -0.0228356 -0.996478 -0.0806874 -0.682959 0.711166 -0.16676 -0.683138 0.711853 -0.163056 -0.682989 0.712073 -0.162723 -0.682903 0.711996 -0.16342 -0.735117 0.677924 -0.00469263 -0.735334 0.677698 -0.00316332 -0.735335 0.677697 0.00316315 -0.735118 0.677922 0.00469301 -0.0218445 0.996599 0.0794497 -7.92584e-06 1 0.000507864 -1.29113e-05 1 0.000827315 -0.0228333 0.996478 0.0806884 -0.683124 0.711867 0.163052 -0.68295 0.711176 0.166755 -0.682884 0.712015 0.163416 -0.68297 0.712091 0.162719 -7.93057e-06 1 -0.000507963 -0.0218435 0.996599 -0.0794508 -0.0228322 0.996478 -0.0806889 -1.29189e-05 1 -0.000827469 0.674085 0.689598 0.264697 0.673895 0.689631 0.265094 0.673328 0.690678 0.263805 0.673489 0.691606 0.260947 0.731599 0.681725 0.00365806 0.731647 0.681676 0.00318054 0.731646 0.681677 -0.00318113 0.731598 0.681726 -0.00366036 0.868918 0.39619 0.296674 0.933647 0.358152 0.00545219 0.999991 -5.24429e-06 0.00433222 0.946294 3.29601e-06 0.323306 0.673895 0.689633 -0.265089 0.674084 0.689601 -0.26469 0.673493 0.691603 -0.260947 0.673331 0.690676 -0.263804 0.933647 0.358152 -0.00545262 0.86892 0.396186 -0.296671 0.946294 -4.73228e-06 -0.323306 0.999991 3.49545e-06 -0.00433231 0.673894 -0.68963 0.265099 0.674084 -0.689598 0.2647 0.673492 -0.6916 0.260956 0.67333 -0.690673 0.263814 0.731646 -0.681677 0.00318112 0.731598 -0.681726 0.00366035 0.731599 -0.681726 -0.00365862 0.731646 -0.681677 -0.00318111 0.674091 -0.689589 -0.264704 0.673901 -0.689622 -0.265101 0.673335 -0.690669 -0.263812 0.673497 -0.691595 -0.260956 0.411197 -0.810483 -0.417175 0.414794 -0.809912 -0.414715 0.404318 -0.811527 -0.421843 0.404318 -0.811527 -0.421843 -0.0236711 -0.996477 -0.0804604 -0.0346404 -0.999184 -0.0207759 -0.0347155 -0.999183 -0.0206854 -0.023633 -0.996597 -0.0789657 0.701648 1.0898e-07 -0.712524 0.946226 -1.90469e-06 -0.323506 0.868436 0.396807 -0.297259 0.620847 0.466377 -0.630112 -0.519199 -0.773426 0.363654 -0.518989 -0.773487 0.363825 -0.514728 -0.774706 0.367268 -0.514728 -0.774706 0.367268 -0.950478 1.10425e-07 0.310793 -0.787191 1.07073e-06 0.616709 -0.772231 0.212656 0.598695 -0.900583 0.31947 0.294768 0.4148 0.80991 -0.414713 0.411204 0.81048 -0.417173 0.404326 0.811524 -0.421841 0.404326 0.811524 -0.421841 -0.0346404 0.999184 -0.020778 -0.0236678 0.996477 -0.0804622 -0.0236298 0.996597 -0.0789683 -0.0347155 0.999183 -0.0206874 -0.518988 0.773491 0.363817 -0.519198 0.77343 0.363646 -0.514727 0.77471 0.36726 -0.514727 0.77471 0.36726 0.414804 -0.809904 0.414721 0.411207 -0.810474 0.417181 0.404327 -0.811518 0.421851 0.404327 -0.811518 0.421851 0.946226 6.94065e-07 0.323507 0.701647 1.90566e-07 0.712525 0.620845 0.466381 0.630112 0.868433 0.396812 0.29726 -0.034641 -0.999184 0.0207764 -0.0236723 -0.996477 0.0804608 -0.0236342 -0.996597 0.0789667 -0.034716 -0.999183 0.0206859 -0.518989 -0.773487 -0.363825 -0.5192 -0.773425 -0.363654 -0.514728 -0.774706 -0.367269 -0.514728 -0.774706 -0.367269 -0.787191 -1.24546e-06 -0.616709 -0.950477 3.1971e-07 -0.310794 -0.900581 0.319477 -0.294768 -0.772231 0.212654 -0.598696 -0.5192 0.773429 -0.363647 -0.51899 0.77349 -0.363817 -0.514728 0.77471 -0.36726 -0.514728 0.77471 -0.36726 -0.0347159 0.999183 0.0206858 -0.023631 0.996597 0.0789677 -0.023669 0.996477 0.0804619 -0.0346408 0.999184 0.0207763 0.411212 0.810472 0.41718 0.414808 0.809902 0.41472 0.404333 0.811516 0.421849 0.404333 0.811516 0.421849 0.996603 -0.000182058 0.0823618 0.996602 -0.000208182 0.0823618 0.866747 0.4936 0.0714747 0.866747 0.4936 0.0714747 0.703733 -0.681377 0.20121 0.703733 -0.681377 0.20121 0.703733 -0.681377 0.20121 0.703733 -0.681377 0.20121 0.543931 2.80062e-07 0.83913 0.543931 1.67872e-07 0.83913 0.490133 0.433617 0.756139 0.490133 0.433617 0.756139 0.703281 0.681853 0.201178 0.703281 0.681853 0.201178 0.703281 0.681853 0.201178 0.703281 0.681853 0.201178 0.99659 3.3501e-07 -0.0825161 0.99659 3.36026e-07 -0.0825161 0.866704 0.493634 -0.071762 0.866704 0.493634 -0.071762 0.703731 -0.681379 -0.20121 0.70373 -0.681379 -0.20121 0.703731 -0.681379 -0.20121 0.703731 -0.681379 -0.20121 0.54275 -0.000174049 -0.839894 0.542751 -0.00067165 -0.839894 0.48826 0.433613 -0.757352 0.48826 0.433613 -0.757352 0.70334 0.681853 -0.20097 0.70334 0.681853 -0.20097 0.70334 0.681853 -0.20097 0.70334 0.681853 -0.20097 0.921244 3.01419e-05 0.388985 0.921244 0.00017203 0.388985 0.82828 0.437722 0.349787 0.82828 0.437722 0.349787 0.921274 1.22319e-05 -0.388914 0.921274 0.000195401 -0.388914 0.828389 0.437662 -0.349605 0.828389 0.437661 -0.349605 -0.0350454 -0.99918 -0.0202878 -0.0350454 -0.99918 -0.0202878 0.691452 4.85372e-07 -0.722422 0.611342 0.467218 -0.638724 -0.0350454 0.99918 -0.0202892 -0.0350454 0.99918 -0.0202892 -0.782516 1.60781e-06 0.62263 -0.764867 0.211188 0.608587 -0.035046 -0.99918 0.0202879 -0.0350459 -0.99918 0.0202879 -0.782517 -8.09686e-07 -0.62263 -0.764868 0.211186 -0.608587 -0.0350458 0.99918 0.0202878 -0.0350458 0.99918 0.0202878 0.691451 3.83188e-07 0.722423 0.611339 0.467222 0.638724 0.838105 -0.539024 -0.0838558 0.838105 -0.539024 -0.0838558 0.838105 -0.539024 -0.0838558 0.375123 -0.743419 0.553724 0.375123 -0.743419 0.553724 0.375123 -0.743419 0.553724 0.837177 0.540302 -0.0849033 0.837177 0.540302 -0.0849033 0.837177 0.540302 -0.0849033 0.375178 0.743402 0.553711 0.375178 0.743402 0.553711 0.375178 0.743402 0.553711 0.838064 -0.539089 0.0838517 0.838064 -0.539089 0.0838517 0.838064 -0.539089 0.0838517 0.375123 -0.743419 -0.553724 0.375123 -0.743419 -0.553724 0.375123 -0.743419 -0.553724 0.371418 0.745244 -0.553768 0.371418 0.745244 -0.553768 0.371418 0.745244 -0.553768 0.838064 0.539089 0.0838545 0.838064 0.539089 0.0838545 0.838064 0.539089 0.0838545 -0.92872 -0.370769 -0.00314746 -0.92872 -0.370769 0.00314746 -0.898248 -0.326694 0.293973 -0.900582 -0.319474 0.294767 -0.772232 -0.212656 0.598695 -0.764867 -0.211188 0.608587 0.490136 -0.43362 0.756135 0.490136 -0.43362 0.756135 0.82834 -0.437677 0.349702 0.82834 -0.437677 0.349702 0.866698 -0.493641 0.0717815 0.866698 -0.493641 0.0717815 0.620846 -0.46638 -0.630111 0.611342 -0.467221 -0.638722 0.868432 -0.396815 -0.29726 0.868916 -0.396193 -0.296674 0.933645 -0.358158 -0.00545228 0.933645 -0.358157 0.00545281 0.868918 -0.396192 0.296671 0.868432 -0.396815 0.29726 0.620844 -0.466383 0.63011 0.611339 -0.467224 0.638722 0.866702 -0.493638 -0.0717614 0.866702 -0.493638 -0.0717614 0.828296 -0.437714 -0.349761 0.828296 -0.437714 -0.349761 0.489865 -0.433675 -0.756279 0.489865 -0.433675 -0.756279 -0.772231 -0.212659 -0.598695 -0.764867 -0.21119 -0.608586 -0.90058 -0.31948 -0.294768 -0.898247 -0.3267 -0.293973 </float_array>
          <technique_common>
            <accessor count="256" offset="0" source="#meshId3-normals-array" stride="3">
              <param name="X" type="float" />
              <param name="Y" type="float" />
              <param name="Z" type="float" />
            </accessor>
          </technique_common>
        </source>
        <source id="meshId3-tangents" name="meshId3-tangents">
          <float_array id="meshId3-tangents-array" count="768"> -0.254132 0.0224081 0.96691 -0.240864 0.00373657 0.970552 -0.287582 0.0563894 0.956095 -0.290743 0.0606649 0.954876 -0.111089 0.000505503 0.99381 -0.266414 0.0823969 0.96033 -0.267395 0.0838556 0.959931 -0.1451 0.000820272 0.989417 -0.0403251 0.0390952 0.998422 -0.0540563 0.0517153 0.997198 0.0399905 -0.036453 0.998535 0.0323305 -0.0304181 0.999014 -0.31113 -0.005439 0.950352 -0.00550524 0.00222506 0.999982 -0.00418456 -0.00199256 0.999989 -0.299196 0.0353895 0.953535 0.22659 0.0107626 0.973931 0.245945 -0.0140305 0.969182 0.303425 -0.0739442 0.949982 0.30169 -0.0711446 0.950748 0.00550518 -0.00552476 0.99997 0.3111 -0.0148357 0.950261 0.289895 -0.0623066 0.955028 0.00286922 -0.00130235 0.999995 0.237674 -0.0823668 0.967846 0.095012 -0.000506321 0.995476 0.137155 -0.00082126 0.990549 0.25789 -0.0838483 0.962529 -0.226729 0.0106311 0.9739 -0.247471 -0.0155829 0.96877 -0.312926 -0.0839515 0.94606 -0.310143 -0.0800388 0.947315 -0.0408139 -0.0373457 0.998469 -0.0327123 -0.0308313 0.998989 0.0243007 0.0217025 0.999469 0.0295019 0.0250734 0.99925 -0.239738 -0.0823717 0.967337 -0.0961022 -0.000506276 0.995371 -0.137641 -0.000821219 0.990482 -0.260784 -0.0838518 0.961749 0.229054 -0.00315152 0.973408 0.211337 -0.0261508 0.977063 0.284727 0.0534075 0.95712 0.28696 0.0567103 0.956263 0.0787155 0.000507012 0.996897 0.210749 0.082274 0.974072 0.210129 0.0836903 0.974085 0.0903727 0.00082525 0.995908 -0.284278 -0.0885494 0.954644 -0.281765 -0.0917982 0.955082 -0.343573 -0.0236439 0.938828 -0.368214 0.00778398 0.929708 -0.049805 0.0480956 0.9976 -0.0488858 0.0478146 0.997659 0.0191494 -0.0158879 0.99969 0.0127113 -0.00827264 0.999885 -0.338357 0.038002 0.94025 -0.0233297 0.0456137 0.998687 -0.00433059 0.0262736 0.999645 -0.322376 0.0758126 0.943571 0.228915 0.146247 0.962398 0.233341 0.141189 0.96209 0.32871 0.0359805 0.943745 0.301284 0.0695164 0.950997 0.039565 -0.0879866 0.995336 0.359058 -0.0920142 0.928768 0.321812 -0.0960002 0.941924 0.00432971 -0.0352302 0.99937 -0.284237 0.0892026 0.954595 -0.286563 0.0861428 0.954181 -0.323481 0.0416769 0.945316 -0.297378 0.0736876 0.951912 -0.0554417 -0.0548533 0.996954 -0.0587543 -0.0577015 0.996603 0.0519894 0.0504403 0.997373 0.0491837 0.0481336 0.997629 0.281561 -0.0914193 0.955178 0.27996 -0.093703 0.955428 0.289935 -0.0815715 0.953564 0.309807 -0.0564279 0.949124 0.534033 -0.156699 0.830815 0.507257 -0.172555 0.844343 0.596658 -0.115536 0.794135 0.596704 -0.115498 0.794106 0.290311 -0.0838664 0.95325 0.452731 -0.0342218 0.89099 0.491519 -0.0350916 0.87016 0.333481 -0.0823224 0.939156 0.701515 -0.17511 0.690806 0.320149 -0.143687 0.936407 0.383152 -0.156609 0.910312 0.739814 -0.0827266 0.667706 0.522406 0.0495588 0.851256 0.530201 0.0425603 0.846803 0.587894 -0.00712428 0.808907 0.587894 -0.00712457 0.808906 0.310785 -0.00728097 0.950453 0.616709 0.000901829 0.78719 0.61205 -0.00381112 0.79081 0.318292 0.0228247 0.947718 0.526988 0.157716 0.835111 0.544405 0.148713 0.825535 0.597777 0.114604 0.793428 0.597798 0.114587 0.793415 0.461329 0.0344297 0.886561 0.285181 0.0838702 0.954797 0.324343 0.08236 0.942347 0.486359 0.0349741 0.873059 0.534497 -0.0384892 0.844293 0.526389 -0.0458203 0.849008 0.58698 0.00620647 0.809578 0.586995 0.0062217 0.809567 -0.498234 0.179214 0.848319 -0.527495 0.161675 0.834032 -0.592282 0.119142 0.796873 -0.592358 0.11908 0.796826 -0.32066 0.132393 0.937896 -0.70159 0.17452 0.690879 -0.734879 0.0663758 0.674942 -0.375351 0.134463 0.917078 -0.441909 0.0339602 0.896417 -0.283593 0.0838706 0.95527 -0.328425 0.0823447 0.940934 -0.480305 0.034832 0.87641 -0.53126 -0.0415611 0.846189 -0.523073 -0.0489351 0.850882 -0.585341 0.00454252 0.810775 -0.585309 0.00450998 0.810798 -0.616705 -0.00356882 0.787186 -0.310784 -0.00834005 0.950444 -0.32532 -0.0455968 0.944504 -0.613895 -0.00697942 0.789357 -0.528715 0.0436319 0.847677 -0.538209 0.0349596 0.842086 -0.590251 -0.00952505 0.807164 -0.590249 -0.00952328 0.807165 -0.504906 -0.0353976 0.862449 -0.356941 -0.0821943 0.930504 -0.334012 -0.0837418 0.938842 -0.500417 -0.0353365 0.865063 -0.57247 -0.126535 0.810103 -0.568878 -0.124884 0.812885 -0.60246 -0.110717 0.790432 -0.602487 -0.110695 0.790415 -0.0401283 -0.874351 0.483632 -0.0409305 -0.869024 0.493075 0.388728 -0.758361 0.52324 0.382837 -0.750296 0.538973 0.317545 0.555005 0.768853 0.325478 0.560936 0.761193 0.408295 0.619639 0.67033 0.401005 0.614728 0.679194 -0.387264 -0.887137 0.251028 -0.382718 -0.889934 0.248081 0.0598724 -0.882181 0.467089 0.053578 -0.880829 0.470393 0.341916 -0.572527 0.745189 0.364051 -0.588488 0.721907 0.503767 -0.677661 0.535719 0.485349 -0.667287 0.564946 0.0458918 0.831076 0.554263 0.0459026 0.830988 0.554393 -0.354242 0.710378 0.608174 -0.353576 0.709427 0.60967 -0.316532 -0.554242 0.769821 -0.327389 -0.562356 0.759324 -0.399466 -0.613681 0.681045 -0.389287 -0.60672 0.693071 0.441262 0.850928 0.284973 0.438666 0.852996 0.28279 0.0276577 0.859704 0.510044 0.0308073 0.858723 0.511513 -0.482241 0.665388 0.569826 -0.471115 0.658829 0.586511 -0.335874 0.567933 0.751425 -0.349065 0.577568 0.73795 -0.183963 -0.881066 0.435752 -0.19313 -0.867836 0.457778 0.211862 -0.822585 0.527701 0.196227 -0.811342 0.550654 0.208836 0.843584 0.494725 0.209248 0.842675 0.496098 -0.144136 0.769654 0.621979 -0.154882 0.778754 0.607909 0.578639 -0.0368384 0.814751 0.578814 -0.036842 0.814627 0.712695 -0.16355 0.682142 0.77216 -0.175434 0.61073 0.581646 0.0369014 0.812605 0.58139 0.0368961 0.812788 0.62263 -0.000722 0.782516 0.623051 0.00249737 0.782178 -0.576176 0.0367878 0.816498 -0.575946 0.0367831 0.81666 -0.622624 -0.00423904 0.78251 -0.623856 -0.00735343 0.781505 -0.58493 -0.0369676 0.810241 -0.584916 -0.0369674 0.810251 -0.712277 0.167009 0.68174 -0.772833 0.178816 0.608896 0.375418 0.4584 0.805562 0.375418 0.4584 0.805562 0.375418 0.4584 0.805562 0.401046 0.668703 0.626097 0.401046 0.668703 0.626097 0.401046 0.668703 0.626097 0.390009 -0.480909 0.785251 0.390009 -0.480909 0.785251 0.390009 -0.480909 0.785251 0.5076 -0.664588 0.548329 0.5076 -0.664588 0.548329 0.5076 -0.664588 0.548329 -0.369637 -0.448018 0.814032 -0.369637 -0.448018 0.814032 -0.369637 -0.448018 0.814032 -0.395124 -0.668596 0.629965 -0.395124 -0.668596 0.629965 -0.395124 -0.668596 0.629966 -0.482858 0.664474 0.57037 -0.482858 0.664474 0.57037 -0.482858 0.664474 0.57037 -0.390822 0.485974 0.781721 -0.390822 0.485974 0.781721 -0.390822 0.485974 0.781721 -0.0103118 0.0173421 0.999796 0.00446864 -0.00270432 0.999986 0.299111 0.0356379 0.953552 0.32416 -0.0418019 0.945078 0.612245 0.00268649 0.790664 0.623279 -0.00386829 0.78199 -0.691668 -0.721384 0.0346564 -0.689022 -0.72406 0.0314061 -0.523911 -0.826277 0.206844 -0.530346 -0.813762 0.237748 -0.49483 -0.832603 0.24883 -0.492597 -0.824275 0.27914 0.618753 -0.202006 0.75917 0.652562 -0.158969 0.740872 0.289236 -0.0814989 0.953782 0.281672 -0.0970551 0.954589 0.00982812 0.0103983 0.999898 -0.0127426 -0.0179965 0.999757 -0.285292 0.0888964 0.954309 -0.292103 0.0749707 0.953444 -0.61485 0.208946 0.760461 -0.650857 0.162272 0.741655 0.48015 0.786578 0.388266 0.480254 0.786862 0.387562 0.544017 0.777651 0.315126 0.543836 0.77826 0.313933 0.7331 0.674386 0.0881364 0.730762 0.677327 0.0849354 -0.611358 -0.00774544 0.791316 -0.622451 -0.00104891 0.782658 -0.318946 0.0249163 0.947445 -0.300151 -0.0325828 0.953335 </float_array>
          <technique_common>
            <accessor count="256" offset="0" source="#meshId3-tangents-array" stride="3">
              <param name="X" type="float" />
              <param name="Y" type="float" />
              <param name="Z" type="float" />
            </accessor>
          </technique_common>
        </source>
        <source id="meshId3-bitangents" name="meshId3-bitangents">
          <float_array id="meshId3-bitangents-array" count="768"> -0.684644 0.701971 -0.196212 -0.689598 0.703016 -0.173846 -0.671522 0.699914 -0.243266 -0.670071 0.699478 -0.248464 -0.99381 -4.85191e-05 -0.111089 -0.963611 -0.000184851 -0.267308 -0.963316 0.000346433 -0.268368 -0.989417 -0.000107227 -0.1451 -0.676497 0.734307 -0.0560762 -0.675775 0.733317 -0.0746628 -0.676752 0.734235 0.0539077 -0.676926 0.734718 0.0442777 -0.0016924 0.999985 0.00516899 1.27595e-05 0.999997 -0.00222502 0.370754 0.928725 0.00340202 0.321919 0.944467 0.0659575 -0.694431 0.702931 0.153795 -0.687642 0.702173 0.184665 -0.664442 0.698182 0.266568 -0.665321 0.698551 0.263391 3.09527e-05 0.999985 0.00552468 0.00461581 0.99989 0.0140993 0.330316 0.943075 -0.0387393 0.370766 0.928726 0.000145719 -0.971099 0.00226146 0.238665 -0.995476 -4.03448e-05 0.0950119 -0.99055 -0.00010065 0.137155 -0.965904 0.00117151 0.258896 0.694378 0.702943 0.153981 0.687081 0.702155 0.186808 0.660003 0.697068 0.280164 0.661404 0.697607 0.275479 0.676711 0.734183 0.0551222 0.676915 0.734694 0.0448404 0.677268 0.735021 -0.0324271 0.677297 0.734706 -0.0384319 0.970592 0.00208391 0.240722 0.995372 -4.09177e-05 0.0961022 0.990482 -0.000101084 0.137641 0.965127 0.000917669 0.26178 0.693451 0.702307 -0.160903 0.699225 0.702527 -0.132438 0.672756 0.700131 -0.239201 0.671719 0.699793 -0.243073 0.996897 -3.20786e-05 -0.0787155 0.977296 0.00453296 -0.21183 0.977407 0.00528548 -0.2113 0.995908 -6.19146e-05 -0.0903726 0.681759 -0.718759 0.136348 0.682989 -0.718319 0.132451 0.654666 -0.722775 0.221379 0.640961 -0.722233 0.259902 0.679913 -0.730026 0.06914 0.679929 -0.73009 0.0683076 0.681415 -0.731481 -0.024678 0.681617 -0.731561 -0.0147179 0.361244 -0.917382 0.167074 0.357433 -0.932548 0.0509427 -0.000119066 -0.999655 0.0262734 -0.0245076 -0.997122 0.0717421 0.70247 -0.709238 -0.0593125 0.70083 -0.710293 -0.0657389 0.662086 -0.721382 -0.203104 0.675169 -0.719816 -0.161282 0.356002 -0.929508 -0.0963188 0.340667 -0.913548 -0.222207 -0.0310419 -0.995381 -0.0908429 -0.000149135 -0.999379 -0.0352299 -0.681965 -0.718647 -0.135905 -0.680803 -0.719051 -0.139546 -0.664657 -0.721077 -0.19565 -0.6769 -0.719403 -0.155775 -0.679426 -0.729594 -0.0779265 -0.6792 -0.729328 -0.0822687 -0.67975 -0.729867 0.0723446 -0.679908 -0.730068 0.0687442 -0.68288 -0.718407 0.132537 -0.683725 -0.718081 0.12992 -0.680116 -0.718556 0.145324 -0.671134 -0.720078 0.176257 -0.738732 -0.564414 0.36839 -0.755405 -0.560595 0.339259 -0.6932 -0.572779 0.437491 -0.69316 -0.572787 0.437544 -0.95664 -0.000793992 0.291273 -0.890974 0.0214583 0.453547 -0.870175 0.0200407 0.492336 -0.942461 -0.00413847 0.334291 -0.12477 -0.984549 -0.122866 -0.0464854 -0.989623 -0.13596 0.314665 -0.904443 -0.288042 0.259276 -0.880709 -0.396393 -0.676405 0.631946 0.378311 -0.670476 0.632381 0.388015 -0.624048 0.632281 0.459112 -0.624048 0.632281 0.459112 0.00226298 0.999974 0.00692037 -0.000555323 1 -0.000710571 0.170453 0.97712 -0.127213 0.29604 0.947321 -0.12224 0.741771 -0.564953 -0.361392 0.731118 -0.566575 -0.380078 0.692231 -0.57297 -0.438773 0.692213 -0.572974 -0.438796 0.886553 0.0211254 -0.462145 0.958182 -0.000348322 -0.286161 0.945644 -0.00334525 -0.325185 0.873069 0.0202472 -0.487176 0.667057 0.632637 -0.393454 0.673311 0.632223 -0.383335 0.624909 0.632286 -0.457934 0.624895 0.632286 -0.457953 -0.761381 -0.558514 -0.329183 -0.743409 -0.563021 -0.36104 -0.696937 -0.572052 -0.432475 -0.696873 -0.572065 -0.432562 -0.0428294 -0.991197 0.125274 -0.12435 -0.984653 0.122452 0.272956 -0.88209 0.383943 0.323937 -0.907998 0.265716 -0.896391 0.0218715 -0.442725 -0.958653 -0.000204669 -0.284579 -0.944234 -0.0036964 -0.329254 -0.876414 0.02049 -0.481121 -0.669637 0.632449 -0.389352 -0.675889 0.631996 -0.379151 -0.626444 0.632305 -0.455805 -0.626474 0.632306 -0.455764 -0.00220191 0.999994 0.00280858 -0.00259174 0.999965 0.00792713 0.288307 0.946497 0.144996 0.163682 0.977103 0.135937 0.671485 0.63238 0.38627 0.664064 0.632844 0.398155 0.62182 0.632245 0.462176 0.621821 0.632245 0.462173 0.862476 0.0194963 0.505722 0.933828 -0.00619805 0.357669 0.942272 -0.00465382 0.334817 0.865091 0.0195697 0.501233 0.709354 -0.571947 0.411938 0.710149 -0.573116 0.408933 0.688154 -0.573746 0.44414 0.688131 -0.57375 0.44417 0.071925 -0.485294 -0.871388 0.0714716 -0.494771 -0.86608 0.312475 -0.425732 -0.849183 0.319664 -0.43979 -0.839285 -0.635551 -0.477174 0.606943 -0.631525 -0.470187 0.616523 -0.581425 -0.389581 0.714263 -0.586476 -0.397285 0.70584 0.744423 -0.461507 -0.482541 0.74677 -0.456089 -0.484063 0.869589 -0.183664 -0.458348 0.869999 -0.190043 -0.454956 0.623289 -0.455292 -0.635783 0.610625 -0.434464 -0.662101 0.501612 -0.275414 -0.820081 0.519454 -0.299674 -0.800227 0.0685773 -0.556159 0.828241 0.0685701 -0.55629 0.828154 0.351193 -0.501685 0.790554 0.351864 -0.50303 0.7894 -0.636059 -0.478057 -0.605715 -0.630539 -0.468485 -0.618823 -0.587529 -0.398896 -0.704054 -0.594322 -0.409406 -0.692219 0.71464 -0.525282 0.461918 0.716236 -0.521917 0.463258 0.87226 -0.269981 0.407766 0.872154 -0.273083 0.405922 0.522261 -0.303866 0.796812 0.532319 -0.317837 0.784612 0.626499 -0.461007 0.628467 0.619247 -0.448878 0.644237 0.342735 -0.472993 -0.811671 0.337654 -0.49685 -0.799456 0.518716 -0.362978 -0.774068 0.52483 -0.387458 -0.757911 0.328088 -0.536997 0.77717 0.327825 -0.538422 0.776294 0.541291 -0.46485 0.700656 0.538315 -0.449438 0.712897 -0.814831 0.016814 0.579456 -0.814706 0.016806 0.579631 -0.118152 -0.986535 -0.113088 0.17329 -0.866562 -0.468018 0.812687 0.0166769 -0.582462 0.81287 0.0166885 -0.582206 0.000450797 1 0.000563976 0.163667 0.977442 -0.133491 -0.816574 0.0169255 -0.576992 -0.816736 0.0169359 -0.576763 -0.00263999 0.999991 0.00331662 0.160567 0.977418 0.137374 0.810327 0.0165286 0.585746 0.810336 0.0165292 0.585732 -0.120651 -0.985955 0.115479 0.170275 -0.865868 0.470402 -0.395778 -0.706627 0.586547 -0.395778 -0.706627 0.586547 -0.395778 -0.706627 0.586547 -0.83573 -0.0127946 0.548992 -0.83573 -0.0127946 0.548992 -0.83573 -0.0127947 0.548992 0.383442 -0.690507 -0.613329 0.383442 -0.690507 -0.613329 0.383442 -0.690507 -0.613329 0.775619 0.0753428 -0.626689 0.775619 0.0753428 -0.626689 0.775619 0.0753428 -0.626689 -0.401269 -0.713206 -0.574735 -0.401269 -0.713206 -0.574735 -0.401269 -0.713206 -0.574735 -0.838546 -0.0175252 -0.544549 -0.838546 -0.0175252 -0.544549 -0.838546 -0.0175252 -0.544549 0.79303 0.0555458 0.606645 0.79303 0.0555458 0.606645 0.79303 0.0555458 0.606645 0.380666 -0.687904 0.617965 0.380666 -0.687904 0.617965 0.380666 -0.687904 0.617965 -0.370639 0.928563 -0.0199292 -0.370756 0.928721 0.00416839 -0.321997 0.944458 0.0657063 -0.289606 0.946673 0.141207 -0.169748 0.977123 0.128123 -0.162792 0.977438 0.134588 0.530436 -0.539981 -0.653498 0.533869 -0.536386 -0.653662 0.19842 -0.35455 -0.913742 0.180518 -0.382399 -0.906192 -0.0630672 -0.25118 -0.965884 -0.0786274 -0.27729 -0.957564 -0.481348 -0.86121 0.16316 -0.447688 -0.869732 0.207706 -0.402701 -0.914273 0.0439967 -0.406995 -0.913023 0.0272638 -0.358065 -0.933603 0.0132283 -0.357972 -0.933488 -0.0213662 -0.404463 -0.913854 -0.035787 -0.400626 -0.914832 -0.0508036 -0.486325 -0.859551 -0.157033 -0.450166 -0.86912 -0.204893 -0.135217 -0.370967 0.918749 -0.134849 -0.370364 0.919046 0.134057 -0.451293 0.882249 0.134792 -0.450242 0.882674 0.471801 -0.597603 0.648286 0.475414 -0.594267 0.648713 -0.172917 0.977096 -0.124029 -0.165928 0.977445 -0.130653 -0.295345 0.947265 -0.124336 -0.321033 0.944566 -0.0687919 </float_array>
          <technique_common>
            <accessor count="256" offset="0" source="#meshId3-bitangents-array" stride="3">
              <param name="X" type="float" />
              <param name="Y" type="float" />
              <param name="Z" type="float" />
            </accessor>
          </technique_common>
        </source>
        <source id="meshId3-tex0" name="meshId3-tex0">
          <float_array id="meshId3-tex0-array" count="512"> 0.0810528 0.344421 0.0812482 0.345259 0.0667338 0.344329 0.0667834 0.343639 0.0818918 0.344584 0.0810528 0.344421 0.0807352 0.341092 0.0816677 0.34106 0.0819289 0.345329 0.0818918 0.344584 0.131508 0.344666 0.131453 0.345417 0.0805237 0.349067 0.081005 0.349066 0.0819223 0.352805 0.0813229 0.352897 0.132044 0.345325 0.132198 0.344466 0.147174 0.343831 0.147218 0.344553 0.132332 0.349197 0.132815 0.349206 0.131971 0.35307 0.131374 0.352966 0.132198 0.344466 0.131508 0.344666 0.131723 0.341091 0.132652 0.341111 0.0813229 0.352897 0.0811768 0.353745 0.0666463 0.354292 0.0666097 0.353598 0.0818768 0.353547 0.0819223 0.352805 0.131374 0.352966 0.131411 0.353715 0.0811768 0.353745 0.0818768 0.353547 0.0817082 0.357075 0.0806967 0.357056 0.13211 0.353935 0.131971 0.35307 0.147213 0.354254 0.147162 0.354981 0.131411 0.353715 0.13211 0.353935 0.132535 0.357319 0.13154 0.357275 0.0806967 0.357056 0.0806499 0.357875 0.067395 0.357901 0.0672041 0.357178 0.0817085 0.357842 0.0817082 0.357075 0.13154 0.357275 0.131533 0.358043 0.0812643 0.332516 0.0817232 0.33253 0.0822777 0.336393 0.0814219 0.336351 0.132549 0.358161 0.132535 0.357319 0.146516 0.357989 0.14629 0.358735 0.13164 0.332485 0.132082 0.332407 0.131969 0.336316 0.131103 0.336374 0.0807531 0.340277 0.0807352 0.341092 0.0673422 0.340799 0.0674879 0.340109 0.0816677 0.34106 0.0816507 0.340292 0.13174 0.340313 0.131723 0.341091 0.132652 0.341111 0.13265 0.340287 0.146466 0.340132 0.146617 0.340857 0.14748 0.340998 0.147301 0.340133 0.16534 0.337651 0.166035 0.338664 0.146617 0.340857 0.14748 0.340998 0.147768 0.343833 0.147174 0.343831 0.146622 0.33448 0.145741 0.334616 0.144794 0.329278 0.145289 0.329096 0.147766 0.344582 0.147768 0.343833 0.16928 0.342815 0.169928 0.343841 0.148248 0.349405 0.148845 0.349406 0.147783 0.354229 0.147213 0.354254 0.147478 0.358687 0.147585 0.357823 0.166101 0.360135 0.165401 0.361161 0.147585 0.357823 0.146516 0.357989 0.147162 0.354981 0.147795 0.354982 0.147795 0.354982 0.147783 0.354229 0.169903 0.354993 0.169212 0.355972 0.0666913 0.340108 0.0665169 0.340932 0.0489982 0.338625 0.0496668 0.337669 0.0681788 0.334865 0.0673428 0.334742 0.0685715 0.329662 0.0690246 0.32981 0.0665169 0.340932 0.0673422 0.340799 0.0667834 0.343639 0.0662179 0.343636 0.0662179 0.343636 0.0662108 0.344351 0.045261 0.343533 0.045884 0.342557 0.0651292 0.348952 0.0656939 0.348956 0.0666097 0.353598 0.0660709 0.35356 0.0660709 0.35356 0.0660508 0.354273 0.0459162 0.355117 0.0452465 0.354191 0.0660508 0.354273 0.0666463 0.354292 0.0672041 0.357178 0.0662126 0.356967 0.0662126 0.356967 0.0663033 0.357776 0.0495572 0.359971 0.0489081 0.359011 0.17313 0.361993 0.171048 0.366353 0.166173 0.361653 0.167072 0.36038 0.166035 0.338664 0.166909 0.338394 0.170177 0.342696 0.16928 0.342815 0.17597 0.356167 0.175571 0.357003 0.169868 0.355941 0.169903 0.354993 0.167072 0.36038 0.166101 0.360135 0.169212 0.355972 0.169868 0.355941 0.0448365 0.365063 0.0425649 0.361136 0.0480521 0.359235 0.0489896 0.360343 0.048171 0.338358 0.0489982 0.338625 0.045884 0.342557 0.0450311 0.342436 0.0399053 0.356579 0.0394551 0.355819 0.0452465 0.354191 0.0453017 0.355116 0.0453017 0.355116 0.0459162 0.355117 0.0489081 0.359011 0.0480521 0.359235 0.175571 0.357003 0.17313 0.361993 0.167072 0.36038 0.169868 0.355941 0.0425649 0.361136 0.0399053 0.356579 0.0453017 0.355116 0.0480521 0.359235 0.166035 0.338664 0.16928 0.342815 0.165826 0.330837 0.162899 0.32465 0.169212 0.355972 0.166101 0.360135 0.172473 0.349424 0.169903 0.354993 0.045884 0.342557 0.0489982 0.338625 0.0428212 0.348853 0.0452465 0.354191 0.0489081 0.359011 0.0459162 0.355117 0.0492744 0.331243 0.0520675 0.325448 0.166909 0.338394 0.166035 0.338664 0.16534 0.337651 0.169928 0.343841 0.16928 0.342815 0.170177 0.342696 0.167072 0.36038 0.165401 0.361161 0.166101 0.360135 0.169868 0.355941 0.169212 0.355972 0.169903 0.354993 0.0496668 0.337669 0.0489982 0.338625 0.048171 0.338358 0.0450311 0.342436 0.045884 0.342557 0.045261 0.343533 0.0453017 0.355116 0.0452465 0.354191 0.0459162 0.355117 0.0480521 0.359235 0.0489081 0.359011 0.0495572 0.359971 0.0819289 0.345329 0.131453 0.345417 0.132044 0.345325 0.147218 0.344553 0.147766 0.344582 0.169928 0.343841 0.180582 0.360108 0.180059 0.360815 0.180059 0.360815 0.178053 0.365611 0.178053 0.365611 0.177666 0.367075 0.147301 0.340133 0.16534 0.337651 0.146466 0.340132 0.13265 0.340287 0.13174 0.340313 0.0816507 0.340292 0.0807531 0.340277 0.0674879 0.340109 0.0666913 0.340108 0.0496668 0.337669 0.0387231 0.366267 0.0382419 0.364926 0.0382419 0.364926 0.0359776 0.360574 0.0359776 0.360574 0.0354257 0.359953 0.0662108 0.344351 0.045261 0.343533 0.0667338 0.344329 0.0812482 0.345259 </float_array>
          <technique_common>
            <accessor count="256" offset="0" source="#meshId3-tex0-array" stride="2">
              <param name="S" type="float" />
              <param name="T" type="float" />
            </accessor>
          </technique_common>
        </source>
        <vertices id="meshId3-vertices">
          <input semantic="POSITION" source="#meshId3-positions" />
        </vertices>
        <polylist count="220" material="defaultMaterial">
          <input offset="0" semantic="VERTEX" source="#meshId3-vertices" />
          <input offset="0" semantic="NORMAL" source="#meshId3-normals" />
          <input offset="0" semantic="TANGENT" source="#meshId3-tangents" />
          <input offset="0" semantic="BINORMAL" source="#meshId3-bitangents" />
          <input offset="0" semantic="TEXCOORD" source="#meshId3-tex0" set="0" />
          <vcount>3 3 3 3 3 3 3 3 3 3 3 3 3 3 3 3 3 3 3 3 3 3 3 3 3 3 3 3 3 3 3 3 3 3 3 3 3 3 3 3 3 3 3 3 3 3 3 3 3 3 3 3 3 3 3 3 3 3 3 3 3 3 3 3 3 3 3 3 3 3 3 3 3 3 3 3 3 3 3 3 3 3 3 3 3 3 3 3 3 3 3 3 3 3 3 3 3 3 3 3 3 3 3 3 3 3 3 3 3 3 3 3 3 3 3 3 3 3 3 3 3 3 3 3 3 3 3 3 3 3 3 3 3 3 3 3 3 3 3 3 3 3 3 3 3 3 3 3 3 3 3 3 3 3 3 3 3 3 3 3 3 3 3 3 3 3 3 3 3 3 3 3 3 3 3 3 3 3 3 3 3 3 3 3 3 3 3 3 3 3 3 3 3 3 3 3 3 3 3 3 3 3 3 3 3 3 3 3 3 3 3 3 3 3 3 3 3 3 3 3 </vcount>
          <p>3 0 1 1 2 3 7 4 5 5 6 7 11 8 9 9 10 11 15 12 13 13 14 15 19 16 17 17 18 19 23 20 21 21 22 23 27 24 25 25 26 27 31 28 29 29 30 31 35 32 33 33 34 35 39 36 37 37 38 39 43 40 41 41 42 43 47 44 45 45 46 47 51 48 49 49 50 51 55 52 53 53 54 55 59 56 57 57 58 59 63 60 61 61 62 63 67 64 65 65 66 67 71 68 69 69 70 71 75 72 73 73 74 75 79 76 77 77 78 79 83 80 81 81 82 83 87 84 85 85 86 87 91 88 89 89 90 91 95 92 93 93 94 95 99 96 97 97 98 99 103 100 101 101 102 103 107 104 105 105 106 107 111 108 109 109 110 111 115 112 113 113 114 115 119 116 117 117 118 119 123 120 121 121 122 123 127 124 125 125 126 127 131 128 129 129 130 131 135 132 133 133 134 135 139 136 137 137 138 139 143 140 141 141 142 143 147 144 145 145 146 147 151 148 149 149 150 151 155 152 153 153 154 155 159 156 157 157 158 159 163 160 161 161 162 163 167 164 165 165 166 167 171 168 169 169 170 171 175 172 173 173 174 175 14 13 20 20 23 14 38 37 44 44 47 38 58 57 64 64 67 58 4 7 26 26 25 4 179 176 177 177 178 179 183 180 181 181 182 183 87 24 27 27 84 87 90 89 66 66 65 90 105 46 45 45 106 105 99 22 21 21 96 99 121 6 5 5 122 121 130 129 12 12 15 130 137 36 39 39 138 137 119 56 59 59 116 119 185 86 85 85 184 185 187 186 88 88 91 187 189 104 107 107 188 189 191 98 97 97 190 191 193 120 123 123 192 193 195 194 128 128 131 195 197 136 139 139 196 197 199 118 117 117 198 199 1 0 9 9 8 1 17 16 11 11 10 17 29 28 33 33 32 29 41 40 35 35 34 41 49 48 53 53 52 49 61 60 55 55 54 61 69 68 73 73 72 69 77 76 75 75 74 77 81 80 79 79 78 81 93 92 19 19 18 93 101 100 63 63 62 101 109 108 43 43 42 109 113 112 71 71 70 113 125 124 3 3 2 125 133 132 31 31 30 133 141 140 51 51 50 141 200 201 202 203 204 205 206 207 208 209 210 211 212 213 214 215 216 217 218 219 220 221 222 223 13 224 225 225 20 13 20 225 226 226 21 20 227 96 21 21 226 227 96 227 228 228 97 96 229 190 97 97 228 229 152 230 231 231 153 152 176 232 233 233 177 176 144 234 235 235 145 144 237 236 88 88 186 237 88 236 238 238 89 88 238 239 66 66 89 238 240 67 66 66 239 240 241 58 67 67 240 241 242 59 58 58 241 242 243 116 59 59 242 243 116 243 244 244 117 116 245 198 117 117 244 245 160 246 247 247 161 160 180 248 249 249 181 180 168 250 251 251 169 168 253 252 128 128 194 253 128 252 254 254 129 128 254 255 12 12 129 254 12 255 224 224 13 12 </p>
        </polylist>
      </mesh>
    </geometry>
    <geometry id="meshId4" name="meshId4_name" >
      <mesh>
        <source id="meshId4-positions" name="meshId4-positions">
          <float_array id="meshId4-positions-array" count="321"> -0.743186 0.347232 0.357295 -0.743186 0.335005 0.352233 -0.750782 0.335005 0.337574 -0.750782 0.357597 0.346933 -0.743186 0.335005 0.352233 -0.743186 0.322779 0.357295 -0.750782 0.312414 0.346933 -0.750782 0.335005 0.337574 -0.743186 0.317715 0.369523 -0.750782 0.303056 0.369523 -0.743186 0.322779 0.381749 -0.750782 0.312414 0.392114 -0.743186 0.335005 0.386811 -0.750782 0.335005 0.401473 -0.743186 0.347232 0.381749 -0.750782 0.357597 0.392114 -0.743186 0.352296 0.369523 -0.750782 0.366954 0.369523 -0.762151 0.335005 0.327777 -0.762151 0.364523 0.340007 -0.762151 0.305488 0.340007 -0.762151 0.335005 0.327777 -0.762151 0.293262 0.369523 -0.762151 0.305488 0.399041 -0.762151 0.335005 0.411266 -0.762151 0.364523 0.399041 -0.762151 0.376749 0.369523 -0.775562 0.335005 0.324338 -0.775562 0.366955 0.337574 -0.775562 0.303056 0.337574 -0.775562 0.335005 0.324338 -0.775562 0.289822 0.369523 -0.775562 0.303056 0.401473 -0.775562 0.335005 0.414706 -0.775562 0.366955 0.401473 -0.775562 0.380188 0.369523 -0.788972 0.335005 0.327777 -0.788972 0.364522 0.340007 -0.788972 0.305488 0.340007 -0.788972 0.335005 0.327777 -0.788972 0.293262 0.369523 -0.788972 0.305488 0.399041 -0.788972 0.335005 0.411266 -0.788972 0.364522 0.399041 -0.788972 0.376749 0.369523 -0.800341 0.335005 0.337574 -0.800341 0.357597 0.346933 -0.800341 0.312414 0.346933 -0.800341 0.335005 0.337574 -0.800341 0.303056 0.369523 -0.800341 0.312414 0.392114 -0.800341 0.335005 0.401473 -0.800341 0.357597 0.392114 -0.800341 0.366955 0.369523 -0.807938 0.335005 0.352233 -0.807938 0.347232 0.357295 -0.807938 0.322779 0.357295 -0.807938 0.335005 0.352233 -0.807938 0.317715 0.369523 -0.807938 0.322779 0.381749 -0.807938 0.335005 0.386811 -0.807938 0.347232 0.381749 -0.807938 0.352296 0.369523 -0.723746 0.335006 0.315494 -0.723746 0.373211 0.33132 -0.723746 0.373091 0.407447 -0.723746 0.2968 0.331327 -0.723746 0.280974 0.369525 -0.723746 0.2968 0.40773 -0.723746 0.335006 0.42355 -0.723746 0.389037 0.369528 -0.810605 0.335005 0.369523 -0.810605 0.335005 0.369523 -0.743186 0.335005 0.352233 -0.743186 0.347232 0.357295 -0.734555 0.347392 0.357136 -0.734555 0.335006 0.352005 -0.743186 0.322779 0.357295 -0.743186 0.335005 0.352233 -0.734555 0.335006 0.352005 -0.734555 0.322618 0.357139 -0.743186 0.317715 0.369523 -0.734555 0.317487 0.369523 -0.743186 0.322779 0.381749 -0.734555 0.322618 0.381911 -0.743186 0.335005 0.386811 -0.734555 0.335006 0.387038 -0.743186 0.347232 0.381749 -0.734555 0.347392 0.381911 -0.743186 0.352296 0.369523 -0.734555 0.352523 0.369524 -0.729686 0.373211 0.33132 -0.729686 0.335006 0.315494 -0.729686 0.335006 0.315494 -0.729686 0.2968 0.331327 -0.729686 0.280974 0.369525 -0.729686 0.2968 0.40773 -0.729686 0.335006 0.42355 -0.729686 0.373211 0.40773 -0.729686 0.389037 0.369528 -0.723746 0.373211 0.33132 -0.723746 0.335006 0.315494 -0.723746 0.335006 0.315494 -0.723746 0.2968 0.40773 -0.723746 0.335006 0.42355 -0.723746 0.373091 0.407447 -0.723746 0.389037 0.369528 </float_array>
          <technique_common>
            <accessor count="107" offset="0" source="#meshId4-positions-array" stride="3">
              <param name="X" type="float" />
              <param name="Y" type="float" />
              <param name="Z" type="float" />
            </accessor>
          </technique_common>
        </source>
        <source id="meshId4-normals" name="meshId4-normals">
          <float_array id="meshId4-normals-array" count="321"> 0.754727 0.463882 -0.463896 0.75471 -1.16618e-05 -0.656058 0.742323 -1.11515e-06 -0.670043 0.742312 0.473816 -0.473783 0.75471 -1.16618e-05 -0.656058 0.754742 -0.463845 -0.463909 0.74231 -0.473816 -0.473787 0.742323 -1.11515e-06 -0.670043 0.754733 -0.656032 1.6126e-06 0.742312 -0.670055 -1.05209e-07 0.754756 -0.463838 0.463893 0.742317 -0.473795 0.473796 0.754757 -2.56465e-06 0.656005 0.742319 -2.60911e-06 0.670046 0.754762 0.46384 0.463882 0.742319 0.473796 0.473793 0.754721 0.656046 -7.20096e-06 0.74231 0.670056 -3.15625e-08 0.429703 -1.29351e-06 -0.90297 0.429678 0.63852 -0.63849 0.429679 -0.638518 -0.638491 0.429703 -1.29351e-06 -0.90297 0.429661 -0.90299 8.31556e-07 0.429655 -0.638507 0.638518 0.429651 -9.23947e-07 0.902995 0.429654 0.638511 0.638515 0.429661 0.90299 4.06537e-07 2.78189e-06 6.34307e-08 -1 -1.10097e-06 0.707111 -0.707103 3.13072e-06 -0.707109 -0.707105 2.78189e-06 6.34307e-08 -1 4.84788e-07 -1 4.62135e-07 8.15539e-07 -0.707104 0.707109 -4.62134e-07 9.4239e-07 1 -1.51328e-06 0.707106 0.707107 -1.84854e-06 1 5.07443e-07 -0.429707 -9.1933e-07 -0.902969 -0.429683 0.63852 -0.638486 -0.429681 -0.638516 -0.638491 -0.429707 -9.1933e-07 -0.902969 -0.429665 -0.902988 1.61693e-07 -0.429658 -0.638505 0.638518 -0.429656 -1.20576e-06 0.902992 -0.429659 0.638508 0.638514 -0.429667 0.902987 1.04407e-06 -0.742319 2.1435e-06 -0.670046 -0.742307 0.473821 -0.473786 -0.742308 -0.473818 -0.473788 -0.742319 2.1435e-06 -0.670046 -0.742305 -0.670062 -6.8648e-07 -0.742314 -0.473799 0.473798 -0.742315 -8.41641e-07 0.670051 -0.742314 0.473798 0.473798 -0.742304 0.670063 -1.39401e-07 -0.9139 3.40752e-06 -0.405939 -0.9139 0.287034 -0.28705 -0.913902 -0.287026 -0.287053 -0.9139 3.40752e-06 -0.405939 -0.913909 -0.40592 1.57297e-06 -0.913914 -0.287009 0.287032 -0.913919 -3.57162e-06 0.405897 -0.913913 0.287012 0.287031 -0.913908 0.405922 1.52073e-06 0.986982 -1.89674e-05 -0.16083 0.97445 0.158828 -0.158812 0.976523 0.153015 0.151623 0.989372 -0.102815 -0.102816 0.987011 -0.160651 -2.48376e-09 0.974587 -0.158386 0.158408 0.896331 0.000821655 0.443385 0.895088 0.445888 0.00035136 -1 1.80836e-06 2.79077e-06 -1 1.80836e-06 2.79077e-06 0.75471 -1.16618e-05 -0.656058 0.754727 0.463882 -0.463896 -0.975735 0.15483 -0.15482 -0.975737 -1.89589e-05 -0.218948 0.754742 -0.463845 -0.463909 0.75471 -1.16618e-05 -0.656058 -0.975737 -1.89589e-05 -0.218948 -0.975727 -0.154852 -0.15485 0.754733 -0.656032 1.6126e-06 -0.975736 -0.21895 -4.95787e-06 0.754756 -0.463838 0.463893 -0.975741 -0.154786 0.154827 0.754757 -2.56465e-06 0.656005 -0.975731 -1.26557e-06 0.218973 0.754762 0.46384 0.463882 -0.975741 0.154785 0.154826 0.754721 0.656046 -7.20096e-06 -0.975736 0.218948 -2.12171e-06 -0.908498 0.295502 -0.295482 -0.908491 -3.63597e-05 -0.417903 -0.908491 -3.63597e-05 -0.417903 -0.908495 -0.295495 -0.295499 -0.908503 -0.417879 2.49561e-06 -0.908506 -0.295456 0.295504 -0.907865 0.000550787 0.419261 -0.908588 0.294341 0.296362 -0.908192 0.418553 0.000233882 0.97445 0.158828 -0.158812 0.986982 -1.89674e-05 -0.16083 0.986982 -1.89674e-05 -0.16083 0.974587 -0.158386 0.158408 0.896331 0.000821655 0.443385 0.976523 0.153015 0.151623 0.895088 0.445888 0.00035136 </float_array>
          <technique_common>
            <accessor count="107" offset="0" source="#meshId4-normals-array" stride="3">
              <param name="X" type="float" />
              <param name="Y" type="float" />
              <param name="Z" type="float" />
            </accessor>
          </technique_common>
        </source>
        <source id="meshId4-tangents" name="meshId4-tangents">
          <float_array id="meshId4-tangents-array" count="321"> 0.602727 -0.769516 0.211103 0.433235 -0.75094 0.498395 0.491188 -0.680153 0.544176 0.624759 -0.744988 0.233817 0.525341 0.599004 0.604327 0.631053 0.706573 0.320197 0.619036 0.755568 0.214267 0.509323 0.649767 0.564264 0.655125 0.753689 -0.0525813 0.654349 0.724912 -0.215245 0.653455 0.593883 -0.469361 0.667073 0.456 -0.589133 0.650148 0.133328 -0.748018 0.669435 -0.0426985 -0.741642 0.646053 -0.402917 -0.648285 0.669764 -0.504156 -0.5452 0.634978 -0.730488 -0.251375 0.661627 -0.732972 -0.158119 0.849856 -0.33791 0.404428 0.879819 -0.455169 0.136892 0.883566 0.443144 0.151441 0.855854 0.318805 0.407281 0.895336 0.426018 -0.129933 0.900765 0.253418 -0.352706 0.902127 -0.0438405 -0.429238 0.902985 -0.300666 -0.30695 0.8969 -0.426764 -0.115941 0.961691 0.274134 2.70808e-06 0.989665 0.101396 0.101395 0.985589 -0.119609 0.119614 0.966469 -0.256783 2.69413e-06 0.995214 5.31632e-07 0.0977173 0.999113 0.0297702 0.0297688 0.999494 -0.0318095 4.96858e-07 0.996803 -0.0564969 0.056499 0.995964 1.78795e-06 0.089758 0.558761 0.785545 -0.265905 0.779727 0.618981 0.0942799 0.765998 -0.632162 0.116697 0.590179 -0.756841 -0.280855 0.847732 -0.403373 0.344441 0.890812 -0.183966 0.415465 0.90204 -0.0459194 0.429203 0.88566 0.160108 0.435858 0.853312 0.40603 0.327106 0.174471 0.965505 -0.193287 0.482606 0.86858 0.112518 0.473865 -0.871133 0.12876 0.210586 -0.949328 -0.233304 0.596486 -0.660796 0.45558 0.657262 -0.377376 0.652376 0.669286 -0.0477582 0.741468 0.650477 0.339889 0.679231 0.599364 0.663983 0.447089 0.0304769 0.997178 -0.0686052 0.273754 0.95792 0.0862985 0.265415 -0.957554 0.112452 0.0531425 -0.991393 -0.119649 0.375589 -0.84562 0.379289 0.4058 -0.662326 0.629801 0.404094 0.0941283 0.909861 0.40247 0.732594 0.54893 0.385769 0.868534 0.311177 0.150128 -0.35857 0.921351 0.203374 -0.323855 0.92399 -0.0854538 -0.370945 0.924715 0.0241497 -0.581096 0.813476 -0.0152504 -0.0936954 0.995484 -0.209746 -0.396927 0.893564 -0.40155 -0.422532 0.812542 0.139396 -0.280575 0.949656 2.33143e-06 0.977325 0.211747 -1.27948e-06 -0.982098 0.188373 0.0446184 0.997686 0.0513102 -0.05048 0.746085 0.663935 -0.0246794 0.62481 0.780387 -0.146507 0.74319 0.652843 0.0624768 -0.653118 0.754674 0.225669 -0.938973 0.25962 -0.122784 -0.827908 0.547258 0.0186366 -0.763252 0.645832 0.175324 0.201704 0.963627 0.0682662 -0.304245 0.950145 0.395908 0.885919 0.24167 0.146357 0.0647629 0.98711 0.646888 0.166142 -0.744267 0.213373 0.224702 0.950779 0.503973 -0.862668 0.0425973 0.166393 0.0647199 0.983933 0.162462 -0.186887 0.968855 0.0767369 0.341985 0.936567 -0.0687578 0.591744 0.803188 -0.279057 0.744434 0.606585 -0.29227 -0.714702 0.635436 -0.05508 -0.616272 0.785605 0.103639 -0.225314 0.968758 0.264309 0.141434 0.954011 0.418293 0.0691154 0.905679 0.234317 -0.228186 0.945001 0.08537 0.184692 0.979082 -0.0117795 0.742238 0.670033 0.0445433 0.960914 0.27324 0.0460789 -0.958045 0.282891 0.0531287 0.850413 0.523426 0.434828 0.193895 -0.879392 0.0607397 -0.870896 0.487701 0.0552431 -0.111678 0.992208 </float_array>
          <technique_common>
            <accessor count="107" offset="0" source="#meshId4-tangents-array" stride="3">
              <param name="X" type="float" />
              <param name="Y" type="float" />
              <param name="Z" type="float" />
            </accessor>
          </technique_common>
        </source>
        <source id="meshId4-bitangents" name="meshId4-bitangents">
          <float_array id="meshId4-bitangents-array" count="321"> -0.259049 -0.438928 -0.860369 -0.492666 -0.660371 -0.566737 -0.455732 -0.733071 -0.504892 -0.242177 -0.469565 -0.849034 0.392974 -0.800746 0.452081 0.179263 -0.534417 0.825992 0.256456 -0.452344 0.854175 0.435371 -0.760134 0.482337 0.0344938 0.0396859 0.998617 0.144226 0.159778 0.97656 -0.0577907 0.657386 0.751334 0.063077 0.75338 0.654553 -0.0874617 0.991072 0.100632 0.0286119 0.999088 -0.0316942 -0.113794 0.788993 -0.603772 -0.0194477 0.722042 -0.691576 -0.164919 0.189714 -0.96789 -0.105948 0.117373 -0.98742 -0.305123 -0.941178 -0.1452 -0.203213 -0.620575 -0.757358 0.186246 -0.62922 0.754582 0.28787 -0.94782 0.136992 0.117328 0.0558278 0.991523 0.0633934 0.726697 0.684027 0.0395881 0.999039 -0.0188353 -0.00401118 0.708451 -0.705748 -0.104693 0.0498156 -0.993256 0.274134 -0.961691 7.01611e-07 0.143395 -0.699795 -0.699803 -0.169156 -0.696915 0.696919 -0.256783 -0.966469 -7.75646e-07 -0.0977173 4.12551e-07 0.995214 -0.0421004 0.706482 0.706477 0.0318095 0.999494 -9.27213e-07 0.0799002 0.704846 -0.704846 0.089758 6.71316e-07 -0.995964 0.709323 -0.618804 -0.337553 0.45541 -0.457334 -0.763837 -0.478143 -0.438941 0.76073 -0.683404 -0.653599 0.32522 -0.311027 0.147995 0.938808 -0.147811 0.747307 0.64783 0.0414644 0.998945 0.0197307 0.176068 0.752777 -0.634293 0.295373 0.140548 -0.944988 0.646933 -0.260384 -0.716713 0.464835 -0.145129 -0.873422 -0.473741 -0.128932 0.871175 -0.636094 -0.314288 0.704704 -0.305267 0.338179 0.890195 -0.130295 0.795677 0.591541 0.0319998 0.998859 0.0354522 0.16078 0.812398 -0.5605 0.299578 0.331876 -0.89449 0.404793 -0.07507 -0.911322 0.299742 0.000287101 -0.95402 -0.307146 0.0265818 0.951291 -0.402445 -0.13092 0.906034 -0.15396 0.346636 0.925278 0.00934963 0.692062 0.721778 -0.0382096 0.99556 -0.0860242 -0.052728 0.617195 -0.785041 0.126312 0.284388 -0.950352 -0.0576863 -0.933503 -0.3539 0.095323 -0.93268 -0.347882 0.197739 -0.915962 -0.349161 -0.143384 -0.807314 -0.572438 -0.159925 -0.982554 -0.0949284 -0.0786515 -0.904081 -0.42006 0.188012 -0.906348 -0.378399 0.423539 -0.849977 -0.313295 -2.34458e-06 0.211747 -0.977325 3.08145e-06 0.188373 0.982098 0.654539 -0.0679966 0.752964 0.654094 -0.477672 0.586507 0.21756 0.765271 -0.605828 0.162707 0.669081 -0.72516 -0.653039 -0.598568 -0.463956 -0.616024 -0.34399 -0.70865 -0.181279 0.560863 0.807818 -0.218198 0.627269 0.747612 -0.632171 -0.72728 0.267251 -0.208036 0.92709 0.311809 -0.523068 0.00125685 0.85229 -0.162817 0.985823 -0.0405379 -0.108988 0.986102 0.125398 -0.0492047 0.974428 -0.219248 0.419935 0.201633 -0.884872 0.142278 0.985826 -0.0889051 0.635611 -0.731216 -0.24763 0.20506 0.913843 -0.350488 0.412194 0.750012 -0.51728 0.311079 0.667696 -0.676322 -0.298699 0.699429 0.64929 -0.41425 0.729994 0.543604 -0.404823 0.88012 0.248007 -0.323663 0.944829 -0.0504021 -0.0284786 0.997609 -0.0629779 0.345778 0.928059 0.138358 0.409754 0.889214 -0.203468 0.224296 -0.651043 0.725144 0.154539 -0.276847 0.948406 -0.154088 -0.286619 -0.945572 -0.217616 -0.501708 0.837217 -0.0866924 0.981022 0.173436 0.206673 -0.467041 -0.859743 0.442453 -0.888094 -0.124594 </float_array>
          <technique_common>
            <accessor count="107" offset="0" source="#meshId4-bitangents-array" stride="3">
              <param name="X" type="float" />
              <param name="Y" type="float" />
              <param name="Z" type="float" />
            </accessor>
          </technique_common>
        </source>
        <source id="meshId4-tex0" name="meshId4-tex0">
          <float_array id="meshId4-tex0-array" count="214"> 0.569126 0.620979 0.567062 0.630216 0.556902 0.637535 0.559215 0.624467 0.56658 0.544259 0.568487 0.553654 0.559152 0.549488 0.556916 0.536783 0.571517 0.564159 0.563241 0.562404 0.573362 0.57557 0.565362 0.575399 0.573505 0.587315 0.564563 0.587547 0.573341 0.598794 0.564978 0.599526 0.571829 0.610247 0.563234 0.61199 0.545267 0.642168 0.549348 0.627543 0.549141 0.546579 0.545582 0.532035 0.553962 0.560829 0.555759 0.574804 0.553973 0.587325 0.555153 0.599863 0.553783 0.613371 0.533802 0.642552 0.539818 0.628217 0.539564 0.546177 0.534261 0.531647 0.544993 0.560584 0.546409 0.574693 0.543969 0.587229 0.545722 0.599832 0.544806 0.61384 0.523287 0.638217 0.530611 0.625938 0.530479 0.548779 0.52379 0.536061 0.53604 0.562168 0.536839 0.575441 0.534014 0.587118 0.536173 0.599075 0.535791 0.612446 0.51475 0.629162 0.521883 0.620405 0.52201 0.554474 0.515062 0.545102 0.526747 0.565677 0.526319 0.576906 0.523312 0.58678 0.52588 0.597467 0.526358 0.609204 0.50934 0.616761 0.514284 0.612342 0.51435 0.562298 0.509138 0.55748 0.517413 0.569858 0.515782 0.57855 0.512493 0.58707 0.51571 0.595722 0.517163 0.604747 0.386812 0.57666 0.385918 0.546148 0.438699 0.526549 0.409317 0.598683 0.440642 0.60248 0.46099 0.579072 0.460442 0.548173 0.40825 0.525167 0.508334 0.601927 0.508334 0.572308 0.411938 0.66249 0.420398 0.665879 0.420725 0.672403 0.410412 0.668719 0.417845 0.636896 0.408216 0.636168 0.409486 0.629931 0.419337 0.630691 0.426798 0.638788 0.429423 0.633086 0.433627 0.643981 0.4383 0.639868 0.43653 0.651684 0.442647 0.650564 0.434594 0.659592 0.44033 0.662013 0.428532 0.664999 0.432046 0.670232 0.41018 0.697948 0.386195 0.681623 0.385215 0.619693 0.410667 0.603003 0.439287 0.606834 0.461469 0.625235 0.47003 0.652595 0.461294 0.679562 0.438869 0.696986 0.409198 0.702415 0.383194 0.684996 0.383182 0.615797 0.465035 0.622396 0.474585 0.652233 0.465119 0.682257 0.440347 0.701216 </float_array>
          <technique_common>
            <accessor count="107" offset="0" source="#meshId4-tex0-array" stride="2">
              <param name="S" type="float" />
              <param name="T" type="float" />
            </accessor>
          </technique_common>
        </source>
        <vertices id="meshId4-vertices">
          <input semantic="POSITION" source="#meshId4-positions" />
        </vertices>
        <polylist count="158" material="defaultMaterial">
          <input offset="0" semantic="VERTEX" source="#meshId4-vertices" />
          <input offset="0" semantic="NORMAL" source="#meshId4-normals" />
          <input offset="0" semantic="TANGENT" source="#meshId4-tangents" />
          <input offset="0" semantic="BINORMAL" source="#meshId4-bitangents" />
          <input offset="0" semantic="TEXCOORD" source="#meshId4-tex0" set="0" />
          <vcount>3 3 3 3 3 3 3 3 3 3 3 3 3 3 3 3 3 3 3 3 3 3 3 3 3 3 3 3 3 3 3 3 3 3 3 3 3 3 3 3 3 3 3 3 3 3 3 3 3 3 3 3 3 3 3 3 3 3 3 3 3 3 3 3 3 3 3 3 3 3 3 3 3 3 3 3 3 3 3 3 3 3 3 3 3 3 3 3 3 3 3 3 3 3 3 3 3 3 3 3 3 3 3 3 3 3 3 3 3 3 3 3 3 3 3 3 3 3 3 3 3 3 3 3 3 3 3 3 3 3 3 3 3 3 3 3 3 3 3 3 3 3 3 3 3 3 3 3 3 3 3 3 3 3 3 3 3 3 </vcount>
          <p>3 0 1 1 2 3 7 4 5 5 6 7 6 5 8 8 9 6 9 8 10 10 11 9 11 10 12 12 13 11 13 12 14 14 15 13 15 14 16 16 17 15 17 16 0 0 3 17 19 3 2 2 18 19 21 7 6 6 20 21 20 6 9 9 22 20 22 9 11 11 23 22 23 11 13 13 24 23 24 13 15 15 25 24 25 15 17 17 26 25 26 17 3 3 19 26 28 19 18 18 27 28 30 21 20 20 29 30 29 20 22 22 31 29 31 22 23 23 32 31 32 23 24 24 33 32 33 24 25 25 34 33 34 25 26 26 35 34 35 26 19 19 28 35 37 28 27 27 36 37 39 30 29 29 38 39 38 29 31 31 40 38 40 31 32 32 41 40 41 32 33 33 42 41 42 33 34 34 43 42 43 34 35 35 44 43 44 35 28 28 37 44 46 37 36 36 45 46 48 39 38 38 47 48 47 38 40 40 49 47 49 40 41 41 50 49 50 41 42 42 51 50 51 42 43 43 52 51 52 43 44 44 53 52 53 44 37 37 46 53 55 46 45 45 54 55 57 48 47 47 56 57 56 47 49 49 58 56 58 49 50 50 59 58 59 50 51 51 60 59 60 51 52 52 61 60 61 52 53 53 62 61 62 53 46 46 55 62 63 64 65 66 63 65 67 66 65 68 67 65 69 68 65 64 70 65 55 54 71 57 56 72 56 58 72 58 59 72 59 60 72 60 61 71 61 62 71 62 55 71 76 73 74 74 75 76 80 77 78 78 79 80 82 81 77 77 80 82 84 83 81 81 82 84 86 85 83 83 84 86 88 87 85 85 86 88 90 89 87 87 88 90 75 74 89 89 90 75 92 76 75 75 91 92 94 80 79 79 93 94 95 82 80 80 94 95 96 84 82 82 95 96 97 86 84 84 96 97 98 88 86 86 97 98 99 90 88 88 98 99 91 75 90 90 99 91 101 92 91 91 100 101 66 94 93 93 102 66 67 95 94 94 66 67 103 96 95 95 67 103 104 97 96 96 103 104 105 98 97 97 104 105 106 99 98 98 105 106 100 91 99 99 106 100 </p>
        </polylist>
      </mesh>
    </geometry>
    <geometry id="meshId5" name="meshId5_name" >
      <mesh>
        <source id="meshId5-positions" name="meshId5-positions">
          <float_array id="meshId5-positions-array" count="150"> -0.728678 0.0722899 0.942877 -0.733943 0.0722899 0.940696 -0.733943 0.179543 0.940696 -0.728678 0.179543 0.942877 -0.733943 0.0722899 0.940696 -0.739207 0.0722899 0.942877 -0.739207 0.179543 0.942877 -0.733943 0.179543 0.940696 -0.739207 0.0722899 0.942877 -0.741388 0.0722899 0.948141 -0.741388 0.179543 0.948141 -0.739207 0.179543 0.942877 -0.741388 0.0722899 0.948141 -0.739207 0.0722899 0.953405 -0.739207 0.179543 0.953405 -0.741388 0.179543 0.948141 -0.739207 0.0722899 0.953405 -0.733943 0.0722899 0.955585 -0.733943 0.179543 0.955585 -0.739207 0.179543 0.953405 -0.733943 0.0722899 0.955585 -0.728678 0.0722899 0.953405 -0.728678 0.179543 0.953405 -0.733943 0.179543 0.955585 -0.728678 0.0722899 0.953405 -0.726498 0.0722899 0.948141 -0.726498 0.179543 0.948141 -0.728678 0.179543 0.953405 -0.726498 0.0722899 0.948141 -0.728678 0.0722899 0.942877 -0.728678 0.179543 0.942877 -0.726498 0.179543 0.948141 -0.733943 0.0722899 0.940696 -0.728678 0.0722899 0.942877 -0.733943 0.0722899 0.948141 -0.739207 0.0722899 0.942877 -0.741388 0.0722899 0.948141 -0.739207 0.0722899 0.953405 -0.733943 0.0722899 0.955585 -0.728678 0.0722899 0.953405 -0.726498 0.0722899 0.948141 -0.728678 0.179543 0.942877 -0.733943 0.179543 0.940696 -0.733943 0.179543 0.948141 -0.739207 0.179543 0.942877 -0.741388 0.179543 0.948141 -0.739207 0.179543 0.953405 -0.733943 0.179543 0.955585 -0.728678 0.179543 0.953405 -0.726498 0.179543 0.948141 </float_array>
          <technique_common>
            <accessor count="50" offset="0" source="#meshId5-positions-array" stride="3">
              <param name="X" type="float" />
              <param name="Y" type="float" />
              <param name="Z" type="float" />
            </accessor>
          </technique_common>
        </source>
        <source id="meshId5-normals" name="meshId5-normals">
          <float_array id="meshId5-normals-array" count="150"> 0.382677 0 -0.923882 0.382677 0 -0.923882 0.382677 0 -0.923882 0.382677 0 -0.923882 -0.382677 0 -0.923882 -0.382677 0 -0.923882 -0.382677 0 -0.923882 -0.382677 0 -0.923882 -0.923868 0 -0.38271 -0.923868 0 -0.38271 -0.923868 0 -0.38271 -0.923868 0 -0.38271 -0.923864 0 0.38272 -0.923864 0 0.38272 -0.923864 0 0.38272 -0.923864 0 0.38272 -0.382692 0 0.923876 -0.382692 0 0.923876 -0.382692 0 0.923876 -0.382692 0 0.923876 0.382692 0 0.923876 0.382692 0 0.923876 0.382692 0 0.923876 0.382692 0 0.923876 0.923882 0 0.382676 0.923882 0 0.382676 0.923882 0 0.382676 0.923882 0 0.382676 0.923887 0 -0.382666 0.923887 0 -0.382666 0.923887 0 -0.382666 0.923887 0 -0.382666 0 -1 0 0 -1 0 0 -1 0 0 -1 0 0 -1 0 0 -1 0 0 -1 0 0 -1 0 0 -1 0 0 1 0 0 1 0 0 1 2.24972e-06 0 1 -8.99933e-06 0 1 8.99868e-06 0 1 1.79994e-05 0 1 0 0 1 0 0 1 0 </float_array>
          <technique_common>
            <accessor count="50" offset="0" source="#meshId5-normals-array" stride="3">
              <param name="X" type="float" />
              <param name="Y" type="float" />
              <param name="Z" type="float" />
            </accessor>
          </technique_common>
        </source>
        <source id="meshId5-tangents" name="meshId5-tangents">
          <float_array id="meshId5-tangents-array" count="150"> -0.923882 -2.46838e-05 -0.382677 -0.923882 -2.38498e-05 -0.382677 -0.923882 0 -0.382677 -0.923882 -8.34053e-07 -0.382677 -0.923882 -2.46839e-05 0.382677 -0.923882 -2.71264e-05 0.382677 -0.923882 -9.69719e-05 0.382677 -0.923882 -9.45293e-05 0.382677 -0.38271 -9.69726e-05 0.923868 -0.38271 -9.3696e-05 0.923868 -0.38271 0 0.923868 -0.38271 -3.27665e-06 0.923868 0.38272 2.46843e-05 0.923864 0.38272 2.38502e-05 0.923864 0.38272 0 0.923864 0.38272 8.34069e-07 0.923864 0.923876 0 0.382692 0.923876 -3.27661e-06 0.382692 0.923876 -9.69714e-05 0.382692 0.923876 -9.36948e-05 0.382692 0.923876 -2.46836e-05 -0.382692 0.923876 -2.55177e-05 -0.382692 0.923876 -4.93672e-05 -0.382692 0.923876 -4.85331e-05 -0.382692 0.382676 -4.93692e-05 -0.923883 0.382676 -4.77011e-05 -0.923882 0.382676 0 -0.923883 0.382676 -1.66812e-06 -0.923882 -0.382666 0 -0.923886 -0.382666 -1.66814e-06 -0.923887 -0.382666 -4.93687e-05 -0.923887 -0.382666 -4.77006e-05 -0.923886 0.923882 0 -0.382677 0.92388 0 -0.382682 0.923885 0 -0.382669 0.923893 0 -0.382651 0.923901 0 -0.382631 0.923895 0 -0.382646 0.92388 0 -0.382682 0.923873 0 -0.382698 0.923878 0 -0.382687 0.923922 0 -0.382582 0.923912 0 -0.382606 0.923912 8.60756e-07 -0.382606 0.923906 -3.44332e-06 -0.382619 0.923911 3.44296e-06 -0.382608 0.923916 6.88647e-06 -0.382594 0.92391 0 -0.38261 0.923903 0 -0.382627 0.923915 0 -0.382598 </float_array>
          <technique_common>
            <accessor count="50" offset="0" source="#meshId5-tangents-array" stride="3">
              <param name="X" type="float" />
              <param name="Y" type="float" />
              <param name="Z" type="float" />
            </accessor>
          </technique_common>
        </source>
        <source id="meshId5-bitangents" name="meshId5-bitangents">
          <float_array id="meshId5-bitangents-array" count="150"> -2.28049e-05 1 -9.44592e-06 -2.20344e-05 1 -9.12674e-06 0 1 0 -7.70567e-07 1 -3.19173e-07 -2.2805e-05 1 9.44593e-06 -2.50616e-05 1 1.03806e-05 -8.95906e-05 1 3.71089e-05 -8.7334e-05 1 3.61741e-05 -3.71124e-05 1 8.95899e-05 -3.58584e-05 1 8.65627e-05 0 1 0 -1.25401e-06 1 3.0272e-06 -9.44718e-06 1 -2.28049e-05 -9.12796e-06 1 -2.20344e-05 0 1 -0 -3.19215e-07 1 -7.70566e-07 0 1 -0 3.02718e-06 1 1.25393e-06 8.95895e-05 1 3.71102e-05 8.65623e-05 1 3.58563e-05 2.28046e-05 1 -9.44623e-06 2.35752e-05 1 -9.76541e-06 4.56091e-05 1 -1.88924e-05 4.48386e-05 1 -1.85733e-05 1.88924e-05 1 -4.56113e-05 1.82541e-05 1 -4.40702e-05 -0 1 0 6.38351e-07 1 -1.54115e-06 0 1 0 -6.38342e-07 1 -1.54117e-06 -1.88918e-05 1 -4.56111e-05 -1.82534e-05 1 -4.40699e-05 0.382677 0 0.923882 0.382682 0 0.92388 0.382669 0 0.923885 0.382651 0 0.923893 0.382631 0 0.923901 0.382646 0 0.923895 0.382682 0 0.92388 0.382698 0 0.923873 0.382687 0 0.923878 -0.382582 0 -0.923921 -0.382606 0 -0.923912 -0.382606 2.07854e-06 -0.923912 -0.382619 -8.31453e-06 -0.923906 -0.382608 8.31398e-06 -0.923911 -0.382594 1.66299e-05 -0.923916 -0.38261 0 -0.92391 -0.382627 0 -0.923903 -0.382598 0 -0.923915 </float_array>
          <technique_common>
            <accessor count="50" offset="0" source="#meshId5-bitangents-array" stride="3">
              <param name="X" type="float" />
              <param name="Y" type="float" />
              <param name="Z" type="float" />
            </accessor>
          </technique_common>
        </source>
        <source id="meshId5-tex0" name="meshId5-tex0">
          <float_array id="meshId5-tex0-array" count="100"> 0.508897 0.906472 0.51136 0.906472 0.511358 0.952824 0.508896 0.952824 0.51136 0.906472 0.513822 0.906472 0.513821 0.952824 0.511358 0.952824 0.513822 0.906472 0.516285 0.906473 0.516283 0.952824 0.513821 0.952824 0.516285 0.906473 0.518747 0.906472 0.518745 0.952824 0.516283 0.952824 0.518747 0.906472 0.521209 0.906472 0.521208 0.952824 0.518745 0.952824 0.521209 0.906472 0.523672 0.906473 0.523671 0.952824 0.521208 0.952824 0.523672 0.906473 0.526134 0.906473 0.526133 0.952824 0.523671 0.952824 0.526134 0.906473 0.528597 0.906473 0.528595 0.952824 0.526133 0.952824 0.523672 0.900528 0.525413 0.902269 0.522441 0.9035 0.521209 0.900528 0.519468 0.902269 0.519468 0.904731 0.521209 0.906472 0.523672 0.906473 0.525413 0.904731 0.525411 0.957028 0.52367 0.958769 0.522439 0.955796 0.521207 0.958769 0.519466 0.957027 0.519467 0.954565 0.521208 0.952824 0.523671 0.952824 0.525411 0.954565 </float_array>
          <technique_common>
            <accessor count="50" offset="0" source="#meshId5-tex0-array" stride="2">
              <param name="S" type="float" />
              <param name="T" type="float" />
            </accessor>
          </technique_common>
        </source>
        <vertices id="meshId5-vertices">
          <input semantic="POSITION" source="#meshId5-positions" />
        </vertices>
        <polylist count="32" material="defaultMaterial">
          <input offset="0" semantic="VERTEX" source="#meshId5-vertices" />
          <input offset="0" semantic="NORMAL" source="#meshId5-normals" />
          <input offset="0" semantic="TANGENT" source="#meshId5-tangents" />
          <input offset="0" semantic="BINORMAL" source="#meshId5-bitangents" />
          <input offset="0" semantic="TEXCOORD" source="#meshId5-tex0" set="0" />
          <vcount>3 3 3 3 3 3 3 3 3 3 3 3 3 3 3 3 3 3 3 3 3 3 3 3 3 3 3 3 3 3 3 3 </vcount>
          <p>3 0 1 1 2 3 7 4 5 5 6 7 11 8 9 9 10 11 15 12 13 13 14 15 19 16 17 17 18 19 23 20 21 21 22 23 27 24 25 25 26 27 31 28 29 29 30 31 32 33 34 35 32 34 36 35 34 37 36 34 38 37 34 39 38 34 40 39 34 33 40 34 41 42 43 42 44 43 44 45 43 45 46 43 46 47 43 47 48 43 48 49 43 49 41 43 </p>
        </polylist>
      </mesh>
    </geometry>
    <geometry id="meshId6" name="meshId6_name" >
      <mesh>
        <source id="meshId6-positions" name="meshId6-positions">
          <float_array id="meshId6-positions-array" count="150"> -0.728678 0.472026 0.942877 -0.733943 0.472026 0.940696 -0.733943 0.57928 0.940696 -0.728678 0.57928 0.942877 -0.733943 0.472026 0.940696 -0.739207 0.472026 0.942877 -0.739207 0.57928 0.942877 -0.733943 0.57928 0.940696 -0.739207 0.472026 0.942877 -0.741388 0.472026 0.948141 -0.741388 0.57928 0.948141 -0.739207 0.57928 0.942877 -0.741388 0.472026 0.948141 -0.739207 0.472026 0.953405 -0.739207 0.57928 0.953405 -0.741388 0.57928 0.948141 -0.739207 0.472026 0.953405 -0.733943 0.472026 0.955585 -0.733943 0.57928 0.955585 -0.739207 0.57928 0.953405 -0.733943 0.472026 0.955585 -0.728678 0.472026 0.953405 -0.728678 0.57928 0.953405 -0.733943 0.57928 0.955585 -0.728678 0.472026 0.953405 -0.726498 0.472026 0.948141 -0.726498 0.57928 0.948141 -0.728678 0.57928 0.953405 -0.726498 0.472026 0.948141 -0.728678 0.472026 0.942877 -0.728678 0.57928 0.942877 -0.726498 0.57928 0.948141 -0.733943 0.472026 0.940696 -0.728678 0.472026 0.942877 -0.733943 0.472026 0.948141 -0.739207 0.472026 0.942877 -0.741388 0.472026 0.948141 -0.739207 0.472026 0.953405 -0.733943 0.472026 0.955585 -0.728678 0.472026 0.953405 -0.726498 0.472026 0.948141 -0.728678 0.57928 0.942877 -0.733943 0.57928 0.940696 -0.733943 0.57928 0.948141 -0.739207 0.57928 0.942877 -0.741388 0.57928 0.948141 -0.739207 0.57928 0.953405 -0.733943 0.57928 0.955585 -0.728678 0.57928 0.953405 -0.726498 0.57928 0.948141 </float_array>
          <technique_common>
            <accessor count="50" offset="0" source="#meshId6-positions-array" stride="3">
              <param name="X" type="float" />
              <param name="Y" type="float" />
              <param name="Z" type="float" />
            </accessor>
          </technique_common>
        </source>
        <source id="meshId6-normals" name="meshId6-normals">
          <float_array id="meshId6-normals-array" count="150"> 0.382669 0 -0.923886 0.382669 0 -0.923886 0.382669 0 -0.923886 0.382669 0 -0.923886 -0.382669 0 -0.923886 -0.382669 0 -0.923886 -0.382669 0 -0.923886 -0.382669 0 -0.923886 -0.923868 0 -0.382711 -0.923868 0 -0.382711 -0.923868 0 -0.382711 -0.923868 0 -0.382711 -0.923864 0 0.38272 -0.923864 0 0.38272 -0.923864 0 0.38272 -0.923864 0 0.38272 -0.3827 0 0.923873 -0.3827 0 0.923873 -0.3827 0 0.923873 -0.3827 0 0.923873 0.3827 0 0.923873 0.3827 0 0.923873 0.3827 0 0.923873 0.3827 0 0.923873 0.923882 0 0.382677 0.923882 0 0.382677 0.923882 0 0.382677 0.923882 0 0.382677 0.923886 0 -0.382667 0.923886 0 -0.382667 0.923886 0 -0.382667 0.923886 0 -0.382667 0 -1 0 0 -1 0 0 -1 0 0 -1 0 0 -1 0 0 -1 0 0 -1 0 0 -1 0 0 -1 0 0 1 -1.79983e-05 0 1 0 0 1 -7.99068e-11 0 1 0 0 1 0 0 1 0 0 1 0 0 1 1.7999e-05 0 1 -1.52988e-10 </float_array>
          <technique_common>
            <accessor count="50" offset="0" source="#meshId6-normals-array" stride="3">
              <param name="X" type="float" />
              <param name="Y" type="float" />
              <param name="Z" type="float" />
            </accessor>
          </technique_common>
        </source>
        <source id="meshId6-tangents" name="meshId6-tangents">
          <float_array id="meshId6-tangents-array" count="150"> -0.923886 -9.70821e-05 -0.382669 -0.923886 -9.79171e-05 -0.382669 -0.923886 -0.000121794 -0.382669 -0.923886 -0.000120959 -0.382669 -0.923886 -9.7082e-05 0.382669 -0.923886 -9.7082e-05 0.382669 -0.923886 -9.7082e-05 0.382669 -0.923886 -9.7082e-05 0.382669 -0.382711 -9.70827e-05 0.923868 -0.382711 -9.86931e-05 0.923868 -0.382711 -0.000144741 0.923868 -0.382711 -0.000143131 0.923868 0.38272 -0.000169455 0.923864 0.38272 -0.000166174 0.923864 0.38272 -7.23716e-05 0.923864 0.38272 -7.5652e-05 0.923864 0.923873 -0.000120028 0.3827 0.923873 -0.000120028 0.3827 0.923873 -0.000120028 0.3827 0.923873 -0.000120028 0.3827 0.923873 0.000169452 -0.3827 0.923873 0.000159611 -0.3827 0.923873 -0.000121792 -0.3827 0.923873 -0.000111951 -0.3827 0.382677 -0.000121797 -0.923882 0.382677 -0.000121797 -0.923882 0.382677 -0.000121797 -0.923882 0.382677 -0.000121797 -0.923882 -0.382667 -4.76591e-05 -0.923886 -0.382667 -5.01045e-05 -0.923886 -0.382667 -0.00012003 -0.923886 -0.382667 -0.000117585 -0.923886 0.924012 0 -0.382363 0.924015 0 -0.382357 0.923997 0 -0.3824 0.924 0 -0.382392 0.923988 0 -0.382422 0.92399 0 -0.382417 0.923968 0 -0.38247 0.923983 0 -0.382433 0.92402 0 -0.382344 0.923914 -6.88615e-06 -0.3826 0.923918 0 -0.382591 0.923916 -3.0572e-11 -0.382596 0.923922 0 -0.382581 0.923913 0 -0.382603 0.923909 0 -0.382612 0.923916 0 -0.382595 0.923919 6.88624e-06 -0.382589 0.923917 -5.85322e-11 -0.382594 </float_array>
          <technique_common>
            <accessor count="50" offset="0" source="#meshId6-tangents-array" stride="3">
              <param name="X" type="float" />
              <param name="Y" type="float" />
              <param name="Z" type="float" />
            </accessor>
          </technique_common>
        </source>
        <source id="meshId6-bitangents" name="meshId6-bitangents">
          <float_array id="meshId6-bitangents-array" count="150"> -8.96928e-05 1 -3.71503e-05 -9.04642e-05 1 -3.74698e-05 -0.000112524 1 -4.66067e-05 -0.000111752 1 -4.62871e-05 -8.96927e-05 1 3.71502e-05 -8.96927e-05 1 3.71502e-05 -8.96927e-05 1 3.71502e-05 -8.96927e-05 1 3.71502e-05 -3.71546e-05 1 8.96916e-05 -3.77709e-05 1 9.11794e-05 -5.5394e-05 1 0.000133722 -5.47777e-05 1 0.000132234 6.48537e-05 1 0.000156553 6.35983e-05 1 0.000153522 2.76981e-05 1 6.68616e-05 2.89536e-05 1 6.98922e-05 0.000110891 1 4.59349e-05 0.000110891 1 4.59349e-05 0.000110891 1 4.59349e-05 0.000110891 1 4.59349e-05 -0.000156552 1 6.48493e-05 -0.00014746 1 6.10832e-05 0.00011252 1 -4.66097e-05 0.000103428 1 -4.28436e-05 4.66087e-05 1 -0.000112526 4.66087e-05 1 -0.000112526 4.66087e-05 1 -0.000112526 4.66087e-05 1 -0.000112526 -1.82376e-05 1 -4.40316e-05 -1.91733e-05 1 -4.62909e-05 -4.59315e-05 1 -0.000110894 -4.49957e-05 1 -0.000108635 0.382363 0 0.924012 0.382357 0 0.924014 0.3824 0 0.923997 0.382392 0 0.924 0.382422 0 0.923988 0.382417 0 0.92399 0.38247 0 0.923968 0.382433 0 0.923983 0.382344 0 0.92402 -0.3826 -1.66289e-05 -0.923914 -0.382591 0 -0.923918 -0.382596 -7.38272e-11 -0.923916 -0.382581 0 -0.923922 -0.382603 0 -0.923913 -0.382612 0 -0.923909 -0.382595 0 -0.923916 -0.382589 1.66296e-05 -0.923918 -0.382594 -1.41348e-10 -0.923916 </float_array>
          <technique_common>
            <accessor count="50" offset="0" source="#meshId6-bitangents-array" stride="3">
              <param name="X" type="float" />
              <param name="Y" type="float" />
              <param name="Z" type="float" />
            </accessor>
          </technique_common>
        </source>
        <source id="meshId6-tex0" name="meshId6-tex0">
          <float_array id="meshId6-tex0-array" count="100"> 0.50891 0.906498 0.51137 0.906498 0.511365 0.952797 0.508905 0.952797 0.51137 0.906498 0.513829 0.906498 0.513824 0.952797 0.511365 0.952797 0.513829 0.906498 0.516289 0.906498 0.516284 0.952797 0.513824 0.952797 0.516289 0.906498 0.518749 0.906499 0.518744 0.952798 0.516284 0.952797 0.518749 0.906499 0.521209 0.906499 0.521204 0.952798 0.518744 0.952798 0.521209 0.906499 0.523668 0.906499 0.523663 0.952798 0.521204 0.952798 0.523668 0.906499 0.526128 0.906499 0.526123 0.952798 0.523663 0.952798 0.526128 0.906499 0.528588 0.906499 0.528582 0.952799 0.526123 0.952798 0.523666 0.90056 0.525406 0.902299 0.522437 0.90353 0.521206 0.900561 0.519468 0.902301 0.519469 0.90476 0.521209 0.906499 0.523668 0.906499 0.525407 0.904759 0.525402 0.956997 0.523662 0.958736 0.522433 0.955767 0.521203 0.958736 0.519464 0.956997 0.519464 0.954537 0.521204 0.952798 0.523663 0.952798 0.525402 0.954538 </float_array>
          <technique_common>
            <accessor count="50" offset="0" source="#meshId6-tex0-array" stride="2">
              <param name="S" type="float" />
              <param name="T" type="float" />
            </accessor>
          </technique_common>
        </source>
        <vertices id="meshId6-vertices">
          <input semantic="POSITION" source="#meshId6-positions" />
        </vertices>
        <polylist count="32" material="defaultMaterial">
          <input offset="0" semantic="VERTEX" source="#meshId6-vertices" />
          <input offset="0" semantic="NORMAL" source="#meshId6-normals" />
          <input offset="0" semantic="TANGENT" source="#meshId6-tangents" />
          <input offset="0" semantic="BINORMAL" source="#meshId6-bitangents" />
          <input offset="0" semantic="TEXCOORD" source="#meshId6-tex0" set="0" />
          <vcount>3 3 3 3 3 3 3 3 3 3 3 3 3 3 3 3 3 3 3 3 3 3 3 3 3 3 3 3 3 3 3 3 </vcount>
          <p>3 0 1 1 2 3 7 4 5 5 6 7 11 8 9 9 10 11 15 12 13 13 14 15 19 16 17 17 18 19 23 20 21 21 22 23 27 24 25 25 26 27 31 28 29 29 30 31 32 33 34 35 32 34 36 35 34 37 36 34 38 37 34 39 38 34 40 39 34 33 40 34 41 42 43 42 44 43 44 45 43 45 46 43 46 47 43 47 48 43 48 49 43 49 41 43 </p>
        </polylist>
      </mesh>
    </geometry>
  </library_geometries>
  <library_visual_scenes>
    <visual_scene id="root" name="root">
      <node id="carbinet" name="carbinet">
        <matrix>1 0 0 0 0 1 0 0 0 0 1 0 0 0 0 1</matrix>
        <instance_geometry url="#meshId0">
          <bind_material>
            <technique_common>
              <instance_material symbol="defaultMaterial" target="#cabinet2" />
            </technique_common>
          </bind_material>
        </instance_geometry>
      </node>
      <node id="pCube25" name="pCube25">
        <matrix>1 0 0 0 0 1 0 0 0 0 1 0 0 0 0 1</matrix>
        <instance_geometry url="#meshId1">
          <bind_material>
            <technique_common>
              <instance_material symbol="defaultMaterial" target="#cabinet2" />
            </technique_common>
          </bind_material>
        </instance_geometry>
      </node>
      <node id="pCube18" name="pCube18">
        <matrix>1 0 0 0 0 1 0 0 0 0 1 0 0 0 0 1</matrix>
        <instance_geometry url="#meshId2">
          <bind_material>
            <technique_common>
              <instance_material symbol="defaultMaterial" target="#cabinet2" />
            </technique_common>
          </bind_material>
        </instance_geometry>
      </node>
      <node id="pCube106" name="pCube106">
        <matrix>1 0 0 0 0 1 0 0 0 0 1 0 0 0 0 1</matrix>
        <instance_geometry url="#meshId3">
          <bind_material>
            <technique_common>
              <instance_material symbol="defaultMaterial" target="#cabinet2" />
            </technique_common>
          </bind_material>
        </instance_geometry>
      </node>
      <node id="pSphere2" name="pSphere2">
        <matrix>1 0 0 0 0 1 0 0 0 0 1 0 0 0 0 1</matrix>
        <instance_geometry url="#meshId4">
          <bind_material>
            <technique_common>
              <instance_material symbol="defaultMaterial" target="#cabinet2" />
            </technique_common>
          </bind_material>
        </instance_geometry>
      </node>
      <node id="pCylinder4" name="pCylinder4">
        <matrix>1 0 0 0 0 1 0 0 0 0 1 0 0 0 0 1</matrix>
        <instance_geometry url="#meshId5">
          <bind_material>
            <technique_common>
              <instance_material symbol="defaultMaterial" target="#cabinet2" />
            </technique_common>
          </bind_material>
        </instance_geometry>
      </node>
      <node id="pCylinder3" name="pCylinder3">
        <matrix>1 0 0 0 0 1 0 0 0 0 1 0 0 0 0 1</matrix>
        <instance_geometry url="#meshId6">
          <bind_material>
            <technique_common>
              <instance_material symbol="defaultMaterial" target="#cabinet2" />
            </technique_common>
          </bind_material>
        </instance_geometry>
      </node>
    </visual_scene>
  </library_visual_scenes>
  <scene>
    <instance_visual_scene url="#root" />
  </scene>
</COLLADA>
