# exported by StudySceneExporter from mesh 'Kettle'
mtllib materials.mtl
v 0.01388568 -0.05582994 0.1828133
v 0.01514367 -0.05605933 0.1803429
v 0.01674006 -0.06132196 0.1571069
v 0.0111881 -0.05639514 0.1838366
v -8.076542E-10 -0.06395119 0.1571069
v -9.7538E-10 -0.05759427 0.1838366
v -0.01118818 -0.05639513 0.1838366
v -0.01388577 -0.05582991 0.1828133
v -0.01514375 -0.0560593 0.1803429
v -0.01674015 -0.06132193 0.1571069
v -0.01927968 -0.06969365 0.03826977
v 0.01927959 -0.06969368 0.03826977
v -1.839787E-12 -0.07274195 0.03826977
v -0.01928401 -0.06970791 0.01229341
v -6.324011E-14 -0.07275691 0.01229341
v 0.01928391 -0.06970794 0.01229341
v -8.046195E-10 -0.06132971 0.1562933
v -0.01156016 -0.05811687 0.1570468
v -8.919035E-10 -0.05925544 0.1570468
v -0.01196483 -0.06015128 0.1562933
v -0.01711812 -0.05643088 0.1570468
v -0.01771735 -0.05840627 0.1562933
v -0.02267608 -0.05474489 0.1570468
v -0.02346987 -0.05666127 0.1562933
v -0.04336665 -0.04336665 0.1562933
v -0.04189993 -0.04189993 0.1570468
v -0.05666126 -0.02346987 0.1562933
v -0.05474488 -0.02267608 0.1570468
v -0.06132971 -7.273861E-09 0.1562933
v -0.05925544 -7.744172E-09 0.1570468
v -0.05666127 0.02346985 0.1562933
v -0.05474489 0.02267606 0.1570468
v -0.04336665 0.04336664 0.1562933
v -0.04189993 0.04189993 0.1570468
v -0.02346985 0.05666127 0.1562933
v -0.02267607 0.05474489 0.1570468
v 1.917913E-08 0.0613297 0.1562933
v 1.841597E-08 0.05925544 0.1570468
v 1.841597E-08 0.05925544 0.1570468
v 1.917913E-08 0.0613297 0.1562933
v 0.02346989 0.05666124 0.1562933
v 0.0226761 0.05474488 0.1570468
v 0.04336668 0.04336663 0.1562933
v 0.04189995 0.04189989 0.1570468
v 0.05666128 0.02346981 0.1562933
v 0.05474491 0.02267603 0.1570468
v 0.06132971 -6.186351E-08 0.1562933
v 0.05925544 -6.048752E-08 0.1570468
v 0.05666124 -0.02346993 0.1562933
v 0.05474486 -0.02267614 0.1570468
v 0.0433666 -0.04336671 0.1562933
v 0.04189987 -0.04189998 0.1570468
v 0.02346978 -0.0566613 0.1562933
v 0.02267599 -0.05474493 0.1570468
v 0.01711803 -0.05643091 0.1570468
v 0.01771726 -0.05840629 0.1562933
v 0.01156007 -0.05811689 0.1570468
v 0.01196474 -0.06015129 0.1562933
v -8.919035E-10 -0.05925544 0.1570468
v -8.046195E-10 -0.06132971 0.1562933
v -0.02267607 0.05474489 0.1570468
v 1.841597E-08 0.05925544 0.1570468
v 1.913635E-08 0.06121704 0.1579204
v -0.02342674 0.05655717 0.1579204
v -0.02335155 0.05637565 0.1588585
v 1.90672E-08 0.06102055 0.1588585
v -0.04314806 0.04314806 0.1588585
v -0.04328698 0.04328698 0.1579204
v -0.04189993 0.04189993 0.1570468
v -0.05637565 0.02335154 0.1588585
v -0.05474489 0.02267606 0.1570468
v -0.05655717 0.02342673 0.1579204
v -0.06102056 -7.342651E-09 0.1588585
v -0.06121704 -7.298618E-09 0.1579204
v -0.05925544 -7.744172E-09 0.1570468
v -0.05637565 -0.02335156 0.1588585
v -0.05655716 -0.02342675 0.1579204
v -0.05474488 -0.02267608 0.1570468
v -0.04314806 -0.04314806 0.1588585
v -0.04328698 -0.04328698 0.1579204
v -0.04189993 -0.04189993 0.1570468
v -0.02335156 -0.05637565 0.1588585
v -0.02342675 -0.05655717 0.1579204
v -0.02267608 -0.05474489 0.1570468
v -0.01762804 -0.05811186 0.1588585
v -0.0176848 -0.05829897 0.1579204
v -0.01711812 -0.05643088 0.1570468
v -0.01190452 -0.05984806 0.1588585
v -0.01194285 -0.06004077 0.1579204
v -8.158264E-10 -0.06102057 0.1588585
v -0.01156016 -0.05811687 0.1570468
v -8.10689E-10 -0.06121704 0.1579204
v -8.919035E-10 -0.05925544 0.1570468
v 0.0226761 0.05474488 0.1570468
v 1.913635E-08 0.06121704 0.1579204
v 1.841597E-08 0.05925544 0.1570468
v 0.02342677 0.05655715 0.1579204
v 1.90672E-08 0.06102055 0.1588585
v 0.04189995 0.04189989 0.1570468
v 0.02335159 0.05637563 0.1588585
v 0.04328701 0.04328696 0.1579204
v 0.05474491 0.02267603 0.1570468
v 0.04314808 0.04314803 0.1588585
v 0.05655719 0.0234267 0.1579204
v 0.05925544 -6.048752E-08 0.1570468
v 0.05637567 0.02335151 0.1588585
v 0.06121704 -6.178799E-08 0.1579204
v 0.05474486 -0.02267614 0.1570468
v 0.06102056 -6.165713E-08 0.1588585
v 0.05655714 -0.02342681 0.1579204
v 0.05637562 -0.02335162 0.1588585
v 0.04189987 -0.04189998 0.1570468
v 0.04328693 -0.04328704 0.1579204
v 0.043148 -0.04314812 0.1588585
v 0.02342666 -0.0565572 0.1579204
v 0.02267599 -0.05474493 0.1570468
v 0.02335147 -0.05637568 0.1588585
v 0.01711803 -0.05643091 0.1570468
v 0.01768471 -0.058299 0.1579204
v 0.01762795 -0.05811189 0.1588585
v 0.01156007 -0.05811689 0.1570468
v 0.01194276 -0.06004079 0.1579204
v -8.919035E-10 -0.05925544 0.1570468
v 0.01190443 -0.05984809 0.1588585
v -8.10689E-10 -0.06121704 0.1579204
v -8.158264E-10 -0.06102057 0.1588585
v -0.02423284 0.05772331 0.03808419
v 2.283484E-08 0.07007963 0.03752687
v 1.955398E-08 0.06254351 0.03808419
v -0.0268183 0.06474514 0.03752687
v -0.04477647 0.04399649 0.03808419
v -0.04955378 0.04955378 0.03752687
v -0.05850328 0.02345286 0.03808419
v -0.06474514 0.0268183 0.03752687
v -0.06332349 -0.0007799772 0.03808419
v -0.07007963 -5.290865E-09 0.03752687
v -0.05850328 -0.02501282 0.03808419
v -0.06474514 -0.02681831 0.03752687
v -0.04477647 -0.04555644 0.03808419
v -0.04955378 -0.04955378 0.03752687
v -0.02423286 -0.05928325 0.03808419
v -0.02681831 -0.06474514 0.03752687
v -0.01829333 -0.06108499 0.03808419
v -0.02024509 -0.0667391 0.03752687
v -0.0123538 -0.06288672 0.03808419
v -0.01367186 -0.06873307 0.03752687
v -1.079432E-09 -0.06410346 0.03808419
v 0 -0.07007963 0.03752687
v 1.955398E-08 0.06254351 0.03808419
v 2.283484E-08 0.07007963 0.03752687
v 0.02681834 0.06474512 0.03752687
v 0.02423288 0.05772329 0.03808419
v 0.04955381 0.04955375 0.03752687
v 0.0447765 0.04399647 0.03808419
v 0.06474516 0.02681826 0.03752687
v 0.05850329 0.02345283 0.03808419
v 0.07007963 -6.766884E-08 0.03752687
v 0.06332349 -0.0007800336 0.03808419
v 0.06474511 -0.02681839 0.03752687
v 0.05850325 -0.02501289 0.03808419
v 0.04955372 -0.04955385 0.03752687
v 0.04477641 -0.0455565 0.03808419
v 0.02681822 -0.06474518 0.03752687
v 0.02423277 -0.05928328 0.03808419
v 0.02024498 -0.06673913 0.03752687
v 0.01829323 -0.061085 0.03808419
v 0.01367175 -0.06873309 0.03752687
v 0.0123537 -0.06288674 0.03808419
v 0 -0.07007963 0.03752687
v -1.079432E-09 -0.06410346 0.03808419
v -0.02620121 0.06294363 0.0001195595
v -1.51941E-08 -0.01354724 0.0001195297
v 2.196354E-08 0.0681636 0.0001195595
v -0.04839904 0.04808335 0.0001195595
v -0.06320551 0.02585842 0.0001195595
v -0.06836849 -0.0003307895 0.0001195595
v -0.06311586 -0.02648435 0.0001195595
v -0.04826855 -0.04861991 0.0001195595
v -0.02610455 -0.06338251 0.0001195595
v -0.0196967 -0.06529827 0.0001195595
v -0.01329775 -0.067223 0.0001195595
v -4.171956E-10 -0.06852739 0.0001195595
v 2.196354E-08 0.0681636 0.0001195595
v -1.51941E-08 -0.01354724 0.0001195297
v 0.02620125 0.06294361 0.0001195595
v 0.04839907 0.04808332 0.0001195595
v 0.06320553 0.02585837 0.0001195595
v 0.06836849 -0.0003308503 0.0001195595
v 0.06311583 -0.02648442 0.0001195595
v 0.04826849 -0.04861997 0.0001195595
v 0.02610446 -0.06338256 0.0001195595
v 0.0196966 -0.06529831 0.0001195595
v 0.01329764 -0.06722302 0.0001195595
v -4.171956E-10 -0.06852739 0.0001195595
v -8.158264E-10 -0.06102057 0.1588585
v -9.733996E-10 -0.05499415 0.187631
v 0.01072874 -0.05393748 0.187631
v 0.01190443 -0.05984809 0.1588585
v 0.01588701 -0.05237275 0.1876309
v 0.01762795 -0.05811189 0.1588585
v 0.02104529 -0.05080803 0.1876308
v 0.02335147 -0.05637568 0.1588585
v 0.03888672 -0.03888682 0.1876308
v 0.043148 -0.04314812 0.1588585
v 0.050808 -0.02104543 0.1876307
v 0.05637562 -0.02335162 0.1588585
v 0.05499422 -5.764369E-08 0.1876307
v 0.06102056 -6.165713E-08 0.1588585
v 0.05080806 0.02104533 0.1876306
v 0.05637567 0.02335151 0.1588585
v 0.03888682 0.03888677 0.1876306
v 0.04314808 0.04314803 0.1588585
v 0.02104541 0.05080803 0.1876306
v 0.02335159 0.05637563 0.1588585
v 1.6946E-08 0.05499423 0.1876306
v 1.90672E-08 0.06102055 0.1588585
v 1.90672E-08 0.06102055 0.1588585
v 1.6946E-08 0.05499423 0.1876306
v -0.02104538 0.05080805 0.1876306
v -0.02335155 0.05637565 0.1588585
v -0.0388868 0.03888679 0.1876306
v -0.04314806 0.04314806 0.1588585
v -0.05080805 0.02104536 0.1876306
v -0.05637565 0.02335154 0.1588585
v -0.05499422 -8.693259E-09 0.1876307
v -0.06102056 -7.342651E-09 0.1588585
v -0.05080803 -0.02104538 0.1876307
v -0.05637565 -0.02335156 0.1588585
v -0.03888677 -0.03888677 0.1876308
v -0.04314806 -0.04314806 0.1588585
v -0.02104536 -0.050808 0.1876308
v -0.02335156 -0.05637565 0.1588585
v -0.01588709 -0.05237272 0.1876309
v -0.01762804 -0.05811186 0.1588585
v -0.01072883 -0.05393746 0.187631
v -0.01190452 -0.05984806 0.1588585
v -9.733996E-10 -0.05499415 0.187631
v -8.158264E-10 -0.06102057 0.1588585
v -1.079432E-09 -0.06410346 0.03808419
v -0.01366581 -0.06870268 0.03901266
v -3.679575E-12 -0.07004865 0.03901266
v -0.0123538 -0.06288672 0.03808419
v -0.02023613 -0.06670959 0.03901266
v -0.01829333 -0.06108499 0.03808419
v -0.02680646 -0.0647165 0.03901266
v -0.02423286 -0.05928325 0.03808419
v -0.04477647 -0.04555644 0.03808419
v -0.04953187 -0.04953187 0.03901266
v -0.05850328 -0.02501282 0.03808419
v -0.0647165 -0.02680645 0.03901266
v -0.06332349 -0.0007799772 0.03808419
v -0.07004865 -5.297357E-09 0.03901266
v -0.05850328 0.02345286 0.03808419
v -0.06471651 0.02680644 0.03901266
v -0.04477647 0.04399649 0.03808419
v -0.04953187 0.04953187 0.03901266
v -0.02423284 0.05772331 0.03808419
v -0.02680644 0.06471652 0.03901266
v 1.955398E-08 0.06254351 0.03808419
v 2.282107E-08 0.07004865 0.03901266
v 0.0123537 -0.06288674 0.03808419
v -1.079432E-09 -0.06410346 0.03808419
v -3.679575E-12 -0.07004865 0.03901266
v 0.01366571 -0.0687027 0.03901266
v 0.01829323 -0.061085 0.03808419
v 0.02023603 -0.06670962 0.03901266
v 0.02423277 -0.05928328 0.03808419
v 0.02680636 -0.06471655 0.03901266
v 0.04953181 -0.04953193 0.03901266
v 0.04477641 -0.0455565 0.03808419
v 0.06471647 -0.02680653 0.03901266
v 0.05850325 -0.02501289 0.03808419
v 0.07004865 -6.764775E-08 0.03901266
v 0.06332349 -0.0007800336 0.03808419
v 0.06471653 0.0268064 0.03901266
v 0.05850329 0.02345283 0.03808419
v 0.0495319 0.04953184 0.03901266
v 0.0447765 0.04399647 0.03808419
v 0.02680648 0.0647165 0.03901266
v 0.02423288 0.05772329 0.03808419
v 2.282107E-08 0.07004865 0.03901266
v 1.955398E-08 0.06254351 0.03808419
v -7.015464E-12 -0.07001233 0.03950114
v -0.01196483 -0.06015128 0.1562933
v -8.046195E-10 -0.06132971 0.1562933
v -0.01365873 -0.06866706 0.03950114
v -3.679575E-12 -0.07004865 0.03901266
v -0.01771735 -0.05840627 0.1562933
v -0.01366581 -0.06870268 0.03901266
v -0.02022564 -0.066675 0.03950115
v -0.02023613 -0.06670959 0.03901266
v -0.02346987 -0.05666127 0.1562933
v -0.02679256 -0.06468295 0.03950114
v -0.02680646 -0.0647165 0.03901266
v -0.04953187 -0.04953187 0.03901266
v -0.04950619 -0.04950619 0.03950114
v -0.04336665 -0.04336665 0.1562933
v -0.0647165 -0.02680645 0.03901266
v -0.06468295 -0.02679256 0.03950114
v -0.05666126 -0.02346987 0.1562933
v -0.07004865 -5.297357E-09 0.03901266
v -0.07001233 -5.305589E-09 0.03950114
v -0.06132971 -7.273861E-09 0.1562933
v -0.06471651 0.02680644 0.03901266
v -0.06468296 0.02679255 0.03950114
v -0.05666127 0.02346985 0.1562933
v -0.04953187 0.04953187 0.03901266
v -0.04950619 0.04950619 0.03950114
v -0.04336665 0.04336664 0.1562933
v -0.02680644 0.06471652 0.03901266
v -0.02679255 0.06468296 0.03950114
v 2.282107E-08 0.07004865 0.03901266
v -0.02346985 0.05666127 0.1562933
v 2.28059E-08 0.07001233 0.03950114
v 1.917913E-08 0.0613297 0.1562933
v 2.28059E-08 0.07001233 0.03950114
v 2.282107E-08 0.07004865 0.03901266
v 0.02680648 0.0647165 0.03901266
v 0.02679259 0.06468295 0.03950114
v 1.917913E-08 0.0613297 0.1562933
v 0.0495319 0.04953184 0.03901266
v 0.02346989 0.05666124 0.1562933
v 0.04950622 0.04950616 0.03950114
v 0.06471653 0.0268064 0.03901266
v 0.04336668 0.04336663 0.1562933
v 0.06468298 0.0267925 0.03950114
v 0.07004865 -6.764775E-08 0.03901266
v 0.05666128 0.02346981 0.1562933
v 0.07001233 -6.762365E-08 0.03950114
v 0.06471647 -0.02680653 0.03901266
v 0.06132971 -6.186351E-08 0.1562933
v 0.06468292 -0.02679263 0.03950114
v 0.04953181 -0.04953193 0.03901266
v 0.05666124 -0.02346993 0.1562933
v 0.04950613 -0.04950625 0.03950114
v 0.0433666 -0.04336671 0.1562933
v 0.02680636 -0.06471655 0.03901266
v 0.02679246 -0.064683 0.03950114
v 0.02346978 -0.0566613 0.1562933
v 0.01771726 -0.05840629 0.1562933
v 0.02022554 -0.06667504 0.03950115
v 0.02023603 -0.06670962 0.03901266
v 0.01196474 -0.06015129 0.1562933
v 0.01365862 -0.06866708 0.03950114
v -8.046195E-10 -0.06132971 0.1562933
v 0.01366571 -0.0687027 0.03901266
v -7.015464E-12 -0.07001233 0.03950114
v -3.679575E-12 -0.07004865 0.03901266
v -0.01072883 -0.05393746 0.187631
v -9.983773E-10 -0.05438472 0.1885686
v -9.733996E-10 -0.05499415 0.187631
v -0.01060992 -0.05333964 0.1885686
v -0.01588709 -0.05237272 0.1876309
v -0.01571093 -0.05179197 0.1885686
v -0.02104536 -0.050808 0.1876308
v -0.02081179 -0.05024411 0.1885687
v -0.03888677 -0.03888677 0.1876308
v -0.03845478 -0.03845478 0.1885687
v -0.05080803 -0.02104538 0.1876307
v -0.0502432 -0.02081142 0.1885688
v -0.05499422 -8.693259E-09 0.1876307
v -0.05438255 -8.835485E-09 0.1885688
v -0.05080805 0.02104536 0.1876306
v -0.05024272 0.0208112 0.1885688
v -0.0388868 0.03888679 0.1876306
v -0.03845401 0.03845401 0.1885688
v -0.02104538 0.05080805 0.1876306
v -0.02081113 0.05024251 0.1885689
v 1.6946E-08 0.05499423 0.1876306
v 1.671848E-08 0.05438207 0.1885689
v 0.02104541 0.05080803 0.1876306
v 1.671848E-08 0.05438207 0.1885689
v 1.6946E-08 0.05499423 0.1876306
v 0.02081115 0.0502425 0.1885689
v 0.03888682 0.03888677 0.1876306
v 0.03845404 0.03845399 0.1885688
v 0.05080806 0.02104533 0.1876306
v 0.05024274 0.02081117 0.1885688
v 0.05499422 -5.764369E-08 0.1876307
v 0.05438255 -5.723894E-08 0.1885688
v 0.050808 -0.02104543 0.1876307
v 0.05024317 -0.02081147 0.1885688
v 0.03888672 -0.03888682 0.1876308
v 0.03845472 -0.03845482 0.1885687
v 0.02104529 -0.05080803 0.1876308
v 0.02081171 -0.05024415 0.1885687
v 0.01588701 -0.05237275 0.1876309
v 0.01571084 -0.051792 0.1885686
v 0.01072874 -0.05393748 0.187631
v 0.01060983 -0.05333967 0.1885686
v -9.733996E-10 -0.05499415 0.187631
v -9.983773E-10 -0.05438472 0.1885686
v 0.02081115 0.0502425 0.1885689
v 1.632572E-08 0.05331806 0.1890792
v 1.671848E-08 0.05438207 0.1885689
v 0.020404 0.04925954 0.1890792
v 0.03845404 0.03845399 0.1885688
v -0.02040397 0.04925956 0.1890792
v 1.671848E-08 0.05438207 0.1885689
v -0.02081113 0.05024251 0.1885689
v -0.03770183 0.03770183 0.1890792
v -0.03845401 0.03845401 0.1885688
v 0.03770186 0.0377018 0.1890792
v 0.05024274 0.02081117 0.1885688
v -0.04926027 0.02040426 0.1890791
v -0.05024272 0.0208112 0.1885688
v 0.04926028 0.02040422 0.1890791
v 0.05438255 -5.723894E-08 0.1885688
v -0.05331966 -9.076071E-09 0.189079
v -0.05438255 -8.835485E-09 0.1885688
v 0.05331966 -5.653597E-08 0.189079
v 0.05024317 -0.02081147 0.1885688
v -0.04926191 -0.02040496 0.1890788
v -0.0502432 -0.02081142 0.1885688
v 0.04926188 -0.02040501 0.1890788
v 0.03845472 -0.03845482 0.1885687
v -0.03770445 -0.03770445 0.1890786
v -0.03845478 -0.03845478 0.1885687
v 0.0377044 -0.03770451 0.1890786
v 0.02081171 -0.05024415 0.1885687
v -0.02040625 -0.04926504 0.1890783
v -0.02081179 -0.05024411 0.1885687
v 0.02040617 -0.04926508 0.1890783
v 0.01571084 -0.051792 0.1885686
v -0.01540514 -0.05078394 0.1890781
v -0.01571093 -0.05179197 0.1885686
v 0.01540506 -0.05078397 0.1890781
v 0.01060983 -0.05333967 0.1885686
v -0.01040356 -0.0523022 0.1890779
v -0.01060992 -0.05333964 0.1885686
v 0.01040347 -0.05230222 0.1890779
v -9.983773E-10 -0.05438472 0.1885686
v -1.047073E-09 -0.05332719 0.1890779
v 0 -0.07007963 0.001664214
v -1.233949E-10 -0.06962499 0.0005719885
v -0.01356228 -0.06829078 0.0005719885
v -0.01367186 -0.06873307 0.001664214
v 0 -0.07007963 0.008492105
v -0.02008447 -0.0663171 0.0005719885
v -0.01367186 -0.06873307 0.008492105
v 0 -0.07007963 0.01015178
v -0.02024509 -0.0667391 0.001664214
v -0.02660926 -0.06434603 0.0005719885
v -0.01367186 -0.06873307 0.01015178
v 0 -0.07007963 0.03635838
v -0.02024509 -0.0667391 0.008492105
v -0.02681831 -0.06474514 0.001664214
v -0.04917735 -0.04928026 0.0005719885
v -0.01367186 -0.06873307 0.03635838
v 0 -0.07007963 0.03752687
v -0.01367186 -0.06873307 0.03752687
v -0.02024509 -0.0667391 0.01015178
v -0.02024509 -0.0667391 0.03635838
v -0.02024509 -0.0667391 0.03752687
v -0.02681831 -0.06474514 0.008492105
v -0.04955378 -0.04955378 0.001664214
v -0.06426793 -0.0267205 0.0005719885
v -0.02681831 -0.06474514 0.01015178
v -0.02681831 -0.06474514 0.03635838
v -0.02681831 -0.06474514 0.03752687
v -0.06474514 -0.02681831 0.001664214
v -0.06957845 -9.689055E-05 0.0005719885
v -0.04955378 -0.04955378 0.01015178
v -0.04955378 -0.04955378 0.03635838
v -0.04955378 -0.04955378 0.03752687
v -0.04955378 -0.04955378 0.008492105
v -0.07007963 -5.290865E-09 0.001664214
v -0.0642942 0.02653716 0.0005719885
v -0.06474514 -0.02681831 0.01015178
v -0.06474514 -0.02681831 0.03635838
v -0.06474514 -0.02681831 0.03752687
v -0.06474514 -0.02681831 0.008492105
v -0.06474514 0.0268183 0.001664214
v -0.04921557 0.0491231 0.0005719885
v -0.07007963 -5.290865E-09 0.01015178
v -0.07007963 -5.290865E-09 0.03635838
v -0.07007963 -5.290865E-09 0.03752687
v -0.07007963 -5.290865E-09 0.008492105
v -0.04955378 0.04955378 0.001664214
v -0.02663756 0.06421749 0.0005719885
v -0.06474514 0.0268183 0.01015178
v -0.06474514 0.0268183 0.03635838
v -0.06474514 0.0268183 0.03752687
v -0.06474514 0.0268183 0.008492105
v -0.0268183 0.06474514 0.001664214
v 2.257821E-08 0.06951844 0.0005719885
v 2.283484E-08 0.07007963 0.001664214
v -0.04955378 0.04955378 0.01015178
v -0.04955378 0.04955378 0.03635838
v -0.04955378 0.04955378 0.03752687
v -0.04955378 0.04955378 0.008492105
v -0.0268183 0.06474514 0.008492105
v 2.283484E-08 0.07007963 0.008492105
v 2.283484E-08 0.07007963 0.01015178
v -0.0268183 0.06474514 0.01015178
v -0.0268183 0.06474514 0.03635838
v -0.0268183 0.06474514 0.03752687
v 2.283484E-08 0.07007963 0.03635838
v 2.283484E-08 0.07007963 0.03752687
v -1.233949E-10 -0.06962499 0.0005719885
v -4.171956E-10 -0.06852739 0.0001195595
v -0.01329775 -0.067223 0.0001195595
v -0.01356228 -0.06829078 0.0005719885
v -0.0196967 -0.06529827 0.0001195595
v -0.02008447 -0.0663171 0.0005719885
v -0.02610455 -0.06338251 0.0001195595
v -0.02660926 -0.06434603 0.0005719885
v -0.04826855 -0.04861991 0.0001195595
v -0.04917735 -0.04928026 0.0005719885
v -0.06311586 -0.02648435 0.0001195595
v -0.06426793 -0.0267205 0.0005719885
v -0.06836849 -0.0003307895 0.0001195595
v -0.06957845 -9.689055E-05 0.0005719885
v -0.06320551 0.02585842 0.0001195595
v -0.0642942 0.02653716 0.0005719885
v -0.04839904 0.04808335 0.0001195595
v -0.04921557 0.0491231 0.0005719885
v -0.02620121 0.06294363 0.0001195595
v -0.02663756 0.06421749 0.0005719885
v 2.196354E-08 0.0681636 0.0001195595
v 2.257821E-08 0.06951844 0.0005719885
v 2.283484E-08 0.07007963 0.001664214
v 2.257821E-08 0.06951844 0.0005719885
v 0.0266376 0.06421747 0.0005719885
v 0.02681834 0.06474512 0.001664214
v 0.0492156 0.04912307 0.0005719885
v 2.283484E-08 0.07007963 0.008492105
v 0.04955381 0.04955375 0.001664214
v 0.06429421 0.02653711 0.0005719885
v 0.02681834 0.06474512 0.008492105
v 0.06474516 0.02681826 0.001664214
v 0.06957845 -9.695248E-05 0.0005719885
v 0.02681834 0.06474512 0.01015178
v 2.283484E-08 0.07007963 0.01015178
v 2.283484E-08 0.07007963 0.03635838
v 0.04955381 0.04955375 0.008492105
v 0.07007963 -6.766884E-08 0.001664214
v 0.0642679 -0.02672057 0.0005719885
v 0.02681834 0.06474512 0.03635838
v 2.283484E-08 0.07007963 0.03752687
v 0.02681834 0.06474512 0.03752687
v 0.04955381 0.04955375 0.01015178
v 0.04955381 0.04955375 0.03635838
v 0.04955381 0.04955375 0.03752687
v 0.06474516 0.02681826 0.008492105
v 0.06474516 0.02681826 0.01015178
v 0.06474516 0.02681826 0.03635838
v 0.06474516 0.02681826 0.03752687
v 0.07007963 -6.766884E-08 0.01015178
v 0.07007963 -6.766884E-08 0.03635838
v 0.07007963 -6.766884E-08 0.03752687
v 0.07007963 -6.766884E-08 0.008492105
v 0.06474511 -0.02681839 0.01015178
v 0.06474511 -0.02681839 0.03635838
v 0.06474511 -0.02681839 0.03752687
v 0.06474511 -0.02681839 0.001664214
v 0.04917728 -0.04928032 0.0005719885
v 0.06474511 -0.02681839 0.008492105
v 0.04955372 -0.04955385 0.001664214
v 0.02660916 -0.06434608 0.0005719885
v 0.04955372 -0.04955385 0.01015178
v 0.04955372 -0.04955385 0.03635838
v 0.04955372 -0.04955385 0.03752687
v 0.04955372 -0.04955385 0.008492105
v 0.02681822 -0.06474518 0.001664214
v 0.02008437 -0.06631713 0.0005719885
v 0.02681822 -0.06474518 0.01015178
v 0.02681822 -0.06474518 0.03635838
v 0.02681822 -0.06474518 0.03752687
v 0.02681822 -0.06474518 0.008492105
v 0.02024498 -0.06673913 0.001664214
v 0.01356218 -0.06829081 0.0005719885
v 0.02024498 -0.06673913 0.03635838
v 0.02024498 -0.06673913 0.03752687
v 0.02024498 -0.06673913 0.01015178
v 0.02024498 -0.06673913 0.008492105
v 0.01367175 -0.06873309 0.001664214
v -1.233949E-10 -0.06962499 0.0005719885
v 0 -0.07007963 0.001664214
v 0.01367175 -0.06873309 0.008492105
v 0 -0.07007963 0.008492105
v 0.01367175 -0.06873309 0.01015178
v 0 -0.07007963 0.01015178
v 0.01367175 -0.06873309 0.03635838
v 0.01367175 -0.06873309 0.03752687
v 0 -0.07007963 0.03635838
v 0 -0.07007963 0.03752687
v 2.257821E-08 0.06951844 0.0005719885
v 2.196354E-08 0.0681636 0.0001195595
v 0.02620125 0.06294361 0.0001195595
v 0.0266376 0.06421747 0.0005719885
v 0.04839907 0.04808332 0.0001195595
v 0.0492156 0.04912307 0.0005719885
v 0.06320553 0.02585837 0.0001195595
v 0.06429421 0.02653711 0.0005719885
v 0.06836849 -0.0003308503 0.0001195595
v 0.06957845 -9.695248E-05 0.0005719885
v 0.06311583 -0.02648442 0.0001195595
v 0.0642679 -0.02672057 0.0005719885
v 0.04826849 -0.04861997 0.0001195595
v 0.04917728 -0.04928032 0.0005719885
v 0.02610446 -0.06338256 0.0001195595
v 0.02660916 -0.06434608 0.0005719885
v 0.0196966 -0.06529831 0.0001195595
v 0.02008437 -0.06631713 0.0005719885
v 0.01329764 -0.06722302 0.0001195595
v 0.01356218 -0.06829081 0.0005719885
v -4.171956E-10 -0.06852739 0.0001195595
v -1.233949E-10 -0.06962499 0.0005719885
v 0.0060163 -0.0597462 0.1591766
v -1.288635E-08 -0.0600626 0.1566191
v -1.399046E-08 -0.06529739 0.1610496
v 0.004942998 -0.06595064 0.1625593
v 0.009734586 -0.05891785 0.1658722
v -1.418972E-08 -0.07595515 0.1547186
v 0.007997948 -0.06766088 0.1665115
v 0.009734584 -0.05789395 0.1741483
v 0.004942998 -0.07689919 0.1560555
v -1.376882E-08 -0.08510069 0.1462459
v 0.007997946 -0.06977484 0.1713968
v 0.006016296 -0.05706559 0.1808439
v 0.007997947 -0.07937069 0.1595555
v 0.004942999 -0.08629424 0.1473517
v -1.274616E-08 -0.09233429 0.136002
v 0.004942995 -0.07148508 0.1753491
v -1.732358E-08 -0.05674919 0.1834013
v -1.798774E-08 -0.07213833 0.1768587
v -0.00601633 -0.05706559 0.1808439
v -0.00494303 -0.07148508 0.1753491
v -0.009734614 -0.05789395 0.1741483
v 0.007997946 -0.08242564 0.1638818
v 0.004942995 -0.08489714 0.1673818
v -0.007997979 -0.06977484 0.1713968
v -0.009734614 -0.05891785 0.1658722
v -0.00494303 -0.08489714 0.1673818
v 0.007997948 -0.089419 0.1502465
v 0.007997947 -0.09328141 0.1538247
v 0.004942995 -0.09640617 0.1567196
v -0.007997978 -0.06766088 0.1665115
v -0.006016327 -0.0597462 0.1591766
v -0.007997979 -0.08242564 0.1638818
v -0.00494303 -0.09640617 0.1567196
v 0.004943 -0.09372519 0.1368283
v -1.116643E-08 -0.0973398 0.1244346
v 0.007997949 -0.09736665 0.1389914
v 0.004943002 -0.09886727 0.1249452
v -9.098666E-09 -0.09989848 0.1120491
v -0.004943027 -0.06595064 0.1625593
v -1.288635E-08 -0.0600626 0.1566191
v -1.399046E-08 -0.06529739 0.1610496
v 0.007997948 -0.1018677 0.1416652
v 0.007997951 -0.1028663 0.1262821
v 0.004943003 -0.1014958 0.1122218
v -6.633248E-09 -0.09989848 0.09938691
v -0.007997978 -0.07937069 0.1595555
v -0.004943027 -0.07689919 0.1560555
v -1.418972E-08 -0.07595515 0.1547186
v 0.004942996 -0.1055092 0.1438283
v -1.770277E-08 -0.09759972 0.1578253
v 0.00799795 -0.1078093 0.1279346
v 0.007997952 -0.1056775 0.112674
v 0.004943006 -0.1014958 0.09921418
v -3.877931E-09 -0.0973398 0.08700146
v -0.004943027 -0.08629424 0.1473517
v -1.376882E-08 -0.08510069 0.1462459
v -1.638792E-08 -0.1069001 0.1446546
v 0.004942999 -0.1118082 0.1292715
v 0.007997951 -0.1108464 0.113233
v 0.007997955 -0.1056775 0.09876195
v 0.004943009 -0.09886727 0.08649081
v -9.531309E-10 -0.09233429 0.07543401
v 0.004943012 -0.09372519 0.07460776
v 2.013332E-09 -0.08510068 0.06519009
v 0.007997959 -0.1028663 0.08515391
v 0.007997955 -0.1108464 0.09820298
v 0.004943002 -0.1150282 0.1136852
v -1.435683E-08 -0.1133357 0.1297822
v 0.004943015 -0.08629424 0.06408434
v 4.891803E-09 -0.07595514 0.05671744
v 0.007997962 -0.09736665 0.07244462
v 0.007997958 -0.1078093 0.08350142
v 0.004943004 -0.1150282 0.09775076
v 0.004943018 -0.07689917 0.05538054
v 7.621607E-09 -0.06959744 0.058588
v 0.005611429 -0.06967329 0.05570227
v 0.007997965 -0.089419 0.0611895
v 0.007997968 -0.07937068 0.0518805
v 0.009079481 -0.0698719 0.04814731
v 0.007997962 -0.1018677 0.06977083
v 0.007997965 -0.09328141 0.05761127
v 0.007997968 -0.08242561 0.04755421
v 0.009079482 -0.07011738 0.03880887
v 0.004943008 -0.1118082 0.08216453
v 0.004943012 -0.1055092 0.06760769
v 0.004943016 -0.09640617 0.05471642
v 0.004943019 -0.08489712 0.04405417
v 0.005611431 -0.07031599 0.03125392
v 6.289461E-09 -0.08584116 0.04271727
v 9.782469E-09 -0.07039184 0.02836818
v 2.58857E-09 -0.09759972 0.05361069
v -1.225454E-09 -0.1069001 0.06678144
v -4.985913E-09 -0.1133357 0.08165387
v -8.528462E-09 -0.1166255 0.09757802
v -0.004943007 -0.08489712 0.04405417
v -0.005611412 -0.07031599 0.03125392
v -0.00494301 -0.09640617 0.05471642
v -0.004943014 -0.1055092 0.06760769
v -0.004943017 -0.1118082 0.08216451
v -0.007997957 -0.08242561 0.04755421
v -0.009079463 -0.07011738 0.03880887
v -0.00799796 -0.09328141 0.05761127
v -0.007997964 -0.1018677 0.06977083
v -0.007997957 -0.07937068 0.0518805
v -0.009079466 -0.0698719 0.04814731
v -0.007997961 -0.089419 0.0611895
v -0.004943008 -0.07689917 0.05538054
v -0.005611416 -0.06967329 0.05570227
v 4.891803E-09 -0.07595514 0.05671744
v 7.621607E-09 -0.06959744 0.058588
v 2.013332E-09 -0.08510068 0.06519009
v -0.004943011 -0.08629424 0.06408434
v -9.531309E-10 -0.09233429 0.07543401
v -0.004943014 -0.09372519 0.07460776
v -3.877931E-09 -0.0973398 0.08700146
v -0.007997964 -0.09736665 0.07244462
v -0.004943016 -0.09886727 0.08649081
v -6.633248E-09 -0.09989848 0.09938691
v -0.007997966 -0.1028663 0.0851539
v -0.00494302 -0.1014958 0.09921417
v -9.098666E-09 -0.09989848 0.1120491
v -0.007997966 -0.1078093 0.08350141
v -0.004943022 -0.1014958 0.1122218
v -1.116643E-08 -0.0973398 0.1244346
v -0.00799797 -0.1056775 0.09876195
v -0.00799797 -0.1108464 0.09820297
v -0.004943024 -0.09886727 0.1249452
v -1.274616E-08 -0.09233429 0.136002
v -0.007997973 -0.1056775 0.112674
v -0.004943021 -0.1150282 0.09775075
v -0.004943026 -0.09372519 0.1368283
v -0.007997975 -0.1028663 0.1262821
v -0.007997974 -0.1108464 0.113233
v -0.004943024 -0.1150282 0.1136852
v -0.007997977 -0.09736665 0.1389914
v -0.007997976 -0.1078093 0.1279346
v -1.169828E-08 -0.1166255 0.113858
v -0.004943027 -0.1118082 0.1292715
v -0.007997978 -0.089419 0.1502465
v -0.007997978 -0.1018677 0.1416652
v -0.004943029 -0.1055092 0.1438283
v -0.007997978 -0.09328141 0.1538247
v -0.004826526 -0.07242026 0.175703
v -0.00494303 -0.07148508 0.1753491
v -1.798774E-08 -0.07213833 0.1768587
v -1.828781E-08 -0.07305807 0.177177
v -0.004545259 -0.07279824 0.1757328
v 0.004942995 -0.07148508 0.1753491
v -1.83227E-08 -0.07339893 0.177121
v 0.00482649 -0.07242026 0.175703
v 0.004545223 -0.07279824 0.1757328
v -0.00454526 -0.0858715 0.1685085
v -1.80412E-08 -0.09769637 0.1588337
v -0.00454526 -0.09659885 0.1578169
v -1.856306E-08 -0.08673956 0.1697378
v -0.004545259 -0.07279824 0.1757328
v 0.004545223 -0.09659885 0.1578169
v -1.83227E-08 -0.07339893 0.177121
v 0.004545223 -0.0858715 0.1685085
v 0.004545223 -0.07279824 0.1757328
v 0.00482649 -0.07242026 0.175703
v 0.004942995 -0.07148508 0.1753491
v 0.004942995 -0.08489714 0.1673818
v 0.004826489 -0.08573318 0.1683365
v 0.004545223 -0.07279824 0.1757328
v 0.004942995 -0.09640617 0.1567196
v 0.004545223 -0.0858715 0.1685085
v 0.00482649 -0.09666608 0.1574544
v 0.004545223 -0.09659885 0.1578169
v -0.004826526 -0.09666608 0.1574544
v -0.00494303 -0.09640617 0.1567196
v -0.00494303 -0.08489714 0.1673818
v -0.004826526 -0.08573318 0.1683365
v -0.00454526 -0.09659885 0.1578169
v -0.00494303 -0.07148508 0.1753491
v -0.00454526 -0.0858715 0.1685085
v -0.004826526 -0.07242026 0.175703
v -0.004545259 -0.07279824 0.1757328
v -1.80412E-08 -0.09769637 0.1588337
v -0.004826526 -0.09666608 0.1574544
v -0.00454526 -0.09659885 0.1578169
v -1.8001E-08 -0.09783144 0.158534
v 0.004545223 -0.09659885 0.1578169
v -0.00494303 -0.09640617 0.1567196
v 0.00482649 -0.09666608 0.1574544
v -1.770277E-08 -0.09759972 0.1578253
v 0.004942995 -0.09640617 0.1567196
v -1.385363E-07 0.056231 0.1525028
v -0.009835891 0.06063285 0.1827527
v -0.01097323 0.05244356 0.1828541
v -0.006078905 0.06757823 0.1826714
v -1.037386E-09 0.07390285 0.1826468
v 0.006078895 0.06757825 0.1826714
v 0.009835889 0.06063287 0.1827527
v 0.01097274 0.05244358 0.1828541
v 0.01087497 0.05248985 0.183082
v 0.01021553 0.05276324 0.183079
v 0.009159631 0.06038786 0.1829849
v 0.009745992 0.06060524 0.1829818
v 0.01097274 0.05244358 0.1828541
v 0.00566185 0.06685648 0.1829092
v 0.009835889 0.06063287 0.1827527
v 0.006022727 0.06748591 0.1829014
v 5.94802E-07 0.07274609 0.1828862
v 0.006078895 0.06757825 0.1826714
v 1.309171E-07 0.07375224 0.1828769
v -0.005660664 0.06685645 0.1829092
v -1.037386E-09 0.07390285 0.1826468
v -0.006022483 0.06748591 0.1829014
v -0.009158369 0.06038782 0.1829849
v -0.006078905 0.06757823 0.1826714
v -0.009745808 0.06060526 0.1829818
v -0.01021462 0.05276327 0.183079
v -0.009835891 0.06063285 0.1827527
v -0.01087528 0.0524898 0.183082
v -0.01097323 0.05244356 0.1828541
v 0.009936558 0.05285616 0.1828613
v 0.001972588 0.0543193 0.1653196
v 0.001972587 0.0558801 0.1653003
v 0.008909706 0.06027268 0.1827697
v 0.01021553 0.05276324 0.183079
v 0.001221637 0.05720383 0.1652849
v 0.009159631 0.06038786 0.1829849
v 0.005507229 0.06656367 0.1826979
v 6.404619E-06 0.05840922 0.1652801
v 0.00566185 0.06685648 0.1829092
v 7.941821E-07 0.07229274 0.1826766
v -0.001208483 0.05720383 0.1652849
v 5.94802E-07 0.07274609 0.1828862
v -0.00550565 0.06656366 0.1826979
v -0.001959432 0.05588009 0.1653003
v -0.005660664 0.06685645 0.1829092
v -0.008908129 0.06027268 0.1827698
v -0.001959432 0.0543193 0.1653196
v -0.009158369 0.06038782 0.1829849
v -0.009935346 0.05285615 0.1828613
v -0.01021462 0.05276327 0.183079
v -0.01674015 -0.06132193 0.1571069
v -0.01569387 -0.05542674 0.1809539
v -0.01514375 -0.0560593 0.1803429
v -0.01388577 -0.05582991 0.1828133
v -0.01733487 -0.06083641 0.1570687
v -0.01927968 -0.06969365 0.03826977
v -0.01444653 -0.05519937 0.1834031
v -0.01118818 -0.05639513 0.1838366
v -0.01524274 -0.05292631 0.1807714
v -0.01987379 -0.06920609 0.03826053
v -0.01928401 -0.06970791 0.01229341
v -0.01689546 -0.05837465 0.1567438
v -8.076542E-10 -0.06117589 0.1567438
v -0.01401213 -0.0527041 0.1831885
v -0.01177175 -0.0557599 0.1844174
v -0.01987823 -0.06922069 0.01163942
v -6.324011E-14 -0.07275691 0.01229341
v -0.01942738 -0.06672131 0.03818177
v -9.790011E-10 -0.05715371 0.1844173
v -9.7538E-10 -0.05759427 0.1838366
v -0.01137377 -0.05326405 0.1841886
v 0 -0.07246174 0.01163942
v 0.01928391 -0.06970794 0.01229341
v -1.839787E-12 -0.06994047 0.03818154
v 0.01689537 -0.05837468 0.1567438
v -0.01943143 -0.06673444 0.01136739
v 0.01177167 -0.05575992 0.1844174
v 0.0111881 -0.05639514 0.1838366
v 0.01388568 -0.05582994 0.1828133
v -9.810492E-10 -0.05464115 0.1841879
v 0.01137368 -0.05326408 0.1841886
v 0.01444645 -0.0551994 0.1834031
v 0.01514367 -0.05605933 0.1803429
v 0 -0.06995434 0.01136739
v 0.01401205 -0.05270413 0.1831885
v 0.01569378 -0.05542678 0.1809539
v 0.01524266 -0.05292634 0.1807714
v 0.01733478 -0.06083644 0.1570687
v 0.01674006 -0.06132196 0.1571069
v 0.01942728 -0.06672134 0.03818177
v 0.01987369 -0.06920613 0.03826053
v 0.01927959 -0.06969368 0.03826977
v 0.01987813 -0.06922073 0.01163942
v 0.01943133 -0.06673448 0.01136739
v -0.001554098 0.06676783 0.1753979
v 7.964089E-06 0.05860959 0.1754877
v -0.003498697 0.06466073 0.1754122
v 3.41863E-06 0.06827486 0.1753922
v -0.004816863 0.06280323 0.175433
v 0.001650545 0.06676784 0.1753979
v -0.005663177 0.06069176 0.1754591
v 0.003505702 0.06466074 0.1754122
v -0.006194915 0.05835164 0.1754879
v 0.00482387 0.06280324 0.175433
v -0.006204681 0.05601197 0.1755168
v 0.005670186 0.06069176 0.1754591
v -0.005277507 0.05390161 0.1755428
v 0.006201809 0.05835165 0.1754879
v -0.003871964 0.05222699 0.1755635
v 0.006211499 0.05601197 0.1755168
v -0.002033917 0.05115186 0.1755767
v 0.005284327 0.05390162 0.1755428
v 3.572892E-06 0.05078141 0.1755813
v 0.003879108 0.05222699 0.1755635
v 0.002041063 0.05115186 0.1755767
vt 0.9940813 0.9269948
vt 0.9889948 0.9243972
vt 0.9401991 0.9213876
vt 0.99595 0.9327345
vt 0.9394145 0.9558288
vt 0.995333 0.9558287
vt 0.99595 0.9789231
vt 0.9940813 0.9846629
vt 0.9889948 0.9872605
vt 0.9401993 0.99027
vt 0.6975181 0.995846
vt 0.6975181 0.9158118
vt 0.6972325 0.9558288
vt 0.6440555 0.9960435
vt 0.6439644 0.9558288
vt 0.6440555 0.9156143
vt 0.9737678 0.53581
vt 0.952992 0.5439031
vt 0.9741576 0.5398842
vt 0.9518613 0.5399696
vt 0.9429576 0.5478203
vt 0.9414756 0.5440238
vt 0.9329231 0.5517373
vt 0.9310898 0.5480778
vt 0.8957272 0.5748957
vt 0.8987564 0.5776482
vt 0.8724107 0.6126595
vt 0.8762286 0.6141347
vt 0.8642766 0.6562901
vt 0.8683697 0.6562896
vt 0.8724192 0.6999195
vt 0.876237 0.6984434
vt 0.8957435 0.7376792
vt 0.8987724 0.7349262
vt 0.9311122 0.7644908
vt 0.9329448 0.7608309
vt 0.9737677 0.7767479
vt 0.9741576 0.7726735
vt 0.9986024 0.5388945
vt 0.9982126 0.5348201
vt 0.9555567 0.5470769
vt 0.9573893 0.5507369
vt 0.9201885 0.5738876
vt 0.9232172 0.5766406
vt 0.8968641 0.6116465
vt 0.9006818 0.6131226
vt 0.888721 0.6552752
vt 0.8928141 0.6552756
vt 0.8968546 0.6989057
vt 0.9006725 0.6974305
vt 0.9201707 0.73667
vt 0.9232001 0.7339175
vt 0.9555337 0.7634889
vt 0.9573671 0.7598293
vt 0.9674018 0.7637465
vt 0.9659197 0.7675432
vt 0.9774365 0.7676638
vt 0.9763057 0.7715976
vt 0.9986024 0.7716832
vt 0.9982126 0.7757576
vt 0.5549452 0.8411568
vt 0.5144292 0.819755
vt 0.5116373 0.8233441
vt 0.5533128 0.8448865
vt 0.5525571 0.8466456
vt 0.5107806 0.8251806
vt 0.5950464 0.8616999
vt 0.5955318 0.8599218
vt 0.5966721 0.8558421
vt 0.6377141 0.8702224
vt 0.6384537 0.8647071
vt 0.6379409 0.8684607
vt 0.6795213 0.8728472
vt 0.6794997 0.8711035
vt 0.6794733 0.8672379
vt 0.7213273 0.8695785
vt 0.7210617 0.867853
vt 0.7204964 0.8640237
vt 0.7623179 0.8605036
vt 0.7618179 0.8588369
vt 0.7607172 0.8551022
vt 0.8021061 0.8456962
vt 0.8014251 0.8441074
vt 0.7996891 0.8404909
vt 0.8119884 0.8408173
vt 0.8112023 0.839233
vt 0.8094298 0.835654
vt 0.8218927 0.8358819
vt 0.8210511 0.834324
vt 0.8410326 0.8246549
vt 0.8191476 0.8308649
vt 0.8401641 0.8231037
vt 0.8377551 0.819755
vt 0.8055323 0.8551921
vt 0.8461904 0.8378371
vt 0.8435146 0.834483
vt 0.8071863 0.8588319
vt 0.8469711 0.8394419
vt 0.7663959 0.8698488
vt 0.8079107 0.860418
vt 0.7675053 0.8736154
vt 0.7256436 0.8788773
vt 0.7680158 0.875311
vt 0.7262155 0.8827572
vt 0.6840795 0.8821267
vt 0.7264845 0.8845054
vt 0.6841044 0.8860438
vt 0.6425183 0.8795475
vt 0.6841267 0.8878103
vt 0.6419984 0.8834248
vt 0.6417734 0.8851751
vt 0.6017718 0.8712119
vt 0.6007283 0.8748996
vt 0.6002514 0.8766335
vt 0.5593949 0.8602786
vt 0.5611795 0.8564452
vt 0.5586769 0.8620336
vt 0.550705 0.8513094
vt 0.548825 0.8551625
vt 0.5479934 0.8568724
vt 0.5402269 0.8462266
vt 0.5382071 0.8499725
vt 0.5201989 0.834483
vt 0.5373176 0.8516469
vt 0.5177051 0.8379762
vt 0.5167474 0.8396971
vt 0.6277382 0.8265036
vt 0.6725755 0.8496528
vt 0.6726437 0.8356376
vt 0.622879 0.8395442
vt 0.5897182 0.8009221
vt 0.5808027 0.8112333
vt 0.564338 0.7627675
vt 0.5527146 0.769008
vt 0.5554353 0.7178157
vt 0.5428621 0.7192603
vt 0.564352 0.6728668
vt 0.5527301 0.6695154
vt 0.589735 0.6347142
vt 0.5808213 0.6272923
vt 0.6277453 0.6091188
vt 0.6228869 0.5989661
vt 0.638745 0.6057238
vt 0.6350601 0.5952088
vt 0.6497445 0.6023288
vt 0.6472332 0.5914517
vt 0.6726437 0.5999418
vt 0.6725756 0.58881
vt 0.7332462 0.8389655
vt 0.7333142 0.8529806
vt 0.7830107 0.8428721
vt 0.7781516 0.8298315
vt 0.8250872 0.8145614
vt 0.8161715 0.80425
vt 0.8531753 0.772336
vt 0.8415517 0.7660955
vt 0.8630277 0.7225883
vt 0.8504544 0.7211438
vt 0.8531598 0.6728436
vt 0.8415378 0.6761948
vt 0.8250686 0.6306202
vt 0.8161548 0.6380421
vt 0.7830029 0.602294
vt 0.7781445 0.6124467
vt 0.7708296 0.5985367
vt 0.7671448 0.6090517
vt 0.7586564 0.5947796
vt 0.7561451 0.6056567
vt 0.7333142 0.5921379
vt 0.7332462 0.6032697
vt 0.9687646 0.7844356
vt 0.9956667 0.8631261
vt 0.9956667 0.7788985
vt 0.9460061 0.7996861
vt 0.9307898 0.822445
vt 0.9254182 0.8492631
vt 0.9306711 0.8760735
vt 0.9457121 0.8988508
vt 0.9682575 0.9142526
vt 0.9748228 0.9163282
vt 0.9814086 0.9183726
vt 0.9951121 0.9199134
vt 0.9990827 0.7295297
vt 0.9990827 0.6417167
vt 0.9710354 0.7237569
vt 0.947308 0.7078571
vt 0.931444 0.6841292
vt 0.925844 0.6561696
vt 0.9313201 0.6282184
vt 0.9470013 0.6044714
vt 0.9705066 0.5884137
vt 0.9773514 0.5862497
vt 0.9842175 0.5841183
vt 0.9985043 0.582512
vt 0.002693715 0.6039991
vt 0.02777738 0.6724606
vt 0.0530639 0.6637681
vt 0.03075117 0.594354
vt 0.06587161 0.6599331
vt 0.04496251 0.5900992
vt 0.07867925 0.6560982
vt 0.05917384 0.585844
vt 0.1304887 0.6439226
vt 0.1166606 0.5723343
vt 0.1831055 0.6359266
vt 0.1750433 0.5634624
vt 0.2361929 0.6321618
vt 0.2339482 0.5592851
vt 0.2894115 0.632652
vt 0.2929984 0.5598291
vt 0.3424205 0.6373941
vt 0.3518163 0.5650909
vt 0.3948812 0.6463577
vt 0.4100256 0.5750367
vt 0.4464575 0.6594854
vt 0.4672536 0.589603
vt 0.00102371 0.7141735
vt 0.02352943 0.7820356
vt 0.0736821 0.7676019
vt 0.05667233 0.6981583
vt 0.124828 0.757223
vt 0.1134227 0.6866418
vt 0.1766399 0.750965
vt 0.1709122 0.679698
vt 0.2287861 0.7488682
vt 0.2287727 0.6773713
vt 0.2809331 0.7509456
vt 0.286634 0.6796764
vt 0.3327472 0.7571844
vt 0.3441261 0.6865985
vt 0.383897 0.7675443
vt 0.400881 0.6980935
vt 0.3965667 0.7709141
vt 0.4149392 0.7018324
vt 0.4092365 0.7742838
vt 0.4289973 0.7055712
vt 0.4342849 0.7820356
vt 0.4567905 0.7141725
vt 0.6129583 0.8405525
vt 0.5874659 0.848815
vt 0.6127691 0.851711
vt 0.5900844 0.8379346
vt 0.5753306 0.8449553
vt 0.5791143 0.8344453
vt 0.5631956 0.8410953
vt 0.5681442 0.830956
vt 0.5302975 0.805119
vt 0.5213295 0.8125144
vt 0.5050496 0.7668768
vt 0.4934002 0.7702107
vt 0.4961745 0.7219195
vt 0.4835824 0.7204788
vt 0.5050112 0.6769548
vt 0.4933575 0.6707386
vt 0.5302513 0.6387076
vt 0.5212783 0.6284295
vt 0.5681244 0.6129094
vt 0.5631738 0.5998915
vt 0.6129583 0.6034314
vt 0.6127692 0.5894069
vt 0.6978804 0.8368326
vt 0.6750066 0.8394505
vt 0.6751958 0.8506091
vt 0.700499 0.8477132
vt 0.7088506 0.8333434
vt 0.7126341 0.8438534
vt 0.7198207 0.8298541
vt 0.7247693 0.8399935
vt 0.7666355 0.8114126
vt 0.7576675 0.8040172
vt 0.7945648 0.7691089
vt 0.7829153 0.765775
vt 0.8043826 0.7193772
vt 0.7917905 0.7208178
vt 0.7946076 0.669637
vt 0.782954 0.675853
vt 0.7666867 0.6273278
vt 0.7577139 0.6376058
vt 0.7247915 0.5987897
vt 0.7198407 0.6118077
vt 0.6751959 0.588305
vt 0.6750067 0.6023296
vt 0.03416586 0.005142421
vt 0.3208585 0.06865424
vt 0.3241041 0.03886539
vt 0.03046104 0.03914765
vt 0.03295335 0.005001397
vt 0.3194523 0.08357069
vt 0.02924639 0.03902426
vt 0.02885571 0.0561762
vt 0.02764028 0.0560616
vt 0.3180462 0.09848686
vt 0.02725053 0.07320404
vt 0.02603447 0.07309836
vt 0.02111709 0.1410499
vt 0.02233604 0.1411204
vt 0.3137408 0.1579732
vt 0.01816872 0.2091068
vt 0.01938921 0.209142
vt 0.3111578 0.2175584
vt 0.01718912 0.277213
vt 0.01840979 0.2772129
vt 0.3102993 0.2771928
vt 0.01817831 0.3453233
vt 0.01939851 0.3452879
vt 0.3111664 0.3368273
vt 0.02113569 0.4133757
vt 0.0223543 0.4133051
vt 0.3137577 0.3964124
vt 0.02606028 0.4813188
vt 0.02727634 0.481213
vt 0.03294951 0.5490968
vt 0.3180715 0.4558982
vt 0.03416216 0.5489558
vt 0.3241041 0.5152348
vt 0.3446596 0.002881051
vt 0.3434914 0.002745212
vt 0.3368551 0.06802192
vt 0.3380265 0.06812392
vt 0.623929 0.03536072
vt 0.3321097 0.1334672
vt 0.6181186 0.09251311
vt 0.3332838 0.1335353
vt 0.32926 0.1990211
vt 0.6139636 0.1498097
vt 0.3304355 0.1990552
vt 0.3283064 0.2646208
vt 0.6114677 0.2072023
vt 0.3294821 0.2646209
vt 0.3292487 0.3302213
vt 0.6106328 0.2646424
vt 0.3304239 0.3301874
vt 0.3320883 0.3957792
vt 0.6114597 0.3220832
vt 0.3332623 0.3957113
vt 0.6139477 0.379477
vt 0.336824 0.4612255
vt 0.3379955 0.4611237
vt 0.6180947 0.4367751
vt 0.619449 0.4511429
vt 0.3395414 0.4775259
vt 0.3383707 0.4776362
vt 0.6208032 0.4655101
vt 0.3410874 0.493928
vt 0.623929 0.4942029
vt 0.3399175 0.4940468
vt 0.3446559 0.5266832
vt 0.343488 0.526819
vt 0.4965022 0.6237341
vt 0.507764 0.6148729
vt 0.5067871 0.6137523
vt 0.4975932 0.6247442
vt 0.4919216 0.6292453
vt 0.4930636 0.6301944
vt 0.487341 0.6347563
vt 0.4885342 0.6356445
vt 0.4728376 0.6593208
vt 0.4741924 0.6599366
vt 0.4638644 0.6863997
vt 0.4653192 0.6867148
vt 0.460831 0.7147641
vt 0.4623199 0.7147637
vt 0.4638766 0.7431283
vt 0.4653319 0.7428124
vt 0.4728647 0.7702032
vt 0.4742202 0.769586
vt 0.487388 0.7947582
vt 0.4885819 0.7938676
vt 0.506786 0.815676
vt 0.507764 0.8145527
vt 0.5016326 0.6386346
vt 0.522008 0.6188408
vt 0.5210301 0.6177174
vt 0.5028264 0.6395252
vt 0.4871094 0.6631889
vt 0.4884649 0.6638061
vt 0.4781213 0.690263
vt 0.4795766 0.6905789
vt 0.4750752 0.7186275
vt 0.4765641 0.7186278
vt 0.4781085 0.7469932
vt 0.4795633 0.7466782
vt 0.4870815 0.7740726
vt 0.4884362 0.7734567
vt 0.501585 0.7986379
vt 0.5027782 0.7977496
vt 0.5061656 0.8041491
vt 0.5073076 0.8031999
vt 0.5107462 0.8096603
vt 0.5118372 0.8086503
vt 0.5210311 0.8196424
vt 0.522008 0.8185219
vt 0.7438449 0.7744691
vt 0.7151212 0.8009675
vt 0.7164088 0.802757
vt 0.7420132 0.7732683
vt 0.7587522 0.7381474
vt 0.6793622 0.8155022
vt 0.7162902 0.8028207
vt 0.6797897 0.8176512
vt 0.6409375 0.8157015
vt 0.6405265 0.8178576
vt 0.7565992 0.7377203
vt 0.7587522 0.6988758
vt 0.6053213 0.8012961
vt 0.6041195 0.8031333
vt 0.7565982 0.699301
vt 0.7437446 0.6625607
vt 0.5778949 0.7743648
vt 0.5760807 0.7756037
vt 0.7419159 0.6637781
vt 0.7159403 0.6347089
vt 0.5628402 0.7389353
vt 0.5606865 0.7393857
vt 0.7147153 0.6365367
vt 0.6794876 0.6195863
vt 0.5625028 0.7003341
vt 0.5603351 0.6999236
vt 0.6790554 0.6217499
vt 0.6398522 0.6195827
vt 0.5770478 0.6643813
vt 0.5751929 0.6631784
vt 0.6402716 0.6217533
vt 0.6302435 0.6224906
vt 0.5832042 0.6567487
vt 0.5814914 0.655361
vt 0.6308877 0.6245988
vt 0.6206989 0.6254504
vt 0.5893714 0.649169
vt 0.587814 0.6476225
vt 0.6215486 0.6274738
vt 0.6031482 0.6349305
vt 0.6043908 0.6367356
vt 0.01473584 0.9953437
vt 0.01519533 0.998605
vt 0.05293488 0.994728
vt 0.05270054 0.991457
vt 0.01285737 0.9763131
vt 0.07182399 0.9932882
vt 0.05094444 0.972683
vt 0.01241677 0.9717032
vt 0.07161931 0.9899924
vt 0.09074587 0.991365
vt 0.05052742 0.9680842
vt 0.005976968 0.8985066
vt 0.06997152 0.9710238
vt 0.09052577 0.9881116
vt 0.1652774 0.9861822
vt 0.04432981 0.8951611
vt 0.005692385 0.8952442
vt 0.04404896 0.8918983
vt 0.06957569 0.9664299
vt 0.06350779 0.8935329
vt 0.0632359 0.8902673
vt 0.08892893 0.9694049
vt 0.1652917 0.9828959
vt 0.24022 0.9830362
vt 0.08856881 0.9648278
vt 0.08270576 0.8919735
vt 0.08245277 0.8886977
vt 0.2403745 0.9797015
vt 0.3158081 0.9817851
vt 0.1638912 0.9594469
vt 0.1595175 0.886387
vt 0.1593114 0.88309
vt 0.1641575 0.9640257
vt 0.3160633 0.9784032
vt 0.3920155 0.9825255
vt 0.2395785 0.956026
vt 0.2369398 0.8823599
vt 0.2368068 0.8790339
vt 0.2397267 0.9606346
vt 0.3923377 0.979094
vt 0.4688719 0.9853687
vt 0.3158716 0.954528
vt 0.3150898 0.8802002
vt 0.3150398 0.8768427
vt 0.3159014 0.9591737
vt 0.4692336 0.9818845
vt 0.5465019 0.9904613
vt 0.3927818 0.9550152
vt 0.3939705 0.8800536
vt 0.3940086 0.8766652
vt 0.3926882 0.9596995
vt 0.5469005 0.9869115
vt 0.6254189 0.998605
vt 0.6261197 0.9949864
vt 0.4703537 0.9575791
vt 0.4735608 0.882025
vt 0.4736894 0.8786076
vt 0.4701299 0.9623079
vt 0.548409 0.9671315
vt 0.6280859 0.9744413
vt 0.6285248 0.9695919
vt 0.548776 0.962339
vt 0.5538102 0.8861097
vt 0.5540194 0.8826676
vt 0.634596 0.8918323
vt 0.63484 0.8883789
vt 0.9950855 0.9211414
vt 0.9951121 0.9199134
vt 0.9814086 0.9183726
vt 0.9811035 0.9195626
vt 0.9748228 0.9163282
vt 0.974381 0.9174653
vt 0.9682575 0.9142526
vt 0.9676825 0.9153229
vt 0.9457121 0.8988508
vt 0.9447057 0.8995871
vt 0.9306711 0.8760735
vt 0.9294031 0.8763445
vt 0.9254182 0.8492631
vt 0.9240896 0.8490191
vt 0.9307898 0.822445
vt 0.9295956 0.821714
vt 0.9460061 0.7996861
vt 0.9451104 0.7985606
vt 0.9687646 0.7844356
vt 0.9682817 0.7830566
vt 0.9956667 0.7788985
vt 0.9956423 0.7774296
vt 0.01343711 0.8719056
vt 0.01393168 0.874445
vt 0.06931584 0.8686708
vt 0.06903557 0.8661731
vt 0.1240733 0.8651546
vt 0.012063 0.8578345
vt 0.1238193 0.8626826
vt 0.1789458 0.8631392
vt 0.06785001 0.8524346
vt 0.1787147 0.8606754
vt 0.2340045 0.8625736
vt 0.06757684 0.8490658
vt 0.01173476 0.8544399
vt 0.00712602 0.8001773
vt 0.1230591 0.8487964
vt 0.233817 0.8601167
vt 0.2892458 0.8634087
vt 0.06354359 0.7955558
vt 0.006928267 0.7977654
vt 0.06336598 0.7931409
vt 0.1228866 0.8454405
vt 0.1200995 0.7918716
vt 0.1199717 0.789449
vt 0.1783356 0.8467405
vt 0.1782544 0.8433765
vt 0.1768567 0.7895821
vt 0.1767902 0.7871512
vt 0.2338059 0.8427584
vt 0.2337937 0.7887709
vt 0.2337898 0.7863329
vt 0.2338004 0.8461339
vt 0.2895538 0.8435477
vt 0.2908803 0.789408
vt 0.290937 0.7869642
vt 0.2891284 0.8609591
vt 0.3446236 0.8656199
vt 0.2894635 0.8469344
vt 0.344607 0.8631814
vt 0.400198 0.8693069
vt 0.3454755 0.8457272
vt 0.3480933 0.7914268
vt 0.3482055 0.7889777
vt 0.3452991 0.8491257
vt 0.4003514 0.8668766
vt 0.4143662 0.8706707
vt 0.4016206 0.8493521
vt 0.4054535 0.7946662
vt 0.4056061 0.7922137
vt 0.4013737 0.8527755
vt 0.4145046 0.868195
vt 0.4286073 0.8716758
vt 0.4198689 0.7956434
vt 0.4200404 0.7931885
vt 0.4159064 0.8504549
vt 0.4156363 0.8539082
vt 0.4287707 0.8692132
vt 0.4569876 0.874445
vt 0.4573206 0.8719921
vt 0.4299278 0.8550463
vt 0.4586574 0.8575444
vt 0.4302154 0.8515838
vt 0.458958 0.8540674
vt 0.4343009 0.7966861
vt 0.4344816 0.7942283
vt 0.4632181 0.7988543
vt 0.4634023 0.7963943
vt 0.9990572 0.7310611
vt 0.9990827 0.7295297
vt 0.9710354 0.7237569
vt 0.9705321 0.7251946
vt 0.947308 0.7078571
vt 0.9463742 0.7090306
vt 0.931444 0.6841292
vt 0.930199 0.6848913
vt 0.925844 0.6561696
vt 0.9244587 0.6564239
vt 0.9313201 0.6282184
vt 0.9299982 0.6279359
vt 0.9470013 0.6044714
vt 0.945952 0.6037037
vt 0.9705066 0.5884137
vt 0.9699072 0.5872978
vt 0.9773514 0.5862497
vt 0.9768908 0.5850642
vt 0.9842175 0.5841183
vt 0.9838994 0.5828776
vt 0.9985043 0.582512
vt 0.9984765 0.5812315
vt 0.8062463 0.03671251
vt 0.7872364 0.04719114
vt 0.8022515 0.06427544
vt 0.8202105 0.05846355
vt 0.8281431 0.02698914
vt 0.8073092 0.1069837
vt 0.8405243 0.05579131
vt 0.8525887 0.01423438
vt 0.8251249 0.1052127
vt 0.8104105 0.1501701
vt 0.8599183 0.05583725
vt 0.8714027 0.004801434
vt 0.842006 0.1036692
vt 0.8279369 0.1489759
vt 0.813075 0.1926997
vt 0.8785079 0.05732488
vt 0.8935704 0.0003778748
vt 0.8933231 0.05042213
vt 0.9151623 0.0061001
vt 0.9059018 0.0563974
vt 0.9326599 0.01598246
vt 0.8579308 0.1024772
vt 0.8705907 0.1021039
vt 0.9238052 0.05568499
vt 0.9555103 0.02917845
vt 0.9108306 0.09927016
vt 0.8448172 0.147824
vt 0.8608665 0.1467683
vt 0.8762519 0.1463335
vt 0.9424854 0.05638538
vt 0.9761537 0.03928917
vt 0.9233187 0.1004792
vt 0.9025629 0.1445553
vt 0.8301166 0.1918191
vt 0.8150472 0.2338395
vt 0.8465431 0.1910998
vt 0.8315672 0.2332297
vt 0.8163384 0.2741244
vt 0.961957 0.05970089
vt 0.9940517 0.05000355
vt 0.9790466 0.06589691
vt 0.8621336 0.190592
vt 0.8474063 0.2327269
vt 0.8325619 0.2738311
vt 0.8168077 0.3138801
vt 0.9389567 0.1024827
vt 0.9554911 0.1046496
vt 0.9728758 0.1068738
vt 0.8769729 0.1904228
vt 0.8889098 0.1517959
vt 0.8623194 0.232306
vt 0.8481025 0.2736321
vt 0.8330593 0.3140395
vt 0.8156531 0.353776
vt 0.9517016 0.1481333
vt 0.9691828 0.1495082
vt 0.8894973 0.1904428
vt 0.8763642 0.2319834
vt 0.8627577 0.2734541
vt 0.8484123 0.3142051
vt 0.8319868 0.3544256
vt 0.8134995 0.3942255
vt 0.8301343 0.3954614
vt 0.8096834 0.4349994
vt 0.8476902 0.3550025
vt 0.8628631 0.314342
vt 0.876651 0.2732757
vt 0.8898355 0.2317688
vt 0.8267098 0.4374949
vt 0.8016633 0.4756724
vt 0.8462681 0.3966123
vt 0.8625507 0.3554907
vt 0.8766194 0.3144156
vt 0.8183976 0.4823307
vt 0.7871741 0.4911969
vt 0.8037496 0.5027778
vt 0.8434049 0.4396848
vt 0.8371935 0.4861033
vt 0.824724 0.5196823
vt 0.8616526 0.3975742
vt 0.8597103 0.44144
vt 0.8554848 0.4892544
vt 0.8480626 0.5403612
vt 0.8766588 0.35584
vt 0.8762876 0.3982355
vt 0.8753742 0.4426019
vt 0.873184 0.4916983
vt 0.8704171 0.55708
vt 0.8905894 0.4925693
vt 0.8906355 0.5634801
vt 0.8905435 0.4430739
vt 0.8904768 0.3985234
vt 0.8903575 0.3560011
vt 0.8900977 0.3144081
vt 0.9079955 0.4916733
vt 0.9108465 0.557058
vt 0.9057155 0.4425699
vt 0.9046726 0.3981864
vt 0.9040751 0.3557538
vt 0.9256964 0.4892041
vt 0.9331836 0.5403156
vt 0.9213865 0.4413758
vt 0.9193255 0.3974769
vt 0.9439924 0.4860274
vt 0.9565082 0.5196081
vt 0.937704 0.4395885
vt 0.9627967 0.4822291
vt 0.9774778 0.502672
vt 0.9795358 0.4755461
vt 0.9940517 0.491065
vt 0.971462 0.4348466
vt 0.9544157 0.4373684
vt 0.9675877 0.3940043
vt 0.9509095 0.3952748
vt 0.9653504 0.3534057
vt 0.9347384 0.3964683
vt 0.9489441 0.3541178
vt 0.9639887 0.3132269
vt 0.9331623 0.3547619
vt 0.9477764 0.3135551
vt 0.9634739 0.2734371
vt 0.9182315 0.3553237
vt 0.9471737 0.2733079
vt 0.9645714 0.2333241
vt 0.9322332 0.3138021
vt 0.9175596 0.3140259
vt 0.9480648 0.2327767
vt 0.9664781 0.1921494
vt 0.9317901 0.2731922
vt 0.903634 0.3142354
vt 0.9494012 0.1912797
vt 0.9322449 0.2323544
vt 0.9173314 0.2731091
vt 0.9035907 0.2730793
vt 0.9329017 0.1905947
vt 0.9173471 0.2320368
vt 0.8901472 0.2731106
vt 0.9033073 0.2318408
vt 0.9347407 0.1467181
vt 0.9171934 0.1901711
vt 0.9021968 0.1901731
vt 0.9184417 0.1453379
vt 0.711484 0.5740989
vt 0.7110221 0.5765622
vt 0.7238483 0.5746365
vt 0.7238483 0.5722548
vt 0.7121744 0.5731018
vt 0.7366742 0.5765622
vt 0.7238483 0.5714038
vt 0.7362124 0.5740989
vt 0.735522 0.5731018
vt 0.6956896 0.5575677
vt 0.6577483 0.5457304
vt 0.6579262 0.5576603
vt 0.6957951 0.5457302
vt 0.7329095 0.5576603
vt 0.657926 0.5338005
vt 0.7333021 0.5457299
vt 0.6956894 0.5338926
vt 0.7329093 0.5337996
vt 0.739202 0.5744833
vt 0.7378147 0.5765622
vt 0.7764219 0.5735009
vt 0.7766638 0.5703624
vt 0.7398974 0.5735188
vt 0.815188 0.5765622
vt 0.7766836 0.5694759
vt 0.8145666 0.5747103
vt 0.8139091 0.573747
vt 0.7384367 0.5664836
vt 0.7378154 0.5683354
vt 0.7765824 0.5652741
vt 0.7763404 0.5621356
vt 0.7390944 0.5655199
vt 0.815188 0.5683354
vt 0.7763208 0.5612491
vt 0.8138008 0.5662566
vt 0.8131053 0.5652921
vt 0.7239657 0.5651948
vt 0.7362146 0.568358
vt 0.7355355 0.5673627
vt 0.7239657 0.5660065
vt 0.712396 0.5673627
vt 0.7366742 0.5702632
vt 0.7117169 0.568358
vt 0.7239657 0.5678148
vt 0.7112572 0.5702632
vt 0.5386114 0.5225046
vt 0.523508 0.5801151
vt 0.5386114 0.5827734
vt 0.5094787 0.5759094
vt 0.4943734 0.5698642
vt 0.4873137 0.5552056
vt 0.4821626 0.5414953
vt 0.4784825 0.5266079
vt 0.7350578 0.5576603
vt 0.7369349 0.5576189
vt 0.7464275 0.5404925
vt 0.7452044 0.5395264
vt 0.7344427 0.5574806
vt 0.759086 0.5270219
vt 0.7446937 0.5391496
vt 0.7585499 0.5253155
vt 0.7748154 0.5155832
vt 0.7582046 0.5247549
vt 0.7748167 0.5134953
vt 0.7905442 0.5270216
vt 0.7748168 0.5127783
vt 0.7910826 0.5253149
vt 0.8032005 0.5404919
vt 0.7914284 0.5247543
vt 0.8044262 0.5395252
vt 0.8126906 0.5576194
vt 0.8049369 0.5391484
vt 0.8145706 0.5576603
vt 0.8151859 0.5574806
vt 0.5571404 0.5201118
vt 0.5617055 0.5542616
vt 0.5644861 0.554134
vt 0.5708646 0.5196516
vt 0.5568759 0.5194967
vt 0.5671459 0.5545949
vt 0.5709527 0.5190178
vt 0.584281 0.5215093
vt 0.5700908 0.555515
vt 0.5846616 0.5208831
vt 0.6000504 0.5245233
vt 0.5711108 0.5584261
vt 0.6006908 0.5238613
vt 0.6036015 0.5401805
vt 0.5716622 0.5610686
vt 0.6042148 0.5397791
vt 0.6059161 0.5535252
vt 0.5716289 0.563852
vt 0.6065469 0.5534158
vt 0.6059229 0.5672567
vt 0.6065469 0.5675001
vt 0.7858067 0.4130657
vt 0.7621545 0.4856243
vt 0.7650463 0.4850586
vt 0.7609164 0.493596
vt 0.7828745 0.412806
vt 0.7858067 0.07413693
vt 0.7584466 0.4914432
vt 0.7532439 0.4997861
vt 0.7557745 0.4834172
vt 0.7835128 0.07463403
vt 0.7500482 0.02393187
vt 0.7750956 0.4119823
vt 0.7186922 0.4108587
vt 0.7543327 0.4884688
vt 0.7534275 0.4968736
vt 0.748825 0.02526815
vt 0.7126341 0.0007791501
vt 0.776238 0.07691094
vt 0.7201158 0.5072496
vt 0.7201493 0.5095192
vt 0.7499892 0.4915167
vt 0.7126617 0.002639769
vt 0.6759209 0.02502683
vt 0.7138826 0.08527479
vt 0.6623467 0.4136475
vt 0.7453645 0.02860689
vt 0.6865126 0.4978619
vt 0.6867821 0.5007678
vt 0.6789302 0.4948069
vt 0.7199954 0.4991054
vt 0.6897912 0.4924059
vt 0.6813354 0.4925821
vt 0.6745504 0.4863954
vt 0.7127756 0.01035745
vt 0.6853597 0.4894876
vt 0.6774572 0.4868752
vt 0.6837693 0.4844807
vt 0.6545955 0.4147004
vt 0.6516721 0.4150469
vt 0.6513072 0.07875757
vt 0.6439677 0.07669657
vt 0.6416602 0.07626738
vt 0.6771832 0.0263263
vt 0.6807406 0.02956126
vt 0.6512176 0.5681611
vt 0.6389752 0.5515912
vt 0.6441063 0.5681611
vt 0.656584 0.5678571
vt 0.6385037 0.567439
vt 0.6566077 0.5623204
vt 0.6332316 0.5654297
vt 0.6558878 0.5553951
vt 0.6280718 0.5624624
vt 0.6547192 0.5498681
vt 0.623791 0.5585446
vt 0.6522942 0.544774
vt 0.621504 0.553305
vt 0.6489231 0.5398687
vt 0.6208157 0.5479265
vt 0.6446748 0.5359155
vt 0.6219476 0.542768
vt 0.6392688 0.5340554
vt 0.6246995 0.5384315
vt 0.6338528 0.5337996
vt 0.6288018 0.5353411
vn 0.3362878 -0.8724134 0.3546907
vn 0.4116105 -0.8768736 0.2483336
vn 0.4049281 -0.9022682 0.14814
vn 0.1685575 -0.8804176 0.4432302
vn 0 -0.9891126 0.1471614
vn 0 -0.8944638 0.4471403
vn -0.1685575 -0.8804176 0.4432302
vn -0.3362878 -0.8724134 0.3546907
vn -0.4116105 -0.8768736 0.2483336
vn -0.4049281 -0.9022682 0.14814
vn -0.4087065 -0.9119295 0.03665297
vn 0.4087065 -0.9119295 0.03665297
vn 0 -0.9993145 0.03701956
vn -0.3479443 -0.9197131 -0.1818307
vn 0 -0.9721354 -0.2344197
vn 0.3479175 -0.9197229 -0.1818327
vn 0 -0.8088509 0.5880138
vn -0.1949568 -0.9800944 0.03750813
vn 0 -0.9992963 0.03750833
vn -0.1577838 -0.7933136 0.5880116
vn -0.2900839 -0.9563462 0.03540214
vn -0.2315499 -0.7633488 0.6030614
vn -0.431601 -0.9012289 0.03882029
vn -0.3477069 -0.7364014 0.5803559
vn -0.5793777 -0.5793777 0.5732738
vn -0.7065362 -0.7065362 0.04016248
vn -0.7569967 -0.3135536 0.5732715
vn -0.9231355 -0.3823712 0.04016286
vn -0.8193595 0 0.5732801
vn -0.9991931 0 0.04016305
vn -0.7569967 0.3135536 0.5732715
vn -0.9231355 0.3823712 0.04016286
vn -0.5793777 0.5793777 0.5732738
vn -0.7065362 0.7065362 0.04016248
vn -0.3135536 0.7569967 0.5732715
vn -0.3823712 0.9231355 0.04016286
vn 0 0.8193595 0.5732801
vn 0 0.9991931 0.04016305
vn 0 0.9991931 0.04016305
vn 0 0.8193595 0.5732801
vn 0.3135536 0.7569967 0.5732715
vn 0.3823712 0.9231355 0.04016286
vn 0.5793777 0.5793777 0.5732738
vn 0.7065362 0.7065362 0.04016248
vn 0.7569967 0.3135536 0.5732715
vn 0.9231355 0.3823712 0.04016286
vn 0.8193595 0 0.5732801
vn 0.9991931 0 0.04016305
vn 0.7569967 -0.3135536 0.5732715
vn 0.9231355 -0.3823712 0.04016286
vn 0.5793777 -0.5793777 0.5732738
vn 0.7065362 -0.7065362 0.04016248
vn 0.3477069 -0.7364014 0.5803559
vn 0.431601 -0.9012289 0.03882029
vn 0.2900839 -0.9563462 0.03540214
vn 0.2315499 -0.7633488 0.6030614
vn 0.1949568 -0.9800944 0.03750813
vn 0.1577838 -0.7933136 0.5880116
vn 0 -0.9992963 0.03750833
vn 0 -0.8088509 0.5880138
vn -0.3823712 0.9231355 0.04016286
vn 0 0.9991931 0.04016305
vn 0 0.9045863 -0.4262908
vn -0.3461485 0.835737 -0.4262919
vn -0.3745631 0.9042557 0.204998
vn 0 0.9787633 0.2049937
vn -0.6920893 0.6920893 0.2049991
vn -0.6396271 0.6396271 -0.4263265
vn -0.7065362 0.7065362 0.04016248
vn -0.9042557 0.3745631 0.204998
vn -0.9231355 0.3823712 0.04016286
vn -0.835737 0.3461485 -0.4262919
vn -0.9787633 0 0.2049937
vn -0.9045863 0 -0.4262908
vn -0.9991931 0 0.04016305
vn -0.9042557 -0.3745631 0.204998
vn -0.835737 -0.3461485 -0.4262919
vn -0.9231355 -0.3823712 0.04016286
vn -0.6920893 -0.6920893 0.2049991
vn -0.6396354 -0.6396354 -0.4263015
vn -0.7065362 -0.7065362 0.04016248
vn -0.4185417 -0.8848156 0.204754
vn -0.3839898 -0.8155283 -0.4329728
vn -0.431601 -0.9012289 0.03882029
vn -0.2841624 -0.9368113 0.20405
vn -0.258495 -0.8522094 -0.454884
vn -0.2900839 -0.9563462 0.03540214
vn -0.1909297 -0.959959 0.2049992
vn -0.1751769 -0.8807065 -0.4400786
vn 0 -0.9787633 0.2049937
vn -0.1949568 -0.9800944 0.03750813
vn 0 -0.8979573 -0.4400824
vn 0 -0.9992963 0.03750833
vn 0.3823712 0.9231355 0.04016286
vn 0 0.9045863 -0.4262908
vn 0 0.9991931 0.04016305
vn 0.3461528 0.835717 -0.4263277
vn 0 0.9787633 0.2049937
vn 0.7065362 0.7065362 0.04016248
vn 0.3745631 0.9042557 0.204998
vn 0.6396271 0.6396271 -0.4263265
vn 0.9231355 0.3823712 0.04016286
vn 0.6920893 0.6920893 0.2049991
vn 0.835737 0.3461485 -0.4262919
vn 0.9991931 0 0.04016305
vn 0.9042557 0.3745631 0.204998
vn 0.9045863 0 -0.4262908
vn 0.9231355 -0.3823712 0.04016286
vn 0.9787633 0 0.2049937
vn 0.835717 -0.3461528 -0.4263277
vn 0.9042557 -0.3745631 0.204998
vn 0.7065362 -0.7065362 0.04016248
vn 0.6396271 -0.6396271 -0.4263265
vn 0.6920893 -0.6920893 0.2049991
vn 0.3839898 -0.8155283 -0.4329728
vn 0.431601 -0.9012289 0.03882029
vn 0.4185417 -0.8848156 0.204754
vn 0.2900839 -0.9563462 0.03540214
vn 0.258495 -0.8522094 -0.454884
vn 0.2841624 -0.9368113 0.20405
vn 0.1949568 -0.9800944 0.03750813
vn 0.1751769 -0.8807065 -0.4400786
vn 0 -0.9992963 0.03750833
vn 0.1909297 -0.959959 0.2049992
vn 0 -0.8979573 -0.4400824
vn 0 -0.9787633 0.2049937
vn -0.3880787 0.9211835 0.02856572
vn 0 0.767593 0.6409376
vn 0 0.999598 0.02835241
vn -0.2936239 0.7093852 0.6407477
vn -0.7148156 0.6987016 0.02923718
vn -0.5429432 0.5434926 0.6401786
vn -0.9292367 0.36824 0.03030518
vn -0.7102527 0.2947586 0.639264
vn -0.9993492 -0.01736539 0.03161783
vn -0.7699618 0.0006103784 0.6380896
vn -0.9168289 -0.39791 0.03305235
vn -0.7125994 -0.294452 0.636789
vn -0.6971803 -0.7160717 0.03436461
vn -0.5462886 -0.5455256 0.6355869
vn -0.4272681 -0.903489 0.03390678
vn -0.3271016 -0.6915888 0.6439793
vn -0.2901404 -0.9564836 0.03094587
vn -0.2145781 -0.7073662 0.6734903
vn -0.1932797 -0.9805899 0.03296101
vn -0.1477751 -0.742538 0.6532992
vn 0 -0.9994536 0.03305164
vn 0 -0.7571673 0.6532208
vn 0 0.999598 0.02835241
vn 0 0.767593 0.6409376
vn 0.2936239 0.7093852 0.6407477
vn 0.3880787 0.9211835 0.02856572
vn 0.5429432 0.5434926 0.6401786
vn 0.7148156 0.6987016 0.02923718
vn 0.7102527 0.2947586 0.639264
vn 0.9292367 0.36824 0.03030518
vn 0.7699618 0.0006103784 0.6380896
vn 0.9993492 -0.01736539 0.03161783
vn 0.7125994 -0.294452 0.636789
vn 0.9168289 -0.39791 0.03305235
vn 0.5462886 -0.5455256 0.6355869
vn 0.6971803 -0.7160717 0.03436461
vn 0.3270743 -0.6915957 0.6439857
vn 0.4272681 -0.903489 0.03390678
vn 0.2145781 -0.7073662 0.6734903
vn 0.2901404 -0.9564836 0.03094587
vn 0.1477751 -0.742538 0.6532992
vn 0.1932797 -0.9805899 0.03296101
vn 0 -0.7571673 0.6532208
vn 0 -0.9994536 0.03305164
vn -2.126364E-07 3.169408E-07 -1
vn -4.198228E-07 0 -1
vn 0 3.647291E-07 -1
vn -3.330214E-07 2.219434E-07 -1
vn -4.198228E-07 0 -1
vn -4.198228E-07 0 -1
vn -4.152053E-07 -2.784346E-07 -1
vn -2.95449E-07 -4.433383E-07 -1
vn -2.95449E-07 -4.433383E-07 -1
vn -1.577174E-07 -5.167238E-07 -1
vn -1.577174E-07 -5.167238E-07 -1
vn 0 -5.420561E-07 -1
vn 0 3.647291E-07 -1
vn 4.197001E-07 0 -1
vn 0 3.647291E-07 -1
vn 2.117649E-07 3.169407E-07 -1
vn 4.197001E-07 0 -1
vn 4.197001E-07 0 -1
vn 4.536467E-07 0 -1
vn 4.149191E-07 -2.784352E-07 -1
vn 2.954489E-07 -4.433387E-07 -1
vn 1.551336E-07 -5.170444E-07 -1
vn 0 -5.420559E-07 -1
vn 0 -5.420559E-07 -1
vn 0 -0.9787633 0.2049937
vn 0 -0.9260023 0.3775179
vn 0.1806442 -0.9081959 0.3775553
vn 0.1909297 -0.959959 0.2049992
vn 0.2685095 -0.8850926 0.3801494
vn 0.2841624 -0.9368113 0.20405
vn 0.3958683 -0.8380347 0.3754813
vn 0.4185417 -0.8848156 0.204754
vn 0.6557695 -0.6557695 0.3740758
vn 0.6920893 -0.6920893 0.2049991
vn 0.8567721 -0.35488 0.3741682
vn 0.9042557 -0.3745631 0.204998
vn 0.9273252 0 0.3742566
vn 0.9787633 0 0.2049937
vn 0.8567162 0.3548516 0.3743231
vn 0.9042557 0.3745631 0.204998
vn 0.6556818 0.6556818 0.3743832
vn 0.6920893 0.6920893 0.2049991
vn 0.3548528 0.8566885 0.3743854
vn 0.3745631 0.9042557 0.204998
vn 0 0.9272636 0.374409
vn 0 0.9787633 0.2049937
vn 0 0.9787633 0.2049937
vn 0 0.9272636 0.374409
vn -0.3548528 0.8566885 0.3743854
vn -0.3745631 0.9042557 0.204998
vn -0.6556818 0.6556818 0.3743832
vn -0.6920893 0.6920893 0.2049991
vn -0.8567162 0.3548516 0.3743231
vn -0.9042557 0.3745631 0.204998
vn -0.9273252 0 0.3742566
vn -0.9787633 0 0.2049937
vn -0.8567721 -0.35488 0.3741682
vn -0.9042557 -0.3745631 0.204998
vn -0.6557695 -0.6557695 0.3740758
vn -0.6920893 -0.6920893 0.2049991
vn -0.3958683 -0.8380347 0.3754813
vn -0.4185417 -0.8848156 0.204754
vn -0.2685095 -0.8850926 0.3801494
vn -0.2841624 -0.9368113 0.20405
vn -0.1806442 -0.9081959 0.3775553
vn -0.1909297 -0.959959 0.2049992
vn 0 -0.9260023 0.3775179
vn 0 -0.9787633 0.2049937
vn 0 -0.9994536 0.03305164
vn -0.1559219 -0.7831804 -0.6019276
vn 0 -0.7986466 -0.6018003
vn -0.1932797 -0.9805899 0.03296101
vn -0.2273369 -0.7494579 -0.6217964
vn -0.2901404 -0.9564836 0.03094587
vn -0.3440093 -0.7279068 -0.5931352
vn -0.4272681 -0.903489 0.03390678
vn -0.6971803 -0.7160717 0.03436461
vn -0.5737901 -0.5725388 -0.5856315
vn -0.9168289 -0.39791 0.03305235
vn -0.7478763 -0.3086115 -0.5877414
vn -0.9993492 -0.01736539 0.03161783
vn -0.8074085 0.001068162 -0.5899917
vn -0.9292367 0.36824 0.03030518
vn -0.744211 0.3092512 -0.5920421
vn -0.7148156 0.6987016 0.02923718
vn -0.5685763 0.5694919 -0.5936328
vn -0.3880787 0.9211835 0.02856572
vn -0.3073581 0.7429271 -0.5946347
vn 0 0.999598 0.02835241
vn 0 0.803749 -0.5949684
vn 0.1932797 -0.9805899 0.03296101
vn 0 -0.9994536 0.03305164
vn 0 -0.7986466 -0.6018003
vn 0.1559257 -0.7831686 -0.6019421
vn 0.2901404 -0.9564836 0.03094587
vn 0.2273369 -0.7494579 -0.6217964
vn 0.4272681 -0.903489 0.03390678
vn 0.3440155 -0.7279199 -0.5931154
vn 0.5738003 -0.572549 -0.5856115
vn 0.6971803 -0.7160717 0.03436461
vn 0.7478763 -0.3086115 -0.5877414
vn 0.9168289 -0.39791 0.03305235
vn 0.8074086 0.001037643 -0.5899918
vn 0.9993492 -0.01736539 0.03161783
vn 0.744211 0.3092512 -0.5920421
vn 0.9292367 0.36824 0.03030518
vn 0.5685763 0.5694919 -0.5936328
vn 0.7148156 0.6987016 0.02923718
vn 0.3073581 0.7429271 -0.5946347
vn 0.3880787 0.9211835 0.02856572
vn 0 0.803749 -0.5949684
vn 0 0.999598 0.02835241
vn 0 -0.9972485 0.07413136
vn -0.1577838 -0.7933136 0.5880116
vn 0 -0.8088509 0.5880138
vn -0.1945317 -0.978091 0.07413203
vn 0 -0.7986466 -0.6018003
vn -0.2315499 -0.7633488 0.6030614
vn -0.1559219 -0.7831804 -0.6019276
vn -0.2894756 -0.9543388 0.07376517
vn -0.2273369 -0.7494579 -0.6217964
vn -0.3477069 -0.7364014 0.5803559
vn -0.4263839 -0.901507 0.0740396
vn -0.3440093 -0.7279068 -0.5931352
vn -0.5737901 -0.5725388 -0.5856315
vn -0.7051612 -0.7051612 0.07412951
vn -0.5793777 -0.5793777 0.5732738
vn -0.7478763 -0.3086115 -0.5877414
vn -0.9213449 -0.3816124 0.07413121
vn -0.7569967 -0.3135536 0.5732715
vn -0.8074085 0.001068162 -0.5899917
vn -0.9972485 0 0.07413136
vn -0.8193595 0 0.5732801
vn -0.744211 0.3092512 -0.5920421
vn -0.9213449 0.3816124 0.07413121
vn -0.7569967 0.3135536 0.5732715
vn -0.5685763 0.5694919 -0.5936328
vn -0.7051612 0.7051612 0.07412951
vn -0.5793777 0.5793777 0.5732738
vn -0.3073581 0.7429271 -0.5946347
vn -0.3816124 0.9213449 0.07413121
vn 0 0.803749 -0.5949684
vn -0.3135536 0.7569967 0.5732715
vn 0 0.9972485 0.07413136
vn 0 0.8193595 0.5732801
vn 0 0.9972485 0.07413136
vn 0 0.803749 -0.5949684
vn 0.3073581 0.7429271 -0.5946347
vn 0.3816124 0.9213449 0.07413121
vn 0 0.8193595 0.5732801
vn 0.5685763 0.5694919 -0.5936328
vn 0.3135536 0.7569967 0.5732715
vn 0.7051612 0.7051612 0.07412951
vn 0.744211 0.3092512 -0.5920421
vn 0.5793777 0.5793777 0.5732738
vn 0.9213449 0.3816124 0.07413121
vn 0.8074086 0.001037643 -0.5899918
vn 0.7569967 0.3135536 0.5732715
vn 0.9972485 0 0.07413136
vn 0.7478763 -0.3086115 -0.5877414
vn 0.8193595 0 0.5732801
vn 0.9213449 -0.3816124 0.07413121
vn 0.5738003 -0.572549 -0.5856115
vn 0.7569967 -0.3135536 0.5732715
vn 0.705146 -0.7051765 0.07413112
vn 0.5793777 -0.5793777 0.5732738
vn 0.3440155 -0.7279199 -0.5931154
vn 0.4263839 -0.901507 0.0740396
vn 0.3477069 -0.7364014 0.5803559
vn 0.2315499 -0.7633488 0.6030614
vn 0.2894756 -0.9543388 0.07376517
vn 0.2273369 -0.7494579 -0.6217964
vn 0.1577838 -0.7933136 0.5880116
vn 0.1945317 -0.978091 0.07413203
vn 0 -0.8088509 0.5880138
vn 0.1559257 -0.7831686 -0.6019421
vn 0 -0.9972485 0.07413136
vn 0 -0.7986466 -0.6018003
vn -0.1806442 -0.9081959 0.3775553
vn 0 -0.6698562 0.7424908
vn 0 -0.9260023 0.3775179
vn -0.1306817 -0.6569485 0.7425234
vn -0.2685095 -0.8850926 0.3801494
vn -0.1921805 -0.6334295 0.7495557
vn -0.3958683 -0.8380347 0.3754813
vn -0.2887408 -0.609374 0.738439
vn -0.6557695 -0.6557695 0.3740758
vn -0.479456 -0.4794865 0.7349929
vn -0.8567721 -0.35488 0.3741682
vn -0.6262946 -0.2594174 0.7351583
vn -0.9273252 0 0.3742566
vn -0.6777729 0 0.7352713
vn -0.8567162 0.3548516 0.3743231
vn -0.6260813 0.259326 0.7353722
vn -0.6556818 0.6556818 0.3743832
vn -0.479131 0.479131 0.7354366
vn -0.3548528 0.8566885 0.3743854
vn -0.2592891 0.6259742 0.7354764
vn 0 0.9272636 0.374409
vn 0 0.6775509 0.7354759
vn 0.3548528 0.8566885 0.3743854
vn 0 0.6775509 0.7354759
vn 0 0.9272636 0.374409
vn 0.2592949 0.6259883 0.7354623
vn 0.6556818 0.6556818 0.3743832
vn 0.479131 0.479131 0.7354366
vn 0.8567162 0.3548516 0.3743231
vn 0.6260672 0.2593201 0.7353862
vn 0.9273252 0 0.3742566
vn 0.6777577 0 0.7352853
vn 0.8567721 -0.35488 0.3741682
vn 0.6262946 -0.2594174 0.7351583
vn 0.6557695 -0.6557695 0.3740758
vn 0.479456 -0.4794865 0.7349929
vn 0.3958683 -0.8380347 0.3754813
vn 0.2887408 -0.609374 0.738439
vn 0.2685095 -0.8850926 0.3801494
vn 0.1921805 -0.6334295 0.7495557
vn 0.1806442 -0.9081959 0.3775553
vn 0.1306817 -0.6569485 0.7425234
vn 0 -0.9260023 0.3775179
vn 0 -0.6698562 0.7424908
vn 0.2592949 0.6259883 0.7354623
vn 0 0.2477526 0.9688233
vn 0 0.6775509 0.7354759
vn 0.09482157 0.2289207 0.9688159
vn 0.479131 0.479131 0.7354366
vn -0.09482157 0.2289207 0.9688159
vn 0 0.6775509 0.7354759
vn -0.2592891 0.6259742 0.7354764
vn -0.175213 0.175213 0.9688141
vn -0.479131 0.479131 0.7354366
vn 0.175213 0.175213 0.9688141
vn 0.6260672 0.2593201 0.7353862
vn -0.2289853 0.09482305 0.9688005
vn -0.6260813 0.259326 0.7353722
vn 0.2289853 0.09482305 0.9688005
vn 0.6777577 0 0.7352853
vn -0.2479392 0 0.9687756
vn -0.6777729 0 0.7352713
vn 0.2479105 0 0.9687829
vn 0.6262946 -0.2594174 0.7351583
vn -0.2291347 -0.09491327 0.9687563
vn -0.6262946 -0.2594174 0.7351583
vn 0.2291347 -0.09491327 0.9687563
vn 0.479456 -0.4794865 0.7349929
vn -0.1754567 -0.1754873 0.9687204
vn -0.479456 -0.4794865 0.7349929
vn 0.1754567 -0.1754873 0.9687204
vn 0.2887408 -0.609374 0.738439
vn -0.1045588 -0.2184259 0.9702359
vn -0.2887408 -0.609374 0.738439
vn 0.1045595 -0.2183968 0.9702423
vn 0.1921805 -0.6334295 0.7495557
vn -0.06485283 -0.2136939 0.9747456
vn -0.1921805 -0.6334295 0.7495557
vn 0.06482244 -0.2136943 0.9747475
vn 0.1306817 -0.6569485 0.7425234
vn -0.04596157 -0.2310897 0.9718462
vn -0.1306817 -0.6569485 0.7425234
vn 0.04596157 -0.2310897 0.9718462
vn 0 -0.6698562 0.7424908
vn 0 -0.2356358 0.9718415
vn 0 -0.981132 -0.1933393
vn 0 -0.7179032 -0.6961429
vn -0.139685 -0.7038573 -0.6964718
vn -0.1918158 -0.9621615 -0.1935249
vn 0 -1 0
vn -0.2050879 -0.6783464 -0.7055389
vn -0.1950772 -0.9807879 0
vn 0 -1 0
vn -0.2845599 -0.9388279 -0.1939792
vn -0.3100167 -0.6563515 -0.6878171
vn -0.1950772 -0.9807879 0
vn 0 -1 0
vn -0.290264 -0.9569466 0
vn -0.4202218 -0.8871993 -0.1905022
vn -0.512539 -0.514187 -0.6876885
vn -0.1950772 -0.9807879 0
vn 0 -0.7571673 0.6532208
vn -0.1477751 -0.742538 0.6532992
vn -0.290264 -0.9569466 0
vn -0.290264 -0.9569466 0
vn -0.2145781 -0.7073662 0.6734903
vn -0.4275379 -0.9039974 0
vn -0.6961753 -0.6914144 -0.1930955
vn -0.6610787 -0.2757114 -0.6978239
vn -0.4275379 -0.9039974 0
vn -0.4275379 -0.9039974 0
vn -0.3271016 -0.6915888 0.6439793
vn -0.9067819 -0.3710811 -0.2001134
vn -0.704782 -0.002075312 -0.7094209
vn -0.7071068 -0.7071068 0
vn -0.7071068 -0.7071068 0
vn -0.5462886 -0.5455256 0.6355869
vn -0.7071068 -0.7071068 0
vn -0.9780317 0.004303132 -0.208412
vn -0.6415682 0.2634696 -0.7203985
vn -0.9238803 -0.3826815 0
vn -0.9238803 -0.3826815 0
vn -0.7125994 -0.294452 0.636789
vn -0.9238803 -0.3826815 0
vn -0.900495 0.3771239 -0.2165326
vn -0.4850729 0.482723 -0.7291659
vn -1 0 0
vn -1 0 0
vn -0.7699618 0.0006103784 0.6380896
vn -1 0 0
vn -0.6872635 0.6912616 -0.223218
vn -0.2604215 0.6263177 -0.7347834
vn -0.9238803 0.3826815 0
vn -0.9238803 0.3826815 0
vn -0.7102527 0.2947586 0.639264
vn -0.9238803 0.3826815 0
vn -0.3712593 0.9002084 -0.2275775
vn 0 0.6762151 -0.7367043
vn 0 0.9734084 -0.2290768
vn -0.7071068 0.7071068 0
vn -0.7071068 0.7071068 0
vn -0.5429432 0.5434926 0.6401786
vn -0.7071068 0.7071068 0
vn -0.3826815 0.9238803 0
vn 0 1 0
vn 0 1 0
vn -0.3826815 0.9238803 0
vn -0.3826815 0.9238803 0
vn -0.2936239 0.7093852 0.6407477
vn 0 1 0
vn 0 0.767593 0.6409376
vn 0 -0.7179032 -0.6961429
vn 0 -0.2061243 -0.9785258
vn -0.03943025 -0.2020342 -0.9785843
vn -0.139685 -0.7038573 -0.6964718
vn -0.05652056 -0.1877203 -0.9805951
vn -0.2050879 -0.6783464 -0.7055389
vn -0.09058142 -0.1938894 -0.9768326
vn -0.3100167 -0.6563515 -0.6878171
vn -0.1495146 -0.1558015 -0.9764073
vn -0.512539 -0.514187 -0.6876885
vn -0.1905329 -0.08463041 -0.978026
vn -0.6610787 -0.2757114 -0.6978239
vn -0.1997804 -0.005127269 -0.9798273
vn -0.704782 -0.002075312 -0.7094209
vn -0.178659 0.06933947 -0.9814647
vn -0.6415682 0.2634696 -0.7203985
vn -0.1330029 0.1287302 -0.9827201
vn -0.4850729 0.482723 -0.7291659
vn -0.07068112 0.1665706 -0.983493
vn -0.2604215 0.6263177 -0.7347834
vn 0 0.1795139 -0.9837555
vn 0 0.6762151 -0.7367043
vn 0 0.9734084 -0.2290768
vn 0 0.6762151 -0.7367043
vn 0.2604215 0.6263177 -0.7347834
vn 0.3712593 0.9002084 -0.2275775
vn 0.4850729 0.482723 -0.7291659
vn 0 1 0
vn 0.6872635 0.6912616 -0.223218
vn 0.6415682 0.2634696 -0.7203985
vn 0.3826815 0.9238803 0
vn 0.900495 0.3771239 -0.2165326
vn 0.704782 -0.002075312 -0.7094209
vn 0.3826815 0.9238803 0
vn 0 1 0
vn 0 1 0
vn 0.7071068 0.7071068 0
vn 0.9780317 0.004303132 -0.208412
vn 0.6610787 -0.2757114 -0.6978239
vn 0.3826815 0.9238803 0
vn 0 0.767593 0.6409376
vn 0.2936239 0.7093852 0.6407477
vn 0.7071068 0.7071068 0
vn 0.7071068 0.7071068 0
vn 0.5429432 0.5434926 0.6401786
vn 0.9238803 0.3826815 0
vn 0.9238803 0.3826815 0
vn 0.9238803 0.3826815 0
vn 0.7102527 0.2947586 0.639264
vn 1 0 0
vn 1 0 0
vn 0.7699618 0.0006103784 0.6380896
vn 1 0 0
vn 0.9238803 -0.3826815 0
vn 0.9238803 -0.3826815 0
vn 0.7125994 -0.294452 0.636789
vn 0.9067819 -0.3710811 -0.2001134
vn 0.512539 -0.514187 -0.6876885
vn 0.9238803 -0.3826815 0
vn 0.6961607 -0.6914304 -0.1930915
vn 0.3100167 -0.6563515 -0.6878171
vn 0.7071068 -0.7071068 0
vn 0.7071068 -0.7071068 0
vn 0.5462886 -0.5455256 0.6355869
vn 0.7071068 -0.7071068 0
vn 0.4202218 -0.8871993 -0.1905022
vn 0.2050879 -0.6783464 -0.7055389
vn 0.4275379 -0.9039974 0
vn 0.4275379 -0.9039974 0
vn 0.3270743 -0.6915957 0.6439857
vn 0.4275379 -0.9039974 0
vn 0.2845599 -0.9388279 -0.1939792
vn 0.139685 -0.7038573 -0.6964718
vn 0.290264 -0.9569466 0
vn 0.2145781 -0.7073662 0.6734903
vn 0.290264 -0.9569466 0
vn 0.290264 -0.9569466 0
vn 0.1918158 -0.9621615 -0.1935249
vn 0 -0.7179032 -0.6961429
vn 0 -0.981132 -0.1933393
vn 0.1950772 -0.9807879 0
vn 0 -1 0
vn 0.1950772 -0.9807879 0
vn 0 -1 0
vn 0.1950772 -0.9807879 0
vn 0.1477751 -0.742538 0.6532992
vn 0 -1 0
vn 0 -0.7571673 0.6532208
vn 0 0.6762151 -0.7367043
vn 0 0.1795139 -0.9837555
vn 0.07068148 0.1665409 -0.9834979
vn 0.2604215 0.6263177 -0.7347834
vn 0.1330029 0.1287302 -0.9827201
vn 0.4850729 0.482723 -0.7291659
vn 0.178659 0.06933947 -0.9814647
vn 0.6415682 0.2634696 -0.7203985
vn 0.1997804 -0.005127269 -0.9798273
vn 0.704782 -0.002075312 -0.7094209
vn 0.1905329 -0.08463041 -0.978026
vn 0.6610787 -0.2757114 -0.6978239
vn 0.1495146 -0.1558015 -0.9764073
vn 0.512539 -0.514187 -0.6876885
vn 0.09058142 -0.1938894 -0.9768326
vn 0.3100167 -0.6563515 -0.6878171
vn 0.05652056 -0.1877203 -0.9805951
vn 0.2050879 -0.6783464 -0.7055389
vn 0.03943025 -0.2020342 -0.9785843
vn 0.139685 -0.7038573 -0.6964718
vn 0 -0.2061243 -0.9785258
vn 0 -0.7179032 -0.6961429
vn 0.5396705 -0.4617856 -0.7039247
vn 0 -0.5820376 -0.8131618
vn 0 -0.0930533 -0.9956611
vn 0.6700473 -0.03564633 -0.7414621
vn 0.9347983 -0.2341116 -0.2671027
vn 0 0.5989594 -0.8007793
vn 0.9702782 -0.04623715 -0.2375338
vn 0.9255229 -0.221813 0.3069308
vn 0.6036809 0.4773291 -0.6385345
vn 0 0.7527279 -0.6583317
vn 0.9383394 -0.1939182 0.2862079
vn 0.5643648 -0.3312576 0.7561486
vn 0.9582214 0.1708733 -0.2293774
vn 0.6016883 0.601078 -0.5260004
vn 0 0.8722097 -0.489132
vn 0.4316637 -0.2034105 0.8788006
vn 0 -0.3853976 0.9227507
vn 0 -0.1905903 0.9816697
vn -0.5643648 -0.3312576 0.7561486
vn -0.4316637 -0.2034105 0.8788006
vn -0.9255229 -0.221813 0.3069308
vn 0.9463284 -0.1938557 0.2586167
vn 0.4616266 -0.1966933 0.8649929
vn -0.9383394 -0.1939182 0.2862079
vn -0.9347983 -0.2341116 -0.2671027
vn -0.4616266 -0.1966933 0.8649929
vn 0.957777 0.2160438 -0.1897059
vn 0.9459265 -0.2443936 0.2132951
vn 0.4508382 -0.3952006 0.8003507
vn -0.9702782 -0.04623715 -0.2375338
vn -0.5396705 -0.4617856 -0.7039247
vn -0.9463284 -0.1938557 0.2586167
vn -0.4508382 -0.3952006 0.8003507
vn 0.599825 0.6977918 -0.3915313
vn 0 0.9536306 -0.3009795
vn 0.9573572 0.251753 -0.1417312
vn 0.5983712 0.7640327 -0.241259
vn 0 0.9948317 -0.1015371
vn -0.6700473 -0.03564633 -0.7414621
vn 0 -0.5820376 -0.8131618
vn 0 -0.0930533 -0.9956611
vn 0.9455458 -0.2840422 0.158944
vn 0.9570216 0.2764736 -0.08759015
vn 0.5975959 0.7976491 -0.08145567
vn 0 0.9948317 0.1015371
vn -0.9582214 0.1708733 -0.2293774
vn -0.6036809 0.4773291 -0.6385345
vn 0 0.5989594 -0.8007793
vn 0.5804768 -0.7099701 0.3987345
vn 0 -0.442128 0.896952
vn 0.9452433 -0.3112967 0.09802794
vn 0.9568469 0.2890806 -0.0296039
vn 0.5975959 0.7976491 0.08145567
vn 0 0.9536306 0.3009795
vn -0.6016883 0.601078 -0.5260004
vn 0 0.7527279 -0.6583317
vn 0 -0.8717149 0.4900135
vn 0.5792292 -0.7772701 0.2456513
vn 0.9450826 -0.3251497 0.03311314
vn 0.9568469 0.2890806 0.0296039
vn 0.5983712 0.7640327 0.241259
vn 0 0.8722097 0.489132
vn 0.599825 0.6977918 0.3915313
vn 0 0.7527279 0.6583317
vn 0.9570216 0.2764736 0.08759015
vn 0.9450826 -0.3251497 -0.03311314
vn 0.5785534 -0.8114153 0.08295133
vn 0 -0.9534387 0.3015871
vn 0.6016883 0.601078 0.5260004
vn 0 0.2552038 0.9668873
vn 0.9573572 0.251753 0.1417312
vn 0.9452433 -0.3112967 -0.09802794
vn 0.5785534 -0.8114153 -0.08295133
vn 0.6821163 0.2385423 0.6912417
vn 0 -0.1773463 0.9841485
vn 0.6482853 -0.08063128 0.7571161
vn 0.957777 0.2160438 0.1897059
vn 0.9710127 0.07232926 0.2278219
vn 0.9752434 -0.04974642 0.2154661
vn 0.9455458 -0.2840422 -0.158944
vn 0.9459265 -0.2443936 -0.2132951
vn 0.9469411 -0.2334392 -0.2209265
vn 0.9160634 -0.2924042 -0.2744589
vn 0.5792292 -0.7772701 -0.2456513
vn 0.5804768 -0.7099701 -0.3987345
vn 0.5820694 -0.6116734 -0.5357712
vn 0.6017242 -0.542272 -0.5864034
vn 0.5349087 -0.5720505 -0.6217966
vn 0 -0.6772805 -0.7357247
vn 0 -0.6750209 -0.7377986
vn 0 -0.7519581 -0.6592109
vn 0 -0.8717149 -0.4900135
vn 0 -0.9534387 -0.3015871
vn 0 -0.9948067 -0.1017818
vn -0.6017242 -0.542272 -0.5864034
vn -0.5349087 -0.5720505 -0.6217966
vn -0.5820694 -0.6116734 -0.5357712
vn -0.5804768 -0.7099701 -0.3987345
vn -0.5792292 -0.7772701 -0.2456513
vn -0.9469411 -0.2334392 -0.2209265
vn -0.9160634 -0.2924042 -0.2744589
vn -0.9459265 -0.2443936 -0.2132951
vn -0.9455458 -0.2840422 -0.158944
vn -0.9710127 0.07232926 0.2278219
vn -0.9752434 -0.04974642 0.2154661
vn -0.957777 0.2160438 0.1897059
vn -0.6821163 0.2385423 0.6912417
vn -0.6482853 -0.08063128 0.7571161
vn 0 0.2552038 0.9668873
vn 0 -0.1773463 0.9841485
vn 0 0.7527279 0.6583317
vn -0.6016883 0.601078 0.5260004
vn 0 0.8722097 0.489132
vn -0.599825 0.6977918 0.3915313
vn 0 0.9536306 0.3009795
vn -0.9573572 0.251753 0.1417312
vn -0.5983712 0.7640327 0.241259
vn 0 0.9948317 0.1015371
vn -0.9570216 0.2764736 0.08759015
vn -0.5975959 0.7976491 0.08145567
vn 0 0.9948317 -0.1015371
vn -0.9452433 -0.3112967 -0.09802794
vn -0.5975959 0.7976491 -0.08145567
vn 0 0.9536306 -0.3009795
vn -0.9568469 0.2890806 0.0296039
vn -0.9450826 -0.3251497 -0.03311314
vn -0.5983712 0.7640327 -0.241259
vn 0 0.8722097 -0.489132
vn -0.9568469 0.2890806 -0.0296039
vn -0.5785534 -0.8114153 -0.08295133
vn -0.599825 0.6977918 -0.3915313
vn -0.9570216 0.2764736 -0.08759015
vn -0.9450826 -0.3251497 0.03311314
vn -0.5785534 -0.8114153 0.08295133
vn -0.9573572 0.251753 -0.1417312
vn -0.9452433 -0.3112967 0.09802794
vn 0 -0.9948067 0.1017818
vn -0.5792292 -0.7772701 0.2456513
vn -0.957777 0.2160438 -0.1897059
vn -0.9455458 -0.2840422 0.158944
vn -0.5804768 -0.7099701 0.3987345
vn -0.9459265 -0.2443936 0.2132951
vn -0.7213841 0.005554508 0.6925129
vn -0.2625899 0.07516956 0.961975
vn 0 0.1740221 0.9847417
vn 0 0.06302238 0.9980121
vn -0.4290744 -0.3262846 0.8422788
vn 0.2625899 0.07516956 0.961975
vn 0 -0.3302199 0.943904
vn 0.7213841 0.005554508 0.6925129
vn 0.4290744 -0.3262846 0.8422788
vn -0.4625502 -0.5333855 0.7082
vn 0 -0.8194326 0.5731755
vn -0.4257708 -0.7253453 0.5409189
vn 0 -0.5999707 0.8000219
vn -0.4290744 -0.3262846 0.8422788
vn 0.4257708 -0.7253453 0.5409189
vn 0 -0.3302199 0.943904
vn 0.4625502 -0.5333855 0.7082
vn 0.4290744 -0.3262846 0.8422788
vn 0.7213841 0.005554508 0.6925129
vn 0.2625899 0.07516956 0.961975
vn 0.6934876 -0.04782357 0.7188796
vn 0.8550842 -0.3110202 0.4148462
vn 0.4290744 -0.3262846 0.8422788
vn 0.3952551 -0.3442879 0.8516098
vn 0.4625502 -0.5333855 0.7082
vn 0.6894025 -0.720166 0.07800756
vn 0.4257708 -0.7253453 0.5409189
vn -0.6894025 -0.720166 0.07800756
vn -0.3952551 -0.3442879 0.8516098
vn -0.6934876 -0.04782357 0.7188796
vn -0.8550842 -0.3110202 0.4148462
vn -0.4257708 -0.7253453 0.5409189
vn -0.2625899 0.07516956 0.961975
vn -0.4625502 -0.5333855 0.7082
vn -0.7213841 0.005554508 0.6925129
vn -0.4290744 -0.3262846 0.8422788
vn 0 -0.8194326 0.5731755
vn -0.6894025 -0.720166 0.07800756
vn -0.4257708 -0.7253453 0.5409189
vn 0 -0.9953506 0.09631835
vn 0.4257708 -0.7253453 0.5409189
vn -0.3952551 -0.3442879 0.8516098
vn 0.6894025 -0.720166 0.07800756
vn 0 -0.8654633 0.5009725
vn 0.3952551 -0.3442879 0.8516098
vn 0 0.7592566 -0.6507913
vn -0.9494308 0.31313 0.02304222
vn -0.9902704 0.1378224 0.01922677
vn -0.7992687 0.6006494 0.01974596
vn -6.103815E-05 0.999805 0.01974585
vn 0.7992477 0.6006871 0.01944099
vn 0.9494404 0.3131231 0.02273652
vn 0.990285 0.1377634 0.01889135
vn 0.6913888 0.1048955 0.7148277
vn -0.2414027 -0.02142411 0.9701885
vn -0.2786104 -0.08231046 0.9568706
vn 0.5673168 0.1953518 0.7999933
vn 0.990285 0.1377634 0.01889135
vn -0.2199851 -0.1626083 0.9618551
vn 0.9494404 0.3131231 0.02273652
vn 0.4748209 0.342031 0.8109006
vn 0 -0.09931033 0.9950565
vn 0.7992477 0.6006871 0.01944099
vn 0.0002136321 0.6216085 0.783328
vn 0.2198325 -0.1624557 0.9619157
vn -6.103815E-05 0.999805 0.01974585
vn -0.4745694 0.3419035 0.8111016
vn 0.2783628 -0.0822179 0.9569505
vn -0.7992687 0.6006494 0.01974596
vn -0.5670196 0.1952935 0.8002183
vn 0.2412231 -0.02142442 0.9702332
vn -0.9494308 0.31313 0.02304222
vn -0.6909233 0.1048944 0.7152776
vn -0.9902704 0.1378224 0.01922677
vn -0.7706375 -0.08932936 0.6309821
vn -0.9125388 -0.09946036 0.3967122
vn -0.8719595 -0.257184 0.416585
vn -0.7392763 -0.2310639 0.6325188
vn -0.2414027 -0.02142411 0.9701885
vn -0.7305963 -0.5100654 0.4539408
vn -0.2786104 -0.08231046 0.9568706
vn -0.6085296 -0.4371317 0.6622745
vn -0.0001220771 -0.782667 0.6224408
vn -0.2199851 -0.1626083 0.9618551
vn -0.0001220746 -0.5379828 0.8429558
vn 0.7304134 -0.509974 0.4543377
vn 0 -0.09931033 0.9950565
vn 0.6082769 -0.4369425 0.6626315
vn 0.8717377 -0.257151 0.4170693
vn 0.2198325 -0.1624557 0.9619157
vn 0.7389308 -0.2309388 0.6329681
vn 0.9123211 -0.09946323 0.397212
vn 0.2783628 -0.0822179 0.9569505
vn 0.7702556 -0.08930058 0.6314521
vn 0.2412231 -0.02142442 0.9702332
vn -0.4049281 -0.9022682 0.14814
vn -0.9033332 -0.3054652 0.3011314
vn -0.4116105 -0.8768736 0.2483336
vn -0.3362878 -0.8724134 0.3546907
vn -0.9292418 -0.3571941 0.09445623
vn -0.4087065 -0.9119295 0.03665297
vn -0.6566846 -0.2877974 0.6970924
vn -0.1685575 -0.8804176 0.4432302
vn -0.6052266 0.7950867 0.0392172
vn -0.9350345 -0.3538348 0.02261442
vn -0.3479443 -0.9197131 -0.1818307
vn -0.601265 0.7943314 -0.08670594
vn 0 0.9890119 -0.147836
vn -0.4126478 0.7963941 0.4421292
vn -0.2494978 -0.3783211 0.8914168
vn -0.7106 -0.3889318 -0.5863274
vn 0 -0.9721354 -0.2344197
vn -0.5871642 0.8091628 -0.02221818
vn 0 -0.4009613 0.916095
vn 0 -0.8944638 0.4471403
vn -0.02017307 0.76853 0.6394956
vn 0 -0.5925273 -0.8055503
vn 0.3479175 -0.9197229 -0.1818327
vn 0 0.9993156 -0.03698908
vn 0.601265 0.7943314 -0.08670594
vn -0.4703661 0.6362394 -0.6115186
vn 0.2494978 -0.3783211 0.8914168
vn 0.1685575 -0.8804176 0.4432302
vn 0.3362878 -0.8724134 0.3546907
vn 0 0.7858076 0.618471
vn 0.02017307 0.76853 0.6394956
vn 0.6566846 -0.2877974 0.6970924
vn 0.4116105 -0.8768736 0.2483336
vn 0 0.6204504 -0.7842457
vn 0.4126478 0.7963941 0.4421292
vn 0.9033332 -0.3054652 0.3011314
vn 0.6052266 0.7950867 0.0392172
vn 0.9292418 -0.3571941 0.09445623
vn 0.4049281 -0.9022682 0.14814
vn 0.5871642 0.8091628 -0.02221818
vn 0.9350345 -0.3538348 0.02261442
vn 0.4087065 -0.9119295 0.03665297
vn 0.7106127 -0.3889387 -0.5863073
vn 0.4703661 0.6362394 -0.6115186
vn -0.005249331 0.009979832 0.9999365
vn 0 0.01184144 0.9999299
vn -0.002716226 0.0108649 0.9999373
vn -6.103778E-05 0.009857601 0.9999515
vn -0.000732457 0.01214658 0.999926
vn 0.005066221 0.009949325 0.9999377
vn -0.000457784 0.01245173 0.9999224
vn 0.002777265 0.01083438 0.9999374
vn -0.0004577845 0.01236018 0.9999235
vn 0.000732457 0.01214658 0.999926
vn -0.0004272664 0.01220761 0.9999254
vn 0.000457784 0.01245173 0.9999224
vn -0.0003357098 0.01208555 0.9999269
vn 0.0004577845 0.01236018 0.9999235
vn -0.0002441528 0.01202452 0.9999276
vn 0.0004272664 0.01220761 0.9999254
vn -0.0001220765 0.0119635 0.9999285
vn 0.0003357098 0.01208555 0.9999269
vn 0 0.01193298 0.9999288
vn 0.0002441528 0.01202452 0.9999276
vn 0.0001220765 0.0119635 0.9999285
usemtl Kettle_Material
f 1/1/1 3/3/3 2/2/2 
f 4/4/4 3/3/3 1/1/1 
f 4/4/4 5/5/5 3/3/3 
f 5/5/5 4/4/4 6/6/6 
f 7/7/7 5/5/5 6/6/6 
f 8/8/8 5/5/5 7/7/7 
f 9/9/9 5/5/5 8/8/8 
f 5/5/5 9/9/9 10/10/10 
f 5/5/5 10/10/10 11/11/11 
f 12/12/12 3/3/3 5/5/5 
f 5/5/5 11/11/11 13/13/13 
f 12/12/12 5/5/5 13/13/13 
f 13/13/13 11/11/11 14/14/14 
f 13/13/13 14/14/14 15/15/15 
f 12/12/12 13/13/13 15/15/15 
f 12/12/12 15/15/15 16/16/16 
f 17/17/17 19/19/19 18/18/18 
f 17/17/17 18/18/18 20/20/20 
f 20/20/20 18/18/18 21/21/21 
f 20/20/20 21/21/21 22/22/22 
f 22/22/22 21/21/21 23/23/23 
f 22/22/22 23/23/23 24/24/24 
f 23/23/23 25/25/25 24/24/24 
f 23/23/23 26/26/26 25/25/25 
f 26/26/26 27/27/27 25/25/25 
f 26/26/26 28/28/28 27/27/27 
f 28/28/28 29/29/29 27/27/27 
f 28/28/28 30/30/30 29/29/29 
f 30/30/30 31/31/31 29/29/29 
f 30/30/30 32/32/32 31/31/31 
f 32/32/32 33/33/33 31/31/31 
f 32/32/32 34/34/34 33/33/33 
f 34/34/34 35/35/35 33/33/33 
f 34/34/34 36/36/36 35/35/35 
f 36/36/36 37/37/37 35/35/35 
f 36/36/36 38/38/38 37/37/37 
f 39/39/39 41/41/41 40/40/40 
f 39/39/39 42/42/42 41/41/41 
f 42/42/42 43/43/43 41/41/41 
f 42/42/42 44/44/44 43/43/43 
f 44/44/44 45/45/45 43/43/43 
f 44/44/44 46/46/46 45/45/45 
f 46/46/46 47/47/47 45/45/45 
f 46/46/46 48/48/48 47/47/47 
f 48/48/48 49/49/49 47/47/47 
f 48/48/48 50/50/50 49/49/49 
f 50/50/50 51/51/51 49/49/49 
f 50/50/50 52/52/52 51/51/51 
f 52/52/52 53/53/53 51/51/51 
f 52/52/52 54/54/54 53/53/53 
f 53/53/53 54/54/54 55/55/55 
f 53/53/53 55/55/55 56/56/56 
f 56/56/56 55/55/55 57/57/57 
f 56/56/56 57/57/57 58/58/58 
f 58/58/58 57/57/57 59/59/59 
f 58/58/58 59/59/59 60/60/60 
f 61/61/61 63/63/63 62/62/62 
f 61/61/61 64/64/64 63/63/63 
f 63/63/63 64/64/64 65/65/65 
f 63/63/63 65/65/65 66/66/66 
f 64/64/64 67/67/67 65/65/65 
f 61/61/61 68/68/68 64/64/64 
f 64/64/64 68/68/68 67/67/67 
f 61/61/61 69/69/69 68/68/68 
f 68/68/68 70/70/70 67/67/67 
f 71/71/71 68/68/68 69/69/69 
f 68/68/68 72/72/72 70/70/70 
f 71/71/71 72/72/72 68/68/68 
f 72/72/72 73/73/73 70/70/70 
f 71/71/71 74/74/74 72/72/72 
f 72/72/72 74/74/74 73/73/73 
f 71/71/71 75/75/75 74/74/74 
f 74/74/74 76/76/76 73/73/73 
f 75/75/75 77/77/77 74/74/74 
f 74/74/74 77/77/77 76/76/76 
f 75/75/75 78/78/78 77/77/77 
f 77/77/77 79/79/79 76/76/76 
f 78/78/78 80/80/80 77/77/77 
f 77/77/77 80/80/80 79/79/79 
f 78/78/78 81/81/81 80/80/80 
f 80/80/80 82/82/82 79/79/79 
f 81/81/81 83/83/83 80/80/80 
f 80/80/80 83/83/83 82/82/82 
f 81/81/81 84/84/84 83/83/83 
f 83/83/83 85/85/85 82/82/82 
f 84/84/84 86/86/86 83/83/83 
f 83/83/83 86/86/86 85/85/85 
f 84/84/84 87/87/87 86/86/86 
f 86/86/86 88/88/88 85/85/85 
f 87/87/87 89/89/89 86/86/86 
f 86/86/86 89/89/89 88/88/88 
f 89/89/89 90/90/90 88/88/88 
f 87/87/87 91/91/91 89/89/89 
f 89/89/89 92/92/92 90/90/90 
f 91/91/91 92/92/92 89/89/89 
f 91/91/91 93/93/93 92/92/92 
f 94/94/94 96/96/96 95/95/95 
f 94/94/94 95/95/95 97/97/97 
f 97/97/97 95/95/95 98/98/98 
f 99/99/99 94/94/94 97/97/97 
f 97/97/97 98/98/98 100/100/100 
f 99/99/99 97/97/97 101/101/101 
f 101/101/101 97/97/97 100/100/100 
f 102/102/102 99/99/99 101/101/101 
f 101/101/101 100/100/100 103/103/103 
f 102/102/102 101/101/101 104/104/104 
f 104/104/104 101/101/101 103/103/103 
f 105/105/105 102/102/102 104/104/104 
f 104/104/104 103/103/103 106/106/106 
f 105/105/105 104/104/104 107/107/107 
f 107/107/107 104/104/104 106/106/106 
f 108/108/108 105/105/105 107/107/107 
f 107/107/107 106/106/106 109/109/109 
f 108/108/108 107/107/107 110/110/110 
f 110/110/110 107/107/107 109/109/109 
f 110/110/110 109/109/109 111/111/111 
f 112/112/112 108/108/108 110/110/110 
f 113/113/113 110/110/110 111/111/111 
f 112/112/112 110/110/110 113/113/113 
f 113/113/113 111/111/111 114/114/114 
f 112/112/112 113/113/113 115/115/115 
f 115/115/115 113/113/113 114/114/114 
f 112/112/112 115/115/115 116/116/116 
f 115/115/115 114/114/114 117/117/117 
f 118/118/118 116/116/116 115/115/115 
f 119/119/119 115/115/115 117/117/117 
f 118/118/118 115/115/115 119/119/119 
f 119/119/119 117/117/117 120/120/120 
f 121/121/121 118/118/118 119/119/119 
f 122/122/122 119/119/119 120/120/120 
f 121/121/121 119/119/119 122/122/122 
f 123/123/123 121/121/121 122/122/122 
f 122/122/122 120/120/120 124/124/124 
f 123/123/123 122/122/122 125/125/125 
f 125/125/125 122/122/122 124/124/124 
f 125/125/125 124/124/124 126/126/126 
f 127/127/127 129/129/129 128/128/128 
f 127/127/127 128/128/128 130/130/130 
f 131/131/131 127/127/127 130/130/130 
f 131/131/131 130/130/130 132/132/132 
f 133/133/133 131/131/131 132/132/132 
f 133/133/133 132/132/132 134/134/134 
f 135/135/135 133/133/133 134/134/134 
f 135/135/135 134/134/134 136/136/136 
f 137/137/137 135/135/135 136/136/136 
f 137/137/137 136/136/136 138/138/138 
f 139/139/139 137/137/137 138/138/138 
f 139/139/139 138/138/138 140/140/140 
f 141/141/141 139/139/139 140/140/140 
f 141/141/141 140/140/140 142/142/142 
f 143/143/143 141/141/141 142/142/142 
f 143/143/143 142/142/142 144/144/144 
f 145/145/145 143/143/143 144/144/144 
f 145/145/145 144/144/144 146/146/146 
f 147/147/147 145/145/145 146/146/146 
f 147/147/147 146/146/146 148/148/148 
f 149/149/149 151/151/151 150/150/150 
f 149/149/149 152/152/152 151/151/151 
f 152/152/152 153/153/153 151/151/151 
f 152/152/152 154/154/154 153/153/153 
f 154/154/154 155/155/155 153/153/153 
f 154/154/154 156/156/156 155/155/155 
f 156/156/156 157/157/157 155/155/155 
f 156/156/156 158/158/158 157/157/157 
f 158/158/158 159/159/159 157/157/157 
f 158/158/158 160/160/160 159/159/159 
f 160/160/160 161/161/161 159/159/159 
f 160/160/160 162/162/162 161/161/161 
f 162/162/162 163/163/163 161/161/161 
f 162/162/162 164/164/164 163/163/163 
f 164/164/164 165/165/165 163/163/163 
f 164/164/164 166/166/166 165/165/165 
f 166/166/166 167/167/167 165/165/165 
f 166/166/166 168/168/168 167/167/167 
f 168/168/168 169/169/169 167/167/167 
f 168/168/168 170/170/170 169/169/169 
f 171/171/171 173/173/173 172/172/172 
f 174/174/174 171/171/171 172/172/172 
f 175/175/175 174/174/174 172/172/172 
f 176/176/176 175/175/175 172/172/172 
f 177/177/177 176/176/176 172/172/172 
f 178/178/178 177/177/177 172/172/172 
f 179/179/179 178/178/178 172/172/172 
f 180/180/180 179/179/179 172/172/172 
f 181/181/181 180/180/180 172/172/172 
f 182/182/182 181/181/181 172/172/172 
f 183/183/183 185/185/185 184/184/184 
f 185/185/185 186/186/186 184/184/184 
f 186/186/186 187/187/187 184/184/184 
f 187/187/187 188/188/188 184/184/184 
f 188/188/188 189/189/189 184/184/184 
f 189/189/189 190/190/190 184/184/184 
f 190/190/190 191/191/191 184/184/184 
f 191/191/191 192/192/192 184/184/184 
f 192/192/192 193/193/193 184/184/184 
f 193/193/193 194/194/194 184/184/184 
f 195/195/195 197/197/197 196/196/196 
f 195/195/195 198/198/198 197/197/197 
f 198/198/198 199/199/199 197/197/197 
f 198/198/198 200/200/200 199/199/199 
f 200/200/200 201/201/201 199/199/199 
f 200/200/200 202/202/202 201/201/201 
f 202/202/202 203/203/203 201/201/201 
f 202/202/202 204/204/204 203/203/203 
f 204/204/204 205/205/205 203/203/203 
f 204/204/204 206/206/206 205/205/205 
f 206/206/206 207/207/207 205/205/205 
f 206/206/206 208/208/208 207/207/207 
f 208/208/208 209/209/209 207/207/207 
f 208/208/208 210/210/210 209/209/209 
f 210/210/210 211/211/211 209/209/209 
f 210/210/210 212/212/212 211/211/211 
f 212/212/212 213/213/213 211/211/211 
f 212/212/212 214/214/214 213/213/213 
f 214/214/214 215/215/215 213/213/213 
f 214/214/214 216/216/216 215/215/215 
f 217/217/217 219/219/219 218/218/218 
f 217/217/217 220/220/220 219/219/219 
f 220/220/220 221/221/221 219/219/219 
f 220/220/220 222/222/222 221/221/221 
f 222/222/222 223/223/223 221/221/221 
f 222/222/222 224/224/224 223/223/223 
f 224/224/224 225/225/225 223/223/223 
f 224/224/224 226/226/226 225/225/225 
f 226/226/226 227/227/227 225/225/225 
f 226/226/226 228/228/228 227/227/227 
f 228/228/228 229/229/229 227/227/227 
f 228/228/228 230/230/230 229/229/229 
f 230/230/230 231/231/231 229/229/229 
f 230/230/230 232/232/232 231/231/231 
f 232/232/232 233/233/233 231/231/231 
f 232/232/232 234/234/234 233/233/233 
f 234/234/234 235/235/235 233/233/233 
f 234/234/234 236/236/236 235/235/235 
f 236/236/236 237/237/237 235/235/235 
f 236/236/236 238/238/238 237/237/237 
f 239/239/239 241/241/241 240/240/240 
f 239/239/239 240/240/240 242/242/242 
f 242/242/242 240/240/240 243/243/243 
f 242/242/242 243/243/243 244/244/244 
f 244/244/244 243/243/243 245/245/245 
f 244/244/244 245/245/245 246/246/246 
f 245/245/245 247/247/247 246/246/246 
f 245/245/245 248/248/248 247/247/247 
f 248/248/248 249/249/249 247/247/247 
f 248/248/248 250/250/250 249/249/249 
f 250/250/250 251/251/251 249/249/249 
f 250/250/250 252/252/252 251/251/251 
f 252/252/252 253/253/253 251/251/251 
f 252/252/252 254/254/254 253/253/253 
f 254/254/254 255/255/255 253/253/253 
f 254/254/254 256/256/256 255/255/255 
f 256/256/256 257/257/257 255/255/255 
f 256/256/256 258/258/258 257/257/257 
f 258/258/258 259/259/259 257/257/257 
f 258/258/258 260/260/260 259/259/259 
f 261/261/261 263/263/263 262/262/262 
f 261/261/261 264/264/264 263/263/263 
f 265/265/265 264/264/264 261/261/261 
f 265/265/265 266/266/266 264/264/264 
f 267/267/267 266/266/266 265/265/265 
f 267/267/267 268/268/268 266/266/266 
f 269/269/269 268/268/268 267/267/267 
f 269/269/269 267/267/267 270/270/270 
f 271/271/271 269/269/269 270/270/270 
f 271/271/271 270/270/270 272/272/272 
f 273/273/273 271/271/271 272/272/272 
f 273/273/273 272/272/272 274/274/274 
f 275/275/275 273/273/273 274/274/274 
f 275/275/275 274/274/274 276/276/276 
f 277/277/277 275/275/275 276/276/276 
f 277/277/277 276/276/276 278/278/278 
f 279/279/279 277/277/277 278/278/278 
f 279/279/279 278/278/278 280/280/280 
f 281/281/281 279/279/279 280/280/280 
f 281/281/281 280/280/280 282/282/282 
f 283/283/283 285/285/285 284/284/284 
f 283/283/283 284/284/284 286/286/286 
f 287/287/287 283/283/283 286/286/286 
f 286/286/286 284/284/284 288/288/288 
f 287/287/287 286/286/286 289/289/289 
f 286/286/286 288/288/288 290/290/290 
f 289/289/289 286/286/286 290/290/290 
f 289/289/289 290/290/290 291/291/291 
f 290/290/290 288/288/288 292/292/292 
f 291/291/291 290/290/290 293/293/293 
f 290/290/290 292/292/292 293/293/293 
f 291/291/291 293/293/293 294/294/294 
f 293/293/293 295/295/295 294/294/294 
f 292/292/292 296/296/296 293/293/293 
f 293/293/293 296/296/296 295/295/295 
f 292/292/292 297/297/297 296/296/296 
f 296/296/296 298/298/298 295/295/295 
f 297/297/297 299/299/299 296/296/296 
f 296/296/296 299/299/299 298/298/298 
f 297/297/297 300/300/300 299/299/299 
f 299/299/299 301/301/301 298/298/298 
f 300/300/300 302/302/302 299/299/299 
f 299/299/299 302/302/302 301/301/301 
f 300/300/300 303/303/303 302/302/302 
f 302/302/302 304/304/304 301/301/301 
f 303/303/303 305/305/305 302/302/302 
f 302/302/302 305/305/305 304/304/304 
f 303/303/303 306/306/306 305/305/305 
f 305/305/305 307/307/307 304/304/304 
f 306/306/306 308/308/308 305/305/305 
f 305/305/305 308/308/308 307/307/307 
f 306/306/306 309/309/309 308/308/308 
f 308/308/308 310/310/310 307/307/307 
f 309/309/309 311/311/311 308/308/308 
f 308/308/308 311/311/311 310/310/310 
f 311/311/311 312/312/312 310/310/310 
f 309/309/309 313/313/313 311/311/311 
f 311/311/311 314/314/314 312/312/312 
f 313/313/313 314/314/314 311/311/311 
f 313/313/313 315/315/315 314/314/314 
f 316/316/316 318/318/318 317/317/317 
f 316/316/316 319/319/319 318/318/318 
f 320/320/320 319/319/319 316/316/316 
f 319/319/319 321/321/321 318/318/318 
f 320/320/320 322/322/322 319/319/319 
f 319/319/319 323/323/323 321/321/321 
f 322/322/322 323/323/323 319/319/319 
f 323/323/323 324/324/324 321/321/321 
f 322/322/322 325/325/325 323/323/323 
f 323/323/323 326/326/326 324/324/324 
f 325/325/325 326/326/326 323/323/323 
f 326/326/326 327/327/327 324/324/324 
f 325/325/325 328/328/328 326/326/326 
f 326/326/326 329/329/329 327/327/327 
f 328/328/328 329/329/329 326/326/326 
f 329/329/329 330/330/330 327/327/327 
f 328/328/328 331/331/331 329/329/329 
f 329/329/329 332/332/332 330/330/330 
f 331/331/331 332/332/332 329/329/329 
f 332/332/332 333/333/333 330/330/330 
f 331/331/331 334/334/334 332/332/332 
f 332/332/332 335/335/335 333/333/333 
f 334/334/334 335/335/335 332/332/332 
f 334/334/334 336/336/336 335/335/335 
f 335/335/335 337/337/337 333/333/333 
f 336/336/336 338/338/338 335/335/335 
f 335/335/335 338/338/338 337/337/337 
f 336/336/336 339/339/339 338/338/338 
f 338/338/338 339/339/339 340/340/340 
f 337/337/337 338/338/338 341/341/341 
f 338/338/338 340/340/340 341/341/341 
f 337/337/337 341/341/341 342/342/342 
f 341/341/341 340/340/340 343/343/343 
f 342/342/342 341/341/341 344/344/344 
f 341/341/341 343/343/343 344/344/344 
f 344/344/344 343/343/343 345/345/345 
f 342/342/342 344/344/344 346/346/346 
f 344/344/344 345/345/345 347/347/347 
f 346/346/346 344/344/344 347/347/347 
f 346/346/346 347/347/347 348/348/348 
f 349/349/349 351/351/351 350/350/350 
f 349/349/349 350/350/350 352/352/352 
f 353/353/353 349/349/349 352/352/352 
f 353/353/353 352/352/352 354/354/354 
f 355/355/355 353/353/353 354/354/354 
f 355/355/355 354/354/354 356/356/356 
f 357/357/357 355/355/355 356/356/356 
f 357/357/357 356/356/356 358/358/358 
f 359/359/359 357/357/357 358/358/358 
f 359/359/359 358/358/358 360/360/360 
f 361/361/361 359/359/359 360/360/360 
f 361/361/361 360/360/360 362/362/362 
f 363/363/363 361/361/361 362/362/362 
f 363/363/363 362/362/362 364/364/364 
f 365/365/365 363/363/363 364/364/364 
f 365/365/365 364/364/364 366/366/366 
f 367/367/367 365/365/365 366/366/366 
f 367/367/367 366/366/366 368/368/368 
f 369/369/369 367/367/367 368/368/368 
f 369/369/369 368/368/368 370/370/370 
f 371/371/371 373/373/373 372/372/372 
f 371/371/371 372/372/372 374/374/374 
f 375/375/375 371/371/371 374/374/374 
f 375/375/375 374/374/374 376/376/376 
f 377/377/377 375/375/375 376/376/376 
f 377/377/377 376/376/376 378/378/378 
f 379/379/379 377/377/377 378/378/378 
f 379/379/379 378/378/378 380/380/380 
f 381/381/381 379/379/379 380/380/380 
f 381/381/381 380/380/380 382/382/382 
f 383/383/383 381/381/381 382/382/382 
f 383/383/383 382/382/382 384/384/384 
f 385/385/385 383/383/383 384/384/384 
f 385/385/385 384/384/384 386/386/386 
f 387/387/387 385/385/385 386/386/386 
f 387/387/387 386/386/386 388/388/388 
f 389/389/389 387/387/387 388/388/388 
f 389/389/389 388/388/388 390/390/390 
f 391/391/391 389/389/389 390/390/390 
f 391/391/391 390/390/390 392/392/392 
f 393/393/393 395/395/395 394/394/394 
f 393/393/393 394/394/394 396/396/396 
f 397/397/397 393/393/393 396/396/396 
f 398/398/398 396/396/396 394/394/394 
f 399/399/399 398/398/398 394/394/394 
f 399/399/399 400/400/400 398/398/398 
f 400/400/400 401/401/401 398/398/398 
f 401/401/401 396/396/396 398/398/398 
f 400/400/400 402/402/402 401/401/401 
f 397/397/397 396/396/396 403/403/403 
f 401/401/401 403/403/403 396/396/396 
f 404/404/404 397/397/397 403/403/403 
f 402/402/402 405/405/405 401/401/401 
f 405/405/405 403/403/403 401/401/401 
f 402/402/402 406/406/406 405/405/405 
f 404/404/404 403/403/403 407/407/407 
f 405/405/405 407/407/407 403/403/403 
f 408/408/408 404/404/404 407/407/407 
f 406/406/406 409/409/409 405/405/405 
f 409/409/409 407/407/407 405/405/405 
f 406/406/406 410/410/410 409/409/409 
f 408/408/408 407/407/407 411/411/411 
f 409/409/409 411/411/411 407/407/407 
f 412/412/412 408/408/408 411/411/411 
f 410/410/410 413/413/413 409/409/409 
f 413/413/413 411/411/411 409/409/409 
f 410/410/410 414/414/414 413/413/413 
f 412/412/412 411/411/411 415/415/415 
f 413/413/413 415/415/415 411/411/411 
f 416/416/416 412/412/412 415/415/415 
f 414/414/414 417/417/417 413/413/413 
f 417/417/417 415/415/415 413/413/413 
f 414/414/414 418/418/418 417/417/417 
f 416/416/416 415/415/415 419/419/419 
f 417/417/417 419/419/419 415/415/415 
f 420/420/420 416/416/416 419/419/419 
f 418/418/418 421/421/421 417/417/417 
f 421/421/421 419/419/419 417/417/417 
f 418/418/418 422/422/422 421/421/421 
f 420/420/420 419/419/419 423/423/423 
f 421/421/421 423/423/423 419/419/419 
f 424/424/424 420/420/420 423/423/423 
f 422/422/422 425/425/425 421/421/421 
f 425/425/425 423/423/423 421/421/421 
f 422/422/422 426/426/426 425/425/425 
f 424/424/424 423/423/423 427/427/427 
f 425/425/425 427/427/427 423/423/423 
f 428/428/428 424/424/424 427/427/427 
f 426/426/426 429/429/429 425/425/425 
f 429/429/429 427/427/427 425/425/425 
f 426/426/426 430/430/430 429/429/429 
f 428/428/428 427/427/427 431/431/431 
f 429/429/429 431/431/431 427/427/427 
f 432/432/432 428/428/428 431/431/431 
f 430/430/430 433/433/433 429/429/429 
f 430/430/430 432/432/432 433/433/433 
f 431/431/431 429/429/429 433/433/433 
f 432/432/432 431/431/431 433/433/433 
f 434/434/434 436/436/436 435/435/435 
f 434/434/434 437/437/437 436/436/436 
f 438/438/438 437/437/437 434/434/434 
f 437/437/437 439/439/439 436/436/436 
f 438/438/438 440/440/440 437/437/437 
f 441/441/441 440/440/440 438/438/438 
f 437/437/437 442/442/442 439/439/439 
f 440/440/440 442/442/442 437/437/437 
f 442/442/442 443/443/443 439/439/439 
f 441/441/441 444/444/444 440/440/440 
f 445/445/445 444/444/444 441/441/441 
f 440/440/440 446/446/446 442/442/442 
f 444/444/444 446/446/446 440/440/440 
f 442/442/442 447/447/447 443/443/443 
f 446/446/446 447/447/447 442/442/442 
f 447/447/447 448/448/448 443/443/443 
f 445/445/445 449/449/449 444/444/444 
f 450/450/450 449/449/449 445/445/445 
f 450/450/450 451/451/451 449/449/449 
f 444/444/444 452/452/452 446/446/446 
f 449/449/449 452/452/452 444/444/444 
f 451/451/451 453/453/453 449/449/449 
f 449/449/449 453/453/453 452/452/452 
f 451/451/451 454/454/454 453/453/453 
f 446/446/446 455/455/455 447/447/447 
f 452/452/452 455/455/455 446/446/446 
f 447/447/447 456/456/456 448/448/448 
f 455/455/455 456/456/456 447/447/447 
f 456/456/456 457/457/457 448/448/448 
f 453/453/453 458/458/458 452/452/452 
f 452/452/452 458/458/458 455/455/455 
f 454/454/454 459/459/459 453/453/453 
f 453/453/453 459/459/459 458/458/458 
f 454/454/454 460/460/460 459/459/459 
f 456/456/456 461/461/461 457/457/457 
f 461/461/461 462/462/462 457/457/457 
f 463/463/463 455/455/455 458/458/458 
f 459/459/459 463/463/463 458/458/458 
f 460/460/460 464/464/464 459/459/459 
f 459/459/459 464/464/464 463/463/463 
f 460/460/460 465/465/465 464/464/464 
f 455/455/455 466/466/466 456/456/456 
f 463/463/463 466/466/466 455/455/455 
f 466/466/466 461/461/461 456/456/456 
f 461/461/461 467/467/467 462/462/462 
f 467/467/467 468/468/468 462/462/462 
f 464/464/464 469/469/469 463/463/463 
f 469/469/469 466/466/466 463/463/463 
f 465/465/465 470/470/470 464/464/464 
f 464/464/464 470/470/470 469/469/469 
f 465/465/465 471/471/471 470/470/470 
f 466/466/466 472/472/472 461/461/461 
f 469/469/469 472/472/472 466/466/466 
f 472/472/472 467/467/467 461/461/461 
f 467/467/467 473/473/473 468/468/468 
f 473/473/473 474/474/474 468/468/468 
f 470/470/470 475/475/475 469/469/469 
f 475/475/475 472/472/472 469/469/469 
f 471/471/471 476/476/476 470/470/470 
f 470/470/470 476/476/476 475/475/475 
f 471/471/471 477/477/477 476/476/476 
f 472/472/472 478/478/478 467/467/467 
f 475/475/475 478/478/478 472/472/472 
f 478/478/478 473/473/473 467/467/467 
f 473/473/473 479/479/479 474/474/474 
f 479/479/479 480/480/480 474/474/474 
f 476/476/476 481/481/481 475/475/475 
f 481/481/481 478/478/478 475/475/475 
f 477/477/477 482/482/482 476/476/476 
f 476/476/476 482/482/482 481/481/481 
f 477/477/477 483/483/483 482/482/482 
f 478/478/478 484/484/484 473/473/473 
f 481/481/481 484/484/484 478/478/478 
f 484/484/484 479/479/479 473/473/473 
f 479/479/479 485/485/485 480/480/480 
f 485/485/485 486/486/486 480/480/480 
f 485/485/485 487/487/487 486/486/486 
f 482/482/482 488/488/488 481/481/481 
f 488/488/488 484/484/484 481/481/481 
f 483/483/483 489/489/489 482/482/482 
f 482/482/482 489/489/489 488/488/488 
f 483/483/483 490/490/490 489/489/489 
f 484/484/484 491/491/491 479/479/479 
f 491/491/491 485/485/485 479/479/479 
f 488/488/488 491/491/491 484/484/484 
f 492/492/492 487/487/487 485/485/485 
f 491/491/491 492/492/492 485/485/485 
f 492/492/492 493/493/493 487/487/487 
f 494/494/494 493/493/493 492/492/492 
f 495/495/495 491/491/491 488/488/488 
f 495/495/495 492/492/492 491/491/491 
f 489/489/489 495/495/495 488/488/488 
f 494/494/494 492/492/492 495/495/495 
f 490/490/490 496/496/496 489/489/489 
f 489/489/489 496/496/496 495/495/495 
f 496/496/496 494/494/494 495/495/495 
f 490/490/490 497/497/497 496/496/496 
f 496/496/496 498/498/498 494/494/494 
f 497/497/497 498/498/498 496/496/496 
f 497/497/497 499/499/499 498/498/498 
f 500/500/500 502/502/502 501/501/501 
f 500/500/500 503/503/503 502/502/502 
f 503/503/503 504/504/504 502/502/502 
f 503/503/503 505/505/505 504/504/504 
f 505/505/505 506/506/506 504/504/504 
f 505/505/505 507/507/507 506/506/506 
f 507/507/507 508/508/508 506/506/506 
f 507/507/507 509/509/509 508/508/508 
f 509/509/509 510/510/510 508/508/508 
f 509/509/509 511/511/511 510/510/510 
f 511/511/511 512/512/512 510/510/510 
f 511/511/511 513/513/513 512/512/512 
f 513/513/513 514/514/514 512/512/512 
f 513/513/513 515/515/515 514/514/514 
f 515/515/515 516/516/516 514/514/514 
f 515/515/515 517/517/517 516/516/516 
f 517/517/517 518/518/518 516/516/516 
f 517/517/517 519/519/519 518/518/518 
f 519/519/519 520/520/520 518/518/518 
f 519/519/519 521/521/521 520/520/520 
f 522/522/522 524/524/524 523/523/523 
f 522/522/522 525/525/525 524/524/524 
f 525/525/525 526/526/526 524/524/524 
f 527/527/527 525/525/525 522/522/522 
f 525/525/525 528/528/528 526/526/526 
f 528/528/528 529/529/529 526/526/526 
f 527/527/527 530/530/530 525/525/525 
f 530/530/530 528/528/528 525/525/525 
f 528/528/528 531/531/531 529/529/529 
f 531/531/531 532/532/532 529/529/529 
f 533/533/533 530/530/530 527/527/527 
f 533/533/533 527/527/527 534/534/534 
f 535/535/535 533/533/533 534/534/534 
f 530/530/530 536/536/536 528/528/528 
f 536/536/536 531/531/531 528/528/528 
f 531/531/531 537/537/537 532/532/532 
f 537/537/537 538/538/538 532/532/532 
f 535/535/535 539/539/539 533/533/533 
f 540/540/540 539/539/539 535/535/535 
f 540/540/540 541/541/541 539/539/539 
f 542/542/542 530/530/530 533/533/533 
f 539/539/539 542/542/542 533/533/533 
f 542/542/542 536/536/536 530/530/530 
f 541/541/541 543/543/543 539/539/539 
f 539/539/539 543/543/543 542/542/542 
f 541/541/541 544/544/544 543/543/543 
f 536/536/536 545/545/545 531/531/531 
f 545/545/545 537/537/537 531/531/531 
f 546/546/546 536/536/536 542/542/542 
f 543/543/543 546/546/546 542/542/542 
f 546/546/546 545/545/545 536/536/536 
f 544/544/544 547/547/547 543/543/543 
f 543/543/543 547/547/547 546/546/546 
f 544/544/544 548/548/548 547/547/547 
f 549/549/549 545/545/545 546/546/546 
f 547/547/547 549/549/549 546/546/546 
f 548/548/548 550/550/550 547/547/547 
f 547/547/547 550/550/550 549/549/549 
f 548/548/548 551/551/551 550/550/550 
f 545/545/545 552/552/552 537/537/537 
f 549/549/549 552/552/552 545/545/545 
f 550/550/550 553/553/553 549/549/549 
f 553/553/553 552/552/552 549/549/549 
f 551/551/551 554/554/554 550/550/550 
f 550/550/550 554/554/554 553/553/553 
f 551/551/551 555/555/555 554/554/554 
f 552/552/552 556/556/556 537/537/537 
f 537/537/537 556/556/556 538/538/538 
f 556/556/556 557/557/557 538/538/538 
f 553/553/553 558/558/558 552/552/552 
f 552/552/552 558/558/558 556/556/556 
f 556/556/556 559/559/559 557/557/557 
f 558/558/558 559/559/559 556/556/556 
f 559/559/559 560/560/560 557/557/557 
f 554/554/554 561/561/561 553/553/553 
f 561/561/561 558/558/558 553/553/553 
f 555/555/555 562/562/562 554/554/554 
f 554/554/554 562/562/562 561/561/561 
f 555/555/555 563/563/563 562/562/562 
f 558/558/558 564/564/564 559/559/559 
f 561/561/561 564/564/564 558/558/558 
f 559/559/559 565/565/565 560/560/560 
f 564/564/564 565/565/565 559/559/559 
f 565/565/565 566/566/566 560/560/560 
f 562/562/562 567/567/567 561/561/561 
f 567/567/567 564/564/564 561/561/561 
f 563/563/563 568/568/568 562/562/562 
f 562/562/562 568/568/568 567/567/567 
f 563/563/563 569/569/569 568/568/568 
f 564/564/564 570/570/570 565/565/565 
f 567/567/567 570/570/570 564/564/564 
f 565/565/565 571/571/571 566/566/566 
f 570/570/570 571/571/571 565/565/565 
f 571/571/571 572/572/572 566/566/566 
f 569/569/569 573/573/573 568/568/568 
f 569/569/569 574/574/574 573/573/573 
f 568/568/568 575/575/575 567/567/567 
f 568/568/568 573/573/573 575/575/575 
f 567/567/567 576/576/576 570/570/570 
f 570/570/570 576/576/576 571/571/571 
f 567/567/567 575/575/575 576/576/576 
f 571/571/571 577/577/577 572/572/572 
f 576/576/576 577/577/577 571/571/571 
f 577/577/577 578/578/578 572/572/572 
f 577/577/577 579/579/579 578/578/578 
f 576/576/576 580/580/580 577/577/577 
f 580/580/580 579/579/579 577/577/577 
f 575/575/575 580/580/580 576/576/576 
f 580/580/580 581/581/581 579/579/579 
f 575/575/575 582/582/582 580/580/580 
f 582/582/582 581/581/581 580/580/580 
f 573/573/573 582/582/582 575/575/575 
f 582/582/582 583/583/583 581/581/581 
f 574/574/574 584/584/584 573/573/573 
f 573/573/573 584/584/584 582/582/582 
f 584/584/584 583/583/583 582/582/582 
f 574/574/574 585/585/585 584/584/584 
f 584/584/584 586/586/586 583/583/583 
f 585/585/585 586/586/586 584/584/584 
f 585/585/585 587/587/587 586/586/586 
f 588/588/588 590/590/590 589/589/589 
f 588/588/588 591/591/591 590/590/590 
f 591/591/591 592/592/592 590/590/590 
f 591/591/591 593/593/593 592/592/592 
f 593/593/593 594/594/594 592/592/592 
f 593/593/593 595/595/595 594/594/594 
f 595/595/595 596/596/596 594/594/594 
f 595/595/595 597/597/597 596/596/596 
f 597/597/597 598/598/598 596/596/596 
f 597/597/597 599/599/599 598/598/598 
f 599/599/599 600/600/600 598/598/598 
f 599/599/599 601/601/601 600/600/600 
f 601/601/601 602/602/602 600/600/600 
f 601/601/601 603/603/603 602/602/602 
f 603/603/603 604/604/604 602/602/602 
f 603/603/603 605/605/605 604/604/604 
f 605/605/605 606/606/606 604/604/604 
f 605/605/605 607/607/607 606/606/606 
f 607/607/607 608/608/608 606/606/606 
f 607/607/607 609/609/609 608/608/608 
f 610/610/610 612/612/612 611/611/611 
f 610/610/610 613/613/613 612/612/612 
f 614/614/614 613/613/613 610/610/610 
f 613/613/613 615/615/615 612/612/612 
f 614/614/614 616/616/616 613/613/613 
f 617/617/617 616/616/616 614/614/614 
f 613/613/613 618/618/618 615/615/615 
f 616/616/616 618/618/618 613/613/613 
f 618/618/618 619/619/619 615/615/615 
f 617/617/617 620/620/620 616/616/616 
f 621/621/621 620/620/620 617/617/617 
f 616/616/616 622/622/622 618/618/618 
f 620/620/620 622/622/622 616/616/616 
f 618/618/618 623/623/623 619/619/619 
f 622/622/622 623/623/623 618/618/618 
f 623/623/623 624/624/624 619/619/619 
f 621/621/621 625/625/625 620/620/620 
f 626/626/626 625/625/625 621/621/621 
f 626/626/626 627/627/627 625/625/625 
f 628/628/628 627/627/627 626/626/626 
f 628/628/628 629/629/629 627/627/627 
f 630/630/630 629/629/629 628/628/628 
f 625/625/625 631/631/631 620/620/620 
f 620/620/620 631/631/631 622/622/622 
f 625/625/625 632/632/632 631/631/631 
f 630/630/630 633/633/633 629/629/629 
f 634/634/634 633/633/633 630/630/630 
f 633/633/633 635/635/635 629/629/629 
f 631/631/631 636/636/636 622/622/622 
f 622/622/622 636/636/636 623/623/623 
f 632/632/632 637/637/637 631/631/631 
f 631/631/631 637/637/637 636/636/636 
f 632/632/632 638/638/638 637/637/637 
f 634/634/634 639/639/639 633/633/633 
f 640/640/640 639/639/639 634/634/634 
f 633/633/633 641/641/641 635/635/635 
f 639/639/639 641/641/641 633/633/633 
f 641/641/641 642/642/642 635/635/635 
f 636/636/636 643/643/643 623/623/623 
f 623/623/623 643/643/643 624/624/624 
f 643/643/643 644/644/644 624/624/624 
f 637/637/637 645/645/645 636/636/636 
f 636/636/636 645/645/645 643/643/643 
f 643/643/643 646/646/646 644/644/644 
f 645/645/645 646/646/646 643/643/643 
f 646/646/646 647/647/647 644/644/644 
f 640/640/640 648/648/648 639/639/639 
f 649/649/649 648/648/648 640/640/640 
f 649/649/649 650/650/650 648/648/648 
f 637/637/637 651/651/651 645/645/645 
f 638/638/638 651/651/651 637/637/637 
f 645/645/645 652/652/652 646/646/646 
f 651/651/651 652/652/652 645/645/645 
f 646/646/646 653/653/653 647/647/647 
f 652/652/652 653/653/653 646/646/646 
f 653/653/653 654/654/654 647/647/647 
f 648/648/648 655/655/655 639/639/639 
f 639/639/639 655/655/655 641/641/641 
f 650/650/650 656/656/656 648/648/648 
f 648/648/648 656/656/656 655/655/655 
f 650/650/650 657/657/657 656/656/656 
f 638/638/638 658/658/658 651/651/651 
f 659/659/659 658/658/658 638/638/638 
f 651/651/651 660/660/660 652/652/652 
f 658/658/658 660/660/660 651/651/651 
f 652/652/652 661/661/661 653/653/653 
f 660/660/660 661/661/661 652/652/652 
f 653/653/653 662/662/662 654/654/654 
f 661/661/661 662/662/662 653/653/653 
f 662/662/662 663/663/663 654/654/654 
f 657/657/657 664/664/664 656/656/656 
f 657/657/657 665/665/665 664/664/664 
f 659/659/659 666/666/666 658/658/658 
f 642/642/642 666/666/666 659/659/659 
f 658/658/658 667/667/667 660/660/660 
f 666/666/666 667/667/667 658/658/658 
f 660/660/660 668/668/668 661/661/661 
f 667/667/667 668/668/668 660/660/660 
f 661/661/661 669/669/669 662/662/662 
f 668/668/668 669/669/669 661/661/661 
f 662/662/662 670/670/670 663/663/663 
f 669/669/669 670/670/670 662/662/662 
f 670/670/670 671/671/671 663/663/663 
f 670/670/670 672/672/672 671/671/671 
f 672/672/672 673/673/673 671/671/671 
f 669/669/669 674/674/674 670/670/670 
f 674/674/674 672/672/672 670/670/670 
f 668/668/668 675/675/675 669/669/669 
f 675/675/675 674/674/674 669/669/669 
f 667/667/667 676/676/676 668/668/668 
f 676/676/676 675/675/675 668/668/668 
f 666/666/666 677/677/677 667/667/667 
f 677/677/677 676/676/676 667/667/667 
f 672/672/672 678/678/678 673/673/673 
f 678/678/678 679/679/679 673/673/673 
f 674/674/674 680/680/680 672/672/672 
f 680/680/680 678/678/678 672/672/672 
f 675/675/675 681/681/681 674/674/674 
f 681/681/681 680/680/680 674/674/674 
f 676/676/676 682/682/682 675/675/675 
f 682/682/682 681/681/681 675/675/675 
f 678/678/678 683/683/683 679/679/679 
f 683/683/683 684/684/684 679/679/679 
f 683/683/683 685/685/685 684/684/684 
f 680/680/680 686/686/686 678/678/678 
f 686/686/686 683/683/683 678/678/678 
f 687/687/687 685/685/685 683/683/683 
f 686/686/686 687/687/687 683/683/683 
f 687/687/687 688/688/688 685/685/685 
f 681/681/681 689/689/689 680/680/680 
f 689/689/689 686/686/686 680/680/680 
f 690/690/690 687/687/687 686/686/686 
f 689/689/689 690/690/690 686/686/686 
f 691/691/691 688/688/688 687/687/687 
f 690/690/690 691/691/691 687/687/687 
f 691/691/691 692/692/692 688/688/688 
f 693/693/693 689/689/689 681/681/681 
f 682/682/682 693/693/693 681/681/681 
f 694/694/694 690/690/690 689/689/689 
f 693/693/693 694/694/694 689/689/689 
f 695/695/695 691/691/691 690/690/690 
f 694/694/694 695/695/695 690/690/690 
f 696/696/696 692/692/692 691/691/691 
f 695/695/695 696/696/696 691/691/691 
f 696/696/696 697/697/697 692/692/692 
f 698/698/698 697/697/697 696/696/696 
f 698/698/698 699/699/699 697/697/697 
f 700/700/700 696/696/696 695/695/695 
f 700/700/700 698/698/698 696/696/696 
f 701/701/701 695/695/695 694/694/694 
f 701/701/701 700/700/700 695/695/695 
f 702/702/702 694/694/694 693/693/693 
f 702/702/702 701/701/701 694/694/694 
f 703/703/703 693/693/693 682/682/682 
f 703/703/703 702/702/702 693/693/693 
f 704/704/704 699/699/699 698/698/698 
f 704/704/704 705/705/705 699/699/699 
f 706/706/706 698/698/698 700/700/700 
f 706/706/706 704/704/704 698/698/698 
f 707/707/707 700/700/700 701/701/701 
f 707/707/707 706/706/706 700/700/700 
f 708/708/708 701/701/701 702/702/702 
f 708/708/708 707/707/707 701/701/701 
f 709/709/709 705/705/705 704/704/704 
f 709/709/709 710/710/710 705/705/705 
f 711/711/711 704/704/704 706/706/706 
f 711/711/711 709/709/709 704/704/704 
f 712/712/712 706/706/706 707/707/707 
f 712/712/712 711/711/711 706/706/706 
f 713/713/713 710/710/710 709/709/709 
f 713/713/713 714/714/714 710/710/710 
f 715/715/715 709/709/709 711/711/711 
f 715/715/715 713/713/713 709/709/709 
f 716/716/716 714/714/714 713/713/713 
f 716/716/716 717/717/717 714/714/714 
f 718/718/718 717/717/717 716/716/716 
f 718/718/718 719/719/719 717/717/717 
f 720/720/720 718/718/718 716/716/716 
f 721/721/721 716/716/716 713/713/713 
f 720/720/720 716/716/716 721/721/721 
f 721/721/721 713/713/713 715/715/715 
f 722/722/722 720/720/720 721/721/721 
f 722/722/722 721/721/721 723/723/723 
f 723/723/723 721/721/721 715/715/715 
f 724/724/724 722/722/722 723/723/723 
f 725/725/725 715/715/715 711/711/711 
f 723/723/723 715/715/715 725/725/725 
f 725/725/725 711/711/711 712/712/712 
f 724/724/724 723/723/723 726/726/726 
f 726/726/726 723/723/723 725/725/725 
f 727/727/727 724/724/724 726/726/726 
f 728/728/728 725/725/725 712/712/712 
f 726/726/726 725/725/725 728/728/728 
f 727/727/727 726/726/726 729/729/729 
f 729/729/729 726/726/726 728/728/728 
f 730/730/730 727/727/727 729/729/729 
f 728/728/728 712/712/712 731/731/731 
f 731/731/731 712/712/712 707/707/707 
f 731/731/731 707/707/707 708/708/708 
f 730/730/730 729/729/729 732/732/732 
f 733/733/733 730/730/730 732/732/732 
f 729/729/729 728/728/728 734/734/734 
f 734/734/734 728/728/728 731/731/731 
f 732/732/732 729/729/729 734/734/734 
f 735/735/735 731/731/731 708/708/708 
f 734/734/734 731/731/731 735/735/735 
f 733/733/733 732/732/732 736/736/736 
f 737/737/737 733/733/733 736/736/736 
f 732/732/732 734/734/734 738/738/738 
f 738/738/738 734/734/734 735/735/735 
f 736/736/736 732/732/732 738/738/738 
f 735/735/735 708/708/708 739/739/739 
f 739/739/739 708/708/708 702/702/702 
f 739/739/739 702/702/702 703/703/703 
f 737/737/737 736/736/736 740/740/740 
f 665/665/665 737/737/737 740/740/740 
f 665/665/665 740/740/740 664/664/664 
f 736/736/736 738/738/738 741/741/741 
f 740/740/740 736/736/736 741/741/741 
f 738/738/738 735/735/735 742/742/742 
f 742/742/742 735/735/735 739/739/739 
f 741/741/741 738/738/738 742/742/742 
f 743/743/743 739/739/739 703/703/703 
f 742/742/742 739/739/739 743/743/743 
f 664/664/664 740/740/740 744/744/744 
f 740/740/740 741/741/741 744/744/744 
f 741/741/741 742/742/742 745/745/745 
f 745/745/745 742/742/742 743/743/743 
f 744/744/744 741/741/741 745/745/745 
f 743/743/743 703/703/703 746/746/746 
f 746/746/746 703/703/703 682/682/682 
f 746/746/746 682/682/682 676/676/676 
f 677/677/677 746/746/746 676/676/676 
f 747/747/747 743/743/743 746/746/746 
f 745/745/745 743/743/743 747/747/747 
f 747/747/747 746/746/746 677/677/677 
f 664/664/664 744/744/744 748/748/748 
f 656/656/656 664/664/664 748/748/748 
f 656/656/656 748/748/748 655/655/655 
f 744/744/744 745/745/745 749/749/749 
f 749/749/749 745/745/745 747/747/747 
f 748/748/748 744/744/744 749/749/749 
f 750/750/750 747/747/747 677/677/677 
f 749/749/749 747/747/747 750/750/750 
f 750/750/750 677/677/677 666/666/666 
f 642/642/642 750/750/750 666/666/666 
f 655/655/655 748/748/748 751/751/751 
f 748/748/748 749/749/749 751/751/751 
f 751/751/751 749/749/749 750/750/750 
f 751/751/751 750/750/750 642/642/642 
f 655/655/655 751/751/751 641/641/641 
f 641/641/641 751/751/751 642/642/642 
f 752/752/752 754/754/754 753/753/753 
f 752/752/752 755/755/755 754/754/754 
f 755/755/755 752/752/752 756/756/756 
f 755/755/755 757/757/757 754/754/754 
f 755/755/755 756/756/756 758/758/758 
f 755/755/755 759/759/759 757/757/757 
f 758/758/758 759/759/759 755/755/755 
f 758/758/758 760/760/760 759/759/759 
f 761/761/761 763/763/763 762/762/762 
f 761/761/761 762/762/762 764/764/764 
f 765/765/765 761/761/761 764/764/764 
f 764/764/764 762/762/762 766/766/766 
f 765/765/765 764/764/764 767/767/767 
f 764/764/764 766/766/766 768/768/768 
f 767/767/767 764/764/764 768/768/768 
f 767/767/767 768/768/768 769/769/769 
f 770/770/770 772/772/772 771/771/771 
f 770/770/770 773/773/773 772/772/772 
f 774/774/774 773/773/773 770/770/770 
f 773/773/773 775/775/775 772/772/772 
f 774/774/774 776/776/776 773/773/773 
f 773/773/773 777/777/777 775/775/775 
f 776/776/776 777/777/777 773/773/773 
f 776/776/776 778/778/778 777/777/777 
f 779/779/779 781/781/781 780/780/780 
f 779/779/779 782/782/782 781/781/781 
f 782/782/782 779/779/779 783/783/783 
f 782/782/782 784/784/784 781/781/781 
f 782/782/782 783/783/783 785/785/785 
f 782/782/782 786/786/786 784/784/784 
f 786/786/786 782/782/782 785/785/785 
f 786/786/786 785/785/785 787/787/787 
f 788/788/788 790/790/790 789/789/789 
f 788/788/788 789/789/789 791/791/791 
f 791/791/791 792/792/792 788/788/788 
f 791/791/791 789/789/789 793/793/793 
f 791/791/791 794/794/794 792/792/792 
f 791/791/791 793/793/793 795/795/795 
f 795/795/795 794/794/794 791/791/791 
f 795/795/795 796/796/796 794/794/794 
f 797/797/797 799/799/799 798/798/798 
f 800/800/800 797/797/797 798/798/798 
f 797/797/797 800/800/800 801/801/801 
f 802/802/802 797/797/797 801/801/801 
f 797/797/797 802/802/802 803/803/803 
f 797/797/797 803/803/803 804/804/804 
f 805/805/805 807/807/807 806/806/806 
f 805/805/805 808/808/808 807/807/807 
f 809/809/809 808/808/808 805/805/805 
f 808/808/808 810/810/810 807/807/807 
f 809/809/809 811/811/811 808/808/808 
f 808/808/808 812/812/812 810/810/810 
f 811/811/811 812/812/812 808/808/808 
f 812/812/812 813/813/813 810/810/810 
f 811/811/811 814/814/814 812/812/812 
f 812/812/812 815/815/815 813/813/813 
f 814/814/814 815/815/815 812/812/812 
f 815/815/815 816/816/816 813/813/813 
f 814/814/814 817/817/817 815/815/815 
f 815/815/815 818/818/818 816/816/816 
f 817/817/817 818/818/818 815/815/815 
f 818/818/818 819/819/819 816/816/816 
f 817/817/817 820/820/820 818/818/818 
f 818/818/818 821/821/821 819/819/819 
f 820/820/820 821/821/821 818/818/818 
f 821/821/821 822/822/822 819/819/819 
f 820/820/820 823/823/823 821/821/821 
f 821/821/821 824/824/824 822/822/822 
f 823/823/823 824/824/824 821/821/821 
f 823/823/823 825/825/825 824/824/824 
f 826/826/826 828/828/828 827/827/827 
f 826/826/826 829/829/829 828/828/828 
f 830/830/830 829/829/829 826/826/826 
f 829/829/829 831/831/831 828/828/828 
f 830/830/830 832/832/832 829/829/829 
f 829/829/829 833/833/833 831/831/831 
f 832/832/832 833/833/833 829/829/829 
f 833/833/833 834/834/834 831/831/831 
f 832/832/832 835/835/835 833/833/833 
f 833/833/833 836/836/836 834/834/834 
f 835/835/835 836/836/836 833/833/833 
f 836/836/836 837/837/837 834/834/834 
f 835/835/835 838/838/838 836/836/836 
f 836/836/836 839/839/839 837/837/837 
f 838/838/838 839/839/839 836/836/836 
f 839/839/839 840/840/840 837/837/837 
f 838/838/838 841/841/841 839/839/839 
f 839/839/839 842/842/842 840/840/840 
f 841/841/841 842/842/842 839/839/839 
f 842/842/842 843/843/843 840/840/840 
f 841/841/841 844/844/844 842/842/842 
f 842/842/842 845/845/845 843/843/843 
f 844/844/844 845/845/845 842/842/842 
f 844/844/844 846/846/846 845/845/845 
f 847/847/847 849/849/849 848/848/848 
f 848/848/848 849/849/849 850/850/850 
f 847/847/847 848/848/848 851/851/851 
f 851/851/851 852/852/852 847/847/847 
f 848/848/848 850/850/850 853/853/853 
f 853/853/853 850/850/850 854/854/854 
f 851/851/851 848/848/848 855/855/855 
f 855/855/855 848/848/848 853/853/853 
f 851/851/851 856/856/856 852/852/852 
f 856/856/856 857/857/857 852/852/852 
f 851/851/851 855/855/855 858/858/858 
f 856/856/856 851/851/851 858/858/858 
f 855/855/855 859/859/859 858/858/858 
f 855/855/855 853/853/853 860/860/860 
f 859/859/859 855/855/855 860/860/860 
f 853/853/853 854/854/854 861/861/861 
f 860/860/860 853/853/853 861/861/861 
f 856/856/856 862/862/862 857/857/857 
f 862/862/862 863/863/863 857/857/857 
f 856/856/856 858/858/858 864/864/864 
f 862/862/862 856/856/856 864/864/864 
f 854/854/854 865/865/865 861/861/861 
f 854/854/854 866/866/866 865/865/865 
f 860/860/860 861/861/861 867/867/867 
f 859/859/859 860/860/860 867/867/867 
f 865/865/865 867/867/867 861/861/861 
f 862/862/862 868/868/868 863/863/863 
f 868/868/868 869/869/869 863/863/863 
f 870/870/870 864/864/864 858/858/858 
f 870/870/870 858/858/858 859/859/859 
f 870/870/870 859/859/859 871/871/871 
f 862/862/862 864/864/864 872/872/872 
f 868/868/868 862/862/862 872/872/872 
f 872/872/872 864/864/864 870/870/870 
f 866/866/866 873/873/873 865/865/865 
f 866/866/866 874/874/874 873/873/873 
f 875/875/875 873/873/873 874/874/874 
f 865/865/865 876/876/876 867/867/867 
f 859/859/859 867/867/867 876/876/876 
f 873/873/873 876/876/876 865/865/865 
f 877/877/877 859/859/859 876/876/876 
f 873/873/873 877/877/877 876/876/876 
f 859/859/859 877/877/877 871/871/871 
f 875/875/875 878/878/878 873/873/873 
f 878/878/878 877/877/877 873/873/873 
f 879/879/879 878/878/878 875/875/875 
f 872/872/872 870/870/870 880/880/880 
f 868/868/868 872/872/872 880/880/880 
f 878/878/878 881/881/881 877/877/877 
f 871/871/871 877/877/877 881/881/881 
f 879/879/879 882/882/882 878/878/878 
f 882/882/882 881/881/881 878/878/878 
f 871/871/871 881/881/881 883/883/883 
f 882/882/882 883/883/883 881/881/881 
f 882/882/882 871/871/871 883/883/883 
f 884/884/884 882/882/882 879/879/879 
f 882/882/882 884/884/884 871/871/871 
f 884/884/884 879/879/879 885/885/885 
f 870/870/870 871/871/871 886/886/886 
f 884/884/884 886/886/886 871/871/871 
f 880/880/880 870/870/870 886/886/886 
f 885/885/885 887/887/887 884/884/884 
f 884/884/884 887/887/887 886/886/886 
f 885/885/885 888/888/888 887/887/887 
f 889/889/889 868/868/868 880/880/880 
f 888/888/888 889/889/889 887/887/887 
f 868/868/868 889/889/889 869/869/869 
f 888/888/888 869/869/869 889/889/889 
f 880/880/880 886/886/886 890/890/890 
f 887/887/887 890/890/890 886/886/886 
f 889/889/889 880/880/880 890/890/890 
f 887/887/887 889/889/889 890/890/890 
f 891/891/891 893/893/893 892/892/892 
f 894/894/894 891/891/891 892/892/892 
f 893/893/893 895/895/895 892/892/892 
f 896/896/896 894/894/894 892/892/892 
f 895/895/895 897/897/897 892/892/892 
f 898/898/898 896/896/896 892/892/892 
f 897/897/897 899/899/899 892/892/892 
f 900/900/900 898/898/898 892/892/892 
f 899/899/899 901/901/901 892/892/892 
f 902/902/902 900/900/900 892/892/892 
f 901/901/901 903/903/903 892/892/892 
f 904/904/904 902/902/902 892/892/892 
f 903/903/903 905/905/905 892/892/892 
f 906/906/906 904/904/904 892/892/892 
f 905/905/905 907/907/907 892/892/892 
f 908/908/908 906/906/906 892/892/892 
f 907/907/907 909/909/909 892/892/892 
f 910/910/910 908/908/908 892/892/892 
f 909/909/909 911/911/911 892/892/892 
f 911/911/911 910/910/910 892/892/892 
