# exported by StudySceneExporter from mesh 'light'
mtllib materials.mtl
v 0.007987495 0.01587651 -0.0107195
v 0.007998604 0.01587651 -0.01071841
v 0.007998604 0.02968074 -0.01071841
v 0.007987495 0.02968074 -0.0107195
v 0.007976384 0.01587651 -0.01071841
v 0.007976384 0.02968074 -0.01071841
v 0.007965701 0.01587651 -0.01071517
v 0.007965701 0.02968074 -0.01071517
v 0.007955855 0.01587651 -0.0107099
v 0.007955855 0.02968074 -0.0107099
v 0.007947225 0.01587651 -0.01070282
v 0.007947225 0.02968074 -0.01070282
v 0.007940143 0.01587651 -0.01069419
v 0.007940143 0.02968074 -0.01069419
v 0.00793488 0.01587651 -0.01068435
v 0.00793488 0.02968074 -0.01068435
v 0.007931639 0.01587651 -0.01067366
v 0.007931639 0.02968074 -0.01067366
v 0.007930546 0.01587651 -0.01066255
v 0.007930546 0.02968074 -0.01066255
v 0.007931639 0.01587651 -0.01065144
v 0.007931639 0.02968074 -0.01065144
v 0.00793488 0.01587651 -0.01064076
v 0.00793488 0.02968074 -0.01064076
v 0.007940143 0.01587651 -0.01063091
v 0.007940143 0.02968074 -0.01063091
v 0.007947225 0.01587651 -0.01062228
v 0.007947225 0.02968074 -0.01062228
v 0.007955855 0.01587651 -0.0106152
v 0.007955855 0.02968074 -0.0106152
v 0.007965701 0.01587651 -0.01060994
v 0.007965701 0.02968074 -0.01060994
v 0.007976384 0.01587651 -0.0106067
v 0.007976384 0.02968074 -0.0106067
v 0.007987495 0.01587651 -0.0106056
v 0.007987495 0.02968074 -0.0106056
v 0.007998604 0.01587651 -0.0106067
v 0.007998604 0.02968074 -0.0106067
v 0.008009288 0.01587651 -0.01060994
v 0.008009288 0.02968074 -0.01060994
v 0.008019133 0.01587651 -0.0106152
v 0.008019133 0.02968074 -0.0106152
v 0.008027763 0.01587651 -0.01062228
v 0.008027763 0.02968074 -0.01062228
v 0.008034846 0.01587651 -0.01063091
v 0.008034846 0.02968074 -0.01063091
v 0.008040109 0.01587651 -0.01064076
v 0.008040109 0.02968074 -0.01064076
v 0.008043349 0.01587651 -0.01065144
v 0.008043349 0.02968074 -0.01065144
v 0.008044443 0.01587651 -0.01066255
v 0.008044443 0.02968074 -0.01066255
v 0.008043349 0.01587651 -0.01067366
v 0.008043349 0.02968074 -0.01067366
v 0.008040109 0.01587651 -0.01068435
v 0.008040109 0.02968074 -0.01068435
v 0.008034846 0.01587651 -0.01069419
v 0.008034846 0.02968074 -0.01069419
v 0.008027763 0.01587651 -0.01070282
v 0.008027763 0.02968074 -0.01070282
v 0.008019133 0.01587651 -0.0107099
v 0.008019133 0.02968074 -0.0107099
v 0.008009288 0.01587651 -0.01071517
v 0.008009288 0.02968074 -0.01071517
v 0.007998604 0.01587651 -0.01071841
v 0.007998604 0.02968074 -0.01071841
v 0.007284835 0.02994206 -0.01052278
v 0.007271069 0.02994206 -0.01066255
v 0.007284835 0.02994206 -0.01080232
v 0.007325604 0.02994206 -0.01038838
v 0.007325604 0.02994206 -0.01093672
v 0.007391809 0.02994206 -0.01026452
v 0.007391809 0.02994206 -0.01106058
v 0.007480906 0.02994206 -0.01015596
v 0.007480906 0.02994206 -0.01116914
v 0.007589471 0.02994206 -0.01006686
v 0.007589471 0.02994206 -0.01125824
v 0.007713333 0.02994206 -0.01000066
v 0.007713333 0.02994206 -0.01132444
v 0.00784773 0.02994206 -0.009959887
v 0.00784773 0.02994206 -0.01136521
v 0.007987498 0.02994206 -0.009946121
v 0.007987498 0.02994206 -0.01137898
v 0.008127267 0.02994206 -0.009959887
v 0.008127267 0.02994206 -0.01136521
v 0.008261664 0.02994206 -0.01000066
v 0.008261664 0.02994206 -0.01132444
v 0.008385525 0.02994206 -0.01006686
v 0.008385525 0.02994206 -0.01125824
v 0.00849409 0.02994206 -0.01015596
v 0.00849409 0.02994206 -0.01116914
v 0.008583187 0.02994206 -0.01026452
v 0.008583187 0.02994206 -0.01106058
v 0.008649393 0.02994206 -0.01038838
v 0.008649393 0.02994206 -0.01093672
v 0.008690162 0.02994206 -0.01052278
v 0.008690162 0.02994206 -0.01080232
v 0.008703928 0.02994206 -0.01066255
v 0.007987495 0.01587651 0.003873789
v 0.007998604 0.01587651 0.003874884
v 0.007998604 0.02968074 0.003874884
v 0.007987495 0.02968074 0.003873789
v 0.007976384 0.01587651 0.003874884
v 0.007976384 0.02968074 0.003874884
v 0.007965701 0.01587651 0.003878125
v 0.007965701 0.02968074 0.003878125
v 0.007955855 0.01587651 0.003883387
v 0.007955855 0.02968074 0.003883387
v 0.007947225 0.01587651 0.003890469
v 0.007947225 0.02968074 0.003890469
v 0.007940143 0.01587651 0.0038991
v 0.007940143 0.02968074 0.0038991
v 0.00793488 0.01587651 0.003908945
v 0.00793488 0.02968074 0.003908945
v 0.007931639 0.01587651 0.003919629
v 0.007931639 0.02968074 0.003919629
v 0.007930546 0.01587651 0.003930738
v 0.007930546 0.02968074 0.003930738
v 0.007931639 0.01587651 0.003941848
v 0.007931639 0.02968074 0.003941848
v 0.00793488 0.01587651 0.003952532
v 0.00793488 0.02968074 0.003952532
v 0.007940143 0.01587651 0.003962377
v 0.007940143 0.02968074 0.003962377
v 0.007947225 0.01587651 0.003971007
v 0.007947225 0.02968074 0.003971007
v 0.007955855 0.01587651 0.00397809
v 0.007955855 0.02968074 0.00397809
v 0.007965701 0.01587651 0.003983352
v 0.007965701 0.02968074 0.003983352
v 0.007976384 0.01587651 0.003986593
v 0.007976384 0.02968074 0.003986593
v 0.007987495 0.01587651 0.003987688
v 0.007987495 0.02968074 0.003987688
v 0.007998604 0.01587651 0.003986593
v 0.007998604 0.02968074 0.003986593
v 0.008009288 0.01587651 0.003983352
v 0.008009288 0.02968074 0.003983352
v 0.008019133 0.01587651 0.00397809
v 0.008019133 0.02968074 0.00397809
v 0.008027763 0.01587651 0.003971007
v 0.008027763 0.02968074 0.003971007
v 0.008034846 0.01587651 0.003962377
v 0.008034846 0.02968074 0.003962377
v 0.008040109 0.01587651 0.003952532
v 0.008040109 0.02968074 0.003952532
v 0.008043349 0.01587651 0.003941848
v 0.008043349 0.02968074 0.003941848
v 0.008044443 0.01587651 0.003930738
v 0.008044443 0.02968074 0.003930738
v 0.008043349 0.01587651 0.003919629
v 0.008043349 0.02968074 0.003919629
v 0.008040109 0.01587651 0.003908945
v 0.008040109 0.02968074 0.003908945
v 0.008034846 0.01587651 0.0038991
v 0.008034846 0.02968074 0.0038991
v 0.008027763 0.01587651 0.003890469
v 0.008027763 0.02968074 0.003890469
v 0.008019133 0.01587651 0.003883387
v 0.008019133 0.02968074 0.003883387
v 0.008009288 0.01587651 0.003878125
v 0.008009288 0.02968074 0.003878125
v 0.007998604 0.01587651 0.003874884
v 0.007998604 0.02968074 0.003874884
v 0.007284835 0.02994206 0.004070508
v 0.007271069 0.02994206 0.003930739
v 0.007284835 0.02994206 0.003790972
v 0.007325604 0.02994206 0.004204906
v 0.007325604 0.02994206 0.003656574
v 0.007391809 0.02994206 0.004328767
v 0.007391809 0.02994206 0.003532714
v 0.007480906 0.02994206 0.004437332
v 0.007480906 0.02994206 0.003424149
v 0.007589471 0.02994206 0.004526429
v 0.007589471 0.02994206 0.003335051
v 0.007713333 0.02994206 0.004592634
v 0.007713333 0.02994206 0.003268846
v 0.00784773 0.02994206 0.004633404
v 0.00784773 0.02994206 0.003228077
v 0.007987498 0.02994206 0.004647169
v 0.007987498 0.02994206 0.00321431
v 0.008127267 0.02994206 0.004633404
v 0.008127267 0.02994206 0.003228077
v 0.008261664 0.02994206 0.004592634
v 0.008261664 0.02994206 0.003268846
v 0.008385525 0.02994206 0.004526429
v 0.008385525 0.02994206 0.003335051
v 0.00849409 0.02994206 0.004437332
v 0.00849409 0.02994206 0.003424149
v 0.008583187 0.02994206 0.004328766
v 0.008583187 0.02994206 0.003532714
v 0.008649393 0.02994206 0.004204906
v 0.008649393 0.02994206 0.003656574
v 0.008690162 0.02994206 0.004070508
v 0.008690162 0.02994206 0.003790972
v 0.008703928 0.02994206 0.003930739
v 0.007325605 0.02968081 0.003656574
v 0.007325604 0.02994206 0.003656574
v 0.007284835 0.02994206 0.003790972
v 0.007284836 0.02968081 0.003790972
v 0.007391809 0.02968081 0.003532714
v 0.007271069 0.02994206 0.003930739
v 0.007391809 0.02994206 0.003532714
v 0.00727107 0.02968081 0.003930739
v 0.007480907 0.02968081 0.003424149
v 0.007284835 0.02994206 0.004070508
v 0.007480906 0.02994206 0.003424149
v 0.007284836 0.02968081 0.004070508
v 0.007589472 0.02968081 0.003335051
v 0.007325604 0.02994206 0.004204906
v 0.007589471 0.02994206 0.003335051
v 0.007325605 0.02968081 0.004204906
v 0.007713333 0.02968081 0.003268846
v 0.007391809 0.02994206 0.004328767
v 0.007713333 0.02994206 0.003268846
v 0.007391809 0.02968081 0.004328767
v 0.00784773 0.02968081 0.003228077
v 0.007480906 0.02994206 0.004437332
v 0.00784773 0.02994206 0.003228077
v 0.007480907 0.02968081 0.004437332
v 0.007987499 0.02968081 0.00321431
v 0.007589471 0.02994206 0.004526429
v 0.007987498 0.02994206 0.00321431
v 0.007589472 0.02968081 0.004526429
v 0.008127267 0.02968081 0.003228077
v 0.007713333 0.02994206 0.004592634
v 0.008127267 0.02994206 0.003228077
v 0.007713333 0.02968081 0.004592634
v 0.008261665 0.02968081 0.003268846
v 0.00784773 0.02994206 0.004633404
v 0.008261664 0.02994206 0.003268846
v 0.00784773 0.02968081 0.004633404
v 0.008385526 0.02968081 0.003335051
v 0.007987498 0.02994206 0.004647169
v 0.008385525 0.02994206 0.003335051
v 0.007987499 0.02968081 0.004647169
v 0.008494091 0.02968081 0.003424149
v 0.008127267 0.02994206 0.004633404
v 0.00849409 0.02994206 0.003424149
v 0.008127267 0.02968081 0.004633404
v 0.008583188 0.02968081 0.003532714
v 0.008261664 0.02994206 0.004592634
v 0.008583187 0.02994206 0.003532714
v 0.008261665 0.02968081 0.004592634
v 0.008649393 0.02968081 0.003656574
v 0.008385525 0.02994206 0.004526429
v 0.008649393 0.02994206 0.003656574
v 0.008385526 0.02968081 0.004526429
v 0.008690163 0.02968081 0.003790972
v 0.00849409 0.02994206 0.004437332
v 0.008690162 0.02994206 0.003790972
v 0.008494091 0.02968081 0.004437332
v 0.008703928 0.02968081 0.003930739
v 0.008583187 0.02994206 0.004328766
v 0.008703928 0.02994206 0.003930739
v 0.008583188 0.02968081 0.004328766
v 0.008690163 0.02968081 0.004070508
v 0.008649393 0.02994206 0.004204906
v 0.008690162 0.02994206 0.004070508
v 0.008649393 0.02968081 0.004204906
v 0.008009288 0.02968074 0.003983352
v 0.008261665 0.02968081 0.004592634
v 0.008385526 0.02968081 0.004526429
v 0.008019133 0.02968074 0.00397809
v 0.007998604 0.02968074 0.003986593
v 0.008494091 0.02968081 0.004437332
v 0.008127267 0.02968081 0.004633404
v 0.008027763 0.02968074 0.003971007
v 0.007987495 0.02968074 0.003987688
v 0.008583188 0.02968081 0.004328766
v 0.007987499 0.02968081 0.004647169
v 0.008034846 0.02968074 0.003962377
v 0.007976384 0.02968074 0.003986593
v 0.008649393 0.02968081 0.004204906
v 0.00784773 0.02968081 0.004633404
v 0.008040109 0.02968074 0.003952532
v 0.007965701 0.02968074 0.003983352
v 0.008690163 0.02968081 0.004070508
v 0.007713333 0.02968081 0.004592634
v 0.008043349 0.02968074 0.003941848
v 0.007955855 0.02968074 0.00397809
v 0.008703928 0.02968081 0.003930739
v 0.007589472 0.02968081 0.004526429
v 0.008044443 0.02968074 0.003930738
v 0.007947225 0.02968074 0.003971007
v 0.008690163 0.02968081 0.003790972
v 0.007480907 0.02968081 0.004437332
v 0.008043349 0.02968074 0.003919629
v 0.007940143 0.02968074 0.003962377
v 0.008649393 0.02968081 0.003656574
v 0.007391809 0.02968081 0.004328767
v 0.008040109 0.02968074 0.003908945
v 0.00793488 0.02968074 0.003952532
v 0.008583188 0.02968081 0.003532714
v 0.007325605 0.02968081 0.004204906
v 0.008034846 0.02968074 0.0038991
v 0.007931639 0.02968074 0.003941848
v 0.008494091 0.02968081 0.003424149
v 0.007284836 0.02968081 0.004070508
v 0.008027763 0.02968074 0.003890469
v 0.007930546 0.02968074 0.003930738
v 0.008385526 0.02968081 0.003335051
v 0.00727107 0.02968081 0.003930739
v 0.008019133 0.02968074 0.003883387
v 0.007931639 0.02968074 0.003919629
v 0.008261665 0.02968081 0.003268846
v 0.007284836 0.02968081 0.003790972
v 0.008009288 0.02968074 0.003878125
v 0.00793488 0.02968074 0.003908945
v 0.008127267 0.02968081 0.003228077
v 0.007325605 0.02968081 0.003656574
v 0.007998604 0.02968074 0.003874884
v 0.007940143 0.02968074 0.0038991
v 0.007987499 0.02968081 0.00321431
v 0.007391809 0.02968081 0.003532714
v 0.007987495 0.02968074 0.003873789
v 0.007947225 0.02968074 0.003890469
v 0.00784773 0.02968081 0.003228077
v 0.007480907 0.02968081 0.003424149
v 0.007976384 0.02968074 0.003874884
v 0.007955855 0.02968074 0.003883387
v 0.007713333 0.02968081 0.003268846
v 0.007589472 0.02968081 0.003335051
v 0.007965701 0.02968074 0.003878125
v 0.007325605 0.02968081 -0.01093672
v 0.007325604 0.02994206 -0.01093672
v 0.007284835 0.02994206 -0.01080232
v 0.007284836 0.02968081 -0.01080232
v 0.007391809 0.02968081 -0.01106058
v 0.007271069 0.02994206 -0.01066255
v 0.007391809 0.02994206 -0.01106058
v 0.00727107 0.02968081 -0.01066255
v 0.007480907 0.02968081 -0.01116914
v 0.007284835 0.02994206 -0.01052278
v 0.007480906 0.02994206 -0.01116914
v 0.007284836 0.02968081 -0.01052278
v 0.007589472 0.02968081 -0.01125824
v 0.007325604 0.02994206 -0.01038838
v 0.007589471 0.02994206 -0.01125824
v 0.007325605 0.02968081 -0.01038838
v 0.007713333 0.02968081 -0.01132444
v 0.007391809 0.02994206 -0.01026452
v 0.007713333 0.02994206 -0.01132444
v 0.007391809 0.02968081 -0.01026452
v 0.00784773 0.02968081 -0.01136521
v 0.007480906 0.02994206 -0.01015596
v 0.00784773 0.02994206 -0.01136521
v 0.007480907 0.02968081 -0.01015596
v 0.007987499 0.02968081 -0.01137898
v 0.007589471 0.02994206 -0.01006686
v 0.007987498 0.02994206 -0.01137898
v 0.007589472 0.02968081 -0.01006686
v 0.008127267 0.02968081 -0.01136521
v 0.007713333 0.02994206 -0.01000066
v 0.008127267 0.02994206 -0.01136521
v 0.007713333 0.02968081 -0.01000066
v 0.008261665 0.02968081 -0.01132444
v 0.00784773 0.02994206 -0.009959887
v 0.008261664 0.02994206 -0.01132444
v 0.00784773 0.02968081 -0.009959887
v 0.008385526 0.02968081 -0.01125824
v 0.007987498 0.02994206 -0.009946121
v 0.008385525 0.02994206 -0.01125824
v 0.007987499 0.02968081 -0.009946121
v 0.008494091 0.02968081 -0.01116914
v 0.008127267 0.02994206 -0.009959887
v 0.00849409 0.02994206 -0.01116914
v 0.008127267 0.02968081 -0.009959887
v 0.008583188 0.02968081 -0.01106058
v 0.008261664 0.02994206 -0.01000066
v 0.008583187 0.02994206 -0.01106058
v 0.008261665 0.02968081 -0.01000066
v 0.008649393 0.02968081 -0.01093672
v 0.008385525 0.02994206 -0.01006686
v 0.008649393 0.02994206 -0.01093672
v 0.008385526 0.02968081 -0.01006686
v 0.008690163 0.02968081 -0.01080232
v 0.00849409 0.02994206 -0.01015596
v 0.008690162 0.02994206 -0.01080232
v 0.008494091 0.02968081 -0.01015596
v 0.008703928 0.02968081 -0.01066255
v 0.008583187 0.02994206 -0.01026452
v 0.008703928 0.02994206 -0.01066255
v 0.008583188 0.02968081 -0.01026452
v 0.008690163 0.02968081 -0.01052278
v 0.008649393 0.02994206 -0.01038838
v 0.008690162 0.02994206 -0.01052278
v 0.008649393 0.02968081 -0.01038838
v 0.008009288 0.02968074 -0.01060994
v 0.008261665 0.02968081 -0.01000066
v 0.008385526 0.02968081 -0.01006686
v 0.008019133 0.02968074 -0.0106152
v 0.007998604 0.02968074 -0.0106067
v 0.008494091 0.02968081 -0.01015596
v 0.008127267 0.02968081 -0.009959887
v 0.008027763 0.02968074 -0.01062228
v 0.007987495 0.02968074 -0.0106056
v 0.008583188 0.02968081 -0.01026452
v 0.007987499 0.02968081 -0.009946121
v 0.008034846 0.02968074 -0.01063091
v 0.007976384 0.02968074 -0.0106067
v 0.008649393 0.02968081 -0.01038838
v 0.00784773 0.02968081 -0.009959887
v 0.008040109 0.02968074 -0.01064076
v 0.007965701 0.02968074 -0.01060994
v 0.008690163 0.02968081 -0.01052278
v 0.007713333 0.02968081 -0.01000066
v 0.008043349 0.02968074 -0.01065144
v 0.007955855 0.02968074 -0.0106152
v 0.008703928 0.02968081 -0.01066255
v 0.007589472 0.02968081 -0.01006686
v 0.008044443 0.02968074 -0.01066255
v 0.007947225 0.02968074 -0.01062228
v 0.008690163 0.02968081 -0.01080232
v 0.007480907 0.02968081 -0.01015596
v 0.008043349 0.02968074 -0.01067366
v 0.007940143 0.02968074 -0.01063091
v 0.008649393 0.02968081 -0.01093672
v 0.007391809 0.02968081 -0.01026452
v 0.008040109 0.02968074 -0.01068435
v 0.00793488 0.02968074 -0.01064076
v 0.008583188 0.02968081 -0.01106058
v 0.007325605 0.02968081 -0.01038838
v 0.008034846 0.02968074 -0.01069419
v 0.007931639 0.02968074 -0.01065144
v 0.008494091 0.02968081 -0.01116914
v 0.007284836 0.02968081 -0.01052278
v 0.008027763 0.02968074 -0.01070282
v 0.007930546 0.02968074 -0.01066255
v 0.008385526 0.02968081 -0.01125824
v 0.00727107 0.02968081 -0.01066255
v 0.008019133 0.02968074 -0.0107099
v 0.007931639 0.02968074 -0.01067366
v 0.008261665 0.02968081 -0.01132444
v 0.007284836 0.02968081 -0.01080232
v 0.008009288 0.02968074 -0.01071517
v 0.00793488 0.02968074 -0.01068435
v 0.008127267 0.02968081 -0.01136521
v 0.007325605 0.02968081 -0.01093672
v 0.007998604 0.02968074 -0.01071841
v 0.007940143 0.02968074 -0.01069419
v 0.007987499 0.02968081 -0.01137898
v 0.007391809 0.02968081 -0.01106058
v 0.007987495 0.02968074 -0.0107195
v 0.007947225 0.02968074 -0.01070282
v 0.00784773 0.02968081 -0.01136521
v 0.007480907 0.02968081 -0.01116914
v 0.007976384 0.02968074 -0.01071841
v 0.007955855 0.02968074 -0.0107099
v 0.007713333 0.02968081 -0.01132444
v 0.007589472 0.02968081 -0.01125824
v 0.007965701 0.02968074 -0.01071517
v 0.007987496 0.01587651 -0.01075096
v 0.008004744 0.0155945 -0.01074926
v 0.008004743 0.01587651 -0.01074926
v 0.007987496 0.0155945 -0.01075096
v 0.007970247 0.01587651 -0.01074926
v 0.007970249 0.0155945 -0.01074926
v 0.007953663 0.01587651 -0.01074423
v 0.007953664 0.0155945 -0.01074423
v 0.007938378 0.01587651 -0.01073606
v 0.007938379 0.0155945 -0.01073606
v 0.007924981 0.01587651 -0.01072507
v 0.007924982 0.0155945 -0.01072507
v 0.007913987 0.01587651 -0.01071167
v 0.007913988 0.0155945 -0.01071167
v 0.007905818 0.01587651 -0.01069639
v 0.007905818 0.0155945 -0.01069639
v 0.007900787 0.01587651 -0.0106798
v 0.007900788 0.0155945 -0.0106798
v 0.007899088 0.01587651 -0.01066255
v 0.007899089 0.0155945 -0.01066255
v 0.007900787 0.01587651 -0.0106453
v 0.007900788 0.0155945 -0.0106453
v 0.007905818 0.01587651 -0.01062872
v 0.007905818 0.0155945 -0.01062872
v 0.007913987 0.01587651 -0.01061343
v 0.007913988 0.0155945 -0.01061343
v 0.007924981 0.01587651 -0.01060004
v 0.007924982 0.0155945 -0.01060004
v 0.007938378 0.01587651 -0.01058904
v 0.007938379 0.0155945 -0.01058904
v 0.007953663 0.01587651 -0.01058087
v 0.007953664 0.0155945 -0.01058087
v 0.007970247 0.01587651 -0.01057584
v 0.007970249 0.0155945 -0.01057584
v 0.007987496 0.01587651 -0.01057414
v 0.007987496 0.0155945 -0.01057414
v 0.008004743 0.01587651 -0.01057584
v 0.008004744 0.0155945 -0.01057584
v 0.008021328 0.01587651 -0.01058087
v 0.008021329 0.0155945 -0.01058087
v 0.008036613 0.01587651 -0.01058904
v 0.008036613 0.0155945 -0.01058904
v 0.008050009 0.01587651 -0.01060004
v 0.00805001 0.0155945 -0.01060004
v 0.008061004 0.01587651 -0.01061343
v 0.008061005 0.0155945 -0.01061343
v 0.008069173 0.01587651 -0.01062872
v 0.008069174 0.0155945 -0.01062872
v 0.008074204 0.01587651 -0.0106453
v 0.008074205 0.0155945 -0.0106453
v 0.008075903 0.01587651 -0.01066255
v 0.008075904 0.0155945 -0.01066255
v 0.008074204 0.01587651 -0.0106798
v 0.008074205 0.0155945 -0.0106798
v 0.008069173 0.01587651 -0.01069639
v 0.008069174 0.0155945 -0.01069639
v 0.008061004 0.01587651 -0.01071167
v 0.008061005 0.0155945 -0.01071167
v 0.008050009 0.01587651 -0.01072507
v 0.00805001 0.0155945 -0.01072507
v 0.008036613 0.01587651 -0.01073606
v 0.008036613 0.0155945 -0.01073606
v 0.008021328 0.01587651 -0.01074423
v 0.008021329 0.0155945 -0.01074423
v 0.008004743 0.01587651 -0.01074926
v 0.008004744 0.0155945 -0.01074926
v 0.007987496 0.0155945 -0.01075096
v 0.008046851 0.01538465 -0.01096092
v 0.008004744 0.0155945 -0.01074926
v 0.007987501 0.01538465 -0.01096677
v 0.007970249 0.0155945 -0.01074926
v 0.007928152 0.01538465 -0.01096092
v 0.007953664 0.0155945 -0.01074423
v 0.007871083 0.01538465 -0.01094361
v 0.007938379 0.0155945 -0.01073606
v 0.007818487 0.01538465 -0.0109155
v 0.007924982 0.0155945 -0.01072507
v 0.007772388 0.01538465 -0.01087767
v 0.007913988 0.0155945 -0.01071167
v 0.007734555 0.01538465 -0.01083157
v 0.007905818 0.0155945 -0.01069639
v 0.007706442 0.01538465 -0.01077897
v 0.007900788 0.0155945 -0.0106798
v 0.007689131 0.01538465 -0.0107219
v 0.007899089 0.0155945 -0.01066255
v 0.007683286 0.01538465 -0.01066255
v 0.007900788 0.0155945 -0.0106453
v 0.007689131 0.01538465 -0.0106032
v 0.007905818 0.0155945 -0.01062872
v 0.007706442 0.01538465 -0.01054613
v 0.007913988 0.0155945 -0.01061343
v 0.007734555 0.01538465 -0.01049354
v 0.007924982 0.0155945 -0.01060004
v 0.007772388 0.01538465 -0.01044744
v 0.007938379 0.0155945 -0.01058904
v 0.007818487 0.01538465 -0.01040961
v 0.007953664 0.0155945 -0.01058087
v 0.007871083 0.01538465 -0.01038149
v 0.007970249 0.0155945 -0.01057584
v 0.007928152 0.01538465 -0.01036418
v 0.007987496 0.0155945 -0.01057414
v 0.007987501 0.01538465 -0.01035834
v 0.008004744 0.0155945 -0.01057584
v 0.008046851 0.01538465 -0.01036418
v 0.008021329 0.0155945 -0.01058087
v 0.008103919 0.01538465 -0.01038149
v 0.008036613 0.0155945 -0.01058904
v 0.008156514 0.01538465 -0.01040961
v 0.00805001 0.0155945 -0.01060004
v 0.008202614 0.01538465 -0.01044744
v 0.008061005 0.0155945 -0.01061343
v 0.008240446 0.01538465 -0.01049354
v 0.008069174 0.0155945 -0.01062872
v 0.008268559 0.01538465 -0.01054613
v 0.008074205 0.0155945 -0.0106453
v 0.008285871 0.01538465 -0.0106032
v 0.008075904 0.0155945 -0.01066255
v 0.008291717 0.01538465 -0.01066255
v 0.008074205 0.0155945 -0.0106798
v 0.008285871 0.01538465 -0.0107219
v 0.008069174 0.0155945 -0.01069639
v 0.008268559 0.01538465 -0.01077897
v 0.008061005 0.0155945 -0.01071167
v 0.008240446 0.01538465 -0.01083157
v 0.00805001 0.0155945 -0.01072507
v 0.008202614 0.01538465 -0.01087767
v 0.008036613 0.0155945 -0.01073606
v 0.008156514 0.01538465 -0.0109155
v 0.008021329 0.0155945 -0.01074423
v 0.008103919 0.01538465 -0.01094361
v 0.008004744 0.0155945 -0.01074926
v 0.008046851 0.01538465 -0.01096092
v 0.007987501 0.01538465 -0.01096677
v 0.008046852 0.01465011 -0.01096092
v 0.008046851 0.01538465 -0.01096092
v 0.007987503 0.01465011 -0.01096677
v 0.007928152 0.01538465 -0.01096092
v 0.007928153 0.01465011 -0.01096092
v 0.007871083 0.01538465 -0.01094361
v 0.007871084 0.01465011 -0.01094361
v 0.007818487 0.01538465 -0.0109155
v 0.007818489 0.01465011 -0.0109155
v 0.007772388 0.01538465 -0.01087767
v 0.007772389 0.01465011 -0.01087767
v 0.007734555 0.01538465 -0.01083157
v 0.007734556 0.01465011 -0.01083157
v 0.007706442 0.01538465 -0.01077897
v 0.007706443 0.01465011 -0.01077897
v 0.007689131 0.01538465 -0.0107219
v 0.007689132 0.01465011 -0.0107219
v 0.007683286 0.01538465 -0.01066255
v 0.007683286 0.01465011 -0.01066255
v 0.007689131 0.01538465 -0.0106032
v 0.007689132 0.01465011 -0.0106032
v 0.007706442 0.01538465 -0.01054613
v 0.007706443 0.01465011 -0.01054613
v 0.007734555 0.01538465 -0.01049354
v 0.007734556 0.01465011 -0.01049354
v 0.007772388 0.01538465 -0.01044744
v 0.007772389 0.01465011 -0.01044744
v 0.007818487 0.01538465 -0.01040961
v 0.007818489 0.01465011 -0.01040961
v 0.007871083 0.01538465 -0.01038149
v 0.007871084 0.01465011 -0.01038149
v 0.007928152 0.01538465 -0.01036418
v 0.007928153 0.01465011 -0.01036418
v 0.007987501 0.01538465 -0.01035834
v 0.007987503 0.01465011 -0.01035834
v 0.008046851 0.01538465 -0.01036418
v 0.008046852 0.01465011 -0.01036418
v 0.008103919 0.01538465 -0.01038149
v 0.008103921 0.01465011 -0.01038149
v 0.008156514 0.01538465 -0.01040961
v 0.008156516 0.01465011 -0.01040961
v 0.008202614 0.01538465 -0.01044744
v 0.008202615 0.01465011 -0.01044744
v 0.008240446 0.01538465 -0.01049354
v 0.008240448 0.01465011 -0.01049354
v 0.008268559 0.01538465 -0.01054613
v 0.008268561 0.01465011 -0.01054613
v 0.008285871 0.01538465 -0.0106032
v 0.008285873 0.01465011 -0.0106032
v 0.008291717 0.01538465 -0.01066255
v 0.008291719 0.01465011 -0.01066255
v 0.008285871 0.01538465 -0.0107219
v 0.008285873 0.01465011 -0.0107219
v 0.008268559 0.01538465 -0.01077897
v 0.008268561 0.01465011 -0.01077897
v 0.008240446 0.01538465 -0.01083157
v 0.008240448 0.01465011 -0.01083157
v 0.008202614 0.01538465 -0.01087767
v 0.008202615 0.01465011 -0.01087767
v 0.008156514 0.01538465 -0.0109155
v 0.008156516 0.01465011 -0.0109155
v 0.008103919 0.01538465 -0.01094361
v 0.008103921 0.01465011 -0.01094361
v 0.008046851 0.01538465 -0.01096092
v 0.008046852 0.01465011 -0.01096092
v 0.007987503 0.01465011 -0.01096677
v 0.00838682 0.01417133 -0.01270148
v 0.008046852 0.01465011 -0.01096092
v 0.007980105 0.01417133 -0.01274154
v 0.007928153 0.01465011 -0.01096092
v 0.007573389 0.01417133 -0.01270148
v 0.007871084 0.01465011 -0.01094361
v 0.007182303 0.01417133 -0.01258285
v 0.007818489 0.01465011 -0.0109155
v 0.006821876 0.01417133 -0.01239019
v 0.007772389 0.01465011 -0.01087767
v 0.00650596 0.01417133 -0.01213093
v 0.007734556 0.01465011 -0.01083157
v 0.006246693 0.01417133 -0.01181501
v 0.007706443 0.01465011 -0.01077897
v 0.006054041 0.01417133 -0.01145458
v 0.007689132 0.01465011 -0.0107219
v 0.005935407 0.01417133 -0.0110635
v 0.007683286 0.01465011 -0.01066255
v 0.005895348 0.01417133 -0.01065678
v 0.007689132 0.01465011 -0.0106032
v 0.005935407 0.01417133 -0.01025007
v 0.007706443 0.01465011 -0.01054613
v 0.006054041 0.01417133 -0.009858981
v 0.007734556 0.01465011 -0.01049354
v 0.006246693 0.01417133 -0.009498554
v 0.007772389 0.01465011 -0.01044744
v 0.00650596 0.01417133 -0.009182638
v 0.007818489 0.01465011 -0.01040961
v 0.006821876 0.01417133 -0.008923371
v 0.007871084 0.01465011 -0.01038149
v 0.007182303 0.01417133 -0.00873072
v 0.007928153 0.01465011 -0.01036418
v 0.007573389 0.01417133 -0.008612085
v 0.007987503 0.01465011 -0.01035834
v 0.007980105 0.01417133 -0.008572027
v 0.008046852 0.01465011 -0.01036418
v 0.00838682 0.01417133 -0.008612085
v 0.008103921 0.01465011 -0.01038149
v 0.008777906 0.01417133 -0.00873072
v 0.008156516 0.01465011 -0.01040961
v 0.009138333 0.01417133 -0.008923371
v 0.008202615 0.01465011 -0.01044744
v 0.00945425 0.01417133 -0.009182638
v 0.008240448 0.01465011 -0.01049354
v 0.009713516 0.01417133 -0.009498555
v 0.008268561 0.01465011 -0.01054613
v 0.009906168 0.01417133 -0.009858981
v 0.008285873 0.01465011 -0.0106032
v 0.0100248 0.01417133 -0.01025007
v 0.008291719 0.01465011 -0.01066255
v 0.01006486 0.01417133 -0.01065678
v 0.008285873 0.01465011 -0.0107219
v 0.0100248 0.01417133 -0.0110635
v 0.008268561 0.01465011 -0.01077897
v 0.009906168 0.01417133 -0.01145458
v 0.008240448 0.01465011 -0.01083157
v 0.009713516 0.01417133 -0.01181501
v 0.008202615 0.01465011 -0.01087767
v 0.009454248 0.01417133 -0.01213093
v 0.008156516 0.01465011 -0.0109155
v 0.009138333 0.01417133 -0.01239019
v 0.008103921 0.01465011 -0.01094361
v 0.008777906 0.01417133 -0.01258285
v 0.008046852 0.01465011 -0.01096092
v 0.00838682 0.01417133 -0.01270148
v 0.007980105 0.01417133 -0.01274154
v 0.00838682 0.01409132 -0.01270148
v 0.00838682 0.01417133 -0.01270148
v 0.007980105 0.01409132 -0.01274154
v 0.007573389 0.01417133 -0.01270148
v 0.007573389 0.01409132 -0.01270148
v 0.007182303 0.01417133 -0.01258285
v 0.007182303 0.01409132 -0.01258285
v 0.006821876 0.01417133 -0.01239019
v 0.006821876 0.01409132 -0.01239019
v 0.00650596 0.01417133 -0.01213093
v 0.00650596 0.01409132 -0.01213093
v 0.006246693 0.01417133 -0.01181501
v 0.006246693 0.01409132 -0.01181501
v 0.006054041 0.01417133 -0.01145458
v 0.006054041 0.01409132 -0.01145458
v 0.005935407 0.01417133 -0.0110635
v 0.005935407 0.01409132 -0.0110635
v 0.005895348 0.01417133 -0.01065678
v 0.005895348 0.01409132 -0.01065678
v 0.005935407 0.01417133 -0.01025007
v 0.005935407 0.01409132 -0.01025007
v 0.006054041 0.01417133 -0.009858981
v 0.006054041 0.01409132 -0.009858981
v 0.006246693 0.01417133 -0.009498554
v 0.006246693 0.01409132 -0.009498554
v 0.00650596 0.01417133 -0.009182638
v 0.00650596 0.01409132 -0.009182638
v 0.006821876 0.01417133 -0.008923371
v 0.006821876 0.01409132 -0.008923371
v 0.007182303 0.01417133 -0.00873072
v 0.007182303 0.01409132 -0.00873072
v 0.007573389 0.01417133 -0.008612085
v 0.007573389 0.01409132 -0.008612085
v 0.007980105 0.01417133 -0.008572027
v 0.007980105 0.01409132 -0.008572027
v 0.00838682 0.01417133 -0.008612085
v 0.00838682 0.01409132 -0.008612085
v 0.008777906 0.01417133 -0.00873072
v 0.008777906 0.01409132 -0.00873072
v 0.009138333 0.01417133 -0.008923371
v 0.009138333 0.01409132 -0.008923371
v 0.00945425 0.01417133 -0.009182638
v 0.00945425 0.01409132 -0.009182638
v 0.009713516 0.01417133 -0.009498555
v 0.009713516 0.01409132 -0.009498555
v 0.009906168 0.01417133 -0.009858981
v 0.009906168 0.01409132 -0.009858981
v 0.0100248 0.01417133 -0.01025007
v 0.0100248 0.01409132 -0.01025007
v 0.01006486 0.01417133 -0.01065678
v 0.01006486 0.01409132 -0.01065678
v 0.0100248 0.01417133 -0.0110635
v 0.0100248 0.01409132 -0.0110635
v 0.009906168 0.01417133 -0.01145458
v 0.009906168 0.01409132 -0.01145458
v 0.009713516 0.01417133 -0.01181501
v 0.009713516 0.01409132 -0.01181501
v 0.009454248 0.01417133 -0.01213093
v 0.009454248 0.01409132 -0.01213093
v 0.009138333 0.01417133 -0.01239019
v 0.009138333 0.01409132 -0.01239019
v 0.008777906 0.01417133 -0.01258285
v 0.008777906 0.01409132 -0.01258285
v 0.00838682 0.01417133 -0.01270148
v 0.00838682 0.01409132 -0.01270148
v 0.007987496 0.01587651 0.003842331
v 0.008004744 0.0155945 0.00384403
v 0.008004743 0.01587651 0.00384403
v 0.007987496 0.0155945 0.003842331
v 0.007970247 0.01587651 0.00384403
v 0.007970249 0.0155945 0.00384403
v 0.007953663 0.01587651 0.003849061
v 0.007953664 0.0155945 0.003849061
v 0.007938378 0.01587651 0.00385723
v 0.007938379 0.0155945 0.00385723
v 0.007924981 0.01587651 0.003868225
v 0.007924982 0.0155945 0.003868225
v 0.007913987 0.01587651 0.003881621
v 0.007913988 0.0155945 0.003881621
v 0.007905818 0.01587651 0.003896906
v 0.007905818 0.0155945 0.003896906
v 0.007900787 0.01587651 0.003913492
v 0.007900788 0.0155945 0.003913492
v 0.007899088 0.01587651 0.003930738
v 0.007899089 0.0155945 0.003930738
v 0.007900787 0.01587651 0.003947985
v 0.007900788 0.0155945 0.003947985
v 0.007905818 0.01587651 0.003964571
v 0.007905818 0.0155945 0.003964571
v 0.007913987 0.01587651 0.003979856
v 0.007913988 0.0155945 0.003979856
v 0.007924981 0.01587651 0.003993252
v 0.007924982 0.0155945 0.003993252
v 0.007938378 0.01587651 0.004004247
v 0.007938379 0.0155945 0.004004247
v 0.007953663 0.01587651 0.004012417
v 0.007953664 0.0155945 0.004012417
v 0.007970247 0.01587651 0.004017447
v 0.007970249 0.0155945 0.004017447
v 0.007987496 0.01587651 0.004019146
v 0.007987496 0.0155945 0.004019146
v 0.008004743 0.01587651 0.004017447
v 0.008004744 0.0155945 0.004017447
v 0.008021328 0.01587651 0.004012417
v 0.008021329 0.0155945 0.004012417
v 0.008036613 0.01587651 0.004004247
v 0.008036613 0.0155945 0.004004247
v 0.008050009 0.01587651 0.003993252
v 0.00805001 0.0155945 0.003993252
v 0.008061004 0.01587651 0.003979856
v 0.008061005 0.0155945 0.003979856
v 0.008069173 0.01587651 0.003964571
v 0.008069174 0.0155945 0.003964571
v 0.008074204 0.01587651 0.003947985
v 0.008074205 0.0155945 0.003947985
v 0.008075903 0.01587651 0.003930738
v 0.008075904 0.0155945 0.003930738
v 0.008074204 0.01587651 0.003913492
v 0.008074205 0.0155945 0.003913492
v 0.008069173 0.01587651 0.003896906
v 0.008069174 0.0155945 0.003896906
v 0.008061004 0.01587651 0.003881621
v 0.008061005 0.0155945 0.003881621
v 0.008050009 0.01587651 0.003868225
v 0.00805001 0.0155945 0.003868225
v 0.008036613 0.01587651 0.00385723
v 0.008036613 0.0155945 0.00385723
v 0.008021328 0.01587651 0.003849061
v 0.008021329 0.0155945 0.003849061
v 0.008004743 0.01587651 0.00384403
v 0.008004744 0.0155945 0.00384403
v 0.007987496 0.0155945 0.003842331
v 0.008046851 0.01538465 0.003632368
v 0.008004744 0.0155945 0.00384403
v 0.007987501 0.01538465 0.003626523
v 0.007970249 0.0155945 0.00384403
v 0.007928152 0.01538465 0.003632368
v 0.007953664 0.0155945 0.003849061
v 0.007871083 0.01538465 0.003649679
v 0.007938379 0.0155945 0.00385723
v 0.007818487 0.01538465 0.003677792
v 0.007924982 0.0155945 0.003868225
v 0.007772388 0.01538465 0.003715625
v 0.007913988 0.0155945 0.003881621
v 0.007734555 0.01538465 0.003761725
v 0.007905818 0.0155945 0.003896906
v 0.007706442 0.01538465 0.003814321
v 0.007900788 0.0155945 0.003913492
v 0.007689131 0.01538465 0.003871388
v 0.007899089 0.0155945 0.003930738
v 0.007683286 0.01538465 0.003930738
v 0.007900788 0.0155945 0.003947985
v 0.007689131 0.01538465 0.003990089
v 0.007905818 0.0155945 0.003964571
v 0.007706442 0.01538465 0.004047156
v 0.007913988 0.0155945 0.003979856
v 0.007734555 0.01538465 0.004099752
v 0.007924982 0.0155945 0.003993252
v 0.007772388 0.01538465 0.004145852
v 0.007938379 0.0155945 0.004004247
v 0.007818487 0.01538465 0.004183684
v 0.007953664 0.0155945 0.004012417
v 0.007871083 0.01538465 0.004211798
v 0.007970249 0.0155945 0.004017447
v 0.007928152 0.01538465 0.004229109
v 0.007987496 0.0155945 0.004019146
v 0.007987501 0.01538465 0.004234954
v 0.008004744 0.0155945 0.004017447
v 0.008046851 0.01538465 0.004229109
v 0.008021329 0.0155945 0.004012417
v 0.008103919 0.01538465 0.004211798
v 0.008036613 0.0155945 0.004004247
v 0.008156514 0.01538465 0.004183684
v 0.00805001 0.0155945 0.003993252
v 0.008202614 0.01538465 0.004145852
v 0.008061005 0.0155945 0.003979856
v 0.008240446 0.01538465 0.004099752
v 0.008069174 0.0155945 0.003964571
v 0.008268559 0.01538465 0.004047156
v 0.008074205 0.0155945 0.003947985
v 0.008285871 0.01538465 0.003990089
v 0.008075904 0.0155945 0.003930738
v 0.008291717 0.01538465 0.003930738
v 0.008074205 0.0155945 0.003913492
v 0.008285871 0.01538465 0.003871388
v 0.008069174 0.0155945 0.003896906
v 0.008268559 0.01538465 0.003814321
v 0.008061005 0.0155945 0.003881621
v 0.008240446 0.01538465 0.003761725
v 0.00805001 0.0155945 0.003868225
v 0.008202614 0.01538465 0.003715625
v 0.008036613 0.0155945 0.00385723
v 0.008156514 0.01538465 0.003677792
v 0.008021329 0.0155945 0.003849061
v 0.008103919 0.01538465 0.003649679
v 0.008004744 0.0155945 0.00384403
v 0.008046851 0.01538465 0.003632368
v 0.007987501 0.01538465 0.003626523
v 0.008046852 0.01465011 0.003632368
v 0.008046851 0.01538465 0.003632368
v 0.007987503 0.01465011 0.003626523
v 0.007928152 0.01538465 0.003632368
v 0.007928153 0.01465011 0.003632368
v 0.007871083 0.01538465 0.003649679
v 0.007871084 0.01465011 0.003649679
v 0.007818487 0.01538465 0.003677792
v 0.007818489 0.01465011 0.003677792
v 0.007772388 0.01538465 0.003715625
v 0.007772389 0.01465011 0.003715625
v 0.007734555 0.01538465 0.003761725
v 0.007734556 0.01465011 0.003761725
v 0.007706442 0.01538465 0.003814321
v 0.007706443 0.01465011 0.003814321
v 0.007689131 0.01538465 0.003871388
v 0.007689132 0.01465011 0.003871388
v 0.007683286 0.01538465 0.003930738
v 0.007683286 0.01465011 0.003930738
v 0.007689131 0.01538465 0.003990089
v 0.007689132 0.01465011 0.003990089
v 0.007706442 0.01538465 0.004047156
v 0.007706443 0.01465011 0.004047156
v 0.007734555 0.01538465 0.004099752
v 0.007734556 0.01465011 0.004099752
v 0.007772388 0.01538465 0.004145852
v 0.007772389 0.01465011 0.004145852
v 0.007818487 0.01538465 0.004183684
v 0.007818489 0.01465011 0.004183684
v 0.007871083 0.01538465 0.004211798
v 0.007871084 0.01465011 0.004211798
v 0.007928152 0.01538465 0.004229109
v 0.007928153 0.01465011 0.004229109
v 0.007987501 0.01538465 0.004234954
v 0.007987503 0.01465011 0.004234954
v 0.008046851 0.01538465 0.004229109
v 0.008046852 0.01465011 0.004229109
v 0.008103919 0.01538465 0.004211798
v 0.008103921 0.01465011 0.004211798
v 0.008156514 0.01538465 0.004183684
v 0.008156516 0.01465011 0.004183684
v 0.008202614 0.01538465 0.004145852
v 0.008202615 0.01465011 0.004145852
v 0.008240446 0.01538465 0.004099752
v 0.008240448 0.01465011 0.004099752
v 0.008268559 0.01538465 0.004047156
v 0.008268561 0.01465011 0.004047156
v 0.008285871 0.01538465 0.003990089
v 0.008285873 0.01465011 0.003990089
v 0.008291717 0.01538465 0.003930738
v 0.008291719 0.01465011 0.003930738
v 0.008285871 0.01538465 0.003871388
v 0.008285873 0.01465011 0.003871388
v 0.008268559 0.01538465 0.003814321
v 0.008268561 0.01465011 0.003814321
v 0.008240446 0.01538465 0.003761725
v 0.008240448 0.01465011 0.003761725
v 0.008202614 0.01538465 0.003715625
v 0.008202615 0.01465011 0.003715625
v 0.008156514 0.01538465 0.003677792
v 0.008156516 0.01465011 0.003677792
v 0.008103919 0.01538465 0.003649679
v 0.008103921 0.01465011 0.003649679
v 0.008046851 0.01538465 0.003632368
v 0.008046852 0.01465011 0.003632368
v 0.007987503 0.01465011 0.003626523
v 0.00838682 0.01417133 0.001891808
v 0.008046852 0.01465011 0.003632368
v 0.007980105 0.01417133 0.001851752
v 0.007928153 0.01465011 0.003632368
v 0.007573389 0.01417133 0.001891808
v 0.007871084 0.01465011 0.003649679
v 0.007182303 0.01417133 0.002010443
v 0.007818489 0.01465011 0.003677792
v 0.006821876 0.01417133 0.002203096
v 0.007772389 0.01465011 0.003715625
v 0.00650596 0.01417133 0.002462362
v 0.007734556 0.01465011 0.003761725
v 0.006246693 0.01417133 0.00277828
v 0.007706443 0.01465011 0.003814321
v 0.006054041 0.01417133 0.003138705
v 0.007689132 0.01465011 0.003871388
v 0.005935407 0.01417133 0.003529792
v 0.007683286 0.01465011 0.003930738
v 0.005895348 0.01417133 0.003936508
v 0.007689132 0.01465011 0.003990089
v 0.005935407 0.01417133 0.004343223
v 0.007706443 0.01465011 0.004047156
v 0.006054041 0.01417133 0.00473431
v 0.007734556 0.01465011 0.004099752
v 0.006246693 0.01417133 0.005094735
v 0.007772389 0.01465011 0.004145852
v 0.00650596 0.01417133 0.005410652
v 0.007818489 0.01465011 0.004183684
v 0.006821876 0.01417133 0.005669919
v 0.007871084 0.01465011 0.004211798
v 0.007182303 0.01417133 0.005862571
v 0.007928153 0.01465011 0.004229109
v 0.007573389 0.01417133 0.005981205
v 0.007987503 0.01465011 0.004234954
v 0.007980105 0.01417133 0.006021264
v 0.008046852 0.01465011 0.004229109
v 0.00838682 0.01417133 0.005981205
v 0.008103921 0.01465011 0.004211798
v 0.008777906 0.01417133 0.005862571
v 0.008156516 0.01465011 0.004183684
v 0.009138333 0.01417133 0.005669919
v 0.008202615 0.01465011 0.004145852
v 0.00945425 0.01417133 0.005410652
v 0.008240448 0.01465011 0.004099752
v 0.009713516 0.01417133 0.005094735
v 0.008268561 0.01465011 0.004047156
v 0.009906168 0.01417133 0.00473431
v 0.008285873 0.01465011 0.003990089
v 0.0100248 0.01417133 0.004343223
v 0.008291719 0.01465011 0.003930738
v 0.01006486 0.01417133 0.003936508
v 0.008285873 0.01465011 0.003871388
v 0.0100248 0.01417133 0.003529792
v 0.008268561 0.01465011 0.003814321
v 0.009906168 0.01417133 0.003138705
v 0.008240448 0.01465011 0.003761725
v 0.009713516 0.01417133 0.002778278
v 0.008202615 0.01465011 0.003715625
v 0.009454248 0.01417133 0.002462362
v 0.008156516 0.01465011 0.003677792
v 0.009138333 0.01417133 0.002203097
v 0.008103921 0.01465011 0.003649679
v 0.008777906 0.01417133 0.002010443
v 0.008046852 0.01465011 0.003632368
v 0.00838682 0.01417133 0.001891808
v 0.007980105 0.01417133 0.001851752
v 0.00838682 0.01409132 0.001891808
v 0.00838682 0.01417133 0.001891808
v 0.007980105 0.01409132 0.001851752
v 0.007573389 0.01417133 0.001891808
v 0.007573389 0.01409132 0.001891808
v 0.007182303 0.01417133 0.002010443
v 0.007182303 0.01409132 0.002010443
v 0.006821876 0.01417133 0.002203096
v 0.006821876 0.01409132 0.002203096
v 0.00650596 0.01417133 0.002462362
v 0.00650596 0.01409132 0.002462362
v 0.006246693 0.01417133 0.00277828
v 0.006246693 0.01409132 0.00277828
v 0.006054041 0.01417133 0.003138705
v 0.006054041 0.01409132 0.003138705
v 0.005935407 0.01417133 0.003529792
v 0.005935407 0.01409132 0.003529792
v 0.005895348 0.01417133 0.003936508
v 0.005895348 0.01409132 0.003936508
v 0.005935407 0.01417133 0.004343223
v 0.005935407 0.01409132 0.004343223
v 0.006054041 0.01417133 0.00473431
v 0.006054041 0.01409132 0.00473431
v 0.006246693 0.01417133 0.005094735
v 0.006246693 0.01409132 0.005094735
v 0.00650596 0.01417133 0.005410652
v 0.00650596 0.01409132 0.005410652
v 0.006821876 0.01417133 0.005669919
v 0.006821876 0.01409132 0.005669919
v 0.007182303 0.01417133 0.005862571
v 0.007182303 0.01409132 0.005862571
v 0.007573389 0.01417133 0.005981205
v 0.007573389 0.01409132 0.005981205
v 0.007980105 0.01417133 0.006021264
v 0.007980105 0.01409132 0.006021264
v 0.00838682 0.01417133 0.005981205
v 0.00838682 0.01409132 0.005981205
v 0.008777906 0.01417133 0.005862571
v 0.008777906 0.01409132 0.005862571
v 0.009138333 0.01417133 0.005669919
v 0.009138333 0.01409132 0.005669919
v 0.00945425 0.01417133 0.005410652
v 0.00945425 0.01409132 0.005410652
v 0.009713516 0.01417133 0.005094735
v 0.009713516 0.01409132 0.005094735
v 0.009906168 0.01417133 0.00473431
v 0.009906168 0.01409132 0.00473431
v 0.0100248 0.01417133 0.004343223
v 0.0100248 0.01409132 0.004343223
v 0.01006486 0.01417133 0.003936508
v 0.01006486 0.01409132 0.003936508
v 0.0100248 0.01417133 0.003529792
v 0.0100248 0.01409132 0.003529792
v 0.009906168 0.01417133 0.003138705
v 0.009906168 0.01409132 0.003138705
v 0.009713516 0.01417133 0.002778278
v 0.009713516 0.01409132 0.002778278
v 0.009454248 0.01417133 0.002462362
v 0.009454248 0.01409132 0.002462362
v 0.009138333 0.01417133 0.002203097
v 0.009138333 0.01409132 0.002203097
v 0.008777906 0.01417133 0.002010443
v 0.008777906 0.01409132 0.002010443
v 0.00838682 0.01417133 0.001891808
v 0.00838682 0.01409132 0.001891808
v 0.007987495 0.01587651 0.003987688
v 0.007970247 0.01587651 0.004017447
v 0.007976384 0.01587651 0.003986593
v 0.007987496 0.01587651 0.004019146
v 0.007953663 0.01587651 0.004012417
v 0.007998604 0.01587651 0.003986593
v 0.007965701 0.01587651 0.003983352
v 0.008004743 0.01587651 0.004017447
v 0.007938378 0.01587651 0.004004247
v 0.008009288 0.01587651 0.003983352
v 0.007955855 0.01587651 0.00397809
v 0.008021328 0.01587651 0.004012417
v 0.007924981 0.01587651 0.003993252
v 0.008019133 0.01587651 0.00397809
v 0.007947225 0.01587651 0.003971007
v 0.008036613 0.01587651 0.004004247
v 0.007913987 0.01587651 0.003979856
v 0.008027763 0.01587651 0.003971007
v 0.007940143 0.01587651 0.003962377
v 0.008050009 0.01587651 0.003993252
v 0.007905818 0.01587651 0.003964571
v 0.008034846 0.01587651 0.003962377
v 0.00793488 0.01587651 0.003952532
v 0.008061004 0.01587651 0.003979856
v 0.007900787 0.01587651 0.003947985
v 0.008040109 0.01587651 0.003952532
v 0.007931639 0.01587651 0.003941848
v 0.008069173 0.01587651 0.003964571
v 0.007899088 0.01587651 0.003930738
v 0.008043349 0.01587651 0.003941848
v 0.007930546 0.01587651 0.003930738
v 0.008074204 0.01587651 0.003947985
v 0.007900787 0.01587651 0.003913492
v 0.008044443 0.01587651 0.003930738
v 0.007931639 0.01587651 0.003919629
v 0.008075903 0.01587651 0.003930738
v 0.007905818 0.01587651 0.003896906
v 0.008043349 0.01587651 0.003919629
v 0.00793488 0.01587651 0.003908945
v 0.008074204 0.01587651 0.003913492
v 0.007913987 0.01587651 0.003881621
v 0.008040109 0.01587651 0.003908945
v 0.007940143 0.01587651 0.0038991
v 0.008069173 0.01587651 0.003896906
v 0.007924981 0.01587651 0.003868225
v 0.008034846 0.01587651 0.0038991
v 0.007947225 0.01587651 0.003890469
v 0.008061004 0.01587651 0.003881621
v 0.007938378 0.01587651 0.00385723
v 0.008027763 0.01587651 0.003890469
v 0.007955855 0.01587651 0.003883387
v 0.008050009 0.01587651 0.003868225
v 0.007953663 0.01587651 0.003849061
v 0.008019133 0.01587651 0.003883387
v 0.007965701 0.01587651 0.003878125
v 0.008036613 0.01587651 0.00385723
v 0.007970247 0.01587651 0.00384403
v 0.008009288 0.01587651 0.003878125
v 0.007976384 0.01587651 0.003874884
v 0.008021328 0.01587651 0.003849061
v 0.007987496 0.01587651 0.003842331
v 0.007998604 0.01587651 0.003874884
v 0.007987495 0.01587651 0.003873789
v 0.008004743 0.01587651 0.00384403
v 0.007987495 0.01587651 -0.0106056
v 0.007970247 0.01587651 -0.01057584
v 0.007976384 0.01587651 -0.0106067
v 0.007987496 0.01587651 -0.01057414
v 0.007953663 0.01587651 -0.01058087
v 0.007998604 0.01587651 -0.0106067
v 0.007965701 0.01587651 -0.01060994
v 0.008004743 0.01587651 -0.01057584
v 0.007938378 0.01587651 -0.01058904
v 0.008009288 0.01587651 -0.01060994
v 0.007955855 0.01587651 -0.0106152
v 0.008021328 0.01587651 -0.01058087
v 0.007924981 0.01587651 -0.01060004
v 0.008019133 0.01587651 -0.0106152
v 0.007947225 0.01587651 -0.01062228
v 0.008036613 0.01587651 -0.01058904
v 0.007913987 0.01587651 -0.01061343
v 0.008027763 0.01587651 -0.01062228
v 0.007940143 0.01587651 -0.01063091
v 0.008050009 0.01587651 -0.01060004
v 0.007905818 0.01587651 -0.01062872
v 0.008034846 0.01587651 -0.01063091
v 0.00793488 0.01587651 -0.01064076
v 0.008061004 0.01587651 -0.01061343
v 0.007900787 0.01587651 -0.0106453
v 0.008040109 0.01587651 -0.01064076
v 0.007931639 0.01587651 -0.01065144
v 0.008069173 0.01587651 -0.01062872
v 0.007899088 0.01587651 -0.01066255
v 0.008043349 0.01587651 -0.01065144
v 0.007930546 0.01587651 -0.01066255
v 0.008074204 0.01587651 -0.0106453
v 0.007900787 0.01587651 -0.0106798
v 0.008044443 0.01587651 -0.01066255
v 0.007931639 0.01587651 -0.01067366
v 0.008075903 0.01587651 -0.01066255
v 0.007905818 0.01587651 -0.01069639
v 0.008043349 0.01587651 -0.01067366
v 0.00793488 0.01587651 -0.01068435
v 0.008074204 0.01587651 -0.0106798
v 0.007913987 0.01587651 -0.01071167
v 0.008040109 0.01587651 -0.01068435
v 0.007940143 0.01587651 -0.01069419
v 0.008069173 0.01587651 -0.01069639
v 0.007924981 0.01587651 -0.01072507
v 0.008034846 0.01587651 -0.01069419
v 0.007947225 0.01587651 -0.01070282
v 0.008061004 0.01587651 -0.01071167
v 0.007938378 0.01587651 -0.01073606
v 0.008027763 0.01587651 -0.01070282
v 0.007955855 0.01587651 -0.0107099
v 0.008050009 0.01587651 -0.01072507
v 0.007953663 0.01587651 -0.01074423
v 0.008019133 0.01587651 -0.0107099
v 0.007965701 0.01587651 -0.01071517
v 0.008036613 0.01587651 -0.01073606
v 0.007970247 0.01587651 -0.01074926
v 0.008009288 0.01587651 -0.01071517
v 0.007976384 0.01587651 -0.01071841
v 0.008021328 0.01587651 -0.01074423
v 0.007987496 0.01587651 -0.01075096
v 0.007998604 0.01587651 -0.01071841
v 0.007987495 0.01587651 -0.0107195
v 0.008004743 0.01587651 -0.01074926
v 0.007913482 0.01430282 -0.01103465
v 0.007932439 0.01466518 -0.01093935
v 0.007879496 0.01466518 -0.01092329
v 0.007842313 0.01430282 -0.01101306
v 0.007830703 0.01466518 -0.01089721
v 0.007814032 0.01411148 -0.01108134
v 0.007899066 0.01411148 -0.01110713
v 0.007776721 0.01430282 -0.010978
v 0.007787935 0.01466518 -0.01086211
v 0.007735664 0.01411148 -0.01103945
v 0.007803347 0.01401944 -0.01110713
v 0.007893618 0.01401944 -0.01113451
v 0.00771923 0.01430282 -0.01093082
v 0.007752838 0.01466518 -0.01081935
v 0.007666974 0.01411148 -0.01098308
v 0.007720152 0.01401944 -0.01106266
v 0.007799739 0.01392372 -0.01111584
v 0.00789178 0.01392372 -0.01114376
v 0.007672049 0.01430282 -0.01087333
v 0.007726757 0.01466518 -0.01077055
v 0.007610602 0.01411148 -0.01091439
v 0.007647232 0.01401944 -0.01100282
v 0.007714915 0.01392372 -0.0110705
v 0.007803347 0.013828 -0.01110713
v 0.007893618 0.013828 -0.01113451
v 0.00763699 0.01430282 -0.01080774
v 0.007710698 0.01466518 -0.01071761
v 0.007568714 0.01411148 -0.01083602
v 0.007587387 0.01401944 -0.0109299
v 0.007640566 0.01392372 -0.01100948
v 0.007720152 0.013828 -0.01106266
v 0.0076154 0.01430282 -0.01073657
v 0.007705275 0.01466518 -0.01066255
v 0.007542919 0.01411148 -0.01075098
v 0.007542919 0.01401944 -0.0108467
v 0.007579549 0.01392372 -0.01093513
v 0.007647232 0.013828 -0.01100282
v 0.007608111 0.01430282 -0.01066255
v 0.007710698 0.01466518 -0.01060749
v 0.007534209 0.01411148 -0.01066255
v 0.007515536 0.01401944 -0.01075643
v 0.007534209 0.01392372 -0.01085031
v 0.007587387 0.013828 -0.0109299
v 0.0076154 0.01430282 -0.01058854
v 0.007726757 0.01466518 -0.01055455
v 0.007542919 0.01411148 -0.01057412
v 0.00750629 0.01401944 -0.01066255
v 0.00750629 0.01392372 -0.01075827
v 0.007542919 0.013828 -0.0108467
v 0.00763699 0.01430282 -0.01051737
v 0.007752837 0.01466518 -0.01050576
v 0.007568714 0.01411148 -0.01048909
v 0.007515536 0.01401944 -0.01056867
v 0.007496862 0.01392372 -0.01066255
v 0.007515536 0.013828 -0.01075643
v 0.007672049 0.01430282 -0.01045178
v 0.007787935 0.01466518 -0.01046299
v 0.007610602 0.01411148 -0.01041072
v 0.007542919 0.01401944 -0.0104784
v 0.00750629 0.01392372 -0.01056683
v 0.00750629 0.013828 -0.01066255
v 0.00771923 0.01430282 -0.01039429
v 0.007830703 0.01466518 -0.01042789
v 0.007666974 0.01411148 -0.01034203
v 0.007587387 0.01401944 -0.01039521
v 0.007534209 0.01392372 -0.01047479
v 0.007515536 0.013828 -0.01056867
v 0.007776721 0.01430282 -0.0103471
v 0.007879496 0.01466518 -0.01040181
v 0.007735664 0.01411148 -0.01028566
v 0.007647232 0.01401944 -0.01032229
v 0.007579549 0.01392372 -0.01038997
v 0.007542919 0.013828 -0.0104784
v 0.007842313 0.01430282 -0.01031204
v 0.007932439 0.01466518 -0.01038575
v 0.007814032 0.01411148 -0.01024377
v 0.007720152 0.01401944 -0.01026244
v 0.007640565 0.01392372 -0.01031562
v 0.007587387 0.013828 -0.01039521
v 0.007913482 0.01430282 -0.01029046
v 0.007987498 0.01466518 -0.01038033
v 0.007899066 0.01411148 -0.01021797
v 0.007803347 0.01401944 -0.01021797
v 0.007714915 0.01392372 -0.0102546
v 0.007647232 0.013828 -0.01032229
v 0.007987497 0.01430282 -0.01028316
v 0.008042557 0.01466518 -0.01038575
v 0.007987497 0.01411148 -0.01020926
v 0.007893618 0.01401944 -0.01019059
v 0.007799739 0.01392372 -0.01020926
v 0.007720152 0.013828 -0.01026244
v 0.008061512 0.01430282 -0.01029046
v 0.0080955 0.01466518 -0.01040181
v 0.007987497 0.01401944 -0.01018134
v 0.007891779 0.01392372 -0.01018134
v 0.007803347 0.013828 -0.01021797
v 0.008075929 0.01411148 -0.01021797
v 0.008132682 0.01430282 -0.01031204
v 0.008144293 0.01466518 -0.01042789
v 0.007987497 0.01392372 -0.01017192
v 0.007893618 0.013828 -0.01019059
v 0.008081377 0.01401944 -0.01019059
v 0.008160963 0.01411148 -0.01024377
v 0.008198273 0.01430282 -0.0103471
v 0.00818706 0.01466518 -0.01046299
v 0.007987497 0.013828 -0.01018134
v 0.008083215 0.01392372 -0.01018134
v 0.008171648 0.01401944 -0.01021797
v 0.008239331 0.01411148 -0.01028566
v 0.008255764 0.01430282 -0.01039429
v 0.008222158 0.01466518 -0.01050576
v 0.008081377 0.013828 -0.01019059
v 0.008175255 0.01392372 -0.01020926
v 0.008254842 0.01401944 -0.01026244
v 0.00830802 0.01411148 -0.01034203
v 0.008302946 0.01430282 -0.01045178
v 0.008248239 0.01466518 -0.01055455
v 0.008171648 0.013828 -0.01021797
v 0.008260079 0.01392372 -0.0102546
v 0.008327763 0.01401944 -0.01032229
v 0.008364392 0.01411148 -0.01041072
v 0.008338004 0.01430282 -0.01051737
v 0.008264299 0.01466518 -0.01060749
v 0.008254842 0.013828 -0.01026244
v 0.008334428 0.01392372 -0.01031562
v 0.008387607 0.01401944 -0.01039521
v 0.008406281 0.01411148 -0.01048909
v 0.008359594 0.01430282 -0.01058854
v 0.008269722 0.01466518 -0.01066255
v 0.008327763 0.013828 -0.01032229
v 0.008395446 0.01392372 -0.01038997
v 0.008432075 0.01401944 -0.0104784
v 0.008432075 0.01411148 -0.01057412
v 0.008366884 0.01430282 -0.01066255
v 0.008264299 0.01466518 -0.01071761
v 0.008387607 0.013828 -0.01039521
v 0.008440784 0.01392372 -0.01047479
v 0.008459459 0.01401944 -0.01056867
v 0.008440785 0.01411148 -0.01066255
v 0.008359594 0.01430282 -0.01073657
v 0.008248239 0.01466518 -0.01077055
v 0.008432075 0.013828 -0.0104784
v 0.008468704 0.01392372 -0.01056683
v 0.008468704 0.01401944 -0.01066255
v 0.008432075 0.01411148 -0.01075098
v 0.008338004 0.01430282 -0.01080774
v 0.008222158 0.01466518 -0.01081935
v 0.008459459 0.013828 -0.01056867
v 0.008478132 0.01392372 -0.01066255
v 0.008459459 0.01401944 -0.01075643
v 0.008406281 0.01411148 -0.01083602
v 0.008302946 0.01430282 -0.01087333
v 0.00818706 0.01466518 -0.01086211
v 0.008468704 0.013828 -0.01066255
v 0.008468704 0.01392372 -0.01075827
v 0.008432075 0.01401944 -0.0108467
v 0.008364392 0.01411148 -0.01091439
v 0.008255764 0.01430282 -0.01093082
v 0.008144293 0.01466518 -0.01089721
v 0.008459459 0.013828 -0.01075643
v 0.008440784 0.01392372 -0.01085031
v 0.008387607 0.01401944 -0.0109299
v 0.00830802 0.01411148 -0.01098308
v 0.008198273 0.01430282 -0.010978
v 0.0080955 0.01466518 -0.01092329
v 0.008432075 0.013828 -0.0108467
v 0.008395446 0.01392372 -0.01093513
v 0.008327763 0.01401944 -0.01100282
v 0.008239331 0.01411148 -0.01103945
v 0.008132682 0.01430282 -0.01101306
v 0.008042557 0.01466518 -0.01093935
v 0.008387607 0.013828 -0.0109299
v 0.008334428 0.01392372 -0.01100948
v 0.008254842 0.01401944 -0.01106266
v 0.008160963 0.01411148 -0.01108134
v 0.008061512 0.01430282 -0.01103465
v 0.007987498 0.01466518 -0.01094478
v 0.008327763 0.013828 -0.01100282
v 0.00826008 0.01392372 -0.0110705
v 0.008171648 0.01401944 -0.01110713
v 0.008075929 0.01411148 -0.01110713
v 0.007987497 0.01430282 -0.01104194
v 0.007932439 0.01466518 -0.01093935
v 0.007913482 0.01430282 -0.01103465
v 0.007899066 0.01411148 -0.01110713
v 0.007987497 0.01411148 -0.01111584
v 0.007893618 0.01401944 -0.01113451
v 0.007987497 0.01401944 -0.01114376
v 0.00789178 0.01392372 -0.01114376
v 0.008081377 0.01401944 -0.01113451
v 0.007987497 0.01392372 -0.01115319
v 0.007893618 0.013828 -0.01113451
v 0.008083216 0.01392372 -0.01114376
v 0.007987497 0.013828 -0.01114376
v 0.007899066 0.01373596 -0.01110713
v 0.008175256 0.01392372 -0.01111584
v 0.007987497 0.01373596 -0.01111584
v 0.007907911 0.01365114 -0.01106266
v 0.008081377 0.013828 -0.01113451
v 0.008171648 0.013828 -0.01110713
v 0.007987497 0.01365114 -0.0110705
v 0.007919814 0.01357679 -0.01100282
v 0.008075929 0.01373596 -0.01110713
v 0.008254842 0.013828 -0.01106266
v 0.007987497 0.01357679 -0.01100948
v 0.007934319 0.01351577 -0.0109299
v 0.008067084 0.01365114 -0.01106266
v 0.008160963 0.01373596 -0.01108134
v 0.008239331 0.01373596 -0.01103945
v 0.007987497 0.01351577 -0.01093513
v 0.007950868 0.01347043 -0.0108467
v 0.00805518 0.01357679 -0.01100282
v 0.008143612 0.01365114 -0.01103945
v 0.00830802 0.01373596 -0.01098308
v 0.007987497 0.01347043 -0.01085031
v 0.007968823 0.01344251 -0.01075643
v 0.008040675 0.01351577 -0.0109299
v 0.008120262 0.01357679 -0.01098308
v 0.008214141 0.01365114 -0.01100175
v 0.008364392 0.01373596 -0.01091439
v 0.007987497 0.01344251 -0.01075827
v 0.007987497 0.01343308 -0.01066255
v 0.008024127 0.01347043 -0.0108467
v 0.00809181 0.01351577 -0.01091439
v 0.008180242 0.01357679 -0.01095101
v 0.00827596 0.01365114 -0.01095101
v 0.008406281 0.01373596 -0.01083602
v 0.00800617 0.01344251 -0.01075643
v 0.008059349 0.01347043 -0.01083602
v 0.008138936 0.01351577 -0.0108892
v 0.008232815 0.01357679 -0.01090787
v 0.008326693 0.01365114 -0.0108892
v 0.008432075 0.01373596 -0.01075098
v 0.008024127 0.01344251 -0.01075098
v 0.00809181 0.01347043 -0.01081867
v 0.008180242 0.01351577 -0.0108553
v 0.008275961 0.01357679 -0.0108553
v 0.008364392 0.01365114 -0.01081867
v 0.008440785 0.01373596 -0.01066255
v 0.008040675 0.01344251 -0.01074214
v 0.008120262 0.01347043 -0.01079532
v 0.008214141 0.01351577 -0.01081399
v 0.00830802 0.01357679 -0.01079532
v 0.008387607 0.01365114 -0.01074214
v 0.008432075 0.01373596 -0.01057412
v 0.00805518 0.01344251 -0.01073023
v 0.008143612 0.01347043 -0.01076686
v 0.008239331 0.01351577 -0.01076686
v 0.008327763 0.01357679 -0.01073023
v 0.008395446 0.01365114 -0.01066255
v 0.008406281 0.01373596 -0.01048909
v 0.008067084 0.01344251 -0.01071573
v 0.008160963 0.01347043 -0.0107344
v 0.008075929 0.01344251 -0.01069918
v 0.008081377 0.01344251 -0.01068123
v 0.008083215 0.01344251 -0.01066255
v 0.008254842 0.01351577 -0.01071573
v 0.008171648 0.01347043 -0.01069918
v 0.008334428 0.01357679 -0.01066255
v 0.008175256 0.01347043 -0.01066255
v 0.00826008 0.01351577 -0.01066255
v 0.008387607 0.01365114 -0.01058297
v 0.008327763 0.01357679 -0.01059487
v 0.008254842 0.01351577 -0.01060937
v 0.008171648 0.01347043 -0.01062592
v 0.008364392 0.01365114 -0.01050644
v 0.00830802 0.01357679 -0.01052979
v 0.008364392 0.01373596 -0.01041072
v 0.008326693 0.01365114 -0.01043591
v 0.00830802 0.01373596 -0.01034203
v 0.008239331 0.01351577 -0.01055824
v 0.008081377 0.01344251 -0.01064388
v 0.008275961 0.01357679 -0.01046981
v 0.00827596 0.01365114 -0.01037409
v 0.008239331 0.01373596 -0.01028566
v 0.008160963 0.01347043 -0.0105907
v 0.008214141 0.01351577 -0.01051111
v 0.008232815 0.01357679 -0.01041724
v 0.008214141 0.01365114 -0.01032335
v 0.008160963 0.01373596 -0.01024377
v 0.008075929 0.01344251 -0.01062592
v 0.008143612 0.01347043 -0.01055824
v 0.008180242 0.01351577 -0.01046981
v 0.008180242 0.01357679 -0.01037409
v 0.008143612 0.01365114 -0.01028566
v 0.008075929 0.01373596 -0.01021797
v 0.008067084 0.01344251 -0.01060937
v 0.008120262 0.01347043 -0.01052979
v 0.008138936 0.01351577 -0.01043591
v 0.008120262 0.01357679 -0.01034203
v 0.008067084 0.01365114 -0.01026244
v 0.007987497 0.01373596 -0.01020926
v 0.00805518 0.01344251 -0.01059487
v 0.00809181 0.01347043 -0.01050644
v 0.008091809 0.01351577 -0.01041072
v 0.00805518 0.01357679 -0.01032229
v 0.007899066 0.01373596 -0.01021797
v 0.007987497 0.01365114 -0.0102546
v 0.008040675 0.01344251 -0.01058297
v 0.008059349 0.01347043 -0.01048909
v 0.008024126 0.01344251 -0.01057412
v 0.00800617 0.01344251 -0.01056867
v 0.007987497 0.01344251 -0.01056683
v 0.007814032 0.01373596 -0.01024377
v 0.007907911 0.01365114 -0.01026244
v 0.008040675 0.01351577 -0.01039521
v 0.008024126 0.01347043 -0.0104784
v 0.007987497 0.01357679 -0.01031562
v 0.007735664 0.01373596 -0.01028566
v 0.007987497 0.01347043 -0.01047479
v 0.007987497 0.01351577 -0.01038997
v 0.007919814 0.01357679 -0.01032229
v 0.007831382 0.01365114 -0.01028566
v 0.007666974 0.01373596 -0.01034203
v 0.007934319 0.01351577 -0.01039521
v 0.007950868 0.01347043 -0.0104784
v 0.007854732 0.01357679 -0.01034203
v 0.007760854 0.01365114 -0.01032335
v 0.007610602 0.01373596 -0.01041072
v 0.007883185 0.01351577 -0.01041072
v 0.007968823 0.01344251 -0.01056867
v 0.007794753 0.01357679 -0.01037409
v 0.007699034 0.01365114 -0.01037409
v 0.007568714 0.01373596 -0.01048909
v 0.007915646 0.01347043 -0.01048909
v 0.007836059 0.01351577 -0.01043591
v 0.00774218 0.01357679 -0.01041724
v 0.007648301 0.01365114 -0.01043591
v 0.007542919 0.01373596 -0.01057412
v 0.007950868 0.01344251 -0.01057412
v 0.007883185 0.01347043 -0.01050644
v 0.007794753 0.01351577 -0.01046981
v 0.007699034 0.01357679 -0.01046981
v 0.007610602 0.01365114 -0.01050644
v 0.007534209 0.01373596 -0.01066255
v 0.007934319 0.01344251 -0.01058297
v 0.007854732 0.01347043 -0.01052979
v 0.007760854 0.01351577 -0.01051111
v 0.007666974 0.01357679 -0.01052979
v 0.007587387 0.01365114 -0.01058297
v 0.007542919 0.01373596 -0.01075098
v 0.007919814 0.01344251 -0.01059487
v 0.007831382 0.01347043 -0.01055824
v 0.007735664 0.01351577 -0.01055824
v 0.007647232 0.01357679 -0.01059487
v 0.007579549 0.01365114 -0.01066255
v 0.007568714 0.01373596 -0.01083602
v 0.007907911 0.01344251 -0.01060937
v 0.007814032 0.01347043 -0.0105907
v 0.007899066 0.01344251 -0.01062592
v 0.007893618 0.01344251 -0.01064388
v 0.007891779 0.01344251 -0.01066255
v 0.007720152 0.01351577 -0.01060937
v 0.007803347 0.01347043 -0.01062592
v 0.007640565 0.01357679 -0.01066255
v 0.007799739 0.01347043 -0.01066255
v 0.007714915 0.01351577 -0.01066255
v 0.007587387 0.01365114 -0.01074214
v 0.007647232 0.01357679 -0.01073023
v 0.007720152 0.01351577 -0.01071573
v 0.007803347 0.01347043 -0.01069918
v 0.007610602 0.01365114 -0.01081867
v 0.007666974 0.01357679 -0.01079532
v 0.007610602 0.01373596 -0.01091439
v 0.007648301 0.01365114 -0.0108892
v 0.007666974 0.01373596 -0.01098308
v 0.007735664 0.01351577 -0.01076686
v 0.007893618 0.01344251 -0.01068123
v 0.007699034 0.01357679 -0.0108553
v 0.007699034 0.01365114 -0.01095101
v 0.007735664 0.01373596 -0.01103945
v 0.007814032 0.01347043 -0.0107344
v 0.007760854 0.01351577 -0.01081399
v 0.00774218 0.01357679 -0.01090787
v 0.007760854 0.01365114 -0.01100175
v 0.007814032 0.01373596 -0.01108134
v 0.007899066 0.01373596 -0.01110713
v 0.007831382 0.01365114 -0.01103945
v 0.007907911 0.01365114 -0.01106266
v 0.007899066 0.01344251 -0.01069918
v 0.007831382 0.01347043 -0.01076686
v 0.007794753 0.01351577 -0.0108553
v 0.007794753 0.01357679 -0.01095101
v 0.007854732 0.01357679 -0.01098308
v 0.007919814 0.01357679 -0.01100282
v 0.007907911 0.01344251 -0.01071573
v 0.007854732 0.01347043 -0.01079532
v 0.007836059 0.01351577 -0.0108892
v 0.007883185 0.01351577 -0.01091439
v 0.007934319 0.01351577 -0.0109299
v 0.007919814 0.01344251 -0.01073023
v 0.007883185 0.01347043 -0.01081867
v 0.007915646 0.01347043 -0.01083602
v 0.007950868 0.01347043 -0.0108467
v 0.007934319 0.01344251 -0.01074214
v 0.007950868 0.01344251 -0.01075098
v 0.007968823 0.01344251 -0.01075643
v 0.007913482 0.01430282 0.003558642
v 0.007932439 0.01466518 0.003653937
v 0.007879496 0.01466518 0.003669997
v 0.007842313 0.01430282 0.003580232
v 0.007830703 0.01466518 0.003696077
v 0.007814032 0.01411148 0.003511956
v 0.007899066 0.01411148 0.00348616
v 0.007776721 0.01430282 0.00361529
v 0.007787935 0.01466518 0.003731176
v 0.007735664 0.01411148 0.003553843
v 0.007803347 0.01401944 0.00348616
v 0.007893618 0.01401944 0.003458777
v 0.00771923 0.01430282 0.00366247
v 0.007752838 0.01466518 0.003773943
v 0.007666974 0.01411148 0.003610215
v 0.007720152 0.01401944 0.003530629
v 0.007799739 0.01392372 0.00347745
v 0.00789178 0.01392372 0.003449531
v 0.007672049 0.01430282 0.003719963
v 0.007726757 0.01466518 0.003822737
v 0.007610602 0.01411148 0.003678905
v 0.007647232 0.01401944 0.003590473
v 0.007714915 0.01392372 0.003522791
v 0.007803347 0.013828 0.00348616
v 0.007893618 0.013828 0.003458777
v 0.00763699 0.01430282 0.003785553
v 0.007710698 0.01466518 0.00387568
v 0.007568714 0.01411148 0.003757273
v 0.007587387 0.01401944 0.003663393
v 0.007640566 0.01392372 0.003583807
v 0.007720152 0.013828 0.003530629
v 0.0076154 0.01430282 0.003856723
v 0.007705275 0.01466518 0.003930738
v 0.007542919 0.01411148 0.003842306
v 0.007542919 0.01401944 0.003746588
v 0.007579549 0.01392372 0.003658156
v 0.007647232 0.013828 0.003590473
v 0.007608111 0.01430282 0.003930738
v 0.007710698 0.01466518 0.003985797
v 0.007534209 0.01411148 0.003930738
v 0.007515536 0.01401944 0.003836859
v 0.007534209 0.01392372 0.00374298
v 0.007587387 0.013828 0.003663393
v 0.0076154 0.01430282 0.004004754
v 0.007726757 0.01466518 0.00403874
v 0.007542919 0.01411148 0.004019171
v 0.00750629 0.01401944 0.003930738
v 0.00750629 0.01392372 0.00383502
v 0.007542919 0.013828 0.003746588
v 0.00763699 0.01430282 0.004075924
v 0.007752837 0.01466518 0.004087533
v 0.007568714 0.01411148 0.004104204
v 0.007515536 0.01401944 0.004024617
v 0.007496862 0.01392372 0.003930738
v 0.007515536 0.013828 0.003836859
v 0.007672049 0.01430282 0.004141514
v 0.007787935 0.01466518 0.0041303
v 0.007610602 0.01411148 0.004182572
v 0.007542919 0.01401944 0.004114889
v 0.00750629 0.01392372 0.004026457
v 0.00750629 0.013828 0.003930738
v 0.00771923 0.01430282 0.004199004
v 0.007830703 0.01466518 0.004165398
v 0.007666974 0.01411148 0.004251262
v 0.007587387 0.01401944 0.004198084
v 0.007534209 0.01392372 0.004118497
v 0.007515536 0.013828 0.004024617
v 0.007776721 0.01430282 0.004246186
v 0.007879496 0.01466518 0.004191478
v 0.007735664 0.01411148 0.004307634
v 0.007647232 0.01401944 0.004271004
v 0.007579549 0.01392372 0.00420332
v 0.007542919 0.013828 0.004114889
v 0.007842313 0.01430282 0.004281245
v 0.007932439 0.01466518 0.004207538
v 0.007814032 0.01411148 0.004349521
v 0.007720152 0.01401944 0.004330848
v 0.007640565 0.01392372 0.00427767
v 0.007587387 0.013828 0.004198084
v 0.007913482 0.01430282 0.004302836
v 0.007987498 0.01466518 0.004212962
v 0.007899066 0.01411148 0.004375317
v 0.007803347 0.01401944 0.004375317
v 0.007714915 0.01392372 0.004338686
v 0.007647232 0.013828 0.004271004
v 0.007987497 0.01430282 0.004310125
v 0.008042557 0.01466518 0.004207538
v 0.007987497 0.01411148 0.004384026
v 0.007893618 0.01401944 0.0044027
v 0.007799739 0.01392372 0.004384026
v 0.007720152 0.013828 0.004330848
v 0.008061512 0.01430282 0.004302836
v 0.0080955 0.01466518 0.004191478
v 0.007987497 0.01401944 0.004411947
v 0.007891779 0.01392372 0.004411947
v 0.007803347 0.013828 0.004375317
v 0.008075929 0.01411148 0.004375317
v 0.008132682 0.01430282 0.004281245
v 0.008144293 0.01466518 0.004165398
v 0.007987497 0.01392372 0.004421373
v 0.007893618 0.013828 0.0044027
v 0.008081377 0.01401944 0.004402699
v 0.008160963 0.01411148 0.004349521
v 0.008198273 0.01430282 0.004246186
v 0.00818706 0.01466518 0.0041303
v 0.007987497 0.013828 0.004411947
v 0.008083215 0.01392372 0.004411947
v 0.008171648 0.01401944 0.004375317
v 0.008239331 0.01411148 0.004307634
v 0.008255764 0.01430282 0.004199004
v 0.008222158 0.01466518 0.004087533
v 0.008081377 0.013828 0.004402699
v 0.008175255 0.01392372 0.004384026
v 0.008254842 0.01401944 0.004330848
v 0.00830802 0.01411148 0.004251262
v 0.008302946 0.01430282 0.004141514
v 0.008248239 0.01466518 0.00403874
v 0.008171648 0.013828 0.004375317
v 0.008260079 0.01392372 0.004338686
v 0.008327763 0.01401944 0.004271004
v 0.008364392 0.01411148 0.004182572
v 0.008338004 0.01430282 0.004075924
v 0.008264299 0.01466518 0.003985797
v 0.008254842 0.013828 0.004330848
v 0.008334428 0.01392372 0.00427767
v 0.008387607 0.01401944 0.004198084
v 0.008406281 0.01411148 0.004104204
v 0.008359594 0.01430282 0.004004754
v 0.008269722 0.01466518 0.003930738
v 0.008327763 0.013828 0.004271004
v 0.008395446 0.01392372 0.00420332
v 0.008432075 0.01401944 0.004114889
v 0.008432075 0.01411148 0.004019171
v 0.008366884 0.01430282 0.003930738
v 0.008264299 0.01466518 0.00387568
v 0.008387607 0.013828 0.004198084
v 0.008440784 0.01392372 0.004118497
v 0.008459459 0.01401944 0.004024617
v 0.008440785 0.01411148 0.003930738
v 0.008359594 0.01430282 0.003856723
v 0.008248239 0.01466518 0.003822737
v 0.008432075 0.013828 0.004114889
v 0.008468704 0.01392372 0.004026457
v 0.008468704 0.01401944 0.003930738
v 0.008432075 0.01411148 0.003842306
v 0.008338004 0.01430282 0.003785553
v 0.008222158 0.01466518 0.003773943
v 0.008459459 0.013828 0.004024617
v 0.008478132 0.01392372 0.003930738
v 0.008459459 0.01401944 0.003836859
v 0.008406281 0.01411148 0.003757273
v 0.008302946 0.01430282 0.003719963
v 0.00818706 0.01466518 0.003731176
v 0.008468704 0.013828 0.003930738
v 0.008468704 0.01392372 0.003835021
v 0.008432075 0.01401944 0.003746588
v 0.008364392 0.01411148 0.003678905
v 0.008255764 0.01430282 0.00366247
v 0.008144293 0.01466518 0.003696077
v 0.008459459 0.013828 0.003836859
v 0.008440784 0.01392372 0.003742981
v 0.008387607 0.01401944 0.003663393
v 0.00830802 0.01411148 0.003610215
v 0.008198273 0.01430282 0.003615291
v 0.0080955 0.01466518 0.003669997
v 0.008432075 0.013828 0.003746588
v 0.008395446 0.01392372 0.003658156
v 0.008327763 0.01401944 0.003590473
v 0.008239331 0.01411148 0.003553843
v 0.008132682 0.01430282 0.003580232
v 0.008042557 0.01466518 0.003653937
v 0.008387607 0.013828 0.003663393
v 0.008334428 0.01392372 0.003583807
v 0.008254842 0.01401944 0.003530629
v 0.008160963 0.01411148 0.003511956
v 0.008061512 0.01430282 0.003558642
v 0.007987498 0.01466518 0.003648515
v 0.008327763 0.013828 0.003590473
v 0.00826008 0.01392372 0.003522791
v 0.008171648 0.01401944 0.00348616
v 0.008075929 0.01411148 0.00348616
v 0.007987497 0.01430282 0.003551352
v 0.007932439 0.01466518 0.003653937
v 0.007913482 0.01430282 0.003558642
v 0.007899066 0.01411148 0.00348616
v 0.007987497 0.01411148 0.00347745
v 0.007893618 0.01401944 0.003458777
v 0.007987497 0.01401944 0.003449531
v 0.00789178 0.01392372 0.003449531
v 0.008081377 0.01401944 0.003458777
v 0.007987497 0.01392372 0.003440103
v 0.007893618 0.013828 0.003458777
v 0.008083216 0.01392372 0.003449531
v 0.007987497 0.013828 0.003449531
v 0.007899066 0.01373596 0.00348616
v 0.008175256 0.01392372 0.00347745
v 0.007987497 0.01373596 0.00347745
v 0.007907911 0.01365114 0.003530629
v 0.008081377 0.013828 0.003458777
v 0.008171648 0.013828 0.00348616
v 0.007987497 0.01365114 0.003522791
v 0.007919814 0.01357679 0.003590473
v 0.008075929 0.01373596 0.00348616
v 0.008254842 0.013828 0.003530629
v 0.007987497 0.01357679 0.003583807
v 0.007934319 0.01351577 0.003663393
v 0.008067084 0.01365114 0.003530629
v 0.008160963 0.01373596 0.003511956
v 0.008239331 0.01373596 0.003553843
v 0.007987497 0.01351577 0.003658156
v 0.007950868 0.01347043 0.003746588
v 0.00805518 0.01357679 0.003590473
v 0.008143612 0.01365114 0.003553843
v 0.00830802 0.01373596 0.003610215
v 0.007987497 0.01347043 0.00374298
v 0.007968823 0.01344251 0.003836859
v 0.008040675 0.01351577 0.003663393
v 0.008120262 0.01357679 0.003610215
v 0.008214141 0.01365114 0.003591542
v 0.008364392 0.01373596 0.003678905
v 0.007987497 0.01344251 0.00383502
v 0.007987497 0.01343308 0.003930738
v 0.008024127 0.01347043 0.003746588
v 0.00809181 0.01351577 0.003678905
v 0.008180242 0.01357679 0.003642275
v 0.00827596 0.01365114 0.003642275
v 0.008406281 0.01373596 0.003757273
v 0.00800617 0.01344251 0.003836859
v 0.008059349 0.01347043 0.003757272
v 0.008138936 0.01351577 0.003704094
v 0.008232815 0.01357679 0.003685421
v 0.008326693 0.01365114 0.003704094
v 0.008432075 0.01373596 0.003842306
v 0.008024127 0.01344251 0.003842306
v 0.00809181 0.01347043 0.003774624
v 0.008180242 0.01351577 0.003737994
v 0.008275961 0.01357679 0.003737994
v 0.008364392 0.01365114 0.003774624
v 0.008440785 0.01373596 0.003930738
v 0.008040675 0.01344251 0.003851151
v 0.008120262 0.01347043 0.003797974
v 0.008214141 0.01351577 0.003779299
v 0.00830802 0.01357679 0.003797974
v 0.008387607 0.01365114 0.003851151
v 0.008432075 0.01373596 0.004019171
v 0.00805518 0.01344251 0.003863056
v 0.008143612 0.01347043 0.003826426
v 0.008239331 0.01351577 0.003826426
v 0.008327763 0.01357679 0.003863056
v 0.008395446 0.01365114 0.003930738
v 0.008406281 0.01373596 0.004104204
v 0.008067084 0.01344251 0.003877561
v 0.008160963 0.01347043 0.003858886
v 0.008075929 0.01344251 0.003894108
v 0.008081377 0.01344251 0.003912065
v 0.008083215 0.01344251 0.003930738
v 0.008254842 0.01351577 0.003877561
v 0.008171648 0.01347043 0.003894108
v 0.008334428 0.01357679 0.003930738
v 0.008175256 0.01347043 0.003930738
v 0.00826008 0.01351577 0.003930738
v 0.008387607 0.01365114 0.004010326
v 0.008327763 0.01357679 0.003998421
v 0.008254842 0.01351577 0.003983916
v 0.008171648 0.01347043 0.003967369
v 0.008364392 0.01365114 0.004086853
v 0.00830802 0.01357679 0.004063502
v 0.008364392 0.01373596 0.004182572
v 0.008326693 0.01365114 0.004157383
v 0.00830802 0.01373596 0.004251262
v 0.008239331 0.01351577 0.004035051
v 0.008081377 0.01344251 0.003949412
v 0.008275961 0.01357679 0.004123482
v 0.00827596 0.01365114 0.004219202
v 0.008239331 0.01373596 0.004307634
v 0.008160963 0.01347043 0.00400259
v 0.008214141 0.01351577 0.004082178
v 0.008232815 0.01357679 0.004176056
v 0.008214141 0.01365114 0.004269935
v 0.008160963 0.01373596 0.004349521
v 0.008075929 0.01344251 0.003967369
v 0.008143612 0.01347043 0.004035051
v 0.008180242 0.01351577 0.004123482
v 0.008180242 0.01357679 0.004219202
v 0.008143612 0.01365114 0.004307634
v 0.008075929 0.01373596 0.004375317
v 0.008067084 0.01344251 0.003983916
v 0.008120262 0.01347043 0.004063502
v 0.008138936 0.01351577 0.004157382
v 0.008120262 0.01357679 0.004251262
v 0.008067084 0.01365114 0.004330848
v 0.007987497 0.01373596 0.004384026
v 0.00805518 0.01344251 0.003998421
v 0.00809181 0.01347043 0.004086853
v 0.008091809 0.01351577 0.004182572
v 0.00805518 0.01357679 0.004271004
v 0.007899066 0.01373596 0.004375317
v 0.007987497 0.01365114 0.004338686
v 0.008040675 0.01344251 0.004010326
v 0.008059349 0.01347043 0.004104204
v 0.008024126 0.01344251 0.004019171
v 0.00800617 0.01344251 0.004024617
v 0.007987497 0.01344251 0.004026457
v 0.007814032 0.01373596 0.004349521
v 0.007907911 0.01365114 0.004330848
v 0.008040675 0.01351577 0.004198084
v 0.008024126 0.01347043 0.004114889
v 0.007987497 0.01357679 0.00427767
v 0.007735664 0.01373596 0.004307634
v 0.007987497 0.01347043 0.004118496
v 0.007987497 0.01351577 0.00420332
v 0.007919814 0.01357679 0.004271004
v 0.007831382 0.01365114 0.004307634
v 0.007666974 0.01373596 0.004251262
v 0.007934319 0.01351577 0.004198084
v 0.007950868 0.01347043 0.004114889
v 0.007854732 0.01357679 0.004251262
v 0.007760854 0.01365114 0.004269935
v 0.007610602 0.01373596 0.004182572
v 0.007883185 0.01351577 0.004182572
v 0.007968823 0.01344251 0.004024617
v 0.007794753 0.01357679 0.004219202
v 0.007699034 0.01365114 0.004219202
v 0.007568714 0.01373596 0.004104204
v 0.007915646 0.01347043 0.004104204
v 0.007836059 0.01351577 0.004157383
v 0.00774218 0.01357679 0.004176056
v 0.007648301 0.01365114 0.004157383
v 0.007542919 0.01373596 0.004019171
v 0.007950868 0.01344251 0.004019171
v 0.007883185 0.01347043 0.004086853
v 0.007794753 0.01351577 0.004123482
v 0.007699034 0.01357679 0.004123482
v 0.007610602 0.01365114 0.004086853
v 0.007534209 0.01373596 0.003930738
v 0.007934319 0.01344251 0.004010326
v 0.007854732 0.01347043 0.004063502
v 0.007760854 0.01351577 0.004082178
v 0.007666974 0.01357679 0.004063502
v 0.007587387 0.01365114 0.004010326
v 0.007542919 0.01373596 0.003842306
v 0.007919814 0.01344251 0.003998421
v 0.007831382 0.01347043 0.004035051
v 0.007735664 0.01351577 0.004035051
v 0.007647232 0.01357679 0.003998421
v 0.007579549 0.01365114 0.003930738
v 0.007568714 0.01373596 0.003757272
v 0.007907911 0.01344251 0.003983916
v 0.007814032 0.01347043 0.004002591
v 0.007899066 0.01344251 0.003967369
v 0.007893618 0.01344251 0.003949412
v 0.007891779 0.01344251 0.003930738
v 0.007720152 0.01351577 0.003983916
v 0.007803347 0.01347043 0.003967369
v 0.007640565 0.01357679 0.003930738
v 0.007799739 0.01347043 0.003930738
v 0.007714915 0.01351577 0.003930738
v 0.007587387 0.01365114 0.003851151
v 0.007647232 0.01357679 0.003863056
v 0.007720152 0.01351577 0.003877561
v 0.007803347 0.01347043 0.003894108
v 0.007610602 0.01365114 0.003774624
v 0.007666974 0.01357679 0.003797974
v 0.007610602 0.01373596 0.003678905
v 0.007648301 0.01365114 0.003704094
v 0.007666974 0.01373596 0.003610215
v 0.007735664 0.01351577 0.003826426
v 0.007893618 0.01344251 0.003912065
v 0.007699034 0.01357679 0.003737994
v 0.007699034 0.01365114 0.003642275
v 0.007735664 0.01373596 0.003553843
v 0.007814032 0.01347043 0.003858886
v 0.007760854 0.01351577 0.003779299
v 0.00774218 0.01357679 0.003685421
v 0.007760854 0.01365114 0.003591542
v 0.007814032 0.01373596 0.003511956
v 0.007899066 0.01373596 0.00348616
v 0.007831382 0.01365114 0.003553843
v 0.007907911 0.01365114 0.003530629
v 0.007899066 0.01344251 0.003894108
v 0.007831382 0.01347043 0.003826426
v 0.007794753 0.01351577 0.003737994
v 0.007794753 0.01357679 0.003642275
v 0.007854732 0.01357679 0.003610215
v 0.007919814 0.01357679 0.003590473
v 0.007907911 0.01344251 0.003877561
v 0.007854732 0.01347043 0.003797974
v 0.007836059 0.01351577 0.003704094
v 0.007883185 0.01351577 0.003678905
v 0.007934319 0.01351577 0.003663393
v 0.007919814 0.01344251 0.003863056
v 0.007883185 0.01347043 0.003774624
v 0.007915646 0.01347043 0.003757272
v 0.007950868 0.01347043 0.003746588
v 0.007934319 0.01344251 0.003851151
v 0.007950868 0.01344251 0.003842306
v 0.007968823 0.01344251 0.003836859
vt 0.2096742 0.4136415
vt 0.2044863 0.4136834
vt 0.2044863 0.6892868
vt 0.2096742 0.689245
vt 0.2148622 0.4135996
vt 0.2148622 0.689203
vt 0.2200502 0.4135578
vt 0.2200502 0.6891611
vt 0.2252382 0.4135158
vt 0.2252382 0.6891192
vt 0.2304261 0.4134738
vt 0.2304261 0.6890773
vt 0.2356141 0.413432
vt 0.2356141 0.6890355
vt 0.240802 0.4133902
vt 0.240802 0.6889935
vt 0.24599 0.4133482
vt 0.24599 0.6889516
vt 0.2511779 0.4133063
vt 0.2511779 0.6889096
vt 0.256366 0.4132645
vt 0.256366 0.6888679
vt 0.261554 0.4132226
vt 0.261554 0.6888258
vt 0.2667419 0.4131806
vt 0.2667419 0.6887841
vt 0.2719299 0.4131388
vt 0.2719299 0.6887421
vt 0.2771179 0.4130968
vt 0.2771179 0.6887003
vt 0.2823058 0.4130549
vt 0.2823058 0.6886584
vt 0.2874938 0.413013
vt 0.2874938 0.6886165
vt 0.2926818 0.4129711
vt 0.2926818 0.6885746
vt 0.2978698 0.4129292
vt 0.2978698 0.6885327
vt 0.3030578 0.4128874
vt 0.3030578 0.6884909
vt 0.3082458 0.4128454
vt 0.3082458 0.6884488
vt 0.3134337 0.4128035
vt 0.3134337 0.688407
vt 0.3186217 0.4127617
vt 0.3186217 0.688365
vt 0.3238097 0.4127198
vt 0.3238097 0.6883231
vt 0.3289976 0.4126779
vt 0.3289976 0.6882812
vt 0.3341856 0.412636
vt 0.3341856 0.6882394
vt 0.3393736 0.4125941
vt 0.3393736 0.6881974
vt 0.3445615 0.4125522
vt 0.3445615 0.6881555
vt 0.3497496 0.4125102
vt 0.3497496 0.6881136
vt 0.3549376 0.4124684
vt 0.3549376 0.6880718
vt 0.3601255 0.4124264
vt 0.3601255 0.6880299
vt 0.3653135 0.4123846
vt 0.3653135 0.687988
vt 0.3705015 0.4123426
vt 0.3705015 0.6879461
vt 0.822117 0.818927
vt 0.8193759 0.8061514
vt 0.8139993 0.7941171
vt 0.822117 0.8319526
vt 0.806194 0.7832868
vt 0.8193762 0.8447281
vt 0.7962593 0.7740761
vt 0.8139998 0.8567623
vt 0.7845777 0.7668394
vt 0.8061943 0.867593
vt 0.7715976 0.7618548
vt 0.7962599 0.8768035
vt 0.757818 0.7593138
vt 0.7845781 0.8840402
vt 0.7437686 0.7593138
vt 0.7715981 0.8890252
vt 0.7299891 0.7618551
vt 0.7578187 0.8915663
vt 0.7170091 0.7668397
vt 0.7437692 0.8915665
vt 0.7053273 0.7740765
vt 0.7299898 0.8890253
vt 0.6953929 0.7832872
vt 0.7170096 0.8840405
vt 0.6875874 0.7941179
vt 0.7053279 0.8768037
vt 0.6822109 0.8061521
vt 0.6953932 0.8675933
vt 0.6794702 0.8189274
vt 0.6875877 0.8567629
vt 0.6794702 0.8319533
vt 0.6822112 0.8447286
vt 0.04301485 0.4136415
vt 0.03782687 0.4136833
vt 0.03782687 0.6892868
vt 0.04301485 0.689245
vt 0.04820284 0.4135996
vt 0.04820284 0.689203
vt 0.0533908 0.4135576
vt 0.0533908 0.6891611
vt 0.05857873 0.4135158
vt 0.05857873 0.6891193
vt 0.06376672 0.4134738
vt 0.06376672 0.6890773
vt 0.06895471 0.4134319
vt 0.06895471 0.6890355
vt 0.07414266 0.41339
vt 0.07414266 0.6889936
vt 0.07933065 0.4133482
vt 0.07933065 0.6889517
vt 0.08451864 0.4133063
vt 0.08451864 0.6889098
vt 0.08970663 0.4132644
vt 0.08970663 0.6888679
vt 0.09489462 0.4132225
vt 0.09489462 0.688826
vt 0.1000826 0.4131805
vt 0.1000826 0.6887842
vt 0.1052706 0.4131387
vt 0.1052706 0.6887421
vt 0.1104586 0.4130968
vt 0.1104586 0.6887003
vt 0.1156465 0.4130548
vt 0.1156465 0.6886584
vt 0.1208345 0.413013
vt 0.1208345 0.6886165
vt 0.1260224 0.4129712
vt 0.1260224 0.6885746
vt 0.1312105 0.4129292
vt 0.1312105 0.6885327
vt 0.1363984 0.4128873
vt 0.1363984 0.6884909
vt 0.1415864 0.4128454
vt 0.1415864 0.6884489
vt 0.1467744 0.4128035
vt 0.1467744 0.688407
vt 0.1519624 0.4127616
vt 0.1519624 0.688365
vt 0.1571504 0.4127198
vt 0.1571504 0.6883233
vt 0.1623384 0.4126778
vt 0.1623384 0.6882812
vt 0.1675263 0.4126359
vt 0.1675263 0.6882394
vt 0.1727142 0.4125941
vt 0.1727142 0.6881975
vt 0.1779022 0.4125521
vt 0.1779022 0.6881555
vt 0.1830903 0.4125102
vt 0.1830903 0.6881136
vt 0.1882782 0.4124683
vt 0.1882782 0.6880718
vt 0.1934662 0.4124264
vt 0.1934662 0.6880299
vt 0.1986541 0.4123845
vt 0.1986541 0.687988
vt 0.2038421 0.4123426
vt 0.2038421 0.6879461
vt 0.8255022 0.8447286
vt 0.8308787 0.8567629
vt 0.8386843 0.8675933
vt 0.8227612 0.831953
vt 0.8486187 0.8768039
vt 0.8227612 0.8189274
vt 0.8603004 0.8840404
vt 0.8255022 0.8061519
vt 0.8732805 0.8890252
vt 0.8308785 0.7941178
vt 0.8870601 0.8915665
vt 0.838684 0.7832872
vt 0.9011093 0.8915663
vt 0.8486184 0.7740766
vt 0.9148892 0.8890251
vt 0.8603002 0.7668399
vt 0.9278691 0.8840404
vt 0.8732802 0.7618551
vt 0.9395507 0.8768037
vt 0.8870598 0.7593138
vt 0.9494851 0.867593
vt 0.9011092 0.7593138
vt 0.9572906 0.8567625
vt 0.9148889 0.7618551
vt 0.9626671 0.8447283
vt 0.927869 0.7668399
vt 0.965408 0.8319528
vt 0.9395505 0.7740765
vt 0.965408 0.818927
vt 0.9494851 0.783287
vt 0.962667 0.8061516
vt 0.9572906 0.7941175
vt 0.7148167 0.6436039
vt 0.689737 0.6310766
vt 0.6828612 0.6465544
vt 0.7095857 0.6542876
vt 0.7221643 0.6338956
vt 0.6794702 0.66268
vt 0.6998919 0.6169707
vt 0.7066842 0.6655669
vt 0.7314206 0.6256264
vt 0.6794918 0.6786875
vt 0.7129496 0.6048853
vt 0.7062045 0.67702
vt 0.7422516 0.6191373
vt 0.6818138 0.6945276
vt 0.7283971 0.5953618
vt 0.7082214 0.6883068
vt 0.75425 0.6146971
vt 0.6875576 0.7100081
vt 0.7456126 0.5888126
vt 0.7126437 0.6990003
vt 0.766956 0.6124899
vt 0.6967142 0.7243394
vt 0.763904 0.5855108
vt 0.7193235 0.7087338
vt 0.7798791 0.6126066
vt 0.7089636 0.7367953
vt 0.7825443 0.5855876
vt 0.7280307 0.7171232
vt 0.7925198 0.6150456
vt 0.7237781 0.7467847
vt 0.8008015 0.5890345
vt 0.7384514 0.7238187
vt 0.8043902 0.6197125
vt 0.7405014 0.7538913
vt 0.81797 0.5957096
vt 0.7502066 0.7285403
vt 0.8150319 0.6264288
vt 0.758417 0.7578909
vt 0.8333949 0.6053491
vt 0.7628502 0.7311804
vt 0.8240333 0.6349369
vt 0.7768157 0.7587166
vt 0.8464978 0.6175827
vt 0.775937 0.7315602
vt 0.8310418 0.6449146
vt 0.7950343 0.7564757
vt 0.8567946 0.6319546
vt 0.7887274 0.7300207
vt 0.8357753 0.6559857
vt 0.8126244 0.751153
vt 0.8639056 0.647949
vt 0.8008777 0.7261426
vt 0.8380256 0.6677312
vt 0.8290352 0.7427598
vt 0.8675549 0.6650181
vt 0.8119614 0.7200719
vt 0.8376694 0.6797001
vt 0.8437101 0.7313784
vt 0.8675549 0.6826034
vt 0.8215385 0.7120306
vt 0.8346759 0.6914128
vt 0.8560487 0.7170789
vt 0.8637687 0.7001497
vt 0.8291362 0.702364
vt 0.2672528 0.7505771
vt 0.2607945 0.6898844
vt 0.247014 0.6924261
vt 0.2661197 0.7507858
vt 0.2684082 0.7505771
vt 0.2340333 0.6974106
vt 0.2748446 0.6898839
vt 0.265052 0.7511958
vt 0.2695413 0.7507862
vt 0.2223504 0.7046477
vt 0.2886245 0.6924247
vt 0.2640912 0.7517908
vt 0.2706085 0.7511963
vt 0.2124142 0.7138588
vt 0.3016048 0.6974093
vt 0.2632741 0.752548
vt 0.2715688 0.7517917
vt 0.204607 0.7246898
vt 0.3132871 0.7046454
vt 0.2626321 0.7534384
vt 0.2723859 0.752549
vt 0.199228 0.7367253
vt 0.3232219 0.7138554
vt 0.2621894 0.7544285
vt 0.2730273 0.7534398
vt 0.1964938 0.749503
vt 0.3310277 0.7246855
vt 0.2619644 0.755479
vt 0.2734694 0.7544295
vt 0.1964906 0.7625304
vt 0.3364044 0.7367193
vt 0.2619641 0.7565504
vt 0.2736948 0.7554798
vt 0.1992374 0.7753059
vt 0.3391454 0.7494943
vt 0.2621897 0.7576006
vt 0.2736945 0.756551
vt 0.2046188 0.787339
vt 0.3391453 0.7625194
vt 0.262632 0.7585905
vt 0.2734689 0.7576013
vt 0.2124287 0.7981673
vt 0.3364041 0.7752941
vt 0.263274 0.759481
vt 0.2730268 0.7585908
vt 0.2223666 0.8073741
vt 0.3310272 0.7873268
vt 0.2640911 0.7602382
vt 0.2723847 0.7594815
vt 0.2340457 0.8146139
vt 0.3232289 0.7981603
vt 0.2650515 0.7608334
vt 0.2715678 0.7602385
vt 0.2470272 0.8195943
vt 0.3132941 0.8073693
vt 0.2661189 0.7612432
vt 0.2706071 0.7608337
vt 0.2608066 0.8221305
vt 0.3016123 0.814604
vt 0.2672519 0.7614521
vt 0.2695399 0.7612433
vt 0.2748544 0.8221251
vt 0.2886327 0.8195867
vt 0.2684071 0.7614517
vt 0.81663 0.4505125
vt 0.8340669 0.4299548
vt 0.8188359 0.4211193
vt 0.8062868 0.444047
vt 0.8254753 0.4588079
vt 0.8023272 0.4154159
vt 0.8472273 0.4416327
vt 0.794858 0.4396338
vt 0.8324417 0.4686252
vt 0.7853987 0.4128414
vt 0.8576624 0.4556693
vt 0.782725 0.4374188
vt 0.8372202 0.4795851
vt 0.768337 0.4123426
vt 0.8648844 0.4714631
vt 0.7702737 0.4375192
vt 0.8395951 0.4912552
vt 0.7511662 0.4147866
vt 0.8685721 0.4883454
vt 0.757951 0.4399628
vt 0.8394541 0.5031732
vt 0.7345164 0.420014
vt 0.8685721 0.5056169
vt 0.7458919 0.4436567
vt 0.8367913 0.5148683
vt 0.7189619 0.4280699
vt 0.8648887 0.5225787
vt 0.7349976 0.4494569
vt 0.831703 0.5258803
vt 0.7052299 0.4388827
vt 0.8576756 0.538557
vt 0.7256005 0.4571407
vt 0.824383 0.5357788
vt 0.6939744 0.4521163
vt 0.8472236 0.552932
vt 0.7180206 0.4664321
vt 0.81511 0.5441783
vt 0.6857152 0.4672669
vt 0.8339435 0.5651549
vt 0.7125506 0.4769892
vt 0.8042378 0.5507507
vt 0.6808115 0.4837383
vt 0.8183426 0.5747679
vt 0.7094232 0.4884125
vt 0.7921789 0.5552347
vt 0.6794702 0.5008998
vt 0.8009999 0.5814152
vt 0.7087888 0.5002635
vt 0.7793905 0.5574414
vt 0.6817665 0.5181282
vt 0.7825382 0.5848475
vt 0.7107071 0.5120776
vt 0.7663636 0.5572572
vt 0.6876821 0.5348306
vt 0.763596 0.5849136
vt 0.7151513 0.5233738
vt 0.7536092 0.5546431
vt 0.6971596 0.5504501
vt 0.7448057 0.5815448
vt 0.7220031 0.5336507
vt 0.7416554 0.5496399
vt 0.7101752 0.5644299
vt 0.7267879 0.5747209
vt 0.731042 0.5423748
vt 0.4139 0.7512026
vt 0.4449023 0.697412
vt 0.4319213 0.6924266
vt 0.4128328 0.7507926
vt 0.4148605 0.7517977
vt 0.4181404 0.6898847
vt 0.4565848 0.7046493
vt 0.4116995 0.7505832
vt 0.4156774 0.7525555
vt 0.4040892 0.6898839
vt 0.4665196 0.7138607
vt 0.4105444 0.7505829
vt 0.4163191 0.7534461
vt 0.3903082 0.6924239
vt 0.4743256 0.7246916
vt 0.4094109 0.750792
vt 0.4167609 0.754436
vt 0.3773253 0.6974077
vt 0.4797019 0.7367263
vt 0.4083433 0.7512016
vt 0.4169862 0.7554864
vt 0.3656405 0.7046433
vt 0.4824429 0.7495018
vt 0.4073825 0.7517967
vt 0.4169858 0.7565577
vt 0.355709 0.713859
vt 0.4824429 0.7625275
vt 0.4065652 0.7525545
vt 0.4167601 0.7576083
vt 0.3479072 0.7246931
vt 0.4797017 0.7753027
vt 0.4059238 0.7534451
vt 0.4163179 0.7585978
vt 0.3425261 0.7367266
vt 0.4743247 0.7873365
vt 0.4054814 0.7544347
vt 0.415676 0.7594881
vt 0.3397895 0.7495035
vt 0.4665191 0.7981659
vt 0.4052562 0.7554857
vt 0.4148589 0.7602453
vt 0.3397935 0.7625294
vt 0.4565844 0.8073751
vt 0.4052562 0.7565569
vt 0.4138986 0.7608401
vt 0.3425377 0.775304
vt 0.4449027 0.81461
vt 0.4054817 0.7576075
vt 0.412831 0.7612501
vt 0.3479174 0.7873365
vt 0.4319234 0.8195924
vt 0.405924 0.7585967
vt 0.4116982 0.7614586
vt 0.3557249 0.7981644
vt 0.4181448 0.822131
vt 0.4065655 0.7594874
vt 0.4105431 0.7614584
vt 0.3656611 0.8073713
vt 0.4040969 0.8221279
vt 0.4073825 0.7602444
vt 0.40941 0.7612496
vt 0.3773385 0.8146113
vt 0.3903186 0.8195914
vt 0.408343 0.7608396
vt 0.1881833 0.8145909
vt 0.141887 0.8116689
vt 0.1878275 0.817154
vt 0.1414225 0.8098311
vt 0.1885484 0.8120194
vt 0.1408829 0.8078294
vt 0.1889275 0.8094337
vt 0.1403076 0.8056664
vt 0.1893251 0.8068279
vt 0.139717 0.8033579
vt 0.1897456 0.8041977
vt 0.1391268 0.8009177
vt 0.1901929 0.8015389
vt 0.1385489 0.7983594
vt 0.1906705 0.7988471
vt 0.1379924 0.7956952
vt 0.1911815 0.7961183
vt 0.1374636 0.7929366
vt 0.1917284 0.7933483
vt 0.1369663 0.7900936
vt 0.1923133 0.7905339
vt 0.136503 0.7871763
vt 0.1929381 0.787671
vt 0.136124 0.7841703
vt 0.1936035 0.784756
vt 0.1357848 0.7810928
vt 0.1943102 0.7817854
vt 0.13549 0.777951
vt 0.1950579 0.7787552
vt 0.135243 0.7747524
vt 0.1958465 0.7756628
vt 0.1350464 0.771504
vt 0.195734 0.7722247
vt 0.1349021 0.7682132
vt 0.1956232 0.7688221
vt 0.1348158 0.7648897
vt 0.1955186 0.7654532
vt 0.1347921 0.7615414
vt 0.1954239 0.7621174
vt 0.1348348 0.7581774
vt 0.1953426 0.758813
vt 0.1349482 0.7548065
vt 0.1952775 0.7555392
vt 0.1351357 0.7514383
vt 0.1952304 0.7522947
vt 0.1354007 0.7480825
vt 0.1952032 0.7490782
vt 0.1357456 0.7447506
vt 0.1951967 0.7458876
vt 0.1361729 0.7414542
vt 0.1952114 0.7427226
vt 0.1366221 0.7382421
vt 0.1952473 0.7395803
vt 0.1371369 0.735108
vt 0.1953041 0.736459
vt 0.1377085 0.7320669
vt 0.1953807 0.733356
vt 0.138324 0.7291361
vt 0.1954754 0.730268
vt 0.1389676 0.7263346
vt 0.1955862 0.7271911
vt 0.1396184 0.7236837
vt 0.1957102 0.7241215
vt 0.1402492 0.7212067
vt 0.1958465 0.7209891
vt 0.1408748 0.7189342
vt 0.1414225 0.8098311
vt 0.1270187 0.8287944
vt 0.141887 0.8116689
vt 0.1245029 0.8253622
vt 0.1408829 0.8078294
vt 0.1223821 0.8219036
vt 0.1403076 0.8056664
vt 0.1205063 0.8184178
vt 0.139717 0.8033579
vt 0.1188402 0.8149077
vt 0.1391268 0.8009177
vt 0.117355 0.8113729
vt 0.1385489 0.7983594
vt 0.1160279 0.8078123
vt 0.1379924 0.7956952
vt 0.1148413 0.8042243
vt 0.1374636 0.7929366
vt 0.1137816 0.8006062
vt 0.1369663 0.7900936
vt 0.1128392 0.7969562
vt 0.136503 0.7871763
vt 0.1120084 0.793272
vt 0.136124 0.7841703
vt 0.111062 0.7895632
vt 0.1357848 0.7810928
vt 0.1102085 0.7858163
vt 0.13549 0.777951
vt 0.1094413 0.7820299
vt 0.135243 0.7747524
vt 0.1087565 0.7782019
vt 0.1350464 0.771504
vt 0.1081513 0.7743316
vt 0.1349021 0.7682132
vt 0.1076245 0.7704175
vt 0.1348158 0.7648897
vt 0.1071767 0.7664579
vt 0.1347921 0.7615414
vt 0.1068096 0.7624512
vt 0.1348348 0.7581774
vt 0.106526 0.7583958
vt 0.1349482 0.7548065
vt 0.1063303 0.7542896
vt 0.1351357 0.7514383
vt 0.1062282 0.7501304
vt 0.1354007 0.7480825
vt 0.1062267 0.7459157
vt 0.1357456 0.7447506
vt 0.1063346 0.741642
vt 0.1361729 0.7414542
vt 0.1065625 0.7373061
vt 0.1366221 0.7382421
vt 0.1071604 0.7329503
vt 0.1371369 0.735108
vt 0.1079148 0.7285308
vt 0.1377085 0.7320669
vt 0.108852 0.7240451
vt 0.138324 0.7291361
vt 0.110002 0.7194914
vt 0.1389676 0.7263346
vt 0.1113951 0.7148666
vt 0.1396184 0.7236837
vt 0.1130689 0.7101672
vt 0.1402492 0.7212067
vt 0.1150701 0.7053908
vt 0.1408748 0.7189342
vt 0.1173783 0.7004755
vt 0.1245029 0.8253622
vt 0.07376891 0.8499978
vt 0.1270187 0.8287944
vt 0.0719122 0.8459893
vt 0.1223821 0.8219036
vt 0.07003134 0.8418805
vt 0.1205063 0.8184178
vt 0.06816995 0.837746
vt 0.1188402 0.8149077
vt 0.06633419 0.8335807
vt 0.117355 0.8113729
vt 0.06452829 0.8293787
vt 0.1160279 0.8078123
vt 0.06275499 0.8251365
vt 0.1148413 0.8042243
vt 0.0610165 0.8208492
vt 0.1137816 0.8006062
vt 0.05931443 0.8165125
vt 0.1128392 0.7969562
vt 0.05764934 0.8121222
vt 0.1120084 0.793272
vt 0.05602211 0.8076736
vt 0.111062 0.7895632
vt 0.0544326 0.8031628
vt 0.1102085 0.7858163
vt 0.05288374 0.7985839
vt 0.1094413 0.7820299
vt 0.05137894 0.7939326
vt 0.1087565 0.7782019
vt 0.04992187 0.789204
vt 0.1081513 0.7743316
vt 0.04851636 0.7843934
vt 0.1076245 0.7704175
vt 0.04716709 0.7794957
vt 0.1071767 0.7664579
vt 0.04587889 0.7745072
vt 0.1068096 0.7624512
vt 0.04465723 0.7694229
vt 0.106526 0.7583958
vt 0.04350859 0.764239
vt 0.1063303 0.7542896
vt 0.0424394 0.7589518
vt 0.1062282 0.7501304
vt 0.04145691 0.7535578
vt 0.1062267 0.7459157
vt 0.04056853 0.7480538
vt 0.1063346 0.741642
vt 0.03978279 0.7424375
vt 0.1065625 0.7373061
vt 0.03910804 0.7367069
vt 0.1071604 0.7329503
vt 0.03855306 0.7308602
vt 0.1079148 0.7285308
vt 0.03812405 0.724896
vt 0.108852 0.7240451
vt 0.03782687 0.7188125
vt 0.110002 0.7194914
vt 0.03855574 0.7130101
vt 0.1113951 0.7148666
vt 0.03935388 0.7072225
vt 0.1130689 0.7101672
vt 0.04021174 0.7014437
vt 0.1150701 0.7053908
vt 0.04111809 0.695667
vt 0.1173783 0.7004755
vt 0.04205906 0.6898839
vt 0.7159187 0.2197392
vt 0.8997882 0.2326983
vt 0.717101 0.2143178
vt 0.8916847 0.2698501
vt 0.7136554 0.2248568
vt 0.8761761 0.3049212
vt 0.7103928 0.2294874
vt 0.8538178 0.3366544
vt 0.7062476 0.2334652
vt 0.8254098 0.3639129
vt 0.701368 0.2366474
vt 0.7919704 0.3857195
vt 0.695929 0.23892
vt 0.7546972 0.4012923
vt 0.6901252 0.240201
vt 0.7149263 0.4100726
vt 0.6841652 0.2404451
vt 0.6740832 0.4117454
vt 0.6782624 0.2396432
vt 0.6336321 0.4062499
vt 0.6726285 0.2378239
vt 0.5950235 0.393783
vt 0.6674656 0.2350527
vt 0.5596424 0.3747918
vt 0.6629587 0.2314287
vt 0.5287572 0.3499569
vt 0.6592694 0.2270819
vt 0.5034758 0.320169
vt 0.6565304 0.2221683
vt 0.4847052 0.2864966
vt 0.6548398 0.2168641
vt 0.473118 0.2501469
vt 0.6542576 0.2113592
vt 0.4691295 0.2124238
vt 0.6548052 0.2058515
vt 0.4728827 0.1746799
vt 0.656463 0.2005382
vt 0.4842426 0.1382684
vt 0.6591709 0.1956099
vt 0.5028012 0.1044949
vt 0.6628326 0.191243
vt 0.5278933 0.07456982
vt 0.6673161 0.1875942
vt 0.5586185 0.04956517
vt 0.6724609 0.1847942
vt 0.5938758 0.030377
vt 0.6780828 0.1829432
vt 0.6324015 0.01769257
vt 0.6839803 0.1821076
vt 0.6728151 0.01196533
vt 0.6899419 0.182317
vt 0.7136689 0.01340047
vt 0.695754 0.183564
vt 0.7534992 0.02194622
vt 0.7012089 0.185804
vt 0.7908794 0.03729588
vt 0.7061108 0.1889565
vt 0.8244715 0.0589
vt 0.7102841 0.1929088
vt 0.8530722 0.08598483
vt 0.71358 0.1975193
vt 0.8756571 0.11758
vt 0.7158798 0.2026229
vt 0.8914174 0.1525543
vt 0.7171012 0.2080368
vt 0.8997882 0.1896552
vt 0.9549254 0.9198461
vt 0.9852966 0.9475102
vt 0.9852966 0.9198461
vt 0.9549257 0.9475108
vt 0.9245542 0.9198474
vt 0.9245545 0.9475112
vt 0.8941832 0.9198474
vt 0.8941834 0.9475112
vt 0.8638122 0.9198474
vt 0.8638124 0.9475112
vt 0.833441 0.9198474
vt 0.833441 0.947512
vt 0.8030695 0.9198474
vt 0.8030697 0.9475112
vt 0.7726985 0.9198474
vt 0.7726985 0.9475115
vt 0.7423273 0.9198478
vt 0.7423275 0.947512
vt 0.7119561 0.9198478
vt 0.7119563 0.947512
vt 0.6815851 0.9198482
vt 0.6815851 0.9475124
vt 0.6512138 0.9198482
vt 0.6512138 0.9475124
vt 0.6208428 0.919849
vt 0.6208428 0.9475124
vt 0.5904717 0.9198493
vt 0.5904717 0.9475137
vt 0.5601006 0.9198499
vt 0.5601006 0.9475137
vt 0.5297295 0.9198499
vt 0.5297295 0.947514
vt 0.4993585 0.9198499
vt 0.4993585 0.947514
vt 0.4689873 0.9198499
vt 0.4689873 0.947514
vt 0.4386162 0.9198503
vt 0.4386162 0.947514
vt 0.4082448 0.9198499
vt 0.4082449 0.9475144
vt 0.3778737 0.9198499
vt 0.3778737 0.947514
vt 0.3475023 0.9198499
vt 0.3475023 0.9475144
vt 0.3171308 0.9198499
vt 0.3171308 0.947514
vt 0.2867594 0.9198499
vt 0.2867594 0.947514
vt 0.2563881 0.9198493
vt 0.256388 0.9475137
vt 0.2260165 0.919849
vt 0.2260165 0.9475137
vt 0.1956451 0.919849
vt 0.195645 0.9475132
vt 0.1652736 0.9198486
vt 0.1652736 0.9475132
vt 0.1349021 0.9198486
vt 0.1349021 0.9475124
vt 0.1045306 0.9198478
vt 0.1045306 0.947512
vt 0.0741592 0.9198474
vt 0.07415915 0.9475115
vt 0.04378766 0.919847
vt 0.04378757 0.9475115
vt 0.01341602 0.9198467
vt 0.01341602 0.9475112
vt 0.6564995 0.646935
vt 0.6623499 0.7095963
vt 0.6607679 0.6458566
vt 0.6592032 0.7101492
vt 0.6523449 0.6480201
vt 0.655904 0.7107171
vt 0.6482984 0.6491038
vt 0.6524746 0.7112565
vt 0.644354 0.6501783
vt 0.6489456 0.7117547
vt 0.6405069 0.6512365
vt 0.6453433 0.712203
vt 0.6367526 0.6522724
vt 0.6416907 0.7125962
vt 0.633087 0.653281
vt 0.6380069 0.712931
vt 0.6295061 0.6542568
vt 0.6343088 0.7132063
vt 0.6260069 0.6551962
vt 0.6306109 0.7134228
vt 0.622585 0.6560954
vt 0.6269206 0.7135276
vt 0.6192366 0.656951
vt 0.6232373 0.7135721
vt 0.6159593 0.6577613
vt 0.6195713 0.7135545
vt 0.6127495 0.6585249
vt 0.6159321 0.7134731
vt 0.6096042 0.6592399
vt 0.6123275 0.7133271
vt 0.6065204 0.6599058
vt 0.6087651 0.7131169
vt 0.6034957 0.660522
vt 0.6052522 0.7128428
vt 0.6005266 0.6610887
vt 0.6017953 0.7125053
vt 0.5976108 0.6616061
vt 0.5984008 0.7121055
vt 0.5947456 0.6620749
vt 0.5950752 0.7116446
vt 0.5919281 0.6624966
vt 0.5918249 0.7111247
vt 0.5891556 0.6628729
vt 0.5886567 0.7105473
vt 0.5864256 0.6632048
vt 0.5855778 0.7099148
vt 0.5837348 0.6634961
vt 0.582605 0.7092758
vt 0.5810806 0.6637479
vt 0.5797389 0.7085518
vt 0.5784601 0.6639644
vt 0.5769943 0.7078402
vt 0.5758702 0.664148
vt 0.5743808 0.7071091
vt 0.5733066 0.6643025
vt 0.571906 0.7063723
vt 0.5707657 0.6644316
vt 0.5695785 0.7056446
vt 0.568244 0.6645389
vt 0.567407 0.7049453
vt 0.5657358 0.6646287
vt 0.5654003 0.7042969
vt 0.5632364 0.664705
vt 0.5635664 0.7037262
vt 0.5606872 0.6647751
vt 0.5619118 0.7032323
vt 0.6592032 0.7101492
vt 0.678826 0.7378681
vt 0.6623499 0.7095963
vt 0.6728324 0.739097
vt 0.655904 0.7107171
vt 0.667099 0.7399434
vt 0.6524746 0.7112565
vt 0.6615385 0.7405632
vt 0.6489456 0.7117547
vt 0.6561334 0.7409878
vt 0.6453433 0.712203
vt 0.6508695 0.7412409
vt 0.6416907 0.7125962
vt 0.6457351 0.7413398
vt 0.6380069 0.712931
vt 0.6407204 0.7412968
vt 0.6343088 0.7132063
vt 0.6358193 0.7411194
vt 0.6306109 0.7134228
vt 0.6310261 0.7408139
vt 0.6269206 0.7135276
vt 0.6263298 0.7406201
vt 0.6232373 0.7135721
vt 0.6217312 0.7403197
vt 0.6195713 0.7135545
vt 0.6172266 0.7399228
vt 0.6159321 0.7134731
vt 0.6128126 0.7394381
vt 0.6123275 0.7133271
vt 0.6084854 0.7388721
vt 0.6087651 0.7131169
vt 0.6042414 0.7382305
vt 0.6052522 0.7128428
vt 0.6000773 0.7375172
vt 0.6017953 0.7125053
vt 0.5959895 0.7367352
vt 0.5984008 0.7121055
vt 0.591975 0.7358861
vt 0.5950752 0.7116446
vt 0.5880302 0.734971
vt 0.5918249 0.7111247
vt 0.5841516 0.7339893
vt 0.5886567 0.7105473
vt 0.5803363 0.7329392
vt 0.5855778 0.7099148
vt 0.5765803 0.7318186
vt 0.582605 0.7092758
vt 0.572943 0.7304381
vt 0.5797389 0.7085518
vt 0.5692981 0.7291521
vt 0.5769943 0.7078402
vt 0.5657735 0.7276013
vt 0.5743808 0.7071091
vt 0.5623047 0.7259443
vt 0.571906 0.7063723
vt 0.5588933 0.7241638
vt 0.5695785 0.7056446
vt 0.5555427 0.7222377
vt 0.567407 0.7049453
vt 0.552259 0.720141
vt 0.5654003 0.7042969
vt 0.5490514 0.7178441
vt 0.5635664 0.7037262
vt 0.5459331 0.7153111
vt 0.5619118 0.7032323
vt 0.5428597 0.7125329
vt 0.6728324 0.739097
vt 0.678826 0.8068997
vt 0.678826 0.7378681
vt 0.6727808 0.8068995
vt 0.667099 0.7399434
vt 0.6666008 0.8068728
vt 0.6615385 0.7405632
vt 0.6604066 0.8068081
vt 0.6561334 0.7409878
vt 0.6541983 0.8066924
vt 0.6508695 0.7412409
vt 0.6479748 0.8065159
vt 0.6457351 0.7413398
vt 0.6417351 0.8062696
vt 0.6407204 0.7412968
vt 0.6354777 0.8059452
vt 0.6358193 0.7411194
vt 0.6292004 0.805536
vt 0.6310261 0.7408139
vt 0.6231821 0.80407
vt 0.6263298 0.7406201
vt 0.6173108 0.8025488
vt 0.6217312 0.7403197
vt 0.611581 0.8009767
vt 0.6172266 0.7399228
vt 0.6059859 0.7993571
vt 0.6128126 0.7394381
vt 0.6005192 0.797694
vt 0.6084854 0.7388721
vt 0.5951746 0.7959896
vt 0.6042414 0.7382305
vt 0.5899453 0.7942473
vt 0.6000773 0.7375172
vt 0.5848248 0.7924682
vt 0.5959895 0.7367352
vt 0.5798069 0.7906545
vt 0.591975 0.7358861
vt 0.5748855 0.7888072
vt 0.5880302 0.734971
vt 0.5700536 0.786927
vt 0.5841516 0.7339893
vt 0.5653059 0.7850136
vt 0.5803363 0.7329392
vt 0.5606368 0.7830665
vt 0.5765803 0.7318186
vt 0.5560403 0.7810853
vt 0.572943 0.7304381
vt 0.5515119 0.7790689
vt 0.5692981 0.7291521
vt 0.5470453 0.7770179
vt 0.5657735 0.7276013
vt 0.5426362 0.7749311
vt 0.5623047 0.7259443
vt 0.5382786 0.7728091
vt 0.5588933 0.7241638
vt 0.5339671 0.7706523
vt 0.5555427 0.7222377
vt 0.5296954 0.7684619
vt 0.552259 0.720141
vt 0.5254568 0.76624
vt 0.5490514 0.7178441
vt 0.5212439 0.7639883
vt 0.5459331 0.7153111
vt 0.5170481 0.7617093
vt 0.5428597 0.7125329
vt 0.5128592 0.7594089
vt 0.2846159 0.2197397
vt 0.4684855 0.2327008
vt 0.2857985 0.2143185
vt 0.4603816 0.2698527
vt 0.2823527 0.2248573
vt 0.4448726 0.3049235
vt 0.2790902 0.229488
vt 0.4225136 0.3366565
vt 0.2749446 0.2334656
vt 0.3941053 0.3639148
vt 0.270065 0.2366477
vt 0.3606656 0.3857211
vt 0.2646258 0.2389201
vt 0.323392 0.4012934
vt 0.2588221 0.2402012
vt 0.283621 0.4100732
vt 0.2528623 0.2404454
vt 0.2427779 0.4117455
vt 0.2469594 0.2396433
vt 0.2023268 0.4062496
vt 0.2413255 0.2378241
vt 0.1637185 0.3937823
vt 0.2361627 0.2350527
vt 0.1283374 0.3747907
vt 0.2316559 0.2314287
vt 0.0974527 0.3499554
vt 0.2279667 0.2270818
vt 0.07217172 0.3201672
vt 0.2252277 0.2221682
vt 0.05340138 0.2864946
vt 0.2235369 0.216864
vt 0.04181477 0.2501448
vt 0.2229548 0.2113591
vt 0.03782687 0.2124216
vt 0.2235028 0.2058514
vt 0.04158047 0.1746776
vt 0.2251604 0.200538
vt 0.05294067 0.1382665
vt 0.2278686 0.1956099
vt 0.07149997 0.1044932
vt 0.2315302 0.1912428
vt 0.09659216 0.07456824
vt 0.2360137 0.1875943
vt 0.1273179 0.04956424
vt 0.2411588 0.1847942
vt 0.1625755 0.03037634
vt 0.2467807 0.1829433
vt 0.2011013 0.01769215
vt 0.2526778 0.1821076
vt 0.241515 0.01196533
vt 0.2586396 0.1823171
vt 0.2823686 0.01340103
vt 0.2644517 0.1835642
vt 0.3221989 0.02194709
vt 0.2699062 0.1858042
vt 0.3595793 0.03729752
vt 0.2748082 0.1889568
vt 0.393171 0.05890206
vt 0.2789816 0.1929092
vt 0.4217711 0.08598718
vt 0.2822772 0.1975197
vt 0.4443552 0.1175826
vt 0.284577 0.2026234
vt 0.460115 0.152557
vt 0.2857985 0.2080372
vt 0.4684855 0.1896582
vt 0.9549261 0.9497415
vt 0.9852974 0.9774053
vt 0.9852974 0.9497415
vt 0.9549261 0.9774053
vt 0.9245549 0.9497415
vt 0.9245549 0.9774057
vt 0.8941838 0.9497415
vt 0.8941838 0.9774053
vt 0.8638124 0.9497415
vt 0.8638124 0.9774053
vt 0.833441 0.949741
vt 0.833441 0.9774053
vt 0.8030694 0.949741
vt 0.8030695 0.9774053
vt 0.7726982 0.9497406
vt 0.7726982 0.9774053
vt 0.742327 0.9497406
vt 0.742327 0.9774048
vt 0.7119558 0.949741
vt 0.7119558 0.9774053
vt 0.6815846 0.949741
vt 0.6815846 0.9774053
vt 0.6512134 0.949741
vt 0.6512134 0.9774053
vt 0.6208422 0.9497418
vt 0.6208422 0.9774057
vt 0.5904712 0.9497423
vt 0.5904712 0.9774057
vt 0.5601002 0.9497423
vt 0.5601002 0.9774061
vt 0.529729 0.9497423
vt 0.5297291 0.9774063
vt 0.4993579 0.9497423
vt 0.4993579 0.9774063
vt 0.4689866 0.9497423
vt 0.4689866 0.9774069
vt 0.4386155 0.9497428
vt 0.4386155 0.9774069
vt 0.4082442 0.9497423
vt 0.4082442 0.9774069
vt 0.3778729 0.9497423
vt 0.3778729 0.9774069
vt 0.3475015 0.9497423
vt 0.3475014 0.9774069
vt 0.31713 0.9497423
vt 0.31713 0.9774063
vt 0.2867587 0.9497423
vt 0.2867587 0.9774069
vt 0.2563874 0.9497423
vt 0.2563873 0.9774061
vt 0.226016 0.9497415
vt 0.226016 0.9774063
vt 0.1956446 0.9497418
vt 0.1956446 0.9774061
vt 0.1652731 0.9497415
vt 0.1652731 0.9774057
vt 0.1349016 0.9497415
vt 0.1349016 0.9774053
vt 0.1045302 0.949741
vt 0.1045302 0.9774048
vt 0.07415885 0.9497406
vt 0.07415885 0.9774053
vt 0.0437873 0.949741
vt 0.0437873 0.9774053
vt 0.01341602 0.9497403
vt 0.01341602 0.9774044
vt 0.3925243 0.6544015
vt 0.3897306 0.6562639
vt 0.3927423 0.655417
vt 0.3893925 0.6546875
vt 0.3903942 0.657749
vt 0.3925243 0.653366
vt 0.3931696 0.6563736
vt 0.3893925 0.65308
vt 0.3913574 0.6590854
vt 0.3927423 0.6523506
vt 0.3937901 0.6572345
vt 0.3897306 0.6515035
vt 0.3925833 0.6602221
vt 0.3931694 0.6513939
vt 0.3945798 0.6579667
vt 0.3903941 0.6500185
vt 0.3940248 0.661115
vt 0.3937902 0.6505331
vt 0.3955084 0.6585419
vt 0.3913573 0.648682
vt 0.3956267 0.6617301
vt 0.3945797 0.6498008
vt 0.3965401 0.6589382
vt 0.3925832 0.6475454
vt 0.3973272 0.6620437
vt 0.3955083 0.6492257
vt 0.3976355 0.6591402
vt 0.3940248 0.6466523
vt 0.3990607 0.6620437
vt 0.3965401 0.6488292
vt 0.3987523 0.6591402
vt 0.3956266 0.6460372
vt 0.400761 0.6617301
vt 0.3976354 0.6486273
vt 0.3998476 0.6589382
vt 0.3973269 0.6457236
vt 0.4023627 0.6611149
vt 0.3987521 0.6486273
vt 0.4008793 0.6585419
vt 0.3990605 0.6457236
vt 0.4038044 0.6602221
vt 0.3998476 0.6488292
vt 0.4018079 0.6579666
vt 0.400761 0.6460372
vt 0.4050303 0.6590854
vt 0.4008792 0.6492255
vt 0.4025977 0.6572345
vt 0.4023628 0.6466523
vt 0.4059935 0.6577489
vt 0.4018081 0.6498007
vt 0.4032183 0.6563736
vt 0.4038044 0.6475452
vt 0.4066569 0.6562638
vt 0.4025978 0.650533
vt 0.4036455 0.655417
vt 0.4050304 0.6486819
vt 0.406995 0.6546875
vt 0.4032183 0.6513939
vt 0.4038635 0.6544015
vt 0.4059936 0.6500183
vt 0.406995 0.6530801
vt 0.4036456 0.6523507
vt 0.4038633 0.6533661
vt 0.4066569 0.6515037
vt 0.3805055 0.6591398
vt 0.3825143 0.66173
vt 0.3816009 0.6589378
vt 0.3808138 0.6620435
vt 0.384116 0.6611149
vt 0.3793886 0.6591398
vt 0.3826327 0.6585415
vt 0.3790802 0.6620435
vt 0.3855575 0.6602218
vt 0.3782934 0.6589378
vt 0.3835613 0.6579663
vt 0.3773797 0.66173
vt 0.3867835 0.6590853
vt 0.3772615 0.6585415
vt 0.3843509 0.6572342
vt 0.3757779 0.6611147
vt 0.3877468 0.6577486
vt 0.3763331 0.6579663
vt 0.3849714 0.6563734
vt 0.3743364 0.6602218
vt 0.3884102 0.6562636
vt 0.3755433 0.6572343
vt 0.3853988 0.6554167
vt 0.3731106 0.6590852
vt 0.3887484 0.6546872
vt 0.3749228 0.6563732
vt 0.3856168 0.6544011
vt 0.3721473 0.6577487
vt 0.3887484 0.6530797
vt 0.3744954 0.6554165
vt 0.3856167 0.6533658
vt 0.3714838 0.6562636
vt 0.38841 0.6515031
vt 0.3742776 0.654401
vt 0.3853988 0.6523501
vt 0.3711455 0.654687
vt 0.3877466 0.6500182
vt 0.3742773 0.6533657
vt 0.3849714 0.6513935
vt 0.3711455 0.6530797
vt 0.3867835 0.6486819
vt 0.3744954 0.65235
vt 0.3843509 0.6505327
vt 0.3714838 0.6515031
vt 0.3855575 0.6475453
vt 0.3749228 0.6513935
vt 0.3835613 0.6498005
vt 0.3721472 0.6500182
vt 0.3841159 0.6466523
vt 0.3755432 0.6505326
vt 0.3826327 0.6492254
vt 0.3731104 0.6486816
vt 0.3825143 0.646037
vt 0.3763329 0.6498004
vt 0.3816009 0.6488291
vt 0.3743364 0.6475451
vt 0.380814 0.6457236
vt 0.3772616 0.6492251
vt 0.3805057 0.6486272
vt 0.3757779 0.646652
vt 0.3790802 0.6457236
vt 0.3782935 0.6488292
vt 0.3793889 0.6486273
vt 0.3773798 0.6460372
vt 0.5808879 0.4123426
vt 0.5262637 0.4200953
vt 0.5272914 0.4275218
vt 0.5811027 0.4227994
vt 0.5279233 0.4349536
vt 0.6117826 0.4263037
vt 0.6149687 0.4129647
vt 0.5804641 0.4328392
vt 0.528201 0.4422984
vt 0.6080672 0.4374879
vt 0.6257235 0.4309696
vt 0.6324125 0.41706
vt 0.5793229 0.4421235
vt 0.5282961 0.449503
vt 0.6042662 0.4473889
vt 0.6197882 0.4421049
vt 0.6385516 0.4379738
vt 0.6482552 0.4256727
vt 0.5778903 0.4507186
vt 0.5282093 0.4565994
vt 0.6007086 0.4561454
vt 0.6144968 0.4516047
vt 0.6304947 0.4481214
vt 0.6495671 0.4472537
vt 0.6622579 0.4370984
vt 0.5763174 0.4587702
vt 0.5279941 0.4635874
vt 0.5974491 0.4640484
vt 0.6098352 0.4599406
vt 0.6237521 0.4567754
vt 0.6397738 0.4556809
vt 0.5747221 0.4663517
vt 0.5276973 0.4704724
vt 0.5945088 0.4713015
vt 0.6057549 0.4674301
vt 0.6180577 0.464397
vt 0.6318825 0.4630272
vt 0.5731788 0.4735355
vt 0.5273602 0.4772623
vt 0.5918803 0.4780505
vt 0.6022058 0.4742964
vt 0.6132227 0.4712692
vt 0.6253543 0.4696396
vt 0.5717369 0.4803873
vt 0.5270184 0.4839658
vt 0.5896289 0.4844646
vt 0.5991503 0.4807184
vt 0.6091071 0.4775859
vt 0.6199173 0.4756984
vt 0.5704196 0.4869592
vt 0.5266978 0.4905984
vt 0.587701 0.4905596
vt 0.5964924 0.4866951
vt 0.6055964 0.4834757
vt 0.61537 0.4813423
vt 0.5694144 0.4933715
vt 0.5264156 0.4971675
vt 0.5860171 0.4963546
vt 0.5942354 0.4924289
vt 0.6026269 0.4891145
vt 0.6115332 0.4866975
vt 0.5685908 0.4995856
vt 0.5261881 0.5036755
vt 0.5846075 0.5019708
vt 0.5923386 0.497938
vt 0.6001269 0.4944773
vt 0.6083252 0.4917533
vt 0.5677805 0.5056025
vt 0.5260305 0.5101345
vt 0.5835177 0.5074881
vt 0.5907759 0.5032718
vt 0.5980451 0.499648
vt 0.6056154 0.4966731
vt 0.5671607 0.511515
vt 0.5259547 0.5165546
vt 0.5826924 0.5128926
vt 0.5895345 0.5084888
vt 0.5963473 0.5046555
vt 0.6033629 0.5014454
vt 0.566726 0.5173489
vt 0.5259695 0.5229443
vt 0.5821418 0.5182201
vt 0.5885888 0.5136111
vt 0.5950009 0.5095683
vt 0.6015448 0.5061324
vt 0.5664681 0.5231307
vt 0.526077 0.5293172
vt 0.5818777 0.5234846
vt 0.5879531 0.5186743
vt 0.5939993 0.514398
vt 0.6001036 0.5107229
vt 0.5665537 0.5288926
vt 0.5262755 0.5356748
vt 0.5875772 0.5236775
vt 0.5932768 0.5191557
vt 0.5990195 0.5152409
vt 0.5817454 0.5287116
vt 0.5666444 0.5346438
vt 0.5265614 0.542032
vt 0.5928699 0.5238844
vt 0.5982667 0.5197064
vt 0.5875111 0.5286551
vt 0.5819572 0.5339367
vt 0.5670892 0.54041
vt 0.5269237 0.5483987
vt 0.5978376 0.5241455
vt 0.5927709 0.5285916
vt 0.5877129 0.5336282
vt 0.5823639 0.5391885
vt 0.5677252 0.5462115
vt 0.5273506 0.5547819
vt 0.5977226 0.5285706
vt 0.5929688 0.5332937
vt 0.5881798 0.538617
vt 0.5830303 0.5444922
vt 0.5683827 0.5521064
vt 0.5278322 0.5611954
vt 0.5979217 0.5329828
vt 0.5934657 0.5380092
vt 0.5889296 0.5436441
vt 0.5840049 0.5498436
vt 0.5692376 0.5581073
vt 0.5283542 0.5676527
vt 0.5984423 0.5374051
vt 0.5942684 0.5427566
vt 0.5899782 0.5487311
vt 0.5852315 0.5552992
vt 0.5702761 0.5642492
vt 0.5288975 0.5741672
vt 0.599287 0.5418538
vt 0.5953889 0.5475566
vt 0.5913292 0.5539062
vt 0.5867283 0.5608943
vt 0.5714856 0.5705726
vt 0.5294385 0.5807528
vt 0.6004708 0.546348
vt 0.5968383 0.5524282
vt 0.593001 0.5592017
vt 0.5885077 0.5666738
vt 0.5728516 0.5771259
vt 0.5299481 0.5874232
vt 0.6020031 0.5508861
vt 0.5986395 0.5574053
vt 0.5950165 0.5646479
vt 0.590586 0.5727157
vt 0.5743538 0.5839597
vt 0.5303898 0.5941923
vt 0.6039141 0.5554932
vt 0.6008287 0.5625514
vt 0.5974001 0.5703024
vt 0.5930415 0.5789906
vt 0.5759611 0.5911506
vt 0.5307211 0.6010738
vt 0.6062555 0.5601899
vt 0.6034627 0.5678136
vt 0.6001506 0.5762659
vt 0.5958053 0.5856215
vt 0.5777427 0.5986719
vt 0.5308892 0.6080782
vt 0.6090571 0.5650501
vt 0.6065401 0.5733011
vt 0.6033665 0.5826328
vt 0.5988405 0.5928975
vt 0.5794913 0.6066874
vt 0.5308352 0.6152123
vt 0.6123828 0.5700856
vt 0.6101786 0.5791063
vt 0.6070879 0.5893593
vt 0.6022996 0.6008481
vt 0.5810273 0.6153792
vt 0.5304987 0.6224728
vt 0.6163409 0.5752952
vt 0.614462 0.585404
vt 0.611378 0.5967742
vt 0.6061404 0.6095771
vt 0.5823243 0.6247059
vt 0.529796 0.6297821
vt 0.6210286 0.5807794
vt 0.6194348 0.5920549
vt 0.6163304 0.6050016
vt 0.6101879 0.6192876
vt 0.583111 0.6346508
vt 0.5287226 0.6372313
vt 0.5830034 0.6452596
vt 0.6178586 0.6441536
vt 0.6141361 0.6304651
vt 0.6350414 0.6391363
vt 0.6282363 0.6256238
vt 0.6516244 0.6307883
vt 0.6219138 0.6144214
vt 0.6409692 0.6181353
vt 0.6647645 0.617915
vt 0.6324039 0.6080095
vt 0.6518772 0.6084179
vt 0.6746645 0.6027735
vt 0.625345 0.5994539
vt 0.6598868 0.596589
vt 0.678826 0.5856711
vt 0.6415384 0.6001974
vt 0.633355 0.5930891
vt 0.6649849 0.5835868
vt 0.6779986 0.5689608
vt 0.6488634 0.5909826
vt 0.6266448 0.5867198
vt 0.6666268 0.570017
vt 0.6725066 0.5539596
vt 0.6543968 0.5807024
vt 0.6401606 0.5856845
vt 0.6329059 0.580575
vt 0.6645616 0.5568151
vt 0.6634777 0.541999
vt 0.657163 0.5695002
vt 0.6453869 0.5772482
vt 0.6269493 0.5757072
vt 0.6591451 0.5449803
vt 0.6525458 0.5335543
vt 0.6573113 0.558041
vt 0.6491184 0.5680511
vt 0.6381379 0.573661
vt 0.6219888 0.5710208
vt 0.6509105 0.5354207
vt 0.6409403 0.5283804
vt 0.654622 0.546901
vt 0.6508253 0.5581652
vt 0.642391 0.5659781
vt 0.63218 0.569973
vt 0.6178141 0.5664681
vt 0.6490216 0.5368569
vt 0.6502553 0.5479389
vt 0.6451122 0.5574694
vt 0.6366483 0.5634857
vt 0.627157 0.566214
vt 0.6143415 0.562044
vt 0.6470081 0.5378661
vt 0.6462275 0.5482261
vt 0.6401885 0.5561921
vt 0.6317875 0.5607302
vt 0.6229309 0.5624348
vt 0.6113812 0.557674
vt 0.6449357 0.5384889
vt 0.6424087 0.5479563
vt 0.6358334 0.5544661
vt 0.6276579 0.5577939
vt 0.6193485 0.5586228
vt 0.6089582 0.5534185
vt 0.6428989 0.5387392
vt 0.6389992 0.5472017
vt 0.6320847 0.5524367
vt 0.6241376 0.5547189
vt 0.6163473 0.5548402
vt 0.606943 0.5491704
vt 0.6409468 0.5386655
vt 0.6360011 0.5460894
vt 0.639104 0.5383366
vt 0.6374289 0.5377492
vt 0.6359288 0.5369619
vt 0.6288714 0.5501735
vt 0.633329 0.5446746
vt 0.6212504 0.5515897
vt 0.6310091 0.5430351
vt 0.6260923 0.5477394
vt 0.6138746 0.5510551
vt 0.6187612 0.5483562
vt 0.6237899 0.5451672
vt 0.6290329 0.5412178
vt 0.6118305 0.5472805
vt 0.6167416 0.5450919
vt 0.6053641 0.544998
vt 0.6102055 0.5435052
vt 0.6041393 0.5408678
vt 0.6218953 0.5424996
vt 0.6346164 0.5360088
vt 0.615146 0.5418006
vt 0.6089638 0.5397484
vt 0.6032668 0.5367484
vt 0.6274095 0.539278
vt 0.6203653 0.5397679
vt 0.6139207 0.5384847
vt 0.608081 0.5359945
vt 0.6027321 0.5326344
vt 0.6334702 0.5349397
vt 0.6260511 0.5372269
vt 0.6191941 0.5369826
vt 0.6130479 0.5351506
vt 0.6075436 0.5322423
vt 0.6025306 0.5285216
vt 0.6325498 0.5337431
vt 0.6249963 0.5350901
vt 0.6183435 0.5341486
vt 0.6125196 0.531805
vt 0.6073413 0.5284924
vt 0.6026611 0.5244191
vt 0.6318327 0.5324634
vt 0.6242805 0.5328857
vt 0.6178367 0.5312904
vt 0.6123316 0.5284542
vt 0.603107 0.520304
vt 0.607468 0.5247386
vt 0.631322 0.5311227
vt 0.6238132 0.5306463
vt 0.631019 0.529744
vt 0.6308897 0.5283452
vt 0.6310042 0.5269436
vt 0.6038901 0.5161658
vt 0.6079496 0.5209703
vt 0.6176483 0.5284188
vt 0.6236391 0.5283848
vt 0.6124622 0.5250993
vt 0.6050225 0.511996
vt 0.6237891 0.5261208
vt 0.6177981 0.5255432
vt 0.6129376 0.5217407
vt 0.608745 0.5172001
vt 0.6065525 0.5077649
vt 0.6182483 0.5226711
vt 0.6241879 0.5238664
vt 0.6137601 0.5183852
vt 0.6099241 0.5134014
vt 0.6084628 0.5034875
vt 0.6190463 0.5198226
vt 0.6312929 0.5255566
vt 0.6149293 0.515039
vt 0.6114792 0.5096029
vt 0.6108099 0.4991524
vt 0.6249153 0.5216539
vt 0.6201809 0.5170049
vt 0.6164811 0.5117055
vt 0.6134526 0.5057691
vt 0.6136847 0.4947063
vt 0.6318246 0.5242141
vt 0.6259504 0.5194902
vt 0.6216925 0.5142265
vt 0.6184391 0.5083935
vt 0.6158932 0.5019014
vt 0.6170957 0.4901617
vt 0.6325307 0.5229226
vt 0.6272402 0.5174044
vt 0.623559 0.5115252
vt 0.620838 0.5051189
vt 0.6187887 0.4980584
vt 0.621166 0.4854983
vt 0.633474 0.5217268
vt 0.6288936 0.5154273
vt 0.6258428 0.5089084
vt 0.6237531 0.5018889
vt 0.6222683 0.494171
vt 0.6259996 0.4806712
vt 0.6346189 0.5206386
vt 0.630895 0.5135727
vt 0.635936 0.51967
vt 0.6374686 0.5188872
vt 0.6391768 0.5183045
vt 0.6285741 0.5064094
vt 0.6332119 0.5119045
vt 0.62723 0.4987175
vt 0.6358896 0.5104602
vt 0.6317988 0.5040715
vt 0.6264709 0.4902494
vt 0.6312941 0.4956685
vt 0.6355715 0.5019538
vt 0.6389815 0.5092931
vt 0.6315134 0.4862914
vt 0.636071 0.4927935
vt 0.6318581 0.4755972
vt 0.6374215 0.4824015
vt 0.6389756 0.4702288
vt 0.6399719 0.5001284
vt 0.6410264 0.5179412
vt 0.6418366 0.4901305
vt 0.6445445 0.4785701
vt 0.6475654 0.464569
vt 0.6424565 0.5084883
vt 0.6449836 0.4987083
vt 0.6486301 0.4878252
vt 0.6533335 0.4748025
vt 0.6582925 0.4584632
vt 0.6718277 0.4519668
vt 0.6641862 0.4712618
vt 0.6778436 0.4681503
vt 0.6430108 0.5178612
vt 0.6462472 0.5081471
vt 0.6507736 0.4978525
vt 0.6567627 0.4860534
vt 0.6666318 0.4851405
vt 0.678826 0.4856391
vt 0.6450996 0.5181231
vt 0.650479 0.5084051
vt 0.6573882 0.4977967
vt 0.6650592 0.4989
vt 0.6732978 0.5016246
vt 0.6472117 0.518741
vt 0.6550512 0.5094109
vt 0.6596436 0.5113153
vt 0.6643143 0.5143584
vt 0.6492786 0.5197789
vt 0.6512188 0.5212592
vt 0.6529058 0.5231892
vt 0.4707198 0.6451264
vt 0.5253107 0.6372104
vt 0.5242588 0.6297902
vt 0.4705354 0.6345968
vt 0.5236024 0.6223686
vt 0.4399477 0.631471
vt 0.4369086 0.644389
vt 0.4711387 0.6246953
vt 0.5232939 0.6150274
vt 0.443619 0.6200193
vt 0.4261814 0.6267027
vt 0.4198101 0.6404773
vt 0.4722622 0.6154447
vt 0.5231661 0.6078203
vt 0.4472196 0.6101866
vt 0.4318032 0.6157609
vt 0.4132706 0.620167
vt 0.4041057 0.6324065
vt 0.4735557 0.6067603
vt 0.5232204 0.6007223
vt 0.4507053 0.6015844
vt 0.4369516 0.6061376
vt 0.4210485 0.6099017
vt 0.402053 0.6111628
vt 0.3901312 0.6215559
vt 0.4750831 0.5987136
vt 0.5234046 0.5937335
vt 0.4538958 0.5935493
vt 0.44152 0.5977435
vt 0.4276918 0.6010526
vt 0.4116326 0.6024304
vt 0.4766454 0.5911334
vt 0.5236722 0.5868481
vt 0.4567869 0.5862662
vt 0.4455584 0.5903186
vt 0.4333223 0.5932922
vt 0.4193458 0.5949855
vt 0.4781651 0.5839458
vt 0.5239812 0.5800583
vt 0.4593703 0.579475
vt 0.4490688 0.5833384
vt 0.4380445 0.5863902
vt 0.4258605 0.5882321
vt 0.4795965 0.5770884
vt 0.5243 0.5733488
vt 0.4615491 0.5730048
vt 0.4520923 0.5768656
vt 0.4421142 0.580064
vt 0.4312654 0.5820457
vt 0.4807445 0.5704349
vt 0.5246058 0.5667117
vt 0.4635279 0.5669811
vt 0.4547384 0.5708684
vt 0.4455979 0.5741303
vt 0.4357877 0.5763357
vt 0.481722 0.564018
vt 0.5248781 0.5601437
vt 0.465242 0.5611733
vt 0.4569648 0.5650939
vt 0.4485479 0.5684547
vt 0.4396082 0.5709272
vt 0.48269 0.5578398
vt 0.5250961 0.553633
vt 0.4665514 0.5554515
vt 0.4588433 0.5595589
vt 0.4510244 0.5630464
vt 0.4428057 0.5658269
vt 0.4834753 0.5518025
vt 0.5252445 0.5471686
vt 0.4676568 0.5499347
vt 0.4604238 0.5541991
vt 0.4530748 0.5578496
vt 0.4455048 0.5608812
vt 0.4840784 0.5458732
vt 0.5253107 0.5407414
vt 0.4684975 0.5445214
vt 0.4616352 0.548938
vt 0.4547924 0.5528294
vt 0.4477512 0.5560241
vt 0.4845001 0.5400242
vt 0.5252855 0.5343429
vt 0.4690873 0.5391811
vt 0.4625552 0.5437881
vt 0.4561434 0.5478942
vt 0.4495651 0.5513395
vt 0.4847422 0.53423
vt 0.525163 0.5279667
vt 0.4693357 0.5338876
vt 0.4631754 0.5387119
vt 0.4571607 0.543035
vt 0.4510059 0.5467342
vt 0.4848173 0.5284622
vt 0.5249429 0.5216011
vt 0.4635717 0.5337008
vt 0.4578615 0.5382423
vt 0.4521016 0.5421821
vt 0.4693937 0.5286458
vt 0.4845606 0.5226974
vt 0.5246337 0.5152401
vt 0.4582649 0.533492
vt 0.4528512 0.5376927
vt 0.4636273 0.5287004
vt 0.469256 0.5233991
vt 0.4841314 0.5169245
vt 0.5242454 0.508875
vt 0.453279 0.5332317
vt 0.4583644 0.5287654
vt 0.4634148 0.5237179
vt 0.4687723 0.5181435
vt 0.4835221 0.5111139
vt 0.5237925 0.5024936
vt 0.4533979 0.528785
vt 0.4581726 0.5240446
vt 0.462981 0.5187173
vt 0.4681169 0.5128394
vt 0.4827184 0.5052376
vt 0.5232891 0.4960875
vt 0.4532025 0.5243527
vt 0.4577003 0.5193
vt 0.4622237 0.5136783
vt 0.4672055 0.5074435
vt 0.4818909 0.4992298
vt 0.5227493 0.4896422
vt 0.4526853 0.5199131
vt 0.4568785 0.5145354
vt 0.4611681 0.5085896
vt 0.4659126 0.5020044
vt 0.4808706 0.4930824
vt 0.5221912 0.4831436
vt 0.4518335 0.5154621
vt 0.4557457 0.5097389
vt 0.4598659 0.5033755
vt 0.4644262 0.4964037
vt 0.4796783 0.4867542
vt 0.5216392 0.476578
vt 0.4506774 0.5109553
vt 0.4542874 0.5048747
vt 0.4581754 0.4980835
vt 0.4626445 0.4906307
vt 0.47833 0.4801934
vt 0.521308 0.4699056
vt 0.4491341 0.5064074
vt 0.4525036 0.4998899
vt 0.4561682 0.4926232
vt 0.4605601 0.4846433
vt 0.4766859 0.4734959
vt 0.5208384 0.4631243
vt 0.4472212 0.5017791
vt 0.4503287 0.494771
vt 0.4538077 0.4869492
vt 0.4581997 0.4782861
vt 0.4751233 0.4663227
vt 0.5204809 0.4562363
vt 0.4448946 0.4970477
vt 0.4477354 0.4894765
vt 0.4510553 0.4809951
vt 0.4554628 0.4716344
vt 0.4734768 0.4587369
vt 0.5202821 0.4492297
vt 0.442108 0.4921845
vt 0.4446782 0.4839539
vt 0.4478649 0.4747082
vt 0.4524015 0.4645001
vt 0.4717227 0.4507704
vt 0.5203003 0.4420971
vt 0.4387991 0.4871491
vt 0.4411016 0.4781502
vt 0.4441911 0.4679544
vt 0.4490002 0.4565989
vt 0.4701792 0.44214
vt 0.5205951 0.4348399
vt 0.4349237 0.4819335
vt 0.4368946 0.4719423
vt 0.4399631 0.4605698
vt 0.4452453 0.4480022
vt 0.4688634 0.4328727
vt 0.5212314 0.4274728
vt 0.4302821 0.4763918
vt 0.4319578 0.4652039
vt 0.4351398 0.4524106
vt 0.4412214 0.438259
vt 0.4679972 0.4229193
vt 0.522258 0.4200983
vt 0.467924 0.4123426
vt 0.4335336 0.414111
vt 0.437223 0.427255
vt 0.4168649 0.4189759
vt 0.42346 0.4321144
vt 0.4007487 0.4270375
vt 0.4296679 0.4431659
vt 0.4109925 0.4393759
vt 0.387915 0.4394234
vt 0.41931 0.4493673
vt 0.4002021 0.4487269
vt 0.378303 0.4538067
vt 0.4261869 0.4577932
vt 0.3919617 0.460065
vt 0.3730525 0.4701117
vt 0.4102331 0.4569526
vt 0.4182367 0.4640914
vt 0.3864911 0.4727946
vt 0.372883 0.4869267
vt 0.4028261 0.4659144
vt 0.4247411 0.4704539
vt 0.3844513 0.4863634
vt 0.3777543 0.5025806
vt 0.3971966 0.4760274
vt 0.4113325 0.4713021
vt 0.4184938 0.4765316
vt 0.3862715 0.4998173
vt 0.3869492 0.5150917
vt 0.3940092 0.4871247
vt 0.4060463 0.4796377
vt 0.4243456 0.4814207
vt 0.3914955 0.5120037
vt 0.398115 0.5236876
vt 0.3935083 0.4987113
vt 0.4020346 0.4887648
vt 0.4130891 0.4833026
vt 0.4292359 0.4861333
vt 0.3997488 0.5217933
vt 0.4098589 0.5289397
vt 0.3960967 0.5100974
vt 0.4001265 0.4987046
vt 0.4088596 0.4909828
vt 0.4190657 0.4871024
vt 0.4333826 0.4907586
vt 0.4016783 0.5203418
vt 0.4005267 0.5090882
vt 0.4057958 0.4994903
vt 0.4144075 0.4935127
vt 0.4240228 0.4909087
vt 0.4368121 0.4951825
vt 0.4037277 0.5193278
vt 0.4046599 0.5088195
vt 0.4108098 0.5008388
vt 0.4192983 0.4963533
vt 0.4282244 0.4947387
vt 0.4397362 0.4995557
vt 0.4058346 0.518709
vt 0.4084542 0.509131
vt 0.4151767 0.5026186
vt 0.4234308 0.4993483
vt 0.4317902 0.4985834
vt 0.4421706 0.5038535
vt 0.4079092 0.5184507
vt 0.4118856 0.5099255
vt 0.4189423 0.5047023
vt 0.4269418 0.5024644
vt 0.4347405 0.5023757
vt 0.4441662 0.50809
vt 0.4098831 0.518532
vt 0.414941 0.5110838
vt 0.4117262 0.5188941
vt 0.4134098 0.5194951
vt 0.4149387 0.5202742
vt 0.4221686 0.5070091
vt 0.4176278 0.5125276
vt 0.4298557 0.5056363
vt 0.4199244 0.514181
vt 0.4249655 0.5094786
vt 0.4372298 0.5061843
vt 0.4323028 0.5088732
vt 0.4272432 0.5120633
vt 0.4219437 0.5160135
vt 0.4392626 0.5099775
vt 0.4343162 0.5121555
vt 0.4457639 0.5122789
vt 0.4408793 0.5137569
vt 0.4469712 0.5164306
vt 0.4291159 0.514739
vt 0.4162571 0.5212408
vt 0.4359065 0.5154641
vt 0.4421175 0.5175391
vt 0.4478386 0.5205671
vt 0.423618 0.5179735
vt 0.4306711 0.5174985
vt 0.4371234 0.5187972
vt 0.4429995 0.5213147
vt 0.4483716 0.5246996
vt 0.4174074 0.5223281
vt 0.424934 0.5200494
vt 0.4318474 0.5203037
vt 0.4380026 0.522153
vt 0.4435375 0.52509
vt 0.4485743 0.528832
vt 0.4183588 0.5235257
vt 0.4259988 0.522207
vt 0.4326677 0.5231569
vt 0.4385378 0.5255213
vt 0.4437383 0.5288653
vt 0.448428 0.5329569
vt 0.4190743 0.5248227
vt 0.4267234 0.5244344
vt 0.4331564 0.5260335
vt 0.4387162 0.5288971
vt 0.4479912 0.5370941
vt 0.4435846 0.5326441
vt 0.4195814 0.5261801
vt 0.42715 0.5266893
vt 0.4199152 0.5275705
vt 0.4200044 0.5289863
vt 0.4199223 0.5304041
vt 0.4471942 0.5412734
vt 0.443121 0.5364344
vt 0.4333552 0.528926
vt 0.4272921 0.5289621
vt 0.4385765 0.5322758
vt 0.4460435 0.5454645
vt 0.4271803 0.5312393
vt 0.4332199 0.5318245
vt 0.4380988 0.5356535
vt 0.4423139 0.540226
vt 0.444537 0.5497112
vt 0.4327466 0.5347121
vt 0.4267365 0.5334972
vt 0.4372712 0.5390313
vt 0.4411206 0.544044
vt 0.4426206 0.5540293
vt 0.4319271 0.5375859
vt 0.4195946 0.5318009
vt 0.4361074 0.5423957
vt 0.4395796 0.5478723
vt 0.4402561 0.5583913
vt 0.4260383 0.535728
vt 0.4307839 0.5404196
vt 0.4345077 0.5457711
vt 0.4376018 0.5517315
vt 0.4374012 0.5628701
vt 0.4190602 0.5331552
vt 0.4249942 0.5379031
vt 0.4292893 0.5432248
vt 0.4325555 0.5491013
vt 0.4351717 0.5556082
vt 0.4339817 0.5674716
vt 0.4183178 0.5344483
vt 0.4236765 0.5400225
vt 0.427402 0.5459483
vt 0.4301518 0.5524045
vt 0.4322208 0.5595269
vt 0.4299165 0.5721958
vt 0.4173984 0.535671
vt 0.4220087 0.5420172
vt 0.4251054 0.5485862
vt 0.42726 0.5556576
vt 0.4287243 0.5634605
vt 0.4250737 0.577109
vt 0.4162427 0.5367699
vt 0.4200075 0.5438774
vt 0.4148892 0.5377309
vt 0.4133451 0.5385232
vt 0.4116234 0.5391127
vt 0.4223616 0.5511071
vt 0.417655 0.5455636
vt 0.4237911 0.5588502
vt 0.4149331 0.5470257
vt 0.4191201 0.5534724
vt 0.4245329 0.5674313
vt 0.4196112 0.5619699
vt 0.4153228 0.555638
vt 0.4118359 0.5482298
vt 0.4195451 0.5714226
vt 0.4147834 0.5649165
vt 0.4192978 0.5822425
vt 0.4135369 0.5754465
vt 0.4122285 0.5877043
vt 0.4108261 0.5575073
vt 0.4097579 0.5394799
vt 0.4089532 0.567663
vt 0.4064571 0.5793749
vt 0.4036138 0.593604
vt 0.4083906 0.5490497
vt 0.4057883 0.558954
vt 0.4019651 0.570084
vt 0.3974714 0.5833582
vt 0.3928696 0.6001005
vt 0.379112 0.6074062
vt 0.3864767 0.5871553
vt 0.3723771 0.5906479
vt 0.4077416 0.5395439
vt 0.4044518 0.54938
vt 0.3998339 0.5598363
vt 0.3939681 0.5719051
vt 0.3838263 0.5729247
vt 0.3711455 0.572517
vt 0.4056456 0.539294
vt 0.4001994 0.5491317
vt 0.39303 0.5599079
vt 0.3854356 0.5588197
vt 0.3767325 0.5559318
vt 0.4035143 0.5386649
vt 0.39564 0.5481235
vt 0.3908888 0.5461611
vt 0.3862024 0.5429679
vt 0.4014095 0.5376109
vt 0.399442 0.5361118
vt 0.3977843 0.534154
vn 3.789082E-06 0 -1
vn 0.1950697 0 -0.9807894
vn 0.1950697 0 -0.9807894
vn 3.789082E-06 0 -1
vn -0.195066 0 -0.9807901
vn -0.195066 0 -0.9807901
vn -0.3826783 0 -0.9238816
vn -0.3826783 0 -0.9238816
vn -0.5555888 0 -0.8314573
vn -0.5555888 0 -0.8314573
vn -0.7071068 0 -0.7071066
vn -0.7071068 0 -0.7071066
vn -0.8314483 0 -0.5556022
vn -0.8314483 0 -0.5556022
vn -0.9238769 0 -0.3826899
vn -0.9238769 0 -0.3826899
vn -0.9807922 0 -0.1950554
vn -0.9807922 0 -0.1950554
vn -1 0 0
vn -1 0 0
vn -0.9807922 0 0.1950554
vn -0.9807922 0 0.1950554
vn -0.9238769 0 0.3826899
vn -0.9238769 0 0.3826899
vn -0.8314483 0 0.5556022
vn -0.8314483 0 0.5556022
vn -0.7071068 0 0.7071066
vn -0.7071068 0 0.7071066
vn -0.5555888 0 0.8314573
vn -0.5555888 0 0.8314573
vn -0.3826783 0 0.9238816
vn -0.3826783 0 0.9238816
vn -0.195066 0 0.9807901
vn -0.195066 0 0.9807901
vn 3.789082E-06 0 1
vn 3.789082E-06 0 1
vn 0.1950697 0 0.9807894
vn 0.1950697 0 0.9807894
vn 0.3826783 0 0.9238816
vn 0.3826783 0 0.9238816
vn 0.5555888 0 0.8314573
vn 0.5555888 0 0.8314573
vn 0.7070856 0 0.7071279
vn 0.7070856 0 0.7071279
vn 0.8314506 0 0.5555987
vn 0.8314506 0 0.5555987
vn 0.9238757 0 0.3826926
vn 0.9238757 0 0.3826926
vn 0.980785 0 0.1950918
vn 0.980785 0 0.1950918
vn 1 0 0
vn 1 0 0
vn 0.980785 0 -0.1950918
vn 0.980785 0 -0.1950918
vn 0.9238757 0 -0.3826926
vn 0.9238757 0 -0.3826926
vn 0.8314506 0 -0.5555987
vn 0.8314506 0 -0.5555987
vn 0.7070856 0 -0.7071279
vn 0.7070856 0 -0.7071279
vn 0.5555888 0 -0.8314573
vn 0.5555888 0 -0.8314573
vn 0.3826783 0 -0.9238816
vn 0.3826783 0 -0.9238816
vn 0.1950697 0 -0.9807894
vn 0.1950697 0 -0.9807894
vn 2.673965E-06 1 0
vn 2.673965E-06 1 0
vn 2.673965E-06 1 0
vn 2.673965E-06 1 0
vn 2.673965E-06 1 0
vn 2.673965E-06 1 0
vn 2.673965E-06 1 0
vn 2.673965E-06 1 0
vn 2.673965E-06 1 0
vn 2.673965E-06 1 0
vn 2.673965E-06 1 0
vn 2.673965E-06 1 0
vn 2.673965E-06 1 0
vn 2.673965E-06 1 0
vn 2.673965E-06 1 0
vn 2.673965E-06 1 0
vn 2.673965E-06 1 0
vn 2.673965E-06 1 0
vn 2.673965E-06 1 0
vn 2.673965E-06 1 0
vn 2.673965E-06 1 0
vn 2.673965E-06 1 0
vn 2.673965E-06 1 0
vn 2.673965E-06 1 0
vn 2.673965E-06 1 0
vn 2.673965E-06 1 0
vn 2.673965E-06 1 0
vn 2.673965E-06 1 0
vn 2.673965E-06 1 0
vn 2.673965E-06 1 0
vn 2.673965E-06 1 0
vn 2.673965E-06 1 0
vn 3.789082E-06 0 -1
vn 0.1951198 0 -0.9807794
vn 0.1951198 0 -0.9807794
vn 3.789082E-06 0 -1
vn -0.1951161 0 -0.9807802
vn -0.1951161 0 -0.9807802
vn -0.3826819 0 -0.9238801
vn -0.3826819 0 -0.9238801
vn -0.5555496 0 -0.8314834
vn -0.5555496 0 -0.8314834
vn -0.7071307 0 -0.7070828
vn -0.7071307 0 -0.7070828
vn -0.8314671 0 -0.5555741
vn -0.8314671 0 -0.5555741
vn -0.9238769 0 -0.3826899
vn -0.9238769 0 -0.3826899
vn -0.9807912 0 -0.1950606
vn -0.9807912 0 -0.1950606
vn -1 0 -5.237982E-06
vn -1 0 -5.237982E-06
vn -0.9807922 0 0.1950554
vn -0.9807922 0 0.1950554
vn -0.9238769 0 0.3826899
vn -0.9238769 0 0.3826899
vn -0.8314483 0 0.5556022
vn -0.8314483 0 0.5556022
vn -0.707136 0 0.7070775
vn -0.707136 0 0.7070775
vn -0.5555839 0 0.8314605
vn -0.5555839 0 0.8314605
vn -0.3826819 0 0.9238801
vn -0.3826819 0 0.9238801
vn -0.1951161 0 0.9807802
vn -0.1951161 0 0.9807802
vn 3.789082E-06 0 1
vn 3.789082E-06 0 1
vn 0.1951198 0 0.9807794
vn 0.1951198 0 0.9807794
vn 0.3826819 0 0.9238801
vn 0.3826819 0 0.9238801
vn 0.5555839 0 0.8314605
vn 0.5555839 0 0.8314605
vn 0.7071148 0 0.7070987
vn 0.7071148 0 0.7070987
vn 0.8314506 0 0.5555987
vn 0.8314506 0 0.5555987
vn 0.9238757 0 0.3826926
vn 0.9238757 0 0.3826926
vn 0.980785 0 0.1950918
vn 0.980785 0 0.1950918
vn 1 0 -5.237982E-06
vn 1 0 -5.237982E-06
vn 0.9807839 0 -0.1950969
vn 0.9807839 0 -0.1950969
vn 0.9238757 0 -0.3826926
vn 0.9238757 0 -0.3826926
vn 0.8314694 0 -0.5555705
vn 0.8314694 0 -0.5555705
vn 0.7071096 0 -0.7071039
vn 0.7071096 0 -0.7071039
vn 0.5555496 0 -0.8314834
vn 0.5555496 0 -0.8314834
vn 0.3826819 0 -0.9238801
vn 0.3826819 0 -0.9238801
vn 0.1951198 0 -0.9807794
vn 0.1951198 0 -0.9807794
vn 1.74389E-06 1 0
vn 1.74389E-06 1 0
vn 1.74389E-06 1 0
vn 1.74389E-06 1 0
vn 1.74389E-06 1 0
vn 1.74389E-06 1 0
vn 1.74389E-06 1 0
vn 1.74389E-06 1 0
vn 1.74389E-06 1 0
vn 1.74389E-06 1 0
vn 1.74389E-06 1 0
vn 1.74389E-06 1 0
vn 1.74389E-06 1 0
vn 1.74389E-06 1 0
vn 1.74389E-06 1 0
vn 1.74389E-06 1 0
vn 1.74389E-06 1 0
vn 1.74389E-06 1 0
vn 1.74389E-06 1 0
vn 1.74389E-06 1 0
vn 1.74389E-06 1 0
vn 1.74389E-06 1 0
vn 1.74389E-06 1 0
vn 1.74389E-06 1 0
vn 1.74389E-06 1 0
vn 1.74389E-06 1 0
vn 1.74389E-06 1 0
vn 1.74389E-06 1 0
vn 1.74389E-06 1 0
vn 1.74389E-06 1 0
vn 1.74389E-06 1 0
vn 1.74389E-06 1 0
vn -0.9238794 -2.869286E-06 -0.3826836
vn -0.9238794 -2.869286E-06 -0.3826835
vn -0.980785 -3.347516E-06 -0.1950915
vn -0.980785 -3.347516E-06 -0.1950916
vn -0.8314688 -2.550471E-06 -0.5555715
vn -1 -3.4272E-06 -1.000889E-06
vn -0.8314688 -2.550471E-06 -0.5555715
vn -1 -3.4272E-06 -1.000889E-06
vn -0.7071052 -2.550471E-06 -0.7071083
vn -0.9807848 -3.905396E-06 0.1950929
vn -0.7071055 -2.550472E-06 -0.7071081
vn -0.9807848 -3.905397E-06 0.195093
vn -0.5555695 -1.912847E-06 -0.8314701
vn -0.9238794 -3.825715E-06 0.3826836
vn -0.5555699 -1.91285E-06 -0.8314698
vn -0.9238793 -3.825713E-06 0.3826839
vn -0.3826874 -1.275232E-06 -0.9238779
vn -0.83147 -2.550476E-06 0.5555695
vn -0.3826876 -1.275232E-06 -0.9238778
vn -0.83147 -2.550475E-06 0.5555696
vn -0.1950947 -6.376204E-07 -0.9807844
vn -0.7071055 -2.231663E-06 0.7071081
vn -0.1950949 -6.376221E-07 -0.9807843
vn -0.7071052 -2.231664E-06 0.7071083
vn 6.434286E-07 0 -1
vn -0.5555699 -1.91285E-06 0.8314698
vn 3.622265E-07 0 -1
vn -0.5555695 -1.912847E-06 0.8314701
vn 0.1950947 6.376191E-07 -0.9807844
vn -0.3826876 -6.376119E-07 0.9238778
vn 0.1950945 6.376172E-07 -0.9807844
vn -0.3826874 -6.376102E-07 0.9238779
vn 0.3826869 1.275229E-06 -0.9238781
vn -0.1950909 -6.376151E-07 0.9807851
vn 0.3826867 1.275229E-06 -0.9238782
vn -0.1950906 -6.37617E-07 0.9807853
vn 0.5555698 1.59404E-06 -0.8314699
vn -2.812019E-07 0 1
vn 0.5555696 1.594039E-06 -0.83147
vn 2.812019E-07 0 1
vn 0.7071055 1.594045E-06 -0.7071081
vn 0.1950899 6.376169E-07 0.9807854
vn 0.7071053 1.594046E-06 -0.7071083
vn 0.1950902 6.376151E-07 0.9807854
vn 0.8314688 1.912854E-06 -0.5555715
vn 0.3826867 6.376103E-07 0.9238782
vn 0.8314688 1.912853E-06 -0.5555715
vn 0.3826869 6.376119E-07 0.9238781
vn 0.9238805 2.391074E-06 -0.3826813
vn 0.5555696 1.27523E-06 0.83147
vn 0.9238803 2.391074E-06 -0.3826814
vn 0.5555698 1.27523E-06 0.8314699
vn 0.9807855 2.869302E-06 -0.1950891
vn 0.7071076 1.912843E-06 0.7071059
vn 0.9807854 2.869302E-06 -0.1950891
vn 0.7071077 1.912844E-06 0.7071058
vn 1 3.506902E-06 -1.000889E-06
vn 0.8314692 2.869282E-06 0.5555708
vn 1 3.506902E-06 -9.961227E-07
vn 0.8314694 2.869283E-06 0.5555707
vn 0.9807857 2.869267E-06 0.1950881
vn 0.9238794 2.709898E-06 0.3826836
vn 0.9807857 2.869267E-06 0.1950882
vn 0.9238795 2.709898E-06 0.3826835
vn 1.59115E-05 -1 8.68408E-05
vn 1.591173E-05 -1 8.684074E-05
vn 5.990298E-05 -1 7.815498E-05
vn 5.990295E-05 -1 7.815498E-05
vn 3.27583E-06 -1 9.218957E-05
vn 7.487837E-05 -1 6.646506E-05
vn 3.275926E-06 -1 9.218959E-05
vn 7.487829E-05 -1 6.646499E-05
vn 0 -1 9.399631E-05
vn 7.487884E-05 -1 5.222125E-05
vn 0 -1 9.39963E-05
vn 7.48787E-05 -1 5.222139E-05
vn -3.27574E-06 -1 9.219005E-05
vn 8.985442E-05 -1 3.597058E-05
vn -3.275987E-06 -1 9.219009E-05
vn 8.985445E-05 -1 3.597055E-05
vn -1.591186E-05 -1 8.684181E-05
vn 9.359772E-05 -1 1.833792E-05
vn -1.591173E-05 -1 8.684183E-05
vn 9.359771E-05 -1 1.833789E-05
vn -5.990355E-05 -1 7.815562E-05
vn 9.359882E-05 -1 0
vn -5.990323E-05 -1 7.81557E-05
vn 9.359884E-05 -1 0
vn -7.862305E-05 -1 6.64656E-05
vn 9.359894E-05 -1 -1.833806E-05
vn -7.862318E-05 -1 6.646582E-05
vn 9.359891E-05 -1 -1.833813E-05
vn -7.487964E-05 -1 5.222203E-05
vn 8.985439E-05 -1 -3.597045E-05
vn -7.487964E-05 -1 5.222196E-05
vn 8.985439E-05 -1 -3.597046E-05
vn -8.611134E-05 -1 3.597099E-05
vn 7.487866E-05 -1 -5.222115E-05
vn -8.611136E-05 -1 3.597098E-05
vn 7.487866E-05 -1 -5.222116E-05
vn -9.734291E-05 -1 1.833754E-05
vn 5.615907E-05 -1 -6.646542E-05
vn -9.734291E-05 -1 1.833774E-05
vn 5.615906E-05 -1 -6.646543E-05
vn -9.359998E-05 -1 0
vn 4.492751E-05 -1 -7.815547E-05
vn -9.359999E-05 -1 0
vn 4.492729E-05 -1 -7.815562E-05
vn -8.985613E-05 -1 -1.833728E-05
vn 3.088762E-05 -1 -8.68412E-05
vn -8.985613E-05 -1 -1.83374E-05
vn 3.088753E-05 -1 -8.684124E-05
vn -8.985557E-05 -1 -3.597105E-05
vn -4.679686E-07 -1 -9.218998E-05
vn -8.985557E-05 -1 -3.597097E-05
vn -4.676613E-07 -1 -9.218996E-05
vn -7.487971E-05 -1 -5.222228E-05
vn 0 -1 -9.399661E-05
vn -7.487963E-05 -1 -5.222232E-05
vn 0 -1 -9.399661E-05
vn -5.615973E-05 -1 -6.6466E-05
vn 4.681095E-07 -1 -9.219049E-05
vn -5.615965E-05 -1 -6.646615E-05
vn 4.673833E-07 -1 -9.219044E-05
vn -4.492775E-05 -1 -7.815632E-05
vn -3.088777E-05 -1 -8.684224E-05
vn -4.492786E-05 -1 -7.815625E-05
vn -3.088779E-05 -1 -8.684221E-05
vn -0.9238803 -2.550464E-06 -0.3826815
vn -0.9238805 -2.550464E-06 -0.3826813
vn -0.9807851 -2.869284E-06 -0.1950909
vn -0.9807851 -2.869284E-06 -0.1950911
vn -0.8314701 -2.55046E-06 -0.5555696
vn -1 -3.188076E-06 -5.004446E-07
vn -0.8314702 -2.55046E-06 -0.5555694
vn -1 -3.188076E-06 -5.004445E-07
vn -0.7071052 -2.550471E-06 -0.7071083
vn -0.9807848 -3.506885E-06 0.1950929
vn -0.7071055 -2.550472E-06 -0.7071081
vn -0.9807848 -3.506886E-06 0.195093
vn -0.5555695 -2.550459E-06 -0.8314701
vn -0.9238803 -3.825697E-06 0.3826815
vn -0.5555699 -2.55046E-06 -0.8314698
vn -0.9238802 -3.825696E-06 0.3826817
vn -0.3826841 -2.550468E-06 -0.9238793
vn -0.8314714 -3.188078E-06 0.5555676
vn -0.3826842 -2.550468E-06 -0.9238792
vn -0.8314713 -3.188077E-06 0.5555677
vn -0.1950911 -1.275243E-06 -0.9807851
vn -0.7071055 -2.550472E-06 0.7071081
vn -0.1950914 -1.275247E-06 -0.980785
vn -0.7071052 -2.550471E-06 0.7071083
vn 6.434286E-07 0 -1
vn -0.5555699 -2.55046E-06 0.8314698
vn 3.622265E-07 0 -1
vn -0.5555695 -2.550459E-06 0.8314701
vn 0.1950912 1.275241E-06 -0.9807851
vn -0.3826842 -1.275224E-06 0.9238792
vn 0.1950909 1.275237E-06 -0.9807851
vn -0.3826841 -1.275221E-06 0.9238793
vn 0.3826835 1.275237E-06 -0.9238794
vn -0.1950916 -1.275228E-06 0.980785
vn 0.3826833 1.275241E-06 -0.9238795
vn -0.1950914 -1.275232E-06 0.9807851
vn 0.5555698 1.275239E-06 -0.8314699
vn -2.859683E-07 0 1
vn 0.5555696 1.275236E-06 -0.83147
vn 2.859683E-07 0 1
vn 0.7071055 1.275237E-06 -0.7071081
vn 0.1950906 1.275232E-06 0.9807853
vn 0.7071053 1.275239E-06 -0.7071083
vn 0.1950909 1.275228E-06 0.9807851
vn 0.8314702 1.275227E-06 -0.5555694
vn 0.3826833 0 0.9238795
vn 0.8314701 1.275225E-06 -0.5555696
vn 0.3826835 0 0.9238794
vn 0.9238814 2.550467E-06 -0.3826791
vn 0.5555696 1.275236E-06 0.83147
vn 0.9238812 2.550467E-06 -0.3826791
vn 0.5555698 1.275239E-06 0.8314699
vn 0.9807855 3.02869E-06 -0.1950886
vn 0.7071076 2.550462E-06 0.7071059
vn 0.9807855 3.028689E-06 -0.1950887
vn 0.7071077 2.550463E-06 0.7071058
vn 1 3.506884E-06 -5.052108E-07
vn 0.8314705 2.55046E-06 0.5555689
vn 1 3.506884E-06 -5.004443E-07
vn 0.8314707 2.55046E-06 0.5555686
vn 0.9807857 3.028672E-06 0.1950881
vn 0.9238803 2.550479E-06 0.3826814
vn 0.9807857 3.028672E-06 0.1950882
vn 0.9238805 2.550479E-06 0.3826813
vn 3.463062E-05 -1 8.684045E-05
vn 3.463114E-05 -1 8.68404E-05
vn 5.990272E-05 -1 7.815485E-05
vn 5.99027E-05 -1 7.815484E-05
vn 3.275973E-06 -1 9.218963E-05
vn 5.990282E-05 -1 6.646533E-05
vn 3.275945E-06 -1 9.21896E-05
vn 5.99027E-05 -1 6.646543E-05
vn 0 -1 9.399612E-05
vn 7.862291E-05 -1 5.22213E-05
vn 0 -1 9.399613E-05
vn 7.862272E-05 -1 5.222142E-05
vn -3.275962E-06 -1 9.219023E-05
vn 8.985493E-05 -1 3.597074E-05
vn -3.275958E-06 -1 9.219023E-05
vn 8.985491E-05 -1 3.597071E-05
vn -3.463138E-05 -1 8.684176E-05
vn 8.985445E-05 -1 1.833803E-05
vn -3.463135E-05 -1 8.684176E-05
vn 8.985445E-05 -1 1.833801E-05
vn -5.990335E-05 -1 7.81557E-05
vn 8.985364E-05 -1 0
vn -5.990349E-05 -1 7.81558E-05
vn 8.985365E-05 -1 0
vn -6.364773E-05 -1 6.64662E-05
vn 9.359768E-05 -1 -1.8338E-05
vn -6.364763E-05 -1 6.646625E-05
vn 9.359769E-05 -1 -1.833805E-05
vn -7.862291E-05 -1 5.222168E-05
vn 8.98539E-05 -1 -3.597007E-05
vn -7.862293E-05 -1 5.222162E-05
vn 8.985388E-05 -1 -3.59701E-05
vn -8.611162E-05 -1 3.597088E-05
vn 8.611053E-05 -1 -5.222142E-05
vn -8.611164E-05 -1 3.597085E-05
vn 8.611061E-05 -1 -5.222158E-05
vn -9.360055E-05 -1 1.833788E-05
vn 5.616008E-05 -1 -6.646606E-05
vn -9.360047E-05 -1 1.833807E-05
vn 5.61594E-05 -1 -6.646619E-05
vn -9.734291E-05 -1 0
vn 4.492718E-05 -1 -7.815525E-05
vn -9.734291E-05 -1 0
vn 4.492719E-05 -1 -7.815526E-05
vn -9.734351E-05 -1 -1.833739E-05
vn 4.960744E-05 -1 -8.684128E-05
vn -9.734351E-05 -1 -1.833753E-05
vn 4.960711E-05 -1 -8.684135E-05
vn -8.985563E-05 -1 -3.597088E-05
vn 3.276149E-06 -1 -9.219019E-05
vn -8.985572E-05 -1 -3.597079E-05
vn 3.275549E-06 -1 -9.219023E-05
vn -8.611131E-05 -1 -5.222241E-05
vn 0 -1 -9.399657E-05
vn -8.611125E-05 -1 -5.22223E-05
vn 0 -1 -9.399656E-05
vn -5.616019E-05 -1 -6.646641E-05
vn -3.276028E-06 -1 -9.219073E-05
vn -5.616006E-05 -1 -6.646644E-05
vn -3.275912E-06 -1 -9.219075E-05
vn -4.492742E-05 -1 -7.815589E-05
vn -4.960767E-05 -1 -8.684241E-05
vn -4.492778E-05 -1 -7.815596E-05
vn -4.960764E-05 -1 -8.684242E-05
vn -3.87487E-06 0 -1
vn 0.1950798 0 -0.9807874
vn 0.1950792 0 -0.9807874
vn -3.607966E-06 0 -1
vn -0.1950834 0 -0.9807867
vn -0.1950829 0 -0.9807869
vn -0.3826969 -1.196707E-06 -0.9238739
vn -0.3826966 -1.19671E-06 -0.923874
vn -0.5555856 -1.196689E-06 -0.8314594
vn -0.5555854 -1.196687E-06 -0.8314595
vn -0.707102 -2.393422E-06 -0.7071115
vn -0.7071017 -2.393422E-06 -0.7071118
vn -0.8314665 -2.991865E-06 -0.5555749
vn -0.8314663 -2.991862E-06 -0.5555751
vn -0.9238803 -3.590113E-06 -0.3826814
vn -0.9238803 -3.590113E-06 -0.3826815
vn -0.9807861 -3.889253E-06 -0.1950858
vn -0.9807861 -3.889252E-06 -0.1950859
vn -1 -4.188567E-06 0
vn -1 -4.188567E-06 0
vn -0.9807861 -3.889253E-06 0.1950858
vn -0.9807861 -3.889252E-06 0.1950859
vn -0.9238803 -2.393356E-06 0.3826814
vn -0.9238803 -2.393354E-06 0.3826815
vn -0.8314665 -2.991834E-06 0.5555749
vn -0.8314663 -2.991839E-06 0.5555751
vn -0.707102 -3.590155E-06 0.7071115
vn -0.7071017 -3.59015E-06 0.7071118
vn -0.5555856 -1.196689E-06 0.8314594
vn -0.5555854 -1.196687E-06 0.8314595
vn -0.3826969 0 0.9238739
vn -0.3826966 0 0.923874
vn -0.1950834 0 0.9807867
vn -0.1950829 0 0.9807869
vn -3.87487E-06 0 1
vn -3.607966E-06 0 1
vn 0.1950792 0 0.9807874
vn 0.1950798 0 0.9807874
vn 0.3826966 0 0.923874
vn 0.3826969 0 0.9238739
vn 0.5555953 1.196722E-06 0.8314528
vn 0.5555957 1.196728E-06 0.8314527
vn 0.7070999 3.590118E-06 0.7071137
vn 0.7071001 3.590123E-06 0.7071134
vn 0.8314582 2.991786E-06 0.5555874
vn 0.8314583 2.991781E-06 0.5555871
vn 0.9238803 2.393354E-06 0.3826815
vn 0.9238803 2.393356E-06 0.3826814
vn 0.9807861 3.889252E-06 0.1950859
vn 0.9807861 3.889253E-06 0.1950858
vn 1 4.188567E-06 0
vn 1 4.188567E-06 0
vn 0.9807861 3.889252E-06 -0.1950859
vn 0.9807861 3.889253E-06 -0.1950858
vn 0.9238803 3.590113E-06 -0.3826815
vn 0.9238803 3.590113E-06 -0.3826814
vn 0.8314582 2.991838E-06 -0.5555874
vn 0.8314583 2.99184E-06 -0.5555871
vn 0.7070999 2.393422E-06 -0.7071137
vn 0.7071001 2.393422E-06 -0.7071134
vn 0.5555953 2.393416E-06 -0.8314528
vn 0.5555957 2.393416E-06 -0.8314527
vn 0.3826966 2.393406E-06 -0.923874
vn 0.3826969 2.393406E-06 -0.9238739
vn 0.1950792 0 -0.9807874
vn 0.1950798 0 -0.9807874
vn -1.30151E-06 0.7169236 -0.6971518
vn 0.1360092 0.7169276 -0.6837516
vn 0.1360078 0.7169276 -0.6837518
vn 1.34381E-07 0.7169236 -0.6971518
vn -0.1360096 0.7169218 -0.6837577
vn -0.1360084 0.7169217 -0.6837579
vn -0.2667873 0.716923 -0.6440853
vn -0.2667859 0.7169229 -0.6440859
vn -0.3873189 0.7169288 -0.5796527
vn -0.3873172 0.7169288 -0.5796539
vn -0.4929673 0.7169223 -0.4929561
vn -0.4929665 0.7169223 -0.4929569
vn -0.5796544 0.7169259 -0.3873217
vn -0.5796543 0.7169259 -0.3873218
vn -0.6440859 0.7169221 -0.2667887
vn -0.6440856 0.7169221 -0.2667891
vn -0.6837635 0.7169167 -0.1360071
vn -0.6837633 0.7169167 -0.1360079
vn -0.6971557 0.7169198 3.84537E-07
vn -0.6971556 0.7169198 3.857213E-07
vn -0.6837684 0.7169119 0.1360078
vn -0.6837683 0.7169119 0.1360085
vn -0.6440902 0.7169182 0.2667886
vn -0.6440899 0.7169183 0.266789
vn -0.5796579 0.7169231 0.3873214
vn -0.5796578 0.7169232 0.3873216
vn -0.4929686 0.7169203 0.4929577
vn -0.4929678 0.7169203 0.4929584
vn -0.3873206 0.7169259 0.5796552
vn -0.3873189 0.7169258 0.5796564
vn -0.2667872 0.716924 0.6440843
vn -0.2667858 0.716924 0.6440849
vn -0.136009 0.7169237 0.6837558
vn -0.1360079 0.7169237 0.683756
vn -1.30151E-06 0.7169236 0.6971518
vn 1.34381E-07 0.7169236 0.6971518
vn 0.1360084 0.7169257 0.6837538
vn 0.1360098 0.7169257 0.6837536
vn 0.2667851 0.7169316 0.6440768
vn 0.2667862 0.7169316 0.6440762
vn 0.3873103 0.7169279 0.5796595
vn 0.3873106 0.7169279 0.5796593
vn 0.4929586 0.7169282 0.4929561
vn 0.4929592 0.7169282 0.4929556
vn 0.5796505 0.7169392 0.387303
vn 0.579651 0.7169391 0.3873024
vn 0.644076 0.7169318 0.2667859
vn 0.6440762 0.7169319 0.2667854
vn 0.6837517 0.7169268 0.1360131
vn 0.6837517 0.7169268 0.136013
vn 0.6971435 0.7169316 0
vn 0.6971435 0.7169316 0
vn 0.683747 0.7169315 -0.1360117
vn 0.683747 0.7169316 -0.1360115
vn 0.6440728 0.7169358 -0.2667831
vn 0.6440729 0.7169359 -0.2667826
vn 0.579653 0.7169374 -0.3873023
vn 0.5796534 0.7169374 -0.3873018
vn 0.4929594 0.7169272 -0.4929567
vn 0.4929599 0.7169273 -0.4929561
vn 0.3873108 0.7169269 -0.5796604
vn 0.3873111 0.7169269 -0.5796602
vn 0.2667849 0.7169327 -0.6440756
vn 0.2667861 0.7169327 -0.6440751
vn 0.1360078 0.7169276 -0.6837518
vn 0.1360092 0.7169276 -0.6837516
vn 2.573717E-07 0 -1
vn 0.195094 5.340787E-07 -0.9807845
vn 0.1950937 5.34077E-07 -0.9807845
vn 5.576386E-07 0 -1
vn -0.195096 -5.340876E-07 -0.9807842
vn -0.1950957 -5.340859E-07 -0.9807842
vn -0.3826809 -1.068174E-06 -0.9238806
vn -0.3826807 -1.068174E-06 -0.9238806
vn -0.5555683 -1.602249E-06 -0.8314709
vn -0.5555681 -1.602248E-06 -0.8314711
vn -0.7071055 -1.602245E-06 -0.707108
vn -0.7071054 -1.602246E-06 -0.7071081
vn -0.8314688 -1.335209E-06 -0.5555715
vn -0.8314687 -1.335209E-06 -0.5555716
vn -0.9238792 -1.602244E-06 -0.3826842
vn -0.9238792 -1.602243E-06 -0.3826843
vn -0.9807854 -1.602248E-06 -0.1950894
vn -0.9807854 -1.602248E-06 -0.1950894
vn -1 -1.602252E-06 0
vn -1 -1.602252E-06 0
vn -0.9807854 -1.602248E-06 0.1950894
vn -0.9807854 -1.602248E-06 0.1950894
vn -0.9238792 -1.602244E-06 0.3826842
vn -0.9238792 -1.602243E-06 0.3826843
vn -0.8314688 -1.869295E-06 0.5555715
vn -0.8314687 -1.869295E-06 0.5555716
vn -0.7071055 -1.068171E-06 0.707108
vn -0.7071054 -1.06817E-06 0.7071081
vn -0.5555683 -5.340868E-07 0.8314709
vn -0.5555681 -5.340883E-07 0.8314711
vn -0.3826809 -1.068174E-06 0.9238806
vn -0.3826807 -1.068174E-06 0.9238806
vn -0.195096 -5.340876E-07 0.9807842
vn -0.1950957 -5.340859E-07 0.9807842
vn 2.573717E-07 0 1
vn 5.576386E-07 0 1
vn 0.1950937 5.34077E-07 0.9807845
vn 0.195094 5.340787E-07 0.9807845
vn 0.3826765 1.068161E-06 0.9238824
vn 0.3826767 1.068161E-06 0.9238822
vn 0.5555709 5.340847E-07 0.8314691
vn 0.5555711 5.340833E-07 0.8314691
vn 0.7071069 1.068163E-06 0.7071066
vn 0.707107 1.068164E-06 0.7071065
vn 0.8314691 2.136336E-06 0.5555712
vn 0.8314691 2.136336E-06 0.5555711
vn 0.9238822 2.269852E-06 0.382677
vn 0.9238822 2.269852E-06 0.382677
vn 0.9807845 2.470131E-06 0.1950937
vn 0.9807845 2.470131E-06 0.1950937
vn 1 2.470139E-06 0
vn 1 2.470139E-06 0
vn 0.9807845 2.40337E-06 -0.1950937
vn 0.9807845 2.403371E-06 -0.1950937
vn 0.9238822 2.269852E-06 -0.382677
vn 0.9238822 2.269852E-06 -0.382677
vn 0.8314691 1.602253E-06 -0.5555712
vn 0.8314691 1.602253E-06 -0.5555711
vn 0.7071069 1.602256E-06 -0.7071066
vn 0.707107 1.602255E-06 -0.7071065
vn 0.5555709 1.602259E-06 -0.8314691
vn 0.5555711 1.602261E-06 -0.8314691
vn 0.3826765 1.068161E-06 -0.9238824
vn 0.3826767 1.068161E-06 -0.9238822
vn 0.1950937 5.34077E-07 -0.9807845
vn 0.195094 5.340787E-07 -0.9807845
vn 7.354189E-05 0.9654853 -0.2604573
vn 0.05080076 0.9654363 -0.2556405
vn 0.05090827 0.9654362 -0.2556195
vn -5.835681E-05 0.9654855 -0.2604568
vn -0.05068969 0.9655427 -0.2552601
vn -0.05083584 0.9655429 -0.2552304
vn -0.09941992 0.965606 -0.2402515
vn -0.09956808 0.9656062 -0.2401893
vn -0.1442407 0.9656724 -0.2160355
vn -0.1443783 0.9656727 -0.2159426
vn -0.1834404 0.9657394 -0.1835678
vn -0.1835564 0.9657395 -0.1834507
vn -0.2155287 0.9658046 -0.1441141
vn -0.2156155 0.9658047 -0.1439828
vn -0.2392948 0.9658658 -0.09920311
vn -0.2393493 0.965866 -0.09906994
vn -0.2538517 0.9659206 -0.05056375
vn -0.2538756 0.9659207 -0.05044105
vn -0.2586671 0.9659665 -5.517227E-05
vn -0.2586668 0.9659666 4.627778E-05
vn -0.2535753 0.9660019 0.05039803
vn -0.2535607 0.9660019 0.05047063
vn -0.2387813 0.9660259 0.09888003
vn -0.2387645 0.9660261 0.09892061
vn -0.2148583 0.9660371 0.1435559
vn -0.2148516 0.9660371 0.1435659
vn -0.1827157 0.9660353 0.1827314
vn -0.1827301 0.9660353 0.182717
vn -0.1435696 0.9660213 0.2149203
vn -0.1436126 0.9660213 0.2148915
vn -0.09890895 0.9659939 0.2388993
vn -0.09898404 0.9659939 0.2388679
vn -0.05041709 0.9659554 0.2537483
vn -0.05052276 0.9659556 0.2537269
vn 7.092991E-05 0.9659074 0.258888
vn -5.939713E-05 0.9659075 0.2588875
vn 0.05062813 0.965851 0.2541038
vn 0.05048286 0.9658511 0.2541321
vn 0.09932163 0.9657886 0.2395569
vn 0.09917378 0.9657888 0.2396174
vn 0.1442862 0.9657228 0.2157802
vn 0.144148 0.9657229 0.2158715
vn 0.1837895 0.9656552 0.1836615
vn 0.1836721 0.9656554 0.1837777
vn 0.2162903 0.9655892 0.1444159
vn 0.2162018 0.9655894 0.1445471
vn 0.2405169 0.9655277 0.09953916
vn 0.2404606 0.9655278 0.0996732
vn 0.2555138 0.9654723 0.0507546
vn 0.2554885 0.9654723 0.05087875
vn 0.2606788 0.9654256 -5.605139E-05
vn 0.2606784 0.9654257 4.697561E-05
vn 0.2557952 0.9653889 -0.05092277
vn 0.2558097 0.9653889 -0.05084885
vn 0.2410362 0.9653643 -0.09986657
vn 0.2410533 0.9653644 -0.09982526
vn 0.2169668 0.9653528 -0.1449802
vn 0.2169737 0.9653528 -0.14497
vn 0.1845219 0.9653545 -0.1845057
vn 0.1845073 0.9653545 -0.1845202
vn 0.1449637 0.9653695 -0.2169037
vn 0.1449198 0.9653695 -0.2169329
vn 0.09984012 0.9653971 -0.2409158
vn 0.0997637 0.9653971 -0.2409472
vn 0.05090827 0.9654362 -0.2556195
vn 0.05080076 0.9654363 -0.2556405
vn 0 0 -1
vn 0.1950902 0 -0.9807854
vn 0.1950902 0 -0.9807854
vn 0 0 -1
vn -0.1950903 0 -0.9807854
vn -0.1950903 0 -0.9807854
vn -0.3826862 0 -0.9238784
vn -0.3826862 0 -0.9238784
vn -0.5555713 0 -0.8314689
vn -0.5555713 0 -0.8314689
vn -0.7071058 0 -0.7071077
vn -0.7071058 0 -0.7071077
vn -0.83147 0 -0.5555696
vn -0.83147 0 -0.5555696
vn -0.92388 0 -0.3826822
vn -0.92388 0 -0.3826822
vn -0.9807854 0 -0.1950898
vn -0.9807854 0 -0.1950898
vn -1 0 0
vn -1 0 0
vn -0.9807854 0 0.1950898
vn -0.9807854 0 0.1950898
vn -0.92388 0 0.3826822
vn -0.92388 0 0.3826822
vn -0.83147 0 0.5555696
vn -0.83147 0 0.5555696
vn -0.7071058 0 0.7071077
vn -0.7071058 0 0.7071077
vn -0.5555691 0 0.8314703
vn -0.5555691 0 0.8314703
vn -0.3826838 0 0.9238794
vn -0.3826838 0 0.9238794
vn -0.1950903 0 0.9807854
vn -0.1950903 0 0.9807854
vn 0 0 1
vn 0 0 1
vn 0.1950902 0 0.9807854
vn 0.1950902 0 0.9807854
vn 0.3826836 0 0.9238794
vn 0.3826836 0 0.9238794
vn 0.5555684 0 0.8314708
vn 0.5555684 0 0.8314708
vn 0.7071061 0 0.7071075
vn 0.7071061 0 0.7071075
vn 0.8314691 0 0.5555711
vn 0.8314691 0 0.5555711
vn 0.9238788 0 0.3826854
vn 0.9238788 0 0.3826854
vn 0.9807855 0 0.195089
vn 0.9807855 0 0.195089
vn 1 0 0
vn 1 0 0
vn 0.9807855 0 -0.195089
vn 0.9807855 0 -0.195089
vn 0.9238795 0 -0.3826835
vn 0.9238795 0 -0.3826835
vn 0.8314699 0 -0.5555698
vn 0.8314699 0 -0.5555698
vn 0.7071062 0 -0.7071073
vn 0.7071062 0 -0.7071073
vn 0.5555713 0 -0.8314689
vn 0.5555713 0 -0.8314689
vn 0.382686 0 -0.9238785
vn 0.382686 0 -0.9238785
vn 0.1950902 0 -0.9807854
vn 0.1950902 0 -0.9807854
vn -3.87487E-06 0 -1
vn 0.1950798 5.983535E-07 -0.9807874
vn 0.1950792 5.983503E-07 -0.9807874
vn -3.607966E-06 0 -1
vn -0.1950834 -5.983533E-07 -0.9807867
vn -0.1950829 -5.9835E-07 -0.9807869
vn -0.3826678 -1.196719E-06 -0.9238861
vn -0.3826676 -1.196719E-06 -0.9238861
vn -0.5555593 -1.795059E-06 -0.8314769
vn -0.5555592 -1.795058E-06 -0.8314769
vn -0.707102 -2.991789E-06 -0.7071115
vn -0.7071017 -2.991786E-06 -0.7071118
vn -0.8314752 -3.290956E-06 -0.5555618
vn -0.8314751 -3.290957E-06 -0.5555621
vn -0.9238864 -2.991668E-06 -0.3826669
vn -0.9238864 -2.991668E-06 -0.3826669
vn -0.9807855 -3.590229E-06 -0.195089
vn -0.9807855 -3.590228E-06 -0.1950891
vn -1 -4.188707E-06 -3.264807E-06
vn -1 -4.188707E-06 -3.264805E-06
vn -0.9807861 -3.590091E-06 0.1950858
vn -0.9807861 -3.59009E-06 0.1950859
vn -0.9238864 -2.692497E-06 0.3826669
vn -0.9238864 -2.692496E-06 0.3826669
vn -0.8314752 -2.991784E-06 0.5555618
vn -0.8314751 -2.991785E-06 0.5555621
vn -0.707102 -2.991789E-06 0.7071115
vn -0.7071017 -2.991786E-06 0.7071118
vn -0.5555593 -1.795059E-06 0.8314769
vn -0.5555592 -1.795058E-06 0.8314769
vn -0.3826678 -1.196719E-06 0.9238861
vn -0.3826676 -1.196719E-06 0.9238861
vn -0.1950834 -1.196735E-06 0.9807867
vn -0.1950829 -1.196735E-06 0.9807869
vn -3.87487E-06 0 1
vn -3.607966E-06 0 1
vn 0.1950792 1.19669E-06 0.9807874
vn 0.1950798 1.19669E-06 0.9807874
vn 0.3826676 1.795086E-06 0.9238861
vn 0.3826678 1.795087E-06 0.9238861
vn 0.5555691 2.393463E-06 0.8314703
vn 0.5555696 2.393464E-06 0.8314701
vn 0.7070999 2.99177E-06 0.7071137
vn 0.7071001 2.991773E-06 0.7071134
vn 0.8314669 2.991747E-06 0.5555744
vn 0.8314671 2.991745E-06 0.5555741
vn 0.9238864 2.692496E-06 0.3826669
vn 0.9238864 2.692497E-06 0.3826669
vn 0.9807861 3.59009E-06 0.1950859
vn 0.9807861 3.590091E-06 0.1950858
vn 1 4.188707E-06 -3.264805E-06
vn 1 4.188707E-06 -3.264807E-06
vn 0.9807855 3.590228E-06 -0.1950891
vn 0.9807855 3.590229E-06 -0.195089
vn 0.9238864 2.991668E-06 -0.3826669
vn 0.9238864 2.991668E-06 -0.3826669
vn 0.8314669 3.290918E-06 -0.5555744
vn 0.8314671 3.290918E-06 -0.5555741
vn 0.7070999 2.99177E-06 -0.7071137
vn 0.7071001 2.991773E-06 -0.7071134
vn 0.5555691 1.795094E-06 -0.8314703
vn 0.5555696 1.795098E-06 -0.8314701
vn 0.3826676 1.196719E-06 -0.9238861
vn 0.3826678 1.196719E-06 -0.9238861
vn 0.1950792 5.983503E-07 -0.9807874
vn 0.1950798 5.983535E-07 -0.9807874
vn -1.292409E-06 0.7169225 -0.6971528
vn 0.1360051 0.7169285 -0.6837515
vn 0.1360036 0.7169286 -0.6837518
vn 1.418453E-07 0.7169225 -0.6971528
vn -0.1360049 0.7169241 -0.6837562
vn -0.136004 0.7169242 -0.6837562
vn -0.2667772 0.7169257 -0.6440866
vn -0.2667762 0.7169257 -0.644087
vn -0.3873156 0.716926 -0.5796583
vn -0.3873147 0.716926 -0.5796589
vn -0.4929731 0.7169186 -0.4929555
vn -0.4929724 0.7169186 -0.4929562
vn -0.5796701 0.7169154 -0.3873174
vn -0.5796698 0.7169154 -0.3873179
vn -0.6440938 0.7169147 -0.2667894
vn -0.6440934 0.7169148 -0.2667902
vn -0.6837668 0.7169132 -0.1360088
vn -0.6837667 0.7169132 -0.1360098
vn -0.6971576 0.7169179 -1.073972E-06
vn -0.6971576 0.716918 -9.381733E-07
vn -0.6837652 0.7169151 0.1360078
vn -0.683765 0.716915 0.1360088
vn -0.6440904 0.7169176 0.2667897
vn -0.6440899 0.7169177 0.2667905
vn -0.5796605 0.7169222 0.3873193
vn -0.5796602 0.7169222 0.3873198
vn -0.4929674 0.7169213 0.4929575
vn -0.4929667 0.7169213 0.4929582
vn -0.387323 0.7169232 0.5796567
vn -0.3873221 0.7169232 0.5796573
vn -0.2667844 0.7169244 0.644085
vn -0.2667834 0.7169244 0.6440855
vn -0.1360049 0.7169241 0.6837562
vn -0.136004 0.7169242 0.6837562
vn -1.292409E-06 0.7169225 0.6971528
vn 1.418453E-07 0.7169225 0.6971528
vn 0.1360039 0.7169275 0.6837527
vn 0.1360054 0.7169275 0.6837525
vn 0.2667744 0.716935 0.6440772
vn 0.2667761 0.716935 0.6440766
vn 0.3873055 0.7169279 0.5796627
vn 0.3873067 0.7169279 0.579662
vn 0.492963 0.7169269 0.4929537
vn 0.4929636 0.7169269 0.492953
vn 0.5796618 0.7169337 0.3872961
vn 0.579662 0.7169337 0.3872958
vn 0.6440802 0.7169286 0.2667847
vn 0.6440803 0.7169285 0.2667845
vn 0.6837494 0.716929 0.1360135
vn 0.6837493 0.716929 0.1360136
vn 0.6971434 0.7169317 -1.283304E-06
vn 0.6971434 0.7169316 -1.149699E-06
vn 0.6837512 0.7169271 -0.1360141
vn 0.683751 0.7169272 -0.1360141
vn 0.6440769 0.7169313 -0.2667856
vn 0.6440769 0.7169313 -0.2667854
vn 0.5796553 0.7169368 -0.3873
vn 0.5796555 0.7169368 -0.3872998
vn 0.4929575 0.7169291 -0.4929558
vn 0.4929581 0.7169292 -0.4929551
vn 0.3873122 0.7169262 -0.5796604
vn 0.3873134 0.7169262 -0.5796596
vn 0.2667814 0.7169347 -0.6440748
vn 0.266783 0.7169347 -0.6440741
vn 0.1360036 0.7169286 -0.6837518
vn 0.1360051 0.7169285 -0.6837515
vn 2.621373E-07 0 -1
vn 0.1950842 2.670396E-07 -0.9807865
vn 0.1950839 2.670389E-07 -0.9807866
vn 5.624037E-07 0 -1
vn -0.1950862 -2.67044E-07 -0.9807861
vn -0.1950859 -2.670432E-07 -0.9807861
vn -0.3826886 -6.676057E-07 -0.9238774
vn -0.3826885 -6.676055E-07 -0.9238775
vn -0.5555688 -9.346482E-07 -0.8314705
vn -0.5555685 -9.346477E-07 -0.8314707
vn -0.7071046 -1.201685E-06 -0.707109
vn -0.7071044 -1.201685E-06 -0.7071091
vn -0.8314723 -1.468719E-06 -0.5555661
vn -0.8314723 -1.468719E-06 -0.5555663
vn -0.923878 -1.602259E-06 -0.3826871
vn -0.923878 -1.602259E-06 -0.3826871
vn -0.9807849 -1.618955E-06 -0.1950924
vn -0.9807849 -1.618955E-06 -0.1950925
vn -1 -1.635615E-06 -1.043783E-06
vn -1 -1.635615E-06 -1.043783E-06
vn -0.980785 -1.618938E-06 0.1950914
vn -0.980785 -1.618938E-06 0.1950914
vn -0.923878 -1.602259E-06 0.3826871
vn -0.923878 -1.602259E-06 0.3826871
vn -0.8314723 -1.468719E-06 0.5555661
vn -0.8314723 -1.468719E-06 0.5555663
vn -0.7071046 -1.335207E-06 0.707109
vn -0.7071044 -1.335207E-06 0.7071091
vn -0.5555688 -1.20169E-06 0.8314705
vn -0.5555685 -1.20169E-06 0.8314707
vn -0.3826886 -8.011266E-07 0.9238774
vn -0.3826885 -8.011261E-07 0.9238775
vn -0.1950862 -2.67044E-07 0.9807861
vn -0.1950859 -2.670432E-07 0.9807861
vn 2.621373E-07 0 1
vn 5.624037E-07 0 1
vn 0.1950839 2.670389E-07 0.9807866
vn 0.1950842 2.670396E-07 0.9807865
vn 0.3826843 8.011177E-07 0.9238791
vn 0.3826845 8.011182E-07 0.9238791
vn 0.5555714 1.201696E-06 0.8314689
vn 0.5555716 1.201696E-06 0.8314687
vn 0.7071059 1.468729E-06 0.7071076
vn 0.7071061 1.468729E-06 0.7071075
vn 0.8314725 1.86928E-06 0.5555659
vn 0.8314726 1.869281E-06 0.5555658
vn 0.9238809 2.203114E-06 0.3826799
vn 0.9238811 2.203115E-06 0.3826799
vn 0.9807842 2.353299E-06 0.1950957
vn 0.9807842 2.353299E-06 0.1950957
vn 1 2.436733E-06 -1.034253E-06
vn 1 2.436733E-06 -1.039019E-06
vn 0.9807839 2.353324E-06 -0.1950968
vn 0.9807841 2.353325E-06 -0.1950967
vn 0.9238809 2.203114E-06 -0.3826799
vn 0.9238811 2.203115E-06 -0.3826799
vn 0.8314725 1.86928E-06 -0.5555659
vn 0.8314726 1.869281E-06 -0.5555658
vn 0.7071059 1.335205E-06 -0.7071076
vn 0.7071061 1.335206E-06 -0.7071075
vn 0.5555714 9.346525E-07 -0.8314689
vn 0.5555716 9.346529E-07 -0.8314687
vn 0.3826843 6.675982E-07 -0.9238791
vn 0.3826845 6.675983E-07 -0.9238791
vn 0.1950839 2.670389E-07 -0.9807866
vn 0.1950842 2.670396E-07 -0.9807865
vn 7.179305E-05 0.9654853 -0.2604571
vn 0.05079957 0.9654363 -0.2556404
vn 0.05090692 0.9654363 -0.2556194
vn -6.0105E-05 0.9654856 -0.2604566
vn -0.05069008 0.9655427 -0.2552601
vn -0.05083639 0.9655429 -0.2552303
vn -0.09942171 0.9656059 -0.2402514
vn -0.09956978 0.965606 -0.2401892
vn -0.1442424 0.9656722 -0.2160353
vn -0.1443799 0.9656724 -0.2159425
vn -0.1834393 0.9657395 -0.1835676
vn -0.1835553 0.9657398 -0.1834505
vn -0.2155274 0.9658049 -0.144114
vn -0.2156142 0.9658051 -0.1439827
vn -0.2392948 0.9658658 -0.09920318
vn -0.2393493 0.965866 -0.09906998
vn -0.2538526 0.9659204 -0.05056383
vn -0.2538765 0.9659205 -0.05044106
vn -0.2586673 0.9659665 -5.530319E-05
vn -0.258667 0.9659666 4.618058E-05
vn -0.2535745 0.966002 0.05039819
vn -0.2535599 0.9660022 0.05047075
vn -0.2387811 0.9660261 0.09888049
vn -0.2387643 0.9660261 0.09892102
vn -0.2148564 0.9660375 0.1435559
vn -0.2148497 0.9660375 0.143566
vn -0.1827141 0.9660356 0.1827311
vn -0.1827284 0.9660356 0.1827167
vn -0.1435717 0.9660209 0.2149201
vn -0.1436147 0.9660209 0.2148913
vn -0.09891073 0.9659937 0.2388991
vn -0.09898571 0.9659938 0.2388678
vn -0.05041693 0.9659556 0.2537483
vn -0.05052273 0.9659556 0.2537268
vn 7.09352E-05 0.9659074 0.2588879
vn -5.939082E-05 0.9659075 0.2588874
vn 0.050628 0.9658509 0.2541039
vn 0.05048288 0.9658511 0.2541322
vn 0.09932341 0.9657885 0.2395568
vn 0.09917542 0.9657887 0.2396173
vn 0.1442883 0.9657224 0.21578
vn 0.1441501 0.9657227 0.2158714
vn 0.183788 0.9656554 0.1836618
vn 0.1836706 0.9656556 0.1837779
vn 0.2162888 0.9655895 0.1444162
vn 0.2162002 0.9655897 0.1445475
vn 0.240517 0.9655276 0.09953946
vn 0.2404608 0.9655277 0.09967348
vn 0.2555138 0.9654723 0.05075468
vn 0.2554886 0.9654723 0.0508788
vn 0.2606794 0.9654254 -5.611519E-05
vn 0.2606791 0.9654255 4.69491E-05
vn 0.2557946 0.965389 -0.05092271
vn 0.2558092 0.9653891 -0.05084874
vn 0.2410347 0.9653647 -0.09986659
vn 0.2410517 0.9653647 -0.09982526
vn 0.2169663 0.965353 -0.1449803
vn 0.216973 0.965353 -0.1449701
vn 0.1845224 0.9653544 -0.1845058
vn 0.1845078 0.9653544 -0.1845203
vn 0.1449654 0.9653693 -0.2169035
vn 0.1449215 0.9653693 -0.2169327
vn 0.0998414 0.965397 -0.2409154
vn 0.09976485 0.9653971 -0.2409469
vn 0.05090692 0.9654363 -0.2556194
vn 0.05079957 0.9654363 -0.2556404
vn 0 0 -1
vn 0.1950894 0 -0.9807854
vn 0.1950894 0 -0.9807854
vn 0 0 -1
vn -0.1950896 0 -0.9807854
vn -0.1950896 0 -0.9807854
vn -0.3826862 0 -0.9238784
vn -0.3826862 0 -0.9238784
vn -0.5555713 0 -0.8314689
vn -0.5555713 0 -0.8314689
vn -0.7071084 0 -0.7071051
vn -0.7071084 0 -0.7071051
vn -0.831472 0 -0.5555667
vn -0.831472 0 -0.5555667
vn -0.92388 0 -0.3826822
vn -0.92388 0 -0.3826822
vn -0.9807854 0 -0.1950898
vn -0.9807854 0 -0.1950898
vn -1 0 0
vn -1 0 0
vn -0.9807854 0 0.1950898
vn -0.9807854 0 0.1950898
vn -0.92388 0 0.3826822
vn -0.92388 0 0.3826822
vn -0.83147 0 0.5555696
vn -0.83147 0 0.5555696
vn -0.707109 0 0.7071046
vn -0.707109 0 0.7071046
vn -0.5555728 0 0.8314679
vn -0.5555728 0 0.8314679
vn -0.3826838 0 0.9238794
vn -0.3826838 0 0.9238794
vn -0.1950903 0 0.9807854
vn -0.1950903 0 0.9807854
vn 0 0 1
vn 0 0 1
vn 0.1950902 0 0.9807854
vn 0.1950902 0 0.9807854
vn 0.3826836 0 0.9238794
vn 0.3826836 0 0.9238794
vn 0.555572 0 0.8314684
vn 0.555572 0 0.8314684
vn 0.7071091 0 0.7071044
vn 0.7071091 0 0.7071044
vn 0.8314706 0 0.5555688
vn 0.8314706 0 0.5555688
vn 0.9238798 0 0.3826828
vn 0.9238798 0 0.3826828
vn 0.9807855 0 0.195089
vn 0.9807855 0 0.195089
vn 1 0 0
vn 1 0 0
vn 0.9807855 0 -0.195089
vn 0.9807855 0 -0.195089
vn 0.9238795 0 -0.3826835
vn 0.9238795 0 -0.3826835
vn 0.8314699 0 -0.5555698
vn 0.8314699 0 -0.5555698
vn 0.7071062 0 -0.7071073
vn 0.7071062 0 -0.7071073
vn 0.5555713 0 -0.8314689
vn 0.5555713 0 -0.8314689
vn 0.382686 0 -0.9238785
vn 0.382686 0 -0.9238785
vn 0.1950894 0 -0.9807854
vn 0.1950894 0 -0.9807854
vn 0 1 -0.0001136856
vn -2.283742E-05 1 -0.0001115007
vn -2.283428E-05 1 -0.0001115006
vn 0 1 -0.0001136856
vn 4.567478E-05 1 -0.0001050275
vn 2.283768E-05 1 -0.0001114961
vn 4.567497E-05 1 -0.0001050274
vn 2.283625E-05 1 -0.0001114961
vn 9.134687E-05 1 -9.452463E-05
vn -4.567324E-05 1 -0.0001050273
vn 9.134859E-05 1 -9.452436E-05
vn -4.567367E-05 1 -0.0001050271
vn 0.0001174476 1 -8.038837E-05
vn -9.134556E-05 1 -9.45227E-05
vn 0.0001174467 1 -8.038781E-05
vn -9.134672E-05 1 -9.452253E-05
vn 0.0001304971 1 -6.315937E-05
vn -9.134415E-05 1 -8.038469E-05
vn 0.000130498 1 -6.315902E-05
vn -9.134463E-05 1 -8.03848E-05
vn 0.0001304979 1 -4.350145E-05
vn -0.0001043937 1 -6.315559E-05
vn 0.0001304971 1 -4.350115E-05
vn -0.0001043937 1 -6.31556E-05
vn 0.0001305001 1 -2.217766E-05
vn -0.0001304917 1 -4.34994E-05
vn 0.0001305004 1 -2.217757E-05
vn -0.0001304919 1 -4.349947E-05
vn 0.0001305055 1 0
vn -0.0001304923 1 -2.217644E-05
vn 0.0001305054 1 0
vn -0.0001304926 1 -2.217632E-05
vn 0.000104403 1 2.217796E-05
vn -0.0001304986 1 0
vn 0.000104403 1 2.217793E-05
vn -0.0001304987 1 0
vn 0.0001304997 1 4.350211E-05
vn -0.0001043976 1 2.217702E-05
vn 0.000130499 1 4.35018E-05
vn -0.0001043976 1 2.217684E-05
vn 0.0001043977 1 6.315889E-05
vn -0.0001304907 1 4.349904E-05
vn 0.0001044007 1 6.315836E-05
vn -0.0001304909 1 4.349911E-05
vn 6.524914E-05 1 8.038877E-05
vn -0.000130491 1 6.315511E-05
vn 6.524874E-05 1 8.038853E-05
vn -0.0001304904 1 6.315531E-05
vn 6.524975E-05 1 9.452636E-05
vn -9.134486E-05 1 8.038625E-05
vn 6.524999E-05 1 9.452624E-05
vn -9.134521E-05 1 8.038604E-05
vn 4.567427E-05 1 0.0001050261
vn -6.524779E-05 1 9.452401E-05
vn 4.567445E-05 1 0.000105026
vn -6.52485E-05 1 9.452368E-05
vn -2.283793E-05 1 0.0001114993
vn -4.567298E-05 1 0.0001050266
vn -2.28348E-05 1 0.0001114992
vn -4.567341E-05 1 0.0001050263
vn 0 1 0.0001136856
vn 2.283793E-05 1 0.0001114954
vn 0 1 0.0001136856
vn 2.28365E-05 1 0.0001114954
vn 0 1 -0.0001136834
vn 2.936269E-05 1 -0.0001115022
vn 2.936298E-05 1 -0.0001115021
vn 0 1 -0.0001136834
vn 1.957628E-05 1 -0.0001050271
vn -2.936087E-05 1 -0.0001114932
vn 1.957536E-05 1 -0.0001050269
vn -2.93613E-05 1 -0.0001114931
vn 3.914872E-05 1 -9.452452E-05
vn -4.567195E-05 1 -0.0001050246
vn 3.915138E-05 1 -9.45241E-05
vn -4.567225E-05 1 -0.0001050245
vn 6.525033E-05 1 -8.039043E-05
vn -6.524817E-05 1 -9.452301E-05
vn 6.52502E-05 1 -8.039035E-05
vn -6.524823E-05 1 -9.452298E-05
vn 7.830039E-05 1 -6.316024E-05
vn -6.524931E-05 1 -8.038875E-05
vn 7.830002E-05 1 -6.316038E-05
vn -6.524871E-05 1 -8.038837E-05
vn 0.0001043991 1 -4.350204E-05
vn -7.829769E-05 1 -6.315824E-05
vn 0.0001043991 1 -4.350186E-05
vn -7.829898E-05 1 -6.315777E-05
vn 0.0001305019 1 -2.217778E-05
vn -0.000104395 1 -4.350045E-05
vn 0.0001305021 1 -2.21777E-05
vn -0.000104395 1 -4.350041E-05
vn 0.0001566033 1 0
vn -0.0001304941 1 -2.217657E-05
vn 0.0001566032 1 0
vn -0.0001304943 1 -2.217645E-05
vn 0.0001305014 1 2.217825E-05
vn -0.0001565951 1 0
vn 0.0001305016 1 2.217816E-05
vn -0.0001565951 1 0
vn 0.0001044032 1 4.350374E-05
vn -0.0001304935 1 2.217703E-05
vn 0.0001044032 1 4.350356E-05
vn -0.0001304938 1 2.217692E-05
vn 7.830175E-05 1 6.316035E-05
vn -0.0001043971 1 4.35011E-05
vn 7.830138E-05 1 6.316048E-05
vn -0.0001043971 1 4.350106E-05
vn 6.524965E-05 1 8.038948E-05
vn -7.829702E-05 1 6.315729E-05
vn 6.524951E-05 1 8.03894E-05
vn -7.82983E-05 1 6.315683E-05
vn 6.524846E-05 1 9.452452E-05
vn -6.52476E-05 1 8.038664E-05
vn 6.524934E-05 1 9.45241E-05
vn -6.5247E-05 1 8.038627E-05
vn 4.567465E-05 1 0.0001050285
vn -3.914888E-05 1 9.452186E-05
vn 4.567495E-05 1 0.0001050283
vn -3.914908E-05 1 9.452182E-05
vn 2.93627E-05 1 0.0001115006
vn -1.957517E-05 1 0.0001050261
vn 2.936299E-05 1 0.0001115006
vn -1.957426E-05 1 0.0001050259
vn 0 1 0.0001136804
vn -2.936138E-05 1 0.0001114947
vn 0 1 0.0001136804
vn -2.936181E-05 1 0.0001114946
vn -0.1854146 0.3110644 -0.9321268
vn -0.1884401 0.2589919 -0.9473191
vn -0.3696284 0.2589884 -0.8923563
vn -0.3636987 0.3110626 -0.8780453
vn -0.5366116 0.2589869 -0.8031026
vn -0.3619334 0.3248037 -0.8737888
vn -0.1845111 0.3248053 -0.9276083
vn -0.528006 0.3110594 -0.7902225
vn -0.6829804 0.2589898 -0.6829803
vn -0.5254456 0.3247994 -0.7863919
vn -0.3754178 0.1939306 -0.9063401
vn -0.1913858 0.1939272 -0.9621661
vn -0.6720273 0.3110614 -0.6720268
vn -0.8031007 0.2589916 -0.5366122
vn -0.6687663 0.3248017 -0.6687717
vn -0.5450208 0.1939336 -0.8156852
vn -0.3826833 0 -0.9238795
vn -0.1950892 0 -0.9807854
vn -0.7902207 0.3110631 -0.5280066
vn -0.8923546 0.2589954 -0.3696279
vn -0.7863874 0.324804 -0.5254495
vn -0.6936793 0.1939326 -0.6936852
vn -0.5555708 0 -0.8314692
vn -0.3754192 -0.193928 -0.9063401
vn -0.191385 -0.1939273 -0.9621664
vn -0.8780434 0.3110653 -0.3637008
vn -0.94732 0.2589941 -0.1884327
vn -0.8737881 0.3248008 -0.3619376
vn -0.8156822 0.1939338 -0.5450251
vn -0.7071071 0 -0.7071064
vn -0.5450246 -0.1939292 -0.8156835
vn -0.9321277 0.3110642 -0.1854107
vn -0.9658801 0.2589895 0
vn -0.92761 0.324799 -0.1845136
vn -0.9063399 0.1939318 -0.3754179
vn -0.8314685 0 -0.5555718
vn -0.6936833 -0.1939311 -0.6936815
vn -0.9503894 0.3110626 0
vn -0.9473199 0.2589945 0.1884327
vn -0.9457821 0.3248016 0
vn -0.9621652 0.1939306 -0.1913869
vn -0.9238794 4.746141E-07 -0.3826839
vn -0.8156838 -0.1939341 -0.5450225
vn -0.9321271 0.3110657 0.1854106
vn -0.8923551 0.2589966 0.3696258
vn -0.9276091 0.3248013 0.1845135
vn -0.9810148 0.1939325 0
vn -0.9807854 1.517801E-07 -0.1950898
vn -0.9063396 -0.1939314 -0.3754185
vn -0.8780434 0.3110665 0.3636997
vn -0.8031007 0.2589906 0.5366125
vn -0.8737878 0.3248006 0.3619384
vn -0.9621647 0.1939334 0.1913871
vn -1 0 1.132327E-07
vn -0.9621654 -0.1939298 -0.1913871
vn -0.7902196 0.3110633 0.5280081
vn -0.6829794 0.2589883 0.6829818
vn -0.7863871 0.3248039 0.5254501
vn -0.9063395 0.1939323 0.3754183
vn -0.9807853 0 0.1950907
vn -0.9810152 -0.1939307 0
vn -0.6720265 0.3110643 0.6720263
vn -0.5366144 0.25899 0.8030998
vn -0.668769 0.3248022 0.6687687
vn -0.8156825 0.1939344 0.5450244
vn -0.9238798 -7.131256E-07 0.3826827
vn -0.9621651 -0.1939311 0.1913874
vn -0.5280077 0.3110653 0.7902191
vn -0.3696277 0.258992 0.8923556
vn -0.5254489 0.3247987 0.78639
vn -0.6936811 0.1939326 0.6936834
vn -0.8314691 -4.818417E-07 0.5555709
vn -0.9063396 -0.1939323 0.3754182
vn -0.3636982 0.3110635 0.878045
vn -0.1884367 0.2589939 0.9473193
vn -0.3619334 0.3248034 0.8737888
vn -0.5450234 0.1939322 0.8156835
vn -0.7071052 1.228696E-06 0.7071083
vn -0.8156842 -0.193933 0.5450223
vn -0.1854131 0.3110645 0.932127
vn 2.391337E-07 0.258993 0.9658792
vn -0.1845105 0.3248044 0.9276087
vn -0.3754184 0.1939336 0.9063392
vn -0.55557 1.211833E-06 0.8314698
vn -0.6936815 -0.1939299 0.6936837
vn 0 0.3110644 0.9503888
vn 0.1884353 0.2589912 0.9473203
vn 7.09443E-07 0.3247999 0.9457828
vn -0.1913847 0.1939303 0.9621657
vn -0.3826852 0 0.9238788
vn -0.5450231 -0.1939311 0.815684
vn 0.1854122 0.3110623 0.932128
vn 0.3696247 0.2589912 0.892357
vn 9.320892E-07 0.1939296 0.9810154
vn -0.1950903 0 0.9807853
vn -0.3754198 -0.1939334 0.9063387
vn 0.1845113 0.3248017 0.9276096
vn 0.3636968 0.3110616 0.8780463
vn 0.5366153 0.258989 0.8030995
vn 1.782811E-07 0 1
vn -0.1913847 -0.1939303 0.9621657
vn 0.1913854 0.193928 0.962166
vn 0.3619327 0.324803 0.8737892
vn 0.5280083 0.3110609 0.7902204
vn 0.6829807 0.2589867 0.6829812
vn 6.093503E-07 -0.1939296 0.9810154
vn 0.1950885 0 0.9807857
vn 0.3754173 0.1939326 0.9063399
vn 0.5254464 0.3248004 0.786391
vn 0.672027 0.31106 0.6720278
vn 0.8030992 0.2589865 0.5366169
vn 0.1913845 -0.193928 0.9621662
vn 0.3826837 0 0.9238794
vn 0.5450222 0.1939344 0.8156839
vn 0.6687656 0.324801 0.6687727
vn 0.7902202 0.3110608 0.5280088
vn 0.8923563 0.2589917 0.3696261
vn 0.3754194 -0.1939323 0.906339
vn 0.5555729 0 0.8314678
vn 0.6936805 0.1939325 0.6936841
vn 0.7863877 0.324802 0.5254503
vn 0.8780454 0.3110632 0.3636977
vn 0.9473215 0.2589911 0.1884292
vn 0.5450257 -0.1939337 0.8156818
vn 0.7071097 0 0.7071038
vn 0.8156825 0.1939317 0.5450254
vn 0.87379 0.3247989 0.3619345
vn 0.9321284 0.3110621 0.1854105
vn 0.9658806 0.2589878 0
vn 0.6936839 -0.1939312 0.6936811
vn 0.8314698 0 0.55557
vn 0.9063405 0.1939288 0.375418
vn 0.9276104 0.3247985 0.1845125
vn 0.9503901 0.3110605 0
vn 0.9473217 0.2589907 -0.1884293
vn 0.8156841 -0.1939313 0.5450229
vn 0.9238784 -1.590076E-07 0.3826863
vn 0.9621656 0.1939302 0.1913855
vn 0.9457828 0.3247997 0
vn 0.932128 0.3110631 -0.1854104
vn 0.8923575 0.2589894 -0.3696249
vn 0.9063401 -0.1939289 0.3754186
vn 0.9807849 -1.638261E-07 0.1950922
vn 0.981015 0.1939317 0
vn 0.9276101 0.3247996 -0.1845123
vn 0.8780457 0.3110628 -0.3636971
vn 0.8030998 0.2589888 -0.536615
vn 0.962166 -0.1939286 0.1913859
vn 1 3.107878E-07 -1.204604E-07
vn 0.9621656 0.19393 -0.1913859
vn 0.8737892 0.3248006 -0.361935
vn 0.7902208 0.3110616 -0.5280073
vn 0.6829802 0.2589893 -0.6829807
vn 0.9810156 -0.1939289 0
vn 0.9807847 7.203527E-07 -0.1950932
vn 0.9063395 0.1939303 -0.3754194
vn 0.7863886 0.3248011 -0.5254497
vn 0.6720267 0.3110602 -0.6720281
vn 0.5366123 0.2589869 -0.8031021
vn 0.962166 -0.1939278 -0.1913863
vn 0.9238775 3.396981E-07 -0.3826883
vn 0.8156825 0.193933 -0.5450249
vn 0.6687673 0.3247993 -0.6687717
vn 0.5280079 0.3110588 -0.7902216
vn 0.3696288 0.2589873 -0.8923565
vn 0.9063392 -0.1939298 -0.3754204
vn 0.8314698 -1.469615E-07 -0.5555699
vn 0.6936824 0.1939334 -0.6936819
vn 0.5254487 0.3247981 -0.7863903
vn 0.3636996 0.3110623 -0.8780448
vn 0.1884423 0.2589892 -0.9473194
vn 0.8156831 -0.1939325 -0.5450242
vn 0.70711 -1.132327E-07 -0.7071035
vn 0.5450244 0.1939331 -0.8156827
vn 0.3619353 0.3248008 -0.873789
vn 0.1854154 0.311063 -0.9321271
vn 2.438227E-07 0.2589912 -0.9658797
vn 0.6936835 -0.1939327 -0.6936809
vn 0.5555736 0 -0.8314673
vn 0.3754191 0.1939272 -0.9063403
vn 0.1845107 0.3248023 -0.9276094
vn 0 0.3110631 -0.9503893
vn -0.1884401 0.2589919 -0.9473191
vn -0.1854146 0.3110644 -0.9321268
vn -0.1845111 0.3248053 -0.9276083
vn -6.330046E-07 0.3248023 -0.9457819
vn -0.1913858 0.1939272 -0.9621661
vn -7.634947E-07 0.1939293 -0.9810156
vn -0.1950892 0 -0.9807854
vn 0.1913844 0.1939252 -0.9621668
vn 0 0 -1
vn -0.191385 -0.1939273 -0.9621664
vn 0.195089 0 -0.9807855
vn -4.407556E-07 -0.1939293 -0.9810156
vn -0.180412 -0.380545 -0.9069934
vn 0.3826849 0 -0.9238789
vn -5.342311E-07 -0.3805422 -0.9247636
vn -0.1625752 -0.5527649 -0.8173251
vn 0.1913844 -0.1939252 -0.9621668
vn 0.3754204 -0.1939282 -0.9063395
vn 3.263629E-06 -0.5527639 -0.8333378
vn -0.1385392 -0.7040607 -0.6964951
vn 0.1804105 -0.3805422 -0.9069949
vn 0.5450255 -0.193934 -0.8156818
vn 3.37577E-06 -0.7040612 -0.7101394
vn -0.1091982 -0.8286489 -0.5490145
vn 0.1625784 -0.5527637 -0.8173252
vn 0.353894 -0.380538 -0.854371
vn 0.5137743 -0.3805377 -0.768913
vn 5.01844E-06 -0.8286475 -0.5597708
vn -0.07566031 -0.9217102 -0.3804285
vn 0.138544 -0.7040581 -0.6964968
vn 0.3189052 -0.5527631 -0.7699042
vn 0.6539053 -0.3805415 -0.6539082
vn 5.812412E-06 -0.9217089 -0.3878823
vn -0.03920828 -0.979599 -0.1971005
vn 0.1091979 -0.8286485 -0.5490149
vn 0.2717606 -0.7040586 -0.6560851
vn 0.4629774 -0.5527645 -0.6928949
vn 0.7689125 -0.3805407 -0.5137726
vn 1.270787E-07 -0.9795985 -0.2009652
vn 0 -1 -1.901232E-07
vn 0.07566001 -0.921711 -0.3804267
vn 0.2142119 -0.8286469 -0.5171631
vn 0.3945367 -0.7040575 -0.5904607
vn 0.5892578 -0.5527631 -0.5892606
vn 0.8543715 -0.38054 -0.3538906
vn 0.03920859 -0.9795989 -0.197101
vn 0.1484323 -0.9217096 -0.3583563
vn 0.3110004 -0.8286417 -0.4654369
vn 0.5021493 -0.7040543 -0.502149
vn 0.6928938 -0.5527622 -0.4629819
vn 0.9069949 -0.3805414 -0.1804119
vn 0.07692741 -0.979597 -0.1856668
vn 0.2154958 -0.9217096 -0.3225105
vn 0.3958181 -0.8286461 -0.3958202
vn 0.5904606 -0.7040581 -0.3945358
vn 0.769902 -0.5527666 -0.3189043
vn 0.9247639 -0.3805416 0
vn 0.1116579 -0.9795976 -0.1670959
vn 0.2742634 -0.9217125 -0.2742728
vn 0.4654293 -0.8286491 -0.3109923
vn 0.6560839 -0.7040603 -0.2717591
vn 0.8173228 -0.5527677 -0.1625774
vn 0.9069964 -0.380538 0.180412
vn 0.1420842 -0.9796007 -0.142107
vn 0.3225096 -0.9217096 -0.2154969
vn 0.5171642 -0.8286454 -0.2142147
vn 0.6965005 -0.7040551 -0.1385401
vn 0.8333382 -0.5527634 1.225662E-07
vn 0.8543726 -0.3805378 0.3538904
vn 0.1670801 -0.9796013 -0.1116487
vn 0.358364 -0.9217063 -0.1484343
vn 0.185681 -0.9795961 -0.07690204
vn 0.1971188 -0.9795952 -0.03920774
vn 0.2009631 -0.9795988 -2.892083E-07
vn 0.549022 -0.8286433 -0.109202
vn 0.3804321 -0.9217079 -0.07567054
vn 0.7101493 -0.7040511 3.826831E-07
vn 0.3878812 -0.9217094 0
vn 0.5597792 -0.8286418 4.286808E-07
vn 0.8173254 -0.5527639 0.1625775
vn 0.6965007 -0.7040549 0.1385408
vn 0.5490234 -0.8286423 0.1092029
vn 0.3804265 -0.9217102 0.07567013
vn 0.7699031 -0.5527655 0.3189037
vn 0.6560832 -0.7040609 0.2717589
vn 0.768912 -0.380543 0.5137718
vn 0.6928946 -0.5527615 0.4629815
vn 0.6539037 -0.3805447 0.653908
vn 0.517162 -0.8286465 0.2142156
vn 0.1971085 -0.9795974 0.03920665
vn 0.5904629 -0.7040557 0.3945365
vn 0.5892568 -0.5527646 0.5892603
vn 0.5137717 -0.3805402 0.7689134
vn 0.3583536 -0.9217104 0.1484343
vn 0.4654317 -0.828648 0.3109917
vn 0.5021494 -0.7040527 0.502151
vn 0.4629758 -0.5527654 0.6928953
vn 0.3538943 -0.3805404 0.8543699
vn 0.1856693 -0.9795985 0.07690141
vn 0.3225117 -0.9217091 0.2154963
vn 0.395818 -0.8286464 0.3958198
vn 0.3945361 -0.7040574 0.5904611
vn 0.3189064 -0.5527605 0.7699055
vn 0.1804128 -0.3805416 0.9069946
vn 0.1670803 -0.9796013 0.1116486
vn 0.2742688 -0.9217114 0.2742712
vn 0.3109985 -0.8286422 0.4654373
vn 0.2717599 -0.7040606 0.6560833
vn 0.1625762 -0.5527627 0.8173263
vn 8.254116E-07 -0.3805396 0.9247646
vn 0.1420893 -0.9795999 0.1421077
vn 0.2154964 -0.9217089 0.3225119
vn 0.2142108 -0.8286482 0.5171614
vn 0.1385389 -0.7040599 0.6964961
vn -0.1804087 -0.380544 0.9069945
vn -3.044933E-06 -0.552764 0.8333378
vn 0.1116583 -0.9795975 0.1670962
vn 0.1484334 -0.9217076 0.3583613
vn 0.07692663 -0.9795967 0.1856679
vn 0.039209 -0.9795985 0.1971031
vn 1.145499E-07 -0.9795982 0.200966
vn -0.3538918 -0.3805422 0.8543701
vn -0.1625761 -0.5527621 0.8173268
vn 0.1091973 -0.8286498 0.5490131
vn 0.07565974 -0.9217107 0.3804273
vn -3.548516E-06 -0.7040592 0.7101412
vn -0.5137724 -0.3805366 0.7689147
vn 2.258989E-07 -0.9217095 0.3878808
vn 0 -0.8286476 0.5597706
vn -0.1385429 -0.7040583 0.6964968
vn -0.3189033 -0.5527627 0.7699052
vn -0.6539052 -0.3805421 0.653908
vn -0.109198 -0.8286495 0.5490136
vn -0.07566022 -0.9217109 0.3804269
vn -0.2717599 -0.7040579 0.6560862
vn -0.4629747 -0.5527688 0.6928933
vn -0.7689131 -0.3805425 0.5137705
vn -0.2142113 -0.8286465 0.517164
vn -0.03920852 -0.9795985 0.1971025
vn -0.3945364 -0.7040577 0.5904607
vn -0.5892566 -0.5527667 0.5892584
vn -0.8543723 -0.3805369 0.3538922
vn -0.1484335 -0.9217083 0.358359
vn -0.3109997 -0.8286419 0.4654371
vn -0.5021498 -0.7040551 0.5021473
vn -0.6928943 -0.5527636 0.4629794
vn -0.9069954 -0.3805397 0.1804135
vn -0.07692765 -0.9795965 0.1856686
vn -0.2154953 -0.9217092 0.3225119
vn -0.3958179 -0.8286473 0.3958178
vn -0.5904617 -0.7040577 0.3945349
vn -0.7699021 -0.5527666 0.3189042
vn -0.9247638 -0.3805417 -1.22729E-07
vn -0.1116589 -0.9795972 0.1670975
vn -0.274262 -0.9217141 0.274269
vn -0.4654303 -0.8286484 0.3109928
vn -0.6560838 -0.7040605 0.271759
vn -0.8173245 -0.5527654 0.1625762
vn -0.9069961 -0.380538 -0.1804132
vn -0.1420839 -0.9796012 0.1421048
vn -0.3225098 -0.9217101 0.2154949
vn -0.5171663 -0.828644 0.2142155
vn -0.6965011 -0.7040542 0.1385421
vn -0.8333384 -0.5527633 0
vn -0.8543715 -0.3805394 -0.3538913
vn -0.1670792 -0.9796019 0.1116456
vn -0.3583617 -0.921707 0.1484357
vn -0.1856781 -0.9795966 0.07690353
vn -0.1971122 -0.9795965 0.03921034
vn -0.2009647 -0.9795985 -1.743604E-07
vn -0.5490229 -0.8286424 0.1092044
vn -0.3804277 -0.9217096 0.07567175
vn -0.7101477 -0.7040527 0
vn -0.3878787 -0.9217104 -1.960181E-07
vn -0.5597761 -0.828644 -1.185458E-07
vn -0.8173243 -0.552766 -0.1625757
vn -0.6964967 -0.7040585 -0.1385421
vn -0.5490202 -0.8286442 -0.1092047
vn -0.3804283 -0.9217093 -0.0756728
vn -0.769903 -0.5527655 -0.3189038
vn -0.6560825 -0.7040617 -0.2717587
vn -0.7689128 -0.3805436 -0.51377
vn -0.6928971 -0.5527592 -0.4629804
vn -0.6539065 -0.3805435 -0.6539059
vn -0.5171602 -0.828648 -0.2142146
vn -0.1971127 -0.9795964 -0.03921152
vn -0.5904635 -0.704056 -0.3945352
vn -0.5892603 -0.5527614 -0.5892598
vn -0.5137712 -0.380538 -0.7689148
vn -0.3583522 -0.9217108 -0.1484351
vn -0.4654298 -0.8286493 -0.3109908
vn -0.5021493 -0.7040543 -0.5021489
vn -0.4629747 -0.552766 -0.6928955
vn -0.3538916 -0.3805408 -0.8543709
vn -0.180412 -0.380545 -0.9069934
vn -0.3189033 -0.5527653 -0.7699035
vn -0.1625752 -0.5527649 -0.8173251
vn -0.1856698 -0.9795982 -0.07690332
vn -0.32251 -0.9217103 -0.2154935
vn -0.3958168 -0.8286485 -0.3958164
vn -0.3945358 -0.7040562 -0.5904627
vn -0.2717602 -0.7040573 -0.6560867
vn -0.1385392 -0.7040607 -0.6964951
vn -0.16708 -0.9796016 -0.1116468
vn -0.2742707 -0.9217109 -0.2742709
vn -0.3109967 -0.8286439 -0.4654357
vn -0.2142161 -0.8286454 -0.5171636
vn -0.1091982 -0.8286489 -0.5490145
vn -0.1420916 -0.9795997 -0.1421073
vn -0.2154956 -0.9217093 -0.3225116
vn -0.1484376 -0.9217092 -0.3583552
vn -0.07566031 -0.9217102 -0.3804285
vn -0.111659 -0.9795972 -0.1670975
vn -0.07692751 -0.9795966 -0.1856682
vn -0.03920828 -0.979599 -0.1971005
vn -0.1854135 0.311064 -0.9321271
vn -0.1884349 0.2589913 -0.9473203
vn -0.3696236 0.25899 -0.8923578
vn -0.3636966 0.3110624 -0.8780462
vn -0.5366084 0.2589902 -0.8031037
vn -0.3619343 0.324803 -0.8737886
vn -0.1845145 0.3248026 -0.9276085
vn -0.528002 0.3110626 -0.790224
vn -0.6829838 0.2589923 -0.6829759
vn -0.5254421 0.3248022 -0.7863931
vn -0.3754205 0.1939303 -0.906339
vn -0.1913876 0.1939293 -0.9621654
vn -0.6720291 0.3110645 -0.6720236
vn -0.8031026 0.2589928 -0.5366088
vn -0.6687669 0.324802 -0.668771
vn -0.5450205 0.19393 -0.8156862
vn -0.3826866 0 -0.9238782
vn -0.1950891 0 -0.9807854
vn -0.7902219 0.3110646 -0.528004
vn -0.8923544 0.2589936 -0.3696295
vn -0.7863892 0.3248017 -0.5254482
vn -0.6936796 0.1939294 -0.6936858
vn -0.5555719 0 -0.8314685
vn -0.375421 -0.1939301 -0.9063389
vn -0.1913861 -0.1939294 -0.9621657
vn -0.8780431 0.3110646 -0.3637022
vn -0.94732 0.2589935 -0.1884331
vn -0.8737885 0.3248003 -0.3619372
vn -0.8156844 0.1939298 -0.5450231
vn -0.7071065 0 -0.707107
vn -0.5450239 -0.1939294 -0.815684
vn -0.9321275 0.3110642 -0.1854114
vn -0.9658789 0.258994 -8.018002E-07
vn -0.9276091 0.3248006 -0.1845147
vn -0.9063401 0.193931 -0.3754177
vn -0.8314689 -1.758718E-07 -0.5555712
vn -0.6936827 -0.1939282 -0.6936831
vn -0.9503888 0.3110644 -6.776747E-07
vn -0.94732 0.2589944 0.1884323
vn -0.9457825 0.3248004 -8.097684E-07
vn -0.9621649 0.1939317 -0.1913875
vn -0.9238788 -1.999643E-07 -0.3826852
vn -0.8156835 -0.1939287 -0.5450248
vn -0.9321274 0.3110649 0.1854108
vn -0.8923554 0.2589925 0.3696278
vn -0.9276096 0.3248002 0.1845139
vn -0.9810152 0.1939306 -7.080993E-07
vn -0.9807854 -1.734629E-07 -0.1950898
vn -0.9063391 -0.1939301 -0.3754203
vn -0.8780435 0.3110644 0.3637013
vn -0.8030996 0.2589915 0.5366138
vn -0.8737878 0.3248014 0.3619377
vn -0.9621652 0.193931 0.1913871
vn -1 0 -3.830636E-07
vn -0.9621652 -0.1939305 -0.1913871
vn -0.7902187 0.3110652 0.5280082
vn -0.6829789 0.2589908 0.6829814
vn -0.7863877 0.3248036 0.5254493
vn -0.9063395 0.1939327 0.3754182
vn -0.9807854 -4.697956E-07 0.1950903
vn -0.9810153 -0.1939301 -5.395042E-07
vn -0.6720254 0.3110662 0.6720266
vn -0.5366142 0.2589911 0.8030995
vn -0.6687664 0.3248039 0.6687705
vn -0.815684 0.1939324 0.5450228
vn -0.9238794 -1.373249E-07 0.3826839
vn -0.9621651 -0.193931 0.1913877
vn -0.5280069 0.3110653 0.7902196
vn -0.3696294 0.2589927 0.8923547
vn -0.5254456 0.3248036 0.7863902
vn -0.6936795 0.1939309 0.6936854
vn -0.83147 1.782812E-07 0.5555697
vn -0.9063394 -0.1939322 0.3754188
vn -0.3637015 0.3110645 0.8780433
vn -0.1884402 0.2589928 0.9473189
vn -0.3619375 0.3248039 0.8737869
vn -0.5450215 0.193931 0.8156852
vn -0.7071052 0 0.7071083
vn -0.815685 -0.193931 0.5450218
vn -0.1854159 0.3110652 0.9321263
vn 2.297552E-07 0.2589916 0.9658796
vn -0.1845138 0.3248036 0.9276084
vn -0.3754219 0.1939329 0.9063379
vn -0.5555709 0 0.8314691
vn -0.6936821 -0.1939297 0.6936832
vn 0 0.3110647 0.9503887
vn 0.1884405 0.258991 0.9473193
vn 2.087721E-06 0.324801 0.9457824
vn -0.1913866 0.1939317 0.9621652
vn -0.3826879 0 0.9238777
vn -0.5450225 -0.1939314 0.8156844
vn 0.1854158 0.3110643 0.9321266
vn 0.3696282 0.2589909 0.8923557
vn 3.817473E-06 0.1939299 0.9810154
vn -0.1950902 0 0.9807854
vn -0.3754205 -0.1939329 0.9063385
vn 0.1845146 0.3247996 0.9276096
vn 0.3637007 0.3110637 0.8780439
vn 0.5366153 0.2589888 0.8030995
vn 3.307839E-06 0 1
vn -0.191386 -0.1939311 0.9621652
vn 0.1913875 0.1939304 0.9621652
vn 0.3619348 0.3248027 0.8737886
vn 0.528007 0.3110637 0.7902203
vn 0.6829801 0.2589895 0.6829807
vn 3.511594E-06 -0.1939293 0.9810156
vn 0.1950884 0 0.9807857
vn 0.3754175 0.193931 0.9063401
vn 0.5254437 0.3248039 0.7863913
vn 0.6720253 0.3110646 0.6720274
vn 0.8030974 0.25899 0.5366178
vn 0.1913859 -0.1939298 0.9621656
vn 0.3826841 0 0.9238793
vn 0.5450219 0.1939305 0.815685
vn 0.6687646 0.3248022 0.6687731
vn 0.790219 0.3110636 0.5280088
vn 0.8923562 0.2589898 0.3696277
vn 0.375418 -0.1939308 0.90634
vn 0.5555741 0 0.8314671
vn 0.6936809 0.193929 0.6936846
vn 0.7863887 0.3248009 0.5254496
vn 0.878045 0.3110625 0.3636992
vn 0.9473218 0.2589901 0.1884288
vn 0.5450253 -0.1939299 0.8156829
vn 0.7071091 0 0.7071044
vn 0.8156844 0.1939288 0.5450235
vn 0.87379 0.3247998 0.3619339
vn 0.9321281 0.3110628 0.1854105
vn 0.9658801 0.2589895 -7.783561E-07
vn 0.6936839 -0.1939277 0.693682
vn 0.8314702 -5.059328E-07 0.5555694
vn 0.9063405 0.1939287 0.3754177
vn 0.9276102 0.324799 0.1845127
vn 0.9503896 0.3110622 -6.634082E-07
vn 0.947322 0.2589892 -0.1884297
vn 0.8156841 -0.1939287 0.545024
vn 0.9238778 -5.227977E-07 0.3826876
vn 0.962166 0.1939285 0.1913856
vn 0.9457831 0.3247988 -7.404963E-07
vn 0.9321283 0.3110623 -0.1854112
vn 0.892357 0.2589889 -0.3696265
vn 0.9063392 -0.19393 0.3754205
vn 0.980785 -1.710536E-07 0.1950918
vn 0.9810156 0.1939292 -1.016386E-06
vn 0.9276097 0.3248001 -0.1845134
vn 0.8780453 0.3110624 -0.3636985
vn 0.8031024 0.2589892 -0.5366108
vn 0.9621657 -0.1939291 0.1913863
vn 1 2.409207E-07 -8.673146E-07
vn 0.9621655 0.1939287 -0.1913874
vn 0.8737895 0.3248006 -0.3619345
vn 0.7902223 0.3110628 -0.5280042
vn 0.6829818 0.2589894 -0.682979
vn 0.9810157 -0.1939284 -4.648401E-07
vn 0.9807848 1.493707E-07 -0.1950925
vn 0.9063397 0.1939284 -0.3754201
vn 0.7863896 0.324801 -0.525448
vn 0.6720259 0.311063 -0.6720275
vn 0.5366071 0.2589869 -0.8031056
vn 0.9621658 -0.1939277 -0.191387
vn 0.9238785 4.987053E-07 -0.382686
vn 0.8156835 0.1939297 -0.5450243
vn 0.6687661 0.3248009 -0.6687721
vn 0.528002 0.3110614 -0.7902244
vn 0.3696257 0.2589876 -0.8923577
vn 0.9063405 -0.1939273 -0.3754185
vn 0.8314707 8.408124E-07 -0.5555687
vn 0.6936814 0.1939302 -0.6936837
vn 0.5254442 0.3248025 -0.7863916
vn 0.3636996 0.3110622 -0.8780448
vn 0.1884371 0.25899 -0.9473203
vn 0.8156858 -0.1939278 -0.5450218
vn 0.7071086 3.637903E-07 -0.7071049
vn 0.5450236 0.1939315 -0.8156837
vn 0.361937 0.3248037 -0.8737873
vn 0.1854143 0.3110635 -0.9321272
vn 2.110002E-07 0.2589909 -0.9658798
vn 0.6936841 -0.1939291 -0.6936814
vn 0.5555748 0 -0.8314667
vn 0.3754213 0.1939317 -0.9063385
vn 0.1845138 0.3248029 -0.9276085
vn 0 0.3110642 -0.950389
vn -0.1884349 0.2589913 -0.9473203
vn -0.1854135 0.311064 -0.9321271
vn -0.1845145 0.3248026 -0.9276085
vn -6.736124E-07 0.3248023 -0.9457819
vn -0.1913876 0.1939293 -0.9621654
vn -7.827625E-07 0.1939294 -0.9810156
vn -0.1950891 0 -0.9807854
vn 0.191386 0.1939304 -0.9621655
vn 0 0 -1
vn -0.1913861 -0.1939294 -0.9621657
vn 0.195089 0 -0.9807855
vn -4.62432E-07 -0.1939294 -0.9810156
vn -0.1804108 -0.3805427 -0.9069946
vn 0.3826876 0 -0.9238778
vn -5.751409E-07 -0.3805433 -0.9247631
vn -0.1625725 -0.5527638 -0.8173263
vn 0.1913854 -0.1939304 -0.9621656
vn 0.3754199 -0.1939317 -0.906339
vn 1.273726E-07 -0.5527641 -0.8333378
vn -0.1385395 -0.7040588 -0.6964971
vn 0.1804102 -0.3805436 -0.9069943
vn 0.5450244 -0.1939313 -0.8156831
vn 0 -0.7040583 -0.7101421
vn -0.1091985 -0.8286478 -0.5490159
vn 0.1625739 -0.552763 -0.8173266
vn 0.3538935 -0.3805433 -0.8543689
vn 0.5137694 -0.3805423 -0.7689139
vn 0 -0.8286475 -0.5597708
vn -0.07566017 -0.9217106 -0.3804276
vn 0.1385409 -0.7040562 -0.6964992
vn 0.3189078 -0.5527626 -0.7699034
vn 0.6539038 -0.3805415 -0.6539098
vn 0 -0.921708 -0.3878845
vn -0.03920827 -0.9795986 -0.1971018
vn 0.1091985 -0.8286469 -0.5490173
vn 0.2717632 -0.7040557 -0.6560872
vn 0.4629758 -0.5527645 -0.6928958
vn 0.7689131 -0.3805417 -0.513771
vn 0 -0.9795979 -0.2009677
vn 0 -1 -6.173764E-07
vn 0.07566008 -0.9217107 -0.3804274
vn 0.2142115 -0.8286472 -0.5171627
vn 0.3945378 -0.7040572 -0.5904602
vn 0.5892557 -0.552765 -0.5892611
vn 0.8543715 -0.3805409 -0.3538899
vn 0.03920828 -0.979599 -0.1971003
vn 0.1484401 -0.9217088 -0.3583554
vn 0.3109974 -0.8286466 -0.4654304
vn 0.5021461 -0.7040586 -0.5021462
vn 0.692893 -0.5527667 -0.4629774
vn 0.9069943 -0.3805422 -0.1804135
vn 0.07693602 -0.9795966 -0.185665
vn 0.2155017 -0.9217096 -0.3225064
vn 0.3958123 -0.8286504 -0.3958172
vn 0.5904628 -0.7040582 -0.3945323
vn 0.7699025 -0.5527664 -0.3189033
vn 0.9247636 -0.3805421 -7.315613E-07
vn 0.1116702 -0.9795963 -0.1670957
vn 0.2742608 -0.9217134 -0.2742725
vn 0.4654332 -0.8286456 -0.310996
vn 0.6560887 -0.7040565 -0.2717573
vn 0.817323 -0.5527667 -0.1625791
vn 0.9069952 -0.3805402 0.1804128
vn 0.1420839 -0.9796013 -0.1421037
vn 0.32251 -0.9217089 -0.2154995
vn 0.5171674 -0.8286434 -0.2142145
vn 0.6964992 -0.7040565 -0.1385403
vn 0.8333346 -0.552769 -8.243182E-07
vn 0.854371 -0.3805418 0.3538899
vn 0.1670806 -0.9796011 -0.1116509
vn 0.3583632 -0.9217063 -0.1484362
vn 0.185681 -0.9795959 -0.07690472
vn 0.1971112 -0.979597 -0.03920574
vn 0.2009637 -0.9795986 -6.007899E-07
vn 0.5490189 -0.8286453 -0.1092025
vn 0.3804305 -0.9217085 -0.07567073
vn 0.7101429 -0.7040576 -4.01877E-07
vn 0.3878816 -0.9217092 -6.597684E-07
vn 0.559776 -0.828644 -4.442474E-07
vn 0.8173235 -0.5527663 0.1625782
vn 0.6964968 -0.7040588 0.1385402
vn 0.5490182 -0.8286458 0.1092024
vn 0.3804301 -0.9217086 0.07567106
vn 0.7699028 -0.5527664 0.3189027
vn 0.656086 -0.7040589 0.2717576
vn 0.7689129 -0.380542 0.5137711
vn 0.6928926 -0.5527676 0.4629772
vn 0.6539038 -0.3805417 0.6539096
vn 0.5171625 -0.8286465 0.2142146
vn 0.1971138 -0.9795964 0.0392059
vn 0.590462 -0.7040592 0.3945317
vn 0.589255 -0.5527657 0.5892612
vn 0.513769 -0.3805438 0.7689134
vn 0.3583565 -0.9217091 0.148435
vn 0.4654308 -0.8286476 0.3109941
vn 0.5021461 -0.7040586 0.5021463
vn 0.4629758 -0.5527648 0.6928957
vn 0.3538928 -0.3805422 0.8543696
vn 0.1856749 -0.979597 0.07690486
vn 0.3225059 -0.9217109 0.2154972
vn 0.395814 -0.8286495 0.3958172
vn 0.3945382 -0.7040576 0.5904595
vn 0.3189068 -0.5527631 0.7699035
vn 0.1804116 -0.3805391 0.9069959
vn 0.1670786 -0.9796015 0.1116496
vn 0.2742658 -0.9217115 0.274274
vn 0.3109972 -0.8286475 0.4654289
vn 0.2717623 -0.7040575 0.6560857
vn 0.1625732 -0.5527635 0.8173264
vn 2.204307E-06 -0.3805408 0.9247642
vn 0.1420889 -0.9796005 0.1421044
vn 0.2154959 -0.9217098 0.3225099
vn 0.214215 -0.8286473 0.517161
vn 0.1385396 -0.7040575 0.6964983
vn -0.1804103 -0.3805415 0.9069952
vn 0 -0.5527639 0.833338
vn 0.1116618 -0.979597 0.1670968
vn 0.1484367 -0.9217091 0.3583558
vn 0.07692605 -0.979597 0.1856664
vn 0.03921797 -0.9795982 0.1971021
vn 0 -0.9795981 0.2009667
vn -0.3538942 -0.3805423 0.854369
vn -0.1625742 -0.5527624 0.8173268
vn 0.1091982 -0.8286476 0.5490162
vn 0.07566822 -0.9217094 0.3804289
vn 0 -0.7040592 0.7101412
vn -0.5137687 -0.3805417 0.7689147
vn 1.709181E-07 -0.9217095 0.3878811
vn 0 -0.8286492 0.5597683
vn -0.1385411 -0.7040591 0.6964964
vn -0.3189079 -0.5527617 0.7699041
vn -0.653904 -0.3805412 0.6539096
vn -0.1091982 -0.8286489 0.5490143
vn -0.07566842 -0.9217097 0.3804281
vn -0.2717625 -0.7040554 0.6560878
vn -0.4629741 -0.5527634 0.692898
vn -0.7689139 -0.3805427 0.5137691
vn -0.2142158 -0.8286459 0.517163
vn -0.03921752 -0.9795983 0.1971016
vn -0.3945365 -0.7040569 0.5904616
vn -0.5892559 -0.5527653 0.5892604
vn -0.854371 -0.3805408 0.3538911
vn -0.1484374 -0.9217096 0.3583542
vn -0.3109972 -0.8286462 0.4654311
vn -0.5021461 -0.70406 0.5021442
vn -0.6928939 -0.5527676 0.4629752
vn -0.9069954 -0.3805394 0.1804141
vn -0.07692698 -0.9795969 0.185667
vn -0.2154946 -0.9217101 0.32251
vn -0.3958124 -0.8286513 0.3958151
vn -0.5904631 -0.7040588 0.3945308
vn -0.7699022 -0.552767 0.3189031
vn -0.9247641 -0.3805408 -7.604381E-07
vn -0.111662 -0.979597 0.1670974
vn -0.2742609 -0.9217141 0.2742705
vn -0.4654337 -0.8286452 0.3109962
vn -0.6560877 -0.7040575 0.271757
vn -0.8173238 -0.5527661 0.162577
vn -0.9069947 -0.3805409 -0.180414
vn -0.1420841 -0.9796015 0.1421018
vn -0.3225097 -0.9217095 0.2154973
vn -0.517168 -0.8286431 0.2142148
vn -0.696497 -0.7040584 0.1385414
vn -0.8333361 -0.5527667 -4.746441E-07
vn -0.8543706 -0.3805405 -0.3538924
vn -0.1670797 -0.9796015 0.111648
vn -0.3583632 -0.921706 0.1484381
vn -0.1856802 -0.9795959 0.07690676
vn -0.197111 -0.9795969 0.03920892
vn -0.2009639 -0.9795986 -4.74308E-07
vn -0.5490197 -0.8286446 0.109204
vn -0.3804283 -0.9217093 0.07567243
vn -0.7101423 -0.7040582 -4.246704E-07
vn -0.3878798 -0.92171 -5.270977E-07
vn -0.559775 -0.8286447 -6.262572E-07
vn -0.8173237 -0.5527663 -0.1625772
vn -0.6964961 -0.7040592 -0.1385424
vn -0.5490161 -0.8286469 -0.109205
vn -0.3804281 -0.9217094 -0.07567279
vn -0.7699023 -0.5527672 -0.3189026
vn -0.6560861 -0.7040588 -0.2717577
vn -0.7689134 -0.3805417 -0.5137706
vn -0.6928944 -0.5527666 -0.4629755
vn -0.6539041 -0.380541 -0.6539097
vn -0.5171644 -0.8286452 -0.2142154
vn -0.1971077 -0.9795974 -0.0392095
vn -0.5904634 -0.7040585 -0.394531
vn -0.5892558 -0.5527648 -0.5892611
vn -0.5137693 -0.380542 -0.7689142
vn -0.3583575 -0.9217082 -0.1484385
vn -0.4654333 -0.8286455 -0.3109958
vn -0.5021463 -0.7040599 -0.5021443
vn -0.4629754 -0.5527628 -0.6928976
vn -0.3538946 -0.3805435 -0.8543683
vn -0.1804108 -0.3805427 -0.9069946
vn -0.3189075 -0.5527629 -0.7699033
vn -0.1625725 -0.5527638 -0.8173263
vn -0.1856743 -0.979597 -0.07690722
vn -0.3225098 -0.9217095 -0.2154971
vn -0.3958139 -0.8286507 -0.3958148
vn -0.3945383 -0.7040557 -0.5904617
vn -0.2717625 -0.704055 -0.6560882
vn -0.1385395 -0.7040588 -0.6964971
vn -0.1670801 -0.9796014 -0.1116481
vn -0.2742645 -0.9217131 -0.2742701
vn -0.3109975 -0.8286459 -0.4654316
vn -0.2142112 -0.8286462 -0.5171644
vn -0.1091985 -0.8286478 -0.5490159
vn -0.1420881 -0.9796011 -0.1421011
vn -0.2155018 -0.9217091 -0.3225078
vn -0.14844 -0.9217087 -0.3583555
vn -0.07566017 -0.9217106 -0.3804276
vn -0.1116703 -0.9795963 -0.1670957
vn -0.07693585 -0.9795964 -0.1856661
vn -0.03920827 -0.9795986 -0.1971018
usemtl light1_1
f 1/1/1 3/3/3 2/2/2 
f 1/1/1 4/4/4 3/3/3 
f 5/5/5 4/4/4 1/1/1 
f 5/5/5 6/6/6 4/4/4 
f 7/7/7 6/6/6 5/5/5 
f 7/7/7 8/8/8 6/6/6 
f 9/9/9 8/8/8 7/7/7 
f 9/9/9 10/10/10 8/8/8 
f 11/11/11 10/10/10 9/9/9 
f 11/11/11 12/12/12 10/10/10 
f 13/13/13 12/12/12 11/11/11 
f 13/13/13 14/14/14 12/12/12 
f 15/15/15 14/14/14 13/13/13 
f 15/15/15 16/16/16 14/14/14 
f 17/17/17 16/16/16 15/15/15 
f 17/17/17 18/18/18 16/16/16 
f 19/19/19 18/18/18 17/17/17 
f 19/19/19 20/20/20 18/18/18 
f 21/21/21 20/20/20 19/19/19 
f 21/21/21 22/22/22 20/20/20 
f 23/23/23 22/22/22 21/21/21 
f 23/23/23 24/24/24 22/22/22 
f 25/25/25 24/24/24 23/23/23 
f 25/25/25 26/26/26 24/24/24 
f 27/27/27 26/26/26 25/25/25 
f 27/27/27 28/28/28 26/26/26 
f 29/29/29 28/28/28 27/27/27 
f 29/29/29 30/30/30 28/28/28 
f 31/31/31 30/30/30 29/29/29 
f 31/31/31 32/32/32 30/30/30 
f 33/33/33 32/32/32 31/31/31 
f 33/33/33 34/34/34 32/32/32 
f 35/35/35 34/34/34 33/33/33 
f 35/35/35 36/36/36 34/34/34 
f 37/37/37 36/36/36 35/35/35 
f 37/37/37 38/38/38 36/36/36 
f 39/39/39 38/38/38 37/37/37 
f 39/39/39 40/40/40 38/38/38 
f 41/41/41 40/40/40 39/39/39 
f 41/41/41 42/42/42 40/40/40 
f 43/43/43 42/42/42 41/41/41 
f 43/43/43 44/44/44 42/42/42 
f 45/45/45 44/44/44 43/43/43 
f 45/45/45 46/46/46 44/44/44 
f 47/47/47 46/46/46 45/45/45 
f 47/47/47 48/48/48 46/46/46 
f 49/49/49 48/48/48 47/47/47 
f 49/49/49 50/50/50 48/48/48 
f 51/51/51 50/50/50 49/49/49 
f 51/51/51 52/52/52 50/50/50 
f 53/53/53 52/52/52 51/51/51 
f 53/53/53 54/54/54 52/52/52 
f 55/55/55 54/54/54 53/53/53 
f 55/55/55 56/56/56 54/54/54 
f 57/57/57 56/56/56 55/55/55 
f 57/57/57 58/58/58 56/56/56 
f 59/59/59 58/58/58 57/57/57 
f 59/59/59 60/60/60 58/58/58 
f 61/61/61 60/60/60 59/59/59 
f 61/61/61 62/62/62 60/60/60 
f 63/63/63 62/62/62 61/61/61 
f 63/63/63 64/64/64 62/62/62 
f 65/65/65 64/64/64 63/63/63 
f 65/65/65 66/66/66 64/64/64 
f 67/67/67 69/69/69 68/68/68 
f 69/69/69 67/67/67 70/70/70 
f 69/69/69 70/70/70 71/71/71 
f 71/71/71 70/70/70 72/72/72 
f 71/71/71 72/72/72 73/73/73 
f 73/73/73 72/72/72 74/74/74 
f 73/73/73 74/74/74 75/75/75 
f 75/75/75 74/74/74 76/76/76 
f 75/75/75 76/76/76 77/77/77 
f 77/77/77 76/76/76 78/78/78 
f 77/77/77 78/78/78 79/79/79 
f 79/79/79 78/78/78 80/80/80 
f 79/79/79 80/80/80 81/81/81 
f 81/81/81 80/80/80 82/82/82 
f 81/81/81 82/82/82 83/83/83 
f 83/83/83 82/82/82 84/84/84 
f 83/83/83 84/84/84 85/85/85 
f 85/85/85 84/84/84 86/86/86 
f 85/85/85 86/86/86 87/87/87 
f 87/87/87 86/86/86 88/88/88 
f 87/87/87 88/88/88 89/89/89 
f 89/89/89 88/88/88 90/90/90 
f 89/89/89 90/90/90 91/91/91 
f 91/91/91 90/90/90 92/92/92 
f 91/91/91 92/92/92 93/93/93 
f 93/93/93 92/92/92 94/94/94 
f 93/93/93 94/94/94 95/95/95 
f 95/95/95 94/94/94 96/96/96 
f 95/95/95 96/96/96 97/97/97 
f 97/97/97 96/96/96 98/98/98 
f 99/99/99 101/101/101 100/100/100 
f 99/99/99 102/102/102 101/101/101 
f 103/103/103 102/102/102 99/99/99 
f 103/103/103 104/104/104 102/102/102 
f 105/105/105 104/104/104 103/103/103 
f 105/105/105 106/106/106 104/104/104 
f 107/107/107 106/106/106 105/105/105 
f 107/107/107 108/108/108 106/106/106 
f 109/109/109 108/108/108 107/107/107 
f 109/109/109 110/110/110 108/108/108 
f 111/111/111 110/110/110 109/109/109 
f 111/111/111 112/112/112 110/110/110 
f 113/113/113 112/112/112 111/111/111 
f 113/113/113 114/114/114 112/112/112 
f 115/115/115 114/114/114 113/113/113 
f 115/115/115 116/116/116 114/114/114 
f 117/117/117 116/116/116 115/115/115 
f 117/117/117 118/118/118 116/116/116 
f 119/119/119 118/118/118 117/117/117 
f 119/119/119 120/120/120 118/118/118 
f 121/121/121 120/120/120 119/119/119 
f 121/121/121 122/122/122 120/120/120 
f 123/123/123 122/122/122 121/121/121 
f 123/123/123 124/124/124 122/122/122 
f 125/125/125 124/124/124 123/123/123 
f 125/125/125 126/126/126 124/124/124 
f 127/127/127 126/126/126 125/125/125 
f 127/127/127 128/128/128 126/126/126 
f 129/129/129 128/128/128 127/127/127 
f 129/129/129 130/130/130 128/128/128 
f 131/131/131 130/130/130 129/129/129 
f 131/131/131 132/132/132 130/130/130 
f 133/133/133 132/132/132 131/131/131 
f 133/133/133 134/134/134 132/132/132 
f 135/135/135 134/134/134 133/133/133 
f 135/135/135 136/136/136 134/134/134 
f 137/137/137 136/136/136 135/135/135 
f 137/137/137 138/138/138 136/136/136 
f 139/139/139 138/138/138 137/137/137 
f 139/139/139 140/140/140 138/138/138 
f 141/141/141 140/140/140 139/139/139 
f 141/141/141 142/142/142 140/140/140 
f 143/143/143 142/142/142 141/141/141 
f 143/143/143 144/144/144 142/142/142 
f 145/145/145 144/144/144 143/143/143 
f 145/145/145 146/146/146 144/144/144 
f 147/147/147 146/146/146 145/145/145 
f 147/147/147 148/148/148 146/146/146 
f 149/149/149 148/148/148 147/147/147 
f 149/149/149 150/150/150 148/148/148 
f 151/151/151 150/150/150 149/149/149 
f 151/151/151 152/152/152 150/150/150 
f 153/153/153 152/152/152 151/151/151 
f 153/153/153 154/154/154 152/152/152 
f 155/155/155 154/154/154 153/153/153 
f 155/155/155 156/156/156 154/154/154 
f 157/157/157 156/156/156 155/155/155 
f 157/157/157 158/158/158 156/156/156 
f 159/159/159 158/158/158 157/157/157 
f 159/159/159 160/160/160 158/158/158 
f 161/161/161 160/160/160 159/159/159 
f 161/161/161 162/162/162 160/160/160 
f 163/163/163 162/162/162 161/161/161 
f 163/163/163 164/164/164 162/162/162 
f 165/165/165 167/167/167 166/166/166 
f 167/167/167 165/165/165 168/168/168 
f 167/167/167 168/168/168 169/169/169 
f 169/169/169 168/168/168 170/170/170 
f 169/169/169 170/170/170 171/171/171 
f 171/171/171 170/170/170 172/172/172 
f 171/171/171 172/172/172 173/173/173 
f 173/173/173 172/172/172 174/174/174 
f 173/173/173 174/174/174 175/175/175 
f 175/175/175 174/174/174 176/176/176 
f 175/175/175 176/176/176 177/177/177 
f 177/177/177 176/176/176 178/178/178 
f 177/177/177 178/178/178 179/179/179 
f 179/179/179 178/178/178 180/180/180 
f 179/179/179 180/180/180 181/181/181 
f 181/181/181 180/180/180 182/182/182 
f 181/181/181 182/182/182 183/183/183 
f 183/183/183 182/182/182 184/184/184 
f 183/183/183 184/184/184 185/185/185 
f 185/185/185 184/184/184 186/186/186 
f 185/185/185 186/186/186 187/187/187 
f 187/187/187 186/186/186 188/188/188 
f 187/187/187 188/188/188 189/189/189 
f 189/189/189 188/188/188 190/190/190 
f 189/189/189 190/190/190 191/191/191 
f 191/191/191 190/190/190 192/192/192 
f 191/191/191 192/192/192 193/193/193 
f 193/193/193 192/192/192 194/194/194 
f 193/193/193 194/194/194 195/195/195 
f 195/195/195 194/194/194 196/196/196 
f 197/197/197 199/199/199 198/198/198 
f 197/197/197 200/200/200 199/199/199 
f 201/201/201 197/197/197 198/198/198 
f 200/200/200 202/202/202 199/199/199 
f 201/201/201 198/198/198 203/203/203 
f 200/200/200 204/204/204 202/202/202 
f 205/205/205 201/201/201 203/203/203 
f 204/204/204 206/206/206 202/202/202 
f 205/205/205 203/203/203 207/207/207 
f 204/204/204 208/208/208 206/206/206 
f 209/209/209 205/205/205 207/207/207 
f 208/208/208 210/210/210 206/206/206 
f 209/209/209 207/207/207 211/211/211 
f 208/208/208 212/212/212 210/210/210 
f 213/213/213 209/209/209 211/211/211 
f 212/212/212 214/214/214 210/210/210 
f 213/213/213 211/211/211 215/215/215 
f 212/212/212 216/216/216 214/214/214 
f 217/217/217 213/213/213 215/215/215 
f 216/216/216 218/218/218 214/214/214 
f 217/217/217 215/215/215 219/219/219 
f 216/216/216 220/220/220 218/218/218 
f 221/221/221 217/217/217 219/219/219 
f 220/220/220 222/222/222 218/218/218 
f 221/221/221 219/219/219 223/223/223 
f 220/220/220 224/224/224 222/222/222 
f 225/225/225 221/221/221 223/223/223 
f 224/224/224 226/226/226 222/222/222 
f 225/225/225 223/223/223 227/227/227 
f 224/224/224 228/228/228 226/226/226 
f 229/229/229 225/225/225 227/227/227 
f 228/228/228 230/230/230 226/226/226 
f 229/229/229 227/227/227 231/231/231 
f 228/228/228 232/232/232 230/230/230 
f 233/233/233 229/229/229 231/231/231 
f 232/232/232 234/234/234 230/230/230 
f 233/233/233 231/231/231 235/235/235 
f 232/232/232 236/236/236 234/234/234 
f 237/237/237 233/233/233 235/235/235 
f 236/236/236 238/238/238 234/234/234 
f 237/237/237 235/235/235 239/239/239 
f 236/236/236 240/240/240 238/238/238 
f 241/241/241 237/237/237 239/239/239 
f 240/240/240 242/242/242 238/238/238 
f 241/241/241 239/239/239 243/243/243 
f 240/240/240 244/244/244 242/242/242 
f 245/245/245 241/241/241 243/243/243 
f 244/244/244 246/246/246 242/242/242 
f 245/245/245 243/243/243 247/247/247 
f 244/244/244 248/248/248 246/246/246 
f 249/249/249 245/245/245 247/247/247 
f 248/248/248 250/250/250 246/246/246 
f 249/249/249 247/247/247 251/251/251 
f 248/248/248 252/252/252 250/250/250 
f 253/253/253 249/249/249 251/251/251 
f 252/252/252 254/254/254 250/250/250 
f 253/253/253 251/251/251 255/255/255 
f 252/252/252 256/256/256 254/254/254 
f 257/257/257 253/253/253 255/255/255 
f 256/256/256 258/258/258 254/254/254 
f 257/257/257 255/255/255 259/259/259 
f 256/256/256 260/260/260 258/258/258 
f 260/260/260 257/257/257 259/259/259 
f 260/260/260 259/259/259 258/258/258 
f 261/261/261 263/263/263 262/262/262 
f 261/261/261 264/264/264 263/263/263 
f 265/265/265 261/261/261 262/262/262 
f 264/264/264 266/266/266 263/263/263 
f 265/265/265 262/262/262 267/267/267 
f 264/264/264 268/268/268 266/266/266 
f 269/269/269 265/265/265 267/267/267 
f 268/268/268 270/270/270 266/266/266 
f 269/269/269 267/267/267 271/271/271 
f 268/268/268 272/272/272 270/270/270 
f 273/273/273 269/269/269 271/271/271 
f 272/272/272 274/274/274 270/270/270 
f 273/273/273 271/271/271 275/275/275 
f 272/272/272 276/276/276 274/274/274 
f 277/277/277 273/273/273 275/275/275 
f 276/276/276 278/278/278 274/274/274 
f 277/277/277 275/275/275 279/279/279 
f 276/276/276 280/280/280 278/278/278 
f 281/281/281 277/277/277 279/279/279 
f 280/280/280 282/282/282 278/278/278 
f 281/281/281 279/279/279 283/283/283 
f 280/280/280 284/284/284 282/282/282 
f 285/285/285 281/281/281 283/283/283 
f 284/284/284 286/286/286 282/282/282 
f 285/285/285 283/283/283 287/287/287 
f 284/284/284 288/288/288 286/286/286 
f 289/289/289 285/285/285 287/287/287 
f 288/288/288 290/290/290 286/286/286 
f 289/289/289 287/287/287 291/291/291 
f 288/288/288 292/292/292 290/290/290 
f 293/293/293 289/289/289 291/291/291 
f 292/292/292 294/294/294 290/290/290 
f 293/293/293 291/291/291 295/295/295 
f 292/292/292 296/296/296 294/294/294 
f 297/297/297 293/293/293 295/295/295 
f 296/296/296 298/298/298 294/294/294 
f 297/297/297 295/295/295 299/299/299 
f 296/296/296 300/300/300 298/298/298 
f 301/301/301 297/297/297 299/299/299 
f 300/300/300 302/302/302 298/298/298 
f 301/301/301 299/299/299 303/303/303 
f 300/300/300 304/304/304 302/302/302 
f 305/305/305 301/301/301 303/303/303 
f 304/304/304 306/306/306 302/302/302 
f 305/305/305 303/303/303 307/307/307 
f 304/304/304 308/308/308 306/306/306 
f 309/309/309 305/305/305 307/307/307 
f 308/308/308 310/310/310 306/306/306 
f 309/309/309 307/307/307 311/311/311 
f 308/308/308 312/312/312 310/310/310 
f 313/313/313 309/309/309 311/311/311 
f 312/312/312 314/314/314 310/310/310 
f 313/313/313 311/311/311 315/315/315 
f 312/312/312 316/316/316 314/314/314 
f 317/317/317 313/313/313 315/315/315 
f 316/316/316 318/318/318 314/314/314 
f 317/317/317 315/315/315 319/319/319 
f 316/316/316 320/320/320 318/318/318 
f 321/321/321 317/317/317 319/319/319 
f 320/320/320 322/322/322 318/318/318 
f 321/321/321 319/319/319 323/323/323 
f 320/320/320 324/324/324 322/322/322 
f 324/324/324 321/321/321 323/323/323 
f 324/324/324 323/323/323 322/322/322 
f 325/325/325 327/327/327 326/326/326 
f 325/325/325 328/328/328 327/327/327 
f 329/329/329 325/325/325 326/326/326 
f 328/328/328 330/330/330 327/327/327 
f 329/329/329 326/326/326 331/331/331 
f 328/328/328 332/332/332 330/330/330 
f 333/333/333 329/329/329 331/331/331 
f 332/332/332 334/334/334 330/330/330 
f 333/333/333 331/331/331 335/335/335 
f 332/332/332 336/336/336 334/334/334 
f 337/337/337 333/333/333 335/335/335 
f 336/336/336 338/338/338 334/334/334 
f 337/337/337 335/335/335 339/339/339 
f 336/336/336 340/340/340 338/338/338 
f 341/341/341 337/337/337 339/339/339 
f 340/340/340 342/342/342 338/338/338 
f 341/341/341 339/339/339 343/343/343 
f 340/340/340 344/344/344 342/342/342 
f 345/345/345 341/341/341 343/343/343 
f 344/344/344 346/346/346 342/342/342 
f 345/345/345 343/343/343 347/347/347 
f 344/344/344 348/348/348 346/346/346 
f 349/349/349 345/345/345 347/347/347 
f 348/348/348 350/350/350 346/346/346 
f 349/349/349 347/347/347 351/351/351 
f 348/348/348 352/352/352 350/350/350 
f 353/353/353 349/349/349 351/351/351 
f 352/352/352 354/354/354 350/350/350 
f 353/353/353 351/351/351 355/355/355 
f 352/352/352 356/356/356 354/354/354 
f 357/357/357 353/353/353 355/355/355 
f 356/356/356 358/358/358 354/354/354 
f 357/357/357 355/355/355 359/359/359 
f 356/356/356 360/360/360 358/358/358 
f 361/361/361 357/357/357 359/359/359 
f 360/360/360 362/362/362 358/358/358 
f 361/361/361 359/359/359 363/363/363 
f 360/360/360 364/364/364 362/362/362 
f 365/365/365 361/361/361 363/363/363 
f 364/364/364 366/366/366 362/362/362 
f 365/365/365 363/363/363 367/367/367 
f 364/364/364 368/368/368 366/366/366 
f 369/369/369 365/365/365 367/367/367 
f 368/368/368 370/370/370 366/366/366 
f 369/369/369 367/367/367 371/371/371 
f 368/368/368 372/372/372 370/370/370 
f 373/373/373 369/369/369 371/371/371 
f 372/372/372 374/374/374 370/370/370 
f 373/373/373 371/371/371 375/375/375 
f 372/372/372 376/376/376 374/374/374 
f 377/377/377 373/373/373 375/375/375 
f 376/376/376 378/378/378 374/374/374 
f 377/377/377 375/375/375 379/379/379 
f 376/376/376 380/380/380 378/378/378 
f 381/381/381 377/377/377 379/379/379 
f 380/380/380 382/382/382 378/378/378 
f 381/381/381 379/379/379 383/383/383 
f 380/380/380 384/384/384 382/382/382 
f 385/385/385 381/381/381 383/383/383 
f 384/384/384 386/386/386 382/382/382 
f 385/385/385 383/383/383 387/387/387 
f 384/384/384 388/388/388 386/386/386 
f 388/388/388 385/385/385 387/387/387 
f 388/388/388 387/387/387 386/386/386 
f 389/389/389 391/391/391 390/390/390 
f 389/389/389 392/392/392 391/391/391 
f 393/393/393 389/389/389 390/390/390 
f 392/392/392 394/394/394 391/391/391 
f 393/393/393 390/390/390 395/395/395 
f 392/392/392 396/396/396 394/394/394 
f 397/397/397 393/393/393 395/395/395 
f 396/396/396 398/398/398 394/394/394 
f 397/397/397 395/395/395 399/399/399 
f 396/396/396 400/400/400 398/398/398 
f 401/401/401 397/397/397 399/399/399 
f 400/400/400 402/402/402 398/398/398 
f 401/401/401 399/399/399 403/403/403 
f 400/400/400 404/404/404 402/402/402 
f 405/405/405 401/401/401 403/403/403 
f 404/404/404 406/406/406 402/402/402 
f 405/405/405 403/403/403 407/407/407 
f 404/404/404 408/408/408 406/406/406 
f 409/409/409 405/405/405 407/407/407 
f 408/408/408 410/410/410 406/406/406 
f 409/409/409 407/407/407 411/411/411 
f 408/408/408 412/412/412 410/410/410 
f 413/413/413 409/409/409 411/411/411 
f 412/412/412 414/414/414 410/410/410 
f 413/413/413 411/411/411 415/415/415 
f 412/412/412 416/416/416 414/414/414 
f 417/417/417 413/413/413 415/415/415 
f 416/416/416 418/418/418 414/414/414 
f 417/417/417 415/415/415 419/419/419 
f 416/416/416 420/420/420 418/418/418 
f 421/421/421 417/417/417 419/419/419 
f 420/420/420 422/422/422 418/418/418 
f 421/421/421 419/419/419 423/423/423 
f 420/420/420 424/424/424 422/422/422 
f 425/425/425 421/421/421 423/423/423 
f 424/424/424 426/426/426 422/422/422 
f 425/425/425 423/423/423 427/427/427 
f 424/424/424 428/428/428 426/426/426 
f 429/429/429 425/425/425 427/427/427 
f 428/428/428 430/430/430 426/426/426 
f 429/429/429 427/427/427 431/431/431 
f 428/428/428 432/432/432 430/430/430 
f 433/433/433 429/429/429 431/431/431 
f 432/432/432 434/434/434 430/430/430 
f 433/433/433 431/431/431 435/435/435 
f 432/432/432 436/436/436 434/434/434 
f 437/437/437 433/433/433 435/435/435 
f 436/436/436 438/438/438 434/434/434 
f 437/437/437 435/435/435 439/439/439 
f 436/436/436 440/440/440 438/438/438 
f 441/441/441 437/437/437 439/439/439 
f 440/440/440 442/442/442 438/438/438 
f 441/441/441 439/439/439 443/443/443 
f 440/440/440 444/444/444 442/442/442 
f 445/445/445 441/441/441 443/443/443 
f 444/444/444 446/446/446 442/442/442 
f 445/445/445 443/443/443 447/447/447 
f 444/444/444 448/448/448 446/446/446 
f 449/449/449 445/445/445 447/447/447 
f 448/448/448 450/450/450 446/446/446 
f 449/449/449 447/447/447 451/451/451 
f 448/448/448 452/452/452 450/450/450 
f 452/452/452 449/449/449 451/451/451 
f 452/452/452 451/451/451 450/450/450 
usemtl light2_1
f 453/453/453 455/455/455 454/454/454 
f 453/453/453 454/454/454 456/456/456 
f 457/457/457 453/453/453 456/456/456 
f 457/457/457 456/456/456 458/458/458 
f 459/459/459 457/457/457 458/458/458 
f 459/459/459 458/458/458 460/460/460 
f 461/461/461 459/459/459 460/460/460 
f 461/461/461 460/460/460 462/462/462 
f 463/463/463 461/461/461 462/462/462 
f 463/463/463 462/462/462 464/464/464 
f 465/465/465 463/463/463 464/464/464 
f 465/465/465 464/464/464 466/466/466 
f 467/467/467 465/465/465 466/466/466 
f 467/467/467 466/466/466 468/468/468 
f 469/469/469 467/467/467 468/468/468 
f 469/469/469 468/468/468 470/470/470 
f 471/471/471 469/469/469 470/470/470 
f 471/471/471 470/470/470 472/472/472 
f 473/473/473 471/471/471 472/472/472 
f 473/473/473 472/472/472 474/474/474 
f 475/475/475 473/473/473 474/474/474 
f 475/475/475 474/474/474 476/476/476 
f 477/477/477 475/475/475 476/476/476 
f 477/477/477 476/476/476 478/478/478 
f 479/479/479 477/477/477 478/478/478 
f 479/479/479 478/478/478 480/480/480 
f 481/481/481 479/479/479 480/480/480 
f 481/481/481 480/480/480 482/482/482 
f 483/483/483 481/481/481 482/482/482 
f 483/483/483 482/482/482 484/484/484 
f 485/485/485 483/483/483 484/484/484 
f 485/485/485 484/484/484 486/486/486 
f 487/487/487 485/485/485 486/486/486 
f 487/487/487 486/486/486 488/488/488 
f 489/489/489 487/487/487 488/488/488 
f 489/489/489 488/488/488 490/490/490 
f 491/491/491 489/489/489 490/490/490 
f 491/491/491 490/490/490 492/492/492 
f 493/493/493 491/491/491 492/492/492 
f 493/493/493 492/492/492 494/494/494 
f 495/495/495 493/493/493 494/494/494 
f 495/495/495 494/494/494 496/496/496 
f 497/497/497 495/495/495 496/496/496 
f 497/497/497 496/496/496 498/498/498 
f 499/499/499 497/497/497 498/498/498 
f 499/499/499 498/498/498 500/500/500 
f 501/501/501 499/499/499 500/500/500 
f 501/501/501 500/500/500 502/502/502 
f 503/503/503 501/501/501 502/502/502 
f 503/503/503 502/502/502 504/504/504 
f 505/505/505 503/503/503 504/504/504 
f 505/505/505 504/504/504 506/506/506 
f 507/507/507 505/505/505 506/506/506 
f 507/507/507 506/506/506 508/508/508 
f 509/509/509 507/507/507 508/508/508 
f 509/509/509 508/508/508 510/510/510 
f 511/511/511 509/509/509 510/510/510 
f 511/511/511 510/510/510 512/512/512 
f 513/513/513 511/511/511 512/512/512 
f 513/513/513 512/512/512 514/514/514 
f 515/515/515 513/513/513 514/514/514 
f 515/515/515 514/514/514 516/516/516 
f 517/517/517 515/515/515 516/516/516 
f 517/517/517 516/516/516 518/518/518 
f 519/519/519 521/521/521 520/520/520 
f 519/519/519 520/520/520 522/522/522 
f 523/523/523 519/519/519 522/522/522 
f 523/523/523 522/522/522 524/524/524 
f 525/525/525 523/523/523 524/524/524 
f 525/525/525 524/524/524 526/526/526 
f 527/527/527 525/525/525 526/526/526 
f 527/527/527 526/526/526 528/528/528 
f 529/529/529 527/527/527 528/528/528 
f 529/529/529 528/528/528 530/530/530 
f 531/531/531 529/529/529 530/530/530 
f 531/531/531 530/530/530 532/532/532 
f 533/533/533 531/531/531 532/532/532 
f 533/533/533 532/532/532 534/534/534 
f 535/535/535 533/533/533 534/534/534 
f 535/535/535 534/534/534 536/536/536 
f 537/537/537 535/535/535 536/536/536 
f 537/537/537 536/536/536 538/538/538 
f 539/539/539 537/537/537 538/538/538 
f 539/539/539 538/538/538 540/540/540 
f 541/541/541 539/539/539 540/540/540 
f 541/541/541 540/540/540 542/542/542 
f 543/543/543 541/541/541 542/542/542 
f 543/543/543 542/542/542 544/544/544 
f 545/545/545 543/543/543 544/544/544 
f 545/545/545 544/544/544 546/546/546 
f 547/547/547 545/545/545 546/546/546 
f 547/547/547 546/546/546 548/548/548 
f 549/549/549 547/547/547 548/548/548 
f 549/549/549 548/548/548 550/550/550 
f 551/551/551 549/549/549 550/550/550 
f 551/551/551 550/550/550 552/552/552 
f 553/553/553 551/551/551 552/552/552 
f 553/553/553 552/552/552 554/554/554 
f 555/555/555 553/553/553 554/554/554 
f 555/555/555 554/554/554 556/556/556 
f 557/557/557 555/555/555 556/556/556 
f 557/557/557 556/556/556 558/558/558 
f 559/559/559 557/557/557 558/558/558 
f 559/559/559 558/558/558 560/560/560 
f 561/561/561 559/559/559 560/560/560 
f 561/561/561 560/560/560 562/562/562 
f 563/563/563 561/561/561 562/562/562 
f 563/563/563 562/562/562 564/564/564 
f 565/565/565 563/563/563 564/564/564 
f 565/565/565 564/564/564 566/566/566 
f 567/567/567 565/565/565 566/566/566 
f 567/567/567 566/566/566 568/568/568 
f 569/569/569 567/567/567 568/568/568 
f 569/569/569 568/568/568 570/570/570 
f 571/571/571 569/569/569 570/570/570 
f 571/571/571 570/570/570 572/572/572 
f 573/573/573 571/571/571 572/572/572 
f 573/573/573 572/572/572 574/574/574 
f 575/575/575 573/573/573 574/574/574 
f 575/575/575 574/574/574 576/576/576 
f 577/577/577 575/575/575 576/576/576 
f 577/577/577 576/576/576 578/578/578 
f 579/579/579 577/577/577 578/578/578 
f 579/579/579 578/578/578 580/580/580 
f 581/581/581 579/579/579 580/580/580 
f 581/581/581 580/580/580 582/582/582 
f 583/583/583 581/581/581 582/582/582 
f 583/583/583 582/582/582 584/584/584 
f 585/585/585 587/587/587 586/586/586 
f 585/585/585 586/586/586 588/588/588 
f 589/589/589 585/585/585 588/588/588 
f 589/589/589 588/588/588 590/590/590 
f 591/591/591 589/589/589 590/590/590 
f 591/591/591 590/590/590 592/592/592 
f 593/593/593 591/591/591 592/592/592 
f 593/593/593 592/592/592 594/594/594 
f 595/595/595 593/593/593 594/594/594 
f 595/595/595 594/594/594 596/596/596 
f 597/597/597 595/595/595 596/596/596 
f 597/597/597 596/596/596 598/598/598 
f 599/599/599 597/597/597 598/598/598 
f 599/599/599 598/598/598 600/600/600 
f 601/601/601 599/599/599 600/600/600 
f 601/601/601 600/600/600 602/602/602 
f 603/603/603 601/601/601 602/602/602 
f 603/603/603 602/602/602 604/604/604 
f 605/605/605 603/603/603 604/604/604 
f 605/605/605 604/604/604 606/606/606 
f 607/607/607 605/605/605 606/606/606 
f 607/607/607 606/606/606 608/608/608 
f 609/609/609 607/607/607 608/608/608 
f 609/609/609 608/608/608 610/610/610 
f 611/611/611 609/609/609 610/610/610 
f 611/611/611 610/610/610 612/612/612 
f 613/613/613 611/611/611 612/612/612 
f 613/613/613 612/612/612 614/614/614 
f 615/615/615 613/613/613 614/614/614 
f 615/615/615 614/614/614 616/616/616 
f 617/617/617 615/615/615 616/616/616 
f 617/617/617 616/616/616 618/618/618 
f 619/619/619 617/617/617 618/618/618 
f 619/619/619 618/618/618 620/620/620 
f 621/621/621 619/619/619 620/620/620 
f 621/621/621 620/620/620 622/622/622 
f 623/623/623 621/621/621 622/622/622 
f 623/623/623 622/622/622 624/624/624 
f 625/625/625 623/623/623 624/624/624 
f 625/625/625 624/624/624 626/626/626 
f 627/627/627 625/625/625 626/626/626 
f 627/627/627 626/626/626 628/628/628 
f 629/629/629 627/627/627 628/628/628 
f 629/629/629 628/628/628 630/630/630 
f 631/631/631 629/629/629 630/630/630 
f 631/631/631 630/630/630 632/632/632 
f 633/633/633 631/631/631 632/632/632 
f 633/633/633 632/632/632 634/634/634 
f 635/635/635 633/633/633 634/634/634 
f 635/635/635 634/634/634 636/636/636 
f 637/637/637 635/635/635 636/636/636 
f 637/637/637 636/636/636 638/638/638 
f 639/639/639 637/637/637 638/638/638 
f 639/639/639 638/638/638 640/640/640 
f 641/641/641 639/639/639 640/640/640 
f 641/641/641 640/640/640 642/642/642 
f 643/643/643 641/641/641 642/642/642 
f 643/643/643 642/642/642 644/644/644 
f 645/645/645 643/643/643 644/644/644 
f 645/645/645 644/644/644 646/646/646 
f 647/647/647 645/645/645 646/646/646 
f 647/647/647 646/646/646 648/648/648 
f 649/649/649 647/647/647 648/648/648 
f 649/649/649 648/648/648 650/650/650 
f 651/651/651 653/653/653 652/652/652 
f 651/651/651 652/652/652 654/654/654 
f 655/655/655 651/651/651 654/654/654 
f 655/655/655 654/654/654 656/656/656 
f 657/657/657 655/655/655 656/656/656 
f 657/657/657 656/656/656 658/658/658 
f 659/659/659 657/657/657 658/658/658 
f 659/659/659 658/658/658 660/660/660 
f 661/661/661 659/659/659 660/660/660 
f 661/661/661 660/660/660 662/662/662 
f 663/663/663 661/661/661 662/662/662 
f 663/663/663 662/662/662 664/664/664 
f 665/665/665 663/663/663 664/664/664 
f 665/665/665 664/664/664 666/666/666 
f 667/667/667 665/665/665 666/666/666 
f 667/667/667 666/666/666 668/668/668 
f 669/669/669 667/667/667 668/668/668 
f 669/669/669 668/668/668 670/670/670 
f 671/671/671 669/669/669 670/670/670 
f 671/671/671 670/670/670 672/672/672 
f 673/673/673 671/671/671 672/672/672 
f 673/673/673 672/672/672 674/674/674 
f 675/675/675 673/673/673 674/674/674 
f 675/675/675 674/674/674 676/676/676 
f 677/677/677 675/675/675 676/676/676 
f 677/677/677 676/676/676 678/678/678 
f 679/679/679 677/677/677 678/678/678 
f 679/679/679 678/678/678 680/680/680 
f 681/681/681 679/679/679 680/680/680 
f 681/681/681 680/680/680 682/682/682 
f 683/683/683 681/681/681 682/682/682 
f 683/683/683 682/682/682 684/684/684 
f 685/685/685 683/683/683 684/684/684 
f 685/685/685 684/684/684 686/686/686 
f 687/687/687 685/685/685 686/686/686 
f 687/687/687 686/686/686 688/688/688 
f 689/689/689 687/687/687 688/688/688 
f 689/689/689 688/688/688 690/690/690 
f 691/691/691 689/689/689 690/690/690 
f 691/691/691 690/690/690 692/692/692 
f 693/693/693 691/691/691 692/692/692 
f 693/693/693 692/692/692 694/694/694 
f 695/695/695 693/693/693 694/694/694 
f 695/695/695 694/694/694 696/696/696 
f 697/697/697 695/695/695 696/696/696 
f 697/697/697 696/696/696 698/698/698 
f 699/699/699 697/697/697 698/698/698 
f 699/699/699 698/698/698 700/700/700 
f 701/701/701 699/699/699 700/700/700 
f 701/701/701 700/700/700 702/702/702 
f 703/703/703 701/701/701 702/702/702 
f 703/703/703 702/702/702 704/704/704 
f 705/705/705 703/703/703 704/704/704 
f 705/705/705 704/704/704 706/706/706 
f 707/707/707 705/705/705 706/706/706 
f 707/707/707 706/706/706 708/708/708 
f 709/709/709 707/707/707 708/708/708 
f 709/709/709 708/708/708 710/710/710 
f 711/711/711 709/709/709 710/710/710 
f 711/711/711 710/710/710 712/712/712 
f 713/713/713 711/711/711 712/712/712 
f 713/713/713 712/712/712 714/714/714 
f 715/715/715 713/713/713 714/714/714 
f 715/715/715 714/714/714 716/716/716 
f 717/717/717 719/719/719 718/718/718 
f 717/717/717 718/718/718 720/720/720 
f 721/721/721 717/717/717 720/720/720 
f 721/721/721 720/720/720 722/722/722 
f 723/723/723 721/721/721 722/722/722 
f 723/723/723 722/722/722 724/724/724 
f 725/725/725 723/723/723 724/724/724 
f 725/725/725 724/724/724 726/726/726 
f 727/727/727 725/725/725 726/726/726 
f 727/727/727 726/726/726 728/728/728 
f 729/729/729 727/727/727 728/728/728 
f 729/729/729 728/728/728 730/730/730 
f 731/731/731 729/729/729 730/730/730 
f 731/731/731 730/730/730 732/732/732 
f 733/733/733 731/731/731 732/732/732 
f 733/733/733 732/732/732 734/734/734 
f 735/735/735 733/733/733 734/734/734 
f 735/735/735 734/734/734 736/736/736 
f 737/737/737 735/735/735 736/736/736 
f 737/737/737 736/736/736 738/738/738 
f 739/739/739 737/737/737 738/738/738 
f 739/739/739 738/738/738 740/740/740 
f 741/741/741 739/739/739 740/740/740 
f 741/741/741 740/740/740 742/742/742 
f 743/743/743 741/741/741 742/742/742 
f 743/743/743 742/742/742 744/744/744 
f 745/745/745 743/743/743 744/744/744 
f 745/745/745 744/744/744 746/746/746 
f 747/747/747 745/745/745 746/746/746 
f 747/747/747 746/746/746 748/748/748 
f 749/749/749 747/747/747 748/748/748 
f 749/749/749 748/748/748 750/750/750 
f 751/751/751 749/749/749 750/750/750 
f 751/751/751 750/750/750 752/752/752 
f 753/753/753 751/751/751 752/752/752 
f 753/753/753 752/752/752 754/754/754 
f 755/755/755 753/753/753 754/754/754 
f 755/755/755 754/754/754 756/756/756 
f 757/757/757 755/755/755 756/756/756 
f 757/757/757 756/756/756 758/758/758 
f 759/759/759 757/757/757 758/758/758 
f 759/759/759 758/758/758 760/760/760 
f 761/761/761 759/759/759 760/760/760 
f 761/761/761 760/760/760 762/762/762 
f 763/763/763 761/761/761 762/762/762 
f 763/763/763 762/762/762 764/764/764 
f 765/765/765 763/763/763 764/764/764 
f 765/765/765 764/764/764 766/766/766 
f 767/767/767 765/765/765 766/766/766 
f 767/767/767 766/766/766 768/768/768 
f 769/769/769 767/767/767 768/768/768 
f 769/769/769 768/768/768 770/770/770 
f 771/771/771 769/769/769 770/770/770 
f 771/771/771 770/770/770 772/772/772 
f 773/773/773 771/771/771 772/772/772 
f 773/773/773 772/772/772 774/774/774 
f 775/775/775 773/773/773 774/774/774 
f 775/775/775 774/774/774 776/776/776 
f 777/777/777 775/775/775 776/776/776 
f 777/777/777 776/776/776 778/778/778 
f 779/779/779 777/777/777 778/778/778 
f 779/779/779 778/778/778 780/780/780 
f 781/781/781 779/779/779 780/780/780 
f 781/781/781 780/780/780 782/782/782 
f 783/783/783 785/785/785 784/784/784 
f 783/783/783 784/784/784 786/786/786 
f 787/787/787 783/783/783 786/786/786 
f 787/787/787 786/786/786 788/788/788 
f 789/789/789 787/787/787 788/788/788 
f 789/789/789 788/788/788 790/790/790 
f 791/791/791 789/789/789 790/790/790 
f 791/791/791 790/790/790 792/792/792 
f 793/793/793 791/791/791 792/792/792 
f 793/793/793 792/792/792 794/794/794 
f 795/795/795 793/793/793 794/794/794 
f 795/795/795 794/794/794 796/796/796 
f 797/797/797 795/795/795 796/796/796 
f 797/797/797 796/796/796 798/798/798 
f 799/799/799 797/797/797 798/798/798 
f 799/799/799 798/798/798 800/800/800 
f 801/801/801 799/799/799 800/800/800 
f 801/801/801 800/800/800 802/802/802 
f 803/803/803 801/801/801 802/802/802 
f 803/803/803 802/802/802 804/804/804 
f 805/805/805 803/803/803 804/804/804 
f 805/805/805 804/804/804 806/806/806 
f 807/807/807 805/805/805 806/806/806 
f 807/807/807 806/806/806 808/808/808 
f 809/809/809 807/807/807 808/808/808 
f 809/809/809 808/808/808 810/810/810 
f 811/811/811 809/809/809 810/810/810 
f 811/811/811 810/810/810 812/812/812 
f 813/813/813 811/811/811 812/812/812 
f 813/813/813 812/812/812 814/814/814 
f 815/815/815 813/813/813 814/814/814 
f 815/815/815 814/814/814 816/816/816 
f 817/817/817 815/815/815 816/816/816 
f 817/817/817 816/816/816 818/818/818 
f 819/819/819 817/817/817 818/818/818 
f 819/819/819 818/818/818 820/820/820 
f 821/821/821 819/819/819 820/820/820 
f 821/821/821 820/820/820 822/822/822 
f 823/823/823 821/821/821 822/822/822 
f 823/823/823 822/822/822 824/824/824 
f 825/825/825 823/823/823 824/824/824 
f 825/825/825 824/824/824 826/826/826 
f 827/827/827 825/825/825 826/826/826 
f 827/827/827 826/826/826 828/828/828 
f 829/829/829 827/827/827 828/828/828 
f 829/829/829 828/828/828 830/830/830 
f 831/831/831 829/829/829 830/830/830 
f 831/831/831 830/830/830 832/832/832 
f 833/833/833 831/831/831 832/832/832 
f 833/833/833 832/832/832 834/834/834 
f 835/835/835 833/833/833 834/834/834 
f 835/835/835 834/834/834 836/836/836 
f 837/837/837 835/835/835 836/836/836 
f 837/837/837 836/836/836 838/838/838 
f 839/839/839 837/837/837 838/838/838 
f 839/839/839 838/838/838 840/840/840 
f 841/841/841 839/839/839 840/840/840 
f 841/841/841 840/840/840 842/842/842 
f 843/843/843 841/841/841 842/842/842 
f 843/843/843 842/842/842 844/844/844 
f 845/845/845 843/843/843 844/844/844 
f 845/845/845 844/844/844 846/846/846 
f 847/847/847 845/845/845 846/846/846 
f 847/847/847 846/846/846 848/848/848 
f 849/849/849 851/851/851 850/850/850 
f 849/849/849 850/850/850 852/852/852 
f 853/853/853 849/849/849 852/852/852 
f 853/853/853 852/852/852 854/854/854 
f 855/855/855 853/853/853 854/854/854 
f 855/855/855 854/854/854 856/856/856 
f 857/857/857 855/855/855 856/856/856 
f 857/857/857 856/856/856 858/858/858 
f 859/859/859 857/857/857 858/858/858 
f 859/859/859 858/858/858 860/860/860 
f 861/861/861 859/859/859 860/860/860 
f 861/861/861 860/860/860 862/862/862 
f 863/863/863 861/861/861 862/862/862 
f 863/863/863 862/862/862 864/864/864 
f 865/865/865 863/863/863 864/864/864 
f 865/865/865 864/864/864 866/866/866 
f 867/867/867 865/865/865 866/866/866 
f 867/867/867 866/866/866 868/868/868 
f 869/869/869 867/867/867 868/868/868 
f 869/869/869 868/868/868 870/870/870 
f 871/871/871 869/869/869 870/870/870 
f 871/871/871 870/870/870 872/872/872 
f 873/873/873 871/871/871 872/872/872 
f 873/873/873 872/872/872 874/874/874 
f 875/875/875 873/873/873 874/874/874 
f 875/875/875 874/874/874 876/876/876 
f 877/877/877 875/875/875 876/876/876 
f 877/877/877 876/876/876 878/878/878 
f 879/879/879 877/877/877 878/878/878 
f 879/879/879 878/878/878 880/880/880 
f 881/881/881 879/879/879 880/880/880 
f 881/881/881 880/880/880 882/882/882 
f 883/883/883 881/881/881 882/882/882 
f 883/883/883 882/882/882 884/884/884 
f 885/885/885 883/883/883 884/884/884 
f 885/885/885 884/884/884 886/886/886 
f 887/887/887 885/885/885 886/886/886 
f 887/887/887 886/886/886 888/888/888 
f 889/889/889 887/887/887 888/888/888 
f 889/889/889 888/888/888 890/890/890 
f 891/891/891 889/889/889 890/890/890 
f 891/891/891 890/890/890 892/892/892 
f 893/893/893 891/891/891 892/892/892 
f 893/893/893 892/892/892 894/894/894 
f 895/895/895 893/893/893 894/894/894 
f 895/895/895 894/894/894 896/896/896 
f 897/897/897 895/895/895 896/896/896 
f 897/897/897 896/896/896 898/898/898 
f 899/899/899 897/897/897 898/898/898 
f 899/899/899 898/898/898 900/900/900 
f 901/901/901 899/899/899 900/900/900 
f 901/901/901 900/900/900 902/902/902 
f 903/903/903 901/901/901 902/902/902 
f 903/903/903 902/902/902 904/904/904 
f 905/905/905 903/903/903 904/904/904 
f 905/905/905 904/904/904 906/906/906 
f 907/907/907 905/905/905 906/906/906 
f 907/907/907 906/906/906 908/908/908 
f 909/909/909 907/907/907 908/908/908 
f 909/909/909 908/908/908 910/910/910 
f 911/911/911 909/909/909 910/910/910 
f 911/911/911 910/910/910 912/912/912 
f 913/913/913 911/911/911 912/912/912 
f 913/913/913 912/912/912 914/914/914 
f 915/915/915 917/917/917 916/916/916 
f 915/915/915 916/916/916 918/918/918 
f 919/919/919 915/915/915 918/918/918 
f 919/919/919 918/918/918 920/920/920 
f 921/921/921 919/919/919 920/920/920 
f 921/921/921 920/920/920 922/922/922 
f 923/923/923 921/921/921 922/922/922 
f 923/923/923 922/922/922 924/924/924 
f 925/925/925 923/923/923 924/924/924 
f 925/925/925 924/924/924 926/926/926 
f 927/927/927 925/925/925 926/926/926 
f 927/927/927 926/926/926 928/928/928 
f 929/929/929 927/927/927 928/928/928 
f 929/929/929 928/928/928 930/930/930 
f 931/931/931 929/929/929 930/930/930 
f 931/931/931 930/930/930 932/932/932 
f 933/933/933 931/931/931 932/932/932 
f 933/933/933 932/932/932 934/934/934 
f 935/935/935 933/933/933 934/934/934 
f 935/935/935 934/934/934 936/936/936 
f 937/937/937 935/935/935 936/936/936 
f 937/937/937 936/936/936 938/938/938 
f 939/939/939 937/937/937 938/938/938 
f 939/939/939 938/938/938 940/940/940 
f 941/941/941 939/939/939 940/940/940 
f 941/941/941 940/940/940 942/942/942 
f 943/943/943 941/941/941 942/942/942 
f 943/943/943 942/942/942 944/944/944 
f 945/945/945 943/943/943 944/944/944 
f 945/945/945 944/944/944 946/946/946 
f 947/947/947 945/945/945 946/946/946 
f 947/947/947 946/946/946 948/948/948 
f 949/949/949 947/947/947 948/948/948 
f 949/949/949 948/948/948 950/950/950 
f 951/951/951 949/949/949 950/950/950 
f 951/951/951 950/950/950 952/952/952 
f 953/953/953 951/951/951 952/952/952 
f 953/953/953 952/952/952 954/954/954 
f 955/955/955 953/953/953 954/954/954 
f 955/955/955 954/954/954 956/956/956 
f 957/957/957 955/955/955 956/956/956 
f 957/957/957 956/956/956 958/958/958 
f 959/959/959 957/957/957 958/958/958 
f 959/959/959 958/958/958 960/960/960 
f 961/961/961 959/959/959 960/960/960 
f 961/961/961 960/960/960 962/962/962 
f 963/963/963 961/961/961 962/962/962 
f 963/963/963 962/962/962 964/964/964 
f 965/965/965 963/963/963 964/964/964 
f 965/965/965 964/964/964 966/966/966 
f 967/967/967 965/965/965 966/966/966 
f 967/967/967 966/966/966 968/968/968 
f 969/969/969 967/967/967 968/968/968 
f 969/969/969 968/968/968 970/970/970 
f 971/971/971 969/969/969 970/970/970 
f 971/971/971 970/970/970 972/972/972 
f 973/973/973 971/971/971 972/972/972 
f 973/973/973 972/972/972 974/974/974 
f 975/975/975 973/973/973 974/974/974 
f 975/975/975 974/974/974 976/976/976 
f 977/977/977 975/975/975 976/976/976 
f 977/977/977 976/976/976 978/978/978 
f 979/979/979 977/977/977 978/978/978 
f 979/979/979 978/978/978 980/980/980 
f 981/981/981 983/983/983 982/982/982 
f 981/981/981 982/982/982 984/984/984 
f 985/985/985 981/981/981 984/984/984 
f 985/985/985 984/984/984 986/986/986 
f 987/987/987 985/985/985 986/986/986 
f 987/987/987 986/986/986 988/988/988 
f 989/989/989 987/987/987 988/988/988 
f 989/989/989 988/988/988 990/990/990 
f 991/991/991 989/989/989 990/990/990 
f 991/991/991 990/990/990 992/992/992 
f 993/993/993 991/991/991 992/992/992 
f 993/993/993 992/992/992 994/994/994 
f 995/995/995 993/993/993 994/994/994 
f 995/995/995 994/994/994 996/996/996 
f 997/997/997 995/995/995 996/996/996 
f 997/997/997 996/996/996 998/998/998 
f 999/999/999 997/997/997 998/998/998 
f 999/999/999 998/998/998 1000/1000/1000 
f 1001/1001/1001 999/999/999 1000/1000/1000 
f 1001/1001/1001 1000/1000/1000 1002/1002/1002 
f 1003/1003/1003 1001/1001/1001 1002/1002/1002 
f 1003/1003/1003 1002/1002/1002 1004/1004/1004 
f 1005/1005/1005 1003/1003/1003 1004/1004/1004 
f 1005/1005/1005 1004/1004/1004 1006/1006/1006 
f 1007/1007/1007 1005/1005/1005 1006/1006/1006 
f 1007/1007/1007 1006/1006/1006 1008/1008/1008 
f 1009/1009/1009 1007/1007/1007 1008/1008/1008 
f 1009/1009/1009 1008/1008/1008 1010/1010/1010 
f 1011/1011/1011 1009/1009/1009 1010/1010/1010 
f 1011/1011/1011 1010/1010/1010 1012/1012/1012 
f 1013/1013/1013 1011/1011/1011 1012/1012/1012 
f 1013/1013/1013 1012/1012/1012 1014/1014/1014 
f 1015/1015/1015 1013/1013/1013 1014/1014/1014 
f 1015/1015/1015 1014/1014/1014 1016/1016/1016 
f 1017/1017/1017 1015/1015/1015 1016/1016/1016 
f 1017/1017/1017 1016/1016/1016 1018/1018/1018 
f 1019/1019/1019 1017/1017/1017 1018/1018/1018 
f 1019/1019/1019 1018/1018/1018 1020/1020/1020 
f 1021/1021/1021 1019/1019/1019 1020/1020/1020 
f 1021/1021/1021 1020/1020/1020 1022/1022/1022 
f 1023/1023/1023 1021/1021/1021 1022/1022/1022 
f 1023/1023/1023 1022/1022/1022 1024/1024/1024 
f 1025/1025/1025 1023/1023/1023 1024/1024/1024 
f 1025/1025/1025 1024/1024/1024 1026/1026/1026 
f 1027/1027/1027 1025/1025/1025 1026/1026/1026 
f 1027/1027/1027 1026/1026/1026 1028/1028/1028 
f 1029/1029/1029 1027/1027/1027 1028/1028/1028 
f 1029/1029/1029 1028/1028/1028 1030/1030/1030 
f 1031/1031/1031 1029/1029/1029 1030/1030/1030 
f 1031/1031/1031 1030/1030/1030 1032/1032/1032 
f 1033/1033/1033 1031/1031/1031 1032/1032/1032 
f 1033/1033/1033 1032/1032/1032 1034/1034/1034 
f 1035/1035/1035 1033/1033/1033 1034/1034/1034 
f 1035/1035/1035 1034/1034/1034 1036/1036/1036 
f 1037/1037/1037 1035/1035/1035 1036/1036/1036 
f 1037/1037/1037 1036/1036/1036 1038/1038/1038 
f 1039/1039/1039 1037/1037/1037 1038/1038/1038 
f 1039/1039/1039 1038/1038/1038 1040/1040/1040 
f 1041/1041/1041 1039/1039/1039 1040/1040/1040 
f 1041/1041/1041 1040/1040/1040 1042/1042/1042 
f 1043/1043/1043 1041/1041/1041 1042/1042/1042 
f 1043/1043/1043 1042/1042/1042 1044/1044/1044 
f 1045/1045/1045 1043/1043/1043 1044/1044/1044 
f 1045/1045/1045 1044/1044/1044 1046/1046/1046 
f 1047/1047/1047 1049/1049/1049 1048/1048/1048 
f 1047/1047/1047 1048/1048/1048 1050/1050/1050 
f 1051/1051/1051 1047/1047/1047 1050/1050/1050 
f 1051/1051/1051 1050/1050/1050 1052/1052/1052 
f 1053/1053/1053 1051/1051/1051 1052/1052/1052 
f 1053/1053/1053 1052/1052/1052 1054/1054/1054 
f 1055/1055/1055 1053/1053/1053 1054/1054/1054 
f 1055/1055/1055 1054/1054/1054 1056/1056/1056 
f 1057/1057/1057 1055/1055/1055 1056/1056/1056 
f 1057/1057/1057 1056/1056/1056 1058/1058/1058 
f 1059/1059/1059 1057/1057/1057 1058/1058/1058 
f 1059/1059/1059 1058/1058/1058 1060/1060/1060 
f 1061/1061/1061 1059/1059/1059 1060/1060/1060 
f 1061/1061/1061 1060/1060/1060 1062/1062/1062 
f 1063/1063/1063 1061/1061/1061 1062/1062/1062 
f 1063/1063/1063 1062/1062/1062 1064/1064/1064 
f 1065/1065/1065 1063/1063/1063 1064/1064/1064 
f 1065/1065/1065 1064/1064/1064 1066/1066/1066 
f 1067/1067/1067 1065/1065/1065 1066/1066/1066 
f 1067/1067/1067 1066/1066/1066 1068/1068/1068 
f 1069/1069/1069 1067/1067/1067 1068/1068/1068 
f 1069/1069/1069 1068/1068/1068 1070/1070/1070 
f 1071/1071/1071 1069/1069/1069 1070/1070/1070 
f 1071/1071/1071 1070/1070/1070 1072/1072/1072 
f 1073/1073/1073 1071/1071/1071 1072/1072/1072 
f 1073/1073/1073 1072/1072/1072 1074/1074/1074 
f 1075/1075/1075 1073/1073/1073 1074/1074/1074 
f 1075/1075/1075 1074/1074/1074 1076/1076/1076 
f 1077/1077/1077 1075/1075/1075 1076/1076/1076 
f 1077/1077/1077 1076/1076/1076 1078/1078/1078 
f 1079/1079/1079 1077/1077/1077 1078/1078/1078 
f 1079/1079/1079 1078/1078/1078 1080/1080/1080 
f 1081/1081/1081 1079/1079/1079 1080/1080/1080 
f 1081/1081/1081 1080/1080/1080 1082/1082/1082 
f 1083/1083/1083 1081/1081/1081 1082/1082/1082 
f 1083/1083/1083 1082/1082/1082 1084/1084/1084 
f 1085/1085/1085 1083/1083/1083 1084/1084/1084 
f 1085/1085/1085 1084/1084/1084 1086/1086/1086 
f 1087/1087/1087 1085/1085/1085 1086/1086/1086 
f 1087/1087/1087 1086/1086/1086 1088/1088/1088 
f 1089/1089/1089 1087/1087/1087 1088/1088/1088 
f 1089/1089/1089 1088/1088/1088 1090/1090/1090 
f 1091/1091/1091 1089/1089/1089 1090/1090/1090 
f 1091/1091/1091 1090/1090/1090 1092/1092/1092 
f 1093/1093/1093 1091/1091/1091 1092/1092/1092 
f 1093/1093/1093 1092/1092/1092 1094/1094/1094 
f 1095/1095/1095 1093/1093/1093 1094/1094/1094 
f 1095/1095/1095 1094/1094/1094 1096/1096/1096 
f 1097/1097/1097 1095/1095/1095 1096/1096/1096 
f 1097/1097/1097 1096/1096/1096 1098/1098/1098 
f 1099/1099/1099 1097/1097/1097 1098/1098/1098 
f 1099/1099/1099 1098/1098/1098 1100/1100/1100 
f 1101/1101/1101 1099/1099/1099 1100/1100/1100 
f 1101/1101/1101 1100/1100/1100 1102/1102/1102 
f 1103/1103/1103 1101/1101/1101 1102/1102/1102 
f 1103/1103/1103 1102/1102/1102 1104/1104/1104 
f 1105/1105/1105 1103/1103/1103 1104/1104/1104 
f 1105/1105/1105 1104/1104/1104 1106/1106/1106 
f 1107/1107/1107 1105/1105/1105 1106/1106/1106 
f 1107/1107/1107 1106/1106/1106 1108/1108/1108 
f 1109/1109/1109 1107/1107/1107 1108/1108/1108 
f 1109/1109/1109 1108/1108/1108 1110/1110/1110 
f 1111/1111/1111 1109/1109/1109 1110/1110/1110 
f 1111/1111/1111 1110/1110/1110 1112/1112/1112 
f 1113/1113/1113 1115/1115/1115 1114/1114/1114 
f 1113/1113/1113 1114/1114/1114 1116/1116/1116 
f 1115/1115/1115 1117/1117/1117 1114/1114/1114 
f 1118/1118/1118 1113/1113/1113 1116/1116/1116 
f 1115/1115/1115 1119/1119/1119 1117/1117/1117 
f 1118/1118/1118 1116/1116/1116 1120/1120/1120 
f 1119/1119/1119 1121/1121/1121 1117/1117/1117 
f 1122/1122/1122 1118/1118/1118 1120/1120/1120 
f 1119/1119/1119 1123/1123/1123 1121/1121/1121 
f 1122/1122/1122 1120/1120/1120 1124/1124/1124 
f 1123/1123/1123 1125/1125/1125 1121/1121/1121 
f 1126/1126/1126 1122/1122/1122 1124/1124/1124 
f 1123/1123/1123 1127/1127/1127 1125/1125/1125 
f 1126/1126/1126 1124/1124/1124 1128/1128/1128 
f 1127/1127/1127 1129/1129/1129 1125/1125/1125 
f 1130/1130/1130 1126/1126/1126 1128/1128/1128 
f 1127/1127/1127 1131/1131/1131 1129/1129/1129 
f 1130/1130/1130 1128/1128/1128 1132/1132/1132 
f 1131/1131/1131 1133/1133/1133 1129/1129/1129 
f 1134/1134/1134 1130/1130/1130 1132/1132/1132 
f 1131/1131/1131 1135/1135/1135 1133/1133/1133 
f 1134/1134/1134 1132/1132/1132 1136/1136/1136 
f 1135/1135/1135 1137/1137/1137 1133/1133/1133 
f 1138/1138/1138 1134/1134/1134 1136/1136/1136 
f 1135/1135/1135 1139/1139/1139 1137/1137/1137 
f 1138/1138/1138 1136/1136/1136 1140/1140/1140 
f 1139/1139/1139 1141/1141/1141 1137/1137/1137 
f 1142/1142/1142 1138/1138/1138 1140/1140/1140 
f 1139/1139/1139 1143/1143/1143 1141/1141/1141 
f 1142/1142/1142 1140/1140/1140 1144/1144/1144 
f 1143/1143/1143 1145/1145/1145 1141/1141/1141 
f 1146/1146/1146 1142/1142/1142 1144/1144/1144 
f 1143/1143/1143 1147/1147/1147 1145/1145/1145 
f 1146/1146/1146 1144/1144/1144 1148/1148/1148 
f 1147/1147/1147 1149/1149/1149 1145/1145/1145 
f 1150/1150/1150 1146/1146/1146 1148/1148/1148 
f 1147/1147/1147 1151/1151/1151 1149/1149/1149 
f 1150/1150/1150 1148/1148/1148 1152/1152/1152 
f 1151/1151/1151 1153/1153/1153 1149/1149/1149 
f 1154/1154/1154 1150/1150/1150 1152/1152/1152 
f 1151/1151/1151 1155/1155/1155 1153/1153/1153 
f 1154/1154/1154 1152/1152/1152 1156/1156/1156 
f 1155/1155/1155 1157/1157/1157 1153/1153/1153 
f 1158/1158/1158 1154/1154/1154 1156/1156/1156 
f 1155/1155/1155 1159/1159/1159 1157/1157/1157 
f 1158/1158/1158 1156/1156/1156 1160/1160/1160 
f 1159/1159/1159 1161/1161/1161 1157/1157/1157 
f 1162/1162/1162 1158/1158/1158 1160/1160/1160 
f 1159/1159/1159 1163/1163/1163 1161/1161/1161 
f 1162/1162/1162 1160/1160/1160 1164/1164/1164 
f 1163/1163/1163 1165/1165/1165 1161/1161/1161 
f 1166/1166/1166 1162/1162/1162 1164/1164/1164 
f 1163/1163/1163 1167/1167/1167 1165/1165/1165 
f 1166/1166/1166 1164/1164/1164 1168/1168/1168 
f 1167/1167/1167 1169/1169/1169 1165/1165/1165 
f 1170/1170/1170 1166/1166/1166 1168/1168/1168 
f 1167/1167/1167 1171/1171/1171 1169/1169/1169 
f 1170/1170/1170 1168/1168/1168 1172/1172/1172 
f 1171/1171/1171 1173/1173/1173 1169/1169/1169 
f 1174/1174/1174 1170/1170/1170 1172/1172/1172 
f 1171/1171/1171 1175/1175/1175 1173/1173/1173 
f 1174/1174/1174 1172/1172/1172 1176/1176/1176 
f 1175/1175/1175 1176/1176/1176 1173/1173/1173 
f 1175/1175/1175 1174/1174/1174 1176/1176/1176 
f 1177/1177/1177 1179/1179/1179 1178/1178/1178 
f 1177/1177/1177 1178/1178/1178 1180/1180/1180 
f 1179/1179/1179 1181/1181/1181 1178/1178/1178 
f 1182/1182/1182 1177/1177/1177 1180/1180/1180 
f 1179/1179/1179 1183/1183/1183 1181/1181/1181 
f 1182/1182/1182 1180/1180/1180 1184/1184/1184 
f 1183/1183/1183 1185/1185/1185 1181/1181/1181 
f 1186/1186/1186 1182/1182/1182 1184/1184/1184 
f 1183/1183/1183 1187/1187/1187 1185/1185/1185 
f 1186/1186/1186 1184/1184/1184 1188/1188/1188 
f 1187/1187/1187 1189/1189/1189 1185/1185/1185 
f 1190/1190/1190 1186/1186/1186 1188/1188/1188 
f 1187/1187/1187 1191/1191/1191 1189/1189/1189 
f 1190/1190/1190 1188/1188/1188 1192/1192/1192 
f 1191/1191/1191 1193/1193/1193 1189/1189/1189 
f 1194/1194/1194 1190/1190/1190 1192/1192/1192 
f 1191/1191/1191 1195/1195/1195 1193/1193/1193 
f 1194/1194/1194 1192/1192/1192 1196/1196/1196 
f 1195/1195/1195 1197/1197/1197 1193/1193/1193 
f 1198/1198/1198 1194/1194/1194 1196/1196/1196 
f 1195/1195/1195 1199/1199/1199 1197/1197/1197 
f 1198/1198/1198 1196/1196/1196 1200/1200/1200 
f 1199/1199/1199 1201/1201/1201 1197/1197/1197 
f 1202/1202/1202 1198/1198/1198 1200/1200/1200 
f 1199/1199/1199 1203/1203/1203 1201/1201/1201 
f 1202/1202/1202 1200/1200/1200 1204/1204/1204 
f 1203/1203/1203 1205/1205/1205 1201/1201/1201 
f 1206/1206/1206 1202/1202/1202 1204/1204/1204 
f 1203/1203/1203 1207/1207/1207 1205/1205/1205 
f 1206/1206/1206 1204/1204/1204 1208/1208/1208 
f 1207/1207/1207 1209/1209/1209 1205/1205/1205 
f 1210/1210/1210 1206/1206/1206 1208/1208/1208 
f 1207/1207/1207 1211/1211/1211 1209/1209/1209 
f 1210/1210/1210 1208/1208/1208 1212/1212/1212 
f 1211/1211/1211 1213/1213/1213 1209/1209/1209 
f 1214/1214/1214 1210/1210/1210 1212/1212/1212 
f 1211/1211/1211 1215/1215/1215 1213/1213/1213 
f 1214/1214/1214 1212/1212/1212 1216/1216/1216 
f 1215/1215/1215 1217/1217/1217 1213/1213/1213 
f 1218/1218/1218 1214/1214/1214 1216/1216/1216 
f 1215/1215/1215 1219/1219/1219 1217/1217/1217 
f 1218/1218/1218 1216/1216/1216 1220/1220/1220 
f 1219/1219/1219 1221/1221/1221 1217/1217/1217 
f 1222/1222/1222 1218/1218/1218 1220/1220/1220 
f 1219/1219/1219 1223/1223/1223 1221/1221/1221 
f 1222/1222/1222 1220/1220/1220 1224/1224/1224 
f 1223/1223/1223 1225/1225/1225 1221/1221/1221 
f 1226/1226/1226 1222/1222/1222 1224/1224/1224 
f 1223/1223/1223 1227/1227/1227 1225/1225/1225 
f 1226/1226/1226 1224/1224/1224 1228/1228/1228 
f 1227/1227/1227 1229/1229/1229 1225/1225/1225 
f 1230/1230/1230 1226/1226/1226 1228/1228/1228 
f 1227/1227/1227 1231/1231/1231 1229/1229/1229 
f 1230/1230/1230 1228/1228/1228 1232/1232/1232 
f 1231/1231/1231 1233/1233/1233 1229/1229/1229 
f 1234/1234/1234 1230/1230/1230 1232/1232/1232 
f 1231/1231/1231 1235/1235/1235 1233/1233/1233 
f 1234/1234/1234 1232/1232/1232 1236/1236/1236 
f 1235/1235/1235 1237/1237/1237 1233/1233/1233 
f 1238/1238/1238 1234/1234/1234 1236/1236/1236 
f 1235/1235/1235 1239/1239/1239 1237/1237/1237 
f 1238/1238/1238 1236/1236/1236 1240/1240/1240 
f 1239/1239/1239 1240/1240/1240 1237/1237/1237 
f 1239/1239/1239 1238/1238/1238 1240/1240/1240 
usemtl light3_1
f 1241/1241/1241 1243/1243/1243 1242/1242/1242 
f 1241/1241/1241 1244/1244/1244 1243/1243/1243 
f 1244/1244/1244 1245/1245/1245 1243/1243/1243 
f 1246/1246/1246 1244/1244/1244 1241/1241/1241 
f 1246/1246/1246 1241/1241/1241 1247/1247/1247 
f 1244/1244/1244 1248/1248/1248 1245/1245/1245 
f 1248/1248/1248 1249/1249/1249 1245/1245/1245 
f 1250/1250/1250 1244/1244/1244 1246/1246/1246 
f 1250/1250/1250 1248/1248/1248 1244/1244/1244 
f 1251/1251/1251 1246/1246/1246 1247/1247/1247 
f 1251/1251/1251 1247/1247/1247 1252/1252/1252 
f 1248/1248/1248 1253/1253/1253 1249/1249/1249 
f 1253/1253/1253 1254/1254/1254 1249/1249/1249 
f 1255/1255/1255 1248/1248/1248 1250/1250/1250 
f 1255/1255/1255 1253/1253/1253 1248/1248/1248 
f 1256/1256/1256 1250/1250/1250 1246/1246/1246 
f 1256/1256/1256 1246/1246/1246 1251/1251/1251 
f 1257/1257/1257 1251/1251/1251 1252/1252/1252 
f 1257/1257/1257 1252/1252/1252 1258/1258/1258 
f 1253/1253/1253 1259/1259/1259 1254/1254/1254 
f 1259/1259/1259 1260/1260/1260 1254/1254/1254 
f 1261/1261/1261 1253/1253/1253 1255/1255/1255 
f 1261/1261/1261 1259/1259/1259 1253/1253/1253 
f 1262/1262/1262 1255/1255/1255 1250/1250/1250 
f 1262/1262/1262 1250/1250/1250 1256/1256/1256 
f 1263/1263/1263 1256/1256/1256 1251/1251/1251 
f 1263/1263/1263 1251/1251/1251 1257/1257/1257 
f 1264/1264/1264 1257/1257/1257 1258/1258/1258 
f 1264/1264/1264 1258/1258/1258 1265/1265/1265 
f 1259/1259/1259 1266/1266/1266 1260/1260/1260 
f 1266/1266/1266 1267/1267/1267 1260/1260/1260 
f 1268/1268/1268 1259/1259/1259 1261/1261/1261 
f 1268/1268/1268 1266/1266/1266 1259/1259/1259 
f 1269/1269/1269 1261/1261/1261 1255/1255/1255 
f 1269/1269/1269 1255/1255/1255 1262/1262/1262 
f 1270/1270/1270 1262/1262/1262 1256/1256/1256 
f 1270/1270/1270 1256/1256/1256 1263/1263/1263 
f 1271/1271/1271 1263/1263/1263 1257/1257/1257 
f 1271/1271/1271 1257/1257/1257 1264/1264/1264 
f 1266/1266/1266 1272/1272/1272 1267/1267/1267 
f 1272/1272/1272 1273/1273/1273 1267/1267/1267 
f 1274/1274/1274 1266/1266/1266 1268/1268/1268 
f 1274/1274/1274 1272/1272/1272 1266/1266/1266 
f 1275/1275/1275 1268/1268/1268 1261/1261/1261 
f 1275/1275/1275 1261/1261/1261 1269/1269/1269 
f 1276/1276/1276 1269/1269/1269 1262/1262/1262 
f 1276/1276/1276 1262/1262/1262 1270/1270/1270 
f 1277/1277/1277 1270/1270/1270 1263/1263/1263 
f 1277/1277/1277 1263/1263/1263 1271/1271/1271 
f 1272/1272/1272 1278/1278/1278 1273/1273/1273 
f 1278/1278/1278 1279/1279/1279 1273/1273/1273 
f 1280/1280/1280 1272/1272/1272 1274/1274/1274 
f 1280/1280/1280 1278/1278/1278 1272/1272/1272 
f 1281/1281/1281 1274/1274/1274 1268/1268/1268 
f 1281/1281/1281 1268/1268/1268 1275/1275/1275 
f 1282/1282/1282 1275/1275/1275 1269/1269/1269 
f 1282/1282/1282 1269/1269/1269 1276/1276/1276 
f 1283/1283/1283 1276/1276/1276 1270/1270/1270 
f 1283/1283/1283 1270/1270/1270 1277/1277/1277 
f 1278/1278/1278 1284/1284/1284 1279/1279/1279 
f 1284/1284/1284 1285/1285/1285 1279/1279/1279 
f 1286/1286/1286 1278/1278/1278 1280/1280/1280 
f 1286/1286/1286 1284/1284/1284 1278/1278/1278 
f 1287/1287/1287 1280/1280/1280 1274/1274/1274 
f 1287/1287/1287 1274/1274/1274 1281/1281/1281 
f 1288/1288/1288 1281/1281/1281 1275/1275/1275 
f 1288/1288/1288 1275/1275/1275 1282/1282/1282 
f 1289/1289/1289 1282/1282/1282 1276/1276/1276 
f 1289/1289/1289 1276/1276/1276 1283/1283/1283 
f 1284/1284/1284 1290/1290/1290 1285/1285/1285 
f 1290/1290/1290 1291/1291/1291 1285/1285/1285 
f 1292/1292/1292 1284/1284/1284 1286/1286/1286 
f 1292/1292/1292 1290/1290/1290 1284/1284/1284 
f 1293/1293/1293 1286/1286/1286 1280/1280/1280 
f 1293/1293/1293 1280/1280/1280 1287/1287/1287 
f 1294/1294/1294 1287/1287/1287 1281/1281/1281 
f 1294/1294/1294 1281/1281/1281 1288/1288/1288 
f 1295/1295/1295 1288/1288/1288 1282/1282/1282 
f 1295/1295/1295 1282/1282/1282 1289/1289/1289 
f 1290/1290/1290 1296/1296/1296 1291/1291/1291 
f 1296/1296/1296 1297/1297/1297 1291/1291/1291 
f 1298/1298/1298 1290/1290/1290 1292/1292/1292 
f 1298/1298/1298 1296/1296/1296 1290/1290/1290 
f 1299/1299/1299 1292/1292/1292 1286/1286/1286 
f 1299/1299/1299 1286/1286/1286 1293/1293/1293 
f 1300/1300/1300 1293/1293/1293 1287/1287/1287 
f 1300/1300/1300 1287/1287/1287 1294/1294/1294 
f 1301/1301/1301 1294/1294/1294 1288/1288/1288 
f 1301/1301/1301 1288/1288/1288 1295/1295/1295 
f 1296/1296/1296 1302/1302/1302 1297/1297/1297 
f 1302/1302/1302 1303/1303/1303 1297/1297/1297 
f 1304/1304/1304 1296/1296/1296 1298/1298/1298 
f 1304/1304/1304 1302/1302/1302 1296/1296/1296 
f 1305/1305/1305 1298/1298/1298 1292/1292/1292 
f 1305/1305/1305 1292/1292/1292 1299/1299/1299 
f 1306/1306/1306 1299/1299/1299 1293/1293/1293 
f 1306/1306/1306 1293/1293/1293 1300/1300/1300 
f 1307/1307/1307 1300/1300/1300 1294/1294/1294 
f 1307/1307/1307 1294/1294/1294 1301/1301/1301 
f 1302/1302/1302 1308/1308/1308 1303/1303/1303 
f 1308/1308/1308 1309/1309/1309 1303/1303/1303 
f 1310/1310/1310 1302/1302/1302 1304/1304/1304 
f 1310/1310/1310 1308/1308/1308 1302/1302/1302 
f 1311/1311/1311 1304/1304/1304 1298/1298/1298 
f 1311/1311/1311 1298/1298/1298 1305/1305/1305 
f 1312/1312/1312 1305/1305/1305 1299/1299/1299 
f 1312/1312/1312 1299/1299/1299 1306/1306/1306 
f 1313/1313/1313 1306/1306/1306 1300/1300/1300 
f 1313/1313/1313 1300/1300/1300 1307/1307/1307 
f 1308/1308/1308 1314/1314/1314 1309/1309/1309 
f 1314/1314/1314 1315/1315/1315 1309/1309/1309 
f 1316/1316/1316 1308/1308/1308 1310/1310/1310 
f 1316/1316/1316 1314/1314/1314 1308/1308/1308 
f 1317/1317/1317 1310/1310/1310 1304/1304/1304 
f 1317/1317/1317 1304/1304/1304 1311/1311/1311 
f 1318/1318/1318 1311/1311/1311 1305/1305/1305 
f 1318/1318/1318 1305/1305/1305 1312/1312/1312 
f 1319/1319/1319 1312/1312/1312 1306/1306/1306 
f 1319/1319/1319 1306/1306/1306 1313/1313/1313 
f 1314/1314/1314 1320/1320/1320 1315/1315/1315 
f 1320/1320/1320 1321/1321/1321 1315/1315/1315 
f 1322/1322/1322 1314/1314/1314 1316/1316/1316 
f 1322/1322/1322 1320/1320/1320 1314/1314/1314 
f 1323/1323/1323 1316/1316/1316 1310/1310/1310 
f 1323/1323/1323 1310/1310/1310 1317/1317/1317 
f 1324/1324/1324 1317/1317/1317 1311/1311/1311 
f 1324/1324/1324 1311/1311/1311 1318/1318/1318 
f 1325/1325/1325 1318/1318/1318 1312/1312/1312 
f 1325/1325/1325 1312/1312/1312 1319/1319/1319 
f 1320/1320/1320 1326/1326/1326 1321/1321/1321 
f 1326/1326/1326 1327/1327/1327 1321/1321/1321 
f 1328/1328/1328 1320/1320/1320 1322/1322/1322 
f 1328/1328/1328 1326/1326/1326 1320/1320/1320 
f 1329/1329/1329 1322/1322/1322 1316/1316/1316 
f 1329/1329/1329 1316/1316/1316 1323/1323/1323 
f 1330/1330/1330 1323/1323/1323 1317/1317/1317 
f 1330/1330/1330 1317/1317/1317 1324/1324/1324 
f 1331/1331/1331 1324/1324/1324 1318/1318/1318 
f 1331/1331/1331 1318/1318/1318 1325/1325/1325 
f 1326/1326/1326 1332/1332/1332 1327/1327/1327 
f 1332/1332/1332 1333/1333/1333 1327/1327/1327 
f 1334/1334/1334 1328/1328/1328 1322/1322/1322 
f 1334/1334/1334 1322/1322/1322 1329/1329/1329 
f 1335/1335/1335 1329/1329/1329 1323/1323/1323 
f 1335/1335/1335 1323/1323/1323 1330/1330/1330 
f 1336/1336/1336 1330/1330/1330 1324/1324/1324 
f 1336/1336/1336 1324/1324/1324 1331/1331/1331 
f 1337/1337/1337 1326/1326/1326 1328/1328/1328 
f 1337/1337/1337 1332/1332/1332 1326/1326/1326 
f 1332/1332/1332 1338/1338/1338 1333/1333/1333 
f 1338/1338/1338 1339/1339/1339 1333/1333/1333 
f 1340/1340/1340 1334/1334/1334 1329/1329/1329 
f 1340/1340/1340 1329/1329/1329 1335/1335/1335 
f 1341/1341/1341 1335/1335/1335 1330/1330/1330 
f 1341/1341/1341 1330/1330/1330 1336/1336/1336 
f 1342/1342/1342 1328/1328/1328 1334/1334/1334 
f 1342/1342/1342 1337/1337/1337 1328/1328/1328 
f 1343/1343/1343 1332/1332/1332 1337/1337/1337 
f 1343/1343/1343 1338/1338/1338 1332/1332/1332 
f 1338/1338/1338 1344/1344/1344 1339/1339/1339 
f 1344/1344/1344 1345/1345/1345 1339/1339/1339 
f 1346/1346/1346 1340/1340/1340 1335/1335/1335 
f 1346/1346/1346 1335/1335/1335 1341/1341/1341 
f 1347/1347/1347 1334/1334/1334 1340/1340/1340 
f 1347/1347/1347 1342/1342/1342 1334/1334/1334 
f 1348/1348/1348 1337/1337/1337 1342/1342/1342 
f 1348/1348/1348 1343/1343/1343 1337/1337/1337 
f 1349/1349/1349 1338/1338/1338 1343/1343/1343 
f 1349/1349/1349 1344/1344/1344 1338/1338/1338 
f 1344/1344/1344 1350/1350/1350 1345/1345/1345 
f 1350/1350/1350 1351/1351/1351 1345/1345/1345 
f 1352/1352/1352 1340/1340/1340 1346/1346/1346 
f 1352/1352/1352 1347/1347/1347 1340/1340/1340 
f 1353/1353/1353 1342/1342/1342 1347/1347/1347 
f 1353/1353/1353 1348/1348/1348 1342/1342/1342 
f 1354/1354/1354 1343/1343/1343 1348/1348/1348 
f 1354/1354/1354 1349/1349/1349 1343/1343/1343 
f 1355/1355/1355 1344/1344/1344 1349/1349/1349 
f 1355/1355/1355 1350/1350/1350 1344/1344/1344 
f 1350/1350/1350 1356/1356/1356 1351/1351/1351 
f 1356/1356/1356 1357/1357/1357 1351/1351/1351 
f 1358/1358/1358 1347/1347/1347 1352/1352/1352 
f 1358/1358/1358 1353/1353/1353 1347/1347/1347 
f 1359/1359/1359 1348/1348/1348 1353/1353/1353 
f 1359/1359/1359 1354/1354/1354 1348/1348/1348 
f 1360/1360/1360 1349/1349/1349 1354/1354/1354 
f 1360/1360/1360 1355/1355/1355 1349/1349/1349 
f 1361/1361/1361 1350/1350/1350 1355/1355/1355 
f 1361/1361/1361 1356/1356/1356 1350/1350/1350 
f 1356/1356/1356 1362/1362/1362 1357/1357/1357 
f 1362/1362/1362 1363/1363/1363 1357/1357/1357 
f 1364/1364/1364 1353/1353/1353 1358/1358/1358 
f 1364/1364/1364 1359/1359/1359 1353/1353/1353 
f 1365/1365/1365 1354/1354/1354 1359/1359/1359 
f 1365/1365/1365 1360/1360/1360 1354/1354/1354 
f 1366/1366/1366 1355/1355/1355 1360/1360/1360 
f 1366/1366/1366 1361/1361/1361 1355/1355/1355 
f 1367/1367/1367 1356/1356/1356 1361/1361/1361 
f 1367/1367/1367 1362/1362/1362 1356/1356/1356 
f 1362/1362/1362 1368/1368/1368 1363/1363/1363 
f 1368/1368/1368 1369/1369/1369 1363/1363/1363 
f 1370/1370/1370 1359/1359/1359 1364/1364/1364 
f 1370/1370/1370 1365/1365/1365 1359/1359/1359 
f 1371/1371/1371 1360/1360/1360 1365/1365/1365 
f 1371/1371/1371 1366/1366/1366 1360/1360/1360 
f 1372/1372/1372 1361/1361/1361 1366/1366/1366 
f 1372/1372/1372 1367/1367/1367 1361/1361/1361 
f 1373/1373/1373 1362/1362/1362 1367/1367/1367 
f 1373/1373/1373 1368/1368/1368 1362/1362/1362 
f 1368/1368/1368 1374/1374/1374 1369/1369/1369 
f 1374/1374/1374 1375/1375/1375 1369/1369/1369 
f 1376/1376/1376 1365/1365/1365 1370/1370/1370 
f 1376/1376/1376 1371/1371/1371 1365/1365/1365 
f 1377/1377/1377 1366/1366/1366 1371/1371/1371 
f 1377/1377/1377 1372/1372/1372 1366/1366/1366 
f 1378/1378/1378 1367/1367/1367 1372/1372/1372 
f 1378/1378/1378 1373/1373/1373 1367/1367/1367 
f 1379/1379/1379 1368/1368/1368 1373/1373/1373 
f 1379/1379/1379 1374/1374/1374 1368/1368/1368 
f 1374/1374/1374 1380/1380/1380 1375/1375/1375 
f 1380/1380/1380 1381/1381/1381 1375/1375/1375 
f 1382/1382/1382 1371/1371/1371 1376/1376/1376 
f 1382/1382/1382 1377/1377/1377 1371/1371/1371 
f 1383/1383/1383 1372/1372/1372 1377/1377/1377 
f 1383/1383/1383 1378/1378/1378 1372/1372/1372 
f 1384/1384/1384 1373/1373/1373 1378/1378/1378 
f 1384/1384/1384 1379/1379/1379 1373/1373/1373 
f 1385/1385/1385 1374/1374/1374 1379/1379/1379 
f 1385/1385/1385 1380/1380/1380 1374/1374/1374 
f 1380/1380/1380 1386/1386/1386 1381/1381/1381 
f 1386/1386/1386 1387/1387/1387 1381/1381/1381 
f 1388/1388/1388 1377/1377/1377 1382/1382/1382 
f 1388/1388/1388 1383/1383/1383 1377/1377/1377 
f 1389/1389/1389 1378/1378/1378 1383/1383/1383 
f 1389/1389/1389 1384/1384/1384 1378/1378/1378 
f 1390/1390/1390 1379/1379/1379 1384/1384/1384 
f 1390/1390/1390 1385/1385/1385 1379/1379/1379 
f 1391/1391/1391 1380/1380/1380 1385/1385/1385 
f 1391/1391/1391 1386/1386/1386 1380/1380/1380 
f 1386/1386/1386 1392/1392/1392 1387/1387/1387 
f 1392/1392/1392 1393/1393/1393 1387/1387/1387 
f 1394/1394/1394 1383/1383/1383 1388/1388/1388 
f 1394/1394/1394 1389/1389/1389 1383/1383/1383 
f 1395/1395/1395 1384/1384/1384 1389/1389/1389 
f 1395/1395/1395 1390/1390/1390 1384/1384/1384 
f 1396/1396/1396 1385/1385/1385 1390/1390/1390 
f 1396/1396/1396 1391/1391/1391 1385/1385/1385 
f 1397/1397/1397 1386/1386/1386 1391/1391/1391 
f 1397/1397/1397 1392/1392/1392 1386/1386/1386 
f 1392/1392/1392 1398/1398/1398 1393/1393/1393 
f 1398/1398/1398 1399/1399/1399 1393/1393/1393 
f 1400/1400/1400 1389/1389/1389 1394/1394/1394 
f 1400/1400/1400 1395/1395/1395 1389/1389/1389 
f 1401/1401/1401 1390/1390/1390 1395/1395/1395 
f 1401/1401/1401 1396/1396/1396 1390/1390/1390 
f 1402/1402/1402 1391/1391/1391 1396/1396/1396 
f 1402/1402/1402 1397/1397/1397 1391/1391/1391 
f 1403/1403/1403 1392/1392/1392 1397/1397/1397 
f 1403/1403/1403 1398/1398/1398 1392/1392/1392 
f 1398/1398/1398 1404/1404/1404 1399/1399/1399 
f 1404/1404/1404 1405/1405/1405 1399/1399/1399 
f 1406/1406/1406 1395/1395/1395 1400/1400/1400 
f 1406/1406/1406 1401/1401/1401 1395/1395/1395 
f 1407/1407/1407 1396/1396/1396 1401/1401/1401 
f 1407/1407/1407 1402/1402/1402 1396/1396/1396 
f 1408/1408/1408 1397/1397/1397 1402/1402/1402 
f 1408/1408/1408 1403/1403/1403 1397/1397/1397 
f 1409/1409/1409 1398/1398/1398 1403/1403/1403 
f 1409/1409/1409 1404/1404/1404 1398/1398/1398 
f 1404/1404/1404 1410/1410/1410 1405/1405/1405 
f 1410/1410/1410 1411/1411/1411 1405/1405/1405 
f 1412/1412/1412 1401/1401/1401 1406/1406/1406 
f 1412/1412/1412 1407/1407/1407 1401/1401/1401 
f 1413/1413/1413 1402/1402/1402 1407/1407/1407 
f 1413/1413/1413 1408/1408/1408 1402/1402/1402 
f 1414/1414/1414 1403/1403/1403 1408/1408/1408 
f 1414/1414/1414 1409/1409/1409 1403/1403/1403 
f 1415/1415/1415 1404/1404/1404 1409/1409/1409 
f 1415/1415/1415 1410/1410/1410 1404/1404/1404 
f 1410/1410/1410 1416/1416/1416 1411/1411/1411 
f 1416/1416/1416 1417/1417/1417 1411/1411/1411 
f 1418/1418/1418 1407/1407/1407 1412/1412/1412 
f 1418/1418/1418 1413/1413/1413 1407/1407/1407 
f 1419/1419/1419 1408/1408/1408 1413/1413/1413 
f 1419/1419/1419 1414/1414/1414 1408/1408/1408 
f 1420/1420/1420 1409/1409/1409 1414/1414/1414 
f 1420/1420/1420 1415/1415/1415 1409/1409/1409 
f 1421/1421/1421 1410/1410/1410 1415/1415/1415 
f 1421/1421/1421 1416/1416/1416 1410/1410/1410 
f 1416/1416/1416 1422/1422/1422 1417/1417/1417 
f 1422/1422/1422 1423/1423/1423 1417/1417/1417 
f 1422/1422/1422 1424/1424/1424 1423/1423/1423 
f 1425/1425/1425 1424/1424/1424 1422/1422/1422 
f 1426/1426/1426 1422/1422/1422 1416/1416/1416 
f 1425/1425/1425 1422/1422/1422 1426/1426/1426 
f 1426/1426/1426 1416/1416/1416 1421/1421/1421 
f 1427/1427/1427 1425/1425/1425 1426/1426/1426 
f 1427/1427/1427 1426/1426/1426 1428/1428/1428 
f 1428/1428/1428 1426/1426/1426 1421/1421/1421 
f 1429/1429/1429 1427/1427/1427 1428/1428/1428 
f 1430/1430/1430 1421/1421/1421 1415/1415/1415 
f 1428/1428/1428 1421/1421/1421 1430/1430/1430 
f 1430/1430/1430 1415/1415/1415 1420/1420/1420 
f 1429/1429/1429 1428/1428/1428 1431/1431/1431 
f 1431/1431/1431 1428/1428/1428 1430/1430/1430 
f 1432/1432/1432 1429/1429/1429 1431/1431/1431 
f 1433/1433/1433 1430/1430/1430 1420/1420/1420 
f 1431/1431/1431 1430/1430/1430 1433/1433/1433 
f 1432/1432/1432 1431/1431/1431 1434/1434/1434 
f 1434/1434/1434 1431/1431/1431 1433/1433/1433 
f 1435/1435/1435 1432/1432/1432 1434/1434/1434 
f 1433/1433/1433 1420/1420/1420 1436/1436/1436 
f 1436/1436/1436 1420/1420/1420 1414/1414/1414 
f 1436/1436/1436 1414/1414/1414 1419/1419/1419 
f 1435/1435/1435 1434/1434/1434 1437/1437/1437 
f 1438/1438/1438 1435/1435/1435 1437/1437/1437 
f 1434/1434/1434 1433/1433/1433 1439/1439/1439 
f 1439/1439/1439 1433/1433/1433 1436/1436/1436 
f 1437/1437/1437 1434/1434/1434 1439/1439/1439 
f 1440/1440/1440 1436/1436/1436 1419/1419/1419 
f 1439/1439/1439 1436/1436/1436 1440/1440/1440 
f 1438/1438/1438 1437/1437/1437 1441/1441/1441 
f 1442/1442/1442 1438/1438/1438 1441/1441/1441 
f 1437/1437/1437 1439/1439/1439 1443/1443/1443 
f 1443/1443/1443 1439/1439/1439 1440/1440/1440 
f 1441/1441/1441 1437/1437/1437 1443/1443/1443 
f 1440/1440/1440 1419/1419/1419 1444/1444/1444 
f 1444/1444/1444 1419/1419/1419 1413/1413/1413 
f 1444/1444/1444 1413/1413/1413 1418/1418/1418 
f 1442/1442/1442 1441/1441/1441 1445/1445/1445 
f 1446/1446/1446 1442/1442/1442 1445/1445/1445 
f 1441/1441/1441 1443/1443/1443 1447/1447/1447 
f 1445/1445/1445 1441/1441/1441 1447/1447/1447 
f 1443/1443/1443 1440/1440/1440 1448/1448/1448 
f 1448/1448/1448 1440/1440/1440 1444/1444/1444 
f 1447/1447/1447 1443/1443/1443 1448/1448/1448 
f 1449/1449/1449 1444/1444/1444 1418/1418/1418 
f 1448/1448/1448 1444/1444/1444 1449/1449/1449 
f 1446/1446/1446 1445/1445/1445 1450/1450/1450 
f 1451/1451/1451 1446/1446/1446 1450/1450/1450 
f 1445/1445/1445 1447/1447/1447 1452/1452/1452 
f 1450/1450/1450 1445/1445/1445 1452/1452/1452 
f 1447/1447/1447 1448/1448/1448 1453/1453/1453 
f 1453/1453/1453 1448/1448/1448 1449/1449/1449 
f 1452/1452/1452 1447/1447/1447 1453/1453/1453 
f 1449/1449/1449 1418/1418/1418 1454/1454/1454 
f 1454/1454/1454 1418/1418/1418 1412/1412/1412 
f 1451/1451/1451 1450/1450/1450 1455/1455/1455 
f 1456/1456/1456 1451/1451/1451 1455/1455/1455 
f 1450/1450/1450 1452/1452/1452 1457/1457/1457 
f 1455/1455/1455 1450/1450/1450 1457/1457/1457 
f 1452/1452/1452 1453/1453/1453 1458/1458/1458 
f 1457/1457/1457 1452/1452/1452 1458/1458/1458 
f 1453/1453/1453 1449/1449/1449 1459/1459/1459 
f 1459/1459/1459 1449/1449/1449 1454/1454/1454 
f 1458/1458/1458 1453/1453/1453 1459/1459/1459 
f 1454/1454/1454 1412/1412/1412 1460/1460/1460 
f 1460/1460/1460 1412/1412/1412 1406/1406/1406 
f 1456/1456/1456 1455/1455/1455 1461/1461/1461 
f 1462/1462/1462 1456/1456/1456 1461/1461/1461 
f 1455/1455/1455 1457/1457/1457 1463/1463/1463 
f 1461/1461/1461 1455/1455/1455 1463/1463/1463 
f 1457/1457/1457 1458/1458/1458 1464/1464/1464 
f 1463/1463/1463 1457/1457/1457 1464/1464/1464 
f 1458/1458/1458 1459/1459/1459 1465/1465/1465 
f 1464/1464/1464 1458/1458/1458 1465/1465/1465 
f 1459/1459/1459 1454/1454/1454 1466/1466/1466 
f 1466/1466/1466 1454/1454/1454 1460/1460/1460 
f 1465/1465/1465 1459/1459/1459 1466/1466/1466 
f 1460/1460/1460 1406/1406/1406 1467/1467/1467 
f 1467/1467/1467 1406/1406/1406 1400/1400/1400 
f 1461/1461/1461 1463/1463/1463 1468/1468/1468 
f 1462/1462/1462 1461/1461/1461 1468/1468/1468 
f 1463/1463/1463 1464/1464/1464 1469/1469/1469 
f 1468/1468/1468 1463/1463/1463 1469/1469/1469 
f 1464/1464/1464 1465/1465/1465 1470/1470/1470 
f 1469/1469/1469 1464/1464/1464 1470/1470/1470 
f 1465/1465/1465 1466/1466/1466 1471/1471/1471 
f 1470/1470/1470 1465/1465/1465 1471/1471/1471 
f 1466/1466/1466 1460/1460/1460 1472/1472/1472 
f 1472/1472/1472 1460/1460/1460 1467/1467/1467 
f 1471/1471/1471 1466/1466/1466 1472/1472/1472 
f 1467/1467/1467 1400/1400/1400 1473/1473/1473 
f 1473/1473/1473 1400/1400/1400 1394/1394/1394 
f 1468/1468/1468 1469/1469/1469 1474/1474/1474 
f 1462/1462/1462 1468/1468/1468 1474/1474/1474 
f 1469/1469/1469 1470/1470/1470 1475/1475/1475 
f 1474/1474/1474 1469/1469/1469 1475/1475/1475 
f 1470/1470/1470 1471/1471/1471 1476/1476/1476 
f 1475/1475/1475 1470/1470/1470 1476/1476/1476 
f 1471/1471/1471 1472/1472/1472 1477/1477/1477 
f 1476/1476/1476 1471/1471/1471 1477/1477/1477 
f 1472/1472/1472 1467/1467/1467 1478/1478/1478 
f 1478/1478/1478 1467/1467/1467 1473/1473/1473 
f 1477/1477/1477 1472/1472/1472 1478/1478/1478 
f 1473/1473/1473 1394/1394/1394 1479/1479/1479 
f 1479/1479/1479 1394/1394/1394 1388/1388/1388 
f 1474/1474/1474 1475/1475/1475 1480/1480/1480 
f 1462/1462/1462 1474/1474/1474 1480/1480/1480 
f 1475/1475/1475 1476/1476/1476 1481/1481/1481 
f 1480/1480/1480 1475/1475/1475 1481/1481/1481 
f 1476/1476/1476 1477/1477/1477 1482/1482/1482 
f 1481/1481/1481 1476/1476/1476 1482/1482/1482 
f 1477/1477/1477 1478/1478/1478 1483/1483/1483 
f 1482/1482/1482 1477/1477/1477 1483/1483/1483 
f 1478/1478/1478 1473/1473/1473 1484/1484/1484 
f 1484/1484/1484 1473/1473/1473 1479/1479/1479 
f 1483/1483/1483 1478/1478/1478 1484/1484/1484 
f 1479/1479/1479 1388/1388/1388 1485/1485/1485 
f 1485/1485/1485 1388/1388/1388 1382/1382/1382 
f 1480/1480/1480 1481/1481/1481 1486/1486/1486 
f 1462/1462/1462 1480/1480/1480 1486/1486/1486 
f 1481/1481/1481 1482/1482/1482 1487/1487/1487 
f 1486/1486/1486 1481/1481/1481 1487/1487/1487 
f 1482/1482/1482 1483/1483/1483 1488/1488/1488 
f 1487/1487/1487 1482/1482/1482 1488/1488/1488 
f 1483/1483/1483 1484/1484/1484 1489/1489/1489 
f 1488/1488/1488 1483/1483/1483 1489/1489/1489 
f 1484/1484/1484 1479/1479/1479 1490/1490/1490 
f 1490/1490/1490 1479/1479/1479 1485/1485/1485 
f 1489/1489/1489 1484/1484/1484 1490/1490/1490 
f 1485/1485/1485 1382/1382/1382 1491/1491/1491 
f 1491/1491/1491 1382/1382/1382 1376/1376/1376 
f 1462/1462/1462 1486/1486/1486 1492/1492/1492 
f 1486/1486/1486 1487/1487/1487 1492/1492/1492 
f 1487/1487/1487 1488/1488/1488 1493/1493/1493 
f 1492/1492/1492 1487/1487/1487 1493/1493/1493 
f 1462/1462/1462 1492/1492/1492 1494/1494/1494 
f 1492/1492/1492 1493/1493/1493 1494/1494/1494 
f 1462/1462/1462 1494/1494/1494 1495/1495/1495 
f 1462/1462/1462 1495/1495/1495 1496/1496/1496 
f 1488/1488/1488 1489/1489/1489 1497/1497/1497 
f 1493/1493/1493 1488/1488/1488 1497/1497/1497 
f 1494/1494/1494 1493/1493/1493 1498/1498/1498 
f 1494/1494/1494 1498/1498/1498 1495/1495/1495 
f 1493/1493/1493 1497/1497/1497 1498/1498/1498 
f 1497/1497/1497 1489/1489/1489 1499/1499/1499 
f 1489/1489/1489 1490/1490/1490 1499/1499/1499 
f 1495/1495/1495 1498/1498/1498 1500/1500/1500 
f 1495/1495/1495 1500/1500/1500 1496/1496/1496 
f 1498/1498/1498 1497/1497/1497 1501/1501/1501 
f 1497/1497/1497 1499/1499/1499 1501/1501/1501 
f 1498/1498/1498 1501/1501/1501 1500/1500/1500 
f 1499/1499/1499 1490/1490/1490 1502/1502/1502 
f 1490/1490/1490 1485/1485/1485 1502/1502/1502 
f 1502/1502/1502 1485/1485/1485 1491/1491/1491 
f 1501/1501/1501 1499/1499/1499 1503/1503/1503 
f 1499/1499/1499 1502/1502/1502 1503/1503/1503 
f 1500/1500/1500 1501/1501/1501 1504/1504/1504 
f 1501/1501/1501 1503/1503/1503 1504/1504/1504 
f 1496/1496/1496 1500/1500/1500 1505/1505/1505 
f 1500/1500/1500 1504/1504/1504 1505/1505/1505 
f 1502/1502/1502 1491/1491/1491 1506/1506/1506 
f 1503/1503/1503 1502/1502/1502 1506/1506/1506 
f 1504/1504/1504 1503/1503/1503 1507/1507/1507 
f 1503/1503/1503 1506/1506/1506 1507/1507/1507 
f 1506/1506/1506 1491/1491/1491 1508/1508/1508 
f 1491/1491/1491 1376/1376/1376 1508/1508/1508 
f 1508/1508/1508 1376/1376/1376 1370/1370/1370 
f 1506/1506/1506 1508/1508/1508 1509/1509/1509 
f 1507/1507/1507 1506/1506/1506 1509/1509/1509 
f 1508/1508/1508 1370/1370/1370 1510/1510/1510 
f 1509/1509/1509 1508/1508/1508 1510/1510/1510 
f 1510/1510/1510 1370/1370/1370 1364/1364/1364 
f 1504/1504/1504 1507/1507/1507 1511/1511/1511 
f 1505/1505/1505 1504/1504/1504 1511/1511/1511 
f 1496/1496/1496 1505/1505/1505 1512/1512/1512 
f 1462/1462/1462 1496/1496/1496 1512/1512/1512 
f 1507/1507/1507 1509/1509/1509 1513/1513/1513 
f 1511/1511/1511 1507/1507/1507 1513/1513/1513 
f 1509/1509/1509 1510/1510/1510 1514/1514/1514 
f 1513/1513/1513 1509/1509/1509 1514/1514/1514 
f 1510/1510/1510 1364/1364/1364 1515/1515/1515 
f 1514/1514/1514 1510/1510/1510 1515/1515/1515 
f 1515/1515/1515 1364/1364/1364 1358/1358/1358 
f 1505/1505/1505 1511/1511/1511 1516/1516/1516 
f 1512/1512/1512 1505/1505/1505 1516/1516/1516 
f 1511/1511/1511 1513/1513/1513 1517/1517/1517 
f 1516/1516/1516 1511/1511/1511 1517/1517/1517 
f 1513/1513/1513 1514/1514/1514 1518/1518/1518 
f 1517/1517/1517 1513/1513/1513 1518/1518/1518 
f 1514/1514/1514 1515/1515/1515 1519/1519/1519 
f 1518/1518/1518 1514/1514/1514 1519/1519/1519 
f 1515/1515/1515 1358/1358/1358 1520/1520/1520 
f 1519/1519/1519 1515/1515/1515 1520/1520/1520 
f 1520/1520/1520 1358/1358/1358 1352/1352/1352 
f 1512/1512/1512 1516/1516/1516 1521/1521/1521 
f 1462/1462/1462 1512/1512/1512 1521/1521/1521 
f 1516/1516/1516 1517/1517/1517 1522/1522/1522 
f 1521/1521/1521 1516/1516/1516 1522/1522/1522 
f 1517/1517/1517 1518/1518/1518 1523/1523/1523 
f 1522/1522/1522 1517/1517/1517 1523/1523/1523 
f 1518/1518/1518 1519/1519/1519 1524/1524/1524 
f 1523/1523/1523 1518/1518/1518 1524/1524/1524 
f 1519/1519/1519 1520/1520/1520 1525/1525/1525 
f 1524/1524/1524 1519/1519/1519 1525/1525/1525 
f 1520/1520/1520 1352/1352/1352 1526/1526/1526 
f 1525/1525/1525 1520/1520/1520 1526/1526/1526 
f 1526/1526/1526 1352/1352/1352 1346/1346/1346 
f 1521/1521/1521 1522/1522/1522 1527/1527/1527 
f 1462/1462/1462 1521/1521/1521 1527/1527/1527 
f 1522/1522/1522 1523/1523/1523 1528/1528/1528 
f 1527/1527/1527 1522/1522/1522 1528/1528/1528 
f 1523/1523/1523 1524/1524/1524 1529/1529/1529 
f 1528/1528/1528 1523/1523/1523 1529/1529/1529 
f 1524/1524/1524 1525/1525/1525 1530/1530/1530 
f 1529/1529/1529 1524/1524/1524 1530/1530/1530 
f 1525/1525/1525 1526/1526/1526 1531/1531/1531 
f 1530/1530/1530 1525/1525/1525 1531/1531/1531 
f 1526/1526/1526 1346/1346/1346 1532/1532/1532 
f 1531/1531/1531 1526/1526/1526 1532/1532/1532 
f 1532/1532/1532 1346/1346/1346 1341/1341/1341 
f 1527/1527/1527 1528/1528/1528 1533/1533/1533 
f 1462/1462/1462 1527/1527/1527 1533/1533/1533 
f 1528/1528/1528 1529/1529/1529 1534/1534/1534 
f 1533/1533/1533 1528/1528/1528 1534/1534/1534 
f 1529/1529/1529 1530/1530/1530 1535/1535/1535 
f 1534/1534/1534 1529/1529/1529 1535/1535/1535 
f 1530/1530/1530 1531/1531/1531 1536/1536/1536 
f 1535/1535/1535 1530/1530/1530 1536/1536/1536 
f 1532/1532/1532 1341/1341/1341 1537/1537/1537 
f 1537/1537/1537 1341/1341/1341 1336/1336/1336 
f 1531/1531/1531 1532/1532/1532 1538/1538/1538 
f 1536/1536/1536 1531/1531/1531 1538/1538/1538 
f 1538/1538/1538 1532/1532/1532 1537/1537/1537 
f 1462/1462/1462 1533/1533/1533 1539/1539/1539 
f 1533/1533/1533 1534/1534/1534 1539/1539/1539 
f 1534/1534/1534 1535/1535/1535 1540/1540/1540 
f 1539/1539/1539 1534/1534/1534 1540/1540/1540 
f 1462/1462/1462 1539/1539/1539 1541/1541/1541 
f 1539/1539/1539 1540/1540/1540 1541/1541/1541 
f 1462/1462/1462 1541/1541/1541 1542/1542/1542 
f 1462/1462/1462 1542/1542/1542 1543/1543/1543 
f 1537/1537/1537 1336/1336/1336 1544/1544/1544 
f 1544/1544/1544 1336/1336/1336 1331/1331/1331 
f 1538/1538/1538 1537/1537/1537 1545/1545/1545 
f 1545/1545/1545 1537/1537/1537 1544/1544/1544 
f 1540/1540/1540 1535/1535/1535 1546/1546/1546 
f 1535/1535/1535 1536/1536/1536 1546/1546/1546 
f 1541/1541/1541 1540/1540/1540 1547/1547/1547 
f 1541/1541/1541 1547/1547/1547 1542/1542/1542 
f 1540/1540/1540 1546/1546/1546 1547/1547/1547 
f 1536/1536/1536 1538/1538/1538 1548/1548/1548 
f 1546/1546/1546 1536/1536/1536 1548/1548/1548 
f 1548/1548/1548 1538/1538/1538 1545/1545/1545 
f 1544/1544/1544 1331/1331/1331 1549/1549/1549 
f 1549/1549/1549 1331/1331/1331 1325/1325/1325 
f 1542/1542/1542 1547/1547/1547 1550/1550/1550 
f 1542/1542/1542 1550/1550/1550 1543/1543/1543 
f 1547/1547/1547 1546/1546/1546 1551/1551/1551 
f 1546/1546/1546 1548/1548/1548 1551/1551/1551 
f 1547/1547/1547 1551/1551/1551 1550/1550/1550 
f 1548/1548/1548 1545/1545/1545 1552/1552/1552 
f 1551/1551/1551 1548/1548/1548 1552/1552/1552 
f 1545/1545/1545 1544/1544/1544 1553/1553/1553 
f 1553/1553/1553 1544/1544/1544 1549/1549/1549 
f 1552/1552/1552 1545/1545/1545 1553/1553/1553 
f 1549/1549/1549 1325/1325/1325 1554/1554/1554 
f 1554/1554/1554 1325/1325/1325 1319/1319/1319 
f 1550/1550/1550 1551/1551/1551 1555/1555/1555 
f 1551/1551/1551 1552/1552/1552 1555/1555/1555 
f 1543/1543/1543 1550/1550/1550 1556/1556/1556 
f 1550/1550/1550 1555/1555/1555 1556/1556/1556 
f 1552/1552/1552 1553/1553/1553 1557/1557/1557 
f 1555/1555/1555 1552/1552/1552 1557/1557/1557 
f 1553/1553/1553 1549/1549/1549 1558/1558/1558 
f 1558/1558/1558 1549/1549/1549 1554/1554/1554 
f 1557/1557/1557 1553/1553/1553 1558/1558/1558 
f 1554/1554/1554 1319/1319/1319 1559/1559/1559 
f 1559/1559/1559 1319/1319/1319 1313/1313/1313 
f 1555/1555/1555 1557/1557/1557 1560/1560/1560 
f 1556/1556/1556 1555/1555/1555 1560/1560/1560 
f 1543/1543/1543 1556/1556/1556 1561/1561/1561 
f 1462/1462/1462 1543/1543/1543 1561/1561/1561 
f 1557/1557/1557 1558/1558/1558 1562/1562/1562 
f 1560/1560/1560 1557/1557/1557 1562/1562/1562 
f 1558/1558/1558 1554/1554/1554 1563/1563/1563 
f 1563/1563/1563 1554/1554/1554 1559/1559/1559 
f 1562/1562/1562 1558/1558/1558 1563/1563/1563 
f 1559/1559/1559 1313/1313/1313 1564/1564/1564 
f 1564/1564/1564 1313/1313/1313 1307/1307/1307 
f 1556/1556/1556 1560/1560/1560 1565/1565/1565 
f 1561/1561/1561 1556/1556/1556 1565/1565/1565 
f 1560/1560/1560 1562/1562/1562 1566/1566/1566 
f 1565/1565/1565 1560/1560/1560 1566/1566/1566 
f 1562/1562/1562 1563/1563/1563 1567/1567/1567 
f 1566/1566/1566 1562/1562/1562 1567/1567/1567 
f 1563/1563/1563 1559/1559/1559 1568/1568/1568 
f 1568/1568/1568 1559/1559/1559 1564/1564/1564 
f 1567/1567/1567 1563/1563/1563 1568/1568/1568 
f 1564/1564/1564 1307/1307/1307 1569/1569/1569 
f 1569/1569/1569 1307/1307/1307 1301/1301/1301 
f 1561/1561/1561 1565/1565/1565 1570/1570/1570 
f 1462/1462/1462 1561/1561/1561 1570/1570/1570 
f 1565/1565/1565 1566/1566/1566 1571/1571/1571 
f 1570/1570/1570 1565/1565/1565 1571/1571/1571 
f 1566/1566/1566 1567/1567/1567 1572/1572/1572 
f 1571/1571/1571 1566/1566/1566 1572/1572/1572 
f 1567/1567/1567 1568/1568/1568 1573/1573/1573 
f 1572/1572/1572 1567/1567/1567 1573/1573/1573 
f 1568/1568/1568 1564/1564/1564 1574/1574/1574 
f 1574/1574/1574 1564/1564/1564 1569/1569/1569 
f 1573/1573/1573 1568/1568/1568 1574/1574/1574 
f 1569/1569/1569 1301/1301/1301 1575/1575/1575 
f 1575/1575/1575 1301/1301/1301 1295/1295/1295 
f 1570/1570/1570 1571/1571/1571 1576/1576/1576 
f 1462/1462/1462 1570/1570/1570 1576/1576/1576 
f 1571/1571/1571 1572/1572/1572 1577/1577/1577 
f 1576/1576/1576 1571/1571/1571 1577/1577/1577 
f 1572/1572/1572 1573/1573/1573 1578/1578/1578 
f 1577/1577/1577 1572/1572/1572 1578/1578/1578 
f 1573/1573/1573 1574/1574/1574 1579/1579/1579 
f 1578/1578/1578 1573/1573/1573 1579/1579/1579 
f 1574/1574/1574 1569/1569/1569 1580/1580/1580 
f 1580/1580/1580 1569/1569/1569 1575/1575/1575 
f 1579/1579/1579 1574/1574/1574 1580/1580/1580 
f 1575/1575/1575 1295/1295/1295 1581/1581/1581 
f 1581/1581/1581 1295/1295/1295 1289/1289/1289 
f 1576/1576/1576 1577/1577/1577 1582/1582/1582 
f 1462/1462/1462 1576/1576/1576 1582/1582/1582 
f 1577/1577/1577 1578/1578/1578 1583/1583/1583 
f 1582/1582/1582 1577/1577/1577 1583/1583/1583 
f 1578/1578/1578 1579/1579/1579 1584/1584/1584 
f 1583/1583/1583 1578/1578/1578 1584/1584/1584 
f 1579/1579/1579 1580/1580/1580 1585/1585/1585 
f 1584/1584/1584 1579/1579/1579 1585/1585/1585 
f 1580/1580/1580 1575/1575/1575 1586/1586/1586 
f 1586/1586/1586 1575/1575/1575 1581/1581/1581 
f 1585/1585/1585 1580/1580/1580 1586/1586/1586 
f 1581/1581/1581 1289/1289/1289 1587/1587/1587 
f 1587/1587/1587 1289/1289/1289 1283/1283/1283 
f 1462/1462/1462 1582/1582/1582 1588/1588/1588 
f 1582/1582/1582 1583/1583/1583 1588/1588/1588 
f 1583/1583/1583 1584/1584/1584 1589/1589/1589 
f 1588/1588/1588 1583/1583/1583 1589/1589/1589 
f 1462/1462/1462 1588/1588/1588 1590/1590/1590 
f 1588/1588/1588 1589/1589/1589 1590/1590/1590 
f 1462/1462/1462 1590/1590/1590 1591/1591/1591 
f 1462/1462/1462 1591/1591/1591 1592/1592/1592 
f 1584/1584/1584 1585/1585/1585 1593/1593/1593 
f 1589/1589/1589 1584/1584/1584 1593/1593/1593 
f 1590/1590/1590 1589/1589/1589 1594/1594/1594 
f 1590/1590/1590 1594/1594/1594 1591/1591/1591 
f 1589/1589/1589 1593/1593/1593 1594/1594/1594 
f 1593/1593/1593 1585/1585/1585 1595/1595/1595 
f 1585/1585/1585 1586/1586/1586 1595/1595/1595 
f 1591/1591/1591 1594/1594/1594 1596/1596/1596 
f 1591/1591/1591 1596/1596/1596 1592/1592/1592 
f 1594/1594/1594 1593/1593/1593 1597/1597/1597 
f 1593/1593/1593 1595/1595/1595 1597/1597/1597 
f 1594/1594/1594 1597/1597/1597 1596/1596/1596 
f 1595/1595/1595 1586/1586/1586 1598/1598/1598 
f 1586/1586/1586 1581/1581/1581 1598/1598/1598 
f 1598/1598/1598 1581/1581/1581 1587/1587/1587 
f 1597/1597/1597 1595/1595/1595 1599/1599/1599 
f 1595/1595/1595 1598/1598/1598 1599/1599/1599 
f 1596/1596/1596 1597/1597/1597 1600/1600/1600 
f 1597/1597/1597 1599/1599/1599 1600/1600/1600 
f 1592/1592/1592 1596/1596/1596 1601/1601/1601 
f 1596/1596/1596 1600/1600/1600 1601/1601/1601 
f 1598/1598/1598 1587/1587/1587 1602/1602/1602 
f 1599/1599/1599 1598/1598/1598 1602/1602/1602 
f 1600/1600/1600 1599/1599/1599 1603/1603/1603 
f 1599/1599/1599 1602/1602/1602 1603/1603/1603 
f 1602/1602/1602 1587/1587/1587 1604/1604/1604 
f 1587/1587/1587 1283/1283/1283 1604/1604/1604 
f 1604/1604/1604 1283/1283/1283 1277/1277/1277 
f 1602/1602/1602 1604/1604/1604 1605/1605/1605 
f 1603/1603/1603 1602/1602/1602 1605/1605/1605 
f 1604/1604/1604 1277/1277/1277 1606/1606/1606 
f 1605/1605/1605 1604/1604/1604 1606/1606/1606 
f 1606/1606/1606 1277/1277/1277 1271/1271/1271 
f 1600/1600/1600 1603/1603/1603 1607/1607/1607 
f 1601/1601/1601 1600/1600/1600 1607/1607/1607 
f 1592/1592/1592 1601/1601/1601 1608/1608/1608 
f 1462/1462/1462 1592/1592/1592 1608/1608/1608 
f 1603/1603/1603 1605/1605/1605 1609/1609/1609 
f 1607/1607/1607 1603/1603/1603 1609/1609/1609 
f 1605/1605/1605 1606/1606/1606 1610/1610/1610 
f 1609/1609/1609 1605/1605/1605 1610/1610/1610 
f 1606/1606/1606 1271/1271/1271 1611/1611/1611 
f 1610/1610/1610 1606/1606/1606 1611/1611/1611 
f 1611/1611/1611 1271/1271/1271 1264/1264/1264 
f 1601/1601/1601 1607/1607/1607 1612/1612/1612 
f 1608/1608/1608 1601/1601/1601 1612/1612/1612 
f 1607/1607/1607 1609/1609/1609 1613/1613/1613 
f 1612/1612/1612 1607/1607/1607 1613/1613/1613 
f 1609/1609/1609 1610/1610/1610 1614/1614/1614 
f 1613/1613/1613 1609/1609/1609 1614/1614/1614 
f 1610/1610/1610 1611/1611/1611 1615/1615/1615 
f 1614/1614/1614 1610/1610/1610 1615/1615/1615 
f 1611/1611/1611 1264/1264/1264 1616/1616/1616 
f 1615/1615/1615 1611/1611/1611 1616/1616/1616 
f 1616/1616/1616 1264/1264/1264 1265/1265/1265 
f 1616/1616/1616 1265/1265/1265 1617/1617/1617 
f 1618/1618/1618 1616/1616/1616 1617/1617/1617 
f 1615/1615/1615 1616/1616/1616 1618/1618/1618 
f 1618/1618/1618 1617/1617/1617 1619/1619/1619 
f 1608/1608/1608 1612/1612/1612 1620/1620/1620 
f 1462/1462/1462 1608/1608/1608 1620/1620/1620 
f 1612/1612/1612 1613/1613/1613 1621/1621/1621 
f 1620/1620/1620 1612/1612/1612 1621/1621/1621 
f 1613/1613/1613 1614/1614/1614 1622/1622/1622 
f 1621/1621/1621 1613/1613/1613 1622/1622/1622 
f 1614/1614/1614 1615/1615/1615 1623/1623/1623 
f 1623/1623/1623 1615/1615/1615 1618/1618/1618 
f 1622/1622/1622 1614/1614/1614 1623/1623/1623 
f 1624/1624/1624 1618/1618/1618 1619/1619/1619 
f 1623/1623/1623 1618/1618/1618 1624/1624/1624 
f 1624/1624/1624 1619/1619/1619 1625/1625/1625 
f 1620/1620/1620 1621/1621/1621 1626/1626/1626 
f 1462/1462/1462 1620/1620/1620 1626/1626/1626 
f 1621/1621/1621 1622/1622/1622 1627/1627/1627 
f 1626/1626/1626 1621/1621/1621 1627/1627/1627 
f 1622/1622/1622 1623/1623/1623 1628/1628/1628 
f 1628/1628/1628 1623/1623/1623 1624/1624/1624 
f 1627/1627/1627 1622/1622/1622 1628/1628/1628 
f 1629/1629/1629 1624/1624/1624 1625/1625/1625 
f 1628/1628/1628 1624/1624/1624 1629/1629/1629 
f 1629/1629/1629 1625/1625/1625 1630/1630/1630 
f 1626/1626/1626 1627/1627/1627 1631/1631/1631 
f 1462/1462/1462 1626/1626/1626 1631/1631/1631 
f 1627/1627/1627 1628/1628/1628 1632/1632/1632 
f 1632/1632/1632 1628/1628/1628 1629/1629/1629 
f 1631/1631/1631 1627/1627/1627 1632/1632/1632 
f 1633/1633/1633 1629/1629/1629 1630/1630/1630 
f 1632/1632/1632 1629/1629/1629 1633/1633/1633 
f 1633/1633/1633 1630/1630/1630 1634/1634/1634 
f 1631/1631/1631 1632/1632/1632 1635/1635/1635 
f 1462/1462/1462 1631/1631/1631 1635/1635/1635 
f 1635/1635/1635 1632/1632/1632 1633/1633/1633 
f 1636/1636/1636 1633/1633/1633 1634/1634/1634 
f 1635/1635/1635 1633/1633/1633 1636/1636/1636 
f 1462/1462/1462 1635/1635/1635 1636/1636/1636 
f 1636/1636/1636 1634/1634/1634 1637/1637/1637 
f 1462/1462/1462 1636/1636/1636 1637/1637/1637 
f 1638/1638/1638 1640/1640/1640 1639/1639/1639 
f 1638/1638/1638 1641/1641/1641 1640/1640/1640 
f 1641/1641/1641 1642/1642/1642 1640/1640/1640 
f 1643/1643/1643 1641/1641/1641 1638/1638/1638 
f 1643/1643/1643 1638/1638/1638 1644/1644/1644 
f 1641/1641/1641 1645/1645/1645 1642/1642/1642 
f 1645/1645/1645 1646/1646/1646 1642/1642/1642 
f 1647/1647/1647 1641/1641/1641 1643/1643/1643 
f 1647/1647/1647 1645/1645/1645 1641/1641/1641 
f 1648/1648/1648 1643/1643/1643 1644/1644/1644 
f 1648/1648/1648 1644/1644/1644 1649/1649/1649 
f 1645/1645/1645 1650/1650/1650 1646/1646/1646 
f 1650/1650/1650 1651/1651/1651 1646/1646/1646 
f 1652/1652/1652 1645/1645/1645 1647/1647/1647 
f 1652/1652/1652 1650/1650/1650 1645/1645/1645 
f 1653/1653/1653 1647/1647/1647 1643/1643/1643 
f 1653/1653/1653 1643/1643/1643 1648/1648/1648 
f 1654/1654/1654 1648/1648/1648 1649/1649/1649 
f 1654/1654/1654 1649/1649/1649 1655/1655/1655 
f 1650/1650/1650 1656/1656/1656 1651/1651/1651 
f 1656/1656/1656 1657/1657/1657 1651/1651/1651 
f 1658/1658/1658 1650/1650/1650 1652/1652/1652 
f 1658/1658/1658 1656/1656/1656 1650/1650/1650 
f 1659/1659/1659 1652/1652/1652 1647/1647/1647 
f 1659/1659/1659 1647/1647/1647 1653/1653/1653 
f 1660/1660/1660 1653/1653/1653 1648/1648/1648 
f 1660/1660/1660 1648/1648/1648 1654/1654/1654 
f 1661/1661/1661 1654/1654/1654 1655/1655/1655 
f 1661/1661/1661 1655/1655/1655 1662/1662/1662 
f 1656/1656/1656 1663/1663/1663 1657/1657/1657 
f 1663/1663/1663 1664/1664/1664 1657/1657/1657 
f 1665/1665/1665 1656/1656/1656 1658/1658/1658 
f 1665/1665/1665 1663/1663/1663 1656/1656/1656 
f 1666/1666/1666 1658/1658/1658 1652/1652/1652 
f 1666/1666/1666 1652/1652/1652 1659/1659/1659 
f 1667/1667/1667 1659/1659/1659 1653/1653/1653 
f 1667/1667/1667 1653/1653/1653 1660/1660/1660 
f 1668/1668/1668 1660/1660/1660 1654/1654/1654 
f 1668/1668/1668 1654/1654/1654 1661/1661/1661 
f 1663/1663/1663 1669/1669/1669 1664/1664/1664 
f 1669/1669/1669 1670/1670/1670 1664/1664/1664 
f 1671/1671/1671 1663/1663/1663 1665/1665/1665 
f 1671/1671/1671 1669/1669/1669 1663/1663/1663 
f 1672/1672/1672 1665/1665/1665 1658/1658/1658 
f 1672/1672/1672 1658/1658/1658 1666/1666/1666 
f 1673/1673/1673 1666/1666/1666 1659/1659/1659 
f 1673/1673/1673 1659/1659/1659 1667/1667/1667 
f 1674/1674/1674 1667/1667/1667 1660/1660/1660 
f 1674/1674/1674 1660/1660/1660 1668/1668/1668 
f 1669/1669/1669 1675/1675/1675 1670/1670/1670 
f 1675/1675/1675 1676/1676/1676 1670/1670/1670 
f 1677/1677/1677 1669/1669/1669 1671/1671/1671 
f 1677/1677/1677 1675/1675/1675 1669/1669/1669 
f 1678/1678/1678 1671/1671/1671 1665/1665/1665 
f 1678/1678/1678 1665/1665/1665 1672/1672/1672 
f 1679/1679/1679 1672/1672/1672 1666/1666/1666 
f 1679/1679/1679 1666/1666/1666 1673/1673/1673 
f 1680/1680/1680 1673/1673/1673 1667/1667/1667 
f 1680/1680/1680 1667/1667/1667 1674/1674/1674 
f 1675/1675/1675 1681/1681/1681 1676/1676/1676 
f 1681/1681/1681 1682/1682/1682 1676/1676/1676 
f 1683/1683/1683 1675/1675/1675 1677/1677/1677 
f 1683/1683/1683 1681/1681/1681 1675/1675/1675 
f 1684/1684/1684 1677/1677/1677 1671/1671/1671 
f 1684/1684/1684 1671/1671/1671 1678/1678/1678 
f 1685/1685/1685 1678/1678/1678 1672/1672/1672 
f 1685/1685/1685 1672/1672/1672 1679/1679/1679 
f 1686/1686/1686 1679/1679/1679 1673/1673/1673 
f 1686/1686/1686 1673/1673/1673 1680/1680/1680 
f 1681/1681/1681 1687/1687/1687 1682/1682/1682 
f 1687/1687/1687 1688/1688/1688 1682/1682/1682 
f 1689/1689/1689 1681/1681/1681 1683/1683/1683 
f 1689/1689/1689 1687/1687/1687 1681/1681/1681 
f 1690/1690/1690 1683/1683/1683 1677/1677/1677 
f 1690/1690/1690 1677/1677/1677 1684/1684/1684 
f 1691/1691/1691 1684/1684/1684 1678/1678/1678 
f 1691/1691/1691 1678/1678/1678 1685/1685/1685 
f 1692/1692/1692 1685/1685/1685 1679/1679/1679 
f 1692/1692/1692 1679/1679/1679 1686/1686/1686 
f 1687/1687/1687 1693/1693/1693 1688/1688/1688 
f 1693/1693/1693 1694/1694/1694 1688/1688/1688 
f 1695/1695/1695 1687/1687/1687 1689/1689/1689 
f 1695/1695/1695 1693/1693/1693 1687/1687/1687 
f 1696/1696/1696 1689/1689/1689 1683/1683/1683 
f 1696/1696/1696 1683/1683/1683 1690/1690/1690 
f 1697/1697/1697 1690/1690/1690 1684/1684/1684 
f 1697/1697/1697 1684/1684/1684 1691/1691/1691 
f 1698/1698/1698 1691/1691/1691 1685/1685/1685 
f 1698/1698/1698 1685/1685/1685 1692/1692/1692 
f 1693/1693/1693 1699/1699/1699 1694/1694/1694 
f 1699/1699/1699 1700/1700/1700 1694/1694/1694 
f 1701/1701/1701 1693/1693/1693 1695/1695/1695 
f 1701/1701/1701 1699/1699/1699 1693/1693/1693 
f 1702/1702/1702 1695/1695/1695 1689/1689/1689 
f 1702/1702/1702 1689/1689/1689 1696/1696/1696 
f 1703/1703/1703 1696/1696/1696 1690/1690/1690 
f 1703/1703/1703 1690/1690/1690 1697/1697/1697 
f 1704/1704/1704 1697/1697/1697 1691/1691/1691 
f 1704/1704/1704 1691/1691/1691 1698/1698/1698 
f 1699/1699/1699 1705/1705/1705 1700/1700/1700 
f 1705/1705/1705 1706/1706/1706 1700/1700/1700 
f 1707/1707/1707 1699/1699/1699 1701/1701/1701 
f 1707/1707/1707 1705/1705/1705 1699/1699/1699 
f 1708/1708/1708 1701/1701/1701 1695/1695/1695 
f 1708/1708/1708 1695/1695/1695 1702/1702/1702 
f 1709/1709/1709 1702/1702/1702 1696/1696/1696 
f 1709/1709/1709 1696/1696/1696 1703/1703/1703 
f 1710/1710/1710 1703/1703/1703 1697/1697/1697 
f 1710/1710/1710 1697/1697/1697 1704/1704/1704 
f 1705/1705/1705 1711/1711/1711 1706/1706/1706 
f 1711/1711/1711 1712/1712/1712 1706/1706/1706 
f 1713/1713/1713 1705/1705/1705 1707/1707/1707 
f 1713/1713/1713 1711/1711/1711 1705/1705/1705 
f 1714/1714/1714 1707/1707/1707 1701/1701/1701 
f 1714/1714/1714 1701/1701/1701 1708/1708/1708 
f 1715/1715/1715 1708/1708/1708 1702/1702/1702 
f 1715/1715/1715 1702/1702/1702 1709/1709/1709 
f 1716/1716/1716 1709/1709/1709 1703/1703/1703 
f 1716/1716/1716 1703/1703/1703 1710/1710/1710 
f 1711/1711/1711 1717/1717/1717 1712/1712/1712 
f 1717/1717/1717 1718/1718/1718 1712/1712/1712 
f 1719/1719/1719 1711/1711/1711 1713/1713/1713 
f 1719/1719/1719 1717/1717/1717 1711/1711/1711 
f 1720/1720/1720 1713/1713/1713 1707/1707/1707 
f 1720/1720/1720 1707/1707/1707 1714/1714/1714 
f 1721/1721/1721 1714/1714/1714 1708/1708/1708 
f 1721/1721/1721 1708/1708/1708 1715/1715/1715 
f 1722/1722/1722 1715/1715/1715 1709/1709/1709 
f 1722/1722/1722 1709/1709/1709 1716/1716/1716 
f 1717/1717/1717 1723/1723/1723 1718/1718/1718 
f 1723/1723/1723 1724/1724/1724 1718/1718/1718 
f 1725/1725/1725 1717/1717/1717 1719/1719/1719 
f 1725/1725/1725 1723/1723/1723 1717/1717/1717 
f 1726/1726/1726 1719/1719/1719 1713/1713/1713 
f 1726/1726/1726 1713/1713/1713 1720/1720/1720 
f 1727/1727/1727 1720/1720/1720 1714/1714/1714 
f 1727/1727/1727 1714/1714/1714 1721/1721/1721 
f 1728/1728/1728 1721/1721/1721 1715/1715/1715 
f 1728/1728/1728 1715/1715/1715 1722/1722/1722 
f 1723/1723/1723 1729/1729/1729 1724/1724/1724 
f 1729/1729/1729 1730/1730/1730 1724/1724/1724 
f 1731/1731/1731 1725/1725/1725 1719/1719/1719 
f 1731/1731/1731 1719/1719/1719 1726/1726/1726 
f 1732/1732/1732 1726/1726/1726 1720/1720/1720 
f 1732/1732/1732 1720/1720/1720 1727/1727/1727 
f 1733/1733/1733 1727/1727/1727 1721/1721/1721 
f 1733/1733/1733 1721/1721/1721 1728/1728/1728 
f 1734/1734/1734 1723/1723/1723 1725/1725/1725 
f 1734/1734/1734 1729/1729/1729 1723/1723/1723 
f 1729/1729/1729 1735/1735/1735 1730/1730/1730 
f 1735/1735/1735 1736/1736/1736 1730/1730/1730 
f 1737/1737/1737 1731/1731/1731 1726/1726/1726 
f 1737/1737/1737 1726/1726/1726 1732/1732/1732 
f 1738/1738/1738 1732/1732/1732 1727/1727/1727 
f 1738/1738/1738 1727/1727/1727 1733/1733/1733 
f 1739/1739/1739 1725/1725/1725 1731/1731/1731 
f 1739/1739/1739 1734/1734/1734 1725/1725/1725 
f 1740/1740/1740 1729/1729/1729 1734/1734/1734 
f 1740/1740/1740 1735/1735/1735 1729/1729/1729 
f 1735/1735/1735 1741/1741/1741 1736/1736/1736 
f 1741/1741/1741 1742/1742/1742 1736/1736/1736 
f 1743/1743/1743 1737/1737/1737 1732/1732/1732 
f 1743/1743/1743 1732/1732/1732 1738/1738/1738 
f 1744/1744/1744 1731/1731/1731 1737/1737/1737 
f 1744/1744/1744 1739/1739/1739 1731/1731/1731 
f 1745/1745/1745 1734/1734/1734 1739/1739/1739 
f 1745/1745/1745 1740/1740/1740 1734/1734/1734 
f 1746/1746/1746 1735/1735/1735 1740/1740/1740 
f 1746/1746/1746 1741/1741/1741 1735/1735/1735 
f 1741/1741/1741 1747/1747/1747 1742/1742/1742 
f 1747/1747/1747 1748/1748/1748 1742/1742/1742 
f 1749/1749/1749 1737/1737/1737 1743/1743/1743 
f 1749/1749/1749 1744/1744/1744 1737/1737/1737 
f 1750/1750/1750 1739/1739/1739 1744/1744/1744 
f 1750/1750/1750 1745/1745/1745 1739/1739/1739 
f 1751/1751/1751 1740/1740/1740 1745/1745/1745 
f 1751/1751/1751 1746/1746/1746 1740/1740/1740 
f 1752/1752/1752 1741/1741/1741 1746/1746/1746 
f 1752/1752/1752 1747/1747/1747 1741/1741/1741 
f 1747/1747/1747 1753/1753/1753 1748/1748/1748 
f 1753/1753/1753 1754/1754/1754 1748/1748/1748 
f 1755/1755/1755 1744/1744/1744 1749/1749/1749 
f 1755/1755/1755 1750/1750/1750 1744/1744/1744 
f 1756/1756/1756 1745/1745/1745 1750/1750/1750 
f 1756/1756/1756 1751/1751/1751 1745/1745/1745 
f 1757/1757/1757 1746/1746/1746 1751/1751/1751 
f 1757/1757/1757 1752/1752/1752 1746/1746/1746 
f 1758/1758/1758 1747/1747/1747 1752/1752/1752 
f 1758/1758/1758 1753/1753/1753 1747/1747/1747 
f 1753/1753/1753 1759/1759/1759 1754/1754/1754 
f 1759/1759/1759 1760/1760/1760 1754/1754/1754 
f 1761/1761/1761 1750/1750/1750 1755/1755/1755 
f 1761/1761/1761 1756/1756/1756 1750/1750/1750 
f 1762/1762/1762 1751/1751/1751 1756/1756/1756 
f 1762/1762/1762 1757/1757/1757 1751/1751/1751 
f 1763/1763/1763 1752/1752/1752 1757/1757/1757 
f 1763/1763/1763 1758/1758/1758 1752/1752/1752 
f 1764/1764/1764 1753/1753/1753 1758/1758/1758 
f 1764/1764/1764 1759/1759/1759 1753/1753/1753 
f 1759/1759/1759 1765/1765/1765 1760/1760/1760 
f 1765/1765/1765 1766/1766/1766 1760/1760/1760 
f 1767/1767/1767 1756/1756/1756 1761/1761/1761 
f 1767/1767/1767 1762/1762/1762 1756/1756/1756 
f 1768/1768/1768 1757/1757/1757 1762/1762/1762 
f 1768/1768/1768 1763/1763/1763 1757/1757/1757 
f 1769/1769/1769 1758/1758/1758 1763/1763/1763 
f 1769/1769/1769 1764/1764/1764 1758/1758/1758 
f 1770/1770/1770 1759/1759/1759 1764/1764/1764 
f 1770/1770/1770 1765/1765/1765 1759/1759/1759 
f 1765/1765/1765 1771/1771/1771 1766/1766/1766 
f 1771/1771/1771 1772/1772/1772 1766/1766/1766 
f 1773/1773/1773 1762/1762/1762 1767/1767/1767 
f 1773/1773/1773 1768/1768/1768 1762/1762/1762 
f 1774/1774/1774 1763/1763/1763 1768/1768/1768 
f 1774/1774/1774 1769/1769/1769 1763/1763/1763 
f 1775/1775/1775 1764/1764/1764 1769/1769/1769 
f 1775/1775/1775 1770/1770/1770 1764/1764/1764 
f 1776/1776/1776 1765/1765/1765 1770/1770/1770 
f 1776/1776/1776 1771/1771/1771 1765/1765/1765 
f 1771/1771/1771 1777/1777/1777 1772/1772/1772 
f 1777/1777/1777 1778/1778/1778 1772/1772/1772 
f 1779/1779/1779 1768/1768/1768 1773/1773/1773 
f 1779/1779/1779 1774/1774/1774 1768/1768/1768 
f 1780/1780/1780 1769/1769/1769 1774/1774/1774 
f 1780/1780/1780 1775/1775/1775 1769/1769/1769 
f 1781/1781/1781 1770/1770/1770 1775/1775/1775 
f 1781/1781/1781 1776/1776/1776 1770/1770/1770 
f 1782/1782/1782 1771/1771/1771 1776/1776/1776 
f 1782/1782/1782 1777/1777/1777 1771/1771/1771 
f 1777/1777/1777 1783/1783/1783 1778/1778/1778 
f 1783/1783/1783 1784/1784/1784 1778/1778/1778 
f 1785/1785/1785 1774/1774/1774 1779/1779/1779 
f 1785/1785/1785 1780/1780/1780 1774/1774/1774 
f 1786/1786/1786 1775/1775/1775 1780/1780/1780 
f 1786/1786/1786 1781/1781/1781 1775/1775/1775 
f 1787/1787/1787 1776/1776/1776 1781/1781/1781 
f 1787/1787/1787 1782/1782/1782 1776/1776/1776 
f 1788/1788/1788 1777/1777/1777 1782/1782/1782 
f 1788/1788/1788 1783/1783/1783 1777/1777/1777 
f 1783/1783/1783 1789/1789/1789 1784/1784/1784 
f 1789/1789/1789 1790/1790/1790 1784/1784/1784 
f 1791/1791/1791 1780/1780/1780 1785/1785/1785 
f 1791/1791/1791 1786/1786/1786 1780/1780/1780 
f 1792/1792/1792 1781/1781/1781 1786/1786/1786 
f 1792/1792/1792 1787/1787/1787 1781/1781/1781 
f 1793/1793/1793 1782/1782/1782 1787/1787/1787 
f 1793/1793/1793 1788/1788/1788 1782/1782/1782 
f 1794/1794/1794 1783/1783/1783 1788/1788/1788 
f 1794/1794/1794 1789/1789/1789 1783/1783/1783 
f 1789/1789/1789 1795/1795/1795 1790/1790/1790 
f 1795/1795/1795 1796/1796/1796 1790/1790/1790 
f 1797/1797/1797 1786/1786/1786 1791/1791/1791 
f 1797/1797/1797 1792/1792/1792 1786/1786/1786 
f 1798/1798/1798 1787/1787/1787 1792/1792/1792 
f 1798/1798/1798 1793/1793/1793 1787/1787/1787 
f 1799/1799/1799 1788/1788/1788 1793/1793/1793 
f 1799/1799/1799 1794/1794/1794 1788/1788/1788 
f 1800/1800/1800 1789/1789/1789 1794/1794/1794 
f 1800/1800/1800 1795/1795/1795 1789/1789/1789 
f 1795/1795/1795 1801/1801/1801 1796/1796/1796 
f 1801/1801/1801 1802/1802/1802 1796/1796/1796 
f 1803/1803/1803 1792/1792/1792 1797/1797/1797 
f 1803/1803/1803 1798/1798/1798 1792/1792/1792 
f 1804/1804/1804 1793/1793/1793 1798/1798/1798 
f 1804/1804/1804 1799/1799/1799 1793/1793/1793 
f 1805/1805/1805 1794/1794/1794 1799/1799/1799 
f 1805/1805/1805 1800/1800/1800 1794/1794/1794 
f 1806/1806/1806 1795/1795/1795 1800/1800/1800 
f 1806/1806/1806 1801/1801/1801 1795/1795/1795 
f 1801/1801/1801 1807/1807/1807 1802/1802/1802 
f 1807/1807/1807 1808/1808/1808 1802/1802/1802 
f 1809/1809/1809 1798/1798/1798 1803/1803/1803 
f 1809/1809/1809 1804/1804/1804 1798/1798/1798 
f 1810/1810/1810 1799/1799/1799 1804/1804/1804 
f 1810/1810/1810 1805/1805/1805 1799/1799/1799 
f 1811/1811/1811 1800/1800/1800 1805/1805/1805 
f 1811/1811/1811 1806/1806/1806 1800/1800/1800 
f 1812/1812/1812 1801/1801/1801 1806/1806/1806 
f 1812/1812/1812 1807/1807/1807 1801/1801/1801 
f 1807/1807/1807 1813/1813/1813 1808/1808/1808 
f 1813/1813/1813 1814/1814/1814 1808/1808/1808 
f 1815/1815/1815 1804/1804/1804 1809/1809/1809 
f 1815/1815/1815 1810/1810/1810 1804/1804/1804 
f 1816/1816/1816 1805/1805/1805 1810/1810/1810 
f 1816/1816/1816 1811/1811/1811 1805/1805/1805 
f 1817/1817/1817 1806/1806/1806 1811/1811/1811 
f 1817/1817/1817 1812/1812/1812 1806/1806/1806 
f 1818/1818/1818 1807/1807/1807 1812/1812/1812 
f 1818/1818/1818 1813/1813/1813 1807/1807/1807 
f 1813/1813/1813 1819/1819/1819 1814/1814/1814 
f 1819/1819/1819 1820/1820/1820 1814/1814/1814 
f 1819/1819/1819 1821/1821/1821 1820/1820/1820 
f 1822/1822/1822 1821/1821/1821 1819/1819/1819 
f 1823/1823/1823 1819/1819/1819 1813/1813/1813 
f 1822/1822/1822 1819/1819/1819 1823/1823/1823 
f 1823/1823/1823 1813/1813/1813 1818/1818/1818 
f 1824/1824/1824 1822/1822/1822 1823/1823/1823 
f 1824/1824/1824 1823/1823/1823 1825/1825/1825 
f 1825/1825/1825 1823/1823/1823 1818/1818/1818 
f 1826/1826/1826 1824/1824/1824 1825/1825/1825 
f 1827/1827/1827 1818/1818/1818 1812/1812/1812 
f 1825/1825/1825 1818/1818/1818 1827/1827/1827 
f 1827/1827/1827 1812/1812/1812 1817/1817/1817 
f 1826/1826/1826 1825/1825/1825 1828/1828/1828 
f 1828/1828/1828 1825/1825/1825 1827/1827/1827 
f 1829/1829/1829 1826/1826/1826 1828/1828/1828 
f 1830/1830/1830 1827/1827/1827 1817/1817/1817 
f 1828/1828/1828 1827/1827/1827 1830/1830/1830 
f 1829/1829/1829 1828/1828/1828 1831/1831/1831 
f 1831/1831/1831 1828/1828/1828 1830/1830/1830 
f 1832/1832/1832 1829/1829/1829 1831/1831/1831 
f 1830/1830/1830 1817/1817/1817 1833/1833/1833 
f 1833/1833/1833 1817/1817/1817 1811/1811/1811 
f 1833/1833/1833 1811/1811/1811 1816/1816/1816 
f 1832/1832/1832 1831/1831/1831 1834/1834/1834 
f 1835/1835/1835 1832/1832/1832 1834/1834/1834 
f 1831/1831/1831 1830/1830/1830 1836/1836/1836 
f 1836/1836/1836 1830/1830/1830 1833/1833/1833 
f 1834/1834/1834 1831/1831/1831 1836/1836/1836 
f 1837/1837/1837 1833/1833/1833 1816/1816/1816 
f 1836/1836/1836 1833/1833/1833 1837/1837/1837 
f 1835/1835/1835 1834/1834/1834 1838/1838/1838 
f 1839/1839/1839 1835/1835/1835 1838/1838/1838 
f 1834/1834/1834 1836/1836/1836 1840/1840/1840 
f 1840/1840/1840 1836/1836/1836 1837/1837/1837 
f 1838/1838/1838 1834/1834/1834 1840/1840/1840 
f 1837/1837/1837 1816/1816/1816 1841/1841/1841 
f 1841/1841/1841 1816/1816/1816 1810/1810/1810 
f 1841/1841/1841 1810/1810/1810 1815/1815/1815 
f 1839/1839/1839 1838/1838/1838 1842/1842/1842 
f 1843/1843/1843 1839/1839/1839 1842/1842/1842 
f 1838/1838/1838 1840/1840/1840 1844/1844/1844 
f 1842/1842/1842 1838/1838/1838 1844/1844/1844 
f 1840/1840/1840 1837/1837/1837 1845/1845/1845 
f 1845/1845/1845 1837/1837/1837 1841/1841/1841 
f 1844/1844/1844 1840/1840/1840 1845/1845/1845 
f 1846/1846/1846 1841/1841/1841 1815/1815/1815 
f 1845/1845/1845 1841/1841/1841 1846/1846/1846 
f 1843/1843/1843 1842/1842/1842 1847/1847/1847 
f 1848/1848/1848 1843/1843/1843 1847/1847/1847 
f 1842/1842/1842 1844/1844/1844 1849/1849/1849 
f 1847/1847/1847 1842/1842/1842 1849/1849/1849 
f 1844/1844/1844 1845/1845/1845 1850/1850/1850 
f 1850/1850/1850 1845/1845/1845 1846/1846/1846 
f 1849/1849/1849 1844/1844/1844 1850/1850/1850 
f 1846/1846/1846 1815/1815/1815 1851/1851/1851 
f 1851/1851/1851 1815/1815/1815 1809/1809/1809 
f 1848/1848/1848 1847/1847/1847 1852/1852/1852 
f 1853/1853/1853 1848/1848/1848 1852/1852/1852 
f 1847/1847/1847 1849/1849/1849 1854/1854/1854 
f 1852/1852/1852 1847/1847/1847 1854/1854/1854 
f 1849/1849/1849 1850/1850/1850 1855/1855/1855 
f 1854/1854/1854 1849/1849/1849 1855/1855/1855 
f 1850/1850/1850 1846/1846/1846 1856/1856/1856 
f 1856/1856/1856 1846/1846/1846 1851/1851/1851 
f 1855/1855/1855 1850/1850/1850 1856/1856/1856 
f 1851/1851/1851 1809/1809/1809 1857/1857/1857 
f 1857/1857/1857 1809/1809/1809 1803/1803/1803 
f 1853/1853/1853 1852/1852/1852 1858/1858/1858 
f 1859/1859/1859 1853/1853/1853 1858/1858/1858 
f 1852/1852/1852 1854/1854/1854 1860/1860/1860 
f 1858/1858/1858 1852/1852/1852 1860/1860/1860 
f 1854/1854/1854 1855/1855/1855 1861/1861/1861 
f 1860/1860/1860 1854/1854/1854 1861/1861/1861 
f 1855/1855/1855 1856/1856/1856 1862/1862/1862 
f 1861/1861/1861 1855/1855/1855 1862/1862/1862 
f 1856/1856/1856 1851/1851/1851 1863/1863/1863 
f 1863/1863/1863 1851/1851/1851 1857/1857/1857 
f 1862/1862/1862 1856/1856/1856 1863/1863/1863 
f 1857/1857/1857 1803/1803/1803 1864/1864/1864 
f 1864/1864/1864 1803/1803/1803 1797/1797/1797 
f 1858/1858/1858 1860/1860/1860 1865/1865/1865 
f 1859/1859/1859 1858/1858/1858 1865/1865/1865 
f 1860/1860/1860 1861/1861/1861 1866/1866/1866 
f 1865/1865/1865 1860/1860/1860 1866/1866/1866 
f 1861/1861/1861 1862/1862/1862 1867/1867/1867 
f 1866/1866/1866 1861/1861/1861 1867/1867/1867 
f 1862/1862/1862 1863/1863/1863 1868/1868/1868 
f 1867/1867/1867 1862/1862/1862 1868/1868/1868 
f 1863/1863/1863 1857/1857/1857 1869/1869/1869 
f 1869/1869/1869 1857/1857/1857 1864/1864/1864 
f 1868/1868/1868 1863/1863/1863 1869/1869/1869 
f 1864/1864/1864 1797/1797/1797 1870/1870/1870 
f 1870/1870/1870 1797/1797/1797 1791/1791/1791 
f 1865/1865/1865 1866/1866/1866 1871/1871/1871 
f 1859/1859/1859 1865/1865/1865 1871/1871/1871 
f 1866/1866/1866 1867/1867/1867 1872/1872/1872 
f 1871/1871/1871 1866/1866/1866 1872/1872/1872 
f 1867/1867/1867 1868/1868/1868 1873/1873/1873 
f 1872/1872/1872 1867/1867/1867 1873/1873/1873 
f 1868/1868/1868 1869/1869/1869 1874/1874/1874 
f 1873/1873/1873 1868/1868/1868 1874/1874/1874 
f 1869/1869/1869 1864/1864/1864 1875/1875/1875 
f 1875/1875/1875 1864/1864/1864 1870/1870/1870 
f 1874/1874/1874 1869/1869/1869 1875/1875/1875 
f 1870/1870/1870 1791/1791/1791 1876/1876/1876 
f 1876/1876/1876 1791/1791/1791 1785/1785/1785 
f 1871/1871/1871 1872/1872/1872 1877/1877/1877 
f 1859/1859/1859 1871/1871/1871 1877/1877/1877 
f 1872/1872/1872 1873/1873/1873 1878/1878/1878 
f 1877/1877/1877 1872/1872/1872 1878/1878/1878 
f 1873/1873/1873 1874/1874/1874 1879/1879/1879 
f 1878/1878/1878 1873/1873/1873 1879/1879/1879 
f 1874/1874/1874 1875/1875/1875 1880/1880/1880 
f 1879/1879/1879 1874/1874/1874 1880/1880/1880 
f 1875/1875/1875 1870/1870/1870 1881/1881/1881 
f 1881/1881/1881 1870/1870/1870 1876/1876/1876 
f 1880/1880/1880 1875/1875/1875 1881/1881/1881 
f 1876/1876/1876 1785/1785/1785 1882/1882/1882 
f 1882/1882/1882 1785/1785/1785 1779/1779/1779 
f 1877/1877/1877 1878/1878/1878 1883/1883/1883 
f 1859/1859/1859 1877/1877/1877 1883/1883/1883 
f 1878/1878/1878 1879/1879/1879 1884/1884/1884 
f 1883/1883/1883 1878/1878/1878 1884/1884/1884 
f 1879/1879/1879 1880/1880/1880 1885/1885/1885 
f 1884/1884/1884 1879/1879/1879 1885/1885/1885 
f 1880/1880/1880 1881/1881/1881 1886/1886/1886 
f 1885/1885/1885 1880/1880/1880 1886/1886/1886 
f 1881/1881/1881 1876/1876/1876 1887/1887/1887 
f 1887/1887/1887 1876/1876/1876 1882/1882/1882 
f 1886/1886/1886 1881/1881/1881 1887/1887/1887 
f 1882/1882/1882 1779/1779/1779 1888/1888/1888 
f 1888/1888/1888 1779/1779/1779 1773/1773/1773 
f 1859/1859/1859 1883/1883/1883 1889/1889/1889 
f 1883/1883/1883 1884/1884/1884 1889/1889/1889 
f 1884/1884/1884 1885/1885/1885 1890/1890/1890 
f 1889/1889/1889 1884/1884/1884 1890/1890/1890 
f 1859/1859/1859 1889/1889/1889 1891/1891/1891 
f 1889/1889/1889 1890/1890/1890 1891/1891/1891 
f 1859/1859/1859 1891/1891/1891 1892/1892/1892 
f 1859/1859/1859 1892/1892/1892 1893/1893/1893 
f 1885/1885/1885 1886/1886/1886 1894/1894/1894 
f 1890/1890/1890 1885/1885/1885 1894/1894/1894 
f 1891/1891/1891 1890/1890/1890 1895/1895/1895 
f 1891/1891/1891 1895/1895/1895 1892/1892/1892 
f 1890/1890/1890 1894/1894/1894 1895/1895/1895 
f 1894/1894/1894 1886/1886/1886 1896/1896/1896 
f 1886/1886/1886 1887/1887/1887 1896/1896/1896 
f 1892/1892/1892 1895/1895/1895 1897/1897/1897 
f 1892/1892/1892 1897/1897/1897 1893/1893/1893 
f 1895/1895/1895 1894/1894/1894 1898/1898/1898 
f 1894/1894/1894 1896/1896/1896 1898/1898/1898 
f 1895/1895/1895 1898/1898/1898 1897/1897/1897 
f 1896/1896/1896 1887/1887/1887 1899/1899/1899 
f 1887/1887/1887 1882/1882/1882 1899/1899/1899 
f 1899/1899/1899 1882/1882/1882 1888/1888/1888 
f 1898/1898/1898 1896/1896/1896 1900/1900/1900 
f 1896/1896/1896 1899/1899/1899 1900/1900/1900 
f 1897/1897/1897 1898/1898/1898 1901/1901/1901 
f 1898/1898/1898 1900/1900/1900 1901/1901/1901 
f 1893/1893/1893 1897/1897/1897 1902/1902/1902 
f 1897/1897/1897 1901/1901/1901 1902/1902/1902 
f 1899/1899/1899 1888/1888/1888 1903/1903/1903 
f 1900/1900/1900 1899/1899/1899 1903/1903/1903 
f 1901/1901/1901 1900/1900/1900 1904/1904/1904 
f 1900/1900/1900 1903/1903/1903 1904/1904/1904 
f 1903/1903/1903 1888/1888/1888 1905/1905/1905 
f 1888/1888/1888 1773/1773/1773 1905/1905/1905 
f 1905/1905/1905 1773/1773/1773 1767/1767/1767 
f 1903/1903/1903 1905/1905/1905 1906/1906/1906 
f 1904/1904/1904 1903/1903/1903 1906/1906/1906 
f 1905/1905/1905 1767/1767/1767 1907/1907/1907 
f 1906/1906/1906 1905/1905/1905 1907/1907/1907 
f 1907/1907/1907 1767/1767/1767 1761/1761/1761 
f 1901/1901/1901 1904/1904/1904 1908/1908/1908 
f 1902/1902/1902 1901/1901/1901 1908/1908/1908 
f 1893/1893/1893 1902/1902/1902 1909/1909/1909 
f 1859/1859/1859 1893/1893/1893 1909/1909/1909 
f 1904/1904/1904 1906/1906/1906 1910/1910/1910 
f 1908/1908/1908 1904/1904/1904 1910/1910/1910 
f 1906/1906/1906 1907/1907/1907 1911/1911/1911 
f 1910/1910/1910 1906/1906/1906 1911/1911/1911 
f 1907/1907/1907 1761/1761/1761 1912/1912/1912 
f 1911/1911/1911 1907/1907/1907 1912/1912/1912 
f 1912/1912/1912 1761/1761/1761 1755/1755/1755 
f 1902/1902/1902 1908/1908/1908 1913/1913/1913 
f 1909/1909/1909 1902/1902/1902 1913/1913/1913 
f 1908/1908/1908 1910/1910/1910 1914/1914/1914 
f 1913/1913/1913 1908/1908/1908 1914/1914/1914 
f 1910/1910/1910 1911/1911/1911 1915/1915/1915 
f 1914/1914/1914 1910/1910/1910 1915/1915/1915 
f 1911/1911/1911 1912/1912/1912 1916/1916/1916 
f 1915/1915/1915 1911/1911/1911 1916/1916/1916 
f 1912/1912/1912 1755/1755/1755 1917/1917/1917 
f 1916/1916/1916 1912/1912/1912 1917/1917/1917 
f 1917/1917/1917 1755/1755/1755 1749/1749/1749 
f 1909/1909/1909 1913/1913/1913 1918/1918/1918 
f 1859/1859/1859 1909/1909/1909 1918/1918/1918 
f 1913/1913/1913 1914/1914/1914 1919/1919/1919 
f 1918/1918/1918 1913/1913/1913 1919/1919/1919 
f 1914/1914/1914 1915/1915/1915 1920/1920/1920 
f 1919/1919/1919 1914/1914/1914 1920/1920/1920 
f 1915/1915/1915 1916/1916/1916 1921/1921/1921 
f 1920/1920/1920 1915/1915/1915 1921/1921/1921 
f 1916/1916/1916 1917/1917/1917 1922/1922/1922 
f 1921/1921/1921 1916/1916/1916 1922/1922/1922 
f 1917/1917/1917 1749/1749/1749 1923/1923/1923 
f 1922/1922/1922 1917/1917/1917 1923/1923/1923 
f 1923/1923/1923 1749/1749/1749 1743/1743/1743 
f 1918/1918/1918 1919/1919/1919 1924/1924/1924 
f 1859/1859/1859 1918/1918/1918 1924/1924/1924 
f 1919/1919/1919 1920/1920/1920 1925/1925/1925 
f 1924/1924/1924 1919/1919/1919 1925/1925/1925 
f 1920/1920/1920 1921/1921/1921 1926/1926/1926 
f 1925/1925/1925 1920/1920/1920 1926/1926/1926 
f 1921/1921/1921 1922/1922/1922 1927/1927/1927 
f 1926/1926/1926 1921/1921/1921 1927/1927/1927 
f 1922/1922/1922 1923/1923/1923 1928/1928/1928 
f 1927/1927/1927 1922/1922/1922 1928/1928/1928 
f 1923/1923/1923 1743/1743/1743 1929/1929/1929 
f 1928/1928/1928 1923/1923/1923 1929/1929/1929 
f 1929/1929/1929 1743/1743/1743 1738/1738/1738 
f 1924/1924/1924 1925/1925/1925 1930/1930/1930 
f 1859/1859/1859 1924/1924/1924 1930/1930/1930 
f 1925/1925/1925 1926/1926/1926 1931/1931/1931 
f 1930/1930/1930 1925/1925/1925 1931/1931/1931 
f 1926/1926/1926 1927/1927/1927 1932/1932/1932 
f 1931/1931/1931 1926/1926/1926 1932/1932/1932 
f 1927/1927/1927 1928/1928/1928 1933/1933/1933 
f 1932/1932/1932 1927/1927/1927 1933/1933/1933 
f 1929/1929/1929 1738/1738/1738 1934/1934/1934 
f 1934/1934/1934 1738/1738/1738 1733/1733/1733 
f 1928/1928/1928 1929/1929/1929 1935/1935/1935 
f 1933/1933/1933 1928/1928/1928 1935/1935/1935 
f 1935/1935/1935 1929/1929/1929 1934/1934/1934 
f 1859/1859/1859 1930/1930/1930 1936/1936/1936 
f 1930/1930/1930 1931/1931/1931 1936/1936/1936 
f 1931/1931/1931 1932/1932/1932 1937/1937/1937 
f 1936/1936/1936 1931/1931/1931 1937/1937/1937 
f 1859/1859/1859 1936/1936/1936 1938/1938/1938 
f 1936/1936/1936 1937/1937/1937 1938/1938/1938 
f 1859/1859/1859 1938/1938/1938 1939/1939/1939 
f 1859/1859/1859 1939/1939/1939 1940/1940/1940 
f 1934/1934/1934 1733/1733/1733 1941/1941/1941 
f 1941/1941/1941 1733/1733/1733 1728/1728/1728 
f 1935/1935/1935 1934/1934/1934 1942/1942/1942 
f 1942/1942/1942 1934/1934/1934 1941/1941/1941 
f 1937/1937/1937 1932/1932/1932 1943/1943/1943 
f 1932/1932/1932 1933/1933/1933 1943/1943/1943 
f 1938/1938/1938 1937/1937/1937 1944/1944/1944 
f 1938/1938/1938 1944/1944/1944 1939/1939/1939 
f 1937/1937/1937 1943/1943/1943 1944/1944/1944 
f 1933/1933/1933 1935/1935/1935 1945/1945/1945 
f 1943/1943/1943 1933/1933/1933 1945/1945/1945 
f 1945/1945/1945 1935/1935/1935 1942/1942/1942 
f 1941/1941/1941 1728/1728/1728 1946/1946/1946 
f 1946/1946/1946 1728/1728/1728 1722/1722/1722 
f 1939/1939/1939 1944/1944/1944 1947/1947/1947 
f 1939/1939/1939 1947/1947/1947 1940/1940/1940 
f 1944/1944/1944 1943/1943/1943 1948/1948/1948 
f 1943/1943/1943 1945/1945/1945 1948/1948/1948 
f 1944/1944/1944 1948/1948/1948 1947/1947/1947 
f 1945/1945/1945 1942/1942/1942 1949/1949/1949 
f 1948/1948/1948 1945/1945/1945 1949/1949/1949 
f 1942/1942/1942 1941/1941/1941 1950/1950/1950 
f 1950/1950/1950 1941/1941/1941 1946/1946/1946 
f 1949/1949/1949 1942/1942/1942 1950/1950/1950 
f 1946/1946/1946 1722/1722/1722 1951/1951/1951 
f 1951/1951/1951 1722/1722/1722 1716/1716/1716 
f 1947/1947/1947 1948/1948/1948 1952/1952/1952 
f 1948/1948/1948 1949/1949/1949 1952/1952/1952 
f 1940/1940/1940 1947/1947/1947 1953/1953/1953 
f 1947/1947/1947 1952/1952/1952 1953/1953/1953 
f 1949/1949/1949 1950/1950/1950 1954/1954/1954 
f 1952/1952/1952 1949/1949/1949 1954/1954/1954 
f 1950/1950/1950 1946/1946/1946 1955/1955/1955 
f 1955/1955/1955 1946/1946/1946 1951/1951/1951 
f 1954/1954/1954 1950/1950/1950 1955/1955/1955 
f 1951/1951/1951 1716/1716/1716 1956/1956/1956 
f 1956/1956/1956 1716/1716/1716 1710/1710/1710 
f 1952/1952/1952 1954/1954/1954 1957/1957/1957 
f 1953/1953/1953 1952/1952/1952 1957/1957/1957 
f 1940/1940/1940 1953/1953/1953 1958/1958/1958 
f 1859/1859/1859 1940/1940/1940 1958/1958/1958 
f 1954/1954/1954 1955/1955/1955 1959/1959/1959 
f 1957/1957/1957 1954/1954/1954 1959/1959/1959 
f 1955/1955/1955 1951/1951/1951 1960/1960/1960 
f 1960/1960/1960 1951/1951/1951 1956/1956/1956 
f 1959/1959/1959 1955/1955/1955 1960/1960/1960 
f 1956/1956/1956 1710/1710/1710 1961/1961/1961 
f 1961/1961/1961 1710/1710/1710 1704/1704/1704 
f 1953/1953/1953 1957/1957/1957 1962/1962/1962 
f 1958/1958/1958 1953/1953/1953 1962/1962/1962 
f 1957/1957/1957 1959/1959/1959 1963/1963/1963 
f 1962/1962/1962 1957/1957/1957 1963/1963/1963 
f 1959/1959/1959 1960/1960/1960 1964/1964/1964 
f 1963/1963/1963 1959/1959/1959 1964/1964/1964 
f 1960/1960/1960 1956/1956/1956 1965/1965/1965 
f 1965/1965/1965 1956/1956/1956 1961/1961/1961 
f 1964/1964/1964 1960/1960/1960 1965/1965/1965 
f 1961/1961/1961 1704/1704/1704 1966/1966/1966 
f 1966/1966/1966 1704/1704/1704 1698/1698/1698 
f 1958/1958/1958 1962/1962/1962 1967/1967/1967 
f 1859/1859/1859 1958/1958/1958 1967/1967/1967 
f 1962/1962/1962 1963/1963/1963 1968/1968/1968 
f 1967/1967/1967 1962/1962/1962 1968/1968/1968 
f 1963/1963/1963 1964/1964/1964 1969/1969/1969 
f 1968/1968/1968 1963/1963/1963 1969/1969/1969 
f 1964/1964/1964 1965/1965/1965 1970/1970/1970 
f 1969/1969/1969 1964/1964/1964 1970/1970/1970 
f 1965/1965/1965 1961/1961/1961 1971/1971/1971 
f 1971/1971/1971 1961/1961/1961 1966/1966/1966 
f 1970/1970/1970 1965/1965/1965 1971/1971/1971 
f 1966/1966/1966 1698/1698/1698 1972/1972/1972 
f 1972/1972/1972 1698/1698/1698 1692/1692/1692 
f 1967/1967/1967 1968/1968/1968 1973/1973/1973 
f 1859/1859/1859 1967/1967/1967 1973/1973/1973 
f 1968/1968/1968 1969/1969/1969 1974/1974/1974 
f 1973/1973/1973 1968/1968/1968 1974/1974/1974 
f 1969/1969/1969 1970/1970/1970 1975/1975/1975 
f 1974/1974/1974 1969/1969/1969 1975/1975/1975 
f 1970/1970/1970 1971/1971/1971 1976/1976/1976 
f 1975/1975/1975 1970/1970/1970 1976/1976/1976 
f 1971/1971/1971 1966/1966/1966 1977/1977/1977 
f 1977/1977/1977 1966/1966/1966 1972/1972/1972 
f 1976/1976/1976 1971/1971/1971 1977/1977/1977 
f 1972/1972/1972 1692/1692/1692 1978/1978/1978 
f 1978/1978/1978 1692/1692/1692 1686/1686/1686 
f 1973/1973/1973 1974/1974/1974 1979/1979/1979 
f 1859/1859/1859 1973/1973/1973 1979/1979/1979 
f 1974/1974/1974 1975/1975/1975 1980/1980/1980 
f 1979/1979/1979 1974/1974/1974 1980/1980/1980 
f 1975/1975/1975 1976/1976/1976 1981/1981/1981 
f 1980/1980/1980 1975/1975/1975 1981/1981/1981 
f 1976/1976/1976 1977/1977/1977 1982/1982/1982 
f 1981/1981/1981 1976/1976/1976 1982/1982/1982 
f 1977/1977/1977 1972/1972/1972 1983/1983/1983 
f 1983/1983/1983 1972/1972/1972 1978/1978/1978 
f 1982/1982/1982 1977/1977/1977 1983/1983/1983 
f 1978/1978/1978 1686/1686/1686 1984/1984/1984 
f 1984/1984/1984 1686/1686/1686 1680/1680/1680 
f 1859/1859/1859 1979/1979/1979 1985/1985/1985 
f 1979/1979/1979 1980/1980/1980 1985/1985/1985 
f 1980/1980/1980 1981/1981/1981 1986/1986/1986 
f 1985/1985/1985 1980/1980/1980 1986/1986/1986 
f 1859/1859/1859 1985/1985/1985 1987/1987/1987 
f 1985/1985/1985 1986/1986/1986 1987/1987/1987 
f 1859/1859/1859 1987/1987/1987 1988/1988/1988 
f 1859/1859/1859 1988/1988/1988 1989/1989/1989 
f 1981/1981/1981 1982/1982/1982 1990/1990/1990 
f 1986/1986/1986 1981/1981/1981 1990/1990/1990 
f 1987/1987/1987 1986/1986/1986 1991/1991/1991 
f 1987/1987/1987 1991/1991/1991 1988/1988/1988 
f 1986/1986/1986 1990/1990/1990 1991/1991/1991 
f 1990/1990/1990 1982/1982/1982 1992/1992/1992 
f 1982/1982/1982 1983/1983/1983 1992/1992/1992 
f 1988/1988/1988 1991/1991/1991 1993/1993/1993 
f 1988/1988/1988 1993/1993/1993 1989/1989/1989 
f 1991/1991/1991 1990/1990/1990 1994/1994/1994 
f 1990/1990/1990 1992/1992/1992 1994/1994/1994 
f 1991/1991/1991 1994/1994/1994 1993/1993/1993 
f 1992/1992/1992 1983/1983/1983 1995/1995/1995 
f 1983/1983/1983 1978/1978/1978 1995/1995/1995 
f 1995/1995/1995 1978/1978/1978 1984/1984/1984 
f 1994/1994/1994 1992/1992/1992 1996/1996/1996 
f 1992/1992/1992 1995/1995/1995 1996/1996/1996 
f 1993/1993/1993 1994/1994/1994 1997/1997/1997 
f 1994/1994/1994 1996/1996/1996 1997/1997/1997 
f 1989/1989/1989 1993/1993/1993 1998/1998/1998 
f 1993/1993/1993 1997/1997/1997 1998/1998/1998 
f 1995/1995/1995 1984/1984/1984 1999/1999/1999 
f 1996/1996/1996 1995/1995/1995 1999/1999/1999 
f 1997/1997/1997 1996/1996/1996 2000/2000/2000 
f 1996/1996/1996 1999/1999/1999 2000/2000/2000 
f 1999/1999/1999 1984/1984/1984 2001/2001/2001 
f 1984/1984/1984 1680/1680/1680 2001/2001/2001 
f 2001/2001/2001 1680/1680/1680 1674/1674/1674 
f 1999/1999/1999 2001/2001/2001 2002/2002/2002 
f 2000/2000/2000 1999/1999/1999 2002/2002/2002 
f 2001/2001/2001 1674/1674/1674 2003/2003/2003 
f 2002/2002/2002 2001/2001/2001 2003/2003/2003 
f 2003/2003/2003 1674/1674/1674 1668/1668/1668 
f 1997/1997/1997 2000/2000/2000 2004/2004/2004 
f 1998/1998/1998 1997/1997/1997 2004/2004/2004 
f 1989/1989/1989 1998/1998/1998 2005/2005/2005 
f 1859/1859/1859 1989/1989/1989 2005/2005/2005 
f 2000/2000/2000 2002/2002/2002 2006/2006/2006 
f 2004/2004/2004 2000/2000/2000 2006/2006/2006 
f 2002/2002/2002 2003/2003/2003 2007/2007/2007 
f 2006/2006/2006 2002/2002/2002 2007/2007/2007 
f 2003/2003/2003 1668/1668/1668 2008/2008/2008 
f 2007/2007/2007 2003/2003/2003 2008/2008/2008 
f 2008/2008/2008 1668/1668/1668 1661/1661/1661 
f 1998/1998/1998 2004/2004/2004 2009/2009/2009 
f 2005/2005/2005 1998/1998/1998 2009/2009/2009 
f 2004/2004/2004 2006/2006/2006 2010/2010/2010 
f 2009/2009/2009 2004/2004/2004 2010/2010/2010 
f 2006/2006/2006 2007/2007/2007 2011/2011/2011 
f 2010/2010/2010 2006/2006/2006 2011/2011/2011 
f 2007/2007/2007 2008/2008/2008 2012/2012/2012 
f 2011/2011/2011 2007/2007/2007 2012/2012/2012 
f 2008/2008/2008 1661/1661/1661 2013/2013/2013 
f 2012/2012/2012 2008/2008/2008 2013/2013/2013 
f 2013/2013/2013 1661/1661/1661 1662/1662/1662 
f 2013/2013/2013 1662/1662/1662 2014/2014/2014 
f 2015/2015/2015 2013/2013/2013 2014/2014/2014 
f 2012/2012/2012 2013/2013/2013 2015/2015/2015 
f 2015/2015/2015 2014/2014/2014 2016/2016/2016 
f 2005/2005/2005 2009/2009/2009 2017/2017/2017 
f 1859/1859/1859 2005/2005/2005 2017/2017/2017 
f 2009/2009/2009 2010/2010/2010 2018/2018/2018 
f 2017/2017/2017 2009/2009/2009 2018/2018/2018 
f 2010/2010/2010 2011/2011/2011 2019/2019/2019 
f 2018/2018/2018 2010/2010/2010 2019/2019/2019 
f 2011/2011/2011 2012/2012/2012 2020/2020/2020 
f 2020/2020/2020 2012/2012/2012 2015/2015/2015 
f 2019/2019/2019 2011/2011/2011 2020/2020/2020 
f 2021/2021/2021 2015/2015/2015 2016/2016/2016 
f 2020/2020/2020 2015/2015/2015 2021/2021/2021 
f 2021/2021/2021 2016/2016/2016 2022/2022/2022 
f 2017/2017/2017 2018/2018/2018 2023/2023/2023 
f 1859/1859/1859 2017/2017/2017 2023/2023/2023 
f 2018/2018/2018 2019/2019/2019 2024/2024/2024 
f 2023/2023/2023 2018/2018/2018 2024/2024/2024 
f 2019/2019/2019 2020/2020/2020 2025/2025/2025 
f 2025/2025/2025 2020/2020/2020 2021/2021/2021 
f 2024/2024/2024 2019/2019/2019 2025/2025/2025 
f 2026/2026/2026 2021/2021/2021 2022/2022/2022 
f 2025/2025/2025 2021/2021/2021 2026/2026/2026 
f 2026/2026/2026 2022/2022/2022 2027/2027/2027 
f 2023/2023/2023 2024/2024/2024 2028/2028/2028 
f 1859/1859/1859 2023/2023/2023 2028/2028/2028 
f 2024/2024/2024 2025/2025/2025 2029/2029/2029 
f 2029/2029/2029 2025/2025/2025 2026/2026/2026 
f 2028/2028/2028 2024/2024/2024 2029/2029/2029 
f 2030/2030/2030 2026/2026/2026 2027/2027/2027 
f 2029/2029/2029 2026/2026/2026 2030/2030/2030 
f 2030/2030/2030 2027/2027/2027 2031/2031/2031 
f 2028/2028/2028 2029/2029/2029 2032/2032/2032 
f 1859/1859/1859 2028/2028/2028 2032/2032/2032 
f 2032/2032/2032 2029/2029/2029 2030/2030/2030 
f 2033/2033/2033 2030/2030/2030 2031/2031/2031 
f 2032/2032/2032 2030/2030/2030 2033/2033/2033 
f 1859/1859/1859 2032/2032/2032 2033/2033/2033 
f 2033/2033/2033 2031/2031/2031 2034/2034/2034 
f 1859/1859/1859 2033/2033/2033 2034/2034/2034 
