# exported by StudySceneExporter from mesh 'Kitchen_Cupboard'
mtllib materials.mtl
v 0.475311 -1.43117 0.4033626
v 0.4759549 -1.434922 0.4064711
v 0.4790628 -1.431813 0.4064711
v 0.475311 1.431171 0.4033626
v 0.4790628 1.431816 0.4064711
v 0.4759549 1.434923 0.4064711
v 0.4790628 -1.431813 0.4593094
v 0.4759549 -1.434922 0.4593094
v 0.475311 -1.431169 0.4624178
v 0.4759543 1.434923 0.4593094
v 0.4790628 1.431816 0.4593094
v 0.475311 1.431171 0.4624178
v 0.4816037 -0.6907055 0.3955322
v 0.4816037 -0.005245361 0.3955322
v 0.4965622 -0.005245361 0.3955322
v 0.4965622 -0.6907055 0.3955322
v 0.4816037 -0.6922595 0.174186
v 0.4816037 -0.6922595 0.393978
v 0.4965622 -0.6922583 0.393978
v 0.4965616 -0.6922595 0.174186
v 0.4816037 -0.005245361 0.1726318
v 0.4816037 -0.6907055 0.1726323
v 0.4965616 -0.6907055 0.1726318
v 0.4965616 -0.005245361 0.1726318
v 0.4816037 -0.003691406 0.393978
v 0.4816037 -0.003691406 0.174186
v 0.4965616 -0.003691406 0.174186
v 0.4965622 -0.003691406 0.393978
v 0.4816037 -0.003691406 0.393978
v 0.4816037 -0.005245361 0.3955322
v 0.4800497 -0.007442627 0.393978
v 0.4800497 -0.005244141 0.3917801
v 0.4800497 -0.6885071 0.393978
v 0.4816037 -0.6907055 0.3955322
v 0.4816037 -0.6922595 0.393978
v 0.4800497 -0.6907055 0.3917801
v 0.4800491 -0.6907055 0.1763837
v 0.4816037 -0.6922595 0.174186
v 0.4816037 -0.6907055 0.1726323
v 0.4800491 -0.6885071 0.174186
v 0.4816037 -0.003691406 0.174186
v 0.4800491 -0.005245361 0.1763837
v 0.4800491 -0.007442627 0.174186
v 0.4816037 -0.005245361 0.1726318
v 0.4965622 -0.005245361 0.3955322
v 0.4816037 -0.005245361 0.3955322
v 0.4816037 -0.003691406 0.393978
v 0.4965622 -0.003691406 0.393978
v 0.4816037 -0.005245361 0.3955322
v 0.4816037 -0.6907055 0.3955322
v 0.4800497 -0.6885071 0.393978
v 0.4800497 -0.007442627 0.393978
v 0.4816037 -0.6907055 0.3955322
v 0.4965622 -0.6907055 0.3955322
v 0.4965622 -0.6922583 0.393978
v 0.4816037 -0.6922595 0.393978
v 0.4965622 -0.005245361 0.3955322
v 0.5041867 -0.01335327 0.3879079
v 0.5041885 -0.6825952 0.3879057
v 0.4965622 -0.6907055 0.3955322
v 0.4816037 -0.6922595 0.393978
v 0.4816037 -0.6922595 0.174186
v 0.4800491 -0.6907055 0.1763837
v 0.4800497 -0.6907055 0.3917801
v 0.4816037 -0.6922595 0.174186
v 0.4965616 -0.6922595 0.174186
v 0.4965616 -0.6907055 0.1726318
v 0.4816037 -0.6907055 0.1726323
v 0.4965622 -0.6922583 0.393978
v 0.5041867 -0.6846338 0.3858708
v 0.5041879 -0.6846325 0.1822956
v 0.4965616 -0.6922595 0.174186
v 0.4816037 -0.6907055 0.1726323
v 0.4816037 -0.005245361 0.1726318
v 0.4800491 -0.007442627 0.174186
v 0.4800491 -0.6885071 0.174186
v 0.4816037 -0.005245361 0.1726318
v 0.4965616 -0.005245361 0.1726318
v 0.4965616 -0.003691406 0.174186
v 0.4816037 -0.003691406 0.174186
v 0.4965616 -0.6907055 0.1726318
v 0.5041861 -0.6825976 0.180256
v 0.5041879 -0.01335571 0.1802583
v 0.4965616 -0.005245361 0.1726318
v 0.4816037 -0.003691406 0.174186
v 0.4816037 -0.003691406 0.393978
v 0.4800497 -0.005244141 0.3917801
v 0.4800491 -0.005245361 0.1763837
v 0.4965616 -0.003691406 0.174186
v 0.5041861 -0.01131592 0.1822934
v 0.5041885 -0.01131836 0.3858685
v 0.4965622 -0.003691406 0.393978
v 0.4965622 -0.003691406 0.393978
v 0.5041885 -0.01131836 0.3858685
v 0.5041867 -0.01335327 0.3879079
v 0.4965622 -0.005245361 0.3955322
v 0.4965616 -0.005245361 0.1726318
v 0.5041879 -0.01335571 0.1802583
v 0.5041861 -0.01131592 0.1822934
v 0.4965616 -0.003691406 0.174186
v 0.4965616 -0.6922595 0.174186
v 0.5041879 -0.6846325 0.1822956
v 0.5041861 -0.6825976 0.180256
v 0.4965616 -0.6907055 0.1726318
v 0.4965622 -0.6907055 0.3955322
v 0.5041885 -0.6825952 0.3879057
v 0.5041867 -0.6846338 0.3858708
v 0.4965622 -0.6922583 0.393978
v 0.4920132 -0.5865673 0.306197
v 0.4806711 -0.5870129 0.3048679
v 0.4806717 -0.5870129 0.3022501
v 0.4920132 -0.5883422 0.3044213
v 0.4920132 -0.1093835 0.3061967
v 0.4806711 -0.1089355 0.3048675
v 0.4806711 -0.5870129 0.3048679
v 0.4920132 -0.5865673 0.306197
v 0.4920132 -0.1076062 0.304421
v 0.4806711 -0.1089355 0.3024795
v 0.4806711 -0.1089355 0.3048675
v 0.4920132 -0.1093835 0.3061967
v 0.4970389 -0.6036047 0.3233211
v 0.4920132 -0.5865673 0.306197
v 0.4920132 -0.5883422 0.3044213
v 0.4970389 -0.6054675 0.3214594
v 0.4970389 -0.09234375 0.3233209
v 0.4920132 -0.1093835 0.3061967
v 0.4920132 -0.5865673 0.306197
v 0.4970389 -0.6036047 0.3233211
v 0.4970389 -0.0904834 0.3214592
v 0.4920132 -0.1076062 0.304421
v 0.4920132 -0.1093835 0.3061967
v 0.4970389 -0.09234375 0.3233209
v 0.5014486 -0.605968 0.3256986
v 0.4970389 -0.6036047 0.3233211
v 0.4970389 -0.6054675 0.3214594
v 0.5014486 -0.6078442 0.3238219
v 0.5014486 -0.0899829 0.3256981
v 0.4970389 -0.09234375 0.3233209
v 0.4970389 -0.6036047 0.3233211
v 0.5014486 -0.605968 0.3256986
v 0.5014486 -0.08810668 0.3238217
v 0.4970389 -0.0904834 0.3214592
v 0.4970389 -0.09234375 0.3233209
v 0.5014486 -0.0899829 0.3256981
v 0.5043319 -0.6122326 0.3317629
v 0.5014486 -0.605968 0.3256986
v 0.5014486 -0.6078442 0.3238219
v 0.5043319 -0.6139538 0.3298329
v 0.5043319 -0.08123779 0.3304802
v 0.5014486 -0.08810668 0.3238217
v 0.5014486 -0.0899829 0.3256981
v 0.5043319 -0.08347656 0.3325584
v 0.4920132 -0.5883435 0.2630286
v 0.4806717 -0.5870129 0.2646465
v 0.4806711 -0.5870141 0.2625822
v 0.4920132 -0.5865673 0.261253
v 0.4920132 -0.5883422 0.3044213
v 0.4806717 -0.5870129 0.3022501
v 0.4806717 -0.5870129 0.2646465
v 0.4920132 -0.5883435 0.2630286
v 0.4970389 -0.6054675 0.2459906
v 0.4920132 -0.5883435 0.2630286
v 0.4920132 -0.5865673 0.261253
v 0.4970389 -0.6036047 0.2441289
v 0.4970389 -0.6054675 0.3214594
v 0.4920132 -0.5883422 0.3044213
v 0.4920132 -0.5883435 0.2630286
v 0.4970389 -0.6054675 0.2459906
v 0.5014486 -0.6078442 0.2436281
v 0.4970389 -0.6054675 0.2459906
v 0.4970389 -0.6036047 0.2441289
v 0.5014486 -0.605968 0.2417517
v 0.5014486 -0.6078442 0.3238219
v 0.4970389 -0.6054675 0.3214594
v 0.4970389 -0.6054675 0.2459906
v 0.5014486 -0.6078442 0.2436281
v 0.5043325 -0.6141455 0.2375334
v 0.5014486 -0.6078442 0.2436281
v 0.5014486 -0.605968 0.2417517
v 0.5043325 -0.6120288 0.2354993
v 0.5043319 -0.6139538 0.3298329
v 0.5014486 -0.6078442 0.3238219
v 0.5014486 -0.6078442 0.2436281
v 0.5043325 -0.6141455 0.2375334
v 0.4920132 -0.5865673 0.261253
v 0.4806711 -0.5870141 0.2625822
v 0.4806711 -0.1089355 0.2625819
v 0.4920132 -0.1093835 0.2612527
v 0.4920132 -0.1093835 0.2612527
v 0.4806711 -0.1089355 0.2625819
v 0.4806711 -0.1089355 0.2640621
v 0.4920132 -0.1076062 0.2630284
v 0.4970389 -0.6036047 0.2441289
v 0.4920132 -0.5865673 0.261253
v 0.4920132 -0.1093835 0.2612527
v 0.4970389 -0.09234497 0.2441286
v 0.4970389 -0.09234497 0.2441286
v 0.4920132 -0.1093835 0.2612527
v 0.4920132 -0.1076062 0.2630284
v 0.4970389 -0.0904834 0.2459903
v 0.5014486 -0.605968 0.2417517
v 0.4970389 -0.6036047 0.2441289
v 0.4970389 -0.09234497 0.2441286
v 0.5014486 -0.0899829 0.2417515
v 0.5014486 -0.0899829 0.2417515
v 0.4970389 -0.09234497 0.2441286
v 0.4970389 -0.0904834 0.2459903
v 0.5014486 -0.08810668 0.2436278
v 0.5043325 -0.08267578 0.2342063
v 0.5014486 -0.0899829 0.2417515
v 0.5014486 -0.08810668 0.2436278
v 0.5043325 -0.08094727 0.2362726
v 0.4920132 -0.1076062 0.2630284
v 0.4806711 -0.1089355 0.2640621
v 0.4806711 -0.1089355 0.3024795
v 0.4920132 -0.1076062 0.304421
v 0.4970389 -0.0904834 0.2459903
v 0.4920132 -0.1076062 0.2630284
v 0.4920132 -0.1076062 0.304421
v 0.4970389 -0.0904834 0.3214592
v 0.5014486 -0.08810668 0.2436278
v 0.4970389 -0.0904834 0.2459903
v 0.4970389 -0.0904834 0.3214592
v 0.5014486 -0.08810668 0.3238217
v 0.5043319 -0.6122326 0.3317629
v 0.5043319 -0.08347656 0.3325584
v 0.5014486 -0.0899829 0.3256981
v 0.5014486 -0.605968 0.3256986
v 0.5043325 -0.08267578 0.2342063
v 0.5043325 -0.6120288 0.2354993
v 0.5014486 -0.605968 0.2417517
v 0.5014486 -0.0899829 0.2417515
v 0.5043319 -0.08123779 0.3304802
v 0.5043325 -0.08094727 0.2362726
v 0.5014486 -0.08810668 0.2436278
v 0.5014486 -0.08810668 0.3238217
v 0.5041885 -0.01131836 0.3858685
v 0.5043319 -0.08347656 0.3325584
v 0.5041867 -0.01335327 0.3879079
v 0.5043319 -0.08123779 0.3304802
v 0.5041885 -0.01131836 0.3858685
v 0.5043325 -0.08094727 0.2362726
v 0.5041861 -0.01131592 0.1822934
v 0.5041879 -0.01335571 0.1802583
v 0.5043325 -0.08267578 0.2342063
v 0.5041861 -0.01131592 0.1822934
v 0.5041885 -0.6825952 0.3879057
v 0.5043319 -0.6122326 0.3317629
v 0.5043319 -0.6139538 0.3298329
v 0.5041867 -0.6846338 0.3858708
v 0.5041867 -0.6846338 0.3858708
v 0.5043319 -0.6139538 0.3298329
v 0.5043325 -0.6141455 0.2375334
v 0.5041879 -0.6846325 0.1822956
v 0.5043325 -0.6120288 0.2354993
v 0.5041861 -0.6825976 0.180256
v 0.5041879 -0.6846325 0.1822956
v 0.4800497 -0.6831714 0.388641
v 0.4800497 -0.01277954 0.388641
v 0.4800497 -0.007442627 0.393978
v 0.4800497 -0.6885071 0.393978
v 0.4800497 -0.007442627 0.393978
v 0.4800497 -0.01277954 0.388641
v 0.4800497 -0.01058105 0.3864439
v 0.4800497 -0.005244141 0.3917801
v 0.4800491 -0.01058227 0.1817199
v 0.4800497 -0.005244141 0.3917801
v 0.4800491 -0.005245361 0.1763837
v 0.4800491 -0.01277954 0.1795229
v 0.4800491 -0.005245361 0.1763837
v 0.4800491 -0.007442627 0.174186
v 0.4800491 -0.6831714 0.1795229
v 0.4800491 -0.6885071 0.174186
v 0.4800491 -0.007442627 0.174186
v 0.4800491 -0.01277954 0.1795229
v 0.4800491 -0.6853687 0.1817199
v 0.4800491 -0.6907055 0.1763837
v 0.4800491 -0.6885071 0.174186
v 0.4800491 -0.6831714 0.1795229
v 0.4800497 -0.6853687 0.3864441
v 0.4800491 -0.6907055 0.1763837
v 0.4800497 -0.6907055 0.3917801
v 0.4800497 -0.6831714 0.388641
v 0.4800497 -0.6907055 0.3917801
v 0.4800497 -0.6885071 0.393978
v 0.5043319 -0.08347656 0.3325584
v 0.5043319 -0.6122326 0.3317629
v 0.5041885 -0.6825952 0.3879057
v 0.5041867 -0.01335327 0.3879079
v 0.5041879 -0.01335571 0.1802583
v 0.5041861 -0.6825976 0.180256
v 0.5043325 -0.6120288 0.2354993
v 0.5043325 -0.08267578 0.2342063
v 0.4806711 -0.1089355 0.3048675
v 0.4806717 -0.5870129 0.3022501
v 0.4806711 -0.5870129 0.3048679
v 0.4806711 -0.1089355 0.3024795
v 0.4806717 -0.5870129 0.2646465
v 0.4806711 -0.1089355 0.2640621
v 0.4806711 -0.5870141 0.2625822
v 0.4806711 -0.1089355 0.2625819
v 0.4816037 0.0005175781 0.3955322
v 0.4816037 0.6859781 0.3955322
v 0.4965622 0.6859781 0.3955322
v 0.4965622 0.0005175781 0.3955322
v 0.4816037 -0.001036377 0.174186
v 0.4816037 -0.001036377 0.393978
v 0.4965622 -0.001035156 0.393978
v 0.4965616 -0.001036377 0.174186
v 0.4816037 0.6859781 0.1726318
v 0.4816037 0.0005175781 0.1726323
v 0.4965616 0.0005175781 0.1726318
v 0.4965616 0.6859781 0.1726318
v 0.4816037 0.6875314 0.393978
v 0.4816037 0.6875314 0.174186
v 0.4965616 0.6875314 0.174186
v 0.4965622 0.687532 0.393978
v 0.4816037 0.6875314 0.393978
v 0.4816037 0.6859781 0.3955322
v 0.4800497 0.6837802 0.393978
v 0.4800497 0.6859787 0.3917801
v 0.4800497 0.002716064 0.393978
v 0.4816037 0.0005175781 0.3955322
v 0.4816037 -0.001036377 0.393978
v 0.4800497 0.0005175781 0.3917801
v 0.4800491 0.0005175781 0.1763837
v 0.4816037 -0.001036377 0.174186
v 0.4816037 0.0005175781 0.1726323
v 0.4800491 0.002716064 0.174186
v 0.4816037 0.6875314 0.174186
v 0.4800491 0.6859781 0.1763837
v 0.4800491 0.6837802 0.174186
v 0.4816037 0.6859781 0.1726318
v 0.4965622 0.6859781 0.3955322
v 0.4816037 0.6859781 0.3955322
v 0.4816037 0.6875314 0.393978
v 0.4965622 0.687532 0.393978
v 0.4816037 0.6859781 0.3955322
v 0.4816037 0.0005175781 0.3955322
v 0.4800497 0.002716064 0.393978
v 0.4800497 0.6837802 0.393978
v 0.4816037 0.0005175781 0.3955322
v 0.4965622 0.0005175781 0.3955322
v 0.4965622 -0.001035156 0.393978
v 0.4816037 -0.001036377 0.393978
v 0.4965622 0.6859781 0.3955322
v 0.5041867 0.6778696 0.3879079
v 0.5041885 0.00862793 0.3879057
v 0.4965622 0.0005175781 0.3955322
v 0.4816037 -0.001036377 0.393978
v 0.4816037 -0.001036377 0.174186
v 0.4800491 0.0005175781 0.1763837
v 0.4800497 0.0005175781 0.3917801
v 0.4816037 -0.001036377 0.174186
v 0.4965616 -0.001036377 0.174186
v 0.4965616 0.0005175781 0.1726318
v 0.4816037 0.0005175781 0.1726323
v 0.4965622 -0.001035156 0.393978
v 0.5041867 0.006589355 0.3858708
v 0.5041879 0.006590576 0.1822956
v 0.4965616 -0.001036377 0.174186
v 0.4816037 0.0005175781 0.1726323
v 0.4816037 0.6859781 0.1726318
v 0.4800491 0.6837802 0.174186
v 0.4800491 0.002716064 0.174186
v 0.4816037 0.6859781 0.1726318
v 0.4965616 0.6859781 0.1726318
v 0.4965616 0.6875314 0.174186
v 0.4816037 0.6875314 0.174186
v 0.4965616 0.0005175781 0.1726318
v 0.5041861 0.008625488 0.180256
v 0.5041879 0.6778677 0.1802583
v 0.4965616 0.6859781 0.1726318
v 0.4816037 0.6875314 0.174186
v 0.4816037 0.6875314 0.393978
v 0.4800497 0.6859787 0.3917801
v 0.4800491 0.6859781 0.1763837
v 0.4965616 0.6875314 0.174186
v 0.5041861 0.6799069 0.1822934
v 0.5041885 0.6799051 0.3858685
v 0.4965622 0.687532 0.393978
v 0.4965622 0.687532 0.393978
v 0.5041885 0.6799051 0.3858685
v 0.5041867 0.6778696 0.3879079
v 0.4965622 0.6859781 0.3955322
v 0.4965616 0.6859781 0.1726318
v 0.5041879 0.6778677 0.1802583
v 0.5041861 0.6799069 0.1822934
v 0.4965616 0.6875314 0.174186
v 0.4965616 -0.001036377 0.174186
v 0.5041879 0.006590576 0.1822956
v 0.5041861 0.008625488 0.180256
v 0.4965616 0.0005175781 0.1726318
v 0.4965622 0.0005175781 0.3955322
v 0.5041885 0.00862793 0.3879057
v 0.5041867 0.006589355 0.3858708
v 0.4965622 -0.001035156 0.393978
v 0.4920132 0.1046558 0.306197
v 0.4806711 0.1042102 0.3048679
v 0.4806717 0.1042102 0.3022501
v 0.4920132 0.1028809 0.3044213
v 0.4920132 0.5818396 0.3061967
v 0.4806711 0.5822876 0.3048675
v 0.4806711 0.1042102 0.3048679
v 0.4920132 0.1046558 0.306197
v 0.4920132 0.5836169 0.304421
v 0.4806711 0.5822876 0.3024795
v 0.4806711 0.5822876 0.3048675
v 0.4920132 0.5818396 0.3061967
v 0.4970389 0.0876184 0.3233211
v 0.4920132 0.1046558 0.306197
v 0.4920132 0.1028809 0.3044213
v 0.4970389 0.08575562 0.3214594
v 0.4970389 0.5988794 0.3233209
v 0.4920132 0.5818396 0.3061967
v 0.4920132 0.1046558 0.306197
v 0.4970389 0.0876184 0.3233211
v 0.4970389 0.6007397 0.3214592
v 0.4920132 0.5836169 0.304421
v 0.4920132 0.5818396 0.3061967
v 0.4970389 0.5988794 0.3233209
v 0.5014486 0.08525512 0.3256986
v 0.4970389 0.0876184 0.3233211
v 0.4970389 0.08575562 0.3214594
v 0.5014486 0.0833789 0.3238219
v 0.5014486 0.6012402 0.3256981
v 0.4970389 0.5988794 0.3233209
v 0.4970389 0.0876184 0.3233211
v 0.5014486 0.08525512 0.3256986
v 0.5014486 0.6031165 0.3238217
v 0.4970389 0.6007397 0.3214592
v 0.4970389 0.5988794 0.3233209
v 0.5014486 0.6012402 0.3256981
v 0.5043319 0.07899047 0.3317629
v 0.5014486 0.08525512 0.3256986
v 0.5014486 0.0833789 0.3238219
v 0.5043319 0.07726929 0.3298329
v 0.5043319 0.6099854 0.3304802
v 0.5014486 0.6031165 0.3238217
v 0.5014486 0.6012402 0.3256981
v 0.5043319 0.6077465 0.3325584
v 0.4920132 0.1028796 0.2630286
v 0.4806717 0.1042102 0.2646465
v 0.4806711 0.104209 0.2625822
v 0.4920132 0.1046558 0.261253
v 0.4920132 0.1028809 0.3044213
v 0.4806717 0.1042102 0.3022501
v 0.4806717 0.1042102 0.2646465
v 0.4920132 0.1028796 0.2630286
v 0.4970389 0.08575562 0.2459906
v 0.4920132 0.1028796 0.2630286
v 0.4920132 0.1046558 0.261253
v 0.4970389 0.0876184 0.2441289
v 0.4970389 0.08575562 0.3214594
v 0.4920132 0.1028809 0.3044213
v 0.4920132 0.1028796 0.2630286
v 0.4970389 0.08575562 0.2459906
v 0.5014486 0.0833789 0.2436281
v 0.4970389 0.08575562 0.2459906
v 0.4970389 0.0876184 0.2441289
v 0.5014486 0.08525512 0.2417517
v 0.5014486 0.0833789 0.3238219
v 0.4970389 0.08575562 0.3214594
v 0.4970389 0.08575562 0.2459906
v 0.5014486 0.0833789 0.2436281
v 0.5043325 0.07707763 0.2375334
v 0.5014486 0.0833789 0.2436281
v 0.5014486 0.08525512 0.2417517
v 0.5043325 0.07919434 0.2354993
v 0.5043319 0.07726929 0.3298329
v 0.5014486 0.0833789 0.3238219
v 0.5014486 0.0833789 0.2436281
v 0.5043325 0.07707763 0.2375334
v 0.4920132 0.1046558 0.261253
v 0.4806711 0.104209 0.2625822
v 0.4806711 0.5822876 0.2625819
v 0.4920132 0.5818396 0.2612527
v 0.4920132 0.5818396 0.2612527
v 0.4806711 0.5822876 0.2625819
v 0.4806711 0.5822876 0.2640621
v 0.4920132 0.5836169 0.2630284
v 0.4970389 0.0876184 0.2441289
v 0.4920132 0.1046558 0.261253
v 0.4920132 0.5818396 0.2612527
v 0.4970389 0.5988781 0.2441286
v 0.4970389 0.5988781 0.2441286
v 0.4920132 0.5818396 0.2612527
v 0.4920132 0.5836169 0.2630284
v 0.4970389 0.6007397 0.2459903
v 0.5014486 0.08525512 0.2417517
v 0.4970389 0.0876184 0.2441289
v 0.4970389 0.5988781 0.2441286
v 0.5014486 0.6012402 0.2417515
v 0.5014486 0.6012402 0.2417515
v 0.4970389 0.5988781 0.2441286
v 0.4970389 0.6007397 0.2459903
v 0.5014486 0.6031165 0.2436278
v 0.5043325 0.6085473 0.2342063
v 0.5014486 0.6012402 0.2417515
v 0.5014486 0.6031165 0.2436278
v 0.5043325 0.6102759 0.2362726
v 0.4920132 0.5836169 0.2630284
v 0.4806711 0.5822876 0.2640621
v 0.4806711 0.5822876 0.3024795
v 0.4920132 0.5836169 0.304421
v 0.4970389 0.6007397 0.2459903
v 0.4920132 0.5836169 0.2630284
v 0.4920132 0.5836169 0.304421
v 0.4970389 0.6007397 0.3214592
v 0.5014486 0.6031165 0.2436278
v 0.4970389 0.6007397 0.2459903
v 0.4970389 0.6007397 0.3214592
v 0.5014486 0.6031165 0.3238217
v 0.5043319 0.07899047 0.3317629
v 0.5043319 0.6077465 0.3325584
v 0.5014486 0.6012402 0.3256981
v 0.5014486 0.08525512 0.3256986
v 0.5043325 0.6085473 0.2342063
v 0.5043325 0.07919434 0.2354993
v 0.5014486 0.08525512 0.2417517
v 0.5014486 0.6012402 0.2417515
v 0.5043319 0.6099854 0.3304802
v 0.5043325 0.6102759 0.2362726
v 0.5014486 0.6031165 0.2436278
v 0.5014486 0.6031165 0.3238217
v 0.5041885 0.6799051 0.3858685
v 0.5043319 0.6077465 0.3325584
v 0.5041867 0.6778696 0.3879079
v 0.5043319 0.6099854 0.3304802
v 0.5041885 0.6799051 0.3858685
v 0.5043325 0.6102759 0.2362726
v 0.5041861 0.6799069 0.1822934
v 0.5041879 0.6778677 0.1802583
v 0.5043325 0.6085473 0.2342063
v 0.5041861 0.6799069 0.1822934
v 0.5041885 0.00862793 0.3879057
v 0.5043319 0.07899047 0.3317629
v 0.5043319 0.07726929 0.3298329
v 0.5041867 0.006589355 0.3858708
v 0.5041867 0.006589355 0.3858708
v 0.5043319 0.07726929 0.3298329
v 0.5043325 0.07707763 0.2375334
v 0.5041879 0.006590576 0.1822956
v 0.5043325 0.07919434 0.2354993
v 0.5041861 0.008625488 0.180256
v 0.5041879 0.006590576 0.1822956
v 0.4800497 0.008051758 0.388641
v 0.4800497 0.6784439 0.388641
v 0.4800497 0.6837802 0.393978
v 0.4800497 0.002716064 0.393978
v 0.4800497 0.6837802 0.393978
v 0.4800497 0.6784439 0.388641
v 0.4800497 0.6806418 0.3864439
v 0.4800497 0.6859787 0.3917801
v 0.4800491 0.6806412 0.1817199
v 0.4800497 0.6859787 0.3917801
v 0.4800491 0.6859781 0.1763837
v 0.4800491 0.6784439 0.1795229
v 0.4800491 0.6859781 0.1763837
v 0.4800491 0.6837802 0.174186
v 0.4800491 0.008051758 0.1795229
v 0.4800491 0.002716064 0.174186
v 0.4800491 0.6837802 0.174186
v 0.4800491 0.6784439 0.1795229
v 0.4800491 0.005854492 0.1817199
v 0.4800491 0.0005175781 0.1763837
v 0.4800491 0.002716064 0.174186
v 0.4800491 0.008051758 0.1795229
v 0.4800497 0.005854492 0.3864441
v 0.4800491 0.0005175781 0.1763837
v 0.4800497 0.0005175781 0.3917801
v 0.4800497 0.008051758 0.388641
v 0.4800497 0.0005175781 0.3917801
v 0.4800497 0.002716064 0.393978
v 0.5043319 0.6077465 0.3325584
v 0.5043319 0.07899047 0.3317629
v 0.5041885 0.00862793 0.3879057
v 0.5041867 0.6778696 0.3879079
v 0.5041879 0.6778677 0.1802583
v 0.5041861 0.008625488 0.180256
v 0.5043325 0.07919434 0.2354993
v 0.5043325 0.6085473 0.2342063
v 0.4806711 0.5822876 0.3048675
v 0.4806717 0.1042102 0.3022501
v 0.4806711 0.1042102 0.3048679
v 0.4806711 0.5822876 0.3024795
v 0.4806717 0.1042102 0.2646465
v 0.4806711 0.5822876 0.2640621
v 0.4806711 0.104209 0.2625822
v 0.4806711 0.5822876 0.2625819
v 0.5048733 0.6424402 0.3454948
v 0.5039761 0.6394855 0.3466976
v 0.5048733 0.6392736 0.3454948
v 0.5039761 0.6422284 0.3466976
v 0.5048739 0.6454169 0.3465783
v 0.5039761 0.6448059 0.347636
v 0.5048739 0.647843 0.3486143
v 0.5039761 0.6469079 0.3493993
v 0.5048739 0.6494275 0.3513575
v 0.5039761 0.64828 0.3517752
v 0.5048739 0.6499792 0.3544771
v 0.5039761 0.6487573 0.3544771
v 0.5048739 0.6494275 0.3575965
v 0.5039761 0.64828 0.3571788
v 0.5048739 0.6478436 0.3603397
v 0.5039761 0.6469079 0.3595547
v 0.5048739 0.6454169 0.3623759
v 0.5039761 0.6448059 0.3613182
v 0.5048739 0.6424408 0.3634592
v 0.5039761 0.6422284 0.3622565
v 0.5048739 0.639273 0.3634592
v 0.5039761 0.6394855 0.3622565
v 0.5048739 0.6362976 0.3623759
v 0.5039761 0.6369079 0.3613182
v 0.5048739 0.633869 0.3603397
v 0.5039761 0.6348041 0.3595547
v 0.5048739 0.6322864 0.3575965
v 0.5039761 0.6334338 0.3571788
v 0.5048739 0.631734 0.3544771
v 0.5039761 0.6329559 0.3544771
v 0.5048733 0.6322864 0.3513575
v 0.5039761 0.6334338 0.3517752
v 0.5048739 0.633869 0.3486143
v 0.5039761 0.6348041 0.3493993
v 0.5048739 0.6362976 0.3465783
v 0.5039761 0.6369079 0.347636
v 0.5048733 0.6392736 0.3454948
v 0.5039761 0.6394855 0.3466976
v 0.5119693 0.6425024 0.3451431
v 0.5048733 0.6392736 0.3454948
v 0.5119693 0.6392108 0.3451431
v 0.5048733 0.6424402 0.3454948
v 0.5119699 0.6455951 0.346269
v 0.5048739 0.6454169 0.3465783
v 0.5119699 0.6481171 0.3483848
v 0.5048739 0.647843 0.3486143
v 0.5119699 0.6497632 0.3512353
v 0.5048739 0.6494275 0.3513575
v 0.5119699 0.6503357 0.3544771
v 0.5048739 0.6499792 0.3544771
v 0.5119699 0.6497632 0.3577186
v 0.5048739 0.6494275 0.3575965
v 0.5119699 0.6481177 0.3605694
v 0.5048739 0.6478436 0.3603397
v 0.5119699 0.6455957 0.3626851
v 0.5048739 0.6454169 0.3623759
v 0.5119699 0.6425024 0.3638109
v 0.5048739 0.6424408 0.3634592
v 0.5119699 0.6392108 0.3638109
v 0.5048739 0.639273 0.3634592
v 0.5119699 0.6361182 0.3626851
v 0.5048739 0.6362976 0.3623759
v 0.5119699 0.6335962 0.3605694
v 0.5048739 0.633869 0.3603397
v 0.5048739 0.6322864 0.3575965
v 0.5119699 0.6319507 0.3577186
v 0.5119699 0.6313782 0.3544771
v 0.5048739 0.631734 0.3544771
v 0.5119693 0.6319507 0.3512353
v 0.5048733 0.6322864 0.3513575
v 0.5119699 0.6335962 0.3483848
v 0.5048739 0.633869 0.3486143
v 0.5119699 0.6361182 0.346269
v 0.5048739 0.6362976 0.3465783
v 0.5119693 0.6392108 0.3451431
v 0.5048733 0.6392736 0.3454948
v 0.5048733 -0.04878296 0.3454948
v 0.5039761 -0.05173767 0.3466976
v 0.5048733 -0.05194946 0.3454948
v 0.5039761 -0.04899475 0.3466976
v 0.5048739 -0.04580627 0.3465783
v 0.5039761 -0.04641724 0.347636
v 0.5048739 -0.04338013 0.3486143
v 0.5039761 -0.04431519 0.3493993
v 0.5048739 -0.04179565 0.3513575
v 0.5039761 -0.04294311 0.3517752
v 0.5048739 -0.0412439 0.3544771
v 0.5039761 -0.04246582 0.3544771
v 0.5048739 -0.04179565 0.3575965
v 0.5039761 -0.04294311 0.3571788
v 0.5048739 -0.04337952 0.3603397
v 0.5039761 -0.04431519 0.3595547
v 0.5048739 -0.04580627 0.3623759
v 0.5039761 -0.04641724 0.3613182
v 0.5048739 -0.04878235 0.3634592
v 0.5039761 -0.04899475 0.3622565
v 0.5048739 -0.05195007 0.3634592
v 0.5039761 -0.05173767 0.3622565
v 0.5048739 -0.05492553 0.3623759
v 0.5039761 -0.05431518 0.3613182
v 0.5048739 -0.05735413 0.3603397
v 0.5039761 -0.05641907 0.3595547
v 0.5048739 -0.05893677 0.3575965
v 0.5039761 -0.05778931 0.3571788
v 0.5048739 -0.05948913 0.3544771
v 0.5039761 -0.05826721 0.3544771
v 0.5048733 -0.05893677 0.3513575
v 0.5039761 -0.05778931 0.3517752
v 0.5048739 -0.05735413 0.3486143
v 0.5039761 -0.05641907 0.3493993
v 0.5048739 -0.05492553 0.3465783
v 0.5039761 -0.05431518 0.347636
v 0.5048733 -0.05194946 0.3454948
v 0.5039761 -0.05173767 0.3466976
v 0.5119693 -0.0487207 0.3451431
v 0.5048733 -0.05194946 0.3454948
v 0.5119693 -0.05201233 0.3451431
v 0.5048733 -0.04878296 0.3454948
v 0.5119699 -0.04562805 0.346269
v 0.5048739 -0.04580627 0.3465783
v 0.5119699 -0.04310608 0.3483848
v 0.5048739 -0.04338013 0.3486143
v 0.5119699 -0.04145996 0.3512353
v 0.5048739 -0.04179565 0.3513575
v 0.5119699 -0.04088745 0.3544771
v 0.5048739 -0.0412439 0.3544771
v 0.5119699 -0.04145996 0.3577186
v 0.5048739 -0.04179565 0.3575965
v 0.5119699 -0.04310547 0.3605694
v 0.5048739 -0.04337952 0.3603397
v 0.5119699 -0.04562744 0.3626851
v 0.5048739 -0.04580627 0.3623759
v 0.5119699 -0.0487207 0.3638109
v 0.5048739 -0.04878235 0.3634592
v 0.5119699 -0.05201233 0.3638109
v 0.5048739 -0.05195007 0.3634592
v 0.5119699 -0.05510498 0.3626851
v 0.5048739 -0.05492553 0.3623759
v 0.5119699 -0.05762695 0.3605694
v 0.5048739 -0.05735413 0.3603397
v 0.5048739 -0.05893677 0.3575965
v 0.5119699 -0.05927246 0.3577186
v 0.5119699 -0.05984497 0.3544771
v 0.5048739 -0.05948913 0.3544771
v 0.5119693 -0.05927246 0.3512353
v 0.5048733 -0.05893677 0.3513575
v 0.5119699 -0.05762695 0.3483848
v 0.5048739 -0.05735413 0.3486143
v 0.5119699 -0.05510498 0.346269
v 0.5048739 -0.05492553 0.3465783
v 0.5119693 -0.05201233 0.3451431
v 0.5048733 -0.05194946 0.3454948
v 0.5048733 -0.04878296 0.1100722
v 0.5039761 -0.05173767 0.111275
v 0.5048733 -0.05194946 0.1100722
v 0.5039761 -0.04899475 0.111275
v 0.5048739 -0.04580627 0.1111557
v 0.5039761 -0.04641724 0.1122134
v 0.5048739 -0.04338013 0.1131917
v 0.5039761 -0.04431519 0.1139767
v 0.5048739 -0.04179565 0.1159349
v 0.5039761 -0.04294311 0.1163526
v 0.5048739 -0.0412439 0.1190545
v 0.5039761 -0.04246582 0.1190545
v 0.5048739 -0.04179565 0.1221739
v 0.5039761 -0.04294311 0.1217562
v 0.5048739 -0.04337952 0.1249171
v 0.5039761 -0.04431519 0.1241321
v 0.5048739 -0.04580627 0.1269533
v 0.5039761 -0.04641724 0.1258956
v 0.5048739 -0.04878235 0.1280366
v 0.5039761 -0.04899475 0.1268339
v 0.5048739 -0.05195007 0.1280366
v 0.5039761 -0.05173767 0.1268339
v 0.5048739 -0.05492553 0.1269533
v 0.5039761 -0.05431518 0.1258956
v 0.5048739 -0.05735413 0.1249171
v 0.5039761 -0.05641907 0.1241321
v 0.5048739 -0.05893677 0.1221739
v 0.5039761 -0.05778931 0.1217562
v 0.5048739 -0.05948913 0.1190545
v 0.5039761 -0.05826721 0.1190545
v 0.5048733 -0.05893677 0.1159349
v 0.5039761 -0.05778931 0.1163526
v 0.5048739 -0.05735413 0.1131917
v 0.5039761 -0.05641907 0.1139767
v 0.5048739 -0.05492553 0.1111557
v 0.5039761 -0.05431518 0.1122134
v 0.5048733 -0.05194946 0.1100722
v 0.5039761 -0.05173767 0.111275
v 0.5119693 -0.0487207 0.1097205
v 0.5048733 -0.05194946 0.1100722
v 0.5119693 -0.05201233 0.1097205
v 0.5048733 -0.04878296 0.1100722
v 0.5119699 -0.04562805 0.1108464
v 0.5048739 -0.04580627 0.1111557
v 0.5119699 -0.04310608 0.1129622
v 0.5048739 -0.04338013 0.1131917
v 0.5119699 -0.04145996 0.1158128
v 0.5048739 -0.04179565 0.1159349
v 0.5119699 -0.04088745 0.1190545
v 0.5048739 -0.0412439 0.1190545
v 0.5119699 -0.04145996 0.1222961
v 0.5048739 -0.04179565 0.1221739
v 0.5119699 -0.04310547 0.1251468
v 0.5048739 -0.04337952 0.1249171
v 0.5119699 -0.04562744 0.1272625
v 0.5048739 -0.04580627 0.1269533
v 0.5119699 -0.0487207 0.1283883
v 0.5048739 -0.04878235 0.1280366
v 0.5119699 -0.05201233 0.1283883
v 0.5048739 -0.05195007 0.1280366
v 0.5119699 -0.05510498 0.1272625
v 0.5048739 -0.05492553 0.1269533
v 0.5119699 -0.05762695 0.1251468
v 0.5048739 -0.05735413 0.1249171
v 0.5048739 -0.05893677 0.1221739
v 0.5119699 -0.05927246 0.1222961
v 0.5119699 -0.05984497 0.1190545
v 0.5048739 -0.05948913 0.1190545
v 0.5119693 -0.05927246 0.1158128
v 0.5048733 -0.05893677 0.1159349
v 0.5119699 -0.05762695 0.1129622
v 0.5048739 -0.05735413 0.1131917
v 0.5119699 -0.05510498 0.1108464
v 0.5048739 -0.05492553 0.1111557
v 0.5119693 -0.05201233 0.1097205
v 0.5048733 -0.05194946 0.1100722
v 0.4816037 -0.6907055 0.1645083
v 0.4816037 -0.005245361 0.1645083
v 0.4965622 -0.005245361 0.1645083
v 0.4965622 -0.6907055 0.1645083
v 0.4816037 -0.6922595 -0.3674493
v 0.4816037 -0.6922595 0.1629541
v 0.4965622 -0.6922583 0.1629541
v 0.4965616 -0.6922595 -0.3674493
v 0.4816037 -0.005245361 -0.3690035
v 0.4816037 -0.6907055 -0.3690031
v 0.4965616 -0.6907055 -0.3690035
v 0.4965616 -0.005245361 -0.3690035
v 0.4816037 -0.003691406 0.1629541
v 0.4816037 -0.003691406 -0.3674493
v 0.4965616 -0.003691406 -0.3674493
v 0.4965622 -0.003691406 0.1629541
v 0.4816037 -0.003691406 0.1629541
v 0.4816037 -0.005245361 0.1645083
v 0.4800497 -0.007442627 0.1629541
v 0.4800497 -0.005244141 0.1607563
v 0.4800497 -0.6885071 0.1629541
v 0.4816037 -0.6907055 0.1645083
v 0.4816037 -0.6922595 0.1629541
v 0.4800497 -0.6907055 0.1607563
v 0.4800491 -0.6907055 -0.3652516
v 0.4816037 -0.6922595 -0.3674493
v 0.4816037 -0.6907055 -0.3690031
v 0.4800491 -0.6885071 -0.3674493
v 0.4816037 -0.003691406 -0.3674493
v 0.4800491 -0.005245361 -0.3652516
v 0.4800491 -0.007442627 -0.3674493
v 0.4816037 -0.005245361 -0.3690035
v 0.4965622 -0.005245361 0.1645083
v 0.4816037 -0.005245361 0.1645083
v 0.4816037 -0.003691406 0.1629541
v 0.4965622 -0.003691406 0.1629541
v 0.4816037 -0.005245361 0.1645083
v 0.4816037 -0.6907055 0.1645083
v 0.4800497 -0.6885071 0.1629541
v 0.4800497 -0.007442627 0.1629541
v 0.4816037 -0.6907055 0.1645083
v 0.4965622 -0.6907055 0.1645083
v 0.4965622 -0.6922583 0.1629541
v 0.4816037 -0.6922595 0.1629541
v 0.4965622 -0.005245361 0.1645083
v 0.5041867 -0.01335327 0.156884
v 0.5041885 -0.6825952 0.1568818
v 0.4965622 -0.6907055 0.1645083
v 0.4816037 -0.6922595 0.1629541
v 0.4816037 -0.6922595 -0.3674493
v 0.4800491 -0.6907055 -0.3652516
v 0.4800497 -0.6907055 0.1607563
v 0.4816037 -0.6922595 -0.3674493
v 0.4965616 -0.6922595 -0.3674493
v 0.4965616 -0.6907055 -0.3690035
v 0.4816037 -0.6907055 -0.3690031
v 0.4965622 -0.6922583 0.1629541
v 0.5041867 -0.6846338 0.154847
v 0.5041879 -0.6846325 -0.3593397
v 0.4965616 -0.6922595 -0.3674493
v 0.4816037 -0.6907055 -0.3690031
v 0.4816037 -0.005245361 -0.3690035
v 0.4800491 -0.007442627 -0.3674493
v 0.4800491 -0.6885071 -0.3674493
v 0.4816037 -0.005245361 -0.3690035
v 0.4965616 -0.005245361 -0.3690035
v 0.4965616 -0.003691406 -0.3674493
v 0.4816037 -0.003691406 -0.3674493
v 0.4965616 -0.6907055 -0.3690035
v 0.5041861 -0.6825976 -0.3613794
v 0.5041879 -0.01335571 -0.3613771
v 0.4965616 -0.005245361 -0.3690035
v 0.4816037 -0.003691406 -0.3674493
v 0.4816037 -0.003691406 0.1629541
v 0.4800497 -0.005244141 0.1607563
v 0.4800491 -0.005245361 -0.3652516
v 0.4965616 -0.003691406 -0.3674493
v 0.5041861 -0.01131592 -0.359342
v 0.5041885 -0.01131836 0.1548447
v 0.4965622 -0.003691406 0.1629541
v 0.4965622 -0.003691406 0.1629541
v 0.5041885 -0.01131836 0.1548447
v 0.5041867 -0.01335327 0.156884
v 0.4965622 -0.005245361 0.1645083
v 0.4965616 -0.005245361 -0.3690035
v 0.5041879 -0.01335571 -0.3613771
v 0.5041861 -0.01131592 -0.359342
v 0.4965616 -0.003691406 -0.3674493
v 0.4965616 -0.6922595 -0.3674493
v 0.5041879 -0.6846325 -0.3593397
v 0.5041861 -0.6825976 -0.3613794
v 0.4965616 -0.6907055 -0.3690035
v 0.4965622 -0.6907055 0.1645083
v 0.5041885 -0.6825952 0.1568818
v 0.5041867 -0.6846338 0.154847
v 0.4965622 -0.6922583 0.1629541
v 0.4920132 -0.5865673 0.060592
v 0.4806711 -0.5870129 0.05926281
v 0.4806717 -0.5870129 0.05664501
v 0.4920132 -0.5883422 0.05881626
v 0.4920132 -0.1093835 0.06059162
v 0.4806711 -0.1089355 0.0592625
v 0.4806711 -0.5870129 0.05926281
v 0.4920132 -0.5865673 0.060592
v 0.4920132 -0.1076062 0.05881596
v 0.4806711 -0.1089355 0.0568745
v 0.4806711 -0.1089355 0.0592625
v 0.4920132 -0.1093835 0.06059162
v 0.4970389 -0.6036047 0.07771602
v 0.4920132 -0.5865673 0.060592
v 0.4920132 -0.5883422 0.05881626
v 0.4970389 -0.6054675 0.0758543
v 0.4970389 -0.09234375 0.07771584
v 0.4920132 -0.1093835 0.06059162
v 0.4920132 -0.5865673 0.060592
v 0.4970389 -0.6036047 0.07771602
v 0.4970389 -0.0904834 0.07585411
v 0.4920132 -0.1076062 0.05881596
v 0.4920132 -0.1093835 0.06059162
v 0.4970389 -0.09234375 0.07771584
v 0.5014486 -0.605968 0.08009346
v 0.4970389 -0.6036047 0.07771602
v 0.4970389 -0.6054675 0.0758543
v 0.5014486 -0.6078442 0.07821686
v 0.5014486 -0.0899829 0.08009304
v 0.4970389 -0.09234375 0.07771584
v 0.4970389 -0.6036047 0.07771602
v 0.5014486 -0.605968 0.08009346
v 0.5014486 -0.08810668 0.07821666
v 0.4970389 -0.0904834 0.07585411
v 0.4970389 -0.09234375 0.07771584
v 0.5014486 -0.0899829 0.08009304
v 0.5043319 -0.6122326 0.08615784
v 0.5014486 -0.605968 0.08009346
v 0.5014486 -0.6078442 0.07821686
v 0.5043319 -0.6139538 0.0842279
v 0.5043319 -0.08123779 0.08487518
v 0.5014486 -0.08810668 0.07821666
v 0.5014486 -0.0899829 0.08009304
v 0.5043319 -0.08347656 0.08695335
v 0.4920132 -0.5883435 -0.2633112
v 0.4806717 -0.5870129 -0.2616933
v 0.4806711 -0.5870141 -0.2637576
v 0.4920132 -0.5865673 -0.2650869
v 0.4920132 -0.5883422 0.05881626
v 0.4806717 -0.5870129 0.05664501
v 0.4806717 -0.5870129 -0.2616933
v 0.4920132 -0.5883435 -0.2633112
v 0.4970389 -0.6054675 -0.2803492
v 0.4920132 -0.5883435 -0.2633112
v 0.4920132 -0.5865673 -0.2650869
v 0.4970389 -0.6036047 -0.282211
v 0.4970389 -0.6054675 0.0758543
v 0.4920132 -0.5883422 0.05881626
v 0.4920132 -0.5883435 -0.2633112
v 0.4970389 -0.6054675 -0.2803492
v 0.5014486 -0.6078442 -0.2827117
v 0.4970389 -0.6054675 -0.2803492
v 0.4970389 -0.6036047 -0.282211
v 0.5014486 -0.605968 -0.2845881
v 0.5014486 -0.6078442 0.07821686
v 0.4970389 -0.6054675 0.0758543
v 0.4970389 -0.6054675 -0.2803492
v 0.5014486 -0.6078442 -0.2827117
v 0.5043325 -0.6141455 -0.2888064
v 0.5014486 -0.6078442 -0.2827117
v 0.5014486 -0.605968 -0.2845881
v 0.5043325 -0.6120288 -0.2908406
v 0.5043319 -0.6139538 0.0842279
v 0.5014486 -0.6078442 0.07821686
v 0.5014486 -0.6078442 -0.2827117
v 0.5043325 -0.6141455 -0.2888064
v 0.4920132 -0.5865673 -0.2650869
v 0.4806711 -0.5870141 -0.2637576
v 0.4806711 -0.1089355 -0.2637579
v 0.4920132 -0.1093835 -0.2650871
v 0.4920132 -0.1093835 -0.2650871
v 0.4806711 -0.1089355 -0.2637579
v 0.4806711 -0.1089355 -0.2622777
v 0.4920132 -0.1076062 -0.2633114
v 0.4970389 -0.6036047 -0.282211
v 0.4920132 -0.5865673 -0.2650869
v 0.4920132 -0.1093835 -0.2650871
v 0.4970389 -0.09234497 -0.2822113
v 0.4970389 -0.09234497 -0.2822113
v 0.4920132 -0.1093835 -0.2650871
v 0.4920132 -0.1076062 -0.2633114
v 0.4970389 -0.0904834 -0.2803495
v 0.5014486 -0.605968 -0.2845881
v 0.4970389 -0.6036047 -0.282211
v 0.4970389 -0.09234497 -0.2822113
v 0.5014486 -0.0899829 -0.2845883
v 0.5014486 -0.0899829 -0.2845883
v 0.4970389 -0.09234497 -0.2822113
v 0.4970389 -0.0904834 -0.2803495
v 0.5014486 -0.08810668 -0.282712
v 0.5043325 -0.08267578 -0.2921335
v 0.5014486 -0.0899829 -0.2845883
v 0.5014486 -0.08810668 -0.282712
v 0.5043325 -0.08094727 -0.2900673
v 0.4920132 -0.1076062 -0.2633114
v 0.4806711 -0.1089355 -0.2622777
v 0.4806711 -0.1089355 0.0568745
v 0.4920132 -0.1076062 0.05881596
v 0.4970389 -0.0904834 -0.2803495
v 0.4920132 -0.1076062 -0.2633114
v 0.4920132 -0.1076062 0.05881596
v 0.4970389 -0.0904834 0.07585411
v 0.5014486 -0.08810668 -0.282712
v 0.4970389 -0.0904834 -0.2803495
v 0.4970389 -0.0904834 0.07585411
v 0.5014486 -0.08810668 0.07821666
v 0.5043319 -0.6122326 0.08615784
v 0.5043319 -0.08347656 0.08695335
v 0.5014486 -0.0899829 0.08009304
v 0.5014486 -0.605968 0.08009346
v 0.5043325 -0.08267578 -0.2921335
v 0.5043325 -0.6120288 -0.2908406
v 0.5014486 -0.605968 -0.2845881
v 0.5014486 -0.0899829 -0.2845883
v 0.5043319 -0.08123779 0.08487518
v 0.5043325 -0.08094727 -0.2900673
v 0.5014486 -0.08810668 -0.282712
v 0.5014486 -0.08810668 0.07821666
v 0.5041885 -0.01131836 0.1548447
v 0.5043319 -0.08347656 0.08695335
v 0.5041867 -0.01335327 0.156884
v 0.5043319 -0.08123779 0.08487518
v 0.5041885 -0.01131836 0.1548447
v 0.5043325 -0.08094727 -0.2900673
v 0.5041861 -0.01131592 -0.359342
v 0.5041879 -0.01335571 -0.3613771
v 0.5043325 -0.08267578 -0.2921335
v 0.5041861 -0.01131592 -0.359342
v 0.5041885 -0.6825952 0.1568818
v 0.5043319 -0.6122326 0.08615784
v 0.5043319 -0.6139538 0.0842279
v 0.5041867 -0.6846338 0.154847
v 0.5041867 -0.6846338 0.154847
v 0.5043325 -0.6141455 -0.2888064
v 0.5041879 -0.6846325 -0.3593397
v 0.5043325 -0.6120288 -0.2908406
v 0.5041861 -0.6825976 -0.3613794
v 0.5041879 -0.6846325 -0.3593397
v 0.4800497 -0.6831714 0.1576172
v 0.4800497 -0.01277954 0.1576172
v 0.4800497 -0.007442627 0.1629541
v 0.4800497 -0.6885071 0.1629541
v 0.4800497 -0.007442627 0.1629541
v 0.4800497 -0.01277954 0.1576172
v 0.4800497 -0.01058105 0.1554201
v 0.4800497 -0.005244141 0.1607563
v 0.4800491 -0.01058227 -0.3599155
v 0.4800497 -0.005244141 0.1607563
v 0.4800491 -0.005245361 -0.3652516
v 0.4800491 -0.01277954 -0.3621125
v 0.4800491 -0.005245361 -0.3652516
v 0.4800491 -0.007442627 -0.3674493
v 0.4800491 -0.6831714 -0.3621125
v 0.4800491 -0.6885071 -0.3674493
v 0.4800491 -0.007442627 -0.3674493
v 0.4800491 -0.01277954 -0.3621125
v 0.4800491 -0.6853687 -0.3599154
v 0.4800491 -0.6907055 -0.3652516
v 0.4800491 -0.6885071 -0.3674493
v 0.4800491 -0.6831714 -0.3621125
v 0.4800497 -0.6853687 0.1554202
v 0.4800491 -0.6907055 -0.3652516
v 0.4800497 -0.6907055 0.1607563
v 0.4800497 -0.6831714 0.1576172
v 0.4800497 -0.6907055 0.1607563
v 0.4800497 -0.6885071 0.1629541
v 0.5043319 -0.08347656 0.08695335
v 0.5043319 -0.6122326 0.08615784
v 0.5041885 -0.6825952 0.1568818
v 0.5041867 -0.01335327 0.156884
v 0.5041879 -0.01335571 -0.3613771
v 0.5041861 -0.6825976 -0.3613794
v 0.5043325 -0.6120288 -0.2908406
v 0.5043325 -0.08267578 -0.2921335
v 0.4806711 -0.1089355 0.0592625
v 0.4806717 -0.5870129 0.05664501
v 0.4806711 -0.5870129 0.05926281
v 0.4806711 -0.1089355 0.0568745
v 0.4806717 -0.5870129 -0.2616933
v 0.4806711 -0.1089355 -0.2622777
v 0.4806711 -0.5870141 -0.2637576
v 0.4806711 -0.1089355 -0.2637579
v 0.5048733 1.345204 0.3454948
v 0.5039761 1.342249 0.3466976
v 0.5048733 1.342037 0.3454948
v 0.5039761 1.344992 0.3466976
v 0.5048739 1.348181 0.3465783
v 0.5039761 1.34757 0.347636
v 0.5048739 1.350607 0.3486143
v 0.5039761 1.349672 0.3493993
v 0.5048739 1.352191 0.3513575
v 0.5039761 1.351044 0.3517752
v 0.5048739 1.352743 0.3544771
v 0.5039761 1.351521 0.3544771
v 0.5048739 1.352191 0.3575965
v 0.5039761 1.351044 0.3571788
v 0.5048739 1.350607 0.3603397
v 0.5039761 1.349672 0.3595547
v 0.5048739 1.348181 0.3623759
v 0.5039761 1.34757 0.3613182
v 0.5048739 1.345204 0.3634592
v 0.5039761 1.344992 0.3622565
v 0.5048739 1.342037 0.3634592
v 0.5039761 1.342249 0.3622565
v 0.5048739 1.339061 0.3623759
v 0.5039761 1.339672 0.3613182
v 0.5048739 1.336633 0.3603397
v 0.5039761 1.337568 0.3595547
v 0.5048739 1.33505 0.3575965
v 0.5039761 1.336197 0.3571788
v 0.5048739 1.334498 0.3544771
v 0.5039761 1.33572 0.3544771
v 0.5048733 1.33505 0.3513575
v 0.5039761 1.336197 0.3517752
v 0.5048739 1.336633 0.3486143
v 0.5039761 1.337568 0.3493993
v 0.5048739 1.339061 0.3465783
v 0.5039761 1.339672 0.347636
v 0.5048733 1.342037 0.3454948
v 0.5039761 1.342249 0.3466976
v 0.5119693 1.345266 0.3451431
v 0.5048733 1.342037 0.3454948
v 0.5119693 1.341974 0.3451431
v 0.5048733 1.345204 0.3454948
v 0.5119699 1.348359 0.346269
v 0.5048739 1.348181 0.3465783
v 0.5119699 1.350881 0.3483848
v 0.5048739 1.350607 0.3486143
v 0.5119699 1.352527 0.3512353
v 0.5048739 1.352191 0.3513575
v 0.5119699 1.353099 0.3544771
v 0.5048739 1.352743 0.3544771
v 0.5119699 1.352527 0.3577186
v 0.5048739 1.352191 0.3575965
v 0.5119699 1.350881 0.3605694
v 0.5048739 1.350607 0.3603397
v 0.5119699 1.348359 0.3626851
v 0.5048739 1.348181 0.3623759
v 0.5119699 1.345266 0.3638109
v 0.5048739 1.345204 0.3634592
v 0.5119699 1.341974 0.3638109
v 0.5048739 1.342037 0.3634592
v 0.5119699 1.338882 0.3626851
v 0.5048739 1.339061 0.3623759
v 0.5119699 1.33636 0.3605694
v 0.5048739 1.336633 0.3603397
v 0.5048739 1.33505 0.3575965
v 0.5119699 1.334714 0.3577186
v 0.5119699 1.334142 0.3544771
v 0.5048739 1.334498 0.3544771
v 0.5119693 1.334714 0.3512353
v 0.5048733 1.33505 0.3513575
v 0.5119699 1.33636 0.3483848
v 0.5048739 1.336633 0.3486143
v 0.5119699 1.338882 0.346269
v 0.5048739 1.339061 0.3465783
v 0.5119693 1.341974 0.3451431
v 0.5048733 1.342037 0.3454948
v 0.5048733 1.345204 0.1100722
v 0.5039761 1.342249 0.111275
v 0.5048733 1.342037 0.1100722
v 0.5039761 1.344992 0.111275
v 0.5048739 1.348181 0.1111557
v 0.5039761 1.34757 0.1122134
v 0.5048739 1.350607 0.1131917
v 0.5039761 1.349672 0.1139767
v 0.5048739 1.352191 0.1159349
v 0.5039761 1.351044 0.1163526
v 0.5048739 1.352743 0.1190545
v 0.5039761 1.351521 0.1190545
v 0.5048739 1.352191 0.1221739
v 0.5039761 1.351044 0.1217562
v 0.5048739 1.350607 0.1249171
v 0.5039761 1.349672 0.1241321
v 0.5048739 1.348181 0.1269533
v 0.5039761 1.34757 0.1258956
v 0.5048739 1.345204 0.1280366
v 0.5039761 1.344992 0.1268339
v 0.5048739 1.342037 0.1280366
v 0.5039761 1.342249 0.1268339
v 0.5048739 1.339061 0.1269533
v 0.5039761 1.339672 0.1258956
v 0.5048739 1.336633 0.1249171
v 0.5039761 1.337568 0.1241321
v 0.5048739 1.33505 0.1221739
v 0.5039761 1.336197 0.1217562
v 0.5048739 1.334498 0.1190545
v 0.5039761 1.33572 0.1190545
v 0.5048733 1.33505 0.1159349
v 0.5039761 1.336197 0.1163526
v 0.5048739 1.336633 0.1131917
v 0.5039761 1.337568 0.1139767
v 0.5048739 1.339061 0.1111557
v 0.5039761 1.339672 0.1122134
v 0.5048733 1.342037 0.1100722
v 0.5039761 1.342249 0.111275
v 0.5119693 1.345266 0.1097205
v 0.5048733 1.342037 0.1100722
v 0.5119693 1.341974 0.1097205
v 0.5048733 1.345204 0.1100722
v 0.5119699 1.348359 0.1108464
v 0.5048739 1.348181 0.1111557
v 0.5119699 1.350881 0.1129622
v 0.5048739 1.350607 0.1131917
v 0.5119699 1.352527 0.1158128
v 0.5048739 1.352191 0.1159349
v 0.5119699 1.353099 0.1190545
v 0.5048739 1.352743 0.1190545
v 0.5119699 1.352527 0.1222961
v 0.5048739 1.352191 0.1221739
v 0.5119699 1.350881 0.1251468
v 0.5048739 1.350607 0.1249171
v 0.5119699 1.348359 0.1272625
v 0.5048739 1.348181 0.1269533
v 0.5119699 1.345266 0.1283883
v 0.5048739 1.345204 0.1280366
v 0.5119699 1.341974 0.1283883
v 0.5048739 1.342037 0.1280366
v 0.5119699 1.338882 0.1272625
v 0.5048739 1.339061 0.1269533
v 0.5119699 1.33636 0.1251468
v 0.5048739 1.336633 0.1249171
v 0.5048739 1.33505 0.1221739
v 0.5119699 1.334714 0.1222961
v 0.5119699 1.334142 0.1190545
v 0.5048739 1.334498 0.1190545
v 0.5119693 1.334714 0.1158128
v 0.5048733 1.33505 0.1159349
v 0.5119699 1.33636 0.1129622
v 0.5048739 1.336633 0.1131917
v 0.5119699 1.338882 0.1108464
v 0.5048739 1.339061 0.1111557
v 0.5119693 1.341974 0.1097205
v 0.5048733 1.342037 0.1100722
v 0.5048733 0.6424402 0.1100722
v 0.5039761 0.6394855 0.111275
v 0.5048733 0.6392736 0.1100722
v 0.5039761 0.6422284 0.111275
v 0.5048739 0.6454169 0.1111557
v 0.5039761 0.6448059 0.1122134
v 0.5048739 0.647843 0.1131917
v 0.5039761 0.6469079 0.1139767
v 0.5048739 0.6494275 0.1159349
v 0.5039761 0.64828 0.1163526
v 0.5048739 0.6499792 0.1190545
v 0.5039761 0.6487573 0.1190545
v 0.5048739 0.6494275 0.1221739
v 0.5039761 0.64828 0.1217562
v 0.5048739 0.6478436 0.1249171
v 0.5039761 0.6469079 0.1241321
v 0.5048739 0.6454169 0.1269533
v 0.5039761 0.6448059 0.1258956
v 0.5048739 0.6424408 0.1280366
v 0.5039761 0.6422284 0.1268339
v 0.5048739 0.639273 0.1280366
v 0.5039761 0.6394855 0.1268339
v 0.5048739 0.6362976 0.1269533
v 0.5039761 0.6369079 0.1258956
v 0.5048739 0.633869 0.1249171
v 0.5039761 0.6348041 0.1241321
v 0.5048739 0.6322864 0.1221739
v 0.5039761 0.6334338 0.1217562
v 0.5048739 0.631734 0.1190545
v 0.5039761 0.6329559 0.1190545
v 0.5048733 0.6322864 0.1159349
v 0.5039761 0.6334338 0.1163526
v 0.5048739 0.633869 0.1131917
v 0.5039761 0.6348041 0.1139767
v 0.5048739 0.6362976 0.1111557
v 0.5039761 0.6369079 0.1122134
v 0.5048733 0.6392736 0.1100722
v 0.5039761 0.6394855 0.111275
v 0.5119693 0.6425024 0.1097205
v 0.5048733 0.6392736 0.1100722
v 0.5119693 0.6392108 0.1097205
v 0.5048733 0.6424402 0.1100722
v 0.5119699 0.6455951 0.1108464
v 0.5048739 0.6454169 0.1111557
v 0.5119699 0.6481171 0.1129622
v 0.5048739 0.647843 0.1131917
v 0.5119699 0.6497632 0.1158128
v 0.5048739 0.6494275 0.1159349
v 0.5119699 0.6503357 0.1190545
v 0.5048739 0.6499792 0.1190545
v 0.5119699 0.6497632 0.1222961
v 0.5048739 0.6494275 0.1221739
v 0.5119699 0.6481177 0.1251468
v 0.5048739 0.6478436 0.1249171
v 0.5119699 0.6455957 0.1272625
v 0.5048739 0.6454169 0.1269533
v 0.5119699 0.6425024 0.1283883
v 0.5048739 0.6424408 0.1280366
v 0.5119699 0.6392108 0.1283883
v 0.5048739 0.639273 0.1280366
v 0.5119699 0.6361182 0.1272625
v 0.5048739 0.6362976 0.1269533
v 0.5119699 0.6335962 0.1251468
v 0.5048739 0.633869 0.1249171
v 0.5048739 0.6322864 0.1221739
v 0.5119699 0.6319507 0.1222961
v 0.5119699 0.6313782 0.1190545
v 0.5048739 0.631734 0.1190545
v 0.5119693 0.6319507 0.1158128
v 0.5048733 0.6322864 0.1159349
v 0.5119699 0.6335962 0.1129622
v 0.5048739 0.633869 0.1131917
v 0.5119699 0.6361182 0.1108464
v 0.5048739 0.6362976 0.1111557
v 0.5119693 0.6392108 0.1097205
v 0.5048733 0.6392736 0.1100722
v 0.4816037 0.0005175781 0.1645083
v 0.4816037 0.6859781 0.1645083
v 0.4965622 0.6859781 0.1645083
v 0.4965622 0.0005175781 0.1645083
v 0.4816037 -0.001036377 -0.3674493
v 0.4816037 -0.001036377 0.1629541
v 0.4965622 -0.001035156 0.1629541
v 0.4965616 -0.001036377 -0.3674493
v 0.4816037 0.6859781 -0.3690035
v 0.4816037 0.0005175781 -0.3690031
v 0.4965616 0.0005175781 -0.3690035
v 0.4965616 0.6859781 -0.3690035
v 0.4816037 0.6875314 0.1629541
v 0.4816037 0.6875314 -0.3674493
v 0.4965616 0.6875314 -0.3674493
v 0.4965622 0.687532 0.1629541
v 0.4816037 0.6875314 0.1629541
v 0.4816037 0.6859781 0.1645083
v 0.4800497 0.6837802 0.1629541
v 0.4800497 0.6859787 0.1607563
v 0.4800497 0.002716064 0.1629541
v 0.4816037 0.0005175781 0.1645083
v 0.4816037 -0.001036377 0.1629541
v 0.4800497 0.0005175781 0.1607563
v 0.4800491 0.0005175781 -0.3652516
v 0.4816037 -0.001036377 -0.3674493
v 0.4816037 0.0005175781 -0.3690031
v 0.4800491 0.002716064 -0.3674493
v 0.4816037 0.6875314 -0.3674493
v 0.4800491 0.6859781 -0.3652516
v 0.4800491 0.6837802 -0.3674493
v 0.4816037 0.6859781 -0.3690035
v 0.4965622 0.6859781 0.1645083
v 0.4816037 0.6859781 0.1645083
v 0.4816037 0.6875314 0.1629541
v 0.4965622 0.687532 0.1629541
v 0.4816037 0.6859781 0.1645083
v 0.4816037 0.0005175781 0.1645083
v 0.4800497 0.002716064 0.1629541
v 0.4800497 0.6837802 0.1629541
v 0.4816037 0.0005175781 0.1645083
v 0.4965622 0.0005175781 0.1645083
v 0.4965622 -0.001035156 0.1629541
v 0.4816037 -0.001036377 0.1629541
v 0.4965622 0.6859781 0.1645083
v 0.5041867 0.6778696 0.156884
v 0.5041885 0.00862793 0.1568818
v 0.4965622 0.0005175781 0.1645083
v 0.4816037 -0.001036377 0.1629541
v 0.4816037 -0.001036377 -0.3674493
v 0.4800491 0.0005175781 -0.3652516
v 0.4800497 0.0005175781 0.1607563
v 0.4816037 -0.001036377 -0.3674493
v 0.4965616 -0.001036377 -0.3674493
v 0.4965616 0.0005175781 -0.3690035
v 0.4816037 0.0005175781 -0.3690031
v 0.4965622 -0.001035156 0.1629541
v 0.5041867 0.006589355 0.154847
v 0.5041879 0.006590576 -0.3593397
v 0.4965616 -0.001036377 -0.3674493
v 0.4816037 0.0005175781 -0.3690031
v 0.4816037 0.6859781 -0.3690035
v 0.4800491 0.6837802 -0.3674493
v 0.4800491 0.002716064 -0.3674493
v 0.4816037 0.6859781 -0.3690035
v 0.4965616 0.6859781 -0.3690035
v 0.4965616 0.6875314 -0.3674493
v 0.4816037 0.6875314 -0.3674493
v 0.4965616 0.0005175781 -0.3690035
v 0.5041861 0.008625488 -0.3613794
v 0.5041879 0.6778677 -0.3613771
v 0.4965616 0.6859781 -0.3690035
v 0.4816037 0.6875314 -0.3674493
v 0.4816037 0.6875314 0.1629541
v 0.4800497 0.6859787 0.1607563
v 0.4800491 0.6859781 -0.3652516
v 0.4965616 0.6875314 -0.3674493
v 0.5041861 0.6799069 -0.359342
v 0.5041885 0.6799051 0.1548447
v 0.4965622 0.687532 0.1629541
v 0.4965622 0.687532 0.1629541
v 0.5041885 0.6799051 0.1548447
v 0.5041867 0.6778696 0.156884
v 0.4965622 0.6859781 0.1645083
v 0.4965616 0.6859781 -0.3690035
v 0.5041879 0.6778677 -0.3613771
v 0.5041861 0.6799069 -0.359342
v 0.4965616 0.6875314 -0.3674493
v 0.4965616 -0.001036377 -0.3674493
v 0.5041879 0.006590576 -0.3593397
v 0.5041861 0.008625488 -0.3613794
v 0.4965616 0.0005175781 -0.3690035
v 0.4965622 0.0005175781 0.1645083
v 0.5041885 0.00862793 0.1568818
v 0.5041867 0.006589355 0.154847
v 0.4965622 -0.001035156 0.1629541
v 0.4920132 0.1046558 0.060592
v 0.4806711 0.1042102 0.05926281
v 0.4806717 0.1042102 0.05664501
v 0.4920132 0.1028809 0.05881626
v 0.4920132 0.5818396 0.06059162
v 0.4806711 0.5822876 0.0592625
v 0.4806711 0.1042102 0.05926281
v 0.4920132 0.1046558 0.060592
v 0.4920132 0.5836169 0.05881596
v 0.4806711 0.5822876 0.0568745
v 0.4806711 0.5822876 0.0592625
v 0.4920132 0.5818396 0.06059162
v 0.4970389 0.0876184 0.07771602
v 0.4920132 0.1046558 0.060592
v 0.4920132 0.1028809 0.05881626
v 0.4970389 0.08575562 0.0758543
v 0.4970389 0.5988794 0.07771584
v 0.4920132 0.5818396 0.06059162
v 0.4920132 0.1046558 0.060592
v 0.4970389 0.0876184 0.07771602
v 0.4970389 0.6007397 0.07585411
v 0.4920132 0.5836169 0.05881596
v 0.4920132 0.5818396 0.06059162
v 0.4970389 0.5988794 0.07771584
v 0.5014486 0.08525512 0.08009346
v 0.4970389 0.0876184 0.07771602
v 0.4970389 0.08575562 0.0758543
v 0.5014486 0.0833789 0.07821686
v 0.5014486 0.6012402 0.08009304
v 0.4970389 0.5988794 0.07771584
v 0.4970389 0.0876184 0.07771602
v 0.5014486 0.08525512 0.08009346
v 0.5014486 0.6031165 0.07821666
v 0.4970389 0.6007397 0.07585411
v 0.4970389 0.5988794 0.07771584
v 0.5014486 0.6012402 0.08009304
v 0.5043319 0.07899047 0.08615784
v 0.5014486 0.08525512 0.08009346
v 0.5014486 0.0833789 0.07821686
v 0.5043319 0.07726929 0.0842279
v 0.5043319 0.6099854 0.08487518
v 0.5014486 0.6031165 0.07821666
v 0.5014486 0.6012402 0.08009304
v 0.5043319 0.6077465 0.08695335
v 0.4920132 0.1028796 -0.2633112
v 0.4806717 0.1042102 -0.2616933
v 0.4806711 0.104209 -0.2637576
v 0.4920132 0.1046558 -0.2650869
v 0.4920132 0.1028809 0.05881626
v 0.4806717 0.1042102 0.05664501
v 0.4806717 0.1042102 -0.2616933
v 0.4920132 0.1028796 -0.2633112
v 0.4970389 0.08575562 -0.2803492
v 0.4920132 0.1028796 -0.2633112
v 0.4920132 0.1046558 -0.2650869
v 0.4970389 0.0876184 -0.282211
v 0.4970389 0.08575562 0.0758543
v 0.4920132 0.1028809 0.05881626
v 0.4920132 0.1028796 -0.2633112
v 0.4970389 0.08575562 -0.2803492
v 0.5014486 0.0833789 -0.2827117
v 0.4970389 0.08575562 -0.2803492
v 0.4970389 0.0876184 -0.282211
v 0.5014486 0.08525512 -0.2845881
v 0.5014486 0.0833789 0.07821686
v 0.4970389 0.08575562 0.0758543
v 0.4970389 0.08575562 -0.2803492
v 0.5014486 0.0833789 -0.2827117
v 0.5043325 0.07707763 -0.2888064
v 0.5014486 0.0833789 -0.2827117
v 0.5014486 0.08525512 -0.2845881
v 0.5043325 0.07919434 -0.2908406
v 0.5043319 0.07726929 0.0842279
v 0.5014486 0.0833789 0.07821686
v 0.5014486 0.0833789 -0.2827117
v 0.5043325 0.07707763 -0.2888064
v 0.4920132 0.1046558 -0.2650869
v 0.4806711 0.104209 -0.2637576
v 0.4806711 0.5822876 -0.2637579
v 0.4920132 0.5818396 -0.2650871
v 0.4920132 0.5818396 -0.2650871
v 0.4806711 0.5822876 -0.2637579
v 0.4806711 0.5822876 -0.2622777
v 0.4920132 0.5836169 -0.2633114
v 0.4970389 0.0876184 -0.282211
v 0.4920132 0.1046558 -0.2650869
v 0.4920132 0.5818396 -0.2650871
v 0.4970389 0.5988781 -0.2822113
v 0.4970389 0.5988781 -0.2822113
v 0.4920132 0.5818396 -0.2650871
v 0.4920132 0.5836169 -0.2633114
v 0.4970389 0.6007397 -0.2803495
v 0.5014486 0.08525512 -0.2845881
v 0.4970389 0.0876184 -0.282211
v 0.4970389 0.5988781 -0.2822113
v 0.5014486 0.6012402 -0.2845883
v 0.5014486 0.6012402 -0.2845883
v 0.4970389 0.5988781 -0.2822113
v 0.4970389 0.6007397 -0.2803495
v 0.5014486 0.6031165 -0.282712
v 0.5043325 0.6085473 -0.2921335
v 0.5014486 0.6012402 -0.2845883
v 0.5014486 0.6031165 -0.282712
v 0.5043325 0.6102759 -0.2900673
v 0.4920132 0.5836169 -0.2633114
v 0.4806711 0.5822876 -0.2622777
v 0.4806711 0.5822876 0.0568745
v 0.4920132 0.5836169 0.05881596
v 0.4970389 0.6007397 -0.2803495
v 0.4920132 0.5836169 -0.2633114
v 0.4920132 0.5836169 0.05881596
v 0.4970389 0.6007397 0.07585411
v 0.5014486 0.6031165 -0.282712
v 0.4970389 0.6007397 -0.2803495
v 0.4970389 0.6007397 0.07585411
v 0.5014486 0.6031165 0.07821666
v 0.5043319 0.07899047 0.08615784
v 0.5043319 0.6077465 0.08695335
v 0.5014486 0.6012402 0.08009304
v 0.5014486 0.08525512 0.08009346
v 0.5043325 0.6085473 -0.2921335
v 0.5043325 0.07919434 -0.2908406
v 0.5014486 0.08525512 -0.2845881
v 0.5014486 0.6012402 -0.2845883
v 0.5043319 0.6099854 0.08487518
v 0.5043325 0.6102759 -0.2900673
v 0.5014486 0.6031165 -0.282712
v 0.5014486 0.6031165 0.07821666
v 0.5041885 0.6799051 0.1548447
v 0.5043319 0.6077465 0.08695335
v 0.5041867 0.6778696 0.156884
v 0.5043319 0.6099854 0.08487518
v 0.5041885 0.6799051 0.1548447
v 0.5043325 0.6102759 -0.2900673
v 0.5041861 0.6799069 -0.359342
v 0.5041879 0.6778677 -0.3613771
v 0.5043325 0.6085473 -0.2921335
v 0.5041861 0.6799069 -0.359342
v 0.5041885 0.00862793 0.1568818
v 0.5043319 0.07899047 0.08615784
v 0.5043319 0.07726929 0.0842279
v 0.5041867 0.006589355 0.154847
v 0.5041867 0.006589355 0.154847
v 0.5043325 0.07707763 -0.2888064
v 0.5041879 0.006590576 -0.3593397
v 0.5043325 0.07919434 -0.2908406
v 0.5041861 0.008625488 -0.3613794
v 0.5041879 0.006590576 -0.3593397
v 0.4800497 0.008051758 0.1576172
v 0.4800497 0.6784439 0.1576172
v 0.4800497 0.6837802 0.1629541
v 0.4800497 0.002716064 0.1629541
v 0.4800497 0.6837802 0.1629541
v 0.4800497 0.6784439 0.1576172
v 0.4800497 0.6806418 0.1554201
v 0.4800497 0.6859787 0.1607563
v 0.4800491 0.6806412 -0.3599155
v 0.4800497 0.6859787 0.1607563
v 0.4800491 0.6859781 -0.3652516
v 0.4800491 0.6784439 -0.3621125
v 0.4800491 0.6859781 -0.3652516
v 0.4800491 0.6837802 -0.3674493
v 0.4800491 0.008051758 -0.3621125
v 0.4800491 0.002716064 -0.3674493
v 0.4800491 0.6837802 -0.3674493
v 0.4800491 0.6784439 -0.3621125
v 0.4800491 0.005854492 -0.3599154
v 0.4800491 0.0005175781 -0.3652516
v 0.4800491 0.002716064 -0.3674493
v 0.4800491 0.008051758 -0.3621125
v 0.4800497 0.005854492 0.1554202
v 0.4800491 0.0005175781 -0.3652516
v 0.4800497 0.0005175781 0.1607563
v 0.4800497 0.008051758 0.1576172
v 0.4800497 0.0005175781 0.1607563
v 0.4800497 0.002716064 0.1629541
v 0.5043319 0.6077465 0.08695335
v 0.5043319 0.07899047 0.08615784
v 0.5041885 0.00862793 0.1568818
v 0.5041867 0.6778696 0.156884
v 0.5041879 0.6778677 -0.3613771
v 0.5041861 0.008625488 -0.3613794
v 0.5043325 0.07919434 -0.2908406
v 0.5043325 0.6085473 -0.2921335
v 0.4806711 0.5822876 0.0592625
v 0.4806717 0.1042102 0.05664501
v 0.4806711 0.1042102 0.05926281
v 0.4806711 0.5822876 0.0568745
v 0.4806717 0.1042102 -0.2616933
v 0.4806711 0.5822876 -0.2622777
v 0.4806711 0.104209 -0.2637576
v 0.4806711 0.5822876 -0.2637579
v 0.4816037 0.7032818 0.3955322
v 0.4816037 1.388742 0.3955322
v 0.4965622 1.388742 0.3955322
v 0.4965622 0.7032818 0.3955322
v 0.4816037 0.7017279 0.174186
v 0.4816037 0.7017279 0.393978
v 0.4965622 0.7017285 0.393978
v 0.4965616 0.7017279 0.174186
v 0.4816037 1.388742 0.1726318
v 0.4816037 0.7032818 0.1726323
v 0.4965616 0.7032812 0.1726318
v 0.4965616 1.388742 0.1726318
v 0.4816037 1.390295 0.393978
v 0.4816037 1.390295 0.174186
v 0.4965616 1.390295 0.174186
v 0.4965622 1.390296 0.393978
v 0.4816037 1.390295 0.393978
v 0.4816037 1.388742 0.3955322
v 0.4800497 1.386544 0.393978
v 0.4800497 1.388743 0.3917801
v 0.4800497 0.7054803 0.393978
v 0.4816037 0.7032818 0.3955322
v 0.4816037 0.7017279 0.393978
v 0.4800497 0.7032818 0.3917801
v 0.4800491 0.7032818 0.1763837
v 0.4816037 0.7017279 0.174186
v 0.4816037 0.7032818 0.1726323
v 0.4800491 0.7054797 0.174186
v 0.4816037 1.390295 0.174186
v 0.4800491 1.388742 0.1763837
v 0.4800491 1.386544 0.174186
v 0.4816037 1.388742 0.1726318
v 0.4965622 1.388742 0.3955322
v 0.4816037 1.388742 0.3955322
v 0.4816037 1.390295 0.393978
v 0.4965622 1.390296 0.393978
v 0.4816037 1.388742 0.3955322
v 0.4816037 0.7032818 0.3955322
v 0.4800497 0.7054803 0.393978
v 0.4800497 1.386544 0.393978
v 0.4816037 0.7032818 0.3955322
v 0.4965622 0.7032818 0.3955322
v 0.4965622 0.7017285 0.393978
v 0.4816037 0.7017279 0.393978
v 0.4965622 1.388742 0.3955322
v 0.5041867 1.380633 0.3879079
v 0.5041885 0.7113922 0.3879057
v 0.4965622 0.7032818 0.3955322
v 0.4816037 0.7017279 0.393978
v 0.4816037 0.7017279 0.174186
v 0.4800491 0.7032818 0.1763837
v 0.4800497 0.7032818 0.3917801
v 0.4816037 0.7017279 0.174186
v 0.4965616 0.7017279 0.174186
v 0.4965616 0.7032812 0.1726318
v 0.4816037 0.7032818 0.1726323
v 0.4965622 0.7017285 0.393978
v 0.5041867 0.709353 0.3858708
v 0.5041879 0.7093548 0.1822956
v 0.4965616 0.7017279 0.174186
v 0.4816037 0.7032818 0.1726323
v 0.4816037 1.388742 0.1726318
v 0.4800491 1.386544 0.174186
v 0.4800491 0.7054797 0.174186
v 0.4816037 1.388742 0.1726318
v 0.4965616 1.388742 0.1726318
v 0.4965616 1.390295 0.174186
v 0.4816037 1.390295 0.174186
v 0.4965616 0.7032812 0.1726318
v 0.5041861 0.7113891 0.180256
v 0.5041879 1.380632 0.1802583
v 0.4965616 1.388742 0.1726318
v 0.4816037 1.390295 0.174186
v 0.4816037 1.390295 0.393978
v 0.4800497 1.388743 0.3917801
v 0.4800491 1.388742 0.1763837
v 0.4965616 1.390295 0.174186
v 0.5041861 1.382671 0.1822934
v 0.5041885 1.382669 0.3858685
v 0.4965622 1.390296 0.393978
v 0.4965622 1.390296 0.393978
v 0.5041885 1.382669 0.3858685
v 0.5041867 1.380633 0.3879079
v 0.4965622 1.388742 0.3955322
v 0.4965616 1.388742 0.1726318
v 0.5041879 1.380632 0.1802583
v 0.5041861 1.382671 0.1822934
v 0.4965616 1.390295 0.174186
v 0.4965616 0.7017279 0.174186
v 0.5041879 0.7093548 0.1822956
v 0.5041861 0.7113891 0.180256
v 0.4965616 0.7032812 0.1726318
v 0.4965622 0.7032818 0.3955322
v 0.5041885 0.7113922 0.3879057
v 0.5041867 0.709353 0.3858708
v 0.4965622 0.7017285 0.393978
v 0.4920132 0.80742 0.306197
v 0.4806711 0.8069739 0.3048679
v 0.4806717 0.8069739 0.3022501
v 0.4920132 0.8056445 0.3044213
v 0.4920132 1.284603 0.3061967
v 0.4806711 1.285051 0.3048675
v 0.4806711 0.8069739 0.3048679
v 0.4920132 0.80742 0.306197
v 0.4920132 1.286381 0.304421
v 0.4806711 1.285051 0.3024795
v 0.4806711 1.285051 0.3048675
v 0.4920132 1.284603 0.3061967
v 0.4970389 0.7903821 0.3233211
v 0.4920132 0.80742 0.306197
v 0.4920132 0.8056445 0.3044213
v 0.4970389 0.7885199 0.3214594
v 0.4970389 1.301643 0.3233209
v 0.4920132 1.284603 0.3061967
v 0.4920132 0.80742 0.306197
v 0.4970389 0.7903821 0.3233211
v 0.4970389 1.303504 0.3214592
v 0.4920132 1.286381 0.304421
v 0.4920132 1.284603 0.3061967
v 0.4970389 1.301643 0.3233209
v 0.5014486 0.7880194 0.3256986
v 0.4970389 0.7903821 0.3233211
v 0.4970389 0.7885199 0.3214594
v 0.5014486 0.7861432 0.3238219
v 0.5014486 1.304004 0.3256981
v 0.4970389 1.301643 0.3233209
v 0.4970389 0.7903821 0.3233211
v 0.5014486 0.7880194 0.3256986
v 0.5014486 1.305881 0.3238217
v 0.4970389 1.303504 0.3214592
v 0.4970389 1.301643 0.3233209
v 0.5014486 1.304004 0.3256981
v 0.5043319 0.7817541 0.3317629
v 0.5014486 0.7880194 0.3256986
v 0.5014486 0.7861432 0.3238219
v 0.5043319 0.7800335 0.3298329
v 0.5043319 1.31275 0.3304802
v 0.5014486 1.305881 0.3238217
v 0.5014486 1.304004 0.3256981
v 0.5043319 1.310511 0.3325584
v 0.4920132 0.8056433 0.2630286
v 0.4806717 0.8069739 0.2646465
v 0.4806711 0.8069732 0.2625822
v 0.4920132 0.80742 0.261253
v 0.4920132 0.8056445 0.3044213
v 0.4806717 0.8069739 0.3022501
v 0.4806717 0.8069739 0.2646465
v 0.4920132 0.8056433 0.2630286
v 0.4970389 0.7885199 0.2459906
v 0.4920132 0.8056433 0.2630286
v 0.4920132 0.80742 0.261253
v 0.4970389 0.7903821 0.2441289
v 0.4970389 0.7885199 0.3214594
v 0.4920132 0.8056445 0.3044213
v 0.4920132 0.8056433 0.2630286
v 0.4970389 0.7885199 0.2459906
v 0.5014486 0.7861432 0.2436281
v 0.4970389 0.7885199 0.2459906
v 0.4970389 0.7903821 0.2441289
v 0.5014486 0.7880194 0.2417517
v 0.5014486 0.7861432 0.3238219
v 0.4970389 0.7885199 0.3214594
v 0.4970389 0.7885199 0.2459906
v 0.5014486 0.7861432 0.2436281
v 0.5043325 0.7798419 0.2375334
v 0.5014486 0.7861432 0.2436281
v 0.5014486 0.7880194 0.2417517
v 0.5043325 0.781958 0.2354993
v 0.5043319 0.7800335 0.3298329
v 0.5014486 0.7861432 0.3238219
v 0.5014486 0.7861432 0.2436281
v 0.5043325 0.7798419 0.2375334
v 0.4920132 0.80742 0.261253
v 0.4806711 0.8069732 0.2625822
v 0.4806711 1.285051 0.2625819
v 0.4920132 1.284603 0.2612527
v 0.4920132 1.284603 0.2612527
v 0.4806711 1.285051 0.2625819
v 0.4806711 1.285051 0.2640621
v 0.4920132 1.286381 0.2630284
v 0.4970389 0.7903821 0.2441289
v 0.4920132 0.80742 0.261253
v 0.4920132 1.284603 0.2612527
v 0.4970389 1.301642 0.2441286
v 0.4970389 1.301642 0.2441286
v 0.4920132 1.284603 0.2612527
v 0.4920132 1.286381 0.2630284
v 0.4970389 1.303504 0.2459903
v 0.5014486 0.7880194 0.2417517
v 0.4970389 0.7903821 0.2441289
v 0.4970389 1.301642 0.2441286
v 0.5014486 1.304004 0.2417515
v 0.5014486 1.304004 0.2417515
v 0.4970389 1.301642 0.2441286
v 0.4970389 1.303504 0.2459903
v 0.5014486 1.305881 0.2436278
v 0.5043325 1.311312 0.2342063
v 0.5014486 1.304004 0.2417515
v 0.5014486 1.305881 0.2436278
v 0.5043325 1.31304 0.2362726
v 0.4920132 1.286381 0.2630284
v 0.4806711 1.285051 0.2640621
v 0.4806711 1.285051 0.3024795
v 0.4920132 1.286381 0.304421
v 0.4970389 1.303504 0.2459903
v 0.4920132 1.286381 0.2630284
v 0.4920132 1.286381 0.304421
v 0.4970389 1.303504 0.3214592
v 0.5014486 1.305881 0.2436278
v 0.4970389 1.303504 0.2459903
v 0.4970389 1.303504 0.3214592
v 0.5014486 1.305881 0.3238217
v 0.5043319 0.7817541 0.3317629
v 0.5043319 1.310511 0.3325584
v 0.5014486 1.304004 0.3256981
v 0.5014486 0.7880194 0.3256986
v 0.5043325 1.311312 0.2342063
v 0.5043325 0.781958 0.2354993
v 0.5014486 0.7880194 0.2417517
v 0.5014486 1.304004 0.2417515
v 0.5043319 1.31275 0.3304802
v 0.5043325 1.31304 0.2362726
v 0.5014486 1.305881 0.2436278
v 0.5014486 1.305881 0.3238217
v 0.5041885 1.382669 0.3858685
v 0.5043319 1.310511 0.3325584
v 0.5041867 1.380633 0.3879079
v 0.5043319 1.31275 0.3304802
v 0.5041885 1.382669 0.3858685
v 0.5043325 1.31304 0.2362726
v 0.5041861 1.382671 0.1822934
v 0.5041879 1.380632 0.1802583
v 0.5043325 1.311312 0.2342063
v 0.5041861 1.382671 0.1822934
v 0.5041885 0.7113922 0.3879057
v 0.5043319 0.7817541 0.3317629
v 0.5043319 0.7800335 0.3298329
v 0.5041867 0.709353 0.3858708
v 0.5041867 0.709353 0.3858708
v 0.5043319 0.7800335 0.3298329
v 0.5043325 0.7798419 0.2375334
v 0.5041879 0.7093548 0.1822956
v 0.5043325 0.781958 0.2354993
v 0.5041861 0.7113891 0.180256
v 0.5041879 0.7093548 0.1822956
v 0.4800497 0.710816 0.388641
v 0.4800497 1.381208 0.388641
v 0.4800497 1.386544 0.393978
v 0.4800497 0.7054803 0.393978
v 0.4800497 1.386544 0.393978
v 0.4800497 1.381208 0.388641
v 0.4800497 1.383406 0.3864439
v 0.4800497 1.388743 0.3917801
v 0.4800491 1.383405 0.1817199
v 0.4800497 1.388743 0.3917801
v 0.4800491 1.388742 0.1763837
v 0.4800491 1.381208 0.1795229
v 0.4800491 1.388742 0.1763837
v 0.4800491 1.386544 0.174186
v 0.4800491 0.710816 0.1795229
v 0.4800491 0.7054797 0.174186
v 0.4800491 1.386544 0.174186
v 0.4800491 1.381208 0.1795229
v 0.4800491 0.7086188 0.1817199
v 0.4800491 0.7032818 0.1763837
v 0.4800491 0.7054797 0.174186
v 0.4800491 0.710816 0.1795229
v 0.4800497 0.7086188 0.3864441
v 0.4800491 0.7032818 0.1763837
v 0.4800497 0.7032818 0.3917801
v 0.4800497 0.710816 0.388641
v 0.4800497 0.7032818 0.3917801
v 0.4800497 0.7054803 0.393978
v 0.5043319 1.310511 0.3325584
v 0.5043319 0.7817541 0.3317629
v 0.5041885 0.7113922 0.3879057
v 0.5041867 1.380633 0.3879079
v 0.5041879 1.380632 0.1802583
v 0.5041861 0.7113891 0.180256
v 0.5043325 0.781958 0.2354993
v 0.5043325 1.311312 0.2342063
v 0.4806711 1.285051 0.3048675
v 0.4806717 0.8069739 0.3022501
v 0.4806711 0.8069739 0.3048679
v 0.4806711 1.285051 0.3024795
v 0.4806717 0.8069739 0.2646465
v 0.4806711 1.285051 0.2640621
v 0.4806711 0.8069732 0.2625822
v 0.4806711 1.285051 0.2625819
v 0.4816037 0.7032818 0.1645083
v 0.4816037 1.388742 0.1645083
v 0.4965622 1.388742 0.1645083
v 0.4965622 0.7032818 0.1645083
v 0.4816037 0.7017279 -0.3674493
v 0.4816037 0.7017279 0.1629541
v 0.4965622 0.7017285 0.1629541
v 0.4965616 0.7017279 -0.3674493
v 0.4816037 1.388742 -0.3690035
v 0.4816037 0.7032818 -0.3690031
v 0.4965616 0.7032812 -0.3690035
v 0.4965616 1.388742 -0.3690035
v 0.4816037 1.390295 0.1629541
v 0.4816037 1.390295 -0.3674493
v 0.4965616 1.390295 -0.3674493
v 0.4965622 1.390296 0.1629541
v 0.4816037 1.390295 0.1629541
v 0.4816037 1.388742 0.1645083
v 0.4800497 1.386544 0.1629541
v 0.4800497 1.388743 0.1607563
v 0.4800497 0.7054803 0.1629541
v 0.4816037 0.7032818 0.1645083
v 0.4816037 0.7017279 0.1629541
v 0.4800497 0.7032818 0.1607563
v 0.4800491 0.7032818 -0.3652516
v 0.4816037 0.7017279 -0.3674493
v 0.4816037 0.7032818 -0.3690031
v 0.4800491 0.7054797 -0.3674493
v 0.4816037 1.390295 -0.3674493
v 0.4800491 1.388742 -0.3652516
v 0.4800491 1.386544 -0.3674493
v 0.4816037 1.388742 -0.3690035
v 0.4965622 1.388742 0.1645083
v 0.4816037 1.388742 0.1645083
v 0.4816037 1.390295 0.1629541
v 0.4965622 1.390296 0.1629541
v 0.4816037 1.388742 0.1645083
v 0.4816037 0.7032818 0.1645083
v 0.4800497 0.7054803 0.1629541
v 0.4800497 1.386544 0.1629541
v 0.4816037 0.7032818 0.1645083
v 0.4965622 0.7032818 0.1645083
v 0.4965622 0.7017285 0.1629541
v 0.4816037 0.7017279 0.1629541
v 0.4965622 1.388742 0.1645083
v 0.5041867 1.380633 0.156884
v 0.5041885 0.7113922 0.1568818
v 0.4965622 0.7032818 0.1645083
v 0.4816037 0.7017279 0.1629541
v 0.4816037 0.7017279 -0.3674493
v 0.4800491 0.7032818 -0.3652516
v 0.4800497 0.7032818 0.1607563
v 0.4816037 0.7017279 -0.3674493
v 0.4965616 0.7017279 -0.3674493
v 0.4965616 0.7032812 -0.3690035
v 0.4816037 0.7032818 -0.3690031
v 0.4965622 0.7017285 0.1629541
v 0.5041867 0.709353 0.154847
v 0.5041879 0.7093548 -0.3593397
v 0.4965616 0.7017279 -0.3674493
v 0.4816037 0.7032818 -0.3690031
v 0.4816037 1.388742 -0.3690035
v 0.4800491 1.386544 -0.3674493
v 0.4800491 0.7054797 -0.3674493
v 0.4816037 1.388742 -0.3690035
v 0.4965616 1.388742 -0.3690035
v 0.4965616 1.390295 -0.3674493
v 0.4816037 1.390295 -0.3674493
v 0.4965616 0.7032812 -0.3690035
v 0.5041861 0.7113891 -0.3613794
v 0.5041879 1.380632 -0.3613771
v 0.4965616 1.388742 -0.3690035
v 0.4816037 1.390295 -0.3674493
v 0.4816037 1.390295 0.1629541
v 0.4800497 1.388743 0.1607563
v 0.4800491 1.388742 -0.3652516
v 0.4965616 1.390295 -0.3674493
v 0.5041861 1.382671 -0.359342
v 0.5041885 1.382669 0.1548447
v 0.4965622 1.390296 0.1629541
v 0.4965622 1.390296 0.1629541
v 0.5041885 1.382669 0.1548447
v 0.5041867 1.380633 0.156884
v 0.4965622 1.388742 0.1645083
v 0.4965616 1.388742 -0.3690035
v 0.5041879 1.380632 -0.3613771
v 0.5041861 1.382671 -0.359342
v 0.4965616 1.390295 -0.3674493
v 0.4965616 0.7017279 -0.3674493
v 0.5041879 0.7093548 -0.3593397
v 0.5041861 0.7113891 -0.3613794
v 0.4965616 0.7032812 -0.3690035
v 0.4965622 0.7032818 0.1645083
v 0.5041885 0.7113922 0.1568818
v 0.5041867 0.709353 0.154847
v 0.4965622 0.7017285 0.1629541
v 0.4920132 0.80742 0.060592
v 0.4806711 0.8069739 0.05926281
v 0.4806717 0.8069739 0.05664501
v 0.4920132 0.8056445 0.05881626
v 0.4920132 1.284603 0.06059162
v 0.4806711 1.285051 0.0592625
v 0.4806711 0.8069739 0.05926281
v 0.4920132 0.80742 0.060592
v 0.4920132 1.286381 0.05881596
v 0.4806711 1.285051 0.0568745
v 0.4806711 1.285051 0.0592625
v 0.4920132 1.284603 0.06059162
v 0.4970389 0.7903821 0.07771602
v 0.4920132 0.80742 0.060592
v 0.4920132 0.8056445 0.05881626
v 0.4970389 0.7885199 0.0758543
v 0.4970389 1.301643 0.07771584
v 0.4920132 1.284603 0.06059162
v 0.4920132 0.80742 0.060592
v 0.4970389 0.7903821 0.07771602
v 0.4970389 1.303504 0.07585411
v 0.4920132 1.286381 0.05881596
v 0.4920132 1.284603 0.06059162
v 0.4970389 1.301643 0.07771584
v 0.5014486 0.7880194 0.08009346
v 0.4970389 0.7903821 0.07771602
v 0.4970389 0.7885199 0.0758543
v 0.5014486 0.7861432 0.07821686
v 0.5014486 1.304004 0.08009304
v 0.4970389 1.301643 0.07771584
v 0.4970389 0.7903821 0.07771602
v 0.5014486 0.7880194 0.08009346
v 0.5014486 1.305881 0.07821666
v 0.4970389 1.303504 0.07585411
v 0.4970389 1.301643 0.07771584
v 0.5014486 1.304004 0.08009304
v 0.5043319 0.7817541 0.08615784
v 0.5014486 0.7880194 0.08009346
v 0.5014486 0.7861432 0.07821686
v 0.5043319 0.7800335 0.0842279
v 0.5043319 1.31275 0.08487518
v 0.5014486 1.305881 0.07821666
v 0.5014486 1.304004 0.08009304
v 0.5043319 1.310511 0.08695335
v 0.4920132 0.8056433 -0.2633112
v 0.4806717 0.8069739 -0.2616933
v 0.4806711 0.8069732 -0.2637576
v 0.4920132 0.80742 -0.2650869
v 0.4920132 0.8056445 0.05881626
v 0.4806717 0.8069739 0.05664501
v 0.4806717 0.8069739 -0.2616933
v 0.4920132 0.8056433 -0.2633112
v 0.4970389 0.7885199 -0.2803492
v 0.4920132 0.8056433 -0.2633112
v 0.4920132 0.80742 -0.2650869
v 0.4970389 0.7903821 -0.282211
v 0.4970389 0.7885199 0.0758543
v 0.4920132 0.8056445 0.05881626
v 0.4920132 0.8056433 -0.2633112
v 0.4970389 0.7885199 -0.2803492
v 0.5014486 0.7861432 -0.2827117
v 0.4970389 0.7885199 -0.2803492
v 0.4970389 0.7903821 -0.282211
v 0.5014486 0.7880194 -0.2845881
v 0.5014486 0.7861432 0.07821686
v 0.4970389 0.7885199 0.0758543
v 0.4970389 0.7885199 -0.2803492
v 0.5014486 0.7861432 -0.2827117
v 0.5043325 0.7798419 -0.2888064
v 0.5014486 0.7861432 -0.2827117
v 0.5014486 0.7880194 -0.2845881
v 0.5043325 0.781958 -0.2908406
v 0.5043319 0.7800335 0.0842279
v 0.5014486 0.7861432 0.07821686
v 0.5014486 0.7861432 -0.2827117
v 0.5043325 0.7798419 -0.2888064
v 0.4920132 0.80742 -0.2650869
v 0.4806711 0.8069732 -0.2637576
v 0.4806711 1.285051 -0.2637579
v 0.4920132 1.284603 -0.2650871
v 0.4920132 1.284603 -0.2650871
v 0.4806711 1.285051 -0.2637579
v 0.4806711 1.285051 -0.2622777
v 0.4920132 1.286381 -0.2633114
v 0.4970389 0.7903821 -0.282211
v 0.4920132 0.80742 -0.2650869
v 0.4920132 1.284603 -0.2650871
v 0.4970389 1.301642 -0.2822113
v 0.4970389 1.301642 -0.2822113
v 0.4920132 1.284603 -0.2650871
v 0.4920132 1.286381 -0.2633114
v 0.4970389 1.303504 -0.2803495
v 0.5014486 0.7880194 -0.2845881
v 0.4970389 0.7903821 -0.282211
v 0.4970389 1.301642 -0.2822113
v 0.5014486 1.304004 -0.2845883
v 0.5014486 1.304004 -0.2845883
v 0.4970389 1.301642 -0.2822113
v 0.4970389 1.303504 -0.2803495
v 0.5014486 1.305881 -0.282712
v 0.5043325 1.311312 -0.2921335
v 0.5014486 1.304004 -0.2845883
v 0.5014486 1.305881 -0.282712
v 0.5043325 1.31304 -0.2900673
v 0.4920132 1.286381 -0.2633114
v 0.4806711 1.285051 -0.2622777
v 0.4806711 1.285051 0.0568745
v 0.4920132 1.286381 0.05881596
v 0.4970389 1.303504 -0.2803495
v 0.4920132 1.286381 -0.2633114
v 0.4920132 1.286381 0.05881596
v 0.4970389 1.303504 0.07585411
v 0.5014486 1.305881 -0.282712
v 0.4970389 1.303504 -0.2803495
v 0.4970389 1.303504 0.07585411
v 0.5014486 1.305881 0.07821666
v 0.5043319 0.7817541 0.08615784
v 0.5043319 1.310511 0.08695335
v 0.5014486 1.304004 0.08009304
v 0.5014486 0.7880194 0.08009346
v 0.5043325 1.311312 -0.2921335
v 0.5043325 0.781958 -0.2908406
v 0.5014486 0.7880194 -0.2845881
v 0.5014486 1.304004 -0.2845883
v 0.5043319 1.31275 0.08487518
v 0.5043325 1.31304 -0.2900673
v 0.5014486 1.305881 -0.282712
v 0.5014486 1.305881 0.07821666
v 0.5041885 1.382669 0.1548447
v 0.5043319 1.310511 0.08695335
v 0.5041867 1.380633 0.156884
v 0.5043319 1.31275 0.08487518
v 0.5041885 1.382669 0.1548447
v 0.5043325 1.31304 -0.2900673
v 0.5041861 1.382671 -0.359342
v 0.5041879 1.380632 -0.3613771
v 0.5043325 1.311312 -0.2921335
v 0.5041861 1.382671 -0.359342
v 0.5041885 0.7113922 0.1568818
v 0.5043319 0.7817541 0.08615784
v 0.5043319 0.7800335 0.0842279
v 0.5041867 0.709353 0.154847
v 0.5041867 0.709353 0.154847
v 0.5043325 0.7798419 -0.2888064
v 0.5041879 0.7093548 -0.3593397
v 0.5043325 0.781958 -0.2908406
v 0.5041861 0.7113891 -0.3613794
v 0.5041879 0.7093548 -0.3593397
v 0.4800497 0.710816 0.1576172
v 0.4800497 1.381208 0.1576172
v 0.4800497 1.386544 0.1629541
v 0.4800497 0.7054803 0.1629541
v 0.4800497 1.386544 0.1629541
v 0.4800497 1.381208 0.1576172
v 0.4800497 1.383406 0.1554201
v 0.4800497 1.388743 0.1607563
v 0.4800491 1.383405 -0.3599155
v 0.4800497 1.388743 0.1607563
v 0.4800491 1.388742 -0.3652516
v 0.4800491 1.381208 -0.3621125
v 0.4800491 1.388742 -0.3652516
v 0.4800491 1.386544 -0.3674493
v 0.4800491 0.710816 -0.3621125
v 0.4800491 0.7054797 -0.3674493
v 0.4800491 1.386544 -0.3674493
v 0.4800491 1.381208 -0.3621125
v 0.4800491 0.7086188 -0.3599154
v 0.4800491 0.7032818 -0.3652516
v 0.4800491 0.7054797 -0.3674493
v 0.4800491 0.710816 -0.3621125
v 0.4800497 0.7086188 0.1554202
v 0.4800491 0.7032818 -0.3652516
v 0.4800497 0.7032818 0.1607563
v 0.4800497 0.710816 0.1576172
v 0.4800497 0.7032818 0.1607563
v 0.4800497 0.7054803 0.1629541
v 0.5043319 1.310511 0.08695335
v 0.5043319 0.7817541 0.08615784
v 0.5041885 0.7113922 0.1568818
v 0.5041867 1.380633 0.156884
v 0.5041879 1.380632 -0.3613771
v 0.5041861 0.7113891 -0.3613794
v 0.5043325 0.781958 -0.2908406
v 0.5043325 1.311312 -0.2921335
v 0.4806711 1.285051 0.0592625
v 0.4806717 0.8069739 0.05664501
v 0.4806711 0.8069739 0.05926281
v 0.4806711 1.285051 0.0568745
v 0.4806717 0.8069739 -0.2616933
v 0.4806711 1.285051 -0.2622777
v 0.4806711 0.8069732 -0.2637576
v 0.4806711 1.285051 -0.2637579
v 0.5048733 -0.7437121 0.3454948
v 0.5039761 -0.7466663 0.3466976
v 0.5048733 -0.7468786 0.3454948
v 0.5039761 -0.7439233 0.3466976
v 0.5048739 -0.7407349 0.3465783
v 0.5039761 -0.7413464 0.347636
v 0.5048739 -0.7383093 0.3486143
v 0.5039761 -0.7392443 0.3493993
v 0.5048739 -0.7367249 0.3513575
v 0.5039761 -0.7378723 0.3517752
v 0.5048739 -0.7361731 0.3544771
v 0.5039761 -0.737395 0.3544771
v 0.5048739 -0.7367249 0.3575965
v 0.5039761 -0.7378723 0.3571788
v 0.5048739 -0.7383081 0.3603397
v 0.5039761 -0.7392443 0.3595547
v 0.5048739 -0.7407349 0.3623759
v 0.5039761 -0.7413464 0.3613182
v 0.5048739 -0.7437109 0.3634592
v 0.5039761 -0.7439233 0.3622565
v 0.5048739 -0.7468786 0.3634592
v 0.5039761 -0.7466663 0.3622565
v 0.5048739 -0.7498547 0.3623759
v 0.5039761 -0.7492444 0.3613182
v 0.5048739 -0.7522827 0.3603397
v 0.5039761 -0.7513477 0.3595547
v 0.5048739 -0.753866 0.3575965
v 0.5039761 -0.7527185 0.3571788
v 0.5048739 -0.7544177 0.3544771
v 0.5039761 -0.7531958 0.3544771
v 0.5048733 -0.753866 0.3513575
v 0.5039761 -0.7527185 0.3517752
v 0.5048739 -0.7522827 0.3486143
v 0.5039761 -0.7513477 0.3493993
v 0.5048739 -0.7498547 0.3465783
v 0.5039761 -0.7492444 0.347636
v 0.5048733 -0.7468786 0.3454948
v 0.5039761 -0.7466663 0.3466976
v 0.5119693 -0.7436499 0.3451431
v 0.5048733 -0.7468786 0.3454948
v 0.5119693 -0.7469409 0.3451431
v 0.5048733 -0.7437121 0.3454948
v 0.5119699 -0.7405566 0.346269
v 0.5048739 -0.7407349 0.3465783
v 0.5119699 -0.7380347 0.3483848
v 0.5048739 -0.7383093 0.3486143
v 0.5119699 -0.7363892 0.3512353
v 0.5048739 -0.7367249 0.3513575
v 0.5119699 -0.7358167 0.3544771
v 0.5048739 -0.7361731 0.3544771
v 0.5119699 -0.7363892 0.3577186
v 0.5048739 -0.7367249 0.3575965
v 0.5119699 -0.7380347 0.3605694
v 0.5048739 -0.7383081 0.3603397
v 0.5119699 -0.7405566 0.3626851
v 0.5048739 -0.7407349 0.3623759
v 0.5119699 -0.7436499 0.3638109
v 0.5048739 -0.7437109 0.3634592
v 0.5119699 -0.7469409 0.3638109
v 0.5048739 -0.7468786 0.3634592
v 0.5119699 -0.7500342 0.3626851
v 0.5048739 -0.7498547 0.3623759
v 0.5119699 -0.7525561 0.3605694
v 0.5048739 -0.7522827 0.3603397
v 0.5048739 -0.753866 0.3575965
v 0.5119699 -0.7542017 0.3577186
v 0.5119699 -0.7547742 0.3544771
v 0.5048739 -0.7544177 0.3544771
v 0.5119693 -0.7542017 0.3512353
v 0.5048733 -0.753866 0.3513575
v 0.5119699 -0.7525561 0.3483848
v 0.5048739 -0.7522827 0.3486143
v 0.5119699 -0.7500342 0.346269
v 0.5048739 -0.7498547 0.3465783
v 0.5119693 -0.7469409 0.3451431
v 0.5048733 -0.7468786 0.3454948
v 0.5048733 -0.7437121 0.1100722
v 0.5039761 -0.7466663 0.111275
v 0.5048733 -0.7468786 0.1100722
v 0.5039761 -0.7439233 0.111275
v 0.5048739 -0.7407349 0.1111557
v 0.5039761 -0.7413464 0.1122134
v 0.5048739 -0.7383093 0.1131917
v 0.5039761 -0.7392443 0.1139767
v 0.5048739 -0.7367249 0.1159349
v 0.5039761 -0.7378723 0.1163526
v 0.5048739 -0.7361731 0.1190545
v 0.5039761 -0.737395 0.1190545
v 0.5048739 -0.7367249 0.1221739
v 0.5039761 -0.7378723 0.1217562
v 0.5048739 -0.7383081 0.1249171
v 0.5039761 -0.7392443 0.1241321
v 0.5048739 -0.7407349 0.1269533
v 0.5039761 -0.7413464 0.1258956
v 0.5048739 -0.7437109 0.1280366
v 0.5039761 -0.7439233 0.1268339
v 0.5048739 -0.7468786 0.1280366
v 0.5039761 -0.7466663 0.1268339
v 0.5048739 -0.7498547 0.1269533
v 0.5039761 -0.7492444 0.1258956
v 0.5048739 -0.7522827 0.1249171
v 0.5039761 -0.7513477 0.1241321
v 0.5048739 -0.753866 0.1221739
v 0.5039761 -0.7527185 0.1217562
v 0.5048739 -0.7544177 0.1190545
v 0.5039761 -0.7531958 0.1190545
v 0.5048733 -0.753866 0.1159349
v 0.5039761 -0.7527185 0.1163526
v 0.5048739 -0.7522827 0.1131917
v 0.5039761 -0.7513477 0.1139767
v 0.5048739 -0.7498547 0.1111557
v 0.5039761 -0.7492444 0.1122134
v 0.5048733 -0.7468786 0.1100722
v 0.5039761 -0.7466663 0.111275
v 0.5119693 -0.7436499 0.1097205
v 0.5048733 -0.7468786 0.1100722
v 0.5119693 -0.7469409 0.1097205
v 0.5048733 -0.7437121 0.1100722
v 0.5119699 -0.7405566 0.1108464
v 0.5048739 -0.7407349 0.1111557
v 0.5119699 -0.7380347 0.1129622
v 0.5048739 -0.7383093 0.1131917
v 0.5119699 -0.7363892 0.1158128
v 0.5048739 -0.7367249 0.1159349
v 0.5119699 -0.7358167 0.1190545
v 0.5048739 -0.7361731 0.1190545
v 0.5119699 -0.7363892 0.1222961
v 0.5048739 -0.7367249 0.1221739
v 0.5119699 -0.7380347 0.1251468
v 0.5048739 -0.7383081 0.1249171
v 0.5119699 -0.7405566 0.1272625
v 0.5048739 -0.7407349 0.1269533
v 0.5119699 -0.7436499 0.1283883
v 0.5048739 -0.7437109 0.1280366
v 0.5119699 -0.7469409 0.1283883
v 0.5048739 -0.7468786 0.1280366
v 0.5119699 -0.7500342 0.1272625
v 0.5048739 -0.7498547 0.1269533
v 0.5119699 -0.7525561 0.1251468
v 0.5048739 -0.7522827 0.1249171
v 0.5048739 -0.753866 0.1221739
v 0.5119699 -0.7542017 0.1222961
v 0.5119699 -0.7547742 0.1190545
v 0.5048739 -0.7544177 0.1190545
v 0.5119693 -0.7542017 0.1158128
v 0.5048733 -0.753866 0.1159349
v 0.5119699 -0.7525561 0.1129622
v 0.5048739 -0.7522827 0.1131917
v 0.5119699 -0.7500342 0.1108464
v 0.5048739 -0.7498547 0.1111557
v 0.5119693 -0.7469409 0.1097205
v 0.5048733 -0.7468786 0.1100722
v 0.4816037 -1.385634 0.3955322
v 0.4816037 -0.7001739 0.3955322
v 0.4965622 -0.7001739 0.3955322
v 0.4965622 -1.385634 0.3955322
v 0.4816037 -1.387188 0.174186
v 0.4816037 -1.387188 0.393978
v 0.4965622 -1.387187 0.393978
v 0.4965616 -1.387188 0.174186
v 0.4816037 -0.7001739 0.1726318
v 0.4816037 -1.385634 0.1726323
v 0.4965616 -1.385635 0.1726318
v 0.4965616 -0.7001739 0.1726318
v 0.4816037 -0.6986206 0.393978
v 0.4816037 -0.6986206 0.174186
v 0.4965616 -0.6986206 0.174186
v 0.4965622 -0.69862 0.393978
v 0.4816037 -0.6986206 0.393978
v 0.4816037 -0.7001739 0.3955322
v 0.4800497 -0.7023718 0.393978
v 0.4800497 -0.7001733 0.3917801
v 0.4800497 -1.383436 0.393978
v 0.4816037 -1.385634 0.3955322
v 0.4816037 -1.387188 0.393978
v 0.4800497 -1.385634 0.3917801
v 0.4800491 -1.385634 0.1763837
v 0.4816037 -1.387188 0.174186
v 0.4816037 -1.385634 0.1726323
v 0.4800491 -1.383436 0.174186
v 0.4816037 -0.6986206 0.174186
v 0.4800491 -0.7001739 0.1763837
v 0.4800491 -0.7023718 0.174186
v 0.4816037 -0.7001739 0.1726318
v 0.4965622 -0.7001739 0.3955322
v 0.4816037 -0.7001739 0.3955322
v 0.4816037 -0.6986206 0.393978
v 0.4965622 -0.69862 0.393978
v 0.4816037 -0.7001739 0.3955322
v 0.4816037 -1.385634 0.3955322
v 0.4800497 -1.383436 0.393978
v 0.4800497 -0.7023718 0.393978
v 0.4816037 -1.385634 0.3955322
v 0.4965622 -1.385634 0.3955322
v 0.4965622 -1.387187 0.393978
v 0.4816037 -1.387188 0.393978
v 0.4965622 -0.7001739 0.3955322
v 0.5041867 -0.7082825 0.3879079
v 0.5041885 -1.377524 0.3879057
v 0.4965622 -1.385634 0.3955322
v 0.4816037 -1.387188 0.393978
v 0.4816037 -1.387188 0.174186
v 0.4800491 -1.385634 0.1763837
v 0.4800497 -1.385634 0.3917801
v 0.4816037 -1.387188 0.174186
v 0.4965616 -1.387188 0.174186
v 0.4965616 -1.385635 0.1726318
v 0.4816037 -1.385634 0.1726323
v 0.4965622 -1.387187 0.393978
v 0.5041867 -1.379563 0.3858708
v 0.5041879 -1.379561 0.1822956
v 0.4965616 -1.387188 0.174186
v 0.4816037 -1.385634 0.1726323
v 0.4816037 -0.7001739 0.1726318
v 0.4800491 -0.7023718 0.174186
v 0.4800491 -1.383436 0.174186
v 0.4816037 -0.7001739 0.1726318
v 0.4965616 -0.7001739 0.1726318
v 0.4965616 -0.6986206 0.174186
v 0.4816037 -0.6986206 0.174186
v 0.4965616 -1.385635 0.1726318
v 0.5041861 -1.377527 0.180256
v 0.5041879 -0.7082843 0.1802583
v 0.4965616 -0.7001739 0.1726318
v 0.4816037 -0.6986206 0.174186
v 0.4816037 -0.6986206 0.393978
v 0.4800497 -0.7001733 0.3917801
v 0.4800491 -0.7001739 0.1763837
v 0.4965616 -0.6986206 0.174186
v 0.5041861 -0.7062451 0.1822934
v 0.5041885 -0.7062469 0.3858685
v 0.4965622 -0.69862 0.393978
v 0.4965622 -0.69862 0.393978
v 0.5041885 -0.7062469 0.3858685
v 0.5041867 -0.7082825 0.3879079
v 0.4965622 -0.7001739 0.3955322
v 0.4965616 -0.7001739 0.1726318
v 0.5041879 -0.7082843 0.1802583
v 0.5041861 -0.7062451 0.1822934
v 0.4965616 -0.6986206 0.174186
v 0.4965616 -1.387188 0.174186
v 0.5041879 -1.379561 0.1822956
v 0.5041861 -1.377527 0.180256
v 0.4965616 -1.385635 0.1726318
v 0.4965622 -1.385634 0.3955322
v 0.5041885 -1.377524 0.3879057
v 0.5041867 -1.379563 0.3858708
v 0.4965622 -1.387187 0.393978
v 0.4920132 -1.281496 0.306197
v 0.4806711 -1.281942 0.3048679
v 0.4806717 -1.281942 0.3022501
v 0.4920132 -1.283271 0.3044213
v 0.4920132 -0.8043127 0.3061967
v 0.4806711 -0.8038647 0.3048675
v 0.4806711 -1.281942 0.3048679
v 0.4920132 -1.281496 0.306197
v 0.4920132 -0.8025354 0.304421
v 0.4806711 -0.8038647 0.3024795
v 0.4806711 -0.8038647 0.3048675
v 0.4920132 -0.8043127 0.3061967
v 0.4970389 -1.298534 0.3233211
v 0.4920132 -1.281496 0.306197
v 0.4920132 -1.283271 0.3044213
v 0.4970389 -1.300396 0.3214594
v 0.4970389 -0.7872729 0.3233209
v 0.4920132 -0.8043127 0.3061967
v 0.4920132 -1.281496 0.306197
v 0.4970389 -1.298534 0.3233211
v 0.4970389 -0.785412 0.3214592
v 0.4920132 -0.8025354 0.304421
v 0.4920132 -0.8043127 0.3061967
v 0.4970389 -0.7872729 0.3233209
v 0.5014486 -1.300897 0.3256986
v 0.4970389 -1.298534 0.3233211
v 0.4970389 -1.300396 0.3214594
v 0.5014486 -1.302773 0.3238219
v 0.5014486 -0.7849115 0.3256981
v 0.4970389 -0.7872729 0.3233209
v 0.4970389 -1.298534 0.3233211
v 0.5014486 -1.300897 0.3256986
v 0.5014486 -0.7830353 0.3238217
v 0.4970389 -0.785412 0.3214592
v 0.4970389 -0.7872729 0.3233209
v 0.5014486 -0.7849115 0.3256981
v 0.5043319 -1.307162 0.3317629
v 0.5014486 -1.300897 0.3256986
v 0.5014486 -1.302773 0.3238219
v 0.5043319 -1.308882 0.3298329
v 0.5043319 -0.7761664 0.3304802
v 0.5014486 -0.7830353 0.3238217
v 0.5014486 -0.7849115 0.3256981
v 0.5043319 -0.7784051 0.3325584
v 0.4920132 -1.283273 0.2630286
v 0.4806717 -1.281942 0.2646465
v 0.4806711 -1.281943 0.2625822
v 0.4920132 -1.281496 0.261253
v 0.4920132 -1.283271 0.3044213
v 0.4806717 -1.281942 0.3022501
v 0.4806717 -1.281942 0.2646465
v 0.4920132 -1.283273 0.2630286
v 0.4970389 -1.300396 0.2459906
v 0.4920132 -1.283273 0.2630286
v 0.4920132 -1.281496 0.261253
v 0.4970389 -1.298534 0.2441289
v 0.4970389 -1.300396 0.3214594
v 0.4920132 -1.283271 0.3044213
v 0.4920132 -1.283273 0.2630286
v 0.4970389 -1.300396 0.2459906
v 0.5014486 -1.302773 0.2436281
v 0.4970389 -1.300396 0.2459906
v 0.4970389 -1.298534 0.2441289
v 0.5014486 -1.300897 0.2417517
v 0.5014486 -1.302773 0.3238219
v 0.4970389 -1.300396 0.3214594
v 0.4970389 -1.300396 0.2459906
v 0.5014486 -1.302773 0.2436281
v 0.5043325 -1.309074 0.2375334
v 0.5014486 -1.302773 0.2436281
v 0.5014486 -1.300897 0.2417517
v 0.5043325 -1.306958 0.2354993
v 0.5043319 -1.308882 0.3298329
v 0.5014486 -1.302773 0.3238219
v 0.5014486 -1.302773 0.2436281
v 0.5043325 -1.309074 0.2375334
v 0.4920132 -1.281496 0.261253
v 0.4806711 -1.281943 0.2625822
v 0.4806711 -0.8038647 0.2625819
v 0.4920132 -0.8043127 0.2612527
v 0.4920132 -0.8043127 0.2612527
v 0.4806711 -0.8038647 0.2625819
v 0.4806711 -0.8038647 0.2640621
v 0.4920132 -0.8025354 0.2630284
v 0.4970389 -1.298534 0.2441289
v 0.4920132 -1.281496 0.261253
v 0.4920132 -0.8043127 0.2612527
v 0.4970389 -0.7872742 0.2441286
v 0.4970389 -0.7872742 0.2441286
v 0.4920132 -0.8043127 0.2612527
v 0.4920132 -0.8025354 0.2630284
v 0.4970389 -0.785412 0.2459903
v 0.5014486 -1.300897 0.2417517
v 0.4970389 -1.298534 0.2441289
v 0.4970389 -0.7872742 0.2441286
v 0.5014486 -0.7849115 0.2417515
v 0.5014486 -0.7849115 0.2417515
v 0.4970389 -0.7872742 0.2441286
v 0.4970389 -0.785412 0.2459903
v 0.5014486 -0.7830353 0.2436278
v 0.5043325 -0.7776043 0.2342063
v 0.5014486 -0.7849115 0.2417515
v 0.5014486 -0.7830353 0.2436278
v 0.5043325 -0.7758759 0.2362726
v 0.4920132 -0.8025354 0.2630284
v 0.4806711 -0.8038647 0.2640621
v 0.4806711 -0.8038647 0.3024795
v 0.4920132 -0.8025354 0.304421
v 0.4970389 -0.785412 0.2459903
v 0.4920132 -0.8025354 0.2630284
v 0.4920132 -0.8025354 0.304421
v 0.4970389 -0.785412 0.3214592
v 0.5014486 -0.7830353 0.2436278
v 0.4970389 -0.785412 0.2459903
v 0.4970389 -0.785412 0.3214592
v 0.5014486 -0.7830353 0.3238217
v 0.5043319 -1.307162 0.3317629
v 0.5043319 -0.7784051 0.3325584
v 0.5014486 -0.7849115 0.3256981
v 0.5014486 -1.300897 0.3256986
v 0.5043325 -0.7776043 0.2342063
v 0.5043325 -1.306958 0.2354993
v 0.5014486 -1.300897 0.2417517
v 0.5014486 -0.7849115 0.2417515
v 0.5043319 -0.7761664 0.3304802
v 0.5043325 -0.7758759 0.2362726
v 0.5014486 -0.7830353 0.2436278
v 0.5014486 -0.7830353 0.3238217
v 0.5041885 -0.7062469 0.3858685
v 0.5043319 -0.7784051 0.3325584
v 0.5041867 -0.7082825 0.3879079
v 0.5043319 -0.7761664 0.3304802
v 0.5041885 -0.7062469 0.3858685
v 0.5043325 -0.7758759 0.2362726
v 0.5041861 -0.7062451 0.1822934
v 0.5041879 -0.7082843 0.1802583
v 0.5043325 -0.7776043 0.2342063
v 0.5041861 -0.7062451 0.1822934
v 0.5041885 -1.377524 0.3879057
v 0.5043319 -1.307162 0.3317629
v 0.5043319 -1.308882 0.3298329
v 0.5041867 -1.379563 0.3858708
v 0.5041867 -1.379563 0.3858708
v 0.5043319 -1.308882 0.3298329
v 0.5043325 -1.309074 0.2375334
v 0.5041879 -1.379561 0.1822956
v 0.5043325 -1.306958 0.2354993
v 0.5041861 -1.377527 0.180256
v 0.5041879 -1.379561 0.1822956
v 0.4800497 -1.3781 0.388641
v 0.4800497 -0.7077081 0.388641
v 0.4800497 -0.7023718 0.393978
v 0.4800497 -1.383436 0.393978
v 0.4800497 -0.7023718 0.393978
v 0.4800497 -0.7077081 0.388641
v 0.4800497 -0.7055103 0.3864439
v 0.4800497 -0.7001733 0.3917801
v 0.4800491 -0.7055109 0.1817199
v 0.4800497 -0.7001733 0.3917801
v 0.4800491 -0.7001739 0.1763837
v 0.4800491 -0.7077081 0.1795229
v 0.4800491 -0.7001739 0.1763837
v 0.4800491 -0.7023718 0.174186
v 0.4800491 -1.3781 0.1795229
v 0.4800491 -1.383436 0.174186
v 0.4800491 -0.7023718 0.174186
v 0.4800491 -0.7077081 0.1795229
v 0.4800491 -1.380297 0.1817199
v 0.4800491 -1.385634 0.1763837
v 0.4800491 -1.383436 0.174186
v 0.4800491 -1.3781 0.1795229
v 0.4800497 -1.380297 0.3864441
v 0.4800491 -1.385634 0.1763837
v 0.4800497 -1.385634 0.3917801
v 0.4800497 -1.3781 0.388641
v 0.4800497 -1.385634 0.3917801
v 0.4800497 -1.383436 0.393978
v 0.5043319 -0.7784051 0.3325584
v 0.5043319 -1.307162 0.3317629
v 0.5041885 -1.377524 0.3879057
v 0.5041867 -0.7082825 0.3879079
v 0.5041879 -0.7082843 0.1802583
v 0.5041861 -1.377527 0.180256
v 0.5043325 -1.306958 0.2354993
v 0.5043325 -0.7776043 0.2342063
v 0.4806711 -0.8038647 0.3048675
v 0.4806717 -1.281942 0.3022501
v 0.4806711 -1.281942 0.3048679
v 0.4806711 -0.8038647 0.3024795
v 0.4806717 -1.281942 0.2646465
v 0.4806711 -0.8038647 0.2640621
v 0.4806711 -1.281943 0.2625822
v 0.4806711 -0.8038647 0.2625819
v 0.4816037 -1.385634 0.1645083
v 0.4816037 -0.7001739 0.1645083
v 0.4965622 -0.7001739 0.1645083
v 0.4965622 -1.385634 0.1645083
v 0.4816037 -1.387188 -0.3674493
v 0.4816037 -1.387188 0.1629541
v 0.4965622 -1.387187 0.1629541
v 0.4965616 -1.387188 -0.3674493
v 0.4816037 -0.7001739 -0.3690035
v 0.4816037 -1.385634 -0.3690031
v 0.4965616 -1.385635 -0.3690035
v 0.4965616 -0.7001739 -0.3690035
v 0.4816037 -0.6986206 0.1629541
v 0.4816037 -0.6986206 -0.3674493
v 0.4965616 -0.6986206 -0.3674493
v 0.4965622 -0.69862 0.1629541
v 0.4816037 -0.6986206 0.1629541
v 0.4816037 -0.7001739 0.1645083
v 0.4800497 -0.7023718 0.1629541
v 0.4800497 -0.7001733 0.1607563
v 0.4800497 -1.383436 0.1629541
v 0.4816037 -1.385634 0.1645083
v 0.4816037 -1.387188 0.1629541
v 0.4800497 -1.385634 0.1607563
v 0.4800491 -1.385634 -0.3652516
v 0.4816037 -1.387188 -0.3674493
v 0.4816037 -1.385634 -0.3690031
v 0.4800491 -1.383436 -0.3674493
v 0.4816037 -0.6986206 -0.3674493
v 0.4800491 -0.7001739 -0.3652516
v 0.4800491 -0.7023718 -0.3674493
v 0.4816037 -0.7001739 -0.3690035
v 0.4965622 -0.7001739 0.1645083
v 0.4816037 -0.7001739 0.1645083
v 0.4816037 -0.6986206 0.1629541
v 0.4965622 -0.69862 0.1629541
v 0.4816037 -0.7001739 0.1645083
v 0.4816037 -1.385634 0.1645083
v 0.4800497 -1.383436 0.1629541
v 0.4800497 -0.7023718 0.1629541
v 0.4816037 -1.385634 0.1645083
v 0.4965622 -1.385634 0.1645083
v 0.4965622 -1.387187 0.1629541
v 0.4816037 -1.387188 0.1629541
v 0.4965622 -0.7001739 0.1645083
v 0.5041867 -0.7082825 0.156884
v 0.5041885 -1.377524 0.1568818
v 0.4965622 -1.385634 0.1645083
v 0.4816037 -1.387188 0.1629541
v 0.4816037 -1.387188 -0.3674493
v 0.4800491 -1.385634 -0.3652516
v 0.4800497 -1.385634 0.1607563
v 0.4816037 -1.387188 -0.3674493
v 0.4965616 -1.387188 -0.3674493
v 0.4965616 -1.385635 -0.3690035
v 0.4816037 -1.385634 -0.3690031
v 0.4965622 -1.387187 0.1629541
v 0.5041867 -1.379563 0.154847
v 0.5041879 -1.379561 -0.3593397
v 0.4965616 -1.387188 -0.3674493
v 0.4816037 -1.385634 -0.3690031
v 0.4816037 -0.7001739 -0.3690035
v 0.4800491 -0.7023718 -0.3674493
v 0.4800491 -1.383436 -0.3674493
v 0.4816037 -0.7001739 -0.3690035
v 0.4965616 -0.7001739 -0.3690035
v 0.4965616 -0.6986206 -0.3674493
v 0.4816037 -0.6986206 -0.3674493
v 0.4965616 -1.385635 -0.3690035
v 0.5041861 -1.377527 -0.3613794
v 0.5041879 -0.7082843 -0.3613771
v 0.4965616 -0.7001739 -0.3690035
v 0.4816037 -0.6986206 -0.3674493
v 0.4816037 -0.6986206 0.1629541
v 0.4800497 -0.7001733 0.1607563
v 0.4800491 -0.7001739 -0.3652516
v 0.4965616 -0.6986206 -0.3674493
v 0.5041861 -0.7062451 -0.359342
v 0.5041885 -0.7062469 0.1548447
v 0.4965622 -0.69862 0.1629541
v 0.4965622 -0.69862 0.1629541
v 0.5041885 -0.7062469 0.1548447
v 0.5041867 -0.7082825 0.156884
v 0.4965622 -0.7001739 0.1645083
v 0.4965616 -0.7001739 -0.3690035
v 0.5041879 -0.7082843 -0.3613771
v 0.5041861 -0.7062451 -0.359342
v 0.4965616 -0.6986206 -0.3674493
v 0.4965616 -1.387188 -0.3674493
v 0.5041879 -1.379561 -0.3593397
v 0.5041861 -1.377527 -0.3613794
v 0.4965616 -1.385635 -0.3690035
v 0.4965622 -1.385634 0.1645083
v 0.5041885 -1.377524 0.1568818
v 0.5041867 -1.379563 0.154847
v 0.4965622 -1.387187 0.1629541
v 0.4920132 -1.281496 0.060592
v 0.4806711 -1.281942 0.05926281
v 0.4806717 -1.281942 0.05664501
v 0.4920132 -1.283271 0.05881626
v 0.4920132 -0.8043127 0.06059162
v 0.4806711 -0.8038647 0.0592625
v 0.4806711 -1.281942 0.05926281
v 0.4920132 -1.281496 0.060592
v 0.4920132 -0.8025354 0.05881596
v 0.4806711 -0.8038647 0.0568745
v 0.4806711 -0.8038647 0.0592625
v 0.4920132 -0.8043127 0.06059162
v 0.4970389 -1.298534 0.07771602
v 0.4920132 -1.281496 0.060592
v 0.4920132 -1.283271 0.05881626
v 0.4970389 -1.300396 0.0758543
v 0.4970389 -0.7872729 0.07771584
v 0.4920132 -0.8043127 0.06059162
v 0.4920132 -1.281496 0.060592
v 0.4970389 -1.298534 0.07771602
v 0.4970389 -0.785412 0.07585411
v 0.4920132 -0.8025354 0.05881596
v 0.4920132 -0.8043127 0.06059162
v 0.4970389 -0.7872729 0.07771584
v 0.5014486 -1.300897 0.08009346
v 0.4970389 -1.298534 0.07771602
v 0.4970389 -1.300396 0.0758543
v 0.5014486 -1.302773 0.07821686
v 0.5014486 -0.7849115 0.08009304
v 0.4970389 -0.7872729 0.07771584
v 0.4970389 -1.298534 0.07771602
v 0.5014486 -1.300897 0.08009346
v 0.5014486 -0.7830353 0.07821666
v 0.4970389 -0.785412 0.07585411
v 0.4970389 -0.7872729 0.07771584
v 0.5014486 -0.7849115 0.08009304
v 0.5043319 -1.307162 0.08615784
v 0.5014486 -1.300897 0.08009346
v 0.5014486 -1.302773 0.07821686
v 0.5043319 -1.308882 0.0842279
v 0.5043319 -0.7761664 0.08487518
v 0.5014486 -0.7830353 0.07821666
v 0.5014486 -0.7849115 0.08009304
v 0.5043319 -0.7784051 0.08695335
v 0.4920132 -1.283273 -0.2633112
v 0.4806717 -1.281942 -0.2616933
v 0.4806711 -1.281943 -0.2637576
v 0.4920132 -1.281496 -0.2650869
v 0.4920132 -1.283271 0.05881626
v 0.4806717 -1.281942 0.05664501
v 0.4806717 -1.281942 -0.2616933
v 0.4920132 -1.283273 -0.2633112
v 0.4970389 -1.300396 -0.2803492
v 0.4920132 -1.283273 -0.2633112
v 0.4920132 -1.281496 -0.2650869
v 0.4970389 -1.298534 -0.282211
v 0.4970389 -1.300396 0.0758543
v 0.4920132 -1.283271 0.05881626
v 0.4920132 -1.283273 -0.2633112
v 0.4970389 -1.300396 -0.2803492
v 0.5014486 -1.302773 -0.2827117
v 0.4970389 -1.300396 -0.2803492
v 0.4970389 -1.298534 -0.282211
v 0.5014486 -1.300897 -0.2845881
v 0.5014486 -1.302773 0.07821686
v 0.4970389 -1.300396 0.0758543
v 0.4970389 -1.300396 -0.2803492
v 0.5014486 -1.302773 -0.2827117
v 0.5043325 -1.309074 -0.2888064
v 0.5014486 -1.302773 -0.2827117
v 0.5014486 -1.300897 -0.2845881
v 0.5043325 -1.306958 -0.2908406
v 0.5043319 -1.308882 0.0842279
v 0.5014486 -1.302773 0.07821686
v 0.5014486 -1.302773 -0.2827117
v 0.5043325 -1.309074 -0.2888064
v 0.4920132 -1.281496 -0.2650869
v 0.4806711 -1.281943 -0.2637576
v 0.4806711 -0.8038647 -0.2637579
v 0.4920132 -0.8043127 -0.2650871
v 0.4920132 -0.8043127 -0.2650871
v 0.4806711 -0.8038647 -0.2637579
v 0.4806711 -0.8038647 -0.2622777
v 0.4920132 -0.8025354 -0.2633114
v 0.4970389 -1.298534 -0.282211
v 0.4920132 -1.281496 -0.2650869
v 0.4920132 -0.8043127 -0.2650871
v 0.4970389 -0.7872742 -0.2822113
v 0.4970389 -0.7872742 -0.2822113
v 0.4920132 -0.8043127 -0.2650871
v 0.4920132 -0.8025354 -0.2633114
v 0.4970389 -0.785412 -0.2803495
v 0.5014486 -1.300897 -0.2845881
v 0.4970389 -1.298534 -0.282211
v 0.4970389 -0.7872742 -0.2822113
v 0.5014486 -0.7849115 -0.2845883
v 0.5014486 -0.7849115 -0.2845883
v 0.4970389 -0.7872742 -0.2822113
v 0.4970389 -0.785412 -0.2803495
v 0.5014486 -0.7830353 -0.282712
v 0.5043325 -0.7776043 -0.2921335
v 0.5014486 -0.7849115 -0.2845883
v 0.5014486 -0.7830353 -0.282712
v 0.5043325 -0.7758759 -0.2900673
v 0.4920132 -0.8025354 -0.2633114
v 0.4806711 -0.8038647 -0.2622777
v 0.4806711 -0.8038647 0.0568745
v 0.4920132 -0.8025354 0.05881596
v 0.4970389 -0.785412 -0.2803495
v 0.4920132 -0.8025354 -0.2633114
v 0.4920132 -0.8025354 0.05881596
v 0.4970389 -0.785412 0.07585411
v 0.5014486 -0.7830353 -0.282712
v 0.4970389 -0.785412 -0.2803495
v 0.4970389 -0.785412 0.07585411
v 0.5014486 -0.7830353 0.07821666
v 0.5043319 -1.307162 0.08615784
v 0.5043319 -0.7784051 0.08695335
v 0.5014486 -0.7849115 0.08009304
v 0.5014486 -1.300897 0.08009346
v 0.5043325 -0.7776043 -0.2921335
v 0.5043325 -1.306958 -0.2908406
v 0.5014486 -1.300897 -0.2845881
v 0.5014486 -0.7849115 -0.2845883
v 0.5043319 -0.7761664 0.08487518
v 0.5043325 -0.7758759 -0.2900673
v 0.5014486 -0.7830353 -0.282712
v 0.5014486 -0.7830353 0.07821666
v 0.5041885 -0.7062469 0.1548447
v 0.5043319 -0.7784051 0.08695335
v 0.5041867 -0.7082825 0.156884
v 0.5043319 -0.7761664 0.08487518
v 0.5041885 -0.7062469 0.1548447
v 0.5043325 -0.7758759 -0.2900673
v 0.5041861 -0.7062451 -0.359342
v 0.5041879 -0.7082843 -0.3613771
v 0.5043325 -0.7776043 -0.2921335
v 0.5041861 -0.7062451 -0.359342
v 0.5041885 -1.377524 0.1568818
v 0.5043319 -1.307162 0.08615784
v 0.5043319 -1.308882 0.0842279
v 0.5041867 -1.379563 0.154847
v 0.5041867 -1.379563 0.154847
v 0.5043325 -1.309074 -0.2888064
v 0.5041879 -1.379561 -0.3593397
v 0.5043325 -1.306958 -0.2908406
v 0.5041861 -1.377527 -0.3613794
v 0.5041879 -1.379561 -0.3593397
v 0.4800497 -1.3781 0.1576172
v 0.4800497 -0.7077081 0.1576172
v 0.4800497 -0.7023718 0.1629541
v 0.4800497 -1.383436 0.1629541
v 0.4800497 -0.7023718 0.1629541
v 0.4800497 -0.7077081 0.1576172
v 0.4800497 -0.7055103 0.1554201
v 0.4800497 -0.7001733 0.1607563
v 0.4800491 -0.7055109 -0.3599155
v 0.4800497 -0.7001733 0.1607563
v 0.4800491 -0.7001739 -0.3652516
v 0.4800491 -0.7077081 -0.3621125
v 0.4800491 -0.7001739 -0.3652516
v 0.4800491 -0.7023718 -0.3674493
v 0.4800491 -1.3781 -0.3621125
v 0.4800491 -1.383436 -0.3674493
v 0.4800491 -0.7023718 -0.3674493
v 0.4800491 -0.7077081 -0.3621125
v 0.4800491 -1.380297 -0.3599154
v 0.4800491 -1.385634 -0.3652516
v 0.4800491 -1.383436 -0.3674493
v 0.4800491 -1.3781 -0.3621125
v 0.4800497 -1.380297 0.1554202
v 0.4800491 -1.385634 -0.3652516
v 0.4800497 -1.385634 0.1607563
v 0.4800497 -1.3781 0.1576172
v 0.4800497 -1.385634 0.1607563
v 0.4800497 -1.383436 0.1629541
v 0.5043319 -0.7784051 0.08695335
v 0.5043319 -1.307162 0.08615784
v 0.5041885 -1.377524 0.1568818
v 0.5041867 -0.7082825 0.156884
v 0.5041879 -0.7082843 -0.3613771
v 0.5041861 -1.377527 -0.3613794
v 0.5043325 -1.306958 -0.2908406
v 0.5043325 -0.7776043 -0.2921335
v 0.4806711 -0.8038647 0.0592625
v 0.4806717 -1.281942 0.05664501
v 0.4806711 -1.281942 0.05926281
v 0.4806711 -0.8038647 0.0568745
v 0.4806717 -1.281942 -0.2616933
v 0.4806711 -0.8038647 -0.2622777
v 0.4806711 -1.281943 -0.2637576
v 0.4806711 -0.8038647 -0.2637579
v 0.475311 -1.43117 0.4033626
v -0.5262827 -1.431814 0.4033626
v -0.5262827 -1.434922 0.4064711
v 0.4759549 -1.434922 0.4064711
v 0.475311 1.431171 0.4033626
v 0.475311 -1.43117 0.4033626
v 0.4790628 -1.431813 0.4064711
v 0.4790628 1.431816 0.4064711
v -0.5262827 1.431815 0.4033626
v 0.475311 1.431171 0.4033626
v 0.4759549 1.434923 0.4064711
v -0.5262827 1.434923 0.4064708
v 0.4759549 -1.434922 0.4064711
v -0.5262827 -1.434922 0.4064711
v -0.5262827 -1.434922 0.4593094
v 0.4759549 -1.434922 0.4593094
v 0.4790628 -1.431813 0.4064711
v 0.4759549 -1.434922 0.4064711
v 0.4759549 -1.434922 0.4593094
v 0.4790628 -1.431813 0.4593094
v 0.4790628 1.431816 0.4064711
v 0.4790628 -1.431813 0.4064711
v 0.4790628 -1.431813 0.4593094
v 0.4790628 1.431816 0.4593094
v 0.4759549 1.434923 0.4064711
v 0.4790628 1.431816 0.4064711
v 0.4790628 1.431816 0.4593094
v 0.4759543 1.434923 0.4593094
v -0.5262827 1.434923 0.4064708
v 0.4759549 1.434923 0.4064711
v 0.4759543 1.434923 0.4593094
v -0.5262827 1.434923 0.4593094
v 0.4759549 -1.434922 0.4593094
v -0.5262827 -1.434922 0.4593094
v -0.5262827 -1.431169 0.4624176
v 0.475311 -1.431169 0.4624178
v 0.4790628 1.431816 0.4593094
v 0.4790628 -1.431813 0.4593094
v 0.475311 -1.431169 0.4624178
v 0.475311 1.431171 0.4624178
v -0.5262827 1.434923 0.4593094
v 0.4759543 1.434923 0.4593094
v 0.475311 1.431171 0.4624178
v -0.5262827 1.431815 0.4624176
v -0.5262827 1.431815 0.4624176
v 0.475311 1.431171 0.4624178
v 0.475311 -1.431169 0.4624178
v -0.5262827 -1.431169 0.4624176
v -0.5262827 -1.434923 0.4002542
v -0.5262827 -1.431814 0.4033626
v 0.475311 -1.43117 0.4033626
v 0.475311 -1.434278 0.4002542
v -0.5262827 1.431815 0.4033626
v -0.5262827 1.434923 0.4002545
v 0.475311 1.43428 0.4002545
v 0.475311 1.431171 0.4033626
v 0.475311 -1.43117 0.4033626
v 0.475311 1.431171 0.4033626
v 0.4784183 1.429885 0.4002545
v 0.4784183 -1.429882 0.4002545
v 0.475311 -1.434278 0.4002542
v 0.475311 -1.43117 0.4033626
v 0.4784183 -1.429882 0.4002545
v 0.4773355 -1.432551 0.4002544
v 0.475311 1.431171 0.4033626
v 0.475311 1.43428 0.4002545
v 0.4773355 1.432553 0.4002545
v 0.4784183 1.429885 0.4002545
v 0.4773355 1.432553 0.4002545
v 0.475311 1.43428 0.4002545
v 0.4723056 1.433746 -0.4624178
v 0.4771194 1.433037 -0.4624178
v 0.475311 -1.434278 0.4002542
v 0.4773355 -1.432551 0.4002544
v 0.4799576 -1.4317 -0.4624177
v 0.4772769 -1.433826 -0.4624178
v 0.4723056 1.433746 -0.4624178
v 0.475311 1.43428 0.4002545
v -0.5262827 1.434923 0.4002545
v -0.5262827 1.433503 -0.4624178
v -0.5262827 -1.434923 0.4002542
v 0.475311 -1.434278 0.4002542
v 0.4772769 -1.433826 -0.4624178
v -0.5262833 -1.434471 -0.4624178
v 0.4804544 1.430817 -0.4624178
v 0.4784183 1.429885 0.4002545
v 0.4773355 1.432553 0.4002545
v 0.4771194 1.433037 -0.4624178
v 0.4773355 -1.432551 0.4002544
v 0.4784183 -1.429882 0.4002545
v 0.4804544 -1.429642 -0.4624178
v 0.4799576 -1.4317 -0.4624177
v 0.4776291 -1.428537 -0.4624178
v 0.4765262 -1.427374 -0.4624177
v 0.4799576 -1.4317 -0.4624177
v 0.4804544 -1.429642 -0.4624178
v 0.4804544 1.430817 -0.4624178
v 0.4776291 -1.428537 -0.4624178
v 0.4782712 1.424539 -0.4624178
v 0.4771194 1.433037 -0.4624178
v 0.4749509 1.42675 -0.4624178
v 0.4723056 1.433746 -0.4624178
v 0.4701584 1.427455 -0.4624178
v -0.5262827 1.433503 -0.4624178
v -0.5240994 1.427217 -0.4624178
v 0.4738632 -1.427535 -0.4624178
v 0.4772769 -1.433826 -0.4624178
v 0.4799576 -1.4317 -0.4624177
v 0.4765262 -1.427374 -0.4624177
v -0.5241 -1.42818 -0.4624178
v -0.5262833 -1.434471 -0.4624178
v 0.4772769 -1.433826 -0.4624178
v 0.4784183 -1.429882 0.4002545
v 0.4784183 1.429885 0.4002545
v 0.4804544 1.430817 -0.4624178
v 0.4804544 -1.429642 -0.4624178
v 0.5119699 -0.7380347 0.1129622
v 0.5121219 -0.7303418 0.1065067
v 0.5121219 -0.7269519 0.112378
v 0.5119699 -0.7405566 0.1108464
v 0.5119699 -0.7363892 0.1158128
v 0.5121219 -0.7355347 0.102149
v 0.5121219 -0.7257739 0.1190545
v 0.5119693 -0.7436499 0.1097205
v 0.5119699 -0.7358167 0.1190545
v 0.5121219 -0.7419043 0.09983025
v 0.5121219 -0.7269519 0.125731
v 0.5119693 -0.7469409 0.1097205
v 0.5119699 -0.7363892 0.1222961
v 0.5121219 -0.748684 0.09983025
v 0.5121219 -0.7303418 0.1316021
v 0.5119699 -0.7500342 0.1108464
v 0.5119699 -0.7380347 0.1251468
v 0.5121219 -0.7550549 0.102149
v 0.5121219 -0.7355359 0.1359599
v 0.5119699 -0.7525561 0.1129622
v 0.5119699 -0.7405566 0.1272625
v 0.5121219 -0.7602502 0.1065067
v 0.5121219 -0.7419043 0.1382786
v 0.5119693 -0.7542017 0.1158128
v 0.5119699 -0.7436499 0.1283883
v 0.5121219 -0.7636389 0.112378
v 0.5121219 -0.748684 0.1382786
v 0.5119699 -0.7547742 0.1190545
v 0.5119699 -0.7469409 0.1283883
v 0.5121219 -0.7648144 0.1190545
v 0.5121219 -0.7550549 0.1359599
v 0.5119699 -0.7542017 0.1222961
v 0.5119699 -0.7500342 0.1272625
v 0.5121219 -0.7636389 0.125731
v 0.5121219 -0.7602502 0.1316021
v 0.5119699 -0.7525561 0.1251468
v 0.5172134 -0.726311 0.1121447
v 0.5121219 -0.7269519 0.112378
v 0.5121219 -0.7303418 0.1065067
v 0.5172134 -0.7298181 0.1060683
v 0.5172134 -0.7250928 0.1190545
v 0.5121219 -0.7355347 0.102149
v 0.5121219 -0.7257739 0.1190545
v 0.5172134 -0.7351941 0.1015581
v 0.5172134 -0.726311 0.1259643
v 0.5121219 -0.7419043 0.09983025
v 0.5121219 -0.7269519 0.125731
v 0.5172134 -0.7417871 0.0991584
v 0.5172134 -0.7298181 0.1320406
v 0.5121219 -0.748684 0.09983025
v 0.5121219 -0.7303418 0.1316021
v 0.5172134 -0.7488037 0.0991584
v 0.5172134 -0.7351941 0.1365507
v 0.5121219 -0.7550549 0.102149
v 0.5121219 -0.7355359 0.1359599
v 0.5172134 -0.7553967 0.1015581
v 0.5172134 -0.7417871 0.1389504
v 0.5121219 -0.7602502 0.1065067
v 0.5121219 -0.7419043 0.1382786
v 0.5172134 -0.7607715 0.1060683
v 0.5172134 -0.7488037 0.1389504
v 0.5121219 -0.7636389 0.112378
v 0.5121219 -0.748684 0.1382786
v 0.5172134 -0.7642798 0.1121447
v 0.5172134 -0.7553967 0.1365507
v 0.5121219 -0.7648144 0.1190545
v 0.5121219 -0.7550549 0.1359599
v 0.5172134 -0.765498 0.1190545
v 0.5172134 -0.7607715 0.1320406
v 0.5121219 -0.7636389 0.125731
v 0.5121219 -0.7602502 0.1316021
v 0.5172134 -0.7642798 0.1259643
v 0.5119699 -0.7380347 0.3483848
v 0.5121219 -0.7303418 0.3419293
v 0.5121219 -0.7269519 0.3478006
v 0.5119699 -0.7405566 0.346269
v 0.5119699 -0.7363892 0.3512353
v 0.5121219 -0.7355347 0.3375716
v 0.5121219 -0.7257739 0.3544771
v 0.5119693 -0.7436499 0.3451431
v 0.5119699 -0.7358167 0.3544771
v 0.5121219 -0.7419043 0.3352528
v 0.5121219 -0.7269519 0.3611535
v 0.5119693 -0.7469409 0.3451431
v 0.5119699 -0.7363892 0.3577186
v 0.5121219 -0.748684 0.3352528
v 0.5121219 -0.7303418 0.3670247
v 0.5119699 -0.7500342 0.346269
v 0.5119699 -0.7380347 0.3605694
v 0.5121219 -0.7550549 0.3375716
v 0.5121219 -0.7355359 0.3713825
v 0.5119699 -0.7525561 0.3483848
v 0.5119699 -0.7405566 0.3626851
v 0.5121219 -0.7602502 0.3419293
v 0.5121219 -0.7419043 0.3737012
v 0.5119693 -0.7542017 0.3512353
v 0.5119699 -0.7436499 0.3638109
v 0.5121219 -0.7636389 0.3478006
v 0.5121219 -0.748684 0.3737012
v 0.5119699 -0.7547742 0.3544771
v 0.5119699 -0.7469409 0.3638109
v 0.5121219 -0.7648144 0.3544771
v 0.5121219 -0.7550549 0.3713825
v 0.5119699 -0.7542017 0.3577186
v 0.5119699 -0.7500342 0.3626851
v 0.5121219 -0.7636389 0.3611535
v 0.5121219 -0.7602502 0.3670247
v 0.5119699 -0.7525561 0.3605694
v 0.5172134 -0.726311 0.3475673
v 0.5121219 -0.7269519 0.3478006
v 0.5121219 -0.7303418 0.3419293
v 0.5172134 -0.7298181 0.3414909
v 0.5172134 -0.7250928 0.3544771
v 0.5121219 -0.7355347 0.3375716
v 0.5121219 -0.7257739 0.3544771
v 0.5172134 -0.7351941 0.3369807
v 0.5172134 -0.726311 0.3613869
v 0.5121219 -0.7419043 0.3352528
v 0.5121219 -0.7269519 0.3611535
v 0.5172134 -0.7417871 0.334581
v 0.5172134 -0.7298181 0.3674632
v 0.5121219 -0.748684 0.3352528
v 0.5121219 -0.7303418 0.3670247
v 0.5172134 -0.7488037 0.334581
v 0.5172134 -0.7351941 0.3719732
v 0.5121219 -0.7550549 0.3375716
v 0.5121219 -0.7355359 0.3713825
v 0.5172134 -0.7553967 0.3369807
v 0.5172134 -0.7417871 0.374373
v 0.5121219 -0.7602502 0.3419293
v 0.5121219 -0.7419043 0.3737012
v 0.5172134 -0.7607715 0.3414909
v 0.5172134 -0.7488037 0.374373
v 0.5121219 -0.7636389 0.3478006
v 0.5121219 -0.748684 0.3737012
v 0.5172134 -0.7642798 0.3475673
v 0.5172134 -0.7553967 0.3719732
v 0.5121219 -0.7648144 0.3544771
v 0.5121219 -0.7550549 0.3713825
v 0.5172134 -0.765498 0.3544771
v 0.5172134 -0.7607715 0.3674632
v 0.5121219 -0.7636389 0.3611535
v 0.5121219 -0.7602502 0.3670247
v 0.5172134 -0.7642798 0.3613869
v 0.5119699 0.6481171 0.1129622
v 0.5121219 0.6558105 0.1065067
v 0.5121219 0.6592004 0.112378
v 0.5119699 0.6455951 0.1108464
v 0.5119699 0.6497632 0.1158128
v 0.5121219 0.6506177 0.102149
v 0.5121219 0.6603778 0.1190545
v 0.5119693 0.6425024 0.1097205
v 0.5119699 0.6503357 0.1190545
v 0.5121219 0.644248 0.09983025
v 0.5121219 0.6592004 0.125731
v 0.5119693 0.6392108 0.1097205
v 0.5119699 0.6497632 0.1222961
v 0.5121219 0.6374682 0.09983025
v 0.5121219 0.6558105 0.1316021
v 0.5119699 0.6361182 0.1108464
v 0.5119699 0.6481177 0.1251468
v 0.5121219 0.6310974 0.102149
v 0.5121219 0.6506158 0.1359599
v 0.5119699 0.6335962 0.1129622
v 0.5119699 0.6455957 0.1272625
v 0.5121219 0.6259021 0.1065067
v 0.5121219 0.644248 0.1382786
v 0.5119693 0.6319507 0.1158128
v 0.5119699 0.6425024 0.1283883
v 0.5121219 0.6225128 0.112378
v 0.5121219 0.6374682 0.1382786
v 0.5119699 0.6313782 0.1190545
v 0.5119699 0.6392108 0.1283883
v 0.5121219 0.6213373 0.1190545
v 0.5121219 0.6310974 0.1359599
v 0.5119699 0.6319507 0.1222961
v 0.5119699 0.6361182 0.1272625
v 0.5121219 0.6225128 0.125731
v 0.5121219 0.6259021 0.1316021
v 0.5119699 0.6335962 0.1251468
v 0.5172134 0.6598413 0.1121447
v 0.5121219 0.6592004 0.112378
v 0.5121219 0.6558105 0.1065067
v 0.5172134 0.6563342 0.1060683
v 0.5172134 0.6610596 0.1190545
v 0.5121219 0.6506177 0.102149
v 0.5121219 0.6603778 0.1190545
v 0.5172134 0.6509576 0.1015581
v 0.5172134 0.6598413 0.1259643
v 0.5121219 0.644248 0.09983025
v 0.5121219 0.6592004 0.125731
v 0.5172134 0.6443646 0.0991584
v 0.5172134 0.6563342 0.1320406
v 0.5121219 0.6374682 0.09983025
v 0.5121219 0.6558105 0.1316021
v 0.5172134 0.6373486 0.0991584
v 0.5172134 0.6509576 0.1365507
v 0.5121219 0.6310974 0.102149
v 0.5121219 0.6506158 0.1359599
v 0.5172134 0.6307556 0.1015581
v 0.5172134 0.6443646 0.1389504
v 0.5121219 0.6259021 0.1065067
v 0.5121219 0.644248 0.1382786
v 0.5172134 0.6253809 0.1060683
v 0.5172134 0.6373486 0.1389504
v 0.5121219 0.6225128 0.112378
v 0.5121219 0.6374682 0.1382786
v 0.5172134 0.6218719 0.1121447
v 0.5172134 0.6307556 0.1365507
v 0.5121219 0.6213373 0.1190545
v 0.5121219 0.6310974 0.1359599
v 0.5172134 0.6206537 0.1190545
v 0.5172134 0.6253809 0.1320406
v 0.5121219 0.6225128 0.125731
v 0.5121219 0.6259021 0.1316021
v 0.5172134 0.6218719 0.1259643
v 0.5119699 1.350881 0.1129622
v 0.5121219 1.358574 0.1065067
v 0.5121219 1.361964 0.112378
v 0.5119699 1.348359 0.1108464
v 0.5119699 1.352527 0.1158128
v 0.5121219 1.353381 0.102149
v 0.5121219 1.363141 0.1190545
v 0.5119693 1.345266 0.1097205
v 0.5119699 1.353099 0.1190545
v 0.5121219 1.347012 0.09983025
v 0.5121219 1.361964 0.125731
v 0.5119693 1.341974 0.1097205
v 0.5119699 1.352527 0.1222961
v 0.5121219 1.340232 0.09983025
v 0.5121219 1.358574 0.1316021
v 0.5119699 1.338882 0.1108464
v 0.5119699 1.350881 0.1251468
v 0.5121219 1.333861 0.102149
v 0.5121219 1.353379 0.1359599
v 0.5119699 1.33636 0.1129622
v 0.5119699 1.348359 0.1272625
v 0.5121219 1.328666 0.1065067
v 0.5121219 1.347012 0.1382786
v 0.5119693 1.334714 0.1158128
v 0.5119699 1.345266 0.1283883
v 0.5121219 1.325276 0.112378
v 0.5121219 1.340232 0.1382786
v 0.5119699 1.334142 0.1190545
v 0.5119699 1.341974 0.1283883
v 0.5121219 1.324101 0.1190545
v 0.5121219 1.333861 0.1359599
v 0.5119699 1.334714 0.1222961
v 0.5119699 1.338882 0.1272625
v 0.5121219 1.325276 0.125731
v 0.5121219 1.328666 0.1316021
v 0.5119699 1.33636 0.1251468
v 0.5172134 1.362605 0.1121447
v 0.5121219 1.361964 0.112378
v 0.5121219 1.358574 0.1065067
v 0.5172134 1.359098 0.1060683
v 0.5172134 1.363823 0.1190545
v 0.5121219 1.353381 0.102149
v 0.5121219 1.363141 0.1190545
v 0.5172134 1.353721 0.1015581
v 0.5172134 1.362605 0.1259643
v 0.5121219 1.347012 0.09983025
v 0.5121219 1.361964 0.125731
v 0.5172134 1.347128 0.0991584
v 0.5172134 1.359098 0.1320406
v 0.5121219 1.340232 0.09983025
v 0.5121219 1.358574 0.1316021
v 0.5172134 1.340112 0.0991584
v 0.5172134 1.353721 0.1365507
v 0.5121219 1.333861 0.102149
v 0.5121219 1.353379 0.1359599
v 0.5172134 1.333519 0.1015581
v 0.5172134 1.347128 0.1389504
v 0.5121219 1.328666 0.1065067
v 0.5121219 1.347012 0.1382786
v 0.5172134 1.328145 0.1060683
v 0.5172134 1.340112 0.1389504
v 0.5121219 1.325276 0.112378
v 0.5121219 1.340232 0.1382786
v 0.5172134 1.324636 0.1121447
v 0.5172134 1.333519 0.1365507
v 0.5121219 1.324101 0.1190545
v 0.5121219 1.333861 0.1359599
v 0.5172134 1.323417 0.1190545
v 0.5172134 1.328145 0.1320406
v 0.5121219 1.325276 0.125731
v 0.5121219 1.328666 0.1316021
v 0.5172134 1.324636 0.1259643
v 0.5119699 1.350881 0.3483848
v 0.5121219 1.358574 0.3419293
v 0.5121219 1.361964 0.3478006
v 0.5119699 1.348359 0.346269
v 0.5119699 1.352527 0.3512353
v 0.5121219 1.353381 0.3375716
v 0.5121219 1.363141 0.3544771
v 0.5119693 1.345266 0.3451431
v 0.5119699 1.353099 0.3544771
v 0.5121219 1.347012 0.3352528
v 0.5121219 1.361964 0.3611535
v 0.5119693 1.341974 0.3451431
v 0.5119699 1.352527 0.3577186
v 0.5121219 1.340232 0.3352528
v 0.5121219 1.358574 0.3670247
v 0.5119699 1.338882 0.346269
v 0.5119699 1.350881 0.3605694
v 0.5121219 1.333861 0.3375716
v 0.5121219 1.353379 0.3713825
v 0.5119699 1.33636 0.3483848
v 0.5119699 1.348359 0.3626851
v 0.5121219 1.328666 0.3419293
v 0.5121219 1.347012 0.3737012
v 0.5119693 1.334714 0.3512353
v 0.5119699 1.345266 0.3638109
v 0.5121219 1.325276 0.3478006
v 0.5121219 1.340232 0.3737012
v 0.5119699 1.334142 0.3544771
v 0.5119699 1.341974 0.3638109
v 0.5121219 1.324101 0.3544771
v 0.5121219 1.333861 0.3713825
v 0.5119699 1.334714 0.3577186
v 0.5119699 1.338882 0.3626851
v 0.5121219 1.325276 0.3611535
v 0.5121219 1.328666 0.3670247
v 0.5119699 1.33636 0.3605694
v 0.5172134 1.362605 0.3475673
v 0.5121219 1.361964 0.3478006
v 0.5121219 1.358574 0.3419293
v 0.5172134 1.359098 0.3414909
v 0.5172134 1.363823 0.3544771
v 0.5121219 1.353381 0.3375716
v 0.5121219 1.363141 0.3544771
v 0.5172134 1.353721 0.3369807
v 0.5172134 1.362605 0.3613869
v 0.5121219 1.347012 0.3352528
v 0.5121219 1.361964 0.3611535
v 0.5172134 1.347128 0.334581
v 0.5172134 1.359098 0.3674632
v 0.5121219 1.340232 0.3352528
v 0.5121219 1.358574 0.3670247
v 0.5172134 1.340112 0.334581
v 0.5172134 1.353721 0.3719732
v 0.5121219 1.333861 0.3375716
v 0.5121219 1.353379 0.3713825
v 0.5172134 1.333519 0.3369807
v 0.5172134 1.347128 0.374373
v 0.5121219 1.328666 0.3419293
v 0.5121219 1.347012 0.3737012
v 0.5172134 1.328145 0.3414909
v 0.5172134 1.340112 0.374373
v 0.5121219 1.325276 0.3478006
v 0.5121219 1.340232 0.3737012
v 0.5172134 1.324636 0.3475673
v 0.5172134 1.333519 0.3719732
v 0.5121219 1.324101 0.3544771
v 0.5121219 1.333861 0.3713825
v 0.5172134 1.323417 0.3544771
v 0.5172134 1.328145 0.3674632
v 0.5121219 1.325276 0.3611535
v 0.5121219 1.328666 0.3670247
v 0.5172134 1.324636 0.3613869
v 0.5119699 -0.04310608 0.1129622
v 0.5121219 -0.0354126 0.1065067
v 0.5121219 -0.0320227 0.112378
v 0.5119699 -0.04562805 0.1108464
v 0.5119699 -0.04145996 0.1158128
v 0.5121219 -0.04060547 0.102149
v 0.5121219 -0.03084534 0.1190545
v 0.5119693 -0.0487207 0.1097205
v 0.5119699 -0.04088745 0.1190545
v 0.5121219 -0.04697509 0.09983025
v 0.5121219 -0.0320227 0.125731
v 0.5119693 -0.05201233 0.1097205
v 0.5119699 -0.04145996 0.1222961
v 0.5121219 -0.05375488 0.09983025
v 0.5121219 -0.0354126 0.1316021
v 0.5119699 -0.05510498 0.1108464
v 0.5119699 -0.04310547 0.1251468
v 0.5121219 -0.06012573 0.102149
v 0.5121219 -0.0406073 0.1359599
v 0.5119699 -0.05762695 0.1129622
v 0.5119699 -0.04562744 0.1272625
v 0.5121219 -0.06532104 0.1065067
v 0.5121219 -0.04697509 0.1382786
v 0.5119693 -0.05927246 0.1158128
v 0.5119699 -0.0487207 0.1283883
v 0.5121219 -0.06871033 0.112378
v 0.5121219 -0.05375488 0.1382786
v 0.5119699 -0.05984497 0.1190545
v 0.5119699 -0.05201233 0.1283883
v 0.5121219 -0.06988586 0.1190545
v 0.5121219 -0.06012573 0.1359599
v 0.5119699 -0.05927246 0.1222961
v 0.5119699 -0.05510498 0.1272625
v 0.5121219 -0.06871033 0.125731
v 0.5121219 -0.06532104 0.1316021
v 0.5119699 -0.05762695 0.1251468
v 0.5172134 -0.03138183 0.1121447
v 0.5121219 -0.0320227 0.112378
v 0.5121219 -0.0354126 0.1065067
v 0.5172134 -0.03488892 0.1060683
v 0.5172134 -0.03016357 0.1190545
v 0.5121219 -0.04060547 0.102149
v 0.5121219 -0.03084534 0.1190545
v 0.5172134 -0.0402655 0.1015581
v 0.5172134 -0.03138183 0.1259643
v 0.5121219 -0.04697509 0.09983025
v 0.5121219 -0.0320227 0.125731
v 0.5172134 -0.04685852 0.0991584
v 0.5172134 -0.03488892 0.1320406
v 0.5121219 -0.05375488 0.09983025
v 0.5121219 -0.0354126 0.1316021
v 0.5172134 -0.05387451 0.0991584
v 0.5172134 -0.0402655 0.1365507
v 0.5121219 -0.06012573 0.102149
v 0.5121219 -0.0406073 0.1359599
v 0.5172134 -0.06046753 0.1015581
v 0.5172134 -0.04685852 0.1389504
v 0.5121219 -0.06532104 0.1065067
v 0.5121219 -0.04697509 0.1382786
v 0.5172134 -0.06584229 0.1060683
v 0.5172134 -0.05387451 0.1389504
v 0.5121219 -0.06871033 0.112378
v 0.5121219 -0.05375488 0.1382786
v 0.5172134 -0.0693512 0.1121447
v 0.5172134 -0.06046753 0.1365507
v 0.5121219 -0.06988586 0.1190545
v 0.5121219 -0.06012573 0.1359599
v 0.5172134 -0.07056946 0.1190545
v 0.5172134 -0.06584229 0.1320406
v 0.5121219 -0.06871033 0.125731
v 0.5121219 -0.06532104 0.1316021
v 0.5172134 -0.0693512 0.1259643
v 0.5119699 -0.04310608 0.3483848
v 0.5121219 -0.0354126 0.3419293
v 0.5121219 -0.0320227 0.3478006
v 0.5119699 -0.04562805 0.346269
v 0.5119699 -0.04145996 0.3512353
v 0.5121219 -0.04060547 0.3375716
v 0.5121219 -0.03084534 0.3544771
v 0.5119693 -0.0487207 0.3451431
v 0.5119699 -0.04088745 0.3544771
v 0.5121219 -0.04697509 0.3352528
v 0.5121219 -0.0320227 0.3611535
v 0.5119693 -0.05201233 0.3451431
v 0.5119699 -0.04145996 0.3577186
v 0.5121219 -0.05375488 0.3352528
v 0.5121219 -0.0354126 0.3670247
v 0.5119699 -0.05510498 0.346269
v 0.5119699 -0.04310547 0.3605694
v 0.5121219 -0.06012573 0.3375716
v 0.5121219 -0.0406073 0.3713825
v 0.5119699 -0.05762695 0.3483848
v 0.5119699 -0.04562744 0.3626851
v 0.5121219 -0.06532104 0.3419293
v 0.5121219 -0.04697509 0.3737012
v 0.5119693 -0.05927246 0.3512353
v 0.5119699 -0.0487207 0.3638109
v 0.5121219 -0.06871033 0.3478006
v 0.5121219 -0.05375488 0.3737012
v 0.5119699 -0.05984497 0.3544771
v 0.5119699 -0.05201233 0.3638109
v 0.5121219 -0.06988586 0.3544771
v 0.5121219 -0.06012573 0.3713825
v 0.5119699 -0.05927246 0.3577186
v 0.5119699 -0.05510498 0.3626851
v 0.5121219 -0.06871033 0.3611535
v 0.5121219 -0.06532104 0.3670247
v 0.5119699 -0.05762695 0.3605694
v 0.5172134 -0.03138183 0.3475673
v 0.5121219 -0.0320227 0.3478006
v 0.5121219 -0.0354126 0.3419293
v 0.5172134 -0.03488892 0.3414909
v 0.5172134 -0.03016357 0.3544771
v 0.5121219 -0.04060547 0.3375716
v 0.5121219 -0.03084534 0.3544771
v 0.5172134 -0.0402655 0.3369807
v 0.5172134 -0.03138183 0.3613869
v 0.5121219 -0.04697509 0.3352528
v 0.5121219 -0.0320227 0.3611535
v 0.5172134 -0.04685852 0.334581
v 0.5172134 -0.03488892 0.3674632
v 0.5121219 -0.05375488 0.3352528
v 0.5121219 -0.0354126 0.3670247
v 0.5172134 -0.05387451 0.334581
v 0.5172134 -0.0402655 0.3719732
v 0.5121219 -0.06012573 0.3375716
v 0.5121219 -0.0406073 0.3713825
v 0.5172134 -0.06046753 0.3369807
v 0.5172134 -0.04685852 0.374373
v 0.5121219 -0.06532104 0.3419293
v 0.5121219 -0.04697509 0.3737012
v 0.5172134 -0.06584229 0.3414909
v 0.5172134 -0.05387451 0.374373
v 0.5121219 -0.06871033 0.3478006
v 0.5121219 -0.05375488 0.3737012
v 0.5172134 -0.0693512 0.3475673
v 0.5172134 -0.06046753 0.3719732
v 0.5121219 -0.06988586 0.3544771
v 0.5121219 -0.06012573 0.3713825
v 0.5172134 -0.07056946 0.3544771
v 0.5172134 -0.06584229 0.3674632
v 0.5121219 -0.06871033 0.3611535
v 0.5121219 -0.06532104 0.3670247
v 0.5172134 -0.0693512 0.3613869
v 0.5119699 0.6481171 0.3483848
v 0.5121219 0.6558105 0.3419293
v 0.5121219 0.6592004 0.3478006
v 0.5119699 0.6455951 0.346269
v 0.5119699 0.6497632 0.3512353
v 0.5121219 0.6506177 0.3375716
v 0.5121219 0.6603778 0.3544771
v 0.5119693 0.6425024 0.3451431
v 0.5119699 0.6503357 0.3544771
v 0.5121219 0.644248 0.3352528
v 0.5121219 0.6592004 0.3611535
v 0.5119693 0.6392108 0.3451431
v 0.5119699 0.6497632 0.3577186
v 0.5121219 0.6374682 0.3352528
v 0.5121219 0.6558105 0.3670247
v 0.5119699 0.6361182 0.346269
v 0.5119699 0.6481177 0.3605694
v 0.5121219 0.6310974 0.3375716
v 0.5121219 0.6506158 0.3713825
v 0.5119699 0.6335962 0.3483848
v 0.5119699 0.6455957 0.3626851
v 0.5121219 0.6259021 0.3419293
v 0.5121219 0.644248 0.3737012
v 0.5119693 0.6319507 0.3512353
v 0.5119699 0.6425024 0.3638109
v 0.5121219 0.6225128 0.3478006
v 0.5121219 0.6374682 0.3737012
v 0.5119699 0.6313782 0.3544771
v 0.5119699 0.6392108 0.3638109
v 0.5121219 0.6213373 0.3544771
v 0.5121219 0.6310974 0.3713825
v 0.5119699 0.6319507 0.3577186
v 0.5119699 0.6361182 0.3626851
v 0.5121219 0.6225128 0.3611535
v 0.5121219 0.6259021 0.3670247
v 0.5119699 0.6335962 0.3605694
v 0.5172134 0.6598413 0.3475673
v 0.5121219 0.6592004 0.3478006
v 0.5121219 0.6558105 0.3419293
v 0.5172134 0.6563342 0.3414909
v 0.5172134 0.6610596 0.3544771
v 0.5121219 0.6506177 0.3375716
v 0.5121219 0.6603778 0.3544771
v 0.5172134 0.6509576 0.3369807
v 0.5172134 0.6598413 0.3613869
v 0.5121219 0.644248 0.3352528
v 0.5121219 0.6592004 0.3611535
v 0.5172134 0.6443646 0.334581
v 0.5172134 0.6563342 0.3674632
v 0.5121219 0.6374682 0.3352528
v 0.5121219 0.6558105 0.3670247
v 0.5172134 0.6373486 0.334581
v 0.5172134 0.6509576 0.3719732
v 0.5121219 0.6310974 0.3375716
v 0.5121219 0.6506158 0.3713825
v 0.5172134 0.6307556 0.3369807
v 0.5172134 0.6443646 0.374373
v 0.5121219 0.6259021 0.3419293
v 0.5121219 0.644248 0.3737012
v 0.5172134 0.6253809 0.3414909
v 0.5172134 0.6373486 0.374373
v 0.5121219 0.6225128 0.3478006
v 0.5121219 0.6374682 0.3737012
v 0.5172134 0.6218719 0.3475673
v 0.5172134 0.6307556 0.3719732
v 0.5121219 0.6213373 0.3544771
v 0.5121219 0.6310974 0.3713825
v 0.5172134 0.6206537 0.3544771
v 0.5172134 0.6253809 0.3674632
v 0.5121219 0.6225128 0.3611535
v 0.5121219 0.6259021 0.3670247
v 0.5172134 0.6218719 0.3613869
v 0.5225186 -0.7320617 0.1142384
v 0.5172134 -0.726311 0.1121447
v 0.5172134 -0.7298181 0.1060683
v 0.522504 -0.7344031 0.1099145
v 0.5172134 -0.7351941 0.1015581
v 0.5225058 -0.7310767 0.1190545
v 0.5172134 -0.7250928 0.1190545
v 0.522518 -0.7382519 0.10686
v 0.5172134 -0.7417871 0.0991584
v 0.5225186 -0.7320617 0.1238705
v 0.5172134 -0.726311 0.1259643
v 0.5225058 -0.7428253 0.105052
v 0.5172134 -0.7488037 0.0991584
v 0.522504 -0.7344031 0.1281944
v 0.5172134 -0.7298181 0.1320406
v 0.522518 -0.7477417 0.1051871
v 0.5172134 -0.7553967 0.1015581
v 0.522518 -0.7382507 0.1312488
v 0.5172134 -0.7351941 0.1365507
v 0.5225058 -0.7524036 0.1067406
v 0.5172134 -0.7607715 0.1060683
v 0.5225058 -0.7428253 0.1330569
v 0.5172134 -0.7417871 0.1389504
v 0.522518 -0.756084 0.1100034
v 0.5172134 -0.7642798 0.1121447
v 0.522518 -0.7477417 0.1329217
v 0.5172134 -0.7488037 0.1389504
v 0.5225174 -0.7585266 0.1142383
v 0.5172134 -0.765498 0.1190545
v 0.522504 -0.7524011 0.1313685
v 0.5172134 -0.7553967 0.1365507
v 0.5225058 -0.7595142 0.1190545
v 0.5172134 -0.7642798 0.1259643
v 0.522518 -0.756084 0.1281056
v 0.5172134 -0.7607715 0.1320406
v 0.5225174 -0.7585266 0.1238707
v 0.5252908 -0.7464648 0.1256864
v 0.5252908 -0.7486609 0.1248866
v 0.5262833 -0.7452942 0.1190545
v 0.5252908 -0.744126 0.1256864
v 0.5252908 -0.7504541 0.1233832
v 0.5252908 -0.7516235 0.1213578
v 0.5252908 -0.7419263 0.1248866
v 0.5252908 -0.75203 0.1190545
v 0.5252908 -0.7401367 0.1233832
v 0.5252908 -0.7516235 0.1167512
v 0.5252908 -0.7389672 0.1213578
v 0.5252908 -0.7504541 0.1147258
v 0.5252908 -0.7385608 0.1190545
v 0.5252908 -0.7486609 0.1132223
v 0.5252908 -0.7389672 0.1167512
v 0.5252908 -0.7464648 0.1124224
v 0.5252908 -0.7401367 0.1147258
v 0.5252908 -0.744126 0.1124224
v 0.5252908 -0.7419263 0.1132223
v 0.5225186 -0.7320617 0.349661
v 0.5172134 -0.726311 0.3475673
v 0.5172134 -0.7298181 0.3414909
v 0.522504 -0.7344031 0.3453371
v 0.5172134 -0.7351941 0.3369807
v 0.5225058 -0.7310767 0.3544771
v 0.5172134 -0.7250928 0.3544771
v 0.522518 -0.7382519 0.3422826
v 0.5172134 -0.7417871 0.334581
v 0.5225186 -0.7320617 0.3592931
v 0.5172134 -0.726311 0.3613869
v 0.5225058 -0.7428253 0.3404745
v 0.5172134 -0.7488037 0.334581
v 0.522504 -0.7344031 0.363617
v 0.5172134 -0.7298181 0.3674632
v 0.522518 -0.7477417 0.3406097
v 0.5172134 -0.7553967 0.3369807
v 0.522518 -0.7382507 0.3666714
v 0.5172134 -0.7351941 0.3719732
v 0.5225058 -0.7524036 0.3421632
v 0.5172134 -0.7607715 0.3414909
v 0.5225058 -0.7428253 0.3684795
v 0.5172134 -0.7417871 0.374373
v 0.522518 -0.756084 0.3454259
v 0.5172134 -0.7642798 0.3475673
v 0.522518 -0.7477417 0.3683442
v 0.5172134 -0.7488037 0.374373
v 0.5225174 -0.7585266 0.3496609
v 0.5172134 -0.765498 0.3544771
v 0.522504 -0.7524011 0.3667911
v 0.5172134 -0.7553967 0.3719732
v 0.5225058 -0.7595142 0.3544771
v 0.5172134 -0.7642798 0.3613869
v 0.522518 -0.756084 0.3635282
v 0.5172134 -0.7607715 0.3674632
v 0.5225174 -0.7585266 0.3592933
v 0.5252908 -0.7464648 0.361109
v 0.5252908 -0.7486609 0.3603091
v 0.5262833 -0.7452942 0.3544771
v 0.5252908 -0.744126 0.361109
v 0.5252908 -0.7504541 0.3588058
v 0.5252908 -0.7516235 0.3567804
v 0.5252908 -0.7419263 0.3603091
v 0.5252908 -0.75203 0.3544771
v 0.5252908 -0.7401367 0.3588058
v 0.5252908 -0.7516235 0.3521737
v 0.5252908 -0.7389672 0.3567804
v 0.5252908 -0.7504541 0.3501484
v 0.5252908 -0.7385608 0.3544771
v 0.5252908 -0.7486609 0.3486449
v 0.5252908 -0.7389672 0.3521737
v 0.5252908 -0.7464648 0.347845
v 0.5252908 -0.7401367 0.3501484
v 0.5252908 -0.744126 0.347845
v 0.5252908 -0.7419263 0.3486449
v 0.5225186 0.6540906 0.1142384
v 0.5172134 0.6598413 0.1121447
v 0.5172134 0.6563342 0.1060683
v 0.522504 0.6517487 0.1099145
v 0.5172134 0.6509576 0.1015581
v 0.5225058 0.6550751 0.1190545
v 0.5172134 0.6610596 0.1190545
v 0.522518 0.6479004 0.10686
v 0.5172134 0.6443646 0.0991584
v 0.5225186 0.6540906 0.1238705
v 0.5172134 0.6598413 0.1259643
v 0.5225058 0.6433264 0.105052
v 0.5172134 0.6373486 0.0991584
v 0.522504 0.6517487 0.1281944
v 0.5172134 0.6563342 0.1320406
v 0.522518 0.6384106 0.1051871
v 0.5172134 0.6307556 0.1015581
v 0.522518 0.647901 0.1312488
v 0.5172134 0.6509576 0.1365507
v 0.5225058 0.6337488 0.1067406
v 0.5172134 0.6253809 0.1060683
v 0.5225058 0.6433264 0.1330569
v 0.5172134 0.6443646 0.1389504
v 0.522518 0.6300684 0.1100034
v 0.5172134 0.6218719 0.1121447
v 0.522518 0.6384106 0.1329217
v 0.5172134 0.6373486 0.1389504
v 0.5225174 0.6276251 0.1142383
v 0.5172134 0.6206537 0.1190545
v 0.522504 0.6337506 0.1313685
v 0.5172134 0.6307556 0.1365507
v 0.5225058 0.6266382 0.1190545
v 0.5172134 0.6218719 0.1259643
v 0.522518 0.6300684 0.1281056
v 0.5172134 0.6253809 0.1320406
v 0.5225174 0.6276251 0.1238707
v 0.5252908 0.6396875 0.1256864
v 0.5252908 0.6374908 0.1248866
v 0.5262833 0.6408575 0.1190545
v 0.5252908 0.6420264 0.1256864
v 0.5252908 0.6356976 0.1233832
v 0.5252908 0.6345288 0.1213578
v 0.5252908 0.6442261 0.1248866
v 0.5252908 0.6341223 0.1190545
v 0.5252908 0.6460156 0.1233832
v 0.5252908 0.6345288 0.1167512
v 0.5252908 0.6471844 0.1213578
v 0.5252908 0.6356976 0.1147258
v 0.5252908 0.6475909 0.1190545
v 0.5252908 0.6374908 0.1132223
v 0.5252908 0.6471844 0.1167512
v 0.5252908 0.6396875 0.1124224
v 0.5252908 0.6460156 0.1147258
v 0.5252908 0.6420264 0.1124224
v 0.5252908 0.6442261 0.1132223
v 0.5225186 1.356854 0.1142384
v 0.5172134 1.362605 0.1121447
v 0.5172134 1.359098 0.1060683
v 0.522504 1.354512 0.1099145
v 0.5172134 1.353721 0.1015581
v 0.5225058 1.357839 0.1190545
v 0.5172134 1.363823 0.1190545
v 0.522518 1.350664 0.10686
v 0.5172134 1.347128 0.0991584
v 0.5225186 1.356854 0.1238705
v 0.5172134 1.362605 0.1259643
v 0.5225058 1.346091 0.105052
v 0.5172134 1.340112 0.0991584
v 0.522504 1.354512 0.1281944
v 0.5172134 1.359098 0.1320406
v 0.522518 1.341174 0.1051871
v 0.5172134 1.333519 0.1015581
v 0.522518 1.350665 0.1312488
v 0.5172134 1.353721 0.1365507
v 0.5225058 1.336512 0.1067406
v 0.5172134 1.328145 0.1060683
v 0.5225058 1.346091 0.1330569
v 0.5172134 1.347128 0.1389504
v 0.522518 1.332832 0.1100034
v 0.5172134 1.324636 0.1121447
v 0.522518 1.341174 0.1329217
v 0.5172134 1.340112 0.1389504
v 0.5225174 1.330389 0.1142383
v 0.5172134 1.323417 0.1190545
v 0.522504 1.336514 0.1313685
v 0.5172134 1.333519 0.1365507
v 0.5225058 1.329402 0.1190545
v 0.5172134 1.324636 0.1259643
v 0.522518 1.332832 0.1281056
v 0.5172134 1.328145 0.1320406
v 0.5225174 1.330389 0.1238707
v 0.5252908 1.342451 0.1256864
v 0.5252908 1.340255 0.1248866
v 0.5262833 1.343621 0.1190545
v 0.5252908 1.34479 0.1256864
v 0.5252908 1.338461 0.1233832
v 0.5252908 1.337292 0.1213578
v 0.5252908 1.34699 0.1248866
v 0.5252908 1.336886 0.1190545
v 0.5252908 1.348779 0.1233832
v 0.5252908 1.337292 0.1167512
v 0.5252908 1.349948 0.1213578
v 0.5252908 1.338461 0.1147258
v 0.5252908 1.350355 0.1190545
v 0.5252908 1.340255 0.1132223
v 0.5252908 1.349948 0.1167512
v 0.5252908 1.342451 0.1124224
v 0.5252908 1.348779 0.1147258
v 0.5252908 1.34479 0.1124224
v 0.5252908 1.34699 0.1132223
v 0.5225186 1.356854 0.349661
v 0.5172134 1.362605 0.3475673
v 0.5172134 1.359098 0.3414909
v 0.522504 1.354512 0.3453371
v 0.5172134 1.353721 0.3369807
v 0.5225058 1.357839 0.3544771
v 0.5172134 1.363823 0.3544771
v 0.522518 1.350664 0.3422826
v 0.5172134 1.347128 0.334581
v 0.5225186 1.356854 0.3592931
v 0.5172134 1.362605 0.3613869
v 0.5225058 1.346091 0.3404745
v 0.5172134 1.340112 0.334581
v 0.522504 1.354512 0.363617
v 0.5172134 1.359098 0.3674632
v 0.522518 1.341174 0.3406097
v 0.5172134 1.333519 0.3369807
v 0.522518 1.350665 0.3666714
v 0.5172134 1.353721 0.3719732
v 0.5225058 1.336512 0.3421632
v 0.5172134 1.328145 0.3414909
v 0.5225058 1.346091 0.3684795
v 0.5172134 1.347128 0.374373
v 0.522518 1.332832 0.3454259
v 0.5172134 1.324636 0.3475673
v 0.522518 1.341174 0.3683442
v 0.5172134 1.340112 0.374373
v 0.5225174 1.330389 0.3496609
v 0.5172134 1.323417 0.3544771
v 0.522504 1.336514 0.3667911
v 0.5172134 1.333519 0.3719732
v 0.5225058 1.329402 0.3544771
v 0.5172134 1.324636 0.3613869
v 0.522518 1.332832 0.3635282
v 0.5172134 1.328145 0.3674632
v 0.5225174 1.330389 0.3592933
v 0.5252908 1.342451 0.361109
v 0.5252908 1.340255 0.3603091
v 0.5262833 1.343621 0.3544771
v 0.5252908 1.34479 0.361109
v 0.5252908 1.338461 0.3588058
v 0.5252908 1.337292 0.3567804
v 0.5252908 1.34699 0.3603091
v 0.5252908 1.336886 0.3544771
v 0.5252908 1.348779 0.3588058
v 0.5252908 1.337292 0.3521737
v 0.5252908 1.349948 0.3567804
v 0.5252908 1.338461 0.3501484
v 0.5252908 1.350355 0.3544771
v 0.5252908 1.340255 0.3486449
v 0.5252908 1.349948 0.3521737
v 0.5252908 1.342451 0.347845
v 0.5252908 1.348779 0.3501484
v 0.5252908 1.34479 0.347845
v 0.5252908 1.34699 0.3486449
v 0.5225186 -0.03713257 0.1142384
v 0.5172134 -0.03138183 0.1121447
v 0.5172134 -0.03488892 0.1060683
v 0.522504 -0.03947449 0.1099145
v 0.5172134 -0.0402655 0.1015581
v 0.5225058 -0.03614807 0.1190545
v 0.5172134 -0.03016357 0.1190545
v 0.522518 -0.04332275 0.10686
v 0.5172134 -0.04685852 0.0991584
v 0.5225186 -0.03713257 0.1238705
v 0.5172134 -0.03138183 0.1259643
v 0.5225058 -0.04789612 0.105052
v 0.5172134 -0.05387451 0.0991584
v 0.522504 -0.03947449 0.1281944
v 0.5172134 -0.03488892 0.1320406
v 0.522518 -0.0528125 0.1051871
v 0.5172134 -0.06046753 0.1015581
v 0.522518 -0.04332214 0.1312488
v 0.5172134 -0.0402655 0.1365507
v 0.5225058 -0.05747436 0.1067406
v 0.5172134 -0.06584229 0.1060683
v 0.5225058 -0.04789612 0.1330569
v 0.5172134 -0.04685852 0.1389504
v 0.522518 -0.06115478 0.1100034
v 0.5172134 -0.0693512 0.1121447
v 0.522518 -0.0528125 0.1329217
v 0.5172134 -0.05387451 0.1389504
v 0.5225174 -0.06359802 0.1142383
v 0.5172134 -0.07056946 0.1190545
v 0.522504 -0.05747253 0.1313685
v 0.5172134 -0.06046753 0.1365507
v 0.5225058 -0.06458496 0.1190545
v 0.5172134 -0.0693512 0.1259643
v 0.522518 -0.06115478 0.1281056
v 0.5172134 -0.06584229 0.1320406
v 0.5225174 -0.06359802 0.1238707
v 0.5252908 -0.05153564 0.1256864
v 0.5252908 -0.0537323 0.1248866
v 0.5262833 -0.0503656 0.1190545
v 0.5252908 -0.04919678 0.1256864
v 0.5252908 -0.05552551 0.1233832
v 0.5252908 -0.05669434 0.1213578
v 0.5252908 -0.04699707 0.1248866
v 0.5252908 -0.05710083 0.1190545
v 0.5252908 -0.04520752 0.1233832
v 0.5252908 -0.05669434 0.1167512
v 0.5252908 -0.04403869 0.1213578
v 0.5252908 -0.05552551 0.1147258
v 0.5252908 -0.0436322 0.1190545
v 0.5252908 -0.0537323 0.1132223
v 0.5252908 -0.04403869 0.1167512
v 0.5252908 -0.05153564 0.1124224
v 0.5252908 -0.04520752 0.1147258
v 0.5252908 -0.04919678 0.1124224
v 0.5252908 -0.04699707 0.1132223
v 0.5225186 -0.03713257 0.349661
v 0.5172134 -0.03138183 0.3475673
v 0.5172134 -0.03488892 0.3414909
v 0.522504 -0.03947449 0.3453371
v 0.5172134 -0.0402655 0.3369807
v 0.5225058 -0.03614807 0.3544771
v 0.5172134 -0.03016357 0.3544771
v 0.522518 -0.04332275 0.3422826
v 0.5172134 -0.04685852 0.334581
v 0.5225186 -0.03713257 0.3592931
v 0.5172134 -0.03138183 0.3613869
v 0.5225058 -0.04789612 0.3404745
v 0.5172134 -0.05387451 0.334581
v 0.522504 -0.03947449 0.363617
v 0.5172134 -0.03488892 0.3674632
v 0.522518 -0.0528125 0.3406097
v 0.5172134 -0.06046753 0.3369807
v 0.522518 -0.04332214 0.3666714
v 0.5172134 -0.0402655 0.3719732
v 0.5225058 -0.05747436 0.3421632
v 0.5172134 -0.06584229 0.3414909
v 0.5225058 -0.04789612 0.3684795
v 0.5172134 -0.04685852 0.374373
v 0.522518 -0.06115478 0.3454259
v 0.5172134 -0.0693512 0.3475673
v 0.522518 -0.0528125 0.3683442
v 0.5172134 -0.05387451 0.374373
v 0.5225174 -0.06359802 0.3496609
v 0.5172134 -0.07056946 0.3544771
v 0.522504 -0.05747253 0.3667911
v 0.5172134 -0.06046753 0.3719732
v 0.5225058 -0.06458496 0.3544771
v 0.5172134 -0.0693512 0.3613869
v 0.522518 -0.06115478 0.3635282
v 0.5172134 -0.06584229 0.3674632
v 0.5225174 -0.06359802 0.3592933
v 0.5252908 -0.05153564 0.361109
v 0.5252908 -0.0537323 0.3603091
v 0.5262833 -0.0503656 0.3544771
v 0.5252908 -0.04919678 0.361109
v 0.5252908 -0.05552551 0.3588058
v 0.5252908 -0.05669434 0.3567804
v 0.5252908 -0.04699707 0.3603091
v 0.5252908 -0.05710083 0.3544771
v 0.5252908 -0.04520752 0.3588058
v 0.5252908 -0.05669434 0.3521737
v 0.5252908 -0.04403869 0.3567804
v 0.5252908 -0.05552551 0.3501484
v 0.5252908 -0.0436322 0.3544771
v 0.5252908 -0.0537323 0.3486449
v 0.5252908 -0.04403869 0.3521737
v 0.5252908 -0.05153564 0.347845
v 0.5252908 -0.04520752 0.3501484
v 0.5252908 -0.04919678 0.347845
v 0.5252908 -0.04699707 0.3486449
v 0.5225186 0.6540906 0.349661
v 0.5172134 0.6598413 0.3475673
v 0.5172134 0.6563342 0.3414909
v 0.522504 0.6517487 0.3453371
v 0.5172134 0.6509576 0.3369807
v 0.5225058 0.6550751 0.3544771
v 0.5172134 0.6610596 0.3544771
v 0.522518 0.6479004 0.3422826
v 0.5172134 0.6443646 0.334581
v 0.5225186 0.6540906 0.3592931
v 0.5172134 0.6598413 0.3613869
v 0.5225058 0.6433264 0.3404745
v 0.5172134 0.6373486 0.334581
v 0.522504 0.6517487 0.363617
v 0.5172134 0.6563342 0.3674632
v 0.522518 0.6384106 0.3406097
v 0.5172134 0.6307556 0.3369807
v 0.522518 0.647901 0.3666714
v 0.5172134 0.6509576 0.3719732
v 0.5225058 0.6337488 0.3421632
v 0.5172134 0.6253809 0.3414909
v 0.5225058 0.6433264 0.3684795
v 0.5172134 0.6443646 0.374373
v 0.522518 0.6300684 0.3454259
v 0.5172134 0.6218719 0.3475673
v 0.522518 0.6384106 0.3683442
v 0.5172134 0.6373486 0.374373
v 0.5225174 0.6276251 0.3496609
v 0.5172134 0.6206537 0.3544771
v 0.522504 0.6337506 0.3667911
v 0.5172134 0.6307556 0.3719732
v 0.5225058 0.6266382 0.3544771
v 0.5172134 0.6218719 0.3613869
v 0.522518 0.6300684 0.3635282
v 0.5172134 0.6253809 0.3674632
v 0.5225174 0.6276251 0.3592933
v 0.5252908 0.6396875 0.361109
v 0.5252908 0.6374908 0.3603091
v 0.5262833 0.6408575 0.3544771
v 0.5252908 0.6420264 0.361109
v 0.5252908 0.6356976 0.3588058
v 0.5252908 0.6345288 0.3567804
v 0.5252908 0.6442261 0.3603091
v 0.5252908 0.6341223 0.3544771
v 0.5252908 0.6460156 0.3588058
v 0.5252908 0.6345288 0.3521737
v 0.5252908 0.6471844 0.3567804
v 0.5252908 0.6356976 0.3501484
v 0.5252908 0.6475909 0.3544771
v 0.5252908 0.6374908 0.3486449
v 0.5252908 0.6471844 0.3521737
v 0.5252908 0.6396875 0.347845
v 0.5252908 0.6460156 0.3501484
v 0.5252908 0.6420264 0.347845
v 0.5252908 0.6442261 0.3486449
vt 0.907418 0.1187545
vt 0.9068612 0.1180413
vt 0.9068612 0.1187545
vt 0.907418 0.4766576
vt 0.9068612 0.4766576
vt 0.907418 0.4771172
vt 0.8989515 0.1187545
vt 0.8983372 0.1180413
vt 0.8983372 0.1187545
vt 0.8983372 0.4771172
vt 0.8989515 0.4766576
vt 0.8983372 0.4766576
vt 0.3376363 0.974591
vt 0.3352602 0.7922379
vt 0.3312811 0.7922889
vt 0.3336573 0.974642
vt 0.2699502 0.9836527
vt 0.3275136 0.984575
vt 0.327673 0.9806071
vt 0.2699869 0.9796726
vt 0.2588964 0.7932419
vt 0.2612087 0.9755465
vt 0.2651877 0.9754971
vt 0.2628753 0.7931921
vt 0.3262039 0.7836508
vt 0.2686027 0.7837927
vt 0.2684947 0.7877653
vt 0.3262497 0.7876275
vt 0.3262039 0.7836508
vt 0.3267708 0.783502
vt 0.3263524 0.7826235
vt 0.3256837 0.7830713
vt 0.3276433 0.9856173
vt 0.3280578 0.9847369
vt 0.3275136 0.984575
vt 0.3269765 0.985149
vt 0.2704691 0.9842434
vt 0.2699502 0.9836527
vt 0.2693909 0.9837746
vt 0.2697748 0.9846848
vt 0.2686027 0.7837927
vt 0.2691324 0.7832081
vt 0.2684597 0.7827488
vt 0.2680564 0.7836381
vt 0.3268082 0.7877609
vt 0.3267708 0.783502
vt 0.3262039 0.7836508
vt 0.3262497 0.7876275
vt 0.3352602 0.7922379
vt 0.3376363 0.974591
vt 0.3382133 0.9739986
vt 0.3358524 0.7928152
vt 0.3280578 0.9847369
vt 0.3282376 0.9804955
vt 0.327673 0.9806071
vt 0.3275136 0.984575
vt 0.3312811 0.7922889
vt 0.3284409 0.7944828
vt 0.3307602 0.9725211
vt 0.3336573 0.974642
vt 0.3275136 0.984575
vt 0.2699502 0.9836527
vt 0.2704691 0.9842434
vt 0.3269765 0.985149
vt 0.2699502 0.9836527
vt 0.2699869 0.9796726
vt 0.2694314 0.9795275
vt 0.2693909 0.9837746
vt 0.327673 0.9806071
vt 0.3257646 0.9776996
vt 0.2719852 0.9768499
vt 0.2699869 0.9796726
vt 0.2612087 0.9755465
vt 0.2588964 0.7932419
vt 0.2583191 0.7938337
vt 0.2606167 0.9749694
vt 0.2680564 0.7836381
vt 0.2679321 0.7878852
vt 0.2684947 0.7877653
vt 0.2686027 0.7837927
vt 0.2651877 0.9754971
vt 0.2680286 0.9733047
vt 0.2657717 0.7953133
vt 0.2628753 0.7931921
vt 0.2686027 0.7837927
vt 0.3262039 0.7836508
vt 0.3256837 0.7830713
vt 0.2691324 0.7832081
vt 0.2684947 0.7877653
vt 0.2704443 0.79064
vt 0.3242855 0.7904839
vt 0.3262497 0.7876275
vt 0.3262497 0.7876275
vt 0.3242855 0.7904839
vt 0.3248869 0.7909446
vt 0.3268082 0.7877609
vt 0.2679321 0.7878852
vt 0.2698467 0.7911091
vt 0.2704443 0.79064
vt 0.2684947 0.7877653
vt 0.2699869 0.9796726
vt 0.2719852 0.9768499
vt 0.2713951 0.9763756
vt 0.2694314 0.9795275
vt 0.3282376 0.9804955
vt 0.3263745 0.9772454
vt 0.3257646 0.9776996
vt 0.327673 0.9806071
vt 0.3053679 0.9501564
vt 0.3045933 0.947424
vt 0.3038989 0.9474608
vt 0.3047681 0.9504633
vt 0.3059885 0.82032
vt 0.3029488 0.8202392
vt 0.3045933 0.947424
vt 0.3076291 0.9472664
vt 0.3030506 0.8172466
vt 0.3023143 0.82022
vt 0.3029488 0.8202392
vt 0.3036474 0.8175664
vt 0.3096587 0.9549534
vt 0.3053679 0.9501564
vt 0.3047681 0.9504633
vt 0.309092 0.955345
vt 0.3106779 0.8157269
vt 0.3059885 0.82032
vt 0.3076291 0.9472664
vt 0.3124343 0.9517388
vt 0.3074335 0.8125707
vt 0.3030506 0.8172466
vt 0.3036474 0.8175664
vt 0.3079823 0.8129803
vt 0.3104036 0.9562341
vt 0.3096587 0.9549534
vt 0.309092 0.955345
vt 0.3098315 0.9566699
vt 0.3120025 0.8150818
vt 0.3106779 0.8157269
vt 0.3124343 0.9517388
vt 0.313775 0.9523503
vt 0.3081778 0.8112438
vt 0.3074335 0.8125707
vt 0.3079823 0.8129803
vt 0.3087514 0.8116836
vt 0.3120031 0.9580585
vt 0.3104036 0.9562341
vt 0.3098315 0.9566699
vt 0.3114581 0.9584761
vt 0.309976 0.8092685
vt 0.3081778 0.8112438
vt 0.3087514 0.8116836
vt 0.3105616 0.8098239
vt 0.293249 0.9506203
vt 0.2938994 0.9475733
vt 0.2933509 0.9475587
vt 0.2926489 0.9503058
vt 0.3047681 0.9504633
vt 0.3038989 0.9474608
vt 0.2938994 0.9475733
vt 0.293249 0.9506203
vt 0.2888876 0.9553012
vt 0.293249 0.9506203
vt 0.2926489 0.9503058
vt 0.2883343 0.9548976
vt 0.309092 0.955345
vt 0.3047681 0.9504633
vt 0.293249 0.9506203
vt 0.2888876 0.9553012
vt 0.2881568 0.9566273
vt 0.2888876 0.9553012
vt 0.2883343 0.9548976
vt 0.2875763 0.956196
vt 0.3098315 0.9566699
vt 0.309092 0.955345
vt 0.2888876 0.9553012
vt 0.2881568 0.9566273
vt 0.2865167 0.9584692
vt 0.2881568 0.9566273
vt 0.2875763 0.956196
vt 0.2859526 0.9579374
vt 0.3114581 0.9584761
vt 0.3098315 0.9566699
vt 0.2881568 0.9566273
vt 0.2865167 0.9584692
vt 0.2903113 0.9474788
vt 0.2933509 0.9475587
vt 0.2917109 0.8204129
vt 0.288675 0.8205703
vt 0.2909412 0.8176122
vt 0.2917109 0.8204129
vt 0.2921037 0.8203934
vt 0.2915438 0.8173101
vt 0.2856219 0.9520711
vt 0.2903113 0.9474788
vt 0.288675 0.8205703
vt 0.2838698 0.8160986
vt 0.2867053 0.812811
vt 0.2909412 0.8176122
vt 0.2915438 0.8173101
vt 0.2872757 0.8124249
vt 0.2842973 0.9527164
vt 0.2856219 0.9520711
vt 0.2838698 0.8160986
vt 0.2825292 0.815487
vt 0.28598 0.8115343
vt 0.2867053 0.812811
vt 0.2872757 0.8124249
vt 0.2865528 0.8111011
vt 0.2840204 0.8094621
vt 0.28598 0.8115343
vt 0.2865528 0.8111011
vt 0.2845928 0.8090316
vt 0.2915438 0.8173101
vt 0.2921037 0.8203934
vt 0.3023143 0.82022
vt 0.3030506 0.8172466
vt 0.2872757 0.8124249
vt 0.2915438 0.8173101
vt 0.3030506 0.8172466
vt 0.3074335 0.8125707
vt 0.2865528 0.8111011
vt 0.2872757 0.8124249
vt 0.3074335 0.8125707
vt 0.3081778 0.8112438
vt 0.3155825 0.9539945
vt 0.3139599 0.8133259
vt 0.3120025 0.8150818
vt 0.313775 0.9523503
vt 0.2803557 0.8135707
vt 0.2824863 0.954352
vt 0.2842973 0.9527164
vt 0.2825292 0.815487
vt 0.309976 0.8092685
vt 0.2845928 0.8090316
vt 0.2865528 0.8111011
vt 0.3081778 0.8112438
vt 0.3242855 0.7904839
vt 0.3105616 0.8098239
vt 0.3248869 0.7909446
vt 0.309976 0.8092685
vt 0.3242855 0.7904839
vt 0.2845928 0.8090316
vt 0.2704443 0.79064
vt 0.2698467 0.7911091
vt 0.2840204 0.8094621
vt 0.2704443 0.79064
vt 0.3263745 0.9772454
vt 0.3120031 0.9580585
vt 0.3114581 0.9584761
vt 0.3257646 0.9776996
vt 0.3257646 0.9776996
vt 0.3114581 0.9584761
vt 0.2865167 0.9584692
vt 0.2719852 0.9768499
vt 0.2859526 0.9579374
vt 0.2713951 0.9763756
vt 0.2719852 0.9768499
vt 0.3396145 0.9725609
vt 0.3372906 0.7942166
vt 0.3358524 0.7928152
vt 0.3382133 0.9739986
vt 0.3263524 0.7826235
vt 0.3249865 0.7810946
vt 0.3243428 0.7816532
vt 0.3256837 0.7830713
vt 0.2704732 0.7817862
vt 0.3256837 0.7830713
vt 0.2691324 0.7832081
vt 0.2698474 0.7812382
vt 0.2691324 0.7832081
vt 0.2684597 0.7827488
vt 0.259179 0.9735678
vt 0.2606167 0.9749694
vt 0.2583191 0.7938337
vt 0.2569174 0.7952707
vt 0.2718159 0.9856876
vt 0.2704691 0.9842434
vt 0.2697748 0.9846848
vt 0.2711618 0.9862421
vt 0.3256193 0.9865458
vt 0.2704691 0.9842434
vt 0.3269765 0.985149
vt 0.3262378 0.987103
vt 0.3269765 0.985149
vt 0.3276433 0.9856173
vt 0.3139599 0.8133259
vt 0.3155825 0.9539945
vt 0.3307602 0.9725211
vt 0.3284409 0.7944828
vt 0.2657717 0.7953133
vt 0.2680286 0.9733047
vt 0.2824863 0.954352
vt 0.2803557 0.8135707
vt 0.3029488 0.8202392
vt 0.3038989 0.9474608
vt 0.3045933 0.947424
vt 0.3023143 0.82022
vt 0.2938994 0.9475733
vt 0.2921037 0.8203934
vt 0.2933509 0.9475587
vt 0.2917109 0.8204129
vt 0.3376363 0.974591
vt 0.3352602 0.7922379
vt 0.3312811 0.7922889
vt 0.3336573 0.974642
vt 0.2699502 0.9836527
vt 0.3275136 0.984575
vt 0.327673 0.9806071
vt 0.2699869 0.9796726
vt 0.2588964 0.7932419
vt 0.2612087 0.9755465
vt 0.2651877 0.9754971
vt 0.2628753 0.7931921
vt 0.3262039 0.7836508
vt 0.2686027 0.7837927
vt 0.2684947 0.7877653
vt 0.3262497 0.7876275
vt 0.3262039 0.7836508
vt 0.3267708 0.783502
vt 0.3263524 0.7826235
vt 0.3256837 0.7830713
vt 0.3276433 0.9856173
vt 0.3280578 0.9847369
vt 0.3275136 0.984575
vt 0.3269765 0.985149
vt 0.2704691 0.9842434
vt 0.2699502 0.9836527
vt 0.2693909 0.9837746
vt 0.2697748 0.9846848
vt 0.2686027 0.7837927
vt 0.2691324 0.7832081
vt 0.2684597 0.7827488
vt 0.2680564 0.7836381
vt 0.3268082 0.7877609
vt 0.3267708 0.783502
vt 0.3262039 0.7836508
vt 0.3262497 0.7876275
vt 0.3352602 0.7922379
vt 0.3376363 0.974591
vt 0.3382133 0.9739986
vt 0.3358524 0.7928152
vt 0.3280578 0.9847369
vt 0.3282376 0.9804955
vt 0.327673 0.9806071
vt 0.3275136 0.984575
vt 0.3312811 0.7922889
vt 0.3284409 0.7944828
vt 0.3307602 0.9725211
vt 0.3336573 0.974642
vt 0.3275136 0.984575
vt 0.2699502 0.9836527
vt 0.2704691 0.9842434
vt 0.3269765 0.985149
vt 0.2699502 0.9836527
vt 0.2699869 0.9796726
vt 0.2694314 0.9795275
vt 0.2693909 0.9837746
vt 0.327673 0.9806071
vt 0.3257646 0.9776996
vt 0.2719852 0.9768499
vt 0.2699869 0.9796726
vt 0.2612087 0.9755465
vt 0.2588964 0.7932419
vt 0.2583191 0.7938337
vt 0.2606167 0.9749694
vt 0.2680564 0.7836381
vt 0.2679321 0.7878852
vt 0.2684947 0.7877653
vt 0.2686027 0.7837927
vt 0.2651877 0.9754971
vt 0.2680286 0.9733047
vt 0.2657717 0.7953133
vt 0.2628753 0.7931921
vt 0.2686027 0.7837927
vt 0.3262039 0.7836508
vt 0.3256837 0.7830713
vt 0.2691324 0.7832081
vt 0.2684947 0.7877653
vt 0.2704443 0.79064
vt 0.3242855 0.7904839
vt 0.3262497 0.7876275
vt 0.3262497 0.7876275
vt 0.3242855 0.7904839
vt 0.3248869 0.7909446
vt 0.3268082 0.7877609
vt 0.2679321 0.7878852
vt 0.2698467 0.7911091
vt 0.2704443 0.79064
vt 0.2684947 0.7877653
vt 0.2699869 0.9796726
vt 0.2719852 0.9768499
vt 0.2713951 0.9763756
vt 0.2694314 0.9795275
vt 0.3282376 0.9804955
vt 0.3263745 0.9772454
vt 0.3257646 0.9776996
vt 0.327673 0.9806071
vt 0.3053679 0.9501564
vt 0.3045933 0.947424
vt 0.3038989 0.9474608
vt 0.3047681 0.9504633
vt 0.3059885 0.82032
vt 0.3029488 0.8202392
vt 0.3045933 0.947424
vt 0.3076291 0.9472664
vt 0.3030506 0.8172466
vt 0.3023143 0.82022
vt 0.3029488 0.8202392
vt 0.3036474 0.8175664
vt 0.3096587 0.9549534
vt 0.3053679 0.9501564
vt 0.3047681 0.9504633
vt 0.309092 0.955345
vt 0.3106779 0.8157269
vt 0.3059885 0.82032
vt 0.3076291 0.9472664
vt 0.3124343 0.9517388
vt 0.3074335 0.8125707
vt 0.3030506 0.8172466
vt 0.3036474 0.8175664
vt 0.3079823 0.8129803
vt 0.3104036 0.9562341
vt 0.3096587 0.9549534
vt 0.309092 0.955345
vt 0.3098315 0.9566699
vt 0.3120025 0.8150818
vt 0.3106779 0.8157269
vt 0.3124343 0.9517388
vt 0.313775 0.9523503
vt 0.3081778 0.8112438
vt 0.3074335 0.8125707
vt 0.3079823 0.8129803
vt 0.3087514 0.8116836
vt 0.3120031 0.9580585
vt 0.3104036 0.9562341
vt 0.3098315 0.9566699
vt 0.3114581 0.9584761
vt 0.309976 0.8092685
vt 0.3081778 0.8112438
vt 0.3087514 0.8116836
vt 0.3105616 0.8098239
vt 0.293249 0.9506203
vt 0.2938994 0.9475733
vt 0.2933509 0.9475587
vt 0.2926489 0.9503058
vt 0.3047681 0.9504633
vt 0.3038989 0.9474608
vt 0.2938994 0.9475733
vt 0.293249 0.9506203
vt 0.2888876 0.9553012
vt 0.293249 0.9506203
vt 0.2926489 0.9503058
vt 0.2883343 0.9548976
vt 0.309092 0.955345
vt 0.3047681 0.9504633
vt 0.293249 0.9506203
vt 0.2888876 0.9553012
vt 0.2881568 0.9566273
vt 0.2888876 0.9553012
vt 0.2883343 0.9548976
vt 0.2875763 0.956196
vt 0.3098315 0.9566699
vt 0.309092 0.955345
vt 0.2888876 0.9553012
vt 0.2881568 0.9566273
vt 0.2865167 0.9584692
vt 0.2881568 0.9566273
vt 0.2875763 0.956196
vt 0.2859526 0.9579374
vt 0.3114581 0.9584761
vt 0.3098315 0.9566699
vt 0.2881568 0.9566273
vt 0.2865167 0.9584692
vt 0.2903113 0.9474788
vt 0.2933509 0.9475587
vt 0.2917109 0.8204129
vt 0.288675 0.8205703
vt 0.2909412 0.8176122
vt 0.2917109 0.8204129
vt 0.2921037 0.8203934
vt 0.2915438 0.8173101
vt 0.2856219 0.9520711
vt 0.2903113 0.9474788
vt 0.288675 0.8205703
vt 0.2838698 0.8160986
vt 0.2867053 0.812811
vt 0.2909412 0.8176122
vt 0.2915438 0.8173101
vt 0.2872757 0.8124249
vt 0.2842973 0.9527164
vt 0.2856219 0.9520711
vt 0.2838698 0.8160986
vt 0.2825292 0.815487
vt 0.28598 0.8115343
vt 0.2867053 0.812811
vt 0.2872757 0.8124249
vt 0.2865528 0.8111011
vt 0.2840204 0.8094621
vt 0.28598 0.8115343
vt 0.2865528 0.8111011
vt 0.2845928 0.8090316
vt 0.2915438 0.8173101
vt 0.2921037 0.8203934
vt 0.3023143 0.82022
vt 0.3030506 0.8172466
vt 0.2872757 0.8124249
vt 0.2915438 0.8173101
vt 0.3030506 0.8172466
vt 0.3074335 0.8125707
vt 0.2865528 0.8111011
vt 0.2872757 0.8124249
vt 0.3074335 0.8125707
vt 0.3081778 0.8112438
vt 0.3155825 0.9539945
vt 0.3139599 0.8133259
vt 0.3120025 0.8150818
vt 0.313775 0.9523503
vt 0.2803557 0.8135707
vt 0.2824863 0.954352
vt 0.2842973 0.9527164
vt 0.2825292 0.815487
vt 0.309976 0.8092685
vt 0.2845928 0.8090316
vt 0.2865528 0.8111011
vt 0.3081778 0.8112438
vt 0.3242855 0.7904839
vt 0.3105616 0.8098239
vt 0.3248869 0.7909446
vt 0.309976 0.8092685
vt 0.3242855 0.7904839
vt 0.2845928 0.8090316
vt 0.2704443 0.79064
vt 0.2698467 0.7911091
vt 0.2840204 0.8094621
vt 0.2704443 0.79064
vt 0.3263745 0.9772454
vt 0.3120031 0.9580585
vt 0.3114581 0.9584761
vt 0.3257646 0.9776996
vt 0.3257646 0.9776996
vt 0.3114581 0.9584761
vt 0.2865167 0.9584692
vt 0.2719852 0.9768499
vt 0.2859526 0.9579374
vt 0.2713951 0.9763756
vt 0.2719852 0.9768499
vt 0.3396145 0.9725609
vt 0.3372906 0.7942166
vt 0.3358524 0.7928152
vt 0.3382133 0.9739986
vt 0.3263524 0.7826235
vt 0.3249865 0.7810946
vt 0.3243428 0.7816532
vt 0.3256837 0.7830713
vt 0.2704732 0.7817862
vt 0.3256837 0.7830713
vt 0.2691324 0.7832081
vt 0.2698474 0.7812382
vt 0.2691324 0.7832081
vt 0.2684597 0.7827488
vt 0.259179 0.9735678
vt 0.2606167 0.9749694
vt 0.2583191 0.7938337
vt 0.2569174 0.7952707
vt 0.2718159 0.9856876
vt 0.2704691 0.9842434
vt 0.2697748 0.9846848
vt 0.2711618 0.9862421
vt 0.3256193 0.9865458
vt 0.2704691 0.9842434
vt 0.3269765 0.985149
vt 0.3262378 0.987103
vt 0.3269765 0.985149
vt 0.3276433 0.9856173
vt 0.3139599 0.8133259
vt 0.3155825 0.9539945
vt 0.3307602 0.9725211
vt 0.3284409 0.7944828
vt 0.2657717 0.7953133
vt 0.2680286 0.9733047
vt 0.2824863 0.954352
vt 0.2803557 0.8135707
vt 0.3029488 0.8202392
vt 0.3038989 0.9474608
vt 0.3045933 0.947424
vt 0.3023143 0.82022
vt 0.2938994 0.9475733
vt 0.2921037 0.8203934
vt 0.2933509 0.9475587
vt 0.2917109 0.8204129
vt 0.9127543 0.4724046
vt 0.9103869 0.4795671
vt 0.9127116 0.4795808
vt 0.9104298 0.4723907
vt 0.9127955 0.4654107
vt 0.9104716 0.4653962
vt 0.9128378 0.4584753
vt 0.9105145 0.4584615
vt 0.9128784 0.4515591
vt 0.9105546 0.4515453
vt 0.9129206 0.4446418
vt 0.9105957 0.4446278
vt 0.9129603 0.4377228
vt 0.9106358 0.4377089
vt 0.9130025 0.4308035
vt 0.9106783 0.4307903
vt 0.9130431 0.4238819
vt 0.9107196 0.423868
vt 0.913086 0.4169731
vt 0.9107614 0.4169593
vt 0.9131264 0.4102597
vt 0.9108003 0.4102458
vt 0.9131642 0.4035929
vt 0.9108398 0.403578
vt 0.9132041 0.3969186
vt 0.9108809 0.3969047
vt 0.9132442 0.3902487
vt 0.9109207 0.390234
vt 0.9132858 0.3835695
vt 0.9109597 0.3835557
vt 0.9133243 0.376886
vt 0.9110001 0.3768726
vt 0.9133633 0.3701937
vt 0.9110391 0.3701797
vt 0.9134041 0.3634731
vt 0.9110799 0.3634597
vt 0.913444 0.3567022
vt 0.9111196 0.3566884
vt 0.9597979 0.4726843
vt 0.9127116 0.4795808
vt 0.9597555 0.4798623
vt 0.9127543 0.4724046
vt 0.9598413 0.4656904
vt 0.9127955 0.4654107
vt 0.9598814 0.4587563
vt 0.9128378 0.4584753
vt 0.9599232 0.4518395
vt 0.9128784 0.4515591
vt 0.9599638 0.4449219
vt 0.9129206 0.4446418
vt 0.9600053 0.438003
vt 0.9129603 0.4377228
vt 0.9600466 0.4310839
vt 0.9130025 0.4308035
vt 0.9600888 0.424163
vt 0.9130431 0.4238819
vt 0.9601292 0.417254
vt 0.913086 0.4169731
vt 0.9601698 0.4105398
vt 0.9131264 0.4102597
vt 0.960209 0.4038736
vt 0.9131642 0.4035929
vt 0.960248 0.3971988
vt 0.9132041 0.3969186
vt 0.9132442 0.3902487
vt 0.9602893 0.3905284
vt 0.9603283 0.3838519
vt 0.9132858 0.3835695
vt 0.9603689 0.3771668
vt 0.9133243 0.376886
vt 0.9604088 0.3704745
vt 0.9133633 0.3701937
vt 0.9604489 0.363761
vt 0.9134041 0.3634731
vt 0.9604868 0.3569755
vt 0.913444 0.3567022
vt 0.9127543 0.4724046
vt 0.9103869 0.4795671
vt 0.9127116 0.4795808
vt 0.9104298 0.4723907
vt 0.9127955 0.4654107
vt 0.9104716 0.4653962
vt 0.9128378 0.4584753
vt 0.9105145 0.4584615
vt 0.9128784 0.4515591
vt 0.9105546 0.4515453
vt 0.9129206 0.4446418
vt 0.9105957 0.4446278
vt 0.9129603 0.4377228
vt 0.9106358 0.4377089
vt 0.9130025 0.4308035
vt 0.9106783 0.4307903
vt 0.9130431 0.4238819
vt 0.9107196 0.423868
vt 0.913086 0.4169731
vt 0.9107614 0.4169593
vt 0.9131264 0.4102597
vt 0.9108003 0.4102458
vt 0.9131642 0.4035929
vt 0.9108398 0.403578
vt 0.9132041 0.3969186
vt 0.9108809 0.3969047
vt 0.9132442 0.3902487
vt 0.9109207 0.390234
vt 0.9132858 0.3835695
vt 0.9109597 0.3835557
vt 0.9133243 0.376886
vt 0.9110001 0.3768726
vt 0.9133633 0.3701937
vt 0.9110391 0.3701797
vt 0.9134041 0.3634731
vt 0.9110799 0.3634597
vt 0.913444 0.3567022
vt 0.9111196 0.3566884
vt 0.9597979 0.4726843
vt 0.9127116 0.4795808
vt 0.9597555 0.4798623
vt 0.9127543 0.4724046
vt 0.9598413 0.4656904
vt 0.9127955 0.4654107
vt 0.9598814 0.4587563
vt 0.9128378 0.4584753
vt 0.9599232 0.4518395
vt 0.9128784 0.4515591
vt 0.9599638 0.4449219
vt 0.9129206 0.4446418
vt 0.9600053 0.438003
vt 0.9129603 0.4377228
vt 0.9600466 0.4310839
vt 0.9130025 0.4308035
vt 0.9600888 0.424163
vt 0.9130431 0.4238819
vt 0.9601292 0.417254
vt 0.913086 0.4169731
vt 0.9601698 0.4105398
vt 0.9131264 0.4102597
vt 0.960209 0.4038736
vt 0.9131642 0.4035929
vt 0.960248 0.3971988
vt 0.9132041 0.3969186
vt 0.9132442 0.3902487
vt 0.9602893 0.3905284
vt 0.9603283 0.3838519
vt 0.9132858 0.3835695
vt 0.9603689 0.3771668
vt 0.9133243 0.376886
vt 0.9604088 0.3704745
vt 0.9133633 0.3701937
vt 0.9604489 0.363761
vt 0.9134041 0.3634731
vt 0.9604868 0.3569755
vt 0.913444 0.3567022
vt 0.9127543 0.4724046
vt 0.9103869 0.4795671
vt 0.9127116 0.4795808
vt 0.9104298 0.4723907
vt 0.9127955 0.4654107
vt 0.9104716 0.4653962
vt 0.9128378 0.4584753
vt 0.9105145 0.4584615
vt 0.9128784 0.4515591
vt 0.9105546 0.4515453
vt 0.9129206 0.4446418
vt 0.9105957 0.4446278
vt 0.9129603 0.4377228
vt 0.9106358 0.4377089
vt 0.9130025 0.4308035
vt 0.9106783 0.4307903
vt 0.9130431 0.4238819
vt 0.9107196 0.423868
vt 0.913086 0.4169731
vt 0.9107614 0.4169593
vt 0.9131264 0.4102597
vt 0.9108003 0.4102458
vt 0.9131642 0.4035929
vt 0.9108398 0.403578
vt 0.9132041 0.3969186
vt 0.9108809 0.3969047
vt 0.9132442 0.3902487
vt 0.9109207 0.390234
vt 0.9132858 0.3835695
vt 0.9109597 0.3835557
vt 0.9133243 0.376886
vt 0.9110001 0.3768726
vt 0.9133633 0.3701937
vt 0.9110391 0.3701797
vt 0.9134041 0.3634731
vt 0.9110799 0.3634597
vt 0.913444 0.3567022
vt 0.9111196 0.3566884
vt 0.9597979 0.4726843
vt 0.9127116 0.4795808
vt 0.9597555 0.4798623
vt 0.9127543 0.4724046
vt 0.9598413 0.4656904
vt 0.9127955 0.4654107
vt 0.9598814 0.4587563
vt 0.9128378 0.4584753
vt 0.9599232 0.4518395
vt 0.9128784 0.4515591
vt 0.9599638 0.4449219
vt 0.9129206 0.4446418
vt 0.9600053 0.438003
vt 0.9129603 0.4377228
vt 0.9600466 0.4310839
vt 0.9130025 0.4308035
vt 0.9600888 0.424163
vt 0.9130431 0.4238819
vt 0.9601292 0.417254
vt 0.913086 0.4169731
vt 0.9601698 0.4105398
vt 0.9131264 0.4102597
vt 0.960209 0.4038736
vt 0.9131642 0.4035929
vt 0.960248 0.3971988
vt 0.9132041 0.3969186
vt 0.9132442 0.3902487
vt 0.9602893 0.3905284
vt 0.9603283 0.3838519
vt 0.9132858 0.3835695
vt 0.9603689 0.3771668
vt 0.9133243 0.376886
vt 0.9604088 0.3704745
vt 0.9133633 0.3701937
vt 0.9604489 0.363761
vt 0.9134041 0.3634731
vt 0.9604868 0.3569755
vt 0.913444 0.3567022
vt 0.171124 0.986785
vt 0.1721466 0.7944289
vt 0.1679474 0.794407
vt 0.1669246 0.9867629
vt 0.01363066 0.9954474
vt 0.1605188 0.9963206
vt 0.1606513 0.9921269
vt 0.01362342 0.9912478
vt 0.00409497 0.7935841
vt 0.003047612 0.986025
vt 0.007246726 0.9860479
vt 0.008294145 0.7936068
vt 0.161552 0.78476
vt 0.0145196 0.7843412
vt 0.01439309 0.7885355
vt 0.161594 0.7889588
vt 0.161552 0.78476
vt 0.1621503 0.784604
vt 0.1617106 0.7836745
vt 0.1610034 0.7841449
vt 0.1606649 0.9974193
vt 0.1610947 0.9964856
vt 0.1605188 0.9963206
vt 0.1599562 0.9969322
vt 0.01418536 0.9960656
vt 0.01363066 0.9954474
vt 0.01304187 0.9955823
vt 0.01345703 0.9965379
vt 0.0145196 0.7843412
vt 0.01508179 0.7837276
vt 0.01437257 0.7832417
vt 0.01394354 0.7841774
vt 0.1621836 0.7891002
vt 0.1621503 0.784604
vt 0.161552 0.78476
vt 0.161594 0.7889588
vt 0.1721466 0.7944289
vt 0.171124 0.986785
vt 0.1717443 0.9861713
vt 0.1727603 0.7950488
vt 0.1610947 0.9964856
vt 0.1612462 0.9920036
vt 0.1606513 0.9921269
vt 0.1605188 0.9963206
vt 0.1679474 0.794407
vt 0.1649083 0.7966666
vt 0.163909 0.984471
vt 0.1669246 0.9867629
vt 0.1605188 0.9963206
vt 0.01363066 0.9954474
vt 0.01418536 0.9960656
vt 0.1599562 0.9969322
vt 0.01363066 0.9954474
vt 0.01362342 0.9912478
vt 0.01303505 0.9911014
vt 0.01304187 0.9955823
vt 0.1606513 0.9921269
vt 0.1586237 0.9890883
vt 0.01568903 0.9882434
vt 0.01362342 0.9912478
vt 0.003047612 0.986025
vt 0.00409497 0.7935841
vt 0.003474519 0.7941979
vt 0.002433979 0.9854047
vt 0.01394354 0.7841774
vt 0.01379876 0.7886605
vt 0.01439309 0.7885355
vt 0.0145196 0.7843412
vt 0.007246726 0.9860479
vt 0.01028609 0.983788
vt 0.01130958 0.7959
vt 0.008294145 0.7936068
vt 0.0145196 0.7843412
vt 0.161552 0.78476
vt 0.1610034 0.7841449
vt 0.01508179 0.7837276
vt 0.01439309 0.7885355
vt 0.016429 0.7915682
vt 0.1595273 0.7919695
vt 0.161594 0.7889588
vt 0.161594 0.7889588
vt 0.1595273 0.7919695
vt 0.1601638 0.7924665
vt 0.1621836 0.7891002
vt 0.01379876 0.7886605
vt 0.01578924 0.7920636
vt 0.016429 0.7915682
vt 0.01439309 0.7885355
vt 0.01362342 0.9912478
vt 0.01568903 0.9882434
vt 0.01505689 0.9877413
vt 0.01303505 0.9911014
vt 0.1612462 0.9920036
vt 0.1592686 0.9885992
vt 0.1586237 0.9890883
vt 0.1606513 0.9921269
vt 0.1334473 0.9603711
vt 0.1326897 0.9574788
vt 0.1319562 0.9575054
vt 0.1328133 0.9606922
vt 0.1366274 0.8234699
vt 0.1334224 0.8233279
vt 0.1326897 0.9574788
vt 0.1358965 0.9573715
vt 0.1335858 0.8201061
vt 0.1327535 0.8232958
vt 0.1334224 0.8233279
vt 0.1342161 0.8204427
vt 0.137806 0.9653193
vt 0.1334473 0.9603711
vt 0.1328133 0.9606922
vt 0.137205 0.9657269
vt 0.1416633 0.818714
vt 0.1366274 0.8234699
vt 0.1358965 0.9573715
vt 0.1408807 0.9621808
vt 0.1380505 0.8151348
vt 0.1335858 0.8201061
vt 0.1342161 0.8204427
vt 0.1386357 0.815559
vt 0.1385515 0.9666747
vt 0.137806 0.9653193
vt 0.137205 0.9657269
vt 0.1379436 0.9671303
vt 0.1430732 0.8180586
vt 0.1416633 0.818714
vt 0.1408807 0.9621808
vt 0.1422836 0.9628515
vt 0.1388061 0.8137314
vt 0.1380505 0.8151348
vt 0.1386357 0.815559
vt 0.1394127 0.8141937
vt 0.1401831 0.9685856
vt 0.1385515 0.9666747
vt 0.1379436 0.9671303
vt 0.1396073 0.9690324
vt 0.1406598 0.8116443
vt 0.1388061 0.8137314
vt 0.1394127 0.8141937
vt 0.1412772 0.8122371
vt 0.04162745 0.9603528
vt 0.04236632 0.9571471
vt 0.04178794 0.9571202
vt 0.04099555 0.960019
vt 0.1328133 0.9606922
vt 0.1319562 0.9575054
vt 0.04236632 0.9571471
vt 0.04162745 0.9603528
vt 0.03717172 0.965324
vt 0.04162745 0.9603528
vt 0.04099555 0.960019
vt 0.03658445 0.9649024
vt 0.137205 0.9657269
vt 0.1328133 0.9606922
vt 0.04162745 0.9603528
vt 0.03717172 0.965324
vt 0.03642214 0.9667273
vt 0.03717172 0.965324
vt 0.03658445 0.9649024
vt 0.03581204 0.9662694
vt 0.1379436 0.9671303
vt 0.137205 0.9657269
vt 0.03717172 0.965324
vt 0.03642214 0.9667273
vt 0.03472729 0.9686688
vt 0.03642214 0.9667273
vt 0.03581204 0.9662694
vt 0.03412736 0.9681056
vt 0.1396073 0.9690324
vt 0.1379436 0.9671303
vt 0.03642214 0.9667273
vt 0.03472729 0.9686688
vt 0.03858285 0.956978
vt 0.04178794 0.9571202
vt 0.04249423 0.8228999
vt 0.03928756 0.8230091
vt 0.04174252 0.8200029
vt 0.04249423 0.8228999
vt 0.04290896 0.8228853
vt 0.04237801 0.8196841
vt 0.03354788 0.9617354
vt 0.03858285 0.956978
vt 0.03928756 0.8230091
vt 0.03430246 0.8181998
vt 0.03740173 0.8150559
vt 0.04174252 0.8200029
vt 0.04237801 0.8196841
vt 0.03800368 0.8146501
vt 0.03213803 0.9623911
vt 0.03354788 0.9617354
vt 0.03430246 0.8181998
vt 0.03289955 0.8175291
vt 0.03666487 0.8137058
vt 0.03740173 0.8150559
vt 0.03800368 0.8146501
vt 0.03726968 0.813247
vt 0.0346336 0.8115289
vt 0.03666487 0.8137058
vt 0.03726968 0.813247
vt 0.03524205 0.8110734
vt 0.04237801 0.8196841
vt 0.04290896 0.8228853
vt 0.1327535 0.8232958
vt 0.1335858 0.8201061
vt 0.03800368 0.8146501
vt 0.04237801 0.8196841
vt 0.1335858 0.8201061
vt 0.1380505 0.8151348
vt 0.03726968 0.813247
vt 0.03800368 0.8146501
vt 0.1380505 0.8151348
vt 0.1388061 0.8137314
vt 0.1441591 0.9646203
vt 0.1451722 0.8162436
vt 0.1430732 0.8180586
vt 0.1422836 0.9628515
vt 0.0306427 0.8154659
vt 0.03019619 0.964083
vt 0.03213803 0.9623911
vt 0.03289955 0.8175291
vt 0.1406598 0.8116443
vt 0.03524205 0.8110734
vt 0.03726968 0.813247
vt 0.1388061 0.8137314
vt 0.1595273 0.7919695
vt 0.1412772 0.8122371
vt 0.1601638 0.7924665
vt 0.1406598 0.8116443
vt 0.1595273 0.7919695
vt 0.03524205 0.8110734
vt 0.016429 0.7915682
vt 0.01578924 0.7920636
vt 0.0346336 0.8115289
vt 0.016429 0.7915682
vt 0.1592686 0.9885992
vt 0.1401831 0.9685856
vt 0.1396073 0.9690324
vt 0.1586237 0.9890883
vt 0.1586237 0.9890883
vt 0.03472729 0.9686688
vt 0.01568903 0.9882434
vt 0.03412736 0.9681056
vt 0.01505689 0.9877413
vt 0.01568903 0.9882434
vt 0.1732505 0.9846818
vt 0.1742507 0.7965541
vt 0.1727603 0.7950488
vt 0.1717443 0.9861713
vt 0.1617106 0.7836745
vt 0.1602721 0.7820551
vt 0.1595908 0.7826426
vt 0.1610034 0.7841449
vt 0.01650236 0.7822347
vt 0.1610034 0.7841449
vt 0.01508179 0.7837276
vt 0.01584252 0.7816545
vt 0.01508179 0.7837276
vt 0.01437257 0.7832417
vt 0.0009438848 0.9838983
vt 0.002433979 0.9854047
vt 0.003474519 0.7941979
vt 0.001968169 0.7956879
vt 0.0156231 0.9975733
vt 0.01418536 0.9960656
vt 0.01345703 0.9965379
vt 0.01493799 0.9981654
vt 0.1585359 0.9984206
vt 0.01418536 0.9960656
vt 0.1599562 0.9969322
vt 0.1591947 0.999002
vt 0.1599562 0.9969322
vt 0.1606649 0.9974193
vt 0.1451722 0.8162436
vt 0.1441591 0.9646203
vt 0.163909 0.984471
vt 0.1649083 0.7966666
vt 0.01130958 0.7959
vt 0.01028609 0.983788
vt 0.03019619 0.964083
vt 0.0306427 0.8154659
vt 0.1334224 0.8233279
vt 0.1319562 0.9575054
vt 0.1326897 0.9574788
vt 0.1327535 0.8232958
vt 0.04236632 0.9571471
vt 0.04290896 0.8228853
vt 0.04178794 0.9571202
vt 0.04249423 0.8228999
vt 0.9127543 0.4724046
vt 0.9103869 0.4795671
vt 0.9127116 0.4795808
vt 0.9104298 0.4723907
vt 0.9127955 0.4654107
vt 0.9104716 0.4653962
vt 0.9128378 0.4584753
vt 0.9105145 0.4584615
vt 0.9128784 0.4515591
vt 0.9105546 0.4515453
vt 0.9129206 0.4446418
vt 0.9105957 0.4446278
vt 0.9129603 0.4377228
vt 0.9106358 0.4377089
vt 0.9130025 0.4308035
vt 0.9106783 0.4307903
vt 0.9130431 0.4238819
vt 0.9107196 0.423868
vt 0.913086 0.4169731
vt 0.9107614 0.4169593
vt 0.9131264 0.4102597
vt 0.9108003 0.4102458
vt 0.9131642 0.4035929
vt 0.9108398 0.403578
vt 0.9132041 0.3969186
vt 0.9108809 0.3969047
vt 0.9132442 0.3902487
vt 0.9109207 0.390234
vt 0.9132858 0.3835695
vt 0.9109597 0.3835557
vt 0.9133243 0.376886
vt 0.9110001 0.3768726
vt 0.9133633 0.3701937
vt 0.9110391 0.3701797
vt 0.9134041 0.3634731
vt 0.9110799 0.3634597
vt 0.913444 0.3567022
vt 0.9111196 0.3566884
vt 0.9597979 0.4726843
vt 0.9127116 0.4795808
vt 0.9597555 0.4798623
vt 0.9127543 0.4724046
vt 0.9598413 0.4656904
vt 0.9127955 0.4654107
vt 0.9598814 0.4587563
vt 0.9128378 0.4584753
vt 0.9599232 0.4518395
vt 0.9128784 0.4515591
vt 0.9599638 0.4449219
vt 0.9129206 0.4446418
vt 0.9600053 0.438003
vt 0.9129603 0.4377228
vt 0.9600466 0.4310839
vt 0.9130025 0.4308035
vt 0.9600888 0.424163
vt 0.9130431 0.4238819
vt 0.9601292 0.417254
vt 0.913086 0.4169731
vt 0.9601698 0.4105398
vt 0.9131264 0.4102597
vt 0.960209 0.4038736
vt 0.9131642 0.4035929
vt 0.960248 0.3971988
vt 0.9132041 0.3969186
vt 0.9132442 0.3902487
vt 0.9602893 0.3905284
vt 0.9603283 0.3838519
vt 0.9132858 0.3835695
vt 0.9603689 0.3771668
vt 0.9133243 0.376886
vt 0.9604088 0.3704745
vt 0.9133633 0.3701937
vt 0.9604489 0.363761
vt 0.9134041 0.3634731
vt 0.9604868 0.3569755
vt 0.913444 0.3567022
vt 0.9127543 0.4724046
vt 0.9103869 0.4795671
vt 0.9127116 0.4795808
vt 0.9104298 0.4723907
vt 0.9127955 0.4654107
vt 0.9104716 0.4653962
vt 0.9128378 0.4584753
vt 0.9105145 0.4584615
vt 0.9128784 0.4515591
vt 0.9105546 0.4515453
vt 0.9129206 0.4446418
vt 0.9105957 0.4446278
vt 0.9129603 0.4377228
vt 0.9106358 0.4377089
vt 0.9130025 0.4308035
vt 0.9106783 0.4307903
vt 0.9130431 0.4238819
vt 0.9107196 0.423868
vt 0.913086 0.4169731
vt 0.9107614 0.4169593
vt 0.9131264 0.4102597
vt 0.9108003 0.4102458
vt 0.9131642 0.4035929
vt 0.9108398 0.403578
vt 0.9132041 0.3969186
vt 0.9108809 0.3969047
vt 0.9132442 0.3902487
vt 0.9109207 0.390234
vt 0.9132858 0.3835695
vt 0.9109597 0.3835557
vt 0.9133243 0.376886
vt 0.9110001 0.3768726
vt 0.9133633 0.3701937
vt 0.9110391 0.3701797
vt 0.9134041 0.3634731
vt 0.9110799 0.3634597
vt 0.913444 0.3567022
vt 0.9111196 0.3566884
vt 0.9597979 0.4726843
vt 0.9127116 0.4795808
vt 0.9597555 0.4798623
vt 0.9127543 0.4724046
vt 0.9598413 0.4656904
vt 0.9127955 0.4654107
vt 0.9598814 0.4587563
vt 0.9128378 0.4584753
vt 0.9599232 0.4518395
vt 0.9128784 0.4515591
vt 0.9599638 0.4449219
vt 0.9129206 0.4446418
vt 0.9600053 0.438003
vt 0.9129603 0.4377228
vt 0.9600466 0.4310839
vt 0.9130025 0.4308035
vt 0.9600888 0.424163
vt 0.9130431 0.4238819
vt 0.9601292 0.417254
vt 0.913086 0.4169731
vt 0.9601698 0.4105398
vt 0.9131264 0.4102597
vt 0.960209 0.4038736
vt 0.9131642 0.4035929
vt 0.960248 0.3971988
vt 0.9132041 0.3969186
vt 0.9132442 0.3902487
vt 0.9602893 0.3905284
vt 0.9603283 0.3838519
vt 0.9132858 0.3835695
vt 0.9603689 0.3771668
vt 0.9133243 0.376886
vt 0.9604088 0.3704745
vt 0.9133633 0.3701937
vt 0.9604489 0.363761
vt 0.9134041 0.3634731
vt 0.9604868 0.3569755
vt 0.913444 0.3567022
vt 0.9127543 0.4724046
vt 0.9103869 0.4795671
vt 0.9127116 0.4795808
vt 0.9104298 0.4723907
vt 0.9127955 0.4654107
vt 0.9104716 0.4653962
vt 0.9128378 0.4584753
vt 0.9105145 0.4584615
vt 0.9128784 0.4515591
vt 0.9105546 0.4515453
vt 0.9129206 0.4446418
vt 0.9105957 0.4446278
vt 0.9129603 0.4377228
vt 0.9106358 0.4377089
vt 0.9130025 0.4308035
vt 0.9106783 0.4307903
vt 0.9130431 0.4238819
vt 0.9107196 0.423868
vt 0.913086 0.4169731
vt 0.9107614 0.4169593
vt 0.9131264 0.4102597
vt 0.9108003 0.4102458
vt 0.9131642 0.4035929
vt 0.9108398 0.403578
vt 0.9132041 0.3969186
vt 0.9108809 0.3969047
vt 0.9132442 0.3902487
vt 0.9109207 0.390234
vt 0.9132858 0.3835695
vt 0.9109597 0.3835557
vt 0.9133243 0.376886
vt 0.9110001 0.3768726
vt 0.9133633 0.3701937
vt 0.9110391 0.3701797
vt 0.9134041 0.3634731
vt 0.9110799 0.3634597
vt 0.913444 0.3567022
vt 0.9111196 0.3566884
vt 0.9597979 0.4726843
vt 0.9127116 0.4795808
vt 0.9597555 0.4798623
vt 0.9127543 0.4724046
vt 0.9598413 0.4656904
vt 0.9127955 0.4654107
vt 0.9598814 0.4587563
vt 0.9128378 0.4584753
vt 0.9599232 0.4518395
vt 0.9128784 0.4515591
vt 0.9599638 0.4449219
vt 0.9129206 0.4446418
vt 0.9600053 0.438003
vt 0.9129603 0.4377228
vt 0.9600466 0.4310839
vt 0.9130025 0.4308035
vt 0.9600888 0.424163
vt 0.9130431 0.4238819
vt 0.9601292 0.417254
vt 0.913086 0.4169731
vt 0.9601698 0.4105398
vt 0.9131264 0.4102597
vt 0.960209 0.4038736
vt 0.9131642 0.4035929
vt 0.960248 0.3971988
vt 0.9132041 0.3969186
vt 0.9132442 0.3902487
vt 0.9602893 0.3905284
vt 0.9603283 0.3838519
vt 0.9132858 0.3835695
vt 0.9603689 0.3771668
vt 0.9133243 0.376886
vt 0.9604088 0.3704745
vt 0.9133633 0.3701937
vt 0.9604489 0.363761
vt 0.9134041 0.3634731
vt 0.9604868 0.3569755
vt 0.913444 0.3567022
vt 0.171124 0.986785
vt 0.1721466 0.7944289
vt 0.1679474 0.794407
vt 0.1669246 0.9867629
vt 0.01363066 0.9954474
vt 0.1605188 0.9963206
vt 0.1606513 0.9921269
vt 0.01362342 0.9912478
vt 0.00409497 0.7935841
vt 0.003047612 0.986025
vt 0.007246726 0.9860479
vt 0.008294145 0.7936068
vt 0.161552 0.78476
vt 0.0145196 0.7843412
vt 0.01439309 0.7885355
vt 0.161594 0.7889588
vt 0.161552 0.78476
vt 0.1621503 0.784604
vt 0.1617106 0.7836745
vt 0.1610034 0.7841449
vt 0.1606649 0.9974193
vt 0.1610947 0.9964856
vt 0.1605188 0.9963206
vt 0.1599562 0.9969322
vt 0.01418536 0.9960656
vt 0.01363066 0.9954474
vt 0.01304187 0.9955823
vt 0.01345703 0.9965379
vt 0.0145196 0.7843412
vt 0.01508179 0.7837276
vt 0.01437257 0.7832417
vt 0.01394354 0.7841774
vt 0.1621836 0.7891002
vt 0.1621503 0.784604
vt 0.161552 0.78476
vt 0.161594 0.7889588
vt 0.1721466 0.7944289
vt 0.171124 0.986785
vt 0.1717443 0.9861713
vt 0.1727603 0.7950488
vt 0.1610947 0.9964856
vt 0.1612462 0.9920036
vt 0.1606513 0.9921269
vt 0.1605188 0.9963206
vt 0.1679474 0.794407
vt 0.1649083 0.7966666
vt 0.163909 0.984471
vt 0.1669246 0.9867629
vt 0.1605188 0.9963206
vt 0.01363066 0.9954474
vt 0.01418536 0.9960656
vt 0.1599562 0.9969322
vt 0.01363066 0.9954474
vt 0.01362342 0.9912478
vt 0.01303505 0.9911014
vt 0.01304187 0.9955823
vt 0.1606513 0.9921269
vt 0.1586237 0.9890883
vt 0.01568903 0.9882434
vt 0.01362342 0.9912478
vt 0.003047612 0.986025
vt 0.00409497 0.7935841
vt 0.003474519 0.7941979
vt 0.002433979 0.9854047
vt 0.01394354 0.7841774
vt 0.01379876 0.7886605
vt 0.01439309 0.7885355
vt 0.0145196 0.7843412
vt 0.007246726 0.9860479
vt 0.01028609 0.983788
vt 0.01130958 0.7959
vt 0.008294145 0.7936068
vt 0.0145196 0.7843412
vt 0.161552 0.78476
vt 0.1610034 0.7841449
vt 0.01508179 0.7837276
vt 0.01439309 0.7885355
vt 0.016429 0.7915682
vt 0.1595273 0.7919695
vt 0.161594 0.7889588
vt 0.161594 0.7889588
vt 0.1595273 0.7919695
vt 0.1601638 0.7924665
vt 0.1621836 0.7891002
vt 0.01379876 0.7886605
vt 0.01578924 0.7920636
vt 0.016429 0.7915682
vt 0.01439309 0.7885355
vt 0.01362342 0.9912478
vt 0.01568903 0.9882434
vt 0.01505689 0.9877413
vt 0.01303505 0.9911014
vt 0.1612462 0.9920036
vt 0.1592686 0.9885992
vt 0.1586237 0.9890883
vt 0.1606513 0.9921269
vt 0.1334473 0.9603711
vt 0.1326897 0.9574788
vt 0.1319562 0.9575054
vt 0.1328133 0.9606922
vt 0.1366274 0.8234699
vt 0.1334224 0.8233279
vt 0.1326897 0.9574788
vt 0.1358965 0.9573715
vt 0.1335858 0.8201061
vt 0.1327535 0.8232958
vt 0.1334224 0.8233279
vt 0.1342161 0.8204427
vt 0.137806 0.9653193
vt 0.1334473 0.9603711
vt 0.1328133 0.9606922
vt 0.137205 0.9657269
vt 0.1416633 0.818714
vt 0.1366274 0.8234699
vt 0.1358965 0.9573715
vt 0.1408807 0.9621808
vt 0.1380505 0.8151348
vt 0.1335858 0.8201061
vt 0.1342161 0.8204427
vt 0.1386357 0.815559
vt 0.1385515 0.9666747
vt 0.137806 0.9653193
vt 0.137205 0.9657269
vt 0.1379436 0.9671303
vt 0.1430732 0.8180586
vt 0.1416633 0.818714
vt 0.1408807 0.9621808
vt 0.1422836 0.9628515
vt 0.1388061 0.8137314
vt 0.1380505 0.8151348
vt 0.1386357 0.815559
vt 0.1394127 0.8141937
vt 0.1401831 0.9685856
vt 0.1385515 0.9666747
vt 0.1379436 0.9671303
vt 0.1396073 0.9690324
vt 0.1406598 0.8116443
vt 0.1388061 0.8137314
vt 0.1394127 0.8141937
vt 0.1412772 0.8122371
vt 0.04162745 0.9603528
vt 0.04236632 0.9571471
vt 0.04178794 0.9571202
vt 0.04099555 0.960019
vt 0.1328133 0.9606922
vt 0.1319562 0.9575054
vt 0.04236632 0.9571471
vt 0.04162745 0.9603528
vt 0.03717172 0.965324
vt 0.04162745 0.9603528
vt 0.04099555 0.960019
vt 0.03658445 0.9649024
vt 0.137205 0.9657269
vt 0.1328133 0.9606922
vt 0.04162745 0.9603528
vt 0.03717172 0.965324
vt 0.03642214 0.9667273
vt 0.03717172 0.965324
vt 0.03658445 0.9649024
vt 0.03581204 0.9662694
vt 0.1379436 0.9671303
vt 0.137205 0.9657269
vt 0.03717172 0.965324
vt 0.03642214 0.9667273
vt 0.03472729 0.9686688
vt 0.03642214 0.9667273
vt 0.03581204 0.9662694
vt 0.03412736 0.9681056
vt 0.1396073 0.9690324
vt 0.1379436 0.9671303
vt 0.03642214 0.9667273
vt 0.03472729 0.9686688
vt 0.03858285 0.956978
vt 0.04178794 0.9571202
vt 0.04249423 0.8228999
vt 0.03928756 0.8230091
vt 0.04174252 0.8200029
vt 0.04249423 0.8228999
vt 0.04290896 0.8228853
vt 0.04237801 0.8196841
vt 0.03354788 0.9617354
vt 0.03858285 0.956978
vt 0.03928756 0.8230091
vt 0.03430246 0.8181998
vt 0.03740173 0.8150559
vt 0.04174252 0.8200029
vt 0.04237801 0.8196841
vt 0.03800368 0.8146501
vt 0.03213803 0.9623911
vt 0.03354788 0.9617354
vt 0.03430246 0.8181998
vt 0.03289955 0.8175291
vt 0.03666487 0.8137058
vt 0.03740173 0.8150559
vt 0.03800368 0.8146501
vt 0.03726968 0.813247
vt 0.0346336 0.8115289
vt 0.03666487 0.8137058
vt 0.03726968 0.813247
vt 0.03524205 0.8110734
vt 0.04237801 0.8196841
vt 0.04290896 0.8228853
vt 0.1327535 0.8232958
vt 0.1335858 0.8201061
vt 0.03800368 0.8146501
vt 0.04237801 0.8196841
vt 0.1335858 0.8201061
vt 0.1380505 0.8151348
vt 0.03726968 0.813247
vt 0.03800368 0.8146501
vt 0.1380505 0.8151348
vt 0.1388061 0.8137314
vt 0.1441591 0.9646203
vt 0.1451722 0.8162436
vt 0.1430732 0.8180586
vt 0.1422836 0.9628515
vt 0.0306427 0.8154659
vt 0.03019619 0.964083
vt 0.03213803 0.9623911
vt 0.03289955 0.8175291
vt 0.1406598 0.8116443
vt 0.03524205 0.8110734
vt 0.03726968 0.813247
vt 0.1388061 0.8137314
vt 0.1595273 0.7919695
vt 0.1412772 0.8122371
vt 0.1601638 0.7924665
vt 0.1406598 0.8116443
vt 0.1595273 0.7919695
vt 0.03524205 0.8110734
vt 0.016429 0.7915682
vt 0.01578924 0.7920636
vt 0.0346336 0.8115289
vt 0.016429 0.7915682
vt 0.1592686 0.9885992
vt 0.1401831 0.9685856
vt 0.1396073 0.9690324
vt 0.1586237 0.9890883
vt 0.1586237 0.9890883
vt 0.03472729 0.9686688
vt 0.01568903 0.9882434
vt 0.03412736 0.9681056
vt 0.01505689 0.9877413
vt 0.01568903 0.9882434
vt 0.1732505 0.9846818
vt 0.1742507 0.7965541
vt 0.1727603 0.7950488
vt 0.1717443 0.9861713
vt 0.1617106 0.7836745
vt 0.1602721 0.7820551
vt 0.1595908 0.7826426
vt 0.1610034 0.7841449
vt 0.01650236 0.7822347
vt 0.1610034 0.7841449
vt 0.01508179 0.7837276
vt 0.01584252 0.7816545
vt 0.01508179 0.7837276
vt 0.01437257 0.7832417
vt 0.0009438848 0.9838983
vt 0.002433979 0.9854047
vt 0.003474519 0.7941979
vt 0.001968169 0.7956879
vt 0.0156231 0.9975733
vt 0.01418536 0.9960656
vt 0.01345703 0.9965379
vt 0.01493799 0.9981654
vt 0.1585359 0.9984206
vt 0.01418536 0.9960656
vt 0.1599562 0.9969322
vt 0.1591947 0.999002
vt 0.1599562 0.9969322
vt 0.1606649 0.9974193
vt 0.1451722 0.8162436
vt 0.1441591 0.9646203
vt 0.163909 0.984471
vt 0.1649083 0.7966666
vt 0.01130958 0.7959
vt 0.01028609 0.983788
vt 0.03019619 0.964083
vt 0.0306427 0.8154659
vt 0.1334224 0.8233279
vt 0.1319562 0.9575054
vt 0.1326897 0.9574788
vt 0.1327535 0.8232958
vt 0.04236632 0.9571471
vt 0.04290896 0.8228853
vt 0.04178794 0.9571202
vt 0.04249423 0.8228999
vt 0.3376363 0.974591
vt 0.3352602 0.7922379
vt 0.3312811 0.7922889
vt 0.3336573 0.974642
vt 0.2699502 0.9836527
vt 0.3275136 0.984575
vt 0.327673 0.9806071
vt 0.2699869 0.9796726
vt 0.2588964 0.7932419
vt 0.2612087 0.9755465
vt 0.2651877 0.9754971
vt 0.2628753 0.7931921
vt 0.3262039 0.7836508
vt 0.2686027 0.7837927
vt 0.2684947 0.7877653
vt 0.3262497 0.7876275
vt 0.3262039 0.7836508
vt 0.3267708 0.783502
vt 0.3263524 0.7826235
vt 0.3256837 0.7830713
vt 0.3276433 0.9856173
vt 0.3280578 0.9847369
vt 0.3275136 0.984575
vt 0.3269765 0.985149
vt 0.2704691 0.9842434
vt 0.2699502 0.9836527
vt 0.2693909 0.9837746
vt 0.2697748 0.9846848
vt 0.2686027 0.7837927
vt 0.2691324 0.7832081
vt 0.2684597 0.7827488
vt 0.2680564 0.7836381
vt 0.3268082 0.7877609
vt 0.3267708 0.783502
vt 0.3262039 0.7836508
vt 0.3262497 0.7876275
vt 0.3352602 0.7922379
vt 0.3376363 0.974591
vt 0.3382133 0.9739986
vt 0.3358524 0.7928152
vt 0.3280578 0.9847369
vt 0.3282376 0.9804955
vt 0.327673 0.9806071
vt 0.3275136 0.984575
vt 0.3312811 0.7922889
vt 0.3284409 0.7944828
vt 0.3307602 0.9725211
vt 0.3336573 0.974642
vt 0.3275136 0.984575
vt 0.2699502 0.9836527
vt 0.2704691 0.9842434
vt 0.3269765 0.985149
vt 0.2699502 0.9836527
vt 0.2699869 0.9796726
vt 0.2694314 0.9795275
vt 0.2693909 0.9837746
vt 0.327673 0.9806071
vt 0.3257646 0.9776996
vt 0.2719852 0.9768499
vt 0.2699869 0.9796726
vt 0.2612087 0.9755465
vt 0.2588964 0.7932419
vt 0.2583191 0.7938337
vt 0.2606167 0.9749694
vt 0.2680564 0.7836381
vt 0.2679321 0.7878852
vt 0.2684947 0.7877653
vt 0.2686027 0.7837927
vt 0.2651877 0.9754971
vt 0.2680286 0.9733047
vt 0.2657717 0.7953133
vt 0.2628753 0.7931921
vt 0.2686027 0.7837927
vt 0.3262039 0.7836508
vt 0.3256837 0.7830713
vt 0.2691324 0.7832081
vt 0.2684947 0.7877653
vt 0.2704443 0.79064
vt 0.3242855 0.7904839
vt 0.3262497 0.7876275
vt 0.3262497 0.7876275
vt 0.3242855 0.7904839
vt 0.3248869 0.7909446
vt 0.3268082 0.7877609
vt 0.2679321 0.7878852
vt 0.2698467 0.7911091
vt 0.2704443 0.79064
vt 0.2684947 0.7877653
vt 0.2699869 0.9796726
vt 0.2719852 0.9768499
vt 0.2713951 0.9763756
vt 0.2694314 0.9795275
vt 0.3282376 0.9804955
vt 0.3263745 0.9772454
vt 0.3257646 0.9776996
vt 0.327673 0.9806071
vt 0.3053679 0.9501564
vt 0.3045933 0.947424
vt 0.3038989 0.9474608
vt 0.3047681 0.9504633
vt 0.3059885 0.82032
vt 0.3029488 0.8202392
vt 0.3045933 0.947424
vt 0.3076291 0.9472664
vt 0.3030506 0.8172466
vt 0.3023143 0.82022
vt 0.3029488 0.8202392
vt 0.3036474 0.8175664
vt 0.3096587 0.9549534
vt 0.3053679 0.9501564
vt 0.3047681 0.9504633
vt 0.309092 0.955345
vt 0.3106779 0.8157269
vt 0.3059885 0.82032
vt 0.3076291 0.9472664
vt 0.3124343 0.9517388
vt 0.3074335 0.8125707
vt 0.3030506 0.8172466
vt 0.3036474 0.8175664
vt 0.3079823 0.8129803
vt 0.3104036 0.9562341
vt 0.3096587 0.9549534
vt 0.309092 0.955345
vt 0.3098315 0.9566699
vt 0.3120025 0.8150818
vt 0.3106779 0.8157269
vt 0.3124343 0.9517388
vt 0.313775 0.9523503
vt 0.3081778 0.8112438
vt 0.3074335 0.8125707
vt 0.3079823 0.8129803
vt 0.3087514 0.8116836
vt 0.3120031 0.9580585
vt 0.3104036 0.9562341
vt 0.3098315 0.9566699
vt 0.3114581 0.9584761
vt 0.309976 0.8092685
vt 0.3081778 0.8112438
vt 0.3087514 0.8116836
vt 0.3105616 0.8098239
vt 0.293249 0.9506203
vt 0.2938994 0.9475733
vt 0.2933509 0.9475587
vt 0.2926489 0.9503058
vt 0.3047681 0.9504633
vt 0.3038989 0.9474608
vt 0.2938994 0.9475733
vt 0.293249 0.9506203
vt 0.2888876 0.9553012
vt 0.293249 0.9506203
vt 0.2926489 0.9503058
vt 0.2883343 0.9548976
vt 0.309092 0.955345
vt 0.3047681 0.9504633
vt 0.293249 0.9506203
vt 0.2888876 0.9553012
vt 0.2881568 0.9566273
vt 0.2888876 0.9553012
vt 0.2883343 0.9548976
vt 0.2875763 0.956196
vt 0.3098315 0.9566699
vt 0.309092 0.955345
vt 0.2888876 0.9553012
vt 0.2881568 0.9566273
vt 0.2865167 0.9584692
vt 0.2881568 0.9566273
vt 0.2875763 0.956196
vt 0.2859526 0.9579374
vt 0.3114581 0.9584761
vt 0.3098315 0.9566699
vt 0.2881568 0.9566273
vt 0.2865167 0.9584692
vt 0.2903113 0.9474788
vt 0.2933509 0.9475587
vt 0.2917109 0.8204129
vt 0.288675 0.8205703
vt 0.2909412 0.8176122
vt 0.2917109 0.8204129
vt 0.2921037 0.8203934
vt 0.2915438 0.8173101
vt 0.2856219 0.9520711
vt 0.2903113 0.9474788
vt 0.288675 0.8205703
vt 0.2838698 0.8160986
vt 0.2867053 0.812811
vt 0.2909412 0.8176122
vt 0.2915438 0.8173101
vt 0.2872757 0.8124249
vt 0.2842973 0.9527164
vt 0.2856219 0.9520711
vt 0.2838698 0.8160986
vt 0.2825292 0.815487
vt 0.28598 0.8115343
vt 0.2867053 0.812811
vt 0.2872757 0.8124249
vt 0.2865528 0.8111011
vt 0.2840204 0.8094621
vt 0.28598 0.8115343
vt 0.2865528 0.8111011
vt 0.2845928 0.8090316
vt 0.2915438 0.8173101
vt 0.2921037 0.8203934
vt 0.3023143 0.82022
vt 0.3030506 0.8172466
vt 0.2872757 0.8124249
vt 0.2915438 0.8173101
vt 0.3030506 0.8172466
vt 0.3074335 0.8125707
vt 0.2865528 0.8111011
vt 0.2872757 0.8124249
vt 0.3074335 0.8125707
vt 0.3081778 0.8112438
vt 0.3155825 0.9539945
vt 0.3139599 0.8133259
vt 0.3120025 0.8150818
vt 0.313775 0.9523503
vt 0.2803557 0.8135707
vt 0.2824863 0.954352
vt 0.2842973 0.9527164
vt 0.2825292 0.815487
vt 0.309976 0.8092685
vt 0.2845928 0.8090316
vt 0.2865528 0.8111011
vt 0.3081778 0.8112438
vt 0.3242855 0.7904839
vt 0.3105616 0.8098239
vt 0.3248869 0.7909446
vt 0.309976 0.8092685
vt 0.3242855 0.7904839
vt 0.2845928 0.8090316
vt 0.2704443 0.79064
vt 0.2698467 0.7911091
vt 0.2840204 0.8094621
vt 0.2704443 0.79064
vt 0.3263745 0.9772454
vt 0.3120031 0.9580585
vt 0.3114581 0.9584761
vt 0.3257646 0.9776996
vt 0.3257646 0.9776996
vt 0.3114581 0.9584761
vt 0.2865167 0.9584692
vt 0.2719852 0.9768499
vt 0.2859526 0.9579374
vt 0.2713951 0.9763756
vt 0.2719852 0.9768499
vt 0.3396145 0.9725609
vt 0.3372906 0.7942166
vt 0.3358524 0.7928152
vt 0.3382133 0.9739986
vt 0.3263524 0.7826235
vt 0.3249865 0.7810946
vt 0.3243428 0.7816532
vt 0.3256837 0.7830713
vt 0.2704732 0.7817862
vt 0.3256837 0.7830713
vt 0.2691324 0.7832081
vt 0.2698474 0.7812382
vt 0.2691324 0.7832081
vt 0.2684597 0.7827488
vt 0.259179 0.9735678
vt 0.2606167 0.9749694
vt 0.2583191 0.7938337
vt 0.2569174 0.7952707
vt 0.2718159 0.9856876
vt 0.2704691 0.9842434
vt 0.2697748 0.9846848
vt 0.2711618 0.9862421
vt 0.3256193 0.9865458
vt 0.2704691 0.9842434
vt 0.3269765 0.985149
vt 0.3262378 0.987103
vt 0.3269765 0.985149
vt 0.3276433 0.9856173
vt 0.3139599 0.8133259
vt 0.3155825 0.9539945
vt 0.3307602 0.9725211
vt 0.3284409 0.7944828
vt 0.2657717 0.7953133
vt 0.2680286 0.9733047
vt 0.2824863 0.954352
vt 0.2803557 0.8135707
vt 0.3029488 0.8202392
vt 0.3038989 0.9474608
vt 0.3045933 0.947424
vt 0.3023143 0.82022
vt 0.2938994 0.9475733
vt 0.2921037 0.8203934
vt 0.2933509 0.9475587
vt 0.2917109 0.8204129
vt 0.171124 0.986785
vt 0.1721466 0.7944289
vt 0.1679474 0.794407
vt 0.1669246 0.9867629
vt 0.01363066 0.9954474
vt 0.1605188 0.9963206
vt 0.1606513 0.9921269
vt 0.01362342 0.9912478
vt 0.00409497 0.7935841
vt 0.003047612 0.986025
vt 0.007246726 0.9860479
vt 0.008294145 0.7936068
vt 0.161552 0.78476
vt 0.0145196 0.7843412
vt 0.01439309 0.7885355
vt 0.161594 0.7889588
vt 0.161552 0.78476
vt 0.1621503 0.784604
vt 0.1617106 0.7836745
vt 0.1610034 0.7841449
vt 0.1606649 0.9974193
vt 0.1610947 0.9964856
vt 0.1605188 0.9963206
vt 0.1599562 0.9969322
vt 0.01418536 0.9960656
vt 0.01363066 0.9954474
vt 0.01304187 0.9955823
vt 0.01345703 0.9965379
vt 0.0145196 0.7843412
vt 0.01508179 0.7837276
vt 0.01437257 0.7832417
vt 0.01394354 0.7841774
vt 0.1621836 0.7891002
vt 0.1621503 0.784604
vt 0.161552 0.78476
vt 0.161594 0.7889588
vt 0.1721466 0.7944289
vt 0.171124 0.986785
vt 0.1717443 0.9861713
vt 0.1727603 0.7950488
vt 0.1610947 0.9964856
vt 0.1612462 0.9920036
vt 0.1606513 0.9921269
vt 0.1605188 0.9963206
vt 0.1679474 0.794407
vt 0.1649083 0.7966666
vt 0.163909 0.984471
vt 0.1669246 0.9867629
vt 0.1605188 0.9963206
vt 0.01363066 0.9954474
vt 0.01418536 0.9960656
vt 0.1599562 0.9969322
vt 0.01363066 0.9954474
vt 0.01362342 0.9912478
vt 0.01303505 0.9911014
vt 0.01304187 0.9955823
vt 0.1606513 0.9921269
vt 0.1586237 0.9890883
vt 0.01568903 0.9882434
vt 0.01362342 0.9912478
vt 0.003047612 0.986025
vt 0.00409497 0.7935841
vt 0.003474519 0.7941979
vt 0.002433979 0.9854047
vt 0.01394354 0.7841774
vt 0.01379876 0.7886605
vt 0.01439309 0.7885355
vt 0.0145196 0.7843412
vt 0.007246726 0.9860479
vt 0.01028609 0.983788
vt 0.01130958 0.7959
vt 0.008294145 0.7936068
vt 0.0145196 0.7843412
vt 0.161552 0.78476
vt 0.1610034 0.7841449
vt 0.01508179 0.7837276
vt 0.01439309 0.7885355
vt 0.016429 0.7915682
vt 0.1595273 0.7919695
vt 0.161594 0.7889588
vt 0.161594 0.7889588
vt 0.1595273 0.7919695
vt 0.1601638 0.7924665
vt 0.1621836 0.7891002
vt 0.01379876 0.7886605
vt 0.01578924 0.7920636
vt 0.016429 0.7915682
vt 0.01439309 0.7885355
vt 0.01362342 0.9912478
vt 0.01568903 0.9882434
vt 0.01505689 0.9877413
vt 0.01303505 0.9911014
vt 0.1612462 0.9920036
vt 0.1592686 0.9885992
vt 0.1586237 0.9890883
vt 0.1606513 0.9921269
vt 0.1334473 0.9603711
vt 0.1326897 0.9574788
vt 0.1319562 0.9575054
vt 0.1328133 0.9606922
vt 0.1366274 0.8234699
vt 0.1334224 0.8233279
vt 0.1326897 0.9574788
vt 0.1358965 0.9573715
vt 0.1335858 0.8201061
vt 0.1327535 0.8232958
vt 0.1334224 0.8233279
vt 0.1342161 0.8204427
vt 0.137806 0.9653193
vt 0.1334473 0.9603711
vt 0.1328133 0.9606922
vt 0.137205 0.9657269
vt 0.1416633 0.818714
vt 0.1366274 0.8234699
vt 0.1358965 0.9573715
vt 0.1408807 0.9621808
vt 0.1380505 0.8151348
vt 0.1335858 0.8201061
vt 0.1342161 0.8204427
vt 0.1386357 0.815559
vt 0.1385515 0.9666747
vt 0.137806 0.9653193
vt 0.137205 0.9657269
vt 0.1379436 0.9671303
vt 0.1430732 0.8180586
vt 0.1416633 0.818714
vt 0.1408807 0.9621808
vt 0.1422836 0.9628515
vt 0.1388061 0.8137314
vt 0.1380505 0.8151348
vt 0.1386357 0.815559
vt 0.1394127 0.8141937
vt 0.1401831 0.9685856
vt 0.1385515 0.9666747
vt 0.1379436 0.9671303
vt 0.1396073 0.9690324
vt 0.1406598 0.8116443
vt 0.1388061 0.8137314
vt 0.1394127 0.8141937
vt 0.1412772 0.8122371
vt 0.04162745 0.9603528
vt 0.04236632 0.9571471
vt 0.04178794 0.9571202
vt 0.04099555 0.960019
vt 0.1328133 0.9606922
vt 0.1319562 0.9575054
vt 0.04236632 0.9571471
vt 0.04162745 0.9603528
vt 0.03717172 0.965324
vt 0.04162745 0.9603528
vt 0.04099555 0.960019
vt 0.03658445 0.9649024
vt 0.137205 0.9657269
vt 0.1328133 0.9606922
vt 0.04162745 0.9603528
vt 0.03717172 0.965324
vt 0.03642214 0.9667273
vt 0.03717172 0.965324
vt 0.03658445 0.9649024
vt 0.03581204 0.9662694
vt 0.1379436 0.9671303
vt 0.137205 0.9657269
vt 0.03717172 0.965324
vt 0.03642214 0.9667273
vt 0.03472729 0.9686688
vt 0.03642214 0.9667273
vt 0.03581204 0.9662694
vt 0.03412736 0.9681056
vt 0.1396073 0.9690324
vt 0.1379436 0.9671303
vt 0.03642214 0.9667273
vt 0.03472729 0.9686688
vt 0.03858285 0.956978
vt 0.04178794 0.9571202
vt 0.04249423 0.8228999
vt 0.03928756 0.8230091
vt 0.04174252 0.8200029
vt 0.04249423 0.8228999
vt 0.04290896 0.8228853
vt 0.04237801 0.8196841
vt 0.03354788 0.9617354
vt 0.03858285 0.956978
vt 0.03928756 0.8230091
vt 0.03430246 0.8181998
vt 0.03740173 0.8150559
vt 0.04174252 0.8200029
vt 0.04237801 0.8196841
vt 0.03800368 0.8146501
vt 0.03213803 0.9623911
vt 0.03354788 0.9617354
vt 0.03430246 0.8181998
vt 0.03289955 0.8175291
vt 0.03666487 0.8137058
vt 0.03740173 0.8150559
vt 0.03800368 0.8146501
vt 0.03726968 0.813247
vt 0.0346336 0.8115289
vt 0.03666487 0.8137058
vt 0.03726968 0.813247
vt 0.03524205 0.8110734
vt 0.04237801 0.8196841
vt 0.04290896 0.8228853
vt 0.1327535 0.8232958
vt 0.1335858 0.8201061
vt 0.03800368 0.8146501
vt 0.04237801 0.8196841
vt 0.1335858 0.8201061
vt 0.1380505 0.8151348
vt 0.03726968 0.813247
vt 0.03800368 0.8146501
vt 0.1380505 0.8151348
vt 0.1388061 0.8137314
vt 0.1441591 0.9646203
vt 0.1451722 0.8162436
vt 0.1430732 0.8180586
vt 0.1422836 0.9628515
vt 0.0306427 0.8154659
vt 0.03019619 0.964083
vt 0.03213803 0.9623911
vt 0.03289955 0.8175291
vt 0.1406598 0.8116443
vt 0.03524205 0.8110734
vt 0.03726968 0.813247
vt 0.1388061 0.8137314
vt 0.1595273 0.7919695
vt 0.1412772 0.8122371
vt 0.1601638 0.7924665
vt 0.1406598 0.8116443
vt 0.1595273 0.7919695
vt 0.03524205 0.8110734
vt 0.016429 0.7915682
vt 0.01578924 0.7920636
vt 0.0346336 0.8115289
vt 0.016429 0.7915682
vt 0.1592686 0.9885992
vt 0.1401831 0.9685856
vt 0.1396073 0.9690324
vt 0.1586237 0.9890883
vt 0.1586237 0.9890883
vt 0.03472729 0.9686688
vt 0.01568903 0.9882434
vt 0.03412736 0.9681056
vt 0.01505689 0.9877413
vt 0.01568903 0.9882434
vt 0.1732505 0.9846818
vt 0.1742507 0.7965541
vt 0.1727603 0.7950488
vt 0.1717443 0.9861713
vt 0.1617106 0.7836745
vt 0.1602721 0.7820551
vt 0.1595908 0.7826426
vt 0.1610034 0.7841449
vt 0.01650236 0.7822347
vt 0.1610034 0.7841449
vt 0.01508179 0.7837276
vt 0.01584252 0.7816545
vt 0.01508179 0.7837276
vt 0.01437257 0.7832417
vt 0.0009438848 0.9838983
vt 0.002433979 0.9854047
vt 0.003474519 0.7941979
vt 0.001968169 0.7956879
vt 0.0156231 0.9975733
vt 0.01418536 0.9960656
vt 0.01345703 0.9965379
vt 0.01493799 0.9981654
vt 0.1585359 0.9984206
vt 0.01418536 0.9960656
vt 0.1599562 0.9969322
vt 0.1591947 0.999002
vt 0.1599562 0.9969322
vt 0.1606649 0.9974193
vt 0.1451722 0.8162436
vt 0.1441591 0.9646203
vt 0.163909 0.984471
vt 0.1649083 0.7966666
vt 0.01130958 0.7959
vt 0.01028609 0.983788
vt 0.03019619 0.964083
vt 0.0306427 0.8154659
vt 0.1334224 0.8233279
vt 0.1319562 0.9575054
vt 0.1326897 0.9574788
vt 0.1327535 0.8232958
vt 0.04236632 0.9571471
vt 0.04290896 0.8228853
vt 0.04178794 0.9571202
vt 0.04249423 0.8228999
vt 0.9127543 0.4724046
vt 0.9103869 0.4795671
vt 0.9127116 0.4795808
vt 0.9104298 0.4723907
vt 0.9127955 0.4654107
vt 0.9104716 0.4653962
vt 0.9128378 0.4584753
vt 0.9105145 0.4584615
vt 0.9128784 0.4515591
vt 0.9105546 0.4515453
vt 0.9129206 0.4446418
vt 0.9105957 0.4446278
vt 0.9129603 0.4377228
vt 0.9106358 0.4377089
vt 0.9130025 0.4308035
vt 0.9106783 0.4307903
vt 0.9130431 0.4238819
vt 0.9107196 0.423868
vt 0.913086 0.4169731
vt 0.9107614 0.4169593
vt 0.9131264 0.4102597
vt 0.9108003 0.4102458
vt 0.9131642 0.4035929
vt 0.9108398 0.403578
vt 0.9132041 0.3969186
vt 0.9108809 0.3969047
vt 0.9132442 0.3902487
vt 0.9109207 0.390234
vt 0.9132858 0.3835695
vt 0.9109597 0.3835557
vt 0.9133243 0.376886
vt 0.9110001 0.3768726
vt 0.9133633 0.3701937
vt 0.9110391 0.3701797
vt 0.9134041 0.3634731
vt 0.9110799 0.3634597
vt 0.913444 0.3567022
vt 0.9111196 0.3566884
vt 0.9597979 0.4726843
vt 0.9127116 0.4795808
vt 0.9597555 0.4798623
vt 0.9127543 0.4724046
vt 0.9598413 0.4656904
vt 0.9127955 0.4654107
vt 0.9598814 0.4587563
vt 0.9128378 0.4584753
vt 0.9599232 0.4518395
vt 0.9128784 0.4515591
vt 0.9599638 0.4449219
vt 0.9129206 0.4446418
vt 0.9600053 0.438003
vt 0.9129603 0.4377228
vt 0.9600466 0.4310839
vt 0.9130025 0.4308035
vt 0.9600888 0.424163
vt 0.9130431 0.4238819
vt 0.9601292 0.417254
vt 0.913086 0.4169731
vt 0.9601698 0.4105398
vt 0.9131264 0.4102597
vt 0.960209 0.4038736
vt 0.9131642 0.4035929
vt 0.960248 0.3971988
vt 0.9132041 0.3969186
vt 0.9132442 0.3902487
vt 0.9602893 0.3905284
vt 0.9603283 0.3838519
vt 0.9132858 0.3835695
vt 0.9603689 0.3771668
vt 0.9133243 0.376886
vt 0.9604088 0.3704745
vt 0.9133633 0.3701937
vt 0.9604489 0.363761
vt 0.9134041 0.3634731
vt 0.9604868 0.3569755
vt 0.913444 0.3567022
vt 0.9127543 0.4724046
vt 0.9103869 0.4795671
vt 0.9127116 0.4795808
vt 0.9104298 0.4723907
vt 0.9127955 0.4654107
vt 0.9104716 0.4653962
vt 0.9128378 0.4584753
vt 0.9105145 0.4584615
vt 0.9128784 0.4515591
vt 0.9105546 0.4515453
vt 0.9129206 0.4446418
vt 0.9105957 0.4446278
vt 0.9129603 0.4377228
vt 0.9106358 0.4377089
vt 0.9130025 0.4308035
vt 0.9106783 0.4307903
vt 0.9130431 0.4238819
vt 0.9107196 0.423868
vt 0.913086 0.4169731
vt 0.9107614 0.4169593
vt 0.9131264 0.4102597
vt 0.9108003 0.4102458
vt 0.9131642 0.4035929
vt 0.9108398 0.403578
vt 0.9132041 0.3969186
vt 0.9108809 0.3969047
vt 0.9132442 0.3902487
vt 0.9109207 0.390234
vt 0.9132858 0.3835695
vt 0.9109597 0.3835557
vt 0.9133243 0.376886
vt 0.9110001 0.3768726
vt 0.9133633 0.3701937
vt 0.9110391 0.3701797
vt 0.9134041 0.3634731
vt 0.9110799 0.3634597
vt 0.913444 0.3567022
vt 0.9111196 0.3566884
vt 0.9597979 0.4726843
vt 0.9127116 0.4795808
vt 0.9597555 0.4798623
vt 0.9127543 0.4724046
vt 0.9598413 0.4656904
vt 0.9127955 0.4654107
vt 0.9598814 0.4587563
vt 0.9128378 0.4584753
vt 0.9599232 0.4518395
vt 0.9128784 0.4515591
vt 0.9599638 0.4449219
vt 0.9129206 0.4446418
vt 0.9600053 0.438003
vt 0.9129603 0.4377228
vt 0.9600466 0.4310839
vt 0.9130025 0.4308035
vt 0.9600888 0.424163
vt 0.9130431 0.4238819
vt 0.9601292 0.417254
vt 0.913086 0.4169731
vt 0.9601698 0.4105398
vt 0.9131264 0.4102597
vt 0.960209 0.4038736
vt 0.9131642 0.4035929
vt 0.960248 0.3971988
vt 0.9132041 0.3969186
vt 0.9132442 0.3902487
vt 0.9602893 0.3905284
vt 0.9603283 0.3838519
vt 0.9132858 0.3835695
vt 0.9603689 0.3771668
vt 0.9133243 0.376886
vt 0.9604088 0.3704745
vt 0.9133633 0.3701937
vt 0.9604489 0.363761
vt 0.9134041 0.3634731
vt 0.9604868 0.3569755
vt 0.913444 0.3567022
vt 0.3376363 0.974591
vt 0.3352602 0.7922379
vt 0.3312811 0.7922889
vt 0.3336573 0.974642
vt 0.2699502 0.9836527
vt 0.3275136 0.984575
vt 0.327673 0.9806071
vt 0.2699869 0.9796726
vt 0.2588964 0.7932419
vt 0.2612087 0.9755465
vt 0.2651877 0.9754971
vt 0.2628753 0.7931921
vt 0.3262039 0.7836508
vt 0.2686027 0.7837927
vt 0.2684947 0.7877653
vt 0.3262497 0.7876275
vt 0.3262039 0.7836508
vt 0.3267708 0.783502
vt 0.3263524 0.7826235
vt 0.3256837 0.7830713
vt 0.3276433 0.9856173
vt 0.3280578 0.9847369
vt 0.3275136 0.984575
vt 0.3269765 0.985149
vt 0.2704691 0.9842434
vt 0.2699502 0.9836527
vt 0.2693909 0.9837746
vt 0.2697748 0.9846848
vt 0.2686027 0.7837927
vt 0.2691324 0.7832081
vt 0.2684597 0.7827488
vt 0.2680564 0.7836381
vt 0.3268082 0.7877609
vt 0.3267708 0.783502
vt 0.3262039 0.7836508
vt 0.3262497 0.7876275
vt 0.3352602 0.7922379
vt 0.3376363 0.974591
vt 0.3382133 0.9739986
vt 0.3358524 0.7928152
vt 0.3280578 0.9847369
vt 0.3282376 0.9804955
vt 0.327673 0.9806071
vt 0.3275136 0.984575
vt 0.3312811 0.7922889
vt 0.3284409 0.7944828
vt 0.3307602 0.9725211
vt 0.3336573 0.974642
vt 0.3275136 0.984575
vt 0.2699502 0.9836527
vt 0.2704691 0.9842434
vt 0.3269765 0.985149
vt 0.2699502 0.9836527
vt 0.2699869 0.9796726
vt 0.2694314 0.9795275
vt 0.2693909 0.9837746
vt 0.327673 0.9806071
vt 0.3257646 0.9776996
vt 0.2719852 0.9768499
vt 0.2699869 0.9796726
vt 0.2612087 0.9755465
vt 0.2588964 0.7932419
vt 0.2583191 0.7938337
vt 0.2606167 0.9749694
vt 0.2680564 0.7836381
vt 0.2679321 0.7878852
vt 0.2684947 0.7877653
vt 0.2686027 0.7837927
vt 0.2651877 0.9754971
vt 0.2680286 0.9733047
vt 0.2657717 0.7953133
vt 0.2628753 0.7931921
vt 0.2686027 0.7837927
vt 0.3262039 0.7836508
vt 0.3256837 0.7830713
vt 0.2691324 0.7832081
vt 0.2684947 0.7877653
vt 0.2704443 0.79064
vt 0.3242855 0.7904839
vt 0.3262497 0.7876275
vt 0.3262497 0.7876275
vt 0.3242855 0.7904839
vt 0.3248869 0.7909446
vt 0.3268082 0.7877609
vt 0.2679321 0.7878852
vt 0.2698467 0.7911091
vt 0.2704443 0.79064
vt 0.2684947 0.7877653
vt 0.2699869 0.9796726
vt 0.2719852 0.9768499
vt 0.2713951 0.9763756
vt 0.2694314 0.9795275
vt 0.3282376 0.9804955
vt 0.3263745 0.9772454
vt 0.3257646 0.9776996
vt 0.327673 0.9806071
vt 0.3053679 0.9501564
vt 0.3045933 0.947424
vt 0.3038989 0.9474608
vt 0.3047681 0.9504633
vt 0.3059885 0.82032
vt 0.3029488 0.8202392
vt 0.3045933 0.947424
vt 0.3076291 0.9472664
vt 0.3030506 0.8172466
vt 0.3023143 0.82022
vt 0.3029488 0.8202392
vt 0.3036474 0.8175664
vt 0.3096587 0.9549534
vt 0.3053679 0.9501564
vt 0.3047681 0.9504633
vt 0.309092 0.955345
vt 0.3106779 0.8157269
vt 0.3059885 0.82032
vt 0.3076291 0.9472664
vt 0.3124343 0.9517388
vt 0.3074335 0.8125707
vt 0.3030506 0.8172466
vt 0.3036474 0.8175664
vt 0.3079823 0.8129803
vt 0.3104036 0.9562341
vt 0.3096587 0.9549534
vt 0.309092 0.955345
vt 0.3098315 0.9566699
vt 0.3120025 0.8150818
vt 0.3106779 0.8157269
vt 0.3124343 0.9517388
vt 0.313775 0.9523503
vt 0.3081778 0.8112438
vt 0.3074335 0.8125707
vt 0.3079823 0.8129803
vt 0.3087514 0.8116836
vt 0.3120031 0.9580585
vt 0.3104036 0.9562341
vt 0.3098315 0.9566699
vt 0.3114581 0.9584761
vt 0.309976 0.8092685
vt 0.3081778 0.8112438
vt 0.3087514 0.8116836
vt 0.3105616 0.8098239
vt 0.293249 0.9506203
vt 0.2938994 0.9475733
vt 0.2933509 0.9475587
vt 0.2926489 0.9503058
vt 0.3047681 0.9504633
vt 0.3038989 0.9474608
vt 0.2938994 0.9475733
vt 0.293249 0.9506203
vt 0.2888876 0.9553012
vt 0.293249 0.9506203
vt 0.2926489 0.9503058
vt 0.2883343 0.9548976
vt 0.309092 0.955345
vt 0.3047681 0.9504633
vt 0.293249 0.9506203
vt 0.2888876 0.9553012
vt 0.2881568 0.9566273
vt 0.2888876 0.9553012
vt 0.2883343 0.9548976
vt 0.2875763 0.956196
vt 0.3098315 0.9566699
vt 0.309092 0.955345
vt 0.2888876 0.9553012
vt 0.2881568 0.9566273
vt 0.2865167 0.9584692
vt 0.2881568 0.9566273
vt 0.2875763 0.956196
vt 0.2859526 0.9579374
vt 0.3114581 0.9584761
vt 0.3098315 0.9566699
vt 0.2881568 0.9566273
vt 0.2865167 0.9584692
vt 0.2903113 0.9474788
vt 0.2933509 0.9475587
vt 0.2917109 0.8204129
vt 0.288675 0.8205703
vt 0.2909412 0.8176122
vt 0.2917109 0.8204129
vt 0.2921037 0.8203934
vt 0.2915438 0.8173101
vt 0.2856219 0.9520711
vt 0.2903113 0.9474788
vt 0.288675 0.8205703
vt 0.2838698 0.8160986
vt 0.2867053 0.812811
vt 0.2909412 0.8176122
vt 0.2915438 0.8173101
vt 0.2872757 0.8124249
vt 0.2842973 0.9527164
vt 0.2856219 0.9520711
vt 0.2838698 0.8160986
vt 0.2825292 0.815487
vt 0.28598 0.8115343
vt 0.2867053 0.812811
vt 0.2872757 0.8124249
vt 0.2865528 0.8111011
vt 0.2840204 0.8094621
vt 0.28598 0.8115343
vt 0.2865528 0.8111011
vt 0.2845928 0.8090316
vt 0.2915438 0.8173101
vt 0.2921037 0.8203934
vt 0.3023143 0.82022
vt 0.3030506 0.8172466
vt 0.2872757 0.8124249
vt 0.2915438 0.8173101
vt 0.3030506 0.8172466
vt 0.3074335 0.8125707
vt 0.2865528 0.8111011
vt 0.2872757 0.8124249
vt 0.3074335 0.8125707
vt 0.3081778 0.8112438
vt 0.3155825 0.9539945
vt 0.3139599 0.8133259
vt 0.3120025 0.8150818
vt 0.313775 0.9523503
vt 0.2803557 0.8135707
vt 0.2824863 0.954352
vt 0.2842973 0.9527164
vt 0.2825292 0.815487
vt 0.309976 0.8092685
vt 0.2845928 0.8090316
vt 0.2865528 0.8111011
vt 0.3081778 0.8112438
vt 0.3242855 0.7904839
vt 0.3105616 0.8098239
vt 0.3248869 0.7909446
vt 0.309976 0.8092685
vt 0.3242855 0.7904839
vt 0.2845928 0.8090316
vt 0.2704443 0.79064
vt 0.2698467 0.7911091
vt 0.2840204 0.8094621
vt 0.2704443 0.79064
vt 0.3263745 0.9772454
vt 0.3120031 0.9580585
vt 0.3114581 0.9584761
vt 0.3257646 0.9776996
vt 0.3257646 0.9776996
vt 0.3114581 0.9584761
vt 0.2865167 0.9584692
vt 0.2719852 0.9768499
vt 0.2859526 0.9579374
vt 0.2713951 0.9763756
vt 0.2719852 0.9768499
vt 0.3396145 0.9725609
vt 0.3372906 0.7942166
vt 0.3358524 0.7928152
vt 0.3382133 0.9739986
vt 0.3263524 0.7826235
vt 0.3249865 0.7810946
vt 0.3243428 0.7816532
vt 0.3256837 0.7830713
vt 0.2704732 0.7817862
vt 0.3256837 0.7830713
vt 0.2691324 0.7832081
vt 0.2698474 0.7812382
vt 0.2691324 0.7832081
vt 0.2684597 0.7827488
vt 0.259179 0.9735678
vt 0.2606167 0.9749694
vt 0.2583191 0.7938337
vt 0.2569174 0.7952707
vt 0.2718159 0.9856876
vt 0.2704691 0.9842434
vt 0.2697748 0.9846848
vt 0.2711618 0.9862421
vt 0.3256193 0.9865458
vt 0.2704691 0.9842434
vt 0.3269765 0.985149
vt 0.3262378 0.987103
vt 0.3269765 0.985149
vt 0.3276433 0.9856173
vt 0.3139599 0.8133259
vt 0.3155825 0.9539945
vt 0.3307602 0.9725211
vt 0.3284409 0.7944828
vt 0.2657717 0.7953133
vt 0.2680286 0.9733047
vt 0.2824863 0.954352
vt 0.2803557 0.8135707
vt 0.3029488 0.8202392
vt 0.3038989 0.9474608
vt 0.3045933 0.947424
vt 0.3023143 0.82022
vt 0.2938994 0.9475733
vt 0.2921037 0.8203934
vt 0.2933509 0.9475587
vt 0.2917109 0.8204129
vt 0.171124 0.986785
vt 0.1721466 0.7944289
vt 0.1679474 0.794407
vt 0.1669246 0.9867629
vt 0.01363066 0.9954474
vt 0.1605188 0.9963206
vt 0.1606513 0.9921269
vt 0.01362342 0.9912478
vt 0.00409497 0.7935841
vt 0.003047612 0.986025
vt 0.007246726 0.9860479
vt 0.008294145 0.7936068
vt 0.161552 0.78476
vt 0.0145196 0.7843412
vt 0.01439309 0.7885355
vt 0.161594 0.7889588
vt 0.161552 0.78476
vt 0.1621503 0.784604
vt 0.1617106 0.7836745
vt 0.1610034 0.7841449
vt 0.1606649 0.9974193
vt 0.1610947 0.9964856
vt 0.1605188 0.9963206
vt 0.1599562 0.9969322
vt 0.01418536 0.9960656
vt 0.01363066 0.9954474
vt 0.01304187 0.9955823
vt 0.01345703 0.9965379
vt 0.0145196 0.7843412
vt 0.01508179 0.7837276
vt 0.01437257 0.7832417
vt 0.01394354 0.7841774
vt 0.1621836 0.7891002
vt 0.1621503 0.784604
vt 0.161552 0.78476
vt 0.161594 0.7889588
vt 0.1721466 0.7944289
vt 0.171124 0.986785
vt 0.1717443 0.9861713
vt 0.1727603 0.7950488
vt 0.1610947 0.9964856
vt 0.1612462 0.9920036
vt 0.1606513 0.9921269
vt 0.1605188 0.9963206
vt 0.1679474 0.794407
vt 0.1649083 0.7966666
vt 0.163909 0.984471
vt 0.1669246 0.9867629
vt 0.1605188 0.9963206
vt 0.01363066 0.9954474
vt 0.01418536 0.9960656
vt 0.1599562 0.9969322
vt 0.01363066 0.9954474
vt 0.01362342 0.9912478
vt 0.01303505 0.9911014
vt 0.01304187 0.9955823
vt 0.1606513 0.9921269
vt 0.1586237 0.9890883
vt 0.01568903 0.9882434
vt 0.01362342 0.9912478
vt 0.003047612 0.986025
vt 0.00409497 0.7935841
vt 0.003474519 0.7941979
vt 0.002433979 0.9854047
vt 0.01394354 0.7841774
vt 0.01379876 0.7886605
vt 0.01439309 0.7885355
vt 0.0145196 0.7843412
vt 0.007246726 0.9860479
vt 0.01028609 0.983788
vt 0.01130958 0.7959
vt 0.008294145 0.7936068
vt 0.0145196 0.7843412
vt 0.161552 0.78476
vt 0.1610034 0.7841449
vt 0.01508179 0.7837276
vt 0.01439309 0.7885355
vt 0.016429 0.7915682
vt 0.1595273 0.7919695
vt 0.161594 0.7889588
vt 0.161594 0.7889588
vt 0.1595273 0.7919695
vt 0.1601638 0.7924665
vt 0.1621836 0.7891002
vt 0.01379876 0.7886605
vt 0.01578924 0.7920636
vt 0.016429 0.7915682
vt 0.01439309 0.7885355
vt 0.01362342 0.9912478
vt 0.01568903 0.9882434
vt 0.01505689 0.9877413
vt 0.01303505 0.9911014
vt 0.1612462 0.9920036
vt 0.1592686 0.9885992
vt 0.1586237 0.9890883
vt 0.1606513 0.9921269
vt 0.1334473 0.9603711
vt 0.1326897 0.9574788
vt 0.1319562 0.9575054
vt 0.1328133 0.9606922
vt 0.1366274 0.8234699
vt 0.1334224 0.8233279
vt 0.1326897 0.9574788
vt 0.1358965 0.9573715
vt 0.1335858 0.8201061
vt 0.1327535 0.8232958
vt 0.1334224 0.8233279
vt 0.1342161 0.8204427
vt 0.137806 0.9653193
vt 0.1334473 0.9603711
vt 0.1328133 0.9606922
vt 0.137205 0.9657269
vt 0.1416633 0.818714
vt 0.1366274 0.8234699
vt 0.1358965 0.9573715
vt 0.1408807 0.9621808
vt 0.1380505 0.8151348
vt 0.1335858 0.8201061
vt 0.1342161 0.8204427
vt 0.1386357 0.815559
vt 0.1385515 0.9666747
vt 0.137806 0.9653193
vt 0.137205 0.9657269
vt 0.1379436 0.9671303
vt 0.1430732 0.8180586
vt 0.1416633 0.818714
vt 0.1408807 0.9621808
vt 0.1422836 0.9628515
vt 0.1388061 0.8137314
vt 0.1380505 0.8151348
vt 0.1386357 0.815559
vt 0.1394127 0.8141937
vt 0.1401831 0.9685856
vt 0.1385515 0.9666747
vt 0.1379436 0.9671303
vt 0.1396073 0.9690324
vt 0.1406598 0.8116443
vt 0.1388061 0.8137314
vt 0.1394127 0.8141937
vt 0.1412772 0.8122371
vt 0.04162745 0.9603528
vt 0.04236632 0.9571471
vt 0.04178794 0.9571202
vt 0.04099555 0.960019
vt 0.1328133 0.9606922
vt 0.1319562 0.9575054
vt 0.04236632 0.9571471
vt 0.04162745 0.9603528
vt 0.03717172 0.965324
vt 0.04162745 0.9603528
vt 0.04099555 0.960019
vt 0.03658445 0.9649024
vt 0.137205 0.9657269
vt 0.1328133 0.9606922
vt 0.04162745 0.9603528
vt 0.03717172 0.965324
vt 0.03642214 0.9667273
vt 0.03717172 0.965324
vt 0.03658445 0.9649024
vt 0.03581204 0.9662694
vt 0.1379436 0.9671303
vt 0.137205 0.9657269
vt 0.03717172 0.965324
vt 0.03642214 0.9667273
vt 0.03472729 0.9686688
vt 0.03642214 0.9667273
vt 0.03581204 0.9662694
vt 0.03412736 0.9681056
vt 0.1396073 0.9690324
vt 0.1379436 0.9671303
vt 0.03642214 0.9667273
vt 0.03472729 0.9686688
vt 0.03858285 0.956978
vt 0.04178794 0.9571202
vt 0.04249423 0.8228999
vt 0.03928756 0.8230091
vt 0.04174252 0.8200029
vt 0.04249423 0.8228999
vt 0.04290896 0.8228853
vt 0.04237801 0.8196841
vt 0.03354788 0.9617354
vt 0.03858285 0.956978
vt 0.03928756 0.8230091
vt 0.03430246 0.8181998
vt 0.03740173 0.8150559
vt 0.04174252 0.8200029
vt 0.04237801 0.8196841
vt 0.03800368 0.8146501
vt 0.03213803 0.9623911
vt 0.03354788 0.9617354
vt 0.03430246 0.8181998
vt 0.03289955 0.8175291
vt 0.03666487 0.8137058
vt 0.03740173 0.8150559
vt 0.03800368 0.8146501
vt 0.03726968 0.813247
vt 0.0346336 0.8115289
vt 0.03666487 0.8137058
vt 0.03726968 0.813247
vt 0.03524205 0.8110734
vt 0.04237801 0.8196841
vt 0.04290896 0.8228853
vt 0.1327535 0.8232958
vt 0.1335858 0.8201061
vt 0.03800368 0.8146501
vt 0.04237801 0.8196841
vt 0.1335858 0.8201061
vt 0.1380505 0.8151348
vt 0.03726968 0.813247
vt 0.03800368 0.8146501
vt 0.1380505 0.8151348
vt 0.1388061 0.8137314
vt 0.1441591 0.9646203
vt 0.1451722 0.8162436
vt 0.1430732 0.8180586
vt 0.1422836 0.9628515
vt 0.0306427 0.8154659
vt 0.03019619 0.964083
vt 0.03213803 0.9623911
vt 0.03289955 0.8175291
vt 0.1406598 0.8116443
vt 0.03524205 0.8110734
vt 0.03726968 0.813247
vt 0.1388061 0.8137314
vt 0.1595273 0.7919695
vt 0.1412772 0.8122371
vt 0.1601638 0.7924665
vt 0.1406598 0.8116443
vt 0.1595273 0.7919695
vt 0.03524205 0.8110734
vt 0.016429 0.7915682
vt 0.01578924 0.7920636
vt 0.0346336 0.8115289
vt 0.016429 0.7915682
vt 0.1592686 0.9885992
vt 0.1401831 0.9685856
vt 0.1396073 0.9690324
vt 0.1586237 0.9890883
vt 0.1586237 0.9890883
vt 0.03472729 0.9686688
vt 0.01568903 0.9882434
vt 0.03412736 0.9681056
vt 0.01505689 0.9877413
vt 0.01568903 0.9882434
vt 0.1732505 0.9846818
vt 0.1742507 0.7965541
vt 0.1727603 0.7950488
vt 0.1717443 0.9861713
vt 0.1617106 0.7836745
vt 0.1602721 0.7820551
vt 0.1595908 0.7826426
vt 0.1610034 0.7841449
vt 0.01650236 0.7822347
vt 0.1610034 0.7841449
vt 0.01508179 0.7837276
vt 0.01584252 0.7816545
vt 0.01508179 0.7837276
vt 0.01437257 0.7832417
vt 0.0009438848 0.9838983
vt 0.002433979 0.9854047
vt 0.003474519 0.7941979
vt 0.001968169 0.7956879
vt 0.0156231 0.9975733
vt 0.01418536 0.9960656
vt 0.01345703 0.9965379
vt 0.01493799 0.9981654
vt 0.1585359 0.9984206
vt 0.01418536 0.9960656
vt 0.1599562 0.9969322
vt 0.1591947 0.999002
vt 0.1599562 0.9969322
vt 0.1606649 0.9974193
vt 0.1451722 0.8162436
vt 0.1441591 0.9646203
vt 0.163909 0.984471
vt 0.1649083 0.7966666
vt 0.01130958 0.7959
vt 0.01028609 0.983788
vt 0.03019619 0.964083
vt 0.0306427 0.8154659
vt 0.1334224 0.8233279
vt 0.1319562 0.9575054
vt 0.1326897 0.9574788
vt 0.1327535 0.8232958
vt 0.04236632 0.9571471
vt 0.04290896 0.8228853
vt 0.04178794 0.9571202
vt 0.04249423 0.8228999
vt 0.8983372 0.1103184
vt 0.768833 0.1103184
vt 0.768833 0.1108955
vt 0.8983372 0.1108955
vt 0.907418 0.4766576
vt 0.907418 0.1187545
vt 0.9068612 0.1187545
vt 0.9068612 0.4766576
vt 0.768833 0.4826838
vt 0.8983372 0.4826838
vt 0.8983372 0.4821319
vt 0.768833 0.4821319
vt 0.8983372 0.1108955
vt 0.768833 0.1108955
vt 0.768833 0.1180413
vt 0.8983372 0.1180413
vt 0.9068612 0.1187545
vt 0.9068612 0.1180413
vt 0.8983372 0.1180413
vt 0.8989515 0.1187545
vt 0.9068612 0.4766576
vt 0.9068612 0.1187545
vt 0.8989515 0.1187545
vt 0.8989515 0.4766576
vt 0.907418 0.4771172
vt 0.9068612 0.4766576
vt 0.8989515 0.4766576
vt 0.8983372 0.4771172
vt 0.768833 0.4821319
vt 0.8983372 0.4821319
vt 0.8983372 0.4771172
vt 0.768833 0.4771172
vt 0.8983372 0.1180413
vt 0.768833 0.1180413
vt 0.768833 0.1187545
vt 0.8983372 0.1187545
vt 0.8989515 0.4766576
vt 0.8989515 0.1187545
vt 0.8983372 0.1187545
vt 0.8983372 0.4766576
vt 0.768833 0.4771172
vt 0.8983372 0.4771172
vt 0.8983372 0.4766576
vt 0.768833 0.4766576
vt 0.768833 0.4766576
vt 0.8983372 0.4766576
vt 0.8983372 0.1187545
vt 0.768833 0.1187545
vt 0.7614776 0.6331465
vt 0.7620628 0.6331476
vt 0.7623042 0.5054244
vt 0.7617165 0.5067457
vt 0.7632499 0.00498423
vt 0.7626646 0.004983127
vt 0.7624214 0.1337413
vt 0.7630054 0.1343529
vt 0.7623042 0.5054244
vt 0.7630054 0.1343529
vt 0.7624202 0.1343518
vt 0.7617201 0.5048846
vt 0.7617165 0.5067457
vt 0.7623042 0.5054244
vt 0.7617201 0.5048846
vt 0.7617183 0.5058366
vt 0.7630054 0.1343529
vt 0.7624214 0.1337413
vt 0.7624208 0.1340257
vt 0.7624202 0.1343518
vt 0.7624208 0.1340257
vt 0.7624214 0.1337413
vt 0.6477191 0.1335245
vt 0.6477185 0.133809
vt 0.7617165 0.5067457
vt 0.7617183 0.5058366
vt 0.6470159 0.5056198
vt 0.6470142 0.5065289
vt 0.6477191 0.1335245
vt 0.7624214 0.1337413
vt 0.7626646 0.004983127
vt 0.6479625 0.004766405
vt 0.7614776 0.6331465
vt 0.7617165 0.5067457
vt 0.6470142 0.5065289
vt 0.6467754 0.6329298
vt 0.6477179 0.134135
vt 0.7624202 0.1343518
vt 0.7624208 0.1340257
vt 0.6477185 0.133809
vt 0.7617183 0.5058366
vt 0.7617201 0.5048846
vt 0.6470178 0.5046678
vt 0.6470159 0.5056198
vt 0.646246 0.5046663
vt 0.6462441 0.5056185
vt 0.6470159 0.5056198
vt 0.6470178 0.5046678
vt 0.6477179 0.134135
vt 0.646246 0.5046663
vt 0.6469462 0.1341336
vt 0.6477185 0.133809
vt 0.6469468 0.1338075
vt 0.6477191 0.1335245
vt 0.6469473 0.133523
vt 0.6479625 0.004766405
vt 0.6471906 0.004765034
vt 0.6462424 0.5065275
vt 0.6470142 0.5065289
vt 0.6470159 0.5056198
vt 0.6462441 0.5056185
vt 0.6460035 0.6329283
vt 0.6467754 0.6329298
vt 0.6470142 0.5065289
vt 0.7617201 0.5048846
vt 0.7624202 0.1343518
vt 0.6477179 0.134135
vt 0.6470178 0.5046678
vt 0.9731489 0.3420802
vt 0.9747524 0.3454406
vt 0.9802431 0.344736
vt 0.9672518 0.3454247
vt 0.9798401 0.3409753
vt 0.9699268 0.3480752
vt 0.9856154 0.3458934
vt 0.9628391 0.3505978
vt 0.9864849 0.3422123
vt 0.9662033 0.3521704
vt 0.9901065 0.348868
vt 0.9604868 0.3569755
vt 0.9923018 0.3456407
vt 0.9642385 0.3572964
vt 0.9934523 0.3530481
vt 0.9604489 0.363761
vt 0.9965982 0.3508158
vt 0.9640565 0.3628198
vt 0.9951026 0.3581889
vt 0.962757 0.3701478
vt 0.9988673 0.3571605
vt 0.9658738 0.367982
vt 0.9950436 0.3635563
vt 0.9671069 0.3753674
vt 0.9988585 0.3638879
vt 0.9692431 0.3722916
vt 0.9930372 0.3686115
vt 0.9729868 0.3787836
vt 0.9965369 0.3702276
vt 0.9739531 0.3751854
vt 0.9895356 0.3727507
vt 0.9796546 0.3799552
vt 0.9922056 0.3754028
vt 0.9793243 0.3761452
vt 0.9847081 0.3753657
vt 0.9863292 0.3787859
vt 0.9806288 0.3474963
vt 0.9802431 0.344736
vt 0.9747524 0.3454406
vt 0.9761089 0.3477476
vt 0.9850779 0.348557
vt 0.9699268 0.3480752
vt 0.9856154 0.3458934
vt 0.9720284 0.3499042
vt 0.9885808 0.3513069
vt 0.9662033 0.3521704
vt 0.9901065 0.348868
vt 0.9687436 0.3530359
vt 0.9913391 0.3548428
vt 0.9642385 0.3572964
vt 0.9934523 0.3530481
vt 0.9670299 0.357313
vt 0.9923768 0.3591097
vt 0.9640565 0.3628198
vt 0.9951026 0.3581889
vt 0.9665542 0.3618303
vt 0.9922979 0.3636065
vt 0.9658738 0.367982
vt 0.9950436 0.3635563
vt 0.9680292 0.3661975
vt 0.9903767 0.3676039
vt 0.9692431 0.3722916
vt 0.9930372 0.3686115
vt 0.9706106 0.3698907
vt 0.9874158 0.3710546
vt 0.9739531 0.3751854
vt 0.9895356 0.3727507
vt 0.9743469 0.3725261
vt 0.9833122 0.3729543
vt 0.9793243 0.3761452
vt 0.9847081 0.3753657
vt 0.9788678 0.3733668
vt 0.9731489 0.3420802
vt 0.9747524 0.3454406
vt 0.9802431 0.344736
vt 0.9672518 0.3454247
vt 0.9798401 0.3409753
vt 0.9699268 0.3480752
vt 0.9856154 0.3458934
vt 0.9628391 0.3505978
vt 0.9864849 0.3422123
vt 0.9662033 0.3521704
vt 0.9901065 0.348868
vt 0.9604868 0.3569755
vt 0.9923018 0.3456407
vt 0.9642385 0.3572964
vt 0.9934523 0.3530481
vt 0.9604489 0.363761
vt 0.9965982 0.3508158
vt 0.9640565 0.3628198
vt 0.9951026 0.3581889
vt 0.962757 0.3701478
vt 0.9988673 0.3571605
vt 0.9658738 0.367982
vt 0.9950436 0.3635563
vt 0.9671069 0.3753674
vt 0.9988585 0.3638879
vt 0.9692431 0.3722916
vt 0.9930372 0.3686115
vt 0.9729868 0.3787836
vt 0.9965369 0.3702276
vt 0.9739531 0.3751854
vt 0.9895356 0.3727507
vt 0.9796546 0.3799552
vt 0.9922056 0.3754028
vt 0.9793243 0.3761452
vt 0.9847081 0.3753657
vt 0.9863292 0.3787859
vt 0.9806288 0.3474963
vt 0.9802431 0.344736
vt 0.9747524 0.3454406
vt 0.9761089 0.3477476
vt 0.9850779 0.348557
vt 0.9699268 0.3480752
vt 0.9856154 0.3458934
vt 0.9720284 0.3499042
vt 0.9885808 0.3513069
vt 0.9662033 0.3521704
vt 0.9901065 0.348868
vt 0.9687436 0.3530359
vt 0.9913391 0.3548428
vt 0.9642385 0.3572964
vt 0.9934523 0.3530481
vt 0.9670299 0.357313
vt 0.9923768 0.3591097
vt 0.9640565 0.3628198
vt 0.9951026 0.3581889
vt 0.9665542 0.3618303
vt 0.9922979 0.3636065
vt 0.9658738 0.367982
vt 0.9950436 0.3635563
vt 0.9680292 0.3661975
vt 0.9903767 0.3676039
vt 0.9692431 0.3722916
vt 0.9930372 0.3686115
vt 0.9706106 0.3698907
vt 0.9874158 0.3710546
vt 0.9739531 0.3751854
vt 0.9895356 0.3727507
vt 0.9743469 0.3725261
vt 0.9833122 0.3729543
vt 0.9793243 0.3761452
vt 0.9847081 0.3753657
vt 0.9788678 0.3733668
vt 0.9731489 0.3420802
vt 0.9747524 0.3454406
vt 0.9802431 0.344736
vt 0.9672518 0.3454247
vt 0.9798401 0.3409753
vt 0.9699268 0.3480752
vt 0.9856154 0.3458934
vt 0.9628391 0.3505978
vt 0.9864849 0.3422123
vt 0.9662033 0.3521704
vt 0.9901065 0.348868
vt 0.9604868 0.3569755
vt 0.9923018 0.3456407
vt 0.9642385 0.3572964
vt 0.9934523 0.3530481
vt 0.9604489 0.363761
vt 0.9965982 0.3508158
vt 0.9640565 0.3628198
vt 0.9951026 0.3581889
vt 0.962757 0.3701478
vt 0.9988673 0.3571605
vt 0.9658738 0.367982
vt 0.9950436 0.3635563
vt 0.9671069 0.3753674
vt 0.9988585 0.3638879
vt 0.9692431 0.3722916
vt 0.9930372 0.3686115
vt 0.9729868 0.3787836
vt 0.9965369 0.3702276
vt 0.9739531 0.3751854
vt 0.9895356 0.3727507
vt 0.9796546 0.3799552
vt 0.9922056 0.3754028
vt 0.9793243 0.3761452
vt 0.9847081 0.3753657
vt 0.9863292 0.3787859
vt 0.9806288 0.3474963
vt 0.9802431 0.344736
vt 0.9747524 0.3454406
vt 0.9761089 0.3477476
vt 0.9850779 0.348557
vt 0.9699268 0.3480752
vt 0.9856154 0.3458934
vt 0.9720284 0.3499042
vt 0.9885808 0.3513069
vt 0.9662033 0.3521704
vt 0.9901065 0.348868
vt 0.9687436 0.3530359
vt 0.9913391 0.3548428
vt 0.9642385 0.3572964
vt 0.9934523 0.3530481
vt 0.9670299 0.357313
vt 0.9923768 0.3591097
vt 0.9640565 0.3628198
vt 0.9951026 0.3581889
vt 0.9665542 0.3618303
vt 0.9922979 0.3636065
vt 0.9658738 0.367982
vt 0.9950436 0.3635563
vt 0.9680292 0.3661975
vt 0.9903767 0.3676039
vt 0.9692431 0.3722916
vt 0.9930372 0.3686115
vt 0.9706106 0.3698907
vt 0.9874158 0.3710546
vt 0.9739531 0.3751854
vt 0.9895356 0.3727507
vt 0.9743469 0.3725261
vt 0.9833122 0.3729543
vt 0.9793243 0.3761452
vt 0.9847081 0.3753657
vt 0.9788678 0.3733668
vt 0.9731489 0.3420802
vt 0.9747524 0.3454406
vt 0.9802431 0.344736
vt 0.9672518 0.3454247
vt 0.9798401 0.3409753
vt 0.9699268 0.3480752
vt 0.9856154 0.3458934
vt 0.9628391 0.3505978
vt 0.9864849 0.3422123
vt 0.9662033 0.3521704
vt 0.9901065 0.348868
vt 0.9604868 0.3569755
vt 0.9923018 0.3456407
vt 0.9642385 0.3572964
vt 0.9934523 0.3530481
vt 0.9604489 0.363761
vt 0.9965982 0.3508158
vt 0.9640565 0.3628198
vt 0.9951026 0.3581889
vt 0.962757 0.3701478
vt 0.9988673 0.3571605
vt 0.9658738 0.367982
vt 0.9950436 0.3635563
vt 0.9671069 0.3753674
vt 0.9988585 0.3638879
vt 0.9692431 0.3722916
vt 0.9930372 0.3686115
vt 0.9729868 0.3787836
vt 0.9965369 0.3702276
vt 0.9739531 0.3751854
vt 0.9895356 0.3727507
vt 0.9796546 0.3799552
vt 0.9922056 0.3754028
vt 0.9793243 0.3761452
vt 0.9847081 0.3753657
vt 0.9863292 0.3787859
vt 0.9806288 0.3474963
vt 0.9802431 0.344736
vt 0.9747524 0.3454406
vt 0.9761089 0.3477476
vt 0.9850779 0.348557
vt 0.9699268 0.3480752
vt 0.9856154 0.3458934
vt 0.9720284 0.3499042
vt 0.9885808 0.3513069
vt 0.9662033 0.3521704
vt 0.9901065 0.348868
vt 0.9687436 0.3530359
vt 0.9913391 0.3548428
vt 0.9642385 0.3572964
vt 0.9934523 0.3530481
vt 0.9670299 0.357313
vt 0.9923768 0.3591097
vt 0.9640565 0.3628198
vt 0.9951026 0.3581889
vt 0.9665542 0.3618303
vt 0.9922979 0.3636065
vt 0.9658738 0.367982
vt 0.9950436 0.3635563
vt 0.9680292 0.3661975
vt 0.9903767 0.3676039
vt 0.9692431 0.3722916
vt 0.9930372 0.3686115
vt 0.9706106 0.3698907
vt 0.9874158 0.3710546
vt 0.9739531 0.3751854
vt 0.9895356 0.3727507
vt 0.9743469 0.3725261
vt 0.9833122 0.3729543
vt 0.9793243 0.3761452
vt 0.9847081 0.3753657
vt 0.9788678 0.3733668
vt 0.9731489 0.3420802
vt 0.9747524 0.3454406
vt 0.9802431 0.344736
vt 0.9672518 0.3454247
vt 0.9798401 0.3409753
vt 0.9699268 0.3480752
vt 0.9856154 0.3458934
vt 0.9628391 0.3505978
vt 0.9864849 0.3422123
vt 0.9662033 0.3521704
vt 0.9901065 0.348868
vt 0.9604868 0.3569755
vt 0.9923018 0.3456407
vt 0.9642385 0.3572964
vt 0.9934523 0.3530481
vt 0.9604489 0.363761
vt 0.9965982 0.3508158
vt 0.9640565 0.3628198
vt 0.9951026 0.3581889
vt 0.962757 0.3701478
vt 0.9988673 0.3571605
vt 0.9658738 0.367982
vt 0.9950436 0.3635563
vt 0.9671069 0.3753674
vt 0.9988585 0.3638879
vt 0.9692431 0.3722916
vt 0.9930372 0.3686115
vt 0.9729868 0.3787836
vt 0.9965369 0.3702276
vt 0.9739531 0.3751854
vt 0.9895356 0.3727507
vt 0.9796546 0.3799552
vt 0.9922056 0.3754028
vt 0.9793243 0.3761452
vt 0.9847081 0.3753657
vt 0.9863292 0.3787859
vt 0.9806288 0.3474963
vt 0.9802431 0.344736
vt 0.9747524 0.3454406
vt 0.9761089 0.3477476
vt 0.9850779 0.348557
vt 0.9699268 0.3480752
vt 0.9856154 0.3458934
vt 0.9720284 0.3499042
vt 0.9885808 0.3513069
vt 0.9662033 0.3521704
vt 0.9901065 0.348868
vt 0.9687436 0.3530359
vt 0.9913391 0.3548428
vt 0.9642385 0.3572964
vt 0.9934523 0.3530481
vt 0.9670299 0.357313
vt 0.9923768 0.3591097
vt 0.9640565 0.3628198
vt 0.9951026 0.3581889
vt 0.9665542 0.3618303
vt 0.9922979 0.3636065
vt 0.9658738 0.367982
vt 0.9950436 0.3635563
vt 0.9680292 0.3661975
vt 0.9903767 0.3676039
vt 0.9692431 0.3722916
vt 0.9930372 0.3686115
vt 0.9706106 0.3698907
vt 0.9874158 0.3710546
vt 0.9739531 0.3751854
vt 0.9895356 0.3727507
vt 0.9743469 0.3725261
vt 0.9833122 0.3729543
vt 0.9793243 0.3761452
vt 0.9847081 0.3753657
vt 0.9788678 0.3733668
vt 0.9731489 0.3420802
vt 0.9747524 0.3454406
vt 0.9802431 0.344736
vt 0.9672518 0.3454247
vt 0.9798401 0.3409753
vt 0.9699268 0.3480752
vt 0.9856154 0.3458934
vt 0.9628391 0.3505978
vt 0.9864849 0.3422123
vt 0.9662033 0.3521704
vt 0.9901065 0.348868
vt 0.9604868 0.3569755
vt 0.9923018 0.3456407
vt 0.9642385 0.3572964
vt 0.9934523 0.3530481
vt 0.9604489 0.363761
vt 0.9965982 0.3508158
vt 0.9640565 0.3628198
vt 0.9951026 0.3581889
vt 0.962757 0.3701478
vt 0.9988673 0.3571605
vt 0.9658738 0.367982
vt 0.9950436 0.3635563
vt 0.9671069 0.3753674
vt 0.9988585 0.3638879
vt 0.9692431 0.3722916
vt 0.9930372 0.3686115
vt 0.9729868 0.3787836
vt 0.9965369 0.3702276
vt 0.9739531 0.3751854
vt 0.9895356 0.3727507
vt 0.9796546 0.3799552
vt 0.9922056 0.3754028
vt 0.9793243 0.3761452
vt 0.9847081 0.3753657
vt 0.9863292 0.3787859
vt 0.9806288 0.3474963
vt 0.9802431 0.344736
vt 0.9747524 0.3454406
vt 0.9761089 0.3477476
vt 0.9850779 0.348557
vt 0.9699268 0.3480752
vt 0.9856154 0.3458934
vt 0.9720284 0.3499042
vt 0.9885808 0.3513069
vt 0.9662033 0.3521704
vt 0.9901065 0.348868
vt 0.9687436 0.3530359
vt 0.9913391 0.3548428
vt 0.9642385 0.3572964
vt 0.9934523 0.3530481
vt 0.9670299 0.357313
vt 0.9923768 0.3591097
vt 0.9640565 0.3628198
vt 0.9951026 0.3581889
vt 0.9665542 0.3618303
vt 0.9922979 0.3636065
vt 0.9658738 0.367982
vt 0.9950436 0.3635563
vt 0.9680292 0.3661975
vt 0.9903767 0.3676039
vt 0.9692431 0.3722916
vt 0.9930372 0.3686115
vt 0.9706106 0.3698907
vt 0.9874158 0.3710546
vt 0.9739531 0.3751854
vt 0.9895356 0.3727507
vt 0.9743469 0.3725261
vt 0.9833122 0.3729543
vt 0.9793243 0.3761452
vt 0.9847081 0.3753657
vt 0.9788678 0.3733668
vt 0.9731489 0.3420802
vt 0.9747524 0.3454406
vt 0.9802431 0.344736
vt 0.9672518 0.3454247
vt 0.9798401 0.3409753
vt 0.9699268 0.3480752
vt 0.9856154 0.3458934
vt 0.9628391 0.3505978
vt 0.9864849 0.3422123
vt 0.9662033 0.3521704
vt 0.9901065 0.348868
vt 0.9604868 0.3569755
vt 0.9923018 0.3456407
vt 0.9642385 0.3572964
vt 0.9934523 0.3530481
vt 0.9604489 0.363761
vt 0.9965982 0.3508158
vt 0.9640565 0.3628198
vt 0.9951026 0.3581889
vt 0.962757 0.3701478
vt 0.9988673 0.3571605
vt 0.9658738 0.367982
vt 0.9950436 0.3635563
vt 0.9671069 0.3753674
vt 0.9988585 0.3638879
vt 0.9692431 0.3722916
vt 0.9930372 0.3686115
vt 0.9729868 0.3787836
vt 0.9965369 0.3702276
vt 0.9739531 0.3751854
vt 0.9895356 0.3727507
vt 0.9796546 0.3799552
vt 0.9922056 0.3754028
vt 0.9793243 0.3761452
vt 0.9847081 0.3753657
vt 0.9863292 0.3787859
vt 0.9806288 0.3474963
vt 0.9802431 0.344736
vt 0.9747524 0.3454406
vt 0.9761089 0.3477476
vt 0.9850779 0.348557
vt 0.9699268 0.3480752
vt 0.9856154 0.3458934
vt 0.9720284 0.3499042
vt 0.9885808 0.3513069
vt 0.9662033 0.3521704
vt 0.9901065 0.348868
vt 0.9687436 0.3530359
vt 0.9913391 0.3548428
vt 0.9642385 0.3572964
vt 0.9934523 0.3530481
vt 0.9670299 0.357313
vt 0.9923768 0.3591097
vt 0.9640565 0.3628198
vt 0.9951026 0.3581889
vt 0.9665542 0.3618303
vt 0.9922979 0.3636065
vt 0.9658738 0.367982
vt 0.9950436 0.3635563
vt 0.9680292 0.3661975
vt 0.9903767 0.3676039
vt 0.9692431 0.3722916
vt 0.9930372 0.3686115
vt 0.9706106 0.3698907
vt 0.9874158 0.3710546
vt 0.9739531 0.3751854
vt 0.9895356 0.3727507
vt 0.9743469 0.3725261
vt 0.9833122 0.3729543
vt 0.9793243 0.3761452
vt 0.9847081 0.3753657
vt 0.9788678 0.3733668
vt 0.9731489 0.3420802
vt 0.9747524 0.3454406
vt 0.9802431 0.344736
vt 0.9672518 0.3454247
vt 0.9798401 0.3409753
vt 0.9699268 0.3480752
vt 0.9856154 0.3458934
vt 0.9628391 0.3505978
vt 0.9864849 0.3422123
vt 0.9662033 0.3521704
vt 0.9901065 0.348868
vt 0.9604868 0.3569755
vt 0.9923018 0.3456407
vt 0.9642385 0.3572964
vt 0.9934523 0.3530481
vt 0.9604489 0.363761
vt 0.9965982 0.3508158
vt 0.9640565 0.3628198
vt 0.9951026 0.3581889
vt 0.962757 0.3701478
vt 0.9988673 0.3571605
vt 0.9658738 0.367982
vt 0.9950436 0.3635563
vt 0.9671069 0.3753674
vt 0.9988585 0.3638879
vt 0.9692431 0.3722916
vt 0.9930372 0.3686115
vt 0.9729868 0.3787836
vt 0.9965369 0.3702276
vt 0.9739531 0.3751854
vt 0.9895356 0.3727507
vt 0.9796546 0.3799552
vt 0.9922056 0.3754028
vt 0.9793243 0.3761452
vt 0.9847081 0.3753657
vt 0.9863292 0.3787859
vt 0.9806288 0.3474963
vt 0.9802431 0.344736
vt 0.9747524 0.3454406
vt 0.9761089 0.3477476
vt 0.9850779 0.348557
vt 0.9699268 0.3480752
vt 0.9856154 0.3458934
vt 0.9720284 0.3499042
vt 0.9885808 0.3513069
vt 0.9662033 0.3521704
vt 0.9901065 0.348868
vt 0.9687436 0.3530359
vt 0.9913391 0.3548428
vt 0.9642385 0.3572964
vt 0.9934523 0.3530481
vt 0.9670299 0.357313
vt 0.9923768 0.3591097
vt 0.9640565 0.3628198
vt 0.9951026 0.3581889
vt 0.9665542 0.3618303
vt 0.9922979 0.3636065
vt 0.9658738 0.367982
vt 0.9950436 0.3635563
vt 0.9680292 0.3661975
vt 0.9903767 0.3676039
vt 0.9692431 0.3722916
vt 0.9930372 0.3686115
vt 0.9706106 0.3698907
vt 0.9874158 0.3710546
vt 0.9739531 0.3751854
vt 0.9895356 0.3727507
vt 0.9743469 0.3725261
vt 0.9833122 0.3729543
vt 0.9793243 0.3761452
vt 0.9847081 0.3753657
vt 0.9788678 0.3733668
vt 0.9802422 0.3522358
vt 0.9806288 0.3474963
vt 0.9761089 0.3477476
vt 0.9773235 0.3520525
vt 0.9720284 0.3499042
vt 0.9831665 0.3525899
vt 0.9850779 0.348557
vt 0.9748558 0.3536904
vt 0.9687436 0.3530359
vt 0.9851663 0.3546863
vt 0.9885808 0.3513069
vt 0.9724991 0.3554601
vt 0.9670299 0.357313
vt 0.9871953 0.3568081
vt 0.9913391 0.3548428
vt 0.9716552 0.3583065
vt 0.9665542 0.3618303
vt 0.987619 0.3597037
vt 0.9923768 0.3591097
vt 0.9709798 0.3611715
vt 0.9680292 0.3661975
vt 0.9878513 0.3626404
vt 0.9922979 0.3636065
vt 0.9721856 0.3638624
vt 0.9706106 0.3698907
vt 0.9862886 0.3651357
vt 0.9903767 0.3676039
vt 0.9736179 0.3664113
vt 0.9743469 0.3725261
vt 0.9845939 0.3675543
vt 0.9874158 0.3710546
vt 0.9759073 0.3683477
vt 0.9788678 0.3733668
vt 0.9817777 0.3685889
vt 0.9833122 0.3729543
vt 0.97885 0.3685925
vt 0.9826151 0.362774
vt 0.9817943 0.3638832
vt 0.9795852 0.3605592
vt 0.9833385 0.3616055
vt 0.9805317 0.3643131
vt 0.9791527 0.364247
vt 0.9832744 0.3602181
vt 0.9777708 0.3640989
vt 0.9830714 0.3588555
vt 0.9767694 0.3632322
vt 0.9821225 0.3578385
vt 0.976162 0.3620065
vt 0.9811386 0.3568786
vt 0.9756379 0.3607304
vt 0.979817 0.3566973
vt 0.9759338 0.3594188
vt 0.9785014 0.356604
vt 0.9763304 0.35813
vt 0.9773925 0.3573349
vt 0.9802422 0.3522358
vt 0.9806288 0.3474963
vt 0.9761089 0.3477476
vt 0.9773235 0.3520525
vt 0.9720284 0.3499042
vt 0.9831665 0.3525899
vt 0.9850779 0.348557
vt 0.9748558 0.3536904
vt 0.9687436 0.3530359
vt 0.9851663 0.3546863
vt 0.9885808 0.3513069
vt 0.9724991 0.3554601
vt 0.9670299 0.357313
vt 0.9871953 0.3568081
vt 0.9913391 0.3548428
vt 0.9716552 0.3583065
vt 0.9665542 0.3618303
vt 0.987619 0.3597037
vt 0.9923768 0.3591097
vt 0.9709798 0.3611715
vt 0.9680292 0.3661975
vt 0.9878513 0.3626404
vt 0.9922979 0.3636065
vt 0.9721856 0.3638624
vt 0.9706106 0.3698907
vt 0.9862886 0.3651357
vt 0.9903767 0.3676039
vt 0.9736179 0.3664113
vt 0.9743469 0.3725261
vt 0.9845939 0.3675543
vt 0.9874158 0.3710546
vt 0.9759073 0.3683477
vt 0.9788678 0.3733668
vt 0.9817777 0.3685889
vt 0.9833122 0.3729543
vt 0.97885 0.3685925
vt 0.9826151 0.362774
vt 0.9817943 0.3638832
vt 0.9795852 0.3605592
vt 0.9833385 0.3616055
vt 0.9805317 0.3643131
vt 0.9791527 0.364247
vt 0.9832744 0.3602181
vt 0.9777708 0.3640989
vt 0.9830714 0.3588555
vt 0.9767694 0.3632322
vt 0.9821225 0.3578385
vt 0.976162 0.3620065
vt 0.9811386 0.3568786
vt 0.9756379 0.3607304
vt 0.979817 0.3566973
vt 0.9759338 0.3594188
vt 0.9785014 0.356604
vt 0.9763304 0.35813
vt 0.9773925 0.3573349
vt 0.9802422 0.3522358
vt 0.9806288 0.3474963
vt 0.9761089 0.3477476
vt 0.9773235 0.3520525
vt 0.9720284 0.3499042
vt 0.9831665 0.3525899
vt 0.9850779 0.348557
vt 0.9748558 0.3536904
vt 0.9687436 0.3530359
vt 0.9851663 0.3546863
vt 0.9885808 0.3513069
vt 0.9724991 0.3554601
vt 0.9670299 0.357313
vt 0.9871953 0.3568081
vt 0.9913391 0.3548428
vt 0.9716552 0.3583065
vt 0.9665542 0.3618303
vt 0.987619 0.3597037
vt 0.9923768 0.3591097
vt 0.9709798 0.3611715
vt 0.9680292 0.3661975
vt 0.9878513 0.3626404
vt 0.9922979 0.3636065
vt 0.9721856 0.3638624
vt 0.9706106 0.3698907
vt 0.9862886 0.3651357
vt 0.9903767 0.3676039
vt 0.9736179 0.3664113
vt 0.9743469 0.3725261
vt 0.9845939 0.3675543
vt 0.9874158 0.3710546
vt 0.9759073 0.3683477
vt 0.9788678 0.3733668
vt 0.9817777 0.3685889
vt 0.9833122 0.3729543
vt 0.97885 0.3685925
vt 0.9826151 0.362774
vt 0.9817943 0.3638832
vt 0.9795852 0.3605592
vt 0.9833385 0.3616055
vt 0.9805317 0.3643131
vt 0.9791527 0.364247
vt 0.9832744 0.3602181
vt 0.9777708 0.3640989
vt 0.9830714 0.3588555
vt 0.9767694 0.3632322
vt 0.9821225 0.3578385
vt 0.976162 0.3620065
vt 0.9811386 0.3568786
vt 0.9756379 0.3607304
vt 0.979817 0.3566973
vt 0.9759338 0.3594188
vt 0.9785014 0.356604
vt 0.9763304 0.35813
vt 0.9773925 0.3573349
vt 0.9802422 0.3522358
vt 0.9806288 0.3474963
vt 0.9761089 0.3477476
vt 0.9773235 0.3520525
vt 0.9720284 0.3499042
vt 0.9831665 0.3525899
vt 0.9850779 0.348557
vt 0.9748558 0.3536904
vt 0.9687436 0.3530359
vt 0.9851663 0.3546863
vt 0.9885808 0.3513069
vt 0.9724991 0.3554601
vt 0.9670299 0.357313
vt 0.9871953 0.3568081
vt 0.9913391 0.3548428
vt 0.9716552 0.3583065
vt 0.9665542 0.3618303
vt 0.987619 0.3597037
vt 0.9923768 0.3591097
vt 0.9709798 0.3611715
vt 0.9680292 0.3661975
vt 0.9878513 0.3626404
vt 0.9922979 0.3636065
vt 0.9721856 0.3638624
vt 0.9706106 0.3698907
vt 0.9862886 0.3651357
vt 0.9903767 0.3676039
vt 0.9736179 0.3664113
vt 0.9743469 0.3725261
vt 0.9845939 0.3675543
vt 0.9874158 0.3710546
vt 0.9759073 0.3683477
vt 0.9788678 0.3733668
vt 0.9817777 0.3685889
vt 0.9833122 0.3729543
vt 0.97885 0.3685925
vt 0.9826151 0.362774
vt 0.9817943 0.3638832
vt 0.9795852 0.3605592
vt 0.9833385 0.3616055
vt 0.9805317 0.3643131
vt 0.9791527 0.364247
vt 0.9832744 0.3602181
vt 0.9777708 0.3640989
vt 0.9830714 0.3588555
vt 0.9767694 0.3632322
vt 0.9821225 0.3578385
vt 0.976162 0.3620065
vt 0.9811386 0.3568786
vt 0.9756379 0.3607304
vt 0.979817 0.3566973
vt 0.9759338 0.3594188
vt 0.9785014 0.356604
vt 0.9763304 0.35813
vt 0.9773925 0.3573349
vt 0.9802422 0.3522358
vt 0.9806288 0.3474963
vt 0.9761089 0.3477476
vt 0.9773235 0.3520525
vt 0.9720284 0.3499042
vt 0.9831665 0.3525899
vt 0.9850779 0.348557
vt 0.9748558 0.3536904
vt 0.9687436 0.3530359
vt 0.9851663 0.3546863
vt 0.9885808 0.3513069
vt 0.9724991 0.3554601
vt 0.9670299 0.357313
vt 0.9871953 0.3568081
vt 0.9913391 0.3548428
vt 0.9716552 0.3583065
vt 0.9665542 0.3618303
vt 0.987619 0.3597037
vt 0.9923768 0.3591097
vt 0.9709798 0.3611715
vt 0.9680292 0.3661975
vt 0.9878513 0.3626404
vt 0.9922979 0.3636065
vt 0.9721856 0.3638624
vt 0.9706106 0.3698907
vt 0.9862886 0.3651357
vt 0.9903767 0.3676039
vt 0.9736179 0.3664113
vt 0.9743469 0.3725261
vt 0.9845939 0.3675543
vt 0.9874158 0.3710546
vt 0.9759073 0.3683477
vt 0.9788678 0.3733668
vt 0.9817777 0.3685889
vt 0.9833122 0.3729543
vt 0.97885 0.3685925
vt 0.9826151 0.362774
vt 0.9817943 0.3638832
vt 0.9795852 0.3605592
vt 0.9833385 0.3616055
vt 0.9805317 0.3643131
vt 0.9791527 0.364247
vt 0.9832744 0.3602181
vt 0.9777708 0.3640989
vt 0.9830714 0.3588555
vt 0.9767694 0.3632322
vt 0.9821225 0.3578385
vt 0.976162 0.3620065
vt 0.9811386 0.3568786
vt 0.9756379 0.3607304
vt 0.979817 0.3566973
vt 0.9759338 0.3594188
vt 0.9785014 0.356604
vt 0.9763304 0.35813
vt 0.9773925 0.3573349
vt 0.9802422 0.3522358
vt 0.9806288 0.3474963
vt 0.9761089 0.3477476
vt 0.9773235 0.3520525
vt 0.9720284 0.3499042
vt 0.9831665 0.3525899
vt 0.9850779 0.348557
vt 0.9748558 0.3536904
vt 0.9687436 0.3530359
vt 0.9851663 0.3546863
vt 0.9885808 0.3513069
vt 0.9724991 0.3554601
vt 0.9670299 0.357313
vt 0.9871953 0.3568081
vt 0.9913391 0.3548428
vt 0.9716552 0.3583065
vt 0.9665542 0.3618303
vt 0.987619 0.3597037
vt 0.9923768 0.3591097
vt 0.9709798 0.3611715
vt 0.9680292 0.3661975
vt 0.9878513 0.3626404
vt 0.9922979 0.3636065
vt 0.9721856 0.3638624
vt 0.9706106 0.3698907
vt 0.9862886 0.3651357
vt 0.9903767 0.3676039
vt 0.9736179 0.3664113
vt 0.9743469 0.3725261
vt 0.9845939 0.3675543
vt 0.9874158 0.3710546
vt 0.9759073 0.3683477
vt 0.9788678 0.3733668
vt 0.9817777 0.3685889
vt 0.9833122 0.3729543
vt 0.97885 0.3685925
vt 0.9826151 0.362774
vt 0.9817943 0.3638832
vt 0.9795852 0.3605592
vt 0.9833385 0.3616055
vt 0.9805317 0.3643131
vt 0.9791527 0.364247
vt 0.9832744 0.3602181
vt 0.9777708 0.3640989
vt 0.9830714 0.3588555
vt 0.9767694 0.3632322
vt 0.9821225 0.3578385
vt 0.976162 0.3620065
vt 0.9811386 0.3568786
vt 0.9756379 0.3607304
vt 0.979817 0.3566973
vt 0.9759338 0.3594188
vt 0.9785014 0.356604
vt 0.9763304 0.35813
vt 0.9773925 0.3573349
vt 0.9802422 0.3522358
vt 0.9806288 0.3474963
vt 0.9761089 0.3477476
vt 0.9773235 0.3520525
vt 0.9720284 0.3499042
vt 0.9831665 0.3525899
vt 0.9850779 0.348557
vt 0.9748558 0.3536904
vt 0.9687436 0.3530359
vt 0.9851663 0.3546863
vt 0.9885808 0.3513069
vt 0.9724991 0.3554601
vt 0.9670299 0.357313
vt 0.9871953 0.3568081
vt 0.9913391 0.3548428
vt 0.9716552 0.3583065
vt 0.9665542 0.3618303
vt 0.987619 0.3597037
vt 0.9923768 0.3591097
vt 0.9709798 0.3611715
vt 0.9680292 0.3661975
vt 0.9878513 0.3626404
vt 0.9922979 0.3636065
vt 0.9721856 0.3638624
vt 0.9706106 0.3698907
vt 0.9862886 0.3651357
vt 0.9903767 0.3676039
vt 0.9736179 0.3664113
vt 0.9743469 0.3725261
vt 0.9845939 0.3675543
vt 0.9874158 0.3710546
vt 0.9759073 0.3683477
vt 0.9788678 0.3733668
vt 0.9817777 0.3685889
vt 0.9833122 0.3729543
vt 0.97885 0.3685925
vt 0.9826151 0.362774
vt 0.9817943 0.3638832
vt 0.9795852 0.3605592
vt 0.9833385 0.3616055
vt 0.9805317 0.3643131
vt 0.9791527 0.364247
vt 0.9832744 0.3602181
vt 0.9777708 0.3640989
vt 0.9830714 0.3588555
vt 0.9767694 0.3632322
vt 0.9821225 0.3578385
vt 0.976162 0.3620065
vt 0.9811386 0.3568786
vt 0.9756379 0.3607304
vt 0.979817 0.3566973
vt 0.9759338 0.3594188
vt 0.9785014 0.356604
vt 0.9763304 0.35813
vt 0.9773925 0.3573349
vt 0.9802422 0.3522358
vt 0.9806288 0.3474963
vt 0.9761089 0.3477476
vt 0.9773235 0.3520525
vt 0.9720284 0.3499042
vt 0.9831665 0.3525899
vt 0.9850779 0.348557
vt 0.9748558 0.3536904
vt 0.9687436 0.3530359
vt 0.9851663 0.3546863
vt 0.9885808 0.3513069
vt 0.9724991 0.3554601
vt 0.9670299 0.357313
vt 0.9871953 0.3568081
vt 0.9913391 0.3548428
vt 0.9716552 0.3583065
vt 0.9665542 0.3618303
vt 0.987619 0.3597037
vt 0.9923768 0.3591097
vt 0.9709798 0.3611715
vt 0.9680292 0.3661975
vt 0.9878513 0.3626404
vt 0.9922979 0.3636065
vt 0.9721856 0.3638624
vt 0.9706106 0.3698907
vt 0.9862886 0.3651357
vt 0.9903767 0.3676039
vt 0.9736179 0.3664113
vt 0.9743469 0.3725261
vt 0.9845939 0.3675543
vt 0.9874158 0.3710546
vt 0.9759073 0.3683477
vt 0.9788678 0.3733668
vt 0.9817777 0.3685889
vt 0.9833122 0.3729543
vt 0.97885 0.3685925
vt 0.9826151 0.362774
vt 0.9817943 0.3638832
vt 0.9795852 0.3605592
vt 0.9833385 0.3616055
vt 0.9805317 0.3643131
vt 0.9791527 0.364247
vt 0.9832744 0.3602181
vt 0.9777708 0.3640989
vt 0.9830714 0.3588555
vt 0.9767694 0.3632322
vt 0.9821225 0.3578385
vt 0.976162 0.3620065
vt 0.9811386 0.3568786
vt 0.9756379 0.3607304
vt 0.979817 0.3566973
vt 0.9759338 0.3594188
vt 0.9785014 0.356604
vt 0.9763304 0.35813
vt 0.9773925 0.3573349
vn 0.4999856 -0.4997784 -0.7072737
vn 0.4999856 -0.4997784 -0.7072736
vn 0.4999856 -0.4997784 -0.7072736
vn 0.4999605 0.5000593 -0.7070927
vn 0.4999605 0.5000593 -0.7070927
vn 0.4999606 0.5000593 -0.7070927
vn 0.499807 -0.4999057 0.7073098
vn 0.499807 -0.4999057 0.7073098
vn 0.499807 -0.4999057 0.7073098
vn 0.499894 0.5000914 0.707117
vn 0.499894 0.5000914 0.707117
vn 0.499894 0.5000914 0.707117
vn 0 0 1
vn 0 0 1
vn 0 0 1
vn 0 0 1
vn 2.970361E-05 -1 2.776782E-06
vn 2.970361E-05 -1 2.776782E-06
vn 2.970361E-05 -1 2.776782E-06
vn 2.970361E-05 -1 2.776782E-06
vn -1.530161E-05 -2.976417E-07 -1
vn -1.530161E-05 -2.976417E-07 -1
vn -1.530161E-05 -2.976417E-07 -1
vn -1.530161E-05 -2.976417E-07 -1
vn 0 1 0
vn 0 1 0
vn 0 1 0
vn 0 1 0
vn -0.8628356 0.3574374 0.3574257
vn -0.8628356 0.3574374 0.3574258
vn -0.8628356 0.3574374 0.3574257
vn -0.8628356 0.3574374 0.3574257
vn -0.8627968 -0.3573439 0.3576128
vn -0.862797 -0.3573439 0.3576128
vn -0.862797 -0.3573439 0.3576128
vn -0.8627968 -0.3573439 0.3576128
vn -0.8628005 -0.3574272 -0.3575207
vn -0.8628005 -0.3574272 -0.3575207
vn -0.8628005 -0.3574272 -0.3575207
vn -0.8628005 -0.3574272 -0.3575207
vn -0.8627229 0.3575852 -0.3575501
vn -0.8627229 0.3575851 -0.3575501
vn -0.8627229 0.3575852 -0.3575501
vn -0.8627229 0.3575852 -0.3575501
vn 0 0.707188 0.7070256
vn 0 0.707188 0.7070256
vn 0 0.707188 0.7070256
vn 0 0.707188 0.7070256
vn -0.7071896 0 0.707024
vn -0.7071896 0 0.7070239
vn -0.7071896 0 0.707024
vn -0.7071896 0 0.707024
vn 2.321084E-05 -0.7073273 0.7068863
vn 2.321084E-05 -0.7073273 0.7068863
vn 2.321085E-05 -0.7073273 0.7068863
vn 2.321084E-05 -0.7073273 0.7068863
vn 0.7071337 -2.089025E-07 0.7070799
vn 0.7071337 -2.089025E-07 0.7070798
vn 0.7071337 -2.089025E-07 0.7070799
vn 0.7071337 -2.089025E-07 0.7070798
vn -0.7070918 -0.7071217 0
vn -0.7070918 -0.7071217 0
vn -0.7070918 -0.7071217 0
vn -0.7070918 -0.7071217 0
vn 0 -0.7071184 -0.7070951
vn 0 -0.7071184 -0.7070951
vn 0 -0.7071183 -0.7070951
vn 0 -0.7071183 -0.7070951
vn 0.7071337 -0.7070799 5.347209E-06
vn 0.7071337 -0.7070798 5.347209E-06
vn 0.7071336 -0.7070799 5.347209E-06
vn 0.7071337 -0.7070799 5.347209E-06
vn -0.7069903 -1.90506E-07 -0.7072232
vn -0.7069904 -1.90506E-07 -0.7072232
vn -0.7069903 -1.90506E-07 -0.7072232
vn -0.7069903 -1.90506E-07 -0.7072233
vn 0 0.7071648 -0.7070487
vn 0 0.7071648 -0.7070487
vn 0 0.7071648 -0.7070487
vn 0 0.7071648 -0.7070487
vn 0.7071021 2.088963E-07 -0.7071114
vn 0.7071022 2.088963E-07 -0.7071114
vn 0.7071022 2.088963E-07 -0.7071114
vn 0.7071022 2.088963E-07 -0.7071114
vn -0.7068875 0.707326 -1.595654E-06
vn -0.7068877 0.7073259 -1.595654E-06
vn -0.7068877 0.7073259 -1.595654E-06
vn -0.7068877 0.7073259 -1.595654E-06
vn 0.7071243 0.7070892 0
vn 0.7071243 0.7070892 0
vn 0.7071243 0.7070892 0
vn 0.7071243 0.7070892 0
vn 0.8248621 0.3998126 0.3996902
vn 0.8248621 0.3998127 0.3996902
vn 0.8248621 0.3998127 0.3996902
vn 0.8248621 0.3998127 0.3996902
vn 0.8248255 0.399728 -0.3998506
vn 0.8248254 0.399728 -0.3998506
vn 0.8248254 0.3997281 -0.3998506
vn 0.8248254 0.399728 -0.3998506
vn 0.8247997 -0.3997935 -0.3998381
vn 0.8247997 -0.3997935 -0.3998381
vn 0.8247997 -0.3997935 -0.3998381
vn 0.8247997 -0.3997935 -0.3998381
vn 0.8248364 -0.3998839 0.3996722
vn 0.8248364 -0.3998839 0.3996722
vn 0.8248364 -0.3998839 0.3996722
vn 0.8248364 -0.3998839 0.3996722
vn 0.09353812 0.9231412 -0.3729086
vn 0.09353811 0.9231412 -0.3729086
vn 0.09353811 0.9231412 -0.3729086
vn 0.09353812 0.9231412 -0.3729086
vn 0.116397 -6.994142E-07 -0.9932027
vn 0.1163969 -6.994143E-07 -0.9932027
vn 0.1163969 -6.994143E-07 -0.9932027
vn 0.116397 -6.994144E-07 -0.9932027
vn 0.09196914 -0.9158149 -0.3909281
vn 0.09196914 -0.9158149 -0.390928
vn 0.09196913 -0.9158149 -0.3909281
vn 0.09196915 -0.9158149 -0.3909281
vn 0.979005 0.1440138 -0.1442542
vn 0.979005 0.1440138 -0.1442542
vn 0.979005 0.1440137 -0.1442542
vn 0.979005 0.1440138 -0.1442542
vn 0.9595226 -1.729993E-07 -0.2816318
vn 0.9595226 -1.729993E-07 -0.2816318
vn 0.9595226 -1.729993E-07 -0.2816318
vn 0.9595226 -1.729993E-07 -0.2816317
vn 0.9790362 -0.1440042 -0.1440523
vn 0.9790362 -0.1440042 -0.1440523
vn 0.9790362 -0.1440042 -0.1440523
vn 0.9790362 -0.1440042 -0.1440522
vn 0.6051084 0.562906 -0.5630103
vn 0.6051084 0.562906 -0.5630103
vn 0.6051084 0.562906 -0.5630103
vn 0.6051084 0.562906 -0.5630103
vn 0.4745426 -5.930116E-07 -0.8802325
vn 0.4745427 -5.930116E-07 -0.8802325
vn 0.4745427 -5.930116E-07 -0.8802325
vn 0.4745426 -5.930115E-07 -0.8802325
vn 0.6049328 -0.5630786 -0.5630264
vn 0.6049328 -0.5630786 -0.5630264
vn 0.6049328 -0.5630785 -0.5630265
vn 0.6049328 -0.5630786 -0.5630264
vn 0.9486368 0.2299578 -0.2172733
vn 0.9486368 0.2299578 -0.2172734
vn 0.9486368 0.2299578 -0.2172734
vn 0.9486368 0.2299577 -0.2172733
vn 0.9569504 -0.201114 -0.2092824
vn 0.9569504 -0.2011141 -0.2092824
vn 0.9569504 -0.2011141 -0.2092824
vn 0.9569504 -0.2011141 -0.2092824
vn 0.08951042 0.9040995 0.417842
vn 0.0895104 0.9040995 0.417842
vn 0.0895104 0.9040995 0.4178419
vn 0.0895104 0.9040995 0.4178419
vn 0.1164442 0.9931972 -1.522367E-05
vn 0.1164441 0.9931972 -1.522367E-05
vn 0.1164442 0.9931972 -1.522367E-05
vn 0.1164442 0.9931972 -1.522367E-05
vn 0.9790393 0.1439965 0.1440386
vn 0.9790393 0.1439965 0.1440386
vn 0.9790393 0.1439965 0.1440386
vn 0.9790393 0.1439965 0.1440386
vn 0.9595329 0.2815965 0
vn 0.9595329 0.2815965 0
vn 0.9595329 0.2815965 0
vn 0.9595329 0.2815965 0
vn 0.6051217 0.5628794 0.5630227
vn 0.6051217 0.5628794 0.5630227
vn 0.6051217 0.5628794 0.5630227
vn 0.6051217 0.5628794 0.5630226
vn 0.4744626 0.8802757 0
vn 0.4744625 0.8802757 0
vn 0.4744625 0.8802757 0
vn 0.4744626 0.8802757 0
vn 0.949608 0.2193497 0.2238981
vn 0.949608 0.2193497 0.2238981
vn 0.949608 0.2193498 0.2238981
vn 0.949608 0.2193498 0.2238981
vn 0.906867 0.4214166 -0.0004602283
vn 0.906867 0.4214166 -0.0004602283
vn 0.906867 0.4214166 -0.0004602283
vn 0.906867 0.4214166 -0.0004602283
vn 0.1163935 4.196104E-07 0.9932032
vn 0.1163935 4.196105E-07 0.9932032
vn 0.1163935 4.196104E-07 0.9932032
vn 0.1163935 4.196105E-07 0.9932032
vn 0.0837411 -0.8746372 0.4774905
vn 0.08374108 -0.8746372 0.4774905
vn 0.0837411 -0.8746372 0.4774905
vn 0.08374108 -0.8746372 0.4774905
vn 0.9595285 1.297504E-07 0.2816116
vn 0.9595285 1.297504E-07 0.2816116
vn 0.9595285 1.297504E-07 0.2816116
vn 0.9595285 1.297504E-07 0.2816116
vn 0.9790393 -0.1439965 0.1440386
vn 0.9790393 -0.1439965 0.1440386
vn 0.9790393 -0.1439965 0.1440386
vn 0.9790393 -0.1439965 0.1440386
vn 0.4745471 3.706659E-07 0.88023
vn 0.4745471 3.706658E-07 0.88023
vn 0.4745471 3.706658E-07 0.88023
vn 0.4745471 3.706659E-07 0.88023
vn 0.6050955 -0.562939 0.5629911
vn 0.6050956 -0.562939 0.5629911
vn 0.6050956 -0.5629391 0.5629911
vn 0.6050956 -0.562939 0.5629911
vn 0.9633964 -0.1978119 0.1809355
vn 0.9633964 -0.1978119 0.1809355
vn 0.9633964 -0.1978119 0.1809355
vn 0.9633964 -0.1978119 0.1809355
vn 0.1163565 -0.9932075 0
vn 0.1163565 -0.9932075 0
vn 0.1163565 -0.9932075 0
vn 0.1163565 -0.9932075 0
vn 0.9595255 -0.2816214 0
vn 0.9595255 -0.2816214 0
vn 0.9595255 -0.2816214 0
vn 0.9595255 -0.2816215 0
vn 0.4743924 -0.8803135 0
vn 0.4743924 -0.8803135 0
vn 0.4743924 -0.8803135 0
vn 0.4743924 -0.8803135 0
vn 0.9132134 0.0003101097 -0.4074814
vn 0.9132134 0.0003101097 -0.4074814
vn 0.9132134 0.0003101097 -0.4074814
vn 0.9132134 0.0003101097 -0.4074814
vn 0.9226058 0.0004771993 0.3857437
vn 0.9226058 0.0004771993 0.3857437
vn 0.9226058 0.0004771993 0.3857437
vn 0.9226058 0.0004771993 0.3857438
vn 0.9248755 -0.3802693 -0.0006291022
vn 0.9248755 -0.3802694 -0.0006291022
vn 0.9248755 -0.3802694 -0.0006291022
vn 0.9248755 -0.3802693 -0.0006291022
vn 0.9999985 0.0009390045 0.001488093
vn 0.9999985 0.0009390045 0.001488093
vn 0.9999985 0.0009390044 0.001488093
vn 0.9999985 0.0009390044 0.001488093
vn 0.9999979 0.002077557 -7.544823E-06
vn 0.9999987 0.001425096 -0.0007999989
vn 0.9999979 0.002077557 -7.544825E-06
vn 0.9999987 0.001425096 -0.0007999989
vn 0.9999987 0.001425096 -0.0007999989
vn 0.9999987 0.001425096 -0.0007999989
vn 0.9999986 -0.00137609 0.0009954197
vn 0.9999986 -0.00137609 0.0009954196
vn 0.9999986 -0.00137609 0.0009954197
vn 0.9999986 -0.00137609 0.0009954196
vn 0.999998 -0.002053661 4.67611E-06
vn 0.999998 -0.002053661 4.676111E-06
vn 0.999998 -0.002053661 4.676111E-06
vn 0.999998 -0.002053661 4.676111E-06
vn 0.9999987 -0.000952096 -0.001340932
vn 0.9999987 -0.000952096 -0.001340932
vn 0.9999987 -0.000952096 -0.001340932
vn -1 0 -0.0001083173
vn -1 0 -0.0001083173
vn -1 0 -0.0001083173
vn -1 0 -0.0001083173
vn -1 0 0
vn -1 0 0
vn -1 0 0
vn -1 0 0
vn -1 0 2.722318E-06
vn -1 0 2.722318E-06
vn -1 0 2.722318E-06
vn -1 0 0
vn -1 0 0
vn -1 0 0
vn -1 0 9.647078E-05
vn -1 0 9.647079E-05
vn -1 0 9.647078E-05
vn -1 0 9.647078E-05
vn -1 0 0
vn -1 0 0
vn -1 0 0
vn -1 0 0
vn -1 0 2.722237E-06
vn -1 0 2.722236E-06
vn -1 0 2.722236E-06
vn -1 0 -0.0001301067
vn -1 0 -0.0001301067
vn -1 0 -0.0001301067
vn 0.9999967 -1.959924E-07 0.002608686
vn 0.9999967 -1.959924E-07 0.002608686
vn 0.9999967 -1.959925E-07 0.002608686
vn 0.9999967 -1.959924E-07 0.002608686
vn 0.9999965 -4.399006E-06 -0.002662302
vn 0.9999965 -4.399006E-06 -0.002662302
vn 0.9999965 -4.399006E-06 -0.002662302
vn 0.9999965 -4.399006E-06 -0.002662302
vn 1 6.091133E-07 0
vn 1 6.091132E-07 0
vn 1 6.091133E-07 0
vn 1 6.091133E-07 0
vn 1 1.276678E-06 0
vn 1 1.276678E-06 0
vn 0.9999999 5.330617E-07 -0.0004610419
vn 0.9999999 5.330617E-07 -0.0004610419
vn 0 0 1
vn 0 0 1
vn 0 0 1
vn 0 0 1
vn 2.970361E-05 -1 2.776782E-06
vn 2.970361E-05 -1 2.776782E-06
vn 2.970361E-05 -1 2.776782E-06
vn 2.970361E-05 -1 2.776782E-06
vn -1.530161E-05 -2.976417E-07 -1
vn -1.530161E-05 -2.976417E-07 -1
vn -1.530161E-05 -2.976417E-07 -1
vn -1.530161E-05 -2.976417E-07 -1
vn -2.970361E-05 1 -1.388391E-06
vn -2.970361E-05 1 -1.388391E-06
vn -2.970361E-05 1 -1.388391E-06
vn -2.970361E-05 1 -1.388391E-06
vn -0.8629172 0.3574325 0.3572337
vn -0.8629172 0.3574324 0.3572336
vn -0.8629172 0.3574325 0.3572337
vn -0.8629172 0.3574324 0.3572336
vn -0.8628207 -0.3573151 0.3575839
vn -0.8628207 -0.3573151 0.3575839
vn -0.8628208 -0.357315 0.3575839
vn -0.8628208 -0.3573151 0.3575839
vn -0.8627766 -0.3574561 -0.3575495
vn -0.8627766 -0.3574561 -0.3575496
vn -0.8627766 -0.3574561 -0.3575496
vn -0.8627766 -0.3574561 -0.3575496
vn -0.8627418 0.3575155 -0.357574
vn -0.8627418 0.3575155 -0.357574
vn -0.8627418 0.3575155 -0.3575739
vn -0.8627418 0.3575155 -0.3575739
vn -2.320856E-05 0.7072577 0.7069559
vn -2.320856E-05 0.7072577 0.7069559
vn -2.320856E-05 0.7072576 0.7069559
vn -2.320856E-05 0.7072577 0.7069559
vn -0.7071896 0 0.707024
vn -0.7071896 0 0.7070239
vn -0.7071896 0 0.707024
vn -0.7071896 0 0.707024
vn 2.321084E-05 -0.7073273 0.7068863
vn 2.321084E-05 -0.7073273 0.7068863
vn 2.321085E-05 -0.7073273 0.7068863
vn 2.321084E-05 -0.7073273 0.7068863
vn 0.7071101 -2.088954E-07 0.7071034
vn 0.7071101 -2.088954E-07 0.7071034
vn 0.7071101 -2.088954E-07 0.7071034
vn 0.7071101 -2.088954E-07 0.7071034
vn -0.7070917 -0.7071217 0
vn -0.7070918 -0.7071217 0
vn -0.7070918 -0.7071217 0
vn -0.7070917 -0.7071217 0
vn 0 -0.7071184 -0.7070951
vn 0 -0.7071184 -0.7070951
vn 0 -0.7071183 -0.7070951
vn 0 -0.7071183 -0.7070951
vn 0.707121 -0.7070925 5.347305E-06
vn 0.707121 -0.7070925 5.347305E-06
vn 0.707121 -0.7070925 5.347305E-06
vn 0.707121 -0.7070925 5.347305E-06
vn -0.7069901 -1.90506E-07 -0.7072235
vn -0.7069901 -1.90506E-07 -0.7072235
vn -0.7069901 -1.90506E-07 -0.7072235
vn -0.7069901 -1.90506E-07 -0.7072235
vn 0 0.7073041 -0.7069094
vn 0 0.7073041 -0.7069094
vn 0 0.7073041 -0.7069094
vn 0 0.7073041 -0.7069094
vn 0.7071024 2.088962E-07 -0.7071111
vn 0.7071024 2.088962E-07 -0.7071111
vn 0.7071024 2.088962E-07 -0.7071111
vn 0.7071024 2.088962E-07 -0.7071111
vn -0.7067853 0.7074281 -1.595884E-06
vn -0.7067853 0.707428 -1.595884E-06
vn -0.7067853 0.7074281 -1.595884E-06
vn -0.7067853 0.707428 -1.595884E-06
vn 0.7071083 0.7071052 -2.673701E-06
vn 0.7071083 0.7071053 -2.673701E-06
vn 0.7071083 0.7071053 -2.673701E-06
vn 0.7071083 0.7071053 -2.673701E-06
vn 0.8248621 0.3998127 0.3996902
vn 0.8248621 0.3998127 0.3996902
vn 0.8248621 0.3998127 0.3996902
vn 0.8248621 0.3998126 0.3996902
vn 0.8248255 0.399728 -0.3998505
vn 0.8248254 0.399728 -0.3998506
vn 0.8248254 0.399728 -0.3998506
vn 0.8248254 0.399728 -0.3998506
vn 0.8247997 -0.3997935 -0.3998381
vn 0.8247997 -0.3997935 -0.3998381
vn 0.8247997 -0.3997936 -0.3998381
vn 0.8247997 -0.3997936 -0.3998381
vn 0.8248648 -0.3998545 0.3996428
vn 0.8248648 -0.3998544 0.3996428
vn 0.8248648 -0.3998545 0.3996428
vn 0.8248648 -0.3998544 0.3996428
vn 0.0935101 0.9231437 -0.3729096
vn 0.0935101 0.9231436 -0.3729096
vn 0.09351009 0.9231436 -0.3729097
vn 0.0935101 0.9231436 -0.3729096
vn 0.1163971 -6.994143E-07 -0.9932027
vn 0.1163971 -6.994143E-07 -0.9932027
vn 0.1163971 -6.994143E-07 -0.9932027
vn 0.1163971 -6.994144E-07 -0.9932027
vn 0.09196913 -0.9158149 -0.3909281
vn 0.09196914 -0.9158149 -0.3909281
vn 0.09196913 -0.9158149 -0.390928
vn 0.09196914 -0.9158149 -0.3909281
vn 0.979005 0.1440137 -0.1442541
vn 0.979005 0.1440138 -0.1442542
vn 0.979005 0.1440137 -0.1442542
vn 0.979005 0.1440138 -0.1442542
vn 0.9595226 -1.729992E-07 -0.2816316
vn 0.9595226 -1.729992E-07 -0.2816316
vn 0.9595226 -1.729992E-07 -0.2816316
vn 0.9595226 -1.729992E-07 -0.2816316
vn 0.9790322 -0.1440178 -0.1440658
vn 0.9790322 -0.1440177 -0.1440658
vn 0.9790322 -0.1440177 -0.1440658
vn 0.9790322 -0.1440177 -0.1440658
vn 0.6051084 0.562906 -0.5630103
vn 0.6051084 0.562906 -0.5630103
vn 0.6051084 0.562906 -0.5630103
vn 0.6051084 0.562906 -0.5630103
vn 0.4745424 -5.930116E-07 -0.8802326
vn 0.4745424 -5.930116E-07 -0.8802326
vn 0.4745424 -5.930116E-07 -0.8802327
vn 0.4745424 -5.930116E-07 -0.8802326
vn 0.6049328 -0.5630786 -0.5630264
vn 0.6049328 -0.5630786 -0.5630264
vn 0.6049328 -0.5630785 -0.5630265
vn 0.6049328 -0.5630786 -0.5630264
vn 0.9486368 0.2299578 -0.2172734
vn 0.9486368 0.2299578 -0.2172734
vn 0.9486368 0.2299578 -0.2172734
vn 0.9486368 0.2299578 -0.2172734
vn 0.9569594 -0.2010933 -0.2092609
vn 0.9569594 -0.2010934 -0.2092609
vn 0.9569594 -0.2010933 -0.2092609
vn 0.9569594 -0.2010933 -0.2092609
vn 0.08951042 0.9040995 0.417842
vn 0.0895104 0.9040995 0.4178419
vn 0.0895104 0.9040995 0.4178419
vn 0.0895104 0.9040995 0.4178419
vn 0.1164174 0.9932004 -1.522372E-05
vn 0.1164175 0.9932004 -1.522372E-05
vn 0.1164174 0.9932004 -1.522372E-05
vn 0.1164175 0.9932004 -1.522372E-05
vn 0.9790353 0.1440101 0.1440521
vn 0.9790353 0.1440101 0.1440521
vn 0.9790353 0.1440101 0.1440521
vn 0.9790353 0.1440101 0.1440521
vn 0.9595333 0.2815949 0
vn 0.9595333 0.2815949 0
vn 0.9595333 0.2815949 0
vn 0.9595333 0.2815949 0
vn 0.6050557 0.5629148 0.5630581
vn 0.6050556 0.5629149 0.5630581
vn 0.6050557 0.5629149 0.5630582
vn 0.6050556 0.5629149 0.5630581
vn 0.4744049 0.8803068 0
vn 0.4744049 0.8803068 0
vn 0.4744049 0.8803068 0
vn 0.4744049 0.8803068 0
vn 0.9495963 0.2193745 0.2239233
vn 0.9495963 0.2193745 0.2239233
vn 0.9495963 0.2193745 0.2239233
vn 0.9495963 0.2193745 0.2239233
vn 0.9068652 0.4214205 -0.0004602327
vn 0.9068652 0.4214206 -0.0004602327
vn 0.9068652 0.4214206 -0.0004602327
vn 0.9068652 0.4214205 -0.0004602327
vn 0.1163934 4.196104E-07 0.9932032
vn 0.1163934 4.196105E-07 0.9932032
vn 0.1163934 4.196104E-07 0.9932032
vn 0.1163934 4.196105E-07 0.9932032
vn 0.0837052 -0.8746399 0.4774919
vn 0.08370519 -0.8746399 0.4774919
vn 0.0837052 -0.8746399 0.4774919
vn 0.0837052 -0.8746399 0.4774919
vn 0.9595284 1.297505E-07 0.2816117
vn 0.9595284 1.297505E-07 0.2816117
vn 0.9595284 1.297504E-07 0.2816117
vn 0.9595284 1.297504E-07 0.2816117
vn 0.9790393 -0.1439965 0.1440386
vn 0.9790393 -0.1439965 0.1440386
vn 0.9790393 -0.1439965 0.1440386
vn 0.9790393 -0.1439965 0.1440386
vn 0.474547 3.70666E-07 0.8802302
vn 0.474547 3.70666E-07 0.8802302
vn 0.474547 3.70666E-07 0.8802302
vn 0.474547 3.70666E-07 0.8802302
vn 0.6049965 -0.5629923 0.5630444
vn 0.6049966 -0.5629923 0.5630444
vn 0.6049966 -0.5629923 0.5630444
vn 0.6049966 -0.5629923 0.5630443
vn 0.9633964 -0.1978119 0.1809355
vn 0.9633964 -0.1978119 0.1809355
vn 0.9633964 -0.1978119 0.1809355
vn 0.9633964 -0.1978119 0.1809355
vn 0.1164185 -0.9932002 0
vn 0.1164185 -0.9932002 0
vn 0.1164185 -0.9932002 0
vn 0.1164185 -0.9932002 0
vn 0.9595242 -0.2816262 0
vn 0.9595242 -0.2816262 0
vn 0.9595242 -0.2816262 0
vn 0.9595242 -0.2816262 0
vn 0.4744106 -0.8803037 0
vn 0.4744105 -0.8803036 0
vn 0.4744106 -0.8803037 0
vn 0.4744106 -0.8803036 0
vn 0.9132134 0.0003101099 -0.4074818
vn 0.9132134 0.0003101099 -0.4074818
vn 0.9132134 0.0003101099 -0.4074817
vn 0.9132134 0.0003101098 -0.4074817
vn 0.9226058 0.0004771993 0.3857437
vn 0.9226058 0.0004771993 0.3857437
vn 0.9226058 0.0004771993 0.3857437
vn 0.9226058 0.0004771993 0.3857438
vn 0.9248862 -0.3802434 -0.0006290593
vn 0.9248862 -0.3802434 -0.0006290593
vn 0.9248862 -0.3802434 -0.0006290593
vn 0.9248862 -0.3802434 -0.0006290592
vn 0.9999985 0.0009391792 0.00148837
vn 0.9999985 0.0009391791 0.00148837
vn 0.9999985 0.0009391792 0.00148837
vn 0.9999985 0.000939179 0.00148837
vn 0.9999979 0.002077538 -6.833624E-06
vn 0.9999988 0.001425096 -0.0005999993
vn 0.9999979 0.002077538 -6.833624E-06
vn 0.9999988 0.001425096 -0.0005999993
vn 0.9999988 0.001425096 -0.0005999993
vn 0.9999988 0.001425096 -0.0005999993
vn 0.9999986 -0.001376364 0.0009956178
vn 0.9999986 -0.001376364 0.0009956179
vn 0.9999986 -0.001376364 0.0009956179
vn 0.9999986 -0.001376364 0.0009956179
vn 0.999998 -0.002053661 4.67611E-06
vn 0.999998 -0.002053661 4.676111E-06
vn 0.999998 -0.002053661 4.676111E-06
vn 0.999998 -0.002053661 4.676111E-06
vn 0.9999987 -0.0009520202 -0.001340825
vn 0.9999987 -0.00095202 -0.001340825
vn 0.9999987 -0.0009520201 -0.001340825
vn -1 0 -0.0001083173
vn -1 0 -0.0001083173
vn -1 0 -0.0001083173
vn -1 0 -0.0001083173
vn -1 0 -0.0001300898
vn -1 0 -0.0001300898
vn -1 0 -0.0001300898
vn -1 0 -0.0001300898
vn -1 0 2.722311E-06
vn -1 0 2.722311E-06
vn -1 0 2.722311E-06
vn -1 0 0
vn -1 0 0
vn -1 0 0
vn -1 0 9.647078E-05
vn -1 0 9.647078E-05
vn -1 0 9.647078E-05
vn -1 0 9.647078E-05
vn -1 0 0
vn -1 0 0
vn -1 0 0
vn -1 0 0
vn -1 0 2.722267E-06
vn -1 0 2.722266E-06
vn -1 0 2.722266E-06
vn -1 0 -0.0001301067
vn -1 0 -0.0001301067
vn -1 0 -0.0001301067
vn 0.9999967 -1.959924E-07 0.002585289
vn 0.9999967 -1.959924E-07 0.002585289
vn 0.9999967 -1.959924E-07 0.002585289
vn 0.9999967 -1.959924E-07 0.002585289
vn 0.9999965 -4.399007E-06 -0.002662303
vn 0.9999965 -4.399007E-06 -0.002662302
vn 0.9999965 -4.399007E-06 -0.002662303
vn 0.9999965 -4.399007E-06 -0.002662303
vn 1 6.091137E-07 0
vn 1 6.091136E-07 0
vn 1 6.091137E-07 0
vn 1 6.091137E-07 0
vn 1 1.276678E-06 0
vn 1 1.276678E-06 0
vn 0.9999999 5.330617E-07 -0.0004610419
vn 0.9999999 5.330617E-07 -0.0004610419
vn -0.8059517 0.1029194 -0.5829661
vn -0.8058757 -0.1029202 -0.5830712
vn -0.8058757 -0.1028958 -0.5830755
vn -0.8059518 0.1029418 -0.582962
vn -0.8058236 0.2962167 -0.5127418
vn -0.8058236 0.2961921 -0.5127559
vn -0.8056372 0.4537759 -0.3808361
vn -0.8056371 0.4537894 -0.38082
vn -0.805645 0.5566239 -0.202746
vn -0.8056449 0.5566152 -0.2027702
vn -0.8057617 0.5922398 -4.328424E-06
vn -0.8057617 0.5922398 -3.84162E-06
vn -0.8056967 0.5565827 0.2026539
vn -0.8056966 0.5565754 0.2026739
vn -0.8056747 0.4537408 0.3807984
vn -0.8056748 0.4537343 0.3808061
vn -0.805693 0.2961632 0.5129777
vn -0.8056931 0.2961422 0.5129898
vn -0.8057089 0.1028591 0.5833122
vn -0.8057089 0.1028337 0.5833167
vn -0.8057243 -0.1028832 0.5832866
vn -0.8057243 -0.1028597 0.5832908
vn -0.8056394 -0.2961099 0.5130926
vn -0.8056395 -0.2961122 0.5130912
vn -0.8057203 -0.4536899 0.3807628
vn -0.8057203 -0.4537072 0.3807421
vn -0.8057097 -0.5566221 0.2024933
vn -0.8057097 -0.5566195 0.202501
vn -0.8057626 -0.5922385 0.0001701513
vn -0.8057627 -0.5922385 0.0001664294
vn -0.8057469 -0.5566032 -0.2023973
vn -0.805747 -0.5566006 -0.2024046
vn -0.8057336 -0.453676 -0.3807512
vn -0.8057336 -0.4536947 -0.3807289
vn -0.8057082 -0.2961344 -0.5129704
vn -0.8057082 -0.2961302 -0.5129729
vn -0.8058757 -0.1028958 -0.5830755
vn -0.8058757 -0.1029202 -0.5830712
vn -0.0502861 0.1734708 -0.9835543
vn -0.05028355 -0.1734484 -0.9835585
vn -0.05028354 -0.1734945 -0.9835503
vn -0.05028611 0.173443 -0.9835593
vn -0.05030628 0.4993888 -0.8649163
vn -0.05030628 0.4993786 -0.8649222
vn -0.05033426 0.7650335 -0.6420205
vn -0.05033426 0.7650259 -0.6420295
vn -0.0502947 0.9384159 -0.3418273
vn -0.0502947 0.9384146 -0.3418311
vn -0.05020851 0.9987388 -3.904735E-06
vn -0.05020851 0.9987388 -3.861564E-06
vn -0.05026567 0.938448 0.3417436
vn -0.05026567 0.9384469 0.3417465
vn -0.05033269 0.7650726 0.641974
vn -0.05033268 0.7650677 0.6419797
vn -0.05027268 0.4993591 0.8649354
vn -0.05027267 0.4993517 0.8649396
vn -0.050246 0.1734216 0.9835652
vn -0.05024599 0.1734324 0.9835632
vn -0.05027378 -0.1734452 0.9835595
vn -0.05027379 -0.173438 0.9835608
vn -0.05025842 -0.4993293 0.8649534
vn -0.05025843 -0.4993071 0.8649662
vn -0.05020362 -0.7650286 0.6420364
vn -0.05020362 -0.7650394 0.6420236
vn -0.05020213 -0.9384618 0.3417149
vn -0.05020213 -0.9384627 0.3417124
vn -0.05023166 -0.9987376 1.825813E-05
vn -0.05023166 -0.9987376 -2.922088E-06
vn -0.05017339 -0.9384663 -0.341707
vn -0.0501734 -0.9384654 -0.3417096
vn -0.05018002 -0.7650225 -0.6420456
vn -0.05018 -0.7650446 -0.6420193
vn -0.05025959 -0.4993597 -0.8649358
vn -0.0502596 -0.4993201 -0.8649586
vn -0.05028354 -0.1734945 -0.9835503
vn -0.05028355 -0.1734484 -0.9835585
vn -0.8059518 0.1029158 -0.5829667
vn -0.8058907 -0.1029166 -0.5830508
vn -0.8058907 -0.1028922 -0.583055
vn -0.8059518 0.1029383 -0.5829628
vn -0.8058085 0.2962332 -0.512756
vn -0.8058085 0.2962087 -0.5127702
vn -0.8056599 0.4537441 -0.3808259
vn -0.8056599 0.4537576 -0.3808098
vn -0.8057435 0.556501 -0.2026917
vn -0.8057435 0.5564923 -0.2027158
vn -0.8058451 0.5921264 4.688747E-06
vn -0.8058451 0.5921264 5.178274E-06
vn -0.8057194 0.5565542 0.2026417
vn -0.8057194 0.5565469 0.2026616
vn -0.80569 0.4537366 0.3807713
vn -0.8056899 0.4537301 0.3807791
vn -0.8057082 0.2961405 0.5129669
vn -0.8057082 0.2961194 0.5129791
vn -0.8057089 0.1028626 0.5833116
vn -0.8057089 0.1028372 0.583316
vn -0.8057243 -0.1028867 0.583286
vn -0.8057243 -0.1028632 0.5832901
vn -0.8056394 -0.296113 0.5130908
vn -0.8056394 -0.2961153 0.5130894
vn -0.805743 -0.453672 0.380736
vn -0.805743 -0.4536893 0.3807152
vn -0.8056718 -0.5566652 0.2025261
vn -0.8056719 -0.5566623 0.2025338
vn -0.8056792 -0.592352 0.000179203
vn -0.8056792 -0.592352 0.0001754745
vn -0.8058 -0.5565385 -0.2023641
vn -0.8058 -0.5565358 -0.2023715
vn -0.8057942 -0.4535989 -0.3807148
vn -0.8057942 -0.4536176 -0.3806925
vn -0.8057082 -0.2961375 -0.5129687
vn -0.8057082 -0.2961333 -0.512971
vn -0.8058907 -0.1028922 -0.583055
vn -0.8058907 -0.1029166 -0.5830508
vn -0.05027138 0.1734711 -0.9835551
vn -0.05028776 -0.1734483 -0.9835582
vn -0.05028776 -0.1734944 -0.9835501
vn -0.05027138 0.1734432 -0.98356
vn -0.05029365 0.4993888 -0.8649169
vn -0.05029366 0.4993789 -0.8649228
vn -0.05032267 0.7650338 -0.6420209
vn -0.05032267 0.7650262 -0.64203
vn -0.05028102 0.9384167 -0.3418273
vn -0.05028103 0.9384153 -0.3418311
vn -0.05022218 0.9987381 -3.725322E-06
vn -0.05022219 0.9987381 -3.694571E-06
vn -0.05028147 0.9384474 0.3417431
vn -0.05028147 0.9384463 0.341746
vn -0.0503327 0.7650725 0.641974
vn -0.05033268 0.7650677 0.6419797
vn -0.05028318 0.4993589 0.8649348
vn -0.05028319 0.4993515 0.864939
vn -0.05025861 0.1734213 0.9835645
vn -0.05025861 0.1734322 0.9835625
vn -0.05027168 -0.1734452 0.9835596
vn -0.05027168 -0.1734381 0.9835609
vn -0.05025842 -0.4993293 0.8649533
vn -0.05025842 -0.499307 0.8649662
vn -0.05020572 -0.7650285 0.6420364
vn -0.05020572 -0.7650393 0.6420236
vn -0.05016845 -0.9384634 0.3417155
vn -0.05016846 -0.9384643 0.341713
vn -0.05021797 -0.9987383 1.842702E-05
vn -0.05021798 -0.9987383 -2.744681E-06
vn -0.05022918 -0.9384636 -0.3417062
vn -0.05022917 -0.9384627 -0.3417087
vn -0.0502158 -0.7650212 -0.6420444
vn -0.05021579 -0.7650431 -0.6420182
vn -0.0502638 -0.4993596 -0.8649356
vn -0.0502638 -0.4993201 -0.8649584
vn -0.05028776 -0.1734944 -0.9835501
vn -0.05028776 -0.1734483 -0.9835582
vn -0.8059518 0.1029158 -0.5829667
vn -0.8058907 -0.1029166 -0.5830508
vn -0.8058907 -0.1028922 -0.583055
vn -0.8059518 0.1029383 -0.5829628
vn -0.8058085 0.2962332 -0.512756
vn -0.8058085 0.2962087 -0.5127702
vn -0.8056579 0.4537483 -0.3808249
vn -0.8056579 0.4537618 -0.3808089
vn -0.8057435 0.556501 -0.2026917
vn -0.8057435 0.5564923 -0.2027158
vn -0.8058503 0.5921194 4.685088E-06
vn -0.8058503 0.5921194 5.172142E-06
vn -0.8057194 0.5565541 0.2026416
vn -0.8057194 0.5565469 0.2026616
vn -0.80569 0.4537366 0.3807712
vn -0.80569 0.4537301 0.3807791
vn -0.8057082 0.2961404 0.5129669
vn -0.8057082 0.2961194 0.5129791
vn -0.8057085 0.102868 0.5833113
vn -0.8057085 0.1028426 0.5833158
vn -0.805724 -0.1028921 0.5832857
vn -0.8057238 -0.1028686 0.5832898
vn -0.8056394 -0.296113 0.5130908
vn -0.8056394 -0.2961153 0.5130894
vn -0.805743 -0.453672 0.380736
vn -0.805743 -0.4536894 0.3807152
vn -0.8056718 -0.5566652 0.2025261
vn -0.8056718 -0.5566624 0.2025338
vn -0.8056818 -0.5923485 0.0001792073
vn -0.8056818 -0.5923485 0.0001754812
vn -0.8057976 -0.5565422 -0.2023636
vn -0.8057976 -0.5565395 -0.2023709
vn -0.8057923 -0.4536031 -0.3807139
vn -0.8057923 -0.4536219 -0.3806915
vn -0.8057082 -0.2961375 -0.5129687
vn -0.8057082 -0.2961333 -0.512971
vn -0.8058907 -0.1028922 -0.583055
vn -0.8058907 -0.1029166 -0.5830508
vn -0.05027138 0.1734707 -0.9835551
vn -0.05028776 -0.173448 -0.9835584
vn -0.05028777 -0.1734941 -0.9835502
vn -0.05027136 0.1734429 -0.98356
vn -0.05029365 0.4993892 -0.8649167
vn -0.05029365 0.499379 -0.8649226
vn -0.05032267 0.7650338 -0.6420209
vn -0.05032267 0.7650262 -0.64203
vn -0.05028102 0.9384167 -0.3418273
vn -0.05028103 0.9384153 -0.3418311
vn -0.05022261 0.9987381 -3.725354E-06
vn -0.05022261 0.9987381 -3.694603E-06
vn -0.05028147 0.9384474 0.3417432
vn -0.05028147 0.9384463 0.341746
vn -0.05033236 0.765076 0.6419699
vn -0.05033237 0.7650712 0.6419757
vn -0.05028318 0.4993589 0.8649348
vn -0.05028319 0.4993515 0.864939
vn -0.05025861 0.1734213 0.9835645
vn -0.05025861 0.1734322 0.9835625
vn -0.05027168 -0.1734452 0.9835596
vn -0.05027168 -0.1734381 0.9835609
vn -0.05025842 -0.4993293 0.8649533
vn -0.05025842 -0.499307 0.8649662
vn -0.05020539 -0.765032 0.6420323
vn -0.05020539 -0.7650428 0.6420194
vn -0.05016846 -0.9384634 0.3417155
vn -0.05016845 -0.9384643 0.341713
vn -0.05021798 -0.9987383 1.940864E-05
vn -0.050218 -0.9987383 -1.763702E-06
vn -0.05022838 -0.9384654 -0.3417013
vn -0.05022838 -0.9384645 -0.3417038
vn -0.05021547 -0.7650243 -0.6420406
vn -0.05021546 -0.7650464 -0.6420143
vn -0.0502638 -0.49936 -0.8649354
vn -0.05026381 -0.4993204 -0.8649582
vn -0.05028777 -0.1734941 -0.9835502
vn -0.05028776 -0.173448 -0.9835584
vn 0 0 1
vn 0 0 1
vn 0 0 1
vn 0 0 1
vn 4.923508E-05 -1 1.15066E-06
vn 4.923508E-05 -1 1.15066E-06
vn 4.923508E-05 -1 1.15066E-06
vn 4.923508E-05 -1 1.15066E-06
vn -1.530161E-05 -3.34847E-07 -1
vn -1.530161E-05 -3.34847E-07 -1
vn -1.530161E-05 -3.34847E-07 -1
vn -1.530161E-05 -3.34847E-07 -1
vn 0 1 0
vn 0 1 0
vn 0 1 0
vn 0 1 0
vn -0.8628117 0.3574663 0.3574546
vn -0.8628117 0.3574663 0.3574546
vn -0.8628117 0.3574663 0.3574546
vn -0.8628117 0.3574663 0.3574546
vn -0.8627968 -0.3573439 0.3576128
vn -0.8627968 -0.3573439 0.3576128
vn -0.862797 -0.3573439 0.3576128
vn -0.8627968 -0.3573439 0.3576128
vn -0.862801 -0.3574259 -0.3575209
vn -0.862801 -0.357426 -0.357521
vn -0.862801 -0.3574259 -0.357521
vn -0.862801 -0.3574259 -0.3575209
vn -0.8627211 0.3575903 -0.3575493
vn -0.8627211 0.3575903 -0.3575493
vn -0.8627211 0.3575903 -0.3575493
vn -0.8627211 0.3575903 -0.3575493
vn 0 0.7071648 0.7070487
vn 0 0.7071648 0.7070487
vn 0 0.7071648 0.7070487
vn 0 0.7071648 0.7070487
vn -0.7071723 0 0.7070413
vn -0.7071723 0 0.7070412
vn -0.7071723 0 0.7070413
vn -0.7071723 0 0.7070413
vn 2.321161E-05 -0.7073041 0.7069094
vn 2.321161E-05 -0.7073041 0.7069094
vn 2.321161E-05 -0.7073041 0.7069095
vn 2.321161E-05 -0.7073041 0.7069094
vn 0.7071319 -2.08903E-07 0.7070817
vn 0.7071319 -2.08903E-07 0.7070817
vn 0.7071319 -2.08903E-07 0.7070817
vn 0.7071319 -2.08903E-07 0.7070817
vn -0.7069922 -0.7072213 0
vn -0.7069922 -0.7072214 0
vn -0.7069922 -0.7072213 0
vn -0.7069923 -0.7072213 0
vn 0 -0.7071082 -0.7071053
vn 0 -0.7071082 -0.7071053
vn 0 -0.7071082 -0.7071053
vn 0 -0.7071082 -0.7071053
vn 0.7070925 -0.707121 2.167323E-06
vn 0.7070925 -0.7071211 2.167323E-06
vn 0.7070925 -0.7071211 2.167323E-06
vn 0.7070925 -0.7071211 2.167323E-06
vn -0.7069903 -2.301948E-07 -0.7072232
vn -0.7069904 -2.301948E-07 -0.7072232
vn -0.7069903 -2.301948E-07 -0.7072232
vn -0.7069903 -2.301948E-07 -0.7072233
vn 0 0.7071604 -0.7070531
vn 0 0.7071604 -0.7070531
vn 0 0.7071604 -0.7070531
vn 0 0.7071604 -0.7070531
vn 0.7071021 2.350083E-07 -0.7071114
vn 0.7071022 2.350083E-07 -0.7071114
vn 0.7071022 2.350083E-07 -0.7071114
vn 0.7071022 2.350083E-07 -0.7071114
vn -0.7069081 0.7073054 -6.573102E-07
vn -0.706908 0.7073054 -6.573101E-07
vn -0.706908 0.7073054 -6.573101E-07
vn -0.706908 0.7073054 -6.573101E-07
vn 0.7071147 0.7070988 0
vn 0.7071146 0.7070988 0
vn 0.7071147 0.7070988 0
vn 0.7071147 0.7070988 0
vn 0.8248695 0.399794 0.3996937
vn 0.8248695 0.399794 0.3996937
vn 0.8248695 0.399794 0.3996937
vn 0.8248695 0.399794 0.3996938
vn 0.8248264 0.3997257 -0.399851
vn 0.8248263 0.3997257 -0.399851
vn 0.8248263 0.3997257 -0.399851
vn 0.8248264 0.3997257 -0.3998511
vn 0.8247975 -0.3997995 -0.399837
vn 0.8247975 -0.3997994 -0.399837
vn 0.8247975 -0.3997995 -0.399837
vn 0.8247975 -0.3997994 -0.399837
vn 0.8248401 -0.3998745 0.3996739
vn 0.8248401 -0.3998745 0.3996739
vn 0.8248401 -0.3998745 0.3996739
vn 0.8248401 -0.3998745 0.3996739
vn 0.09353567 0.9231454 -0.3728989
vn 0.09353567 0.9231454 -0.3728989
vn 0.09353567 0.9231454 -0.3728989
vn 0.09353567 0.9231454 -0.3728989
vn 0.116397 -6.994142E-07 -0.9932027
vn 0.1163969 -6.994143E-07 -0.9932027
vn 0.1163969 -6.994143E-07 -0.9932027
vn 0.116397 -6.994144E-07 -0.9932027
vn 0.0919679 -0.9158173 -0.3909227
vn 0.0919679 -0.9158173 -0.3909227
vn 0.0919679 -0.9158173 -0.3909227
vn 0.0919679 -0.9158173 -0.3909227
vn 0.9790041 0.1440196 -0.144254
vn 0.9790041 0.1440196 -0.144254
vn 0.9790041 0.1440196 -0.144254
vn 0.9790041 0.1440196 -0.144254
vn 0.9595225 -1.729994E-07 -0.281632
vn 0.9595225 -1.729994E-07 -0.2816319
vn 0.9595225 -1.729994E-07 -0.2816319
vn 0.9595225 -1.729994E-07 -0.2816319
vn 0.9790362 -0.1440042 -0.1440523
vn 0.9790362 -0.1440042 -0.1440523
vn 0.9790362 -0.1440042 -0.1440523
vn 0.9790362 -0.1440042 -0.1440523
vn 0.6051173 0.5628883 -0.5630186
vn 0.6051173 0.5628883 -0.5630185
vn 0.6051173 0.5628883 -0.5630186
vn 0.6051173 0.5628883 -0.5630186
vn 0.4745426 -5.188851E-07 -0.8802325
vn 0.4745426 -5.188851E-07 -0.8802325
vn 0.4745426 -5.18885E-07 -0.8802325
vn 0.4745426 -5.188851E-07 -0.8802325
vn 0.6049285 -0.5630874 -0.5630223
vn 0.6049284 -0.5630875 -0.5630223
vn 0.6049284 -0.5630875 -0.5630223
vn 0.6049284 -0.5630874 -0.5630223
vn 0.9486359 0.2299616 -0.2172732
vn 0.9486359 0.2299616 -0.2172732
vn 0.9486359 0.2299616 -0.2172732
vn 0.9486359 0.2299616 -0.2172732
vn 0.956951 -0.2011108 -0.2092826
vn 0.956951 -0.2011108 -0.2092826
vn 0.956951 -0.2011109 -0.2092826
vn 0.956951 -0.2011108 -0.2092826
vn 0.08948091 0.9040978 0.4178521
vn 0.08948093 0.9040978 0.4178522
vn 0.08948093 0.9040978 0.4178521
vn 0.08948092 0.9040978 0.4178522
vn 0.1164631 0.9931949 -1.877711E-06
vn 0.1164631 0.9931949 -1.877711E-06
vn 0.1164631 0.9931949 -1.87771E-06
vn 0.1164631 0.9931949 -1.87771E-06
vn 0.9790399 0.1439921 0.1440387
vn 0.9790399 0.1439921 0.1440387
vn 0.9790399 0.1439921 0.1440387
vn 0.9790399 0.1439921 0.1440387
vn 0.9595335 0.2815947 0
vn 0.9595335 0.2815948 0
vn 0.9595335 0.2815948 0
vn 0.9595335 0.2815948 0
vn 0.6051251 0.5628727 0.5630258
vn 0.605125 0.5628727 0.5630258
vn 0.6051251 0.5628727 0.5630257
vn 0.6051251 0.5628727 0.5630258
vn 0.4744718 0.8802708 0
vn 0.4744718 0.8802707 0
vn 0.4744718 0.8802707 0
vn 0.4744718 0.8802708 0
vn 0.949608 0.2193498 0.2238981
vn 0.949608 0.2193498 0.2238981
vn 0.949608 0.2193498 0.2238981
vn 0.949608 0.2193498 0.2238981
vn 0.9068655 0.4214201 -0.0001081622
vn 0.9068655 0.4214202 -0.0001081622
vn 0.9068655 0.4214202 -0.0001081622
vn 0.9068655 0.4214202 -0.0001081622
vn 0.1163934 4.54578E-07 0.9932032
vn 0.1163934 4.54578E-07 0.9932032
vn 0.1163934 4.54578E-07 0.9932032
vn 0.1163934 4.54578E-07 0.9932032
vn 0.08377499 -0.8746409 0.4774777
vn 0.08377499 -0.8746409 0.4774777
vn 0.08377499 -0.8746409 0.4774777
vn 0.08377498 -0.8746409 0.4774777
vn 0.9595286 1.405627E-07 0.2816112
vn 0.9595286 1.405627E-07 0.2816112
vn 0.9595286 1.405627E-07 0.2816112
vn 0.9595286 1.405627E-07 0.2816112
vn 0.9790362 -0.1440042 0.1440523
vn 0.9790362 -0.1440042 0.1440523
vn 0.9790362 -0.1440042 0.1440523
vn 0.9790362 -0.1440042 0.1440523
vn 0.4745408 4.633342E-07 0.8802335
vn 0.4745408 4.633341E-07 0.8802335
vn 0.4745408 4.633342E-07 0.8802335
vn 0.4745408 4.633342E-07 0.8802335
vn 0.6050922 -0.5629456 0.562988
vn 0.6050923 -0.5629457 0.562988
vn 0.6050922 -0.5629457 0.562988
vn 0.6050922 -0.5629457 0.562988
vn 0.9633978 -0.1978055 0.1809357
vn 0.9633978 -0.1978056 0.1809357
vn 0.9633978 -0.1978056 0.1809357
vn 0.9633978 -0.1978055 0.1809357
vn 0.1164022 -0.9932021 0
vn 0.1164022 -0.9932021 0
vn 0.1164022 -0.9932021 0
vn 0.1164022 -0.9932021 0
vn 0.9595227 -0.2816313 0
vn 0.9595227 -0.2816313 0
vn 0.9595227 -0.2816313 0
vn 0.9595227 -0.2816313 0
vn 0.4744066 -0.8803058 0
vn 0.4744067 -0.8803058 0
vn 0.4744067 -0.8803058 0
vn 0.4744067 -0.8803058 0
vn 0.9132137 0.0003100833 -0.4074807
vn 0.9132137 0.0003100833 -0.4074807
vn 0.9132137 0.0003100833 -0.4074807
vn 0.9132137 0.0003100833 -0.4074807
vn 0.9226061 0.000477186 0.3857429
vn 0.9226061 0.000477186 0.3857429
vn 0.9226061 0.000477186 0.385743
vn 0.9226061 0.000477186 0.3857429
vn 0.9248956 -0.3802209 -0.0001490782
vn 0.9248956 -0.3802209 -0.0001490782
vn 0.9248956 -0.3802209 -0.0001490782
vn 0.9248956 -0.3802209 -0.0001490782
vn 0.9999988 0.0007939433 0.001330228
vn 0.9999988 0.0007939433 0.001330228
vn 0.9999988 0.0007939433 0.001330228
vn 0.9999988 0.0007939432 0.001330228
vn 0.9999979 0.002077517 -2.526889E-06
vn 0.9999989 0.001325715 -0.0007154347
vn 0.9999979 0.002077517 -2.526889E-06
vn 0.9999989 0.001325715 -0.0007154347
vn 0.9999989 0.001325715 -0.0007154348
vn 0.9999989 0.001325715 -0.0007154348
vn 0.9999988 -0.001286808 0.0008954144
vn 0.9999988 -0.001286808 0.0008954143
vn 0.9999988 -0.001286809 0.0008954144
vn 0.9999988 -0.001286808 0.0008954144
vn 0.999998 -0.002053699 1.559414E-06
vn 0.999998 -0.002053699 1.559415E-06
vn 0.999998 -0.002053699 1.559414E-06
vn 0.999999 -0.0007996262 -0.001194201
vn 0.999999 -0.000799626 -0.001194201
vn 0.999999 -0.0007996261 -0.001194201
vn -1 0 -0.0001083173
vn -1 0 -0.0001083173
vn -1 0 -0.0001083173
vn -1 0 -0.0001083173
vn -1 0 0
vn -1 0 0
vn -1 0 0
vn -1 0 0
vn -1 0 1.098257E-06
vn -1 0 1.098257E-06
vn -1 0 1.098257E-06
vn -1 0 0
vn -1 0 0
vn -1 0 0
vn -1 0 9.647078E-05
vn -1 0 9.647079E-05
vn -1 0 9.647078E-05
vn -1 0 9.647078E-05
vn -1 0 0
vn -1 0 0
vn -1 0 0
vn -1 0 0
vn -1 0 1.098439E-06
vn -1 0 1.098439E-06
vn -1 0 1.098439E-06
vn -1 0 -0.0001301067
vn -1 0 -0.0001301067
vn -1 0 -0.0001301067
vn 0.9999979 1.615826E-07 0.002067822
vn 0.9999979 1.615825E-07 0.002067822
vn 0.9999979 1.615826E-07 0.002067822
vn 0.9999979 1.615826E-07 0.002067822
vn 0.9999979 -3.770384E-06 -0.002079674
vn 0.9999979 -3.770384E-06 -0.002079674
vn 0.9999979 -3.770384E-06 -0.002079674
vn 0.9999979 -3.770384E-06 -0.002079674
vn 1 6.091133E-07 0
vn 1 6.091132E-07 0
vn 1 6.091133E-07 0
vn 1 6.091133E-07 0
vn 1 1.276679E-06 0
vn 1 1.276679E-06 0
vn 0.9999999 5.330475E-07 -0.0004610415
vn 0.9999999 5.330475E-07 -0.0004610415
vn -0.8059971 0.1029015 -0.5829063
vn -0.8058907 -0.1029166 -0.5830508
vn -0.8058907 -0.1028922 -0.583055
vn -0.8059971 0.1029239 -0.5829023
vn -0.8058083 0.2962363 -0.5127543
vn -0.8058084 0.2962118 -0.5127683
vn -0.8056827 0.4537215 -0.3808045
vn -0.8056827 0.453735 -0.3807885
vn -0.8057359 0.5565102 -0.2026969
vn -0.8057359 0.5565013 -0.2027211
vn -0.8058223 0.5921573 2.888705E-06
vn -0.8058223 0.5921573 3.372277E-06
vn -0.8057876 0.5564688 0.2026048
vn -0.8057876 0.5564616 0.2026248
vn -0.8057354 0.4536822 0.3807398
vn -0.8057355 0.4536757 0.3807475
vn -0.8056931 0.2961538 0.5129831
vn -0.8056931 0.2961328 0.5129952
vn -0.8056937 0.1028662 0.5833319
vn -0.8056939 0.1028408 0.5833363
vn -0.8057244 -0.1028868 0.5832859
vn -0.8057243 -0.1028632 0.5832901
vn -0.8056394 -0.2961099 0.5130926
vn -0.8056394 -0.2961122 0.5130912
vn -0.8056445 -0.4537805 0.3808153
vn -0.8056445 -0.4537979 0.3807945
vn -0.805649 -0.5566924 0.2025417
vn -0.805649 -0.5566896 0.2025494
vn -0.8058233 -0.5921561 0.0001773396
vn -0.8058233 -0.5921561 0.000173613
vn -0.8058379 -0.5564919 -0.2023415
vn -0.805838 -0.5564892 -0.2023488
vn -0.805779 -0.4536124 -0.3807308
vn -0.805779 -0.453631 -0.3807085
vn -0.8056931 -0.2961479 -0.5129865
vn -0.8056931 -0.2961437 -0.5129889
vn -0.8058907 -0.1028922 -0.583055
vn -0.8058907 -0.1029166 -0.5830508
vn -0.05026505 0.173471 -0.9835554
vn -0.05028565 -0.1734484 -0.9835584
vn -0.05028565 -0.1734944 -0.9835502
vn -0.05026506 0.1734432 -0.9835603
vn -0.05025997 0.4993899 -0.8649183
vn -0.05025997 0.4993798 -0.8649242
vn -0.05028163 0.7650354 -0.6420223
vn -0.05028163 0.7650278 -0.6420314
vn -0.05026945 0.9384172 -0.3418277
vn -0.05026945 0.9384158 -0.3418314
vn -0.05023376 0.9987375 -3.830855E-06
vn -0.05023377 0.9987375 -3.798938E-06
vn -0.05027619 0.9384475 0.3417432
vn -0.05027621 0.9384466 0.3417461
vn -0.05031796 0.7650731 0.6419746
vn -0.05031796 0.7650682 0.6419804
vn -0.05028529 0.4993588 0.8649348
vn -0.05028529 0.4993514 0.864939
vn -0.05025861 0.1734214 0.9835645
vn -0.05025861 0.1734323 0.9835625
vn -0.05027168 -0.1734452 0.9835596
vn -0.05027168 -0.1734381 0.9835609
vn -0.05027737 -0.4993287 0.8649525
vn -0.05027737 -0.4993066 0.8649654
vn -0.0502415 -0.7650272 0.6420351
vn -0.0502415 -0.7650381 0.6420223
vn -0.05021896 -0.938461 0.3417147
vn -0.05021897 -0.9384619 0.3417123
vn -0.05020536 -0.9987389 1.832149E-05
vn -0.05020534 -0.9987389 -2.859477E-06
vn -0.05018497 -0.9384656 -0.3417071
vn -0.05018497 -0.9384646 -0.3417096
vn -0.05024105 -0.7650204 -0.6420434
vn -0.05024105 -0.7650424 -0.6420171
vn -0.05028696 -0.499359 -0.8649346
vn -0.05028696 -0.4993194 -0.8649575
vn -0.05028565 -0.1734944 -0.9835502
vn -0.05028565 -0.1734484 -0.9835584
vn -0.8059971 0.1029015 -0.5829063
vn -0.8058907 -0.1029166 -0.5830508
vn -0.8058907 -0.1028922 -0.583055
vn -0.8059971 0.1029239 -0.5829023
vn -0.8058083 0.2962363 -0.5127543
vn -0.8058084 0.2962118 -0.5127683
vn -0.8056807 0.4537258 -0.3808036
vn -0.8056807 0.4537393 -0.3807875
vn -0.8057359 0.5565102 -0.2026969
vn -0.8057359 0.5565013 -0.2027211
vn -0.8058275 0.5921503 2.885034E-06
vn -0.8058275 0.5921504 3.366133E-06
vn -0.8057876 0.5564688 0.2026048
vn -0.8057876 0.5564616 0.2026248
vn -0.8057354 0.4536822 0.3807398
vn -0.8057355 0.4536758 0.3807475
vn -0.8056931 0.2961538 0.512983
vn -0.8056931 0.2961328 0.5129951
vn -0.8056933 0.1028716 0.5833316
vn -0.8056933 0.1028462 0.5833361
vn -0.805724 -0.1028921 0.5832856
vn -0.805724 -0.1028686 0.5832899
vn -0.8056394 -0.2961099 0.5130926
vn -0.8056395 -0.2961122 0.5130912
vn -0.8056445 -0.4537804 0.3808152
vn -0.8056445 -0.4537979 0.3807945
vn -0.805649 -0.5566924 0.2025417
vn -0.805649 -0.5566896 0.2025494
vn -0.8058258 -0.5921526 0.0001773402
vn -0.8058258 -0.5921526 0.0001736075
vn -0.8058355 -0.5564955 -0.2023408
vn -0.8058355 -0.5564929 -0.2023482
vn -0.8057771 -0.4536166 -0.3807299
vn -0.8057771 -0.4536354 -0.3807075
vn -0.8056931 -0.2961479 -0.5129865
vn -0.8056931 -0.2961437 -0.5129889
vn -0.8058907 -0.1028922 -0.583055
vn -0.8058907 -0.1029166 -0.5830508
vn -0.05026506 0.1734706 -0.9835555
vn -0.05028566 -0.173448 -0.9835585
vn -0.05028566 -0.1734941 -0.9835503
vn -0.05026506 0.1734428 -0.9835603
vn -0.05025997 0.4993902 -0.8649181
vn -0.05025997 0.4993801 -0.864924
vn -0.05028163 0.7650354 -0.6420223
vn -0.05028163 0.7650278 -0.6420314
vn -0.05026945 0.9384172 -0.3418277
vn -0.05026945 0.9384158 -0.3418314
vn -0.05023419 0.9987375 -3.825611E-06
vn -0.05023419 0.9987375 -3.788532E-06
vn -0.05027619 0.9384475 0.3417432
vn -0.0502762 0.9384466 0.3417461
vn -0.05031763 0.7650766 0.6419703
vn -0.05031763 0.7650716 0.6419762
vn -0.05028529 0.4993588 0.8649348
vn -0.05028529 0.4993514 0.864939
vn -0.05025861 0.1734214 0.9835645
vn -0.05025861 0.1734323 0.9835625
vn -0.05027168 -0.1734452 0.9835596
vn -0.05027168 -0.1734381 0.9835609
vn -0.05027737 -0.4993287 0.8649525
vn -0.05027737 -0.4993066 0.8649654
vn -0.05024118 -0.7650307 0.642031
vn -0.05024117 -0.7650415 0.6420181
vn -0.05021897 -0.938461 0.3417147
vn -0.05021897 -0.9384619 0.3417123
vn -0.05020535 -0.9987389 1.928727E-05
vn -0.05020535 -0.9987389 -1.888935E-06
vn -0.05018417 -0.9384674 -0.3417022
vn -0.05018418 -0.9384665 -0.3417048
vn -0.05024073 -0.7650236 -0.6420395
vn -0.05024073 -0.7650456 -0.6420133
vn -0.05028696 -0.4993593 -0.8649344
vn -0.05028696 -0.4993197 -0.8649573
vn -0.05028566 -0.1734941 -0.9835503
vn -0.05028566 -0.173448 -0.9835585
vn -0.8059517 0.1029194 -0.5829661
vn -0.8058757 -0.1029202 -0.5830712
vn -0.8058757 -0.1028958 -0.5830755
vn -0.8059518 0.1029418 -0.582962
vn -0.8058236 0.2962167 -0.5127418
vn -0.8058236 0.2961921 -0.5127559
vn -0.8056353 0.4537802 -0.3808352
vn -0.8056352 0.4537937 -0.3808191
vn -0.8056449 0.5566239 -0.202746
vn -0.8056449 0.5566152 -0.2027702
vn -0.8057669 0.5922329 -4.321072E-06
vn -0.8057669 0.5922328 -3.841644E-06
vn -0.8056967 0.5565826 0.2026539
vn -0.8056966 0.5565754 0.2026739
vn -0.8056748 0.4537408 0.3807983
vn -0.8056748 0.4537343 0.3808061
vn -0.8056931 0.2961632 0.5129777
vn -0.8056931 0.2961421 0.5129898
vn -0.8057085 0.1028644 0.5833119
vn -0.8057085 0.1028391 0.5833164
vn -0.8057238 -0.1028885 0.5832863
vn -0.805724 -0.102865 0.5832904
vn -0.8056394 -0.2961099 0.5130926
vn -0.8056394 -0.2961122 0.5130913
vn -0.8057203 -0.4536899 0.3807628
vn -0.8057203 -0.4537073 0.3807421
vn -0.8057097 -0.5566223 0.2024933
vn -0.8057097 -0.5566194 0.202501
vn -0.8057652 -0.592235 0.0001701518
vn -0.8057652 -0.5922351 0.0001664238
vn -0.8057445 -0.556607 -0.2023967
vn -0.8057445 -0.5566043 -0.2024039
vn -0.8057315 -0.4536803 -0.3807503
vn -0.8057316 -0.4536991 -0.380728
vn -0.8057082 -0.2961344 -0.5129704
vn -0.8057082 -0.2961302 -0.5129729
vn -0.8058757 -0.1028958 -0.5830755
vn -0.8058757 -0.1029202 -0.5830712
vn -0.05028611 0.1734705 -0.9835544
vn -0.05028354 -0.1734481 -0.9835585
vn -0.05028355 -0.1734942 -0.9835504
vn -0.05028611 0.1734426 -0.9835593
vn -0.05030628 0.499389 -0.8649161
vn -0.05030627 0.4993788 -0.8649219
vn -0.05033426 0.7650335 -0.6420205
vn -0.05033426 0.7650259 -0.6420295
vn -0.0502947 0.9384159 -0.3418273
vn -0.0502947 0.9384146 -0.3418311
vn -0.05020893 0.9987387 -3.910044E-06
vn -0.05020893 0.9987387 -3.861596E-06
vn -0.05026568 0.9384481 0.3417436
vn -0.05026567 0.9384469 0.3417465
vn -0.05033236 0.7650761 0.6419699
vn -0.05033237 0.7650712 0.6419756
vn -0.05027268 0.4993591 0.8649354
vn -0.05027267 0.4993517 0.8649396
vn -0.050246 0.1734216 0.9835652
vn -0.05024599 0.1734324 0.9835632
vn -0.05027378 -0.1734452 0.9835595
vn -0.05027379 -0.173438 0.9835608
vn -0.05025842 -0.4993293 0.8649534
vn -0.05025843 -0.4993071 0.8649662
vn -0.05020329 -0.7650321 0.6420323
vn -0.0502033 -0.7650429 0.6420195
vn -0.05020213 -0.9384618 0.3417149
vn -0.05020213 -0.9384627 0.3417124
vn -0.05023167 -0.9987376 1.922391E-05
vn -0.05023166 -0.9987376 -1.961984E-06
vn -0.0501726 -0.9384681 -0.3417021
vn -0.0501726 -0.9384671 -0.3417046
vn -0.0501797 -0.7650258 -0.6420417
vn -0.05017968 -0.7650478 -0.6420156
vn -0.05025959 -0.49936 -0.8649356
vn -0.05025959 -0.4993204 -0.8649584
vn -0.05028355 -0.1734942 -0.9835504
vn -0.05028354 -0.1734481 -0.9835585
vn 0 0 1
vn 0 0 1
vn 0 0 1
vn 0 0 1
vn 2.461754E-05 -1 1.15066E-06
vn 2.461754E-05 -1 1.15066E-06
vn 2.461754E-05 -1 1.15066E-06
vn 2.461754E-05 -1 1.15066E-06
vn -1.530161E-05 -3.34847E-07 -1
vn -1.530161E-05 -3.34847E-07 -1
vn -1.530161E-05 -3.34847E-07 -1
vn -1.530161E-05 -3.34847E-07 -1
vn -2.461754E-05 1 -5.753301E-07
vn -2.461754E-05 1 -5.753301E-07
vn -2.461754E-05 1 -5.753301E-07
vn -2.461754E-05 1 -5.753301E-07
vn -0.8629172 0.3574325 0.3572337
vn -0.8629172 0.3574325 0.3572337
vn -0.8629172 0.3574324 0.3572337
vn -0.8629172 0.3574325 0.3572337
vn -0.8628208 -0.3573151 0.3575839
vn -0.8628207 -0.3573151 0.3575839
vn -0.8628207 -0.3573151 0.3575839
vn -0.8628208 -0.3573151 0.3575839
vn -0.8627771 -0.3574548 -0.3575498
vn -0.8627771 -0.3574548 -0.3575498
vn -0.8627771 -0.3574547 -0.3575498
vn -0.8627771 -0.3574547 -0.3575497
vn -0.86274 0.3575206 -0.3575732
vn -0.86274 0.3575206 -0.3575732
vn -0.86274 0.3575206 -0.3575732
vn -0.86274 0.3575206 -0.3575732
vn -2.320932E-05 0.7072344 0.7069792
vn -2.320932E-05 0.7072344 0.7069792
vn -2.320932E-05 0.7072344 0.7069792
vn -2.320932E-05 0.7072344 0.7069792
vn -0.7071721 0 0.7070414
vn -0.707172 0 0.7070415
vn -0.7071721 0 0.7070414
vn -0.7071721 0 0.7070414
vn 2.321161E-05 -0.7073041 0.7069094
vn 2.321161E-05 -0.7073041 0.7069094
vn 2.321161E-05 -0.7073041 0.7069095
vn 2.321161E-05 -0.7073041 0.7069094
vn 0.7071082 -2.08896E-07 0.7071053
vn 0.7071082 -2.088959E-07 0.7071053
vn 0.7071082 -2.08896E-07 0.7071053
vn 0.7071082 -2.08896E-07 0.7071053
vn -0.7069922 -0.7072213 0
vn -0.7069922 -0.7072214 0
vn -0.7069922 -0.7072214 0
vn -0.7069923 -0.7072213 0
vn 0 -0.7071082 -0.7071053
vn 0 -0.7071082 -0.7071053
vn 0 -0.7071082 -0.7071053
vn 0 -0.7071082 -0.7071053
vn 0.707122 -0.7070915 2.167233E-06
vn 0.707122 -0.7070915 2.167233E-06
vn 0.707122 -0.7070915 2.167233E-06
vn 0.707122 -0.7070915 2.167233E-06
vn -0.7069901 -2.301948E-07 -0.7072235
vn -0.7069901 -2.301948E-07 -0.7072235
vn -0.7069901 -2.301948E-07 -0.7072235
vn -0.7069901 -2.301948E-07 -0.7072235
vn 0 0.7072996 -0.7069139
vn 0 0.7072996 -0.7069139
vn 0 0.7072996 -0.7069139
vn 0 0.7072996 -0.7069139
vn 0.7071024 2.350082E-07 -0.7071111
vn 0.7071024 2.350082E-07 -0.7071111
vn 0.7071024 2.350082E-07 -0.7071111
vn 0.7071024 2.350082E-07 -0.7071111
vn -0.7069081 0.7073054 -6.573101E-07
vn -0.706908 0.7073054 -6.573101E-07
vn -0.706908 0.7073054 -6.573101E-07
vn -0.706908 0.7073054 -6.573101E-07
vn 0.7071428 0.7070707 -1.083584E-06
vn 0.7071428 0.7070707 -1.083584E-06
vn 0.7071429 0.7070706 -1.083584E-06
vn 0.7071428 0.7070706 -1.083584E-06
vn 0.824898 0.3997646 0.3996643
vn 0.8248979 0.3997646 0.3996643
vn 0.824898 0.3997646 0.3996643
vn 0.824898 0.3997646 0.3996643
vn 0.8248264 0.3997258 -0.399851
vn 0.8248264 0.3997257 -0.3998511
vn 0.8248264 0.3997257 -0.3998511
vn 0.8248263 0.3997258 -0.399851
vn 0.8247975 -0.3997994 -0.399837
vn 0.8247975 -0.3997994 -0.399837
vn 0.8247975 -0.3997995 -0.399837
vn 0.8247975 -0.3997994 -0.399837
vn 0.8248115 -0.3999039 0.3997033
vn 0.8248115 -0.3999039 0.3997034
vn 0.8248115 -0.3999039 0.3997034
vn 0.8248115 -0.3999039 0.3997034
vn 0.09350766 0.9231478 -0.3728999
vn 0.09350765 0.9231478 -0.3728999
vn 0.09350765 0.9231478 -0.3728999
vn 0.09350765 0.9231479 -0.3728999
vn 0.1163971 -6.994143E-07 -0.9932027
vn 0.1163971 -6.994143E-07 -0.9932027
vn 0.1163971 -6.994143E-07 -0.9932027
vn 0.1163971 -6.994144E-07 -0.9932027
vn 0.09196789 -0.9158173 -0.3909227
vn 0.0919679 -0.9158173 -0.3909227
vn 0.09196788 -0.9158173 -0.3909227
vn 0.09196789 -0.9158173 -0.3909227
vn 0.9790041 0.1440196 -0.144254
vn 0.9790041 0.1440196 -0.144254
vn 0.9790041 0.1440196 -0.144254
vn 0.9790041 0.1440196 -0.144254
vn 0.9595226 -1.729993E-07 -0.2816318
vn 0.9595226 -1.729993E-07 -0.2816318
vn 0.9595226 -1.729993E-07 -0.2816318
vn 0.9595226 -1.729993E-07 -0.2816318
vn 0.9790322 -0.1440177 -0.1440658
vn 0.9790322 -0.1440177 -0.1440658
vn 0.9790322 -0.1440177 -0.1440658
vn 0.9790322 -0.1440177 -0.1440658
vn 0.6051834 0.5628528 -0.562983
vn 0.6051834 0.5628528 -0.562983
vn 0.6051834 0.5628528 -0.562983
vn 0.6051834 0.5628528 -0.5629831
vn 0.4745424 -5.188852E-07 -0.8802327
vn 0.4745424 -5.188852E-07 -0.8802327
vn 0.4745424 -5.188851E-07 -0.8802327
vn 0.4745424 -5.188852E-07 -0.8802327
vn 0.6049284 -0.5630875 -0.5630223
vn 0.6049284 -0.5630874 -0.5630223
vn 0.6049284 -0.5630874 -0.5630223
vn 0.6049284 -0.5630874 -0.5630223
vn 0.9486359 0.2299616 -0.2172732
vn 0.9486359 0.2299616 -0.2172732
vn 0.9486359 0.2299616 -0.2172732
vn 0.9486359 0.2299616 -0.2172732
vn 0.9569601 -0.2010901 -0.209261
vn 0.9569601 -0.2010901 -0.209261
vn 0.9569601 -0.2010901 -0.209261
vn 0.9569601 -0.2010901 -0.209261
vn 0.08954377 0.9040927 0.4178498
vn 0.08954378 0.9040927 0.4178498
vn 0.08954377 0.9040926 0.4178498
vn 0.08954377 0.9040926 0.4178498
vn 0.116473 0.9931938 -1.877708E-06
vn 0.116473 0.9931938 -1.877708E-06
vn 0.116473 0.9931938 -1.877708E-06
vn 0.116473 0.9931938 -1.877708E-06
vn 0.9790359 0.1440057 0.1440522
vn 0.9790359 0.1440057 0.1440522
vn 0.9790359 0.1440057 0.1440522
vn 0.9790359 0.1440057 0.1440523
vn 0.9595299 0.2816065 0
vn 0.9595299 0.2816065 0
vn 0.9595299 0.2816064 0
vn 0.9595299 0.2816064 0
vn 0.6051911 0.5628371 0.5629902
vn 0.6051911 0.5628372 0.5629902
vn 0.6051911 0.5628373 0.5629903
vn 0.6051911 0.5628372 0.5629902
vn 0.4744916 0.8802601 0
vn 0.4744916 0.8802601 0
vn 0.4744916 0.8802601 0
vn 0.4744916 0.8802601 0
vn 0.949608 0.2193498 0.2238981
vn 0.949608 0.2193498 0.2238981
vn 0.949608 0.2193498 0.2238981
vn 0.949608 0.2193498 0.2238981
vn 0.9068582 0.421436 -0.0001081662
vn 0.9068582 0.421436 -0.0001081662
vn 0.9068582 0.4214359 -0.0001081662
vn 0.9068582 0.421436 -0.0001081662
vn 0.1163934 4.54578E-07 0.9932032
vn 0.1163934 4.54578E-07 0.9932032
vn 0.1163934 4.54578E-07 0.9932032
vn 0.1163934 4.54578E-07 0.9932032
vn 0.08370323 -0.8746462 0.4774806
vn 0.08370321 -0.8746462 0.4774806
vn 0.08370323 -0.8746462 0.4774806
vn 0.08370323 -0.8746462 0.4774806
vn 0.9595285 1.405628E-07 0.2816114
vn 0.9595285 1.405628E-07 0.2816113
vn 0.9595285 1.405628E-07 0.2816114
vn 0.9595285 1.405628E-07 0.2816114
vn 0.9790362 -0.1440042 0.1440523
vn 0.9790362 -0.1440042 0.1440523
vn 0.9790362 -0.1440042 0.1440523
vn 0.9790362 -0.1440042 0.1440522
vn 0.474541 4.633341E-07 0.8802333
vn 0.474541 4.63334E-07 0.8802333
vn 0.474541 4.633341E-07 0.8802333
vn 0.474541 4.633342E-07 0.8802333
vn 0.6049601 -0.5630167 0.563059
vn 0.6049601 -0.5630166 0.563059
vn 0.6049601 -0.5630166 0.563059
vn 0.6049601 -0.5630166 0.563059
vn 0.9633978 -0.1978056 0.1809357
vn 0.9633978 -0.1978056 0.1809357
vn 0.9633978 -0.1978056 0.1809357
vn 0.9633978 -0.1978056 0.1809357
vn 0.1163766 -0.9932052 0
vn 0.1163766 -0.9932052 0
vn 0.1163766 -0.9932052 0
vn 0.1163766 -0.9932052 0
vn 0.9595234 -0.2816286 0
vn 0.9595234 -0.2816286 0
vn 0.9595234 -0.2816286 0
vn 0.9595234 -0.2816286 0
vn 0.4744936 -0.8802589 0
vn 0.4744936 -0.8802589 0
vn 0.4744935 -0.8802589 0
vn 0.4744935 -0.8802589 0
vn 0.9132138 0.0003100832 -0.4074806
vn 0.9132138 0.0003100832 -0.4074806
vn 0.9132138 0.0003100832 -0.4074806
vn 0.9132138 0.0003100832 -0.4074806
vn 0.9226061 0.000477186 0.3857429
vn 0.9226061 0.000477186 0.3857429
vn 0.9226061 0.000477186 0.385743
vn 0.9226061 0.000477186 0.3857429
vn 0.9248855 -0.3802456 -0.0001490878
vn 0.9248855 -0.3802456 -0.0001490879
vn 0.9248855 -0.3802456 -0.0001490879
vn 0.9248856 -0.3802456 -0.0001490878
vn 0.9999988 0.0007940094 0.001330339
vn 0.9999988 0.0007940093 0.001330338
vn 0.9999988 0.0007940092 0.001330338
vn 0.9999988 0.0007940093 0.001330339
vn 0.9999979 0.002077504 -2.288702E-06
vn 0.999999 0.001325833 -0.0005366241
vn 0.9999979 0.002077504 -2.288703E-06
vn 0.999999 0.001325833 -0.0005366241
vn 0.999999 0.001325833 -0.0005366241
vn 0.999999 0.001325833 -0.0005366241
vn 0.9999988 -0.001286924 0.0008954947
vn 0.9999988 -0.001286924 0.0008954945
vn 0.9999988 -0.001286924 0.0008954947
vn 0.9999988 -0.001286924 0.0008954946
vn 0.999998 -0.002053694 1.559411E-06
vn 0.999998 -0.002053694 1.559411E-06
vn 0.999998 -0.002053694 1.559411E-06
vn 0.999999 -0.0007995736 -0.001194123
vn 0.999999 -0.0007995734 -0.001194123
vn 0.999999 -0.0007995736 -0.001194123
vn -1 0 -0.0001083173
vn -1 0 -0.0001083173
vn -1 0 -0.0001083173
vn -1 0 -0.0001083173
vn -1 0 -0.0001300898
vn -1 0 -0.0001300898
vn -1 0 -0.0001300898
vn -1 0 -0.0001300898
vn -1 0 1.098255E-06
vn -1 0 1.098256E-06
vn -1 0 1.098255E-06
vn -1 0 0
vn -1 0 0
vn -1 0 0
vn -1 0 9.647078E-05
vn -1 0 9.647078E-05
vn -1 0 9.647078E-05
vn -1 0 9.647078E-05
vn -1 0 0
vn -1 0 0
vn -1 0 0
vn -1 0 0
vn -1 0 1.09823E-06
vn -1 0 1.09823E-06
vn -1 0 1.09823E-06
vn -1 0 -0.0001301067
vn -1 0 -0.0001301067
vn -1 0 -0.0001301067
vn 0.999998 1.615826E-07 0.002049277
vn 0.999998 1.615826E-07 0.002049276
vn 0.999998 1.615826E-07 0.002049277
vn 0.999998 1.615826E-07 0.002049276
vn 0.9999979 -3.770382E-06 -0.002079673
vn 0.9999979 -3.770382E-06 -0.002079673
vn 0.9999979 -3.770383E-06 -0.002079673
vn 0.9999979 -3.770382E-06 -0.002079673
vn 1 6.091137E-07 0
vn 1 6.091136E-07 0
vn 1 6.091137E-07 0
vn 1 6.091137E-07 0
vn 1 1.276679E-06 0
vn 1 1.276679E-06 0
vn 0.9999999 5.330484E-07 -0.0004610423
vn 0.9999999 5.330485E-07 -0.0004610424
vn 0 0 1
vn 0 0 1
vn 0 0 1
vn 0 0 1
vn 2.970361E-05 -1 1.388391E-06
vn 2.970361E-05 -1 1.388391E-06
vn 2.970361E-05 -1 1.388391E-06
vn 2.970361E-05 -1 1.388391E-06
vn -1.530163E-05 -2.976417E-07 -1
vn -1.530163E-05 -2.976417E-07 -1
vn -1.530163E-05 -2.976417E-07 -1
vn -1.530163E-05 -2.976417E-07 -1
vn 0 1 -1.388391E-06
vn 0 1 -1.388391E-06
vn 0 1 -1.388391E-06
vn 0 1 -1.388391E-06
vn -0.8628933 0.3574613 0.3572625
vn -0.8628933 0.3574613 0.3572625
vn -0.8628933 0.3574613 0.3572625
vn -0.8628933 0.3574613 0.3572625
vn -0.8628207 -0.3573152 0.3575839
vn -0.8628207 -0.3573151 0.3575839
vn -0.8628207 -0.3573151 0.3575839
vn -0.8628208 -0.3573151 0.3575839
vn -0.8627048 -0.3575426 -0.3576361
vn -0.8627048 -0.3575426 -0.3576361
vn -0.8627048 -0.3575426 -0.3576362
vn -0.8627048 -0.3575426 -0.3576361
vn -0.8627418 0.3575155 -0.3575739
vn -0.8627418 0.3575155 -0.357574
vn -0.8627418 0.3575155 -0.357574
vn -0.8627418 0.3575155 -0.357574
vn 0 0.7072577 0.7069559
vn 0 0.7072577 0.7069559
vn 0 0.7072576 0.7069559
vn 0 0.7072577 0.7069559
vn -0.7071896 0 0.707024
vn -0.7071896 0 0.7070239
vn -0.7071896 0 0.707024
vn -0.7071896 0 0.707024
vn 2.320856E-05 -0.7072577 0.7069559
vn 2.320856E-05 -0.7072577 0.7069559
vn 2.320856E-05 -0.7072576 0.7069559
vn 2.320856E-05 -0.7072577 0.7069559
vn 0.7071099 -2.088955E-07 0.7071036
vn 0.7071099 -2.088955E-07 0.7071036
vn 0.7071099 -2.088955E-07 0.7071036
vn 0.7071099 -2.088955E-07 0.7071036
vn -0.7069898 -0.7072238 0
vn -0.7069898 -0.7072238 0
vn -0.7069897 -0.7072239 0
vn -0.7069898 -0.7072238 0
vn -2.321161E-05 -0.707188 -0.7070255
vn -2.321161E-05 -0.707188 -0.7070255
vn -2.321161E-05 -0.707188 -0.7070255
vn -2.321161E-05 -0.707188 -0.7070255
vn 0.7071089 -0.7071047 2.673698E-06
vn 0.7071089 -0.7071046 2.673698E-06
vn 0.7071089 -0.7071046 2.673698E-06
vn 0.707109 -0.7071046 2.673698E-06
vn -0.7071202 -1.905411E-07 -0.7070933
vn -0.7071202 -1.905411E-07 -0.7070934
vn -0.7071202 -1.905411E-07 -0.7070934
vn -0.7071202 -1.905411E-07 -0.7070933
vn 0 0.7073041 -0.7069094
vn 0 0.7073041 -0.7069094
vn 0 0.7073041 -0.7069094
vn 0 0.7073041 -0.7069094
vn 0.7071025 2.088962E-07 -0.707111
vn 0.7071025 2.088962E-07 -0.707111
vn 0.7071025 2.088962E-07 -0.7071109
vn 0.7071025 2.088962E-07 -0.707111
vn -0.7068876 0.707326 -1.595654E-06
vn -0.7068877 0.7073259 -1.595654E-06
vn -0.7068876 0.707326 -1.595654E-06
vn -0.7068876 0.707326 -1.595654E-06
vn 0.7071116 0.7071019 -2.673688E-06
vn 0.7071116 0.7071019 -2.673688E-06
vn 0.7071116 0.7071019 -2.673688E-06
vn 0.7071116 0.7071019 -2.673688E-06
vn 0.8248906 0.3997833 0.3996608
vn 0.8248906 0.3997833 0.3996608
vn 0.8248906 0.3997833 0.3996609
vn 0.8248906 0.3997833 0.3996608
vn 0.8247969 0.3997575 -0.39988
vn 0.8247969 0.3997574 -0.3998799
vn 0.8247969 0.3997574 -0.3998799
vn 0.8247969 0.3997574 -0.3998799
vn 0.8247428 -0.3998524 -0.3998968
vn 0.8247428 -0.3998524 -0.3998968
vn 0.8247428 -0.3998524 -0.3998968
vn 0.8247428 -0.3998524 -0.3998969
vn 0.8248043 -0.3997387 0.3998836
vn 0.8248043 -0.3997387 0.3998834
vn 0.8248043 -0.3997387 0.3998835
vn 0.8248043 -0.3997387 0.3998835
vn 0.09353368 0.9230974 -0.3730182
vn 0.09353366 0.9230974 -0.3730182
vn 0.09353366 0.9230974 -0.3730182
vn 0.09353368 0.9230974 -0.3730182
vn 0.1163971 -6.994143E-07 -0.9932027
vn 0.1163971 -6.994143E-07 -0.9932027
vn 0.1163971 -6.994142E-07 -0.9932027
vn 0.1163971 -6.994143E-07 -0.9932027
vn 0.09193979 -0.9158174 -0.390929
vn 0.09193978 -0.9158174 -0.3909291
vn 0.09193978 -0.9158174 -0.3909291
vn 0.09193981 -0.9158174 -0.3909291
vn 0.9790322 0.1440177 -0.1440658
vn 0.9790322 0.1440177 -0.1440658
vn 0.9790322 0.1440177 -0.1440658
vn 0.9790322 0.1440177 -0.1440658
vn 0.9595226 -1.729993E-07 -0.2816318
vn 0.9595226 -1.729993E-07 -0.2816318
vn 0.9595226 -1.729993E-07 -0.2816318
vn 0.9595226 -1.729993E-07 -0.2816318
vn 0.97904 -0.1439906 -0.1440387
vn 0.97904 -0.1439906 -0.1440387
vn 0.9790401 -0.1439906 -0.1440387
vn 0.9790401 -0.1439906 -0.1440387
vn 0.6050779 0.5629746 -0.5629746
vn 0.6050779 0.5629746 -0.5629746
vn 0.6050778 0.5629746 -0.5629746
vn 0.6050778 0.5629746 -0.5629746
vn 0.4745352 -5.930026E-07 -0.8802365
vn 0.4745352 -5.930027E-07 -0.8802365
vn 0.4745352 -5.930026E-07 -0.8802365
vn 0.4745353 -5.930027E-07 -0.8802365
vn 0.6049659 -0.5630608 -0.5630087
vn 0.604966 -0.5630608 -0.5630087
vn 0.604966 -0.5630608 -0.5630087
vn 0.604966 -0.5630608 -0.5630087
vn 0.9486239 0.2299856 -0.2172997
vn 0.9486239 0.2299857 -0.2172997
vn 0.9486239 0.2299857 -0.2172997
vn 0.9486239 0.2299857 -0.2172997
vn 0.9569594 -0.2010933 -0.2092609
vn 0.9569594 -0.2010934 -0.2092609
vn 0.9569594 -0.2010934 -0.2092609
vn 0.9569594 -0.2010934 -0.2092609
vn 0.08956257 0.9039867 0.4180748
vn 0.08956257 0.9039867 0.4180749
vn 0.08956258 0.9039867 0.4180748
vn 0.08956259 0.9039867 0.4180748
vn 0.1164625 0.9931951 -1.522364E-05
vn 0.1164625 0.9931951 -1.522364E-05
vn 0.1164625 0.9931951 -1.522364E-05
vn 0.1164625 0.9931951 -1.522364E-05
vn 0.9790393 0.1439965 0.1440386
vn 0.9790393 0.1439965 0.1440386
vn 0.9790393 0.1439965 0.1440386
vn 0.9790393 0.1439965 0.1440386
vn 0.9595311 0.2816028 0
vn 0.9595311 0.2816028 0
vn 0.9595311 0.2816028 0
vn 0.9595311 0.2816028 0
vn 0.6050556 0.5629149 0.5630581
vn 0.6050557 0.5629148 0.5630582
vn 0.6050556 0.562915 0.5630582
vn 0.6050556 0.5629149 0.5630581
vn 0.4744353 0.8802904 0
vn 0.4744352 0.8802904 0
vn 0.4744352 0.8802904 0
vn 0.4744353 0.8802904 0
vn 0.9495963 0.2193745 0.2239233
vn 0.9495963 0.2193745 0.2239233
vn 0.9495963 0.2193745 0.2239233
vn 0.9495963 0.2193745 0.2239233
vn 0.9068606 0.4214305 -0.0004602434
vn 0.9068606 0.4214305 -0.0004602435
vn 0.9068606 0.4214305 -0.0004602435
vn 0.9068606 0.4214305 -0.0004602435
vn 0.1164014 4.196403E-07 0.9932023
vn 0.1164014 4.196403E-07 0.9932023
vn 0.1164014 4.196403E-07 0.9932023
vn 0.1164014 4.196403E-07 0.9932023
vn 0.08372314 -0.8746386 0.4774912
vn 0.08372315 -0.8746385 0.4774912
vn 0.08372314 -0.8746386 0.4774912
vn 0.08372314 -0.8746385 0.4774912
vn 0.959527 1.297502E-07 0.2816167
vn 0.959527 1.297501E-07 0.2816167
vn 0.959527 1.297502E-07 0.2816167
vn 0.959527 1.297502E-07 0.2816167
vn 0.9790393 -0.1439965 0.1440386
vn 0.9790393 -0.1439965 0.1440386
vn 0.9790393 -0.1439965 0.1440386
vn 0.9790393 -0.1439965 0.1440386
vn 0.4744905 3.706221E-07 0.8802606
vn 0.4744905 3.70622E-07 0.8802606
vn 0.4744905 3.70622E-07 0.8802606
vn 0.4744905 3.706221E-07 0.8802606
vn 0.6050625 -0.5629567 0.5630089
vn 0.6050625 -0.5629566 0.5630089
vn 0.6050627 -0.5629568 0.5630089
vn 0.6050627 -0.5629568 0.5630089
vn 0.9633888 -0.1978322 0.180954
vn 0.9633888 -0.1978321 0.180954
vn 0.9633888 -0.1978321 0.180954
vn 0.9633888 -0.1978322 0.180954
vn 0.1164209 -0.9932 0
vn 0.1164209 -0.9932 0
vn 0.1164209 -0.9932 0
vn 0.1164209 -0.9932 0
vn 0.9595284 -0.2816119 0
vn 0.9595284 -0.281612 0
vn 0.9595284 -0.281612 0
vn 0.9595284 -0.2816119 0
vn 0.4744394 -0.8802881 0
vn 0.4744394 -0.8802881 0
vn 0.4744394 -0.8802882 0
vn 0.4744394 -0.8802882 0
vn 0.9132136 0.0003101095 -0.4074813
vn 0.9132136 0.0003101095 -0.4074813
vn 0.9132134 0.0003101095 -0.4074813
vn 0.9132136 0.0003101095 -0.4074813
vn 0.9226061 0.0004771988 0.3857434
vn 0.9226061 0.0004771988 0.3857434
vn 0.9226061 0.0004771988 0.3857434
vn 0.9226061 0.0004771988 0.3857434
vn 0.9248862 -0.3802434 -0.0006290592
vn 0.9248862 -0.3802434 -0.0006290593
vn 0.9248862 -0.3802434 -0.0006290593
vn 0.9248862 -0.3802434 -0.0006290592
vn 0.9999985 0.0009390918 0.001488231
vn 0.9999985 0.0009390918 0.001488231
vn 0.9999985 0.0009390918 0.001488231
vn 0.9999985 0.0009390917 0.001488231
vn 0.9999979 0.002077557 -6.833687E-06
vn 0.9999987 0.001425238 -0.000800079
vn 0.9999979 0.002077557 -6.833688E-06
vn 0.9999987 0.001425238 -0.0008000789
vn 0.9999987 0.001425238 -0.000800079
vn 0.9999987 0.001425238 -0.000800079
vn 0.9999988 -0.001376227 0.0007964152
vn 0.9999988 -0.001376227 0.0007964152
vn 0.9999988 -0.001376227 0.0007964152
vn 0.9999988 -0.001376227 0.0007964152
vn 0.999998 -0.002053656 4.676099E-06
vn 0.999998 -0.002053656 4.6761E-06
vn 0.999998 -0.002053656 4.6761E-06
vn 0.999998 -0.002053656 4.676099E-06
vn 0.9999985 -0.0009521634 -0.001500532
vn 0.9999985 -0.0009521634 -0.001500532
vn 0.9999985 -0.0009521634 -0.001500532
vn -1 0 -0.0001083173
vn -1 0 -0.0001083173
vn -1 0 -0.0001083173
vn -1 0 -0.0001083173
vn -1 0 -0.0001300898
vn -1 0 -0.0001300898
vn -1 0 -0.0001300898
vn -1 0 -0.0001300898
vn -1 0 2.72197E-06
vn -1 0 2.72197E-06
vn -1 0 2.721969E-06
vn -1 0 0
vn -1 0 0
vn -1 0 0
vn -1 0 8.123855E-05
vn -1 0 8.123855E-05
vn -1 0 8.123855E-05
vn -1 0 8.123855E-05
vn -1 0 0
vn -1 0 0
vn -1 0 0
vn -1 0 0
vn -1 0 2.722155E-06
vn -1 0 2.722155E-06
vn -1 0 2.722155E-06
vn -1 0 -0.0001301067
vn -1 0 -0.0001301067
vn -1 0 -0.0001301067
vn 0.9999967 -1.959924E-07 0.002596986
vn 0.9999967 -1.959924E-07 0.002596986
vn 0.9999967 -1.959923E-07 0.002596986
vn 0.9999967 -1.959924E-07 0.002596986
vn 0.9999965 -4.399004E-06 -0.002662301
vn 0.9999965 -4.399004E-06 -0.002662301
vn 0.9999965 -4.399004E-06 -0.002662301
vn 0.9999965 -4.399004E-06 -0.002662301
vn 1 6.091136E-07 0
vn 1 6.091137E-07 0
vn 1 6.091137E-07 0
vn 1 6.091137E-07 0
vn 1 1.27668E-06 0
vn 1 1.27668E-06 0
vn 1 5.330622E-07 0
vn 1 5.330623E-07 0
vn 0 0 1
vn 0 0 1
vn 0 0 1
vn 0 0 1
vn 0 -1 5.753301E-07
vn 0 -1 5.753301E-07
vn 0 -1 5.753301E-07
vn 0 -1 5.753301E-07
vn -1.530163E-05 -3.348469E-07 -1
vn -1.530163E-05 -3.348469E-07 -1
vn -1.530163E-05 -3.34847E-07 -1
vn -1.530163E-05 -3.348469E-07 -1
vn -2.461754E-05 1 -5.753301E-07
vn -2.461754E-05 1 -5.753301E-07
vn -2.461754E-05 1 -5.753301E-07
vn -2.461754E-05 1 -5.753301E-07
vn -0.8628933 0.3574613 0.3572626
vn -0.8628933 0.3574613 0.3572625
vn -0.8628933 0.3574613 0.3572625
vn -0.8628933 0.3574613 0.3572625
vn -0.8628208 -0.357315 0.3575839
vn -0.8628208 -0.3573151 0.3575839
vn -0.8628208 -0.3573151 0.3575839
vn -0.8628208 -0.3573151 0.3575839
vn -0.8627053 -0.3575413 -0.3576363
vn -0.8627053 -0.3575413 -0.3576363
vn -0.8627053 -0.3575413 -0.3576363
vn -0.8627053 -0.3575413 -0.3576363
vn -0.86274 0.3575206 -0.3575732
vn -0.86274 0.3575206 -0.3575732
vn -0.86274 0.3575206 -0.3575732
vn -0.86274 0.3575206 -0.3575732
vn 0 0.7072344 0.7069792
vn 0 0.7072344 0.7069792
vn 0 0.7072344 0.7069792
vn 0 0.7072344 0.7069792
vn -0.7071721 0 0.7070414
vn -0.707172 0 0.7070415
vn -0.7071721 0 0.7070414
vn -0.7071721 0 0.7070414
vn 0 -0.7072344 0.7069792
vn 0 -0.7072344 0.7069792
vn 0 -0.7072344 0.7069792
vn 0 -0.7072344 0.7069792
vn 0.707108 -2.08896E-07 0.7071055
vn 0.7071081 -2.08896E-07 0.7071055
vn 0.7071081 -2.088961E-07 0.7071055
vn 0.707108 -2.08896E-07 0.7071055
vn -0.7070763 -0.7071372 0
vn -0.7070763 -0.7071372 0
vn -0.7070763 -0.7071372 0
vn -0.7070763 -0.7071372 0
vn -2.321194E-05 -0.7071779 -0.7070357
vn -2.321194E-05 -0.7071779 -0.7070357
vn -2.321194E-05 -0.7071779 -0.7070357
vn -2.321194E-05 -0.7071779 -0.7070357
vn 0.7071344 -0.7070791 1.083597E-06
vn 0.7071344 -0.7070791 1.083597E-06
vn 0.7071344 -0.7070791 1.083597E-06
vn 0.7071344 -0.7070791 1.083597E-06
vn -0.7071202 -2.302371E-07 -0.7070933
vn -0.7071202 -2.302371E-07 -0.7070934
vn -0.7071202 -2.302371E-07 -0.7070934
vn -0.7071202 -2.302371E-07 -0.7070933
vn 0 0.7072996 -0.7069139
vn 0 0.7072996 -0.7069139
vn 0 0.7072996 -0.7069139
vn 0 0.7072996 -0.7069139
vn 0.7071025 2.350082E-07 -0.707111
vn 0.7071025 2.350082E-07 -0.707111
vn 0.7071025 2.350082E-07 -0.7071109
vn 0.7071025 2.350082E-07 -0.707111
vn -0.7068239 0.7073896 -6.573883E-07
vn -0.7068239 0.7073896 -6.573883E-07
vn -0.7068239 0.7073895 -6.573883E-07
vn -0.7068239 0.7073895 -6.573883E-07
vn 0.7071356 0.7070779 -1.083596E-06
vn 0.7071356 0.7070779 -1.083596E-06
vn 0.7071356 0.7070779 -1.083596E-06
vn 0.7071356 0.7070779 -1.083596E-06
vn 0.824898 0.3997646 0.3996643
vn 0.8248979 0.3997646 0.3996643
vn 0.824898 0.3997646 0.3996643
vn 0.824898 0.3997646 0.3996643
vn 0.8247979 0.3997551 -0.3998804
vn 0.8247978 0.3997551 -0.3998804
vn 0.8247978 0.3997551 -0.3998804
vn 0.8247979 0.3997551 -0.3998804
vn 0.8247405 -0.3998582 -0.3998958
vn 0.8247404 -0.3998582 -0.3998957
vn 0.8247405 -0.3998582 -0.3998958
vn 0.8247404 -0.3998582 -0.3998957
vn 0.8248079 -0.3997294 0.3998853
vn 0.8248079 -0.3997293 0.3998852
vn 0.8248079 -0.3997293 0.3998852
vn 0.8248079 -0.3997293 0.3998853
vn 0.09353124 0.9231015 -0.3730084
vn 0.09353123 0.9231015 -0.3730084
vn 0.09353123 0.9231015 -0.3730084
vn 0.09353124 0.9231015 -0.3730084
vn 0.1163971 -6.994143E-07 -0.9932027
vn 0.1163971 -6.994143E-07 -0.9932027
vn 0.1163971 -6.994142E-07 -0.9932027
vn 0.1163971 -6.994143E-07 -0.9932027
vn 0.09193854 -0.9158198 -0.3909238
vn 0.09193853 -0.9158198 -0.3909238
vn 0.09193854 -0.9158198 -0.3909238
vn 0.09193854 -0.9158198 -0.3909237
vn 0.9790314 0.1440236 -0.1440657
vn 0.9790314 0.1440236 -0.1440657
vn 0.9790314 0.1440236 -0.1440657
vn 0.9790314 0.1440236 -0.1440657
vn 0.9595225 -1.729994E-07 -0.2816319
vn 0.9595225 -1.729994E-07 -0.2816319
vn 0.9595225 -1.729994E-07 -0.2816319
vn 0.9595225 -1.729994E-07 -0.2816319
vn 0.97904 -0.1439906 -0.1440387
vn 0.9790401 -0.1439906 -0.1440387
vn 0.97904 -0.1439906 -0.1440387
vn 0.9790401 -0.1439906 -0.1440387
vn 0.6050867 0.5629568 -0.5629829
vn 0.6050867 0.5629568 -0.5629829
vn 0.6050868 0.5629568 -0.5629829
vn 0.6050867 0.5629568 -0.5629829
vn 0.4745355 -5.188772E-07 -0.8802364
vn 0.4745354 -5.188773E-07 -0.8802364
vn 0.4745355 -5.188772E-07 -0.8802364
vn 0.4745354 -5.188772E-07 -0.8802364
vn 0.6049615 -0.5630697 -0.5630046
vn 0.6049615 -0.5630697 -0.5630046
vn 0.6049615 -0.5630698 -0.5630046
vn 0.6049615 -0.5630697 -0.5630046
vn 0.948623 0.2299894 -0.2172995
vn 0.948623 0.2299894 -0.2172995
vn 0.948623 0.2299895 -0.2172995
vn 0.948623 0.2299895 -0.2172995
vn 0.9569601 -0.2010902 -0.209261
vn 0.9569601 -0.2010901 -0.209261
vn 0.9569601 -0.2010901 -0.209261
vn 0.9569601 -0.2010901 -0.209261
vn 0.08953309 0.903985 0.418085
vn 0.08953309 0.903985 0.418085
vn 0.08953309 0.903985 0.418085
vn 0.08953309 0.903985 0.418085
vn 0.116472 0.9931939 -1.877709E-06
vn 0.116472 0.993194 -1.877709E-06
vn 0.116472 0.9931939 -1.877709E-06
vn 0.116472 0.9931939 -1.877709E-06
vn 0.9790399 0.1439921 0.1440386
vn 0.9790399 0.1439921 0.1440387
vn 0.9790399 0.1439921 0.1440387
vn 0.9790399 0.1439921 0.1440387
vn 0.9595311 0.2816024 0
vn 0.9595311 0.2816024 0
vn 0.9595311 0.2816023 0
vn 0.9595311 0.2816024 0
vn 0.605059 0.5629082 0.5630613
vn 0.605059 0.5629082 0.5630612
vn 0.605059 0.5629082 0.5630613
vn 0.605059 0.5629082 0.5630612
vn 0.4743941 0.8803125 0
vn 0.4743941 0.8803125 0
vn 0.4743941 0.8803125 0
vn 0.4743941 0.8803125 0
vn 0.9496196 0.219325 0.2238728
vn 0.9496196 0.219325 0.2238728
vn 0.9496196 0.219325 0.2238728
vn 0.9496196 0.219325 0.2238728
vn 0.9068813 0.4213863 -0.0001081535
vn 0.9068813 0.4213862 -0.0001081535
vn 0.9068813 0.4213862 -0.0001081535
vn 0.9068813 0.4213863 -0.0001081535
vn 0.1164015 4.546103E-07 0.9932023
vn 0.1164015 4.546103E-07 0.9932023
vn 0.1164015 4.546103E-07 0.9932023
vn 0.1164015 4.546103E-07 0.9932023
vn 0.08370323 -0.8746462 0.4774805
vn 0.08370323 -0.8746462 0.4774806
vn 0.08370323 -0.8746462 0.4774806
vn 0.08370323 -0.8746462 0.4774806
vn 0.959527 1.405626E-07 0.2816165
vn 0.9595271 1.405626E-07 0.2816165
vn 0.9595271 1.405626E-07 0.2816165
vn 0.9595271 1.405626E-07 0.2816165
vn 0.9790401 -0.1439906 0.1440387
vn 0.97904 -0.1439906 0.1440387
vn 0.9790401 -0.1439906 0.1440387
vn 0.97904 -0.1439906 0.1440387
vn 0.4744847 4.632792E-07 0.8802636
vn 0.4744847 4.632792E-07 0.8802637
vn 0.4744847 4.632792E-07 0.8802636
vn 0.4744847 4.632792E-07 0.8802636
vn 0.6050922 -0.5629457 0.562988
vn 0.6050922 -0.5629457 0.562988
vn 0.6050922 -0.5629457 0.562988
vn 0.6050922 -0.5629457 0.562988
vn 0.9633902 -0.1978258 0.1809542
vn 0.9633902 -0.1978258 0.1809542
vn 0.9633902 -0.1978258 0.1809542
vn 0.9633902 -0.1978258 0.1809542
vn 0.1164256 -0.9931994 0
vn 0.1164256 -0.9931994 0
vn 0.1164256 -0.9931994 0
vn 0.1164256 -0.9931994 0
vn 0.9595261 -0.2816195 0
vn 0.9595261 -0.2816196 0
vn 0.9595261 -0.2816195 0
vn 0.9595261 -0.2816195 0
vn 0.4744458 -0.8802847 0
vn 0.4744458 -0.8802847 0
vn 0.4744458 -0.8802846 0
vn 0.4744458 -0.8802846 0
vn 0.9132138 0.0003100832 -0.4074806
vn 0.9132138 0.0003100832 -0.4074806
vn 0.9132138 0.0003100832 -0.4074806
vn 0.9132138 0.0003100833 -0.4074806
vn 0.9226062 0.0004771859 0.3857428
vn 0.9226062 0.0004771859 0.3857428
vn 0.9226062 0.0004771859 0.3857428
vn 0.9226062 0.0004771859 0.3857428
vn 0.9248855 -0.3802457 -0.0001490879
vn 0.9248856 -0.3802456 -0.0001490879
vn 0.9248855 -0.3802456 -0.0001490878
vn 0.9248856 -0.3802456 -0.0001490879
vn 0.9999988 0.0007940092 0.001330338
vn 0.9999988 0.0007940092 0.001330338
vn 0.9999988 0.0007940092 0.001330338
vn 0.9999988 0.0007940092 0.001330339
vn 0.9999979 0.002077504 -2.288703E-06
vn 0.9999989 0.001325952 -0.0007155628
vn 0.9999979 0.002077504 -2.288703E-06
vn 0.9999989 0.001325952 -0.0007155628
vn 0.9999989 0.001325952 -0.0007155628
vn 0.9999989 0.001325952 -0.0007155628
vn 0.9999989 -0.001286809 0.0007163316
vn 0.9999989 -0.001286809 0.0007163316
vn 0.9999989 -0.001286809 0.0007163316
vn 0.9999989 -0.001286808 0.0007163316
vn 0.999998 -0.002053705 1.559419E-06
vn 0.999998 -0.002053705 1.55942E-06
vn 0.999998 -0.002053705 1.559419E-06
vn 0.9999988 -0.0007996869 -0.001336345
vn 0.9999988 -0.0007996868 -0.001336345
vn 0.9999988 -0.0007996869 -0.001336345
vn -1 0 -0.0001083173
vn -1 0 -0.0001083173
vn -1 0 -0.0001083173
vn -1 0 -0.0001083173
vn -1 0 -0.0001300898
vn -1 0 -0.0001300898
vn -1 0 -0.0001300898
vn -1 0 -0.0001300898
vn -1 0 1.0982E-06
vn -1 0 1.0982E-06
vn -1 0 1.0982E-06
vn -1 0 0
vn -1 0 0
vn -1 0 0
vn -1 0 8.123855E-05
vn -1 0 8.123855E-05
vn -1 0 8.123855E-05
vn -1 0 8.123855E-05
vn -1 0 0
vn -1 0 0
vn -1 0 0
vn -1 0 0
vn -1 0 1.098306E-06
vn -1 0 1.098306E-06
vn -1 0 1.098306E-06
vn -1 0 -0.0001301067
vn -1 0 -0.0001301067
vn -1 0 -0.0001301067
vn 0.9999979 1.615825E-07 0.002058548
vn 0.9999979 1.615824E-07 0.002058548
vn 0.9999979 1.615824E-07 0.002058548
vn 0.9999979 1.615825E-07 0.002058548
vn 0.9999979 -3.770378E-06 -0.002079671
vn 0.9999979 -3.770378E-06 -0.002079671
vn 0.9999979 -3.770378E-06 -0.002079671
vn 0.9999979 -3.770378E-06 -0.002079671
vn 1 6.091136E-07 0
vn 1 6.091137E-07 0
vn 1 6.091137E-07 0
vn 1 6.091137E-07 0
vn 1 1.27668E-06 0
vn 1 1.27668E-06 0
vn 1 5.330485E-07 0
vn 1 5.330485E-07 0
vn -0.8059517 0.1029 -0.5829695
vn -0.8059313 -0.1028999 -0.5829979
vn -0.8059313 -0.1029295 -0.5829927
vn -0.8059517 0.1029745 -0.5829564
vn -0.8058236 0.2962371 -0.5127299
vn -0.8058236 0.2961755 -0.5127655
vn -0.8057131 0.4536829 -0.3807864
vn -0.8057131 0.4536988 -0.3807675
vn -0.8056905 0.5565695 -0.2027147
vn -0.8056905 0.5565608 -0.2027389
vn -0.8057769 0.5922192 6.493583E-06
vn -0.8057769 0.5922192 6.979314E-06
vn -0.8058179 0.5564309 0.2025885
vn -0.805818 0.5564252 0.202604
vn -0.8058113 0.4536152 0.3806593
vn -0.8058113 0.4535896 0.3806897
vn -0.8057645 0.2961918 0.5128489
vn -0.8057646 0.2961321 0.5128832
vn -0.80576 0.1028837 0.5832375
vn -0.8057598 0.1028602 0.5832416
vn -0.8057699 -0.1028679 0.5832265
vn -0.8057699 -0.1028407 0.5832313
vn -0.8057261 -0.29613 0.5129449
vn -0.8057261 -0.2961352 0.5129418
vn -0.8056483 -0.4537284 0.3808693
vn -0.8056483 -0.4537441 0.3808505
vn -0.8056663 -0.5566193 0.2026739
vn -0.8056663 -0.5566169 0.2026805
vn -0.8058082 -0.5921767 9.356577E-05
vn -0.8058082 -0.5921767 8.983539E-05
vn -0.8058087 -0.5564974 -0.2024426
vn -0.8058086 -0.5564952 -0.2024487
vn -0.805707 -0.4536544 -0.380833
vn -0.805707 -0.4536715 -0.3808126
vn -0.805702 -0.296131 -0.5129821
vn -0.805702 -0.2961314 -0.5129819
vn -0.8059313 -0.1029295 -0.5829927
vn -0.8059313 -0.1028999 -0.5829979
vn -0.05026129 0.1734655 -0.9835565
vn -0.05027181 -0.1734636 -0.9835564
vn -0.05027181 -0.1734914 -0.9835514
vn -0.05026129 0.1734373 -0.9835616
vn -0.05028092 0.4993695 -0.8649288
vn -0.05028092 0.4993593 -0.8649347
vn -0.05031276 0.7650779 -0.6419691
vn -0.05031276 0.765063 -0.641987
vn -0.0502795 0.9384275 -0.341798
vn -0.0502795 0.9384263 -0.3418013
vn -0.05022429 0.998738 -3.746428E-06
vn -0.0502243 0.998738 -3.705008E-06
vn -0.05021077 0.9384664 0.3417011
vn -0.05021078 0.9384655 0.3417036
vn -0.05022224 0.765089 0.6419631
vn -0.05022222 0.7650923 0.6419591
vn -0.05021589 0.4993533 0.864942
vn -0.05021589 0.4993601 0.864938
vn -0.05023337 0.1734298 0.9835643
vn -0.05023337 0.1734591 0.9835591
vn -0.0502658 -0.1734395 0.9835609
vn -0.05026579 -0.173432 0.9835622
vn -0.05028167 -0.4993114 0.8649624
vn -0.05028166 -0.4992891 0.8649752
vn -0.05030267 -0.7650292 0.6420279
vn -0.05030267 -0.7650321 0.6420245
vn -0.05026949 -0.9384586 0.3417141
vn -0.05026948 -0.9384594 0.3417116
vn -0.05024955 -0.9987367 1.840078E-05
vn -0.05024955 -0.9987367 -2.786411E-06
vn -0.05028171 -0.9384604 -0.3417074
vn -0.05028171 -0.9384594 -0.3417098
vn -0.05028247 -0.765011 -0.6420513
vn -0.05028247 -0.765025 -0.6420346
vn -0.05026732 -0.4993505 -0.8649406
vn -0.05026733 -0.499311 -0.8649634
vn -0.05027181 -0.1734914 -0.9835514
vn -0.05027181 -0.1734636 -0.9835564
vn -0.8059517 0.1029 -0.5829695
vn -0.8059313 -0.1028999 -0.5829979
vn -0.8059313 -0.1029295 -0.5829927
vn -0.8059517 0.1029745 -0.5829564
vn -0.8058236 0.2962371 -0.5127299
vn -0.8058236 0.2961755 -0.5127655
vn -0.8057111 0.4536873 -0.3807855
vn -0.805711 0.4537031 -0.3807666
vn -0.8056905 0.5565696 -0.2027147
vn -0.8056905 0.5565607 -0.2027389
vn -0.8057821 0.5922122 6.486247E-06
vn -0.805782 0.5922123 6.960863E-06
vn -0.8058179 0.5564308 0.2025885
vn -0.8058179 0.5564253 0.2026039
vn -0.8058113 0.4536152 0.3806593
vn -0.8058113 0.4535896 0.3806897
vn -0.8057645 0.2961918 0.5128489
vn -0.8057645 0.2961321 0.5128832
vn -0.8057594 0.1028891 0.5832372
vn -0.8057594 0.1028655 0.5832413
vn -0.8057694 -0.1028733 0.5832261
vn -0.8057694 -0.1028461 0.583231
vn -0.8057261 -0.29613 0.5129449
vn -0.8057261 -0.2961352 0.5129419
vn -0.8056483 -0.4537284 0.3808693
vn -0.8056483 -0.4537442 0.3808505
vn -0.8056663 -0.5566193 0.202674
vn -0.8056664 -0.5566169 0.2026805
vn -0.8058107 -0.5921731 9.356606E-05
vn -0.8058107 -0.5921731 8.98295E-05
vn -0.8058062 -0.5565012 -0.202442
vn -0.8058063 -0.5564989 -0.202448
vn -0.8057051 -0.4536588 -0.3808321
vn -0.8057051 -0.4536758 -0.3808117
vn -0.805702 -0.296131 -0.5129821
vn -0.805702 -0.2961314 -0.5129819
vn -0.8059313 -0.1029295 -0.5829927
vn -0.8059313 -0.1028999 -0.5829979
vn -0.05026129 0.1734651 -0.9835566
vn -0.05027181 -0.1734632 -0.9835564
vn -0.05027181 -0.1734911 -0.9835516
vn -0.05026129 0.173437 -0.9835616
vn -0.05028092 0.4993698 -0.8649286
vn -0.05028092 0.4993598 -0.8649345
vn -0.05031276 0.7650779 -0.6419691
vn -0.05031276 0.765063 -0.641987
vn -0.0502795 0.9384275 -0.341798
vn -0.0502795 0.9384263 -0.3418013
vn -0.05022472 0.998738 -3.74646E-06
vn -0.05022471 0.998738 -3.705039E-06
vn -0.05021077 0.9384664 0.3417011
vn -0.05021077 0.9384656 0.3417036
vn -0.05022191 0.7650925 0.641959
vn -0.05022191 0.7650958 0.641955
vn -0.05021589 0.4993533 0.864942
vn -0.05021589 0.4993601 0.864938
vn -0.05023337 0.1734298 0.9835643
vn -0.05023337 0.1734591 0.9835591
vn -0.0502658 -0.1734395 0.9835609
vn -0.05026579 -0.173432 0.9835622
vn -0.05028167 -0.4993114 0.8649624
vn -0.05028166 -0.4992891 0.8649752
vn -0.05030235 -0.7650328 0.6420238
vn -0.05030236 -0.7650356 0.6420204
vn -0.05026949 -0.9384586 0.3417141
vn -0.05026948 -0.9384594 0.3417116
vn -0.05024955 -0.9987367 1.938768E-05
vn -0.05024955 -0.9987367 -1.784565E-06
vn -0.05028092 -0.9384621 -0.3417025
vn -0.05028092 -0.9384613 -0.341705
vn -0.05028214 -0.7650141 -0.6420475
vn -0.05028215 -0.7650282 -0.6420308
vn -0.05026733 -0.4993507 -0.8649405
vn -0.05026733 -0.4993113 -0.8649632
vn -0.05027181 -0.1734911 -0.9835516
vn -0.05027181 -0.1734632 -0.9835564
vn 0 0 1
vn 0 0 1
vn 0 0 1
vn 0 0 1
vn 5.940723E-05 -1 1.388391E-06
vn 5.940723E-05 -1 1.388391E-06
vn 5.940723E-05 -1 1.388391E-06
vn 5.940723E-05 -1 1.388391E-06
vn -1.530163E-05 -2.976417E-07 -1
vn -1.530163E-05 -2.976417E-07 -1
vn -1.530163E-05 -2.976417E-07 -1
vn -1.530163E-05 -2.976417E-07 -1
vn 0 1 -1.388391E-06
vn 0 1 -1.388391E-06
vn 0 1 -1.388391E-06
vn 0 1 -1.388391E-06
vn -0.862965 0.3573748 0.3571761
vn -0.862965 0.3573748 0.357176
vn -0.862965 0.3573747 0.357176
vn -0.862965 0.3573748 0.357176
vn -0.8628207 -0.3573151 0.3575839
vn -0.8628207 -0.3573151 0.3575839
vn -0.8628208 -0.3573151 0.3575839
vn -0.8628208 -0.3573151 0.3575839
vn -0.8627527 -0.3574849 -0.3575784
vn -0.8627527 -0.3574849 -0.3575785
vn -0.8627527 -0.3574849 -0.3575784
vn -0.8627527 -0.3574849 -0.3575784
vn -0.8628375 0.3574001 -0.3574586
vn -0.8628375 0.3574001 -0.3574586
vn -0.8628375 0.3574001 -0.3574586
vn -0.8628375 0.3574001 -0.3574586
vn 0 0.7072577 0.7069559
vn 0 0.7072577 0.7069559
vn 0 0.7072576 0.7069559
vn 0 0.7072577 0.7069559
vn -0.7071891 0 0.7070245
vn -0.7071891 0 0.7070245
vn -0.7071891 0 0.7070245
vn -0.7071891 0 0.7070245
vn 0 -0.7072577 0.7069559
vn 0 -0.7072577 0.7069559
vn 0 -0.7072576 0.7069559
vn 0 -0.7072577 0.7069559
vn 0.7071099 -2.088955E-07 0.7071036
vn 0.7071099 -2.088955E-07 0.7071036
vn 0.7071099 -2.088955E-07 0.7071036
vn 0.7071099 -2.088955E-07 0.7071036
vn -0.7070918 -0.7071217 0
vn -0.7070918 -0.7071217 0
vn -0.7070918 -0.7071217 0
vn -0.7070918 -0.7071217 0
vn 0 -0.707188 -0.7070255
vn 0 -0.707188 -0.7070255
vn 0 -0.707188 -0.7070255
vn 0 -0.707188 -0.7070255
vn 0.7071109 -0.7071025 2.67369E-06
vn 0.7071109 -0.7071025 2.67369E-06
vn 0.707111 -0.7071025 2.67369E-06
vn 0.707111 -0.7071025 2.673691E-06
vn -0.7071198 -1.905412E-07 -0.7070938
vn -0.7071198 -1.905412E-07 -0.7070938
vn -0.7071198 -1.905412E-07 -0.7070938
vn -0.7071198 -1.905412E-07 -0.7070938
vn 0 0.7073041 -0.7069094
vn 0 0.7073041 -0.7069094
vn 0 0.7073041 -0.7069094
vn 0 0.7073041 -0.7069094
vn 0.7071024 2.088962E-07 -0.7071111
vn 0.7071024 2.088962E-07 -0.7071111
vn 0.7071024 2.088962E-07 -0.7071111
vn 0.7071024 2.088962E-07 -0.7071111
vn -0.7066831 0.7075303 -1.596115E-06
vn -0.7066831 0.7075303 -1.596115E-06
vn -0.7066831 0.7075303 -1.596115E-06
vn -0.7066831 0.7075303 -1.596115E-06
vn 0.7071123 0.7071012 -2.673686E-06
vn 0.7071123 0.7071012 -2.673686E-06
vn 0.7071123 0.7071012 -2.673685E-06
vn 0.7071123 0.7071012 -2.673685E-06
vn 0.8248621 0.3998127 0.3996902
vn 0.8248621 0.3998127 0.3996902
vn 0.8248621 0.3998127 0.3996902
vn 0.8248621 0.3998127 0.3996902
vn 0.8247684 0.3997868 -0.3999094
vn 0.8247684 0.3997868 -0.3999094
vn 0.8247684 0.3997868 -0.3999093
vn 0.8247684 0.3997868 -0.3999094
vn 0.8247428 -0.3998524 -0.3998968
vn 0.8247428 -0.3998524 -0.3998969
vn 0.8247428 -0.3998523 -0.3998968
vn 0.8247427 -0.3998523 -0.3998969
vn 0.8247759 -0.3997681 0.3999129
vn 0.8247758 -0.3997681 0.3999129
vn 0.8247759 -0.3997681 0.3999129
vn 0.8247758 -0.3997681 0.3999129
vn 0.09361772 0.9230901 -0.3730152
vn 0.09361774 0.9230901 -0.3730152
vn 0.09361774 0.9230901 -0.3730152
vn 0.09361774 0.9230901 -0.3730152
vn 0.116397 -6.994142E-07 -0.9932027
vn 0.1163969 -6.994143E-07 -0.9932027
vn 0.1163969 -6.994142E-07 -0.9932027
vn 0.1163969 -6.994143E-07 -0.9932027
vn 0.09196914 -0.9158149 -0.3909281
vn 0.09196914 -0.9158149 -0.390928
vn 0.09196913 -0.9158149 -0.3909281
vn 0.09196915 -0.9158149 -0.3909281
vn 0.9790242 0.1440449 -0.144093
vn 0.9790242 0.1440449 -0.144093
vn 0.9790242 0.1440449 -0.144093
vn 0.9790242 0.1440449 -0.144093
vn 0.9595225 -1.729994E-07 -0.2816319
vn 0.9595225 -1.729994E-07 -0.2816319
vn 0.9595225 -1.729994E-07 -0.2816319
vn 0.9595225 -1.729994E-07 -0.2816319
vn 0.97904 -0.1439906 -0.1440387
vn 0.97904 -0.1439906 -0.1440387
vn 0.97904 -0.1439906 -0.1440387
vn 0.9790401 -0.1439906 -0.1440387
vn 0.6050118 0.5630101 -0.5630101
vn 0.6050118 0.5630101 -0.5630101
vn 0.6050118 0.56301 -0.56301
vn 0.6050118 0.5630101 -0.5630101
vn 0.4745355 -5.930025E-07 -0.8802364
vn 0.4745355 -5.930025E-07 -0.8802364
vn 0.4745355 -5.930025E-07 -0.8802364
vn 0.4745355 -5.930025E-07 -0.8802364
vn 0.604999 -0.5630431 -0.562991
vn 0.604999 -0.5630431 -0.562991
vn 0.6049989 -0.5630431 -0.5629909
vn 0.604999 -0.563043 -0.5629909
vn 0.9486239 0.2299856 -0.2172997
vn 0.9486239 0.2299856 -0.2172997
vn 0.9486239 0.2299856 -0.2172997
vn 0.9486239 0.2299857 -0.2172997
vn 0.9569594 -0.2010933 -0.2092609
vn 0.9569594 -0.2010934 -0.2092609
vn 0.9569594 -0.2010934 -0.2092609
vn 0.9569594 -0.2010933 -0.2092609
vn 0.08953115 0.9039893 0.418076
vn 0.08953116 0.9039893 0.418076
vn 0.08953117 0.9039893 0.4180761
vn 0.08953117 0.9039893 0.418076
vn 0.1164909 0.9931918 -1.522359E-05
vn 0.1164909 0.9931918 -1.522359E-05
vn 0.1164909 0.9931918 -1.522359E-05
vn 0.1164909 0.9931918 -1.522359E-05
vn 0.9790472 0.1439694 0.1440115
vn 0.9790472 0.1439694 0.1440115
vn 0.9790472 0.1439694 0.1440115
vn 0.9790472 0.1439694 0.1440115
vn 0.9595302 0.281606 0
vn 0.9595302 0.281606 0
vn 0.9595302 0.281606 0
vn 0.9595302 0.281606 0
vn 0.6049235 0.5629858 0.5631292
vn 0.6049235 0.5629858 0.5631292
vn 0.6049235 0.5629859 0.5631292
vn 0.6049235 0.5629858 0.5631292
vn 0.4743988 0.88031 0
vn 0.4743988 0.88031 0
vn 0.4743988 0.88031 0
vn 0.4743988 0.88031 0
vn 0.9496196 0.219325 0.2238728
vn 0.9496196 0.219325 0.2238728
vn 0.9496196 0.219325 0.2238728
vn 0.9496196 0.219325 0.2238728
vn 0.9068661 0.4214186 -0.0004602305
vn 0.9068661 0.4214186 -0.0004602304
vn 0.9068661 0.4214186 -0.0004602305
vn 0.9068661 0.4214186 -0.0004602305
vn 0.1164015 4.196403E-07 0.9932023
vn 0.1164015 4.196403E-07 0.9932023
vn 0.1164015 4.196403E-07 0.9932023
vn 0.1164015 4.196403E-07 0.9932023
vn 0.0837411 -0.8746372 0.4774905
vn 0.08374108 -0.8746372 0.4774905
vn 0.08374108 -0.8746372 0.4774905
vn 0.0837411 -0.8746372 0.4774905
vn 0.9595269 1.297503E-07 0.281617
vn 0.9595269 1.297503E-07 0.2816171
vn 0.9595269 1.297504E-07 0.2816171
vn 0.9595269 1.297503E-07 0.281617
vn 0.9790472 -0.1439694 0.1440115
vn 0.9790472 -0.1439694 0.1440115
vn 0.9790472 -0.1439694 0.1440115
vn 0.9790472 -0.1439694 0.1440115
vn 0.4744914 3.706219E-07 0.8802601
vn 0.4744914 3.706219E-07 0.8802601
vn 0.4744915 3.706219E-07 0.8802601
vn 0.4744914 3.706218E-07 0.8802601
vn 0.6049635 -0.56301 0.5630621
vn 0.6049635 -0.56301 0.5630621
vn 0.6049635 -0.56301 0.5630621
vn 0.6049634 -0.56301 0.5630621
vn 0.9633812 -0.1978524 0.1809725
vn 0.9633812 -0.1978524 0.1809725
vn 0.9633812 -0.1978524 0.1809725
vn 0.9633812 -0.1978524 0.1809725
vn 0.1163945 -0.993203 0
vn 0.1163945 -0.993203 0
vn 0.1163945 -0.993203 0
vn 0.1163945 -0.993203 0
vn 0.9595265 -0.2816183 0
vn 0.9595265 -0.2816182 0
vn 0.9595265 -0.2816183 0
vn 0.9595265 -0.2816183 0
vn 0.474453 -0.8802809 0
vn 0.474453 -0.8802809 0
vn 0.474453 -0.8802809 0
vn 0.474453 -0.8802809 0
vn 0.9132136 0.0003101095 -0.4074812
vn 0.9132136 0.0003101095 -0.4074811
vn 0.9132136 0.0003101095 -0.4074812
vn 0.9132136 0.0003101095 -0.4074812
vn 0.9226058 0.0004771993 0.3857438
vn 0.9226058 0.0004771993 0.3857437
vn 0.9226058 0.0004771993 0.3857438
vn 0.9226058 0.0004771993 0.3857437
vn 0.9248862 -0.3802434 -0.0006290593
vn 0.9248862 -0.3802433 -0.0006290592
vn 0.9248862 -0.3802434 -0.0006290593
vn 0.9248862 -0.3802434 -0.0006290593
vn 0.9999985 0.0009391792 0.00148837
vn 0.9999985 0.000939179 0.00148837
vn 0.9999985 0.0009391791 0.00148837
vn 0.9999985 0.0009391793 0.00148837
vn 0.9999979 0.002077557 -6.833687E-06
vn 0.9999987 0.001425238 -0.000800079
vn 0.9999979 0.002077557 -6.833689E-06
vn 0.9999987 0.001425238 -0.000800079
vn 0.9999987 0.001425238 -0.000800079
vn 0.9999987 0.001425238 -0.0008000789
vn 0.9999988 -0.001376227 0.0007964152
vn 0.9999988 -0.001376227 0.0007964153
vn 0.9999988 -0.001376227 0.0007964151
vn 0.9999988 -0.001376227 0.0007964153
vn 0.999998 -0.002053661 4.676111E-06
vn 0.999998 -0.002053661 4.676111E-06
vn 0.999998 -0.002053661 4.676111E-06
vn 0.999998 -0.002053661 4.676111E-06
vn 0.9999985 -0.000952242 -0.001500656
vn 0.9999985 -0.0009522421 -0.001500657
vn 0.9999985 -0.0009522419 -0.001500656
vn -1 0 -0.0001083174
vn -1 0 -0.0001083174
vn -1 0 -0.0001083174
vn -1 0 -0.0001083174
vn -1 0 -0.0001300728
vn -1 0 -0.0001300728
vn -1 0 -0.0001300728
vn -1 0 -0.0001300728
vn -1 0 2.721985E-06
vn -1 0 2.721985E-06
vn -1 0 2.721985E-06
vn -1 0 0
vn -1 0 0
vn -1 0 0
vn -1 0 8.123868E-05
vn -1 0 8.123869E-05
vn -1 0 8.123869E-05
vn -1 0 8.123868E-05
vn -1 0 0
vn -1 0 0
vn -1 0 0
vn -1 0 0
vn -1 0 2.722081E-06
vn -1 0 2.722081E-06
vn -1 0 2.722081E-06
vn -1 0 -0.0001301067
vn -1 0 -0.0001301067
vn -1 0 -0.0001301067
vn 0.9999967 -1.959923E-07 0.002596985
vn 0.9999967 -1.959923E-07 0.002596986
vn 0.9999967 -1.959923E-07 0.002596986
vn 0.9999967 -1.959923E-07 0.002596986
vn 0.9999965 -4.399003E-06 -0.0026623
vn 0.9999965 -4.399003E-06 -0.0026623
vn 0.9999965 -4.399003E-06 -0.0026623
vn 0.9999965 -4.399003E-06 -0.0026623
vn 1 6.09114E-07 0
vn 1 6.091141E-07 0
vn 1 6.091141E-07 0
vn 1 6.091141E-07 0
vn 1 1.27668E-06 0
vn 1 1.27668E-06 0
vn 1 5.330627E-07 0
vn 1 5.330627E-07 0
vn 0 0 1
vn 0 0 1
vn 0 0 1
vn 0 0 1
vn 4.923508E-05 -1 5.753301E-07
vn 4.923508E-05 -1 5.753301E-07
vn 4.923508E-05 -1 5.753301E-07
vn 4.923508E-05 -1 5.753301E-07
vn -1.530163E-05 -3.348469E-07 -1
vn -1.530163E-05 -3.348469E-07 -1
vn -1.530163E-05 -3.34847E-07 -1
vn -1.530163E-05 -3.348469E-07 -1
vn 0 1 -5.753301E-07
vn 0 1 -5.753301E-07
vn 0 1 -5.753301E-07
vn 0 1 -5.753301E-07
vn -0.8629411 0.3574036 0.3572049
vn -0.8629411 0.3574036 0.3572049
vn -0.8629411 0.3574036 0.3572049
vn -0.8629411 0.3574036 0.3572048
vn -0.8627968 -0.3573439 0.3576128
vn -0.8627968 -0.3573439 0.3576128
vn -0.8627968 -0.3573439 0.3576128
vn -0.8627968 -0.3573439 0.3576128
vn -0.8627531 -0.3574837 -0.3575786
vn -0.8627531 -0.3574837 -0.3575786
vn -0.8627531 -0.3574837 -0.3575786
vn -0.8627532 -0.3574837 -0.3575786
vn -0.8628356 0.3574052 -0.3574579
vn -0.8628356 0.3574052 -0.3574578
vn -0.8628356 0.3574052 -0.3574578
vn -0.8628357 0.3574052 -0.3574578
vn 0 0.7072344 0.7069792
vn 0 0.7072344 0.7069792
vn 0 0.7072344 0.7069792
vn 0 0.7072344 0.7069792
vn -0.7071718 0 0.7070418
vn -0.7071718 0 0.7070418
vn -0.7071719 0 0.7070418
vn -0.7071718 0 0.7070418
vn 0 -0.7072344 0.7069792
vn 0 -0.7072344 0.7069792
vn 0 -0.7072344 0.7069792
vn 0 -0.7072344 0.7069792
vn 0.7071077 -2.088961E-07 0.7071058
vn 0.7071078 -2.088961E-07 0.7071057
vn 0.7071077 -2.088961E-07 0.7071058
vn 0.7071078 -2.088961E-07 0.7071057
vn -0.7071604 -0.7070531 0
vn -0.7071604 -0.7070531 0
vn -0.7071604 -0.7070531 0
vn -0.7071604 -0.7070531 0
vn 0 -0.7071779 -0.7070357
vn 0 -0.7071779 -0.7070357
vn 0 -0.7071779 -0.7070357
vn 0 -0.7071779 -0.7070357
vn 0.7071006 -0.7071129 1.083649E-06
vn 0.7071006 -0.7071129 1.083649E-06
vn 0.7071006 -0.7071129 1.083649E-06
vn 0.7071006 -0.7071129 1.083649E-06
vn -0.7071198 -2.302373E-07 -0.7070938
vn -0.7071198 -2.302373E-07 -0.7070938
vn -0.7071198 -2.302372E-07 -0.7070938
vn -0.7071198 -2.302372E-07 -0.7070938
vn 0 0.7072996 -0.7069139
vn 0 0.7072996 -0.7069139
vn 0 0.7072996 -0.7069139
vn 0 0.7072996 -0.7069139
vn 0.7071024 2.350082E-07 -0.7071111
vn 0.7071024 2.350082E-07 -0.7071111
vn 0.7071024 2.350082E-07 -0.7071111
vn 0.7071024 2.350082E-07 -0.7071111
vn -0.7068239 0.7073896 -6.573882E-07
vn -0.7068239 0.7073896 -6.573883E-07
vn -0.7068239 0.7073895 -6.573882E-07
vn -0.7068239 0.7073895 -6.573882E-07
vn 0.7071185 0.707095 -1.083622E-06
vn 0.7071185 0.7070951 -1.083622E-06
vn 0.7071185 0.707095 -1.083622E-06
vn 0.7071185 0.707095 -1.083622E-06
vn 0.8249265 0.3997353 0.399635
vn 0.8249265 0.3997352 0.399635
vn 0.8249265 0.3997352 0.399635
vn 0.8249265 0.3997352 0.399635
vn 0.8247694 0.3997845 -0.3999098
vn 0.8247694 0.3997845 -0.3999098
vn 0.8247694 0.3997844 -0.3999098
vn 0.8247694 0.3997845 -0.3999098
vn 0.8247405 -0.3998582 -0.3998957
vn 0.8247405 -0.3998582 -0.3998958
vn 0.8247405 -0.3998582 -0.3998958
vn 0.8247405 -0.3998582 -0.3998958
vn 0.8247225 -0.3998175 0.3999735
vn 0.8247225 -0.3998175 0.3999735
vn 0.8247225 -0.3998176 0.3999735
vn 0.8247225 -0.3998176 0.3999735
vn 0.09361529 0.9230943 -0.3730055
vn 0.09361529 0.9230943 -0.3730055
vn 0.09361529 0.9230943 -0.3730055
vn 0.09361529 0.9230943 -0.3730055
vn 0.116397 -6.994142E-07 -0.9932027
vn 0.1163969 -6.994143E-07 -0.9932027
vn 0.1163969 -6.994142E-07 -0.9932027
vn 0.1163969 -6.994143E-07 -0.9932027
vn 0.0919679 -0.9158173 -0.3909227
vn 0.0919679 -0.9158173 -0.3909227
vn 0.0919679 -0.9158173 -0.3909227
vn 0.0919679 -0.9158173 -0.3909227
vn 0.9790233 0.1440508 -0.1440928
vn 0.9790233 0.1440508 -0.1440928
vn 0.9790233 0.1440508 -0.1440928
vn 0.9790233 0.1440508 -0.1440928
vn 0.9595225 -1.729994E-07 -0.2816319
vn 0.9595225 -1.729994E-07 -0.2816319
vn 0.9595225 -1.729994E-07 -0.2816319
vn 0.9595225 -1.729994E-07 -0.2816319
vn 0.9790322 -0.1440177 -0.1440658
vn 0.9790322 -0.1440177 -0.1440658
vn 0.9790322 -0.1440177 -0.1440658
vn 0.9790322 -0.1440177 -0.1440658
vn 0.6049546 0.5630279 -0.5630539
vn 0.6049546 0.5630279 -0.5630539
vn 0.6049546 0.5630279 -0.5630539
vn 0.6049546 0.5630278 -0.5630539
vn 0.4745355 -5.188772E-07 -0.8802364
vn 0.4745354 -5.188772E-07 -0.8802364
vn 0.4745355 -5.188772E-07 -0.8802364
vn 0.4745355 -5.188772E-07 -0.8802364
vn 0.6050606 -0.5630165 -0.5629513
vn 0.6050606 -0.5630165 -0.5629513
vn 0.6050606 -0.5630164 -0.5629513
vn 0.6050606 -0.5630164 -0.5629513
vn 0.948623 0.2299894 -0.2172995
vn 0.948623 0.2299895 -0.2172995
vn 0.948623 0.2299895 -0.2172995
vn 0.948623 0.2299895 -0.2172995
vn 0.9569601 -0.2010901 -0.209261
vn 0.9569601 -0.2010901 -0.209261
vn 0.9569601 -0.2010901 -0.209261
vn 0.9569601 -0.2010901 -0.209261
vn 0.08953308 0.9039848 0.418085
vn 0.0895331 0.903985 0.418085
vn 0.08953309 0.903985 0.418085
vn 0.08953309 0.903985 0.418085
vn 0.1164952 0.9931913 -1.877704E-06
vn 0.1164952 0.9931913 -1.877704E-06
vn 0.1164952 0.9931913 -1.877704E-06
vn 0.1164952 0.9931913 -1.877704E-06
vn 0.9790478 0.143965 0.1440115
vn 0.9790478 0.143965 0.1440115
vn 0.9790478 0.143965 0.1440115
vn 0.9790478 0.143965 0.1440116
vn 0.9595285 0.2816117 0
vn 0.9595285 0.2816117 0
vn 0.9595285 0.2816117 0
vn 0.9595285 0.2816117 0
vn 0.6049268 0.5629792 0.5631323
vn 0.6049268 0.5629792 0.5631322
vn 0.6049268 0.5629792 0.5631323
vn 0.6049268 0.5629792 0.5631323
vn 0.4744673 0.8802732 0
vn 0.4744672 0.8802732 0
vn 0.4744672 0.880273 0
vn 0.4744673 0.8802732 0
vn 0.9496196 0.219325 0.2238728
vn 0.9496196 0.219325 0.2238728
vn 0.9496196 0.219325 0.2238728
vn 0.9496196 0.219325 0.2238728
vn 0.9068584 0.4214354 -0.0001081661
vn 0.9068584 0.4214354 -0.0001081661
vn 0.9068584 0.4214354 -0.0001081661
vn 0.9068584 0.4214354 -0.0001081661
vn 0.1164015 4.546103E-07 0.9932023
vn 0.1164015 4.546103E-07 0.9932023
vn 0.1164015 4.546103E-07 0.9932023
vn 0.1164015 4.546103E-07 0.9932023
vn 0.08366733 -0.8746489 0.477482
vn 0.08366733 -0.8746488 0.4774821
vn 0.08366734 -0.8746489 0.4774821
vn 0.08366734 -0.8746489 0.4774821
vn 0.959527 1.405626E-07 0.2816167
vn 0.959527 1.405627E-07 0.2816167
vn 0.959527 1.405626E-07 0.2816167
vn 0.959527 1.405626E-07 0.2816167
vn 0.9790481 -0.1439635 0.1440116
vn 0.9790481 -0.1439635 0.1440116
vn 0.9790481 -0.1439635 0.1440116
vn 0.9790481 -0.1439635 0.1440116
vn 0.4744855 4.63279E-07 0.8802634
vn 0.4744855 4.63279E-07 0.8802634
vn 0.4744855 4.63279E-07 0.8802634
vn 0.4744855 4.63279E-07 0.8802634
vn 0.6050262 -0.5629811 0.5630234
vn 0.6050262 -0.5629811 0.5630235
vn 0.6050262 -0.5629811 0.5630234
vn 0.6050262 -0.5629811 0.5630236
vn 0.9633825 -0.197846 0.1809728
vn 0.9633825 -0.197846 0.1809728
vn 0.9633825 -0.197846 0.1809727
vn 0.9633825 -0.197846 0.1809728
vn 0.1164078 -0.9932016 0
vn 0.1164078 -0.9932016 0
vn 0.1164078 -0.9932016 0
vn 0.1164078 -0.9932016 0
vn 0.9595276 -0.2816144 0
vn 0.9595276 -0.2816144 0
vn 0.9595276 -0.2816144 0
vn 0.9595276 -0.2816144 0
vn 0.4743883 -0.8803157 0
vn 0.4743882 -0.8803157 0
vn 0.4743883 -0.8803157 0
vn 0.4743883 -0.8803157 0
vn 0.913214 0.000310083 -0.4074803
vn 0.913214 0.000310083 -0.4074802
vn 0.913214 0.000310083 -0.4074802
vn 0.913214 0.0003100829 -0.4074803
vn 0.9226061 0.000477186 0.3857429
vn 0.9226061 0.000477186 0.3857429
vn 0.9226061 0.000477186 0.3857429
vn 0.9226061 0.000477186 0.3857429
vn 0.9248855 -0.3802456 -0.0001490878
vn 0.9248855 -0.3802456 -0.0001490878
vn 0.9248856 -0.3802456 -0.0001490879
vn 0.9248856 -0.3802455 -0.0001490878
vn 0.9999988 0.0007939433 0.001330228
vn 0.9999988 0.0007939432 0.001330228
vn 0.9999988 0.0007939432 0.001330228
vn 0.9999988 0.0007939433 0.001330228
vn 0.9999979 0.002077542 -2.288746E-06
vn 0.9999989 0.001326189 -0.0007156907
vn 0.9999979 0.002077542 -2.288746E-06
vn 0.9999989 0.001326189 -0.0007156908
vn 0.9999989 0.001326189 -0.0007156908
vn 0.9999989 0.001326189 -0.0007156908
vn 0.9999989 -0.001286578 0.0007162032
vn 0.9999989 -0.001286578 0.0007162034
vn 0.9999989 -0.001286578 0.0007162034
vn 0.9999989 -0.001286578 0.0007162034
vn 0.999998 -0.002053702 1.559417E-06
vn 0.999998 -0.002053702 1.559417E-06
vn 0.999998 -0.002053702 1.559417E-06
vn 0.9999988 -0.0007995966 -0.001336194
vn 0.9999988 -0.0007995964 -0.001336194
vn 0.9999988 -0.0007995965 -0.001336194
vn -1 0 -0.0001083174
vn -1 0 -0.0001083174
vn -1 0 -0.0001083174
vn -1 0 -0.0001083174
vn -1 0 -0.0001300728
vn -1 0 -0.0001300728
vn -1 0 -0.0001300728
vn -1 0 -0.0001300728
vn -1 0 1.098318E-06
vn -1 0 1.098318E-06
vn -1 0 1.098318E-06
vn -1 0 0
vn -1 0 0
vn -1 0 0
vn -1 0 8.123868E-05
vn -1 0 8.123869E-05
vn -1 0 8.123869E-05
vn -1 0 8.123868E-05
vn -1 0 0
vn -1 0 0
vn -1 0 0
vn -1 0 0
vn -1 0 1.09828E-06
vn -1 0 1.09828E-06
vn -1 0 1.09828E-06
vn -1 0 -0.0001301067
vn -1 0 -0.0001301067
vn -1 0 -0.0001301067
vn 0.9999979 1.615825E-07 0.002058549
vn 0.9999979 1.615826E-07 0.002058549
vn 0.9999979 1.615825E-07 0.002058549
vn 0.9999979 1.615825E-07 0.002058549
vn 0.9999979 -3.770377E-06 -0.00207967
vn 0.9999979 -3.770377E-06 -0.002079671
vn 0.9999979 -3.770378E-06 -0.002079671
vn 0.9999979 -3.770378E-06 -0.002079671
vn 1 6.09114E-07 0
vn 1 6.091141E-07 0
vn 1 6.091141E-07 0
vn 1 6.091141E-07 0
vn 1 1.276679E-06 0
vn 1 1.276679E-06 0
vn 1 5.330489E-07 0
vn 1 5.330489E-07 0
vn 0.0002154883 -0.6714971 -0.7410071
vn 0.0002154883 -0.671497 -0.7410071
vn 0.0002154883 -0.671497 -0.7410071
vn 0.0002154883 -0.6714971 -0.7410071
vn 0.637965 0 -0.7700653
vn 0.6379651 0 -0.7700653
vn 0.6379652 0 -0.7700652
vn 0.6379651 0 -0.7700652
vn 0.0002154943 0.6714735 -0.7410285
vn 0.0002154943 0.6714734 -0.7410285
vn 0.0002154942 0.6714735 -0.7410285
vn 0.0002154943 0.6714735 -0.7410285
vn -4.610216E-07 -1 0
vn -4.610216E-07 -1 0
vn -4.610216E-07 -1 0
vn -4.610216E-07 -1 0
vn 0.707248 -0.7069655 0
vn 0.707248 -0.7069655 0
vn 0.707248 -0.7069655 0
vn 0.707248 -0.7069655 0
vn 1 0 0
vn 1 0 0
vn 1 0 0
vn 1 0 0
vn 0.7069502 0.7072632 0
vn 0.7069502 0.7072632 0
vn 0.7069502 0.7072632 0
vn 0.7069502 0.7072632 0
vn 2.457469E-07 1 2.887825E-06
vn 2.457469E-07 1 2.887825E-06
vn 2.457469E-07 1 2.887825E-06
vn 2.457469E-07 1 2.887825E-06
vn 0 -0.637894 0.7701241
vn 0 -0.637894 0.7701241
vn 0 -0.6378941 0.7701241
vn 0 -0.6378941 0.7701241
vn 0.6379559 0 0.7700729
vn 0.6379558 0 0.7700729
vn 0.6379559 0 0.7700729
vn 0.6379559 0 0.7700729
vn 0.0002154996 0.6714901 0.7410135
vn 0.0002154996 0.6714901 0.7410135
vn 0.0002154996 0.6714901 0.7410135
vn 0.0002154996 0.6714901 0.7410135
vn -1.523451E-07 0 1
vn -1.523451E-07 0 1
vn -1.523451E-07 0 1
vn -1.523451E-07 0 1
vn 0.0004546518 -0.7070612 0.7071522
vn 0.0004546517 -0.7070611 0.7071522
vn 0.0004546517 -0.7070611 0.7071523
vn 0.0004546517 -0.7070611 0.7071522
vn 0.0004540023 0.7070624 0.7071509
vn 0.0004540023 0.7070624 0.7071509
vn 0.0004540023 0.7070624 0.7071509
vn 0.0004540023 0.7070624 0.7071509
vn 0.7071214 0 0.7070922
vn 0.7071214 0 0.7070922
vn 0.7071214 0 0.7070922
vn 0.7071214 0 0.7070922
vn 0.6411755 -0.4532114 0.6192684
vn 0.6411756 -0.4532114 0.6192685
vn 0.6411755 -0.4532114 0.6192684
vn 0.6411755 -0.4532114 0.6192684
vn 0.6411414 0.4533182 0.6192256
vn 0.6411414 0.4533182 0.6192256
vn 0.6411414 0.4533182 0.6192256
vn 0.6411414 0.4533182 0.6192256
vn 0.3354716 0.94205 -0.0006539998
vn 0.3354716 0.94205 -0.0006539996
vn 0.3354716 0.94205 -0.0006539997
vn 0.3354716 0.94205 -0.0006539996
vn 0.6334959 -0.7737452 0.001099477
vn 0.6334959 -0.7737454 0.001099477
vn 0.6334959 -0.7737452 0.001099477
vn 0.6334959 -0.7737452 0.001099477
vn 0.0002001229 0.9999994 -0.001132723
vn 0.0002001229 0.9999994 -0.001132723
vn 0.0002001229 0.9999994 -0.001132723
vn 0.0002001229 0.9999994 -0.001132723
vn 0.0006435932 -0.9999996 -0.000523888
vn 0.0006435931 -0.9999996 -0.000523888
vn 0.0006435932 -0.9999996 -0.000523888
vn 0.0006435931 -0.9999996 -0.000523888
vn 0.7419291 0.6704771 0.001332574
vn 0.7419291 0.6704771 0.001332574
vn 0.7419291 0.6704771 0.001332574
vn 0.7419291 0.6704772 0.001332574
vn 0.9484657 -0.3168713 0.002359578
vn 0.9484657 -0.3168713 0.002359578
vn 0.9484657 -0.3168713 0.002359578
vn 0.9484657 -0.3168713 0.002359578
vn -1.737064E-05 -1.918918E-05 -1
vn -1.737064E-05 -1.918918E-05 -1
vn -1.737064E-05 -1.918918E-05 -1
vn -1.737064E-05 -1.918918E-05 -1
vn -2.911252E-06 1.158437E-06 -1
vn 0 0 -1
vn -2.911252E-06 1.158437E-06 -1
vn 0 -1.878366E-07 -1
vn 0 -1.878366E-07 -1
vn 0 -1.878366E-07 -1
vn 0 -1.878366E-07 -1
vn 0 0 -1
vn 0 0 -1
vn 3.072218E-06 2.305933E-06 -1
vn 3.072218E-06 2.305933E-06 -1
vn 3.072218E-06 2.305933E-06 -1
vn 3.072218E-06 2.305933E-06 -1
vn 0 0 -1
vn 0 0 -1
vn 0 0 -1
vn 0.9999973 0 0.002360202
vn 0.9999973 0 0.002360202
vn 0.9999973 0 0.002360202
vn 0.9999973 0 0.002360202
vn -0.9998851 0.01159045 -0.009771777
vn -0.9998851 0.01159038 -0.009771867
vn -0.9998857 0.01421882 -0.005146415
vn -0.999885 0.007598857 -0.01312668
vn -0.9998857 0.01421871 -0.005146713
vn -0.999885 0.007598965 -0.01312662
vn -0.9998856 0.01513068 6.126676E-05
vn -0.9998847 0.002661118 -0.01495023
vn -0.9998856 0.01513068 6.127282E-05
vn -0.9998847 0.002661633 -0.01495013
vn -0.9998853 0.0142184 0.005207662
vn -0.9998845 -0.002661604 -0.01496545
vn -0.9998853 0.01421831 0.005207906
vn -0.9998845 -0.002661357 -0.0149655
vn -0.9998847 0.01159097 0.00980287
vn -0.9998844 -0.007598792 -0.01317212
vn -0.9998847 0.01159095 0.009802898
vn -0.9998844 -0.00759883 -0.0131721
vn -0.999885 0.007565957 0.01314361
vn -0.9998842 -0.01158796 -0.009863398
vn -0.999885 0.007566091 0.01314354
vn -0.9998842 -0.01158811 -0.009863229
vn -0.9998862 0.002627961 0.01485915
vn -0.9998851 -0.01423845 -0.005208421
vn -0.9998862 0.002627486 0.01485924
vn -0.9998851 -0.01423839 -0.005208598
vn -0.9998857 -0.002627422 0.01488894
vn -0.9998852 -0.01515415 0
vn -0.9998857 -0.002627642 0.0148889
vn -0.9998852 -0.01515415 0
vn -0.9998851 -0.007564874 0.01314103
vn -0.9998857 -0.01422003 0.00514735
vn -0.9998851 -0.007564809 0.01314107
vn -0.9998857 -0.01421995 0.005147572
vn -0.9998851 -0.01158978 0.00977114
vn -0.9998851 -0.0115896 0.009771344
vn -0.1327946 0.9313636 -0.3390092
vn -0.1327946 0.9313645 -0.3390072
vn -0.1328737 0.75925 -0.6370903
vn -0.1328737 0.7592697 -0.6370667
vn -0.1326643 0.991161 -4.945337E-06
vn -0.13278 0.4956022 -0.8583402
vn -0.1326643 0.991161 -4.949753E-06
vn -0.13278 0.4955851 -0.8583502
vn -0.1327881 0.931367 0.3390026
vn -0.132773 0.1721455 -0.9760826
vn -0.1327881 0.9313678 0.3390006
vn -0.132773 0.1720922 -0.976092
vn -0.1328913 0.7592552 0.6370804
vn -0.1328479 -0.1720856 -0.9760829
vn -0.1328913 0.7592364 0.6371028
vn -0.1328479 -0.1721339 -0.9760745
vn -0.1328078 0.4956174 0.8583272
vn -0.1328295 -0.4955549 -0.8583598
vn -0.1328078 0.4955938 0.8583409
vn -0.1328295 -0.4955779 -0.8583466
vn -0.1327794 0.1721009 0.9760897
vn -0.1327238 -0.7592791 -0.6370869
vn -0.1327794 0.1721545 0.9760801
vn -0.1327238 -0.7592564 -0.6371139
vn -0.1328375 -0.1721348 0.9760756
vn -0.1328165 -0.9313946 -0.338916
vn -0.1328375 -0.1720865 0.9760842
vn -0.1328165 -0.9313928 -0.3389205
vn -0.1327971 -0.4955636 0.8583599
vn -0.1329368 -0.9911245 5.291048E-06
vn -0.1327971 -0.4955391 0.8583741
vn -0.1329368 -0.9911245 5.290292E-06
vn -0.1326845 -0.7592409 0.6371405
vn -0.1327848 -0.9313939 0.3389299
vn -0.1326845 -0.7592652 0.6371115
vn -0.1327848 -0.9313923 0.3389343
vn -0.9998851 0.01159039 -0.009771777
vn -0.9998851 0.01159032 -0.009771867
vn -0.9998857 0.01421876 -0.005146415
vn -0.999885 0.007598857 -0.01312668
vn -0.9998857 0.01421865 -0.005146713
vn -0.999885 0.007598965 -0.01312662
vn -0.9998856 0.01513068 6.126676E-05
vn -0.9998847 0.002661177 -0.01495023
vn -0.9998856 0.01513068 6.127282E-05
vn -0.9998847 0.002661693 -0.01495013
vn -0.9998853 0.0142184 0.005207662
vn -0.9998845 -0.002661664 -0.01496545
vn -0.9998853 0.01421831 0.005207906
vn -0.9998845 -0.002661417 -0.0149655
vn -0.9998847 0.01159103 0.00980287
vn -0.9998844 -0.007598792 -0.01317212
vn -0.9998847 0.01159101 0.009802898
vn -0.9998844 -0.00759883 -0.0131721
vn -0.999885 0.007566017 0.01314361
vn -0.9998842 -0.0115879 -0.009863398
vn -0.999885 0.007566151 0.01314354
vn -0.9998842 -0.01158805 -0.009863229
vn -0.9998862 0.002627902 0.01485915
vn -0.9998851 -0.01423839 -0.005208421
vn -0.9998862 0.002627426 0.01485924
vn -0.9998851 -0.01423833 -0.005208598
vn -0.9998857 -0.002627362 0.01488894
vn -0.9998852 -0.01515415 0
vn -0.9998857 -0.002627582 0.0148889
vn -0.9998852 -0.01515415 0
vn -0.9998851 -0.007564933 0.01314103
vn -0.9998857 -0.01422003 0.00514735
vn -0.9998851 -0.007564869 0.01314107
vn -0.9998857 -0.01421995 0.005147572
vn -0.9998851 -0.01158984 0.00977114
vn -0.9998851 -0.01158966 0.009771344
vn -0.1327943 0.9313641 -0.3390084
vn -0.1327943 0.9313648 -0.3390062
vn -0.1328742 0.7592477 -0.6370928
vn -0.1328743 0.7592676 -0.6370693
vn -0.1326643 0.991161 -4.938439E-06
vn -0.13278 0.4956022 -0.8583402
vn -0.1326643 0.991161 -4.943056E-06
vn -0.13278 0.4955851 -0.8583502
vn -0.1327881 0.931367 0.3390026
vn -0.1327729 0.1721508 -0.9760817
vn -0.1327881 0.9313678 0.3390006
vn -0.1327729 0.1720975 -0.9760911
vn -0.1328913 0.7592552 0.6370804
vn -0.1328478 -0.1720909 -0.976082
vn -0.1328913 0.7592364 0.6371028
vn -0.1328478 -0.1721392 -0.9760735
vn -0.132808 0.4956155 0.8583283
vn -0.1328296 -0.4955549 -0.8583599
vn -0.132808 0.4955917 0.858342
vn -0.1328295 -0.4955779 -0.8583466
vn -0.1327794 0.1721009 0.9760897
vn -0.1327243 -0.7592767 -0.6370895
vn -0.1327794 0.1721545 0.9760801
vn -0.1327243 -0.7592541 -0.6371166
vn -0.1328375 -0.1721348 0.9760756
vn -0.1328162 -0.9313949 -0.3389151
vn -0.1328375 -0.1720865 0.9760842
vn -0.1328162 -0.9313932 -0.3389196
vn -0.1327973 -0.4955616 0.8583611
vn -0.1329368 -0.9911245 5.277652E-06
vn -0.1327973 -0.495537 0.8583752
vn -0.1329368 -0.9911245 5.276497E-06
vn -0.1326845 -0.7592409 0.6371405
vn -0.1327848 -0.9313939 0.3389299
vn -0.1326845 -0.7592652 0.6371115
vn -0.1327848 -0.9313923 0.3389343
vn -0.9998851 0.01159099 -0.009772582
vn -0.9998851 0.01159109 -0.00977247
vn -0.9998857 0.01421963 -0.00514689
vn -0.999885 0.007599237 -0.013127
vn -0.9998857 0.01421952 -0.005147226
vn -0.999885 0.007599458 -0.01312687
vn -0.9998856 0.01513253 6.127432E-05
vn -0.9998847 0.002661125 -0.01495023
vn -0.9998856 0.01513253 6.128045E-05
vn -0.9998847 0.002661593 -0.01495014
vn -0.9998853 0.01421968 0.005208221
vn -0.9998845 -0.002661703 -0.01496543
vn -0.9998853 0.01421962 0.005208385
vn -0.9998845 -0.002661202 -0.01496553
vn -0.9998847 0.01159093 0.009802923
vn -0.9998844 -0.007598635 -0.01317167
vn -0.9998847 0.01159087 0.009802995
vn -0.9998844 -0.007598632 -0.01317168
vn -0.999885 0.007566052 0.01314356
vn -0.9998842 -0.01158822 -0.009863456
vn -0.999885 0.007566319 0.01314341
vn -0.9998842 -0.01158841 -0.009863229
vn -0.9998862 0.002628033 0.01486008
vn -0.9998851 -0.01423818 -0.005208493
vn -0.9998862 0.002627586 0.01486016
vn -0.9998851 -0.01423817 -0.005208526
vn -0.9998857 -0.002627329 0.01488895
vn -0.9998852 -0.01515322 0
vn -0.9998857 -0.0026278 0.01488887
vn -0.9998852 -0.01515322 0
vn -0.9998851 -0.007565158 0.0131414
vn -0.9998857 -0.01421918 0.005146987
vn -0.9998851 -0.007565135 0.01314142
vn -0.9998857 -0.01421915 0.005147067
vn -0.9998851 -0.01159007 0.009771508
vn -0.9998851 -0.01158986 0.009771771
vn -0.1328533 0.9313635 -0.338987
vn -0.1328533 0.9313644 -0.3389842
vn -0.1328643 0.7592507 -0.6370913
vn -0.1328643 0.7592708 -0.6370675
vn -0.1328214 0.9911401 -4.634913E-06
vn -0.1327719 0.4955989 -0.8583434
vn -0.1328214 0.9911401 -4.628122E-06
vn -0.1327718 0.4955626 -0.8583644
vn -0.1328575 0.9313654 0.3389799
vn -0.132754 0.1721577 -0.976083
vn -0.1328575 0.9313663 0.3389772
vn -0.132754 0.1720791 -0.9760969
vn -0.1329547 0.7592278 0.6370998
vn -0.1328348 -0.1720866 -0.9760845
vn -0.1329547 0.7592084 0.6371228
vn -0.1328348 -0.1721349 -0.9760761
vn -0.132886 0.4956001 0.8583251
vn -0.132792 -0.4955572 -0.8583643
vn -0.132886 0.4955759 0.858339
vn -0.132792 -0.4955803 -0.8583511
vn -0.1327932 0.1720951 0.9760887
vn -0.1326798 -0.7592618 -0.6371166
vn -0.1327932 0.1721743 0.9760749
vn -0.1326798 -0.7592398 -0.6371428
vn -0.1328295 -0.172135 0.9760768
vn -0.1327595 -0.9313875 -0.3389576
vn -0.1328295 -0.1720867 0.9760853
vn -0.1327595 -0.9313863 -0.3389611
vn -0.1328051 -0.4955627 0.8583591
vn -0.1329059 -0.9911287 4.581111E-06
vn -0.1328051 -0.4955383 0.8583733
vn -0.1329059 -0.9911287 4.58676E-06
vn -0.1327278 -0.7592151 0.6371623
vn -0.1328137 -0.9313763 0.3389671
vn -0.1327278 -0.7592387 0.6371341
vn -0.1328137 -0.9313751 0.3389705
vn -0.9998851 0.01159061 -0.009772313
vn -0.9998851 0.01159071 -0.009772202
vn -0.9998857 0.01421876 -0.005146575
vn -0.999885 0.007599453 -0.01312741
vn -0.9998857 0.01421864 -0.00514691
vn -0.999885 0.007599674 -0.01312728
vn -0.9998856 0.01513161 6.127056E-05
vn -0.9998847 0.002661187 -0.01495022
vn -0.9998856 0.01513161 6.12767E-05
vn -0.9998847 0.002661654 -0.01495012
vn -0.9998853 0.01421901 0.00520802
vn -0.9998845 -0.002661703 -0.01496543
vn -0.9998853 0.01421895 0.005208184
vn -0.9998845 -0.002661202 -0.01496553
vn -0.9998847 0.01159116 0.009803009
vn -0.9998844 -0.007598833 -0.0131721
vn -0.9998847 0.0115911 0.00980308
vn -0.9998844 -0.007598829 -0.0131721
vn -0.999885 0.007566212 0.013144
vn -0.9998842 -0.01158784 -0.009863185
vn -0.999885 0.00756648 0.01314386
vn -0.9998842 -0.01158803 -0.009862958
vn -0.9998862 0.002627993 0.01485962
vn -0.9998851 -0.01423777 -0.005208253
vn -0.9998862 0.002627546 0.01485969
vn -0.9998851 -0.01423776 -0.005208286
vn -0.9998857 -0.002627309 0.01488895
vn -0.9998852 -0.01515299 0
vn -0.9998857 -0.002627779 0.01488888
vn -0.9998852 -0.01515299 0
vn -0.9998851 -0.007565105 0.01314143
vn -0.9998857 -0.01421894 0.005146947
vn -0.9998851 -0.007565083 0.01314145
vn -0.9998857 -0.01421892 0.005147028
vn -0.9998851 -0.01158982 0.009771082
vn -0.9998851 -0.01158961 0.009771345
vn -0.132801 0.9313697 -0.3389905
vn -0.132801 0.9313707 -0.3389877
vn -0.1328361 0.7592544 -0.6370928
vn -0.1328361 0.7592744 -0.637069
vn -0.1327663 0.9911475 -5.324694E-06
vn -0.1327691 0.4955989 -0.8583437
vn -0.1327663 0.9911475 -5.318049E-06
vn -0.1327692 0.4955626 -0.8583648
vn -0.1328374 0.931368 0.3389807
vn -0.1327674 0.1721575 -0.9760813
vn -0.1328374 0.9313689 0.338978
vn -0.1327675 0.1720789 -0.9760951
vn -0.1329279 0.7592301 0.6371026
vn -0.1328482 -0.1720862 -0.9760828
vn -0.1329279 0.7592108 0.6371257
vn -0.1328482 -0.1721344 -0.9760743
vn -0.1328538 0.4956019 0.8583289
vn -0.1328322 -0.4955546 -0.8583596
vn -0.1328538 0.4955778 0.8583429
vn -0.1328322 -0.4955776 -0.8583463
vn -0.1327771 0.1720958 0.9760909
vn -0.1326852 -0.759261 -0.6371165
vn -0.1327771 0.172175 0.9760769
vn -0.1326852 -0.759239 -0.6371427
vn -0.1328295 -0.1721351 0.9760768
vn -0.1327528 -0.9313885 -0.3389576
vn -0.1328295 -0.1720869 0.9760852
vn -0.1327528 -0.9313871 -0.3389611
vn -0.1328025 -0.4955629 0.8583595
vn -0.132918 -0.9911271 4.862406E-06
vn -0.1328025 -0.4955385 0.8583735
vn -0.132918 -0.9911271 4.869553E-06
vn -0.1327318 -0.7592145 0.6371621
vn -0.1328231 -0.9313752 0.3389665
vn -0.1327318 -0.7592381 0.6371341
vn -0.1328231 -0.931374 0.3389699
vn -0.9998851 0.01159055 -0.009772313
vn -0.9998851 0.01159064 -0.009772202
vn -0.9998857 0.0142187 -0.005146575
vn -0.999885 0.007599453 -0.01312741
vn -0.9998857 0.01421858 -0.00514691
vn -0.999885 0.007599674 -0.01312728
vn -0.9998856 0.01513161 6.127056E-05
vn -0.9998847 0.002661247 -0.01495022
vn -0.9998856 0.01513161 6.12767E-05
vn -0.9998847 0.002661714 -0.01495012
vn -0.9998853 0.01421901 0.00520802
vn -0.9998845 -0.002661763 -0.01496543
vn -0.9998853 0.01421895 0.005208184
vn -0.9998845 -0.002661262 -0.01496553
vn -0.9998847 0.01159122 0.009803009
vn -0.9998844 -0.007598832 -0.0131721
vn -0.9998847 0.01159116 0.00980308
vn -0.9998844 -0.007598829 -0.0131721
vn -0.999885 0.007566272 0.013144
vn -0.9998842 -0.01158778 -0.009863185
vn -0.999885 0.007566541 0.01314386
vn -0.9998842 -0.01158797 -0.009862958
vn -0.9998862 0.002627933 0.01485962
vn -0.9998851 -0.01423771 -0.005208253
vn -0.9998862 0.002627487 0.01485969
vn -0.9998851 -0.0142377 -0.005208286
vn -0.9998857 -0.00262725 0.01488895
vn -0.9998852 -0.01515299 0
vn -0.9998857 -0.00262772 0.01488888
vn -0.9998852 -0.01515299 0
vn -0.9998851 -0.007565166 0.01314143
vn -0.9998857 -0.01421894 0.005146947
vn -0.9998851 -0.007565143 0.01314145
vn -0.9998857 -0.01421892 0.005147028
vn -0.9998851 -0.01158988 0.009771082
vn -0.9998851 -0.01158966 0.009771345
vn -0.1328007 0.93137 -0.3389896
vn -0.1328007 0.931371 -0.3389868
vn -0.1328367 0.7592521 -0.6370955
vn -0.1328367 0.7592722 -0.6370715
vn -0.1327663 0.9911475 -5.317797E-06
vn -0.1327692 0.4955989 -0.8583437
vn -0.1327663 0.9911475 -5.311351E-06
vn -0.1327692 0.4955626 -0.8583648
vn -0.1328374 0.931368 0.3389807
vn -0.1327673 0.1721628 -0.9760803
vn -0.1328374 0.9313689 0.3389781
vn -0.1327673 0.1720842 -0.9760942
vn -0.1329279 0.7592301 0.6371026
vn -0.1328481 -0.1720915 -0.9760819
vn -0.1329279 0.7592108 0.6371257
vn -0.1328481 -0.1721397 -0.9760734
vn -0.132854 0.4956 0.8583301
vn -0.1328322 -0.4955546 -0.8583596
vn -0.1328539 0.4955757 0.8583441
vn -0.1328322 -0.4955777 -0.8583463
vn -0.1327771 0.1720958 0.9760909
vn -0.1326857 -0.7592587 -0.6371191
vn -0.1327771 0.172175 0.9760769
vn -0.1326857 -0.7592366 -0.6371453
vn -0.1328295 -0.1721351 0.9760768
vn -0.1327525 -0.9313888 -0.3389568
vn -0.1328295 -0.1720869 0.9760852
vn -0.1327525 -0.9313875 -0.3389603
vn -0.1328026 -0.4955609 0.8583606
vn -0.132918 -0.9911271 4.855709E-06
vn -0.1328026 -0.4955363 0.8583748
vn -0.132918 -0.9911271 4.84886E-06
vn -0.1327318 -0.7592145 0.6371621
vn -0.1328231 -0.9313752 0.3389664
vn -0.1327318 -0.7592381 0.6371341
vn -0.1328231 -0.931374 0.3389699
vn -0.9998851 0.01159094 -0.009772643
vn -0.9998851 0.01159103 -0.009772534
vn -0.9998857 0.0142194 -0.005146851
vn -0.999885 0.00759897 -0.01312662
vn -0.9998857 0.01421928 -0.005147186
vn -0.999885 0.007599191 -0.01312649
vn -0.9998856 0.0151323 6.131374E-05
vn -0.9998847 0.002661248 -0.0149502
vn -0.9998856 0.0151323 6.131981E-05
vn -0.9998847 0.002661715 -0.01495011
vn -0.9998853 0.01421944 0.005208179
vn -0.9998845 -0.002661581 -0.01496498
vn -0.9998853 0.01421938 0.005208343
vn -0.9998845 -0.00266108 -0.01496508
vn -0.9998848 0.01159045 0.009802411
vn -0.9998844 -0.007598437 -0.01317125
vn -0.9998848 0.01159039 0.009802481
vn -0.9998844 -0.007598435 -0.01317125
vn -0.999885 0.007565641 0.01314273
vn -0.9998842 -0.01158878 -0.009863879
vn -0.999885 0.007565909 0.01314258
vn -0.9998842 -0.01158897 -0.009863651
vn -0.9998862 0.002627932 0.0148601
vn -0.9998851 -0.01423838 -0.005208613
vn -0.9998862 0.002627486 0.01486017
vn -0.9998851 -0.01423837 -0.005208646
vn -0.9998857 -0.002627349 0.01488895
vn -0.9998852 -0.01515322 0
vn -0.9998857 -0.00262782 0.01488887
vn -0.9998852 -0.01515322 0
vn -0.9998851 -0.007564803 0.01314107
vn -0.9998857 -0.01421915 0.005147066
vn -0.9998851 -0.00756478 0.01314108
vn -0.9998857 -0.01421912 0.005147146
vn -0.9998851 -0.01159026 0.009771288
vn -0.9998851 -0.01159004 0.009771551
vn -0.132852 0.9313636 -0.338987
vn -0.132852 0.9313646 -0.3389843
vn -0.1328415 0.7592534 -0.6370929
vn -0.1328415 0.7592735 -0.6370691
vn -0.1328227 0.9911398 -4.669399E-06
vn -0.1327477 0.4956003 -0.8583464
vn -0.1328227 0.9911398 -4.668308E-06
vn -0.1327477 0.4955639 -0.8583673
vn -0.1328052 0.9313719 0.3389826
vn -0.1327513 0.1721575 -0.9760835
vn -0.1328052 0.9313729 0.3389799
vn -0.1327514 0.172079 -0.9760972
vn -0.1328581 0.7592376 0.6371083
vn -0.1328401 -0.1720864 -0.9760839
vn -0.1328581 0.7592183 0.6371314
vn -0.1328401 -0.1721346 -0.9760754
vn -0.1328484 0.4956032 0.8583291
vn -0.1328295 -0.4955546 -0.85836
vn -0.1328484 0.4955789 0.8583431
vn -0.1328295 -0.4955776 -0.8583467
vn -0.1327986 0.1720949 0.976088
vn -0.1327362 -0.7592559 -0.637112
vn -0.1327985 0.172174 0.9760741
vn -0.1327362 -0.7592339 -0.6371382
vn -0.1328322 -0.1721351 0.9760765
vn -0.1328266 -0.9313793 -0.338954
vn -0.1328322 -0.1720868 0.9760849
vn -0.1328266 -0.931378 -0.3389575
vn -0.1327998 -0.4955627 0.85836
vn -0.1329918 -0.9911171 4.567662E-06
vn -0.1327998 -0.4955383 0.8583741
vn -0.1329918 -0.9911171 4.572912E-06
vn -0.1326768 -0.7592211 0.6371656
vn -0.1328137 -0.931376 0.3389681
vn -0.1326768 -0.7592447 0.6371376
vn -0.1328137 -0.9313747 0.3389714
vn -0.9998851 0.01159088 -0.009772644
vn -0.9998851 0.01159097 -0.009772534
vn -0.9998857 0.01421934 -0.005146851
vn -0.999885 0.007598969 -0.01312662
vn -0.9998857 0.01421923 -0.005147186
vn -0.999885 0.00759919 -0.01312649
vn -0.9998856 0.0151323 6.131374E-05
vn -0.9998847 0.002661307 -0.0149502
vn -0.9998856 0.0151323 6.131981E-05
vn -0.9998847 0.002661775 -0.01495011
vn -0.9998853 0.01421944 0.005208179
vn -0.9998845 -0.002661641 -0.01496498
vn -0.9998853 0.01421938 0.005208343
vn -0.9998845 -0.002661139 -0.01496508
vn -0.9998848 0.01159051 0.009802411
vn -0.9998844 -0.007598437 -0.01317125
vn -0.9998848 0.01159045 0.009802481
vn -0.9998844 -0.007598435 -0.01317125
vn -0.999885 0.007565701 0.01314273
vn -0.9998842 -0.01158872 -0.009863879
vn -0.999885 0.007565969 0.01314258
vn -0.9998842 -0.01158891 -0.009863651
vn -0.9998862 0.002627872 0.0148601
vn -0.9998851 -0.01423832 -0.005208613
vn -0.9998862 0.002627426 0.01486017
vn -0.9998851 -0.01423831 -0.005208646
vn -0.9998857 -0.00262729 0.01488895
vn -0.9998852 -0.01515322 0
vn -0.9998857 -0.00262776 0.01488887
vn -0.9998852 -0.01515322 0
vn -0.9998851 -0.007564864 0.01314107
vn -0.9998857 -0.01421915 0.005147066
vn -0.9998851 -0.00756484 0.01314108
vn -0.9998857 -0.01421912 0.005147146
vn -0.9998851 -0.01159032 0.009771288
vn -0.9998851 -0.0115901 0.009771551
vn -0.1328516 0.9313639 -0.3389862
vn -0.1328516 0.931365 -0.3389834
vn -0.132842 0.7592511 -0.6370957
vn -0.132842 0.7592712 -0.6370717
vn -0.1328227 0.9911398 -4.64181E-06
vn -0.1327477 0.4956003 -0.8583464
vn -0.1328227 0.9911398 -4.63482E-06
vn -0.1327477 0.4955639 -0.8583673
vn -0.1328052 0.9313719 0.3389826
vn -0.1327512 0.1721628 -0.9760825
vn -0.1328052 0.9313729 0.3389799
vn -0.1327512 0.1720843 -0.9760963
vn -0.1328581 0.7592376 0.6371083
vn -0.13284 -0.1720917 -0.9760829
vn -0.1328581 0.7592183 0.6371314
vn -0.13284 -0.1721399 -0.9760745
vn -0.1328486 0.4956011 0.8583302
vn -0.1328295 -0.4955546 -0.85836
vn -0.1328486 0.4955768 0.8583443
vn -0.1328295 -0.4955776 -0.8583467
vn -0.1327986 0.1720949 0.976088
vn -0.1327367 -0.7592535 -0.6371146
vn -0.1327985 0.172174 0.9760741
vn -0.1327367 -0.7592314 -0.6371409
vn -0.1328322 -0.1721351 0.9760765
vn -0.1328263 -0.9313796 -0.3389531
vn -0.1328322 -0.1720868 0.9760849
vn -0.1328263 -0.9313784 -0.3389567
vn -0.1327999 -0.4955605 0.8583611
vn -0.1329918 -0.9911171 4.574359E-06
vn -0.1327999 -0.4955362 0.8583752
vn -0.1329918 -0.9911171 4.572912E-06
vn -0.1326768 -0.7592213 0.6371656
vn -0.1328137 -0.931376 0.3389681
vn -0.1326768 -0.7592447 0.6371376
vn -0.1328137 -0.9313747 0.3389714
vn -0.9998851 0.01159093 -0.009772582
vn -0.9998851 0.01159103 -0.00977247
vn -0.9998857 0.01421957 -0.00514689
vn -0.999885 0.007599237 -0.013127
vn -0.9998857 0.01421945 -0.005147226
vn -0.999885 0.007599458 -0.01312687
vn -0.9998856 0.01513253 6.127432E-05
vn -0.9998847 0.002661185 -0.01495023
vn -0.9998856 0.01513253 6.128045E-05
vn -0.9998847 0.002661652 -0.01495014
vn -0.9998853 0.01421968 0.005208221
vn -0.9998845 -0.002661763 -0.01496543
vn -0.9998853 0.01421962 0.005208385
vn -0.9998845 -0.002661262 -0.01496553
vn -0.9998847 0.01159099 0.009802923
vn -0.9998844 -0.007598635 -0.01317167
vn -0.9998847 0.01159093 0.009802995
vn -0.9998844 -0.007598632 -0.01317168
vn -0.999885 0.007566112 0.01314356
vn -0.9998842 -0.01158816 -0.009863456
vn -0.999885 0.007566378 0.01314341
vn -0.9998842 -0.01158835 -0.009863229
vn -0.9998862 0.002627973 0.01486008
vn -0.9998851 -0.01423812 -0.005208493
vn -0.9998862 0.002627527 0.01486016
vn -0.9998851 -0.01423811 -0.005208526
vn -0.9998857 -0.00262727 0.01488895
vn -0.9998852 -0.01515322 0
vn -0.9998857 -0.00262774 0.01488887
vn -0.9998852 -0.01515322 0
vn -0.9998851 -0.007565218 0.0131414
vn -0.9998857 -0.01421917 0.005146987
vn -0.9998851 -0.007565196 0.01314142
vn -0.9998857 -0.01421915 0.005147067
vn -0.9998851 -0.01159014 0.009771508
vn -0.9998851 -0.01158991 0.009771771
vn -0.132853 0.9313639 -0.3389861
vn -0.132853 0.9313648 -0.3389833
vn -0.1328648 0.7592484 -0.6370941
vn -0.1328648 0.7592685 -0.6370702
vn -0.1328214 0.9911401 -4.607325E-06
vn -0.1327719 0.4955989 -0.8583434
vn -0.1328214 0.9911401 -4.60803E-06
vn -0.1327718 0.4955626 -0.8583644
vn -0.1328575 0.9313654 0.3389798
vn -0.1327539 0.172163 -0.9760821
vn -0.1328575 0.9313663 0.3389772
vn -0.1327539 0.1720844 -0.976096
vn -0.1329547 0.7592278 0.6370997
vn -0.1328347 -0.172092 -0.9760838
vn -0.1329547 0.7592084 0.6371228
vn -0.1328346 -0.1721402 -0.9760751
vn -0.1328862 0.495598 0.8583262
vn -0.132792 -0.4955572 -0.8583643
vn -0.1328861 0.4955738 0.8583401
vn -0.132792 -0.4955803 -0.8583511
vn -0.1327932 0.1720951 0.9760887
vn -0.1326804 -0.7592595 -0.6371192
vn -0.1327932 0.1721743 0.9760749
vn -0.1326804 -0.7592375 -0.6371456
vn -0.1328295 -0.172135 0.9760768
vn -0.1327592 -0.9313878 -0.3389567
vn -0.1328295 -0.1720867 0.9760853
vn -0.1327592 -0.9313866 -0.3389602
vn -0.1328053 -0.4955606 0.8583602
vn -0.1329059 -0.9911287 4.574412E-06
vn -0.1328053 -0.4955362 0.8583744
vn -0.1329059 -0.9911287 4.572965E-06
vn -0.1327278 -0.7592152 0.6371622
vn -0.1328137 -0.9313764 0.3389671
vn -0.1327278 -0.7592387 0.6371341
vn -0.1328137 -0.9313751 0.3389705
vn 0.8261428 0.5294653 -0.1927552
vn 0.7518649 0.6195445 -0.2255298
vn 0.753068 0.504016 -0.4229142
vn 0.8242513 0.4337458 -0.3639704
vn 0.7518592 0.3296644 -0.5709895
vn 0.8242357 0.5662468 2.249364E-05
vn 0.752947 0.6580812 3.28264E-05
vn 0.8261092 0.2818187 -0.4879774
vn 0.7530394 0.1142384 -0.6479825
vn 0.8261226 0.5294908 0.1927717
vn 0.7518318 0.6195767 0.225552
vn 0.8242831 0.09831474 -0.5575765
vn 0.7519055 -0.1144738 -0.6492565
vn 0.8242461 0.4337849 0.3639356
vn 0.7530365 0.5040801 0.4228941
vn 0.826124 -0.0978557 -0.5549263
vn 0.7530231 -0.3290002 -0.5698376
vn 0.8261073 0.2818278 0.4879753
vn 0.7518497 0.3296612 0.571004
vn 0.8242614 -0.2830915 -0.4903595
vn 0.7537958 -0.5054828 -0.419856
vn 0.8242831 0.09830765 0.5575779
vn 0.7530453 0.1142339 0.6479764
vn 0.8260074 -0.4339334 -0.359741
vn 0.7537904 -0.6163528 -0.2278361
vn 0.8261529 -0.09792239 0.5548716
vn 0.7519421 -0.1145149 0.6492068
vn 0.826003 -0.5285183 -0.1959271
vn 0.7530699 -0.6579405 -3.282331E-05
vn 0.8242646 -0.2830705 0.4903662
vn 0.753064 -0.3289751 0.5697982
vn 0.8242763 -0.5661877 -2.30637E-05
vn 0.7538144 -0.6163477 0.2277705
vn 0.8260229 -0.4338293 0.3598311
vn 0.7538555 -0.5053643 0.4198914
vn 0.8260123 -0.5285134 0.1959009
vn 0.9579338 -0.0499187 0.2826145
vn 0.9574759 -0.1442737 0.2498498
vn 0.9999709 0.007626948 9.941907E-06
vn 0.957498 0.0500612 0.2840627
vn 0.9538317 -0.2270598 0.1965937
vn 0.9538352 -0.2836917 0.09857721
vn 0.9579233 0.1435885 0.2485266
vn 0.9574981 -0.2884397 5.916475E-05
vn 0.9574725 0.2210491 0.1854288
vn 0.9538457 -0.2836933 -0.09847025
vn 0.9579412 0.2696402 0.09819774
vn 0.953855 -0.2271009 -0.1964327
vn 0.9575009 0.2884302 -3.019433E-05
vn 0.9574921 -0.1442104 -0.2498245
vn 0.9579393 0.2696369 -0.09822623
vn 0.9579204 -0.04983361 -0.2826748
vn 0.9574667 0.2210485 -0.185459
vn 0.9575019 0.05006723 -0.2840484
vn 0.9579158 0.1436001 -0.248548
vn 0.8261431 0.5294649 -0.1927553
vn 0.7518649 0.6195445 -0.2255298
vn 0.7530665 0.504019 -0.4229133
vn 0.82425 0.4337484 -0.3639699
vn 0.7518587 0.3296662 -0.5709893
vn 0.8242362 0.5662463 2.250306E-05
vn 0.7529479 0.6580801 3.282644E-05
vn 0.8261086 0.281821 -0.4879771
vn 0.7530394 0.1142384 -0.6479825
vn 0.8261235 0.5294895 0.1927719
vn 0.7518318 0.6195768 0.225552
vn 0.8242831 0.09831529 -0.5575765
vn 0.7519057 -0.1144699 -0.6492568
vn 0.824245 0.4337873 0.3639351
vn 0.7530342 0.5040846 0.4228928
vn 0.8261243 -0.09785243 -0.5549265
vn 0.7530231 -0.3290002 -0.5698376
vn 0.8261073 0.2818276 0.4879753
vn 0.7518502 0.3296593 0.5710045
vn 0.8242615 -0.283091 -0.4903595
vn 0.7537958 -0.5054828 -0.419856
vn 0.8242831 0.09830682 0.557578
vn 0.7530455 0.1142319 0.6479766
vn 0.8260072 -0.433934 -0.3597409
vn 0.7537876 -0.6163566 -0.2278353
vn 0.8261529 -0.0979222 0.5548717
vn 0.7519422 -0.1145129 0.6492069
vn 0.8260005 -0.5285225 -0.1959266
vn 0.7530679 -0.6579428 -3.282322E-05
vn 0.8242645 -0.2830711 0.4903661
vn 0.753064 -0.3289751 0.5697982
vn 0.8242758 -0.5661885 -2.305505E-05
vn 0.7538163 -0.6163452 0.2277711
vn 0.8260232 -0.4338285 0.3598312
vn 0.7538562 -0.5053628 0.4198918
vn 0.8260137 -0.5285111 0.1959013
vn 0.9579337 -0.04992102 0.2826145
vn 0.9574758 -0.1442749 0.2498498
vn 0.9999709 0.007626584 9.941906E-06
vn 0.9574978 0.05006235 0.2840626
vn 0.9538314 -0.2270604 0.1965937
vn 0.9538355 -0.2836905 0.09857722
vn 0.9579229 0.1435904 0.2485265
vn 0.9574987 -0.2884372 5.918326E-05
vn 0.9574732 0.221046 0.1854289
vn 0.9538447 -0.2836968 -0.09847011
vn 0.9579421 0.2696369 0.0981978
vn 0.9538547 -0.2271021 -0.1964327
vn 0.9575003 0.2884322 -3.01811E-05
vn 0.9574922 -0.1442102 -0.2498245
vn 0.9579394 0.2696362 -0.09822623
vn 0.9579204 -0.04983291 -0.2826748
vn 0.9574665 0.2210497 -0.185459
vn 0.9575018 0.0500684 -0.2840484
vn 0.9579156 0.1436025 -0.2485479
vn 0.8261272 0.5294926 -0.1927468
vn 0.7518494 0.61957 -0.2255115
vn 0.753068 0.5040213 -0.4229078
vn 0.8242565 0.4337475 -0.3639566
vn 0.7519014 0.3296341 -0.5709515
vn 0.8242502 0.5662259 -3.636415E-05
vn 0.7529609 0.6580653 -1.467964E-06
vn 0.8261307 0.2818127 -0.4879444
vn 0.7530175 0.1142373 -0.6480082
vn 0.8261394 0.5294881 0.1927068
vn 0.7518637 0.6195639 0.2254809
vn 0.8242746 0.09831255 -0.5575895
vn 0.7518634 -0.1144822 -0.6493037
vn 0.824254 0.4337505 0.3639587
vn 0.7530612 0.5040416 0.422896
vn 0.8261137 -0.09786271 -0.5549406
vn 0.7530231 -0.3290041 -0.5698355
vn 0.8261079 0.2818133 0.4879825
vn 0.7518778 0.3296336 0.5709829
vn 0.8242563 -0.2830969 -0.4903649
vn 0.7538059 -0.5054883 -0.4198312
vn 0.824267 0.09831351 0.5576006
vn 0.7530173 0.1142409 0.6480077
vn 0.8260114 -0.4339284 -0.359738
vn 0.7538069 -0.6163665 -0.2277443
vn 0.8261289 -0.09792633 0.5549067
vn 0.7518781 -0.1145237 0.6492792
vn 0.8260176 -0.5285311 -0.1958312
vn 0.7530559 -0.6579565 1.478852E-06
vn 0.8242537 -0.2830778 0.4903802
vn 0.753043 -0.3289898 0.5698175
vn 0.8242724 -0.5661933 3.633873E-05
vn 0.7537935 -0.6163711 0.2277762
vn 0.8260359 -0.4338328 0.359797
vn 0.7538346 -0.5053838 0.4199055
vn 0.8260057 -0.5285341 0.1958731
vn 0.9579332 -0.04991798 0.2826166
vn 0.9574702 -0.1442634 0.2498779
vn 0.999971 0.007618846 -9.468166E-06
vn 0.9574923 0.0500682 0.2840807
vn 0.9538485 -0.2270649 0.1965062
vn 0.9538434 -0.2837019 0.09846821
vn 0.9579147 0.1435917 0.2485578
vn 0.9574918 -0.2884607 7.462966E-05
vn 0.9574692 0.2210415 0.1854542
vn 0.9538505 -0.2836941 -0.0984216
vn 0.9579492 0.2696277 0.0981544
vn 0.9538445 -0.2271056 -0.1964784
vn 0.9575008 0.2884305 -0.0001048448
vn 0.9574851 -0.1442161 -0.2498482
vn 0.957939 0.2696372 -0.09822711
vn 0.9579353 -0.04983237 -0.2826245
vn 0.9574674 0.221068 -0.1854328
vn 0.9575118 0.05006575 -0.2840152
vn 0.9579253 0.1436047 -0.2485095
vn 0.8261322 0.5294863 -0.1927433
vn 0.7518564 0.619563 -0.2255076
vn 0.7530401 0.5040441 -0.4229307
vn 0.8242437 0.4337609 -0.3639695
vn 0.7518661 0.3296688 -0.5709779
vn 0.8242509 0.5662246 -3.663955E-05
vn 0.7529609 0.6580653 -1.467964E-06
vn 0.826121 0.2818294 -0.487951
vn 0.7530394 0.1142315 -0.6479837
vn 0.8261396 0.5294883 0.1927058
vn 0.7518637 0.6195648 0.2254784
vn 0.8242816 0.09831692 -0.5575784
vn 0.7518835 -0.1144772 -0.6492812
vn 0.8242387 0.433767 0.3639738
vn 0.7530402 0.5040591 0.4229126
vn 0.8261191 -0.0978587 -0.5549331
vn 0.7530302 -0.3289981 -0.5698296
vn 0.826104 0.2818274 0.4879811
vn 0.7518498 0.3296593 0.5710051
vn 0.8242692 -0.2830852 -0.4903499
vn 0.7538198 -0.5054761 -0.419821
vn 0.8242674 0.09831376 0.5575998
vn 0.7530234 0.1142284 0.6480028
vn 0.8260154 -0.4339247 -0.359733
vn 0.7538278 -0.6163446 -0.2277348
vn 0.8261343 -0.09791923 0.5548999
vn 0.7519184 -0.1145119 0.6492347
vn 0.8260189 -0.5285293 -0.1958304
vn 0.7530839 -0.6579245 1.473303E-06
vn 0.8242652 -0.2830697 0.4903656
vn 0.7530639 -0.3289785 0.5697963
vn 0.8242818 -0.5661797 3.661725E-05
vn 0.7538282 -0.6163352 0.2277586
vn 0.8260376 -0.4338287 0.3597979
vn 0.7538484 -0.505369 0.4198985
vn 0.8260148 -0.5285227 0.1958654
vn 0.9579196 -0.04991839 0.2826629
vn 0.9574687 -0.1442652 0.2498823
vn 0.999971 0.007619112 -1.107258E-05
vn 0.9574878 0.05006556 0.284096
vn 0.9538457 -0.227071 0.1965122
vn 0.9538411 -0.2837091 0.09846933
vn 0.9579182 0.143593 0.2485435
vn 0.9574921 -0.2884595 7.521854E-05
vn 0.957462 0.2210598 0.1854696
vn 0.9538469 -0.2837045 -0.09842703
vn 0.9579473 0.2696336 0.09815694
vn 0.9538436 -0.2271103 -0.1964771
vn 0.9575018 0.2884273 -0.0001054305
vn 0.9574907 -0.1442047 -0.2498332
vn 0.9579387 0.2696384 -0.09822699
vn 0.9579298 -0.04983037 -0.2826435
vn 0.9574679 0.2210674 -0.18543
vn 0.9575077 0.05006093 -0.2840297
vn 0.9579302 0.1435951 -0.2484961
vn 0.8261324 0.5294858 -0.1927433
vn 0.7518564 0.619563 -0.2255076
vn 0.7530385 0.504047 -0.4229297
vn 0.8242425 0.4337636 -0.363969
vn 0.7518657 0.3296705 -0.5709776
vn 0.8242514 0.566224 -3.66325E-05
vn 0.752962 0.6580641 -1.473443E-06
vn 0.8261204 0.2818318 -0.4879507
vn 0.7530394 0.1142314 -0.6479837
vn 0.8261404 0.529487 0.1927059
vn 0.7518638 0.6195647 0.2254784
vn 0.8242816 0.09831744 -0.5575784
vn 0.7518839 -0.1144732 -0.6492815
vn 0.8242375 0.4337694 0.3639733
vn 0.7530379 0.5040634 0.4229112
vn 0.8261195 -0.09785545 -0.5549332
vn 0.7530302 -0.3289981 -0.5698296
vn 0.826104 0.2818272 0.4879811
vn 0.7518502 0.3296575 0.5710053
vn 0.8242694 -0.2830847 -0.49035
vn 0.7538198 -0.5054761 -0.419821
vn 0.8242674 0.09831292 0.5575998
vn 0.7530236 0.1142264 0.6480029
vn 0.8260152 -0.4339252 -0.359733
vn 0.7538249 -0.6163483 -0.2277339
vn 0.8261344 -0.09791905 0.5548999
vn 0.7519186 -0.1145099 0.6492348
vn 0.8260163 -0.5285335 -0.1958298
vn 0.7530819 -0.6579268 1.478776E-06
vn 0.8242651 -0.2830702 0.4903654
vn 0.7530639 -0.3289785 0.5697963
vn 0.8242814 -0.5661804 3.663213E-05
vn 0.7538301 -0.6163327 0.2277592
vn 0.8260379 -0.433828 0.359798
vn 0.7538491 -0.5053675 0.4198988
vn 0.8260162 -0.5285203 0.1958658
vn 0.9579195 -0.04992072 0.2826629
vn 0.9574686 -0.1442664 0.2498823
vn 0.999971 0.007618747 -1.107258E-05
vn 0.9574878 0.05006672 0.2840959
vn 0.9538456 -0.2270717 0.1965122
vn 0.9538415 -0.2837079 0.09846936
vn 0.9579179 0.1435949 0.2485434
vn 0.9574928 -0.2884572 7.523444E-05
vn 0.9574628 0.2210567 0.1854697
vn 0.9538459 -0.2837079 -0.09842689
vn 0.9579481 0.2696304 0.09815705
vn 0.9538434 -0.2271114 -0.1964771
vn 0.9575011 0.2884293 -0.0001054146
vn 0.9574907 -0.1442045 -0.2498332
vn 0.9579389 0.2696377 -0.09822699
vn 0.9579298 -0.04982967 -0.2826434
vn 0.9574677 0.2210686 -0.18543
vn 0.9575077 0.0500621 -0.2840297
vn 0.9579297 0.1435974 -0.248496
vn 0.8261298 0.5294889 -0.1927463
vn 0.7518494 0.6195692 -0.225514
vn 0.75304 0.5040488 -0.422925
vn 0.8242412 0.4337661 -0.363969
vn 0.7518731 0.329662 -0.5709726
vn 0.8242603 0.5662112 -3.536492E-05
vn 0.7529819 0.6580412 0
vn 0.8261123 0.2818332 -0.4879637
vn 0.7530113 0.1142377 -0.6480151
vn 0.8261405 0.529487 0.192705
vn 0.7518637 0.6195647 0.2254785
vn 0.8242696 0.09832248 -0.5575951
vn 0.7518695 -0.1144806 -0.6492968
vn 0.8242449 0.4337619 0.3639655
vn 0.7530402 0.5040609 0.4229103
vn 0.826117 -0.09786008 -0.5549361
vn 0.7530372 -0.3289909 -0.5698245
vn 0.8261019 0.2818272 0.4879846
vn 0.7518567 0.3296525 0.5709997
vn 0.8242588 -0.2830916 -0.4903638
vn 0.7538199 -0.5054786 -0.4198178
vn 0.8242615 0.0983158 0.5576083
vn 0.7530094 0.1142334 0.6480182
vn 0.826018 -0.433923 -0.3597293
vn 0.7538104 -0.6163634 -0.227741
vn 0.8261231 -0.09792354 0.554916
vn 0.7518764 -0.1145221 0.6492815
vn 0.8260254 -0.5285206 -0.1958264
vn 0.7530734 -0.6579365 -7.448669E-07
vn 0.8242549 -0.2830743 0.4903802
vn 0.75305 -0.328982 0.5698128
vn 0.8242863 -0.5661733 3.481655E-05
vn 0.7538108 -0.6163536 0.2277661
vn 0.8260451 -0.4338216 0.359789
vn 0.753845 -0.5053741 0.4198983
vn 0.8260232 -0.528511 0.1958616
vn 0.9579271 -0.04991515 0.2826376
vn 0.9574667 -0.1442691 0.2498878
vn 0.999971 0.007620823 -1.546192E-05
vn 0.9574949 0.05005955 0.2840734
vn 0.9538509 -0.227059 0.1965013
vn 0.9538477 -0.2836893 0.09846248
vn 0.957922 0.1435891 0.2485308
vn 0.9574898 -0.288467 7.463393E-05
vn 0.9574693 0.221043 0.1854524
vn 0.9538524 -0.2836881 -0.09842084
vn 0.9579488 0.2696285 0.09815574
vn 0.9538438 -0.2271081 -0.1964789
vn 0.9575008 0.2884305 -0.0001048448
vn 0.9574819 -0.1442212 -0.2498572
vn 0.9579444 0.269621 -0.09821947
vn 0.9579316 -0.0498307 -0.2826377
vn 0.9574729 0.2210528 -0.1854215
vn 0.9575023 0.05006842 -0.2840467
vn 0.95792 0.1436105 -0.2485263
vn 0.82613 0.5294886 -0.1927463
vn 0.7518494 0.6195692 -0.225514
vn 0.7530385 0.5040518 -0.4229242
vn 0.8242399 0.4337688 -0.3639685
vn 0.7518727 0.3296638 -0.5709723
vn 0.8242607 0.5662106 -3.534531E-05
vn 0.752983 0.65804 0
vn 0.8261117 0.2818355 -0.4879633
vn 0.7530113 0.1142377 -0.6480151
vn 0.8261414 0.5294858 0.1927052
vn 0.7518637 0.6195647 0.2254784
vn 0.8242696 0.09832304 -0.557595
vn 0.7518699 -0.1144767 -0.6492971
vn 0.8242438 0.4337644 0.3639651
vn 0.7530379 0.5040654 0.422909
vn 0.8261173 -0.09785681 -0.5549363
vn 0.7530372 -0.3289909 -0.5698245
vn 0.826102 0.281827 0.4879846
vn 0.7518573 0.3296507 0.5710001
vn 0.824259 -0.283091 -0.4903639
vn 0.7538199 -0.5054786 -0.4198178
vn 0.8242615 0.09831499 0.5576084
vn 0.7530097 0.1142314 0.6480183
vn 0.8260178 -0.4339234 -0.3597292
vn 0.7538076 -0.6163672 -0.2277402
vn 0.8261231 -0.09792333 0.5549159
vn 0.7518765 -0.1145202 0.6492818
vn 0.8260229 -0.5285248 -0.1958258
vn 0.7530714 -0.6579388 -7.284341E-07
vn 0.8242548 -0.2830748 0.4903801
vn 0.75305 -0.328982 0.5698128
vn 0.8242858 -0.5661741 3.483536E-05
vn 0.7538127 -0.6163512 0.2277667
vn 0.8260455 -0.433821 0.3597892
vn 0.7538458 -0.5053726 0.4198988
vn 0.8260247 -0.5285087 0.1958619
vn 0.957927 -0.04991748 0.2826376
vn 0.9574666 -0.1442703 0.2498878
vn 0.999971 0.007620458 -1.546601E-05
vn 0.9574948 0.0500607 0.2840733
vn 0.9538506 -0.2270597 0.1965013
vn 0.9538481 -0.2836881 0.09846248
vn 0.9579217 0.1435909 0.2485308
vn 0.9574905 -0.2884647 7.465509E-05
vn 0.95747 0.2210398 0.1854525
vn 0.9538514 -0.2836916 -0.09842072
vn 0.9579498 0.2696252 0.09815582
vn 0.9538435 -0.2271092 -0.1964788
vn 0.9575003 0.2884325 -0.0001048315
vn 0.957482 -0.144221 -0.2498571
vn 0.9579445 0.2696204 -0.09821948
vn 0.9579316 -0.04983 -0.2826377
vn 0.9574727 0.2210539 -0.1854215
vn 0.9575022 0.05006957 -0.2840466
vn 0.9579197 0.1436128 -0.2485262
vn 0.8261275 0.5294922 -0.1927469
vn 0.7518494 0.6195701 -0.2255116
vn 0.7530665 0.5040243 -0.4229069
vn 0.8242553 0.4337501 -0.3639561
vn 0.7519009 0.329636 -0.5709512
vn 0.8242505 0.5662252 -3.63571E-05
vn 0.752962 0.6580641 -1.473443E-06
vn 0.8261302 0.281815 -0.4879441
vn 0.7530175 0.1142373 -0.6480081
vn 0.8261402 0.529487 0.1927069
vn 0.7518637 0.6195639 0.2254809
vn 0.8242745 0.09831311 -0.5575895
vn 0.7518637 -0.1144782 -0.649304
vn 0.8242529 0.433753 0.3639583
vn 0.7530589 0.504046 0.4228946
vn 0.8261139 -0.09785946 -0.5549407
vn 0.7530231 -0.3290041 -0.5698355
vn 0.8261081 0.2818131 0.4879824
vn 0.7518784 0.3296318 0.5709831
vn 0.8242564 -0.2830963 -0.490365
vn 0.7538059 -0.5054883 -0.4198312
vn 0.824267 0.09831268 0.5576006
vn 0.7530175 0.1142389 0.6480078
vn 0.8260111 -0.4339288 -0.359738
vn 0.7538041 -0.6163702 -0.2277434
vn 0.8261289 -0.09792614 0.5549067
vn 0.7518783 -0.1145217 0.6492795
vn 0.8260151 -0.5285352 -0.1958306
vn 0.7530539 -0.6579588 1.478847E-06
vn 0.8242536 -0.2830783 0.4903801
vn 0.753043 -0.3289898 0.5698175
vn 0.824272 -0.5661941 3.635283E-05
vn 0.7537954 -0.6163687 0.2277768
vn 0.8260362 -0.4338321 0.3597971
vn 0.7538354 -0.5053823 0.4199059
vn 0.8260071 -0.5285317 0.1958734
vn 0.9579331 -0.04992031 0.2826165
vn 0.95747 -0.1442645 0.2498779
vn 0.999971 0.00761848 -9.472259E-06
vn 0.9574922 0.05006935 0.2840807
vn 0.9538482 -0.2270656 0.1965062
vn 0.9538437 -0.2837007 0.09846824
vn 0.9579144 0.1435935 0.2485577
vn 0.9574924 -0.2884583 7.465082E-05
vn 0.95747 0.2210383 0.1854543
vn 0.9538496 -0.2836977 -0.09842146
vn 0.9579501 0.2696245 0.09815449
vn 0.9538442 -0.2271068 -0.1964784
vn 0.9575003 0.2884325 -0.0001048315
vn 0.9574851 -0.1442159 -0.2498482
vn 0.9579393 0.2696366 -0.09822711
vn 0.9579355 -0.04983168 -0.2826245
vn 0.957467 0.2210691 -0.1854327
vn 0.9575117 0.0500669 -0.2840151
vn 0.9579249 0.1436069 -0.2485094
usemtl Kitchen_set03_mat
f 1/1/1 3/3/3 2/2/2 
f 4/4/4 6/6/6 5/5/5 
f 7/7/7 9/9/9 8/8/8 
f 10/10/10 12/12/12 11/11/11 
f 13/13/13 15/15/15 14/14/14 
f 13/13/13 16/16/16 15/15/15 
f 17/17/17 19/19/19 18/18/18 
f 17/17/17 20/20/20 19/19/19 
f 21/21/21 23/23/23 22/22/22 
f 21/21/21 24/24/24 23/23/23 
f 25/25/25 27/27/27 26/26/26 
f 25/25/25 28/28/28 27/27/27 
f 29/29/29 31/31/31 30/30/30 
f 29/29/29 32/32/32 31/31/31 
f 33/33/33 35/35/35 34/34/34 
f 33/33/33 36/36/36 35/35/35 
f 37/37/37 39/39/39 38/38/38 
f 37/37/37 40/40/40 39/39/39 
f 41/41/41 43/43/43 42/42/42 
f 41/41/41 44/44/44 43/43/43 
f 45/45/45 47/47/47 46/46/46 
f 45/45/45 48/48/48 47/47/47 
f 49/49/49 51/51/51 50/50/50 
f 49/49/49 52/52/52 51/51/51 
f 53/53/53 55/55/55 54/54/54 
f 53/53/53 56/56/56 55/55/55 
f 57/57/57 59/59/59 58/58/58 
f 57/57/57 60/60/60 59/59/59 
f 61/61/61 63/63/63 62/62/62 
f 61/61/61 64/64/64 63/63/63 
f 65/65/65 67/67/67 66/66/66 
f 65/65/65 68/68/68 67/67/67 
f 69/69/69 71/71/71 70/70/70 
f 69/69/69 72/72/72 71/71/71 
f 73/73/73 75/75/75 74/74/74 
f 73/73/73 76/76/76 75/75/75 
f 77/77/77 79/79/79 78/78/78 
f 77/77/77 80/80/80 79/79/79 
f 81/81/81 83/83/83 82/82/82 
f 81/81/81 84/84/84 83/83/83 
f 85/85/85 87/87/87 86/86/86 
f 85/85/85 88/88/88 87/87/87 
f 89/89/89 91/91/91 90/90/90 
f 89/89/89 92/92/92 91/91/91 
f 93/93/93 95/95/95 94/94/94 
f 93/93/93 96/96/96 95/95/95 
f 97/97/97 99/99/99 98/98/98 
f 97/97/97 100/100/100 99/99/99 
f 101/101/101 103/103/103 102/102/102 
f 101/101/101 104/104/104 103/103/103 
f 105/105/105 107/107/107 106/106/106 
f 105/105/105 108/108/108 107/107/107 
f 109/109/109 111/111/111 110/110/110 
f 109/109/109 112/112/112 111/111/111 
f 113/113/113 115/115/115 114/114/114 
f 113/113/113 116/116/116 115/115/115 
f 117/117/117 119/119/119 118/118/118 
f 117/117/117 120/120/120 119/119/119 
f 121/121/121 123/123/123 122/122/122 
f 121/121/121 124/124/124 123/123/123 
f 125/125/125 127/127/127 126/126/126 
f 125/125/125 128/128/128 127/127/127 
f 129/129/129 131/131/131 130/130/130 
f 129/129/129 132/132/132 131/131/131 
f 133/133/133 135/135/135 134/134/134 
f 133/133/133 136/136/136 135/135/135 
f 137/137/137 139/139/139 138/138/138 
f 137/137/137 140/140/140 139/139/139 
f 141/141/141 143/143/143 142/142/142 
f 141/141/141 144/144/144 143/143/143 
f 145/145/145 147/147/147 146/146/146 
f 145/145/145 148/148/148 147/147/147 
f 149/149/149 151/151/151 150/150/150 
f 149/149/149 152/152/152 151/151/151 
f 153/153/153 155/155/155 154/154/154 
f 153/153/153 156/156/156 155/155/155 
f 157/157/157 159/159/159 158/158/158 
f 157/157/157 160/160/160 159/159/159 
f 161/161/161 163/163/163 162/162/162 
f 161/161/161 164/164/164 163/163/163 
f 165/165/165 167/167/167 166/166/166 
f 165/165/165 168/168/168 167/167/167 
f 169/169/169 171/171/171 170/170/170 
f 169/169/169 172/172/172 171/171/171 
f 173/173/173 175/175/175 174/174/174 
f 173/173/173 176/176/176 175/175/175 
f 177/177/177 179/179/179 178/178/178 
f 177/177/177 180/180/180 179/179/179 
f 181/181/181 183/183/183 182/182/182 
f 181/181/181 184/184/184 183/183/183 
f 185/185/185 187/187/187 186/186/186 
f 185/185/185 188/188/188 187/187/187 
f 189/189/189 191/191/191 190/190/190 
f 189/189/189 192/192/192 191/191/191 
f 193/193/193 195/195/195 194/194/194 
f 193/193/193 196/196/196 195/195/195 
f 197/197/197 199/199/199 198/198/198 
f 197/197/197 200/200/200 199/199/199 
f 201/201/201 203/203/203 202/202/202 
f 201/201/201 204/204/204 203/203/203 
f 205/205/205 207/207/207 206/206/206 
f 205/205/205 208/208/208 207/207/207 
f 209/209/209 211/211/211 210/210/210 
f 209/209/209 212/212/212 211/211/211 
f 213/213/213 215/215/215 214/214/214 
f 213/213/213 216/216/216 215/215/215 
f 217/217/217 219/219/219 218/218/218 
f 217/217/217 220/220/220 219/219/219 
f 221/221/221 223/223/223 222/222/222 
f 221/221/221 224/224/224 223/223/223 
f 225/225/225 227/227/227 226/226/226 
f 225/225/225 228/228/228 227/227/227 
f 229/229/229 231/231/231 230/230/230 
f 229/229/229 232/232/232 231/231/231 
f 233/233/233 235/235/235 234/234/234 
f 233/233/233 236/236/236 235/235/235 
f 237/237/237 239/239/239 238/238/238 
f 237/237/237 238/238/238 240/240/240 
f 241/241/241 240/240/240 242/242/242 
f 241/241/241 242/242/242 243/243/243 
f 244/244/244 242/242/242 245/245/245 
f 244/244/244 246/246/246 242/242/242 
f 247/247/247 249/249/249 248/248/248 
f 247/247/247 250/250/250 249/249/249 
f 251/251/251 253/253/253 252/252/252 
f 251/251/251 254/254/254 253/253/253 
f 253/253/253 256/256/256 255/255/255 
f 253/253/253 257/257/257 256/256/256 
f 258/258/258 260/260/260 259/259/259 
f 258/258/258 261/261/261 260/260/260 
f 262/262/262 264/264/264 263/263/263 
f 262/262/262 265/265/265 264/264/264 
f 266/266/266 264/264/264 267/267/267 
f 266/266/266 267/267/267 268/268/268 
f 269/269/269 266/266/266 270/270/270 
f 269/269/269 270/270/270 271/271/271 
f 272/272/272 274/274/274 273/273/273 
f 272/272/272 275/275/275 274/274/274 
f 276/276/276 278/278/278 277/277/277 
f 276/276/276 279/279/279 278/278/278 
f 280/280/280 276/276/276 281/281/281 
f 280/280/280 281/281/281 282/282/282 
f 283/283/283 280/280/280 284/284/284 
f 283/283/283 284/284/284 285/285/285 
f 286/286/286 288/288/288 287/287/287 
f 286/286/286 289/289/289 288/288/288 
f 290/290/290 292/292/292 291/291/291 
f 290/290/290 293/293/293 292/292/292 
f 294/294/294 296/296/296 295/295/295 
f 294/294/294 295/295/295 297/297/297 
f 297/297/297 295/295/295 298/298/298 
f 297/297/297 298/298/298 299/299/299 
f 299/299/299 298/298/298 300/300/300 
f 299/299/299 300/300/300 301/301/301 
f 302/302/302 304/304/304 303/303/303 
f 302/302/302 305/305/305 304/304/304 
f 306/306/306 308/308/308 307/307/307 
f 306/306/306 309/309/309 308/308/308 
f 310/310/310 312/312/312 311/311/311 
f 310/310/310 313/313/313 312/312/312 
f 314/314/314 316/316/316 315/315/315 
f 314/314/314 317/317/317 316/316/316 
f 318/318/318 320/320/320 319/319/319 
f 318/318/318 321/321/321 320/320/320 
f 322/322/322 324/324/324 323/323/323 
f 322/322/322 325/325/325 324/324/324 
f 326/326/326 328/328/328 327/327/327 
f 326/326/326 329/329/329 328/328/328 
f 330/330/330 332/332/332 331/331/331 
f 330/330/330 333/333/333 332/332/332 
f 334/334/334 336/336/336 335/335/335 
f 334/334/334 337/337/337 336/336/336 
f 338/338/338 340/340/340 339/339/339 
f 338/338/338 341/341/341 340/340/340 
f 342/342/342 344/344/344 343/343/343 
f 342/342/342 345/345/345 344/344/344 
f 346/346/346 348/348/348 347/347/347 
f 346/346/346 349/349/349 348/348/348 
f 350/350/350 352/352/352 351/351/351 
f 350/350/350 353/353/353 352/352/352 
f 354/354/354 356/356/356 355/355/355 
f 354/354/354 357/357/357 356/356/356 
f 358/358/358 360/360/360 359/359/359 
f 358/358/358 361/361/361 360/360/360 
f 362/362/362 364/364/364 363/363/363 
f 362/362/362 365/365/365 364/364/364 
f 366/366/366 368/368/368 367/367/367 
f 366/366/366 369/369/369 368/368/368 
f 370/370/370 372/372/372 371/371/371 
f 370/370/370 373/373/373 372/372/372 
f 374/374/374 376/376/376 375/375/375 
f 374/374/374 377/377/377 376/376/376 
f 378/378/378 380/380/380 379/379/379 
f 378/378/378 381/381/381 380/380/380 
f 382/382/382 384/384/384 383/383/383 
f 382/382/382 385/385/385 384/384/384 
f 386/386/386 388/388/388 387/387/387 
f 386/386/386 389/389/389 388/388/388 
f 390/390/390 392/392/392 391/391/391 
f 390/390/390 393/393/393 392/392/392 
f 394/394/394 396/396/396 395/395/395 
f 394/394/394 397/397/397 396/396/396 
f 398/398/398 400/400/400 399/399/399 
f 398/398/398 401/401/401 400/400/400 
f 402/402/402 404/404/404 403/403/403 
f 402/402/402 405/405/405 404/404/404 
f 406/406/406 408/408/408 407/407/407 
f 406/406/406 409/409/409 408/408/408 
f 410/410/410 412/412/412 411/411/411 
f 410/410/410 413/413/413 412/412/412 
f 414/414/414 416/416/416 415/415/415 
f 414/414/414 417/417/417 416/416/416 
f 418/418/418 420/420/420 419/419/419 
f 418/418/418 421/421/421 420/420/420 
f 422/422/422 424/424/424 423/423/423 
f 422/422/422 425/425/425 424/424/424 
f 426/426/426 428/428/428 427/427/427 
f 426/426/426 429/429/429 428/428/428 
f 430/430/430 432/432/432 431/431/431 
f 430/430/430 433/433/433 432/432/432 
f 434/434/434 436/436/436 435/435/435 
f 434/434/434 437/437/437 436/436/436 
f 438/438/438 440/440/440 439/439/439 
f 438/438/438 441/441/441 440/440/440 
f 442/442/442 444/444/444 443/443/443 
f 442/442/442 445/445/445 444/444/444 
f 446/446/446 448/448/448 447/447/447 
f 446/446/446 449/449/449 448/448/448 
f 450/450/450 452/452/452 451/451/451 
f 450/450/450 453/453/453 452/452/452 
f 454/454/454 456/456/456 455/455/455 
f 454/454/454 457/457/457 456/456/456 
f 458/458/458 460/460/460 459/459/459 
f 458/458/458 461/461/461 460/460/460 
f 462/462/462 464/464/464 463/463/463 
f 462/462/462 465/465/465 464/464/464 
f 466/466/466 468/468/468 467/467/467 
f 466/466/466 469/469/469 468/468/468 
f 470/470/470 472/472/472 471/471/471 
f 470/470/470 473/473/473 472/472/472 
f 474/474/474 476/476/476 475/475/475 
f 474/474/474 477/477/477 476/476/476 
f 478/478/478 480/480/480 479/479/479 
f 478/478/478 481/481/481 480/480/480 
f 482/482/482 484/484/484 483/483/483 
f 482/482/482 485/485/485 484/484/484 
f 486/486/486 488/488/488 487/487/487 
f 486/486/486 489/489/489 488/488/488 
f 490/490/490 492/492/492 491/491/491 
f 490/490/490 493/493/493 492/492/492 
f 494/494/494 496/496/496 495/495/495 
f 494/494/494 497/497/497 496/496/496 
f 498/498/498 500/500/500 499/499/499 
f 498/498/498 501/501/501 500/500/500 
f 502/502/502 504/504/504 503/503/503 
f 502/502/502 505/505/505 504/504/504 
f 506/506/506 508/508/508 507/507/507 
f 506/506/506 509/509/509 508/508/508 
f 510/510/510 512/512/512 511/511/511 
f 510/510/510 513/513/513 512/512/512 
f 514/514/514 516/516/516 515/515/515 
f 514/514/514 517/517/517 516/516/516 
f 518/518/518 520/520/520 519/519/519 
f 518/518/518 521/521/521 520/520/520 
f 522/522/522 524/524/524 523/523/523 
f 522/522/522 525/525/525 524/524/524 
f 526/526/526 528/528/528 527/527/527 
f 526/526/526 527/527/527 529/529/529 
f 530/530/530 529/529/529 531/531/531 
f 530/530/530 531/531/531 532/532/532 
f 533/533/533 531/531/531 534/534/534 
f 533/533/533 535/535/535 531/531/531 
f 536/536/536 538/538/538 537/537/537 
f 536/536/536 539/539/539 538/538/538 
f 540/540/540 542/542/542 541/541/541 
f 540/540/540 543/543/543 542/542/542 
f 542/542/542 545/545/545 544/544/544 
f 542/542/542 546/546/546 545/545/545 
f 547/547/547 549/549/549 548/548/548 
f 547/547/547 550/550/550 549/549/549 
f 551/551/551 553/553/553 552/552/552 
f 551/551/551 554/554/554 553/553/553 
f 555/555/555 553/553/553 556/556/556 
f 555/555/555 556/556/556 557/557/557 
f 558/558/558 555/555/555 559/559/559 
f 558/558/558 559/559/559 560/560/560 
f 561/561/561 563/563/563 562/562/562 
f 561/561/561 564/564/564 563/563/563 
f 565/565/565 567/567/567 566/566/566 
f 565/565/565 568/568/568 567/567/567 
f 569/569/569 565/565/565 570/570/570 
f 569/569/569 570/570/570 571/571/571 
f 572/572/572 569/569/569 573/573/573 
f 572/572/572 573/573/573 574/574/574 
f 575/575/575 577/577/577 576/576/576 
f 575/575/575 578/578/578 577/577/577 
f 579/579/579 581/581/581 580/580/580 
f 579/579/579 582/582/582 581/581/581 
f 583/583/583 585/585/585 584/584/584 
f 583/583/583 584/584/584 586/586/586 
f 586/586/586 584/584/584 587/587/587 
f 586/586/586 587/587/587 588/588/588 
f 588/588/588 587/587/587 589/589/589 
f 588/588/588 589/589/589 590/590/590 
f 591/591/591 593/593/593 592/592/592 
f 591/591/591 592/592/592 594/594/594 
f 595/595/595 591/591/591 594/594/594 
f 595/595/595 594/594/594 596/596/596 
f 597/597/597 595/595/595 596/596/596 
f 597/597/597 596/596/596 598/598/598 
f 599/599/599 597/597/597 598/598/598 
f 599/599/599 598/598/598 600/600/600 
f 601/601/601 599/599/599 600/600/600 
f 601/601/601 600/600/600 602/602/602 
f 603/603/603 601/601/601 602/602/602 
f 603/603/603 602/602/602 604/604/604 
f 605/605/605 603/603/603 604/604/604 
f 605/605/605 604/604/604 606/606/606 
f 607/607/607 605/605/605 606/606/606 
f 607/607/607 606/606/606 608/608/608 
f 609/609/609 607/607/607 608/608/608 
f 609/609/609 608/608/608 610/610/610 
f 611/611/611 609/609/609 610/610/610 
f 611/611/611 610/610/610 612/612/612 
f 613/613/613 611/611/611 612/612/612 
f 613/613/613 612/612/612 614/614/614 
f 615/615/615 613/613/613 614/614/614 
f 615/615/615 614/614/614 616/616/616 
f 617/617/617 615/615/615 616/616/616 
f 617/617/617 616/616/616 618/618/618 
f 619/619/619 617/617/617 618/618/618 
f 619/619/619 618/618/618 620/620/620 
f 621/621/621 619/619/619 620/620/620 
f 621/621/621 620/620/620 622/622/622 
f 623/623/623 621/621/621 622/622/622 
f 623/623/623 622/622/622 624/624/624 
f 625/625/625 623/623/623 624/624/624 
f 625/625/625 624/624/624 626/626/626 
f 627/627/627 625/625/625 626/626/626 
f 627/627/627 626/626/626 628/628/628 
f 629/629/629 631/631/631 630/630/630 
f 629/629/629 630/630/630 632/632/632 
f 633/633/633 629/629/629 632/632/632 
f 633/633/633 632/632/632 634/634/634 
f 635/635/635 633/633/633 634/634/634 
f 635/635/635 634/634/634 636/636/636 
f 637/637/637 635/635/635 636/636/636 
f 637/637/637 636/636/636 638/638/638 
f 639/639/639 637/637/637 638/638/638 
f 639/639/639 638/638/638 640/640/640 
f 641/641/641 639/639/639 640/640/640 
f 641/641/641 640/640/640 642/642/642 
f 643/643/643 641/641/641 642/642/642 
f 643/643/643 642/642/642 644/644/644 
f 645/645/645 643/643/643 644/644/644 
f 645/645/645 644/644/644 646/646/646 
f 647/647/647 645/645/645 646/646/646 
f 647/647/647 646/646/646 648/648/648 
f 649/649/649 647/647/647 648/648/648 
f 649/649/649 648/648/648 650/650/650 
f 651/651/651 649/649/649 650/650/650 
f 651/651/651 650/650/650 652/652/652 
f 653/653/653 651/651/651 652/652/652 
f 653/653/653 652/652/652 654/654/654 
f 655/655/655 653/653/653 654/654/654 
f 655/655/655 656/656/656 653/653/653 
f 657/657/657 656/656/656 655/655/655 
f 657/657/657 655/655/655 658/658/658 
f 659/659/659 657/657/657 658/658/658 
f 659/659/659 658/658/658 660/660/660 
f 661/661/661 659/659/659 660/660/660 
f 661/661/661 660/660/660 662/662/662 
f 663/663/663 661/661/661 662/662/662 
f 663/663/663 662/662/662 664/664/664 
f 665/665/665 663/663/663 664/664/664 
f 665/665/665 664/664/664 666/666/666 
f 667/667/667 669/669/669 668/668/668 
f 667/667/667 668/668/668 670/670/670 
f 671/671/671 667/667/667 670/670/670 
f 671/671/671 670/670/670 672/672/672 
f 673/673/673 671/671/671 672/672/672 
f 673/673/673 672/672/672 674/674/674 
f 675/675/675 673/673/673 674/674/674 
f 675/675/675 674/674/674 676/676/676 
f 677/677/677 675/675/675 676/676/676 
f 677/677/677 676/676/676 678/678/678 
f 679/679/679 677/677/677 678/678/678 
f 679/679/679 678/678/678 680/680/680 
f 681/681/681 679/679/679 680/680/680 
f 681/681/681 680/680/680 682/682/682 
f 683/683/683 681/681/681 682/682/682 
f 683/683/683 682/682/682 684/684/684 
f 685/685/685 683/683/683 684/684/684 
f 685/685/685 684/684/684 686/686/686 
f 687/687/687 685/685/685 686/686/686 
f 687/687/687 686/686/686 688/688/688 
f 689/689/689 687/687/687 688/688/688 
f 689/689/689 688/688/688 690/690/690 
f 691/691/691 689/689/689 690/690/690 
f 691/691/691 690/690/690 692/692/692 
f 693/693/693 691/691/691 692/692/692 
f 693/693/693 692/692/692 694/694/694 
f 695/695/695 693/693/693 694/694/694 
f 695/695/695 694/694/694 696/696/696 
f 697/697/697 695/695/695 696/696/696 
f 697/697/697 696/696/696 698/698/698 
f 699/699/699 697/697/697 698/698/698 
f 699/699/699 698/698/698 700/700/700 
f 701/701/701 699/699/699 700/700/700 
f 701/701/701 700/700/700 702/702/702 
f 703/703/703 701/701/701 702/702/702 
f 703/703/703 702/702/702 704/704/704 
f 705/705/705 707/707/707 706/706/706 
f 705/705/705 706/706/706 708/708/708 
f 709/709/709 705/705/705 708/708/708 
f 709/709/709 708/708/708 710/710/710 
f 711/711/711 709/709/709 710/710/710 
f 711/711/711 710/710/710 712/712/712 
f 713/713/713 711/711/711 712/712/712 
f 713/713/713 712/712/712 714/714/714 
f 715/715/715 713/713/713 714/714/714 
f 715/715/715 714/714/714 716/716/716 
f 717/717/717 715/715/715 716/716/716 
f 717/717/717 716/716/716 718/718/718 
f 719/719/719 717/717/717 718/718/718 
f 719/719/719 718/718/718 720/720/720 
f 721/721/721 719/719/719 720/720/720 
f 721/721/721 720/720/720 722/722/722 
f 723/723/723 721/721/721 722/722/722 
f 723/723/723 722/722/722 724/724/724 
f 725/725/725 723/723/723 724/724/724 
f 725/725/725 724/724/724 726/726/726 
f 727/727/727 725/725/725 726/726/726 
f 727/727/727 726/726/726 728/728/728 
f 729/729/729 727/727/727 728/728/728 
f 729/729/729 728/728/728 730/730/730 
f 731/731/731 729/729/729 730/730/730 
f 731/731/731 732/732/732 729/729/729 
f 733/733/733 732/732/732 731/731/731 
f 733/733/733 731/731/731 734/734/734 
f 735/735/735 733/733/733 734/734/734 
f 735/735/735 734/734/734 736/736/736 
f 737/737/737 735/735/735 736/736/736 
f 737/737/737 736/736/736 738/738/738 
f 739/739/739 737/737/737 738/738/738 
f 739/739/739 738/738/738 740/740/740 
f 741/741/741 739/739/739 740/740/740 
f 741/741/741 740/740/740 742/742/742 
f 743/743/743 745/745/745 744/744/744 
f 743/743/743 744/744/744 746/746/746 
f 747/747/747 743/743/743 746/746/746 
f 747/747/747 746/746/746 748/748/748 
f 749/749/749 747/747/747 748/748/748 
f 749/749/749 748/748/748 750/750/750 
f 751/751/751 749/749/749 750/750/750 
f 751/751/751 750/750/750 752/752/752 
f 753/753/753 751/751/751 752/752/752 
f 753/753/753 752/752/752 754/754/754 
f 755/755/755 753/753/753 754/754/754 
f 755/755/755 754/754/754 756/756/756 
f 757/757/757 755/755/755 756/756/756 
f 757/757/757 756/756/756 758/758/758 
f 759/759/759 757/757/757 758/758/758 
f 759/759/759 758/758/758 760/760/760 
f 761/761/761 759/759/759 760/760/760 
f 761/761/761 760/760/760 762/762/762 
f 763/763/763 761/761/761 762/762/762 
f 763/763/763 762/762/762 764/764/764 
f 765/765/765 763/763/763 764/764/764 
f 765/765/765 764/764/764 766/766/766 
f 767/767/767 765/765/765 766/766/766 
f 767/767/767 766/766/766 768/768/768 
f 769/769/769 767/767/767 768/768/768 
f 769/769/769 768/768/768 770/770/770 
f 771/771/771 769/769/769 770/770/770 
f 771/771/771 770/770/770 772/772/772 
f 773/773/773 771/771/771 772/772/772 
f 773/773/773 772/772/772 774/774/774 
f 775/775/775 773/773/773 774/774/774 
f 775/775/775 774/774/774 776/776/776 
f 777/777/777 775/775/775 776/776/776 
f 777/777/777 776/776/776 778/778/778 
f 779/779/779 777/777/777 778/778/778 
f 779/779/779 778/778/778 780/780/780 
f 781/781/781 783/783/783 782/782/782 
f 781/781/781 782/782/782 784/784/784 
f 785/785/785 781/781/781 784/784/784 
f 785/785/785 784/784/784 786/786/786 
f 787/787/787 785/785/785 786/786/786 
f 787/787/787 786/786/786 788/788/788 
f 789/789/789 787/787/787 788/788/788 
f 789/789/789 788/788/788 790/790/790 
f 791/791/791 789/789/789 790/790/790 
f 791/791/791 790/790/790 792/792/792 
f 793/793/793 791/791/791 792/792/792 
f 793/793/793 792/792/792 794/794/794 
f 795/795/795 793/793/793 794/794/794 
f 795/795/795 794/794/794 796/796/796 
f 797/797/797 795/795/795 796/796/796 
f 797/797/797 796/796/796 798/798/798 
f 799/799/799 797/797/797 798/798/798 
f 799/799/799 798/798/798 800/800/800 
f 801/801/801 799/799/799 800/800/800 
f 801/801/801 800/800/800 802/802/802 
f 803/803/803 801/801/801 802/802/802 
f 803/803/803 802/802/802 804/804/804 
f 805/805/805 803/803/803 804/804/804 
f 805/805/805 804/804/804 806/806/806 
f 807/807/807 805/805/805 806/806/806 
f 807/807/807 808/808/808 805/805/805 
f 809/809/809 808/808/808 807/807/807 
f 809/809/809 807/807/807 810/810/810 
f 811/811/811 809/809/809 810/810/810 
f 811/811/811 810/810/810 812/812/812 
f 813/813/813 811/811/811 812/812/812 
f 813/813/813 812/812/812 814/814/814 
f 815/815/815 813/813/813 814/814/814 
f 815/815/815 814/814/814 816/816/816 
f 817/817/817 815/815/815 816/816/816 
f 817/817/817 816/816/816 818/818/818 
f 819/819/819 821/821/821 820/820/820 
f 819/819/819 822/822/822 821/821/821 
f 823/823/823 825/825/825 824/824/824 
f 823/823/823 826/826/826 825/825/825 
f 827/827/827 829/829/829 828/828/828 
f 827/827/827 830/830/830 829/829/829 
f 831/831/831 833/833/833 832/832/832 
f 831/831/831 834/834/834 833/833/833 
f 835/835/835 837/837/837 836/836/836 
f 835/835/835 838/838/838 837/837/837 
f 839/839/839 841/841/841 840/840/840 
f 839/839/839 842/842/842 841/841/841 
f 843/843/843 845/845/845 844/844/844 
f 843/843/843 846/846/846 845/845/845 
f 847/847/847 849/849/849 848/848/848 
f 847/847/847 850/850/850 849/849/849 
f 851/851/851 853/853/853 852/852/852 
f 851/851/851 854/854/854 853/853/853 
f 855/855/855 857/857/857 856/856/856 
f 855/855/855 858/858/858 857/857/857 
f 859/859/859 861/861/861 860/860/860 
f 859/859/859 862/862/862 861/861/861 
f 863/863/863 865/865/865 864/864/864 
f 863/863/863 866/866/866 865/865/865 
f 867/867/867 869/869/869 868/868/868 
f 867/867/867 870/870/870 869/869/869 
f 871/871/871 873/873/873 872/872/872 
f 871/871/871 874/874/874 873/873/873 
f 875/875/875 877/877/877 876/876/876 
f 875/875/875 878/878/878 877/877/877 
f 879/879/879 881/881/881 880/880/880 
f 879/879/879 882/882/882 881/881/881 
f 883/883/883 885/885/885 884/884/884 
f 883/883/883 886/886/886 885/885/885 
f 887/887/887 889/889/889 888/888/888 
f 887/887/887 890/890/890 889/889/889 
f 891/891/891 893/893/893 892/892/892 
f 891/891/891 894/894/894 893/893/893 
f 895/895/895 897/897/897 896/896/896 
f 895/895/895 898/898/898 897/897/897 
f 899/899/899 901/901/901 900/900/900 
f 899/899/899 902/902/902 901/901/901 
f 903/903/903 905/905/905 904/904/904 
f 903/903/903 906/906/906 905/905/905 
f 907/907/907 909/909/909 908/908/908 
f 907/907/907 910/910/910 909/909/909 
f 911/911/911 913/913/913 912/912/912 
f 911/911/911 914/914/914 913/913/913 
f 915/915/915 917/917/917 916/916/916 
f 915/915/915 918/918/918 917/917/917 
f 919/919/919 921/921/921 920/920/920 
f 919/919/919 922/922/922 921/921/921 
f 923/923/923 925/925/925 924/924/924 
f 923/923/923 926/926/926 925/925/925 
f 927/927/927 929/929/929 928/928/928 
f 927/927/927 930/930/930 929/929/929 
f 931/931/931 933/933/933 932/932/932 
f 931/931/931 934/934/934 933/933/933 
f 935/935/935 937/937/937 936/936/936 
f 935/935/935 938/938/938 937/937/937 
f 939/939/939 941/941/941 940/940/940 
f 939/939/939 942/942/942 941/941/941 
f 943/943/943 945/945/945 944/944/944 
f 943/943/943 946/946/946 945/945/945 
f 947/947/947 949/949/949 948/948/948 
f 947/947/947 950/950/950 949/949/949 
f 951/951/951 953/953/953 952/952/952 
f 951/951/951 954/954/954 953/953/953 
f 955/955/955 957/957/957 956/956/956 
f 955/955/955 958/958/958 957/957/957 
f 959/959/959 961/961/961 960/960/960 
f 959/959/959 962/962/962 961/961/961 
f 963/963/963 965/965/965 964/964/964 
f 963/963/963 966/966/966 965/965/965 
f 967/967/967 969/969/969 968/968/968 
f 967/967/967 970/970/970 969/969/969 
f 971/971/971 973/973/973 972/972/972 
f 971/971/971 974/974/974 973/973/973 
f 975/975/975 977/977/977 976/976/976 
f 975/975/975 978/978/978 977/977/977 
f 979/979/979 981/981/981 980/980/980 
f 979/979/979 982/982/982 981/981/981 
f 983/983/983 985/985/985 984/984/984 
f 983/983/983 986/986/986 985/985/985 
f 987/987/987 989/989/989 988/988/988 
f 987/987/987 990/990/990 989/989/989 
f 991/991/991 993/993/993 992/992/992 
f 991/991/991 994/994/994 993/993/993 
f 995/995/995 997/997/997 996/996/996 
f 995/995/995 998/998/998 997/997/997 
f 999/999/999 1001/1001/1001 1000/1000/1000 
f 999/999/999 1002/1002/1002 1001/1001/1001 
f 1003/1003/1003 1005/1005/1005 1004/1004/1004 
f 1003/1003/1003 1006/1006/1006 1005/1005/1005 
f 1007/1007/1007 1009/1009/1009 1008/1008/1008 
f 1007/1007/1007 1010/1010/1010 1009/1009/1009 
f 1011/1011/1011 1013/1013/1013 1012/1012/1012 
f 1011/1011/1011 1014/1014/1014 1013/1013/1013 
f 1015/1015/1015 1017/1017/1017 1016/1016/1016 
f 1015/1015/1015 1018/1018/1018 1017/1017/1017 
f 1019/1019/1019 1021/1021/1021 1020/1020/1020 
f 1019/1019/1019 1022/1022/1022 1021/1021/1021 
f 1023/1023/1023 1025/1025/1025 1024/1024/1024 
f 1023/1023/1023 1026/1026/1026 1025/1025/1025 
f 1027/1027/1027 1029/1029/1029 1028/1028/1028 
f 1027/1027/1027 1030/1030/1030 1029/1029/1029 
f 1031/1031/1031 1033/1033/1033 1032/1032/1032 
f 1031/1031/1031 1034/1034/1034 1033/1033/1033 
f 1035/1035/1035 1037/1037/1037 1036/1036/1036 
f 1035/1035/1035 1038/1038/1038 1037/1037/1037 
f 1039/1039/1039 1041/1041/1041 1040/1040/1040 
f 1039/1039/1039 1042/1042/1042 1041/1041/1041 
f 1043/1043/1043 1045/1045/1045 1044/1044/1044 
f 1043/1043/1043 1044/1044/1044 1046/1046/1046 
f 1047/1047/1047 1046/1046/1046 1048/1048/1048 
f 1047/1047/1047 1048/1048/1048 1049/1049/1049 
f 1050/1050/1050 1048/1048/1048 1051/1051/1051 
f 1050/1050/1050 1052/1052/1052 1048/1048/1048 
f 1053/1053/1053 1055/1055/1055 1054/1054/1054 
f 1053/1053/1053 1056/1056/1056 1055/1055/1055 
f 1057/1057/1057 1058/1058/1058 1055/1055/1055 
f 1057/1057/1057 1059/1059/1059 1058/1058/1058 
f 1058/1058/1058 1061/1061/1061 1060/1060/1060 
f 1058/1058/1058 1062/1062/1062 1061/1061/1061 
f 1063/1063/1063 1065/1065/1065 1064/1064/1064 
f 1063/1063/1063 1066/1066/1066 1065/1065/1065 
f 1067/1067/1067 1069/1069/1069 1068/1068/1068 
f 1067/1067/1067 1070/1070/1070 1069/1069/1069 
f 1071/1071/1071 1069/1069/1069 1072/1072/1072 
f 1071/1071/1071 1072/1072/1072 1073/1073/1073 
f 1074/1074/1074 1071/1071/1071 1075/1075/1075 
f 1074/1074/1074 1075/1075/1075 1076/1076/1076 
f 1077/1077/1077 1079/1079/1079 1078/1078/1078 
f 1077/1077/1077 1080/1080/1080 1079/1079/1079 
f 1081/1081/1081 1083/1083/1083 1082/1082/1082 
f 1081/1081/1081 1084/1084/1084 1083/1083/1083 
f 1085/1085/1085 1081/1081/1081 1086/1086/1086 
f 1085/1085/1085 1086/1086/1086 1087/1087/1087 
f 1088/1088/1088 1085/1085/1085 1089/1089/1089 
f 1088/1088/1088 1089/1089/1089 1090/1090/1090 
f 1091/1091/1091 1093/1093/1093 1092/1092/1092 
f 1091/1091/1091 1094/1094/1094 1093/1093/1093 
f 1095/1095/1095 1097/1097/1097 1096/1096/1096 
f 1095/1095/1095 1098/1098/1098 1097/1097/1097 
f 1099/1099/1099 1101/1101/1101 1100/1100/1100 
f 1099/1099/1099 1100/1100/1100 1102/1102/1102 
f 1102/1102/1102 1100/1100/1100 1103/1103/1103 
f 1102/1102/1102 1103/1103/1103 1104/1104/1104 
f 1104/1104/1104 1103/1103/1103 1105/1105/1105 
f 1104/1104/1104 1105/1105/1105 1106/1106/1106 
f 1107/1107/1107 1109/1109/1109 1108/1108/1108 
f 1107/1107/1107 1108/1108/1108 1110/1110/1110 
f 1111/1111/1111 1107/1107/1107 1110/1110/1110 
f 1111/1111/1111 1110/1110/1110 1112/1112/1112 
f 1113/1113/1113 1111/1111/1111 1112/1112/1112 
f 1113/1113/1113 1112/1112/1112 1114/1114/1114 
f 1115/1115/1115 1113/1113/1113 1114/1114/1114 
f 1115/1115/1115 1114/1114/1114 1116/1116/1116 
f 1117/1117/1117 1115/1115/1115 1116/1116/1116 
f 1117/1117/1117 1116/1116/1116 1118/1118/1118 
f 1119/1119/1119 1117/1117/1117 1118/1118/1118 
f 1119/1119/1119 1118/1118/1118 1120/1120/1120 
f 1121/1121/1121 1119/1119/1119 1120/1120/1120 
f 1121/1121/1121 1120/1120/1120 1122/1122/1122 
f 1123/1123/1123 1121/1121/1121 1122/1122/1122 
f 1123/1123/1123 1122/1122/1122 1124/1124/1124 
f 1125/1125/1125 1123/1123/1123 1124/1124/1124 
f 1125/1125/1125 1124/1124/1124 1126/1126/1126 
f 1127/1127/1127 1125/1125/1125 1126/1126/1126 
f 1127/1127/1127 1126/1126/1126 1128/1128/1128 
f 1129/1129/1129 1127/1127/1127 1128/1128/1128 
f 1129/1129/1129 1128/1128/1128 1130/1130/1130 
f 1131/1131/1131 1129/1129/1129 1130/1130/1130 
f 1131/1131/1131 1130/1130/1130 1132/1132/1132 
f 1133/1133/1133 1131/1131/1131 1132/1132/1132 
f 1133/1133/1133 1132/1132/1132 1134/1134/1134 
f 1135/1135/1135 1133/1133/1133 1134/1134/1134 
f 1135/1135/1135 1134/1134/1134 1136/1136/1136 
f 1137/1137/1137 1135/1135/1135 1136/1136/1136 
f 1137/1137/1137 1136/1136/1136 1138/1138/1138 
f 1139/1139/1139 1137/1137/1137 1138/1138/1138 
f 1139/1139/1139 1138/1138/1138 1140/1140/1140 
f 1141/1141/1141 1139/1139/1139 1140/1140/1140 
f 1141/1141/1141 1140/1140/1140 1142/1142/1142 
f 1143/1143/1143 1141/1141/1141 1142/1142/1142 
f 1143/1143/1143 1142/1142/1142 1144/1144/1144 
f 1145/1145/1145 1147/1147/1147 1146/1146/1146 
f 1145/1145/1145 1146/1146/1146 1148/1148/1148 
f 1149/1149/1149 1145/1145/1145 1148/1148/1148 
f 1149/1149/1149 1148/1148/1148 1150/1150/1150 
f 1151/1151/1151 1149/1149/1149 1150/1150/1150 
f 1151/1151/1151 1150/1150/1150 1152/1152/1152 
f 1153/1153/1153 1151/1151/1151 1152/1152/1152 
f 1153/1153/1153 1152/1152/1152 1154/1154/1154 
f 1155/1155/1155 1153/1153/1153 1154/1154/1154 
f 1155/1155/1155 1154/1154/1154 1156/1156/1156 
f 1157/1157/1157 1155/1155/1155 1156/1156/1156 
f 1157/1157/1157 1156/1156/1156 1158/1158/1158 
f 1159/1159/1159 1157/1157/1157 1158/1158/1158 
f 1159/1159/1159 1158/1158/1158 1160/1160/1160 
f 1161/1161/1161 1159/1159/1159 1160/1160/1160 
f 1161/1161/1161 1160/1160/1160 1162/1162/1162 
f 1163/1163/1163 1161/1161/1161 1162/1162/1162 
f 1163/1163/1163 1162/1162/1162 1164/1164/1164 
f 1165/1165/1165 1163/1163/1163 1164/1164/1164 
f 1165/1165/1165 1164/1164/1164 1166/1166/1166 
f 1167/1167/1167 1165/1165/1165 1166/1166/1166 
f 1167/1167/1167 1166/1166/1166 1168/1168/1168 
f 1169/1169/1169 1167/1167/1167 1168/1168/1168 
f 1169/1169/1169 1168/1168/1168 1170/1170/1170 
f 1171/1171/1171 1169/1169/1169 1170/1170/1170 
f 1171/1171/1171 1172/1172/1172 1169/1169/1169 
f 1173/1173/1173 1172/1172/1172 1171/1171/1171 
f 1173/1173/1173 1171/1171/1171 1174/1174/1174 
f 1175/1175/1175 1173/1173/1173 1174/1174/1174 
f 1175/1175/1175 1174/1174/1174 1176/1176/1176 
f 1177/1177/1177 1175/1175/1175 1176/1176/1176 
f 1177/1177/1177 1176/1176/1176 1178/1178/1178 
f 1179/1179/1179 1177/1177/1177 1178/1178/1178 
f 1179/1179/1179 1178/1178/1178 1180/1180/1180 
f 1181/1181/1181 1179/1179/1179 1180/1180/1180 
f 1181/1181/1181 1180/1180/1180 1182/1182/1182 
f 1183/1183/1183 1185/1185/1185 1184/1184/1184 
f 1183/1183/1183 1184/1184/1184 1186/1186/1186 
f 1187/1187/1187 1183/1183/1183 1186/1186/1186 
f 1187/1187/1187 1186/1186/1186 1188/1188/1188 
f 1189/1189/1189 1187/1187/1187 1188/1188/1188 
f 1189/1189/1189 1188/1188/1188 1190/1190/1190 
f 1191/1191/1191 1189/1189/1189 1190/1190/1190 
f 1191/1191/1191 1190/1190/1190 1192/1192/1192 
f 1193/1193/1193 1191/1191/1191 1192/1192/1192 
f 1193/1193/1193 1192/1192/1192 1194/1194/1194 
f 1195/1195/1195 1193/1193/1193 1194/1194/1194 
f 1195/1195/1195 1194/1194/1194 1196/1196/1196 
f 1197/1197/1197 1195/1195/1195 1196/1196/1196 
f 1197/1197/1197 1196/1196/1196 1198/1198/1198 
f 1199/1199/1199 1197/1197/1197 1198/1198/1198 
f 1199/1199/1199 1198/1198/1198 1200/1200/1200 
f 1201/1201/1201 1199/1199/1199 1200/1200/1200 
f 1201/1201/1201 1200/1200/1200 1202/1202/1202 
f 1203/1203/1203 1201/1201/1201 1202/1202/1202 
f 1203/1203/1203 1202/1202/1202 1204/1204/1204 
f 1205/1205/1205 1203/1203/1203 1204/1204/1204 
f 1205/1205/1205 1204/1204/1204 1206/1206/1206 
f 1207/1207/1207 1205/1205/1205 1206/1206/1206 
f 1207/1207/1207 1206/1206/1206 1208/1208/1208 
f 1209/1209/1209 1207/1207/1207 1208/1208/1208 
f 1209/1209/1209 1208/1208/1208 1210/1210/1210 
f 1211/1211/1211 1209/1209/1209 1210/1210/1210 
f 1211/1211/1211 1210/1210/1210 1212/1212/1212 
f 1213/1213/1213 1211/1211/1211 1212/1212/1212 
f 1213/1213/1213 1212/1212/1212 1214/1214/1214 
f 1215/1215/1215 1213/1213/1213 1214/1214/1214 
f 1215/1215/1215 1214/1214/1214 1216/1216/1216 
f 1217/1217/1217 1215/1215/1215 1216/1216/1216 
f 1217/1217/1217 1216/1216/1216 1218/1218/1218 
f 1219/1219/1219 1217/1217/1217 1218/1218/1218 
f 1219/1219/1219 1218/1218/1218 1220/1220/1220 
f 1221/1221/1221 1223/1223/1223 1222/1222/1222 
f 1221/1221/1221 1222/1222/1222 1224/1224/1224 
f 1225/1225/1225 1221/1221/1221 1224/1224/1224 
f 1225/1225/1225 1224/1224/1224 1226/1226/1226 
f 1227/1227/1227 1225/1225/1225 1226/1226/1226 
f 1227/1227/1227 1226/1226/1226 1228/1228/1228 
f 1229/1229/1229 1227/1227/1227 1228/1228/1228 
f 1229/1229/1229 1228/1228/1228 1230/1230/1230 
f 1231/1231/1231 1229/1229/1229 1230/1230/1230 
f 1231/1231/1231 1230/1230/1230 1232/1232/1232 
f 1233/1233/1233 1231/1231/1231 1232/1232/1232 
f 1233/1233/1233 1232/1232/1232 1234/1234/1234 
f 1235/1235/1235 1233/1233/1233 1234/1234/1234 
f 1235/1235/1235 1234/1234/1234 1236/1236/1236 
f 1237/1237/1237 1235/1235/1235 1236/1236/1236 
f 1237/1237/1237 1236/1236/1236 1238/1238/1238 
f 1239/1239/1239 1237/1237/1237 1238/1238/1238 
f 1239/1239/1239 1238/1238/1238 1240/1240/1240 
f 1241/1241/1241 1239/1239/1239 1240/1240/1240 
f 1241/1241/1241 1240/1240/1240 1242/1242/1242 
f 1243/1243/1243 1241/1241/1241 1242/1242/1242 
f 1243/1243/1243 1242/1242/1242 1244/1244/1244 
f 1245/1245/1245 1243/1243/1243 1244/1244/1244 
f 1245/1245/1245 1244/1244/1244 1246/1246/1246 
f 1247/1247/1247 1245/1245/1245 1246/1246/1246 
f 1247/1247/1247 1248/1248/1248 1245/1245/1245 
f 1249/1249/1249 1248/1248/1248 1247/1247/1247 
f 1249/1249/1249 1247/1247/1247 1250/1250/1250 
f 1251/1251/1251 1249/1249/1249 1250/1250/1250 
f 1251/1251/1251 1250/1250/1250 1252/1252/1252 
f 1253/1253/1253 1251/1251/1251 1252/1252/1252 
f 1253/1253/1253 1252/1252/1252 1254/1254/1254 
f 1255/1255/1255 1253/1253/1253 1254/1254/1254 
f 1255/1255/1255 1254/1254/1254 1256/1256/1256 
f 1257/1257/1257 1255/1255/1255 1256/1256/1256 
f 1257/1257/1257 1256/1256/1256 1258/1258/1258 
f 1259/1259/1259 1261/1261/1261 1260/1260/1260 
f 1259/1259/1259 1260/1260/1260 1262/1262/1262 
f 1263/1263/1263 1259/1259/1259 1262/1262/1262 
f 1263/1263/1263 1262/1262/1262 1264/1264/1264 
f 1265/1265/1265 1263/1263/1263 1264/1264/1264 
f 1265/1265/1265 1264/1264/1264 1266/1266/1266 
f 1267/1267/1267 1265/1265/1265 1266/1266/1266 
f 1267/1267/1267 1266/1266/1266 1268/1268/1268 
f 1269/1269/1269 1267/1267/1267 1268/1268/1268 
f 1269/1269/1269 1268/1268/1268 1270/1270/1270 
f 1271/1271/1271 1269/1269/1269 1270/1270/1270 
f 1271/1271/1271 1270/1270/1270 1272/1272/1272 
f 1273/1273/1273 1271/1271/1271 1272/1272/1272 
f 1273/1273/1273 1272/1272/1272 1274/1274/1274 
f 1275/1275/1275 1273/1273/1273 1274/1274/1274 
f 1275/1275/1275 1274/1274/1274 1276/1276/1276 
f 1277/1277/1277 1275/1275/1275 1276/1276/1276 
f 1277/1277/1277 1276/1276/1276 1278/1278/1278 
f 1279/1279/1279 1277/1277/1277 1278/1278/1278 
f 1279/1279/1279 1278/1278/1278 1280/1280/1280 
f 1281/1281/1281 1279/1279/1279 1280/1280/1280 
f 1281/1281/1281 1280/1280/1280 1282/1282/1282 
f 1283/1283/1283 1281/1281/1281 1282/1282/1282 
f 1283/1283/1283 1282/1282/1282 1284/1284/1284 
f 1285/1285/1285 1283/1283/1283 1284/1284/1284 
f 1285/1285/1285 1284/1284/1284 1286/1286/1286 
f 1287/1287/1287 1285/1285/1285 1286/1286/1286 
f 1287/1287/1287 1286/1286/1286 1288/1288/1288 
f 1289/1289/1289 1287/1287/1287 1288/1288/1288 
f 1289/1289/1289 1288/1288/1288 1290/1290/1290 
f 1291/1291/1291 1289/1289/1289 1290/1290/1290 
f 1291/1291/1291 1290/1290/1290 1292/1292/1292 
f 1293/1293/1293 1291/1291/1291 1292/1292/1292 
f 1293/1293/1293 1292/1292/1292 1294/1294/1294 
f 1295/1295/1295 1293/1293/1293 1294/1294/1294 
f 1295/1295/1295 1294/1294/1294 1296/1296/1296 
f 1297/1297/1297 1299/1299/1299 1298/1298/1298 
f 1297/1297/1297 1298/1298/1298 1300/1300/1300 
f 1301/1301/1301 1297/1297/1297 1300/1300/1300 
f 1301/1301/1301 1300/1300/1300 1302/1302/1302 
f 1303/1303/1303 1301/1301/1301 1302/1302/1302 
f 1303/1303/1303 1302/1302/1302 1304/1304/1304 
f 1305/1305/1305 1303/1303/1303 1304/1304/1304 
f 1305/1305/1305 1304/1304/1304 1306/1306/1306 
f 1307/1307/1307 1305/1305/1305 1306/1306/1306 
f 1307/1307/1307 1306/1306/1306 1308/1308/1308 
f 1309/1309/1309 1307/1307/1307 1308/1308/1308 
f 1309/1309/1309 1308/1308/1308 1310/1310/1310 
f 1311/1311/1311 1309/1309/1309 1310/1310/1310 
f 1311/1311/1311 1310/1310/1310 1312/1312/1312 
f 1313/1313/1313 1311/1311/1311 1312/1312/1312 
f 1313/1313/1313 1312/1312/1312 1314/1314/1314 
f 1315/1315/1315 1313/1313/1313 1314/1314/1314 
f 1315/1315/1315 1314/1314/1314 1316/1316/1316 
f 1317/1317/1317 1315/1315/1315 1316/1316/1316 
f 1317/1317/1317 1316/1316/1316 1318/1318/1318 
f 1319/1319/1319 1317/1317/1317 1318/1318/1318 
f 1319/1319/1319 1318/1318/1318 1320/1320/1320 
f 1321/1321/1321 1319/1319/1319 1320/1320/1320 
f 1321/1321/1321 1320/1320/1320 1322/1322/1322 
f 1323/1323/1323 1321/1321/1321 1322/1322/1322 
f 1323/1323/1323 1324/1324/1324 1321/1321/1321 
f 1325/1325/1325 1324/1324/1324 1323/1323/1323 
f 1325/1325/1325 1323/1323/1323 1326/1326/1326 
f 1327/1327/1327 1325/1325/1325 1326/1326/1326 
f 1327/1327/1327 1326/1326/1326 1328/1328/1328 
f 1329/1329/1329 1327/1327/1327 1328/1328/1328 
f 1329/1329/1329 1328/1328/1328 1330/1330/1330 
f 1331/1331/1331 1329/1329/1329 1330/1330/1330 
f 1331/1331/1331 1330/1330/1330 1332/1332/1332 
f 1333/1333/1333 1331/1331/1331 1332/1332/1332 
f 1333/1333/1333 1332/1332/1332 1334/1334/1334 
f 1335/1335/1335 1337/1337/1337 1336/1336/1336 
f 1335/1335/1335 1338/1338/1338 1337/1337/1337 
f 1339/1339/1339 1341/1341/1341 1340/1340/1340 
f 1339/1339/1339 1342/1342/1342 1341/1341/1341 
f 1343/1343/1343 1345/1345/1345 1344/1344/1344 
f 1343/1343/1343 1346/1346/1346 1345/1345/1345 
f 1347/1347/1347 1349/1349/1349 1348/1348/1348 
f 1347/1347/1347 1350/1350/1350 1349/1349/1349 
f 1351/1351/1351 1353/1353/1353 1352/1352/1352 
f 1351/1351/1351 1354/1354/1354 1353/1353/1353 
f 1355/1355/1355 1357/1357/1357 1356/1356/1356 
f 1355/1355/1355 1358/1358/1358 1357/1357/1357 
f 1359/1359/1359 1361/1361/1361 1360/1360/1360 
f 1359/1359/1359 1362/1362/1362 1361/1361/1361 
f 1363/1363/1363 1365/1365/1365 1364/1364/1364 
f 1363/1363/1363 1366/1366/1366 1365/1365/1365 
f 1367/1367/1367 1369/1369/1369 1368/1368/1368 
f 1367/1367/1367 1370/1370/1370 1369/1369/1369 
f 1371/1371/1371 1373/1373/1373 1372/1372/1372 
f 1371/1371/1371 1374/1374/1374 1373/1373/1373 
f 1375/1375/1375 1377/1377/1377 1376/1376/1376 
f 1375/1375/1375 1378/1378/1378 1377/1377/1377 
f 1379/1379/1379 1381/1381/1381 1380/1380/1380 
f 1379/1379/1379 1382/1382/1382 1381/1381/1381 
f 1383/1383/1383 1385/1385/1385 1384/1384/1384 
f 1383/1383/1383 1386/1386/1386 1385/1385/1385 
f 1387/1387/1387 1389/1389/1389 1388/1388/1388 
f 1387/1387/1387 1390/1390/1390 1389/1389/1389 
f 1391/1391/1391 1393/1393/1393 1392/1392/1392 
f 1391/1391/1391 1394/1394/1394 1393/1393/1393 
f 1395/1395/1395 1397/1397/1397 1396/1396/1396 
f 1395/1395/1395 1398/1398/1398 1397/1397/1397 
f 1399/1399/1399 1401/1401/1401 1400/1400/1400 
f 1399/1399/1399 1402/1402/1402 1401/1401/1401 
f 1403/1403/1403 1405/1405/1405 1404/1404/1404 
f 1403/1403/1403 1406/1406/1406 1405/1405/1405 
f 1407/1407/1407 1409/1409/1409 1408/1408/1408 
f 1407/1407/1407 1410/1410/1410 1409/1409/1409 
f 1411/1411/1411 1413/1413/1413 1412/1412/1412 
f 1411/1411/1411 1414/1414/1414 1413/1413/1413 
f 1415/1415/1415 1417/1417/1417 1416/1416/1416 
f 1415/1415/1415 1418/1418/1418 1417/1417/1417 
f 1419/1419/1419 1421/1421/1421 1420/1420/1420 
f 1419/1419/1419 1422/1422/1422 1421/1421/1421 
f 1423/1423/1423 1425/1425/1425 1424/1424/1424 
f 1423/1423/1423 1426/1426/1426 1425/1425/1425 
f 1427/1427/1427 1429/1429/1429 1428/1428/1428 
f 1427/1427/1427 1430/1430/1430 1429/1429/1429 
f 1431/1431/1431 1433/1433/1433 1432/1432/1432 
f 1431/1431/1431 1434/1434/1434 1433/1433/1433 
f 1435/1435/1435 1437/1437/1437 1436/1436/1436 
f 1435/1435/1435 1438/1438/1438 1437/1437/1437 
f 1439/1439/1439 1441/1441/1441 1440/1440/1440 
f 1439/1439/1439 1442/1442/1442 1441/1441/1441 
f 1443/1443/1443 1445/1445/1445 1444/1444/1444 
f 1443/1443/1443 1446/1446/1446 1445/1445/1445 
f 1447/1447/1447 1449/1449/1449 1448/1448/1448 
f 1447/1447/1447 1450/1450/1450 1449/1449/1449 
f 1451/1451/1451 1453/1453/1453 1452/1452/1452 
f 1451/1451/1451 1454/1454/1454 1453/1453/1453 
f 1455/1455/1455 1457/1457/1457 1456/1456/1456 
f 1455/1455/1455 1458/1458/1458 1457/1457/1457 
f 1459/1459/1459 1461/1461/1461 1460/1460/1460 
f 1459/1459/1459 1462/1462/1462 1461/1461/1461 
f 1463/1463/1463 1465/1465/1465 1464/1464/1464 
f 1463/1463/1463 1466/1466/1466 1465/1465/1465 
f 1467/1467/1467 1469/1469/1469 1468/1468/1468 
f 1467/1467/1467 1470/1470/1470 1469/1469/1469 
f 1471/1471/1471 1473/1473/1473 1472/1472/1472 
f 1471/1471/1471 1474/1474/1474 1473/1473/1473 
f 1475/1475/1475 1477/1477/1477 1476/1476/1476 
f 1475/1475/1475 1478/1478/1478 1477/1477/1477 
f 1479/1479/1479 1481/1481/1481 1480/1480/1480 
f 1479/1479/1479 1482/1482/1482 1481/1481/1481 
f 1483/1483/1483 1485/1485/1485 1484/1484/1484 
f 1483/1483/1483 1486/1486/1486 1485/1485/1485 
f 1487/1487/1487 1489/1489/1489 1488/1488/1488 
f 1487/1487/1487 1490/1490/1490 1489/1489/1489 
f 1491/1491/1491 1493/1493/1493 1492/1492/1492 
f 1491/1491/1491 1494/1494/1494 1493/1493/1493 
f 1495/1495/1495 1497/1497/1497 1496/1496/1496 
f 1495/1495/1495 1498/1498/1498 1497/1497/1497 
f 1499/1499/1499 1501/1501/1501 1500/1500/1500 
f 1499/1499/1499 1502/1502/1502 1501/1501/1501 
f 1503/1503/1503 1505/1505/1505 1504/1504/1504 
f 1503/1503/1503 1506/1506/1506 1505/1505/1505 
f 1507/1507/1507 1509/1509/1509 1508/1508/1508 
f 1507/1507/1507 1510/1510/1510 1509/1509/1509 
f 1511/1511/1511 1513/1513/1513 1512/1512/1512 
f 1511/1511/1511 1514/1514/1514 1513/1513/1513 
f 1515/1515/1515 1517/1517/1517 1516/1516/1516 
f 1515/1515/1515 1518/1518/1518 1517/1517/1517 
f 1519/1519/1519 1521/1521/1521 1520/1520/1520 
f 1519/1519/1519 1522/1522/1522 1521/1521/1521 
f 1523/1523/1523 1525/1525/1525 1524/1524/1524 
f 1523/1523/1523 1526/1526/1526 1525/1525/1525 
f 1527/1527/1527 1529/1529/1529 1528/1528/1528 
f 1527/1527/1527 1530/1530/1530 1529/1529/1529 
f 1531/1531/1531 1533/1533/1533 1532/1532/1532 
f 1531/1531/1531 1534/1534/1534 1533/1533/1533 
f 1535/1535/1535 1537/1537/1537 1536/1536/1536 
f 1535/1535/1535 1538/1538/1538 1537/1537/1537 
f 1539/1539/1539 1541/1541/1541 1540/1540/1540 
f 1539/1539/1539 1542/1542/1542 1541/1541/1541 
f 1543/1543/1543 1545/1545/1545 1544/1544/1544 
f 1543/1543/1543 1546/1546/1546 1545/1545/1545 
f 1547/1547/1547 1549/1549/1549 1548/1548/1548 
f 1547/1547/1547 1550/1550/1550 1549/1549/1549 
f 1551/1551/1551 1553/1553/1553 1552/1552/1552 
f 1551/1551/1551 1554/1554/1554 1553/1553/1553 
f 1555/1555/1555 1557/1557/1557 1556/1556/1556 
f 1555/1555/1555 1558/1558/1558 1557/1557/1557 
f 1559/1559/1559 1561/1561/1561 1560/1560/1560 
f 1559/1559/1559 1560/1560/1560 1562/1562/1562 
f 1563/1563/1563 1562/1562/1562 1564/1564/1564 
f 1563/1563/1563 1564/1564/1564 1565/1565/1565 
f 1566/1566/1566 1564/1564/1564 1567/1567/1567 
f 1566/1566/1566 1568/1568/1568 1564/1564/1564 
f 1569/1569/1569 1571/1571/1571 1570/1570/1570 
f 1569/1569/1569 1572/1572/1572 1571/1571/1571 
f 1573/1573/1573 1574/1574/1574 1571/1571/1571 
f 1573/1573/1573 1575/1575/1575 1574/1574/1574 
f 1574/1574/1574 1577/1577/1577 1576/1576/1576 
f 1574/1574/1574 1578/1578/1578 1577/1577/1577 
f 1579/1579/1579 1581/1581/1581 1580/1580/1580 
f 1579/1579/1579 1582/1582/1582 1581/1581/1581 
f 1583/1583/1583 1585/1585/1585 1584/1584/1584 
f 1583/1583/1583 1586/1586/1586 1585/1585/1585 
f 1587/1587/1587 1585/1585/1585 1588/1588/1588 
f 1587/1587/1587 1588/1588/1588 1589/1589/1589 
f 1590/1590/1590 1587/1587/1587 1591/1591/1591 
f 1590/1590/1590 1591/1591/1591 1592/1592/1592 
f 1593/1593/1593 1595/1595/1595 1594/1594/1594 
f 1593/1593/1593 1596/1596/1596 1595/1595/1595 
f 1597/1597/1597 1599/1599/1599 1598/1598/1598 
f 1597/1597/1597 1600/1600/1600 1599/1599/1599 
f 1601/1601/1601 1597/1597/1597 1602/1602/1602 
f 1601/1601/1601 1602/1602/1602 1603/1603/1603 
f 1604/1604/1604 1601/1601/1601 1605/1605/1605 
f 1604/1604/1604 1605/1605/1605 1606/1606/1606 
f 1607/1607/1607 1609/1609/1609 1608/1608/1608 
f 1607/1607/1607 1610/1610/1610 1609/1609/1609 
f 1611/1611/1611 1613/1613/1613 1612/1612/1612 
f 1611/1611/1611 1614/1614/1614 1613/1613/1613 
f 1615/1615/1615 1617/1617/1617 1616/1616/1616 
f 1615/1615/1615 1616/1616/1616 1618/1618/1618 
f 1618/1618/1618 1616/1616/1616 1619/1619/1619 
f 1618/1618/1618 1619/1619/1619 1620/1620/1620 
f 1620/1620/1620 1619/1619/1619 1621/1621/1621 
f 1620/1620/1620 1621/1621/1621 1622/1622/1622 
f 1623/1623/1623 1625/1625/1625 1624/1624/1624 
f 1623/1623/1623 1626/1626/1626 1625/1625/1625 
f 1627/1627/1627 1629/1629/1629 1628/1628/1628 
f 1627/1627/1627 1630/1630/1630 1629/1629/1629 
f 1631/1631/1631 1633/1633/1633 1632/1632/1632 
f 1631/1631/1631 1634/1634/1634 1633/1633/1633 
f 1635/1635/1635 1637/1637/1637 1636/1636/1636 
f 1635/1635/1635 1638/1638/1638 1637/1637/1637 
f 1639/1639/1639 1641/1641/1641 1640/1640/1640 
f 1639/1639/1639 1642/1642/1642 1641/1641/1641 
f 1643/1643/1643 1645/1645/1645 1644/1644/1644 
f 1643/1643/1643 1646/1646/1646 1645/1645/1645 
f 1647/1647/1647 1649/1649/1649 1648/1648/1648 
f 1647/1647/1647 1650/1650/1650 1649/1649/1649 
f 1651/1651/1651 1653/1653/1653 1652/1652/1652 
f 1651/1651/1651 1654/1654/1654 1653/1653/1653 
f 1655/1655/1655 1657/1657/1657 1656/1656/1656 
f 1655/1655/1655 1658/1658/1658 1657/1657/1657 
f 1659/1659/1659 1661/1661/1661 1660/1660/1660 
f 1659/1659/1659 1662/1662/1662 1661/1661/1661 
f 1663/1663/1663 1665/1665/1665 1664/1664/1664 
f 1663/1663/1663 1666/1666/1666 1665/1665/1665 
f 1667/1667/1667 1669/1669/1669 1668/1668/1668 
f 1667/1667/1667 1670/1670/1670 1669/1669/1669 
f 1671/1671/1671 1673/1673/1673 1672/1672/1672 
f 1671/1671/1671 1674/1674/1674 1673/1673/1673 
f 1675/1675/1675 1677/1677/1677 1676/1676/1676 
f 1675/1675/1675 1678/1678/1678 1677/1677/1677 
f 1679/1679/1679 1681/1681/1681 1680/1680/1680 
f 1679/1679/1679 1682/1682/1682 1681/1681/1681 
f 1683/1683/1683 1685/1685/1685 1684/1684/1684 
f 1683/1683/1683 1686/1686/1686 1685/1685/1685 
f 1687/1687/1687 1689/1689/1689 1688/1688/1688 
f 1687/1687/1687 1690/1690/1690 1689/1689/1689 
f 1691/1691/1691 1693/1693/1693 1692/1692/1692 
f 1691/1691/1691 1694/1694/1694 1693/1693/1693 
f 1695/1695/1695 1697/1697/1697 1696/1696/1696 
f 1695/1695/1695 1698/1698/1698 1697/1697/1697 
f 1699/1699/1699 1701/1701/1701 1700/1700/1700 
f 1699/1699/1699 1702/1702/1702 1701/1701/1701 
f 1703/1703/1703 1705/1705/1705 1704/1704/1704 
f 1703/1703/1703 1706/1706/1706 1705/1705/1705 
f 1707/1707/1707 1709/1709/1709 1708/1708/1708 
f 1707/1707/1707 1710/1710/1710 1709/1709/1709 
f 1711/1711/1711 1713/1713/1713 1712/1712/1712 
f 1711/1711/1711 1714/1714/1714 1713/1713/1713 
f 1715/1715/1715 1717/1717/1717 1716/1716/1716 
f 1715/1715/1715 1718/1718/1718 1717/1717/1717 
f 1719/1719/1719 1721/1721/1721 1720/1720/1720 
f 1719/1719/1719 1722/1722/1722 1721/1721/1721 
f 1723/1723/1723 1725/1725/1725 1724/1724/1724 
f 1723/1723/1723 1726/1726/1726 1725/1725/1725 
f 1727/1727/1727 1729/1729/1729 1728/1728/1728 
f 1727/1727/1727 1730/1730/1730 1729/1729/1729 
f 1731/1731/1731 1733/1733/1733 1732/1732/1732 
f 1731/1731/1731 1734/1734/1734 1733/1733/1733 
f 1735/1735/1735 1737/1737/1737 1736/1736/1736 
f 1735/1735/1735 1738/1738/1738 1737/1737/1737 
f 1739/1739/1739 1741/1741/1741 1740/1740/1740 
f 1739/1739/1739 1742/1742/1742 1741/1741/1741 
f 1743/1743/1743 1745/1745/1745 1744/1744/1744 
f 1743/1743/1743 1746/1746/1746 1745/1745/1745 
f 1747/1747/1747 1749/1749/1749 1748/1748/1748 
f 1747/1747/1747 1750/1750/1750 1749/1749/1749 
f 1751/1751/1751 1753/1753/1753 1752/1752/1752 
f 1751/1751/1751 1754/1754/1754 1753/1753/1753 
f 1755/1755/1755 1757/1757/1757 1756/1756/1756 
f 1755/1755/1755 1758/1758/1758 1757/1757/1757 
f 1759/1759/1759 1761/1761/1761 1760/1760/1760 
f 1759/1759/1759 1762/1762/1762 1761/1761/1761 
f 1763/1763/1763 1765/1765/1765 1764/1764/1764 
f 1763/1763/1763 1766/1766/1766 1765/1765/1765 
f 1767/1767/1767 1769/1769/1769 1768/1768/1768 
f 1767/1767/1767 1770/1770/1770 1769/1769/1769 
f 1771/1771/1771 1773/1773/1773 1772/1772/1772 
f 1771/1771/1771 1774/1774/1774 1773/1773/1773 
f 1775/1775/1775 1777/1777/1777 1776/1776/1776 
f 1775/1775/1775 1778/1778/1778 1777/1777/1777 
f 1779/1779/1779 1781/1781/1781 1780/1780/1780 
f 1779/1779/1779 1782/1782/1782 1781/1781/1781 
f 1783/1783/1783 1785/1785/1785 1784/1784/1784 
f 1783/1783/1783 1786/1786/1786 1785/1785/1785 
f 1787/1787/1787 1789/1789/1789 1788/1788/1788 
f 1787/1787/1787 1790/1790/1790 1789/1789/1789 
f 1791/1791/1791 1793/1793/1793 1792/1792/1792 
f 1791/1791/1791 1794/1794/1794 1793/1793/1793 
f 1795/1795/1795 1797/1797/1797 1796/1796/1796 
f 1795/1795/1795 1798/1798/1798 1797/1797/1797 
f 1799/1799/1799 1801/1801/1801 1800/1800/1800 
f 1799/1799/1799 1802/1802/1802 1801/1801/1801 
f 1803/1803/1803 1805/1805/1805 1804/1804/1804 
f 1803/1803/1803 1806/1806/1806 1805/1805/1805 
f 1807/1807/1807 1809/1809/1809 1808/1808/1808 
f 1807/1807/1807 1810/1810/1810 1809/1809/1809 
f 1811/1811/1811 1813/1813/1813 1812/1812/1812 
f 1811/1811/1811 1814/1814/1814 1813/1813/1813 
f 1815/1815/1815 1817/1817/1817 1816/1816/1816 
f 1815/1815/1815 1818/1818/1818 1817/1817/1817 
f 1819/1819/1819 1821/1821/1821 1820/1820/1820 
f 1819/1819/1819 1822/1822/1822 1821/1821/1821 
f 1823/1823/1823 1825/1825/1825 1824/1824/1824 
f 1823/1823/1823 1826/1826/1826 1825/1825/1825 
f 1827/1827/1827 1829/1829/1829 1828/1828/1828 
f 1827/1827/1827 1830/1830/1830 1829/1829/1829 
f 1831/1831/1831 1833/1833/1833 1832/1832/1832 
f 1831/1831/1831 1834/1834/1834 1833/1833/1833 
f 1835/1835/1835 1837/1837/1837 1836/1836/1836 
f 1835/1835/1835 1838/1838/1838 1837/1837/1837 
f 1839/1839/1839 1841/1841/1841 1840/1840/1840 
f 1839/1839/1839 1842/1842/1842 1841/1841/1841 
f 1843/1843/1843 1845/1845/1845 1844/1844/1844 
f 1843/1843/1843 1846/1846/1846 1845/1845/1845 
f 1847/1847/1847 1849/1849/1849 1848/1848/1848 
f 1847/1847/1847 1848/1848/1848 1850/1850/1850 
f 1851/1851/1851 1850/1850/1850 1852/1852/1852 
f 1851/1851/1851 1852/1852/1852 1853/1853/1853 
f 1854/1854/1854 1852/1852/1852 1855/1855/1855 
f 1854/1854/1854 1856/1856/1856 1852/1852/1852 
f 1857/1857/1857 1859/1859/1859 1858/1858/1858 
f 1857/1857/1857 1860/1860/1860 1859/1859/1859 
f 1861/1861/1861 1863/1863/1863 1862/1862/1862 
f 1861/1861/1861 1864/1864/1864 1863/1863/1863 
f 1863/1863/1863 1866/1866/1866 1865/1865/1865 
f 1863/1863/1863 1867/1867/1867 1866/1866/1866 
f 1868/1868/1868 1870/1870/1870 1869/1869/1869 
f 1868/1868/1868 1871/1871/1871 1870/1870/1870 
f 1872/1872/1872 1874/1874/1874 1873/1873/1873 
f 1872/1872/1872 1875/1875/1875 1874/1874/1874 
f 1876/1876/1876 1874/1874/1874 1877/1877/1877 
f 1876/1876/1876 1877/1877/1877 1878/1878/1878 
f 1879/1879/1879 1876/1876/1876 1880/1880/1880 
f 1879/1879/1879 1880/1880/1880 1881/1881/1881 
f 1882/1882/1882 1884/1884/1884 1883/1883/1883 
f 1882/1882/1882 1885/1885/1885 1884/1884/1884 
f 1886/1886/1886 1888/1888/1888 1887/1887/1887 
f 1886/1886/1886 1889/1889/1889 1888/1888/1888 
f 1890/1890/1890 1886/1886/1886 1891/1891/1891 
f 1890/1890/1890 1891/1891/1891 1892/1892/1892 
f 1893/1893/1893 1890/1890/1890 1894/1894/1894 
f 1893/1893/1893 1894/1894/1894 1895/1895/1895 
f 1896/1896/1896 1898/1898/1898 1897/1897/1897 
f 1896/1896/1896 1899/1899/1899 1898/1898/1898 
f 1900/1900/1900 1902/1902/1902 1901/1901/1901 
f 1900/1900/1900 1903/1903/1903 1902/1902/1902 
f 1904/1904/1904 1906/1906/1906 1905/1905/1905 
f 1904/1904/1904 1905/1905/1905 1907/1907/1907 
f 1907/1907/1907 1905/1905/1905 1908/1908/1908 
f 1907/1907/1907 1908/1908/1908 1909/1909/1909 
f 1909/1909/1909 1908/1908/1908 1910/1910/1910 
f 1909/1909/1909 1910/1910/1910 1911/1911/1911 
f 1912/1912/1912 1914/1914/1914 1913/1913/1913 
f 1912/1912/1912 1915/1915/1915 1914/1914/1914 
f 1916/1916/1916 1918/1918/1918 1917/1917/1917 
f 1916/1916/1916 1919/1919/1919 1918/1918/1918 
f 1920/1920/1920 1922/1922/1922 1921/1921/1921 
f 1920/1920/1920 1923/1923/1923 1922/1922/1922 
f 1924/1924/1924 1926/1926/1926 1925/1925/1925 
f 1924/1924/1924 1927/1927/1927 1926/1926/1926 
f 1928/1928/1928 1930/1930/1930 1929/1929/1929 
f 1928/1928/1928 1931/1931/1931 1930/1930/1930 
f 1932/1932/1932 1934/1934/1934 1933/1933/1933 
f 1932/1932/1932 1935/1935/1935 1934/1934/1934 
f 1936/1936/1936 1938/1938/1938 1937/1937/1937 
f 1936/1936/1936 1939/1939/1939 1938/1938/1938 
f 1940/1940/1940 1942/1942/1942 1941/1941/1941 
f 1940/1940/1940 1943/1943/1943 1942/1942/1942 
f 1944/1944/1944 1946/1946/1946 1945/1945/1945 
f 1944/1944/1944 1947/1947/1947 1946/1946/1946 
f 1948/1948/1948 1950/1950/1950 1949/1949/1949 
f 1948/1948/1948 1951/1951/1951 1950/1950/1950 
f 1952/1952/1952 1954/1954/1954 1953/1953/1953 
f 1952/1952/1952 1955/1955/1955 1954/1954/1954 
f 1956/1956/1956 1958/1958/1958 1957/1957/1957 
f 1956/1956/1956 1959/1959/1959 1958/1958/1958 
f 1960/1960/1960 1962/1962/1962 1961/1961/1961 
f 1960/1960/1960 1963/1963/1963 1962/1962/1962 
f 1964/1964/1964 1966/1966/1966 1965/1965/1965 
f 1964/1964/1964 1967/1967/1967 1966/1966/1966 
f 1968/1968/1968 1970/1970/1970 1969/1969/1969 
f 1968/1968/1968 1971/1971/1971 1970/1970/1970 
f 1972/1972/1972 1974/1974/1974 1973/1973/1973 
f 1972/1972/1972 1975/1975/1975 1974/1974/1974 
f 1976/1976/1976 1978/1978/1978 1977/1977/1977 
f 1976/1976/1976 1979/1979/1979 1978/1978/1978 
f 1980/1980/1980 1982/1982/1982 1981/1981/1981 
f 1980/1980/1980 1983/1983/1983 1982/1982/1982 
f 1984/1984/1984 1986/1986/1986 1985/1985/1985 
f 1984/1984/1984 1987/1987/1987 1986/1986/1986 
f 1988/1988/1988 1990/1990/1990 1989/1989/1989 
f 1988/1988/1988 1991/1991/1991 1990/1990/1990 
f 1992/1992/1992 1994/1994/1994 1993/1993/1993 
f 1992/1992/1992 1995/1995/1995 1994/1994/1994 
f 1996/1996/1996 1998/1998/1998 1997/1997/1997 
f 1996/1996/1996 1999/1999/1999 1998/1998/1998 
f 2000/2000/2000 2002/2002/2002 2001/2001/2001 
f 2000/2000/2000 2003/2003/2003 2002/2002/2002 
f 2004/2004/2004 2006/2006/2006 2005/2005/2005 
f 2004/2004/2004 2007/2007/2007 2006/2006/2006 
f 2008/2008/2008 2010/2010/2010 2009/2009/2009 
f 2008/2008/2008 2011/2011/2011 2010/2010/2010 
f 2012/2012/2012 2014/2014/2014 2013/2013/2013 
f 2012/2012/2012 2015/2015/2015 2014/2014/2014 
f 2016/2016/2016 2018/2018/2018 2017/2017/2017 
f 2016/2016/2016 2019/2019/2019 2018/2018/2018 
f 2020/2020/2020 2022/2022/2022 2021/2021/2021 
f 2020/2020/2020 2023/2023/2023 2022/2022/2022 
f 2024/2024/2024 2026/2026/2026 2025/2025/2025 
f 2024/2024/2024 2027/2027/2027 2026/2026/2026 
f 2028/2028/2028 2030/2030/2030 2029/2029/2029 
f 2028/2028/2028 2031/2031/2031 2030/2030/2030 
f 2032/2032/2032 2034/2034/2034 2033/2033/2033 
f 2032/2032/2032 2035/2035/2035 2034/2034/2034 
f 2036/2036/2036 2038/2038/2038 2037/2037/2037 
f 2036/2036/2036 2039/2039/2039 2038/2038/2038 
f 2040/2040/2040 2042/2042/2042 2041/2041/2041 
f 2040/2040/2040 2043/2043/2043 2042/2042/2042 
f 2044/2044/2044 2046/2046/2046 2045/2045/2045 
f 2044/2044/2044 2047/2047/2047 2046/2046/2046 
f 2048/2048/2048 2050/2050/2050 2049/2049/2049 
f 2048/2048/2048 2051/2051/2051 2050/2050/2050 
f 2052/2052/2052 2054/2054/2054 2053/2053/2053 
f 2052/2052/2052 2055/2055/2055 2054/2054/2054 
f 2056/2056/2056 2058/2058/2058 2057/2057/2057 
f 2056/2056/2056 2059/2059/2059 2058/2058/2058 
f 2060/2060/2060 2062/2062/2062 2061/2061/2061 
f 2060/2060/2060 2063/2063/2063 2062/2062/2062 
f 2064/2064/2064 2066/2066/2066 2065/2065/2065 
f 2064/2064/2064 2067/2067/2067 2066/2066/2066 
f 2068/2068/2068 2070/2070/2070 2069/2069/2069 
f 2068/2068/2068 2071/2071/2071 2070/2070/2070 
f 2072/2072/2072 2074/2074/2074 2073/2073/2073 
f 2072/2072/2072 2075/2075/2075 2074/2074/2074 
f 2076/2076/2076 2078/2078/2078 2077/2077/2077 
f 2076/2076/2076 2079/2079/2079 2078/2078/2078 
f 2080/2080/2080 2082/2082/2082 2081/2081/2081 
f 2080/2080/2080 2083/2083/2083 2082/2082/2082 
f 2084/2084/2084 2086/2086/2086 2085/2085/2085 
f 2084/2084/2084 2087/2087/2087 2086/2086/2086 
f 2088/2088/2088 2090/2090/2090 2089/2089/2089 
f 2088/2088/2088 2091/2091/2091 2090/2090/2090 
f 2092/2092/2092 2094/2094/2094 2093/2093/2093 
f 2092/2092/2092 2095/2095/2095 2094/2094/2094 
f 2096/2096/2096 2098/2098/2098 2097/2097/2097 
f 2096/2096/2096 2099/2099/2099 2098/2098/2098 
f 2100/2100/2100 2102/2102/2102 2101/2101/2101 
f 2100/2100/2100 2103/2103/2103 2102/2102/2102 
f 2104/2104/2104 2106/2106/2106 2105/2105/2105 
f 2104/2104/2104 2107/2107/2107 2106/2106/2106 
f 2108/2108/2108 2110/2110/2110 2109/2109/2109 
f 2108/2108/2108 2111/2111/2111 2110/2110/2110 
f 2112/2112/2112 2114/2114/2114 2113/2113/2113 
f 2112/2112/2112 2115/2115/2115 2114/2114/2114 
f 2116/2116/2116 2118/2118/2118 2117/2117/2117 
f 2116/2116/2116 2119/2119/2119 2118/2118/2118 
f 2120/2120/2120 2122/2122/2122 2121/2121/2121 
f 2120/2120/2120 2123/2123/2123 2122/2122/2122 
f 2124/2124/2124 2126/2126/2126 2125/2125/2125 
f 2124/2124/2124 2127/2127/2127 2126/2126/2126 
f 2128/2128/2128 2130/2130/2130 2129/2129/2129 
f 2128/2128/2128 2131/2131/2131 2130/2130/2130 
f 2132/2132/2132 2134/2134/2134 2133/2133/2133 
f 2132/2132/2132 2135/2135/2135 2134/2134/2134 
f 2136/2136/2136 2138/2138/2138 2137/2137/2137 
f 2136/2136/2136 2137/2137/2137 2139/2139/2139 
f 2140/2140/2140 2139/2139/2139 2141/2141/2141 
f 2140/2140/2140 2141/2141/2141 2142/2142/2142 
f 2143/2143/2143 2141/2141/2141 2144/2144/2144 
f 2143/2143/2143 2145/2145/2145 2141/2141/2141 
f 2146/2146/2146 2148/2148/2148 2147/2147/2147 
f 2146/2146/2146 2149/2149/2149 2148/2148/2148 
f 2150/2150/2150 2151/2151/2151 2148/2148/2148 
f 2150/2150/2150 2152/2152/2152 2151/2151/2151 
f 2151/2151/2151 2154/2154/2154 2153/2153/2153 
f 2151/2151/2151 2155/2155/2155 2154/2154/2154 
f 2156/2156/2156 2158/2158/2158 2157/2157/2157 
f 2156/2156/2156 2159/2159/2159 2158/2158/2158 
f 2160/2160/2160 2162/2162/2162 2161/2161/2161 
f 2160/2160/2160 2163/2163/2163 2162/2162/2162 
f 2164/2164/2164 2162/2162/2162 2165/2165/2165 
f 2164/2164/2164 2165/2165/2165 2166/2166/2166 
f 2167/2167/2167 2164/2164/2164 2168/2168/2168 
f 2167/2167/2167 2168/2168/2168 2169/2169/2169 
f 2170/2170/2170 2172/2172/2172 2171/2171/2171 
f 2170/2170/2170 2173/2173/2173 2172/2172/2172 
f 2174/2174/2174 2176/2176/2176 2175/2175/2175 
f 2174/2174/2174 2177/2177/2177 2176/2176/2176 
f 2178/2178/2178 2174/2174/2174 2179/2179/2179 
f 2178/2178/2178 2179/2179/2179 2180/2180/2180 
f 2181/2181/2181 2178/2178/2178 2182/2182/2182 
f 2181/2181/2181 2182/2182/2182 2183/2183/2183 
f 2184/2184/2184 2186/2186/2186 2185/2185/2185 
f 2184/2184/2184 2187/2187/2187 2186/2186/2186 
f 2188/2188/2188 2190/2190/2190 2189/2189/2189 
f 2188/2188/2188 2191/2191/2191 2190/2190/2190 
f 2192/2192/2192 2194/2194/2194 2193/2193/2193 
f 2192/2192/2192 2193/2193/2193 2195/2195/2195 
f 2195/2195/2195 2193/2193/2193 2196/2196/2196 
f 2195/2195/2195 2196/2196/2196 2197/2197/2197 
f 2197/2197/2197 2196/2196/2196 2198/2198/2198 
f 2197/2197/2197 2198/2198/2198 2199/2199/2199 
f 2200/2200/2200 2202/2202/2202 2201/2201/2201 
f 2200/2200/2200 2201/2201/2201 2203/2203/2203 
f 2204/2204/2204 2200/2200/2200 2203/2203/2203 
f 2204/2204/2204 2203/2203/2203 2205/2205/2205 
f 2206/2206/2206 2204/2204/2204 2205/2205/2205 
f 2206/2206/2206 2205/2205/2205 2207/2207/2207 
f 2208/2208/2208 2206/2206/2206 2207/2207/2207 
f 2208/2208/2208 2207/2207/2207 2209/2209/2209 
f 2210/2210/2210 2208/2208/2208 2209/2209/2209 
f 2210/2210/2210 2209/2209/2209 2211/2211/2211 
f 2212/2212/2212 2210/2210/2210 2211/2211/2211 
f 2212/2212/2212 2211/2211/2211 2213/2213/2213 
f 2214/2214/2214 2212/2212/2212 2213/2213/2213 
f 2214/2214/2214 2213/2213/2213 2215/2215/2215 
f 2216/2216/2216 2214/2214/2214 2215/2215/2215 
f 2216/2216/2216 2215/2215/2215 2217/2217/2217 
f 2218/2218/2218 2216/2216/2216 2217/2217/2217 
f 2218/2218/2218 2217/2217/2217 2219/2219/2219 
f 2220/2220/2220 2218/2218/2218 2219/2219/2219 
f 2220/2220/2220 2219/2219/2219 2221/2221/2221 
f 2222/2222/2222 2220/2220/2220 2221/2221/2221 
f 2222/2222/2222 2221/2221/2221 2223/2223/2223 
f 2224/2224/2224 2222/2222/2222 2223/2223/2223 
f 2224/2224/2224 2223/2223/2223 2225/2225/2225 
f 2226/2226/2226 2224/2224/2224 2225/2225/2225 
f 2226/2226/2226 2225/2225/2225 2227/2227/2227 
f 2228/2228/2228 2226/2226/2226 2227/2227/2227 
f 2228/2228/2228 2227/2227/2227 2229/2229/2229 
f 2230/2230/2230 2228/2228/2228 2229/2229/2229 
f 2230/2230/2230 2229/2229/2229 2231/2231/2231 
f 2232/2232/2232 2230/2230/2230 2231/2231/2231 
f 2232/2232/2232 2231/2231/2231 2233/2233/2233 
f 2234/2234/2234 2232/2232/2232 2233/2233/2233 
f 2234/2234/2234 2233/2233/2233 2235/2235/2235 
f 2236/2236/2236 2234/2234/2234 2235/2235/2235 
f 2236/2236/2236 2235/2235/2235 2237/2237/2237 
f 2238/2238/2238 2240/2240/2240 2239/2239/2239 
f 2238/2238/2238 2239/2239/2239 2241/2241/2241 
f 2242/2242/2242 2238/2238/2238 2241/2241/2241 
f 2242/2242/2242 2241/2241/2241 2243/2243/2243 
f 2244/2244/2244 2242/2242/2242 2243/2243/2243 
f 2244/2244/2244 2243/2243/2243 2245/2245/2245 
f 2246/2246/2246 2244/2244/2244 2245/2245/2245 
f 2246/2246/2246 2245/2245/2245 2247/2247/2247 
f 2248/2248/2248 2246/2246/2246 2247/2247/2247 
f 2248/2248/2248 2247/2247/2247 2249/2249/2249 
f 2250/2250/2250 2248/2248/2248 2249/2249/2249 
f 2250/2250/2250 2249/2249/2249 2251/2251/2251 
f 2252/2252/2252 2250/2250/2250 2251/2251/2251 
f 2252/2252/2252 2251/2251/2251 2253/2253/2253 
f 2254/2254/2254 2252/2252/2252 2253/2253/2253 
f 2254/2254/2254 2253/2253/2253 2255/2255/2255 
f 2256/2256/2256 2254/2254/2254 2255/2255/2255 
f 2256/2256/2256 2255/2255/2255 2257/2257/2257 
f 2258/2258/2258 2256/2256/2256 2257/2257/2257 
f 2258/2258/2258 2257/2257/2257 2259/2259/2259 
f 2260/2260/2260 2258/2258/2258 2259/2259/2259 
f 2260/2260/2260 2259/2259/2259 2261/2261/2261 
f 2262/2262/2262 2260/2260/2260 2261/2261/2261 
f 2262/2262/2262 2261/2261/2261 2263/2263/2263 
f 2264/2264/2264 2262/2262/2262 2263/2263/2263 
f 2264/2264/2264 2265/2265/2265 2262/2262/2262 
f 2266/2266/2266 2265/2265/2265 2264/2264/2264 
f 2266/2266/2266 2264/2264/2264 2267/2267/2267 
f 2268/2268/2268 2266/2266/2266 2267/2267/2267 
f 2268/2268/2268 2267/2267/2267 2269/2269/2269 
f 2270/2270/2270 2268/2268/2268 2269/2269/2269 
f 2270/2270/2270 2269/2269/2269 2271/2271/2271 
f 2272/2272/2272 2270/2270/2270 2271/2271/2271 
f 2272/2272/2272 2271/2271/2271 2273/2273/2273 
f 2274/2274/2274 2272/2272/2272 2273/2273/2273 
f 2274/2274/2274 2273/2273/2273 2275/2275/2275 
f 2276/2276/2276 2278/2278/2278 2277/2277/2277 
f 2276/2276/2276 2277/2277/2277 2279/2279/2279 
f 2280/2280/2280 2276/2276/2276 2279/2279/2279 
f 2280/2280/2280 2279/2279/2279 2281/2281/2281 
f 2282/2282/2282 2280/2280/2280 2281/2281/2281 
f 2282/2282/2282 2281/2281/2281 2283/2283/2283 
f 2284/2284/2284 2282/2282/2282 2283/2283/2283 
f 2284/2284/2284 2283/2283/2283 2285/2285/2285 
f 2286/2286/2286 2284/2284/2284 2285/2285/2285 
f 2286/2286/2286 2285/2285/2285 2287/2287/2287 
f 2288/2288/2288 2286/2286/2286 2287/2287/2287 
f 2288/2288/2288 2287/2287/2287 2289/2289/2289 
f 2290/2290/2290 2288/2288/2288 2289/2289/2289 
f 2290/2290/2290 2289/2289/2289 2291/2291/2291 
f 2292/2292/2292 2290/2290/2290 2291/2291/2291 
f 2292/2292/2292 2291/2291/2291 2293/2293/2293 
f 2294/2294/2294 2292/2292/2292 2293/2293/2293 
f 2294/2294/2294 2293/2293/2293 2295/2295/2295 
f 2296/2296/2296 2294/2294/2294 2295/2295/2295 
f 2296/2296/2296 2295/2295/2295 2297/2297/2297 
f 2298/2298/2298 2296/2296/2296 2297/2297/2297 
f 2298/2298/2298 2297/2297/2297 2299/2299/2299 
f 2300/2300/2300 2298/2298/2298 2299/2299/2299 
f 2300/2300/2300 2299/2299/2299 2301/2301/2301 
f 2302/2302/2302 2300/2300/2300 2301/2301/2301 
f 2302/2302/2302 2301/2301/2301 2303/2303/2303 
f 2304/2304/2304 2302/2302/2302 2303/2303/2303 
f 2304/2304/2304 2303/2303/2303 2305/2305/2305 
f 2306/2306/2306 2304/2304/2304 2305/2305/2305 
f 2306/2306/2306 2305/2305/2305 2307/2307/2307 
f 2308/2308/2308 2306/2306/2306 2307/2307/2307 
f 2308/2308/2308 2307/2307/2307 2309/2309/2309 
f 2310/2310/2310 2308/2308/2308 2309/2309/2309 
f 2310/2310/2310 2309/2309/2309 2311/2311/2311 
f 2312/2312/2312 2310/2310/2310 2311/2311/2311 
f 2312/2312/2312 2311/2311/2311 2313/2313/2313 
f 2314/2314/2314 2316/2316/2316 2315/2315/2315 
f 2314/2314/2314 2315/2315/2315 2317/2317/2317 
f 2318/2318/2318 2314/2314/2314 2317/2317/2317 
f 2318/2318/2318 2317/2317/2317 2319/2319/2319 
f 2320/2320/2320 2318/2318/2318 2319/2319/2319 
f 2320/2320/2320 2319/2319/2319 2321/2321/2321 
f 2322/2322/2322 2320/2320/2320 2321/2321/2321 
f 2322/2322/2322 2321/2321/2321 2323/2323/2323 
f 2324/2324/2324 2322/2322/2322 2323/2323/2323 
f 2324/2324/2324 2323/2323/2323 2325/2325/2325 
f 2326/2326/2326 2324/2324/2324 2325/2325/2325 
f 2326/2326/2326 2325/2325/2325 2327/2327/2327 
f 2328/2328/2328 2326/2326/2326 2327/2327/2327 
f 2328/2328/2328 2327/2327/2327 2329/2329/2329 
f 2330/2330/2330 2328/2328/2328 2329/2329/2329 
f 2330/2330/2330 2329/2329/2329 2331/2331/2331 
f 2332/2332/2332 2330/2330/2330 2331/2331/2331 
f 2332/2332/2332 2331/2331/2331 2333/2333/2333 
f 2334/2334/2334 2332/2332/2332 2333/2333/2333 
f 2334/2334/2334 2333/2333/2333 2335/2335/2335 
f 2336/2336/2336 2334/2334/2334 2335/2335/2335 
f 2336/2336/2336 2335/2335/2335 2337/2337/2337 
f 2338/2338/2338 2336/2336/2336 2337/2337/2337 
f 2338/2338/2338 2337/2337/2337 2339/2339/2339 
f 2340/2340/2340 2338/2338/2338 2339/2339/2339 
f 2340/2340/2340 2341/2341/2341 2338/2338/2338 
f 2342/2342/2342 2341/2341/2341 2340/2340/2340 
f 2342/2342/2342 2340/2340/2340 2343/2343/2343 
f 2344/2344/2344 2342/2342/2342 2343/2343/2343 
f 2344/2344/2344 2343/2343/2343 2345/2345/2345 
f 2346/2346/2346 2344/2344/2344 2345/2345/2345 
f 2346/2346/2346 2345/2345/2345 2347/2347/2347 
f 2348/2348/2348 2346/2346/2346 2347/2347/2347 
f 2348/2348/2348 2347/2347/2347 2349/2349/2349 
f 2350/2350/2350 2348/2348/2348 2349/2349/2349 
f 2350/2350/2350 2349/2349/2349 2351/2351/2351 
f 2352/2352/2352 2354/2354/2354 2353/2353/2353 
f 2352/2352/2352 2355/2355/2355 2354/2354/2354 
f 2356/2356/2356 2358/2358/2358 2357/2357/2357 
f 2356/2356/2356 2359/2359/2359 2358/2358/2358 
f 2360/2360/2360 2362/2362/2362 2361/2361/2361 
f 2360/2360/2360 2363/2363/2363 2362/2362/2362 
f 2364/2364/2364 2366/2366/2366 2365/2365/2365 
f 2364/2364/2364 2367/2367/2367 2366/2366/2366 
f 2368/2368/2368 2370/2370/2370 2369/2369/2369 
f 2368/2368/2368 2371/2371/2371 2370/2370/2370 
f 2372/2372/2372 2374/2374/2374 2373/2373/2373 
f 2372/2372/2372 2375/2375/2375 2374/2374/2374 
f 2376/2376/2376 2378/2378/2378 2377/2377/2377 
f 2376/2376/2376 2379/2379/2379 2378/2378/2378 
f 2380/2380/2380 2382/2382/2382 2381/2381/2381 
f 2380/2380/2380 2383/2383/2383 2382/2382/2382 
f 2384/2384/2384 2386/2386/2386 2385/2385/2385 
f 2384/2384/2384 2387/2387/2387 2386/2386/2386 
f 2388/2388/2388 2390/2390/2390 2389/2389/2389 
f 2388/2388/2388 2391/2391/2391 2390/2390/2390 
f 2392/2392/2392 2394/2394/2394 2393/2393/2393 
f 2392/2392/2392 2395/2395/2395 2394/2394/2394 
f 2396/2396/2396 2398/2398/2398 2397/2397/2397 
f 2396/2396/2396 2399/2399/2399 2398/2398/2398 
f 2400/2400/2400 2402/2402/2402 2401/2401/2401 
f 2400/2400/2400 2403/2403/2403 2402/2402/2402 
f 2404/2404/2404 2406/2406/2406 2405/2405/2405 
f 2404/2404/2404 2407/2407/2407 2406/2406/2406 
f 2408/2408/2408 2410/2410/2410 2409/2409/2409 
f 2408/2408/2408 2411/2411/2411 2410/2410/2410 
f 2412/2412/2412 2414/2414/2414 2413/2413/2413 
f 2412/2412/2412 2415/2415/2415 2414/2414/2414 
f 2416/2416/2416 2418/2418/2418 2417/2417/2417 
f 2416/2416/2416 2419/2419/2419 2418/2418/2418 
f 2420/2420/2420 2422/2422/2422 2421/2421/2421 
f 2420/2420/2420 2423/2423/2423 2422/2422/2422 
f 2424/2424/2424 2426/2426/2426 2425/2425/2425 
f 2424/2424/2424 2427/2427/2427 2426/2426/2426 
f 2428/2428/2428 2430/2430/2430 2429/2429/2429 
f 2428/2428/2428 2431/2431/2431 2430/2430/2430 
f 2432/2432/2432 2434/2434/2434 2433/2433/2433 
f 2432/2432/2432 2435/2435/2435 2434/2434/2434 
f 2436/2436/2436 2438/2438/2438 2437/2437/2437 
f 2436/2436/2436 2439/2439/2439 2438/2438/2438 
f 2440/2440/2440 2442/2442/2442 2441/2441/2441 
f 2440/2440/2440 2443/2443/2443 2442/2442/2442 
f 2444/2444/2444 2446/2446/2446 2445/2445/2445 
f 2444/2444/2444 2447/2447/2447 2446/2446/2446 
f 2448/2448/2448 2450/2450/2450 2449/2449/2449 
f 2448/2448/2448 2451/2451/2451 2450/2450/2450 
f 2452/2452/2452 2454/2454/2454 2453/2453/2453 
f 2452/2452/2452 2455/2455/2455 2454/2454/2454 
f 2456/2456/2456 2458/2458/2458 2457/2457/2457 
f 2456/2456/2456 2459/2459/2459 2458/2458/2458 
f 2460/2460/2460 2462/2462/2462 2461/2461/2461 
f 2460/2460/2460 2463/2463/2463 2462/2462/2462 
f 2464/2464/2464 2466/2466/2466 2465/2465/2465 
f 2464/2464/2464 2467/2467/2467 2466/2466/2466 
f 2468/2468/2468 2470/2470/2470 2469/2469/2469 
f 2468/2468/2468 2471/2471/2471 2470/2470/2470 
f 2472/2472/2472 2474/2474/2474 2473/2473/2473 
f 2472/2472/2472 2475/2475/2475 2474/2474/2474 
f 2476/2476/2476 2478/2478/2478 2477/2477/2477 
f 2476/2476/2476 2479/2479/2479 2478/2478/2478 
f 2480/2480/2480 2482/2482/2482 2481/2481/2481 
f 2480/2480/2480 2483/2483/2483 2482/2482/2482 
f 2484/2484/2484 2486/2486/2486 2485/2485/2485 
f 2484/2484/2484 2487/2487/2487 2486/2486/2486 
f 2488/2488/2488 2490/2490/2490 2489/2489/2489 
f 2488/2488/2488 2491/2491/2491 2490/2490/2490 
f 2492/2492/2492 2494/2494/2494 2493/2493/2493 
f 2492/2492/2492 2495/2495/2495 2494/2494/2494 
f 2496/2496/2496 2498/2498/2498 2497/2497/2497 
f 2496/2496/2496 2499/2499/2499 2498/2498/2498 
f 2500/2500/2500 2502/2502/2502 2501/2501/2501 
f 2500/2500/2500 2503/2503/2503 2502/2502/2502 
f 2504/2504/2504 2506/2506/2506 2505/2505/2505 
f 2504/2504/2504 2507/2507/2507 2506/2506/2506 
f 2508/2508/2508 2510/2510/2510 2509/2509/2509 
f 2508/2508/2508 2511/2511/2511 2510/2510/2510 
f 2512/2512/2512 2514/2514/2514 2513/2513/2513 
f 2512/2512/2512 2515/2515/2515 2514/2514/2514 
f 2516/2516/2516 2518/2518/2518 2517/2517/2517 
f 2516/2516/2516 2519/2519/2519 2518/2518/2518 
f 2520/2520/2520 2522/2522/2522 2521/2521/2521 
f 2520/2520/2520 2523/2523/2523 2522/2522/2522 
f 2524/2524/2524 2526/2526/2526 2525/2525/2525 
f 2524/2524/2524 2527/2527/2527 2526/2526/2526 
f 2528/2528/2528 2530/2530/2530 2529/2529/2529 
f 2528/2528/2528 2531/2531/2531 2530/2530/2530 
f 2532/2532/2532 2534/2534/2534 2533/2533/2533 
f 2532/2532/2532 2535/2535/2535 2534/2534/2534 
f 2536/2536/2536 2538/2538/2538 2537/2537/2537 
f 2536/2536/2536 2539/2539/2539 2538/2538/2538 
f 2540/2540/2540 2542/2542/2542 2541/2541/2541 
f 2540/2540/2540 2543/2543/2543 2542/2542/2542 
f 2544/2544/2544 2546/2546/2546 2545/2545/2545 
f 2544/2544/2544 2547/2547/2547 2546/2546/2546 
f 2548/2548/2548 2550/2550/2550 2549/2549/2549 
f 2548/2548/2548 2551/2551/2551 2550/2550/2550 
f 2552/2552/2552 2554/2554/2554 2553/2553/2553 
f 2552/2552/2552 2555/2555/2555 2554/2554/2554 
f 2556/2556/2556 2558/2558/2558 2557/2557/2557 
f 2556/2556/2556 2559/2559/2559 2558/2558/2558 
f 2560/2560/2560 2562/2562/2562 2561/2561/2561 
f 2560/2560/2560 2563/2563/2563 2562/2562/2562 
f 2564/2564/2564 2566/2566/2566 2565/2565/2565 
f 2564/2564/2564 2567/2567/2567 2566/2566/2566 
f 2568/2568/2568 2570/2570/2570 2569/2569/2569 
f 2568/2568/2568 2571/2571/2571 2570/2570/2570 
f 2572/2572/2572 2574/2574/2574 2573/2573/2573 
f 2572/2572/2572 2575/2575/2575 2574/2574/2574 
f 2576/2576/2576 2578/2578/2578 2577/2577/2577 
f 2576/2576/2576 2577/2577/2577 2579/2579/2579 
f 2580/2580/2580 2579/2579/2579 2581/2581/2581 
f 2580/2580/2580 2581/2581/2581 2582/2582/2582 
f 2583/2583/2583 2581/2581/2581 2584/2584/2584 
f 2583/2583/2583 2585/2585/2585 2581/2581/2581 
f 2586/2586/2586 2588/2588/2588 2587/2587/2587 
f 2586/2586/2586 2589/2589/2589 2588/2588/2588 
f 2590/2590/2590 2592/2592/2592 2591/2591/2591 
f 2590/2590/2590 2593/2593/2593 2592/2592/2592 
f 2592/2592/2592 2595/2595/2595 2594/2594/2594 
f 2592/2592/2592 2596/2596/2596 2595/2595/2595 
f 2597/2597/2597 2599/2599/2599 2598/2598/2598 
f 2597/2597/2597 2600/2600/2600 2599/2599/2599 
f 2601/2601/2601 2603/2603/2603 2602/2602/2602 
f 2601/2601/2601 2604/2604/2604 2603/2603/2603 
f 2605/2605/2605 2603/2603/2603 2606/2606/2606 
f 2605/2605/2605 2606/2606/2606 2607/2607/2607 
f 2608/2608/2608 2605/2605/2605 2609/2609/2609 
f 2608/2608/2608 2609/2609/2609 2610/2610/2610 
f 2611/2611/2611 2613/2613/2613 2612/2612/2612 
f 2611/2611/2611 2614/2614/2614 2613/2613/2613 
f 2615/2615/2615 2617/2617/2617 2616/2616/2616 
f 2615/2615/2615 2618/2618/2618 2617/2617/2617 
f 2619/2619/2619 2615/2615/2615 2620/2620/2620 
f 2619/2619/2619 2620/2620/2620 2621/2621/2621 
f 2622/2622/2622 2619/2619/2619 2623/2623/2623 
f 2622/2622/2622 2623/2623/2623 2624/2624/2624 
f 2625/2625/2625 2627/2627/2627 2626/2626/2626 
f 2625/2625/2625 2628/2628/2628 2627/2627/2627 
f 2629/2629/2629 2631/2631/2631 2630/2630/2630 
f 2629/2629/2629 2632/2632/2632 2631/2631/2631 
f 2633/2633/2633 2635/2635/2635 2634/2634/2634 
f 2633/2633/2633 2634/2634/2634 2636/2636/2636 
f 2636/2636/2636 2634/2634/2634 2637/2637/2637 
f 2636/2636/2636 2637/2637/2637 2638/2638/2638 
f 2638/2638/2638 2637/2637/2637 2639/2639/2639 
f 2638/2638/2638 2639/2639/2639 2640/2640/2640 
f 2641/2641/2641 2643/2643/2643 2642/2642/2642 
f 2641/2641/2641 2644/2644/2644 2643/2643/2643 
f 2645/2645/2645 2647/2647/2647 2646/2646/2646 
f 2645/2645/2645 2648/2648/2648 2647/2647/2647 
f 2649/2649/2649 2651/2651/2651 2650/2650/2650 
f 2649/2649/2649 2652/2652/2652 2651/2651/2651 
f 2653/2653/2653 2655/2655/2655 2654/2654/2654 
f 2653/2653/2653 2656/2656/2656 2655/2655/2655 
f 2657/2657/2657 2659/2659/2659 2658/2658/2658 
f 2657/2657/2657 2660/2660/2660 2659/2659/2659 
f 2661/2661/2661 2663/2663/2663 2662/2662/2662 
f 2661/2661/2661 2664/2664/2664 2663/2663/2663 
f 2665/2665/2665 2667/2667/2667 2666/2666/2666 
f 2665/2665/2665 2668/2668/2668 2667/2667/2667 
f 2669/2669/2669 2671/2671/2671 2670/2670/2670 
f 2669/2669/2669 2672/2672/2672 2671/2671/2671 
f 2673/2673/2673 2675/2675/2675 2674/2674/2674 
f 2673/2673/2673 2676/2676/2676 2675/2675/2675 
f 2677/2677/2677 2679/2679/2679 2678/2678/2678 
f 2677/2677/2677 2680/2680/2680 2679/2679/2679 
f 2681/2681/2681 2683/2683/2683 2682/2682/2682 
f 2681/2681/2681 2684/2684/2684 2683/2683/2683 
f 2685/2685/2685 2687/2687/2687 2686/2686/2686 
f 2685/2685/2685 2688/2688/2688 2687/2687/2687 
f 2689/2689/2689 2691/2691/2691 2690/2690/2690 
f 2689/2689/2689 2692/2692/2692 2691/2691/2691 
f 2693/2693/2693 2695/2695/2695 2694/2694/2694 
f 2693/2693/2693 2696/2696/2696 2695/2695/2695 
f 2697/2697/2697 2699/2699/2699 2698/2698/2698 
f 2697/2697/2697 2700/2700/2700 2699/2699/2699 
f 2701/2701/2701 2703/2703/2703 2702/2702/2702 
f 2701/2701/2701 2704/2704/2704 2703/2703/2703 
f 2705/2705/2705 2707/2707/2707 2706/2706/2706 
f 2705/2705/2705 2708/2708/2708 2707/2707/2707 
f 2709/2709/2709 2711/2711/2711 2710/2710/2710 
f 2709/2709/2709 2712/2712/2712 2711/2711/2711 
f 2713/2713/2713 2715/2715/2715 2714/2714/2714 
f 2713/2713/2713 2716/2716/2716 2715/2715/2715 
f 2717/2717/2717 2719/2719/2719 2718/2718/2718 
f 2717/2717/2717 2720/2720/2720 2719/2719/2719 
f 2721/2721/2721 2723/2723/2723 2722/2722/2722 
f 2721/2721/2721 2724/2724/2724 2723/2723/2723 
f 2725/2725/2725 2727/2727/2727 2726/2726/2726 
f 2725/2725/2725 2728/2728/2728 2727/2727/2727 
f 2729/2729/2729 2731/2731/2731 2730/2730/2730 
f 2729/2729/2729 2732/2732/2732 2731/2731/2731 
f 2733/2733/2733 2735/2735/2735 2734/2734/2734 
f 2733/2733/2733 2736/2736/2736 2735/2735/2735 
f 2737/2737/2737 2739/2739/2739 2738/2738/2738 
f 2737/2737/2737 2740/2740/2740 2739/2739/2739 
f 2741/2741/2741 2743/2743/2743 2742/2742/2742 
f 2741/2741/2741 2744/2744/2744 2743/2743/2743 
f 2745/2745/2745 2747/2747/2747 2746/2746/2746 
f 2745/2745/2745 2748/2748/2748 2747/2747/2747 
f 2749/2749/2749 2751/2751/2751 2750/2750/2750 
f 2749/2749/2749 2752/2752/2752 2751/2751/2751 
f 2753/2753/2753 2755/2755/2755 2754/2754/2754 
f 2753/2753/2753 2756/2756/2756 2755/2755/2755 
f 2757/2757/2757 2759/2759/2759 2758/2758/2758 
f 2757/2757/2757 2760/2760/2760 2759/2759/2759 
f 2761/2761/2761 2763/2763/2763 2762/2762/2762 
f 2761/2761/2761 2764/2764/2764 2763/2763/2763 
f 2765/2765/2765 2767/2767/2767 2766/2766/2766 
f 2765/2765/2765 2768/2768/2768 2767/2767/2767 
f 2769/2769/2769 2771/2771/2771 2770/2770/2770 
f 2769/2769/2769 2772/2772/2772 2771/2771/2771 
f 2773/2773/2773 2775/2775/2775 2774/2774/2774 
f 2773/2773/2773 2776/2776/2776 2775/2775/2775 
f 2777/2777/2777 2779/2779/2779 2778/2778/2778 
f 2777/2777/2777 2780/2780/2780 2779/2779/2779 
f 2781/2781/2781 2783/2783/2783 2782/2782/2782 
f 2781/2781/2781 2784/2784/2784 2783/2783/2783 
f 2785/2785/2785 2787/2787/2787 2786/2786/2786 
f 2785/2785/2785 2788/2788/2788 2787/2787/2787 
f 2789/2789/2789 2791/2791/2791 2790/2790/2790 
f 2789/2789/2789 2792/2792/2792 2791/2791/2791 
f 2793/2793/2793 2795/2795/2795 2794/2794/2794 
f 2793/2793/2793 2796/2796/2796 2795/2795/2795 
f 2797/2797/2797 2799/2799/2799 2798/2798/2798 
f 2797/2797/2797 2800/2800/2800 2799/2799/2799 
f 2801/2801/2801 2803/2803/2803 2802/2802/2802 
f 2801/2801/2801 2804/2804/2804 2803/2803/2803 
f 2805/2805/2805 2807/2807/2807 2806/2806/2806 
f 2805/2805/2805 2808/2808/2808 2807/2807/2807 
f 2809/2809/2809 2811/2811/2811 2810/2810/2810 
f 2809/2809/2809 2812/2812/2812 2811/2811/2811 
f 2813/2813/2813 2815/2815/2815 2814/2814/2814 
f 2813/2813/2813 2816/2816/2816 2815/2815/2815 
f 2817/2817/2817 2819/2819/2819 2818/2818/2818 
f 2817/2817/2817 2820/2820/2820 2819/2819/2819 
f 2821/2821/2821 2823/2823/2823 2822/2822/2822 
f 2821/2821/2821 2824/2824/2824 2823/2823/2823 
f 2825/2825/2825 2827/2827/2827 2826/2826/2826 
f 2825/2825/2825 2828/2828/2828 2827/2827/2827 
f 2829/2829/2829 2831/2831/2831 2830/2830/2830 
f 2829/2829/2829 2832/2832/2832 2831/2831/2831 
f 2833/2833/2833 2835/2835/2835 2834/2834/2834 
f 2833/2833/2833 2836/2836/2836 2835/2835/2835 
f 2837/2837/2837 2839/2839/2839 2838/2838/2838 
f 2837/2837/2837 2840/2840/2840 2839/2839/2839 
f 2841/2841/2841 2843/2843/2843 2842/2842/2842 
f 2841/2841/2841 2844/2844/2844 2843/2843/2843 
f 2845/2845/2845 2847/2847/2847 2846/2846/2846 
f 2845/2845/2845 2848/2848/2848 2847/2847/2847 
f 2849/2849/2849 2851/2851/2851 2850/2850/2850 
f 2849/2849/2849 2852/2852/2852 2851/2851/2851 
f 2853/2853/2853 2855/2855/2855 2854/2854/2854 
f 2853/2853/2853 2856/2856/2856 2855/2855/2855 
f 2857/2857/2857 2859/2859/2859 2858/2858/2858 
f 2857/2857/2857 2860/2860/2860 2859/2859/2859 
f 2861/2861/2861 2863/2863/2863 2862/2862/2862 
f 2861/2861/2861 2864/2864/2864 2863/2863/2863 
f 2865/2865/2865 2867/2867/2867 2866/2866/2866 
f 2865/2865/2865 2866/2866/2866 2868/2868/2868 
f 2869/2869/2869 2868/2868/2868 2870/2870/2870 
f 2869/2869/2869 2870/2870/2870 2871/2871/2871 
f 2872/2872/2872 2870/2870/2870 2873/2873/2873 
f 2872/2872/2872 2874/2874/2874 2870/2870/2870 
f 2875/2875/2875 2877/2877/2877 2876/2876/2876 
f 2875/2875/2875 2878/2878/2878 2877/2877/2877 
f 2879/2879/2879 2880/2880/2880 2877/2877/2877 
f 2879/2879/2879 2881/2881/2881 2880/2880/2880 
f 2880/2880/2880 2883/2883/2883 2882/2882/2882 
f 2880/2880/2880 2884/2884/2884 2883/2883/2883 
f 2885/2885/2885 2887/2887/2887 2886/2886/2886 
f 2885/2885/2885 2888/2888/2888 2887/2887/2887 
f 2889/2889/2889 2891/2891/2891 2890/2890/2890 
f 2889/2889/2889 2892/2892/2892 2891/2891/2891 
f 2893/2893/2893 2891/2891/2891 2894/2894/2894 
f 2893/2893/2893 2894/2894/2894 2895/2895/2895 
f 2896/2896/2896 2893/2893/2893 2897/2897/2897 
f 2896/2896/2896 2897/2897/2897 2898/2898/2898 
f 2899/2899/2899 2901/2901/2901 2900/2900/2900 
f 2899/2899/2899 2902/2902/2902 2901/2901/2901 
f 2903/2903/2903 2905/2905/2905 2904/2904/2904 
f 2903/2903/2903 2906/2906/2906 2905/2905/2905 
f 2907/2907/2907 2903/2903/2903 2908/2908/2908 
f 2907/2907/2907 2908/2908/2908 2909/2909/2909 
f 2910/2910/2910 2907/2907/2907 2911/2911/2911 
f 2910/2910/2910 2911/2911/2911 2912/2912/2912 
f 2913/2913/2913 2915/2915/2915 2914/2914/2914 
f 2913/2913/2913 2916/2916/2916 2915/2915/2915 
f 2917/2917/2917 2919/2919/2919 2918/2918/2918 
f 2917/2917/2917 2920/2920/2920 2919/2919/2919 
f 2921/2921/2921 2923/2923/2923 2922/2922/2922 
f 2921/2921/2921 2922/2922/2922 2924/2924/2924 
f 2924/2924/2924 2922/2922/2922 2925/2925/2925 
f 2924/2924/2924 2925/2925/2925 2926/2926/2926 
f 2926/2926/2926 2925/2925/2925 2927/2927/2927 
f 2926/2926/2926 2927/2927/2927 2928/2928/2928 
f 2929/2929/2929 2931/2931/2931 2930/2930/2930 
f 2929/2929/2929 2932/2932/2932 2931/2931/2931 
f 2933/2933/2933 2935/2935/2935 2934/2934/2934 
f 2933/2933/2933 2936/2936/2936 2935/2935/2935 
f 2937/2937/2937 2939/2939/2939 2938/2938/2938 
f 2937/2937/2937 2940/2940/2940 2939/2939/2939 
f 2941/2941/2941 2943/2943/2943 2942/2942/2942 
f 2941/2941/2941 2944/2944/2944 2943/2943/2943 
f 2945/2945/2945 2947/2947/2947 2946/2946/2946 
f 2945/2945/2945 2948/2948/2948 2947/2947/2947 
f 2949/2949/2949 2951/2951/2951 2950/2950/2950 
f 2949/2949/2949 2952/2952/2952 2951/2951/2951 
f 2953/2953/2953 2955/2955/2955 2954/2954/2954 
f 2953/2953/2953 2956/2956/2956 2955/2955/2955 
f 2957/2957/2957 2959/2959/2959 2958/2958/2958 
f 2957/2957/2957 2960/2960/2960 2959/2959/2959 
f 2961/2961/2961 2963/2963/2963 2962/2962/2962 
f 2961/2961/2961 2964/2964/2964 2963/2963/2963 
f 2965/2965/2965 2967/2967/2967 2966/2966/2966 
f 2965/2965/2965 2968/2968/2968 2967/2967/2967 
f 2969/2969/2969 2971/2971/2971 2970/2970/2970 
f 2969/2969/2969 2972/2972/2972 2971/2971/2971 
f 2973/2973/2973 2975/2975/2975 2974/2974/2974 
f 2973/2973/2973 2976/2976/2976 2975/2975/2975 
f 2977/2977/2977 2979/2979/2979 2978/2978/2978 
f 2977/2977/2977 2980/2980/2980 2979/2979/2979 
f 2981/2981/2981 2983/2983/2983 2982/2982/2982 
f 2981/2981/2981 2984/2984/2984 2983/2983/2983 
f 2985/2985/2985 2987/2987/2987 2986/2986/2986 
f 2985/2985/2985 2988/2988/2988 2987/2987/2987 
f 2989/2989/2989 2991/2991/2991 2990/2990/2990 
f 2989/2989/2989 2992/2992/2992 2991/2991/2991 
f 2993/2993/2993 2995/2995/2995 2994/2994/2994 
f 2993/2993/2993 2996/2996/2996 2995/2995/2995 
f 2997/2997/2997 2999/2999/2999 2998/2998/2998 
f 2997/2997/2997 3000/3000/3000 2999/2999/2999 
f 3001/3001/3001 3003/3003/3003 3002/3002/3002 
f 3001/3001/3001 3004/3004/3004 3003/3003/3003 
f 3005/3005/3005 3007/3007/3007 3006/3006/3006 
f 3005/3005/3005 3008/3008/3008 3007/3007/3007 
f 3009/3009/3009 3011/3011/3011 3010/3010/3010 
f 3009/3009/3009 3012/3012/3012 3011/3011/3011 
f 3013/3013/3013 3015/3015/3015 3014/3014/3014 
f 3013/3013/3013 3016/3016/3016 3015/3015/3015 
f 3017/3017/3017 3019/3019/3019 3018/3018/3018 
f 3017/3017/3017 3020/3020/3020 3019/3019/3019 
f 3021/3021/3021 3023/3023/3023 3022/3022/3022 
f 3021/3021/3021 3024/3024/3024 3023/3023/3023 
f 3025/3025/3025 3024/3024/3024 3026/3026/3026 
f 3025/3025/3025 3026/3026/3026 3027/3027/3027 
f 3028/3028/3028 3025/3025/3025 3027/3027/3027 
f 3028/3028/3028 3027/3027/3027 3029/3029/3029 
f 3030/3030/3030 3028/3028/3028 3029/3029/3029 
f 3030/3030/3030 3029/3029/3029 3031/3031/3031 
f 3032/3032/3032 3030/3030/3030 3031/3031/3031 
f 3032/3032/3032 3031/3031/3031 3033/3033/3033 
f 3034/3034/3034 3036/3036/3036 3035/3035/3035 
f 3034/3034/3034 3037/3037/3037 3036/3036/3036 
f 3034/3034/3034 3039/3039/3039 3038/3038/3038 
f 3034/3034/3034 3040/3040/3040 3039/3039/3039 
f 3041/3041/3041 3043/3043/3043 3042/3042/3042 
f 3041/3041/3041 3044/3044/3044 3043/3043/3043 
f 3045/3045/3045 3047/3047/3047 3046/3046/3046 
f 3048/3048/3048 3045/3045/3045 3046/3046/3046 
f 3045/3045/3045 3049/3049/3049 3047/3047/3047 
f 3048/3048/3048 3046/3046/3046 3050/3050/3050 
f 3049/3049/3049 3051/3051/3051 3047/3047/3047 
f 3052/3052/3052 3048/3048/3048 3050/3050/3050 
f 3049/3049/3049 3053/3053/3053 3051/3051/3051 
f 3052/3052/3052 3050/3050/3050 3054/3054/3054 
f 3053/3053/3053 3055/3055/3055 3051/3051/3051 
f 3056/3056/3056 3052/3052/3052 3054/3054/3054 
f 3053/3053/3053 3057/3057/3057 3055/3055/3055 
f 3056/3056/3056 3054/3054/3054 3058/3058/3058 
f 3057/3057/3057 3059/3059/3059 3055/3055/3055 
f 3060/3060/3060 3056/3056/3056 3058/3058/3058 
f 3057/3057/3057 3061/3061/3061 3059/3059/3059 
f 3060/3060/3060 3058/3058/3058 3062/3062/3062 
f 3061/3061/3061 3063/3063/3063 3059/3059/3059 
f 3064/3064/3064 3060/3060/3060 3062/3062/3062 
f 3061/3061/3061 3065/3065/3065 3063/3063/3063 
f 3064/3064/3064 3062/3062/3062 3066/3066/3066 
f 3065/3065/3065 3067/3067/3067 3063/3063/3063 
f 3068/3068/3068 3064/3064/3064 3066/3066/3066 
f 3065/3065/3065 3069/3069/3069 3067/3067/3067 
f 3068/3068/3068 3066/3066/3066 3070/3070/3070 
f 3069/3069/3069 3071/3071/3071 3067/3067/3067 
f 3072/3072/3072 3068/3068/3068 3070/3070/3070 
f 3069/3069/3069 3073/3073/3073 3071/3071/3071 
f 3072/3072/3072 3070/3070/3070 3074/3074/3074 
f 3073/3073/3073 3075/3075/3075 3071/3071/3071 
f 3076/3076/3076 3072/3072/3072 3074/3074/3074 
f 3073/3073/3073 3077/3077/3077 3075/3075/3075 
f 3076/3076/3076 3074/3074/3074 3078/3078/3078 
f 3077/3077/3077 3079/3079/3079 3075/3075/3075 
f 3080/3080/3080 3076/3076/3076 3078/3078/3078 
f 3077/3077/3077 3080/3080/3080 3079/3079/3079 
f 3080/3080/3080 3078/3078/3078 3079/3079/3079 
f 3081/3081/3081 3083/3083/3083 3082/3082/3082 
f 3081/3081/3081 3084/3084/3084 3083/3083/3083 
f 3085/3085/3085 3081/3081/3081 3082/3082/3082 
f 3084/3084/3084 3086/3086/3086 3083/3083/3083 
f 3085/3085/3085 3082/3082/3082 3087/3087/3087 
f 3084/3084/3084 3088/3088/3088 3086/3086/3086 
f 3089/3089/3089 3085/3085/3085 3087/3087/3087 
f 3088/3088/3088 3090/3090/3090 3086/3086/3086 
f 3089/3089/3089 3087/3087/3087 3091/3091/3091 
f 3088/3088/3088 3092/3092/3092 3090/3090/3090 
f 3093/3093/3093 3089/3089/3089 3091/3091/3091 
f 3092/3092/3092 3094/3094/3094 3090/3090/3090 
f 3093/3093/3093 3091/3091/3091 3095/3095/3095 
f 3092/3092/3092 3096/3096/3096 3094/3094/3094 
f 3097/3097/3097 3093/3093/3093 3095/3095/3095 
f 3096/3096/3096 3098/3098/3098 3094/3094/3094 
f 3097/3097/3097 3095/3095/3095 3099/3099/3099 
f 3096/3096/3096 3100/3100/3100 3098/3098/3098 
f 3101/3101/3101 3097/3097/3097 3099/3099/3099 
f 3100/3100/3100 3102/3102/3102 3098/3098/3098 
f 3101/3101/3101 3099/3099/3099 3103/3103/3103 
f 3100/3100/3100 3104/3104/3104 3102/3102/3102 
f 3105/3105/3105 3101/3101/3101 3103/3103/3103 
f 3104/3104/3104 3106/3106/3106 3102/3102/3102 
f 3105/3105/3105 3103/3103/3103 3107/3107/3107 
f 3104/3104/3104 3108/3108/3108 3106/3106/3106 
f 3109/3109/3109 3105/3105/3105 3107/3107/3107 
f 3108/3108/3108 3110/3110/3110 3106/3106/3106 
f 3109/3109/3109 3107/3107/3107 3111/3111/3111 
f 3108/3108/3108 3112/3112/3112 3110/3110/3110 
f 3113/3113/3113 3109/3109/3109 3111/3111/3111 
f 3112/3112/3112 3114/3114/3114 3110/3110/3110 
f 3113/3113/3113 3111/3111/3111 3115/3115/3115 
f 3112/3112/3112 3116/3116/3116 3114/3114/3114 
f 3116/3116/3116 3113/3113/3113 3115/3115/3115 
f 3116/3116/3116 3115/3115/3115 3114/3114/3114 
f 3117/3117/3117 3119/3119/3119 3118/3118/3118 
f 3120/3120/3120 3117/3117/3117 3118/3118/3118 
f 3117/3117/3117 3121/3121/3121 3119/3119/3119 
f 3120/3120/3120 3118/3118/3118 3122/3122/3122 
f 3121/3121/3121 3123/3123/3123 3119/3119/3119 
f 3124/3124/3124 3120/3120/3120 3122/3122/3122 
f 3121/3121/3121 3125/3125/3125 3123/3123/3123 
f 3124/3124/3124 3122/3122/3122 3126/3126/3126 
f 3125/3125/3125 3127/3127/3127 3123/3123/3123 
f 3128/3128/3128 3124/3124/3124 3126/3126/3126 
f 3125/3125/3125 3129/3129/3129 3127/3127/3127 
f 3128/3128/3128 3126/3126/3126 3130/3130/3130 
f 3129/3129/3129 3131/3131/3131 3127/3127/3127 
f 3132/3132/3132 3128/3128/3128 3130/3130/3130 
f 3129/3129/3129 3133/3133/3133 3131/3131/3131 
f 3132/3132/3132 3130/3130/3130 3134/3134/3134 
f 3133/3133/3133 3135/3135/3135 3131/3131/3131 
f 3136/3136/3136 3132/3132/3132 3134/3134/3134 
f 3133/3133/3133 3137/3137/3137 3135/3135/3135 
f 3136/3136/3136 3134/3134/3134 3138/3138/3138 
f 3137/3137/3137 3139/3139/3139 3135/3135/3135 
f 3140/3140/3140 3136/3136/3136 3138/3138/3138 
f 3137/3137/3137 3141/3141/3141 3139/3139/3139 
f 3140/3140/3140 3138/3138/3138 3142/3142/3142 
f 3141/3141/3141 3143/3143/3143 3139/3139/3139 
f 3144/3144/3144 3140/3140/3140 3142/3142/3142 
f 3141/3141/3141 3145/3145/3145 3143/3143/3143 
f 3144/3144/3144 3142/3142/3142 3146/3146/3146 
f 3145/3145/3145 3147/3147/3147 3143/3143/3143 
f 3148/3148/3148 3144/3144/3144 3146/3146/3146 
f 3145/3145/3145 3149/3149/3149 3147/3147/3147 
f 3148/3148/3148 3146/3146/3146 3150/3150/3150 
f 3149/3149/3149 3151/3151/3151 3147/3147/3147 
f 3152/3152/3152 3148/3148/3148 3150/3150/3150 
f 3149/3149/3149 3152/3152/3152 3151/3151/3151 
f 3152/3152/3152 3150/3150/3150 3151/3151/3151 
f 3153/3153/3153 3155/3155/3155 3154/3154/3154 
f 3153/3153/3153 3156/3156/3156 3155/3155/3155 
f 3157/3157/3157 3153/3153/3153 3154/3154/3154 
f 3156/3156/3156 3158/3158/3158 3155/3155/3155 
f 3157/3157/3157 3154/3154/3154 3159/3159/3159 
f 3156/3156/3156 3160/3160/3160 3158/3158/3158 
f 3161/3161/3161 3157/3157/3157 3159/3159/3159 
f 3160/3160/3160 3162/3162/3162 3158/3158/3158 
f 3161/3161/3161 3159/3159/3159 3163/3163/3163 
f 3160/3160/3160 3164/3164/3164 3162/3162/3162 
f 3165/3165/3165 3161/3161/3161 3163/3163/3163 
f 3164/3164/3164 3166/3166/3166 3162/3162/3162 
f 3165/3165/3165 3163/3163/3163 3167/3167/3167 
f 3164/3164/3164 3168/3168/3168 3166/3166/3166 
f 3169/3169/3169 3165/3165/3165 3167/3167/3167 
f 3168/3168/3168 3170/3170/3170 3166/3166/3166 
f 3169/3169/3169 3167/3167/3167 3171/3171/3171 
f 3168/3168/3168 3172/3172/3172 3170/3170/3170 
f 3173/3173/3173 3169/3169/3169 3171/3171/3171 
f 3172/3172/3172 3174/3174/3174 3170/3170/3170 
f 3173/3173/3173 3171/3171/3171 3175/3175/3175 
f 3172/3172/3172 3176/3176/3176 3174/3174/3174 
f 3177/3177/3177 3173/3173/3173 3175/3175/3175 
f 3176/3176/3176 3178/3178/3178 3174/3174/3174 
f 3177/3177/3177 3175/3175/3175 3179/3179/3179 
f 3176/3176/3176 3180/3180/3180 3178/3178/3178 
f 3181/3181/3181 3177/3177/3177 3179/3179/3179 
f 3180/3180/3180 3182/3182/3182 3178/3178/3178 
f 3181/3181/3181 3179/3179/3179 3183/3183/3183 
f 3180/3180/3180 3184/3184/3184 3182/3182/3182 
f 3185/3185/3185 3181/3181/3181 3183/3183/3183 
f 3184/3184/3184 3186/3186/3186 3182/3182/3182 
f 3185/3185/3185 3183/3183/3183 3187/3187/3187 
f 3184/3184/3184 3188/3188/3188 3186/3186/3186 
f 3188/3188/3188 3185/3185/3185 3187/3187/3187 
f 3188/3188/3188 3187/3187/3187 3186/3186/3186 
f 3189/3189/3189 3191/3191/3191 3190/3190/3190 
f 3192/3192/3192 3189/3189/3189 3190/3190/3190 
f 3189/3189/3189 3193/3193/3193 3191/3191/3191 
f 3192/3192/3192 3190/3190/3190 3194/3194/3194 
f 3193/3193/3193 3195/3195/3195 3191/3191/3191 
f 3196/3196/3196 3192/3192/3192 3194/3194/3194 
f 3193/3193/3193 3197/3197/3197 3195/3195/3195 
f 3196/3196/3196 3194/3194/3194 3198/3198/3198 
f 3197/3197/3197 3199/3199/3199 3195/3195/3195 
f 3200/3200/3200 3196/3196/3196 3198/3198/3198 
f 3197/3197/3197 3201/3201/3201 3199/3199/3199 
f 3200/3200/3200 3198/3198/3198 3202/3202/3202 
f 3201/3201/3201 3203/3203/3203 3199/3199/3199 
f 3204/3204/3204 3200/3200/3200 3202/3202/3202 
f 3201/3201/3201 3205/3205/3205 3203/3203/3203 
f 3204/3204/3204 3202/3202/3202 3206/3206/3206 
f 3205/3205/3205 3207/3207/3207 3203/3203/3203 
f 3208/3208/3208 3204/3204/3204 3206/3206/3206 
f 3205/3205/3205 3209/3209/3209 3207/3207/3207 
f 3208/3208/3208 3206/3206/3206 3210/3210/3210 
f 3209/3209/3209 3211/3211/3211 3207/3207/3207 
f 3212/3212/3212 3208/3208/3208 3210/3210/3210 
f 3209/3209/3209 3213/3213/3213 3211/3211/3211 
f 3212/3212/3212 3210/3210/3210 3214/3214/3214 
f 3213/3213/3213 3215/3215/3215 3211/3211/3211 
f 3216/3216/3216 3212/3212/3212 3214/3214/3214 
f 3213/3213/3213 3217/3217/3217 3215/3215/3215 
f 3216/3216/3216 3214/3214/3214 3218/3218/3218 
f 3217/3217/3217 3219/3219/3219 3215/3215/3215 
f 3220/3220/3220 3216/3216/3216 3218/3218/3218 
f 3217/3217/3217 3221/3221/3221 3219/3219/3219 
f 3220/3220/3220 3218/3218/3218 3222/3222/3222 
f 3221/3221/3221 3223/3223/3223 3219/3219/3219 
f 3224/3224/3224 3220/3220/3220 3222/3222/3222 
f 3221/3221/3221 3224/3224/3224 3223/3223/3223 
f 3224/3224/3224 3222/3222/3222 3223/3223/3223 
f 3225/3225/3225 3227/3227/3227 3226/3226/3226 
f 3225/3225/3225 3228/3228/3228 3227/3227/3227 
f 3229/3229/3229 3225/3225/3225 3226/3226/3226 
f 3228/3228/3228 3230/3230/3230 3227/3227/3227 
f 3229/3229/3229 3226/3226/3226 3231/3231/3231 
f 3228/3228/3228 3232/3232/3232 3230/3230/3230 
f 3233/3233/3233 3229/3229/3229 3231/3231/3231 
f 3232/3232/3232 3234/3234/3234 3230/3230/3230 
f 3233/3233/3233 3231/3231/3231 3235/3235/3235 
f 3232/3232/3232 3236/3236/3236 3234/3234/3234 
f 3237/3237/3237 3233/3233/3233 3235/3235/3235 
f 3236/3236/3236 3238/3238/3238 3234/3234/3234 
f 3237/3237/3237 3235/3235/3235 3239/3239/3239 
f 3236/3236/3236 3240/3240/3240 3238/3238/3238 
f 3241/3241/3241 3237/3237/3237 3239/3239/3239 
f 3240/3240/3240 3242/3242/3242 3238/3238/3238 
f 3241/3241/3241 3239/3239/3239 3243/3243/3243 
f 3240/3240/3240 3244/3244/3244 3242/3242/3242 
f 3245/3245/3245 3241/3241/3241 3243/3243/3243 
f 3244/3244/3244 3246/3246/3246 3242/3242/3242 
f 3245/3245/3245 3243/3243/3243 3247/3247/3247 
f 3244/3244/3244 3248/3248/3248 3246/3246/3246 
f 3249/3249/3249 3245/3245/3245 3247/3247/3247 
f 3248/3248/3248 3250/3250/3250 3246/3246/3246 
f 3249/3249/3249 3247/3247/3247 3251/3251/3251 
f 3248/3248/3248 3252/3252/3252 3250/3250/3250 
f 3253/3253/3253 3249/3249/3249 3251/3251/3251 
f 3252/3252/3252 3254/3254/3254 3250/3250/3250 
f 3253/3253/3253 3251/3251/3251 3255/3255/3255 
f 3252/3252/3252 3256/3256/3256 3254/3254/3254 
f 3257/3257/3257 3253/3253/3253 3255/3255/3255 
f 3256/3256/3256 3258/3258/3258 3254/3254/3254 
f 3257/3257/3257 3255/3255/3255 3259/3259/3259 
f 3256/3256/3256 3260/3260/3260 3258/3258/3258 
f 3260/3260/3260 3257/3257/3257 3259/3259/3259 
f 3260/3260/3260 3259/3259/3259 3258/3258/3258 
f 3261/3261/3261 3263/3263/3263 3262/3262/3262 
f 3264/3264/3264 3261/3261/3261 3262/3262/3262 
f 3261/3261/3261 3265/3265/3265 3263/3263/3263 
f 3264/3264/3264 3262/3262/3262 3266/3266/3266 
f 3265/3265/3265 3267/3267/3267 3263/3263/3263 
f 3268/3268/3268 3264/3264/3264 3266/3266/3266 
f 3265/3265/3265 3269/3269/3269 3267/3267/3267 
f 3268/3268/3268 3266/3266/3266 3270/3270/3270 
f 3269/3269/3269 3271/3271/3271 3267/3267/3267 
f 3272/3272/3272 3268/3268/3268 3270/3270/3270 
f 3269/3269/3269 3273/3273/3273 3271/3271/3271 
f 3272/3272/3272 3270/3270/3270 3274/3274/3274 
f 3273/3273/3273 3275/3275/3275 3271/3271/3271 
f 3276/3276/3276 3272/3272/3272 3274/3274/3274 
f 3273/3273/3273 3277/3277/3277 3275/3275/3275 
f 3276/3276/3276 3274/3274/3274 3278/3278/3278 
f 3277/3277/3277 3279/3279/3279 3275/3275/3275 
f 3280/3280/3280 3276/3276/3276 3278/3278/3278 
f 3277/3277/3277 3281/3281/3281 3279/3279/3279 
f 3280/3280/3280 3278/3278/3278 3282/3282/3282 
f 3281/3281/3281 3283/3283/3283 3279/3279/3279 
f 3284/3284/3284 3280/3280/3280 3282/3282/3282 
f 3281/3281/3281 3285/3285/3285 3283/3283/3283 
f 3284/3284/3284 3282/3282/3282 3286/3286/3286 
f 3285/3285/3285 3287/3287/3287 3283/3283/3283 
f 3288/3288/3288 3284/3284/3284 3286/3286/3286 
f 3285/3285/3285 3289/3289/3289 3287/3287/3287 
f 3288/3288/3288 3286/3286/3286 3290/3290/3290 
f 3289/3289/3289 3291/3291/3291 3287/3287/3287 
f 3292/3292/3292 3288/3288/3288 3290/3290/3290 
f 3289/3289/3289 3293/3293/3293 3291/3291/3291 
f 3292/3292/3292 3290/3290/3290 3294/3294/3294 
f 3293/3293/3293 3295/3295/3295 3291/3291/3291 
f 3296/3296/3296 3292/3292/3292 3294/3294/3294 
f 3293/3293/3293 3296/3296/3296 3295/3295/3295 
f 3296/3296/3296 3294/3294/3294 3295/3295/3295 
f 3297/3297/3297 3299/3299/3299 3298/3298/3298 
f 3297/3297/3297 3300/3300/3300 3299/3299/3299 
f 3301/3301/3301 3297/3297/3297 3298/3298/3298 
f 3300/3300/3300 3302/3302/3302 3299/3299/3299 
f 3301/3301/3301 3298/3298/3298 3303/3303/3303 
f 3300/3300/3300 3304/3304/3304 3302/3302/3302 
f 3305/3305/3305 3301/3301/3301 3303/3303/3303 
f 3304/3304/3304 3306/3306/3306 3302/3302/3302 
f 3305/3305/3305 3303/3303/3303 3307/3307/3307 
f 3304/3304/3304 3308/3308/3308 3306/3306/3306 
f 3309/3309/3309 3305/3305/3305 3307/3307/3307 
f 3308/3308/3308 3310/3310/3310 3306/3306/3306 
f 3309/3309/3309 3307/3307/3307 3311/3311/3311 
f 3308/3308/3308 3312/3312/3312 3310/3310/3310 
f 3313/3313/3313 3309/3309/3309 3311/3311/3311 
f 3312/3312/3312 3314/3314/3314 3310/3310/3310 
f 3313/3313/3313 3311/3311/3311 3315/3315/3315 
f 3312/3312/3312 3316/3316/3316 3314/3314/3314 
f 3317/3317/3317 3313/3313/3313 3315/3315/3315 
f 3316/3316/3316 3318/3318/3318 3314/3314/3314 
f 3317/3317/3317 3315/3315/3315 3319/3319/3319 
f 3316/3316/3316 3320/3320/3320 3318/3318/3318 
f 3321/3321/3321 3317/3317/3317 3319/3319/3319 
f 3320/3320/3320 3322/3322/3322 3318/3318/3318 
f 3321/3321/3321 3319/3319/3319 3323/3323/3323 
f 3320/3320/3320 3324/3324/3324 3322/3322/3322 
f 3325/3325/3325 3321/3321/3321 3323/3323/3323 
f 3324/3324/3324 3326/3326/3326 3322/3322/3322 
f 3325/3325/3325 3323/3323/3323 3327/3327/3327 
f 3324/3324/3324 3328/3328/3328 3326/3326/3326 
f 3329/3329/3329 3325/3325/3325 3327/3327/3327 
f 3328/3328/3328 3330/3330/3330 3326/3326/3326 
f 3329/3329/3329 3327/3327/3327 3331/3331/3331 
f 3328/3328/3328 3332/3332/3332 3330/3330/3330 
f 3332/3332/3332 3329/3329/3329 3331/3331/3331 
f 3332/3332/3332 3331/3331/3331 3330/3330/3330 
f 3333/3333/3333 3335/3335/3335 3334/3334/3334 
f 3336/3336/3336 3333/3333/3333 3334/3334/3334 
f 3333/3333/3333 3337/3337/3337 3335/3335/3335 
f 3336/3336/3336 3334/3334/3334 3338/3338/3338 
f 3337/3337/3337 3339/3339/3339 3335/3335/3335 
f 3340/3340/3340 3336/3336/3336 3338/3338/3338 
f 3337/3337/3337 3341/3341/3341 3339/3339/3339 
f 3340/3340/3340 3338/3338/3338 3342/3342/3342 
f 3341/3341/3341 3343/3343/3343 3339/3339/3339 
f 3344/3344/3344 3340/3340/3340 3342/3342/3342 
f 3341/3341/3341 3345/3345/3345 3343/3343/3343 
f 3344/3344/3344 3342/3342/3342 3346/3346/3346 
f 3345/3345/3345 3347/3347/3347 3343/3343/3343 
f 3348/3348/3348 3344/3344/3344 3346/3346/3346 
f 3345/3345/3345 3349/3349/3349 3347/3347/3347 
f 3348/3348/3348 3346/3346/3346 3350/3350/3350 
f 3349/3349/3349 3351/3351/3351 3347/3347/3347 
f 3352/3352/3352 3348/3348/3348 3350/3350/3350 
f 3349/3349/3349 3353/3353/3353 3351/3351/3351 
f 3352/3352/3352 3350/3350/3350 3354/3354/3354 
f 3353/3353/3353 3355/3355/3355 3351/3351/3351 
f 3356/3356/3356 3352/3352/3352 3354/3354/3354 
f 3353/3353/3353 3357/3357/3357 3355/3355/3355 
f 3356/3356/3356 3354/3354/3354 3358/3358/3358 
f 3357/3357/3357 3359/3359/3359 3355/3355/3355 
f 3360/3360/3360 3356/3356/3356 3358/3358/3358 
f 3357/3357/3357 3361/3361/3361 3359/3359/3359 
f 3360/3360/3360 3358/3358/3358 3362/3362/3362 
f 3361/3361/3361 3363/3363/3363 3359/3359/3359 
f 3364/3364/3364 3360/3360/3360 3362/3362/3362 
f 3361/3361/3361 3365/3365/3365 3363/3363/3363 
f 3364/3364/3364 3362/3362/3362 3366/3366/3366 
f 3365/3365/3365 3367/3367/3367 3363/3363/3363 
f 3368/3368/3368 3364/3364/3364 3366/3366/3366 
f 3365/3365/3365 3368/3368/3368 3367/3367/3367 
f 3368/3368/3368 3366/3366/3366 3367/3367/3367 
f 3369/3369/3369 3371/3371/3371 3370/3370/3370 
f 3369/3369/3369 3372/3372/3372 3371/3371/3371 
f 3373/3373/3373 3369/3369/3369 3370/3370/3370 
f 3372/3372/3372 3374/3374/3374 3371/3371/3371 
f 3373/3373/3373 3370/3370/3370 3375/3375/3375 
f 3372/3372/3372 3376/3376/3376 3374/3374/3374 
f 3377/3377/3377 3373/3373/3373 3375/3375/3375 
f 3376/3376/3376 3378/3378/3378 3374/3374/3374 
f 3377/3377/3377 3375/3375/3375 3379/3379/3379 
f 3376/3376/3376 3380/3380/3380 3378/3378/3378 
f 3381/3381/3381 3377/3377/3377 3379/3379/3379 
f 3380/3380/3380 3382/3382/3382 3378/3378/3378 
f 3381/3381/3381 3379/3379/3379 3383/3383/3383 
f 3380/3380/3380 3384/3384/3384 3382/3382/3382 
f 3385/3385/3385 3381/3381/3381 3383/3383/3383 
f 3384/3384/3384 3386/3386/3386 3382/3382/3382 
f 3385/3385/3385 3383/3383/3383 3387/3387/3387 
f 3384/3384/3384 3388/3388/3388 3386/3386/3386 
f 3389/3389/3389 3385/3385/3385 3387/3387/3387 
f 3388/3388/3388 3390/3390/3390 3386/3386/3386 
f 3389/3389/3389 3387/3387/3387 3391/3391/3391 
f 3388/3388/3388 3392/3392/3392 3390/3390/3390 
f 3393/3393/3393 3389/3389/3389 3391/3391/3391 
f 3392/3392/3392 3394/3394/3394 3390/3390/3390 
f 3393/3393/3393 3391/3391/3391 3395/3395/3395 
f 3392/3392/3392 3396/3396/3396 3394/3394/3394 
f 3397/3397/3397 3393/3393/3393 3395/3395/3395 
f 3396/3396/3396 3398/3398/3398 3394/3394/3394 
f 3397/3397/3397 3395/3395/3395 3399/3399/3399 
f 3396/3396/3396 3400/3400/3400 3398/3398/3398 
f 3401/3401/3401 3397/3397/3397 3399/3399/3399 
f 3400/3400/3400 3402/3402/3402 3398/3398/3398 
f 3401/3401/3401 3399/3399/3399 3403/3403/3403 
f 3400/3400/3400 3404/3404/3404 3402/3402/3402 
f 3404/3404/3404 3401/3401/3401 3403/3403/3403 
f 3404/3404/3404 3403/3403/3403 3402/3402/3402 
f 3405/3405/3405 3407/3407/3407 3406/3406/3406 
f 3408/3408/3408 3405/3405/3405 3406/3406/3406 
f 3405/3405/3405 3409/3409/3409 3407/3407/3407 
f 3408/3408/3408 3406/3406/3406 3410/3410/3410 
f 3409/3409/3409 3411/3411/3411 3407/3407/3407 
f 3412/3412/3412 3408/3408/3408 3410/3410/3410 
f 3409/3409/3409 3413/3413/3413 3411/3411/3411 
f 3412/3412/3412 3410/3410/3410 3414/3414/3414 
f 3413/3413/3413 3415/3415/3415 3411/3411/3411 
f 3416/3416/3416 3412/3412/3412 3414/3414/3414 
f 3413/3413/3413 3417/3417/3417 3415/3415/3415 
f 3416/3416/3416 3414/3414/3414 3418/3418/3418 
f 3417/3417/3417 3419/3419/3419 3415/3415/3415 
f 3420/3420/3420 3416/3416/3416 3418/3418/3418 
f 3417/3417/3417 3421/3421/3421 3419/3419/3419 
f 3420/3420/3420 3418/3418/3418 3422/3422/3422 
f 3421/3421/3421 3423/3423/3423 3419/3419/3419 
f 3424/3424/3424 3420/3420/3420 3422/3422/3422 
f 3421/3421/3421 3425/3425/3425 3423/3423/3423 
f 3424/3424/3424 3422/3422/3422 3426/3426/3426 
f 3425/3425/3425 3427/3427/3427 3423/3423/3423 
f 3428/3428/3428 3424/3424/3424 3426/3426/3426 
f 3425/3425/3425 3429/3429/3429 3427/3427/3427 
f 3428/3428/3428 3426/3426/3426 3430/3430/3430 
f 3429/3429/3429 3431/3431/3431 3427/3427/3427 
f 3432/3432/3432 3428/3428/3428 3430/3430/3430 
f 3429/3429/3429 3433/3433/3433 3431/3431/3431 
f 3432/3432/3432 3430/3430/3430 3434/3434/3434 
f 3433/3433/3433 3435/3435/3435 3431/3431/3431 
f 3436/3436/3436 3432/3432/3432 3434/3434/3434 
f 3433/3433/3433 3437/3437/3437 3435/3435/3435 
f 3436/3436/3436 3434/3434/3434 3438/3438/3438 
f 3437/3437/3437 3439/3439/3439 3435/3435/3435 
f 3440/3440/3440 3436/3436/3436 3438/3438/3438 
f 3437/3437/3437 3440/3440/3440 3439/3439/3439 
f 3440/3440/3440 3438/3438/3438 3439/3439/3439 
f 3441/3441/3441 3443/3443/3443 3442/3442/3442 
f 3441/3441/3441 3444/3444/3444 3443/3443/3443 
f 3445/3445/3445 3441/3441/3441 3442/3442/3442 
f 3444/3444/3444 3446/3446/3446 3443/3443/3443 
f 3445/3445/3445 3442/3442/3442 3447/3447/3447 
f 3444/3444/3444 3448/3448/3448 3446/3446/3446 
f 3449/3449/3449 3445/3445/3445 3447/3447/3447 
f 3448/3448/3448 3450/3450/3450 3446/3446/3446 
f 3449/3449/3449 3447/3447/3447 3451/3451/3451 
f 3448/3448/3448 3452/3452/3452 3450/3450/3450 
f 3453/3453/3453 3449/3449/3449 3451/3451/3451 
f 3452/3452/3452 3454/3454/3454 3450/3450/3450 
f 3453/3453/3453 3451/3451/3451 3455/3455/3455 
f 3452/3452/3452 3456/3456/3456 3454/3454/3454 
f 3457/3457/3457 3453/3453/3453 3455/3455/3455 
f 3456/3456/3456 3458/3458/3458 3454/3454/3454 
f 3457/3457/3457 3455/3455/3455 3459/3459/3459 
f 3456/3456/3456 3460/3460/3460 3458/3458/3458 
f 3461/3461/3461 3457/3457/3457 3459/3459/3459 
f 3460/3460/3460 3462/3462/3462 3458/3458/3458 
f 3461/3461/3461 3459/3459/3459 3463/3463/3463 
f 3460/3460/3460 3464/3464/3464 3462/3462/3462 
f 3465/3465/3465 3461/3461/3461 3463/3463/3463 
f 3464/3464/3464 3466/3466/3466 3462/3462/3462 
f 3465/3465/3465 3463/3463/3463 3467/3467/3467 
f 3464/3464/3464 3468/3468/3468 3466/3466/3466 
f 3469/3469/3469 3465/3465/3465 3467/3467/3467 
f 3468/3468/3468 3470/3470/3470 3466/3466/3466 
f 3469/3469/3469 3467/3467/3467 3471/3471/3471 
f 3468/3468/3468 3472/3472/3472 3470/3470/3470 
f 3473/3473/3473 3469/3469/3469 3471/3471/3471 
f 3472/3472/3472 3474/3474/3474 3470/3470/3470 
f 3473/3473/3473 3471/3471/3471 3475/3475/3475 
f 3472/3472/3472 3476/3476/3476 3474/3474/3474 
f 3476/3476/3476 3473/3473/3473 3475/3475/3475 
f 3476/3476/3476 3475/3475/3475 3474/3474/3474 
f 3477/3477/3477 3479/3479/3479 3478/3478/3478 
f 3480/3480/3480 3477/3477/3477 3478/3478/3478 
f 3477/3477/3477 3481/3481/3481 3479/3479/3479 
f 3480/3480/3480 3478/3478/3478 3482/3482/3482 
f 3481/3481/3481 3483/3483/3483 3479/3479/3479 
f 3484/3484/3484 3480/3480/3480 3482/3482/3482 
f 3481/3481/3481 3485/3485/3485 3483/3483/3483 
f 3484/3484/3484 3482/3482/3482 3486/3486/3486 
f 3485/3485/3485 3487/3487/3487 3483/3483/3483 
f 3488/3488/3488 3484/3484/3484 3486/3486/3486 
f 3485/3485/3485 3489/3489/3489 3487/3487/3487 
f 3488/3488/3488 3486/3486/3486 3490/3490/3490 
f 3489/3489/3489 3491/3491/3491 3487/3487/3487 
f 3492/3492/3492 3488/3488/3488 3490/3490/3490 
f 3489/3489/3489 3493/3493/3493 3491/3491/3491 
f 3492/3492/3492 3490/3490/3490 3494/3494/3494 
f 3493/3493/3493 3495/3495/3495 3491/3491/3491 
f 3496/3496/3496 3492/3492/3492 3494/3494/3494 
f 3493/3493/3493 3497/3497/3497 3495/3495/3495 
f 3496/3496/3496 3494/3494/3494 3498/3498/3498 
f 3497/3497/3497 3499/3499/3499 3495/3495/3495 
f 3500/3500/3500 3496/3496/3496 3498/3498/3498 
f 3497/3497/3497 3501/3501/3501 3499/3499/3499 
f 3500/3500/3500 3498/3498/3498 3502/3502/3502 
f 3501/3501/3501 3503/3503/3503 3499/3499/3499 
f 3504/3504/3504 3500/3500/3500 3502/3502/3502 
f 3501/3501/3501 3505/3505/3505 3503/3503/3503 
f 3504/3504/3504 3502/3502/3502 3506/3506/3506 
f 3505/3505/3505 3507/3507/3507 3503/3503/3503 
f 3508/3508/3508 3504/3504/3504 3506/3506/3506 
f 3505/3505/3505 3509/3509/3509 3507/3507/3507 
f 3508/3508/3508 3506/3506/3506 3510/3510/3510 
f 3509/3509/3509 3511/3511/3511 3507/3507/3507 
f 3512/3512/3512 3508/3508/3508 3510/3510/3510 
f 3509/3509/3509 3512/3512/3512 3511/3511/3511 
f 3512/3512/3512 3510/3510/3510 3511/3511/3511 
f 3513/3513/3513 3515/3515/3515 3514/3514/3514 
f 3513/3513/3513 3516/3516/3516 3515/3515/3515 
f 3517/3517/3517 3513/3513/3513 3514/3514/3514 
f 3516/3516/3516 3518/3518/3518 3515/3515/3515 
f 3517/3517/3517 3514/3514/3514 3519/3519/3519 
f 3516/3516/3516 3520/3520/3520 3518/3518/3518 
f 3521/3521/3521 3517/3517/3517 3519/3519/3519 
f 3520/3520/3520 3522/3522/3522 3518/3518/3518 
f 3521/3521/3521 3519/3519/3519 3523/3523/3523 
f 3520/3520/3520 3524/3524/3524 3522/3522/3522 
f 3525/3525/3525 3521/3521/3521 3523/3523/3523 
f 3524/3524/3524 3526/3526/3526 3522/3522/3522 
f 3525/3525/3525 3523/3523/3523 3527/3527/3527 
f 3524/3524/3524 3528/3528/3528 3526/3526/3526 
f 3529/3529/3529 3525/3525/3525 3527/3527/3527 
f 3528/3528/3528 3530/3530/3530 3526/3526/3526 
f 3529/3529/3529 3527/3527/3527 3531/3531/3531 
f 3528/3528/3528 3532/3532/3532 3530/3530/3530 
f 3533/3533/3533 3529/3529/3529 3531/3531/3531 
f 3532/3532/3532 3534/3534/3534 3530/3530/3530 
f 3533/3533/3533 3531/3531/3531 3535/3535/3535 
f 3532/3532/3532 3536/3536/3536 3534/3534/3534 
f 3537/3537/3537 3533/3533/3533 3535/3535/3535 
f 3536/3536/3536 3538/3538/3538 3534/3534/3534 
f 3537/3537/3537 3535/3535/3535 3539/3539/3539 
f 3536/3536/3536 3540/3540/3540 3538/3538/3538 
f 3541/3541/3541 3537/3537/3537 3539/3539/3539 
f 3540/3540/3540 3542/3542/3542 3538/3538/3538 
f 3541/3541/3541 3539/3539/3539 3543/3543/3543 
f 3540/3540/3540 3544/3544/3544 3542/3542/3542 
f 3545/3545/3545 3541/3541/3541 3543/3543/3543 
f 3544/3544/3544 3546/3546/3546 3542/3542/3542 
f 3545/3545/3545 3543/3543/3543 3547/3547/3547 
f 3544/3544/3544 3548/3548/3548 3546/3546/3546 
f 3548/3548/3548 3545/3545/3545 3547/3547/3547 
f 3548/3548/3548 3547/3547/3547 3546/3546/3546 
f 3549/3549/3549 3551/3551/3551 3550/3550/3550 
f 3552/3552/3552 3549/3549/3549 3550/3550/3550 
f 3549/3549/3549 3553/3553/3553 3551/3551/3551 
f 3552/3552/3552 3550/3550/3550 3554/3554/3554 
f 3553/3553/3553 3555/3555/3555 3551/3551/3551 
f 3556/3556/3556 3552/3552/3552 3554/3554/3554 
f 3553/3553/3553 3557/3557/3557 3555/3555/3555 
f 3556/3556/3556 3554/3554/3554 3558/3558/3558 
f 3557/3557/3557 3559/3559/3559 3555/3555/3555 
f 3560/3560/3560 3556/3556/3556 3558/3558/3558 
f 3557/3557/3557 3561/3561/3561 3559/3559/3559 
f 3560/3560/3560 3558/3558/3558 3562/3562/3562 
f 3561/3561/3561 3563/3563/3563 3559/3559/3559 
f 3564/3564/3564 3560/3560/3560 3562/3562/3562 
f 3561/3561/3561 3565/3565/3565 3563/3563/3563 
f 3564/3564/3564 3562/3562/3562 3566/3566/3566 
f 3565/3565/3565 3567/3567/3567 3563/3563/3563 
f 3568/3568/3568 3564/3564/3564 3566/3566/3566 
f 3565/3565/3565 3569/3569/3569 3567/3567/3567 
f 3568/3568/3568 3566/3566/3566 3570/3570/3570 
f 3569/3569/3569 3571/3571/3571 3567/3567/3567 
f 3572/3572/3572 3568/3568/3568 3570/3570/3570 
f 3569/3569/3569 3573/3573/3573 3571/3571/3571 
f 3572/3572/3572 3570/3570/3570 3574/3574/3574 
f 3573/3573/3573 3575/3575/3575 3571/3571/3571 
f 3576/3576/3576 3572/3572/3572 3574/3574/3574 
f 3573/3573/3573 3577/3577/3577 3575/3575/3575 
f 3576/3576/3576 3574/3574/3574 3578/3578/3578 
f 3577/3577/3577 3579/3579/3579 3575/3575/3575 
f 3580/3580/3580 3576/3576/3576 3578/3578/3578 
f 3577/3577/3577 3581/3581/3581 3579/3579/3579 
f 3580/3580/3580 3578/3578/3578 3582/3582/3582 
f 3581/3581/3581 3583/3583/3583 3579/3579/3579 
f 3584/3584/3584 3580/3580/3580 3582/3582/3582 
f 3581/3581/3581 3584/3584/3584 3583/3583/3583 
f 3584/3584/3584 3582/3582/3582 3583/3583/3583 
f 3585/3585/3585 3587/3587/3587 3586/3586/3586 
f 3585/3585/3585 3588/3588/3588 3587/3587/3587 
f 3589/3589/3589 3585/3585/3585 3586/3586/3586 
f 3588/3588/3588 3590/3590/3590 3587/3587/3587 
f 3589/3589/3589 3586/3586/3586 3591/3591/3591 
f 3588/3588/3588 3592/3592/3592 3590/3590/3590 
f 3593/3593/3593 3589/3589/3589 3591/3591/3591 
f 3592/3592/3592 3594/3594/3594 3590/3590/3590 
f 3593/3593/3593 3591/3591/3591 3595/3595/3595 
f 3592/3592/3592 3596/3596/3596 3594/3594/3594 
f 3597/3597/3597 3593/3593/3593 3595/3595/3595 
f 3596/3596/3596 3598/3598/3598 3594/3594/3594 
f 3597/3597/3597 3595/3595/3595 3599/3599/3599 
f 3596/3596/3596 3600/3600/3600 3598/3598/3598 
f 3601/3601/3601 3597/3597/3597 3599/3599/3599 
f 3600/3600/3600 3602/3602/3602 3598/3598/3598 
f 3601/3601/3601 3599/3599/3599 3603/3603/3603 
f 3600/3600/3600 3604/3604/3604 3602/3602/3602 
f 3605/3605/3605 3601/3601/3601 3603/3603/3603 
f 3604/3604/3604 3606/3606/3606 3602/3602/3602 
f 3605/3605/3605 3603/3603/3603 3607/3607/3607 
f 3604/3604/3604 3608/3608/3608 3606/3606/3606 
f 3609/3609/3609 3605/3605/3605 3607/3607/3607 
f 3608/3608/3608 3610/3610/3610 3606/3606/3606 
f 3609/3609/3609 3607/3607/3607 3611/3611/3611 
f 3608/3608/3608 3612/3612/3612 3610/3610/3610 
f 3613/3613/3613 3609/3609/3609 3611/3611/3611 
f 3612/3612/3612 3614/3614/3614 3610/3610/3610 
f 3613/3613/3613 3611/3611/3611 3615/3615/3615 
f 3612/3612/3612 3616/3616/3616 3614/3614/3614 
f 3617/3617/3617 3613/3613/3613 3615/3615/3615 
f 3616/3616/3616 3618/3618/3618 3614/3614/3614 
f 3617/3617/3617 3615/3615/3615 3619/3619/3619 
f 3616/3616/3616 3620/3620/3620 3618/3618/3618 
f 3620/3620/3620 3617/3617/3617 3619/3619/3619 
f 3620/3620/3620 3619/3619/3619 3618/3618/3618 
f 3621/3621/3621 3623/3623/3623 3622/3622/3622 
f 3621/3621/3621 3624/3624/3624 3623/3623/3623 
f 3624/3624/3624 3625/3625/3625 3623/3623/3623 
f 3626/3626/3626 3621/3621/3621 3622/3622/3622 
f 3626/3626/3626 3622/3622/3622 3627/3627/3627 
f 3624/3624/3624 3628/3628/3628 3625/3625/3625 
f 3628/3628/3628 3629/3629/3629 3625/3625/3625 
f 3630/3630/3630 3626/3626/3626 3627/3627/3627 
f 3630/3630/3630 3627/3627/3627 3631/3631/3631 
f 3628/3628/3628 3632/3632/3632 3629/3629/3629 
f 3632/3632/3632 3633/3633/3633 3629/3629/3629 
f 3634/3634/3634 3630/3630/3630 3631/3631/3631 
f 3634/3634/3634 3631/3631/3631 3635/3635/3635 
f 3632/3632/3632 3636/3636/3636 3633/3633/3633 
f 3636/3636/3636 3637/3637/3637 3633/3633/3633 
f 3638/3638/3638 3634/3634/3634 3635/3635/3635 
f 3638/3638/3638 3635/3635/3635 3639/3639/3639 
f 3636/3636/3636 3640/3640/3640 3637/3637/3637 
f 3640/3640/3640 3641/3641/3641 3637/3637/3637 
f 3642/3642/3642 3638/3638/3638 3639/3639/3639 
f 3642/3642/3642 3639/3639/3639 3643/3643/3643 
f 3640/3640/3640 3644/3644/3644 3641/3641/3641 
f 3644/3644/3644 3645/3645/3645 3641/3641/3641 
f 3646/3646/3646 3642/3642/3642 3643/3643/3643 
f 3646/3646/3646 3643/3643/3643 3647/3647/3647 
f 3644/3644/3644 3648/3648/3648 3645/3645/3645 
f 3648/3648/3648 3649/3649/3649 3645/3645/3645 
f 3650/3650/3650 3646/3646/3646 3647/3647/3647 
f 3650/3650/3650 3647/3647/3647 3651/3651/3651 
f 3648/3648/3648 3652/3652/3652 3649/3649/3649 
f 3652/3652/3652 3653/3653/3653 3649/3649/3649 
f 3654/3654/3654 3650/3650/3650 3651/3651/3651 
f 3654/3654/3654 3651/3651/3651 3655/3655/3655 
f 3656/3656/3656 3655/3655/3655 3653/3653/3653 
f 3652/3652/3652 3656/3656/3656 3653/3653/3653 
f 3656/3656/3656 3654/3654/3654 3655/3655/3655 
f 3657/3657/3657 3642/3642/3642 3646/3646/3646 
f 3658/3658/3658 3646/3646/3646 3650/3650/3650 
f 3658/3658/3658 3657/3657/3657 3646/3646/3646 
f 3659/3659/3659 3657/3657/3657 3658/3658/3658 
f 3659/3659/3659 3660/3660/3660 3657/3657/3657 
f 3657/3657/3657 3660/3660/3660 3642/3642/3642 
f 3659/3659/3659 3658/3658/3658 3661/3661/3661 
f 3661/3661/3661 3658/3658/3658 3650/3650/3650 
f 3661/3661/3661 3650/3650/3650 3654/3654/3654 
f 3660/3660/3660 3638/3638/3638 3642/3642/3642 
f 3662/3662/3662 3661/3661/3661 3654/3654/3654 
f 3662/3662/3662 3654/3654/3654 3656/3656/3656 
f 3661/3661/3661 3662/3662/3662 3659/3659/3659 
f 3660/3660/3660 3663/3663/3663 3638/3638/3638 
f 3659/3659/3659 3663/3663/3663 3660/3660/3660 
f 3663/3663/3663 3634/3634/3634 3638/3638/3638 
f 3664/3664/3664 3662/3662/3662 3656/3656/3656 
f 3659/3659/3659 3662/3662/3662 3664/3664/3664 
f 3664/3664/3664 3656/3656/3656 3652/3652/3652 
f 3663/3663/3663 3665/3665/3665 3634/3634/3634 
f 3659/3659/3659 3665/3665/3665 3663/3663/3663 
f 3665/3665/3665 3630/3630/3630 3634/3634/3634 
f 3666/3666/3666 3664/3664/3664 3652/3652/3652 
f 3659/3659/3659 3664/3664/3664 3666/3666/3666 
f 3666/3666/3666 3652/3652/3652 3648/3648/3648 
f 3665/3665/3665 3667/3667/3667 3630/3630/3630 
f 3659/3659/3659 3667/3667/3667 3665/3665/3665 
f 3666/3666/3666 3668/3668/3668 3659/3659/3659 
f 3668/3668/3668 3666/3666/3666 3648/3648/3648 
f 3669/3669/3669 3667/3667/3667 3659/3659/3659 
f 3667/3667/3667 3626/3626/3626 3630/3630/3630 
f 3667/3667/3667 3669/3669/3669 3626/3626/3626 
f 3668/3668/3668 3648/3648/3648 3644/3644/3644 
f 3669/3669/3669 3621/3621/3621 3626/3626/3626 
f 3670/3670/3670 3668/3668/3668 3644/3644/3644 
f 3659/3659/3659 3668/3668/3668 3670/3670/3670 
f 3670/3670/3670 3644/3644/3644 3640/3640/3640 
f 3669/3669/3669 3671/3671/3671 3621/3621/3621 
f 3669/3669/3669 3659/3659/3659 3671/3671/3671 
f 3671/3671/3671 3624/3624/3624 3621/3621/3621 
f 3672/3672/3672 3670/3670/3670 3640/3640/3640 
f 3659/3659/3659 3670/3670/3670 3672/3672/3672 
f 3672/3672/3672 3640/3640/3640 3636/3636/3636 
f 3671/3671/3671 3673/3673/3673 3624/3624/3624 
f 3659/3659/3659 3673/3673/3673 3671/3671/3671 
f 3673/3673/3673 3628/3628/3628 3624/3624/3624 
f 3674/3674/3674 3672/3672/3672 3636/3636/3636 
f 3659/3659/3659 3672/3672/3672 3674/3674/3674 
f 3674/3674/3674 3636/3636/3636 3632/3632/3632 
f 3673/3673/3673 3675/3675/3675 3628/3628/3628 
f 3659/3659/3659 3675/3675/3675 3673/3673/3673 
f 3659/3659/3659 3674/3674/3674 3675/3675/3675 
f 3675/3675/3675 3632/3632/3632 3628/3628/3628 
f 3675/3675/3675 3674/3674/3674 3632/3632/3632 
f 3676/3676/3676 3678/3678/3678 3677/3677/3677 
f 3676/3676/3676 3679/3679/3679 3678/3678/3678 
f 3679/3679/3679 3680/3680/3680 3678/3678/3678 
f 3681/3681/3681 3676/3676/3676 3677/3677/3677 
f 3681/3681/3681 3677/3677/3677 3682/3682/3682 
f 3679/3679/3679 3683/3683/3683 3680/3680/3680 
f 3683/3683/3683 3684/3684/3684 3680/3680/3680 
f 3685/3685/3685 3681/3681/3681 3682/3682/3682 
f 3685/3685/3685 3682/3682/3682 3686/3686/3686 
f 3683/3683/3683 3687/3687/3687 3684/3684/3684 
f 3687/3687/3687 3688/3688/3688 3684/3684/3684 
f 3689/3689/3689 3685/3685/3685 3686/3686/3686 
f 3689/3689/3689 3686/3686/3686 3690/3690/3690 
f 3687/3687/3687 3691/3691/3691 3688/3688/3688 
f 3691/3691/3691 3692/3692/3692 3688/3688/3688 
f 3693/3693/3693 3689/3689/3689 3690/3690/3690 
f 3693/3693/3693 3690/3690/3690 3694/3694/3694 
f 3691/3691/3691 3695/3695/3695 3692/3692/3692 
f 3695/3695/3695 3696/3696/3696 3692/3692/3692 
f 3697/3697/3697 3693/3693/3693 3694/3694/3694 
f 3697/3697/3697 3694/3694/3694 3698/3698/3698 
f 3695/3695/3695 3699/3699/3699 3696/3696/3696 
f 3699/3699/3699 3700/3700/3700 3696/3696/3696 
f 3701/3701/3701 3697/3697/3697 3698/3698/3698 
f 3701/3701/3701 3698/3698/3698 3702/3702/3702 
f 3699/3699/3699 3703/3703/3703 3700/3700/3700 
f 3703/3703/3703 3704/3704/3704 3700/3700/3700 
f 3705/3705/3705 3701/3701/3701 3702/3702/3702 
f 3705/3705/3705 3702/3702/3702 3706/3706/3706 
f 3703/3703/3703 3707/3707/3707 3704/3704/3704 
f 3707/3707/3707 3708/3708/3708 3704/3704/3704 
f 3709/3709/3709 3705/3705/3705 3706/3706/3706 
f 3709/3709/3709 3706/3706/3706 3710/3710/3710 
f 3711/3711/3711 3710/3710/3710 3708/3708/3708 
f 3707/3707/3707 3711/3711/3711 3708/3708/3708 
f 3711/3711/3711 3709/3709/3709 3710/3710/3710 
f 3712/3712/3712 3697/3697/3697 3701/3701/3701 
f 3713/3713/3713 3701/3701/3701 3705/3705/3705 
f 3713/3713/3713 3712/3712/3712 3701/3701/3701 
f 3714/3714/3714 3712/3712/3712 3713/3713/3713 
f 3714/3714/3714 3715/3715/3715 3712/3712/3712 
f 3712/3712/3712 3715/3715/3715 3697/3697/3697 
f 3714/3714/3714 3713/3713/3713 3716/3716/3716 
f 3716/3716/3716 3713/3713/3713 3705/3705/3705 
f 3716/3716/3716 3705/3705/3705 3709/3709/3709 
f 3715/3715/3715 3693/3693/3693 3697/3697/3697 
f 3717/3717/3717 3716/3716/3716 3709/3709/3709 
f 3717/3717/3717 3709/3709/3709 3711/3711/3711 
f 3716/3716/3716 3717/3717/3717 3714/3714/3714 
f 3715/3715/3715 3718/3718/3718 3693/3693/3693 
f 3714/3714/3714 3718/3718/3718 3715/3715/3715 
f 3718/3718/3718 3689/3689/3689 3693/3693/3693 
f 3719/3719/3719 3717/3717/3717 3711/3711/3711 
f 3714/3714/3714 3717/3717/3717 3719/3719/3719 
f 3719/3719/3719 3711/3711/3711 3707/3707/3707 
f 3718/3718/3718 3720/3720/3720 3689/3689/3689 
f 3714/3714/3714 3720/3720/3720 3718/3718/3718 
f 3720/3720/3720 3685/3685/3685 3689/3689/3689 
f 3721/3721/3721 3719/3719/3719 3707/3707/3707 
f 3714/3714/3714 3719/3719/3719 3721/3721/3721 
f 3721/3721/3721 3707/3707/3707 3703/3703/3703 
f 3720/3720/3720 3722/3722/3722 3685/3685/3685 
f 3714/3714/3714 3722/3722/3722 3720/3720/3720 
f 3721/3721/3721 3723/3723/3723 3714/3714/3714 
f 3723/3723/3723 3721/3721/3721 3703/3703/3703 
f 3724/3724/3724 3722/3722/3722 3714/3714/3714 
f 3722/3722/3722 3681/3681/3681 3685/3685/3685 
f 3722/3722/3722 3724/3724/3724 3681/3681/3681 
f 3723/3723/3723 3703/3703/3703 3699/3699/3699 
f 3724/3724/3724 3676/3676/3676 3681/3681/3681 
f 3725/3725/3725 3723/3723/3723 3699/3699/3699 
f 3714/3714/3714 3723/3723/3723 3725/3725/3725 
f 3725/3725/3725 3699/3699/3699 3695/3695/3695 
f 3724/3724/3724 3726/3726/3726 3676/3676/3676 
f 3724/3724/3724 3714/3714/3714 3726/3726/3726 
f 3726/3726/3726 3679/3679/3679 3676/3676/3676 
f 3727/3727/3727 3725/3725/3725 3695/3695/3695 
f 3714/3714/3714 3725/3725/3725 3727/3727/3727 
f 3727/3727/3727 3695/3695/3695 3691/3691/3691 
f 3726/3726/3726 3728/3728/3728 3679/3679/3679 
f 3714/3714/3714 3728/3728/3728 3726/3726/3726 
f 3728/3728/3728 3683/3683/3683 3679/3679/3679 
f 3729/3729/3729 3727/3727/3727 3691/3691/3691 
f 3714/3714/3714 3727/3727/3727 3729/3729/3729 
f 3729/3729/3729 3691/3691/3691 3687/3687/3687 
f 3728/3728/3728 3730/3730/3730 3683/3683/3683 
f 3714/3714/3714 3730/3730/3730 3728/3728/3728 
f 3714/3714/3714 3729/3729/3729 3730/3730/3730 
f 3730/3730/3730 3687/3687/3687 3683/3683/3683 
f 3730/3730/3730 3729/3729/3729 3687/3687/3687 
f 3731/3731/3731 3733/3733/3733 3732/3732/3732 
f 3731/3731/3731 3734/3734/3734 3733/3733/3733 
f 3734/3734/3734 3735/3735/3735 3733/3733/3733 
f 3736/3736/3736 3731/3731/3731 3732/3732/3732 
f 3736/3736/3736 3732/3732/3732 3737/3737/3737 
f 3734/3734/3734 3738/3738/3738 3735/3735/3735 
f 3738/3738/3738 3739/3739/3739 3735/3735/3735 
f 3740/3740/3740 3736/3736/3736 3737/3737/3737 
f 3740/3740/3740 3737/3737/3737 3741/3741/3741 
f 3738/3738/3738 3742/3742/3742 3739/3739/3739 
f 3742/3742/3742 3743/3743/3743 3739/3739/3739 
f 3744/3744/3744 3740/3740/3740 3741/3741/3741 
f 3744/3744/3744 3741/3741/3741 3745/3745/3745 
f 3742/3742/3742 3746/3746/3746 3743/3743/3743 
f 3746/3746/3746 3747/3747/3747 3743/3743/3743 
f 3748/3748/3748 3744/3744/3744 3745/3745/3745 
f 3748/3748/3748 3745/3745/3745 3749/3749/3749 
f 3746/3746/3746 3750/3750/3750 3747/3747/3747 
f 3750/3750/3750 3751/3751/3751 3747/3747/3747 
f 3752/3752/3752 3748/3748/3748 3749/3749/3749 
f 3752/3752/3752 3749/3749/3749 3753/3753/3753 
f 3750/3750/3750 3754/3754/3754 3751/3751/3751 
f 3754/3754/3754 3755/3755/3755 3751/3751/3751 
f 3756/3756/3756 3752/3752/3752 3753/3753/3753 
f 3756/3756/3756 3753/3753/3753 3757/3757/3757 
f 3754/3754/3754 3758/3758/3758 3755/3755/3755 
f 3758/3758/3758 3759/3759/3759 3755/3755/3755 
f 3760/3760/3760 3756/3756/3756 3757/3757/3757 
f 3760/3760/3760 3757/3757/3757 3761/3761/3761 
f 3758/3758/3758 3762/3762/3762 3759/3759/3759 
f 3762/3762/3762 3763/3763/3763 3759/3759/3759 
f 3764/3764/3764 3760/3760/3760 3761/3761/3761 
f 3764/3764/3764 3761/3761/3761 3765/3765/3765 
f 3766/3766/3766 3765/3765/3765 3763/3763/3763 
f 3762/3762/3762 3766/3766/3766 3763/3763/3763 
f 3766/3766/3766 3764/3764/3764 3765/3765/3765 
f 3767/3767/3767 3752/3752/3752 3756/3756/3756 
f 3768/3768/3768 3756/3756/3756 3760/3760/3760 
f 3768/3768/3768 3767/3767/3767 3756/3756/3756 
f 3769/3769/3769 3767/3767/3767 3768/3768/3768 
f 3769/3769/3769 3770/3770/3770 3767/3767/3767 
f 3767/3767/3767 3770/3770/3770 3752/3752/3752 
f 3769/3769/3769 3768/3768/3768 3771/3771/3771 
f 3771/3771/3771 3768/3768/3768 3760/3760/3760 
f 3771/3771/3771 3760/3760/3760 3764/3764/3764 
f 3770/3770/3770 3748/3748/3748 3752/3752/3752 
f 3772/3772/3772 3771/3771/3771 3764/3764/3764 
f 3772/3772/3772 3764/3764/3764 3766/3766/3766 
f 3771/3771/3771 3772/3772/3772 3769/3769/3769 
f 3770/3770/3770 3773/3773/3773 3748/3748/3748 
f 3769/3769/3769 3773/3773/3773 3770/3770/3770 
f 3773/3773/3773 3744/3744/3744 3748/3748/3748 
f 3774/3774/3774 3772/3772/3772 3766/3766/3766 
f 3769/3769/3769 3772/3772/3772 3774/3774/3774 
f 3774/3774/3774 3766/3766/3766 3762/3762/3762 
f 3773/3773/3773 3775/3775/3775 3744/3744/3744 
f 3769/3769/3769 3775/3775/3775 3773/3773/3773 
f 3775/3775/3775 3740/3740/3740 3744/3744/3744 
f 3776/3776/3776 3774/3774/3774 3762/3762/3762 
f 3769/3769/3769 3774/3774/3774 3776/3776/3776 
f 3776/3776/3776 3762/3762/3762 3758/3758/3758 
f 3775/3775/3775 3777/3777/3777 3740/3740/3740 
f 3769/3769/3769 3777/3777/3777 3775/3775/3775 
f 3776/3776/3776 3778/3778/3778 3769/3769/3769 
f 3778/3778/3778 3776/3776/3776 3758/3758/3758 
f 3779/3779/3779 3777/3777/3777 3769/3769/3769 
f 3777/3777/3777 3736/3736/3736 3740/3740/3740 
f 3777/3777/3777 3779/3779/3779 3736/3736/3736 
f 3778/3778/3778 3758/3758/3758 3754/3754/3754 
f 3779/3779/3779 3731/3731/3731 3736/3736/3736 
f 3780/3780/3780 3778/3778/3778 3754/3754/3754 
f 3769/3769/3769 3778/3778/3778 3780/3780/3780 
f 3780/3780/3780 3754/3754/3754 3750/3750/3750 
f 3779/3779/3779 3781/3781/3781 3731/3731/3731 
f 3779/3779/3779 3769/3769/3769 3781/3781/3781 
f 3781/3781/3781 3734/3734/3734 3731/3731/3731 
f 3782/3782/3782 3780/3780/3780 3750/3750/3750 
f 3769/3769/3769 3780/3780/3780 3782/3782/3782 
f 3782/3782/3782 3750/3750/3750 3746/3746/3746 
f 3781/3781/3781 3783/3783/3783 3734/3734/3734 
f 3769/3769/3769 3783/3783/3783 3781/3781/3781 
f 3783/3783/3783 3738/3738/3738 3734/3734/3734 
f 3784/3784/3784 3782/3782/3782 3746/3746/3746 
f 3769/3769/3769 3782/3782/3782 3784/3784/3784 
f 3784/3784/3784 3746/3746/3746 3742/3742/3742 
f 3783/3783/3783 3785/3785/3785 3738/3738/3738 
f 3769/3769/3769 3785/3785/3785 3783/3783/3783 
f 3769/3769/3769 3784/3784/3784 3785/3785/3785 
f 3785/3785/3785 3742/3742/3742 3738/3738/3738 
f 3785/3785/3785 3784/3784/3784 3742/3742/3742 
f 3786/3786/3786 3788/3788/3788 3787/3787/3787 
f 3786/3786/3786 3789/3789/3789 3788/3788/3788 
f 3789/3789/3789 3790/3790/3790 3788/3788/3788 
f 3791/3791/3791 3786/3786/3786 3787/3787/3787 
f 3791/3791/3791 3787/3787/3787 3792/3792/3792 
f 3789/3789/3789 3793/3793/3793 3790/3790/3790 
f 3793/3793/3793 3794/3794/3794 3790/3790/3790 
f 3795/3795/3795 3791/3791/3791 3792/3792/3792 
f 3795/3795/3795 3792/3792/3792 3796/3796/3796 
f 3793/3793/3793 3797/3797/3797 3794/3794/3794 
f 3797/3797/3797 3798/3798/3798 3794/3794/3794 
f 3799/3799/3799 3795/3795/3795 3796/3796/3796 
f 3799/3799/3799 3796/3796/3796 3800/3800/3800 
f 3797/3797/3797 3801/3801/3801 3798/3798/3798 
f 3801/3801/3801 3802/3802/3802 3798/3798/3798 
f 3803/3803/3803 3799/3799/3799 3800/3800/3800 
f 3803/3803/3803 3800/3800/3800 3804/3804/3804 
f 3801/3801/3801 3805/3805/3805 3802/3802/3802 
f 3805/3805/3805 3806/3806/3806 3802/3802/3802 
f 3807/3807/3807 3803/3803/3803 3804/3804/3804 
f 3807/3807/3807 3804/3804/3804 3808/3808/3808 
f 3805/3805/3805 3809/3809/3809 3806/3806/3806 
f 3809/3809/3809 3810/3810/3810 3806/3806/3806 
f 3811/3811/3811 3807/3807/3807 3808/3808/3808 
f 3811/3811/3811 3808/3808/3808 3812/3812/3812 
f 3809/3809/3809 3813/3813/3813 3810/3810/3810 
f 3813/3813/3813 3814/3814/3814 3810/3810/3810 
f 3815/3815/3815 3811/3811/3811 3812/3812/3812 
f 3815/3815/3815 3812/3812/3812 3816/3816/3816 
f 3813/3813/3813 3817/3817/3817 3814/3814/3814 
f 3817/3817/3817 3818/3818/3818 3814/3814/3814 
f 3819/3819/3819 3815/3815/3815 3816/3816/3816 
f 3819/3819/3819 3816/3816/3816 3820/3820/3820 
f 3821/3821/3821 3820/3820/3820 3818/3818/3818 
f 3817/3817/3817 3821/3821/3821 3818/3818/3818 
f 3821/3821/3821 3819/3819/3819 3820/3820/3820 
f 3822/3822/3822 3807/3807/3807 3811/3811/3811 
f 3823/3823/3823 3811/3811/3811 3815/3815/3815 
f 3823/3823/3823 3822/3822/3822 3811/3811/3811 
f 3824/3824/3824 3822/3822/3822 3823/3823/3823 
f 3824/3824/3824 3825/3825/3825 3822/3822/3822 
f 3822/3822/3822 3825/3825/3825 3807/3807/3807 
f 3824/3824/3824 3823/3823/3823 3826/3826/3826 
f 3826/3826/3826 3823/3823/3823 3815/3815/3815 
f 3826/3826/3826 3815/3815/3815 3819/3819/3819 
f 3825/3825/3825 3803/3803/3803 3807/3807/3807 
f 3827/3827/3827 3826/3826/3826 3819/3819/3819 
f 3827/3827/3827 3819/3819/3819 3821/3821/3821 
f 3826/3826/3826 3827/3827/3827 3824/3824/3824 
f 3825/3825/3825 3828/3828/3828 3803/3803/3803 
f 3824/3824/3824 3828/3828/3828 3825/3825/3825 
f 3828/3828/3828 3799/3799/3799 3803/3803/3803 
f 3829/3829/3829 3827/3827/3827 3821/3821/3821 
f 3824/3824/3824 3827/3827/3827 3829/3829/3829 
f 3829/3829/3829 3821/3821/3821 3817/3817/3817 
f 3828/3828/3828 3830/3830/3830 3799/3799/3799 
f 3824/3824/3824 3830/3830/3830 3828/3828/3828 
f 3830/3830/3830 3795/3795/3795 3799/3799/3799 
f 3831/3831/3831 3829/3829/3829 3817/3817/3817 
f 3824/3824/3824 3829/3829/3829 3831/3831/3831 
f 3831/3831/3831 3817/3817/3817 3813/3813/3813 
f 3830/3830/3830 3832/3832/3832 3795/3795/3795 
f 3824/3824/3824 3832/3832/3832 3830/3830/3830 
f 3831/3831/3831 3833/3833/3833 3824/3824/3824 
f 3833/3833/3833 3831/3831/3831 3813/3813/3813 
f 3834/3834/3834 3832/3832/3832 3824/3824/3824 
f 3832/3832/3832 3791/3791/3791 3795/3795/3795 
f 3832/3832/3832 3834/3834/3834 3791/3791/3791 
f 3833/3833/3833 3813/3813/3813 3809/3809/3809 
f 3834/3834/3834 3786/3786/3786 3791/3791/3791 
f 3835/3835/3835 3833/3833/3833 3809/3809/3809 
f 3824/3824/3824 3833/3833/3833 3835/3835/3835 
f 3835/3835/3835 3809/3809/3809 3805/3805/3805 
f 3834/3834/3834 3836/3836/3836 3786/3786/3786 
f 3834/3834/3834 3824/3824/3824 3836/3836/3836 
f 3836/3836/3836 3789/3789/3789 3786/3786/3786 
f 3837/3837/3837 3835/3835/3835 3805/3805/3805 
f 3824/3824/3824 3835/3835/3835 3837/3837/3837 
f 3837/3837/3837 3805/3805/3805 3801/3801/3801 
f 3836/3836/3836 3838/3838/3838 3789/3789/3789 
f 3824/3824/3824 3838/3838/3838 3836/3836/3836 
f 3838/3838/3838 3793/3793/3793 3789/3789/3789 
f 3839/3839/3839 3837/3837/3837 3801/3801/3801 
f 3824/3824/3824 3837/3837/3837 3839/3839/3839 
f 3839/3839/3839 3801/3801/3801 3797/3797/3797 
f 3838/3838/3838 3840/3840/3840 3793/3793/3793 
f 3824/3824/3824 3840/3840/3840 3838/3838/3838 
f 3824/3824/3824 3839/3839/3839 3840/3840/3840 
f 3840/3840/3840 3797/3797/3797 3793/3793/3793 
f 3840/3840/3840 3839/3839/3839 3797/3797/3797 
f 3841/3841/3841 3843/3843/3843 3842/3842/3842 
f 3841/3841/3841 3844/3844/3844 3843/3843/3843 
f 3844/3844/3844 3845/3845/3845 3843/3843/3843 
f 3846/3846/3846 3841/3841/3841 3842/3842/3842 
f 3846/3846/3846 3842/3842/3842 3847/3847/3847 
f 3844/3844/3844 3848/3848/3848 3845/3845/3845 
f 3848/3848/3848 3849/3849/3849 3845/3845/3845 
f 3850/3850/3850 3846/3846/3846 3847/3847/3847 
f 3850/3850/3850 3847/3847/3847 3851/3851/3851 
f 3848/3848/3848 3852/3852/3852 3849/3849/3849 
f 3852/3852/3852 3853/3853/3853 3849/3849/3849 
f 3854/3854/3854 3850/3850/3850 3851/3851/3851 
f 3854/3854/3854 3851/3851/3851 3855/3855/3855 
f 3852/3852/3852 3856/3856/3856 3853/3853/3853 
f 3856/3856/3856 3857/3857/3857 3853/3853/3853 
f 3858/3858/3858 3854/3854/3854 3855/3855/3855 
f 3858/3858/3858 3855/3855/3855 3859/3859/3859 
f 3856/3856/3856 3860/3860/3860 3857/3857/3857 
f 3860/3860/3860 3861/3861/3861 3857/3857/3857 
f 3862/3862/3862 3858/3858/3858 3859/3859/3859 
f 3862/3862/3862 3859/3859/3859 3863/3863/3863 
f 3860/3860/3860 3864/3864/3864 3861/3861/3861 
f 3864/3864/3864 3865/3865/3865 3861/3861/3861 
f 3866/3866/3866 3862/3862/3862 3863/3863/3863 
f 3866/3866/3866 3863/3863/3863 3867/3867/3867 
f 3864/3864/3864 3868/3868/3868 3865/3865/3865 
f 3868/3868/3868 3869/3869/3869 3865/3865/3865 
f 3870/3870/3870 3866/3866/3866 3867/3867/3867 
f 3870/3870/3870 3867/3867/3867 3871/3871/3871 
f 3868/3868/3868 3872/3872/3872 3869/3869/3869 
f 3872/3872/3872 3873/3873/3873 3869/3869/3869 
f 3874/3874/3874 3870/3870/3870 3871/3871/3871 
f 3874/3874/3874 3871/3871/3871 3875/3875/3875 
f 3876/3876/3876 3875/3875/3875 3873/3873/3873 
f 3872/3872/3872 3876/3876/3876 3873/3873/3873 
f 3876/3876/3876 3874/3874/3874 3875/3875/3875 
f 3877/3877/3877 3862/3862/3862 3866/3866/3866 
f 3878/3878/3878 3866/3866/3866 3870/3870/3870 
f 3878/3878/3878 3877/3877/3877 3866/3866/3866 
f 3879/3879/3879 3877/3877/3877 3878/3878/3878 
f 3879/3879/3879 3880/3880/3880 3877/3877/3877 
f 3877/3877/3877 3880/3880/3880 3862/3862/3862 
f 3879/3879/3879 3878/3878/3878 3881/3881/3881 
f 3881/3881/3881 3878/3878/3878 3870/3870/3870 
f 3881/3881/3881 3870/3870/3870 3874/3874/3874 
f 3880/3880/3880 3858/3858/3858 3862/3862/3862 
f 3882/3882/3882 3881/3881/3881 3874/3874/3874 
f 3882/3882/3882 3874/3874/3874 3876/3876/3876 
f 3881/3881/3881 3882/3882/3882 3879/3879/3879 
f 3880/3880/3880 3883/3883/3883 3858/3858/3858 
f 3879/3879/3879 3883/3883/3883 3880/3880/3880 
f 3883/3883/3883 3854/3854/3854 3858/3858/3858 
f 3884/3884/3884 3882/3882/3882 3876/3876/3876 
f 3879/3879/3879 3882/3882/3882 3884/3884/3884 
f 3884/3884/3884 3876/3876/3876 3872/3872/3872 
f 3883/3883/3883 3885/3885/3885 3854/3854/3854 
f 3879/3879/3879 3885/3885/3885 3883/3883/3883 
f 3885/3885/3885 3850/3850/3850 3854/3854/3854 
f 3886/3886/3886 3884/3884/3884 3872/3872/3872 
f 3879/3879/3879 3884/3884/3884 3886/3886/3886 
f 3886/3886/3886 3872/3872/3872 3868/3868/3868 
f 3885/3885/3885 3887/3887/3887 3850/3850/3850 
f 3879/3879/3879 3887/3887/3887 3885/3885/3885 
f 3886/3886/3886 3888/3888/3888 3879/3879/3879 
f 3888/3888/3888 3886/3886/3886 3868/3868/3868 
f 3889/3889/3889 3887/3887/3887 3879/3879/3879 
f 3887/3887/3887 3846/3846/3846 3850/3850/3850 
f 3887/3887/3887 3889/3889/3889 3846/3846/3846 
f 3888/3888/3888 3868/3868/3868 3864/3864/3864 
f 3889/3889/3889 3841/3841/3841 3846/3846/3846 
f 3890/3890/3890 3888/3888/3888 3864/3864/3864 
f 3879/3879/3879 3888/3888/3888 3890/3890/3890 
f 3890/3890/3890 3864/3864/3864 3860/3860/3860 
f 3889/3889/3889 3891/3891/3891 3841/3841/3841 
f 3889/3889/3889 3879/3879/3879 3891/3891/3891 
f 3891/3891/3891 3844/3844/3844 3841/3841/3841 
f 3892/3892/3892 3890/3890/3890 3860/3860/3860 
f 3879/3879/3879 3890/3890/3890 3892/3892/3892 
f 3892/3892/3892 3860/3860/3860 3856/3856/3856 
f 3891/3891/3891 3893/3893/3893 3844/3844/3844 
f 3879/3879/3879 3893/3893/3893 3891/3891/3891 
f 3893/3893/3893 3848/3848/3848 3844/3844/3844 
f 3894/3894/3894 3892/3892/3892 3856/3856/3856 
f 3879/3879/3879 3892/3892/3892 3894/3894/3894 
f 3894/3894/3894 3856/3856/3856 3852/3852/3852 
f 3893/3893/3893 3895/3895/3895 3848/3848/3848 
f 3879/3879/3879 3895/3895/3895 3893/3893/3893 
f 3879/3879/3879 3894/3894/3894 3895/3895/3895 
f 3895/3895/3895 3852/3852/3852 3848/3848/3848 
f 3895/3895/3895 3894/3894/3894 3852/3852/3852 
f 3896/3896/3896 3898/3898/3898 3897/3897/3897 
f 3896/3896/3896 3899/3899/3899 3898/3898/3898 
f 3899/3899/3899 3900/3900/3900 3898/3898/3898 
f 3901/3901/3901 3896/3896/3896 3897/3897/3897 
f 3901/3901/3901 3897/3897/3897 3902/3902/3902 
f 3899/3899/3899 3903/3903/3903 3900/3900/3900 
f 3903/3903/3903 3904/3904/3904 3900/3900/3900 
f 3905/3905/3905 3901/3901/3901 3902/3902/3902 
f 3905/3905/3905 3902/3902/3902 3906/3906/3906 
f 3903/3903/3903 3907/3907/3907 3904/3904/3904 
f 3907/3907/3907 3908/3908/3908 3904/3904/3904 
f 3909/3909/3909 3905/3905/3905 3906/3906/3906 
f 3909/3909/3909 3906/3906/3906 3910/3910/3910 
f 3907/3907/3907 3911/3911/3911 3908/3908/3908 
f 3911/3911/3911 3912/3912/3912 3908/3908/3908 
f 3913/3913/3913 3909/3909/3909 3910/3910/3910 
f 3913/3913/3913 3910/3910/3910 3914/3914/3914 
f 3911/3911/3911 3915/3915/3915 3912/3912/3912 
f 3915/3915/3915 3916/3916/3916 3912/3912/3912 
f 3917/3917/3917 3913/3913/3913 3914/3914/3914 
f 3917/3917/3917 3914/3914/3914 3918/3918/3918 
f 3915/3915/3915 3919/3919/3919 3916/3916/3916 
f 3919/3919/3919 3920/3920/3920 3916/3916/3916 
f 3921/3921/3921 3917/3917/3917 3918/3918/3918 
f 3921/3921/3921 3918/3918/3918 3922/3922/3922 
f 3919/3919/3919 3923/3923/3923 3920/3920/3920 
f 3923/3923/3923 3924/3924/3924 3920/3920/3920 
f 3925/3925/3925 3921/3921/3921 3922/3922/3922 
f 3925/3925/3925 3922/3922/3922 3926/3926/3926 
f 3923/3923/3923 3927/3927/3927 3924/3924/3924 
f 3927/3927/3927 3928/3928/3928 3924/3924/3924 
f 3929/3929/3929 3925/3925/3925 3926/3926/3926 
f 3929/3929/3929 3926/3926/3926 3930/3930/3930 
f 3931/3931/3931 3930/3930/3930 3928/3928/3928 
f 3927/3927/3927 3931/3931/3931 3928/3928/3928 
f 3931/3931/3931 3929/3929/3929 3930/3930/3930 
f 3932/3932/3932 3917/3917/3917 3921/3921/3921 
f 3933/3933/3933 3921/3921/3921 3925/3925/3925 
f 3933/3933/3933 3932/3932/3932 3921/3921/3921 
f 3934/3934/3934 3932/3932/3932 3933/3933/3933 
f 3934/3934/3934 3935/3935/3935 3932/3932/3932 
f 3932/3932/3932 3935/3935/3935 3917/3917/3917 
f 3934/3934/3934 3933/3933/3933 3936/3936/3936 
f 3936/3936/3936 3933/3933/3933 3925/3925/3925 
f 3936/3936/3936 3925/3925/3925 3929/3929/3929 
f 3935/3935/3935 3913/3913/3913 3917/3917/3917 
f 3937/3937/3937 3936/3936/3936 3929/3929/3929 
f 3937/3937/3937 3929/3929/3929 3931/3931/3931 
f 3936/3936/3936 3937/3937/3937 3934/3934/3934 
f 3935/3935/3935 3938/3938/3938 3913/3913/3913 
f 3934/3934/3934 3938/3938/3938 3935/3935/3935 
f 3938/3938/3938 3909/3909/3909 3913/3913/3913 
f 3939/3939/3939 3937/3937/3937 3931/3931/3931 
f 3934/3934/3934 3937/3937/3937 3939/3939/3939 
f 3939/3939/3939 3931/3931/3931 3927/3927/3927 
f 3938/3938/3938 3940/3940/3940 3909/3909/3909 
f 3934/3934/3934 3940/3940/3940 3938/3938/3938 
f 3940/3940/3940 3905/3905/3905 3909/3909/3909 
f 3941/3941/3941 3939/3939/3939 3927/3927/3927 
f 3934/3934/3934 3939/3939/3939 3941/3941/3941 
f 3941/3941/3941 3927/3927/3927 3923/3923/3923 
f 3940/3940/3940 3942/3942/3942 3905/3905/3905 
f 3934/3934/3934 3942/3942/3942 3940/3940/3940 
f 3941/3941/3941 3943/3943/3943 3934/3934/3934 
f 3943/3943/3943 3941/3941/3941 3923/3923/3923 
f 3944/3944/3944 3942/3942/3942 3934/3934/3934 
f 3942/3942/3942 3901/3901/3901 3905/3905/3905 
f 3942/3942/3942 3944/3944/3944 3901/3901/3901 
f 3943/3943/3943 3923/3923/3923 3919/3919/3919 
f 3944/3944/3944 3896/3896/3896 3901/3901/3901 
f 3945/3945/3945 3943/3943/3943 3919/3919/3919 
f 3934/3934/3934 3943/3943/3943 3945/3945/3945 
f 3945/3945/3945 3919/3919/3919 3915/3915/3915 
f 3944/3944/3944 3946/3946/3946 3896/3896/3896 
f 3944/3944/3944 3934/3934/3934 3946/3946/3946 
f 3946/3946/3946 3899/3899/3899 3896/3896/3896 
f 3947/3947/3947 3945/3945/3945 3915/3915/3915 
f 3934/3934/3934 3945/3945/3945 3947/3947/3947 
f 3947/3947/3947 3915/3915/3915 3911/3911/3911 
f 3946/3946/3946 3948/3948/3948 3899/3899/3899 
f 3934/3934/3934 3948/3948/3948 3946/3946/3946 
f 3948/3948/3948 3903/3903/3903 3899/3899/3899 
f 3949/3949/3949 3947/3947/3947 3911/3911/3911 
f 3934/3934/3934 3947/3947/3947 3949/3949/3949 
f 3949/3949/3949 3911/3911/3911 3907/3907/3907 
f 3948/3948/3948 3950/3950/3950 3903/3903/3903 
f 3934/3934/3934 3950/3950/3950 3948/3948/3948 
f 3934/3934/3934 3949/3949/3949 3950/3950/3950 
f 3950/3950/3950 3907/3907/3907 3903/3903/3903 
f 3950/3950/3950 3949/3949/3949 3907/3907/3907 
f 3951/3951/3951 3953/3953/3953 3952/3952/3952 
f 3951/3951/3951 3954/3954/3954 3953/3953/3953 
f 3954/3954/3954 3955/3955/3955 3953/3953/3953 
f 3956/3956/3956 3951/3951/3951 3952/3952/3952 
f 3956/3956/3956 3952/3952/3952 3957/3957/3957 
f 3954/3954/3954 3958/3958/3958 3955/3955/3955 
f 3958/3958/3958 3959/3959/3959 3955/3955/3955 
f 3960/3960/3960 3956/3956/3956 3957/3957/3957 
f 3960/3960/3960 3957/3957/3957 3961/3961/3961 
f 3958/3958/3958 3962/3962/3962 3959/3959/3959 
f 3962/3962/3962 3963/3963/3963 3959/3959/3959 
f 3964/3964/3964 3960/3960/3960 3961/3961/3961 
f 3964/3964/3964 3961/3961/3961 3965/3965/3965 
f 3962/3962/3962 3966/3966/3966 3963/3963/3963 
f 3966/3966/3966 3967/3967/3967 3963/3963/3963 
f 3968/3968/3968 3964/3964/3964 3965/3965/3965 
f 3968/3968/3968 3965/3965/3965 3969/3969/3969 
f 3966/3966/3966 3970/3970/3970 3967/3967/3967 
f 3970/3970/3970 3971/3971/3971 3967/3967/3967 
f 3972/3972/3972 3968/3968/3968 3969/3969/3969 
f 3972/3972/3972 3969/3969/3969 3973/3973/3973 
f 3970/3970/3970 3974/3974/3974 3971/3971/3971 
f 3974/3974/3974 3975/3975/3975 3971/3971/3971 
f 3976/3976/3976 3972/3972/3972 3973/3973/3973 
f 3976/3976/3976 3973/3973/3973 3977/3977/3977 
f 3974/3974/3974 3978/3978/3978 3975/3975/3975 
f 3978/3978/3978 3979/3979/3979 3975/3975/3975 
f 3980/3980/3980 3976/3976/3976 3977/3977/3977 
f 3980/3980/3980 3977/3977/3977 3981/3981/3981 
f 3978/3978/3978 3982/3982/3982 3979/3979/3979 
f 3982/3982/3982 3983/3983/3983 3979/3979/3979 
f 3984/3984/3984 3980/3980/3980 3981/3981/3981 
f 3984/3984/3984 3981/3981/3981 3985/3985/3985 
f 3986/3986/3986 3985/3985/3985 3983/3983/3983 
f 3982/3982/3982 3986/3986/3986 3983/3983/3983 
f 3986/3986/3986 3984/3984/3984 3985/3985/3985 
f 3987/3987/3987 3972/3972/3972 3976/3976/3976 
f 3988/3988/3988 3976/3976/3976 3980/3980/3980 
f 3988/3988/3988 3987/3987/3987 3976/3976/3976 
f 3989/3989/3989 3987/3987/3987 3988/3988/3988 
f 3989/3989/3989 3990/3990/3990 3987/3987/3987 
f 3987/3987/3987 3990/3990/3990 3972/3972/3972 
f 3989/3989/3989 3988/3988/3988 3991/3991/3991 
f 3991/3991/3991 3988/3988/3988 3980/3980/3980 
f 3991/3991/3991 3980/3980/3980 3984/3984/3984 
f 3990/3990/3990 3968/3968/3968 3972/3972/3972 
f 3992/3992/3992 3991/3991/3991 3984/3984/3984 
f 3992/3992/3992 3984/3984/3984 3986/3986/3986 
f 3991/3991/3991 3992/3992/3992 3989/3989/3989 
f 3990/3990/3990 3993/3993/3993 3968/3968/3968 
f 3989/3989/3989 3993/3993/3993 3990/3990/3990 
f 3993/3993/3993 3964/3964/3964 3968/3968/3968 
f 3994/3994/3994 3992/3992/3992 3986/3986/3986 
f 3989/3989/3989 3992/3992/3992 3994/3994/3994 
f 3994/3994/3994 3986/3986/3986 3982/3982/3982 
f 3993/3993/3993 3995/3995/3995 3964/3964/3964 
f 3989/3989/3989 3995/3995/3995 3993/3993/3993 
f 3995/3995/3995 3960/3960/3960 3964/3964/3964 
f 3996/3996/3996 3994/3994/3994 3982/3982/3982 
f 3989/3989/3989 3994/3994/3994 3996/3996/3996 
f 3996/3996/3996 3982/3982/3982 3978/3978/3978 
f 3995/3995/3995 3997/3997/3997 3960/3960/3960 
f 3989/3989/3989 3997/3997/3997 3995/3995/3995 
f 3996/3996/3996 3998/3998/3998 3989/3989/3989 
f 3998/3998/3998 3996/3996/3996 3978/3978/3978 
f 3999/3999/3999 3997/3997/3997 3989/3989/3989 
f 3997/3997/3997 3956/3956/3956 3960/3960/3960 
f 3997/3997/3997 3999/3999/3999 3956/3956/3956 
f 3998/3998/3998 3978/3978/3978 3974/3974/3974 
f 3999/3999/3999 3951/3951/3951 3956/3956/3956 
f 4000/4000/4000 3998/3998/3998 3974/3974/3974 
f 3989/3989/3989 3998/3998/3998 4000/4000/4000 
f 4000/4000/4000 3974/3974/3974 3970/3970/3970 
f 3999/3999/3999 4001/4001/4001 3951/3951/3951 
f 3999/3999/3999 3989/3989/3989 4001/4001/4001 
f 4001/4001/4001 3954/3954/3954 3951/3951/3951 
f 4002/4002/4002 4000/4000/4000 3970/3970/3970 
f 3989/3989/3989 4000/4000/4000 4002/4002/4002 
f 4002/4002/4002 3970/3970/3970 3966/3966/3966 
f 4001/4001/4001 4003/4003/4003 3954/3954/3954 
f 3989/3989/3989 4003/4003/4003 4001/4001/4001 
f 4003/4003/4003 3958/3958/3958 3954/3954/3954 
f 4004/4004/4004 4002/4002/4002 3966/3966/3966 
f 3989/3989/3989 4002/4002/4002 4004/4004/4004 
f 4004/4004/4004 3966/3966/3966 3962/3962/3962 
f 4003/4003/4003 4005/4005/4005 3958/3958/3958 
f 3989/3989/3989 4005/4005/4005 4003/4003/4003 
f 3989/3989/3989 4004/4004/4004 4005/4005/4005 
f 4005/4005/4005 3962/3962/3962 3958/3958/3958 
f 4005/4005/4005 4004/4004/4004 3962/3962/3962 
f 4006/4006/4006 4008/4008/4008 4007/4007/4007 
f 4006/4006/4006 4009/4009/4009 4008/4008/4008 
f 4009/4009/4009 4010/4010/4010 4008/4008/4008 
f 4011/4011/4011 4006/4006/4006 4007/4007/4007 
f 4011/4011/4011 4007/4007/4007 4012/4012/4012 
f 4009/4009/4009 4013/4013/4013 4010/4010/4010 
f 4013/4013/4013 4014/4014/4014 4010/4010/4010 
f 4015/4015/4015 4011/4011/4011 4012/4012/4012 
f 4015/4015/4015 4012/4012/4012 4016/4016/4016 
f 4013/4013/4013 4017/4017/4017 4014/4014/4014 
f 4017/4017/4017 4018/4018/4018 4014/4014/4014 
f 4019/4019/4019 4015/4015/4015 4016/4016/4016 
f 4019/4019/4019 4016/4016/4016 4020/4020/4020 
f 4017/4017/4017 4021/4021/4021 4018/4018/4018 
f 4021/4021/4021 4022/4022/4022 4018/4018/4018 
f 4023/4023/4023 4019/4019/4019 4020/4020/4020 
f 4023/4023/4023 4020/4020/4020 4024/4024/4024 
f 4021/4021/4021 4025/4025/4025 4022/4022/4022 
f 4025/4025/4025 4026/4026/4026 4022/4022/4022 
f 4027/4027/4027 4023/4023/4023 4024/4024/4024 
f 4027/4027/4027 4024/4024/4024 4028/4028/4028 
f 4025/4025/4025 4029/4029/4029 4026/4026/4026 
f 4029/4029/4029 4030/4030/4030 4026/4026/4026 
f 4031/4031/4031 4027/4027/4027 4028/4028/4028 
f 4031/4031/4031 4028/4028/4028 4032/4032/4032 
f 4029/4029/4029 4033/4033/4033 4030/4030/4030 
f 4033/4033/4033 4034/4034/4034 4030/4030/4030 
f 4035/4035/4035 4031/4031/4031 4032/4032/4032 
f 4035/4035/4035 4032/4032/4032 4036/4036/4036 
f 4033/4033/4033 4037/4037/4037 4034/4034/4034 
f 4037/4037/4037 4038/4038/4038 4034/4034/4034 
f 4039/4039/4039 4035/4035/4035 4036/4036/4036 
f 4039/4039/4039 4036/4036/4036 4040/4040/4040 
f 4041/4041/4041 4040/4040/4040 4038/4038/4038 
f 4037/4037/4037 4041/4041/4041 4038/4038/4038 
f 4041/4041/4041 4039/4039/4039 4040/4040/4040 
f 4042/4042/4042 4027/4027/4027 4031/4031/4031 
f 4043/4043/4043 4031/4031/4031 4035/4035/4035 
f 4043/4043/4043 4042/4042/4042 4031/4031/4031 
f 4044/4044/4044 4042/4042/4042 4043/4043/4043 
f 4044/4044/4044 4045/4045/4045 4042/4042/4042 
f 4042/4042/4042 4045/4045/4045 4027/4027/4027 
f 4044/4044/4044 4043/4043/4043 4046/4046/4046 
f 4046/4046/4046 4043/4043/4043 4035/4035/4035 
f 4046/4046/4046 4035/4035/4035 4039/4039/4039 
f 4045/4045/4045 4023/4023/4023 4027/4027/4027 
f 4047/4047/4047 4046/4046/4046 4039/4039/4039 
f 4047/4047/4047 4039/4039/4039 4041/4041/4041 
f 4046/4046/4046 4047/4047/4047 4044/4044/4044 
f 4045/4045/4045 4048/4048/4048 4023/4023/4023 
f 4044/4044/4044 4048/4048/4048 4045/4045/4045 
f 4048/4048/4048 4019/4019/4019 4023/4023/4023 
f 4049/4049/4049 4047/4047/4047 4041/4041/4041 
f 4044/4044/4044 4047/4047/4047 4049/4049/4049 
f 4049/4049/4049 4041/4041/4041 4037/4037/4037 
f 4048/4048/4048 4050/4050/4050 4019/4019/4019 
f 4044/4044/4044 4050/4050/4050 4048/4048/4048 
f 4050/4050/4050 4015/4015/4015 4019/4019/4019 
f 4051/4051/4051 4049/4049/4049 4037/4037/4037 
f 4044/4044/4044 4049/4049/4049 4051/4051/4051 
f 4051/4051/4051 4037/4037/4037 4033/4033/4033 
f 4050/4050/4050 4052/4052/4052 4015/4015/4015 
f 4044/4044/4044 4052/4052/4052 4050/4050/4050 
f 4051/4051/4051 4053/4053/4053 4044/4044/4044 
f 4053/4053/4053 4051/4051/4051 4033/4033/4033 
f 4054/4054/4054 4052/4052/4052 4044/4044/4044 
f 4052/4052/4052 4011/4011/4011 4015/4015/4015 
f 4052/4052/4052 4054/4054/4054 4011/4011/4011 
f 4053/4053/4053 4033/4033/4033 4029/4029/4029 
f 4054/4054/4054 4006/4006/4006 4011/4011/4011 
f 4055/4055/4055 4053/4053/4053 4029/4029/4029 
f 4044/4044/4044 4053/4053/4053 4055/4055/4055 
f 4055/4055/4055 4029/4029/4029 4025/4025/4025 
f 4054/4054/4054 4056/4056/4056 4006/4006/4006 
f 4054/4054/4054 4044/4044/4044 4056/4056/4056 
f 4056/4056/4056 4009/4009/4009 4006/4006/4006 
f 4057/4057/4057 4055/4055/4055 4025/4025/4025 
f 4044/4044/4044 4055/4055/4055 4057/4057/4057 
f 4057/4057/4057 4025/4025/4025 4021/4021/4021 
f 4056/4056/4056 4058/4058/4058 4009/4009/4009 
f 4044/4044/4044 4058/4058/4058 4056/4056/4056 
f 4058/4058/4058 4013/4013/4013 4009/4009/4009 
f 4059/4059/4059 4057/4057/4057 4021/4021/4021 
f 4044/4044/4044 4057/4057/4057 4059/4059/4059 
f 4059/4059/4059 4021/4021/4021 4017/4017/4017 
f 4058/4058/4058 4060/4060/4060 4013/4013/4013 
f 4044/4044/4044 4060/4060/4060 4058/4058/4058 
f 4044/4044/4044 4059/4059/4059 4060/4060/4060 
f 4060/4060/4060 4017/4017/4017 4013/4013/4013 
f 4060/4060/4060 4059/4059/4059 4017/4017/4017 
