# exported by StudySceneExporter from mesh 'water_can'
mtllib materials.mtl
v 0.04133819 -0.0186734 -0.1857608
v 0.04530609 9.460449E-06 -0.185766
v 0.04777801 9.460449E-06 -0.184427
v 0.04359649 -0.01967743 -0.1844216
v 0.03011444 -0.03412689 -0.1857463
v 0.04954864 1.00708E-05 -0.1824129
v 0.0317691 -0.03596222 -0.1844064
v 0.01357635 -0.04367889 -0.1857248
v 0.04521454 -0.02039703 -0.1824075
v 0.05072906 1.00708E-05 -0.1799487
v 0.01434113 -0.04602814 -0.1843838
v -0.005418396 -0.0456784 -0.1857002
v 0.03295502 -0.03727569 -0.1823915
v 0.04629303 -0.02087555 -0.1799428
v 0.05143158 1.00708E-05 -0.1772583
v -0.005674744 -0.04813507 -0.1843579
v -0.02358368 -0.03977936 -0.1856766
v 0.01489105 -0.04770904 -0.1823682
v 0.03374603 -0.03815094 -0.1799265
v 0.04693512 -0.02115936 -0.1772526
v 0.05176788 1.00708E-05 -0.1745671
v -0.0248172 -0.04191864 -0.184333
v -0.03777923 -0.02700226 -0.1856584
v -0.005856018 -0.04989288 -0.1823413
v 0.01525787 -0.04882904 -0.1799028
v 0.03421783 -0.03867035 -0.1772361
v 0.04724335 -0.02129486 -0.1745614
v 0.05184967 1.00708E-05 -0.1720995
v -0.0397757 -0.02845428 -0.1843136
v -0.04555023 -0.009555358 -0.1856482
v -0.02569794 -0.04345001 -0.1823156
v -0.005976257 -0.05106476 -0.1798752
v 0.01547638 -0.04949371 -0.1772119
v 0.03444367 -0.03891754 -0.1745447
v 0.04731781 -0.0213266 -0.1720936
v 0.05165863 1.00708E-05 -0.1713398
v -0.04796539 -0.01006927 -0.1843031
v -0.04555328 0.009543762 -0.1856482
v -0.04120331 -0.02949371 -0.1822956
v -0.02628326 -0.04446991 -0.1798489
v -0.006045837 -0.05175934 -0.1771839
v 0.0155838 -0.04980987 -0.1745203
v 0.03449921 -0.03897553 -0.1720771
v 0.04714386 -0.02124847 -0.1713339
v 0.05116913 1.00708E-05 -0.1700711
v 0.04669647 -0.02104889 -0.1700653
v 0.05050018 1.00708E-05 -0.168488
v 0.03437225 -0.03883331 -0.1713172
v 0.01561066 -0.04988556 -0.1720528
v -0.006076965 -0.05209076 -0.1744922
v -0.02662933 -0.04507599 -0.1771573
v 0.04608551 -0.02077606 -0.1684822
v 0.04977264 1.00708E-05 -0.1667846
v 0.0340451 -0.03846832 -0.1700491
v 0.01555267 -0.04970306 -0.171293
v -0.006081848 -0.05216888 -0.1720246
v 0.04542084 -0.02047943 -0.166779
v 0.04910431 9.460449E-06 -0.1651553
v 0.03359833 -0.03797089 -0.168466
v 0.01540253 -0.04923614 -0.1700248
v 0.0448111 -0.02020721 -0.1651498
v 0.04861603 9.460449E-06 -0.1637943
v 0.03311127 -0.03742767 -0.166763
v 0.04436493 -0.02000763 -0.1637888
v 0.04842804 9.460449E-06 -0.1628958
v -0.0267923 -0.04536346 -0.1744654
v -0.006060486 -0.05197723 -0.171265
v 0.01519684 -0.04859772 -0.1684422
v 0.0326651 -0.03692963 -0.1651341
v 0.04419281 -0.01993011 -0.1628904
v 0.04740692 9.460449E-06 0.08860981
v -0.02682831 -0.04543121 -0.1719976
v -0.006007385 -0.05148956 -0.1699971
v 0.01497345 -0.04790375 -0.1667395
v 0.03233917 -0.03656586 -0.1637731
v 0.04328766 -0.01938324 0.08861515
v 0.04645477 9.460449E-06 0.09437473
v -0.02673126 -0.04526581 -0.1712382
v -0.005935974 -0.05082245 -0.168415
v 0.01476837 -0.04726593 -0.1651109
v 0.03221344 -0.03642425 -0.1628747
v 0.04241913 -0.01899322 0.09438
v 0.04384186 8.239746E-06 0.100955
v -0.02648407 -0.04483978 -0.1699705
v -0.005857239 -0.05009613 -0.1667127
v 0.01461884 -0.04680023 -0.1637503
v 0.03163788 -0.03542389 0.08863041
v 0.04003265 -0.01792755 0.1009599
v 0.03995575 7.629395E-06 0.1079829
v -0.02614654 -0.04425934 -0.1683888
v -0.005785217 -0.04942963 -0.1650842
v 0.01456146 -0.04662018 -0.1628518
v 0.0310025 -0.034711 0.0943948
v 0.03648346 -0.01634308 0.1079873
v 0.03518036 7.019043E-06 0.1150915
v -0.02577972 -0.04362701 -0.1666867
v -0.005732727 -0.04894195 -0.1637239
v 0.01447052 -0.04533966 0.08865253
v 0.02925751 -0.03276337 0.1009739
v 0.03212067 -0.0143985 0.1150954
v 0.02990387 6.408691E-06 0.121913
v -0.0254422 -0.04304657 -0.1650588
v -0.005711365 -0.04875335 -0.1628257
v 0.01418121 -0.04442658 0.09441662
v 0.02665985 -0.02986908 0.1080001
v 0.02730072 -0.01224945 0.1219163
v 0.02451141 5.79834E-06 0.1280804
v -0.02519562 -0.04262177 -0.1636985
v -0.005245666 -0.04741485 0.08867794
v 0.01337982 -0.0419339 0.1009944
v 0.02346649 -0.02631439 0.1151065
v 0.02237457 -0.01005341 0.1280832
v 0.01938934 4.577636E-06 0.133226
v -0.02509979 -0.04245819 -0.1628005
v -0.005138244 -0.04646026 0.09444141
v 0.01218353 -0.03822906 0.1080189
v 0.01993866 -0.02238678 0.1219261
v 0.01769501 -0.007967834 0.1332281
v 0.01818634 4.577636E-06 0.1344948
v -0.02410065 -0.0412912 0.08870251
v -0.004855652 -0.04385284 0.101018
v 0.01071381 -0.03367889 0.1151229
v 0.01633148 -0.01837372 0.1280909
v 0.01659698 -0.007478332 0.134497
v 0.01718353 3.967285E-06 0.1358718
v -0.02361359 -0.0404599 0.09446552
v -0.004440002 -0.03997955 0.1080403
v 0.009089661 -0.02865326 0.12194
v 0.01290619 -0.01456207 0.1332344
v 0.01568085 -0.007070007 0.1358736
v 0.0163736 3.967285E-06 0.1373451
v -0.02229523 -0.03819 0.1010406
v -0.00393158 -0.03522125 0.115142
v 0.007427063 -0.02351654 0.1281024
v 0.01210175 -0.01366791 0.1345027
v 0.01494171 -0.006740417 0.1373467
v 0.01575287 3.967285E-06 0.138902
v -0.02033844 -0.03481598 0.1080609
v -0.003371277 -0.02996429 0.1219561
v 0.005848083 -0.01863861 0.1332435
v 0.01143158 -0.01292145 0.1358794
v 0.01437469 -0.006487121 0.1389036
v 0.01531403 3.967285E-06 0.1405303
v -0.01793854 -0.03067291 0.1151602
v -0.002799377 -0.02459259 0.1281157
v 0.0054776 -0.0174942 0.1345113
v 0.0108902 -0.01231842 0.1373522
v 0.01397308 -0.006307678 0.1405321
v 0.01505402 3.967285E-06 0.142218
v -0.01528717 -0.02609405 0.1219715
v -0.002257385 -0.01949127 0.1332541
v 0.005168762 -0.01653839 0.1358874
v 0.01047516 -0.01185638 0.1389087
v 0.01373566 -0.006200867 0.1422196
v 0.01496429 3.967285E-06 0.1439524
v -0.01257965 -0.02141754 0.1281285
v -0.002129822 -0.01829498 0.1345211
v 0.004919739 -0.0157663 0.1373597
v 0.01018219 -0.01152802 0.1405371
v 0.01365448 -0.006163635 0.1439544
v 0.01495697 3.967285E-06 0.1863594
v -0.01000885 -0.01697479 0.133264
v -0.002023621 -0.01729462 0.1358969
v 0.004729309 -0.01517425 0.1389161
v 0.01000824 -0.0113327 0.1422244
v 0.01365265 -0.006138611 0.186361
v 0.01509247 3.967285E-06 0.1866459
v -0.009405822 -0.01593231 0.1345305
v -0.001937561 -0.01648834 0.1373689
v 0.004595031 -0.01475555 0.1405441
v 0.009949646 -0.01126495 0.1439591
v -0.008901672 -0.01506195 0.1359056
v -0.001869202 -0.01586884 0.1389247
v 0.004515686 -0.01450531 0.1422317
v -0.008493957 -0.01435883 0.1373773
v -0.001821594 -0.01543121 0.1405525
v -0.008180847 -0.01381988 0.1389328
v 0.009962463 -0.01121857 0.1863657
v 0.004489441 -0.01441864 0.1439661
v -0.001792297 -0.01516876 0.1422398
v -0.007958679 -0.0134378 0.1405604
v 0.01377594 -0.006192932 0.1866474
v 0.01049591 -0.004731751 0.1885976
v 0.01150116 2.746582E-06 0.1885963
v 0.01146149 2.746582E-06 0.1886879
v 0.01045929 -0.004715881 0.1886892
v 0.007650451 -0.008648376 0.1886013
v 0.007624207 -0.008619079 0.188693
v 0.0100528 -0.01131866 0.1866523
v 0.003458557 -0.01106964 0.1886066
v 0.00344635 -0.01103241 0.1886983
v 0.004525451 -0.01435944 0.1863728
v -0.001780701 -0.01507904 0.1439742
v 0.004567566 -0.014487 0.1866595
v -0.001355286 -0.01157684 0.188613
v -0.001351013 -0.01153717 0.1887046
v -0.001719055 -0.01501617 0.1863809
v -0.007825012 -0.01320953 0.1422475
v -0.001732483 -0.01514984 0.1866676
v -0.005959167 -0.01008148 0.1886189
v -0.005939026 -0.0100473 0.1887104
v -0.007776794 -0.0131308 0.1439819
v -0.007691345 -0.01307648 0.1863887
v -0.007757263 -0.01319305 0.1866753
v -0.009557189 -0.006843567 0.1886236
v -0.009524841 -0.006819763 0.1887152
v -0.01152679 -0.00242157 0.1886261
v -0.01148773 -0.002413025 0.1887176
v -0.01246613 -0.008955994 0.1866815
v -0.01235809 -0.008876038 0.1863946
v -0.01246368 -0.008913269 0.1439881
v -0.01253937 -0.00896637 0.1422536
v -0.01152802 0.002420349 0.1886261
v -0.01148834 0.002411804 0.1887176
v -0.01504425 -0.00316864 0.1866848
v -0.01491302 -0.003140564 0.186398
v -0.01502838 -0.003153381 0.1439914
v -0.009559631 0.006842346 0.1886236
v -0.009527283 0.006819153 0.1887152
v -0.01504486 0.003166199 0.1866848
v -0.01491364 0.003138122 0.186398
v -0.005962219 0.0100827 0.188619
v -0.005942077 0.01004791 0.1887106
v -0.01246857 0.008954163 0.1866815
v -0.001359558 0.01157928 0.188613
v -0.001355286 0.01153961 0.1887046
v -0.01511993 -0.003172913 0.142257
v -0.01503021 0.00315094 0.1439914
v -0.01236053 0.008874817 0.1863945
v -0.007761536 0.01319427 0.1866754
v 0.003455505 0.0110733 0.1886068
v 0.003443298 0.01103546 0.1886985
v -0.01512115 0.003170471 0.142257
v -0.01246674 0.008911437 0.1439879
v -0.007695007 0.01307709 0.1863886
v -0.001737366 0.01515167 0.1866676
v 0.00764862 0.00865387 0.1886013
v 0.007621765 0.008624572 0.188693
v -0.01254242 0.00896576 0.1422538
v -0.007781677 0.01313202 0.143982
v -0.001723938 0.01501861 0.186381
v 0.004563293 0.01449066 0.1866595
v 0.01049408 0.004738464 0.1885978
v 0.01045807 0.004721985 0.1886893
v -0.007829284 0.01321014 0.1422475
v -0.001784973 0.01508026 0.1439742
v 0.004520569 0.01436371 0.1863728
v 0.01004913 0.01132477 0.1866523
v 0.01150116 2.746582E-06 0.1885963
v 0.01146149 2.746582E-06 0.1886879
v 0.0137735 0.006199646 0.1866474
v 0.01509247 3.967285E-06 0.1866459
v 0.01495697 3.967285E-06 0.1863594
v 0.01365021 0.006145325 0.186361
v 0.01496429 3.967285E-06 0.1439524
v 0.009958801 0.01122406 0.1863657
v 0.01365326 0.006170349 0.1439542
v 0.01505402 3.967285E-06 0.142218
v 0.009946594 0.01127106 0.1439589
v 0.01373383 0.00620758 0.1422195
v 0.01531403 3.967285E-06 0.1405303
v 0.004485168 0.0144223 0.1439663
v 0.01397186 0.006315002 0.1405319
v 0.01575287 3.967285E-06 0.138902
v 0.01000458 0.0113382 0.1422245
v 0.004511414 0.01450897 0.1422316
v 0.01437286 0.006493835 0.1389038
v 0.0163736 3.967285E-06 0.1373451
v 0.01017853 0.01153412 0.1405368
v -0.00179718 0.0151712 0.1422396
v 0.01493927 0.006747742 0.1373468
v 0.01718353 3.967285E-06 0.1358718
v 0.0104715 0.01186188 0.1389088
v 0.004589539 0.01475922 0.1405441
v -0.001827087 0.01543304 0.1405525
v 0.01567901 0.007077942 0.1358738
v 0.01818634 4.577636E-06 0.1344948
v 0.01088654 0.01232452 0.1373522
v 0.004723816 0.01517853 0.1389163
v -0.007962951 0.0134378 0.1405604
v 0.01659454 0.007486267 0.134497
v 0.01938934 4.577636E-06 0.133226
v 0.0114267 0.01292755 0.1358794
v 0.004914856 0.01577118 0.1373599
v -0.001875305 0.01587067 0.1389247
v -0.01275726 0.009120178 0.1405668
v 0.01769318 0.007976989 0.1332283
v 0.02451141 5.79834E-06 0.1280804
v 0.01209747 0.01367462 0.1345025
v 0.005163269 0.01654266 0.1358875
v -0.001942444 0.01649078 0.1373687
v -0.008185119 0.01381927 0.1389328
v -0.01538055 0.003224792 0.14057
v 0.02237152 0.01006317 0.1280833
v 0.02990387 6.408691E-06 0.121913
v 0.01290131 0.0145694 0.1332344
v 0.005471496 0.01749908 0.1345114
v -0.002028503 0.01729767 0.1358967
v -0.00849884 0.01435883 0.1373773
v -0.01311554 0.009378967 0.1389392
v 0.02729767 0.01226105 0.1219165
v 0.03518036 7.019043E-06 0.1150915
v 0.01632599 0.01838165 0.128091
v 0.00584198 0.01864349 0.1332437
v -0.002135925 0.01829681 0.1345211
v -0.008906555 0.01506134 0.1359057
v -0.01362213 0.009745178 0.1373839
v 0.03211639 0.01441193 0.1150953
v 0.03995575 7.629395E-06 0.1079829
v 0.01993134 0.02239593 0.1219258
v 0.007419738 0.02352203 0.1281025
v -0.002264099 0.01949371 0.1332541
v -0.009411315 0.0159317 0.1345304
v 0.03647735 0.01635834 0.1079874
v 0.04384186 8.239746E-06 0.100955
v 0.02345856 0.02632477 0.1151067
v 0.009079895 0.02865875 0.12194
v -0.002807312 0.02459442 0.1281155
v 0.04002716 0.01794281 0.1009599
v 0.04645477 9.460449E-06 0.09437473
v 0.02664948 0.02988007 0.1080001
v 0.01070282 0.03368561 0.1151232
v 0.04241242 0.0190097 0.09438
v 0.04740692 9.460449E-06 0.08860981
v 0.02924713 0.03277557 0.1009738
v 0.04328156 0.01939972 0.08861515
v 0.04842804 9.460449E-06 -0.1628958
v -0.01001434 0.01697418 0.1332641
v -0.003380432 0.02996613 0.1219561
v 0.01217194 0.03823578 0.1080189
v 0.03099152 0.03472381 0.0943948
v 0.0441867 0.01994781 -0.1628902
v 0.04861603 9.460449E-06 -0.1637943
v -0.01258636 0.02141571 0.1281284
v -0.003942566 0.03522247 0.115142
v 0.01336639 0.04194122 0.1009944
v 0.03162628 0.0354367 0.08863025
v 0.04435882 0.02002533 -0.1637888
v 0.04910431 9.460449E-06 -0.1651553
v -0.01529572 0.02609283 0.1219715
v -0.00445282 0.03998016 0.1080404
v 0.01416656 0.0444339 0.09441662
v 0.03220184 0.03643768 -0.1628747
v 0.04480438 0.0202243 -0.1651496
v 0.04977264 1.00708E-05 -0.1667846
v -0.01794769 0.03066986 0.1151602
v -0.0048703 0.04385467 0.101018
v 0.01445587 0.04534637 0.08865253
v 0.03232696 0.03657928 -0.1637731
v 0.04541412 0.02049774 -0.166779
v 0.05050018 1.00708E-05 -0.168488
v -0.02035004 0.03481232 0.1080609
v -0.005152893 0.04646149 0.09444164
v 0.0145462 0.04662811 -0.1628518
v 0.0326535 0.03694305 -0.1651339
v 0.04607879 0.02079376 -0.1684822
v 0.05116913 1.00708E-05 -0.1700711
v -0.02230804 0.03818512 0.1010407
v -0.005260925 0.04741608 0.08867809
v 0.01460358 0.04680816 -0.1637501
v 0.03310028 0.0374411 -0.166763
v 0.04668976 0.0210672 -0.1700653
v 0.05165863 1.00708E-05 -0.1713398
v -0.02362701 0.04045563 0.0944656
v -0.005727234 0.04875519 -0.1628255
v 0.01475311 0.04727386 -0.1651107
v 0.03358612 0.03798431 -0.168466
v 0.04713714 0.0212674 -0.1713339
v 0.05184967 1.00708E-05 -0.1720995
v -0.02411407 0.0412857 0.08870251
v -0.005748596 0.04894378 -0.1637238
v 0.01495819 0.04791107 -0.1667394
v 0.0340329 0.03848236 -0.1700491
v 0.04731109 0.02134552 -0.1720936
v 0.05176788 1.00708E-05 -0.1745671
v -0.02511322 0.0424527 -0.1628005
v -0.005801086 0.04943085 -0.1650841
v 0.01518158 0.04860565 -0.1684422
v 0.03436005 0.03884735 -0.1713172
v 0.04723602 0.02131256 -0.1745614
v 0.05143158 1.00708E-05 -0.1772583
v -0.02520966 0.04261688 -0.1636985
v -0.005873108 0.05009735 -0.1667125
v 0.01538666 0.04924408 -0.1700248
v 0.03448639 0.03899017 -0.1720771
v 0.04692841 0.02117767 -0.1772526
v 0.05072906 1.00708E-05 -0.1799487
v -0.02545685 0.04304169 -0.1650586
v -0.005952454 0.05082367 -0.1684148
v 0.0155368 0.049711 -0.1712928
v 0.03443146 0.03893158 -0.1745447
v 0.04628631 0.02089325 -0.1799428
v 0.04954864 1.00708E-05 -0.1824129
v -0.02579376 0.04362152 -0.1666867
v -0.006025085 0.05149078 -0.169997
v 0.01559479 0.04989349 -0.1720527
v 0.03420502 0.03868439 -0.1772361
v 0.04520782 0.02041473 -0.1824075
v 0.04777801 9.460449E-06 -0.184427
v -0.02616119 0.04425384 -0.1683886
v -0.006077575 0.05197906 -0.171265
v 0.01556671 0.04981903 -0.1745203
v 0.03373383 0.03816437 -0.1799265
v 0.04358978 0.01969513 -0.1844216
v 0.04530609 9.460449E-06 -0.185766
v 0.0413327 0.01868988 -0.1857608
v 0.03294342 0.03728912 -0.1823915
v 0.03175751 0.03597565 -0.1844062
v 0.03010406 0.0341391 -0.1857461
v 0.01546112 0.04950165 -0.1772119
v -0.006098938 0.05217011 -0.1720244
v 0.01524139 0.04883697 -0.1799026
v 0.01432587 0.04603607 -0.1843837
v 0.01356171 0.04368683 -0.1857247
v 0.01487518 0.04771698 -0.1823681
v -0.006094055 0.05209137 -0.1744922
v -0.005690613 0.04813629 -0.1843578
v -0.005433044 0.04568024 -0.1857002
v -0.006062317 0.05176117 -0.1771839
v -0.005872497 0.04989471 -0.1823412
v -0.005992737 0.05106537 -0.1798751
v -0.02483063 0.04191376 -0.184333
v -0.0235965 0.03977508 -0.1856766
v -0.02571137 0.04344452 -0.1823156
v -0.02629791 0.04446442 -0.1798488
v -0.02664337 0.0450705 -0.1771572
v -0.02680694 0.04535797 -0.1744654
v -0.03978485 0.02844452 -0.1843136
v -0.03778839 0.0269931 -0.1856582
v -0.04121246 0.02948334 -0.1822956
v -0.04216217 0.03017548 -0.1798283
v -0.0427243 0.03058685 -0.1771365
v -0.04796783 0.01005768 -0.1843031
v -0.04969513 0.0104245 -0.1822846
v -0.04969086 -0.01043732 -0.1822845
v -0.05084259 0.01066864 -0.1798171
v -0.0421524 -0.03018524 -0.1798283
v -0.05083954 -0.01068207 -0.1798171
v -0.04271454 -0.03059723 -0.1771365
v -0.05152313 0.01081329 -0.1771251
v -0.05152008 -0.01082733 -0.1771251
v -0.04298004 -0.03079193 -0.1744445
v -0.05184174 -0.01089691 -0.1744329
v -0.04304047 -0.03083832 -0.1719767
v -0.05184479 0.01088226 -0.1744329
v -0.0519162 -0.01091339 -0.1719652
v -0.04288422 -0.03072601 -0.1712173
v -0.04298981 0.03078155 -0.1744445
v -0.05191925 0.01089935 -0.1719652
v -0.05172699 -0.0108725 -0.1712059
v -0.04248565 -0.03043671 -0.1699498
v -0.04305023 0.03082794 -0.1719766
v -0.05173065 0.01085968 -0.1712059
v -0.05124542 -0.01077118 -0.1699385
v -0.04194061 -0.03004242 -0.1683683
v -0.02684357 0.04542633 -0.1719976
v -0.04289398 0.03071564 -0.1712172
v -0.02674591 0.0452597 -0.1712382
v -0.05124847 0.01075714 -0.1699385
v -0.05058685 -0.01063202 -0.168357
v -0.04134735 -0.02961395 -0.1666666
v -0.02649872 0.0448349 -0.1699704
v -0.04249481 0.03042633 -0.1699498
v -0.0505899 0.01061798 -0.168357
v -0.04194977 0.03003265 -0.1683682
v -0.0498703 -0.01048004 -0.1666556
v -0.04080414 -0.02921966 -0.1650389
v -0.04135711 0.02960297 -0.1666666
v -0.04987396 0.01046661 -0.1666556
v -0.04921295 -0.01033966 -0.165028
v -0.04040558 -0.02893158 -0.163679
v -0.04081268 0.0292099 -0.1650389
v -0.04921661 0.01032684 -0.165028
v -0.04873199 -0.01023834 -0.1636682
v -0.04025116 -0.02881989 -0.162781
v -0.04041473 0.0289212 -0.1636789
v -0.04873504 0.01022553 -0.1636682
v -0.04854523 -0.01019867 -0.1627701
v -0.03883575 -0.02802887 0.0887215
v -0.04026031 0.02881012 -0.162781
v -0.04854828 0.01018646 -0.1627701
v -0.04690216 -0.009918517 0.08873195
v -0.03805206 -0.02746429 0.09448414
v -0.03884491 0.02801849 0.0887215
v -0.04690582 0.009905701 0.08873203
v -0.04595612 -0.009718933 0.09449436
v -0.03592316 -0.02592316 0.1010582
v -0.03806061 0.02745453 0.09448437
v -0.04595917 0.009706726 0.09449451
v -0.0433847 -0.009173889 0.1010679
v -0.03276275 -0.02363251 0.108077
v -0.0359317 0.025914 0.1010582
v -0.04338653 0.009162903 0.1010679
v -0.0395639 -0.008363342 0.1080859
v -0.02888397 -0.02082001 0.1151744
v -0.03277069 0.02362518 0.108077
v -0.03956696 0.008352966 0.108086
v -0.0348764 -0.007367248 0.1151821
v -0.0245993 -0.01771271 0.1219836
v -0.02889069 0.0208139 0.1151744
v -0.03487824 0.007358703 0.1151821
v -0.02969696 -0.006268615 0.1219902
v -0.02022247 -0.01453766 0.1281382
v -0.0246048 0.01770721 0.1219838
v -0.02969879 0.006261291 0.1219902
v -0.02440704 -0.005144348 0.1281437
v -0.01606659 -0.01152252 0.1332718
v -0.02022736 0.014534 0.1281382
v -0.02440826 0.005138855 0.1281437
v -0.01938385 -0.004077454 0.1332762
v -0.01509186 -0.01081451 0.1345379
v -0.01607025 0.01152008 0.133272
v -0.01938446 0.004073181 0.1332762
v -0.01820404 -0.003826599 0.134542
v -0.01427704 -0.01022308 0.1359127
v -0.01509491 0.01081207 0.1345378
v -0.01820526 0.003822937 0.134542
v -0.01721893 -0.003617248 0.1359165
v -0.01361847 -0.009747009 0.1373839
v -0.01428009 0.01022125 0.1359127
v -0.01722076 0.003614197 0.1359165
v -0.01642426 -0.003448791 0.1373874
v -0.01311249 -0.009380798 0.1389394
v -0.01642548 0.00344574 0.1373874
v -0.01581146 -0.003318787 0.1389428
v -0.01275482 -0.009121398 0.1405666
v -0.01581329 0.003316955 0.1389428
v -0.01537994 -0.003227844 0.14057
v 0.04870941 9.460449E-06 -0.1877185
v 0.03811859 0.01725677 -0.1892935
v 0.04178802 8.239746E-06 -0.1892935
v 0.04444061 0.02007538 -0.187713
v 0.05249542 1.00708E-05 -0.1838892
v 0.02775116 0.03152374 -0.1892935
v 0.04790008 0.02161468 -0.1838833
v 0.0547641 1.00708E-05 -0.1794396
v 0.03237946 0.03667084 -0.1876976
v 0.0124765 0.04033844 -0.1892935
v 0.04997284 0.02253509 -0.1794336
v 0.05642242 1.00708E-05 -0.1745682
v 0.03491363 0.03948028 -0.1838665
v 0.0146109 0.04692596 -0.1876744
v -0.005062561 0.04217926 -0.1892935
v -0.005792541 0.04906708 -0.187648
v -0.02183502 0.03672699 -0.1892935
v 0.015784 0.05052155 -0.1838416
v 0.03643341 0.04116241 -0.1794158
v 0.05148712 0.02321197 -0.1745618
v -0.02530182 0.0427243 -0.1876228
v -0.03493866 0.02492462 -0.1892935
v -0.006183777 0.05282684 -0.1838132
v 0.01648895 0.05267303 -0.1793899
v -0.04054596 0.02899384 -0.187603
v -0.04210846 0.008811951 -0.1892935
v -0.02718841 0.04599762 -0.1837861
v -0.04888702 0.01025116 -0.1875923
v -0.04210541 -0.008823548 -0.1892935
v 0.05138885 0.02316803 -0.1741902
v 0.056315 1.00708E-05 -0.1741965
v 0.0375412 0.0423996 -0.1745437
v -0.00641449 0.05507721 -0.1793604
v -0.04360016 0.03121612 -0.1837648
v -0.04888397 -0.01026398 -0.1875923
v -0.0349295 -0.02493317 -0.1892935
v 0.03746979 0.04232025 -0.174172
v 0.04739593 0.02137848 -0.1626748
v 0.05194183 1.00708E-05 -0.1626807
v 0.05198456 1.00708E-05 -0.1297915
v 0.03455231 0.03904938 -0.1626583
v 0.04743927 0.02137787 -0.1297855
v -0.05258148 0.01103668 -0.1837531
v -0.04053619 -0.02900421 -0.187603
v -0.02182159 -0.03673065 -0.1892935
v 0.04767914 0.02137726 0.05592754
v 0.05222442 1.00708E-05 0.05592136
v 0.05226776 1.00708E-05 0.08881069
v 0.04772186 0.02137726 0.08881664
v 0.05115204 1.00708E-05 0.09467899
v 0.03483551 0.03904938 0.05594395
v 0.0467038 0.02092071 0.09468479
v 0.04811615 9.460449E-06 0.1013298
v -0.05257721 -0.01105072 -0.1837532
v -0.02528839 -0.04272919 -0.1876228
v -0.005049744 -0.04217865 -0.1892935
v 0.03459564 0.03904938 -0.1297689
v 0.03487885 0.03904938 0.08883327
v 0.04393158 0.0196817 0.1013352
v 0.04094391 8.239746E-06 0.1119716
v -0.04358978 -0.03122711 -0.1837649
v -0.005776672 -0.04906585 -0.187648
v 0.01248932 -0.04033295 -0.1892935
v 0.01563141 0.04996918 -0.1626337
v 0.03413483 0.03821442 0.09470112
v -0.02717377 -0.04600494 -0.1837862
v 0.01462616 -0.04691742 -0.1876745
v 0.02776092 -0.03151214 -0.1892935
v 0.01696442 0.05415436 -0.1741454
v -0.006166687 -0.05282623 -0.1838133
v 0.03239105 -0.03665741 -0.1876976
v 0.0381247 -0.01724213 -0.1892935
v 0.01699677 0.0542569 -0.1745169
v 0.01579987 -0.05051361 -0.1838417
v 0.04444671 -0.02005768 -0.187713
v 0.04178802 8.239746E-06 -0.1892935
v 0.04870941 9.460449E-06 -0.1877185
v 0.03492645 -0.03946625 -0.1838665
v 0.0479068 -0.02159637 -0.1838833
v 0.05249542 1.00708E-05 -0.1838892
v 0.04997955 -0.02251556 -0.1794336
v 0.0547641 1.00708E-05 -0.1794396
v 0.03644684 -0.04114776 -0.1794159
v 0.01650543 -0.0526651 -0.1793901
v -0.00639679 -0.0550766 -0.1793603
v 0.05149445 -0.02319183 -0.1745618
v 0.05642242 1.00708E-05 -0.1745682
v 0.056315 1.00708E-05 -0.1741965
v 0.03755524 -0.04238556 -0.1745437
v 0.05139618 -0.02314789 -0.1741902
v 0.05194183 1.00708E-05 -0.1626807
v 0.01701446 -0.05424835 -0.1745172
v 0.03748322 -0.0423056 -0.1741721
v 0.04740326 -0.02135956 -0.162675
v -0.006576233 -0.05673187 -0.1744866
v 0.01698151 -0.05414642 -0.1741456
v 0.04744598 -0.02135956 -0.1297855
v 0.05198456 1.00708E-05 -0.1297915
v 0.05222442 1.00708E-05 0.05592136
v 0.03456512 -0.03903534 -0.1626585
v 0.03460785 -0.03903534 -0.1297691
v 0.04768646 -0.02135956 0.05592739
v 0.0477298 -0.02135956 0.08881656
v 0.05226776 1.00708E-05 0.08881069
v 0.0467099 -0.02090302 0.09468479
v 0.05115204 1.00708E-05 0.09467899
v 0.04393768 -0.01966522 0.1013352
v 0.04811615 9.460449E-06 0.1013298
v 0.03738556 -0.01674286 0.1119764
v 0.04094391 8.239746E-06 0.1119716
v 0.02955597 -0.01325226 0.1223845
v 0.03237152 7.019043E-06 0.1223808
v 0.02422638 -0.01087738 0.1285688
v 0.02653717 6.408691E-06 0.1285658
v 0.01883209 -0.008473205 0.1343447
v 0.02063263 5.187988E-06 0.1343425
v 0.01693573 -0.007627869 0.1369704
v 0.01855682 4.577636E-06 0.1369683
v 0.01563324 -0.007046814 0.1399325
v 0.01713104 3.967285E-06 0.1399305
v 0.01503509 -0.006778259 0.1431342
v 0.01647491 3.967285E-06 0.1431324
v 0.01474579 -0.006625061 0.1868888
v 0.01615326 3.967285E-06 0.186887
v 0.01465973 -0.006585998 0.1870999
v 0.01605926 3.967285E-06 0.1870981
v 0.01289398 -0.005799866 0.1887303
v 0.0141275 3.356934E-06 0.188729
v 0.01176178 3.356934E-06 0.1892627
v 0.01235077 -0.01394012 0.1369763
v 0.01139801 -0.01287872 0.1399379
v 0.01096039 -0.012388 0.1431394
v 0.01076446 -0.01210724 0.1868939
v 0.01070038 -0.01203705 0.1871049
v 0.009406433 -0.01059967 0.1887351
v 0.01073395 -0.004837952 0.1892642
v 0.01373932 -0.01548614 0.1343513
v 0.01064972 -0.00480011 0.1892251
v 0.01166901 3.356934E-06 0.1892235
v 0.01146149 2.746582E-06 0.1886879
v 0.01045929 -0.004715881 0.1886892
v 0.007764587 -0.008773498 0.1892289
v 0.007624207 -0.008619079 0.188693
v 0.007826232 -0.008841857 0.1892681
v 0.003511047 -0.01122833 0.1892343
v 0.00344635 -0.01103241 0.1886983
v 0.004272766 -0.01356476 0.188742
v 0.003539734 -0.01131622 0.1892736
v -0.001371765 -0.01174347 0.1892407
v -0.001351013 -0.01153717 0.1887046
v 0.004867248 -0.01540619 0.1871126
v -0.001628113 -0.01418732 0.18875
v -0.001381531 -0.01183502 0.18928
v -0.006042175 -0.01022614 0.1892466
v -0.005939026 -0.0100473 0.1887104
v 0.004895325 -0.01549652 0.1869017
v -0.00183197 -0.01611176 0.1871212
v -0.007270813 -0.01235321 0.1887558
v -0.006088562 -0.01030609 0.1892858
v -0.009691468 -0.006941223 0.1892512
v -0.009524841 -0.006819763 0.1887152
v 0.00495636 -0.01585541 0.1431472
v -0.001842957 -0.01620575 0.1869103
v -0.008240051 -0.01403046 0.1871295
v -0.01167938 -0.008385315 0.1887617
v -0.00976654 -0.006995544 0.1892907
v -0.01168976 -0.002455139 0.1892541
v -0.01148773 -0.002413025 0.1887176
v 0.005155945 -0.01648285 0.139946
v -0.001938782 -0.01658173 0.1431561
v -0.008288269 -0.01411285 0.1869188
v -0.01324676 -0.009523621 0.187136
v -0.01409393 -0.002964783 0.188767
v -0.01177948 -0.00247406 0.1892935
v -0.01169098 0.002454529 0.1892539
v -0.01148834 0.002411804 0.1887176
v 0.005594788 -0.01784271 0.136985
v -0.002012634 -0.01723785 0.1399551
v -0.008533631 -0.01444 0.1431647
v -0.01332428 -0.009579162 0.1869255
v -0.01598907 -0.003369446 0.1871395
v -0.01409576 0.002964172 0.1887673
v -0.0117807 0.00247345 0.1892933
v -0.009693909 0.006940613 0.1892514
v -0.009527283 0.006819153 0.1887152
v -0.006045227 0.01022736 0.1892466
v -0.005942077 0.01004791 0.1887106
v -0.009768371 0.006994934 0.1892907
v -0.01168365 0.008384094 0.1887626
v -0.01598969 0.003367004 0.1871397
v -0.01608185 -0.003389587 0.1869286
v -0.001376038 0.0117453 0.1892405
v -0.001355286 0.01153961 0.1887046
v -0.006091614 0.01030731 0.189286
v -0.007276916 0.01235321 0.1887564
v -0.01325104 0.009521789 0.1871362
v 0.003507996 0.0112326 0.1892343
v 0.003443298 0.01103546 0.1886985
v -0.001385803 0.01183685 0.1892798
v -0.001636658 0.01418915 0.1887501
v 0.007761536 0.008778381 0.1892288
v 0.007621765 0.008624572 0.188693
v 0.003536682 0.0113205 0.1892736
v 0.01064789 0.004806213 0.189225
v 0.01045807 0.004721985 0.1886893
v -0.01608185 0.003386536 0.1869287
v -0.008245545 0.01403046 0.1871298
v 0.004266052 0.01356903 0.1887417
v 0.007823181 0.00884674 0.1892681
v 0.01166901 3.356934E-06 0.1892235
v 0.01146149 2.746582E-06 0.1886879
v 0.01073151 0.004844055 0.1892642
v 0.01176178 3.356934E-06 0.1892627
v 0.0141275 3.356934E-06 0.188729
v 0.009404602 0.01060333 0.188736
v 0.01289215 0.005809631 0.1887326
v -0.001838684 0.01611359 0.1871214
v 0.0146579 0.006593933 0.1871001
v 0.01605926 3.967285E-06 0.1870981
v 0.01069733 0.01204254 0.1871051
v 0.004861755 0.01541046 0.1871126
v 0.01474335 0.006631775 0.186889
v 0.01615326 3.967285E-06 0.186887
v 0.01076019 0.01211334 0.1868941
v 0.004891052 0.01550079 0.1869017
v -0.001847839 0.01620758 0.1869104
v -0.008292541 0.01411346 0.1869189
v 0.01503265 0.006786194 0.1431342
v 0.01647491 3.967285E-06 0.1431324
v 0.01095673 0.01239471 0.1431395
v 0.004950867 0.01585968 0.1431472
v -0.001944885 0.01658356 0.1431564
v 0.01563141 0.007054138 0.1399325
v 0.01713104 3.967285E-06 0.1399305
v 0.01139374 0.01288483 0.139938
v 0.005150451 0.01648712 0.1399459
v 0.01693329 0.007635192 0.1369705
v 0.01855682 4.577636E-06 0.1369683
v 0.01234589 0.01394684 0.1369762
v 0.01882965 0.00848236 0.1343447
v 0.02063263 5.187988E-06 0.1343425
v -0.008538513 0.01444 0.1431647
v -0.002017517 0.01723908 0.1399554
v 0.005588074 0.01784698 0.136985
v 0.01373383 0.01549286 0.1343515
v 0.02422272 0.01088715 0.128569
v 0.02653717 6.408691E-06 0.1285658
v -0.008872375 0.01501129 0.1399642
v -0.002171326 0.0186618 0.1369952
v 0.006227722 0.01982452 0.1343611
v 0.01768158 0.01988739 0.1285775
v 0.0295517 0.01326447 0.1223845
v 0.03237152 7.019043E-06 0.1223808
v -0.009590759 0.01624908 0.1370047
v -0.002392273 0.02072967 0.1343722
v 0.008045349 0.02544891 0.1285899
v 0.02158234 0.02423004 0.1223949
v 0.03738007 0.01675812 0.1119763
v 0.02731293 0.03061066 0.1119893
v 0.03210663 0.03595184 0.1013505
v 0.009842834 0.03100433 0.12241
v -0.003019104 0.02661041 0.1286042
v 0.01248077 0.03917145 0.1120087
v 0.01468597 0.04600555 0.1013731
v 0.01561798 0.04890045 0.09472515
v -0.003638 0.03241974 0.1224276
v -0.004551086 0.04095795 0.1120307
v -0.005317078 0.04810577 0.1013989
v 0.01595795 0.04996918 0.08885792
v -0.005643615 0.05113251 0.09475269
v 0.01591522 0.04996918 0.05596859
v -0.005768738 0.05224945 0.08888584
v -0.005811462 0.05224945 0.05599666
v 0.01567413 0.04996918 -0.1297445
v -0.006095276 0.05224945 -0.1626056
v -0.006052551 0.05224945 -0.1297163
v -0.02658722 0.0454953 0.05602367
v -0.02654449 0.0454953 0.08891293
v -0.006582337 0.05662506 -0.1741151
v -0.02687103 0.04549591 -0.1625786
v -0.02682831 0.04549591 -0.1296894
v -0.006593933 0.05673187 -0.1744866
v -0.02909881 0.04930573 -0.1740859
v -0.02831451 0.04795685 -0.1793321
v -0.02915253 0.04939911 -0.1744574
v -0.04542572 0.03254608 -0.1793099
v -0.04310272 0.03087494 -0.1625577
v -0.04281952 0.03087494 0.05604465
v -0.04669037 0.03346039 -0.1740631
v -0.05198578 0.01091583 -0.1625462
v -0.04306 0.03087494 -0.1296685
v -0.04677765 0.03352387 -0.1744345
v -0.05478912 0.01150665 -0.1792977
v -0.05631683 0.01183014 -0.1740506
v -0.05478485 -0.0115213 -0.1792977
v -0.05642242 0.01185272 -0.174422
v -0.04541534 -0.03255768 -0.1793099
v -0.05631317 -0.01184479 -0.1740507
v -0.05641815 -0.01186737 -0.1744221
v -0.02829864 -0.04796417 -0.1793322
v -0.04676727 -0.03353546 -0.1744346
v -0.02913605 -0.0494046 -0.1744575
v -0.04667938 -0.03347259 -0.1740631
v -0.02908234 -0.04931183 -0.174086
v -0.006564636 -0.05662506 -0.1741151
v 0.01564728 -0.04996124 -0.1626338
v -0.006078186 -0.05224823 -0.1626056
v -0.02685638 -0.04550079 -0.1625788
v -0.04309295 -0.03088531 -0.1625577
v 0.01569061 -0.04996124 -0.1297445
v -0.006035461 -0.05224823 -0.1297163
v -0.02681305 -0.04550079 -0.1296895
v 0.03484833 -0.03903534 0.05594417
v 0.01593109 -0.04996185 0.05596844
v 0.03489105 -0.03903534 0.0888332
v -0.05198212 -0.01092987 -0.1625462
v -0.04305084 -0.03088531 -0.1296684
v -0.05193878 -0.01092987 -0.129657
v -0.005794983 -0.05224884 0.05599666
v 0.01597382 -0.04996185 0.08885776
v 0.03414703 -0.03820038 0.09470112
v -0.02657257 -0.04550079 0.05602352
v -0.005752258 -0.05224884 0.08888584
v 0.01563446 -0.04889313 0.09472515
v 0.03211822 -0.03593903 0.1013504
v -0.04280975 -0.03088531 0.05604458
v -0.02652984 -0.04550079 0.08891293
v -0.005627746 -0.05113067 0.09475246
v 0.01470184 -0.04599823 0.1013729
v 0.02732269 -0.03059967 0.1119892
v -0.04276703 -0.03088531 0.08893383
v -0.02596161 -0.04452789 0.09477886
v -0.005301819 -0.04810333 0.101399
v 0.01249298 -0.03916473 0.1120085
v 0.02159027 -0.02421967 0.1223949
v -0.04185028 -0.03022552 0.09479946
v -0.02443146 -0.04189239 0.1014237
v -0.004537659 -0.04095672 0.1120307
v 0.0098526 -0.03099884 0.1224099
v 0.01768829 -0.01987885 0.1285772
v 0.008053894 -0.02544281 0.1285899
v 0.006233825 -0.01982025 0.1343611
v -0.003627624 -0.03241791 0.1224276
v -0.02082489 -0.03566681 0.1120517
v -0.003009949 -0.02660797 0.1286044
v -0.002165833 -0.01865936 0.1369952
v -0.002386169 -0.02072784 0.1343724
v -0.01651947 -0.02823151 0.1224442
v -0.008867493 -0.0150119 0.1399643
v -0.01359222 -0.02317169 0.1286178
v -0.009585876 -0.01624969 0.1370047
v -0.01062897 -0.01805145 0.1343829
v -0.01368683 -0.009801941 0.1431714
v -0.01422455 -0.01019012 0.1399712
v -0.01650848 -0.003467712 0.1431752
v -0.01538422 -0.01102936 0.1370122
v -0.01707062 -0.0122525 0.1343914
v -0.0171579 -0.003605652 0.1399749
v -0.01650909 0.003465271 0.143175
v -0.01855987 -0.003902893 0.1370163
v -0.02186066 -0.01572846 0.1286286
v -0.01332733 0.009577942 0.1869253
v -0.01368988 0.00980011 0.1431714
v -0.01715851 0.00360321 0.1399749
v -0.01422882 0.01018768 0.1399712
v -0.01856049 0.003899231 0.1370163
v -0.01538788 0.01102753 0.1370121
v -0.02059723 -0.004335632 0.1343959
v -0.02059845 0.00433136 0.1343959
v -0.01707489 0.01224945 0.1343913
v -0.02638702 -0.005565491 0.1286344
v -0.01063446 0.01805023 0.134383
v -0.02638946 0.005559387 0.1286344
v -0.02659454 -0.01916351 0.1224573
v -0.01359894 0.02316986 0.1286179
v -0.02186554 0.01572418 0.1286287
v -0.03210968 -0.006781311 0.1224643
v -0.03355255 -0.02421051 0.1120681
v -0.01652863 0.02822907 0.1224443
v -0.02660065 0.01915741 0.1224573
v -0.03211212 0.006773376 0.1224643
v -0.04052093 -0.00856781 0.1120772
v -0.03938019 -0.02843536 0.101443
v -0.02083649 0.03566376 0.1120517
v -0.03356048 0.02420258 0.1120681
v -0.04052399 0.008556823 0.1120772
v -0.04756439 -0.01006317 0.1014537
v -0.02444427 0.0418869 0.1014238
v -0.03938934 0.0284256 0.1014431
v -0.04756683 0.01005035 0.1014537
v -0.05054962 -0.01069611 0.09481067
v -0.02597565 0.04452301 0.09477893
v -0.04186065 0.03021454 0.09479946
v -0.05055328 0.01068268 0.09481067
v -0.05165558 -0.01092987 0.08894535
v -0.04277679 0.03087494 0.08893383
v -0.05165924 0.01091583 0.08894535
v -0.05169891 -0.01092987 0.05605602
v -0.05170257 0.01091583 0.05605602
v -0.05194244 0.01091583 -0.1296569
v -0.0006265258 1.525879E-06 -0.1861497
v -0.04555023 -0.009555358 -0.1856482
v -0.04555328 0.009543762 -0.1856482
v -0.03777923 -0.02700226 -0.1856584
v -0.03778839 0.0269931 -0.1856582
v -0.02358368 -0.03977936 -0.1856766
v -0.0235965 0.03977508 -0.1856766
v -0.005418396 -0.0456784 -0.1857002
v -0.005433044 0.04568024 -0.1857002
v 0.01357635 -0.04367889 -0.1857248
v 0.01356171 0.04368683 -0.1857247
v 0.03011444 -0.03412689 -0.1857463
v 0.03010406 0.0341391 -0.1857461
v 0.04133819 -0.0186734 -0.1857608
v 0.0413327 0.01868988 -0.1857608
v 0.04530609 9.460449E-06 -0.185766
vt 0.5894569 0.2153751
vt 0.6001714 0.2154817
vt 0.6004547 0.2139847
vt 0.5895367 0.2138977
vt 0.5785145 0.2157147
vt 0.6007082 0.2125266
vt 0.5784997 0.2142433
vt 0.5674298 0.2160488
vt 0.589562 0.2124828
vt 0.6008811 0.2110178
vt 0.5674126 0.2145788
vt 0.5563003 0.2163082
vt 0.5784906 0.2128283
vt 0.5895842 0.2110358
vt 0.6009798 0.2094682
vt 0.5562879 0.2148383
vt 0.5451434 0.2164629
vt 0.5674011 0.2131635
vt 0.5784829 0.2113775
vt 0.5895977 0.2095608
vt 0.6010144 0.2079497
vt 0.5451376 0.2149934
vt 0.5339708 0.216494
vt 0.5562801 0.2134237
vt 0.5673907 0.2117126
vt 0.5784757 0.2098979
vt 0.5895993 0.2081199
vt 0.6010016 0.2065643
vt 0.5339741 0.2150244
vt 0.5227938 0.2163899
vt 0.5451363 0.2135788
vt 0.5562738 0.2119726
vt 0.5673814 0.210232
vt 0.5784671 0.2084538
vt 0.5895894 0.2068064
vt 0.6009722 0.2061258
vt 0.5228066 0.2149202
vt 0.5116233 0.2161449
vt 0.533981 0.2136102
vt 0.5451369 0.212128
vt 0.5562686 0.2104923
vt 0.567373 0.2087865
vt 0.5784582 0.207139
vt 0.5895826 0.2063899
vt 0.6009004 0.2053676
vt 0.5895693 0.2056675
vt 0.6007984 0.2044118
vt 0.5784549 0.2067228
vt 0.5673645 0.2074709
vt 0.5562639 0.2090469
vt 0.545139 0.2106478
vt 0.5895492 0.2047535
vt 0.6006832 0.2033835
vt 0.5784485 0.2060018
vt 0.5673619 0.207054
vt 0.5562595 0.207731
vt 0.589524 0.2037655
vt 0.6005739 0.2024066
vt 0.5784396 0.2050905
vt 0.5673567 0.2063322
vt 0.5894971 0.2028243
vt 0.6004909 0.2016044
vt 0.5784291 0.2041084
vt 0.5894741 0.2020483
vt 0.600452 0.2010933
vt 0.5451408 0.2092027
vt 0.5562582 0.2073141
vt 0.5673501 0.2054207
vt 0.5784186 0.2031748
vt 0.5894597 0.2015545
vt 0.5890402 0.0603374
vt 0.5451423 0.207887
vt 0.5562554 0.2065925
vt 0.5673423 0.2044385
vt 0.5784094 0.2024075
vt 0.5790781 0.06291214
vt 0.5867373 0.0566977
vt 0.5451429 0.2074704
vt 0.556251 0.205681
vt 0.5673352 0.2035054
vt 0.5784039 0.2019193
vt 0.5772634 0.05985645
vt 0.5835751 0.05263022
vt 0.5451434 0.2067486
vt 0.5562468 0.204699
vt 0.567329 0.2027383
vt 0.5694685 0.06514505
vt 0.5748432 0.05621598
vt 0.5795643 0.04840807
vt 0.5451439 0.2058372
vt 0.5562422 0.2037657
vt 0.5673252 0.2022509
vt 0.5680247 0.06221668
vt 0.5717714 0.05219773
vt 0.5748464 0.04433618
vt 0.545144 0.2048556
vt 0.5562385 0.202999
vt 0.5601163 0.0669606
vt 0.5661178 0.05868629
vt 0.5680991 0.04806749
vt 0.5696983 0.04067317
vt 0.5451439 0.2039226
vt 0.5562364 0.2025116
vt 0.5589823 0.06403724
vt 0.5637164 0.05471484
vt 0.5639971 0.04408417
vt 0.5645189 0.03758696
vt 0.5451442 0.2031561
vt 0.5509641 0.06837401
vt 0.5574959 0.06050054
vt 0.5608494 0.05052493
vt 0.5597582 0.0404611
vt 0.5598171 0.03513942
vt 0.5451443 0.2026686
vt 0.5501046 0.06542186
vt 0.555635 0.05649529
vt 0.5576264 0.04635314
vt 0.5557892 0.03735594
vt 0.5586858 0.03457287
vt 0.5419622 0.06941578
vt 0.5489845 0.06184498
vt 0.5534246 0.05222825
vt 0.5542517 0.04242871
vt 0.5548359 0.03660402
vt 0.5576139 0.03401718
vt 0.5413549 0.06643149
vt 0.5475906 0.05778507
vt 0.5509385 0.04792646
vt 0.551031 0.03896413
vt 0.5539099 0.03586928
vt 0.5566005 0.03346053
vt 0.5405665 0.06281338
vt 0.5459403 0.05344252
vt 0.5483194 0.04382352
vt 0.5502459 0.03811977
vt 0.5530106 0.03513978
vt 0.5556464 0.03289423
vt 0.53959 0.05870108
vt 0.5440873 0.04904393
vt 0.5457892 0.04016034
vt 0.5494773 0.03729252
vt 0.5521399 0.03440616
vt 0.5547528 0.03231326
vt 0.5384381 0.05429737
vt 0.5421321 0.04482768
vt 0.5451676 0.03926674
vt 0.5487226 0.03647242
vt 0.5513 0.03366039
vt 0.5539225 0.03171519
vt 0.5371482 0.04982779
vt 0.5402288 0.04104797
vt 0.5445554 0.03839038
vt 0.5479818 0.03564952
vt 0.5504938 0.03289584
vt 0.5531563 0.03110418
vt 0.5357874 0.04553733
vt 0.5397611 0.04012678
vt 0.5439506 0.03752057
vt 0.5472569 0.03481529
vt 0.5497218 0.03210703
vt 0.5461054 0.009573078
vt 0.5344591 0.04168574
vt 0.5392979 0.03922192
vt 0.5433529 0.03664801
vt 0.5465506 0.03396497
vt 0.5428309 0.0103567
vt 0.5460563 0.009392535
vt 0.5341343 0.04074756
vt 0.5388393 0.03832439
vt 0.5427634 0.03576634
vt 0.5458664 0.03309182
vt 0.5338135 0.03982691
vt 0.5383858 0.0374246
vt 0.5421857 0.03486845
vt 0.5334951 0.03891305
vt 0.5379359 0.03651593
vt 0.5331795 0.03799764
vt 0.5395023 0.01104996
vt 0.5416228 0.03395138
vt 0.5374933 0.03559218
vt 0.5328665 0.03707353
vt 0.5427823 0.01019964
vt 0.5420758 0.008158124
vt 0.5448 0.007329262
vt 0.5447768 0.007280744
vt 0.5420594 0.0081074
vt 0.5389947 0.008800661
vt 0.5389833 0.008748686
vt 0.5394635 0.01088838
vt 0.5357341 0.009344077
vt 0.5357253 0.009291863
vt 0.5360976 0.01162813
vt 0.5370618 0.03465078
vt 0.536068 0.01146296
vt 0.5323592 0.009793974
vt 0.532353 0.009741462
vt 0.5326173 0.01209787
vt 0.5325586 0.03613535
vt 0.532595 0.01193074
vt 0.5289046 0.01014254
vt 0.5289004 0.01008961
vt 0.5322585 0.03518019
vt 0.5290698 0.01245854
vt 0.5290545 0.01229046
vt 0.525395 0.01038364
vt 0.5253922 0.01033018
vt 0.5218548 0.01051167
vt 0.5218539 0.01045833
vt 0.525464 0.01253746
vt 0.5254727 0.01270638
vt 0.5272859 0.03553674
vt 0.5274574 0.03649954
vt 0.5183082 0.01052389
vt 0.5183092 0.01047025
vt 0.5218434 0.01266787
vt 0.5218458 0.01283691
vt 0.5222135 0.03571913
vt 0.5147822 0.01041607
vt 0.5147849 0.01036314
vt 0.5182175 0.01267848
vt 0.5182137 0.01284752
vt 0.5112993 0.01019034
vt 0.5113038 0.01013712
vt 0.51461 0.01256732
vt 0.5078862 0.009846247
vt 0.5078927 0.009793079
vt 0.5222585 0.03668586
vt 0.5171078 0.03572521
vt 0.5145999 0.01273618
vt 0.5110455 0.0123326
vt 0.5045658 0.009383237
vt 0.5045744 0.009330725
vt 0.5170251 0.03669331
vt 0.5120329 0.03555111
vt 0.5110285 0.01250146
vt 0.5075452 0.01197449
vt 0.5013672 0.008802628
vt 0.5013793 0.008750593
vt 0.5118216 0.03651694
vt 0.5070562 0.03518907
vt 0.507521 0.01214109
vt 0.5041253 0.01148675
vt 0.4983431 0.008093036
vt 0.4983601 0.00804267
vt 0.5067138 0.03615008
vt 0.5022507 0.03463176
vt 0.5040926 0.01165185
vt 0.5007969 0.01085851
vt 0.4957125 0.007176555
vt 0.4957371 0.007128752
vt 0.4975571 0.01006082
vt 0.4943694 0.009058392
vt 0.4943118 0.009235835
vt 0.4975021 0.01021603
vt 0.4863065 0.03050766
vt 0.5007529 0.01101921
vt 0.4896629 0.03175185
vt 0.4855034 0.03113899
vt 0.4934714 0.03290448
vt 0.4888301 0.03256277
vt 0.4846283 0.03175918
vt 0.4976949 0.03387091
vt 0.4879645 0.0333502
vt 0.4836858 0.03236363
vt 0.492728 0.03379402
vt 0.4970784 0.03480044
vt 0.4870664 0.03411904
vt 0.4826802 0.03295485
vt 0.4919646 0.03466258
vt 0.5017721 0.03558222
vt 0.4861389 0.03487686
vt 0.481614 0.03353903
vt 0.4911855 0.03551493
vt 0.4964508 0.03571144
vt 0.5012859 0.03651492
vt 0.4851834 0.03563068
vt 0.4804888 0.03412548
vt 0.4903933 0.03635684
vt 0.4958144 0.03660695
vt 0.5063665 0.03709463
vt 0.4842018 0.03639094
vt 0.4793026 0.03472671
vt 0.4895911 0.03719703
vt 0.4951729 0.03749392
vt 0.5007955 0.03743402
vt 0.5116091 0.03746704
vt 0.4831932 0.03716949
vt 0.4742977 0.03740404
vt 0.4887773 0.03804443
vt 0.4945287 0.03837881
vt 0.500304 0.03834454
vt 0.5060177 0.03802548
vt 0.5169437 0.03764502
vt 0.4790789 0.04045031
vt 0.4689091 0.04083637
vt 0.487951 0.03890929
vt 0.4938813 0.03927092
vt 0.4998123 0.03925297
vt 0.5056699 0.0389481
vt 0.5113966 0.03840385
vt 0.474763 0.04428033
vt 0.4636769 0.04491559
vt 0.4846638 0.0425078
vt 0.4932277 0.0401803
vt 0.4993213 0.0401688
vt 0.5053236 0.03986917
vt 0.5111858 0.03933237
vt 0.4706761 0.0485001
vt 0.4590035 0.04939828
vt 0.4812745 0.04657612
vt 0.4906775 0.04394428
vt 0.4988289 0.04110221
vt 0.504979 0.04079816
vt 0.46709 0.05286787
vt 0.4551279 0.05395523
vt 0.4780986 0.05090044
vt 0.4880788 0.04815082
vt 0.4969346 0.04495475
vt 0.4641364 0.05709789
vt 0.4521291 0.05824218
vt 0.4753233 0.05524353
vt 0.4856545 0.0525581
vt 0.4618348 0.06091187
vt 0.449963 0.06198195
vt 0.4730295 0.05935786
vt 0.4601217 0.06410304
vt 0.4350006 0.1980694
vt 0.5046337 0.04174433
vt 0.4950195 0.04924486
vt 0.4835331 0.0569282
vt 0.4712254 0.06301222
vt 0.4458612 0.1987623
vt 0.4349394 0.1985778
vt 0.5033323 0.0456451
vt 0.4932363 0.05371562
vt 0.4817713 0.06102828
vt 0.469869 0.06604294
vt 0.4458318 0.1992573
vt 0.4348224 0.1993773
vt 0.5020241 0.04998491
vt 0.4916742 0.05812613
vt 0.4803761 0.06464782
vt 0.4567908 0.199454
vt 0.4457858 0.2000338
vt 0.4346749 0.2003514
vt 0.5008091 0.05450068
vt 0.4903717 0.06224874
vt 0.4793202 0.0676398
vt 0.456771 0.1999432
vt 0.445732 0.2009771
vt 0.4345219 0.2013778
vt 0.4997442 0.05894855
vt 0.4893343 0.06587837
vt 0.4677609 0.2001691
vt 0.4567387 0.2007125
vt 0.4456773 0.2019664
vt 0.4343866 0.2023324
vt 0.4988546 0.06309871
vt 0.4885458 0.06887391
vt 0.4677423 0.2006579
vt 0.4567004 0.2016486
vt 0.4456305 0.2028818
vt 0.434289 0.2030893
vt 0.4981432 0.06674924
vt 0.4787609 0.2008542
vt 0.4677128 0.2014263
vt 0.4566611 0.2026324
vt 0.4455958 0.2036048
vt 0.4342446 0.2035268
vt 0.4976006 0.06975952
vt 0.4787434 0.2013427
vt 0.4676772 0.2023616
vt 0.4566249 0.2035452
vt 0.4455773 0.2040213
vt 0.4341942 0.2049096
vt 0.4897858 0.2014649
vt 0.4787157 0.2021103
vt 0.4676398 0.2033451
vt 0.4565967 0.2042674
vt 0.4455238 0.2053352
vt 0.4341916 0.2064255
vt 0.4897705 0.2019527
vt 0.4786825 0.2030444
vt 0.4676054 0.2042581
vt 0.4565811 0.2046846
vt 0.4454784 0.2067761
vt 0.4342541 0.2079721
vt 0.4897462 0.2027198
vt 0.478648 0.2040277
vt 0.4675778 0.2049809
vt 0.4565298 0.2060004
vt 0.4454443 0.2082506
vt 0.4343918 0.2094769
vt 0.4897167 0.2036533
vt 0.4786157 0.2049397
vt 0.4675622 0.205398
vt 0.4564756 0.2074458
vt 0.4454227 0.2096953
vt 0.4346082 0.2109297
vt 0.4896858 0.2046357
vt 0.4785897 0.2056624
vt 0.4675119 0.2067151
vt 0.4564214 0.2089256
vt 0.4454099 0.2111062
vt 0.434907 0.2124168
vt 0.445401 0.2125753
vt 0.4563699 0.2103762
vt 0.4563225 0.2117908
vt 0.456275 0.2132608
vt 0.467456 0.2081616
vt 0.4785747 0.2060794
vt 0.4673999 0.2096428
vt 0.4672947 0.2125093
vt 0.4672444 0.2139791
vt 0.4673454 0.2110943
vt 0.4785272 0.2073958
vt 0.4783224 0.2131884
vt 0.4782755 0.2146581
vt 0.4784747 0.2088419
vt 0.47837 0.2117739
vt 0.4784216 0.2103227
vt 0.4893967 0.2137926
vt 0.4893558 0.2152621
vt 0.4894385 0.2123785
vt 0.4894844 0.2109278
vt 0.4895312 0.2094473
vt 0.4895783 0.2080022
vt 0.5005076 0.2142946
vt 0.5004749 0.2157636
vt 0.5005423 0.2128804
vt 0.5005807 0.2114299
vt 0.5006196 0.20995
vt 0.5116463 0.2146752
vt 0.5116728 0.2132612
vt 0.522823 0.2135063
vt 0.5117021 0.211811
vt 0.5339899 0.2121597
vt 0.5228419 0.212056
vt 0.5340007 0.2106795
vt 0.5117327 0.210331
vt 0.522862 0.2105759
vt 0.5340106 0.2092346
vt 0.5228822 0.2091306
vt 0.5340204 0.2079192
vt 0.5117626 0.208886
vt 0.5229004 0.2078155
vt 0.5340232 0.2075026
vt 0.5006589 0.208505
vt 0.5117896 0.2075707
vt 0.5229056 0.2073986
vt 0.5340277 0.206781
vt 0.5006943 0.2071896
vt 0.5117979 0.2071541
vt 0.5229158 0.206677
vt 0.5340337 0.2058696
vt 0.4896209 0.2066863
vt 0.5007053 0.2067728
vt 0.4896341 0.2062695
vt 0.511813 0.2064321
vt 0.5229279 0.2057656
vt 0.5340402 0.204888
vt 0.4896571 0.2055473
vt 0.5007246 0.206051
vt 0.5118309 0.2055211
vt 0.5007482 0.2051397
vt 0.5229405 0.2047838
vt 0.5340455 0.203955
vt 0.5007741 0.2041581
vt 0.5118502 0.2045395
vt 0.522952 0.2038507
vt 0.5340503 0.2031887
vt 0.5007981 0.2032249
vt 0.5118688 0.2036063
vt 0.5229623 0.2030847
vt 0.5340533 0.2027015
vt 0.5008185 0.2024581
vt 0.5118835 0.2028396
vt 0.5229685 0.2025974
vt 0.5330631 0.0701147
vt 0.5008314 0.201971
vt 0.5118933 0.2023523
vt 0.5242214 0.07049194
vt 0.5326929 0.06710556
vt 0.5065342 0.07031617
vt 0.5153934 0.07055798
vt 0.5240794 0.06746748
vt 0.5322145 0.06345531
vt 0.5068431 0.06729278
vt 0.5154759 0.06752947
vt 0.5238978 0.06379858
vt 0.5316237 0.05930445
vt 0.5072488 0.06362555
vt 0.5155858 0.06385509
vt 0.5236757 0.05962483
vt 0.5309304 0.05485586
vt 0.5077554 0.0594543
vt 0.5157261 0.0596749
vt 0.523418 0.0551509
vt 0.5301578 0.05033926
vt 0.5083627 0.05498163
vt 0.5158978 0.05519322
vt 0.5231373 0.05060665
vt 0.5293456 0.04600034
vt 0.5090578 0.05043862
vt 0.5160996 0.05064062
vt 0.5228475 0.04624049
vt 0.5285537 0.0421041
vt 0.5098096 0.04607186
vt 0.5163257 0.0462651
vt 0.5225711 0.04231904
vt 0.5283649 0.04115627
vt 0.5105634 0.04214714
vt 0.5165591 0.04233436
vt 0.5225138 0.04136566
vt 0.5281788 0.0402259
vt 0.5107698 0.04119412
vt 0.5166326 0.04137949
vt 0.5224587 0.04043011
vt 0.5279958 0.03930298
vt 0.510977 0.0402594
vt 0.5167074 0.04044292
vt 0.5224062 0.03950272
vt 0.5278139 0.03837857
vt 0.5167843 0.03951392
vt 0.5223547 0.03857348
vt 0.5276336 0.03744552
vt 0.5168626 0.03858314
vt 0.5223057 0.03763656
vt 0.2837829 0.005635949
vt 0.2948334 0.004913123
vt 0.2857584 0.002323898
vt 0.2938547 0.008410128
vt 0.2824872 0.008347126
vt 0.3047719 0.006164523
vt 0.2931378 0.01107976
vt 0.2814953 0.0109931
vt 0.3041924 0.009694071
vt 0.315035 0.006824704
vt 0.292529 0.01358274
vt 0.280651 0.01381448
vt 0.3037392 0.01238933
vt 0.3146832 0.01025549
vt 0.325552 0.00685695
vt 0.3253002 0.01051304
vt 0.3361871 0.007087799
vt 0.314399 0.01296106
vt 0.3033322 0.01490459
vt 0.2919659 0.01617602
vt 0.3360321 0.01064661
vt 0.3468913 0.007199498
vt 0.3251155 0.01321844
vt 0.3141305 0.01547781
vt 0.3468037 0.01075235
vt 0.3576224 0.007338615
vt 0.3358948 0.013356
vt 0.3575848 0.01090095
vt 0.3683506 0.007442566
vt 0.291928 0.016372
vt 0.2806143 0.01403377
vt 0.3029454 0.01750329
vt 0.3249309 0.01574084
vt 0.3467101 0.01345542
vt 0.3683635 0.01099828
vt 0.3790445 0.007574113
vt 0.3029173 0.01769832
vt 0.2909904 0.02275321
vt 0.2797614 0.02117613
vt 0.2785951 0.04020128
vt 0.3021758 0.0237833
vt 0.2897248 0.04045651
vt 0.3575316 0.0136163
vt 0.3791119 0.0111312
vt 0.3896648 0.007674905
vt 0.2956022 0.1396654
vt 0.284587 0.1415411
vt 0.2929073 0.1614159
vt 0.3026842 0.1573856
vt 0.2951107 0.1647669
vt 0.3063353 0.1378081
vt 0.3044448 0.1603687
vt 0.2981958 0.1685637
vt 0.3683515 0.01370362
vt 0.3898028 0.01122895
vt 0.400171 0.00768915
vt 0.3009122 0.04077122
vt 0.312244 0.1544279
vt 0.3068106 0.1639307
vt 0.3044572 0.1744462
vt 0.3791448 0.01384166
vt 0.4004059 0.011237
vt 0.4105225 0.007522257
vt 0.3132626 0.02443269
vt 0.3136395 0.1573367
vt 0.3898922 0.01393929
vt 0.4108958 0.01105973
vt 0.4206627 0.007016571
vt 0.3138479 0.01826313
vt 0.4005705 0.01394567
vt 0.4212493 0.01053086
vt 0.4304742 0.005870255
vt 0.3138675 0.0180687
vt 0.411166 0.01376435
vt 0.431449 0.00931129
vt 0.4394139 0.003277989
vt 0.4413622 0.006491752
vt 0.421677 0.01322207
vt 0.4321436 0.01196805
vt 0.4426722 0.009148629
vt 0.4327313 0.01446465
vt 0.4436888 0.01175675
vt 0.4220557 0.01573268
vt 0.4114091 0.01628474
vt 0.4007187 0.01647011
vt 0.4332641 0.01706347
vt 0.4445713 0.01454255
vt 0.4446083 0.0147607
vt 0.4224201 0.01832506
vt 0.4333022 0.01725879
vt 0.4452192 0.02171722
vt 0.411647 0.0188835
vt 0.422447 0.01851961
vt 0.4342839 0.02355907
vt 0.4008632 0.01907292
vt 0.4116646 0.01907847
vt 0.435764 0.04123286
vt 0.4470621 0.0407838
vt 0.4398729 0.1422831
vt 0.4232275 0.02471402
vt 0.4244637 0.04160968
vt 0.4290422 0.1408376
vt 0.4222062 0.1587796
vt 0.4324325 0.1624324
vt 0.4204935 0.1618584
vt 0.4302116 0.1658588
vt 0.4181596 0.1655407
vt 0.4271045 0.1698313
vt 0.413341 0.1717436
vt 0.4207569 0.1762298
vt 0.4072552 0.1778404
vt 0.4129395 0.1819732
vt 0.4029219 0.1814409
vt 0.4075489 0.1850278
vt 0.3984305 0.1848324
vt 0.4021646 0.1876241
vt 0.3965996 0.1862074
vt 0.4000889 0.1886341
vt 0.3948544 0.1875851
vt 0.398206 0.18966
vt 0.3932306 0.1889963
vt 0.3965753 0.1907336
vt 0.3828112 0.2097796
vt 0.3857535 0.2115721
vt 0.3827451 0.209878
vt 0.385649 0.2116737
vt 0.3819597 0.2109189
vt 0.3844777 0.2126988
vt 0.3833326 0.2134764
vt 0.3922532 0.1842444
vt 0.3907655 0.185789
vt 0.3893417 0.1873479
vt 0.3797284 0.2083491
vt 0.3796743 0.2084527
vt 0.3790804 0.2095811
vt 0.3811756 0.2118798
vt 0.3937747 0.1826907
vt 0.3811439 0.2119203
vt 0.3832877 0.2135078
vt 0.3830632 0.21371
vt 0.3809614 0.2121545
vt 0.378462 0.2106875
vt 0.3783234 0.2109476
vt 0.3784859 0.2106429
vt 0.3755167 0.2096908
vt 0.3754108 0.2099654
vt 0.3760027 0.2085186
vt 0.3755351 0.2096435
vt 0.3723995 0.2088913
vt 0.3723188 0.2091749
vt 0.3764644 0.2073264
vt 0.3727772 0.2076775
vt 0.3724132 0.2088428
vt 0.3691545 0.2082767
vt 0.3690956 0.2085653
vt 0.3765074 0.207217
vt 0.3731343 0.2064447
vt 0.3694395 0.2070364
vt 0.3691646 0.2082269
vt 0.3658185 0.2078396
vt 0.3657783 0.2081315
vt 0.3849705 0.1859155
vt 0.3731678 0.2063314
vt 0.3697029 0.2057776
vt 0.3660192 0.2065825
vt 0.3658253 0.2077892
vt 0.3624237 0.2075772
vt 0.362402 0.2078712
vt 0.3861388 0.1842839
vt 0.3802181 0.1847383
vt 0.3697281 0.2056619
vt 0.3661952 0.2053081
vt 0.3625428 0.2063096
vt 0.3624274 0.207527
vt 0.3590038 0.2074887
vt 0.3589985 0.2077837
vt 0.387343 0.1826552
vt 0.3811252 0.1830685
vt 0.3751846 0.183824
vt 0.3662122 0.2051907
vt 0.3626361 0.205026
vt 0.3590446 0.2062128
vt 0.3590047 0.2074383
vt 0.355593 0.2075864
vt 0.3556019 0.2078806
vt 0.3522173 0.2077833
vt 0.3522421 0.2080773
vt 0.3555913 0.2075361
vt 0.3555443 0.2062789
vt 0.3590537 0.2049254
vt 0.3626456 0.2049076
vt 0.3489078 0.2081848
vt 0.3489582 0.208475
vt 0.3522129 0.2077328
vt 0.3520738 0.2065148
vt 0.3554762 0.2050011
vt 0.3457164 0.2087981
vt 0.345795 0.2090814
vt 0.348899 0.2081351
vt 0.3486864 0.2069828
vt 0.3426806 0.2095771
vt 0.3427926 0.2098495
vt 0.3457024 0.2087494
vt 0.3398857 0.210575
vt 0.3400426 0.2108263
vt 0.3590556 0.2048069
vt 0.3519312 0.2052657
vt 0.3453847 0.207579
vt 0.3426611 0.2095306
vt 0.3375891 0.2119254
vt 0.3377899 0.2121504
vt 0.3398585 0.2105318
vt 0.3375479 0.2118894
vt 0.3365058 0.2109545
vt 0.3422008 0.2084063
vt 0.3391865 0.2094801
vt 0.3484404 0.2057063
vt 0.3385099 0.2083902
vt 0.335438 0.2098493
vt 0.3417137 0.2072455
vt 0.3450289 0.206362
vt 0.3384538 0.208288
vt 0.3353453 0.2097364
vt 0.3416709 0.2071383
vt 0.3449965 0.2062501
vt 0.3484175 0.2055915
vt 0.3519171 0.2051477
vt 0.3302718 0.186903
vt 0.326702 0.1882678
vt 0.3343136 0.1856057
vt 0.338784 0.1845091
vt 0.343598 0.1836562
vt 0.3288547 0.1854836
vt 0.3252643 0.1871809
vt 0.3330798 0.1840321
vt 0.3377839 0.1828586
vt 0.327309 0.1840958
vt 0.3235787 0.1861451
vt 0.3317687 0.1824722
vt 0.3256681 0.1827088
vt 0.3216963 0.1851351
vt 0.3486671 0.183058
vt 0.3428413 0.1819681
vt 0.3367332 0.1812125
vt 0.3304066 0.1809039
vt 0.3215365 0.1793546
vt 0.316835 0.1826019
vt 0.3481509 0.181352
vt 0.3420505 0.1802787
vt 0.3356535 0.1795534
vt 0.327053 0.1771083
vt 0.3174646 0.175811
vt 0.3118669 0.1797104
vt 0.3476112 0.1796423
vt 0.3412426 0.1785738
vt 0.3330308 0.1755276
vt 0.3238224 0.1731985
vt 0.3115917 0.1699162
vt 0.3192242 0.1669396
vt 0.3154988 0.1608584
vt 0.3305396 0.1714194
vt 0.3392869 0.1744281
vt 0.3270093 0.1649412
vt 0.3241434 0.1587672
vt 0.3227052 0.1552336
vt 0.3374464 0.1702119
vt 0.3348381 0.1636022
vt 0.3327163 0.1573549
vt 0.3216181 0.1523347
vt 0.3316495 0.1537996
vt 0.3168572 0.1362112
vt 0.3308395 0.1508927
vt 0.3272104 0.1349624
vt 0.3121338 0.04103324
vt 0.3242937 0.02473048
vt 0.3233677 0.04120866
vt 0.3374292 0.1340828
vt 0.3399443 0.1499564
vt 0.3247268 0.01853571
vt 0.3352948 0.02489892
vt 0.3345948 0.04132858
vt 0.324741 0.01834056
vt 0.3356128 0.01868746
vt 0.3357606 0.0158833
vt 0.3356229 0.0184916
vt 0.3466171 0.01597324
vt 0.3462929 0.02506855
vt 0.3475476 0.1335667
vt 0.3465168 0.01877997
vt 0.3572939 0.02508089
vt 0.3458112 0.04143092
vt 0.3465241 0.01858548
vt 0.357476 0.01615027
vt 0.357415 0.01896569
vt 0.3683344 0.01622388
vt 0.3574193 0.01876912
vt 0.37917 0.0163692
vt 0.3683142 0.01901654
vt 0.3683155 0.01882187
vt 0.3899711 0.01646522
vt 0.3791924 0.01897738
vt 0.3900468 0.01907048
vt 0.3791943 0.01917306
vt 0.3900525 0.01926592
vt 0.4008741 0.01926819
vt 0.4121996 0.02526596
vt 0.4012094 0.0254598
vt 0.3902329 0.02546266
vt 0.3792555 0.02538166
vt 0.4131748 0.04182384
vt 0.4019079 0.04188636
vt 0.3906659 0.04184446
vt 0.4184769 0.139112
vt 0.4080976 0.1374602
vt 0.412532 0.1559159
vt 0.3682736 0.02531257
vt 0.3794433 0.04174742
vt 0.3682319 0.04162988
vt 0.3978559 0.1360357
vt 0.4031475 0.1537128
vt 0.4111513 0.1588759
vt 0.3877176 0.1348999
vt 0.3939452 0.1520433
vt 0.4020417 0.1566333
vt 0.4092992 0.1624528
vt 0.3776506 0.134076
vt 0.3848633 0.1508132
vt 0.393091 0.1549563
vt 0.4005778 0.1601868
vt 0.4055464 0.1686251
vt 0.3758578 0.149961
vt 0.3842488 0.1537302
vt 0.3919717 0.1585149
vt 0.3976636 0.1663913
vt 0.4008108 0.1749632
vt 0.3754762 0.1528847
vt 0.3834501 0.1573015
vt 0.3897775 0.1647656
vt 0.3940236 0.1728919
vt 0.3973902 0.1788839
vt 0.3913801 0.1769918
vt 0.3885561 0.1810123
vt 0.3870668 0.1713734
vt 0.3819058 0.1635932
vt 0.3850946 0.175574
vt 0.3820508 0.1813965
vt 0.3829756 0.179707
vt 0.3800182 0.1702706
vt 0.37584 0.1821334
vt 0.3786413 0.1745292
vt 0.3765027 0.1804378
vt 0.3771597 0.178723
vt 0.3699612 0.1831692
vt 0.3703748 0.1814665
vt 0.3646258 0.1827679
vt 0.3707878 0.1797578
vt 0.3711939 0.178029
vt 0.3648059 0.1810579
vt 0.359253 0.1826164
vt 0.3649797 0.1793417
vt 0.3720875 0.1738023
vt 0.3554702 0.2048832
vt 0.3539099 0.1827127
vt 0.3592017 0.1809029
vt 0.353629 0.1809995
vt 0.3591411 0.1791835
vt 0.3533309 0.1792816
vt 0.3651457 0.1776057
vt 0.3590713 0.1774444
vt 0.3530245 0.1775445
vt 0.36548 0.173363
vt 0.3470597 0.1779149
vt 0.3588581 0.173198
vt 0.3729177 0.1695099
vt 0.3457177 0.173708
vt 0.3522573 0.1733084
vt 0.3657914 0.1690533
vt 0.3740483 0.1627896
vt 0.344462 0.1694335
vt 0.3515427 0.1690051
vt 0.3586599 0.1688845
vt 0.3662001 0.1623105
vt 0.3749832 0.1564683
vt 0.3426767 0.1627462
vt 0.3505168 0.1622759
vt 0.3583575 0.1621384
vt 0.3665476 0.1559724
vt 0.341225 0.1564485
vt 0.3496874 0.1559478
vt 0.3581218 0.1557978
vt 0.366741 0.1523812
vt 0.3404975 0.1528737
vt 0.3492776 0.1523602
vt 0.3580167 0.1522047
vt 0.3668939 0.1494527
vt 0.3489671 0.1494346
vt 0.3579403 0.1492753
vt 0.367623 0.1335739
vt 0.3576009 0.1334011
vt 0.357022 0.04152736
vt 0.4664185 0.0182729
vt 0.4595586 0.03468909
vt 0.4668289 0.03606
vt 0.4534745 0.03047969
vt 0.4740285 0.03435548
vt 0.4496285 0.02415945
vt 0.479912 0.02986964
vt 0.4486856 0.01682129
vt 0.4834626 0.02337875
vt 0.4508089 0.009733877
vt 0.4840659 0.01600488
vt 0.4556313 0.004123292
vt 0.4816178 0.009022913
vt 0.462319 0.0009588813
vt 0.4765419 0.003640554
vt 0.4697155 0.0007882332
vn -0.294621 0.131667 0.9465
vn -0.3225861 -5.800001E-05 0.9465402
vn -0.6375467 -9.399997E-05 0.7704117
vn -0.5823501 0.259603 0.7703731
vn -0.2154929 0.2405999 0.9464008
vn -0.8416084 -0.0001490001 0.5400882
vn -0.426336 0.47442 0.7701709
vn -0.09888602 0.3079141 0.9462613
vn -0.768878 0.34251 0.53992
vn -0.941085 -0.000151 0.33817
vn -0.196395 0.6072381 0.7698642
vn 0.03502199 0.322008 0.9460889
vn -0.5630761 0.625896 0.5396291
vn -0.8597597 0.3828279 0.3380179
vn -0.9822555 -0.0001589999 0.1875479
vn 0.06765603 0.6350332 0.7695163
vn 0.163067 0.28043 0.945922
vn -0.2597399 0.8010406 0.5393227
vn -0.6296639 0.6995919 0.3377789
vn -0.8973667 0.3994529 0.1875379
vn -0.9967762 -0.000164 0.08023302
vn 0.3201782 0.5530112 0.7691973
vn 0.2631349 0.1903579 0.9457927
vn 0.08857299 0.8377189 0.5388709
vn -0.290651 0.8953771 0.337375
vn -0.657291 0.7300051 0.187246
vn -0.9106622 0.4053201 0.08006202
vn -0.999483 -0.000162 -0.03215
vn 0.5175202 0.3753982 0.7689273
vn 0.3178838 0.06736397 0.9457336
vn 0.4217458 0.7295648 0.5383918
vn 0.09868898 0.9363519 0.336906
vn -0.3034542 0.9343755 0.1867031
vn -0.6670558 0.7407287 0.07973297
vn -0.9131275 0.4063828 -0.03242099
vn -0.9488418 -0.000148 -0.3157519
vn 0.6255586 0.1328469 0.7687836
vn 0.3179309 -0.06726398 0.9457248
vn 0.68214 0.495268 0.537954
vn 0.4710422 0.8154072 0.3364971
vn 0.102777 0.9771264 0.1861741
vn -0.3081411 0.9480243 0.07936602
vn -0.668918 0.7426189 -0.032646
vn -0.8669848 0.3856219 -0.3156469
vn -0.9267625 -0.0001419999 -0.3756478
vn -0.8468109 0.376639 -0.375572
vn -0.9204314 -0.0001440001 -0.3909042
vn -0.6352261 0.7047861 -0.3158551
vn -0.3089908 0.9504906 -0.03304999
vn 0.104142 0.9914369 0.07878599
vn 0.491324 0.850936 0.185765
vn -0.8409296 0.3740008 -0.3911018
vn -0.922185 -0.000173 -0.386749
vn -0.6204821 0.6883031 -0.3758201
vn -0.293687 0.902052 -0.316307
vn 0.104282 0.9939751 -0.03374801
vn -0.8425643 0.3747451 -0.3868482
vn -0.9322658 -0.000125 -0.361774
vn -0.616124 0.6835051 -0.391423
vn -0.286899 0.880971 -0.37627
vn -0.851775 0.378873 -0.361849
vn -0.9572312 -0.000147 -0.289324
vn -0.6173159 0.6848219 -0.3872209
vn -0.8745515 0.3890598 -0.2894689
vn -0.9999883 -0.0001550001 -0.004827002
vn 0.4984191 0.8634061 0.07815701
vn 0.09857895 0.9432976 -0.3169729
vn -0.2848999 0.8748097 -0.3918419
vn -0.6240897 0.6923636 -0.3621388
vn -0.9136 0.406584 -0.004934
vn -0.9999719 -0.000155 -0.007509999
vn 0.4995698 0.8655966 -0.03424298
vn 0.09615901 0.921312 -0.376746
vn -0.2854361 0.8765043 -0.3876421
vn -0.6407258 0.7109858 -0.289775
vn -0.9135842 0.4065781 -0.007618003
vn -0.9623656 -0.0001669999 -0.2717579
vn 0.4736999 0.8215719 -0.317219
vn 0.09552702 0.9148331 -0.3923711
vn -0.2885408 0.8861255 -0.3626648
vn -0.669262 0.743008 -0.005249
vn -0.8792598 0.3911449 -0.2718599
vn -0.9049457 -0.000142 -0.4255269
vn 0.4626002 0.8023124 -0.3772212
vn 0.095677 0.916627 -0.388125
vn -0.2962171 0.9099743 -0.2901761
vn -0.669251 0.742994 -0.007934
vn -0.8268234 0.3677261 -0.4256062
vn -0.8554574 -0.0001400001 -0.5178732
vn 0.459283 0.7967179 -0.39281
vn 0.09675903 0.9266843 -0.3631721
vn -0.309153 0.9509951 -0.005717
vn -0.6441801 0.7148252 -0.2721341
vn -0.7816321 0.347536 -0.517948
vn -0.8138174 -0.0001239999 -0.5811207
vn 0.4602159 0.7982788 -0.3885259
vn 0.09953198 0.9516208 -0.290708
vn -0.309151 0.9509759 -0.008401999
vn -0.60583 0.672006 -0.425885
vn -0.7435511 0.330572 -0.581252
vn -0.7760008 -0.000105 -0.6307319
vn 0.4652639 0.8070508 -0.363591
vn 0.1043639 0.9945195 -0.006251997
vn -0.2977781 0.9148833 -0.2726111
vn -0.5727243 0.6351373 -0.5182542
vn -0.7090117 0.3151699 -0.6308488
vn -0.7366922 -9.600003E-05 -0.6762282
vn 0.4779418 0.8287197 -0.2911959
vn 0.1043599 0.9944994 -0.008937995
vn -0.280178 0.8600891 -0.426318
vn -0.5448708 0.6041478 -0.5814818
vn -0.6731238 0.2991879 -0.6763068
vn -0.7112138 -8.199996E-05 -0.7029757
vn 0.4998238 0.8661007 -0.006766998
vn 0.100064 0.956753 -0.27315
vn -0.2649309 0.8129078 -0.5186449
vn -0.5195999 0.5759799 -0.6310809
vn -0.649875 0.288832 -0.703021
vn -0.7634881 -0.000127 -0.645822
vn 0.499811 0.8660829 -0.009450999
vn 0.09383304 0.8994553 -0.4268202
vn -0.252123 0.7732518 -0.5818209
vn -0.4932956 0.5467146 -0.6765815
vn -0.6975569 0.310058 -0.6459709
vn -0.8405785 -0.0001089999 -0.5416898
vn 0.4805159 0.8332099 -0.273616
vn 0.08853301 0.8501281 -0.5190801
vn -0.240478 0.7372111 -0.6314191
vn -0.4763278 0.5277748 -0.7032537
vn -0.7680449 0.341496 -0.5417449
vn -0.9021412 -0.000136 -0.4314411
vn 0.451518 0.783304 -0.427278
vn 0.08409402 0.8086272 -0.5822802
vn -0.2283399 0.6997327 -0.6769307
vn -0.5112281 0.566668 -0.6461681
vn -0.8243448 0.3666009 -0.4313459
vn -0.9477829 -0.000131 -0.318916
vn 0.4266061 0.7403502 -0.5195082
vn 0.080091 0.770922 -0.631874
vn -0.2205421 0.6755411 -0.7035662
vn -0.5628052 0.6240432 -0.5420521
vn -0.8658907 0.3851288 -0.3192319
vn -0.9780509 -0.000118 -0.208366
vn 0.4056781 0.7041991 -0.5826911
vn 0.07591099 0.7317728 -0.6773078
vn -0.236605 0.7253239 -0.64647
vn -0.6040632 0.6700293 -0.4314722
vn -0.8935621 0.397547 -0.208574
vn -0.9947184 -0.0001170001 -0.1026411
vn 0.3866609 0.6713619 -0.6322709
vn 0.07320499 0.7064849 -0.703932
vn -0.2602751 0.7986501 -0.5426001
vn -0.6343972 0.7039933 -0.3192701
vn -0.908812 0.404385 -0.102633
vn -0.9999975 -0.0001539999 -0.002226999
vn 0.366913 0.637291 -0.6776689
vn 0.07872403 0.7585053 -0.6468943
vn -0.279294 0.8575371 -0.4320011
vn -0.6546561 0.726442 -0.209063
vn -0.913614 0.406576 -0.002322
vn -0.999995 -0.000155 0.003174
vn 0.3541369 0.6152438 -0.7043167
vn 0.08694497 0.8351747 -0.5430688
vn -0.293296 0.9010339 -0.319555
vn -0.665783 0.738992 -0.103072
vn -0.9136091 0.406582 0.003068001
vn -0.8814406 -0.0001729999 -0.4722947
vn 0.380381 0.6605741 -0.6472651
vn 0.09359597 0.8967918 -0.43244
vn -0.3025471 0.9298372 -0.209447
vn -0.6692519 0.7430309 -0.002631
vn 0.4190319 0.7273489 -0.5434849
vn 0.09838898 0.9422768 -0.320053
vn -0.3076429 0.9458477 -0.103576
vn 0.4501511 0.7809992 -0.4329022
vn 0.101793 0.9724166 -0.2098669
vn 0.473145 0.8205901 -0.320571
vn -0.669247 0.743035 0.002749
vn -0.309255 0.9509741 -0.003095
vn 0.103685 0.9891503 -0.104073
vn 0.4884709 0.8468348 -0.210397
vn -0.8052085 0.3580778 -0.4726727
vn -0.3725601 0.165258 -0.9131752
vn -0.4077078 -8.199994E-05 -0.9131125
vn -0.9659176 -4.999997E-06 0.2588499
vn -0.8821507 0.3929098 0.2596769
vn -0.2732129 0.3020178 -0.9133126
vn -0.6460029 0.7178389 0.259591
vn -0.5901613 0.6546773 -0.4723422
vn -0.126885 0.3865241 -0.9135093
vn -0.298218 0.918862 0.258377
vn -0.309256 0.9509761 0.002267
vn 0.104464 0.994522 -0.003631
vn -0.2730849 0.8379188 -0.4725639
vn 0.04122198 0.4041878 -0.9137467
vn 0.101291 0.9609263 0.2576061
vn 0.104475 0.994526 0.001727
vn 0.4970511 0.8613892 -0.104638
vn 0.09140497 0.8763958 -0.4728379
vn 0.2019669 0.3520048 -0.9139485
vn 0.4833289 0.8369449 0.256742
vn 0.4999191 0.8660622 -0.004149001
vn 0.499937 0.8660609 0.001215
vn 0.4398998 0.7633967 -0.4729838
vn 0.3275801 0.2389581 -0.9141063
vn 0.7820771 0.5681351 0.256082
vn 0.396308 0.08460502 -0.9142111
vn 0.9454971 0.201247 0.255998
vn 0.7121118 0.5183688 -0.4734878
vn 0.8089015 0.5879436 0.0008269995
vn 0.8088897 0.5879428 -0.004550999
vn 0.8044043 0.5847172 -0.105069
vn 0.3963459 -0.08444098 -0.9142098
vn 0.9455053 -0.200813 0.256308
vn 0.8612453 0.1832681 -0.4739932
vn 0.9781121 0.208078 0.000601
vn 0.9781011 0.208076 -0.004765001
vn 0.327717 -0.238863 -0.9140821
vn 0.7820791 -0.567804 0.256809
vn 0.8614582 -0.183084 -0.4736772
vn 0.9781862 -0.207729 0.0005890001
vn 0.202106 -0.3519261 -0.9139481
vn 0.4836959 -0.8366998 0.2568499
vn 0.7125307 -0.5180248 -0.4732338
vn 0.04131298 -0.4042648 -0.9137085
vn 0.101447 -0.9609587 0.2574239
vn 0.9726856 0.2069489 -0.105142
vn 0.9781752 -0.207727 -0.004781001
vn 0.8091342 -0.5876232 0.0008160002
vn 0.4399741 -0.7630982 -0.4733962
vn -0.126787 -0.386654 -0.913468
vn -0.2980991 -0.9189843 0.2580791
vn 0.9727498 -0.206615 -0.105205
vn 0.8091254 -0.5876183 -0.004573002
vn 0.5000961 -0.8659691 0.001217
vn 0.09153997 -0.8761998 -0.4731748
vn -0.2731499 -0.3021079 -0.9133018
vn -0.6458756 -0.7182636 0.2587318
vn 0.8045655 -0.5844824 -0.1051411
vn 0.5000871 -0.8659652 -0.004158001
vn 0.104669 -0.9945056 0.001728999
vn -0.272981 -0.8379842 -0.4725081
vn -0.3725091 -0.165395 -0.9131711
vn -0.8823403 -0.3930862 0.2587641
vn 0.4972783 -0.8612576 -0.1046411
vn 0.104656 -0.9945018 -0.003632999
vn -0.3088569 -0.9511058 0.002269
vn -0.5902521 -0.6551462 -0.4715781
vn -0.4077078 -8.199994E-05 -0.9131125
vn -0.9659176 -4.999997E-06 0.2588499
vn -0.8058019 -0.358597 -0.4712659
vn -0.8814406 -0.0001729999 -0.4722947
vn -0.999995 -0.000155 0.003174
vn -0.9134774 -0.4068781 0.003046001
vn -0.9999975 -0.0001539999 -0.002226999
vn -0.6690039 -0.7432539 0.002726
vn -0.9134821 -0.406872 -0.002344
vn -0.9947184 -0.0001170001 -0.1026411
vn -0.6690098 -0.7432489 -0.002642
vn -0.9086571 -0.4046941 -0.102786
vn -0.9780509 -0.000118 -0.208366
vn -0.3088701 -0.9510993 -0.003093001
vn -0.8934023 -0.3978671 -0.2086481
vn -0.9477829 -0.000131 -0.318916
vn -0.665528 -0.739252 -0.102854
vn -0.30737 -0.9459551 -0.103405
vn -0.8658878 -0.3854179 -0.3188909
vn -0.9021412 -0.000136 -0.4314411
vn -0.6543452 -0.7267432 -0.20899
vn 0.103978 -0.9891144 -0.104122
vn -0.8241898 -0.3668599 -0.4314218
vn -0.8405785 -0.0001089999 -0.5416898
vn -0.6341746 -0.7041296 -0.3194118
vn -0.3022351 -0.9299693 -0.2093111
vn 0.102118 -0.9724007 -0.2097829
vn -0.7679039 -0.341716 -0.541806
vn -0.7634881 -0.000127 -0.645822
vn -0.6038013 -0.6701353 -0.4316742
vn -0.2930139 -0.9010388 -0.3197999
vn 0.4887768 -0.8467157 -0.2101659
vn -0.6974382 -0.3102681 -0.6459982
vn -0.7112138 -8.199996E-05 -0.7029757
vn -0.5625261 -0.6242061 -0.5421541
vn -0.279067 -0.8575758 -0.4320709
vn 0.09879702 -0.9421872 -0.3201911
vn 0.7908491 -0.5746251 -0.210627
vn -0.649747 -0.289045 -0.7030519
vn -0.7366922 -9.600003E-05 -0.6762282
vn -0.5109628 -0.5667527 -0.6463037
vn -0.260121 -0.7987261 -0.5425621
vn 0.093862 -0.8967229 -0.432525
vn 0.473407 -0.8204299 -0.320594
vn 0.9562114 -0.2030791 -0.2107571
vn -0.6730319 -0.299401 -0.676304
vn -0.7760008 -0.000105 -0.6307319
vn -0.476092 -0.5279579 -0.7032759
vn -0.2363431 -0.7253422 -0.6465452
vn 0.08719596 -0.8352097 -0.5429748
vn 0.4503888 -0.7808068 -0.4330019
vn 0.7661029 -0.5567809 -0.321063
vn -0.708937 -0.31541 -0.630813
vn -0.8138174 -0.0001239999 -0.5811207
vn -0.4931498 -0.5468989 -0.6765388
vn -0.220263 -0.6756179 -0.70358
vn 0.07903101 -0.758413 -0.646965
vn 0.4193462 -0.7272692 -0.5433491
vn 0.7289423 -0.5298522 -0.4334742
vn -0.7435 -0.330831 -0.58117
vn -0.8554574 -0.0001400001 -0.5178732
vn -0.5194122 -0.5761323 -0.6310963
vn -0.228098 -0.6998219 -0.6769199
vn 0.07345798 -0.7064627 -0.7039278
vn 0.3806119 -0.6603649 -0.6473429
vn -0.7815024 -0.3478002 -0.5179662
vn -0.9049457 -0.000142 -0.4255269
vn -0.5447012 -0.6043332 -0.5814482
vn -0.24022 -0.7372559 -0.631465
vn 0.07614598 -0.7317549 -0.6773009
vn -0.8267046 -0.3679818 -0.4256158
vn -0.9623656 -0.0001669999 -0.2717579
vn -0.5725391 -0.6353412 -0.5182091
vn -0.251853 -0.773333 -0.58183
vn -0.8791291 -0.391449 -0.271845
vn -0.9999719 -0.000155 -0.007509999
vn -0.6056182 -0.6721972 -0.4258842
vn -0.9134507 -0.4068779 -0.007621998
vn -0.9999883 -0.0001550001 -0.004827002
vn 0.3543431 -0.6151521 -0.7042932
vn 0.08033697 -0.7709048 -0.6318638
vn -0.2646679 -0.8129979 -0.518638
vn -0.6439442 -0.7150442 -0.272117
vn -0.9134656 -0.4068858 -0.004938998
vn -0.9572312 -0.000147 -0.289324
vn 0.3671149 -0.6371727 -0.6776707
vn 0.08436801 -0.808616 -0.5822561
vn -0.279889 -0.8601742 -0.4263361
vn -0.6690069 -0.7432138 -0.007937999
vn -0.8744621 -0.3893721 -0.289319
vn -0.9322658 -0.000125 -0.361774
vn 0.3868612 -0.6712303 -0.6322882
vn 0.08881802 -0.8500861 -0.5191001
vn -0.297476 -0.9149953 -0.2725651
vn -0.6690178 -0.7432278 -0.005254999
vn -0.8516982 -0.3790951 -0.3617971
vn -0.922185 -0.000173 -0.386749
vn 0.405887 -0.7040821 -0.582687
vn 0.09413997 -0.8994068 -0.4268549
vn -0.3088761 -0.9510652 -0.008404001
vn -0.6404809 -0.7112839 -0.2895849
vn -0.8424231 -0.375082 -0.386829
vn -0.9204314 -0.0001440001 -0.3909042
vn 0.4268419 -0.7402089 -0.5195159
vn 0.100352 -0.9567291 -0.273128
vn -0.308879 -0.9510841 -0.005721
vn -0.6238689 -0.6925768 -0.3621119
vn -0.8408913 -0.3742821 -0.3909152
vn -0.9267625 -0.0001419999 -0.3756478
vn 0.4517849 -0.7831358 -0.4273039
vn 0.1046919 -0.9944645 -0.008937994
vn -0.2959242 -0.9101114 -0.2900451
vn -0.6171551 -0.6850232 -0.3871211
vn -0.8466177 -0.3768909 -0.3757549
vn -0.9488418 -0.000148 -0.3157519
vn 0.480793 -0.833059 -0.273589
vn 0.104698 -0.9944844 -0.006255002
vn -0.2882601 -0.8862683 -0.3625391
vn -0.6159351 -0.683768 -0.391261
vn -0.8667722 -0.3859022 -0.3158881
vn -0.999483 -0.000162 -0.03215
vn 0.5001191 -0.8659051 -0.009450001
vn 0.09984097 -0.9516138 -0.2906249
vn -0.2851749 -0.8766026 -0.3876118
vn -0.6202191 -0.688491 -0.3759101
vn -0.9129913 -0.4067101 -0.03215301
vn -0.9967762 -0.000164 0.08023302
vn 0.5001319 -0.8659228 -0.006768999
vn 0.09705501 -0.9267011 -0.36305
vn -0.284623 -0.874885 -0.391875
vn -0.6350181 -0.704942 -0.315925
vn -0.9105372 -0.4055891 0.08012202
vn -0.9822555 -0.0001589999 0.1875479
vn 0.4781551 -0.8285082 -0.2914481
vn 0.09594601 -0.9166061 -0.388108
vn -0.286578 -0.881054 -0.3763201
vn -0.668628 -0.7428821 -0.03259901
vn -0.8972352 -0.3997711 0.1874891
vn -0.941085 -0.000151 0.33817
vn 0.4655689 -0.8068988 -0.363538
vn 0.09579697 -0.9147907 -0.3924039
vn -0.2933911 -0.9021203 -0.3163871
vn -0.6668487 -0.7409096 0.07978596
vn -0.8596057 -0.3830819 0.3381219
vn -0.8416084 -0.0001490001 0.5400882
vn 0.4604818 -0.7981526 -0.3884698
vn 0.09653002 -0.9212732 -0.3767461
vn -0.3087521 -0.9505644 -0.03315901
vn -0.6570355 -0.7302284 0.1872718
vn -0.7687511 -0.342755 0.5399451
vn -0.6375467 -9.399997E-05 0.7704117
vn 0.4595767 -0.7965654 -0.3927757
vn 0.09883302 -0.9432642 -0.3169931
vn -0.3077649 -0.9481496 0.07932996
vn -0.6294433 -0.6997793 0.3378021
vn -0.5823339 -0.2598419 0.7703047
vn -0.3225861 -5.800001E-05 0.9465402
vn -0.294587 -0.131752 0.9464988
vn -0.5628771 -0.6260722 0.5396321
vn -0.4261881 -0.4746271 0.7701252
vn -0.2154209 -0.2406569 0.9464027
vn -0.303245 -0.9344292 0.186774
vn 0.104589 -0.9939449 -0.033685
vn -0.2903451 -0.8954774 0.3373721
vn -0.196207 -0.6073281 0.7698411
vn -0.09878902 -0.307949 0.9462601
vn -0.2595109 -0.8011587 0.5392578
vn 0.104476 -0.9914001 0.078807
vn 0.06787302 -0.6350201 0.7695082
vn 0.035122 -0.322014 0.9460831
vn 0.103065 -0.977092 0.186196
vn 0.08887099 -0.8376899 0.5388669
vn 0.099004 -0.9363089 0.336933
vn 0.3203771 -0.5529281 0.7691742
vn 0.163162 -0.2804071 0.9459122
vn 0.4219381 -0.7293751 0.5384981
vn 0.4713201 -0.8152301 0.3365371
vn 0.491576 -0.8508059 0.185694
vn 0.498691 -0.863239 0.078267
vn 0.517634 -0.375252 0.768922
vn 0.2632289 -0.1902979 0.9457786
vn 0.682238 -0.4949961 0.53808
vn 0.7622197 -0.5532439 0.3360689
vn 0.7951978 -0.5773699 0.185215
vn 0.6255747 -0.1326729 0.7688006
vn 0.8246711 -0.174991 0.5378621
vn 0.8246292 0.175287 0.5378301
vn 0.9214289 -0.195612 0.335715
vn 0.7620485 0.5534704 0.3360842
vn 0.9213489 0.1959 0.335767
vn 0.7949708 0.5776169 0.1854189
vn 0.961317 -0.204107 0.184959
vn 0.9612244 0.2043991 0.1851181
vn 0.8065235 0.5860686 0.07773995
vn 0.9751534 0.2074221 0.07779503
vn 0.8084271 0.587571 -0.034727
vn 0.9752232 -0.207093 0.07779501
vn 0.9775109 0.207979 -0.034888
vn 0.7668661 0.557736 -0.317564
vn 0.806721 -0.585789 0.077797
vn 0.9775879 -0.207659 -0.034633
vn 0.9272756 0.1972449 -0.3182048
vn 0.7489049 0.5446069 -0.3775509
vn 0.8086352 -0.5873002 -0.03446301
vn 0.9272361 -0.197064 -0.318432
vn 0.9056164 0.1927678 -0.3777557
vn 0.7436081 0.540791 -0.3931821
vn 0.4998462 -0.8654393 -0.03418401
vn 0.7669607 -0.5574048 -0.3179169
vn 0.473986 -0.821354 -0.317356
vn 0.9055846 -0.1924229 -0.3780078
vn 0.8992419 0.191419 -0.393348
vn 0.7450803 0.5419552 -0.3887672
vn 0.462871 -0.8022499 -0.3770219
vn 0.749053 -0.544333 -0.377652
vn 0.899308 -0.191119 -0.393343
vn 0.7437831 -0.5406041 -0.3931081
vn 0.9010422 0.191814 -0.3890121
vn 0.7533433 0.5478092 -0.3638391
vn 0.7453173 -0.5416263 -0.3887712
vn 0.9010797 -0.1915099 -0.3890749
vn 0.910966 0.193824 -0.364106
vn 0.7736152 0.5625542 -0.2916371
vn 0.75345 -0.5476201 -0.363903
vn 0.9109941 -0.19354 -0.3641871
vn 0.9354579 0.199114 -0.292014
vn 0.8088956 0.5879087 -0.007166996
vn 0.7738518 -0.5622129 -0.2916679
vn 0.9355953 -0.1987951 -0.2917911
vn 0.9780878 0.2080619 -0.007384998
vn 0.8088751 0.5878981 -0.009851
vn 0.8090808 -0.5876538 -0.007166997
vn 0.978155 -0.207746 -0.007383
vn 0.9780647 0.2080579 -0.01007
vn 0.7778462 0.5655841 -0.2739891
vn 0.8090611 -0.587642 -0.009852
vn 0.9781322 -0.20774 -0.010071
vn 0.9406058 0.2001619 -0.2742189
vn 0.7310354 0.5317172 -0.4276262
vn 0.7780281 -0.5653431 -0.2739701
vn 0.9406664 -0.1998711 -0.2742231
vn 0.8840581 0.18817 -0.427824
vn 0.6907889 0.5025519 -0.5198579
vn 0.7312089 -0.5314659 -0.4276419
vn 0.8841088 -0.1879089 -0.4278339
vn 0.8354164 0.1778581 -0.5200442
vn 0.6569622 0.4780212 -0.5830063
vn 0.690945 -0.502327 -0.519868
vn 0.8354641 -0.177579 -0.520063
vn 0.794535 0.16916 -0.5831801
vn 0.6262271 0.455741 -0.632566
vn 0.6571068 -0.4778059 -0.5830199
vn 0.7945777 -0.1689119 -0.5831938
vn 0.7573913 0.1612981 -0.6327253
vn 0.5943242 0.4326102 -0.6779582
vn 0.6263637 -0.4555188 -0.6325907
vn 0.7574428 -0.1610579 -0.6327248
vn 0.7188429 0.153097 -0.6781049
vn 0.573696 0.4176569 -0.7045819
vn 0.5944747 -0.4323959 -0.6779628
vn 0.7188866 -0.1528699 -0.6781097
vn 0.6938601 0.147805 -0.704778
vn 0.6161273 0.4483981 -0.6475542
vn 0.573824 -0.4174369 -0.704608
vn 0.693875 -0.147582 -0.70481
vn 0.745037 0.158659 -0.647879
vn 0.6785912 0.4936461 -0.5439001
vn 0.6162679 -0.4481719 -0.6475769
vn 0.745085 -0.158429 -0.64788
vn 0.8207549 0.174759 -0.5438939
vn 0.7288267 0.5301438 -0.4333118
vn 0.6788382 -0.4935271 -0.5437001
vn 0.820879 -0.174487 -0.543794
vn 0.881407 0.187652 -0.433484
vn 0.7659951 0.5570121 -0.320919
vn 0.8814401 -0.187258 -0.433587
vn 0.9262364 0.1970791 -0.3213192
vn 0.790674 0.5748131 -0.210771
vn 0.9262443 -0.196828 -0.3214501
vn 0.9561366 0.2034249 -0.2107629
vn 0.5153948 8.199997E-05 -0.8569528
vn 0.01179801 0.005831002 -0.9999135
vn 0.013052 0 -0.9999149
vn 0.47071 0.210154 -0.8568941
vn 0.816843 0.000131 -0.57686
vn 0.008293999 0.010654 -0.9999088
vn 0.746106 0.332682 -0.576757
vn 0.9585733 0.000146 -0.2848461
vn 0.344453 0.383916 -0.856715
vn 0.003128001 0.013626 -0.9999022
vn 0.8756071 0.390178 -0.284734
vn 0.9956099 0.000152 -0.09359999
vn 0.546248 0.607712 -0.576454
vn 0.158425 0.491285 -0.8564699
vn -0.002793999 0.014239 -0.9998947
vn -0.055176 0.5136799 -0.8562059
vn -0.008462003 0.012394 -0.9998873
vn 0.251795 0.7776631 -0.576055
vn 0.6411618 0.7127398 -0.284453
vn 0.9094537 0.4051639 -0.09346797
vn -0.2594289 0.4472658 -0.8559496
vn -0.012879 0.008414996 -0.9998816
vn -0.08635301 0.8131202 -0.575655
vn 0.2958341 0.9120322 -0.284041
vn -0.4190289 0.303528 -0.8557368
vn -0.01529799 0.002973998 -0.9998785
vn -0.409665 0.7079889 -0.575262
vn -0.5063559 0.107315 -0.8556209
vn -0.015311 -0.002985001 -0.9998783
vn 0.8779131 0.390867 0.276571
vn 0.9610275 0.0001459999 0.2764529
vn 0.6660207 0.7400736 -0.09331395
vn -0.100756 0.9536506 -0.2835469
vn -0.6622418 0.4804649 -0.5749689
vn -0.506327 -0.107481 -0.8556171
vn -0.01288599 -0.008416996 -0.9998815
vn 0.643046 0.714019 0.276891
vn 0.9107581 0.4056391 0.07730801
vn 0.9970162 0.000163 0.07719301
vn 0.9999992 0.000163 -0.001295
vn 0.6670381 0.7409681 0.07763002
vn 0.9134806 0.4068808 -0.001180999
vn -0.8004889 0.169857 -0.5747749
vn -0.4189169 -0.3036599 -0.8557448
vn -0.008447995 -0.01239399 -0.9998875
vn 0.9134812 0.4068791 -0.001181
vn 0.9999992 0.000165 -0.001294
vn 0.9996409 0.000176 0.026796
vn 0.913157 0.40672 0.026892
vn 0.9514679 0.000153 0.307748
vn 0.6690068 0.7432558 -0.0008649998
vn 0.869177 0.38698 0.30786
vn 0.8658832 0.000133 0.5002461
vn -0.800433 -0.170133 -0.574771
vn -0.25929 -0.447321 -0.8559631
vn -0.002786999 -0.014249 -0.9998946
vn 0.6690041 0.7432581 -0.0008660002
vn 0.6687921 0.742951 0.02722
vn 0.7910232 0.3520441 0.5003471
vn 0.8058139 0.00013 0.5921689
vn -0.6620938 -0.4806558 -0.5749799
vn -0.05501202 -0.5136802 -0.8562163
vn 0.003133001 -0.013625 -0.9999022
vn 0.3080048 0.9481735 0.07810396
vn 0.6366633 0.7068793 0.3081911
vn -0.409442 -0.708109 -0.5752729
vn 0.1585971 -0.4912131 -0.8564792
vn 0.008280002 -0.010638 -0.9999092
vn 0.297078 0.9136912 0.2773321
vn -0.08606602 -0.8131301 -0.5756841
vn 0.3445539 -0.3837838 -0.8567337
vn 0.011811 -0.005829002 -0.9999133
vn 0.307398 0.9470291 -0.09296501
vn 0.25205 -0.7775471 -0.5761
vn 0.4707509 -0.20999 -0.8569118
vn 0.013052 0 -0.9999149
vn 0.5153948 8.199997E-05 -0.8569528
vn 0.5464301 -0.6075171 -0.5764871
vn 0.746199 -0.332449 -0.576771
vn 0.816843 0.000131 -0.57686
vn 0.875734 -0.389904 -0.284719
vn 0.9585733 0.000146 -0.2848461
vn 0.6414142 -0.7125282 -0.2844141
vn 0.2961351 -0.9119412 -0.28402
vn -0.100426 -0.9537052 -0.28348
vn 0.9095868 -0.4048319 -0.09360999
vn 0.9956099 0.000152 -0.09359999
vn 0.9610275 0.0001459999 0.2764529
vn 0.666257 -0.7398539 -0.09336899
vn 0.8780388 -0.3906009 0.2765479
vn 0.9970162 0.000163 0.07719301
vn 0.307739 -0.9469219 -0.09292799
vn 0.643282 -0.713813 0.276874
vn 0.9108917 -0.4053388 0.07730997
vn -0.104041 -0.9902677 -0.09244198
vn 0.2973518 -0.9135985 0.2773438
vn 0.9136122 -0.4065851 -0.001184
vn 0.9999992 0.000163 -0.001295
vn 0.9999992 0.000165 -0.001294
vn 0.6672822 -0.7407472 0.07764103
vn 0.6692463 -0.7430402 -0.0008680002
vn 0.9136122 -0.4065851 -0.001184
vn 0.913287 -0.406426 0.02692
vn 0.9996409 0.000176 0.026796
vn 0.869293 -0.386702 0.307882
vn 0.9514679 0.000153 0.307748
vn 0.7911438 -0.351799 0.5003289
vn 0.8658832 0.000133 0.5002461
vn 0.7362767 -0.3273209 0.5922478
vn 0.8058139 0.00013 0.5921689
vn 0.693531 -0.308257 0.651147
vn 0.7590206 0.0001279999 0.6510666
vn 0.6546877 -0.2909409 0.6976657
vn 0.71654 0.000118 0.697546
vn 0.6570191 -0.291975 0.6950371
vn 0.7190781 0.000108 0.6949292
vn 0.7679838 -0.3414429 0.5418649
vn 0.8405415 0.0001260001 0.5417473
vn 0.8630198 -0.3838719 0.3283889
vn 0.9445739 0.000127 0.328299
vn 0.913421 -0.406439 0.021667
vn 0.9997672 0.000177 0.02157301
vn 0.9135911 -0.406525 0.009415
vn 0.9999566 0.0001799999 0.009315995
vn 0.5595506 -0.2485198 0.7906585
vn 0.6122772 5.400001E-05 0.7906432
vn 0.4223389 -0.187456 0.8868428
vn 0.462138 8E-05 0.886808
vn 0.3908489 8.399998E-05 0.9204548
vn 0.5627637 -0.6240287 0.5421118
vn 0.6322649 -0.7015519 0.328734
vn 0.6690701 -0.7428741 0.021986
vn 0.669193 -0.7430249 0.009729999
vn 0.410014 -0.4541771 0.7909561
vn 0.309669 -0.342575 0.886988
vn 0.3572122 -0.1584141 0.9204915
vn 0.4815142 -0.5336472 0.6952444
vn -0.8017059 0.356952 0.4794299
vn -0.8779113 -0.0002160001 0.4788232
vn -0.9659176 -4.999997E-06 0.2588499
vn -0.8821507 0.3929098 0.2596769
vn -0.5871392 0.6525223 0.4790432
vn -0.6460029 0.7178389 0.259591
vn 0.2619811 -0.2896291 0.9205872
vn -0.2709859 0.8355736 0.4778948
vn -0.298218 0.918862 0.258377
vn 0.143693 -0.4384302 0.8872042
vn 0.121684 -0.370575 0.920797
vn 0.09231202 0.8738121 0.4774211
vn 0.101291 0.9609263 0.2576061
vn 0.1901031 -0.5812433 0.7912124
vn -0.04699302 -0.4585323 0.8874344
vn -0.039482 -0.387471 0.921036
vn 0.439777 0.7605989 0.477583
vn 0.4833289 0.8369449 0.256742
vn 0.3091968 -0.9509434 0.01019899
vn -0.062682 -0.6079569 0.7914918
vn -0.2293341 -0.3993641 0.8876454
vn -0.1935901 -0.3374471 0.9212233
vn 0.7111838 0.5163038 0.4771248
vn 0.7820771 0.5681351 0.256082
vn 0.309151 -0.9507481 0.022447
vn -0.104374 -0.9944801 0.01074
vn -0.3044409 -0.529406 0.7918618
vn -0.3717599 -0.2710129 0.8878888
vn -0.313991 -0.229048 0.921383
vn 0.8602438 0.182673 0.4760369
vn 0.9454971 0.201247 0.255998
vn 0.2922461 -0.8979112 0.3291621
vn -0.1043271 -0.9942775 0.02298201
vn -0.4998279 -0.8660517 0.011253
vn -0.4932272 -0.3592871 0.7922372
vn -0.449724 -0.09594701 0.8879991
vn -0.379918 -0.0811 0.9214581
vn 0.8604011 -0.182466 0.4758321
vn 0.9455053 -0.200813 0.256308
vn 0.260334 -0.7987038 0.5424929
vn -0.09809395 -0.9389915 0.3296548
vn -0.4997022 -0.8658783 0.02350101
vn -0.8088539 -0.587894 0.01166
vn -0.5967846 -0.1271289 0.7922665
vn -0.449768 0.095752 0.8879979
vn -0.3799139 0.08091898 0.9214757
vn 0.7115791 -0.516238 0.4766061
vn 0.7820791 -0.567804 0.256809
vn 0.439994 -0.7604671 0.477593
vn 0.4836959 -0.8366998 0.2568499
vn -0.314057 0.228969 0.92138
vn -0.371813 0.2709 0.8879011
vn -0.5969239 0.127003 0.7921818
vn -0.9780483 -0.2080389 0.01188299
vn 0.092434 -0.873562 0.4778549
vn 0.101447 -0.9609587 0.2574239
vn -0.193693 0.3374359 0.9212057
vn -0.2294178 0.3992047 0.8876954
vn -0.4935919 0.359131 0.7920808
vn -0.270692 -0.8355221 0.4781511
vn -0.2980991 -0.9189843 0.2580791
vn -0.03960001 0.3875131 0.9210132
vn -0.04709598 0.4585078 0.8874416
vn -0.5872269 -0.6530139 0.4782649
vn -0.6458756 -0.7182636 0.2587318
vn 0.121534 0.370575 0.9208169
vn -0.8021436 -0.3574308 0.4783397
vn -0.8823403 -0.3930862 0.2587641
vn -0.9781018 0.207788 0.011874
vn -0.304777 0.5292109 0.7918628
vn 0.143537 0.4385 0.887195
vn 0.261851 0.2896179 0.9206278
vn -0.8779113 -0.0002160001 0.4788232
vn -0.9659176 -4.999997E-06 0.2588499
vn 0.357191 0.15854 0.920478
vn 0.3908489 8.399998E-05 0.9204548
vn 0.462138 8E-05 0.886808
vn 0.309506 0.342616 0.8870289
vn 0.422225 0.187475 0.886893
vn -0.06307898 0.6078118 0.7915717
vn 0.5591881 0.2486401 0.7908772
vn 0.6122772 5.400001E-05 0.7906432
vn 0.4099109 0.4542519 0.7909667
vn 0.189825 0.5814289 0.7911429
vn 0.9134686 0.4067998 0.009435995
vn 0.9999566 0.0001799999 0.009315995
vn 0.6689608 0.7432338 0.009745998
vn 0.3087808 0.9510785 0.01020399
vn -0.104564 0.9944601 0.010743
vn -0.500066 0.8659141 0.011257
vn 0.9132959 0.4067189 0.02169
vn 0.9997672 0.000177 0.02157301
vn 0.668838 0.7430829 0.02199
vn 0.3087339 0.9508836 0.02244199
vn -0.1045391 0.9942556 0.02296901
vn 0.8629291 0.3841731 0.3282751
vn 0.9445739 0.000127 0.328299
vn 0.6320811 0.7018111 0.328534
vn 0.2920029 0.8980047 0.3291229
vn 0.7678999 0.341744 0.5417939
vn 0.8405415 0.0001260001 0.5417473
vn 0.5625823 0.6242622 0.5420312
vn 0.6569399 0.2922249 0.6950069
vn 0.7190781 0.000108 0.6949292
vn -0.4999537 0.8657334 0.02349398
vn -0.09838796 0.9389647 0.3296438
vn 0.2600969 0.7987878 0.5424828
vn 0.4813319 0.533777 0.695271
vn 0.654636 0.2911719 0.6976179
vn 0.71654 0.000118 0.697546
vn -0.4717572 0.8176194 0.3300661
vn -0.08722296 0.8351945 0.5429938
vn 0.2227411 0.6830002 0.6956272
vn 0.4796421 0.531886 0.6978831
vn 0.6934351 0.308483 0.6511421
vn 0.7590206 0.0001279999 0.6510666
vn -0.4193402 0.7272494 0.5433803
vn -0.07424498 0.7141738 0.6960198
vn 0.2219229 0.6806387 0.6981986
vn 0.5080777 0.5635146 0.6513896
vn 0.736162 0.327566 0.5922551
vn 0.539381 0.5983589 0.5924819
vn 0.579511 0.6430929 0.500598
vn 0.2350299 0.7211006 0.6517476
vn -0.07400797 0.7116936 0.6985806
vn 0.2494329 0.7656857 0.5928817
vn 0.267899 0.822946 0.500989
vn 0.2941459 0.9045656 0.3086088
vn -0.07851499 0.7540148 0.6521479
vn -0.083514 0.800608 0.59334
vn -0.08993898 0.8604888 0.5014679
vn 0.3087821 0.9507293 0.02770101
vn -0.09914605 0.9458555 0.3090751
vn 0.3088601 0.9511073 -0.0004000001
vn -0.104602 0.9941134 0.02823201
vn -0.104673 0.9945067 0.000137
vn 0.3088589 0.9511078 -0.000401
vn -0.104249 0.9914376 0.07863597
vn -0.104672 0.9945068 0.000137
vn -0.500142 0.8659432 0.0006500001
vn -0.4999078 0.8656017 0.02874099
vn -0.100185 0.9553918 0.2778299
vn -0.4984989 0.8632699 0.079144
vn -0.5001428 0.8659427 0.0006489997
vn -0.104368 0.9902378 -0.09239297
vn -0.4801188 0.8318788 0.2783229
vn -0.479965 0.8303681 -0.283059
vn -0.498112 0.8622341 -0.09185199
vn -0.7762337 0.5635318 -0.2826539
vn -0.8065202 0.5858293 0.07955703
vn -0.809116 0.587648 0.001048
vn -0.7769347 0.5645238 0.2787209
vn -0.9750564 0.2071211 0.07978603
vn -0.8091181 0.5876451 0.001048
vn -0.8057587 0.5851418 -0.09144495
vn -0.9383808 0.1992139 -0.2824099
vn -0.939338 0.199599 0.278934
vn -0.9383067 -0.1995259 -0.2824359
vn -0.9741033 0.2068651 -0.09126702
vn -0.7760719 -0.5637689 -0.282625
vn -0.9392756 -0.1998819 0.2789419
vn -0.9740378 -0.2071809 -0.09124998
vn -0.4797097 -0.8305535 -0.2829478
vn -0.8055898 -0.585367 -0.09149098
vn -0.4978379 -0.8623847 -0.09192396
vn -0.7767407 -0.5647987 0.2787049
vn -0.4798531 -0.832042 0.278293
vn -0.09991001 -0.95542 0.277832
vn 0.3083029 -0.9480758 0.07811199
vn -0.103947 -0.9914678 0.07865499
vn -0.4982179 -0.8634298 0.07916997
vn -0.8063205 -0.5861027 0.07956696
vn 0.3091759 -0.9510048 -0.0004029999
vn -0.104375 -0.994538 0.000134
vn -0.4998708 -0.8660997 0.0006479997
vn 0.6692478 -0.7430388 -0.0008689997
vn 0.309178 -0.9510041 -0.0004030001
vn 0.6690238 -0.7427418 0.02723399
vn -0.9749911 -0.20743 0.079782
vn -0.8089204 -0.5879173 0.001048
vn -0.9781129 -0.2080709 0.001267
vn -0.104377 -0.9945378 0.000133
vn 0.3090921 -0.9506283 0.02770701
vn 0.6369129 -0.7066599 0.308178
vn -0.4998747 -0.8660975 0.0006469996
vn -0.104306 -0.9941443 0.02824201
vn 0.2944369 -0.9044577 0.3086469
vn 0.5797233 -0.6429053 0.5005932
vn -0.8089198 -0.5879179 0.001049
vn -0.4996408 -0.8657557 0.02874399
vn -0.09886501 -0.945864 0.309139
vn 0.26816 -0.8228599 0.5009909
vn 0.5395458 -0.5981738 0.5925187
vn -0.808567 -0.5876821 0.029142
vn -0.4750172 -0.8237233 0.3095781
vn -0.08966096 -0.8605196 0.5014648
vn 0.2496531 -0.7656143 0.5928813
vn 0.5082408 -0.5633488 0.6514056
vn -0.768948 -0.55917 0.309916
vn -0.431859 -0.7493851 0.5019161
vn -0.08326706 -0.8006505 0.5933173
vn 0.235246 -0.721019 0.6517599
vn 0.4798109 -0.5317459 0.6978739
vn 0.222157 -0.6805639 0.698197
vn 0.2229329 -0.6829838 0.6955819
vn -0.07828999 -0.7540408 0.6521449
vn -0.4016471 -0.6972393 0.5937482
vn -0.07375999 -0.7117309 0.6985689
vn -0.08691503 -0.8352043 0.5430282
vn -0.074023 -0.714219 0.695997
vn -0.378139 -0.656677 0.652523
vn -0.4714981 -0.8177411 0.330135
vn -0.35684 -0.6198329 0.698908
vn -0.4191081 -0.7273191 0.5434661
vn -0.358075 -0.621996 0.6963499
vn -0.8086722 -0.5877741 0.023895
vn -0.7633389 -0.5551329 0.330365
vn -0.977834 -0.207988 0.024117
vn -0.6786369 -0.4937389 0.5437589
vn -0.5800609 -0.4221999 0.6966179
vn -0.9231126 -0.1964789 0.3305438
vn -0.9778869 0.207738 0.024127
vn -0.8207349 -0.174754 0.5439259
vn -0.5780182 -0.4207271 0.6992022
vn -0.8090829 0.587579 0.011651
vn -0.8088987 0.5874618 0.02390499
vn -0.9231492 0.19621 0.3306011
vn -0.7635233 0.5548502 0.3304141
vn -0.8208479 0.174503 0.5438359
vn -0.6788144 0.4935883 0.5436742
vn -0.701524 -0.149432 0.6968029
vn -0.7015667 0.1492039 0.6968087
vn -0.5801823 0.4220242 0.6966233
vn -0.6990809 -0.148902 0.6993669
vn -0.3583201 0.6218591 0.6963461
vn -0.6991259 0.148667 0.6993719
vn -0.6124699 -0.445761 0.6528229
vn -0.3570349 0.6196869 0.6989379
vn -0.5781168 0.4205588 0.6992218
vn -0.7407448 -0.1577649 0.6529987
vn -0.6504441 -0.4733111 0.594053
vn -0.3783571 0.6565352 0.6525393
vn -0.6126007 0.4455478 0.6528457
vn -0.7407921 0.157516 0.6530051
vn -0.786651 -0.167516 0.594238
vn -0.6992729 -0.50869 0.5022469
vn -0.4018761 0.6971092 0.5937461
vn -0.6506056 0.4730907 0.5940516
vn -0.7867146 0.1672529 0.5942277
vn -0.8456532 -0.18004 0.5024501
vn -0.4321083 0.7492434 0.5019132
vn -0.699437 0.5084581 0.5022531
vn -0.8457142 0.179768 0.5024451
vn -0.9298685 -0.1978939 0.3101329
vn -0.4752902 0.8235733 0.3095581
vn -0.7691247 0.5588859 0.3099899
vn -0.9299129 0.19759 0.310194
vn -0.977689 -0.207995 0.029364
vn -0.8087542 0.5874241 0.02914901
vn -0.9777561 0.207678 0.02937101
vn -0.9781128 -0.2080719 0.001269
vn -0.978179 0.20776 0.001267
vn -0.978179 0.20776 0.001267
vn 0.04804699 -0.009926996 0.9987957
vn 0.3178838 0.06736397 0.9457336
vn 0.3179309 -0.06726398 0.9457248
vn 0.2631349 0.1903579 0.9457927
vn 0.2632289 -0.1902979 0.9457786
vn 0.163067 0.28043 0.945922
vn 0.163162 -0.2804071 0.9459122
vn 0.03502199 0.322008 0.9460889
vn 0.035122 -0.322014 0.9460831
vn -0.09888602 0.3079141 0.9462613
vn -0.09878902 -0.307949 0.9462601
vn -0.2154929 0.2405999 0.9464008
vn -0.2154209 -0.2406569 0.9464027
vn -0.294621 0.131667 0.9465
vn -0.294587 -0.131752 0.9464988
vn -0.3225861 -5.800001E-05 0.9465402
usemtl Kitchen_set_props
f 1/1/1 3/3/3 2/2/2 
f 1/1/1 4/4/4 3/3/3 
f 5/5/5 4/4/4 1/1/1 
f 4/4/4 6/6/6 3/3/3 
f 5/5/5 7/7/7 4/4/4 
f 8/8/8 7/7/7 5/5/5 
f 4/4/4 9/9/9 6/6/6 
f 7/7/7 9/9/9 4/4/4 
f 9/9/9 10/10/10 6/6/6 
f 8/8/8 11/11/11 7/7/7 
f 12/12/12 11/11/11 8/8/8 
f 7/7/7 13/13/13 9/9/9 
f 11/11/11 13/13/13 7/7/7 
f 9/9/9 14/14/14 10/10/10 
f 13/13/13 14/14/14 9/9/9 
f 14/14/14 15/15/15 10/10/10 
f 12/12/12 16/16/16 11/11/11 
f 17/17/17 16/16/16 12/12/12 
f 11/11/11 18/18/18 13/13/13 
f 16/16/16 18/18/18 11/11/11 
f 13/13/13 19/19/19 14/14/14 
f 18/18/18 19/19/19 13/13/13 
f 14/14/14 20/20/20 15/15/15 
f 19/19/19 20/20/20 14/14/14 
f 20/20/20 21/21/21 15/15/15 
f 17/17/17 22/22/22 16/16/16 
f 23/23/23 22/22/22 17/17/17 
f 16/16/16 24/24/24 18/18/18 
f 22/22/22 24/24/24 16/16/16 
f 18/18/18 25/25/25 19/19/19 
f 24/24/24 25/25/25 18/18/18 
f 19/19/19 26/26/26 20/20/20 
f 25/25/25 26/26/26 19/19/19 
f 20/20/20 27/27/27 21/21/21 
f 26/26/26 27/27/27 20/20/20 
f 27/27/27 28/28/28 21/21/21 
f 23/23/23 29/29/29 22/22/22 
f 30/30/30 29/29/29 23/23/23 
f 22/22/22 31/31/31 24/24/24 
f 29/29/29 31/31/31 22/22/22 
f 24/24/24 32/32/32 25/25/25 
f 31/31/31 32/32/32 24/24/24 
f 25/25/25 33/33/33 26/26/26 
f 32/32/32 33/33/33 25/25/25 
f 26/26/26 34/34/34 27/27/27 
f 33/33/33 34/34/34 26/26/26 
f 27/27/27 35/35/35 28/28/28 
f 34/34/34 35/35/35 27/27/27 
f 35/35/35 36/36/36 28/28/28 
f 30/30/30 37/37/37 29/29/29 
f 37/37/37 30/30/30 38/38/38 
f 29/29/29 39/39/39 31/31/31 
f 37/37/37 39/39/39 29/29/29 
f 31/31/31 40/40/40 32/32/32 
f 39/39/39 40/40/40 31/31/31 
f 32/32/32 41/41/41 33/33/33 
f 40/40/40 41/41/41 32/32/32 
f 33/33/33 42/42/42 34/34/34 
f 41/41/41 42/42/42 33/33/33 
f 34/34/34 43/43/43 35/35/35 
f 42/42/42 43/43/43 34/34/34 
f 35/35/35 44/44/44 36/36/36 
f 43/43/43 44/44/44 35/35/35 
f 44/44/44 45/45/45 36/36/36 
f 44/44/44 46/46/46 45/45/45 
f 46/46/46 47/47/47 45/45/45 
f 43/43/43 48/48/48 44/44/44 
f 48/48/48 46/46/46 44/44/44 
f 42/42/42 49/49/49 43/43/43 
f 49/49/49 48/48/48 43/43/43 
f 41/41/41 50/50/50 42/42/42 
f 50/50/50 49/49/49 42/42/42 
f 40/40/40 51/51/51 41/41/41 
f 51/51/51 50/50/50 41/41/41 
f 46/46/46 52/52/52 47/47/47 
f 52/52/52 53/53/53 47/47/47 
f 48/48/48 54/54/54 46/46/46 
f 54/54/54 52/52/52 46/46/46 
f 49/49/49 55/55/55 48/48/48 
f 55/55/55 54/54/54 48/48/48 
f 50/50/50 56/56/56 49/49/49 
f 56/56/56 55/55/55 49/49/49 
f 52/52/52 57/57/57 53/53/53 
f 57/57/57 58/58/58 53/53/53 
f 54/54/54 59/59/59 52/52/52 
f 59/59/59 57/57/57 52/52/52 
f 55/55/55 60/60/60 54/54/54 
f 60/60/60 59/59/59 54/54/54 
f 57/57/57 61/61/61 58/58/58 
f 61/61/61 62/62/62 58/58/58 
f 59/59/59 63/63/63 57/57/57 
f 63/63/63 61/61/61 57/57/57 
f 61/61/61 64/64/64 62/62/62 
f 64/64/64 65/65/65 62/62/62 
f 66/66/66 56/56/56 50/50/50 
f 51/51/51 66/66/66 50/50/50 
f 56/56/56 67/67/67 55/55/55 
f 67/67/67 60/60/60 55/55/55 
f 60/60/60 68/68/68 59/59/59 
f 68/68/68 63/63/63 59/59/59 
f 63/63/63 69/69/69 61/61/61 
f 69/69/69 64/64/64 61/61/61 
f 64/64/64 70/70/70 65/65/65 
f 70/70/70 71/71/71 65/65/65 
f 66/66/66 72/72/72 56/56/56 
f 72/72/72 67/67/67 56/56/56 
f 67/67/67 73/73/73 60/60/60 
f 73/73/73 68/68/68 60/60/60 
f 68/68/68 74/74/74 63/63/63 
f 74/74/74 69/69/69 63/63/63 
f 69/69/69 75/75/75 64/64/64 
f 75/75/75 70/70/70 64/64/64 
f 70/70/70 76/76/76 71/71/71 
f 76/76/76 77/77/77 71/71/71 
f 72/72/72 78/78/78 67/67/67 
f 78/78/78 73/73/73 67/67/67 
f 73/73/73 79/79/79 68/68/68 
f 79/79/79 74/74/74 68/68/68 
f 74/74/74 80/80/80 69/69/69 
f 80/80/80 75/75/75 69/69/69 
f 75/75/75 81/81/81 70/70/70 
f 81/81/81 76/76/76 70/70/70 
f 76/76/76 82/82/82 77/77/77 
f 82/82/82 83/83/83 77/77/77 
f 78/78/78 84/84/84 73/73/73 
f 84/84/84 79/79/79 73/73/73 
f 79/79/79 85/85/85 74/74/74 
f 85/85/85 80/80/80 74/74/74 
f 80/80/80 86/86/86 75/75/75 
f 86/86/86 81/81/81 75/75/75 
f 81/81/81 87/87/87 76/76/76 
f 87/87/87 82/82/82 76/76/76 
f 82/82/82 88/88/88 83/83/83 
f 88/88/88 89/89/89 83/83/83 
f 84/84/84 90/90/90 79/79/79 
f 90/90/90 85/85/85 79/79/79 
f 85/85/85 91/91/91 80/80/80 
f 91/91/91 86/86/86 80/80/80 
f 86/86/86 92/92/92 81/81/81 
f 92/92/92 87/87/87 81/81/81 
f 87/87/87 93/93/93 82/82/82 
f 93/93/93 88/88/88 82/82/82 
f 88/88/88 94/94/94 89/89/89 
f 94/94/94 95/95/95 89/89/89 
f 90/90/90 96/96/96 85/85/85 
f 96/96/96 91/91/91 85/85/85 
f 91/91/91 97/97/97 86/86/86 
f 97/97/97 92/92/92 86/86/86 
f 92/92/92 98/98/98 87/87/87 
f 98/98/98 93/93/93 87/87/87 
f 93/93/93 99/99/99 88/88/88 
f 99/99/99 94/94/94 88/88/88 
f 94/94/94 100/100/100 95/95/95 
f 100/100/100 101/101/101 95/95/95 
f 96/96/96 102/102/102 91/91/91 
f 102/102/102 97/97/97 91/91/91 
f 97/97/97 103/103/103 92/92/92 
f 103/103/103 98/98/98 92/92/92 
f 98/98/98 104/104/104 93/93/93 
f 104/104/104 99/99/99 93/93/93 
f 99/99/99 105/105/105 94/94/94 
f 105/105/105 100/100/100 94/94/94 
f 100/100/100 106/106/106 101/101/101 
f 106/106/106 107/107/107 101/101/101 
f 102/102/102 108/108/108 97/97/97 
f 108/108/108 103/103/103 97/97/97 
f 103/103/103 109/109/109 98/98/98 
f 109/109/109 104/104/104 98/98/98 
f 104/104/104 110/110/110 99/99/99 
f 110/110/110 105/105/105 99/99/99 
f 105/105/105 111/111/111 100/100/100 
f 111/111/111 106/106/106 100/100/100 
f 106/106/106 112/112/112 107/107/107 
f 112/112/112 113/113/113 107/107/107 
f 108/108/108 114/114/114 103/103/103 
f 114/114/114 109/109/109 103/103/103 
f 109/109/109 115/115/115 104/104/104 
f 115/115/115 110/110/110 104/104/104 
f 110/110/110 116/116/116 105/105/105 
f 116/116/116 111/111/111 105/105/105 
f 111/111/111 117/117/117 106/106/106 
f 117/117/117 112/112/112 106/106/106 
f 112/112/112 118/118/118 113/113/113 
f 118/118/118 119/119/119 113/113/113 
f 114/114/114 120/120/120 109/109/109 
f 120/120/120 115/115/115 109/109/109 
f 115/115/115 121/121/121 110/110/110 
f 121/121/121 116/116/116 110/110/110 
f 116/116/116 122/122/122 111/111/111 
f 122/122/122 117/117/117 111/111/111 
f 117/117/117 123/123/123 112/112/112 
f 123/123/123 118/118/118 112/112/112 
f 118/118/118 124/124/124 119/119/119 
f 124/124/124 125/125/125 119/119/119 
f 120/120/120 126/126/126 115/115/115 
f 126/126/126 121/121/121 115/115/115 
f 121/121/121 127/127/127 116/116/116 
f 127/127/127 122/122/122 116/116/116 
f 122/122/122 128/128/128 117/117/117 
f 128/128/128 123/123/123 117/117/117 
f 123/123/123 129/129/129 118/118/118 
f 129/129/129 124/124/124 118/118/118 
f 124/124/124 130/130/130 125/125/125 
f 130/130/130 131/131/131 125/125/125 
f 126/126/126 132/132/132 121/121/121 
f 132/132/132 127/127/127 121/121/121 
f 127/127/127 133/133/133 122/122/122 
f 133/133/133 128/128/128 122/122/122 
f 128/128/128 134/134/134 123/123/123 
f 134/134/134 129/129/129 123/123/123 
f 129/129/129 135/135/135 124/124/124 
f 135/135/135 130/130/130 124/124/124 
f 130/130/130 136/136/136 131/131/131 
f 136/136/136 137/137/137 131/131/131 
f 132/132/132 138/138/138 127/127/127 
f 138/138/138 133/133/133 127/127/127 
f 133/133/133 139/139/139 128/128/128 
f 139/139/139 134/134/134 128/128/128 
f 134/134/134 140/140/140 129/129/129 
f 140/140/140 135/135/135 129/129/129 
f 135/135/135 141/141/141 130/130/130 
f 141/141/141 136/136/136 130/130/130 
f 136/136/136 142/142/142 137/137/137 
f 142/142/142 143/143/143 137/137/137 
f 138/138/138 144/144/144 133/133/133 
f 144/144/144 139/139/139 133/133/133 
f 139/139/139 145/145/145 134/134/134 
f 145/145/145 140/140/140 134/134/134 
f 140/140/140 146/146/146 135/135/135 
f 146/146/146 141/141/141 135/135/135 
f 141/141/141 147/147/147 136/136/136 
f 147/147/147 142/142/142 136/136/136 
f 142/142/142 148/148/148 143/143/143 
f 148/148/148 149/149/149 143/143/143 
f 144/144/144 150/150/150 139/139/139 
f 150/150/150 145/145/145 139/139/139 
f 145/145/145 151/151/151 140/140/140 
f 151/151/151 146/146/146 140/140/140 
f 146/146/146 152/152/152 141/141/141 
f 152/152/152 147/147/147 141/141/141 
f 147/147/147 153/153/153 142/142/142 
f 153/153/153 148/148/148 142/142/142 
f 148/148/148 154/154/154 149/149/149 
f 154/154/154 155/155/155 149/149/149 
f 150/150/150 156/156/156 145/145/145 
f 156/156/156 151/151/151 145/145/145 
f 151/151/151 157/157/157 146/146/146 
f 157/157/157 152/152/152 146/146/146 
f 152/152/152 158/158/158 147/147/147 
f 158/158/158 153/153/153 147/147/147 
f 153/153/153 159/159/159 148/148/148 
f 159/159/159 154/154/154 148/148/148 
f 154/154/154 160/160/160 155/155/155 
f 160/160/160 161/161/161 155/155/155 
f 156/156/156 162/162/162 151/151/151 
f 162/162/162 157/157/157 151/151/151 
f 157/157/157 163/163/163 152/152/152 
f 163/163/163 158/158/158 152/152/152 
f 158/158/158 164/164/164 153/153/153 
f 164/164/164 159/159/159 153/153/153 
f 159/159/159 165/165/165 154/154/154 
f 165/165/165 160/160/160 154/154/154 
f 160/160/160 166/166/166 161/161/161 
f 166/166/166 167/167/167 161/161/161 
f 162/162/162 168/168/168 157/157/157 
f 168/168/168 163/163/163 157/157/157 
f 163/163/163 169/169/169 158/158/158 
f 169/169/169 164/164/164 158/158/158 
f 164/164/164 170/170/170 159/159/159 
f 170/170/170 165/165/165 159/159/159 
f 165/165/165 171/171/171 160/160/160 
f 171/171/171 166/166/166 160/160/160 
f 168/168/168 172/172/172 163/163/163 
f 172/172/172 169/169/169 163/163/163 
f 169/169/169 173/173/173 164/164/164 
f 173/173/173 170/170/170 164/164/164 
f 170/170/170 174/174/174 165/165/165 
f 174/174/174 171/171/171 165/165/165 
f 172/172/172 175/175/175 169/169/169 
f 175/175/175 173/173/173 169/169/169 
f 173/173/173 176/176/176 170/170/170 
f 176/176/176 174/174/174 170/170/170 
f 175/175/175 177/177/177 173/173/173 
f 177/177/177 176/176/176 173/173/173 
f 171/171/171 178/178/178 166/166/166 
f 174/174/174 179/179/179 171/171/171 
f 179/179/179 178/178/178 171/171/171 
f 176/176/176 180/180/180 174/174/174 
f 180/180/180 179/179/179 174/174/174 
f 177/177/177 181/181/181 176/176/176 
f 181/181/181 180/180/180 176/176/176 
f 178/178/178 182/182/182 166/166/166 
f 166/166/166 182/182/182 167/167/167 
f 167/167/167 182/182/182 183/183/183 
f 167/167/167 183/183/183 184/184/184 
f 183/183/183 185/185/185 184/184/184 
f 183/183/183 186/186/186 185/185/185 
f 187/187/187 186/186/186 183/183/183 
f 182/182/182 187/187/187 183/183/183 
f 187/187/187 188/188/188 186/186/186 
f 178/178/178 189/189/189 182/182/182 
f 182/182/182 189/189/189 187/187/187 
f 190/190/190 188/188/188 187/187/187 
f 189/189/189 190/190/190 187/187/187 
f 190/190/190 191/191/191 188/188/188 
f 192/192/192 189/189/189 178/178/178 
f 179/179/179 192/192/192 178/178/178 
f 180/180/180 193/193/193 179/179/179 
f 193/193/193 192/192/192 179/179/179 
f 189/189/189 194/194/194 190/190/190 
f 192/192/192 194/194/194 189/189/189 
f 195/195/195 191/191/191 190/190/190 
f 194/194/194 195/195/195 190/190/190 
f 195/195/195 196/196/196 191/191/191 
f 197/197/197 194/194/194 192/192/192 
f 193/193/193 197/197/197 192/192/192 
f 198/198/198 193/193/193 180/180/180 
f 181/181/181 198/198/198 180/180/180 
f 194/194/194 199/199/199 195/195/195 
f 197/197/197 199/199/199 194/194/194 
f 200/200/200 196/196/196 195/195/195 
f 199/199/199 200/200/200 195/195/195 
f 200/200/200 201/201/201 196/196/196 
f 202/202/202 197/197/197 193/193/193 
f 198/198/198 202/202/202 193/193/193 
f 203/203/203 199/199/199 197/197/197 
f 202/202/202 203/203/203 197/197/197 
f 199/199/199 204/204/204 200/200/200 
f 203/203/203 204/204/204 199/199/199 
f 205/205/205 201/201/201 200/200/200 
f 204/204/204 205/205/205 200/200/200 
f 205/205/205 206/206/206 201/201/201 
f 207/207/207 206/206/206 205/205/205 
f 207/207/207 208/208/208 206/206/206 
f 204/204/204 209/209/209 205/205/205 
f 209/209/209 207/207/207 205/205/205 
f 210/210/210 204/204/204 203/203/203 
f 210/210/210 209/209/209 204/204/204 
f 211/211/211 203/203/203 202/202/202 
f 211/211/211 210/210/210 203/203/203 
f 212/212/212 202/202/202 198/198/198 
f 212/212/212 211/211/211 202/202/202 
f 213/213/213 208/208/208 207/207/207 
f 213/213/213 214/214/214 208/208/208 
f 209/209/209 215/215/215 207/207/207 
f 215/215/215 213/213/213 207/207/207 
f 216/216/216 209/209/209 210/210/210 
f 216/216/216 215/215/215 209/209/209 
f 217/217/217 210/210/210 211/211/211 
f 217/217/217 216/216/216 210/210/210 
f 218/218/218 214/214/214 213/213/213 
f 218/218/218 219/219/219 214/214/214 
f 215/215/215 220/220/220 213/213/213 
f 220/220/220 218/218/218 213/213/213 
f 215/215/215 216/216/216 221/221/221 
f 215/215/215 221/221/221 220/220/220 
f 222/222/222 219/219/219 218/218/218 
f 222/222/222 223/223/223 219/219/219 
f 220/220/220 224/224/224 218/218/218 
f 224/224/224 222/222/222 218/218/218 
f 225/225/225 223/223/223 222/222/222 
f 225/225/225 226/226/226 223/223/223 
f 227/227/227 217/217/217 211/211/211 
f 227/227/227 211/211/211 212/212/212 
f 216/216/216 217/217/217 228/228/228 
f 216/216/216 228/228/228 221/221/221 
f 229/229/229 220/220/220 221/221/221 
f 229/229/229 224/224/224 220/220/220 
f 224/224/224 230/230/230 222/222/222 
f 230/230/230 225/225/225 222/222/222 
f 231/231/231 226/226/226 225/225/225 
f 231/231/231 232/232/232 226/226/226 
f 217/217/217 227/227/227 233/233/233 
f 217/217/217 233/233/233 228/228/228 
f 234/234/234 221/221/221 228/228/228 
f 234/234/234 229/229/229 221/221/221 
f 235/235/235 224/224/224 229/229/229 
f 235/235/235 230/230/230 224/224/224 
f 230/230/230 236/236/236 225/225/225 
f 236/236/236 231/231/231 225/225/225 
f 237/237/237 232/232/232 231/231/231 
f 237/237/237 238/238/238 232/232/232 
f 239/239/239 228/228/228 233/233/233 
f 239/239/239 234/234/234 228/228/228 
f 240/240/240 229/229/229 234/234/234 
f 240/240/240 235/235/235 229/229/229 
f 241/241/241 230/230/230 235/235/235 
f 241/241/241 236/236/236 230/230/230 
f 236/236/236 242/242/242 231/231/231 
f 242/242/242 237/237/237 231/231/231 
f 243/243/243 238/238/238 237/237/237 
f 243/243/243 244/244/244 238/238/238 
f 245/245/245 234/234/234 239/239/239 
f 245/245/245 240/240/240 234/234/234 
f 246/246/246 235/235/235 240/240/240 
f 246/246/246 241/241/241 235/235/235 
f 247/247/247 236/236/236 241/241/241 
f 247/247/247 242/242/242 236/236/236 
f 242/242/242 248/248/248 237/237/237 
f 248/248/248 243/243/243 237/237/237 
f 249/249/249 244/244/244 243/243/243 
f 249/249/249 250/250/250 244/244/244 
f 251/251/251 249/249/249 243/243/243 
f 248/248/248 251/251/251 243/243/243 
f 251/251/251 252/252/252 249/249/249 
f 253/253/253 252/252/252 251/251/251 
f 253/253/253 251/251/251 254/254/254 
f 254/254/254 251/251/251 248/248/248 
f 255/255/255 253/253/253 254/254/254 
f 256/256/256 248/248/248 242/242/242 
f 254/254/254 248/248/248 256/256/256 
f 256/256/256 242/242/242 247/247/247 
f 255/255/255 254/254/254 257/257/257 
f 257/257/257 254/254/254 256/256/256 
f 258/258/258 255/255/255 257/257/257 
f 259/259/259 256/256/256 247/247/247 
f 257/257/257 256/256/256 259/259/259 
f 258/258/258 257/257/257 260/260/260 
f 260/260/260 257/257/257 259/259/259 
f 261/261/261 258/258/258 260/260/260 
f 259/259/259 247/247/247 262/262/262 
f 262/262/262 247/247/247 241/241/241 
f 262/262/262 241/241/241 246/246/246 
f 261/261/261 260/260/260 263/263/263 
f 264/264/264 261/261/261 263/263/263 
f 260/260/260 259/259/259 265/265/265 
f 265/265/265 259/259/259 262/262/262 
f 263/263/263 260/260/260 265/265/265 
f 266/266/266 262/262/262 246/246/246 
f 265/265/265 262/262/262 266/266/266 
f 264/264/264 263/263/263 267/267/267 
f 268/268/268 264/264/264 267/267/267 
f 263/263/263 265/265/265 269/269/269 
f 269/269/269 265/265/265 266/266/266 
f 267/267/267 263/263/263 269/269/269 
f 266/266/266 246/246/246 270/270/270 
f 270/270/270 246/246/246 240/240/240 
f 270/270/270 240/240/240 245/245/245 
f 268/268/268 267/267/267 271/271/271 
f 272/272/272 268/268/268 271/271/271 
f 267/267/267 269/269/269 273/273/273 
f 271/271/271 267/267/267 273/273/273 
f 269/269/269 266/266/266 274/274/274 
f 274/274/274 266/266/266 270/270/270 
f 273/273/273 269/269/269 274/274/274 
f 275/275/275 270/270/270 245/245/245 
f 274/274/274 270/270/270 275/275/275 
f 272/272/272 271/271/271 276/276/276 
f 277/277/277 272/272/272 276/276/276 
f 271/271/271 273/273/273 278/278/278 
f 276/276/276 271/271/271 278/278/278 
f 273/273/273 274/274/274 279/279/279 
f 279/279/279 274/274/274 275/275/275 
f 278/278/278 273/273/273 279/279/279 
f 275/275/275 245/245/245 280/280/280 
f 280/280/280 245/245/245 239/239/239 
f 277/277/277 276/276/276 281/281/281 
f 282/282/282 277/277/277 281/281/281 
f 276/276/276 278/278/278 283/283/283 
f 281/281/281 276/276/276 283/283/283 
f 278/278/278 279/279/279 284/284/284 
f 283/283/283 278/278/278 284/284/284 
f 279/279/279 275/275/275 285/285/285 
f 285/285/285 275/275/275 280/280/280 
f 284/284/284 279/279/279 285/285/285 
f 280/280/280 239/239/239 286/286/286 
f 286/286/286 239/239/239 233/233/233 
f 282/282/282 281/281/281 287/287/287 
f 288/288/288 282/282/282 287/287/287 
f 281/281/281 283/283/283 289/289/289 
f 287/287/287 281/281/281 289/289/289 
f 283/283/283 284/284/284 290/290/290 
f 289/289/289 283/283/283 290/290/290 
f 284/284/284 285/285/285 291/291/291 
f 290/290/290 284/284/284 291/291/291 
f 285/285/285 280/280/280 292/292/292 
f 292/292/292 280/280/280 286/286/286 
f 291/291/291 285/285/285 292/292/292 
f 286/286/286 233/233/233 293/293/293 
f 227/227/227 293/293/293 233/233/233 
f 288/288/288 287/287/287 294/294/294 
f 295/295/295 288/288/288 294/294/294 
f 287/287/287 289/289/289 296/296/296 
f 294/294/294 287/287/287 296/296/296 
f 289/289/289 290/290/290 297/297/297 
f 296/296/296 289/289/289 297/297/297 
f 290/290/290 291/291/291 298/298/298 
f 297/297/297 290/290/290 298/298/298 
f 291/291/291 292/292/292 299/299/299 
f 298/298/298 291/291/291 299/299/299 
f 292/292/292 286/286/286 300/300/300 
f 300/300/300 286/286/286 293/293/293 
f 299/299/299 292/292/292 300/300/300 
f 295/295/295 294/294/294 301/301/301 
f 302/302/302 295/295/295 301/301/301 
f 294/294/294 296/296/296 303/303/303 
f 301/301/301 294/294/294 303/303/303 
f 296/296/296 297/297/297 304/304/304 
f 303/303/303 296/296/296 304/304/304 
f 297/297/297 298/298/298 305/305/305 
f 304/304/304 297/297/297 305/305/305 
f 298/298/298 299/299/299 306/306/306 
f 305/305/305 298/298/298 306/306/306 
f 299/299/299 300/300/300 307/307/307 
f 306/306/306 299/299/299 307/307/307 
f 302/302/302 301/301/301 308/308/308 
f 309/309/309 302/302/302 308/308/308 
f 301/301/301 303/303/303 310/310/310 
f 308/308/308 301/301/301 310/310/310 
f 303/303/303 304/304/304 311/311/311 
f 310/310/310 303/303/303 311/311/311 
f 304/304/304 305/305/305 312/312/312 
f 311/311/311 304/304/304 312/312/312 
f 305/305/305 306/306/306 313/313/313 
f 312/312/312 305/305/305 313/313/313 
f 309/309/309 308/308/308 314/314/314 
f 315/315/315 309/309/309 314/314/314 
f 308/308/308 310/310/310 316/316/316 
f 314/314/314 308/308/308 316/316/316 
f 310/310/310 311/311/311 317/317/317 
f 316/316/316 310/310/310 317/317/317 
f 311/311/311 312/312/312 318/318/318 
f 317/317/317 311/311/311 318/318/318 
f 315/315/315 314/314/314 319/319/319 
f 320/320/320 315/315/315 319/319/319 
f 314/314/314 316/316/316 321/321/321 
f 319/319/319 314/314/314 321/321/321 
f 316/316/316 317/317/317 322/322/322 
f 321/321/321 316/316/316 322/322/322 
f 320/320/320 319/319/319 323/323/323 
f 324/324/324 320/320/320 323/323/323 
f 319/319/319 321/321/321 325/325/325 
f 323/323/323 319/319/319 325/325/325 
f 324/324/324 323/323/323 326/326/326 
f 327/327/327 324/324/324 326/326/326 
f 318/318/318 312/312/312 328/328/328 
f 312/312/312 313/313/313 328/328/328 
f 317/317/317 318/318/318 329/329/329 
f 322/322/322 317/317/317 329/329/329 
f 321/321/321 322/322/322 330/330/330 
f 325/325/325 321/321/321 330/330/330 
f 323/323/323 325/325/325 331/331/331 
f 326/326/326 323/323/323 331/331/331 
f 327/327/327 326/326/326 332/332/332 
f 333/333/333 327/327/327 332/332/332 
f 318/318/318 328/328/328 334/334/334 
f 329/329/329 318/318/318 334/334/334 
f 322/322/322 329/329/329 335/335/335 
f 330/330/330 322/322/322 335/335/335 
f 325/325/325 330/330/330 336/336/336 
f 331/331/331 325/325/325 336/336/336 
f 326/326/326 331/331/331 337/337/337 
f 332/332/332 326/326/326 337/337/337 
f 333/333/333 332/332/332 338/338/338 
f 339/339/339 333/333/333 338/338/338 
f 329/329/329 334/334/334 340/340/340 
f 335/335/335 329/329/329 340/340/340 
f 330/330/330 335/335/335 341/341/341 
f 336/336/336 330/330/330 341/341/341 
f 331/331/331 336/336/336 342/342/342 
f 337/337/337 331/331/331 342/342/342 
f 332/332/332 337/337/337 343/343/343 
f 338/338/338 332/332/332 343/343/343 
f 339/339/339 338/338/338 344/344/344 
f 345/345/345 339/339/339 344/344/344 
f 335/335/335 340/340/340 346/346/346 
f 341/341/341 335/335/335 346/346/346 
f 336/336/336 341/341/341 347/347/347 
f 342/342/342 336/336/336 347/347/347 
f 337/337/337 342/342/342 348/348/348 
f 343/343/343 337/337/337 348/348/348 
f 338/338/338 343/343/343 349/349/349 
f 344/344/344 338/338/338 349/349/349 
f 345/345/345 344/344/344 350/350/350 
f 351/351/351 345/345/345 350/350/350 
f 341/341/341 346/346/346 352/352/352 
f 347/347/347 341/341/341 352/352/352 
f 342/342/342 347/347/347 353/353/353 
f 348/348/348 342/342/342 353/353/353 
f 343/343/343 348/348/348 354/354/354 
f 349/349/349 343/343/343 354/354/354 
f 344/344/344 349/349/349 355/355/355 
f 350/350/350 344/344/344 355/355/355 
f 351/351/351 350/350/350 356/356/356 
f 357/357/357 351/351/351 356/356/356 
f 347/347/347 352/352/352 358/358/358 
f 353/353/353 347/347/347 358/358/358 
f 348/348/348 353/353/353 359/359/359 
f 354/354/354 348/348/348 359/359/359 
f 349/349/349 354/354/354 360/360/360 
f 355/355/355 349/349/349 360/360/360 
f 350/350/350 355/355/355 361/361/361 
f 356/356/356 350/350/350 361/361/361 
f 357/357/357 356/356/356 362/362/362 
f 363/363/363 357/357/357 362/362/362 
f 353/353/353 358/358/358 364/364/364 
f 359/359/359 353/353/353 364/364/364 
f 354/354/354 359/359/359 365/365/365 
f 360/360/360 354/354/354 365/365/365 
f 355/355/355 360/360/360 366/366/366 
f 361/361/361 355/355/355 366/366/366 
f 356/356/356 361/361/361 367/367/367 
f 362/362/362 356/356/356 367/367/367 
f 363/363/363 362/362/362 368/368/368 
f 369/369/369 363/363/363 368/368/368 
f 359/359/359 364/364/364 370/370/370 
f 365/365/365 359/359/359 370/370/370 
f 360/360/360 365/365/365 371/371/371 
f 366/366/366 360/360/360 371/371/371 
f 361/361/361 366/366/366 372/372/372 
f 367/367/367 361/361/361 372/372/372 
f 362/362/362 367/367/367 373/373/373 
f 368/368/368 362/362/362 373/373/373 
f 369/369/369 368/368/368 374/374/374 
f 375/375/375 369/369/369 374/374/374 
f 365/365/365 370/370/370 376/376/376 
f 371/371/371 365/365/365 376/376/376 
f 366/366/366 371/371/371 377/377/377 
f 372/372/372 366/366/366 377/377/377 
f 367/367/367 372/372/372 378/378/378 
f 373/373/373 367/367/367 378/378/378 
f 368/368/368 373/373/373 379/379/379 
f 374/374/374 368/368/368 379/379/379 
f 375/375/375 374/374/374 380/380/380 
f 381/381/381 375/375/375 380/380/380 
f 371/371/371 376/376/376 382/382/382 
f 377/377/377 371/371/371 382/382/382 
f 372/372/372 377/377/377 383/383/383 
f 378/378/378 372/372/372 383/383/383 
f 373/373/373 378/378/378 384/384/384 
f 379/379/379 373/373/373 384/384/384 
f 374/374/374 379/379/379 385/385/385 
f 380/380/380 374/374/374 385/385/385 
f 381/381/381 380/380/380 386/386/386 
f 387/387/387 381/381/381 386/386/386 
f 377/377/377 382/382/382 388/388/388 
f 383/383/383 377/377/377 388/388/388 
f 378/378/378 383/383/383 389/389/389 
f 384/384/384 378/378/378 389/389/389 
f 379/379/379 384/384/384 390/390/390 
f 385/385/385 379/379/379 390/390/390 
f 380/380/380 385/385/385 391/391/391 
f 386/386/386 380/380/380 391/391/391 
f 387/387/387 386/386/386 392/392/392 
f 393/393/393 387/387/387 392/392/392 
f 383/383/383 388/388/388 394/394/394 
f 389/389/389 383/383/383 394/394/394 
f 384/384/384 389/389/389 395/395/395 
f 390/390/390 384/384/384 395/395/395 
f 385/385/385 390/390/390 396/396/396 
f 391/391/391 385/385/385 396/396/396 
f 386/386/386 391/391/391 397/397/397 
f 392/392/392 386/386/386 397/397/397 
f 393/393/393 392/392/392 398/398/398 
f 399/399/399 393/393/393 398/398/398 
f 389/389/389 394/394/394 400/400/400 
f 395/395/395 389/389/389 400/400/400 
f 390/390/390 395/395/395 401/401/401 
f 396/396/396 390/390/390 401/401/401 
f 391/391/391 396/396/396 402/402/402 
f 397/397/397 391/391/391 402/402/402 
f 392/392/392 397/397/397 403/403/403 
f 398/398/398 392/392/392 403/403/403 
f 399/399/399 398/398/398 404/404/404 
f 405/405/405 399/399/399 404/404/404 
f 405/405/405 404/404/404 406/406/406 
f 404/404/404 398/398/398 407/407/407 
f 398/398/398 403/403/403 407/407/407 
f 406/406/406 404/404/404 408/408/408 
f 404/404/404 407/407/407 408/408/408 
f 406/406/406 408/408/408 409/409/409 
f 403/403/403 397/397/397 410/410/410 
f 397/397/397 402/402/402 410/410/410 
f 402/402/402 396/396/396 411/411/411 
f 396/396/396 401/401/401 411/411/411 
f 407/407/407 403/403/403 412/412/412 
f 403/403/403 410/410/410 412/412/412 
f 409/409/409 408/408/408 413/413/413 
f 409/409/409 413/413/413 414/414/414 
f 408/408/408 407/407/407 415/415/415 
f 407/407/407 412/412/412 415/415/415 
f 408/408/408 415/415/415 413/413/413 
f 410/410/410 402/402/402 416/416/416 
f 402/402/402 411/411/411 416/416/416 
f 414/414/414 413/413/413 417/417/417 
f 414/414/414 417/417/417 418/418/418 
f 412/412/412 410/410/410 419/419/419 
f 410/410/410 416/416/416 419/419/419 
f 413/413/413 415/415/415 420/420/420 
f 413/413/413 420/420/420 417/417/417 
f 415/415/415 412/412/412 421/421/421 
f 412/412/412 419/419/419 421/421/421 
f 415/415/415 421/421/421 420/420/420 
f 418/418/418 417/417/417 422/422/422 
f 418/418/418 422/422/422 423/423/423 
f 417/417/417 420/420/420 424/424/424 
f 417/417/417 424/424/424 422/422/422 
f 420/420/420 421/421/421 425/425/425 
f 420/420/420 425/425/425 424/424/424 
f 421/421/421 419/419/419 426/426/426 
f 421/421/421 426/426/426 425/425/425 
f 419/419/419 416/416/416 427/427/427 
f 419/419/419 427/427/427 426/426/426 
f 423/423/423 422/422/422 428/428/428 
f 423/423/423 428/428/428 429/429/429 
f 422/422/422 424/424/424 430/430/430 
f 422/422/422 430/430/430 428/428/428 
f 424/424/424 425/425/425 431/431/431 
f 424/424/424 431/431/431 430/430/430 
f 425/425/425 426/426/426 432/432/432 
f 425/425/425 432/432/432 431/431/431 
f 429/429/429 428/428/428 433/433/433 
f 429/429/429 433/433/433 38/38/38 
f 37/37/37 38/38/38 433/433/433 
f 428/428/428 430/430/430 434/434/434 
f 428/428/428 434/434/434 433/433/433 
f 435/435/435 37/37/37 433/433/433 
f 435/435/435 433/433/433 434/434/434 
f 37/37/37 435/435/435 39/39/39 
f 430/430/430 431/431/431 436/436/436 
f 430/430/430 436/436/436 434/434/434 
f 435/435/435 437/437/437 39/39/39 
f 39/39/39 437/437/437 40/40/40 
f 437/437/437 51/51/51 40/40/40 
f 438/438/438 435/435/435 434/434/434 
f 435/435/435 438/438/438 437/437/437 
f 438/438/438 434/434/434 436/436/436 
f 437/437/437 439/439/439 51/51/51 
f 438/438/438 439/439/439 437/437/437 
f 439/439/439 66/66/66 51/51/51 
f 431/431/431 440/440/440 436/436/436 
f 431/431/431 432/432/432 440/440/440 
f 441/441/441 438/438/438 436/436/436 
f 438/438/438 441/441/441 439/439/439 
f 441/441/441 436/436/436 440/440/440 
f 439/439/439 442/442/442 66/66/66 
f 441/441/441 442/442/442 439/439/439 
f 442/442/442 72/72/72 66/66/66 
f 443/443/443 441/441/441 440/440/440 
f 441/441/441 443/443/443 442/442/442 
f 442/442/442 444/444/444 72/72/72 
f 443/443/443 444/444/444 442/442/442 
f 444/444/444 78/78/78 72/72/72 
f 432/432/432 445/445/445 440/440/440 
f 443/443/443 440/440/440 445/445/445 
f 443/443/443 446/446/446 444/444/444 
f 446/446/446 443/443/443 445/445/445 
f 444/444/444 447/447/447 78/78/78 
f 446/446/446 447/447/447 444/444/444 
f 447/447/447 84/84/84 78/78/78 
f 432/432/432 448/448/448 445/445/445 
f 426/426/426 448/448/448 432/432/432 
f 426/426/426 427/427/427 448/448/448 
f 446/446/446 445/445/445 449/449/449 
f 448/448/448 449/449/449 445/445/445 
f 446/446/446 450/450/450 447/447/447 
f 450/450/450 446/446/446 449/449/449 
f 447/447/447 451/451/451 84/84/84 
f 450/450/450 451/451/451 447/447/447 
f 451/451/451 90/90/90 84/84/84 
f 427/427/427 452/452/452 448/448/448 
f 448/448/448 452/452/452 449/449/449 
f 450/450/450 449/449/449 453/453/453 
f 452/452/452 453/453/453 449/449/449 
f 450/450/450 454/454/454 451/451/451 
f 454/454/454 450/450/450 453/453/453 
f 451/451/451 455/455/455 90/90/90 
f 454/454/454 455/455/455 451/451/451 
f 455/455/455 96/96/96 90/90/90 
f 427/427/427 456/456/456 452/452/452 
f 416/416/416 456/456/456 427/427/427 
f 416/416/416 411/411/411 456/456/456 
f 452/452/452 457/457/457 453/453/453 
f 456/456/456 457/457/457 452/452/452 
f 411/411/411 458/458/458 456/456/456 
f 456/456/456 458/458/458 457/457/457 
f 411/411/411 401/401/401 458/458/458 
f 454/454/454 453/453/453 459/459/459 
f 457/457/457 459/459/459 453/453/453 
f 454/454/454 460/460/460 455/455/455 
f 460/460/460 454/454/454 459/459/459 
f 455/455/455 461/461/461 96/96/96 
f 460/460/460 461/461/461 455/455/455 
f 461/461/461 102/102/102 96/96/96 
f 401/401/401 462/462/462 458/458/458 
f 401/401/401 395/395/395 462/462/462 
f 395/395/395 400/400/400 462/462/462 
f 458/458/458 463/463/463 457/457/457 
f 457/457/457 463/463/463 459/459/459 
f 458/458/458 462/462/462 463/463/463 
f 460/460/460 459/459/459 464/464/464 
f 463/463/463 464/464/464 459/459/459 
f 462/462/462 465/465/465 463/463/463 
f 462/462/462 400/400/400 465/465/465 
f 463/463/463 465/465/465 464/464/464 
f 460/460/460 466/466/466 461/461/461 
f 466/466/466 460/460/460 464/464/464 
f 461/461/461 467/467/467 102/102/102 
f 466/466/466 467/467/467 461/461/461 
f 467/467/467 108/108/108 102/102/102 
f 400/400/400 468/468/468 465/465/465 
f 400/400/400 394/394/394 468/468/468 
f 465/465/465 469/469/469 464/464/464 
f 466/466/466 464/464/464 469/469/469 
f 465/465/465 468/468/468 469/469/469 
f 466/466/466 470/470/470 467/467/467 
f 470/470/470 466/466/466 469/469/469 
f 467/467/467 471/471/471 108/108/108 
f 470/470/470 471/471/471 467/467/467 
f 471/471/471 114/114/114 108/108/108 
f 394/394/394 472/472/472 468/468/468 
f 394/394/394 388/388/388 472/472/472 
f 468/468/468 473/473/473 469/469/469 
f 470/470/470 469/469/469 473/473/473 
f 468/468/468 472/472/472 473/473/473 
f 470/470/470 474/474/474 471/471/471 
f 474/474/474 470/470/470 473/473/473 
f 471/471/471 475/475/475 114/114/114 
f 474/474/474 475/475/475 471/471/471 
f 475/475/475 120/120/120 114/114/114 
f 388/388/388 476/476/476 472/472/472 
f 388/388/388 382/382/382 476/476/476 
f 472/472/472 477/477/477 473/473/473 
f 474/474/474 473/473/473 477/477/477 
f 472/472/472 476/476/476 477/477/477 
f 474/474/474 478/478/478 475/475/475 
f 478/478/478 474/474/474 477/477/477 
f 475/475/475 479/479/479 120/120/120 
f 478/478/478 479/479/479 475/475/475 
f 479/479/479 126/126/126 120/120/120 
f 382/382/382 480/480/480 476/476/476 
f 382/382/382 376/376/376 480/480/480 
f 476/476/476 481/481/481 477/477/477 
f 478/478/478 477/477/477 481/481/481 
f 476/476/476 480/480/480 481/481/481 
f 478/478/478 482/482/482 479/479/479 
f 482/482/482 478/478/478 481/481/481 
f 479/479/479 483/483/483 126/126/126 
f 482/482/482 483/483/483 479/479/479 
f 483/483/483 132/132/132 126/126/126 
f 376/376/376 484/484/484 480/480/480 
f 376/376/376 370/370/370 484/484/484 
f 480/480/480 485/485/485 481/481/481 
f 482/482/482 481/481/481 485/485/485 
f 480/480/480 484/484/484 485/485/485 
f 482/482/482 486/486/486 483/483/483 
f 486/486/486 482/482/482 485/485/485 
f 483/483/483 487/487/487 132/132/132 
f 486/486/486 487/487/487 483/483/483 
f 487/487/487 138/138/138 132/132/132 
f 370/370/370 488/488/488 484/484/484 
f 370/370/370 364/364/364 488/488/488 
f 484/484/484 489/489/489 485/485/485 
f 486/486/486 485/485/485 489/489/489 
f 484/484/484 488/488/488 489/489/489 
f 486/486/486 490/490/490 487/487/487 
f 490/490/490 486/486/486 489/489/489 
f 487/487/487 491/491/491 138/138/138 
f 490/490/490 491/491/491 487/487/487 
f 491/491/491 144/144/144 138/138/138 
f 364/364/364 492/492/492 488/488/488 
f 364/364/364 358/358/358 492/492/492 
f 488/488/488 493/493/493 489/489/489 
f 490/490/490 489/489/489 493/493/493 
f 488/488/488 492/492/492 493/493/493 
f 490/490/490 494/494/494 491/491/491 
f 494/494/494 490/490/490 493/493/493 
f 491/491/491 495/495/495 144/144/144 
f 494/494/494 495/495/495 491/491/491 
f 495/495/495 150/150/150 144/144/144 
f 358/358/358 496/496/496 492/492/492 
f 358/358/358 352/352/352 496/496/496 
f 492/492/492 497/497/497 493/493/493 
f 494/494/494 493/493/493 497/497/497 
f 492/492/492 496/496/496 497/497/497 
f 494/494/494 498/498/498 495/495/495 
f 498/498/498 494/494/494 497/497/497 
f 495/495/495 499/499/499 150/150/150 
f 498/498/498 499/499/499 495/495/495 
f 499/499/499 156/156/156 150/150/150 
f 352/352/352 500/500/500 496/496/496 
f 352/352/352 346/346/346 500/500/500 
f 496/496/496 501/501/501 497/497/497 
f 498/498/498 497/497/497 501/501/501 
f 496/496/496 500/500/500 501/501/501 
f 498/498/498 502/502/502 499/499/499 
f 502/502/502 498/498/498 501/501/501 
f 499/499/499 503/503/503 156/156/156 
f 502/502/502 503/503/503 499/499/499 
f 503/503/503 162/162/162 156/156/156 
f 346/346/346 504/504/504 500/500/500 
f 346/346/346 340/340/340 504/504/504 
f 500/500/500 505/505/505 501/501/501 
f 502/502/502 501/501/501 505/505/505 
f 500/500/500 504/504/504 505/505/505 
f 502/502/502 506/506/506 503/503/503 
f 506/506/506 502/502/502 505/505/505 
f 503/503/503 507/507/507 162/162/162 
f 506/506/506 507/507/507 503/503/503 
f 507/507/507 168/168/168 162/162/162 
f 340/340/340 508/508/508 504/504/504 
f 340/340/340 334/334/334 508/508/508 
f 504/504/504 509/509/509 505/505/505 
f 506/506/506 505/505/505 509/509/509 
f 504/504/504 508/508/508 509/509/509 
f 506/506/506 510/510/510 507/507/507 
f 510/510/510 506/506/506 509/509/509 
f 507/507/507 511/511/511 168/168/168 
f 510/510/510 511/511/511 507/507/507 
f 511/511/511 172/172/172 168/168/168 
f 334/334/334 512/512/512 508/508/508 
f 334/334/334 328/328/328 512/512/512 
f 508/508/508 513/513/513 509/509/509 
f 510/510/510 509/509/509 513/513/513 
f 508/508/508 512/512/512 513/513/513 
f 510/510/510 514/514/514 511/511/511 
f 514/514/514 510/510/510 513/513/513 
f 511/511/511 515/515/515 172/172/172 
f 514/514/514 515/515/515 511/511/511 
f 515/515/515 175/175/175 172/172/172 
f 328/328/328 516/516/516 512/512/512 
f 328/328/328 313/313/313 516/516/516 
f 512/512/512 517/517/517 513/513/513 
f 514/514/514 513/513/513 517/517/517 
f 512/512/512 516/516/516 517/517/517 
f 514/514/514 518/518/518 515/515/515 
f 518/518/518 514/514/514 517/517/517 
f 515/515/515 519/519/519 175/175/175 
f 518/518/518 519/519/519 515/515/515 
f 519/519/519 177/177/177 175/175/175 
f 313/313/313 520/520/520 516/516/516 
f 313/313/313 306/306/306 520/520/520 
f 306/306/306 307/307/307 520/520/520 
f 516/516/516 521/521/521 517/517/517 
f 518/518/518 517/517/517 521/521/521 
f 516/516/516 520/520/520 521/521/521 
f 518/518/518 522/522/522 519/519/519 
f 522/522/522 518/518/518 521/521/521 
f 519/519/519 523/523/523 177/177/177 
f 522/522/522 523/523/523 519/519/519 
f 523/523/523 181/181/181 177/177/177 
f 520/520/520 524/524/524 521/521/521 
f 520/520/520 307/307/307 524/524/524 
f 522/522/522 521/521/521 524/524/524 
f 522/522/522 525/525/525 523/523/523 
f 525/525/525 522/522/522 524/524/524 
f 523/523/523 526/526/526 181/181/181 
f 525/525/525 526/526/526 523/523/523 
f 526/526/526 198/198/198 181/181/181 
f 526/526/526 212/212/212 198/198/198 
f 307/307/307 527/527/527 524/524/524 
f 525/525/525 524/524/524 527/527/527 
f 307/307/307 300/300/300 527/527/527 
f 300/300/300 293/293/293 527/527/527 
f 525/525/525 528/528/528 526/526/526 
f 528/528/528 212/212/212 526/526/526 
f 528/528/528 525/525/525 527/527/527 
f 528/528/528 527/527/527 293/293/293 
f 528/528/528 227/227/227 212/212/212 
f 227/227/227 528/528/528 293/293/293 
f 529/529/529 531/531/531 530/530/530 
f 529/529/529 530/530/530 532/532/532 
f 533/533/533 529/529/529 532/532/532 
f 532/532/532 530/530/530 534/534/534 
f 533/533/533 532/532/532 535/535/535 
f 536/536/536 533/533/533 535/535/535 
f 532/532/532 534/534/534 537/537/537 
f 535/535/535 532/532/532 537/537/537 
f 537/537/537 534/534/534 538/538/538 
f 536/536/536 535/535/535 539/539/539 
f 540/540/540 536/536/536 539/539/539 
f 535/535/535 537/537/537 541/541/541 
f 539/539/539 535/535/535 541/541/541 
f 537/537/537 538/538/538 542/542/542 
f 541/541/541 537/537/537 542/542/542 
f 542/542/542 538/538/538 543/543/543 
f 542/542/542 543/543/543 544/544/544 
f 544/544/544 543/543/543 545/545/545 
f 541/541/541 542/542/542 546/546/546 
f 546/546/546 542/542/542 544/544/544 
f 539/539/539 541/541/541 547/547/547 
f 547/547/547 541/541/541 546/546/546 
f 540/540/540 539/539/539 548/548/548 
f 548/548/548 539/539/539 547/547/547 
f 544/544/544 545/545/545 549/549/549 
f 549/549/549 545/545/545 550/550/550 
f 546/546/546 544/544/544 551/551/551 
f 551/551/551 544/544/544 549/549/549 
f 547/547/547 546/546/546 552/552/552 
f 552/552/552 546/546/546 551/551/551 
f 549/549/549 550/550/550 553/553/553 
f 553/553/553 550/550/550 554/554/554 
f 551/551/551 549/549/549 555/555/555 
f 555/555/555 549/549/549 553/553/553 
f 553/553/553 554/554/554 556/556/556 
f 557/557/557 556/556/556 554/554/554 
f 558/558/558 540/540/540 548/548/548 
f 558/558/558 559/559/559 540/540/540 
f 548/548/548 547/547/547 560/560/560 
f 560/560/560 547/547/547 552/552/552 
f 552/552/552 551/551/551 561/561/561 
f 561/561/561 551/551/551 555/555/555 
f 555/555/555 553/553/553 562/562/562 
f 562/562/562 553/553/553 556/556/556 
f 557/557/557 563/563/563 556/556/556 
f 563/563/563 557/557/557 564/564/564 
f 565/565/565 558/558/558 548/548/548 
f 565/565/565 548/548/548 560/560/560 
f 566/566/566 559/559/559 558/558/558 
f 566/566/566 567/567/567 559/559/559 
f 568/568/568 567/567/567 566/566/566 
f 569/569/569 566/566/566 558/558/558 
f 569/569/569 558/558/558 565/565/565 
f 568/568/568 566/566/566 570/570/570 
f 570/570/570 566/566/566 569/569/569 
f 562/562/562 556/556/556 571/571/571 
f 563/563/563 571/571/571 556/556/556 
f 563/563/563 564/564/564 572/572/572 
f 572/572/572 564/564/564 573/573/573 
f 574/574/574 568/568/568 570/570/570 
f 574/574/574 575/575/575 568/568/568 
f 576/576/576 575/575/575 574/574/574 
f 576/576/576 574/574/574 577/577/577 
f 578/578/578 576/576/576 577/577/577 
f 579/579/579 574/574/574 570/570/570 
f 577/577/577 574/574/574 579/579/579 
f 578/578/578 577/577/577 580/580/580 
f 581/581/581 578/578/578 580/580/580 
f 563/563/563 582/582/582 571/571/571 
f 582/582/582 563/563/563 572/572/572 
f 572/572/572 573/573/573 583/583/583 
f 583/583/583 573/573/573 584/584/584 
f 579/579/579 570/570/570 585/585/585 
f 570/570/570 569/569/569 585/585/585 
f 577/577/577 579/579/579 586/586/586 
f 580/580/580 577/577/577 586/586/586 
f 581/581/581 580/580/580 587/587/587 
f 588/588/588 581/581/581 587/587/587 
f 582/582/582 572/572/572 589/589/589 
f 589/589/589 572/572/572 583/583/583 
f 583/583/583 584/584/584 590/590/590 
f 590/590/590 584/584/584 591/591/591 
f 585/585/585 569/569/569 592/592/592 
f 592/592/592 569/569/569 565/565/565 
f 587/587/587 580/580/580 593/593/593 
f 580/580/580 586/586/586 593/593/593 
f 589/589/589 583/583/583 594/594/594 
f 594/594/594 583/583/583 590/590/590 
f 590/590/590 591/591/591 595/595/595 
f 595/595/595 591/591/591 596/596/596 
f 592/592/592 565/565/565 597/597/597 
f 597/597/597 565/565/565 560/560/560 
f 594/594/594 590/590/590 598/598/598 
f 598/598/598 590/590/590 595/595/595 
f 595/595/595 596/596/596 599/599/599 
f 599/599/599 596/596/596 600/600/600 
f 597/597/597 560/560/560 601/601/601 
f 560/560/560 552/552/552 601/601/601 
f 601/601/601 552/552/552 561/561/561 
f 598/598/598 595/595/595 602/602/602 
f 602/602/602 595/595/595 599/599/599 
f 599/599/599 600/600/600 603/603/603 
f 603/603/603 600/600/600 604/604/604 
f 603/603/603 604/604/604 605/605/605 
f 606/606/606 599/599/599 603/603/603 
f 602/602/602 599/599/599 606/606/606 
f 607/607/607 603/603/603 605/605/605 
f 606/606/606 603/603/603 607/607/607 
f 607/607/607 605/605/605 608/608/608 
f 609/609/609 607/607/607 608/608/608 
f 609/609/609 608/608/608 610/610/610 
f 611/611/611 606/606/606 607/607/607 
f 611/611/611 607/607/607 609/609/609 
f 612/612/612 602/602/602 606/606/606 
f 612/612/612 606/606/606 611/611/611 
f 613/613/613 598/598/598 602/602/602 
f 613/613/613 602/602/602 612/612/612 
f 614/614/614 609/609/609 610/610/610 
f 614/614/614 610/610/610 615/615/615 
f 616/616/616 614/614/614 615/615/615 
f 617/617/617 611/611/611 609/609/609 
f 617/617/617 609/609/609 614/614/614 
f 616/616/616 618/618/618 614/614/614 
f 618/618/618 617/617/617 614/614/614 
f 619/619/619 618/618/618 616/616/616 
f 620/620/620 612/612/612 611/611/611 
f 620/620/620 611/611/611 617/617/617 
f 618/618/618 621/621/621 617/617/617 
f 621/621/621 620/620/620 617/617/617 
f 619/619/619 622/622/622 618/618/618 
f 622/622/622 621/621/621 618/618/618 
f 623/623/623 612/612/612 620/620/620 
f 623/623/623 613/613/613 612/612/612 
f 621/621/621 624/624/624 620/620/620 
f 624/624/624 623/623/623 620/620/620 
f 625/625/625 622/622/622 619/619/619 
f 625/625/625 619/619/619 626/626/626 
f 627/627/627 625/625/625 626/626/626 
f 622/622/622 628/628/628 621/621/621 
f 628/628/628 624/624/624 621/621/621 
f 629/629/629 622/622/622 625/625/625 
f 629/629/629 628/628/628 622/622/622 
f 627/627/627 630/630/630 625/625/625 
f 630/630/630 629/629/629 625/625/625 
f 631/631/631 630/630/630 627/627/627 
f 631/631/631 627/627/627 632/632/632 
f 633/633/633 631/631/631 632/632/632 
f 633/633/633 632/632/632 634/634/634 
f 635/635/635 633/633/633 634/634/634 
f 635/635/635 634/634/634 636/636/636 
f 637/637/637 635/635/635 636/636/636 
f 637/637/637 636/636/636 638/638/638 
f 639/639/639 637/637/637 638/638/638 
f 639/639/639 638/638/638 640/640/640 
f 641/641/641 639/639/639 640/640/640 
f 641/641/641 640/640/640 642/642/642 
f 643/643/643 641/641/641 642/642/642 
f 643/643/643 642/642/642 644/644/644 
f 645/645/645 643/643/643 644/644/644 
f 645/645/645 644/644/644 646/646/646 
f 647/647/647 645/645/645 646/646/646 
f 647/647/647 646/646/646 648/648/648 
f 649/649/649 647/647/647 648/648/648 
f 649/649/649 648/648/648 650/650/650 
f 651/651/651 649/649/649 650/650/650 
f 651/651/651 650/650/650 652/652/652 
f 653/653/653 651/651/651 652/652/652 
f 653/653/653 652/652/652 654/654/654 
f 655/655/655 653/653/653 654/654/654 
f 655/655/655 654/654/654 656/656/656 
f 657/657/657 655/655/655 656/656/656 
f 658/658/658 643/643/643 645/645/645 
f 659/659/659 645/645/645 647/647/647 
f 659/659/659 658/658/658 645/645/645 
f 660/660/660 647/647/647 649/649/649 
f 660/660/660 659/659/659 647/647/647 
f 661/661/661 649/649/649 651/651/651 
f 661/661/661 660/660/660 649/649/649 
f 662/662/662 651/651/651 653/653/653 
f 662/662/662 661/661/661 651/651/651 
f 663/663/663 653/653/653 655/655/655 
f 663/663/663 662/662/662 653/653/653 
f 657/657/657 664/664/664 655/655/655 
f 664/664/664 663/663/663 655/655/655 
f 658/658/658 665/665/665 643/643/643 
f 665/665/665 641/641/641 643/643/643 
f 666/666/666 664/664/664 657/657/657 
f 666/666/666 657/657/657 667/667/667 
f 668/668/668 666/666/666 667/667/667 
f 668/668/668 669/669/669 666/666/666 
f 669/669/669 670/670/670 666/666/666 
f 670/670/670 664/664/664 666/666/666 
f 669/669/669 671/671/671 670/670/670 
f 664/664/664 672/672/672 663/663/663 
f 670/670/670 672/672/672 664/664/664 
f 671/671/671 673/673/673 670/670/670 
f 673/673/673 672/672/672 670/670/670 
f 671/671/671 674/674/674 673/673/673 
f 672/672/672 675/675/675 663/663/663 
f 675/675/675 662/662/662 663/663/663 
f 673/673/673 676/676/676 672/672/672 
f 672/672/672 676/676/676 675/675/675 
f 674/674/674 677/677/677 673/673/673 
f 677/677/677 676/676/676 673/673/673 
f 674/674/674 678/678/678 677/677/677 
f 675/675/675 679/679/679 662/662/662 
f 679/679/679 661/661/661 662/662/662 
f 676/676/676 680/680/680 675/675/675 
f 680/680/680 679/679/679 675/675/675 
f 677/677/677 681/681/681 676/676/676 
f 676/676/676 681/681/681 680/680/680 
f 678/678/678 682/682/682 677/677/677 
f 682/682/682 681/681/681 677/677/677 
f 678/678/678 683/683/683 682/682/682 
f 679/679/679 684/684/684 661/661/661 
f 684/684/684 660/660/660 661/661/661 
f 680/680/680 685/685/685 679/679/679 
f 685/685/685 684/684/684 679/679/679 
f 681/681/681 686/686/686 680/680/680 
f 686/686/686 685/685/685 680/680/680 
f 682/682/682 687/687/687 681/681/681 
f 681/681/681 687/687/687 686/686/686 
f 683/683/683 688/688/688 682/682/682 
f 688/688/688 687/687/687 682/682/682 
f 683/683/683 689/689/689 688/688/688 
f 684/684/684 690/690/690 660/660/660 
f 690/690/690 659/659/659 660/660/660 
f 685/685/685 691/691/691 684/684/684 
f 691/691/691 690/690/690 684/684/684 
f 686/686/686 692/692/692 685/685/685 
f 692/692/692 691/691/691 685/685/685 
f 687/687/687 693/693/693 686/686/686 
f 693/693/693 692/692/692 686/686/686 
f 688/688/688 694/694/694 687/687/687 
f 687/687/687 694/694/694 693/693/693 
f 689/689/689 695/695/695 688/688/688 
f 695/695/695 694/694/694 688/688/688 
f 689/689/689 696/696/696 695/695/695 
f 690/690/690 697/697/697 659/659/659 
f 697/697/697 658/658/658 659/659/659 
f 691/691/691 698/698/698 690/690/690 
f 698/698/698 697/697/697 690/690/690 
f 692/692/692 699/699/699 691/691/691 
f 699/699/699 698/698/698 691/691/691 
f 693/693/693 700/700/700 692/692/692 
f 700/700/700 699/699/699 692/692/692 
f 694/694/694 701/701/701 693/693/693 
f 701/701/701 700/700/700 693/693/693 
f 695/695/695 702/702/702 694/694/694 
f 694/694/694 702/702/702 701/701/701 
f 703/703/703 695/695/695 696/696/696 
f 703/703/703 702/702/702 695/695/695 
f 703/703/703 696/696/696 704/704/704 
f 697/697/697 705/705/705 658/658/658 
f 705/705/705 665/665/665 658/658/658 
f 698/698/698 706/706/706 697/697/697 
f 706/706/706 705/705/705 697/697/697 
f 699/699/699 707/707/707 698/698/698 
f 707/707/707 706/706/706 698/698/698 
f 700/700/700 708/708/708 699/699/699 
f 708/708/708 707/707/707 699/699/699 
f 701/701/701 709/709/709 700/700/700 
f 709/709/709 708/708/708 700/700/700 
f 710/710/710 701/701/701 702/702/702 
f 709/709/709 701/701/701 710/710/710 
f 710/710/710 702/702/702 711/711/711 
f 703/703/703 711/711/711 702/702/702 
f 712/712/712 711/711/711 703/703/703 
f 704/704/704 712/712/712 703/703/703 
f 704/704/704 713/713/713 712/712/712 
f 713/713/713 714/714/714 712/712/712 
f 713/713/713 715/715/715 714/714/714 
f 712/712/712 716/716/716 711/711/711 
f 714/714/714 716/716/716 712/712/712 
f 711/711/711 717/717/717 710/710/710 
f 711/711/711 716/716/716 717/717/717 
f 709/709/709 710/710/710 718/718/718 
f 717/717/717 718/718/718 710/710/710 
f 709/709/709 719/719/719 708/708/708 
f 719/719/719 709/709/709 718/718/718 
f 715/715/715 720/720/720 714/714/714 
f 715/715/715 721/721/721 720/720/720 
f 714/714/714 722/722/722 716/716/716 
f 720/720/720 722/722/722 714/714/714 
f 716/716/716 723/723/723 717/717/717 
f 716/716/716 722/722/722 723/723/723 
f 717/717/717 724/724/724 718/718/718 
f 723/723/723 724/724/724 717/717/717 
f 721/721/721 725/725/725 720/720/720 
f 721/721/721 726/726/726 725/725/725 
f 720/720/720 727/727/727 722/722/722 
f 725/725/725 727/727/727 720/720/720 
f 722/722/722 728/728/728 723/723/723 
f 722/722/722 727/727/727 728/728/728 
f 726/726/726 729/729/729 725/725/725 
f 726/726/726 730/730/730 729/729/729 
f 725/725/725 731/731/731 727/727/727 
f 729/729/729 731/731/731 725/725/725 
f 730/730/730 732/732/732 729/729/729 
f 730/730/730 733/733/733 732/732/732 
f 724/724/724 734/734/734 718/718/718 
f 719/719/719 718/718/718 734/734/734 
f 723/723/723 735/735/735 724/724/724 
f 728/728/728 735/735/735 723/723/723 
f 727/727/727 736/736/736 728/728/728 
f 727/727/727 731/731/731 736/736/736 
f 729/729/729 737/737/737 731/731/731 
f 732/732/732 737/737/737 729/729/729 
f 733/733/733 738/738/738 732/732/732 
f 733/733/733 739/739/739 738/738/738 
f 738/738/738 740/740/740 732/732/732 
f 732/732/732 740/740/740 737/737/737 
f 738/738/738 741/741/741 740/740/740 
f 740/740/740 741/741/741 742/742/742 
f 731/731/731 737/737/737 743/743/743 
f 731/731/731 743/743/743 736/736/736 
f 737/737/737 740/740/740 744/744/744 
f 740/740/740 742/742/742 744/744/744 
f 737/737/737 744/744/744 743/743/743 
f 736/736/736 745/745/745 728/728/728 
f 728/728/728 745/745/745 735/735/735 
f 742/742/742 746/746/746 744/744/744 
f 742/742/742 747/747/747 746/746/746 
f 744/744/744 748/748/748 743/743/743 
f 744/744/744 746/746/746 748/748/748 
f 743/743/743 749/749/749 736/736/736 
f 736/736/736 749/749/749 745/745/745 
f 743/743/743 748/748/748 749/749/749 
f 747/747/747 750/750/750 746/746/746 
f 747/747/747 751/751/751 750/750/750 
f 746/746/746 752/752/752 748/748/748 
f 746/746/746 750/750/750 752/752/752 
f 748/748/748 753/753/753 749/749/749 
f 748/748/748 752/752/752 753/753/753 
f 749/749/749 754/754/754 745/745/745 
f 749/749/749 753/753/753 754/754/754 
f 745/745/745 755/755/755 735/735/735 
f 745/745/745 754/754/754 755/755/755 
f 751/751/751 756/756/756 750/750/750 
f 751/751/751 757/757/757 756/756/756 
f 750/750/750 758/758/758 752/752/752 
f 750/750/750 756/756/756 758/758/758 
f 752/752/752 759/759/759 753/753/753 
f 752/752/752 758/758/758 759/759/759 
f 753/753/753 760/760/760 754/754/754 
f 753/753/753 759/759/759 760/760/760 
f 757/757/757 761/761/761 756/756/756 
f 757/757/757 762/762/762 761/761/761 
f 756/756/756 763/763/763 758/758/758 
f 756/756/756 761/761/761 763/763/763 
f 758/758/758 764/764/764 759/759/759 
f 758/758/758 763/763/763 764/764/764 
f 762/762/762 765/765/765 761/761/761 
f 762/762/762 766/766/766 765/765/765 
f 761/761/761 767/767/767 763/763/763 
f 761/761/761 765/765/765 767/767/767 
f 766/766/766 768/768/768 765/765/765 
f 766/766/766 769/769/769 768/768/768 
f 754/754/754 760/760/760 770/770/770 
f 754/754/754 770/770/770 755/755/755 
f 759/759/759 771/771/771 760/760/760 
f 759/759/759 764/764/764 771/771/771 
f 763/763/763 772/772/772 764/764/764 
f 763/763/763 767/767/767 772/772/772 
f 765/765/765 773/773/773 767/767/767 
f 765/765/765 768/768/768 773/773/773 
f 769/769/769 774/774/774 768/768/768 
f 769/769/769 775/775/775 774/774/774 
f 760/760/760 776/776/776 770/770/770 
f 760/760/760 771/771/771 776/776/776 
f 764/764/764 777/777/777 771/771/771 
f 764/764/764 772/772/772 777/777/777 
f 767/767/767 778/778/778 772/772/772 
f 767/767/767 773/773/773 778/778/778 
f 768/768/768 779/779/779 773/773/773 
f 768/768/768 774/774/774 779/779/779 
f 775/775/775 780/780/780 774/774/774 
f 775/775/775 781/781/781 780/780/780 
f 771/771/771 782/782/782 776/776/776 
f 771/771/771 777/777/777 782/782/782 
f 772/772/772 783/783/783 777/777/777 
f 772/772/772 778/778/778 783/783/783 
f 773/773/773 784/784/784 778/778/778 
f 773/773/773 779/779/779 784/784/784 
f 774/774/774 785/785/785 779/779/779 
f 774/774/774 780/780/780 785/785/785 
f 781/781/781 786/786/786 780/780/780 
f 781/781/781 588/588/588 786/786/786 
f 588/588/588 587/587/587 786/786/786 
f 780/780/780 786/786/786 787/787/787 
f 780/780/780 787/787/787 785/785/785 
f 786/786/786 587/587/587 788/788/788 
f 786/786/786 788/788/788 787/787/787 
f 587/587/587 593/593/593 788/788/788 
f 779/779/779 785/785/785 789/789/789 
f 779/779/779 789/789/789 784/784/784 
f 778/778/778 784/784/784 790/790/790 
f 778/778/778 790/790/790 783/783/783 
f 785/785/785 787/787/787 791/791/791 
f 785/785/785 791/791/791 789/789/789 
f 787/787/787 788/788/788 792/792/792 
f 787/787/787 792/792/792 791/791/791 
f 788/788/788 593/593/593 793/793/793 
f 788/788/788 793/793/793 792/792/792 
f 784/784/784 789/789/789 794/794/794 
f 784/784/784 794/794/794 790/790/790 
f 789/789/789 791/791/791 795/795/795 
f 789/789/789 795/795/795 794/794/794 
f 791/791/791 792/792/792 796/796/796 
f 791/791/791 796/796/796 795/795/795 
f 593/593/593 797/797/797 793/793/793 
f 593/593/593 586/586/586 797/797/797 
f 792/792/792 793/793/793 798/798/798 
f 792/792/792 798/798/798 796/796/796 
f 586/586/586 799/799/799 797/797/797 
f 586/586/586 579/579/579 799/799/799 
f 799/799/799 579/579/579 585/585/585 
f 793/793/793 797/797/797 800/800/800 
f 793/793/793 800/800/800 798/798/798 
f 797/797/797 799/799/799 801/801/801 
f 797/797/797 801/801/801 800/800/800 
f 799/799/799 585/585/585 802/802/802 
f 801/801/801 799/799/799 802/802/802 
f 585/585/585 592/592/592 802/802/802 
f 802/802/802 592/592/592 803/803/803 
f 803/803/803 592/592/592 597/597/597 
f 801/801/801 802/802/802 804/804/804 
f 802/802/802 803/803/803 804/804/804 
f 800/800/800 801/801/801 805/805/805 
f 805/805/805 801/801/801 804/804/804 
f 798/798/798 800/800/800 806/806/806 
f 800/800/800 805/805/805 806/806/806 
f 803/803/803 597/597/597 807/807/807 
f 807/807/807 597/597/597 601/601/601 
f 804/804/804 803/803/803 808/808/808 
f 808/808/808 803/803/803 807/807/807 
f 805/805/805 804/804/804 809/809/809 
f 804/804/804 808/808/808 809/809/809 
f 807/807/807 601/601/601 810/810/810 
f 601/601/601 561/561/561 810/810/810 
f 808/808/808 807/807/807 811/811/811 
f 811/811/811 807/807/807 810/810/810 
f 810/810/810 561/561/561 812/812/812 
f 561/561/561 555/555/555 812/812/812 
f 812/812/812 555/555/555 562/562/562 
f 810/810/810 812/812/812 813/813/813 
f 811/811/811 810/810/810 813/813/813 
f 812/812/812 562/562/562 814/814/814 
f 813/813/813 812/812/812 814/814/814 
f 814/814/814 562/562/562 571/571/571 
f 815/815/815 808/808/808 811/811/811 
f 809/809/809 808/808/808 815/815/815 
f 816/816/816 805/805/805 809/809/809 
f 806/806/806 805/805/805 816/816/816 
f 817/817/817 811/811/811 813/813/813 
f 815/815/815 811/811/811 817/817/817 
f 818/818/818 815/815/815 817/817/817 
f 809/809/809 815/815/815 819/819/819 
f 816/816/816 809/809/809 819/819/819 
f 819/819/819 815/815/815 818/818/818 
f 813/813/813 814/814/814 820/820/820 
f 817/817/817 813/813/813 820/820/820 
f 814/814/814 571/571/571 821/821/821 
f 820/820/820 814/814/814 821/821/821 
f 582/582/582 821/821/821 571/571/571 
f 822/822/822 817/817/817 820/820/820 
f 818/818/818 817/817/817 822/822/822 
f 582/582/582 823/823/823 821/821/821 
f 823/823/823 582/582/582 589/589/589 
f 820/820/820 821/821/821 824/824/824 
f 822/822/822 820/820/820 824/824/824 
f 823/823/823 824/824/824 821/821/821 
f 823/823/823 589/589/589 825/825/825 
f 825/825/825 589/589/589 594/594/594 
f 824/824/824 826/826/826 822/822/822 
f 826/826/826 818/818/818 822/822/822 
f 823/823/823 827/827/827 824/824/824 
f 827/827/827 823/823/823 825/825/825 
f 824/824/824 827/827/827 826/826/826 
f 825/825/825 594/594/594 828/828/828 
f 828/828/828 594/594/594 598/598/598 
f 828/828/828 598/598/598 613/613/613 
f 827/827/827 825/825/825 829/829/829 
f 829/829/829 825/825/825 828/828/828 
f 830/830/830 828/828/828 613/613/613 
f 829/829/829 828/828/828 830/830/830 
f 830/830/830 613/613/613 623/623/623 
f 831/831/831 827/827/827 829/829/829 
f 831/831/831 826/826/826 827/827/827 
f 832/832/832 829/829/829 830/830/830 
f 832/832/832 831/831/831 829/829/829 
f 833/833/833 830/830/830 623/623/623 
f 833/833/833 832/832/832 830/830/830 
f 624/624/624 833/833/833 623/623/623 
f 834/834/834 833/833/833 624/624/624 
f 628/628/628 834/834/834 624/624/624 
f 835/835/835 832/832/832 833/833/833 
f 834/834/834 835/835/835 833/833/833 
f 836/836/836 831/831/831 832/832/832 
f 835/835/835 836/836/836 832/832/832 
f 837/837/837 826/826/826 831/831/831 
f 836/836/836 837/837/837 831/831/831 
f 838/838/838 834/834/834 628/628/628 
f 838/838/838 628/628/628 629/629/629 
f 839/839/839 835/835/835 834/834/834 
f 839/839/839 834/834/834 838/838/838 
f 840/840/840 836/836/836 835/835/835 
f 840/840/840 835/835/835 839/839/839 
f 841/841/841 838/838/838 629/629/629 
f 630/630/630 841/841/841 629/629/629 
f 842/842/842 839/839/839 838/838/838 
f 841/841/841 842/842/842 838/838/838 
f 843/843/843 841/841/841 630/630/630 
f 843/843/843 630/630/630 631/631/631 
f 837/837/837 844/844/844 826/826/826 
f 826/826/826 844/844/844 818/818/818 
f 845/845/845 837/837/837 836/836/836 
f 845/845/845 836/836/836 840/840/840 
f 846/846/846 844/844/844 837/837/837 
f 818/818/818 844/844/844 846/846/846 
f 846/846/846 837/837/837 845/845/845 
f 847/847/847 840/840/840 839/839/839 
f 842/842/842 847/847/847 839/839/839 
f 848/848/848 842/842/842 841/841/841 
f 848/848/848 841/841/841 843/843/843 
f 849/849/849 843/843/843 631/631/631 
f 849/849/849 631/631/631 633/633/633 
f 850/850/850 845/845/845 840/840/840 
f 847/847/847 850/850/850 840/840/840 
f 851/851/851 847/847/847 842/842/842 
f 851/851/851 842/842/842 848/848/848 
f 852/852/852 848/848/848 843/843/843 
f 852/852/852 843/843/843 849/849/849 
f 853/853/853 849/849/849 633/633/633 
f 853/853/853 633/633/633 635/635/635 
f 850/850/850 854/854/854 845/845/845 
f 854/854/854 846/846/846 845/845/845 
f 855/855/855 850/850/850 847/847/847 
f 855/855/855 847/847/847 851/851/851 
f 856/856/856 851/851/851 848/848/848 
f 856/856/856 848/848/848 852/852/852 
f 857/857/857 852/852/852 849/849/849 
f 857/857/857 849/849/849 853/853/853 
f 858/858/858 853/853/853 635/635/635 
f 858/858/858 635/635/635 637/637/637 
f 859/859/859 854/854/854 850/850/850 
f 859/859/859 850/850/850 855/855/855 
f 860/860/860 855/855/855 851/851/851 
f 860/860/860 851/851/851 856/856/856 
f 861/861/861 856/856/856 852/852/852 
f 861/861/861 852/852/852 857/857/857 
f 862/862/862 857/857/857 853/853/853 
f 862/862/862 853/853/853 858/858/858 
f 863/863/863 858/858/858 637/637/637 
f 863/863/863 637/637/637 639/639/639 
f 864/864/864 859/859/859 855/855/855 
f 864/864/864 855/855/855 860/860/860 
f 865/865/865 860/860/860 856/856/856 
f 865/865/865 856/856/856 861/861/861 
f 866/866/866 861/861/861 857/857/857 
f 866/866/866 857/857/857 862/862/862 
f 867/867/867 862/862/862 858/858/858 
f 867/867/867 858/858/858 863/863/863 
f 868/868/868 863/863/863 639/639/639 
f 868/868/868 639/639/639 641/641/641 
f 665/665/665 868/868/868 641/641/641 
f 869/869/869 863/863/863 868/868/868 
f 869/869/869 867/867/867 863/863/863 
f 870/870/870 868/868/868 665/665/665 
f 870/870/870 869/869/869 868/868/868 
f 705/705/705 870/870/870 665/665/665 
f 871/871/871 862/862/862 867/867/867 
f 871/871/871 866/866/866 862/862/862 
f 872/872/872 861/861/861 866/866/866 
f 872/872/872 865/865/865 861/861/861 
f 873/873/873 867/867/867 869/869/869 
f 873/873/873 871/871/871 867/867/867 
f 874/874/874 870/870/870 705/705/705 
f 706/706/706 874/874/874 705/705/705 
f 875/875/875 869/869/869 870/870/870 
f 875/875/875 873/873/873 869/869/869 
f 874/874/874 875/875/875 870/870/870 
f 876/876/876 866/866/866 871/871/871 
f 876/876/876 872/872/872 866/866/866 
f 877/877/877 874/874/874 706/706/706 
f 707/707/707 877/877/877 706/706/706 
f 878/878/878 871/871/871 873/873/873 
f 878/878/878 876/876/876 871/871/871 
f 879/879/879 875/875/875 874/874/874 
f 877/877/877 879/879/879 874/874/874 
f 880/880/880 873/873/873 875/875/875 
f 880/880/880 878/878/878 873/873/873 
f 879/879/879 880/880/880 875/875/875 
f 881/881/881 877/877/877 707/707/707 
f 708/708/708 881/881/881 707/707/707 
f 719/719/719 881/881/881 708/708/708 
f 882/882/882 879/879/879 877/877/877 
f 881/881/881 882/882/882 877/877/877 
f 719/719/719 883/883/883 881/881/881 
f 883/883/883 882/882/882 881/881/881 
f 883/883/883 719/719/719 734/734/734 
f 884/884/884 880/880/880 879/879/879 
f 882/882/882 884/884/884 879/879/879 
f 885/885/885 878/878/878 880/880/880 
f 884/884/884 885/885/885 880/880/880 
f 883/883/883 886/886/886 882/882/882 
f 886/886/886 884/884/884 882/882/882 
f 883/883/883 734/734/734 887/887/887 
f 886/886/886 883/883/883 887/887/887 
f 886/886/886 888/888/888 884/884/884 
f 888/888/888 885/885/885 884/884/884 
f 885/885/885 889/889/889 878/878/878 
f 889/889/889 876/876/876 878/878/878 
f 890/890/890 887/887/887 734/734/734 
f 724/724/724 890/890/890 734/734/734 
f 735/735/735 890/890/890 724/724/724 
f 735/735/735 755/755/755 890/890/890 
f 755/755/755 891/891/891 890/890/890 
f 890/890/890 891/891/891 887/887/887 
f 755/755/755 770/770/770 891/891/891 
f 886/886/886 887/887/887 892/892/892 
f 891/891/891 892/892/892 887/887/887 
f 888/888/888 886/886/886 892/892/892 
f 770/770/770 893/893/893 891/891/891 
f 891/891/891 893/893/893 892/892/892 
f 770/770/770 776/776/776 893/893/893 
f 888/888/888 892/892/892 894/894/894 
f 893/893/893 894/894/894 892/892/892 
f 776/776/776 895/895/895 893/893/893 
f 893/893/893 895/895/895 894/894/894 
f 776/776/776 782/782/782 895/895/895 
f 896/896/896 888/888/888 894/894/894 
f 888/888/888 896/896/896 885/885/885 
f 896/896/896 889/889/889 885/885/885 
f 895/895/895 897/897/897 894/894/894 
f 896/896/896 894/894/894 897/897/897 
f 782/782/782 898/898/898 895/895/895 
f 895/895/895 898/898/898 897/897/897 
f 896/896/896 899/899/899 889/889/889 
f 899/899/899 896/896/896 897/897/897 
f 782/782/782 900/900/900 898/898/898 
f 777/777/777 900/900/900 782/782/782 
f 777/777/777 783/783/783 900/900/900 
f 898/898/898 901/901/901 897/897/897 
f 899/899/899 897/897/897 901/901/901 
f 899/899/899 902/902/902 889/889/889 
f 889/889/889 902/902/902 876/876/876 
f 902/902/902 872/872/872 876/876/876 
f 783/783/783 903/903/903 900/900/900 
f 783/783/783 790/790/790 903/903/903 
f 900/900/900 904/904/904 898/898/898 
f 898/898/898 904/904/904 901/901/901 
f 900/900/900 903/903/903 904/904/904 
f 905/905/905 899/899/899 901/901/901 
f 899/899/899 905/905/905 902/902/902 
f 902/902/902 906/906/906 872/872/872 
f 905/905/905 906/906/906 902/902/902 
f 906/906/906 865/865/865 872/872/872 
f 790/790/790 907/907/907 903/903/903 
f 790/790/790 794/794/794 907/907/907 
f 903/903/903 908/908/908 904/904/904 
f 903/903/903 907/907/907 908/908/908 
f 904/904/904 909/909/909 901/901/901 
f 905/905/905 901/901/901 909/909/909 
f 904/904/904 908/908/908 909/909/909 
f 905/905/905 910/910/910 906/906/906 
f 910/910/910 905/905/905 909/909/909 
f 906/906/906 911/911/911 865/865/865 
f 910/910/910 911/911/911 906/906/906 
f 911/911/911 860/860/860 865/865/865 
f 911/911/911 864/864/864 860/860/860 
f 794/794/794 912/912/912 907/907/907 
f 794/794/794 795/795/795 912/912/912 
f 907/907/907 913/913/913 908/908/908 
f 907/907/907 912/912/912 913/913/913 
f 908/908/908 914/914/914 909/909/909 
f 910/910/910 909/909/909 914/914/914 
f 908/908/908 913/913/913 914/914/914 
f 910/910/910 915/915/915 911/911/911 
f 915/915/915 864/864/864 911/911/911 
f 915/915/915 910/910/910 914/914/914 
f 795/795/795 916/916/916 912/912/912 
f 795/795/795 796/796/796 916/916/916 
f 912/912/912 917/917/917 913/913/913 
f 912/912/912 916/916/916 917/917/917 
f 913/913/913 918/918/918 914/914/914 
f 915/915/915 914/914/914 918/918/918 
f 913/913/913 917/917/917 918/918/918 
f 915/915/915 919/919/919 864/864/864 
f 919/919/919 915/915/915 918/918/918 
f 919/919/919 859/859/859 864/864/864 
f 796/796/796 920/920/920 916/916/916 
f 796/796/796 798/798/798 920/920/920 
f 798/798/798 806/806/806 920/920/920 
f 916/916/916 921/921/921 917/917/917 
f 916/916/916 920/920/920 921/921/921 
f 917/917/917 922/922/922 918/918/918 
f 919/919/919 918/918/918 922/922/922 
f 917/917/917 921/921/921 922/922/922 
f 919/919/919 923/923/923 859/859/859 
f 923/923/923 919/919/919 922/922/922 
f 923/923/923 854/854/854 859/859/859 
f 920/920/920 806/806/806 924/924/924 
f 920/920/920 924/924/924 921/921/921 
f 806/806/806 816/816/816 924/924/924 
f 921/921/921 925/925/925 922/922/922 
f 923/923/923 922/922/922 925/925/925 
f 921/921/921 924/924/924 925/925/925 
f 923/923/923 926/926/926 854/854/854 
f 926/926/926 923/923/923 925/925/925 
f 854/854/854 926/926/926 846/846/846 
f 924/924/924 816/816/816 927/927/927 
f 924/924/924 927/927/927 925/925/925 
f 926/926/926 925/925/925 927/927/927 
f 927/927/927 816/816/816 819/819/819 
f 928/928/928 846/846/846 926/926/926 
f 928/928/928 926/926/926 927/927/927 
f 927/927/927 819/819/819 928/928/928 
f 818/818/818 846/846/846 928/928/928 
f 819/819/819 818/818/818 928/928/928 
f 929/929/929 931/931/931 930/930/930 
f 929/929/929 930/930/930 932/932/932 
f 929/929/929 933/933/933 931/931/931 
f 929/929/929 932/932/932 934/934/934 
f 929/929/929 935/935/935 933/933/933 
f 929/929/929 934/934/934 936/936/936 
f 929/929/929 937/937/937 935/935/935 
f 929/929/929 936/936/936 938/938/938 
f 929/929/929 939/939/939 937/937/937 
f 929/929/929 938/938/938 940/940/940 
f 929/929/929 941/941/941 939/939/939 
f 929/929/929 940/940/940 942/942/942 
f 929/929/929 943/943/943 941/941/941 
f 929/929/929 942/942/942 944/944/944 
f 929/929/929 944/944/944 943/943/943 
