# exported by StudySceneExporter from mesh 'flower_pot_lod1'
mtllib materials.mtl
v -0.5177099 0.1029789 0.8000002
v -0.5278864 1.117587E-08 0.8000002
v -0.5109102 7.450581E-09 0.5938779
v -0.5010609 0.09966721 0.5938779
v -0.4720194 0.1955168 0.5938779
v -0.4877035 0.2020134 0.8000002
v -0.4388932 0.2932591 0.8000002
v -0.4247789 0.2838282 0.5938779
v -0.3612681 0.361268 0.5938779
v -0.3732721 0.3732721 0.8000002
v -0.2932591 0.4388932 0.8000002
v -0.2838283 0.4247789 0.5938779
v -0.1955169 0.4720194 0.5938779
v -0.2020134 0.4877035 0.8000002
v -0.1029789 0.5177099 0.8000002
v -0.09966721 0.5010609 0.5938779
v 3.72529E-08 0.5109102 0.5938779
v 3.678724E-08 0.5278864 0.8000002
v 0.1029789 0.5177099 0.8000002
v 0.09966725 0.5010609 0.5938779
v 0.1955169 0.4720194 0.5938779
v 0.2020134 0.4877035 0.8000002
v 0.2932591 0.4388932 0.8000002
v 0.2838282 0.4247789 0.5938779
v 0.361268 0.361268 0.5938779
v 0.3732721 0.3732721 0.8000002
v 0.4388932 0.2932591 0.8000002
v 0.4247789 0.2838283 0.5938779
v 0.4720194 0.1955169 0.5938779
v 0.4877035 0.2020134 0.8000002
v 0.5177099 0.1029789 0.8000002
v 0.5010609 0.09966725 0.5938779
v 0.5109102 -9.313226E-09 0.5938779
v 0.5278864 -9.313226E-09 0.8000002
v 0.5177099 -0.102979 0.8000002
v 0.5278864 -9.313226E-09 0.8000002
v 0.5109102 -9.313226E-09 0.5938779
v 0.5010609 -0.09966726 0.5938779
v 0.4720194 -0.1955169 0.5938779
v 0.4877034 -0.2020134 0.8000002
v 0.4388932 -0.2932591 0.8000002
v 0.424779 -0.2838283 0.5938779
v 0.3612681 -0.361268 0.5938779
v 0.3732721 -0.3732721 0.8000002
v 0.2932591 -0.4388932 0.8000002
v 0.2838283 -0.4247789 0.5938779
v 0.1955169 -0.4720194 0.5938779
v 0.2020134 -0.4877035 0.8000002
v 0.1029789 -0.5177099 0.8000002
v 0.09966723 -0.5010609 0.5938779
v 1.024455E-08 -0.5109102 0.5938779
v 8.381903E-09 -0.5278864 0.8000002
v -0.1029789 -0.5177099 0.8000002
v -0.09966722 -0.5010609 0.5938779
v -0.1955169 -0.4720194 0.5938779
v -0.2020134 -0.4877035 0.8000002
v -0.2932591 -0.4388932 0.8000002
v -0.2838283 -0.4247789 0.5938779
v -0.3612681 -0.361268 0.5938779
v -0.3732721 -0.3732721 0.8000002
v -0.4388932 -0.2932591 0.8000002
v -0.4247789 -0.2838283 0.5938779
v -0.4720194 -0.1955169 0.5938779
v -0.4877035 -0.2020134 0.8000002
v -0.5177099 -0.1029789 0.8000002
v -0.5010609 -0.09966721 0.5938779
v -0.5109102 7.450581E-09 0.5938779
v -0.5278864 1.117587E-08 0.8000002
v 0.5177099 0.1029789 0.8000002
v 0.5278864 -9.313226E-09 0.8000002
v 0.4365276 -5.587935E-09 0.8000086
v 0.4281123 0.08515687 0.8000086
v 0.403299 0.1670519 0.8000086
v 0.4877035 0.2020134 0.8000002
v 0.4388932 0.2932591 0.8000002
v 0.3629361 0.2425062 0.8000086
v 0.3086717 0.3086717 0.8000086
v 0.3732721 0.3732721 0.8000002
v 0.2932591 0.4388932 0.8000002
v 0.2425061 0.3629361 0.8000086
v 0.1670519 0.403299 0.8000086
v 0.2020134 0.4877035 0.8000002
v 0.1029789 0.5177099 0.8000002
v 0.08515687 0.4281124 0.8000086
v 3.119931E-08 0.4365277 0.8000086
v 3.678724E-08 0.5278864 0.8000002
v -0.1029789 0.5177099 0.8000002
v -0.08515682 0.4281123 0.8000086
v -0.1670519 0.403299 0.8000086
v -0.2020134 0.4877035 0.8000002
v -0.2932591 0.4388932 0.8000002
v -0.2425062 0.3629361 0.8000086
v -0.3086717 0.3086717 0.8000086
v -0.3732721 0.3732721 0.8000002
v -0.4388932 0.2932591 0.8000002
v -0.3629361 0.2425062 0.8000086
v -0.403299 0.1670519 0.8000086
v -0.4877035 0.2020134 0.8000002
v -0.5177099 0.1029789 0.8000002
v -0.4281124 0.08515683 0.8000086
v -0.4365277 8.381903E-09 0.8000086
v -0.5278864 1.117587E-08 0.8000002
v -0.4250624 6.752089E-09 0.6650305
v -0.4365277 8.381903E-09 0.8000086
v -0.4281124 0.08515683 0.8000086
v -0.4168681 0.08292021 0.6650306
v -0.3927065 0.1626643 0.6650305
v -0.403299 0.1670519 0.8000086
v -0.3629361 0.2425062 0.8000086
v -0.3534037 0.2361368 0.6650306
v -0.3005645 0.3005645 0.6650305
v -0.3086717 0.3086717 0.8000086
v -0.2425062 0.3629361 0.8000086
v -0.2361368 0.3534037 0.6650306
v -0.1626643 0.3927065 0.6650305
v -0.1670519 0.403299 0.8000086
v -0.08515682 0.4281123 0.8000086
v -0.08292019 0.4168681 0.6650306
v 3.119931E-08 0.4250624 0.6650305
v 3.119931E-08 0.4365277 0.8000086
v 0.08515687 0.4281124 0.8000086
v 0.08292024 0.4168681 0.6650306
v 0.1626643 0.3927065 0.6650305
v 0.1670519 0.403299 0.8000086
v 0.2425061 0.3629361 0.8000086
v 0.2361367 0.3534037 0.6650306
v 0.3005644 0.3005645 0.6650305
v 0.3086717 0.3086717 0.8000086
v 0.3629361 0.2425062 0.8000086
v 0.3534037 0.2361368 0.6650306
v 0.3927063 0.1626644 0.6650305
v 0.403299 0.1670519 0.8000086
v 0.4281123 0.08515687 0.8000086
v 0.4168681 0.08292025 0.6650306
v 0.4250624 -1.047738E-08 0.6650305
v 0.4365276 -5.587935E-09 0.8000086
v 0.4250624 -1.047738E-08 0.6650305
v 0.4365276 -5.587935E-09 0.8000086
v 0.4281123 -0.08515687 0.8000086
v 0.4168681 -0.08292026 0.6650306
v 0.3927064 -0.1626644 0.6650305
v 0.4032989 -0.1670519 0.8000086
v 0.3629361 -0.2425062 0.8000086
v 0.3534037 -0.2361368 0.6650306
v 0.3005645 -0.3005645 0.6650305
v 0.3086717 -0.3086717 0.8000086
v 0.2425062 -0.3629361 0.8000086
v 0.2361368 -0.3534037 0.6650306
v 0.1626643 -0.3927065 0.6650305
v 0.1670519 -0.403299 0.8000086
v 0.08515684 -0.4281124 0.8000086
v 0.08292022 -0.4168681 0.6650306
v 7.21775E-09 -0.4250624 0.6650305
v 6.984919E-09 -0.4365277 0.8000086
v -0.08515683 -0.4281124 0.8000086
v -0.08292021 -0.4168681 0.6650306
v -0.1626643 -0.3927065 0.6650305
v -0.1670519 -0.403299 0.8000086
v -0.2425062 -0.3629361 0.8000086
v -0.2361368 -0.3534037 0.6650306
v -0.3005645 -0.3005645 0.6650305
v -0.3086717 -0.3086717 0.8000086
v -0.3629361 -0.2425062 0.8000086
v -0.3534037 -0.2361368 0.6650306
v -0.3927065 -0.1626643 0.6650305
v -0.403299 -0.1670519 0.8000086
v -0.4281123 -0.08515683 0.8000086
v -0.4168681 -0.08292019 0.6650306
v -0.4250624 6.752089E-09 0.6650305
v -0.4365277 8.381903E-09 0.8000086
v -0.4625496 0.09200684 0.5938779
v -0.4716418 9.313226E-09 0.5938779
v -0.4264895 9.080395E-09 0
v -0.4182677 0.0831986 0
v -0.3940248 0.1632104 0
v -0.4357402 0.1804895 0.5938779
v -0.3921306 0.2620133 0.5938779
v -0.3545902 0.2369296 0
v -0.3015736 0.3015736 0
v -0.3335012 0.3335012 0.5938779
v -0.2620133 0.3921306 0.5938779
v -0.2369296 0.3545902 0
v -0.1632104 0.3940249 0
v -0.1804895 0.4357402 0.5938779
v -0.09200683 0.4625496 0.5938779
v -0.08319859 0.4182677 0
v 2.980232E-08 0.4264895 0
v 3.352761E-08 0.4716419 0.5938779
v 0.09200687 0.4625497 0.5938779
v 0.08319863 0.4182677 0
v 0.1632105 0.3940248 0
v 0.1804895 0.4357402 0.5938779
v 0.2620133 0.3921306 0.5938779
v 0.2369296 0.3545902 0
v 0.3015735 0.3015736 0
v 0.3335011 0.3335012 0.5938779
v 0.3921306 0.2620134 0.5938779
v 0.3545902 0.2369296 0
v 0.3940248 0.1632105 0
v 0.4357402 0.1804896 0.5938779
v 0.4625496 0.09200687 0.5938779
v 0.4182677 0.08319863 0
v 0.4264895 -5.820766E-09 0
v 0.4716418 -8.381903E-09 0.5938779
v 0.4625496 -0.09200688 0.5938779
v 0.4716418 -8.381903E-09 0.5938779
v 0.4264895 -5.820766E-09 0
v 0.4182677 -0.08319864 0
v 0.3940248 -0.1632105 0
v 0.4357403 -0.1804896 0.5938779
v 0.3921306 -0.2620133 0.5938779
v 0.3545902 -0.2369296 0
v 0.3015736 -0.3015736 0
v 0.3335012 -0.3335012 0.5938779
v 0.2620134 -0.3921306 0.5938779
v 0.2369296 -0.3545902 0
v 0.1632105 -0.3940248 0
v 0.1804896 -0.4357402 0.5938779
v 0.09200685 -0.4625496 0.5938779
v 0.08319862 -0.4182677 0
v 8.614734E-09 -0.4264895 0
v 7.21775E-09 -0.4716419 0.5938779
v -0.09200683 -0.4625497 0.5938779
v -0.0831986 -0.4182677 0
v -0.1632104 -0.3940248 0
v -0.1804895 -0.4357402 0.5938779
v -0.2620133 -0.3921306 0.5938779
v -0.2369296 -0.3545902 0
v -0.3015736 -0.3015736 0
v -0.3335012 -0.3335012 0.5938779
v -0.3921306 -0.2620133 0.5938779
v -0.3545902 -0.2369296 0
v -0.3940248 -0.1632104 0
v -0.4357402 -0.1804895 0.5938779
v -0.4625496 -0.09200683 0.5938779
v -0.4182677 -0.08319859 0
v -0.4264895 9.080395E-09 0
v -0.4716418 9.313226E-09 0.5938779
v 0.329449 0.3866172 1.808293
v 0.3210702 0.3669385 1.793261
v 0.3106888 0.3763453 1.793261
v 0.2717044 0.3446864 1.754692
v 0.2933949 0.3250319 1.754692
v 0.2200622 0.3007118 1.696037
v 0.2547074 0.2693189 1.696036
v 0.1583054 0.2471042 1.603086
v 0.2074272 0.2025936 1.603086
v 0.08975711 0.187015 1.460779
v 0.1543642 0.1284727 1.460779
v 0.02619493 0.1322019 1.268628
v 0.1060618 0.05983222 1.268628
v -0.02027752 0.09415322 1.039642
v 0.07276363 0.009845994 1.039642
v -0.04470714 0.07467561 0.8262297
v 0.05578076 -0.01637932 0.8262297
v -0.04655671 0.07176089 0.6737868
v 0.05306194 -0.01850641 0.6737869
v 0.760884 0.3340746 1.861461
v 0.7416092 0.31699 1.84819
v 0.7352912 0.3311737 1.84819
v 0.6897085 0.2846131 1.813786
v 0.6765081 0.3142481 1.813786
v 0.5966438 0.2892794 1.760156
v 0.6177281 0.241945 1.760156
v 0.4973727 0.2569123 1.671127
v 0.5272672 0.1897989 1.671127
v 0.3812364 0.2178586 1.52945
v 0.420555 0.1295882 1.52945
v 0.2651933 0.1786617 1.331947
v 0.3137988 0.0695425 1.331947
v 0.168374 0.1463204 1.090238
v 0.2249971 0.01920167 1.090238
v 0.1041804 0.1238228 0.8610641
v 0.1653354 -0.01347018 0.8610641
v 0.0788712 0.1118376 0.694398
v 0.1394972 -0.02426779 0.694398
v -0.4048106 0.680865 1.828151
v -0.3855853 0.6646792 1.815142
v -0.3983973 0.6565656 1.815142
v -0.3737536 0.6022122 1.781424
v -0.3469845 0.6191645 1.781424
v -0.3383722 0.5286569 1.728885
v -0.2956154 0.5557339 1.728885
v -0.29313 0.4374525 1.641733
v -0.232507 0.4758439 1.641733
v -0.1593584 0.3814766 1.503127
v -0.2390924 0.3309827 1.503127
v -0.184987 0.2247138 1.309996
v -0.08642038 0.2871341 1.309996
v -0.1402739 0.1361229 1.073729
v -0.02544835 0.2088396 1.073729
v -0.1096797 0.07764619 0.8497704
v 0.01433613 0.1561829 0.8497704
v -0.0946855 0.05515588 0.6869377
v 0.02825753 0.1330132 0.6869377
v -0.7813147 0.1013271 1.808263
v -0.7569382 0.104705 1.795363
v -0.7594521 0.09002868 1.795362
v -0.6985467 0.1029313 1.761942
v -0.7037994 0.07226706 1.761942
v -0.6271856 0.0497177 1.709925
v -0.6187957 0.09869601 1.709925
v -0.5314022 0.02277717 1.623815
v -0.5195066 0.09222141 1.623815
v -0.4189757 -0.00774808 1.487091
v -0.4033302 0.08358797 1.487091
v -0.3069374 -0.03804272 1.296834
v -0.2875965 0.07486624 1.296834
v -0.2141895 -0.06351562 1.064328
v -0.1916583 0.06801804 1.064328
v -0.1526152 -0.07948126 0.8440833
v -0.1282806 0.06257998 0.8440833
v -0.1030888 0.05763229 0.6840619
v -0.1272129 -0.08320009 0.6840619
v 0.6966183 -0.5031261 1.813657
v 0.6724215 -0.4954651 1.8011
v 0.6811173 -0.4830291 1.8011
v 0.6368654 -0.4420011 1.768498
v 0.6186969 -0.4679845 1.768498
v 0.5749968 -0.3871875 1.717486
v 0.5459772 -0.4286894 1.717486
v 0.4966723 -0.31951 1.632232
v 0.4555267 -0.3783537 1.632232
v 0.3494149 -0.3179666 1.495837
v 0.4035313 -0.2405727 1.495837
v 0.3095506 -0.1612495 1.304891
v 0.2426522 -0.2569233 1.304891
v 0.2303855 -0.09414572 1.070407
v 0.152452 -0.2056011 1.070407
v 0.1760674 -0.04952364 0.8476057
v 0.0918963 -0.1698996 0.8476057
v 0.1509948 -0.03276728 0.685217
v 0.06755184 -0.152102 0.685217
v 0.6680546 -0.3106412 2.038581
v 0.6415169 -0.3082942 2.022256
v 0.6481587 -0.2929237 2.022256
v 0.5807534 -0.2919729 1.980193
v 0.5946305 -0.2598583 1.980193
v 0.5208721 -0.2166056 1.915572
v 0.4987069 -0.2679005 1.915572
v 0.4298558 -0.1645583 1.811157
v 0.3984287 -0.2372871 1.811157
v 0.3253208 -0.1057835 1.648621
v 0.2839867 -0.2014395 1.648621
v 0.225033 -0.04904203 1.426067
v 0.1739361 -0.1672914 1.426067
v 0.08803535 -0.1417466 1.157691
v 0.147561 -0.003991632 1.157691
v 0.03636872 -0.125963 0.9056244
v 0.1006586 0.02281747 0.9056244
v 0.0855663 0.02857534 0.7240942
v 0.02183254 -0.1189182 0.7240942
v -0.6891211 -0.6776069 1.855732
v -0.6763369 -0.6539264 1.843302
v -0.6652086 -0.6652623 1.843302
v -0.6138288 -0.6269475 1.810939
v -0.6370798 -0.6032629 1.810939
v -0.544502 -0.5727785 1.759968
v -0.5816396 -0.5349483 1.759968
v -0.4580681 -0.5034473 1.673775
v -0.510724 -0.4498097 1.673775
v -0.3561385 -0.4199853 1.534614
v -0.4253938 -0.3494388 1.534614
v -0.2525095 -0.3346131 1.338397
v -0.3381224 -0.2474041 1.338397
v -0.1633827 -0.2612419 1.09606
v -0.2631177 -0.1596474 1.09606
v -0.1023955 -0.2093546 0.8649727
v -0.2101131 -0.09962884 0.8649728
v -0.1837363 -0.0746666 0.6959314
v -0.07695051 -0.1834432 0.6959313
v -0.1877089 -0.6737375 1.939816
v -0.1896423 -0.6482815 1.924807
v -0.1742279 -0.6520577 1.924807
v -0.1516123 -0.5960711 1.886082
v -0.1838187 -0.5881811 1.886082
v -0.1740201 -0.5065699 1.826393
v -0.1225787 -0.5191721 1.826393
v -0.08788363 -0.424053 1.729346
v -0.1608202 -0.4061847 1.729346
v -0.04878766 -0.3142096 1.577496
v -0.1447169 -0.2907085 1.577496
v -0.0106597 -0.2075928 1.368687
v -0.1292467 -0.1785411 1.368687
v -0.1177977 -0.08948672 1.115988
v 0.02035062 -0.1233307 1.115988
v 0.03907893 -0.07080415 0.8781
v -0.1101264 -0.03425141 0.8781
v -0.1050545 -0.01634028 0.7063706
v 0.04286019 -0.05257683 0.7063705
v 0.6627986 0.5525284 1.276151
v 0.6521677 0.5362504 1.269825
v 0.6450542 0.5445832 1.269825
v 0.6060302 0.519116 1.253064
v 0.6208929 0.5017056 1.253064
v 0.552792 0.4826563 1.225596
v 0.5765314 0.4548475 1.225596
v 0.484874 0.4347209 1.175958
v 0.5185331 0.3952922 1.175958
v 0.446551 0.3230994 1.091843
v 0.4022811 0.3749578 1.091843
v 0.3147542 0.3108262 0.9688916
v 0.3694803 0.2467192 0.9688916
v 0.2347284 0.2516512 0.8127804
v 0.2984817 0.1769696 0.8127804
v 0.1756799 0.20641 0.6613876
v 0.2445358 0.125751 0.6613876
v 0.08838627 0.8645443 1.724493
v 0.09301067 0.840471 1.713094
v 0.07861134 0.8420641 1.713094
v 0.09449357 0.7821163 1.683423
v 0.06440806 0.7854449 1.683423
v 0.09472435 0.7020041 1.636723
v 0.04667044 0.7073205 1.636723
v 0.09373077 0.601167 1.557845
v 0.02559718 0.608705 1.557845
v 0.09134922 0.4813851 1.430608
v 0.001737016 0.4912996 1.430608
v -0.02220711 0.371704 1.251331
v 0.08857085 0.3594478 1.251331
v -0.04281147 0.2690626 1.030039
v 0.08623968 0.2547848 1.030039
v -0.05592348 0.1977994 0.8190925
v 0.08345656 0.1823788 0.8190925
v -0.0589164 0.1652323 0.6648389
v 0.07925798 0.149945 0.6648389
v 0.4941298 0.853259 1.663015
v 0.4882168 0.828833 1.652983
v 0.4757065 0.8361657 1.652983
v 0.4387959 0.7888138 1.626688
v 0.4649346 0.7734926 1.626688
v 0.3893971 0.7224284 1.584638
v 0.431147 0.6979569 1.584638
v 0.3276604 0.6370965 1.511637
v 0.3868559 0.6023992 1.511637
v 0.2543057 0.5333361 1.391413
v 0.332162 0.4877008 1.391413
v 0.1784558 0.4250075 1.219312
v 0.2747013 0.3685935 1.219312
v 0.2234527 0.2629647 1.004229
v 0.1113311 0.3286843 1.004229
v 0.06413697 0.2584532 0.7976277
v 0.1852324 0.1874735 0.7976277
v 0.04361354 0.2222384 0.6453826
v 0.1636615 0.1518727 0.6453826
v -0.2284684 0.84799 1.411746
v -0.2177053 0.8298637 1.404052
v -0.2293675 0.8269283 1.404052
v -0.2235119 0.7768285 1.383794
v -0.1991452 0.7829617 1.383794
v -0.213881 0.7078258 1.351063
v -0.1749615 0.7176219 1.351063
v -0.2003402 0.6196775 1.293261
v -0.145158 0.6335672 1.293261
v -0.1826627 0.512701 1.196877
v -0.1100847 0.5309691 1.196877
v -0.1634785 0.4002739 1.057627
v -0.0737581 0.4228569 1.057627
v -0.1458402 0.2989369 0.8823665
v -0.04132005 0.325245 0.8823665
v -0.1316319 0.2248182 0.7132943
v -0.01874626 0.253232 0.7132943
v -0.121762 0.1876688 0.5881717
v -0.009852847 0.2158367 0.5881717
v -0.7054662 0.6688258 1.433895
v -0.6842297 0.6595816 1.426164
v -0.6926284 0.6495479 1.426164
v -0.6550024 0.608758 1.405709
v -0.6374541 0.6297221 1.405709
v -0.6016836 0.5534801 1.372296
v -0.5736546 0.586965 1.372296
v -0.5320939 0.4833315 1.312231
v -0.4923529 0.5308082 1.312231
v -0.4459091 0.3984628 1.210812
v -0.39364 0.4609063 1.210812
v -0.3538814 0.3088887 1.06295
v -0.2892668 0.3860809 1.06295
v -0.2694229 0.2273644 0.8755718
v -0.1941499 0.3172897 0.8755718
v -0.2055087 0.1677441 0.6940652
v -0.124211 0.2648668 0.6940652
v -0.9284173 0.2855386 1.854251
v -0.9013607 0.2852389 1.841833
v -0.9062328 0.2700466 1.841832
v -0.8378924 0.2740107 1.80949
v -0.8480722 0.2422684 1.80949
v -0.7511226 0.2566375 1.758518
v -0.767382 0.2059373 1.758518
v -0.6651304 0.161463 1.67223
v -0.6420766 0.2333486 1.67223
v -0.5429444 0.1097818 1.532796
v -0.512623 0.2043288 1.532796
v -0.4181277 0.05743913 1.336064
v -0.3806447 0.1743174 1.336064
v -0.2669821 0.148497 1.092963
v -0.3106479 0.01233925 1.092963
v -0.1882894 0.1292696 0.8610719
v -0.2354502 -0.01778588 0.8610719
v -0.2001113 -0.0284176 0.6913862
v -0.1533585 0.1173658 0.6913862
v -0.9961603 0.4570886 1.781768
v -0.9687666 0.4525695 1.77093
v -0.9757892 0.4382246 1.77093
v -0.9058596 0.4314593 1.742492
v -0.9205322 0.4014874 1.742492
v -0.8197815 0.4004152 1.696903
v -0.8432176 0.3525426 1.696903
v -0.7106032 0.3593659 1.617422
v -0.7438322 0.2914894 1.617422
v -0.6228763 0.2190126 1.486123
v -0.5791721 0.3082867 1.486123
v -0.4962878 0.1439714 1.297734
v -0.442261 0.2543315 1.297734
v -0.3832645 0.07735731 1.061874
v -0.3203257 0.2059215 1.061874
v -0.3006077 0.03051471 0.835069
v -0.2326315 0.1693688 0.835069
v -0.2579389 0.01037066 0.6677547
v -0.1905507 0.1480237 0.6677547
v -0.8712047 -0.3527654 1.349826
v -0.8550889 -0.3400547 1.342734
v -0.8507682 -0.3508602 1.342734
v -0.812184 -0.316072 1.324004
v -0.8031565 -0.3386487 1.324004
v -0.7521241 -0.2842364 1.293542
v -0.7377048 -0.3202969 1.293542
v -0.6744387 -0.2444342 1.239162
v -0.6539943 -0.2955629 1.239162
v -0.5790293 -0.196936 1.147789
v -0.5521399 -0.2641826 1.147789
v -0.4778013 -0.1472474 1.01504
v -0.4445609 -0.2303772 1.01504
v -0.3468343 -0.1992525 0.8472553
v -0.3855579 -0.1024102 0.8472553
v -0.3166873 -0.07037631 0.6849846
v -0.2748644 -0.1749696 0.6849846
v -0.8592521 -0.4365156 1.769547
v -0.8406433 -0.4186088 1.758032
v -0.8338022 -0.4321291 1.758032
v -0.775646 -0.4119524 1.728007
v -0.7899398 -0.3837034 1.728007
v -0.7192065 -0.3373175 1.68055
v -0.696376 -0.3824379 1.68055
v -0.5967587 -0.3438729 1.599803
v -0.6291292 -0.2798986 1.599803
v -0.4783469 -0.2966229 1.468812
v -0.5209219 -0.2124811 1.468812
v -0.3571633 -0.2477859 1.283436
v -0.4097943 -0.1437705 1.283436
v -0.2520835 -0.2053916 1.053822
v -0.313396 -0.08421846 1.053822
v -0.1789222 -0.1744632 0.8344728
v -0.245142 -0.04359174 0.8344728
v -0.146307 -0.1572492 0.6737242
v -0.211954 -0.0275098 0.6737242
v -0.8540677 -0.6695604 1.642045
v -0.8391544 -0.6485425 1.63265
v -0.83009 -0.6601145 1.63265
v -0.7770192 -0.628714 1.607913
v -0.7959582 -0.6045359 1.607913
v -0.7349495 -0.5450971 1.56794
v -0.7046994 -0.5837154 1.567939
v -0.655812 -0.4700886 1.49733
v -0.6129216 -0.524844 1.49733
v -0.5021473 -0.4519995 1.379572
v -0.5585587 -0.3799829 1.379572
v -0.3860152 -0.3747552 1.20942
v -0.4557505 -0.2857288 1.20942
v -0.2814914 -0.3047284 0.9952459
v -0.3627298 -0.2010168 0.9952459
v -0.2056747 -0.2520374 0.7886234
v -0.2934152 -0.140025 0.7886233
v -0.1690221 -0.2225453 0.6357028
v -0.2560036 -0.1115018 0.6357028
v -0.3876633 -0.9344049 1.455502
v -0.3853348 -0.9118872 1.447652
v -0.3734619 -0.9167755 1.447652
v -0.3713357 -0.8595164 1.426927
v -0.3465287 -0.8697303 1.426927
v -0.3107441 -0.8038596 1.393235
v -0.3503669 -0.7875457 1.393235
v -0.2659832 -0.7186599 1.333129
v -0.3221627 -0.6955291 1.333129
v -0.2125494 -0.6140339 1.232183
v -0.2864391 -0.5836114 1.232183
v -0.1566529 -0.5030601 1.085578
v -0.2479947 -0.465452 1.085578
v -0.1062262 -0.401984 0.9003293
v -0.2126352 -0.3581722 0.9003293
v -0.07018531 -0.3265443 0.7211968
v -0.185111 -0.279226 0.7211968
v -0.05420277 -0.2863144 0.5883167
v -0.1681343 -0.2394053 0.5883167
v -0.1025272 -1.101516 1.779573
v -0.1081827 -1.07442 1.768663
v -0.09229837 -1.075795 1.768663
v -0.1111783 -1.008347 1.740049
v -0.07799003 -1.01122 1.740049
v -0.06025972 -0.9217724 1.694226
v -0.1132695 -0.9171822 1.694226
v -0.03920945 -0.8075322 1.614486
v -0.1143697 -0.8010241 1.614486
v -0.1141561 -0.660714 1.482934
v -0.01530206 -0.6692737 1.482934
v -0.113254 -0.5144619 1.29437
v 0.008948576 -0.5250434 1.29437
v 0.0302214 -0.3966394 1.058474
v -0.1121389 -0.3843125 1.058474
v 0.04401781 -0.3035952 0.8317414
v -0.1097366 -0.2902816 0.8317414
v 0.04736608 -0.2571893 0.6645582
v -0.1050584 -0.2439909 0.6645582
v 0.3168969 -0.8618925 1.701233
v 0.3017433 -0.8424895 1.690276
v 0.3152307 -0.8373297 1.690276
v 0.3017978 -0.7802034 1.661701
v 0.2736176 -0.7909842 1.661701
v 0.2815787 -0.7021357 1.616529
v 0.236568 -0.7193552 1.616529
v 0.2547667 -0.6038716 1.539645
v 0.190948 -0.6282865 1.539645
v 0.2215523 -0.4869089 1.414892
v 0.1376151 -0.5190203 1.414892
v 0.1870923 -0.3671295 1.23831
v 0.08332986 -0.4068254 1.23831
v 0.03627233 -0.3094641 1.019558
v 0.1571508 -0.2632203 1.019557
v 0.004398845 -0.2406442 0.810565
v 0.1349521 -0.1906992 0.810565
v 0.1217932 -0.1579948 0.6573926
v -0.007630721 -0.2075077 0.6573926
v 0.5468761 -0.9755185 1.632728
v 0.5278161 -0.9570109 1.623807
v 0.5408969 -0.9496329 1.623807
v 0.4896814 -0.9060513 1.600211
v 0.5170122 -0.8906357 1.600211
v 0.4384952 -0.8343746 1.561697
v 0.4821492 -0.8097522 1.561697
v 0.4358562 -0.7063631 1.492546
v 0.3739611 -0.7412741 1.492546
v 0.3777396 -0.5805266 1.375884
v 0.2963326 -0.626443 1.375884
v 0.3153008 -0.447359 1.205901
v 0.214666 -0.5041205 1.205901
v 0.257776 -0.3259743 0.9905867
v 0.1405412 -0.3920988 0.9905867
v 0.213447 -0.2364176 0.782076
v 0.08682905 -0.3078345 0.7820761
v 0.1872463 -0.1912452 0.6271802
v 0.06172359 -0.2620443 0.6271802
v 0.8660887 -0.5447044 1.4218
v 0.8442421 -0.5382285 1.414664
v 0.8511771 -0.5274749 1.414664
v 0.8094085 -0.4922449 1.395708
v 0.7949188 -0.5147131 1.395708
v 0.7504547 -0.4447255 1.364488
v 0.727311 -0.4806126 1.364488
v 0.6734898 -0.3844744 1.307626
v 0.6406752 -0.4353573 1.307626
v 0.5779832 -0.3115262 1.210754
v 0.5348242 -0.3784495 1.210754
v 0.4754981 -0.2342429 1.068614
v 0.4221452 -0.316973 1.068614
v 0.3807012 -0.1634472 0.8876309
v 0.3185476 -0.2598239 0.8876309
v 0.3085816 -0.1114762 0.7118232
v 0.2414533 -0.2155666 0.7118232
v 0.2685513 -0.086298 0.5808243
v 0.2020037 -0.189488 0.5808243
v 0.9772261 -0.1393951 1.694139
v 0.9520859 -0.143511 1.683642
v 0.9540254 -0.1288737 1.683642
v 0.8953161 -0.1129818 1.656171
v 0.8912637 -0.1435646 1.656171
v 0.8139963 -0.09291372 1.612392
v 0.8075238 -0.1417618 1.612392
v 0.7103837 -0.06879977 1.536835
v 0.7012065 -0.1380593 1.536835
v 0.5854382 -0.04113564 1.412942
v 0.5733681 -0.1322288 1.412942
v 0.4558243 -0.01301474 1.23617
v 0.4409032 -0.1256234 1.23617
v 0.3414231 0.0115944 1.015808
v 0.3240407 -0.1195895 1.015808
v 0.2405072 -0.113863 0.8044655
v 0.2592807 0.02782046 0.8044655
v 0.2189619 0.03253926 0.648968
v 0.2003508 -0.1079186 0.6489681
v 0.9420401 0.108541 1.87596
v 0.9172273 0.09735834 1.863244
v 0.9152492 0.1133346 1.863244
v 0.8545849 0.080767 1.830151
v 0.8504519 0.1141473 1.830151
v 0.7681348 0.05994252 1.778088
v 0.7615335 0.113259 1.778088
v 0.6590328 0.03512423 1.690226
v 0.6496732 0.1107194 1.690226
v 0.5291953 0.006950649 1.548587
v 0.5168851 0.1063766 1.548587
v 0.3818175 0.1015753 1.349115
v 0.3970351 -0.02133428 1.349115
v 0.2837535 -0.04565258 1.102993
v 0.2660255 0.09753136 1.102993
v 0.2052063 -0.06119559 0.868436
v 0.1860595 0.09344841 0.868436
v 0.1504078 0.08835515 0.6969594
v 0.169389 -0.06495114 0.6969594
v 0.9399578 0.1648989 1.436269
v 0.9203471 0.1549036 1.428401
v 0.9180697 0.1672212 1.428401
v 0.8702186 0.1386965 1.407661
v 0.8654603 0.1644326 1.407661
v 0.7928626 0.1589577 1.374069
v 0.800463 0.117851 1.374069
v 0.6999267 0.1506563 1.314503
v 0.7107029 0.09237279 1.314503
v 0.586871 0.1392536 1.21489
v 0.6010444 0.06259668 1.21489
v 0.4677459 0.1265903 1.070669
v 0.485267 0.0318276 1.070669
v 0.3599958 0.1147508 0.8888586
v 0.3804071 0.004356585 0.8888586
v 0.2808099 0.1046785 0.7132984
v 0.3028548 -0.01455131 0.7132984
v 0.240652 0.09672019 0.5832492
v 0.2625062 -0.02147827 0.5832492
v -0.5703579 0.009090784 0.9949816
v -0.5610097 0.01111132 0.9916767
v -0.5614137 0.005703758 0.9916767
v -0.5389844 0.001066386 0.9829491
v -0.5381404 0.01236479 0.9829491
v -0.5078306 -0.004653657 0.968755
v -0.5064825 0.01339265 0.9687549
v -0.4677273 -0.01144089 0.9434156
v -0.4658159 0.01414619 0.9434156
v -0.4186688 -0.01916126 0.9008386
v -0.4161548 0.01449197 0.9008386
v -0.3667175 -0.02703864 0.8389816
v -0.3636096 0.01456323 0.8389816
v -0.319439 -0.03402077 0.7607994
v -0.3158186 0.01444346 0.7607994
v -0.2843424 -0.03859286 0.6851864
v -0.2804322 0.01375032 0.6851864
v -0.2660336 -0.0397329 0.6290881
v -0.2621573 0.0121575 0.6290881
v 0.5010609 0.09966725 0.5938779
v 0.4716418 -8.381903E-09 0.5938779
v 0.5109102 -9.313226E-09 0.5938779
v 0.4625496 0.09200687 0.5938779
v 0.4357402 0.1804896 0.5938779
v 0.4720194 0.1955169 0.5938779
v 0.4247789 0.2838283 0.5938779
v 0.3921306 0.2620134 0.5938779
v 0.3335011 0.3335012 0.5938779
v 0.361268 0.361268 0.5938779
v 0.2838282 0.4247789 0.5938779
v 0.2620133 0.3921306 0.5938779
v 0.1804895 0.4357402 0.5938779
v 0.1955169 0.4720194 0.5938779
v 0.09966725 0.5010609 0.5938779
v 0.09200687 0.4625497 0.5938779
v 3.352761E-08 0.4716419 0.5938779
v 3.72529E-08 0.5109102 0.5938779
v -0.09966721 0.5010609 0.5938779
v -0.09200683 0.4625496 0.5938779
v -0.1804895 0.4357402 0.5938779
v -0.1955169 0.4720194 0.5938779
v -0.2838283 0.4247789 0.5938779
v -0.2620133 0.3921306 0.5938779
v -0.3335012 0.3335012 0.5938779
v -0.3612681 0.361268 0.5938779
v -0.4247789 0.2838282 0.5938779
v -0.3921306 0.2620133 0.5938779
v -0.4357402 0.1804895 0.5938779
v -0.4720194 0.1955168 0.5938779
v -0.5010609 0.09966721 0.5938779
v -0.4625496 0.09200684 0.5938779
v -0.4716418 9.313226E-09 0.5938779
v -0.5109102 7.450581E-09 0.5938779
v 0.4716418 -8.381903E-09 0.5938779
v 0.5010609 -0.09966726 0.5938779
v 0.5109102 -9.313226E-09 0.5938779
v 0.4625496 -0.09200688 0.5938779
v 0.4357403 -0.1804896 0.5938779
v 0.4720194 -0.1955169 0.5938779
v 0.424779 -0.2838283 0.5938779
v 0.3921306 -0.2620133 0.5938779
v 0.3335012 -0.3335012 0.5938779
v 0.3612681 -0.361268 0.5938779
v 0.2838283 -0.4247789 0.5938779
v 0.2620134 -0.3921306 0.5938779
v 0.1804896 -0.4357402 0.5938779
v 0.1955169 -0.4720194 0.5938779
v 0.09966723 -0.5010609 0.5938779
v 0.09200685 -0.4625496 0.5938779
v 7.21775E-09 -0.4716419 0.5938779
v 1.024455E-08 -0.5109102 0.5938779
v -0.09966722 -0.5010609 0.5938779
v -0.09200683 -0.4625497 0.5938779
v -0.1804895 -0.4357402 0.5938779
v -0.1955169 -0.4720194 0.5938779
v -0.2838283 -0.4247789 0.5938779
v -0.2620133 -0.3921306 0.5938779
v -0.3335012 -0.3335012 0.5938779
v -0.3612681 -0.361268 0.5938779
v -0.4247789 -0.2838283 0.5938779
v -0.3921306 -0.2620133 0.5938779
v -0.4357402 -0.1804895 0.5938779
v -0.4720194 -0.1955169 0.5938779
v -0.5010609 -0.09966721 0.5938779
v -0.4625496 -0.09200683 0.5938779
v -0.4716418 9.313226E-09 0.5938779
v -0.5109102 7.450581E-09 0.5938779
v -0.4365277 8.381903E-09 0.8000086
v -0.5177099 -0.1029789 0.8000002
v -0.5278864 1.117587E-08 0.8000002
v -0.4281123 -0.08515683 0.8000086
v -0.403299 -0.1670519 0.8000086
v -0.4877035 -0.2020134 0.8000002
v -0.4388932 -0.2932591 0.8000002
v -0.3629361 -0.2425062 0.8000086
v -0.3086717 -0.3086717 0.8000086
v -0.3732721 -0.3732721 0.8000002
v -0.2932591 -0.4388932 0.8000002
v -0.2425062 -0.3629361 0.8000086
v -0.1670519 -0.403299 0.8000086
v -0.2020134 -0.4877035 0.8000002
v -0.1029789 -0.5177099 0.8000002
v -0.08515683 -0.4281124 0.8000086
v 6.984919E-09 -0.4365277 0.8000086
v 8.381903E-09 -0.5278864 0.8000002
v 0.1029789 -0.5177099 0.8000002
v 0.08515684 -0.4281124 0.8000086
v 0.1670519 -0.403299 0.8000086
v 0.2020134 -0.4877035 0.8000002
v 0.2932591 -0.4388932 0.8000002
v 0.2425062 -0.3629361 0.8000086
v 0.3086717 -0.3086717 0.8000086
v 0.3732721 -0.3732721 0.8000002
v 0.4388932 -0.2932591 0.8000002
v 0.3629361 -0.2425062 0.8000086
v 0.4032989 -0.1670519 0.8000086
v 0.4877034 -0.2020134 0.8000002
v 0.5177099 -0.102979 0.8000002
v 0.4281123 -0.08515687 0.8000086
v 0.4365276 -5.587935E-09 0.8000086
v 0.5278864 -9.313226E-09 0.8000002
v 0.3015736 -0.3015736 0
v 0.1216807 -0.2937631 0
v 0.2369296 -0.3545902 0
v 0.1632105 -0.3940248 0
v 0.08319862 -0.4182677 0
v 8.614734E-09 -0.4264895 0
v 0.1821339 -0.1821339 0
v 8.847564E-09 -0.2575762 0
v 6.286427E-09 1.047738E-09 0
v 0.2937631 -0.1216807 0
v 0.3545902 -0.2369296 0
v 0.3940248 -0.1632105 0
v 0.4182677 -0.08319864 0
v 0.4264895 -5.820766E-09 0
v 0.2575762 -9.313226E-10 0
v -0.1216807 -0.2937631 0
v -0.0831986 -0.4182677 0
v -0.1632104 -0.3940248 0
v -0.2369296 -0.3545902 0
v -0.3015736 -0.3015736 0
v -0.1821339 -0.1821339 0
v 0.2937631 0.1216807 0
v 0.4182677 0.08319863 0
v 0.3940248 0.1632105 0
v 0.3545902 0.2369296 0
v 0.3015735 0.3015736 0
v 0.1821339 0.1821339 0
v -0.2575762 5.587935E-09 0
v -0.2937631 -0.1216807 0
v -0.3015736 -0.3015736 0
v -0.3545902 -0.2369296 0
v -0.3940248 -0.1632104 0
v -0.4182677 -0.08319859 0
v -0.4264895 9.080395E-09 0
v -0.2937631 0.1216807 0
v -0.4182677 0.0831986 0
v -0.3940248 0.1632104 0
v -0.3545902 0.2369296 0
v -0.3015736 0.3015736 0
v -0.1821339 0.1821339 0
v 1.618173E-08 0.2575762 0
v -0.1216807 0.2937631 0
v -0.2369296 0.3545902 0
v -0.1632104 0.3940249 0
v -0.08319859 0.4182677 0
v 2.980232E-08 0.4264895 0
v 0.1216807 0.2937631 0
v 0.3015735 0.3015736 0
v 0.08319863 0.4182677 0
v 0.2369296 0.3545902 0
v 0.1632105 0.3940248 0
v 0.4168681 0.08292025 0.6650306
v 0.4250624 -1.047738E-08 0.6650305
v 0.3864847 -6.984919E-09 0.6788707
v 0.4168681 -0.08292026 0.6650306
v 0.3793671 0.07758168 0.6786731
v 0.3927063 0.1626644 0.6650305
v 0.3793671 -0.0775817 0.6786731
v 0.3927064 -0.1626644 0.6650305
v 0.3583234 0.1522116 0.6781494
v 0.3534037 0.2361368 0.6650306
v 0.3350614 -3.026798E-09 0.6940929
v 0.3583234 -0.1522116 0.6781495
v 0.3534037 -0.2361368 0.6650306
v 0.3242342 0.2206253 0.6774131
v 0.3005644 0.3005645 0.6650305
v 0.3293054 0.07542492 0.6934376
v 0.3291975 -0.07538109 0.6934032
v 0.3242342 -0.2206253 0.677413
v 0.3005645 -0.3005645 0.6650305
v 0.3125692 0.1485827 0.6916911
v 0.2622094 -2.037268E-09 0.7111188
v 0.3118849 -0.148299 0.691502
v 0.258307 0.07842197 0.7096223
v 0.2578756 -0.07824661 0.7094852
v 0.1763979 -6.984919E-10 0.7265251
v 0.2786669 -0.2786669 0.6768739
v 0.2853194 -0.214774 0.6885582
v 0.2452374 -0.1549144 0.7048886
v 0.1736559 -0.08326715 0.7238868
v 0.2206253 -0.3242342 0.677413
v 0.2361368 -0.3534037 0.6650306
v 0.1522116 -0.3583234 0.6781495
v 0.1626643 -0.3927065 0.6650305
v 0.07758167 -0.3793671 0.6786731
v 0.08292022 -0.4168681 0.6650306
v 3.49246E-09 -0.3864847 0.6788707
v 7.21775E-09 -0.4250624 0.6650305
v -0.08292021 -0.4168681 0.6650306
v -0.07758167 -0.3793671 0.6786731
v -0.1626643 -0.3927065 0.6650305
v -1.862645E-09 -0.3350614 0.6940929
v 0.07538109 -0.3291975 0.6934033
v 0.1482989 -0.3118848 0.6915022
v 0.214774 -0.2853194 0.6885582
v -0.1522116 -0.3583234 0.6781495
v -0.2361368 -0.3534037 0.6650306
v -0.07538109 -0.3291976 0.6934033
v 1.105946E-09 -0.2622094 0.7111188
v 0.07824658 -0.2578756 0.7094852
v -0.2206253 -0.3242342 0.677413
v -0.3005645 -0.3005645 0.6650305
v -0.1482989 -0.3118849 0.691502
v -0.07824659 -0.2578756 0.7094852
v 0.1549144 -0.2452374 0.7048886
v 1.396984E-09 -0.1763979 0.7265252
v 0.08326715 -0.1736559 0.7238867
v -0.2786669 -0.2786669 0.6768739
v -0.214774 -0.2853194 0.6885582
v -0.1549144 -0.2452374 0.7048886
v -0.08326714 -0.1736559 0.7238867
v 1.804437E-09 -0.08825582 0.7365645
v -0.3242342 -0.2206253 0.677413
v -0.3534037 -0.2361368 0.6650306
v -0.3583234 -0.1522116 0.6781495
v -0.3927065 -0.1626643 0.6650305
v -0.3793671 -0.07758167 0.6786731
v -0.4168681 -0.08292019 0.6650306
v -0.3864847 1.862645E-09 0.6788707
v -0.4250624 6.752089E-09 0.6650305
v -0.4168681 0.08292021 0.6650306
v -0.3793671 0.07758166 0.6786731
v -0.3927065 0.1626643 0.6650305
v -0.3350614 -9.313226E-10 0.6940929
v -0.3291976 -0.07538109 0.6934033
v -0.3118849 -0.1482989 0.6915022
v -0.2853194 -0.214774 0.6885582
v -0.3583235 0.1522116 0.6781495
v -0.3534037 0.2361368 0.6650306
v -0.3291976 0.07538109 0.6934032
v -0.2622094 8.731149E-10 0.7111188
v -0.2578756 -0.07824661 0.7094852
v -0.3242342 0.2206253 0.677413
v -0.3005645 0.3005645 0.6650305
v -0.3118849 0.1482989 0.691502
v -0.2578757 0.07824659 0.7094852
v -0.2452374 -0.1549144 0.7048886
v -0.1763979 9.313226E-10 0.7265252
v -0.1736559 -0.08326714 0.7238868
v -0.2786669 0.2786669 0.6768739
v -0.2853194 0.214774 0.6885582
v -0.2452374 0.1549144 0.7048886
v -0.1736559 0.08326714 0.7238867
v -0.08825583 2.444722E-09 0.7365646
v -0.2206253 0.3242342 0.677413
v -0.2361368 0.3534037 0.6650306
v -0.1522116 0.3583234 0.6781495
v -0.1626643 0.3927065 0.6650305
v -0.07758167 0.3793671 0.6786731
v -0.08292019 0.4168681 0.6650306
v 1.420267E-08 0.3864847 0.6788707
v 3.119931E-08 0.4250624 0.6650305
v 0.08292024 0.4168681 0.6650306
v 0.07758167 0.3793671 0.6786731
v 0.1626643 0.3927065 0.6650305
v 2.793968E-09 0.3350614 0.6940929
v -0.07538109 0.3291976 0.6934033
v -0.1482989 0.3118849 0.6915022
v -0.214774 0.2853194 0.6885582
v 0.1522116 0.3583234 0.6781495
v 0.2361367 0.3534037 0.6650306
v 0.07538109 0.3291976 0.6934032
v -2.328306E-09 0.2622094 0.7111188
v -0.07824661 0.2578756 0.7094851
v 0.2206253 0.3242342 0.677413
v 0.1482989 0.3118849 0.691502
v 0.0782466 0.2578757 0.7094851
v 0.2786669 0.2786669 0.6768739
v 0.214774 0.2853194 0.6885582
v 0.2854272 0.2148178 0.6885925
v -0.1549145 0.2452374 0.7048886
v -2.793968E-09 0.1763979 0.726525
v 0.1550222 0.2452812 0.7049229
v 0.261104 0.261104 0.6851734
v 0.2273565 0.2271005 0.6979228
v 0.2491186 0.1564929 0.7061296
v 0.08326714 0.1736559 0.7238867
v 0.1664502 0.1660813 0.7166008
v 0.1737637 0.08331098 0.7239209
v 0.08694259 0.08694258 0.7332947
v 0.08825583 -9.313226E-10 0.7365645
v 0 2.328306E-10 0.7400361
v -9.313226E-10 0.08825583 0.7365645
v 0.08694258 -0.08694259 0.7332947
v -0.08326715 0.1736559 0.7238868
v -0.08694259 0.08694258 0.7332947
v -0.1658375 0.1658375 0.7163749
v 0.1658375 -0.1658375 0.7163749
v -0.2269252 0.2269252 0.6977856
v 0.2269251 -0.2269252 0.6977856
v -0.261104 0.261104 0.6851734
v -0.08694258 -0.08694258 0.7332947
v 0.261104 -0.261104 0.6851734
v -0.1658375 -0.1658375 0.7163749
v -0.2269252 -0.2269252 0.6977856
v -0.261104 -0.261104 0.6851734
vt 0.04830759 0.855574
vt 0.00884366 0.8555741
vt 0.008843661 0.9340925
vt 0.04830765 0.9340925
vt 0.08777164 0.9340924
vt 0.08777151 0.8555738
vt 0.1272355 0.8555739
vt 0.1272355 0.9340925
vt 0.1666994 0.9340924
vt 0.1666994 0.8555738
vt 0.2061634 0.8555739
vt 0.2061634 0.9340925
vt 0.2456273 0.9340923
vt 0.2456273 0.8555738
vt 0.2850912 0.8555739
vt 0.2850912 0.9340925
vt 0.3245551 0.9340923
vt 0.324555 0.8555738
vt 0.364019 0.8555739
vt 0.364019 0.9340924
vt 0.4034829 0.9340922
vt 0.4034829 0.8555737
vt 0.4429468 0.8555738
vt 0.4429468 0.9340922
vt 0.4824106 0.934092
vt 0.4824106 0.8555737
vt 0.5218746 0.8555738
vt 0.5218746 0.9340922
vt 0.5613385 0.934092
vt 0.5613385 0.8555737
vt 0.6008025 0.8555738
vt 0.6008025 0.9340922
vt 0.6402665 0.9340921
vt 0.6402664 0.8555738
vt 0.6007985 0.6800705
vt 0.6402624 0.6800705
vt 0.6402623 0.6015521
vt 0.6007985 0.6015521
vt 0.5613344 0.6015521
vt 0.5613346 0.6800705
vt 0.5218707 0.6800705
vt 0.5218706 0.6015522
vt 0.4824066 0.6015521
vt 0.4824067 0.6800705
vt 0.4429429 0.6800705
vt 0.4429428 0.6015522
vt 0.4034789 0.6015521
vt 0.4034789 0.6800705
vt 0.3640149 0.6800706
vt 0.3640149 0.6015522
vt 0.3245509 0.6015521
vt 0.3245509 0.6800706
vt 0.2850871 0.6800708
vt 0.2850871 0.6015522
vt 0.2456232 0.6015522
vt 0.2456232 0.6800708
vt 0.2061593 0.6800709
vt 0.2061593 0.6015523
vt 0.1666954 0.6015522
vt 0.1666954 0.6800709
vt 0.1272314 0.6800709
vt 0.1272314 0.6015523
vt 0.08776744 0.6015522
vt 0.08776744 0.6800709
vt 0.04830345 0.6800709
vt 0.04830345 0.6015524
vt 0.008839433 0.6015524
vt 0.008839433 0.6800709
vt 0.5531402 0.9872993
vt 0.5894271 0.9872992
vt 0.5894271 0.9520596
vt 0.5531402 0.9520597
vt 0.5168534 0.9520595
vt 0.5168534 0.9872991
vt 0.4805666 0.9872993
vt 0.4805666 0.9520597
vt 0.4442796 0.9520596
vt 0.4442796 0.9872992
vt 0.4079928 0.9872994
vt 0.4079928 0.9520597
vt 0.371706 0.9520596
vt 0.371706 0.9872993
vt 0.3354192 0.9872994
vt 0.3354192 0.9520597
vt 0.2991323 0.9520596
vt 0.2991323 0.9872993
vt 0.2628455 0.9872994
vt 0.2628455 0.9520597
vt 0.2265587 0.9520596
vt 0.2265587 0.9872993
vt 0.1902719 0.9872994
vt 0.1902719 0.9520597
vt 0.153985 0.9520596
vt 0.153985 0.9872993
vt 0.1176981 0.9872994
vt 0.1176981 0.9520597
vt 0.08141125 0.9520597
vt 0.08141125 0.9872993
vt 0.04512445 0.9872995
vt 0.04512445 0.9520599
vt 0.008837651 0.9520599
vt 0.008837651 0.9872996
vt 0.8740732 0.8456422
vt 0.9255021 0.8456422
vt 0.925502 0.8129106
vt 0.8740732 0.8129106
vt 0.8740731 0.7801789
vt 0.9255019 0.7801789
vt 0.925502 0.7474473
vt 0.8740731 0.7474473
vt 0.874073 0.7147156
vt 0.9255018 0.7147156
vt 0.9255019 0.6819841
vt 0.8740731 0.6819841
vt 0.874073 0.6492524
vt 0.9255018 0.6492524
vt 0.9255019 0.6165209
vt 0.8740731 0.6165209
vt 0.874073 0.5837893
vt 0.9255018 0.5837893
vt 0.9255019 0.5510578
vt 0.8740731 0.5510578
vt 0.874073 0.5183262
vt 0.9255018 0.5183262
vt 0.9255019 0.4855948
vt 0.874073 0.4855948
vt 0.8740728 0.4528631
vt 0.9255018 0.4528631
vt 0.9255019 0.4201316
vt 0.8740727 0.4201316
vt 0.8740726 0.3873999
vt 0.9255017 0.3873999
vt 0.9255019 0.3546683
vt 0.8740726 0.3546684
vt 0.8740727 0.3219367
vt 0.9255018 0.3219366
vt 0.5325471 0.8361104
vt 0.5325471 0.7846815
vt 0.4998153 0.7846814
vt 0.4998153 0.8361104
vt 0.4670835 0.8361103
vt 0.4670835 0.7846814
vt 0.4343517 0.7846814
vt 0.4343517 0.8361104
vt 0.4016199 0.8361103
vt 0.4016199 0.7846814
vt 0.3688883 0.7846817
vt 0.3688883 0.8361105
vt 0.3361565 0.8361105
vt 0.3361565 0.7846817
vt 0.3034249 0.7846817
vt 0.3034249 0.8361105
vt 0.2706932 0.8361105
vt 0.2706932 0.7846817
vt 0.2379615 0.7846817
vt 0.2379615 0.8361105
vt 0.2052297 0.8361105
vt 0.2052297 0.7846817
vt 0.1724979 0.7846819
vt 0.1724979 0.8361107
vt 0.1397661 0.8361107
vt 0.139766 0.7846818
vt 0.1070342 0.7846819
vt 0.1070344 0.8361108
vt 0.07430265 0.8361108
vt 0.07430244 0.7846819
vt 0.04157091 0.7846819
vt 0.04157106 0.8361109
vt 0.008839464 0.8361109
vt 0.008839373 0.7846819
vt 0.7644462 0.5834844
vt 0.7985666 0.5834844
vt 0.7985666 0.3573739
vt 0.7644461 0.3573739
vt 0.7303256 0.3573739
vt 0.7303258 0.5834842
vt 0.6962055 0.5834844
vt 0.6962054 0.3573739
vt 0.6620851 0.3573739
vt 0.6620851 0.5834843
vt 0.6279647 0.5834844
vt 0.6279647 0.3573739
vt 0.5938442 0.3573739
vt 0.5938442 0.5834844
vt 0.5597239 0.5834845
vt 0.5597239 0.357374
vt 0.5256034 0.357374
vt 0.5256035 0.5834844
vt 0.4914832 0.5834845
vt 0.4914831 0.357374
vt 0.4573627 0.357374
vt 0.4573628 0.5834844
vt 0.4232424 0.5834845
vt 0.4232423 0.357374
vt 0.3891219 0.357374
vt 0.3891219 0.5834845
vt 0.3550017 0.5834846
vt 0.3550016 0.357374
vt 0.3208812 0.357374
vt 0.3208813 0.5834845
vt 0.286761 0.5834846
vt 0.2867609 0.3573741
vt 0.2526405 0.3573741
vt 0.2526406 0.5834846
vt 0.2349529 0.04296311
vt 0.2349529 0.008842723
vt 0.008842208 0.008842779
vt 0.008842209 0.0429632
vt 0.008842208 0.07708361
vt 0.2349528 0.07708349
vt 0.2349529 0.1112038
vt 0.008842239 0.1112039
vt 0.008842268 0.1453242
vt 0.2349528 0.1453241
vt 0.2349529 0.1794445
vt 0.00884227 0.1794446
vt 0.008842268 0.2135649
vt 0.2349529 0.2135648
vt 0.2349529 0.2476851
vt 0.00884227 0.2476853
vt 0.008842268 0.2818056
vt 0.2349529 0.2818054
vt 0.234953 0.3159258
vt 0.008842269 0.315926
vt 0.008842267 0.3500463
vt 0.2349529 0.3500462
vt 0.234953 0.3841666
vt 0.008842268 0.3841667
vt 0.008842267 0.418287
vt 0.2349529 0.4182869
vt 0.234953 0.4524074
vt 0.008842268 0.4524074
vt 0.008842267 0.4865277
vt 0.2349529 0.4865277
vt 0.234953 0.520648
vt 0.008842299 0.5206481
vt 0.008842329 0.5547684
vt 0.2349532 0.5547683
vt 0.6866946 0.7318774
vt 0.6610872 0.735103
vt 0.6610878 0.728647
vt 0.635481 0.7254165
vt 0.6354797 0.7383285
vt 0.5894657 0.7210128
vt 0.5894637 0.742724
vt 0.5434502 0.7166088
vt 0.5434476 0.7471193
vt 0.4514477 0.7114503
vt 0.451444 0.7522606
vt 0.359445 0.7062915
vt 0.3594403 0.7574016
vt 0.2346601 0.7021652
vt 0.2346545 0.7615047
vt 0.109875 0.6980387
vt 0.1098686 0.7656077
vt 0.05935897 0.7001159
vt 0.05935306 0.7635215
vt 0.6866946 0.7318774
vt 0.6610872 0.735103
vt 0.6610879 0.728647
vt 0.6354797 0.7383285
vt 0.635481 0.7254165
vt 0.5894657 0.7210128
vt 0.5894637 0.742724
vt 0.5434502 0.7166088
vt 0.5434476 0.7471193
vt 0.4514477 0.7114503
vt 0.451444 0.7522606
vt 0.359445 0.7062915
vt 0.3594403 0.7574016
vt 0.2346601 0.7021652
vt 0.2346545 0.7615047
vt 0.109875 0.6980387
vt 0.1098686 0.7656077
vt 0.05935897 0.7001159
vt 0.05935306 0.7635215
vt 0.6866946 0.7318774
vt 0.6610873 0.735103
vt 0.6610878 0.728647
vt 0.635481 0.7254165
vt 0.6354797 0.7383285
vt 0.5894657 0.7210128
vt 0.5894637 0.742724
vt 0.5434502 0.7166088
vt 0.5434476 0.7471193
vt 0.451444 0.7522606
vt 0.4514477 0.7114503
vt 0.359445 0.7062915
vt 0.3594403 0.7574016
vt 0.2346601 0.7021652
vt 0.2346545 0.7615047
vt 0.109875 0.6980387
vt 0.1098686 0.7656077
vt 0.05935897 0.7001159
vt 0.05935306 0.7635215
vt 0.6866946 0.7318774
vt 0.6610872 0.735103
vt 0.6610878 0.728647
vt 0.6354797 0.7383285
vt 0.635481 0.7254165
vt 0.5894657 0.7210128
vt 0.5894637 0.742724
vt 0.5434502 0.7166088
vt 0.5434476 0.7471193
vt 0.4514477 0.7114503
vt 0.451444 0.7522606
vt 0.359445 0.7062915
vt 0.3594403 0.7574016
vt 0.2346601 0.7021652
vt 0.2346545 0.7615047
vt 0.109875 0.6980387
vt 0.1098686 0.7656077
vt 0.05935306 0.7635215
vt 0.05935897 0.7001159
vt 0.6866946 0.7318774
vt 0.6610873 0.735103
vt 0.6610878 0.728647
vt 0.635481 0.7254165
vt 0.6354797 0.7383285
vt 0.5894657 0.7210128
vt 0.5894637 0.742724
vt 0.5434502 0.7166088
vt 0.5434476 0.7471193
vt 0.451444 0.7522606
vt 0.4514477 0.7114503
vt 0.359445 0.7062915
vt 0.3594403 0.7574016
vt 0.2346601 0.7021652
vt 0.2346545 0.7615047
vt 0.109875 0.6980387
vt 0.1098686 0.7656077
vt 0.05935897 0.7001159
vt 0.05935306 0.7635215
vt 0.6866946 0.7318774
vt 0.6610872 0.735103
vt 0.6610879 0.728647
vt 0.6354797 0.7383285
vt 0.635481 0.7254165
vt 0.5894657 0.7210128
vt 0.5894637 0.742724
vt 0.5434502 0.7166088
vt 0.5434476 0.7471193
vt 0.4514477 0.7114503
vt 0.451444 0.7522606
vt 0.359445 0.7062915
vt 0.3594403 0.7574016
vt 0.2346545 0.7615047
vt 0.2346601 0.7021652
vt 0.1098686 0.7656077
vt 0.109875 0.6980387
vt 0.05935897 0.7001159
vt 0.05935306 0.7635215
vt 0.6866946 0.7318774
vt 0.6610873 0.735103
vt 0.6610878 0.728647
vt 0.635481 0.7254165
vt 0.6354797 0.7383285
vt 0.5894657 0.7210128
vt 0.5894637 0.742724
vt 0.5434502 0.7166088
vt 0.5434476 0.7471193
vt 0.4514477 0.7114503
vt 0.451444 0.7522606
vt 0.359445 0.7062915
vt 0.3594403 0.7574016
vt 0.2346601 0.7021652
vt 0.2346545 0.7615047
vt 0.109875 0.6980387
vt 0.1098686 0.7656077
vt 0.05935306 0.7635215
vt 0.05935897 0.7001159
vt 0.6866946 0.7318774
vt 0.6610873 0.735103
vt 0.6610878 0.728647
vt 0.635481 0.7254165
vt 0.6354797 0.7383285
vt 0.5894637 0.742724
vt 0.5894657 0.7210128
vt 0.5434502 0.7166088
vt 0.5434476 0.7471193
vt 0.4514477 0.7114503
vt 0.451444 0.7522606
vt 0.359445 0.7062915
vt 0.3594403 0.7574016
vt 0.2346545 0.7615047
vt 0.2346601 0.7021652
vt 0.109875 0.6980387
vt 0.1098686 0.7656077
vt 0.05935306 0.7635215
vt 0.05935897 0.7001159
vt 0.6866946 0.7318774
vt 0.6610873 0.735103
vt 0.6610878 0.728647
vt 0.635481 0.7254165
vt 0.6354797 0.7383285
vt 0.5894657 0.7210128
vt 0.5894637 0.742724
vt 0.5434502 0.7166088
vt 0.5434476 0.7471193
vt 0.451444 0.7522606
vt 0.4514477 0.7114503
vt 0.359445 0.7062915
vt 0.3594403 0.7574016
vt 0.2346601 0.7021652
vt 0.2346545 0.7615047
vt 0.109875 0.6980387
vt 0.1098686 0.7656077
vt 0.6866946 0.7318774
vt 0.6610872 0.735103
vt 0.6610879 0.728647
vt 0.6354797 0.7383285
vt 0.635481 0.7254165
vt 0.5894637 0.742724
vt 0.5894657 0.7210128
vt 0.5434476 0.7471193
vt 0.5434502 0.7166088
vt 0.451444 0.7522606
vt 0.4514477 0.7114503
vt 0.359445 0.7062915
vt 0.3594403 0.7574016
vt 0.2346601 0.7021652
vt 0.2346545 0.7615047
vt 0.109875 0.6980387
vt 0.1098686 0.7656077
vt 0.05935897 0.7001159
vt 0.05935306 0.7635215
vt 0.6866946 0.7318774
vt 0.6610873 0.735103
vt 0.6610878 0.728647
vt 0.635481 0.7254165
vt 0.6354797 0.7383285
vt 0.5894657 0.7210128
vt 0.5894637 0.742724
vt 0.5434502 0.7166088
vt 0.5434476 0.7471193
vt 0.4514477 0.7114503
vt 0.451444 0.7522606
vt 0.359445 0.7062915
vt 0.3594403 0.7574016
vt 0.2346545 0.7615047
vt 0.2346601 0.7021652
vt 0.109875 0.6980387
vt 0.1098686 0.7656077
vt 0.05935897 0.7001159
vt 0.05935306 0.7635215
vt 0.6866946 0.7318774
vt 0.6610873 0.735103
vt 0.6610878 0.728647
vt 0.635481 0.7254165
vt 0.6354797 0.7383285
vt 0.5894657 0.7210128
vt 0.5894637 0.742724
vt 0.5434502 0.7166088
vt 0.5434476 0.7471193
vt 0.4514477 0.7114503
vt 0.451444 0.7522606
vt 0.359445 0.7062915
vt 0.3594403 0.7574016
vt 0.2346601 0.7021652
vt 0.2346545 0.7615047
vt 0.109875 0.6980387
vt 0.1098686 0.7656077
vt 0.05935897 0.7001159
vt 0.05935306 0.7635215
vt 0.6866946 0.7318774
vt 0.6610873 0.735103
vt 0.6610878 0.728647
vt 0.635481 0.7254165
vt 0.6354797 0.7383285
vt 0.5894657 0.7210128
vt 0.5894637 0.742724
vt 0.5434502 0.7166088
vt 0.5434476 0.7471193
vt 0.4514477 0.7114503
vt 0.451444 0.7522606
vt 0.359445 0.7062915
vt 0.3594403 0.7574016
vt 0.2346601 0.7021652
vt 0.2346545 0.7615047
vt 0.109875 0.6980387
vt 0.1098686 0.7656077
vt 0.6866946 0.7318774
vt 0.6610872 0.735103
vt 0.6610879 0.728647
vt 0.6354797 0.7383285
vt 0.635481 0.7254165
vt 0.5894637 0.742724
vt 0.5894657 0.7210128
vt 0.5434502 0.7166088
vt 0.5434476 0.7471193
vt 0.4514477 0.7114503
vt 0.451444 0.7522606
vt 0.359445 0.7062915
vt 0.3594403 0.7574016
vt 0.2346545 0.7615047
vt 0.2346601 0.7021652
vt 0.1098686 0.7656077
vt 0.109875 0.6980387
vt 0.05935897 0.7001159
vt 0.05935306 0.7635215
vt 0.6866946 0.7318774
vt 0.6610872 0.735103
vt 0.6610879 0.728647
vt 0.6354797 0.7383285
vt 0.635481 0.7254165
vt 0.5894637 0.742724
vt 0.5894657 0.7210128
vt 0.5434476 0.7471193
vt 0.5434502 0.7166088
vt 0.4514477 0.7114503
vt 0.451444 0.7522606
vt 0.359445 0.7062915
vt 0.3594403 0.7574016
vt 0.2346601 0.7021652
vt 0.2346545 0.7615047
vt 0.109875 0.6980387
vt 0.1098686 0.7656077
vt 0.05935897 0.7001159
vt 0.05935306 0.7635215
vt 0.6866946 0.7318774
vt 0.6610872 0.735103
vt 0.6610879 0.728647
vt 0.6354797 0.7383285
vt 0.635481 0.7254165
vt 0.5894637 0.742724
vt 0.5894657 0.7210128
vt 0.5434476 0.7471193
vt 0.5434502 0.7166088
vt 0.451444 0.7522606
vt 0.4514477 0.7114503
vt 0.3594403 0.7574016
vt 0.359445 0.7062915
vt 0.2346601 0.7021652
vt 0.2346545 0.7615047
vt 0.1098686 0.7656077
vt 0.109875 0.6980387
vt 0.6866946 0.7318774
vt 0.6610873 0.735103
vt 0.6610878 0.728647
vt 0.635481 0.7254165
vt 0.6354797 0.7383285
vt 0.5894637 0.742724
vt 0.5894657 0.7210128
vt 0.5434502 0.7166088
vt 0.5434476 0.7471193
vt 0.4514477 0.7114503
vt 0.451444 0.7522606
vt 0.359445 0.7062915
vt 0.3594403 0.7574016
vt 0.2346601 0.7021652
vt 0.2346545 0.7615047
vt 0.109875 0.6980387
vt 0.1098686 0.7656077
vt 0.05935897 0.7001159
vt 0.05935306 0.7635215
vt 0.6866946 0.7318774
vt 0.6610873 0.735103
vt 0.6610878 0.728647
vt 0.635481 0.7254165
vt 0.6354797 0.7383285
vt 0.5894637 0.742724
vt 0.5894657 0.7210128
vt 0.5434476 0.7471193
vt 0.5434502 0.7166088
vt 0.4514477 0.7114503
vt 0.451444 0.7522606
vt 0.359445 0.7062915
vt 0.3594403 0.7574016
vt 0.2346601 0.7021652
vt 0.2346545 0.7615047
vt 0.109875 0.6980387
vt 0.1098686 0.7656077
vt 0.05935897 0.7001159
vt 0.05935306 0.7635215
vt 0.6866946 0.7318774
vt 0.6610872 0.735103
vt 0.6610879 0.728647
vt 0.6354797 0.7383285
vt 0.635481 0.7254165
vt 0.5894657 0.7210128
vt 0.5894637 0.742724
vt 0.5434502 0.7166088
vt 0.5434476 0.7471193
vt 0.4514477 0.7114503
vt 0.451444 0.7522606
vt 0.359445 0.7062915
vt 0.3594403 0.7574016
vt 0.2346601 0.7021652
vt 0.2346545 0.7615047
vt 0.109875 0.6980387
vt 0.1098686 0.7656077
vt 0.05935897 0.7001159
vt 0.05935306 0.7635215
vt 0.6866946 0.7318774
vt 0.6610872 0.735103
vt 0.6610879 0.728647
vt 0.6354797 0.7383285
vt 0.635481 0.7254165
vt 0.5894657 0.7210128
vt 0.5894637 0.742724
vt 0.5434502 0.7166088
vt 0.5434476 0.7471193
vt 0.451444 0.7522606
vt 0.4514477 0.7114503
vt 0.3594403 0.7574016
vt 0.359445 0.7062915
vt 0.2346601 0.7021652
vt 0.2346545 0.7615047
vt 0.109875 0.6980387
vt 0.1098686 0.7656077
vt 0.05935897 0.7001159
vt 0.05935306 0.7635215
vt 0.6866946 0.7318774
vt 0.6610873 0.735103
vt 0.6610878 0.728647
vt 0.635481 0.7254165
vt 0.6354797 0.7383285
vt 0.5894657 0.7210128
vt 0.5894637 0.742724
vt 0.5434502 0.7166088
vt 0.5434476 0.7471193
vt 0.4514477 0.7114503
vt 0.451444 0.7522606
vt 0.359445 0.7062915
vt 0.3594403 0.7574016
vt 0.2346545 0.7615047
vt 0.2346601 0.7021652
vt 0.1098686 0.7656077
vt 0.109875 0.6980387
vt 0.05935897 0.7001159
vt 0.05935306 0.7635215
vt 0.6866946 0.7318774
vt 0.6610872 0.735103
vt 0.6610879 0.728647
vt 0.6354797 0.7383285
vt 0.635481 0.7254165
vt 0.5894637 0.742724
vt 0.5894657 0.7210128
vt 0.5434502 0.7166088
vt 0.5434476 0.7471193
vt 0.4514477 0.7114503
vt 0.451444 0.7522606
vt 0.359445 0.7062915
vt 0.3594403 0.7574016
vt 0.2346601 0.7021652
vt 0.2346545 0.7615047
vt 0.109875 0.6980387
vt 0.1098686 0.7656077
vt 0.05935897 0.7001159
vt 0.05935306 0.7635215
vt 0.6866946 0.7318774
vt 0.6610873 0.735103
vt 0.6610878 0.728647
vt 0.635481 0.7254165
vt 0.6354797 0.7383285
vt 0.5894657 0.7210128
vt 0.5894637 0.742724
vt 0.5434502 0.7166088
vt 0.5434476 0.7471193
vt 0.4514477 0.7114503
vt 0.451444 0.7522606
vt 0.359445 0.7062915
vt 0.3594403 0.7574016
vt 0.2346601 0.7021652
vt 0.2346545 0.7615047
vt 0.109875 0.6980387
vt 0.1098686 0.7656077
vt 0.05935897 0.7001159
vt 0.05935306 0.7635215
vt 0.6866946 0.7318774
vt 0.6610873 0.735103
vt 0.6610878 0.728647
vt 0.635481 0.7254165
vt 0.6354797 0.7383285
vt 0.5894657 0.7210128
vt 0.5894637 0.742724
vt 0.5434502 0.7166088
vt 0.5434476 0.7471193
vt 0.4514477 0.7114503
vt 0.451444 0.7522606
vt 0.359445 0.7062915
vt 0.3594403 0.7574016
vt 0.2346601 0.7021652
vt 0.2346545 0.7615047
vt 0.1098686 0.7656077
vt 0.109875 0.6980387
vt 0.05935897 0.7001159
vt 0.05935306 0.7635215
vt 0.6866946 0.7318774
vt 0.6610872 0.735103
vt 0.6610879 0.728647
vt 0.6354797 0.7383285
vt 0.635481 0.7254165
vt 0.5894637 0.742724
vt 0.5894657 0.7210128
vt 0.5434476 0.7471193
vt 0.5434502 0.7166088
vt 0.451444 0.7522606
vt 0.4514477 0.7114503
vt 0.359445 0.7062915
vt 0.3594403 0.7574016
vt 0.2346545 0.7615047
vt 0.2346601 0.7021652
vt 0.1098686 0.7656077
vt 0.109875 0.6980387
vt 0.05935897 0.7001159
vt 0.05935306 0.7635215
vt 0.6866946 0.7318774
vt 0.6610872 0.735103
vt 0.6610879 0.728647
vt 0.6354797 0.7383285
vt 0.635481 0.7254165
vt 0.5894657 0.7210128
vt 0.5894637 0.742724
vt 0.5434502 0.7166088
vt 0.5434476 0.7471193
vt 0.4514477 0.7114503
vt 0.451444 0.7522606
vt 0.359445 0.7062915
vt 0.3594403 0.7574016
vt 0.2346601 0.7021652
vt 0.2346545 0.7615047
vt 0.109875 0.6980387
vt 0.1098686 0.7656077
vt 0.05935897 0.7001159
vt 0.05935306 0.7635215
vt 0.6866946 0.7318774
vt 0.6610873 0.735103
vt 0.6610878 0.728647
vt 0.635481 0.7254165
vt 0.6354797 0.7383285
vt 0.5894657 0.7210128
vt 0.5894637 0.742724
vt 0.5434502 0.7166088
vt 0.5434476 0.7471193
vt 0.4514477 0.7114503
vt 0.451444 0.7522606
vt 0.359445 0.7062915
vt 0.3594403 0.7574016
vt 0.2346601 0.7021652
vt 0.2346545 0.7615047
vt 0.109875 0.6980387
vt 0.1098686 0.7656077
vt 0.05935897 0.7001159
vt 0.05935306 0.7635215
vt 0.9431873 0.2545416
vt 0.9583343 0.2175723
vt 0.9431872 0.2175723
vt 0.9583343 0.2545416
vt 0.9583341 0.2915109
vt 0.9431871 0.2915109
vt 0.9431873 0.3284803
vt 0.9583343 0.3284804
vt 0.9583341 0.3654497
vt 0.9431871 0.3654497
vt 0.9431874 0.4024191
vt 0.9583344 0.4024191
vt 0.9583344 0.4393885
vt 0.9431874 0.4393885
vt 0.9431876 0.4763579
vt 0.9583346 0.4763579
vt 0.9583344 0.5133271
vt 0.9431874 0.5133271
vt 0.9431876 0.5502965
vt 0.9583346 0.5502965
vt 0.9583344 0.5872657
vt 0.9431874 0.5872657
vt 0.9431876 0.6242352
vt 0.9583346 0.6242352
vt 0.9583344 0.6612045
vt 0.9431875 0.6612045
vt 0.9431877 0.6981739
vt 0.9583346 0.6981739
vt 0.9583344 0.7351431
vt 0.9431875 0.7351431
vt 0.9431877 0.7721127
vt 0.9583346 0.7721127
vt 0.9583346 0.8090823
vt 0.9431876 0.8090823
vt 0.9911645 0.600356
vt 0.9760177 0.5633865
vt 0.9760177 0.600356
vt 0.9911645 0.5633865
vt 0.9911644 0.526417
vt 0.9760176 0.526417
vt 0.9760177 0.4894474
vt 0.9911645 0.4894474
vt 0.9911644 0.4524778
vt 0.9760176 0.4524778
vt 0.9760175 0.4155084
vt 0.9911645 0.4155083
vt 0.9911643 0.3785388
vt 0.9760172 0.3785389
vt 0.9760173 0.3415694
vt 0.9911643 0.3415693
vt 0.9911643 0.3045997
vt 0.9760172 0.3045997
vt 0.9760173 0.2676303
vt 0.9911643 0.2676303
vt 0.9911643 0.2306608
vt 0.9760172 0.2306608
vt 0.9760172 0.1936913
vt 0.9911643 0.1936913
vt 0.991164 0.1567218
vt 0.9760171 0.1567218
vt 0.9760172 0.1197522
vt 0.9911641 0.1197522
vt 0.991164 0.08278269
vt 0.9760171 0.08278269
vt 0.9760172 0.04581309
vt 0.9911641 0.04581309
vt 0.9911641 0.008843493
vt 0.9760172 0.008843493
vt 0.8535458 0.9281251
vt 0.8183063 0.8918383
vt 0.8183064 0.9281251
vt 0.8535458 0.8918383
vt 0.8535456 0.8555514
vt 0.8183063 0.8555514
vt 0.8183063 0.8192647
vt 0.8535457 0.8192647
vt 0.8535456 0.7829778
vt 0.8183063 0.7829778
vt 0.8183063 0.746691
vt 0.8535455 0.746691
vt 0.8535455 0.7104041
vt 0.8183061 0.7104041
vt 0.8183062 0.6741173
vt 0.8535455 0.6741173
vt 0.8535455 0.6378303
vt 0.8183061 0.6378304
vt 0.8183062 0.6015437
vt 0.8535455 0.6015437
vt 0.8535455 0.5652567
vt 0.8183061 0.5652567
vt 0.8183062 0.5289699
vt 0.8535455 0.5289699
vt 0.8535455 0.4926831
vt 0.8183061 0.4926831
vt 0.8183062 0.4563963
vt 0.8535455 0.4563963
vt 0.8535455 0.4201094
vt 0.8183061 0.4201094
vt 0.8183061 0.3838226
vt 0.8535455 0.3838226
vt 0.8535455 0.3475357
vt 0.818306 0.3475357
vt 0.6255546 0.07947676
vt 0.6964747 0.07119621
vt 0.6484697 0.0565617
vt 0.6713848 0.03364662
vt 0.701325 0.02124512
vt 0.7312651 0.00884361
vt 0.6820812 0.1172467
vt 0.7445281 0.07552116
vt 0.7636719 0.171764
vt 0.6450443 0.1481674
vt 0.6131532 0.109417
vt 0.6007516 0.1393571
vt 0.6007516 0.171764
vt 0.6007516 0.2041708
vt 0.6674291 0.1909079
vt 0.7872685 0.0531363
vt 0.7636721 0.008843611
vt 0.796079 0.008843611
vt 0.8260189 0.02124518
vt 0.8559587 0.03364674
vt 0.8181891 0.09017325
vt 0.6631043 0.2389611
vt 0.6131532 0.2341108
vt 0.6255548 0.2640508
vt 0.6484699 0.286966
vt 0.6713849 0.3098812
vt 0.7091548 0.2533547
vt 0.8599148 0.1526201
vt 0.8642397 0.1045667
vt 0.8559587 0.03364674
vt 0.8788739 0.05656176
vt 0.9017891 0.07947677
vt 0.9141908 0.1094169
vt 0.9265923 0.139357
vt 0.8822998 0.1953605
vt 0.9265924 0.1717639
vt 0.9265924 0.2041708
vt 0.9141908 0.2341108
vt 0.9017892 0.2640508
vt 0.8452627 0.2262811
vt 0.7828159 0.2680068
vt 0.8308692 0.2723316
vt 0.8788742 0.286966
vt 0.8559591 0.3098811
vt 0.826019 0.3222826
vt 0.7960787 0.3346841
vt 0.7400754 0.2903916
vt 0.6713849 0.3098812
vt 0.763672 0.3346843
vt 0.7013251 0.3222828
vt 0.7312651 0.3346843
vt 0.4809414 0.02136151
vt 0.4505976 0.008840935
vt 0.4467895 0.02805692
vt 0.4177721 0.008843039
vt 0.4754664 0.03670727
vt 0.5112852 0.03388209
vt 0.4169809 0.02511706
vt 0.3849465 0.008845142
vt 0.5021414 0.05006154
vt 0.5345729 0.05712398
vt 0.4427399 0.04849189
vt 0.3872291 0.02728909
vt 0.3545553 0.02144942
vt 0.525327 0.06819005
vt 0.5578606 0.08036587
vt 0.4705356 0.05622786
vt 0.4141002 0.04508515
vt 0.3588822 0.03520529
vt 0.3241642 0.03405369
vt 0.4967005 0.0678987
vt 0.4372149 0.07637157
vt 0.3854962 0.04612337
vt 0.4660913 0.08357161
vt 0.4077974 0.07218418
vt 0.4308025 0.1087291
vt 0.3334335 0.04790517
vt 0.3585402 0.05106957
vt 0.3782614 0.07113158
vt 0.3997787 0.1035879
vt 0.3119882 0.06658722
vt 0.3009221 0.05734129
vt 0.2938596 0.08977284
vt 0.27768 0.08062886
vt 0.2805053 0.1164478
vt 0.2651595 0.1109727
vt 0.271855 0.1451246
vt 0.2526389 0.1413164
vt 0.2526411 0.1741419
vt 0.2689151 0.1749331
vt 0.2526433 0.2069674
vt 0.29229 0.1491743
vt 0.300063 0.1213999
vt 0.3119313 0.09535375
vt 0.3267838 0.07232121
vt 0.2710872 0.2046849
vt 0.2652475 0.2373588
vt 0.2888832 0.1778139
vt 0.3201697 0.1546993
vt 0.3275176 0.1259082
vt 0.2790034 0.2330319
vt 0.2778517 0.2677501
vt 0.2899215 0.2064178
vt 0.3159823 0.1841168
vt 0.3378086 0.09820298
vt 0.3525273 0.1611117
vt 0.359606 0.1304718
vt 0.2917033 0.2584806
vt 0.2948677 0.2333739
vt 0.3149297 0.2136527
vt 0.3473861 0.1921355
vt 0.3853016 0.1676066
vt 0.3103853 0.279926
vt 0.3011394 0.2909921
vt 0.333571 0.2980545
vt 0.3244271 0.314234
vt 0.3602459 0.3114089
vt 0.3547709 0.3267547
vt 0.3889227 0.3200592
vt 0.3851146 0.3392754
vt 0.4179403 0.3392731
vt 0.4187313 0.322999
vt 0.4507658 0.3392708
vt 0.3929724 0.2996242
vt 0.365198 0.2918513
vt 0.3391518 0.2799829
vt 0.3161193 0.2651303
vt 0.4484832 0.3208269
vt 0.4811571 0.3266666
vt 0.421612 0.3030308
vt 0.3984974 0.2717445
vt 0.3697063 0.2643965
vt 0.4768302 0.3129108
vt 0.5115483 0.3140623
vt 0.4502161 0.3019927
vt 0.4279149 0.2759318
vt 0.3420011 0.2541056
vt 0.4049098 0.2393869
vt 0.37427 0.2323081
vt 0.5022789 0.300211
vt 0.4771722 0.2970465
vt 0.4574508 0.2769845
vt 0.4359336 0.2445281
vt 0.4114048 0.2066127
vt 0.5237242 0.2815289
vt 0.5347903 0.2907749
vt 0.5418527 0.2583433
vt 0.5580322 0.2674873
vt 0.555207 0.2316683
vt 0.5705527 0.2371434
vt 0.5638573 0.2029914
vt 0.5830731 0.2067994
vt 0.5830712 0.1739739
vt 0.5667971 0.1731828
vt 0.5830691 0.1411484
vt 0.5434223 0.1989418
vt 0.5356494 0.2267162
vt 0.5237809 0.2527624
vt 0.5089285 0.2757949
vt 0.5646251 0.143431
vt 0.5704649 0.1107571
vt 0.546829 0.1703021
vt 0.5155426 0.1934168
vt 0.5081947 0.2222079
vt 0.5567089 0.1150841
vt 0.5457908 0.1416982
vt 0.51973 0.1639993
vt 0.5440091 0.08963539
vt 0.5408447 0.1147421
vt 0.5196143 0.08294879
vt 0.4979037 0.2499131
vt 0.483185 0.1870044
vt 0.5208039 0.1344263
vt 0.535341 0.09543611
vt 0.5195511 0.1059121
vt 0.4944789 0.09267913
vt 0.4883262 0.1559806
vt 0.4917651 0.1244648
vt 0.4614636 0.115771
vt 0.4563202 0.1483175
vt 0.4243076 0.1415034
vt 0.4178562 0.174058
vt 0.4504108 0.1805094
vt 0.3921156 0.1355939
vt 0.4761063 0.2176442
vt 0.4435967 0.2125221
vt 0.4672389 0.2478507
vt 0.3684734 0.1002654
vt 0.4858543 0.2756676
vt 0.349858 0.07244845
vt 0.4964781 0.2915429
vt 0.3793921 0.1997986
vt 0.3392342 0.05657319
vt 0.3440635 0.2234408
vt 0.3162466 0.2420561
vt 0.3003713 0.2526799
vn -0.9774761 0.1944324 -0.08207686
vn -0.9966257 0 -0.08208206
vn -0.9966257 -5.144819E-07 -0.08208187
vn -0.9774762 0.1944316 -0.0820767
vn -0.9207618 0.3813924 -0.08208212
vn -0.9207619 0.3813922 -0.08208229
vn -0.8286644 0.5536956 -0.08207698
vn -0.8286644 0.5536954 -0.08207699
vn -0.7047207 0.7047206 -0.08208214
vn -0.7047206 0.7047209 -0.08208203
vn -0.5536956 0.8286642 -0.08207686
vn -0.5536956 0.8286644 -0.08207684
vn -0.3813919 0.920762 -0.08208215
vn -0.3813922 0.9207619 -0.08208235
vn -0.1944319 0.9774761 -0.08207726
vn -0.194432 0.9774761 -0.082077
vn 0 0.9966255 -0.0820825
vn 0 0.9966255 -0.0820827
vn 0.194432 0.9774761 -0.08207715
vn 0.194432 0.9774761 -0.08207703
vn 0.3813921 0.9207619 -0.0820823
vn 0.3813922 0.9207619 -0.08208235
vn 0.5536957 0.8286642 -0.08207714
vn 0.5536956 0.8286644 -0.08207703
vn 0.7047206 0.7047208 -0.08208223
vn 0.7047207 0.7047207 -0.0820823
vn 0.8286642 0.5536958 -0.08207696
vn 0.8286641 0.5536959 -0.08207702
vn 0.9207621 0.3813918 -0.08208212
vn 0.920762 0.381392 -0.08208225
vn 0.9774761 0.1944321 -0.08207686
vn 0.9774762 0.1944319 -0.08207667
vn 0.9966257 5.026275E-07 -0.08208188
vn 0.9966257 0 -0.08208208
vn 0.9774761 -0.1944322 -0.08207675
vn 0.9966257 0 -0.08208208
vn 0.9966257 5.026275E-07 -0.08208188
vn 0.9774762 -0.1944319 -0.0820764
vn 0.9207619 -0.3813922 -0.0820819
vn 0.9207619 -0.3813921 -0.08208213
vn 0.8286642 -0.5536958 -0.08207677
vn 0.8286642 -0.5536956 -0.08207671
vn 0.7047206 -0.7047209 -0.082082
vn 0.7047207 -0.7047207 -0.08208197
vn 0.5536957 -0.8286642 -0.0820768
vn 0.5536955 -0.8286644 -0.082077
vn 0.3813922 -0.9207619 -0.08208209
vn 0.3813922 -0.9207619 -0.08208217
vn 0.1944319 -0.9774762 -0.08207695
vn 0.194432 -0.9774762 -0.08207647
vn -1.944125E-07 -0.9966257 -0.08208215
vn 0 -0.9966255 -0.08208247
vn -0.1944319 -0.9774761 -0.08207712
vn -0.194432 -0.9774761 -0.08207694
vn -0.3813919 -0.920762 -0.08208215
vn -0.3813922 -0.9207619 -0.08208235
vn -0.5536958 -0.8286642 -0.08207697
vn -0.5536956 -0.8286644 -0.08207684
vn -0.7047207 -0.7047207 -0.0820821
vn -0.7047207 -0.7047207 -0.08208225
vn -0.8286642 -0.5536957 -0.08207688
vn -0.8286644 -0.5536956 -0.08207665
vn -0.920762 -0.381392 -0.08208188
vn -0.920762 -0.3813919 -0.08208221
vn -0.9774761 -0.1944322 -0.08207674
vn -0.9774762 -0.1944319 -0.08207638
vn -0.9966257 -5.144819E-07 -0.08208187
vn -0.9966257 0 -0.08208206
vn 8.975888E-05 1.794785E-05 1
vn 9.265682E-05 0 1
vn 9.18871E-05 0 1
vn 8.906426E-05 1.794786E-05 1
vn 8.506673E-05 3.520373E-05 1
vn 8.533139E-05 3.52037E-05 1
vn 7.690244E-05 5.111117E-05 1
vn 7.613554E-05 5.111119E-05 1
vn 6.522633E-05 6.504799E-05 1
vn 6.612691E-05 6.504799E-05 1
vn 5.110714E-05 7.64933E-05 1
vn 5.027821E-05 7.649333E-05 1
vn 3.543141E-05 8.498931E-05 1
vn 3.583521E-05 8.498927E-05 1
vn 1.789672E-05 9.022998E-05 1
vn 1.819593E-05 9.023E-05 1
vn -2.142454E-07 9.199177E-05 1
vn -3.959648E-07 9.199176E-05 1
vn -1.776989E-05 9.022998E-05 1
vn -1.771708E-05 9.023001E-05 1
vn -3.510453E-05 8.498932E-05 1
vn -3.563722E-05 8.498925E-05 1
vn -5.13131E-05 7.649332E-05 1
vn -5.027823E-05 7.649339E-05 1
vn -6.522083E-05 6.504802E-05 1
vn -6.652288E-05 6.5048E-05 1
vn -7.644283E-05 5.111115E-05 1
vn -7.517787E-05 5.111119E-05 1
vn -8.46794E-05 3.520371E-05 1
vn -8.552937E-05 3.520373E-05 1
vn -8.97459E-05 1.794785E-05 1
vn -8.942337E-05 1.794785E-05 1
vn -9.149491E-05 0 1
vn -9.162738E-05 0 1
vn 0.9964119 0 0.08463705
vn 0.9964119 0 0.08463725
vn 0.9772666 -0.1943904 0.08463173
vn 0.9772666 -0.1943904 0.08463175
vn 0.9205645 -0.3813105 0.084637
vn 0.9205646 -0.3813102 0.08463702
vn 0.8284865 -0.5535771 0.08463152
vn 0.8284869 -0.5535766 0.08463142
vn 0.7045696 -0.7045696 0.08463692
vn 0.7045692 -0.7045699 0.08463701
vn 0.5535769 -0.8284866 0.08463163
vn 0.553577 -0.8284866 0.08463144
vn 0.3813103 -0.9205646 0.08463695
vn 0.3813102 -0.9205646 0.08463714
vn 0.1943903 -0.9772666 0.0846317
vn 0.1943901 -0.9772666 0.08463144
vn 0 -0.9964119 0.08463723
vn 1.533285E-07 -0.9964119 0.08463725
vn -0.1943902 -0.9772666 0.08463184
vn -0.1943902 -0.9772666 0.08463215
vn -0.3813104 -0.9205645 0.08463731
vn -0.3813103 -0.9205645 0.08463708
vn -0.5535771 -0.8284865 0.08463176
vn -0.5535774 -0.8284863 0.08463182
vn -0.7045695 -0.7045697 0.08463724
vn -0.7045696 -0.7045696 0.08463742
vn -0.8284865 -0.5535771 0.08463196
vn -0.8284866 -0.5535769 0.08463168
vn -0.9205644 -0.3813105 0.08463722
vn -0.9205644 -0.3813105 0.08463772
vn -0.9772664 -0.1943906 0.08463181
vn -0.9772664 -0.1943908 0.0846315
vn -0.9964119 1.730467E-07 0.08463703
vn -0.9964119 0 0.08463705
vn -0.9964119 1.730467E-07 0.08463703
vn -0.9964119 0 0.08463705
vn -0.9772664 0.1943907 0.08463164
vn -0.9772664 0.1943905 0.08463167
vn -0.9205646 0.3813103 0.08463708
vn -0.9205646 0.3813103 0.08463696
vn -0.8284866 0.553577 0.08463171
vn -0.8284867 0.553577 0.08463169
vn -0.7045696 0.7045696 0.08463702
vn -0.7045693 0.7045698 0.08463715
vn -0.5535771 0.8284865 0.08463166
vn -0.553577 0.8284866 0.08463141
vn -0.3813104 0.9205645 0.08463696
vn -0.3813103 0.9205646 0.08463719
vn -0.1943902 0.9772666 0.08463151
vn -0.1943901 0.9772666 0.08463147
vn 2.086043E-07 0.9964119 0.08463708
vn 0 0.9964119 0.08463693
vn 0.1943902 0.9772666 0.08463177
vn 0.1943901 0.9772666 0.08463176
vn 0.3813102 0.9205646 0.08463703
vn 0.3813103 0.9205645 0.08463718
vn 0.5535772 0.8284864 0.08463152
vn 0.5535772 0.8284865 0.08463153
vn 0.7045698 0.7045693 0.08463695
vn 0.7045696 0.7045696 0.08463698
vn 0.8284864 0.5535772 0.08463154
vn 0.8284867 0.5535768 0.0846316
vn 0.9205645 0.3813106 0.0846369
vn 0.9205645 0.3813106 0.08463696
vn 0.9772666 0.1943904 0.08463157
vn 0.9772666 0.1943902 0.0846313
vn 0.9964119 0 0.08463705
vn 0.9964119 0 0.08463725
vn -0.9779631 0.1945289 -0.07580611
vn -0.9971221 0 -0.07581092
vn -0.9971221 0 -0.07581097
vn -0.9779631 0.1945292 -0.07580613
vn -0.9212209 0.381582 -0.07581101
vn -0.9212209 0.381582 -0.07581101
vn -0.8290772 0.5539716 -0.07580619
vn -0.8290773 0.5539714 -0.07580622
vn -0.7050718 0.705072 -0.07581101
vn -0.705072 0.7050718 -0.07581108
vn -0.5539715 0.8290772 -0.0758062
vn -0.5539716 0.8290771 -0.07580618
vn -0.3815821 0.9212208 -0.075811
vn -0.3815819 0.9212209 -0.07581096
vn -0.1945292 0.9779631 -0.0758061
vn -0.1945291 0.9779631 -0.07580602
vn 0 0.9971221 -0.07581095
vn -1.197222E-07 0.9971221 -0.07581094
vn 0.1945293 0.977963 -0.07580613
vn 0.1945293 0.977963 -0.0758062
vn 0.3815822 0.9212208 -0.075811
vn 0.3815823 0.9212207 -0.07581101
vn 0.5539715 0.8290773 -0.07580616
vn 0.5539716 0.8290771 -0.07580613
vn 0.7050719 0.7050719 -0.075811
vn 0.7050716 0.7050721 -0.07581104
vn 0.829077 0.5539717 -0.07580619
vn 0.8290772 0.5539716 -0.07580617
vn 0.9212209 0.381582 -0.07581101
vn 0.9212208 0.3815821 -0.07581099
vn 0.9779631 0.1945288 -0.0758061
vn 0.9779631 0.1945291 -0.07580616
vn 0.9971221 4.838515E-07 -0.07581095
vn 0.9971222 -5.315665E-07 -0.07581092
vn 0.9779631 -0.1945289 -0.07580611
vn 0.9971222 -5.315665E-07 -0.07581092
vn 0.9971221 4.838515E-07 -0.07581095
vn 0.9779631 -0.1945291 -0.0758061
vn 0.9212207 -0.3815825 -0.07581096
vn 0.921221 -0.3815816 -0.07581104
vn 0.8290774 -0.5539713 -0.07580621
vn 0.8290771 -0.5539716 -0.07580618
vn 0.705072 -0.7050717 -0.07581108
vn 0.7050719 -0.7050719 -0.07581105
vn 0.5539712 -0.8290774 -0.07580621
vn 0.5539717 -0.8290771 -0.07580618
vn 0.3815821 -0.9212208 -0.07581098
vn 0.381582 -0.9212208 -0.07581106
vn 0.1945293 -0.977963 -0.07580616
vn 0.1945292 -0.9779631 -0.07580611
vn 0 -0.9971221 -0.07581098
vn 1.532444E-07 -0.9971221 -0.075811
vn -0.1945293 -0.977963 -0.07580619
vn -0.1945292 -0.9779631 -0.07580622
vn -0.3815822 -0.9212208 -0.07581101
vn -0.3815821 -0.9212208 -0.07581106
vn -0.5539714 -0.8290773 -0.0758062
vn -0.5539715 -0.8290772 -0.07580612
vn -0.7050718 -0.705072 -0.07581101
vn -0.7050719 -0.7050719 -0.07581104
vn -0.8290773 -0.5539714 -0.07580616
vn -0.8290773 -0.5539714 -0.07580622
vn -0.9212209 -0.381582 -0.07581101
vn -0.9212209 -0.381582 -0.07581101
vn -0.9779631 -0.1945288 -0.07580613
vn -0.9779631 -0.1945292 -0.07580613
vn -0.9971221 0 -0.07581097
vn -0.9971221 0 -0.07581092
vn -0.4007464 -0.4422786 0.8023664
vn -0.4071282 -0.4493129 0.7952135
vn -0.4071276 -0.4493129 0.7952138
vn -0.4278533 -0.4721747 0.7707091
vn -0.4278529 -0.472175 0.7707092
vn -0.4764214 -0.5257807 0.7046823
vn -0.4764216 -0.5257807 0.7046822
vn -0.5390111 -0.5948501 0.5963392
vn -0.5390114 -0.59485 0.596339
vn -0.5940074 -0.6555443 0.4662799
vn -0.5940073 -0.6555444 0.4662798
vn -0.6353959 -0.7012208 0.3233597
vn -0.6353959 -0.7012208 0.3233596
vn -0.6584057 -0.7266144 0.1962994
vn -0.6584058 -0.7266143 0.1962992
vn -0.6691844 -0.7385097 0.08243482
vn -0.6691846 -0.7385096 0.0824348
vn -0.671303 -0.7408471 0.02230995
vn -0.6713033 -0.740847 0.02230998
vn -0.4342731 -0.1934453 0.8797646
vn -0.4437999 -0.1976888 0.8740485
vn -0.4438007 -0.1976881 0.8740482
vn -0.474915 -0.2115432 0.8542278
vn -0.4749156 -0.2115433 0.8542275
vn -0.5489693 -0.2445299 0.7992734
vn -0.5489689 -0.2445297 0.7992737
vn -0.6474431 -0.2883936 0.7054407
vn -0.6474431 -0.2883936 0.7054406
vn -0.7385482 -0.3289742 0.5884917
vn -0.7385484 -0.3289742 0.5884915
vn -0.8130192 -0.3621467 0.4559051
vn -0.8130192 -0.3621467 0.4559051
vn -0.8606662 -0.3833702 0.3350835
vn -0.8606661 -0.3833702 0.3350836
vn -0.8901153 -0.3964877 0.2247045
vn -0.8901153 -0.3964878 0.2247046
vn -0.9008548 -0.4012715 0.165656
vn -0.9008548 -0.4012715 0.165656
vn 0.2552805 -0.4031167 0.8788224
vn 0.2608529 -0.4119136 0.8730882
vn 0.2608524 -0.4119139 0.8730881
vn 0.2790508 -0.440649 0.8532051
vn 0.279052 -0.4406488 0.8532049
vn 0.322369 -0.5090476 0.7980906
vn 0.3223702 -0.5090476 0.7980902
vn 0.3799483 -0.5999669 0.7040447
vn 0.3799487 -0.5999668 0.7040446
vn 0.4331844 -0.6840319 0.5869
vn 0.4331846 -0.6840319 0.5868999
vn 0.476662 -0.7526871 0.4541537
vn 0.4766617 -0.7526872 0.4541537
vn 0.5044408 -0.7965534 0.3332296
vn 0.5044409 -0.7965534 0.3332296
vn 0.5215731 -0.8236063 0.2227874
vn 0.5215734 -0.8236061 0.2227874
vn 0.5278011 -0.8334406 0.1637157
vn 0.5278013 -0.8334404 0.1637157
vn 0.4749845 -0.08136949 0.8762242
vn 0.485222 -0.08312471 0.8704309
vn 0.4852213 -0.08312294 0.8704314
vn 0.5186408 -0.08884101 0.850364
vn 0.5186408 -0.08884028 0.8503642
vn 0.5981442 -0.1024599 0.7948116
vn 0.5981442 -0.1024599 0.7948116
vn 0.7037127 -0.120544 0.700184
vn 0.7037128 -0.1205438 0.7001837
vn 0.8011605 -0.1372361 0.5825016
vn 0.8011606 -0.1372361 0.5825013
vn 0.8805477 -0.1508348 0.4493157
vn 0.8805478 -0.1508347 0.4493155
vn 0.9310776 -0.15949 0.328112
vn 0.9310776 -0.1594899 0.3281119
vn 0.9620484 -0.1647954 0.217498
vn 0.9620483 -0.1647955 0.2174981
vn 0.9732058 -0.1667067 0.1583642
vn 0.9732059 -0.1667064 0.158364
vn -0.3772098 0.2637562 0.8877757
vn -0.3858245 0.2697797 0.8822463
vn -0.3858249 0.2697794 0.8822461
vn -0.414003 0.2894831 0.8630185
vn -0.4140025 0.2894832 0.8630188
vn -0.4812024 0.3364742 0.8094624
vn -0.4812025 0.3364741 0.8094624
vn -0.5708542 0.399162 0.7174922
vn -0.5708547 0.3991617 0.717492
vn -0.6542211 0.4574548 0.6022708
vn -0.6542208 0.4574551 0.6022708
vn -0.7228869 0.5054678 0.4711019
vn -0.7228872 0.5054675 0.4711017
vn -0.7673253 0.5365406 0.3511922
vn -0.7673253 0.5365406 0.3511922
vn -0.7952929 0.5560967 0.2413826
vn -0.7952929 0.5560969 0.2413826
vn -0.8057564 0.5634131 0.1825444
vn -0.8057564 0.563413 0.1825443
vn -0.4978286 0.2151162 0.8401735
vn -0.5069616 0.2190618 0.8336677
vn -0.5069618 0.2190624 0.8336676
vn -0.5367152 0.2319214 0.811264
vn -0.5367147 0.2319222 0.8112642
vn -0.6069918 0.2622879 0.7501773
vn -0.6069924 0.2622876 0.750177
vn -0.6989601 0.3020293 0.648254
vn -0.6989601 0.3020293 0.6482539
vn -0.7818969 0.3378673 0.5239111
vn -0.7818969 0.3378673 0.5239111
vn -0.8470538 0.3660224 0.3853928
vn -0.8470538 0.3660223 0.3853928
vn -0.8861749 0.3829274 0.2608842
vn -0.8861749 0.3829274 0.2608841
vn -0.9078088 0.3922754 0.1483346
vn -0.9078088 0.3922753 0.1483346
vn -0.914358 0.3951053 0.0885513
vn -0.914358 0.3951053 0.08855126
vn 0.3105718 0.3048894 0.9003264
vn 0.3181866 0.3123646 0.8950897
vn 0.3181854 0.3123651 0.89509
vn 0.3431076 0.3368205 0.8768291
vn 0.3431074 0.3368209 0.876829
vn 0.4026673 0.3952969 0.8255903
vn 0.4026676 0.3952973 0.82559
vn 0.4825408 0.4737082 0.7367189
vn 0.4825411 0.4737085 0.7367186
vn 0.5574057 0.5472048 0.6243923
vn 0.5574057 0.547205 0.6243922
vn 0.6197952 0.6084518 0.4956211
vn 0.6197952 0.6084518 0.495621
vn 0.6608717 0.6487763 0.3772772
vn 0.6608717 0.6487762 0.3772771
vn 0.6874099 0.6748285 0.2684662
vn 0.6874099 0.6748285 0.2684662
vn 0.6976932 0.6849236 0.2100087
vn 0.6976935 0.6849235 0.2100088
vn 0.125179 0.5109535 0.850445
vn 0.1275739 0.5207318 0.8441346
vn 0.1275745 0.5207325 0.8441341
vn 0.1353845 0.5526204 0.8223636
vn 0.135385 0.5526199 0.8223637
vn 0.1538747 0.6281065 0.7627613
vn 0.1538737 0.6281067 0.7627613
vn 0.1781766 0.727303 0.6627845
vn 0.1781771 0.7273031 0.6627844
vn 0.2002406 0.8173643 0.540203
vn 0.2002405 0.8173645 0.5402029
vn 0.2177607 0.8888813 0.4030761
vn 0.2177607 0.8888813 0.4030761
vn 0.2284694 0.9325939 0.2794106
vn 0.2284693 0.9325939 0.2794105
vn 0.2345915 0.9575833 0.1673353
vn 0.2345915 0.9575833 0.1673352
vn 0.2365624 0.9656287 0.1077003
vn 0.2365624 0.9656287 0.1077003
vn -0.2442228 -0.2084905 0.9470411
vn -0.2527689 -0.2157815 0.9431576
vn -0.2527697 -0.2157809 0.9431575
vn -0.2808294 -0.2397346 0.9293343
vn -0.280829 -0.2397352 0.9293342
vn -0.3486243 -0.2976093 0.8887575
vn -0.3486242 -0.2976096 0.8887574
vn -0.4414235 -0.3768298 0.814337
vn -0.4414232 -0.3768298 0.814337
vn -0.5311244 -0.4534039 0.7157735
vn -0.5311247 -0.4534039 0.7157733
vn -0.6091657 -0.5200254 0.5987411
vn -0.6091656 -0.5200253 0.5987411
vn -0.6636887 -0.5665696 0.4883812
vn -0.6636887 -0.5665695 0.4883812
vn -0.6827959 -0.582881 0.4404991
vn -0.6827959 -0.582881 0.4404992
vn -0.04815374 -0.4349879 0.8991479
vn -0.04931447 -0.4455804 0.8938826
vn -0.04931351 -0.4455803 0.8938828
vn -0.05312975 -0.480234 0.8755299
vn -0.05313121 -0.4802338 0.8755299
vn -0.06229724 -0.5630593 0.824065
vn -0.06229821 -0.5630592 0.8240651
vn -0.07457725 -0.6740702 0.7348929
vn -0.07457706 -0.6740701 0.7348931
vn -0.08608051 -0.7780443 0.6222838
vn -0.0860805 -0.7780443 0.6222838
vn -0.09565669 -0.8645962 0.493278
vn -0.0956566 -0.8645962 0.4932779
vn -0.1019513 -0.9214914 0.3747792
vn -0.1019512 -0.9214915 0.3747792
vn -0.1060085 -0.958163 0.2658682
vn -0.1060085 -0.958163 0.2658683
vn -0.107576 -0.9723292 0.2073721
vn -0.107576 -0.9723292 0.2073723
vn -0.1945833 -0.3319884 0.9229957
vn -0.200123 -0.3414272 0.9183563
vn -0.2001242 -0.3414266 0.9183562
vn -0.2182591 -0.3723716 0.9020545
vn -0.2182594 -0.3723713 0.9020545
vn -0.2618369 -0.4467112 0.8555061
vn -0.2618378 -0.4467105 0.8555061
vn -0.3208345 -0.5473629 0.7729548
vn -0.3208349 -0.5473628 0.7729546
vn -0.3769438 -0.6430887 0.6665961
vn -0.3769439 -0.6430888 0.6665958
vn -0.4246849 -0.7245373 0.5428522
vn -0.4246849 -0.7245373 0.5428522
vn -0.457055 -0.7797618 0.4278694
vn -0.4570552 -0.7797618 0.4278693
vn -0.4788719 -0.8169829 0.3212797
vn -0.4788717 -0.816983 0.3212798
vn -0.487781 -0.8321826 0.2637078
vn -0.4877809 -0.8321826 0.2637079
vn 0.08686808 -0.3450993 0.9345375
vn 0.08957168 -0.3558466 0.930242
vn 0.08957408 -0.3558464 0.9302418
vn 0.09844037 -0.3911054 0.9150662
vn 0.09843878 -0.3911054 0.9150664
vn 0.1198199 -0.4760358 0.8712252
vn 0.1198195 -0.4760358 0.8712252
vn 0.148912 -0.5916143 0.7923494
vn 0.1489119 -0.5916143 0.7923495
vn 0.1767911 -0.702378 0.6894999
vn 0.176791 -0.7023782 0.6894997
vn 0.2007656 -0.7976263 0.5687579
vn 0.2007655 -0.7976263 0.5687579
vn 0.2172577 -0.8631467 0.4558257
vn 0.2172575 -0.8631467 0.4558256
vn 0.2285936 -0.9081862 0.3506319
vn 0.2285938 -0.9081862 0.3506318
vn 0.2333301 -0.9270029 0.2936369
vn 0.2333305 -0.9270029 0.2936368
vn 0.2519895 -0.2109292 0.9444629
vn 0.2605802 -0.2181201 0.9404901
vn 0.2605813 -0.2181203 0.9404898
vn 0.2887832 -0.2417319 0.9263747
vn 0.2887834 -0.2417318 0.9263746
vn 0.3568893 -0.2987402 0.8850901
vn 0.3568904 -0.2987398 0.8850896
vn 0.4499957 -0.3766744 0.8097038
vn 0.4499967 -0.376674 0.8097035
vn 0.5398315 -0.4518701 0.7102081
vn 0.5398318 -0.4518701 0.7102078
vn 0.6177987 -0.5171354 0.5923646
vn 0.6177984 -0.5171356 0.5923647
vn 0.6720962 -0.5625861 0.4814391
vn 0.6720962 -0.5625861 0.4814391
vn 0.6910687 -0.5784671 0.4333587
vn 0.6910687 -0.5784671 0.4333587
vn 0.4122585 -0.132219 0.9014217
vn 0.42243 -0.1354812 0.8962131
vn 0.4224299 -0.1354801 0.8962132
vn 0.4557189 -0.1461504 0.8780435
vn 0.4557194 -0.1461496 0.8780434
vn 0.5353267 -0.1716784 0.8270139
vn 0.535327 -0.1716778 0.8270137
vn 0.6421208 -0.2059297 0.7384265
vn 0.6421208 -0.2059298 0.7384266
vn 0.7422913 -0.2380541 0.6263655
vn 0.7422915 -0.238054 0.6263656
vn 0.8258527 -0.264852 0.4978158
vn 0.8258528 -0.2648521 0.4978158
vn 0.8809495 -0.2825212 0.3796181
vn 0.8809495 -0.2825212 0.3796181
vn 0.9166236 -0.2939618 0.2709017
vn 0.9166236 -0.2939618 0.2709018
vn 0.9304864 -0.2984074 0.2124807
vn 0.9304864 -0.2984074 0.2124806
vn 0.3389823 -0.1659537 0.9260402
vn 0.348849 -0.1707808 0.921487
vn 0.348849 -0.1707806 0.921487
vn 0.3811816 -0.1866049 0.9054719
vn 0.3811816 -0.1866055 0.9054716
vn 0.458907 -0.2246565 0.8596125
vn 0.4589068 -0.2246573 0.8596125
vn 0.56428 -0.2762441 0.7779957
vn 0.5642798 -0.2762445 0.7779957
vn 0.6646965 -0.3254029 0.6725262
vn 0.6646965 -0.3254029 0.6725264
vn 0.7503743 -0.3673466 0.5495406
vn 0.7503742 -0.3673466 0.5495408
vn 0.8086898 -0.3958949 0.4350725
vn 0.8086897 -0.3958949 0.4350725
vn 0.8482024 -0.4152387 0.3288305
vn 0.8482025 -0.4152385 0.3288305
vn 0.8644387 -0.4231869 0.271401
vn 0.8644388 -0.4231866 0.271401
vn 0.3147555 0.1258586 0.9407914
vn 0.3251226 0.1300034 0.9366934
vn 0.3251217 0.1300035 0.9366937
vn 0.3591319 0.1436028 0.9221727
vn 0.3591319 0.1436028 0.9221727
vn 0.4411728 0.1764053 0.8799134
vn 0.4411729 0.1764058 0.8799132
vn 0.5531346 0.2211777 0.8031952
vn 0.5531346 0.2211778 0.8031952
vn 0.6608897 0.2642644 0.7024167
vn 0.66089 0.2642643 0.7024164
vn 0.75409 0.3015321 0.583461
vn 0.75409 0.301532 0.583461
vn 0.8187006 0.3273674 0.4717626
vn 0.8187005 0.3273675 0.4717626
vn 0.8411815 0.3363562 0.4234126
vn 0.8411815 0.3363563 0.4234125
vn 0.3771305 0.190826 0.906288
vn 0.3867194 0.1956758 0.9011987
vn 0.3867201 0.1956757 0.9011984
vn 0.4180933 0.211551 0.8834275
vn 0.4180937 0.211551 0.8834274
vn 0.4931958 0.2495535 0.8333552
vn 0.493195 0.2495539 0.8333555
vn 0.5941611 0.30064 0.7460483
vn 0.5941614 0.3006397 0.7460482
vn 0.689156 0.3487072 0.6351908
vn 0.6891562 0.3487071 0.6351907
vn 0.7687558 0.388984 0.5076475
vn 0.768756 0.3889839 0.5076473
vn 0.8215796 0.4157123 0.3901157
vn 0.8215796 0.4157123 0.3901157
vn 0.8561087 0.4331839 0.2818323
vn 0.8561088 0.4331838 0.2818324
vn 0.869691 0.4400559 0.2235807
vn 0.8696912 0.4400556 0.2235807
vn 0.279865 0.2192047 0.934679
vn 0.288588 0.2260423 0.930388
vn 0.2885888 0.2260416 0.930388
vn 0.3172101 0.2484712 0.9152267
vn 0.3172106 0.2484717 0.9152264
vn 0.3861693 0.3024879 0.8714208
vn 0.3861689 0.3024881 0.871421
vn 0.4800193 0.3760031 0.7925926
vn 0.4800192 0.3760031 0.7925927
vn 0.5699677 0.4464617 0.6897889
vn 0.5699679 0.4464617 0.6897887
vn 0.6473278 0.5070578 0.5690862
vn 0.6473278 0.507058 0.569086
vn 0.7005519 0.5487495 0.4561809
vn 0.7005519 0.5487495 0.4561808
vn 0.7371475 0.5774158 0.3510054
vn 0.7371475 0.5774155 0.3510054
vn 0.7524408 0.5893949 0.2940182
vn 0.752441 0.5893944 0.2940183
vn 0.1294532 0.3144297 0.9404126
vn 0.133699 0.3247429 0.9363049
vn 0.1337008 0.3247429 0.9363046
vn 0.1476487 0.3585944 0.9217428
vn 0.1476516 0.3585936 0.9217427
vn 0.1812657 0.4402532 0.879386
vn 0.1812643 0.4402544 0.8793857
vn 0.2271428 0.5516774 0.8025323
vn 0.2271423 0.551678 0.802532
vn 0.2712825 0.658884 0.701625
vn 0.2712821 0.6588841 0.7016251
vn 0.3094472 0.7515776 0.5825577
vn 0.3094469 0.7515776 0.582558
vn 0.3358921 0.8158067 0.4707823
vn 0.3358919 0.8158067 0.4707826
vn 0.3542479 0.8603889 0.3663872
vn 0.3542478 0.8603887 0.3663875
vn 0.3620005 0.879218 0.3097278
vn 0.3620004 0.8792179 0.3097285
vn 0.03284929 0.3791987 0.924732
vn 0.03378611 0.3901232 0.9201425
vn 0.03378603 0.3901232 0.9201426
vn 0.03688491 0.42593 0.904004
vn 0.0368863 0.4259296 0.904004
vn 0.04433625 0.5119894 0.8578469
vn 0.04433488 0.51199 0.8578466
vn 0.05442986 0.6285944 0.7758262
vn 0.05442959 0.6285945 0.7758262
vn 0.06404394 0.739619 0.6699718
vn 0.06404364 0.739619 0.6699717
vn 0.07223582 0.8342345 0.5466577
vn 0.07223555 0.8342345 0.5466577
vn 0.07780287 0.8985273 0.4319668
vn 0.07780301 0.8985274 0.4319667
vn 0.08156678 0.9419919 0.3255737
vn 0.08156683 0.9419919 0.3255737
vn 0.08310927 0.9598045 0.2680823
vn 0.08310922 0.9598045 0.2680823
vn -0.1508069 0.3941813 0.9065751
vn -0.1546436 0.4042127 0.9014973
vn -0.1546457 0.4042124 0.9014971
vn -0.1672011 0.4370637 0.8837529
vn -0.1672013 0.4370636 0.8837528
vn -0.1972969 0.5157112 0.8337361
vn -0.1972963 0.5157115 0.8337361
vn -0.2377461 0.6214517 0.7465083
vn -0.2377446 0.621452 0.7465085
vn -0.2758133 0.7209591 0.6357241
vn -0.2758125 0.7209593 0.6357241
vn -0.3077199 0.8043616 0.5082428
vn -0.3077197 0.8043616 0.508243
vn -0.328902 0.8597307 0.3907515
vn -0.3289021 0.8597307 0.3907515
vn -0.3427559 0.8959436 0.282495
vn -0.3427562 0.8959435 0.2824949
vn -0.3482092 0.910198 0.224254
vn -0.3482089 0.9101982 0.2242542
vn -0.1623134 0.287775 0.9438431
vn -0.16781 0.297525 0.9398503
vn -0.1678117 0.2975247 0.9398502
vn -0.1858719 0.3295385 0.9256651
vn -0.1858734 0.3295383 0.925665
vn -0.2294664 0.406829 0.8842146
vn -0.2294666 0.406829 0.8842145
vn -0.289047 0.512463 0.8085997
vn -0.2890473 0.512463 0.8085996
vn -0.3465095 0.6143405 0.7088844
vn -0.3465095 0.6143404 0.7088844
vn -0.3963523 0.7027095 0.5908504
vn -0.3963523 0.7027096 0.5908504
vn -0.4310369 0.7642036 0.4797918
vn -0.4310369 0.7642036 0.4797917
vn -0.4552467 0.8071262 0.3758959
vn -0.4552468 0.8071261 0.375896
vn -0.4655352 0.8253666 0.319448
vn -0.4655353 0.8253665 0.319448
vn -0.2607241 0.1681412 0.9506584
vn -0.2702018 0.1742535 0.9469038
vn -0.2702007 0.1742536 0.9469041
vn -0.3013465 0.1943324 0.9335016
vn -0.3013454 0.1943333 0.9335017
vn -0.3766397 0.2428962 0.8939485
vn -0.3766385 0.2428966 0.8939489
vn -0.4798896 0.3094811 0.8209308
vn -0.4798892 0.3094812 0.820931
vn -0.5799469 0.3740085 0.7237259
vn -0.5799467 0.3740089 0.7237259
vn -0.6673009 0.4303442 0.6078761
vn -0.6673008 0.4303445 0.607876
vn -0.7286054 0.46988 0.4983442
vn -0.7286054 0.46988 0.4983441
vn -0.7718675 0.4977798 0.3955199
vn -0.7718676 0.4977796 0.3955198
vn -0.7904719 0.5097779 0.3395301
vn -0.7904719 0.5097778 0.3395301
vn -0.3920053 0.05195187 0.9184949
vn -0.4027946 0.05338085 0.9137325
vn -0.4027926 0.05338265 0.9137332
vn -0.4381665 0.0580599 0.8970168
vn -0.4381676 0.05805844 0.8970163
vn -0.5230546 0.06930412 0.8494768
vn -0.5230545 0.06930432 0.8494769
vn -0.6377574 0.08450608 0.7655875
vn -0.6377577 0.08450621 0.7655872
vn -0.7465319 0.09891871 0.6579554
vn -0.7465321 0.09891839 0.6579551
vn -0.8387022 0.1111308 0.5331308
vn -0.8387023 0.111131 0.5331308
vn -0.9008409 0.1193651 0.4174177
vn -0.9008408 0.1193654 0.4174178
vn -0.9423895 0.1248703 0.3103375
vn -0.9423897 0.1248701 0.3103374
vn -0.9591959 0.1270972 0.252566
vn -0.9591959 0.1270973 0.252566
vn -0.4360213 -0.05399094 0.8983154
vn -0.4465947 -0.0552967 0.8930259
vn -0.4465946 -0.05529686 0.8930261
vn -0.481162 -0.0595748 0.8746051
vn -0.4811625 -0.05957499 0.8746048
vn -0.5637638 -0.06980234 0.8229812
vn -0.563764 -0.06980218 0.8229811
vn -0.6744359 -0.08350378 0.7335961
vn -0.6744361 -0.08350377 0.733596
vn -0.7780389 -0.09633122 0.6207864
vn -0.778039 -0.09633154 0.6207862
vn -0.8642144 -0.1070001 0.4916143
vn -0.8642142 -0.1069999 0.4916144
vn -0.9207979 -0.1140059 0.3730066
vn -0.920798 -0.1140059 0.3730064
vn -0.9572069 -0.1185138 0.2640254
vn -0.9572069 -0.1185138 0.2640253
vn -0.9712407 -0.1202512 0.2055021
vn -0.9712407 -0.1202512 0.205502
vn -0.3435715 -0.06351693 0.9369761
vn -0.354492 -0.06553689 0.9327596
vn -0.3544925 -0.06553712 0.9327593
vn -0.3903437 -0.07216857 0.9178363
vn -0.3903441 -0.07216814 0.9178362
vn -0.4767608 -0.08814992 0.8746021
vn -0.4767607 -0.08815014 0.874602
vn -0.5944923 -0.1099176 0.7965533
vn -0.5944924 -0.1099176 0.7965531
vn -0.707504 -0.1308134 0.6944968
vn -0.707504 -0.1308134 0.6944969
vn -0.8049056 -0.1488221 0.5744379
vn -0.8049056 -0.1488219 0.574438
vn -0.8721107 -0.1612486 0.461976
vn -0.8721107 -0.1612485 0.4619758
vn -0.9184958 -0.169825 0.3571061
vn -0.9184961 -0.1698249 0.357106
vn -0.9379637 -0.1734245 0.3002466
vn -0.9379638 -0.1734244 0.3002465
vn 0.3380682 -0.02524942 0.9407828
vn 0.3491868 -0.02608163 0.9366901
vn 0.3491871 -0.02608073 0.93669
vn 0.3857023 -0.0288153 0.9221731
vn 0.3857024 -0.02881391 0.9221731
vn 0.4738115 -0.0353905 0.8799148
vn 0.4738117 -0.03539002 0.8799148
vn 0.5940611 -0.04437878 0.8031949
vn 0.5940607 -0.04437865 0.8031951
vn 0.7097883 -0.05302242 0.7024167
vn 0.7097884 -0.05302228 0.7024166
vn 0.8098845 -0.06050093 0.583461
vn 0.8098847 -0.06050092 0.5834607
vn 0.8792759 -0.06568344 0.4717623
vn 0.8792759 -0.06568349 0.4717624
vn 0.9274703 -0.06928452 0.3674215
vn 0.9274704 -0.06928492 0.3674212
vn 0.9478393 -0.0708068 0.3107845
vn 0.9478395 -0.07080719 0.3107838
vn -4.17598E-07 0 -1
vn -2.277472E-07 0 -1
vn -1.413196E-07 0 -1
vn -5.155466E-07 0 -1
vn 0 0 -1
vn 2.379608E-07 0 -1
vn 2.525878E-07 0 -1
vn 2.577734E-07 0 -1
vn 1.874099E-07 0 -1
vn 4.759218E-07 0 -1
vn -8.926961E-07 0 -1
vn -1.54664E-06 0 -1
vn 1.278769E-07 0 -1
vn 4.759222E-07 0 -1
vn -3.806104E-07 0 -1
vn -5.155478E-07 0 -1
vn 0 0 -1
vn 0 0 -1
vn 0 0 -1
vn 0 0 -1
vn 0 0 -1
vn 0 0 -1
vn 0 0 -1
vn 0 0 -1
vn 1.27877E-07 0 -1
vn 4.759221E-07 0 -1
vn -5.051767E-07 0 -1
vn -5.15549E-07 0 -1
vn -2.469435E-07 0 -1
vn -4.759216E-07 0 -1
vn 4.100227E-07 0 -1
vn 3.866595E-07 0 -1
vn -1.280649E-07 0 -1
vn -2.826394E-07 0 -1
vn -2.277472E-07 0 -1
vn 3.183258E-07 0 -1
vn -1.413196E-07 0 -1
vn 5.155463E-07 0 -1
vn 0 0 -1
vn -2.379608E-07 0 -1
vn 7.612185E-07 0 -1
vn 1.031092E-06 0 -1
vn 3.571961E-07 0 -1
vn 0 0 -1
vn 3.806096E-07 0 -1
vn 5.155468E-07 0 -1
vn -2.469421E-07 0 -1
vn -4.759212E-07 0 -1
vn 2.560429E-07 0 -1
vn 5.15546E-07 0 -1
vn 0 0 -1
vn 0 0 -1
vn 1.903053E-07 0 -1
vn 2.577739E-07 0 -1
vn -1.278765E-07 0 -1
vn -4.759214E-07 0 -1
vn 8.926968E-07 0 -1
vn 1.54664E-06 0 -1
vn -1.278775E-07 0 -1
vn -4.759222E-07 0 -1
vn 1.868488E-07 0 -1
vn 0 0 -1
vn 7.320148E-07 0 -1
vn 9.518428E-07 0 -1
vn 0 0 -1
vn 0 0 -1
vn -1.280649E-07 0 -1
vn -2.826394E-07 0 -1
vn -9.149491E-05 0 1
vn -8.976649E-05 -1.794786E-05 1
vn -9.162738E-05 0 1
vn -8.94234E-05 -1.794786E-05 1
vn -8.473435E-05 -3.520372E-05 1
vn -8.55294E-05 -3.52037E-05 1
vn -7.613392E-05 -5.111116E-05 1
vn -7.51779E-05 -5.111123E-05 1
vn -6.501758E-05 -6.504799E-05 1
vn -6.533492E-05 -6.504796E-05 1
vn -5.133693E-05 -7.649329E-05 1
vn -5.075704E-05 -7.649331E-05 1
vn -3.543141E-05 -8.498932E-05 1
vn -3.583522E-05 -8.498933E-05 1
vn -1.789671E-05 -9.022999E-05 1
vn -1.819592E-05 -9.023E-05 1
vn 0 -9.199178E-05 1
vn 0 -9.199177E-05 1
vn 1.756395E-05 -9.022998E-05 1
vn 1.771708E-05 -9.023E-05 1
vn 3.510453E-05 -8.498933E-05 1
vn 3.563724E-05 -8.498933E-05 1
vn 5.13131E-05 -7.649332E-05 1
vn 5.027819E-05 -7.649331E-05 1
vn 6.544059E-05 -6.504802E-05 1
vn 6.652292E-05 -6.504801E-05 1
vn 7.679948E-05 -5.111116E-05 1
vn 7.613556E-05 -5.111116E-05 1
vn 8.533042E-05 -3.520372E-05 1
vn 8.612332E-05 -3.520367E-05 1
vn 9.064335E-05 -1.794786E-05 1
vn 8.96628E-05 -1.794791E-05 1
vn 9.18871E-05 0 1
vn 9.265682E-05 0 1
vn 0 0 -1
vn 0 0 -1
vn 0 0 -1
vn 0 0 -1
vn 0 0 -1
vn 0 0 -1
vn 0 0 -1
vn 0 0 -1
vn 0 0 -1
vn 0 0 -1
vn 0 0 -1
vn 0 0 -1
vn 0 0 -1
vn 0 0 -1
vn 0 0 -1
vn 0 0 -1
vn 0 0 -1
vn 0 0 -1
vn 0 0 -1
vn 0 0 -1
vn 0 0 -1
vn 0 0 -1
vn 0 0 -1
vn 0 0 -1
vn 0 0 -1
vn 0 0 -1
vn 0 0 -1
vn 0 0 -1
vn 0 0 -1
vn 0 0 -1
vn 0 0 -1
vn 0 0 -1
vn 0 0 -1
vn 0 0 -1
vn 0 0 -1
vn 0 0 -1
vn 0 0 -1
vn 0 0 -1
vn 0 0 -1
vn 0 0 -1
vn 0 0 -1
vn 0 0 -1
vn 0 0 -1
vn 0 0 -1
vn 0 0 -1
vn 0 0 -1
vn 0 0 -1
vn 0 0 -1
vn 0 0 -1
vn 0 0 -1
vn 0 0 -1
vn 0.3329339 0.0652035 0.9406931
vn 0.3376845 0 0.9412594
vn 0.3123617 0 0.9499633
vn 0.3329335 -0.0652034 0.9406932
vn 0.3082798 0.06129665 0.9493189
vn 0.3186502 0.129913 0.9389275
vn 0.3078312 -0.06135071 0.9494608
vn 0.3186539 -0.1299132 0.9389261
vn 0.2975668 0.1222578 0.9468406
vn 0.2939306 0.1936457 0.9360054
vn 0.2565643 -0.0002625159 0.9665272
vn 0.2945637 -0.1219956 0.9478129
vn 0.2939287 -0.1936457 0.9360061
vn 0.2744119 0.1827417 0.9440888
vn 0.2522518 0.2522531 0.9342042
vn 0.253702 0.0541276 0.9657668
vn 0.2516379 -0.05576765 0.9662134
vn 0.2732849 -0.1811695 0.9447185
vn 0.2522515 -0.2522527 0.9342044
vn 0.2514699 0.1093228 0.9616711
vn 0.2016518 -0.001136581 0.9794566
vn 0.238503 -0.1099648 0.9648959
vn 0.199031 0.04969192 0.9787325
vn 0.1961436 -0.0593075 0.9787799
vn 0.143689 -0.0005637443 0.9896227
vn 0.238791 -0.238791 0.9412532
vn 0.2208401 -0.1608694 0.9619516
vn 0.1821041 -0.1142342 0.976621
vn 0.1399434 -0.06767827 0.9878439
vn 0.1811698 -0.2732859 0.9447181
vn 0.1936457 -0.293929 0.9360058
vn 0.1219957 -0.2945641 0.9478129
vn 0.1299131 -0.3186534 0.9389263
vn 0.06135063 -0.3078322 0.9494606
vn 0.065203 -0.3329352 0.9406927
vn -4.131047E-07 -0.3123622 0.9499631
vn -6.53128E-07 -0.3376864 0.9412586
vn -0.06520353 -0.3329355 0.9406925
vn -0.06135077 -0.3078325 0.9494605
vn -0.1299134 -0.3186536 0.9389262
vn 2.098683E-07 -0.2564546 0.9665563
vn 0.05576724 -0.2516381 0.9662134
vn 0.1099654 -0.2385026 0.964896
vn 0.1608704 -0.2208402 0.9619513
vn -0.1219959 -0.2945637 0.9478129
vn -0.1936462 -0.2939288 0.9360058
vn -0.05576688 -0.2516382 0.9662134
vn 0 -0.2014065 0.9795077
vn 0.0593074 -0.1961433 0.97878
vn -0.1811694 -0.2732857 0.9447183
vn -0.2522515 -0.2522527 0.9342044
vn -0.1099655 -0.2385021 0.9648961
vn -0.05930791 -0.1961431 0.97878
vn 0.1142345 -0.1821036 0.9766211
vn 0 -0.1439566 0.989584
vn 0.06767859 -0.1399438 0.9878439
vn -0.238791 -0.2387911 0.9412532
vn -0.1608689 -0.2208409 0.9619514
vn -0.1142346 -0.182104 0.976621
vn -0.06767846 -0.1399436 0.9878439
vn -1.265745E-07 -0.075622 0.9971366
vn -0.2732857 -0.1811696 0.9447182
vn -0.2939286 -0.1936458 0.9360061
vn -0.294564 -0.1219957 0.9478129
vn -0.3186533 -0.1299131 0.9389263
vn -0.3078321 -0.06135057 0.9494606
vn -0.3329332 -0.06520337 0.9406934
vn -0.3123617 0 0.9499633
vn -0.3376849 0 0.9412593
vn -0.3329341 0.06520332 0.9406931
vn -0.3078312 0.06135056 0.9494609
vn -0.3186546 0.1299133 0.9389259
vn -0.2564549 2.270852E-07 0.9665562
vn -0.2516389 -0.05576728 0.9662132
vn -0.2385028 -0.1099652 0.9648959
vn -0.2208416 -0.1608696 0.9619511
vn -0.2945635 0.1219956 0.9478129
vn -0.2939284 0.1936455 0.9360062
vn -0.2516378 0.05576746 0.9662134
vn -0.2014063 1.169489E-07 0.9795077
vn -0.1961436 -0.05930733 0.97878
vn -0.2732845 0.1811693 0.9447186
vn -0.2522517 0.2522525 0.9342044
vn -0.2385021 0.109965 0.9648961
vn -0.1961434 0.05930744 0.97878
vn -0.1821034 -0.1142338 0.9766212
vn -0.143957 2.631262E-07 0.9895839
vn -0.1399439 -0.06767882 0.9878438
vn -0.2387909 0.238791 0.9412534
vn -0.2208403 0.1608695 0.9619514
vn -0.1821043 0.1142342 0.976621
vn -0.139944 0.06767872 0.9878438
vn -0.07562154 -1.669833E-07 0.9971366
vn -0.1811696 0.2732858 0.9447182
vn -0.1936457 0.2939289 0.9360059
vn -0.1219955 0.2945643 0.9478127
vn -0.1299131 0.3186535 0.9389262
vn -0.06135059 0.3078322 0.9494606
vn -0.06520312 0.332935 0.9406928
vn 2.10486E-07 0.3123624 0.9499631
vn 1.487821E-07 0.3376869 0.9412585
vn 0.06520347 0.3329351 0.9406927
vn 0.0613509 0.3078319 0.9494607
vn 0.1299135 0.3186535 0.9389262
vn 2.808139E-07 0.2564551 0.9665562
vn -0.05576764 0.2516378 0.9662134
vn -0.109965 0.2385024 0.964896
vn -0.1608701 0.2208401 0.9619513
vn 0.1219957 0.2945636 0.9478129
vn 0.1936463 0.293929 0.9360058
vn 0.05576816 0.2516375 0.9662135
vn 2.113392E-07 0.2014055 0.979508
vn -0.05930726 0.196143 0.9787802
vn 0.1811695 0.2732858 0.9447182
vn 0.109922 0.2387588 0.9648375
vn 0.05908864 0.1962257 0.9787769
vn 0.2387879 0.2390262 0.9411943
vn 0.1609143 0.2222373 0.9616222
vn 0.2275419 0.1706963 0.9586905
vn -0.1142342 0.1821039 0.9766211
vn 1.437393E-07 0.1439568 0.9895839
vn 0.1130259 0.1839093 0.9764233
vn 0.2067418 0.2076886 0.956098
vn 0.1617529 0.1739674 0.971376
vn 0.1877718 0.1162866 0.9753047
vn 0.0662197 0.1402895 0.9878936
vn 0.1204054 0.131299 0.9840036
vn 0.13598 0.06297968 0.9887078
vn 0.07286259 0.07313495 0.9946569
vn 0.07555178 -7.006012E-05 0.9971418
vn 7.408864E-07 2.508256E-07 1
vn 3.49417E-07 0.07562232 0.9971366
vn 0.07357715 -0.0735773 0.9945716
vn -0.06767815 0.1399443 0.9878438
vn -0.07357732 0.07357755 0.9945716
vn -0.1289437 0.1289431 0.983233
vn 0.128943 -0.1289435 0.983233
vn -0.1631865 0.1631868 0.9730058
vn 0.1631862 -0.1631868 0.9730058
vn -0.2059075 0.2059069 0.9566631
vn -0.07357737 -0.07357779 0.9945716
vn 0.2059086 -0.2059067 0.9566631
vn -0.1289427 -0.1289434 0.9832332
vn -0.1631863 -0.1631871 0.9730058
vn -0.2059093 -0.2059076 0.9566626
usemtl Material512px
f 1/1/1 3/3/3 2/2/2 
f 1/1/1 4/4/4 3/3/3 
f 1/1/1 5/5/5 4/4/4 
f 1/1/1 6/6/6 5/5/5 
f 7/7/7 5/5/5 6/6/6 
f 7/7/7 8/8/8 5/5/5 
f 7/7/7 9/9/9 8/8/8 
f 7/7/7 10/10/10 9/9/9 
f 11/11/11 9/9/9 10/10/10 
f 11/11/11 12/12/12 9/9/9 
f 11/11/11 13/13/13 12/12/12 
f 11/11/11 14/14/14 13/13/13 
f 15/15/15 13/13/13 14/14/14 
f 15/15/15 16/16/16 13/13/13 
f 15/15/15 17/17/17 16/16/16 
f 15/15/15 18/18/18 17/17/17 
f 19/19/19 17/17/17 18/18/18 
f 19/19/19 20/20/20 17/17/17 
f 19/19/19 21/21/21 20/20/20 
f 19/19/19 22/22/22 21/21/21 
f 23/23/23 21/21/21 22/22/22 
f 23/23/23 24/24/24 21/21/21 
f 23/23/23 25/25/25 24/24/24 
f 23/23/23 26/26/26 25/25/25 
f 27/27/27 25/25/25 26/26/26 
f 27/27/27 28/28/28 25/25/25 
f 27/27/27 29/29/29 28/28/28 
f 27/27/27 30/30/30 29/29/29 
f 31/31/31 29/29/29 30/30/30 
f 31/31/31 32/32/32 29/29/29 
f 31/31/31 33/33/33 32/32/32 
f 31/31/31 34/34/34 33/33/33 
f 35/35/35 37/37/37 36/36/36 
f 35/35/35 38/38/38 37/37/37 
f 35/35/35 39/39/39 38/38/38 
f 35/35/35 40/40/40 39/39/39 
f 41/41/41 39/39/39 40/40/40 
f 41/41/41 42/42/42 39/39/39 
f 41/41/41 43/43/43 42/42/42 
f 41/41/41 44/44/44 43/43/43 
f 45/45/45 43/43/43 44/44/44 
f 45/45/45 46/46/46 43/43/43 
f 45/45/45 47/47/47 46/46/46 
f 45/45/45 48/48/48 47/47/47 
f 49/49/49 47/47/47 48/48/48 
f 49/49/49 50/50/50 47/47/47 
f 49/49/49 51/51/51 50/50/50 
f 49/49/49 52/52/52 51/51/51 
f 51/51/51 52/52/52 53/53/53 
f 51/51/51 53/53/53 54/54/54 
f 53/53/53 55/55/55 54/54/54 
f 53/53/53 56/56/56 55/55/55 
f 57/57/57 55/55/55 56/56/56 
f 57/57/57 58/58/58 55/55/55 
f 57/57/57 59/59/59 58/58/58 
f 57/57/57 60/60/60 59/59/59 
f 61/61/61 59/59/59 60/60/60 
f 61/61/61 62/62/62 59/59/59 
f 61/61/61 63/63/63 62/62/62 
f 61/61/61 64/64/64 63/63/63 
f 65/65/65 63/63/63 64/64/64 
f 65/65/65 66/66/66 63/63/63 
f 65/65/65 67/67/67 66/66/66 
f 65/65/65 68/68/68 67/67/67 
f 69/69/69 71/71/71 70/70/70 
f 69/69/69 72/72/72 71/71/71 
f 69/69/69 73/73/73 72/72/72 
f 69/69/69 74/74/74 73/73/73 
f 73/73/73 74/74/74 75/75/75 
f 73/73/73 75/75/75 76/76/76 
f 75/75/75 77/77/77 76/76/76 
f 75/75/75 78/78/78 77/77/77 
f 77/77/77 78/78/78 79/79/79 
f 77/77/77 79/79/79 80/80/80 
f 79/79/79 81/81/81 80/80/80 
f 79/79/79 82/82/82 81/81/81 
f 81/81/81 82/82/82 83/83/83 
f 81/81/81 83/83/83 84/84/84 
f 83/83/83 85/85/85 84/84/84 
f 83/83/83 86/86/86 85/85/85 
f 85/85/85 86/86/86 87/87/87 
f 85/85/85 87/87/87 88/88/88 
f 87/87/87 89/89/89 88/88/88 
f 87/87/87 90/90/90 89/89/89 
f 91/91/91 89/89/89 90/90/90 
f 91/91/91 92/92/92 89/89/89 
f 91/91/91 93/93/93 92/92/92 
f 91/91/91 94/94/94 93/93/93 
f 93/93/93 94/94/94 95/95/95 
f 93/93/93 95/95/95 96/96/96 
f 95/95/95 97/97/97 96/96/96 
f 95/95/95 98/98/98 97/97/97 
f 97/97/97 98/98/98 99/99/99 
f 97/97/97 99/99/99 100/100/100 
f 99/99/99 101/101/101 100/100/100 
f 99/99/99 102/102/102 101/101/101 
f 103/103/103 105/105/105 104/104/104 
f 103/103/103 106/106/106 105/105/105 
f 105/105/105 106/106/106 107/107/107 
f 105/105/105 107/107/107 108/108/108 
f 107/107/107 109/109/109 108/108/108 
f 107/107/107 110/110/110 109/109/109 
f 109/109/109 110/110/110 111/111/111 
f 109/109/109 111/111/111 112/112/112 
f 111/111/111 113/113/113 112/112/112 
f 111/111/111 114/114/114 113/113/113 
f 113/113/113 114/114/114 115/115/115 
f 113/113/113 115/115/115 116/116/116 
f 115/115/115 117/117/117 116/116/116 
f 115/115/115 118/118/118 117/117/117 
f 117/117/117 118/118/118 119/119/119 
f 117/117/117 119/119/119 120/120/120 
f 119/119/119 121/121/121 120/120/120 
f 119/119/119 122/122/122 121/121/121 
f 121/121/121 122/122/122 123/123/123 
f 121/121/121 123/123/123 124/124/124 
f 123/123/123 125/125/125 124/124/124 
f 123/123/123 126/126/126 125/125/125 
f 125/125/125 126/126/126 127/127/127 
f 125/125/125 127/127/127 128/128/128 
f 127/127/127 129/129/129 128/128/128 
f 127/127/127 130/130/130 129/129/129 
f 129/129/129 130/130/130 131/131/131 
f 129/129/129 131/131/131 132/132/132 
f 131/131/131 133/133/133 132/132/132 
f 131/131/131 134/134/134 133/133/133 
f 133/133/133 134/134/134 135/135/135 
f 133/133/133 135/135/135 136/136/136 
f 137/137/137 139/139/139 138/138/138 
f 137/137/137 140/140/140 139/139/139 
f 139/139/139 140/140/140 141/141/141 
f 139/139/139 141/141/141 142/142/142 
f 141/141/141 143/143/143 142/142/142 
f 141/141/141 144/144/144 143/143/143 
f 143/143/143 144/144/144 145/145/145 
f 143/143/143 145/145/145 146/146/146 
f 145/145/145 147/147/147 146/146/146 
f 145/145/145 148/148/148 147/147/147 
f 147/147/147 148/148/148 149/149/149 
f 147/147/147 149/149/149 150/150/150 
f 149/149/149 151/151/151 150/150/150 
f 149/149/149 152/152/152 151/151/151 
f 151/151/151 152/152/152 153/153/153 
f 151/151/151 153/153/153 154/154/154 
f 153/153/153 155/155/155 154/154/154 
f 153/153/153 156/156/156 155/155/155 
f 155/155/155 156/156/156 157/157/157 
f 155/155/155 157/157/157 158/158/158 
f 157/157/157 159/159/159 158/158/158 
f 157/157/157 160/160/160 159/159/159 
f 159/159/159 160/160/160 161/161/161 
f 159/159/159 161/161/161 162/162/162 
f 161/161/161 163/163/163 162/162/162 
f 161/161/161 164/164/164 163/163/163 
f 163/163/163 164/164/164 165/165/165 
f 163/163/163 165/165/165 166/166/166 
f 165/165/165 167/167/167 166/166/166 
f 165/165/165 168/168/168 167/167/167 
f 167/167/167 168/168/168 169/169/169 
f 167/167/167 169/169/169 170/170/170 
f 171/171/171 173/173/173 172/172/172 
f 171/171/171 174/174/174 173/173/173 
f 171/171/171 175/175/175 174/174/174 
f 171/171/171 176/176/176 175/175/175 
f 177/177/177 175/175/175 176/176/176 
f 177/177/177 178/178/178 175/175/175 
f 177/177/177 179/179/179 178/178/178 
f 177/177/177 180/180/180 179/179/179 
f 181/181/181 179/179/179 180/180/180 
f 181/181/181 182/182/182 179/179/179 
f 181/181/181 183/183/183 182/182/182 
f 181/181/181 184/184/184 183/183/183 
f 185/185/185 183/183/183 184/184/184 
f 185/185/185 186/186/186 183/183/183 
f 185/185/185 187/187/187 186/186/186 
f 185/185/185 188/188/188 187/187/187 
f 189/189/189 187/187/187 188/188/188 
f 189/189/189 190/190/190 187/187/187 
f 189/189/189 191/191/191 190/190/190 
f 189/189/189 192/192/192 191/191/191 
f 193/193/193 191/191/191 192/192/192 
f 193/193/193 194/194/194 191/191/191 
f 193/193/193 195/195/195 194/194/194 
f 193/193/193 196/196/196 195/195/195 
f 197/197/197 195/195/195 196/196/196 
f 197/197/197 198/198/198 195/195/195 
f 197/197/197 199/199/199 198/198/198 
f 197/197/197 200/200/200 199/199/199 
f 201/201/201 199/199/199 200/200/200 
f 201/201/201 202/202/202 199/199/199 
f 201/201/201 203/203/203 202/202/202 
f 201/201/201 204/204/204 203/203/203 
f 205/205/205 207/207/207 206/206/206 
f 205/205/205 208/208/208 207/207/207 
f 205/205/205 209/209/209 208/208/208 
f 205/205/205 210/210/210 209/209/209 
f 211/211/211 209/209/209 210/210/210 
f 211/211/211 212/212/212 209/209/209 
f 211/211/211 213/213/213 212/212/212 
f 211/211/211 214/214/214 213/213/213 
f 215/215/215 213/213/213 214/214/214 
f 215/215/215 216/216/216 213/213/213 
f 215/215/215 217/217/217 216/216/216 
f 215/215/215 218/218/218 217/217/217 
f 219/219/219 217/217/217 218/218/218 
f 219/219/219 220/220/220 217/217/217 
f 219/219/219 221/221/221 220/220/220 
f 219/219/219 222/222/222 221/221/221 
f 221/221/221 222/222/222 223/223/223 
f 221/221/221 223/223/223 224/224/224 
f 223/223/223 225/225/225 224/224/224 
f 223/223/223 226/226/226 225/225/225 
f 227/227/227 225/225/225 226/226/226 
f 227/227/227 228/228/228 225/225/225 
f 227/227/227 229/229/229 228/228/228 
f 227/227/227 230/230/230 229/229/229 
f 231/231/231 229/229/229 230/230/230 
f 231/231/231 232/232/232 229/229/229 
f 231/231/231 233/233/233 232/232/232 
f 231/231/231 234/234/234 233/233/233 
f 235/235/235 233/233/233 234/234/234 
f 235/235/235 236/236/236 233/233/233 
f 235/235/235 237/237/237 236/236/236 
f 235/235/235 238/238/238 237/237/237 
f 239/239/239 241/241/241 240/240/240 
f 240/240/240 241/241/241 242/242/242 
f 240/240/240 242/242/242 243/243/243 
f 244/244/244 243/243/243 242/242/242 
f 244/244/244 245/245/245 243/243/243 
f 245/245/245 244/244/244 246/246/246 
f 245/245/245 246/246/246 247/247/247 
f 248/248/248 247/247/247 246/246/246 
f 248/248/248 249/249/249 247/247/247 
f 249/249/249 248/248/248 250/250/250 
f 249/249/249 250/250/250 251/251/251 
f 252/252/252 251/251/251 250/250/250 
f 252/252/252 253/253/253 251/251/251 
f 253/253/253 252/252/252 254/254/254 
f 253/253/253 254/254/254 255/255/255 
f 256/256/256 255/255/255 254/254/254 
f 256/256/256 257/257/257 255/255/255 
f 258/258/258 260/260/260 259/259/259 
f 261/261/261 259/259/259 260/260/260 
f 261/261/261 260/260/260 262/262/262 
f 263/263/263 261/261/261 262/262/262 
f 263/263/263 264/264/264 261/261/261 
f 264/264/264 263/263/263 265/265/265 
f 264/264/264 265/265/265 266/266/266 
f 267/267/267 266/266/266 265/265/265 
f 267/267/267 268/268/268 266/266/266 
f 268/268/268 267/267/267 269/269/269 
f 268/268/268 269/269/269 270/270/270 
f 271/271/271 270/270/270 269/269/269 
f 271/271/271 272/272/272 270/270/270 
f 272/272/272 271/271/271 273/273/273 
f 272/272/272 273/273/273 274/274/274 
f 275/275/275 274/274/274 273/273/273 
f 275/275/275 276/276/276 274/274/274 
f 277/277/277 279/279/279 278/278/278 
f 278/278/278 279/279/279 280/280/280 
f 278/278/278 280/280/280 281/281/281 
f 282/282/282 281/281/281 280/280/280 
f 282/282/282 283/283/283 281/281/281 
f 283/283/283 282/282/282 284/284/284 
f 283/283/283 284/284/284 285/285/285 
f 286/286/286 285/285/285 284/284/284 
f 286/286/286 284/284/284 287/287/287 
f 286/286/286 287/287/287 288/288/288 
f 286/286/286 288/288/288 289/289/289 
f 290/290/290 289/289/289 288/288/288 
f 290/290/290 291/291/291 289/289/289 
f 291/291/291 290/290/290 292/292/292 
f 291/291/291 292/292/292 293/293/293 
f 294/294/294 293/293/293 292/292/292 
f 294/294/294 295/295/295 293/293/293 
f 296/296/296 298/298/298 297/297/297 
f 299/299/299 297/297/297 298/298/298 
f 299/299/299 298/298/298 300/300/300 
f 301/301/301 299/299/299 300/300/300 
f 301/301/301 302/302/302 299/299/299 
f 302/302/302 301/301/301 303/303/303 
f 302/302/302 303/303/303 304/304/304 
f 305/305/305 304/304/304 303/303/303 
f 305/305/305 306/306/306 304/304/304 
f 306/306/306 305/305/305 307/307/307 
f 306/306/306 307/307/307 308/308/308 
f 309/309/309 308/308/308 307/307/307 
f 309/309/309 310/310/310 308/308/308 
f 310/310/310 309/309/309 311/311/311 
f 310/310/310 311/311/311 312/312/312 
f 313/313/313 312/312/312 311/311/311 
f 313/313/313 311/311/311 314/314/314 
f 315/315/315 317/317/317 316/316/316 
f 316/316/316 317/317/317 318/318/318 
f 316/316/316 318/318/318 319/319/319 
f 320/320/320 319/319/319 318/318/318 
f 320/320/320 321/321/321 319/319/319 
f 321/321/321 320/320/320 322/322/322 
f 321/321/321 322/322/322 323/323/323 
f 324/324/324 323/323/323 322/322/322 
f 324/324/324 322/322/322 325/325/325 
f 324/324/324 325/325/325 326/326/326 
f 324/324/324 326/326/326 327/327/327 
f 328/328/328 327/327/327 326/326/326 
f 328/328/328 329/329/329 327/327/327 
f 329/329/329 328/328/328 330/330/330 
f 329/329/329 330/330/330 331/331/331 
f 332/332/332 331/331/331 330/330/330 
f 332/332/332 333/333/333 331/331/331 
f 334/334/334 336/336/336 335/335/335 
f 337/337/337 335/335/335 336/336/336 
f 337/337/337 336/336/336 338/338/338 
f 339/339/339 337/337/337 338/338/338 
f 339/339/339 340/340/340 337/337/337 
f 340/340/340 339/339/339 341/341/341 
f 340/340/340 341/341/341 342/342/342 
f 343/343/343 342/342/342 341/341/341 
f 343/343/343 344/344/344 342/342/342 
f 344/344/344 343/343/343 345/345/345 
f 344/344/344 345/345/345 346/346/346 
f 347/347/347 346/346/346 345/345/345 
f 347/347/347 345/345/345 348/348/348 
f 349/349/349 347/347/347 348/348/348 
f 349/349/349 348/348/348 350/350/350 
f 351/351/351 349/349/349 350/350/350 
f 351/351/351 352/352/352 349/349/349 
f 353/353/353 355/355/355 354/354/354 
f 354/354/354 355/355/355 356/356/356 
f 354/354/354 356/356/356 357/357/357 
f 358/358/358 357/357/357 356/356/356 
f 358/358/358 359/359/359 357/357/357 
f 359/359/359 358/358/358 360/360/360 
f 359/359/359 360/360/360 361/361/361 
f 362/362/362 361/361/361 360/360/360 
f 362/362/362 363/363/363 361/361/361 
f 363/363/363 362/362/362 364/364/364 
f 363/363/363 364/364/364 365/365/365 
f 366/366/366 365/365/365 364/364/364 
f 366/366/366 367/367/367 365/365/365 
f 367/367/367 366/366/366 368/368/368 
f 367/367/367 368/368/368 369/369/369 
f 370/370/370 369/369/369 368/368/368 
f 370/370/370 368/368/368 371/371/371 
f 372/372/372 374/374/374 373/373/373 
f 373/373/373 374/374/374 375/375/375 
f 373/373/373 375/375/375 376/376/376 
f 377/377/377 376/376/376 375/375/375 
f 377/377/377 375/375/375 378/378/378 
f 377/377/377 378/378/378 379/379/379 
f 377/377/377 379/379/379 380/380/380 
f 381/381/381 380/380/380 379/379/379 
f 381/381/381 382/382/382 380/380/380 
f 382/382/382 381/381/381 383/383/383 
f 382/382/382 383/383/383 384/384/384 
f 385/385/385 384/384/384 383/383/383 
f 385/385/385 383/383/383 386/386/386 
f 385/385/385 386/386/386 387/387/387 
f 385/385/385 387/387/387 388/388/388 
f 389/389/389 388/388/388 387/387/387 
f 389/389/389 387/387/387 390/390/390 
f 391/391/391 393/393/393 392/392/392 
f 392/392/392 393/393/393 394/394/394 
f 392/392/392 394/394/394 395/395/395 
f 396/396/396 395/395/395 394/394/394 
f 396/396/396 397/397/397 395/395/395 
f 397/397/397 396/396/396 398/398/398 
f 397/397/397 398/398/398 399/399/399 
f 400/400/400 399/399/399 398/398/398 
f 400/400/400 398/398/398 401/401/401 
f 400/400/400 401/401/401 402/402/402 
f 400/400/400 402/402/402 403/403/403 
f 404/404/404 403/403/403 402/402/402 
f 404/404/404 405/405/405 403/403/403 
f 405/405/405 404/404/404 406/406/406 
f 405/405/405 406/406/406 407/407/407 
f 408/408/408 410/410/410 409/409/409 
f 411/411/411 409/409/409 410/410/410 
f 411/411/411 410/410/410 412/412/412 
f 413/413/413 411/411/411 412/412/412 
f 413/413/413 412/412/412 414/414/414 
f 415/415/415 413/413/413 414/414/414 
f 415/415/415 414/414/414 416/416/416 
f 417/417/417 415/415/415 416/416/416 
f 417/417/417 416/416/416 418/418/418 
f 417/417/417 418/418/418 419/419/419 
f 417/417/417 419/419/419 420/420/420 
f 421/421/421 420/420/420 419/419/419 
f 421/421/421 422/422/422 420/420/420 
f 422/422/422 421/421/421 423/423/423 
f 422/422/422 423/423/423 424/424/424 
f 425/425/425 424/424/424 423/423/423 
f 425/425/425 426/426/426 424/424/424 
f 427/427/427 429/429/429 428/428/428 
f 428/428/428 429/429/429 430/430/430 
f 428/428/428 430/430/430 431/431/431 
f 432/432/432 431/431/431 430/430/430 
f 432/432/432 433/433/433 431/431/431 
f 433/433/433 432/432/432 434/434/434 
f 433/433/433 434/434/434 435/435/435 
f 436/436/436 435/435/435 434/434/434 
f 436/436/436 437/437/437 435/435/435 
f 437/437/437 436/436/436 438/438/438 
f 437/437/437 438/438/438 439/439/439 
f 440/440/440 439/439/439 438/438/438 
f 440/440/440 438/438/438 441/441/441 
f 440/440/440 441/441/441 442/442/442 
f 440/440/440 442/442/442 443/443/443 
f 444/444/444 443/443/443 442/442/442 
f 444/444/444 445/445/445 443/443/443 
f 446/446/446 448/448/448 447/447/447 
f 447/447/447 448/448/448 449/449/449 
f 447/447/447 449/449/449 450/450/450 
f 451/451/451 450/450/450 449/449/449 
f 451/451/451 452/452/452 450/450/450 
f 452/452/452 451/451/451 453/453/453 
f 452/452/452 453/453/453 454/454/454 
f 455/455/455 454/454/454 453/453/453 
f 455/455/455 456/456/456 454/454/454 
f 456/456/456 455/455/455 457/457/457 
f 456/456/456 457/457/457 458/458/458 
f 459/459/459 458/458/458 457/457/457 
f 459/459/459 460/460/460 458/458/458 
f 460/460/460 459/459/459 461/461/461 
f 460/460/460 461/461/461 462/462/462 
f 463/463/463 462/462/462 461/461/461 
f 463/463/463 464/464/464 462/462/462 
f 465/465/465 467/467/467 466/466/466 
f 466/466/466 467/467/467 468/468/468 
f 466/466/466 468/468/468 469/469/469 
f 470/470/470 469/469/469 468/468/468 
f 470/470/470 471/471/471 469/469/469 
f 471/471/471 470/470/470 472/472/472 
f 471/471/471 472/472/472 473/473/473 
f 474/474/474 473/473/473 472/472/472 
f 474/474/474 475/475/475 473/473/473 
f 475/475/475 474/474/474 476/476/476 
f 475/475/475 476/476/476 477/477/477 
f 478/478/478 477/477/477 476/476/476 
f 478/478/478 479/479/479 477/477/477 
f 479/479/479 478/478/478 480/480/480 
f 479/479/479 480/480/480 481/481/481 
f 482/482/482 484/484/484 483/483/483 
f 485/485/485 483/483/483 484/484/484 
f 485/485/485 484/484/484 486/486/486 
f 487/487/487 485/485/485 486/486/486 
f 487/487/487 486/486/486 488/488/488 
f 487/487/487 488/488/488 489/489/489 
f 487/487/487 489/489/489 490/490/490 
f 491/491/491 490/490/490 489/489/489 
f 491/491/491 492/492/492 490/490/490 
f 492/492/492 491/491/491 493/493/493 
f 492/492/492 493/493/493 494/494/494 
f 495/495/495 494/494/494 493/493/493 
f 495/495/495 493/493/493 496/496/496 
f 497/497/497 495/495/495 496/496/496 
f 497/497/497 496/496/496 498/498/498 
f 499/499/499 497/497/497 498/498/498 
f 499/499/499 500/500/500 497/497/497 
f 501/501/501 503/503/503 502/502/502 
f 504/504/504 502/502/502 503/503/503 
f 504/504/504 503/503/503 505/505/505 
f 506/506/506 504/504/504 505/505/505 
f 506/506/506 505/505/505 507/507/507 
f 508/508/508 506/506/506 507/507/507 
f 508/508/508 507/507/507 509/509/509 
f 510/510/510 508/508/508 509/509/509 
f 510/510/510 511/511/511 508/508/508 
f 511/511/511 510/510/510 512/512/512 
f 511/511/511 512/512/512 513/513/513 
f 514/514/514 513/513/513 512/512/512 
f 514/514/514 515/515/515 513/513/513 
f 515/515/515 514/514/514 516/516/516 
f 515/515/515 516/516/516 517/517/517 
f 518/518/518 517/517/517 516/516/516 
f 518/518/518 519/519/519 517/517/517 
f 520/520/520 522/522/522 521/521/521 
f 523/523/523 521/521/521 522/522/522 
f 523/523/523 522/522/522 524/524/524 
f 525/525/525 523/523/523 524/524/524 
f 525/525/525 524/524/524 526/526/526 
f 527/527/527 525/525/525 526/526/526 
f 527/527/527 526/526/526 528/528/528 
f 529/529/529 527/527/527 528/528/528 
f 529/529/529 528/528/528 530/530/530 
f 531/531/531 529/529/529 530/530/530 
f 531/531/531 530/530/530 532/532/532 
f 533/533/533 531/531/531 532/532/532 
f 533/533/533 534/534/534 531/531/531 
f 535/535/535 534/534/534 533/533/533 
f 535/535/535 533/533/533 536/536/536 
f 537/537/537 539/539/539 538/538/538 
f 538/538/538 539/539/539 540/540/540 
f 538/538/538 540/540/540 541/541/541 
f 542/542/542 541/541/541 540/540/540 
f 542/542/542 540/540/540 543/543/543 
f 542/542/542 543/543/543 544/544/544 
f 542/542/542 544/544/544 545/545/545 
f 546/546/546 545/545/545 544/544/544 
f 546/546/546 547/547/547 545/545/545 
f 547/547/547 546/546/546 548/548/548 
f 547/547/547 548/548/548 549/549/549 
f 550/550/550 549/549/549 548/548/548 
f 550/550/550 551/551/551 549/549/549 
f 551/551/551 550/550/550 552/552/552 
f 551/551/551 552/552/552 553/553/553 
f 554/554/554 553/553/553 552/552/552 
f 554/554/554 555/555/555 553/553/553 
f 556/556/556 558/558/558 557/557/557 
f 557/557/557 558/558/558 559/559/559 
f 557/557/557 559/559/559 560/560/560 
f 561/561/561 560/560/560 559/559/559 
f 561/561/561 559/559/559 562/562/562 
f 563/563/563 561/561/561 562/562/562 
f 563/563/563 562/562/562 564/564/564 
f 565/565/565 563/563/563 564/564/564 
f 565/565/565 566/566/566 563/563/563 
f 566/566/566 565/565/565 567/567/567 
f 566/566/566 567/567/567 568/568/568 
f 569/569/569 568/568/568 567/567/567 
f 569/569/569 570/570/570 568/568/568 
f 570/570/570 569/569/569 571/571/571 
f 570/570/570 571/571/571 572/572/572 
f 573/573/573 572/572/572 571/571/571 
f 573/573/573 574/574/574 572/572/572 
f 575/575/575 577/577/577 576/576/576 
f 578/578/578 576/576/576 577/577/577 
f 578/578/578 577/577/577 579/579/579 
f 580/580/580 578/578/578 579/579/579 
f 580/580/580 581/581/581 578/578/578 
f 581/581/581 580/580/580 582/582/582 
f 581/581/581 582/582/582 583/583/583 
f 584/584/584 583/583/583 582/582/582 
f 584/584/584 585/585/585 583/583/583 
f 585/585/585 584/584/584 586/586/586 
f 585/585/585 586/586/586 587/587/587 
f 588/588/588 587/587/587 586/586/586 
f 588/588/588 589/589/589 587/587/587 
f 589/589/589 588/588/588 590/590/590 
f 589/589/589 590/590/590 591/591/591 
f 592/592/592 591/591/591 590/590/590 
f 592/592/592 593/593/593 591/591/591 
f 594/594/594 596/596/596 595/595/595 
f 597/597/597 595/595/595 596/596/596 
f 597/597/597 596/596/596 598/598/598 
f 599/599/599 597/597/597 598/598/598 
f 599/599/599 600/600/600 597/597/597 
f 600/600/600 599/599/599 601/601/601 
f 600/600/600 601/601/601 602/602/602 
f 603/603/603 602/602/602 601/601/601 
f 603/603/603 601/601/601 604/604/604 
f 605/605/605 603/603/603 604/604/604 
f 605/605/605 604/604/604 606/606/606 
f 607/607/607 605/605/605 606/606/606 
f 607/607/607 608/608/608 605/605/605 
f 608/608/608 607/607/607 609/609/609 
f 608/608/608 609/609/609 610/610/610 
f 611/611/611 610/610/610 609/609/609 
f 611/611/611 612/612/612 610/610/610 
f 613/613/613 615/615/615 614/614/614 
f 614/614/614 615/615/615 616/616/616 
f 614/614/614 616/616/616 617/617/617 
f 618/618/618 617/617/617 616/616/616 
f 618/618/618 619/619/619 617/617/617 
f 619/619/619 618/618/618 620/620/620 
f 619/619/619 620/620/620 621/621/621 
f 622/622/622 621/621/621 620/620/620 
f 622/622/622 623/623/623 621/621/621 
f 623/623/623 622/622/622 624/624/624 
f 623/623/623 624/624/624 625/625/625 
f 626/626/626 625/625/625 624/624/624 
f 626/626/626 624/624/624 627/627/627 
f 628/628/628 626/626/626 627/627/627 
f 628/628/628 627/627/627 629/629/629 
f 630/630/630 628/628/628 629/629/629 
f 630/630/630 631/631/631 628/628/628 
f 632/632/632 634/634/634 633/633/633 
f 635/635/635 633/633/633 634/634/634 
f 635/635/635 634/634/634 636/636/636 
f 637/637/637 635/635/635 636/636/636 
f 637/637/637 636/636/636 638/638/638 
f 637/637/637 638/638/638 639/639/639 
f 637/637/637 639/639/639 640/640/640 
f 641/641/641 640/640/640 639/639/639 
f 641/641/641 642/642/642 640/640/640 
f 642/642/642 641/641/641 643/643/643 
f 642/642/642 643/643/643 644/644/644 
f 645/645/645 644/644/644 643/643/643 
f 645/645/645 646/646/646 644/644/644 
f 646/646/646 645/645/645 647/647/647 
f 646/646/646 647/647/647 648/648/648 
f 649/649/649 648/648/648 647/647/647 
f 649/649/649 650/650/650 648/648/648 
f 651/651/651 653/653/653 652/652/652 
f 652/652/652 653/653/653 654/654/654 
f 652/652/652 654/654/654 655/655/655 
f 656/656/656 655/655/655 654/654/654 
f 656/656/656 657/657/657 655/655/655 
f 657/657/657 656/656/656 658/658/658 
f 657/657/657 658/658/658 659/659/659 
f 660/660/660 659/659/659 658/658/658 
f 660/660/660 661/661/661 659/659/659 
f 661/661/661 660/660/660 662/662/662 
f 661/661/661 662/662/662 663/663/663 
f 664/664/664 663/663/663 662/662/662 
f 664/664/664 665/665/665 663/663/663 
f 665/665/665 664/664/664 666/666/666 
f 665/665/665 666/666/666 667/667/667 
f 668/668/668 667/667/667 666/666/666 
f 668/668/668 669/669/669 667/667/667 
f 670/670/670 672/672/672 671/671/671 
f 671/671/671 672/672/672 673/673/673 
f 671/671/671 673/673/673 674/674/674 
f 675/675/675 674/674/674 673/673/673 
f 675/675/675 676/676/676 674/674/674 
f 676/676/676 675/675/675 677/677/677 
f 676/676/676 677/677/677 678/678/678 
f 679/679/679 678/678/678 677/677/677 
f 679/679/679 680/680/680 678/678/678 
f 680/680/680 679/679/679 681/681/681 
f 680/680/680 681/681/681 682/682/682 
f 683/683/683 682/682/682 681/681/681 
f 683/683/683 684/684/684 682/682/682 
f 685/685/685 684/684/684 683/683/683 
f 685/685/685 683/683/683 686/686/686 
f 687/687/687 685/685/685 686/686/686 
f 687/687/687 688/688/688 685/685/685 
f 689/689/689 691/691/691 690/690/690 
f 692/692/692 690/690/690 691/691/691 
f 692/692/692 691/691/691 693/693/693 
f 694/694/694 692/692/692 693/693/693 
f 694/694/694 693/693/693 695/695/695 
f 696/696/696 694/694/694 695/695/695 
f 696/696/696 695/695/695 697/697/697 
f 698/698/698 696/696/696 697/697/697 
f 698/698/698 697/697/697 699/699/699 
f 698/698/698 699/699/699 700/700/700 
f 698/698/698 700/700/700 701/701/701 
f 702/702/702 701/701/701 700/700/700 
f 702/702/702 700/700/700 703/703/703 
f 704/704/704 702/702/702 703/703/703 
f 704/704/704 703/703/703 705/705/705 
f 706/706/706 704/704/704 705/705/705 
f 706/706/706 707/707/707 704/704/704 
f 708/708/708 710/710/710 709/709/709 
f 711/711/711 709/709/709 710/710/710 
f 711/711/711 710/710/710 712/712/712 
f 713/713/713 711/711/711 712/712/712 
f 713/713/713 714/714/714 711/711/711 
f 714/714/714 713/713/713 715/715/715 
f 714/714/714 715/715/715 716/716/716 
f 717/717/717 716/716/716 715/715/715 
f 717/717/717 718/718/718 716/716/716 
f 718/718/718 717/717/717 719/719/719 
f 718/718/718 719/719/719 720/720/720 
f 721/721/721 720/720/720 719/719/719 
f 721/721/721 722/722/722 720/720/720 
f 722/722/722 721/721/721 723/723/723 
f 722/722/722 723/723/723 724/724/724 
f 725/725/725 724/724/724 723/723/723 
f 725/725/725 726/726/726 724/724/724 
f 727/727/727 729/729/729 728/728/728 
f 728/728/728 729/729/729 730/730/730 
f 728/728/728 730/730/730 731/731/731 
f 732/732/732 731/731/731 730/730/730 
f 732/732/732 733/733/733 731/731/731 
f 733/733/733 732/732/732 734/734/734 
f 733/733/733 734/734/734 735/735/735 
f 736/736/736 735/735/735 734/734/734 
f 736/736/736 737/737/737 735/735/735 
f 737/737/737 736/736/736 738/738/738 
f 737/737/737 738/738/738 739/739/739 
f 740/740/740 739/739/739 738/738/738 
f 740/740/740 741/741/741 739/739/739 
f 741/741/741 740/740/740 742/742/742 
f 741/741/741 742/742/742 743/743/743 
f 744/744/744 743/743/743 742/742/742 
f 744/744/744 745/745/745 743/743/743 
f 746/746/746 748/748/748 747/747/747 
f 746/746/746 747/747/747 749/749/749 
f 750/750/750 746/746/746 749/749/749 
f 750/750/750 751/751/751 746/746/746 
f 752/752/752 751/751/751 750/750/750 
f 752/752/752 750/750/750 753/753/753 
f 754/754/754 752/752/752 753/753/753 
f 754/754/754 755/755/755 752/752/752 
f 756/756/756 755/755/755 754/754/754 
f 756/756/756 754/754/754 757/757/757 
f 758/758/758 756/756/756 757/757/757 
f 758/758/758 759/759/759 756/756/756 
f 760/760/760 759/759/759 758/758/758 
f 760/760/760 758/758/758 761/761/761 
f 762/762/762 760/760/760 761/761/761 
f 762/762/762 763/763/763 760/760/760 
f 764/764/764 763/763/763 762/762/762 
f 764/764/764 762/762/762 765/765/765 
f 766/766/766 764/764/764 765/765/765 
f 766/766/766 767/767/767 764/764/764 
f 768/768/768 767/767/767 766/766/766 
f 768/768/768 766/766/766 769/769/769 
f 770/770/770 768/768/768 769/769/769 
f 770/770/770 771/771/771 768/768/768 
f 772/772/772 771/771/771 770/770/770 
f 772/772/772 770/770/770 773/773/773 
f 774/774/774 772/772/772 773/773/773 
f 774/774/774 775/775/775 772/772/772 
f 776/776/776 775/775/775 774/774/774 
f 776/776/776 774/774/774 777/777/777 
f 778/778/778 776/776/776 777/777/777 
f 778/778/778 779/779/779 776/776/776 
f 780/780/780 782/782/782 781/781/781 
f 780/780/780 781/781/781 783/783/783 
f 781/781/781 784/784/784 783/783/783 
f 781/781/781 785/785/785 784/784/784 
f 784/784/784 785/785/785 786/786/786 
f 784/784/784 786/786/786 787/787/787 
f 786/786/786 788/788/788 787/787/787 
f 786/786/786 789/789/789 788/788/788 
f 788/788/788 789/789/789 790/790/790 
f 788/788/788 790/790/790 791/791/791 
f 790/790/790 792/792/792 791/791/791 
f 790/790/790 793/793/793 792/792/792 
f 792/792/792 793/793/793 794/794/794 
f 792/792/792 794/794/794 795/795/795 
f 794/794/794 796/796/796 795/795/795 
f 794/794/794 797/797/797 796/796/796 
f 798/798/798 796/796/796 797/797/797 
f 798/798/798 799/799/799 796/796/796 
f 798/798/798 800/800/800 799/799/799 
f 798/798/798 801/801/801 800/800/800 
f 800/800/800 801/801/801 802/802/802 
f 800/800/800 802/802/802 803/803/803 
f 802/802/802 804/804/804 803/803/803 
f 802/802/802 805/805/805 804/804/804 
f 804/804/804 805/805/805 806/806/806 
f 804/804/804 806/806/806 807/807/807 
f 806/806/806 808/808/808 807/807/807 
f 806/806/806 809/809/809 808/808/808 
f 810/810/810 808/808/808 809/809/809 
f 810/810/810 811/811/811 808/808/808 
f 810/810/810 812/812/812 811/811/811 
f 810/810/810 813/813/813 812/812/812 
f 814/814/814 816/816/816 815/815/815 
f 814/814/814 815/815/815 817/817/817 
f 815/815/815 818/818/818 817/817/817 
f 815/815/815 819/819/819 818/818/818 
f 820/820/820 818/818/818 819/819/819 
f 820/820/820 821/821/821 818/818/818 
f 820/820/820 822/822/822 821/821/821 
f 820/820/820 823/823/823 822/822/822 
f 822/822/822 823/823/823 824/824/824 
f 822/822/822 824/824/824 825/825/825 
f 824/824/824 826/826/826 825/825/825 
f 824/824/824 827/827/827 826/826/826 
f 826/826/826 827/827/827 828/828/828 
f 826/826/826 828/828/828 829/829/829 
f 828/828/828 830/830/830 829/829/829 
f 828/828/828 831/831/831 830/830/830 
f 832/832/832 830/830/830 831/831/831 
f 832/832/832 833/833/833 830/830/830 
f 832/832/832 834/834/834 833/833/833 
f 832/832/832 835/835/835 834/834/834 
f 834/834/834 835/835/835 836/836/836 
f 834/834/834 836/836/836 837/837/837 
f 836/836/836 838/838/838 837/837/837 
f 836/836/836 839/839/839 838/838/838 
f 838/838/838 839/839/839 840/840/840 
f 838/838/838 840/840/840 841/841/841 
f 840/840/840 842/842/842 841/841/841 
f 840/840/840 843/843/843 842/842/842 
f 842/842/842 843/843/843 844/844/844 
f 842/842/842 844/844/844 845/845/845 
f 844/844/844 846/846/846 845/845/845 
f 844/844/844 847/847/847 846/846/846 
f 848/848/848 850/850/850 849/849/849 
f 849/849/849 850/850/850 851/851/851 
f 849/849/849 851/851/851 852/852/852 
f 849/849/849 852/852/852 853/853/853 
f 848/848/848 849/849/849 854/854/854 
f 849/849/849 853/853/853 855/855/855 
f 854/854/854 849/849/849 855/855/855 
f 854/854/854 855/855/855 856/856/856 
f 848/848/848 854/854/854 857/857/857 
f 848/848/848 857/857/857 858/858/858 
f 857/857/857 859/859/859 858/858/858 
f 857/857/857 860/860/860 859/859/859 
f 857/857/857 861/861/861 860/860/860 
f 854/854/854 862/862/862 857/857/857 
f 857/857/857 862/862/862 861/861/861 
f 854/854/854 856/856/856 862/862/862 
f 853/853/853 863/863/863 855/855/855 
f 853/853/853 864/864/864 863/863/863 
f 863/863/863 864/864/864 865/865/865 
f 863/863/863 865/865/865 866/866/866 
f 863/863/863 866/866/866 867/867/867 
f 863/863/863 867/867/867 868/868/868 
f 855/855/855 863/863/863 868/868/868 
f 855/855/855 868/868/868 856/856/856 
f 861/861/861 862/862/862 869/869/869 
f 861/861/861 869/869/869 870/870/870 
f 869/869/869 871/871/871 870/870/870 
f 869/869/869 872/872/872 871/871/871 
f 869/869/869 873/873/873 872/872/872 
f 869/869/869 874/874/874 873/873/873 
f 862/862/862 874/874/874 869/869/869 
f 862/862/862 856/856/856 874/874/874 
f 868/868/868 875/875/875 856/856/856 
f 868/868/868 876/876/876 875/875/875 
f 877/877/877 876/876/876 868/868/868 
f 877/877/877 878/878/878 876/876/876 
f 876/876/876 878/878/878 879/879/879 
f 876/876/876 879/879/879 880/880/880 
f 876/876/876 880/880/880 881/881/881 
f 876/876/876 881/881/881 875/875/875 
f 881/881/881 882/882/882 875/875/875 
f 881/881/881 883/883/883 882/882/882 
f 882/882/882 883/883/883 884/884/884 
f 882/882/882 884/884/884 885/885/885 
f 882/882/882 885/885/885 886/886/886 
f 875/875/875 882/882/882 887/887/887 
f 875/875/875 887/887/887 856/856/856 
f 882/882/882 886/886/886 887/887/887 
f 874/874/874 856/856/856 888/888/888 
f 888/888/888 856/856/856 887/887/887 
f 889/889/889 887/887/887 886/886/886 
f 888/888/888 887/887/887 889/889/889 
f 889/889/889 886/886/886 890/890/890 
f 889/889/889 890/890/890 891/891/891 
f 889/889/889 891/891/891 892/892/892 
f 893/893/893 889/889/889 892/892/892 
f 893/893/893 888/888/888 889/889/889 
f 874/874/874 888/888/888 894/894/894 
f 894/894/894 888/888/888 893/893/893 
f 895/895/895 874/874/874 894/894/894 
f 894/894/894 893/893/893 896/896/896 
f 895/895/895 894/894/894 897/897/897 
f 894/894/894 896/896/896 898/898/898 
f 894/894/894 898/898/898 897/897/897 
f 899/899/899 901/901/901 900/900/900 
f 901/901/901 902/902/902 900/900/900 
f 899/899/899 903/903/903 901/901/901 
f 904/904/904 903/903/903 899/899/899 
f 901/901/901 905/905/905 902/902/902 
f 905/905/905 906/906/906 902/902/902 
f 904/904/904 907/907/907 903/903/903 
f 908/908/908 907/907/907 904/904/904 
f 903/903/903 909/909/909 901/901/901 
f 909/909/909 905/905/905 901/901/901 
f 905/905/905 910/910/910 906/906/906 
f 910/910/910 911/911/911 906/906/906 
f 908/908/908 912/912/912 907/907/907 
f 913/913/913 912/912/912 908/908/908 
f 907/907/907 914/914/914 903/903/903 
f 903/903/903 914/914/914 909/909/909 
f 909/909/909 915/915/915 905/905/905 
f 915/915/915 910/910/910 905/905/905 
f 910/910/910 916/916/916 911/911/911 
f 916/916/916 917/917/917 911/911/911 
f 912/912/912 918/918/918 907/907/907 
f 907/907/907 918/918/918 914/914/914 
f 914/914/914 919/919/919 909/909/909 
f 919/919/919 915/915/915 909/909/909 
f 915/915/915 920/920/920 910/910/910 
f 920/920/920 916/916/916 910/910/910 
f 918/918/918 921/921/921 914/914/914 
f 914/914/914 921/921/921 919/919/919 
f 919/919/919 922/922/922 915/915/915 
f 922/922/922 920/920/920 915/915/915 
f 921/921/921 923/923/923 919/919/919 
f 923/923/923 922/922/922 919/919/919 
f 916/916/916 924/924/924 917/917/917 
f 920/920/920 925/925/925 916/916/916 
f 925/925/925 924/924/924 916/916/916 
f 922/922/922 926/926/926 920/920/920 
f 926/926/926 925/925/925 920/920/920 
f 923/923/923 927/927/927 922/922/922 
f 927/927/927 926/926/926 922/922/922 
f 917/917/917 924/924/924 928/928/928 
f 917/917/917 928/928/928 929/929/929 
f 929/929/929 928/928/928 930/930/930 
f 929/929/929 930/930/930 931/931/931 
f 931/931/931 930/930/930 932/932/932 
f 931/931/931 932/932/932 933/933/933 
f 933/933/933 932/932/932 934/934/934 
f 933/933/933 934/934/934 935/935/935 
f 934/934/934 936/936/936 935/935/935 
f 934/934/934 937/937/937 936/936/936 
f 937/937/937 938/938/938 936/936/936 
f 932/932/932 939/939/939 934/934/934 
f 939/939/939 937/937/937 934/934/934 
f 930/930/930 940/940/940 932/932/932 
f 932/932/932 940/940/940 939/939/939 
f 928/928/928 941/941/941 930/930/930 
f 930/930/930 941/941/941 940/940/940 
f 924/924/924 942/942/942 928/928/928 
f 928/928/928 942/942/942 941/941/941 
f 937/937/937 943/943/943 938/938/938 
f 943/943/943 944/944/944 938/938/938 
f 939/939/939 945/945/945 937/937/937 
f 945/945/945 943/943/943 937/937/937 
f 946/946/946 939/939/939 940/940/940 
f 946/946/946 945/945/945 939/939/939 
f 947/947/947 940/940/940 941/941/941 
f 946/946/946 940/940/940 947/947/947 
f 943/943/943 948/948/948 944/944/944 
f 948/948/948 949/949/949 944/944/944 
f 945/945/945 950/950/950 943/943/943 
f 950/950/950 948/948/948 943/943/943 
f 946/946/946 951/951/951 945/945/945 
f 951/951/951 950/950/950 945/945/945 
f 952/952/952 941/941/941 942/942/942 
f 947/947/947 941/941/941 952/952/952 
f 953/953/953 946/946/946 947/947/947 
f 953/953/953 951/951/951 946/946/946 
f 954/954/954 947/947/947 952/952/952 
f 953/953/953 947/947/947 954/954/954 
f 948/948/948 955/955/955 949/949/949 
f 950/950/950 956/956/956 948/948/948 
f 956/956/956 955/955/955 948/948/948 
f 951/951/951 957/957/957 950/950/950 
f 957/957/957 956/956/956 950/950/950 
f 953/953/953 958/958/958 951/951/951 
f 958/958/958 957/957/957 951/951/951 
f 959/959/959 953/953/953 954/954/954 
f 959/959/959 958/958/958 953/953/953 
f 949/949/949 955/955/955 960/960/960 
f 949/949/949 960/960/960 961/961/961 
f 961/961/961 960/960/960 962/962/962 
f 961/961/961 962/962/962 963/963/963 
f 963/963/963 962/962/962 964/964/964 
f 963/963/963 964/964/964 965/965/965 
f 965/965/965 964/964/964 966/966/966 
f 965/965/965 966/966/966 967/967/967 
f 966/966/966 968/968/968 967/967/967 
f 966/966/966 969/969/969 968/968/968 
f 969/969/969 970/970/970 968/968/968 
f 964/964/964 971/971/971 966/966/966 
f 971/971/971 969/969/969 966/966/966 
f 962/962/962 972/972/972 964/964/964 
f 964/964/964 972/972/972 971/971/971 
f 960/960/960 973/973/973 962/962/962 
f 962/962/962 973/973/973 972/972/972 
f 955/955/955 974/974/974 960/960/960 
f 960/960/960 974/974/974 973/973/973 
f 969/969/969 975/975/975 970/970/970 
f 975/975/975 976/976/976 970/970/970 
f 971/971/971 977/977/977 969/969/969 
f 977/977/977 975/975/975 969/969/969 
f 978/978/978 971/971/971 972/972/972 
f 977/977/977 971/971/971 978/978/978 
f 979/979/979 972/972/972 973/973/973 
f 978/978/978 972/972/972 979/979/979 
f 975/975/975 980/980/980 976/976/976 
f 980/980/980 981/981/981 976/976/976 
f 977/977/977 982/982/982 975/975/975 
f 982/982/982 980/980/980 975/975/975 
f 977/977/977 978/978/978 983/983/983 
f 982/982/982 977/977/977 983/983/983 
f 984/984/984 973/973/973 974/974/974 
f 979/979/979 973/973/973 984/984/984 
f 985/985/985 978/978/978 979/979/979 
f 983/983/983 978/978/978 985/985/985 
f 986/986/986 979/979/979 984/984/984 
f 985/985/985 979/979/979 986/986/986 
f 980/980/980 987/987/987 981/981/981 
f 982/982/982 988/988/988 980/980/980 
f 988/988/988 987/987/987 980/980/980 
f 982/982/982 983/983/983 989/989/989 
f 988/988/988 982/982/982 989/989/989 
f 983/983/983 985/985/985 990/990/990 
f 989/989/989 983/983/983 990/990/990 
f 991/991/991 985/985/985 986/986/986 
f 990/990/990 985/985/985 991/991/991 
f 981/981/981 987/987/987 992/992/992 
f 981/981/981 992/992/992 993/993/993 
f 993/993/993 992/992/992 994/994/994 
f 993/993/993 994/994/994 995/995/995 
f 995/995/995 994/994/994 996/996/996 
f 995/995/995 996/996/996 997/997/997 
f 997/997/997 996/996/996 998/998/998 
f 997/997/997 998/998/998 999/999/999 
f 998/998/998 1000/1000/1000 999/999/999 
f 998/998/998 1001/1001/1001 1000/1000/1000 
f 1001/1001/1001 1002/1002/1002 1000/1000/1000 
f 996/996/996 1003/1003/1003 998/998/998 
f 1003/1003/1003 1001/1001/1001 998/998/998 
f 994/994/994 1004/1004/1004 996/996/996 
f 996/996/996 1004/1004/1004 1003/1003/1003 
f 992/992/992 1005/1005/1005 994/994/994 
f 994/994/994 1005/1005/1005 1004/1004/1004 
f 987/987/987 1006/1006/1006 992/992/992 
f 992/992/992 1006/1006/1006 1005/1005/1005 
f 1001/1001/1001 1007/1007/1007 1002/1002/1002 
f 1007/1007/1007 1008/1008/1008 1002/1002/1002 
f 1003/1003/1003 1009/1009/1009 1001/1001/1001 
f 1009/1009/1009 1007/1007/1007 1001/1001/1001 
f 1004/1004/1004 1010/1010/1010 1003/1003/1003 
f 1009/1009/1009 1003/1003/1003 1010/1010/1010 
f 1005/1005/1005 1011/1011/1011 1004/1004/1004 
f 1004/1004/1004 1011/1011/1011 1010/1010/1010 
f 1007/1007/1007 1012/1012/1012 1008/1008/1008 
f 1012/1012/1012 913/913/913 1008/1008/1008 
f 1009/1009/1009 1013/1013/1013 1007/1007/1007 
f 1013/1013/1013 1012/1012/1012 1007/1007/1007 
f 1009/1009/1009 1010/1010/1010 1014/1014/1014 
f 1013/1013/1013 1009/1009/1009 1014/1014/1014 
f 1012/1012/1012 1015/1015/1015 913/913/913 
f 913/913/913 1015/1015/1015 912/912/912 
f 1013/1013/1013 1016/1016/1016 1012/1012/1012 
f 1016/1016/1016 1015/1015/1015 1012/1012/1012 
f 1015/1015/1015 1017/1017/1017 912/912/912 
f 912/912/912 1017/1017/1017 918/918/918 
f 1005/1005/1005 1018/1018/1018 1011/1011/1011 
f 1006/1006/1006 1018/1018/1018 1005/1005/1005 
f 1011/1011/1011 1019/1019/1019 1010/1010/1010 
f 1014/1014/1014 1010/1010/1010 1019/1019/1019 
f 1013/1013/1013 1014/1014/1014 1020/1020/1020 
f 1016/1016/1016 1013/1013/1013 1020/1020/1020 
f 1016/1016/1016 1021/1021/1021 1015/1015/1015 
f 1015/1015/1015 1021/1021/1021 1017/1017/1017 
f 1021/1021/1021 1016/1016/1016 1022/1022/1022 
f 1021/1021/1021 1022/1022/1022 1017/1017/1017 
f 1016/1016/1016 1020/1020/1020 1022/1022/1022 
f 1017/1017/1017 1023/1023/1023 918/918/918 
f 1017/1017/1017 1022/1022/1022 1023/1023/1023 
f 918/918/918 1023/1023/1023 921/921/921 
f 1020/1020/1020 1014/1014/1014 1024/1024/1024 
f 1014/1014/1014 1019/1019/1019 1024/1024/1024 
f 1022/1022/1022 1020/1020/1020 1025/1025/1025 
f 1022/1022/1022 1025/1025/1025 1023/1023/1023 
f 1020/1020/1020 1024/1024/1024 1025/1025/1025 
f 1023/1023/1023 1026/1026/1026 921/921/921 
f 1023/1023/1023 1025/1025/1025 1026/1026/1026 
f 921/921/921 1026/1026/1026 923/923/923 
f 1025/1025/1025 1024/1024/1024 1027/1027/1027 
f 1025/1025/1025 1027/1027/1027 1026/1026/1026 
f 1026/1026/1026 1028/1028/1028 923/923/923 
f 1026/1026/1026 1027/1027/1027 1028/1028/1028 
f 1027/1027/1027 1029/1029/1029 1028/1028/1028 
f 1028/1028/1028 927/927/927 923/923/923 
f 1024/1024/1024 1030/1030/1030 1027/1027/1027 
f 1024/1024/1024 1019/1019/1019 1030/1030/1030 
f 1027/1027/1027 1030/1030/1030 1029/1029/1029 
f 1028/1028/1028 1031/1031/1031 927/927/927 
f 1029/1029/1029 1031/1031/1031 1028/1028/1028 
f 1032/1032/1032 1030/1030/1030 1019/1019/1019 
f 1011/1011/1011 1032/1032/1032 1019/1019/1019 
f 1018/1018/1018 1032/1032/1032 1011/1011/1011 
f 1032/1032/1032 1033/1033/1033 1030/1030/1030 
f 1033/1033/1033 1029/1029/1029 1030/1030/1030 
f 1018/1018/1018 1034/1034/1034 1032/1032/1032 
f 1034/1034/1034 1033/1033/1033 1032/1032/1032 
f 1031/1031/1031 1035/1035/1035 927/927/927 
f 927/927/927 1035/1035/1035 926/926/926 
f 1036/1036/1036 1034/1034/1034 1018/1018/1018 
f 1006/1006/1006 1036/1036/1036 1018/1018/1018 
f 1035/1035/1035 1037/1037/1037 926/926/926 
f 926/926/926 1037/1037/1037 925/925/925 
f 1038/1038/1038 1036/1036/1036 1006/1006/1006 
f 987/987/987 1038/1038/1038 1006/1006/1006 
f 988/988/988 1038/1038/1038 987/987/987 
f 1038/1038/1038 988/988/988 1036/1036/1036 
f 988/988/988 989/989/989 1036/1036/1036 
f 1036/1036/1036 989/989/989 1034/1034/1034 
f 989/989/989 990/990/990 1034/1034/1034 
f 1034/1034/1034 990/990/990 1033/1033/1033 
f 990/990/990 991/991/991 1033/1033/1033 
f 1033/1033/1033 991/991/991 1029/1029/1029 
f 1029/1029/1029 991/991/991 1039/1039/1039 
f 991/991/991 986/986/986 1039/1039/1039 
f 1037/1037/1037 1040/1040/1040 925/925/925 
f 925/925/925 1040/1040/1040 924/924/924 
f 924/924/924 1040/1040/1040 942/942/942 
f 1037/1037/1037 942/942/942 1040/1040/1040 
f 952/952/952 942/942/942 1037/1037/1037 
f 1035/1035/1035 952/952/952 1037/1037/1037 
f 954/954/954 952/952/952 1035/1035/1035 
f 1031/1031/1031 954/954/954 1035/1035/1035 
f 959/959/959 954/954/954 1031/1031/1031 
f 1029/1029/1029 959/959/959 1031/1031/1031 
f 1029/1029/1029 1039/1039/1039 959/959/959 
f 959/959/959 1039/1039/1039 958/958/958 
f 1039/1039/1039 986/986/986 1041/1041/1041 
f 1039/1039/1039 1041/1041/1041 958/958/958 
f 986/986/986 984/984/984 1041/1041/1041 
f 958/958/958 1041/1041/1041 957/957/957 
f 1041/1041/1041 984/984/984 1042/1042/1042 
f 1041/1041/1041 1042/1042/1042 957/957/957 
f 984/984/984 974/974/974 1042/1042/1042 
f 957/957/957 1042/1042/1042 956/956/956 
f 1042/1042/1042 974/974/974 1043/1043/1043 
f 1042/1042/1042 1043/1043/1043 956/956/956 
f 955/955/955 1043/1043/1043 974/974/974 
f 956/956/956 1043/1043/1043 955/955/955 
