# exported by StudySceneExporter from mesh 'Toaster'
mtllib materials.mtl
v -0.004390491 0.1062645 0.09403288
v -0.004401206 0.1064837 0.09425212
v -0.004620445 0.1062645 0.09425417
v -0.004620445 0.1062645 0.09785027
v -0.004401206 0.1064837 0.09785231
v -0.004390491 0.1062645 0.09807155
v 0.02079165 -0.0536196 0.01399248
v 0.01657071 -0.05536798 0.01399248
v 0.01276142 -0.05536798 0.01399248
v 0.008540483 -0.0536196 0.01399248
v 0.02254002 -0.04939866 0.01399248
v 0.006792111 -0.04939866 0.01399248
v 0.02254004 0.04077042 0.01399248
v 0.006792129 0.04077042 0.01399248
v 0.02079167 0.04499136 0.01399248
v 0.008540502 0.04499136 0.01399248
v 0.01657073 0.04673972 0.01399248
v 0.01276144 0.04673972 0.01399248
v -0.007160225 -0.0536196 0.01399248
v -0.01138117 -0.05536797 0.01399248
v -0.01653988 -0.05536797 0.01399248
v -0.02076082 -0.0536196 0.01399248
v -0.005411854 -0.04939866 0.01399248
v -0.02250919 -0.04939865 0.01399248
v -0.005411836 0.04077042 0.01399248
v -0.02250917 0.04077042 0.01399248
v -0.007160206 0.04499136 0.01399248
v -0.0207608 0.04499136 0.01399248
v -0.01138115 0.04673973 0.01399248
v -0.01653985 0.04673973 0.01399248
v -0.02808702 0.05631616 0.1141252
v -0.02478237 0.05720164 0.1141252
v -0.02250917 0.05720164 0.1141252
v -0.03041366 0.05398954 0.1141252
v -0.02250917 0.05270904 0.1141252
v -0.03129914 0.05068487 0.1141252
v -0.005411833 0.05720164 0.1141252
v -0.03129914 0.04673974 0.1141252
v -0.005411834 0.05270904 0.1141252
v 0.006792131 0.05720164 0.1141252
v 0.006792131 0.05270904 0.1141252
v 0.02254004 0.05720163 0.1141252
v -0.02847849 0.04673973 0.1141252
v -0.01732665 0.04752653 0.1141252
v -0.0215456 0.04577615 0.1141252
v -0.02329597 0.04155722 0.1141252
v -0.02329598 -0.05018545 0.1141252
v -0.01059436 0.04752653 0.1141252
v -0.03129916 -0.05536797 0.1141252
v 0.0005574782 0.04673973 0.1141252
v -0.006375405 0.04577615 0.1141252
v -0.004625044 0.04155721 0.1141252
v -0.02847851 -0.05536797 0.1141252
v -0.02154562 -0.0544044 0.1141252
v -0.03129916 -0.06022923 0.1141252
v -0.02250919 -0.06133729 0.1141252
v -0.03041368 -0.06353391 0.1141252
v -0.01732667 -0.05615476 0.1141252
v -0.02808705 -0.06586054 0.1141252
v -0.0247824 -0.06674602 0.1141252
v -0.02250919 -0.06674602 0.1141252
v -0.01059438 -0.05615476 0.1141252
v -0.005411856 -0.06133729 0.1141252
v -0.005411857 -0.06674603 0.1141252
v 0.0005574584 -0.05536797 0.1141252
v -0.006375425 -0.0544044 0.1141252
v -0.004625062 -0.05018546 0.1141252
v 0.006792108 -0.06133729 0.1141252
v 0.006792108 -0.06674603 0.1141252
v 0.02254002 -0.06133729 0.1141252
v 0.02254002 -0.06674603 0.1141252
v 0.000822796 -0.05536797 0.1141252
v 0.006005318 -0.05018546 0.1141252
v 0.007755682 -0.0544044 0.1141252
v 0.01197463 -0.05615477 0.1141252
v 0.006005336 0.04155721 0.1141252
v 0.0173575 -0.05615477 0.1141252
v 0.0008228159 0.04673973 0.1141252
v 0.007755701 0.04577615 0.1141252
v 0.01197465 0.04752652 0.1141252
v 0.02254004 0.05270904 0.1141252
v 0.01735752 0.04752652 0.1141252
v 0.02850933 -0.05536798 0.1141252
v 0.02157645 -0.0544044 0.1141252
v 0.02332681 -0.05018546 0.1141252
v 0.02850935 0.04673972 0.1141252
v 0.02157647 0.04577615 0.1141252
v 0.02332683 0.04155721 0.1141252
v 0.03072426 0.04673972 0.1141252
v 0.03072426 0.05068485 0.1141252
v 0.03072425 -0.05536798 0.1141252
v 0.02983879 0.05398952 0.1141252
v 0.02751215 0.05631616 0.1141252
v 0.0242075 0.05720163 0.1141252
v 0.03072425 -0.06022925 0.1141252
v 0.02983876 -0.06353392 0.1141252
v 0.02751213 -0.06586055 0.1141252
v 0.02420748 -0.06674603 0.1141252
v 0.02079167 0.04499136 0.01399248
v 0.01657073 0.04673972 0.01399248
v 0.01657073 0.04673972 0.1131649
v 0.02079167 0.04499136 0.1131649
v 0.02254004 0.04077042 0.01399248
v 0.02102153 0.04522121 0.113844
v 0.01680117 0.04697017 0.113844
v 0.02157647 0.04577615 0.1141252
v 0.01735752 0.04752652 0.1141252
v 0.02332683 0.04155721 0.1141252
v 0.02277048 0.04100086 0.113844
v 0.02332681 -0.05018546 0.1141252
v 0.02254004 0.04077042 0.1131649
v 0.02277047 -0.04962911 0.113844
v 0.02157645 -0.0544044 0.1141252
v 0.02254002 -0.04939866 0.1131649
v 0.02254002 -0.04939866 0.01399248
v 0.02079165 -0.0536196 0.01399248
v 0.02102151 -0.05384947 0.113844
v 0.0173575 -0.05615477 0.1141252
v 0.01680115 -0.05559842 0.113844
v 0.02079165 -0.0536196 0.1131649
v 0.01657071 -0.05536798 0.01399248
v 0.01657071 -0.05536798 0.1131649
v -0.007160206 0.04499136 0.01399248
v -0.01138115 0.04673973 0.01399248
v -0.01138115 0.04673973 0.1131649
v -0.007160206 0.04499136 0.1131649
v -0.005411836 0.04077042 0.01399248
v -0.006930345 0.04522122 0.113844
v -0.0111507 0.04697018 0.113844
v -0.006375405 0.04577615 0.1141252
v -0.01059436 0.04752653 0.1141252
v -0.004625044 0.04155721 0.1141252
v -0.00518139 0.04100086 0.113844
v -0.004625062 -0.05018546 0.1141252
v -0.005411836 0.04077042 0.1131649
v -0.005181408 -0.04962911 0.113844
v -0.006375425 -0.0544044 0.1141252
v -0.005411854 -0.04939866 0.1131649
v -0.005411854 -0.04939866 0.01399248
v -0.007160225 -0.0536196 0.01399248
v -0.006930361 -0.05384947 0.113844
v -0.01059438 -0.05615476 0.1141252
v -0.007160225 -0.0536196 0.1131649
v -0.01138117 -0.05536797 0.01399248
v -0.01115072 -0.05559842 0.113844
v -0.01732667 -0.05615476 0.1141252
v -0.01677032 -0.05559842 0.113844
v -0.01138117 -0.05536797 0.1131649
v -0.01653988 -0.05536797 0.1131649
v -0.01653988 -0.05536797 0.01399248
v -0.01653988 -0.05536797 0.1131649
v -0.02076082 -0.0536196 0.01399248
v -0.01653988 -0.05536797 0.01399248
v -0.02076082 -0.0536196 0.1131649
v -0.02250919 -0.04939865 0.01399248
v -0.02099068 -0.05384946 0.113844
v -0.01677032 -0.05559842 0.113844
v -0.02154562 -0.0544044 0.1141252
v -0.01732667 -0.05615476 0.1141252
v -0.02329598 -0.05018545 0.1141252
v -0.02273963 -0.0496291 0.113844
v -0.02329597 0.04155722 0.1141252
v -0.02250919 -0.04939865 0.1131649
v -0.02273962 0.04100087 0.113844
v -0.0215456 0.04577615 0.1141252
v -0.02250917 0.04077042 0.1131649
v -0.02250917 0.04077042 0.01399248
v -0.0207608 0.04499136 0.01399248
v -0.02099066 0.04522122 0.113844
v -0.01732665 0.04752653 0.1141252
v -0.0207608 0.04499136 0.1131649
v -0.01653985 0.04673973 0.01399248
v -0.0167703 0.04697018 0.113844
v -0.01059436 0.04752653 0.1141252
v -0.0111507 0.04697018 0.113844
v -0.01653985 0.04673973 0.1131649
v -0.01138115 0.04673973 0.1131649
v -0.01138115 0.04673973 0.01399248
v 0.01657073 0.04673972 0.1131649
v 0.01657073 0.04673972 0.01399248
v 0.01276144 0.04673972 0.01399248
v 0.01276144 0.04673972 0.1131649
v 0.01680117 0.04697017 0.113844
v 0.008540502 0.04499136 0.1131649
v 0.008540502 0.04499136 0.01399248
v 0.012531 0.04697017 0.113844
v 0.01735752 0.04752652 0.1141252
v 0.01197465 0.04752652 0.1141252
v 0.008310639 0.04522122 0.113844
v 0.007755701 0.04577615 0.1141252
v 0.006792129 0.04077042 0.1131649
v 0.006792129 0.04077042 0.01399248
v 0.006792111 -0.04939866 0.01399248
v 0.006561683 0.04100086 0.113844
v 0.006005336 0.04155721 0.1141252
v 0.006792111 -0.04939866 0.1131649
v 0.006561665 -0.04962911 0.113844
v 0.006005318 -0.05018546 0.1141252
v 0.008540483 -0.0536196 0.1131649
v 0.008540483 -0.0536196 0.01399248
v 0.008310617 -0.05384947 0.113844
v 0.007755682 -0.0544044 0.1141252
v 0.01276142 -0.05536798 0.1131649
v 0.01276142 -0.05536798 0.01399248
v 0.01657071 -0.05536798 0.01399248
v 0.01657071 -0.05536798 0.1131649
v 0.01253098 -0.05559842 0.113844
v 0.01197463 -0.05615477 0.1141252
v 0.01680115 -0.05559842 0.113844
v 0.0173575 -0.05615477 0.1141252
v -0.05953909 0.08228549 0.008930511
v -0.05722168 0.08305959 0.01092815
v -0.05722168 0.08305959 0.1090216
v -0.05953909 0.08228549 0.1110192
v 0.05807598 -0.09260397 0.1102545
v 0.05893955 -0.09302716 0.1110192
v 0.05784379 -0.09302716 0.1151136
v 0.05699594 -0.09260397 0.1142914
v 0.05485125 -0.09302716 0.1181061
v 0.0540285 -0.09260397 0.1172588
v 0.04999163 -0.09260397 0.1183389
v 0.05075689 -0.09302716 0.1192019
v 0.0327924 -0.09302716 0.1192019
v 0.03229628 -0.09260397 0.1183389
v -0.03372476 -0.09302714 0.1192019
v -0.03322435 -0.09260395 0.1183389
v -0.05133183 -0.09302714 0.1192019
v -0.05056765 -0.09260395 0.1183389
v -0.0554262 -0.09302714 0.1181061
v -0.05460452 -0.09260395 0.1172588
v -0.05841872 -0.09302713 0.1151136
v -0.05757195 -0.09260394 0.1142914
v -0.05865198 -0.09260394 0.1102545
v -0.05951449 -0.09302713 0.1110192
v 0.05807598 -0.09260397 0.009695238
v 0.05784379 -0.09302716 0.00483615
v 0.05893955 -0.09302716 0.008930511
v 0.05699594 -0.09260397 0.005658365
v 0.0540285 -0.09260397 0.002690934
v 0.05485125 -0.09302716 0.001843624
v 0.04999163 -0.09260397 0.001610897
v 0.05075689 -0.09302716 0.0007478669
v 0.03229628 -0.09260397 0.001610897
v 0.0327924 -0.09302716 0.0007478669
v -0.03322435 -0.09260395 0.001610897
v -0.03372476 -0.09302714 0.0007478669
v -0.05056765 -0.09260395 0.001610897
v -0.05133183 -0.09302714 0.0007478669
v -0.0554262 -0.09302714 0.001843624
v -0.05460452 -0.09260395 0.002690934
v -0.05757195 -0.09260394 0.005658365
v -0.05841872 -0.09302713 0.00483615
v -0.05865198 -0.09260394 0.009695238
v -0.05951449 -0.09302713 0.008930511
v 0.05664401 0.08305956 0.1090216
v 0.05778208 0.08361719 0.1151036
v 0.05887602 0.08361719 0.1110192
v 0.05559046 0.08305956 0.1129595
v 0.05269579 0.08305956 0.1158542
v 0.05484124 0.0836172 0.1180444
v 0.0487579 0.08305956 0.1169077
v 0.05075692 0.0836172 0.1191383
v 0.03149645 0.08305956 0.1169077
v 0.03279243 0.0836172 0.1191383
v -0.03241755 0.08305959 0.1169077
v -0.03372472 0.08361722 0.1191383
v -0.04933557 0.08305959 0.1169077
v -0.0513318 0.08361722 0.1191383
v -0.05541611 0.08361722 0.1180444
v -0.05327346 0.08305959 0.1158542
v -0.05616812 0.08305959 0.1129595
v -0.05835696 0.08361723 0.1151036
v -0.05722168 0.08305959 0.1090216
v -0.05945089 0.08361723 0.1110192
v 0.05664401 0.08305956 0.01092815
v 0.05887602 0.08361719 0.008930511
v 0.05778208 0.08361719 0.004846208
v 0.05559046 0.08305956 0.006990261
v 0.05484124 0.0836172 0.001905359
v 0.05269579 0.08305956 0.004095592
v 0.0487579 0.08305956 0.003042035
v 0.05075692 0.0836172 0.0008114204
v 0.03279243 0.0836172 0.0008114204
v 0.03149645 0.08305956 0.003042035
v -0.03372472 0.08361722 0.0008114204
v -0.03241755 0.08305959 0.003042035
v -0.0513318 0.08361722 0.0008114204
v -0.04933557 0.08305959 0.003042035
v -0.05541611 0.08361722 0.001905359
v -0.05327346 0.08305959 0.004095592
v -0.05835696 0.08361723 0.004846208
v -0.05616812 0.08305959 0.006990261
v -0.05722168 0.08305959 0.01092815
v -0.05945089 0.08361723 0.008930511
v 0.05786775 0.08228546 0.004832245
v 0.05896422 0.08228546 0.008930511
v 0.05664401 0.08305956 0.01092815
v 0.05559046 0.08305956 0.006990261
v 0.05485519 0.08228547 0.001819678
v 0.05269579 0.08305956 0.004095592
v 0.05075692 0.08228547 0.0007232204
v 0.0487579 0.08305956 0.003042035
v 0.03279243 0.08228547 0.0007232204
v 0.03149645 0.08305956 0.003042035
v -0.03372472 0.08228549 0.0007232204
v -0.03241755 0.08305959 0.003042035
v -0.0513318 0.08228549 0.0007232204
v -0.04933557 0.08305959 0.003042035
v -0.05543006 0.08228549 0.001819678
v -0.05327346 0.08305959 0.004095592
v -0.05844263 0.08228549 0.004832245
v -0.05616812 0.08305959 0.006990261
v -0.05953909 0.08228549 0.008930511
v -0.05722168 0.08305959 0.01092815
v 0.05893955 -0.09302716 0.1110192
v 0.05807598 -0.09260397 0.1102545
v 0.05807598 -0.09260397 0.009695238
v 0.05893955 -0.09302716 0.008930511
v -0.05722168 0.08305959 0.01092815
v -0.05945089 0.08361723 0.008930511
v -0.05945089 0.08361723 0.1110192
v -0.05722168 0.08305959 0.1090216
v -0.05865198 -0.09260394 0.1102545
v -0.05951449 -0.09302713 0.1110192
v -0.05951449 -0.09302713 0.008930511
v -0.05865198 -0.09260394 0.009695238
v 0.05664401 0.08305956 0.1090216
v 0.05887602 0.08361719 0.1110192
v 0.05887602 0.08361719 0.008930511
v 0.05664401 0.08305956 0.01092815
v -0.05844263 0.08228549 0.1151175
v -0.05953909 0.08228549 0.1110192
v -0.05722168 0.08305959 0.1090216
v -0.05616812 0.08305959 0.1129595
v -0.05543006 0.08228549 0.1181301
v -0.05327346 0.08305959 0.1158542
v -0.0513318 0.08228549 0.1192265
v -0.04933557 0.08305959 0.1169077
v -0.03241755 0.08305959 0.1169077
v -0.03372472 0.08228549 0.1192265
v 0.03149645 0.08305956 0.1169077
v 0.03279243 0.08228547 0.1192265
v 0.05075692 0.08228547 0.1192265
v 0.0487579 0.08305956 0.1169077
v 0.05485519 0.08228547 0.1181301
v 0.05269579 0.08305956 0.1158542
v 0.05786775 0.08228546 0.1151175
v 0.05559046 0.08305956 0.1129595
v 0.05896422 0.08228546 0.1110192
v 0.05664401 0.08305956 0.1090216
v -0.05844266 -0.09219313 0.004832245
v -0.05953912 -0.09219313 0.008930511
v -0.05865198 -0.09260394 0.009695238
v -0.05757195 -0.09260394 0.005658365
v -0.0554301 -0.09219313 0.001819678
v -0.05460452 -0.09260395 0.002690934
v -0.05133183 -0.09219313 0.0007232204
v -0.05056765 -0.09260395 0.001610897
v -0.03372476 -0.09219313 0.0007232204
v -0.03322435 -0.09260395 0.001610897
v 0.0327924 -0.09219314 0.0007232204
v 0.03229628 -0.09260397 0.001610897
v 0.05075689 -0.09219314 0.0007232204
v 0.04999163 -0.09260397 0.001610897
v 0.05485515 -0.09219314 0.001819678
v 0.0540285 -0.09260397 0.002690934
v 0.05786772 -0.09219316 0.004832245
v 0.05699594 -0.09260397 0.005658365
v 0.05896419 -0.09219316 0.008930511
v 0.05807598 -0.09260397 0.009695238
v 0.05786772 -0.09219316 0.1151175
v 0.05896419 -0.09219316 0.1110192
v 0.05807598 -0.09260397 0.1102545
v 0.05699594 -0.09260397 0.1142914
v 0.05485515 -0.09219314 0.1181301
v 0.0540285 -0.09260397 0.1172588
v 0.05075689 -0.09219314 0.1192265
v 0.04999163 -0.09260397 0.1183389
v 0.0327924 -0.09219314 0.1192265
v 0.03229628 -0.09260397 0.1183389
v -0.03372476 -0.09219313 0.1192265
v -0.03322435 -0.09260395 0.1183389
v -0.05133183 -0.09219313 0.1192265
v -0.05056765 -0.09260395 0.1183389
v -0.0554301 -0.09219313 0.1181301
v -0.05460452 -0.09260395 0.1172588
v -0.05844266 -0.09219313 0.1151175
v -0.05757195 -0.09260394 0.1142914
v -0.05953912 -0.09219313 0.1110192
v -0.05865198 -0.09260394 0.1102545
v 0.05896419 -0.09219316 0.008930511
v 0.05807598 -0.09260397 0.009695238
v 0.05807598 -0.09260397 0.1102545
v 0.05896419 -0.09219316 0.1110192
v 0.05664401 0.08305956 0.01092815
v 0.05896422 0.08228546 0.008930511
v 0.05896422 0.08228546 0.1110192
v 0.05664401 0.08305956 0.1090216
v -0.05865198 -0.09260394 0.009695238
v -0.05953912 -0.09219313 0.008930511
v -0.05953912 -0.09219313 0.1110192
v -0.05865198 -0.09260394 0.1102545
v -0.03516518 0.058123 0.1192265
v -0.03570247 0.05613721 0.1192265
v -0.03963464 0.06006938 0.1192265
v -0.03177834 0.06150984 0.1192265
v -0.03372473 0.06597929 0.1192265
v -0.02979256 0.06204713 0.1192265
v -0.0513318 0.06006938 0.1192265
v -0.03570247 0.05613721 0.1192265
v -0.03570249 -0.06505916 0.1192265
v -0.0513318 0.08228549 0.1192265
v -0.03372472 0.08228549 0.1192265
v -0.05133183 -0.06899132 0.1192265
v -0.03963466 -0.06899132 0.1192265
v -0.03516521 -0.06704494 0.1192265
v -0.03177836 -0.07043176 0.1192265
v -0.02979258 -0.07096907 0.1192265
v -0.03372475 -0.07490123 0.1192265
v -0.05133183 -0.09219313 0.1192265
v -0.03372476 -0.09219313 0.1192265
v 0.0327924 -0.07490125 0.1192265
v 0.0327924 -0.09219314 0.1192265
v 0.02886024 -0.07096908 0.1192265
v -0.02979258 -0.07096907 0.1192265
v 0.05075689 -0.06899133 0.1192265
v 0.05075689 -0.09219314 0.1192265
v 0.03870232 -0.06899133 0.1192265
v 0.03084602 -0.07043178 0.1192265
v 0.03423286 -0.06704495 0.1192265
v 0.03477015 -0.06505917 0.1192265
v 0.05075692 0.06006936 0.1192265
v 0.03477018 0.0561372 0.1192265
v 0.03870234 0.06006936 0.1192265
v 0.03423288 0.05812298 0.1192265
v 0.05075692 0.08228547 0.1192265
v 0.03084604 0.06150983 0.1192265
v 0.03279243 0.06597928 0.1192265
v 0.02886027 0.06204711 0.1192265
v -0.02979256 0.06204713 0.1192265
v 0.03279243 0.08228547 0.1192265
v -0.03372473 0.06597929 0.1192265
v 0.05786775 0.08228546 0.1151175
v 0.05896422 0.08228546 0.1110192
v 0.05896422 0.06006936 0.1110192
v 0.05786775 0.06006936 0.1151175
v 0.05485519 0.08228547 0.1181301
v 0.05896419 -0.06899134 0.1110192
v 0.05485518 0.06006936 0.1181301
v 0.05075692 0.08228547 0.1192265
v 0.05075692 0.06006936 0.1192265
v 0.05786772 -0.06899134 0.1151175
v 0.05896419 -0.09219316 0.1110192
v 0.05786772 -0.09219316 0.1151175
v 0.05485516 -0.06899133 0.1181301
v 0.05075689 -0.06899133 0.1192265
v 0.05485515 -0.09219314 0.1181301
v 0.05075689 -0.09219314 0.1192265
v 0.05896422 0.08228546 0.008930511
v 0.05896422 0.06006936 0.1110192
v 0.05896422 0.08228546 0.1110192
v 0.05896422 0.06006936 0.008930511
v 0.05896419 -0.06899134 0.1110192
v 0.05896419 -0.06899134 0.008930511
v 0.05896419 -0.09219316 0.1110192
v 0.05896419 -0.09219316 0.008930511
v 0.05887602 0.08361719 0.1110192
v 0.05786776 0.0901114 0.008930511
v 0.05887602 0.08361719 0.008930511
v 0.05786776 0.0901114 0.1110192
v 0.05485519 0.09529512 0.008930511
v 0.05485519 0.09529512 0.1110192
v 0.05075692 0.0971818 0.008930511
v 0.05075692 0.0971818 0.1110192
v 0.03279244 0.0971818 0.008930511
v 0.03279244 0.0971818 0.1110192
v -0.03372472 0.09718181 0.008930511
v -0.03372472 0.09718181 0.1110192
v -0.05133179 0.09718181 0.008930511
v -0.05133179 0.09718181 0.1110192
v -0.05543006 0.09529514 0.008930511
v -0.05543006 0.09529514 0.1110192
v -0.05844263 0.09011143 0.008930511
v -0.05844263 0.09011143 0.1110192
v -0.05945089 0.08361723 0.008930511
v -0.05945089 0.08361723 0.1110192
v -0.0513318 0.06006938 0.1192265
v -0.05543006 0.08228549 0.1181301
v -0.0513318 0.08228549 0.1192265
v -0.05543006 0.06006938 0.1181301
v -0.05133183 -0.06899132 0.1192265
v -0.05844263 0.08228549 0.1151175
v -0.05543009 -0.06899132 0.1181301
v -0.05133183 -0.09219313 0.1192265
v -0.0554301 -0.09219313 0.1181301
v -0.05844263 0.06006938 0.1151175
v -0.05953909 0.08228549 0.1110192
v -0.0595391 0.06006938 0.1110192
v -0.05844266 -0.06899131 0.1151175
v -0.05844266 -0.09219313 0.1151175
v -0.05953912 -0.06899131 0.1110192
v -0.05953912 -0.09219313 0.1110192
v -0.05844263 0.08228549 0.004832245
v -0.05953909 0.08228549 0.008930511
v -0.0595391 0.06006938 0.008930511
v -0.05844263 0.06006938 0.004832245
v -0.05543006 0.08228549 0.001819678
v -0.05953912 -0.06899131 0.008930511
v -0.05543006 0.06006938 0.001819678
v -0.0513318 0.08228549 0.0007232204
v -0.05844266 -0.06899131 0.004832245
v -0.05953912 -0.09219313 0.008930511
v -0.05844266 -0.09219313 0.004832245
v -0.05543009 -0.06899132 0.001819678
v -0.0554301 -0.09219313 0.001819678
v -0.0513318 0.06006938 0.0007232204
v -0.03372472 0.08228549 0.0007232204
v -0.05133183 -0.06899132 0.0007232204
v -0.05133183 -0.09219313 0.0007232204
v -0.03372473 0.06006938 0.0007232204
v 0.03279243 0.08228547 0.0007232204
v -0.03372475 -0.06899132 0.0007232204
v -0.03372476 -0.09219313 0.0007232204
v 0.03279243 0.06006936 0.0007232204
v 0.05075692 0.08228547 0.0007232204
v 0.0327924 -0.06899133 0.0007232204
v 0.0327924 -0.09219314 0.0007232204
v 0.05075692 0.06006936 0.0007232204
v 0.05485519 0.08228547 0.001819678
v 0.05075689 -0.06899133 0.0007232204
v 0.05075689 -0.09219314 0.0007232204
v 0.05485518 0.06006936 0.001819678
v 0.05786775 0.08228546 0.004832245
v 0.05485516 -0.06899133 0.001819678
v 0.05485515 -0.09219314 0.001819678
v 0.05786775 0.06006936 0.004832245
v 0.05896422 0.08228546 0.008930511
v 0.05896422 0.06006936 0.008930511
v 0.05786772 -0.06899134 0.004832245
v 0.05786772 -0.09219316 0.004832245
v 0.05896419 -0.06899134 0.008930511
v 0.05896419 -0.09219316 0.008930511
v -0.0595391 0.06006938 0.008930511
v -0.05953909 0.08228549 0.008930511
v -0.05953909 0.08228549 0.1110192
v -0.0595391 0.06006938 0.1110192
v -0.05953912 -0.06899131 0.008930511
v -0.05953912 -0.06899131 0.1110192
v -0.05953912 -0.09219313 0.008930511
v -0.05953912 -0.09219313 0.1110192
v 0.05786772 -0.09965581 0.1110192
v 0.05893955 -0.09302716 0.1110192
v 0.05893955 -0.09302716 0.008930511
v 0.05786772 -0.09965581 0.008930511
v 0.05485515 -0.1048395 0.1110192
v 0.05485515 -0.1048395 0.008930511
v 0.05075689 -0.1067262 0.1110192
v 0.05075689 -0.1067262 0.008930511
v 0.0327924 -0.1067262 0.1110192
v 0.0327924 -0.1067262 0.008930511
v -0.03372476 -0.1067262 0.1110192
v -0.03372476 -0.1067262 0.008930511
v -0.05133183 -0.1067262 0.1110192
v -0.05133183 -0.1067262 0.008930511
v -0.0554301 -0.1048395 0.1110192
v -0.0554301 -0.1048395 0.008930511
v -0.05844266 -0.09965578 0.1110192
v -0.05844266 -0.09965578 0.008930511
v -0.05951449 -0.09302713 0.1110192
v -0.05951449 -0.09302713 0.008930511
v 0.008965903 0.09895108 0.03545845
v 0.008201935 0.09664183 0.035142
v 0.008965902 0.09664183 0.03545845
v 0.008201936 0.09895108 0.035142
v 0.008312419 0.09918026 0.03540873
v 0.00880892 0.09918026 0.03561544
v -0.008302775 0.09918026 0.03540873
v -0.008192293 0.09895108 0.035142
v -0.008192294 0.09664183 0.035142
v -0.008799277 0.09918026 0.03561544
v -0.00895626 0.09664183 0.03545845
v -0.00895626 0.09895108 0.03545845
v -0.009272707 0.09664183 0.03622242
v -0.00895626 0.09664183 0.03545845
v -0.00895626 0.09895108 0.03545845
v -0.009272706 0.09895108 0.03622242
v -0.009272707 0.09664183 0.1056092
v -0.009005976 0.09918026 0.03611193
v -0.008799277 0.09918026 0.03561544
v -0.009005976 0.09918026 0.1057196
v -0.009272706 0.09895108 0.1056092
v -0.00895626 0.09664183 0.1063731
v -0.008799277 0.09918026 0.1062161
v -0.00895626 0.09895108 0.1063731
v 0.009282348 0.09664183 0.1056092
v 0.008965902 0.09664183 0.1063731
v 0.008965903 0.09895108 0.1063731
v 0.009282349 0.09895108 0.1056092
v 0.009282348 0.09664183 0.03622242
v 0.00901562 0.09918026 0.1057196
v 0.00880892 0.09918026 0.1062161
v 0.00901562 0.09918026 0.03611193
v 0.009282349 0.09895108 0.03622242
v 0.008965902 0.09664183 0.03545845
v 0.00880892 0.09918026 0.03561544
v 0.008965903 0.09895108 0.03545845
v -0.00895626 0.09895108 0.1063731
v -0.008192294 0.09664183 0.1066896
v -0.00895626 0.09664183 0.1063731
v -0.008192293 0.09895108 0.1066896
v -0.008302775 0.09918026 0.1064228
v -0.008799277 0.09918026 0.1062161
v 0.008312419 0.09918026 0.1064228
v 0.008201936 0.09895108 0.1066896
v 0.008201935 0.09664183 0.1066896
v 0.00880892 0.09918026 0.1062161
v 0.008965902 0.09664183 0.1063731
v 0.008965903 0.09895108 0.1063731
v 0.006409473 0.1001853 0.09312481
v -0.006457104 0.1001853 0.09312481
v -0.006457533 0.0967221 0.09312481
v 0.0064099 0.0967221 0.09312481
v -0.004401206 0.1064837 0.09425212
v 0.004353578 0.1064837 0.09425212
v 0.004353578 0.1064837 0.09785231
v -0.004401206 0.1064837 0.09785231
v -0.006687488 0.0967221 0.0933461
v -0.006687487 0.1001853 0.09334619
v -0.006687487 0.1001853 0.09875824
v -0.006687488 0.0967221 0.09875833
v -0.004390063 0.1013276 0.09807155
v -0.004390491 0.1062645 0.09807155
v 0.004342861 0.1062645 0.09807155
v 0.004342432 0.1013276 0.09807155
v -0.006457533 0.0967221 0.09312481
v -0.006687488 0.0967221 0.0933461
v -0.006687488 0.0967221 0.09875833
v -0.006457533 0.0967221 0.09897962
v 0.0064099 0.0967221 0.09312481
v 0.0064099 0.0967221 0.09897962
v 0.006639855 0.0967221 0.0933461
v 0.006639855 0.0967221 0.09875833
v 0.004572815 0.1013276 0.09425424
v 0.006639856 0.1001853 0.09334619
v 0.006639856 0.1001853 0.09875824
v 0.004572815 0.1013276 0.09785018
v 0.006639856 0.1001853 0.09334619
v 0.006639855 0.0967221 0.0933461
v 0.006639855 0.0967221 0.09875833
v 0.006639856 0.1001853 0.09875824
v -0.004620446 0.1013276 0.09425424
v -0.004620445 0.1062645 0.09425417
v -0.004620445 0.1062645 0.09785027
v -0.004620446 0.1013276 0.09785018
v 0.0064099 0.0967221 0.09897962
v -0.006457533 0.0967221 0.09897962
v -0.006457104 0.1001853 0.09897962
v 0.006409473 0.1001853 0.09897962
v 0.004572815 0.1013276 0.09785018
v 0.004572816 0.1062645 0.09785027
v 0.004572816 0.1062645 0.09425417
v 0.004572815 0.1013276 0.09425424
v -0.006687487 0.1001853 0.09334619
v -0.004620446 0.1013276 0.09425424
v -0.004620446 0.1013276 0.09785018
v -0.006687487 0.1001853 0.09875824
v 0.006409473 0.1001853 0.09897962
v -0.006457104 0.1001853 0.09897962
v -0.004390063 0.1013276 0.09807155
v 0.004342432 0.1013276 0.09807155
v 0.004342432 0.1013276 0.09403288
v -0.004390063 0.1013276 0.09403288
v -0.006457104 0.1001853 0.09312481
v 0.006409473 0.1001853 0.09312481
v 0.004342861 0.1062645 0.09403288
v 0.004572816 0.1062645 0.09425417
v 0.004353578 0.1064837 0.09425212
v -0.004401206 0.1064837 0.09425212
v -0.004390491 0.1062645 0.09403288
v 0.004342861 0.1062645 0.09807155
v 0.004353578 0.1064837 0.09785231
v 0.004572816 0.1062645 0.09785027
v -0.004390491 0.1062645 0.09807155
v -0.004401206 0.1064837 0.09785231
v 0.006409473 0.1001853 0.09312481
v 0.006639856 0.1001853 0.09334619
v 0.004572815 0.1013276 0.09425424
v 0.004342432 0.1013276 0.09403288
v 0.006409473 0.1001853 0.09897962
v 0.006639856 0.1001853 0.09875824
v 0.006639855 0.0967221 0.09875833
v 0.0064099 0.0967221 0.09897962
v -0.006457104 0.1001853 0.09312481
v -0.006687487 0.1001853 0.09334619
v -0.006687488 0.0967221 0.0933461
v -0.006457533 0.0967221 0.09312481
v -0.006457104 0.1001853 0.09897962
v -0.006687487 0.1001853 0.09875824
v -0.004620446 0.1013276 0.09785018
v -0.004390063 0.1013276 0.09807155
v 0.0064099 0.0967221 0.09312481
v 0.006639855 0.0967221 0.0933461
v 0.006639856 0.1001853 0.09334619
v 0.006409473 0.1001853 0.09312481
v 0.004342432 0.1013276 0.09807155
v 0.004572815 0.1013276 0.09785018
v 0.006639856 0.1001853 0.09875824
v 0.006409473 0.1001853 0.09897962
v -0.004390063 0.1013276 0.09403288
v -0.004620446 0.1013276 0.09425424
v -0.006687487 0.1001853 0.09334619
v -0.006457104 0.1001853 0.09312481
v -0.006457533 0.0967221 0.09897962
v -0.006687488 0.0967221 0.09875833
v -0.006687487 0.1001853 0.09875824
v -0.006457104 0.1001853 0.09897962
v -0.004620445 0.1062645 0.09425417
v -0.004401206 0.1064837 0.09425212
v -0.004401206 0.1064837 0.09785231
v -0.004620445 0.1062645 0.09785027
v 0.004572816 0.1062645 0.09785027
v 0.004353578 0.1064837 0.09785231
v 0.004353578 0.1064837 0.09425212
v 0.004572816 0.1062645 0.09425417
v 0.004342432 0.1013276 0.09403288
v 0.004572815 0.1013276 0.09425424
v 0.004572816 0.1062645 0.09425417
v 0.004342861 0.1062645 0.09403288
v 0.004342861 0.1062645 0.09807155
v 0.004572816 0.1062645 0.09785027
v 0.004572815 0.1013276 0.09785018
v 0.004342432 0.1013276 0.09807155
v -0.004390063 0.1013276 0.09807155
v -0.004620446 0.1013276 0.09785018
v -0.004620445 0.1062645 0.09785027
v -0.004390491 0.1062645 0.09807155
v -0.004390491 0.1062645 0.09403288
v -0.004620445 0.1062645 0.09425417
v -0.004620446 0.1013276 0.09425424
v -0.004390063 0.1013276 0.09403288
v 0.004342432 0.1013276 0.09403288
v 0.004342861 0.1062645 0.09403288
v -0.004390491 0.1062645 0.09403288
v -0.004390063 0.1013276 0.09403288
v -0.002756649 0.1065961 0.01582951
v -0.002540901 0.1065961 0.01649351
v -0.006187098 0.1065961 0.01914264
v -0.006751936 0.1065961 0.01873226
v -0.002784237 0.1065112 0.0157446
v -0.007579823 0.1065961 0.023429
v -0.00682416 0.1065112 0.01867978
v -0.008278002 0.1065961 0.023429
v -0.006187099 0.1065961 0.02771536
v -0.008367275 0.1065112 0.023429
v -0.006751937 0.1065961 0.02812574
v -0.0025409 0.1065961 0.03036447
v -0.006824161 0.1065112 0.02817821
v -0.002756649 0.1065961 0.03102849
v 0.001966049 0.1065961 0.03036447
v -0.002784237 0.1065112 0.03111339
v 0.002181798 0.1065961 0.03102849
v 0.005612248 0.1065961 0.02771536
v 0.002209385 0.1065112 0.03111339
v 0.006177086 0.1065961 0.02812574
v 0.007004971 0.1065961 0.023429
v 0.00624931 0.1065112 0.02817821
v 0.007703152 0.1065961 0.023429
v 0.00561225 0.1065961 0.01914264
v 0.007792424 0.1065112 0.023429
v 0.006177088 0.1065961 0.01873226
v 0.00196605 0.1065961 0.01649351
v 0.006249312 0.1065112 0.01867978
v 0.002181799 0.1065961 0.01582951
v -0.002540901 0.1065961 0.01649351
v 0.002209387 0.1065112 0.0157446
v -0.002756649 0.1065961 0.01582951
v -0.002784237 0.1065112 0.0157446
v -0.006444163 0.1079647 0.02790213
v -0.007897571 0.1079647 0.023429
v -0.006444161 0.1079647 0.01895586
v -0.00263909 0.1079647 0.03066667
v -0.002639093 0.1079647 0.01619131
v 0.002064243 0.1079647 0.01619131
v 0.00206424 0.1079647 0.03066667
v 0.005869312 0.1079647 0.02790213
v 0.005869313 0.1079647 0.01895586
v 0.00732272 0.1079647 0.023429
v -0.002784242 0.09043642 0.0157446
v 0.002209387 0.1065112 0.0157446
v -0.002784237 0.1065112 0.0157446
v 0.002209381 0.09043642 0.0157446
v 0.006249312 0.1065112 0.01867978
v 0.006249307 0.09043642 0.01867978
v 0.007792424 0.1065112 0.023429
v 0.007792419 0.09043642 0.023429
v 0.00624931 0.1065112 0.02817821
v 0.006249305 0.09043642 0.02817821
v 0.002209385 0.1065112 0.03111339
v 0.00220938 0.09043642 0.03111339
v -0.002784237 0.1065112 0.03111339
v -0.002784242 0.09043642 0.03111338
v -0.006824161 0.1065112 0.02817821
v -0.006824167 0.09043642 0.02817821
v -0.008367275 0.1065112 0.023429
v -0.00836728 0.09043642 0.02342898
v -0.00682416 0.1065112 0.01867978
v -0.006824166 0.09043642 0.01867978
v -0.002784237 0.1065112 0.0157446
v -0.002784242 0.09043642 0.0157446
v 0.00196605 0.1065961 0.01649351
v -0.002666677 0.1078798 0.0161064
v -0.002540901 0.1065961 0.01649351
v 0.002091827 0.1078798 0.0161064
v 0.00561225 0.1065961 0.01914264
v 0.005941538 0.1078798 0.0189034
v 0.007004971 0.1065961 0.023429
v 0.007411994 0.1078798 0.023429
v 0.005612248 0.1065961 0.02771536
v 0.005941537 0.1078798 0.0279546
v 0.001966049 0.1065961 0.03036447
v 0.002091826 0.1078798 0.03075158
v -0.0025409 0.1065961 0.03036447
v -0.002666677 0.1078798 0.03075158
v -0.006187099 0.1065961 0.02771536
v -0.006516387 0.1078798 0.0279546
v -0.007579823 0.1065961 0.023429
v -0.007986845 0.1078798 0.023429
v -0.006187098 0.1065961 0.01914264
v -0.006516385 0.1078798 0.01890338
v -0.002540901 0.1065961 0.01649351
v -0.002666677 0.1078798 0.0161064
v -0.002666677 0.1078798 0.0161064
v -0.002639093 0.1079647 0.01619131
v -0.006444161 0.1079647 0.01895586
v -0.006516385 0.1078798 0.01890338
v -0.007897571 0.1079647 0.023429
v -0.007986845 0.1078798 0.023429
v -0.006444163 0.1079647 0.02790213
v -0.006516387 0.1078798 0.0279546
v -0.00263909 0.1079647 0.03066667
v -0.002666677 0.1078798 0.03075158
v 0.00206424 0.1079647 0.03066667
v 0.002091826 0.1078798 0.03075158
v 0.005869312 0.1079647 0.02790213
v 0.005941537 0.1078798 0.0279546
v 0.00732272 0.1079647 0.023429
v 0.007411994 0.1078798 0.023429
v 0.005869313 0.1079647 0.01895586
v 0.005941538 0.1078798 0.0189034
v 0.002064243 0.1079647 0.01619131
v 0.002091827 0.1078798 0.0161064
v -0.002639093 0.1079647 0.01619131
v -0.002666677 0.1078798 0.0161064
v -0.05841872 -0.09302713 0.00483615
v -0.05525666 -0.09935737 0.002884753
v -0.0554262 -0.09302714 0.001843624
v -0.05133183 -0.09302714 0.0007478669
v -0.05737759 -0.09935737 0.005005694
v -0.05951449 -0.09302713 0.008930511
v -0.05844266 -0.09965578 0.008930511
v -0.0554301 -0.1048395 0.008930511
v -0.05525666 -0.1030068 0.005005694
v -0.05133183 -0.1067262 0.008930511
v -0.05133183 -0.0996558 0.001819678
v -0.05133183 -0.1048395 0.004832245
v -0.03372476 -0.1067262 0.008930511
v -0.03372476 -0.1048395 0.004832245
v 0.0327924 -0.1067262 0.008930511
v -0.03372476 -0.0996558 0.001819678
v -0.03372476 -0.09302714 0.0007478669
v 0.0327924 -0.1048395 0.004832245
v 0.05075689 -0.1067262 0.008930511
v 0.0327924 -0.09965581 0.001819678
v 0.0327924 -0.09302716 0.0007478669
v 0.05075689 -0.1048395 0.004832245
v 0.05075689 -0.09965581 0.001819678
v 0.05075689 -0.09302716 0.0007478669
v 0.05468172 -0.09935738 0.002884753
v 0.05485125 -0.09302716 0.001843624
v 0.05468172 -0.1030069 0.005005694
v 0.05485515 -0.1048395 0.008930511
v 0.05786772 -0.09965581 0.008930511
v 0.05680265 -0.09935738 0.005005694
v 0.05784379 -0.09302716 0.00483615
v 0.05893955 -0.09302716 0.008930511
v -0.05951449 -0.09302713 0.1110192
v -0.05841872 -0.09302713 0.1151136
v -0.05737759 -0.09935737 0.1149441
v -0.05844266 -0.09965578 0.1110192
v -0.0554262 -0.09302714 0.1181061
v -0.05525666 -0.1030068 0.1149441
v -0.0554301 -0.1048395 0.1110192
v -0.05133183 -0.1067262 0.1110192
v -0.05525666 -0.09935737 0.117065
v -0.05133183 -0.09302714 0.1192019
v -0.05133183 -0.1048395 0.1151175
v -0.05133183 -0.0996558 0.1181301
v -0.03372476 -0.09302714 0.1192019
v -0.03372476 -0.0996558 0.1181301
v 0.0327924 -0.09302716 0.1192019
v -0.03372476 -0.1048395 0.1151175
v -0.03372476 -0.1067262 0.1110192
v 0.0327924 -0.09965581 0.1181301
v 0.05075689 -0.09302716 0.1192019
v 0.0327924 -0.1048395 0.1151175
v 0.0327924 -0.1067262 0.1110192
v 0.05075689 -0.09965581 0.1181301
v 0.05075689 -0.1048395 0.1151175
v 0.05075689 -0.1067262 0.1110192
v 0.05468172 -0.1030069 0.1149441
v 0.05485515 -0.1048395 0.1110192
v 0.05468172 -0.09935738 0.117065
v 0.05485125 -0.09302716 0.1181061
v 0.05784379 -0.09302716 0.1151136
v 0.05680265 -0.09935738 0.1149441
v 0.05786772 -0.09965581 0.1110192
v 0.05893955 -0.09302716 0.1110192
v -0.05945089 0.08361723 0.008930511
v -0.05835696 0.08361723 0.004846208
v -0.05737755 0.08981299 0.005005694
v -0.05844263 0.09011143 0.008930511
v -0.05541611 0.08361722 0.001905359
v -0.05525662 0.09346247 0.005005694
v -0.05543006 0.09529514 0.008930511
v -0.05133179 0.09718181 0.008930511
v -0.05525662 0.08981299 0.002884753
v -0.0513318 0.08361722 0.0008114204
v -0.05133179 0.09529514 0.004832245
v -0.05133179 0.09011143 0.001819678
v -0.03372472 0.08361722 0.0008114204
v -0.03372472 0.09011143 0.001819678
v 0.03279243 0.0836172 0.0008114204
v -0.03372472 0.09529514 0.004832245
v -0.03372472 0.09718181 0.008930511
v 0.03279244 0.0901114 0.001819678
v 0.05075692 0.0836172 0.0008114204
v 0.03279244 0.09529512 0.004832245
v 0.03279244 0.0971818 0.008930511
v 0.05075692 0.0901114 0.001819678
v 0.05075692 0.09529512 0.004832245
v 0.05075692 0.0971818 0.008930511
v 0.05468175 0.09346245 0.005005694
v 0.05485519 0.09529512 0.008930511
v 0.05468175 0.08981297 0.002884753
v 0.05484124 0.0836172 0.001905359
v 0.05778208 0.08361719 0.004846208
v 0.05680269 0.08981297 0.005005694
v 0.05786776 0.0901114 0.008930511
v 0.05887602 0.08361719 0.008930511
v -0.05835696 0.08361723 0.1151036
v -0.05525662 0.08981299 0.117065
v -0.05541611 0.08361722 0.1180444
v -0.0513318 0.08361722 0.1191383
v -0.05737755 0.08981299 0.1149441
v -0.05945089 0.08361723 0.1110192
v -0.05844263 0.09011143 0.1110192
v -0.05543006 0.09529514 0.1110192
v -0.05525662 0.09346247 0.1149441
v -0.05133179 0.09718181 0.1110192
v -0.05133179 0.09011143 0.1181301
v -0.05133179 0.09529514 0.1151175
v -0.03372472 0.09718181 0.1110192
v -0.03372472 0.09529514 0.1151175
v 0.03279244 0.0971818 0.1110192
v -0.03372472 0.09011143 0.1181301
v -0.03372472 0.08361722 0.1191383
v 0.03279244 0.09529512 0.1151175
v 0.05075692 0.0971818 0.1110192
v 0.03279244 0.0901114 0.1181301
v 0.03279243 0.0836172 0.1191383
v 0.05075692 0.09529512 0.1151175
v 0.05075692 0.0901114 0.1181301
v 0.05075692 0.0836172 0.1191383
v 0.05468175 0.08981297 0.117065
v 0.05484124 0.0836172 0.1180444
v 0.05468175 0.09346245 0.1149441
v 0.05485519 0.09529512 0.1110192
v 0.05786776 0.0901114 0.1110192
v 0.05680269 0.08981297 0.1149441
v 0.05778208 0.08361719 0.1151036
v 0.05887602 0.08361719 0.1110192
v 0.008312419 0.09918026 0.1064228
v 0.008518381 0.09918026 0.1059256
v 0.00880892 0.09918026 0.1062161
v 0.00901562 0.09918026 0.1057196
v 0.008518381 0.09918026 0.03590596
v 0.00901562 0.09918026 0.03611193
v 0.00880892 0.09918026 0.03561544
v 0.008312419 0.09918026 0.03540873
v 0.008016456 0.09918026 0.0364079
v 0.008016456 0.09918026 0.1054237
v 0.006504472 0.09918026 0.03703418
v 0.007130013 0.09918026 0.03729434
v 0.007390172 0.09918026 0.03791987
v 0.007390172 0.09918026 0.1039117
v 0.007130013 0.09918026 0.1045372
v 0.006504472 0.09918026 0.1047974
v -0.00649483 0.09918026 0.03703418
v -0.008006813 0.09918026 0.0364079
v -0.007120371 0.09918026 0.03729434
v -0.007380529 0.09918026 0.03791987
v -0.00649483 0.09918026 0.1047974
v -0.008006813 0.09918026 0.1054237
v -0.007120371 0.09918026 0.1045372
v -0.008302775 0.09918026 0.03540873
v -0.007380529 0.09918026 0.1039117
v -0.008302775 0.09918026 0.1064228
v -0.008508738 0.09918026 0.03590596
v -0.008799277 0.09918026 0.03561544
v -0.009005976 0.09918026 0.03611193
v -0.008508738 0.09918026 0.1059256
v -0.008799277 0.09918026 0.1062161
v -0.009005976 0.09918026 0.1057196
v 0.007252487 0.09664183 0.03825227
v 0.007252487 0.09895108 0.1035793
v 0.007252487 0.09664183 0.1035793
v 0.006936042 0.09664183 0.1043433
v 0.006936042 0.09895108 0.1043433
v 0.006172075 0.09664183 0.1046597
v 0.006172076 0.09895108 0.1046597
v -0.006162433 0.09664183 0.1046597
v -0.006162433 0.09895108 0.1046597
v -0.006926401 0.09664183 0.1043433
v -0.006926401 0.09895108 0.1043433
v -0.007242846 0.09664183 0.1035793
v 0.006504472 0.09918026 0.1047974
v 0.007130013 0.09918026 0.1045372
v -0.00649483 0.09918026 0.1047974
v -0.007120371 0.09918026 0.1045372
v 0.007390172 0.09918026 0.1039117
v -0.007380529 0.09918026 0.1039117
v 0.007252487 0.09895108 0.03825227
v 0.007390172 0.09918026 0.03791987
v -0.007242845 0.09895108 0.1035793
v -0.007380529 0.09918026 0.03791987
v 0.006936042 0.09895108 0.0374883
v 0.007130013 0.09918026 0.03729434
v 0.006936042 0.09664183 0.0374883
v -0.007242845 0.09895108 0.03825227
v -0.007242846 0.09664183 0.03825227
v -0.007120371 0.09918026 0.03729434
v -0.006926401 0.09664183 0.0374883
v 0.006172076 0.09895108 0.03717186
v 0.006504472 0.09918026 0.03703418
v 0.006172075 0.09664183 0.03717186
v -0.006926401 0.09895108 0.0374883
v -0.00649483 0.09918026 0.03703418
v -0.006162433 0.09664183 0.03717186
v -0.006162433 0.09895108 0.03717186
v 0.03279241 -0.06308142 0.1169349
v 0.03200063 -0.06603638 0.01388246
v 0.03279241 -0.06308142 0.01388246
v 0.03279243 0.05415946 0.01388246
v 0.03200063 -0.06603638 0.1169349
v 0.02983746 -0.06819955 0.01388246
v 0.02983746 -0.06819955 0.1169349
v 0.0268825 -0.06899133 0.01388246
v 0.03279243 0.05415946 0.1169349
v 0.03200065 0.05711441 0.1169349
v 0.03200065 0.05711441 0.01388246
v 0.02983748 0.05927759 0.1169349
v 0.02983748 0.05927759 0.01388246
v 0.02688252 0.06006936 0.1169349
v 0.02688252 0.06006936 0.01388246
v -0.02781481 0.06006937 0.01388246
v 0.03265443 -0.06633178 0.1185553
v 0.03337167 -0.06366069 0.1185553
v 0.0333717 0.05473873 0.1185553
v 0.03265446 0.05740982 0.1185553
v 0.03013288 0.0599314 0.1185553
v 0.03013286 -0.06885336 0.1185553
v 0.03423286 -0.06704495 0.1192265
v 0.03477015 -0.06505917 0.1192265
v 0.03084602 -0.07043178 0.1192265
v 0.03477018 0.0561372 0.1192265
v 0.03423288 0.05812298 0.1192265
v 0.02886024 -0.07096908 0.1192265
v 0.03084604 0.06150983 0.1192265
v 0.02746177 -0.06957061 0.1185553
v -0.02979258 -0.07096907 0.1192265
v 0.02746178 0.06064863 0.1185553
v 0.02886027 0.06204711 0.1192265
v 0.0268825 -0.06899133 0.1169349
v -0.02839411 -0.06957059 0.1185553
v -0.03177836 -0.07043176 0.1192265
v -0.02781484 -0.06899132 0.1169349
v -0.02781484 -0.06899132 0.01388246
v -0.03076979 -0.06819953 0.01388246
v -0.03106519 -0.06885334 0.1185553
v -0.03516521 -0.06704494 0.1192265
v -0.03076979 -0.06819953 0.1169349
v -0.03293297 -0.06603637 0.01388246
v -0.03358677 -0.06633177 0.1185553
v -0.03570249 -0.06505916 0.1192265
v -0.03293297 -0.06603637 0.1169349
v -0.03372475 -0.06308141 0.01388246
v -0.03430402 -0.06366067 0.1185553
v -0.03570247 0.05613721 0.1192265
v -0.03372475 -0.06308141 0.1169349
v -0.03430399 0.05473875 0.1185553
v -0.03516518 0.058123 0.1192265
v -0.03372473 0.05415947 0.1169349
v -0.03372473 0.05415947 0.01388246
v -0.03293295 0.05711443 0.01388246
v -0.03358676 0.05740983 0.1185553
v -0.03177834 0.06150984 0.1192265
v -0.03293295 0.05711443 0.1169349
v -0.03076977 0.05927761 0.01388246
v -0.03106517 0.05993142 0.1185553
v -0.02979256 0.06204713 0.1192265
v -0.03076977 0.05927761 0.1169349
v -0.02839407 0.06064864 0.1185553
v -0.02781481 0.06006937 0.1169349
v 0.02433389 -0.06770633 0.1131649
v 0.02433389 -0.06770633 0.09389601
v 0.02254002 -0.06770633 0.09389601
v 0.02800921 -0.06672154 0.09389601
v 0.02254002 -0.06770633 0.1131649
v 0.006792108 -0.06770632 0.09389601
v 0.02800921 -0.06672154 0.1131649
v 0.03069974 -0.06403101 0.09389601
v 0.006792108 -0.06770632 0.1131649
v -0.005411857 -0.06770632 0.09389601
v 0.03069974 -0.06403101 0.1131649
v 0.03168454 -0.06035567 0.09389601
v -0.005411857 -0.06770632 0.1131649
v -0.02250919 -0.06770632 0.09389601
v -0.02250919 -0.06770632 0.1131649
v -0.02490881 -0.06770632 0.09389601
v 0.02786362 -0.06646936 0.113844
v 0.02429686 -0.06742506 0.113844
v 0.02254002 -0.06742506 0.113844
v 0.006792108 -0.06742506 0.113844
v 0.03044756 -0.06388541 0.113844
v -0.005411857 -0.06742506 0.113844
v 0.02751213 -0.06586055 0.1141252
v 0.02420748 -0.06674603 0.1141252
v 0.02983876 -0.06353392 0.1141252
v 0.02254002 -0.06674603 0.1141252
v 0.006792108 -0.06674603 0.1141252
v 0.03072425 -0.06022925 0.1141252
v -0.005411857 -0.06674603 0.1141252
v 0.03140328 -0.06031865 0.113844
v 0.03072425 -0.05536798 0.1141252
v -0.02250919 -0.06742506 0.113844
v -0.02250919 -0.06674602 0.1141252
v 0.03140328 -0.05536798 0.113844
v 0.03072426 0.04673972 0.1141252
v 0.03168454 -0.06035567 0.1131649
v 0.03168454 -0.05536798 0.1131649
v 0.03168454 -0.05536798 0.09389601
v 0.0314033 0.04673972 0.113844
v 0.03072426 0.05068485 0.1141252
v 0.03168456 0.04673972 0.1131649
v 0.03168456 0.04673972 0.09389601
v 0.0314033 0.05077425 0.113844
v 0.02983879 0.05398952 0.1141252
v 0.03168456 0.05081128 0.1131649
v 0.03168456 0.05081128 0.09389601
v 0.03069976 0.05448661 0.09389601
v 0.03044759 0.05434101 0.113844
v 0.02751215 0.05631616 0.1141252
v 0.03069976 0.05448661 0.1131649
v 0.02800924 0.05717714 0.09389601
v 0.02786364 0.05692496 0.113844
v 0.0242075 0.05720163 0.1141252
v 0.02800924 0.05717714 0.1131649
v 0.02433391 0.05816193 0.09389601
v 0.02429689 0.05788068 0.113844
v 0.02254004 0.05720163 0.1141252
v 0.02433391 0.05816193 0.1131649
v 0.02254004 0.05788068 0.113844
v 0.006792131 0.05720164 0.1141252
v 0.02254004 0.05816193 0.1131649
v 0.02254004 0.05816193 0.09389601
v 0.006792131 0.05788068 0.113844
v -0.005411833 0.05720164 0.1141252
v 0.006792131 0.05816194 0.1131649
v 0.006792131 0.05816194 0.09389601
v -0.005411833 0.05788068 0.113844
v -0.02250917 0.05720164 0.1141252
v -0.005411833 0.05816194 0.1131649
v -0.005411833 0.05816194 0.09389601
v -0.02250917 0.05788068 0.113844
v -0.02478237 0.05720164 0.1141252
v -0.02250917 0.05816194 0.1131649
v -0.02250917 0.05816194 0.09389601
v -0.02487176 0.05788068 0.113844
v -0.02808702 0.05631616 0.1141252
v -0.02490878 0.05816194 0.1131649
v -0.02490878 0.05816194 0.09389601
v -0.02858411 0.05717715 0.09389601
v -0.02843852 0.05692497 0.113844
v -0.03041366 0.05398954 0.1141252
v -0.02858411 0.05717715 0.1131649
v -0.03127463 0.05448662 0.09389601
v -0.03102246 0.05434103 0.113844
v -0.03129914 0.05068487 0.1141252
v -0.03127463 0.05448662 0.1131649
v -0.03225944 0.05081129 0.09389601
v -0.03197818 0.05077426 0.113844
v -0.03129914 0.04673974 0.1141252
v -0.03225944 0.05081129 0.1131649
v -0.03197818 0.04673974 0.113844
v -0.03129916 -0.05536797 0.1141252
v -0.03225944 0.04673974 0.1131649
v -0.03225944 0.04673974 0.09389601
v -0.0319782 -0.05536797 0.113844
v -0.03129916 -0.06022923 0.1141252
v -0.03225946 -0.05536797 0.1131649
v -0.03225946 -0.05536797 0.09389601
v -0.0319782 -0.06031863 0.113844
v -0.03041368 -0.06353391 0.1141252
v -0.03225946 -0.06035566 0.1131649
v -0.03225946 -0.06035566 0.09389601
v -0.03127465 -0.064031 0.09389601
v -0.03102248 -0.0638854 0.113844
v -0.02808705 -0.06586054 0.1141252
v -0.03127465 -0.064031 0.1131649
v -0.02858413 -0.06672152 0.09389601
v -0.02843854 -0.06646935 0.113844
v -0.0247824 -0.06674602 0.1141252
v -0.02858413 -0.06672152 0.1131649
v -0.02487178 -0.06742506 0.113844
v -0.02490881 -0.06770632 0.1131649
vt 0.9216555 0.3706504
vt 0.9222187 0.3706504
vt 0.9219539 0.3701537
vt 0.9232083 0.3720657
vt 0.9229189 0.3715829
vt 0.9226289 0.3720657
vt 0.2961421 0.9782997
vt 0.3038044 0.9814736
vt 0.3107194 0.9814736
vt 0.3183817 0.9782997
vt 0.2929683 0.9706375
vt 0.3215556 0.9706375
vt 0.2929683 0.8069537
vt 0.3215556 0.8069537
vt 0.2961421 0.7992914
vt 0.3183817 0.7992914
vt 0.3038044 0.7961176
vt 0.3107194 0.7961176
vt 0.2642874 0.9783
vt 0.2719496 0.9814738
vt 0.2813143 0.9814738
vt 0.2889766 0.9783
vt 0.2611135 0.9706377
vt 0.2921504 0.9706377
vt 0.2611135 0.8069537
vt 0.2921504 0.8069537
vt 0.2642874 0.7992914
vt 0.2889766 0.7992914
vt 0.2719496 0.7961176
vt 0.2813143 0.7961176
vt 0.3374898 0.3599329
vt 0.3358825 0.3659319
vt 0.3358826 0.3700584
vt 0.3417133 0.3557093
vt 0.344038 0.3700583
vt 0.3477124 0.3541018
vt 0.3358831 0.4010952
vt 0.3548739 0.3541017
vt 0.3440384 0.4010951
vt 0.3358831 0.4232488
vt 0.3440384 0.4232488
vt 0.335883 0.4518358
vt 0.354874 0.3592221
vt 0.3534459 0.3794661
vt 0.3566233 0.3718074
vt 0.3642819 0.3686298
vt 0.5308219 0.3686291
vt 0.353446 0.3916872
vt 0.5402303 0.3541006
vt 0.3548743 0.4119309
vt 0.3566236 0.3993457
vt 0.3642823 0.4025231
vt 0.5402303 0.3592211
vt 0.5384811 0.3718068
vt 0.5490552 0.3541007
vt 0.5510665 0.3700576
vt 0.5550542 0.3557082
vt 0.5416586 0.3794656
vt 0.5592779 0.3599319
vt 0.5608853 0.3659309
vt 0.5608852 0.3700576
vt 0.5416586 0.3916868
vt 0.5510665 0.4010947
vt 0.560885 0.4010948
vt 0.5402304 0.4119308
vt 0.5384811 0.3993455
vt 0.5308225 0.402523
vt 0.5510664 0.4232487
vt 0.560885 0.4232487
vt 0.5510664 0.4518358
vt 0.5608848 0.4518358
vt 0.5402304 0.4124125
vt 0.5308225 0.4218204
vt 0.5384811 0.4249978
vt 0.5416586 0.4326564
vt 0.3642822 0.4218205
vt 0.5416586 0.442428
vt 0.3548743 0.4124127
vt 0.3566236 0.424998
vt 0.3534461 0.4326566
vt 0.3440383 0.4518358
vt 0.353446 0.442428
vt 0.5402304 0.4626718
vt 0.5384811 0.4500866
vt 0.5308225 0.453264
vt 0.3548743 0.4626718
vt 0.3566234 0.4500867
vt 0.364282 0.4532641
vt 0.3548743 0.4666925
vt 0.3477127 0.4666925
vt 0.5402304 0.4666925
vt 0.3417139 0.4650851
vt 0.3374904 0.4608616
vt 0.335883 0.4548627
vt 0.549055 0.4666925
vt 0.5550539 0.4650851
vt 0.5592774 0.4608616
vt 0.5608848 0.4548627
vt 0.7877642 0.9839522
vt 0.7878413 0.9927551
vt 0.9881312 0.9912781
vt 0.9908991 0.9816414
vt 0.7876856 0.9748953
vt 0.9926091 0.9818957
vt 0.9896362 0.9914646
vt 0.9943901 0.982173
vt 0.991303 0.9913648
vt 0.9942942 0.9722505
vt 0.9924847 0.9710777
vt 0.9940092 0.8462959
vt 0.990642 0.9706858
vt 0.9921286 0.8475107
vt 0.9943901 0.836261
vt 0.9902577 0.8479011
vt 0.7816244 0.831956
vt 0.7822226 0.822924
vt 0.9925743 0.8364792
vt 0.9916536 0.8268049
vt 0.989967 0.8266315
vt 0.9908245 0.8366777
vt 0.7828355 0.8134525
vt 0.9884319 0.8267548
vt 0.7900472 0.7996042
vt 0.7902462 0.8083047
vt 0.9882004 0.80405
vt 0.990835 0.7944782
vt 0.7898437 0.7906514
vt 0.9925315 0.7947136
vt 0.9896921 0.8042184
vt 0.9942974 0.7949709
vt 0.9913406 0.8041016
vt 0.9941182 0.785149
vt 0.9923127 0.7839908
vt 0.9935296 0.6591008
vt 0.990477 0.7836118
vt 0.9916568 0.6602806
vt 0.9942974 0.6494601
vt 0.9897988 0.660637
vt 0.781774 0.6502314
vt 0.7821241 0.6412328
vt 0.9925353 0.649518
vt 0.992888 0.6402045
vt 0.9908365 0.6495585
vt 0.7824618 0.6319876
vt 0.9913083 0.6394998
vt 0.9896201 0.6262231
vt 0.9885955 0.6276811
vt 0.9896912 0.6393797
vt 0.9872729 0.6284692
vt 0.7828256 0.6215605
vt 0.9891773 0.6116043
vt 0.7910234 0.6071591
vt 0.7912226 0.6158598
vt 0.9918119 0.6020326
vt 0.79082 0.5982061
vt 0.9935083 0.602268
vt 0.990669 0.6117726
vt 0.9952741 0.6025253
vt 0.9923174 0.6116558
vt 0.995095 0.5927035
vt 0.9932895 0.5915454
vt 0.9945064 0.4666559
vt 0.9914538 0.5911664
vt 0.9926335 0.4678357
vt 0.9952742 0.4570152
vt 0.9907756 0.4681922
vt 0.7827505 0.457786
vt 0.7831007 0.4487875
vt 0.9935121 0.457073
vt 0.9938647 0.4477597
vt 0.9918133 0.4571137
vt 0.7834384 0.4395422
vt 0.9922851 0.447055
vt 0.9905969 0.4337783
vt 0.9895723 0.4352363
vt 0.990668 0.4469348
vt 0.9882498 0.4360244
vt 0.7838023 0.4291151
vt 0.38131 0.7873984
vt 0.3758582 0.9919119
vt 0.3835543 0.9921228
vt 0.3892969 0.7855495
vt 0.3805149 0.7861055
vt 0.3994468 0.7842977
vt 0.3927698 0.992388
vt 0.3894011 0.7839309
vt 0.379054 0.7851134
vt 0.3900889 0.782347
vt 0.3993861 0.7826027
vt 0.3993078 0.780846
vt 0.4105234 0.7851934
vt 0.4017402 0.9926674
vt 0.5390733 0.9841689
vt 0.4101369 0.7833407
vt 0.4089249 0.7814874
vt 0.5339084 0.7821351
vt 0.5342223 0.7802978
vt 0.5353163 0.7784702
vt 0.5446969 0.781143
vt 0.5480729 0.984053
vt 0.5447565 0.7794831
vt 0.544836 0.7777526
vt 0.5545965 0.7824765
vt 0.5568324 0.9839444
vt 0.5644983 0.9838618
vt 0.562349 0.7842892
vt 0.5545144 0.7809003
vt 0.5538883 0.7793472
vt 0.5631252 0.7830192
vt 0.5644983 0.7820962
vt 0.1890683 0.5514318
vt 0.18545 0.5470064
vt 0.007767083 0.5470061
vt 0.004148724 0.5514318
vt 0.004626304 0.9578377
vt 0.005926967 0.9600815
vt 0.01422548 0.9592714
vt 0.01340955 0.9570242
vt 0.02078444 0.9582524
vt 0.02101833 0.9561467
vt 0.02843317 0.9553237
vt 0.02747861 0.9572175
vt 0.06036618 0.955016
vt 0.06130004 0.9530563
vt 0.181904 0.9550195
vt 0.1809741 0.9530759
vt 0.2135313 0.9574158
vt 0.212596 0.9555247
vt 0.2202487 0.9585735
vt 0.2201131 0.9563671
vt 0.2265559 0.9596628
vt 0.2273576 0.9577046
vt 0.2353231 0.9585037
vt 0.2341268 0.9605291
vt 0.2353231 0.9229063
vt 0.2259245 0.9243917
vt 0.2340696 0.9251083
vt 0.2267362 0.9221787
vt 0.2192114 0.9211637
vt 0.2194362 0.9232458
vt 0.2118448 0.9204252
vt 0.2127924 0.9222952
vt 0.1795429 0.918053
vt 0.1804645 0.9199951
vt 0.05986282 0.91807
vt 0.05892035 0.920032
vt 0.02766845 0.9204214
vt 0.02672663 0.9223372
vt 0.01996133 0.923582
vt 0.02010724 0.9213535
vt 0.01276386 0.922572
vt 0.01357335 0.9245565
vt 0.004616231 0.9234681
vt 0.005860895 0.9255302
vt 0.9885538 0.389265
vt 0.9780822 0.3958855
vt 0.9860907 0.3956307
vt 0.9794595 0.3900938
vt 0.9711019 0.389964
vt 0.9720363 0.3951651
vt 0.9631974 0.3898896
vt 0.9657971 0.3943166
vt 0.9322551 0.3881918
vt 0.9345089 0.3924513
vt 0.8126107 0.3881969
vt 0.8103216 0.3925063
vt 0.7816382 0.3899387
vt 0.7790219 0.394523
vt 0.7727179 0.3957525
vt 0.7733319 0.3901199
vt 0.7651852 0.3909941
vt 0.7667443 0.3961702
vt 0.7566467 0.3903954
vt 0.7590814 0.3963071
vt 0.003415406 0.882019
vt 0.005997956 0.8885632
vt 0.01421326 0.8887037
vt 0.01279441 0.8828107
vt 0.02035546 0.8880793
vt 0.02129686 0.8827485
vt 0.02932939 0.8826057
vt 0.02669525 0.887109
vt 0.0586337 0.8853022
vt 0.06091711 0.8810024
vt 0.1828042 0.8852832
vt 0.1805443 0.8810166
vt 0.2134415 0.8873443
vt 0.2108579 0.8828403
vt 0.2196474 0.8884467
vt 0.2190379 0.8829421
vt 0.2255375 0.8889543
vt 0.2270403 0.8838513
vt 0.2353231 0.8831979
vt 0.23301 0.8889567
vt 0.3454862 0.3207242
vt 0.3382925 0.3231075
vt 0.3377377 0.3295767
vt 0.345613 0.3267092
vt 0.3521789 0.3201484
vt 0.3536726 0.3255319
vt 0.3588846 0.3206209
vt 0.3615645 0.3254391
vt 0.3908248 0.3232514
vt 0.3930227 0.3277924
vt 0.5129842 0.3229575
vt 0.5108281 0.3275076
vt 0.5440166 0.3198085
vt 0.5414007 0.3247153
vt 0.5507518 0.3190204
vt 0.549518 0.3247522
vt 0.5574034 0.3196897
vt 0.5575918 0.3253091
vt 0.5645546 0.3217535
vt 0.565184 0.3279434
vt 0.808764 0.2507401
vt 0.8113022 0.2539321
vt 0.9916849 0.2539124
vt 0.9930368 0.25074
vt 0.5879853 0.7376211
vt 0.5843589 0.7417926
vt 0.7696807 0.7417926
vt 0.7660543 0.7376212
vt 0.8101158 0.001122579
vt 0.8087641 0.004294857
vt 0.9930368 0.004295021
vt 0.990496 0.001102969
vt 0.7660545 0.9932985
vt 0.7696807 0.9891223
vt 0.5843589 0.9891223
vt 0.5879852 0.9932986
vt 0.5178442 0.7598062
vt 0.5200607 0.7669437
vt 0.526306 0.7674899
vt 0.5235441 0.7598779
vt 0.5169771 0.7530453
vt 0.5228344 0.7516425
vt 0.5176464 0.7460292
vt 0.5226878 0.7432733
vt 0.5253199 0.7118477
vt 0.5207073 0.7140669
vt 0.5248841 0.593152
vt 0.5203472 0.5909941
vt 0.5175236 0.5596465
vt 0.5222833 0.56224
vt 0.5169559 0.553038
vt 0.522324 0.5544531
vt 0.5174062 0.546343
vt 0.5234343 0.5463855
vt 0.5197556 0.5389854
vt 0.526306 0.5383965
vt 0.5580897 0.006996512
vt 0.5651919 0.005316272
vt 0.565608 0.003109962
vt 0.5582593 0.004881203
vt 0.5513259 0.007520154
vt 0.550826 0.005301178
vt 0.5441641 0.00701125
vt 0.5431261 0.005043745
vt 0.5114408 0.00429219
vt 0.510525 0.002309397
vt 0.3927134 0.004039407
vt 0.3936124 0.002079532
vt 0.3599716 0.006768823
vt 0.3609864 0.004850104
vt 0.3530121 0.007184327
vt 0.3535254 0.00509274
vt 0.3461103 0.006813884
vt 0.3459712 0.004495278
vt 0.3385493 0.004894778
vt 0.3381265 0.002528638
vt 0.2082926 0.5455539
vt 0.2064948 0.5382816
vt 0.2042245 0.5378562
vt 0.2060506 0.5454105
vt 0.2086443 0.5522871
vt 0.2065905 0.5527758
vt 0.2081708 0.5591524
vt 0.2062634 0.5601109
vt 0.2046331 0.5911998
vt 0.2026652 0.5920159
vt 0.199481 0.7097348
vt 0.1975387 0.7087685
vt 0.2017968 0.7420217
vt 0.1998504 0.7409674
vt 0.2022714 0.7492412
vt 0.2000195 0.7487233
vt 0.201735 0.7561661
vt 0.1995526 0.756333
vt 0.1999612 0.7635335
vt 0.1976679 0.763952
vt 0.7835321 0.007235914
vt 0.7810289 0.004032657
vt 0.5999691 0.004051641
vt 0.598612 0.007235885
vt 0.7799137 0.3277112
vt 0.7835321 0.3232807
vt 0.5986119 0.3232808
vt 0.6022303 0.3277113
vt 0.1877101 0.8706601
vt 0.1890683 0.8674759
vt 0.004148724 0.8674759
vt 0.006654264 0.8706791
vt 0.4744053 0.7152797
vt 0.469885 0.7166942
vt 0.4783409 0.7244493
vt 0.4809252 0.7090371
vt 0.489745 0.7129906
vt 0.4821039 0.7049202
vt 0.4792624 0.7466813
vt 0.469885 0.7166942
vt 0.2504953 0.7139208
vt 0.5176464 0.7460292
vt 0.5207073 0.7140669
vt 0.242455 0.7429122
vt 0.2430155 0.7210272
vt 0.2469288 0.7128063
vt 0.2409619 0.7062145
vt 0.239781 0.7018554
vt 0.2319421 0.7097229
vt 0.2017968 0.7420217
vt 0.199481 0.7097348
vt 0.2363234 0.591972
vt 0.2046331 0.5911998
vt 0.2432891 0.5992797
vt 0.239781 0.7018554
vt 0.2475397 0.5596132
vt 0.2081708 0.5591524
vt 0.2472561 0.5815371
vt 0.2443507 0.5957047
vt 0.2506338 0.5897101
vt 0.2542753 0.5888113
vt 0.480038 0.5591338
vt 0.4728625 0.5878423
vt 0.479942 0.5808005
vt 0.4764303 0.5888189
vt 0.5175236 0.5596465
vt 0.4825203 0.5949383
vt 0.490595 0.5913704
vt 0.483494 0.5985544
vt 0.4821039 0.7049202
vt 0.5203472 0.5909941
vt 0.489745 0.7129906
vt 0.5174062 0.546343
vt 0.5197556 0.5389854
vt 0.4806504 0.5361202
vt 0.4803774 0.5436588
vt 0.5169559 0.553038
vt 0.2472453 0.5364147
vt 0.4801632 0.5514246
vt 0.5175236 0.5596465
vt 0.480038 0.5591338
vt 0.2474154 0.5442218
vt 0.2064948 0.5382816
vt 0.2082926 0.5455539
vt 0.2475155 0.5520139
vt 0.2475397 0.5596132
vt 0.2086443 0.5522871
vt 0.2081708 0.5591524
vt 0.7835321 0.3232807
vt 0.5986119 0.2830392
vt 0.5986119 0.3232808
vt 0.7835321 0.2830392
vt 0.598612 0.04926291
vt 0.783532 0.04926294
vt 0.598612 0.007235885
vt 0.7835321 0.007235914
vt 0.7696807 0.9891223
vt 0.5843589 0.9771922
vt 0.5843589 0.9891223
vt 0.7696807 0.9771922
vt 0.5843589 0.9663085
vt 0.7696807 0.9663085
vt 0.5843589 0.9581184
vt 0.7696807 0.9581184
vt 0.5843589 0.9255074
vt 0.7696807 0.9255074
vt 0.5843589 0.8047587
vt 0.7696807 0.8047587
vt 0.5843589 0.7727966
vt 0.7696807 0.7727965
vt 0.5843589 0.7646065
vt 0.7696807 0.7646065
vt 0.5843589 0.7537228
vt 0.7696807 0.7537228
vt 0.5843589 0.7417926
vt 0.7696807 0.7417926
vt 0.4792624 0.7466813
vt 0.5169771 0.7530453
vt 0.5176464 0.7460292
vt 0.4793782 0.7544062
vt 0.242455 0.7429122
vt 0.5178442 0.7598062
vt 0.2422202 0.7508513
vt 0.2017968 0.7420217
vt 0.2022714 0.7492412
vt 0.479586 0.7623596
vt 0.5200607 0.7669437
vt 0.479877 0.7703714
vt 0.2419217 0.7588215
vt 0.201735 0.7561661
vt 0.2415848 0.7665167
vt 0.1999612 0.7635335
vt 0.5574034 0.3196897
vt 0.5645546 0.3217535
vt 0.5675205 0.2828112
vt 0.5599531 0.2825293
vt 0.5507518 0.3190204
vt 0.5675205 0.04630616
vt 0.5521352 0.2823133
vt 0.5440166 0.3198085
vt 0.5596341 0.04652202
vt 0.5651919 0.005316272
vt 0.5580897 0.006996512
vt 0.5517649 0.04666346
vt 0.5513259 0.007520154
vt 0.5443661 0.2821991
vt 0.5129842 0.3229575
vt 0.5440838 0.04671943
vt 0.5441641 0.00701125
vt 0.5121437 0.2823508
vt 0.3908248 0.3232514
vt 0.5118462 0.04670256
vt 0.5114408 0.00429219
vt 0.391202 0.2830912
vt 0.3588846 0.3206209
vt 0.3927608 0.04676399
vt 0.3927134 0.004039407
vt 0.3587838 0.283025
vt 0.3521789 0.3201484
vt 0.3595158 0.04680622
vt 0.3599716 0.006768823
vt 0.3511347 0.2830953
vt 0.3454862 0.3207242
vt 0.3516574 0.04669362
vt 0.3530121 0.007184327
vt 0.3432583 0.2832676
vt 0.3382925 0.3231075
vt 0.3353354 0.2835376
vt 0.3437545 0.04651007
vt 0.3461103 0.006813884
vt 0.336099 0.04627317
vt 0.3385493 0.004894778
vt 0.1890683 0.5916733
vt 0.1890683 0.5514318
vt 0.004148724 0.5514318
vt 0.004148724 0.5916733
vt 0.1890683 0.8254489
vt 0.004148724 0.8254489
vt 0.1890683 0.8674759
vt 0.004148724 0.8674759
vt 0.808764 0.2386197
vt 0.808764 0.2507401
vt 0.9930368 0.25074
vt 0.9930368 0.2386197
vt 0.808764 0.2277977
vt 0.9930368 0.2277976
vt 0.808764 0.2196539
vt 0.9930368 0.2196539
vt 0.808764 0.1872275
vt 0.9930368 0.1872275
vt 0.8087641 0.06716236
vt 0.9930368 0.06716236
vt 0.8087641 0.03538111
vt 0.9930368 0.03538114
vt 0.8087641 0.02723736
vt 0.9930368 0.02723742
vt 0.8087641 0.0164153
vt 0.9930368 0.01641533
vt 0.8087641 0.004294857
vt 0.9930368 0.004295021
vt 0.8720243 0.3174438
vt 0.8731953 0.3129941
vt 0.8716028 0.3131316
vt 0.8735342 0.3171866
vt 0.8732931 0.3178263
vt 0.8722808 0.3179963
vt 0.9027625 0.3178388
vt 0.9025136 0.3172121
vt 0.9028441 0.3129188
vt 0.9037907 0.3179963
vt 0.904413 0.3130515
vt 0.9040425 0.3174328
vt 0.7930412 0.3062199
vt 0.7911689 0.3063517
vt 0.7917377 0.3113596
vt 0.7937623 0.3108044
vt 0.9026706 0.3064303
vt 0.7934635 0.3118469
vt 0.7920979 0.3121009
vt 0.9024951 0.3118359
vt 0.9021936 0.3108072
vt 0.904413 0.3065012
vt 0.9038504 0.3121009
vt 0.9042151 0.3113673
vt 0.853213 0.3630726
vt 0.8513406 0.3632045
vt 0.8519095 0.3682125
vt 0.8539341 0.3676573
vt 0.9628424 0.3632833
vt 0.8536353 0.3686997
vt 0.8522696 0.3689538
vt 0.9626669 0.3686888
vt 0.9623654 0.3676602
vt 0.9645848 0.3633542
vt 0.9640221 0.3689538
vt 0.9643869 0.3682202
vt 0.8720242 0.3233392
vt 0.8731953 0.3188895
vt 0.8716028 0.3190269
vt 0.8735342 0.323082
vt 0.873293 0.3237216
vt 0.8722807 0.3238916
vt 0.9027625 0.3237342
vt 0.9025136 0.3231075
vt 0.9028441 0.3188142
vt 0.9037907 0.3238916
vt 0.904413 0.3189468
vt 0.9040425 0.3233283
vt 0.6525875 0.5756811
vt 0.6525875 0.5990378
vt 0.6588742 0.5990386
vt 0.6588742 0.5756804
vt 0.3958915 0.4870428
vt 0.3799989 0.4870429
vt 0.379999 0.4935783
vt 0.3958915 0.4935783
vt 0.6592759 0.5994561
vt 0.6592761 0.6057428
vt 0.6691006 0.6057428
vt 0.6691008 0.5994561
vt 0.3786182 0.4870436
vt 0.3696562 0.4870428
vt 0.3696562 0.5028965
vt 0.3786182 0.5028958
vt 0.6588742 0.5990386
vt 0.6592759 0.5994561
vt 0.6691008 0.5994561
vt 0.6695024 0.5990386
vt 0.6588742 0.5756804
vt 0.6695024 0.5756804
vt 0.6592759 0.575263
vt 0.6691008 0.575263
vt 0.3989959 0.5025723
vt 0.4032831 0.5042207
vt 0.4032831 0.4943962
vt 0.3989959 0.4960446
vt 0.659276 0.5689762
vt 0.6592759 0.575263
vt 0.6691008 0.575263
vt 0.6691005 0.5689762
vt 0.389216 0.5009241
vt 0.398178 0.5009242
vt 0.398178 0.4943962
vt 0.389216 0.4943964
vt 0.6695024 0.5756804
vt 0.6695024 0.5990386
vt 0.6757891 0.5990379
vt 0.6757891 0.5756811
vt 0.3883981 0.4943963
vt 0.3794361 0.4943962
vt 0.3794361 0.5009242
vt 0.3883981 0.5009241
vt 0.8505227 0.3673598
vt 0.8488743 0.3630726
vt 0.8423466 0.3630726
vt 0.8406982 0.3673598
vt 0.8307565 0.3175786
vt 0.8541132 0.3175786
vt 0.8503609 0.3149296
vt 0.8345088 0.3149296
vt 0.8345088 0.3238916
vt 0.8503609 0.3238916
vt 0.8541132 0.3212426
vt 0.8307565 0.3212426
vt 0.9487117 0.3701221
vt 0.9482051 0.3704031
vt 0.9486923 0.370685
vt 0.9645848 0.370685
vt 0.9645653 0.3701221
vt 0.9640781 0.3715029
vt 0.9640977 0.3720657
vt 0.9645848 0.3717839
vt 0.9482244 0.3715029
vt 0.9482049 0.3720657
vt 0.923234 0.370105
vt 0.9230365 0.3706504
vt 0.9276298 0.3706504
vt 0.9278272 0.370105
vt 0.6740329 0.5713214
vt 0.6736308 0.5709034
vt 0.6691008 0.575263
vt 0.6695024 0.5756804
vt 0.6543437 0.6033976
vt 0.6547458 0.6038156
vt 0.6592759 0.5994561
vt 0.6588742 0.5990386
vt 0.9398362 0.3720657
vt 0.9400336 0.3715203
vt 0.9354405 0.3715204
vt 0.9352431 0.3720657
vt 0.6588742 0.5756804
vt 0.6592759 0.575263
vt 0.6547461 0.5709037
vt 0.6543438 0.5713216
vt 0.9288167 0.3720657
vt 0.9286193 0.3715203
vt 0.9240262 0.3715203
vt 0.9242236 0.3720657
vt 0.9296346 0.3715203
vt 0.929832 0.3720657
vt 0.9344252 0.3720657
vt 0.9342278 0.3715203
vt 0.6695024 0.5990386
vt 0.6691008 0.5994561
vt 0.6736306 0.6038154
vt 0.6740327 0.6033974
vt 0.9408553 0.3715029
vt 0.9408515 0.3720657
vt 0.947387 0.3720657
vt 0.9473832 0.3715029
vt 0.3794361 0.4935746
vt 0.379999 0.4935783
vt 0.3799989 0.4870429
vt 0.3794361 0.4870466
vt 0.9286451 0.370105
vt 0.9286451 0.370685
vt 0.9376071 0.370685
vt 0.9376071 0.3701056
vt 0.3794361 0.5023172
vt 0.3794361 0.5028965
vt 0.3883982 0.5028965
vt 0.3883982 0.5023165
vt 0.938425 0.370105
vt 0.938425 0.370685
vt 0.947387 0.370685
vt 0.947387 0.3701056
vt 0.3696562 0.503715
vt 0.3696562 0.5042944
vt 0.3786183 0.5042944
vt 0.3786183 0.5037144
vt 0.8549319 0.3149296
vt 0.8549312 0.3238916
vt 0.8707848 0.3238916
vt 0.870784 0.3149296
vt 0.6563487 0.5407938
vt 0.6573745 0.5416234
vt 0.6643257 0.5370697
vt 0.6639412 0.5358573
vt 0.6561862 0.5406366
vt 0.6725249 0.5367256
vt 0.6638718 0.5356421
vt 0.6728144 0.5354962
vt 0.6797339 0.5406232
vt 0.6728645 0.5352746
vt 0.6806107 0.5397167
vt 0.6839259 0.5476513
vt 0.6807668 0.5395522
vt 0.6851413 0.5473217
vt 0.68393 0.5558224
vt 0.6853595 0.5472605
vt 0.6851411 0.5561609
vt 0.6797574 0.562834
vt 0.6853595 0.5562198
vt 0.6806232 0.5637433
vt 0.6725938 0.5667162
vt 0.6807804 0.5639055
vt 0.6728718 0.5679389
vt 0.664464 0.5663853
vt 0.6729238 0.5681583
vt 0.6640778 0.5675763
vt 0.6576563 0.5619474
vt 0.6640102 0.5677912
vt 0.6567242 0.5627668
vt 0.6540685 0.5545754
vt 0.6565547 0.5629172
vt 0.6528106 0.5547512
vt 0.6525875 0.5548031
vt 0.6578768 0.6094324
vt 0.6528077 0.6162463
vt 0.6528249 0.624685
vt 0.6660275 0.6067942
vt 0.6577969 0.6316204
vt 0.6660925 0.6341218
vt 0.6741955 0.609386
vt 0.6792938 0.6161992
vt 0.6742777 0.6315866
vt 0.6792928 0.6246956
vt 0.6517696 0.625924
vt 0.6225889 0.616859
vt 0.6225889 0.625924
vt 0.6517695 0.616859
vt 0.6225889 0.607794
vt 0.6517695 0.607794
vt 0.6225889 0.5987291
vt 0.6517695 0.5987291
vt 0.6225889 0.5896642
vt 0.6517695 0.5896642
vt 0.6225889 0.5805993
vt 0.6517695 0.5805993
vt 0.6225889 0.5715343
vt 0.6517695 0.5715343
vt 0.6225889 0.5624694
vt 0.6517695 0.5624694
vt 0.622589 0.5534045
vt 0.6517695 0.5534045
vt 0.622589 0.5443395
vt 0.6517695 0.5443395
vt 0.622589 0.5352746
vt 0.6517696 0.5352747
vt 0.912648 0.3203651
vt 0.9052309 0.3250166
vt 0.9071984 0.3264674
vt 0.9109848 0.3185736
vt 0.9191375 0.3153828
vt 0.9178365 0.3133132
vt 0.9264404 0.3116944
vt 0.925547 0.3094189
vt 0.9343019 0.3094286
vt 0.9338472 0.3070266
vt 0.9424476 0.3086644
vt 0.9424476 0.3062199
vt 0.9505933 0.3094286
vt 0.951048 0.3070267
vt 0.9584547 0.3116944
vt 0.9593481 0.309419
vt 0.9657577 0.3153828
vt 0.9670587 0.3133132
vt 0.9722471 0.3203651
vt 0.9739103 0.3185737
vt 0.9776967 0.3264674
vt 0.979664 0.3250166
vt 0.6576486 0.6317884
vt 0.6577969 0.6316204
vt 0.6528249 0.624685
vt 0.6526083 0.6247555
vt 0.6528077 0.6162463
vt 0.6525875 0.6161749
vt 0.6578768 0.6094324
vt 0.6577406 0.6092442
vt 0.6660275 0.6067942
vt 0.6660255 0.6065607
vt 0.6741955 0.609386
vt 0.674329 0.6091954
vt 0.6792938 0.6161992
vt 0.679514 0.6161245
vt 0.6792928 0.6246956
vt 0.679514 0.6247663
vt 0.6742777 0.6315866
vt 0.6744146 0.6317759
vt 0.6660925 0.6341218
vt 0.6660943 0.6343554
vt 0.6577969 0.6316204
vt 0.657681 0.6318235
vt 0.01357335 0.9245565
vt 0.02129185 0.9333016
vt 0.01996133 0.923582
vt 0.02672663 0.9223372
vt 0.0165019 0.9344968
vt 0.005860895 0.9255302
vt 0.009968251 0.9381015
vt 0.01758501 0.9474567
vt 0.02075589 0.9400907
vt 0.02588996 0.9512761
vt 0.0278025 0.9331779
vt 0.02737936 0.9431309
vt 0.05863336 0.9522384
vt 0.05877286 0.9439275
vt 0.1806109 0.9522385
vt 0.05891776 0.93271
vt 0.05892035 0.920032
vt 0.1804575 0.9437913
vt 0.2142199 0.9510713
vt 0.1803732 0.9326597
vt 0.1804645 0.9199951
vt 0.2126575 0.9430854
vt 0.2120267 0.9332048
vt 0.2127924 0.9222952
vt 0.2185414 0.9331865
vt 0.2194362 0.9232458
vt 0.2191697 0.9399656
vt 0.2223929 0.9472433
vt 0.2299455 0.9378979
vt 0.2233263 0.9343445
vt 0.2259245 0.9243917
vt 0.2340696 0.9251083
vt 0.2341268 0.9605291
vt 0.2265559 0.9596628
vt 0.2239145 0.9694014
vt 0.2303315 0.9728162
vt 0.2202487 0.9585735
vt 0.2198377 0.9749252
vt 0.2230562 0.9820728
vt 0.215 0.9859473
vt 0.2192265 0.9682552
vt 0.2135313 0.9574158
vt 0.2134063 0.9780335
vt 0.2127652 0.9682568
vt 0.181904 0.9550195
vt 0.1818176 0.9676808
vt 0.06036618 0.955016
vt 0.1819195 0.9788005
vt 0.1820925 0.9872416
vt 0.06036788 0.9676898
vt 0.02747861 0.9572175
vt 0.06023936 0.97892
vt 0.0601162 0.9872416
vt 0.02854303 0.968118
vt 0.028115 0.9781736
vt 0.02664346 0.9863893
vt 0.02141628 0.9751116
vt 0.01822868 0.9826026
vt 0.02198419 0.9682142
vt 0.02078444 0.9582524
vt 0.01422548 0.9592714
vt 0.01708737 0.9694103
vt 0.01034999 0.9731467
vt 0.005926967 0.9600815
vt 0.23301 0.8889567
vt 0.2255375 0.8889543
vt 0.2237586 0.8982257
vt 0.2302854 0.901159
vt 0.2196474 0.8884467
vt 0.2200824 0.903837
vt 0.2236079 0.9107319
vt 0.2157857 0.9149261
vt 0.2191629 0.897387
vt 0.2134415 0.8873443
vt 0.213907 0.9071568
vt 0.2129406 0.8976189
vt 0.1828042 0.8852832
vt 0.1826565 0.8976107
vt 0.0586337 0.8853022
vt 0.1828201 0.9087381
vt 0.1831066 0.9172351
vt 0.05870906 0.8976173
vt 0.02669525 0.887109
vt 0.05853763 0.908857
vt 0.05832574 0.9172351
vt 0.0274848 0.897555
vt 0.0267545 0.9074577
vt 0.02502456 0.9155897
vt 0.02024475 0.904186
vt 0.01675695 0.9114984
vt 0.02109331 0.8974377
vt 0.02035546 0.8880793
vt 0.01421326 0.8887037
vt 0.0162591 0.8983779
vt 0.009362459 0.9016728
vt 0.005997956 0.8885632
vt 0.7667443 0.3961702
vt 0.7735502 0.4047891
vt 0.7727179 0.3957525
vt 0.7790219 0.394523
vt 0.7688317 0.4057212
vt 0.7590814 0.3963071
vt 0.7621564 0.4088888
vt 0.7692774 0.4185896
vt 0.7727381 0.4114119
vt 0.7774244 0.4227043
vt 0.7798674 0.4048676
vt 0.7791631 0.4146499
vt 0.8099912 0.4244262
vt 0.8102168 0.4160599
vt 0.9347843 0.4244262
vt 0.8103998 0.404833
vt 0.8103216 0.3925063
vt 0.9345151 0.4159225
vt 0.9681635 0.4222074
vt 0.9343647 0.4047822
vt 0.9345089 0.3924513
vt 0.9663085 0.4143597
vt 0.9653349 0.4047017
vt 0.9657971 0.3943166
vt 0.9716358 0.4044459
vt 0.9720363 0.3951651
vt 0.9725737 0.4110186
vt 0.9761126 0.4180518
vt 0.9830759 0.4083677
vt 0.9763314 0.405304
vt 0.9780822 0.3958855
vt 0.9860907 0.3956307
vt 0.5870865 0.3971175
vt 0.5881588 0.3966015
vt 0.5874766 0.3959995
vt 0.5885384 0.3954701
vt 0.7118228 0.3968351
vt 0.7114643 0.3959688
vt 0.7123288 0.3963294
vt 0.7126878 0.3971937
vt 0.7109491 0.3977092
vt 0.5893676 0.3976711
vt 0.7098594 0.4003389
vt 0.7094075 0.3992522
vt 0.7083214 0.3988011
vt 0.5934241 0.3988248
vt 0.5916576 0.3997369
vt 0.5910138 0.4014451
vt 0.7098626 0.4229273
vt 0.7109767 0.4255222
vt 0.7094219 0.4240177
vt 0.7083296 0.4244873
vt 0.5922706 0.4269516
vt 0.5911281 0.4300021
vt 0.5928231 0.4282316
vt 0.7126878 0.4260007
vt 0.5940896 0.4287454
vt 0.5892389 0.4306248
vt 0.7118487 0.4263639
vt 0.7123504 0.4268486
vt 0.711515 0.4272139
vt 0.590195 0.4309853
vt 0.5896622 0.4315508
vt 0.5906083 0.4319111
vt 0.5969006 0.3775709
vt 0.701273 0.384119
vt 0.6976476 0.3795929
vt 0.6999346 0.378294
vt 0.7047858 0.3829321
vt 0.7008868 0.3765041
vt 0.7063915 0.3803225
vt 0.7006745 0.3525735
vt 0.7063699 0.3487321
vt 0.6996049 0.3508804
vt 0.7048056 0.3460074
vt 0.6976816 0.3497369
vt 0.7071099 0.3815203
vt 0.7058367 0.384099
vt 0.7071099 0.3475171
vt 0.7059055 0.3449121
vt 0.7028687 0.3854795
vt 0.7031465 0.3434373
vt 0.5938648 0.3820812
vt 0.5925973 0.3830746
vt 0.701681 0.3446665
vt 0.5923127 0.3468602
vt 0.5912666 0.380932
vt 0.590348 0.3818225
vt 0.5954873 0.3770134
vt 0.5935692 0.3478562
vt 0.5962741 0.3517989
vt 0.5901068 0.3479997
vt 0.5949259 0.352634
vt 0.5900083 0.3786544
vt 0.589379 0.3796703
vt 0.594835 0.375652
vt 0.5909745 0.3488792
vt 0.5891263 0.350075
vt 0.5943373 0.353886
vt 0.5897483 0.3510526
vt 0.3109205 0.03377694
vt 0.2076753 0.2152707
vt 0.2107239 0.2187383
vt 0.1962512 0.3143697
vt 0.3065743 0.02507632
vt 0.2045243 0.2128612
vt 0.2994916 0.01966595
vt 0.2005607 0.2116808
vt 0.3109099 0.4966966
vt 0.3067182 0.5056532
vt 0.1933423 0.3174031
vt 0.2997708 0.5115359
vt 0.1901661 0.3194232
vt 0.2909251 0.5139082
vt 0.1866354 0.3198596
vt 0.1427583 0.3137862
vt 0.3122762 0.02133872
vt 0.3167582 0.03098244
vt 0.3168198 0.4994377
vt 0.3125677 0.5091729
vt 0.3024659 0.5172199
vt 0.301774 0.01384901
vt 0.3184891 0.01703107
vt 0.3230367 0.02473537
vt 0.3037565 0.007293698
vt 0.3230367 0.5055039
vt 0.3188736 0.5131833
vt 0.2967973 0.005865394
vt 0.3048606 0.5235839
vt 0.2922765 0.0118351
vt 0.04063213 0.02105242
vt 0.2930868 0.5198968
vt 0.2981654 0.5255031
vt 0.2906317 0.01789234
vt 0.04551423 0.02636462
vt 0.03426766 0.0229879
vt 0.04761994 0.03203235
vt 0.1546449 0.2099896
vt 0.1519458 0.2111032
vt 0.03661811 0.02900954
vt 0.02122867 0.0329938
vt 0.03921568 0.03438922
vt 0.1496302 0.2128921
vt 0.02717829 0.03674281
vt 0.01737165 0.04015237
vt 0.03270853 0.04003526
vt 0.1481971 0.2153481
vt 0.02321041 0.0459629
vt 0.003576636 0.5194083
vt 0.02889967 0.04858239
vt 0.01032948 0.5128861
vt 0.00822866 0.527811
vt 0.01651335 0.5099314
vt 0.1286011 0.3046744
vt 0.1321328 0.3103026
vt 0.01506388 0.5233583
vt 0.02402711 0.538582
vt 0.0212599 0.5193163
vt 0.1367133 0.313388
vt 0.02644157 0.531445
vt 0.03168643 0.5402694
vt 0.02898192 0.5252231
vt 0.03668666 0.5338659
vt 0.03859699 0.5273721
vt 0.6924831 0.4819658
vt 0.7102737 0.4419708
vt 0.7061174 0.440223
vt 0.7198253 0.4468082
vt 0.6886683 0.4817733
vt 0.6593109 0.4370863
vt 0.6988959 0.4834645
vt 0.7288017 0.4526162
vt 0.6594474 0.4847097
vt 0.6268351 0.4418821
vt 0.7042701 0.487244
vt 0.737124 0.4591709
vt 0.6370451 0.4871827
vt 0.5846521 0.4600419
vt 0.6067911 0.4914081
vt 0.5804751 0.4631138
vt 0.6983757 0.4846079
vt 0.6923072 0.4833053
vt 0.6886851 0.483304
vt 0.6595857 0.4860807
vt 0.7033352 0.4882042
vt 0.6372156 0.4885166
vt 0.6978481 0.4857612
vt 0.6922156 0.4846267
vt 0.7023824 0.4891229
vt 0.6887026 0.4848077
vt 0.6597242 0.4874492
vt 0.7058703 0.4945078
vt 0.6373835 0.4898487
vt 0.7072144 0.4938452
vt 0.7088906 0.5043395
vt 0.6070435 0.4927484
vt 0.6072639 0.4940656
vt 0.7108517 0.504141
vt 0.7059112 0.6543546
vt 0.7085903 0.4931144
vt 0.7129105 0.5038461
vt 0.7480505 0.4689056
vt 0.7080853 0.6544629
vt 0.7049042 0.6640136
vt 0.7103211 0.6546651
vt 0.7480505 0.6847044
vt 0.7064414 0.6643739
vt 0.7029686 0.6702127
vt 0.7079852 0.6648271
vt 0.7409681 0.6935667
vt 0.7336799 0.7008623
vt 0.704087 0.6708717
vt 0.6994892 0.674153
vt 0.705183 0.6715729
vt 0.7257982 0.7072786
vt 0.7001659 0.6751236
vt 0.6941941 0.6760988
vt 0.700853 0.6761119
vt 0.7175673 0.7127831
vt 0.6945401 0.6773245
vt 0.6911085 0.676545
vt 0.694944 0.6785537
vt 0.6913301 0.6779561
vt 0.6623834 0.6806303
vt 0.691586 0.6793939
vt 0.7139962 0.7150723
vt 0.6624773 0.6819596
vt 0.6410617 0.6804751
vt 0.6625684 0.6832996
vt 0.6685357 0.7298161
vt 0.640936 0.6817436
vt 0.6129038 0.6749703
vt 0.6408062 0.6830233
vt 0.63351 0.7277738
vt 0.6126112 0.6761916
vt 0.6093899 0.6740195
vt 0.6122845 0.6774432
vt 0.5895642 0.7084304
vt 0.608951 0.6750495
vt 0.6048841 0.671617
vt 0.6084731 0.6760884
vt 0.5854499 0.7052041
vt 0.5789541 0.6990235
vt 0.6042002 0.6724865
vt 0.601638 0.6680872
vt 0.6035312 0.673332
vt 0.5731857 0.6923524
vt 0.6007177 0.6686562
vt 0.6000392 0.6632374
vt 0.5997884 0.6692576
vt 0.5681264 0.685423
vt 0.5988355 0.6634578
vt 0.6002538 0.6557716
vt 0.5975909 0.6637398
vt 0.5984839 0.6557554
vt 0.5933821 0.5157442
vt 0.5966935 0.655842
vt 0.5630622 0.6778107
vt 0.5914913 0.5157615
vt 0.594169 0.5055335
vt 0.5895376 0.5157093
vt 0.5539875 0.4917019
vt 0.5928274 0.5052651
vt 0.5957012 0.5001187
vt 0.5914717 0.5049236
vt 0.5610588 0.4813401
vt 0.5670502 0.4745597
vt 0.5947047 0.4995667
vt 0.5986925 0.4965702
vt 0.593725 0.4989794
vt 0.5735923 0.4684741
vt 0.5980672 0.4957173
vt 0.6034253 0.4947155
vt 0.597428 0.4948518
vt 0.6030867 0.4935989
vt 0.6026973 0.4924758
vn -0.4474597 0.4582666 -0.7679659
vn -0.4636877 0.7542494 -0.4648672
vn -0.753808 0.4584306 -0.47076
vn -0.7537965 0.4584325 0.4707765
vn -0.4636804 0.7542553 0.4648649
vn -0.4474464 0.4582697 0.7679717
vn 0 0 1
vn 0 0 1
vn 0 0 1
vn 0 0 1
vn 0 0 1
vn 0 0 1
vn 0 0 1
vn 0 0 1
vn 0 0 1
vn 0 0 1
vn 0 0 1
vn 0 0 1
vn 0 0 1
vn 0 0 1
vn 0 0 1
vn 0 0 1
vn 0 0 1
vn 0 0 1
vn 0 0 1
vn 0 0 1
vn 0 0 1
vn 0 0 1
vn 0 0 1
vn 0 0 1
vn 0 0 1
vn 0 0 1
vn 8.401796E-07 0 1
vn 0 0 1
vn 0 0 1
vn 0 0 1
vn 0 0 1
vn -3.682501E-07 0 1
vn 0 0 1
vn 0 0 1
vn 0 0 1
vn 0 0 1
vn -3.682501E-07 0 1
vn 0 0 1
vn 0 0 1
vn -3.682501E-07 0 1
vn 1.067945E-06 0 1
vn 8.401796E-07 0 1
vn 0 0 1
vn 0 0 1
vn 0 0 1
vn -2.820886E-07 0 1
vn 0 0 1
vn 1.067945E-06 0 1
vn 0 0 1
vn 0 0 1
vn 0 0 1
vn 1.067945E-06 0 1
vn 0 0 1
vn 0 0 1
vn 0 0 1
vn -1.13227E-06 0 1
vn -1.13227E-06 0 1
vn -1.13227E-06 0 1
vn 0 0 1
vn 0 0 1
vn -2.820886E-07 0 1
vn 0 0 1
vn 0 0 1
vn 0 0 1
vn 0 0 1
vn 0 0 1
vn -2.820886E-07 0 1
vn -1.067945E-06 0 1
vn 0 0 1
vn -2.820886E-07 0 1
vn 0 0 1
vn 0 0 1
vn 1.067945E-06 0 1
vn 0 0 1
vn 0 0 1
vn 0 0 1
vn -1.067946E-06 0 1
vn -1.067946E-06 0 1
vn -1.067946E-06 0 1
vn 0 0 1
vn 0 0 1
vn 0 0 1
vn 1.397536E-06 0 1
vn 1.397536E-06 0 1
vn 8.987248E-07 0 1
vn 1.397536E-06 0 1
vn 1.397536E-06 0 1
vn 1.397536E-06 0 1
vn 8.987248E-07 0 1
vn 8.987248E-07 0 1
vn 8.987248E-07 0 1
vn 8.987248E-07 0 1
vn -0.7071069 -0.7071066 0
vn -0.1950904 -0.9807853 0
vn -0.1761993 -0.9659955 0.1892261
vn -0.6874293 -0.6874294 0.2342686
vn -0.9807854 -0.1950901 0
vn -0.4319361 -0.4319369 0.791746
vn -0.1295291 -0.6857118 0.7162552
vn -0.2382818 -0.2382832 0.941511
vn -0.09680792 -0.3705898 0.9237378
vn -0.370585 -0.0968069 0.9237397
vn -0.6857086 -0.1295279 0.7162584
vn -0.3705913 0.09680737 0.9237372
vn -0.9659951 -0.1761989 0.1892283
vn -0.6857075 0.1295287 0.7162595
vn -0.2382855 0.2382857 0.9415094
vn -0.9659946 0.1761995 0.1892306
vn -0.9807853 0.1950906 0
vn -0.7071069 0.7071066 0
vn -0.4319343 0.4319359 0.7917476
vn -0.09680633 0.3705936 0.9237364
vn -0.1295276 0.6857108 0.7162564
vn -0.6874276 0.6874284 0.234276
vn -0.1950908 0.9807853 0
vn -0.176199 0.9659949 0.1892295
vn -0.7071071 -0.7071064 0
vn -0.1950907 -0.9807853 0
vn -0.1761992 -0.9659951 0.189228
vn -0.6874292 -0.6874284 0.2342714
vn -0.9807854 -0.1950901 0
vn -0.4319386 -0.431936 0.7917451
vn -0.1295278 -0.6857113 0.716256
vn -0.2382885 -0.2382838 0.9415091
vn -0.09680554 -0.3705914 0.9237374
vn -0.3705958 -0.09680657 0.9237354
vn -0.6857109 -0.1295276 0.7162563
vn -0.3705912 0.09680709 0.9237372
vn -0.9659953 -0.1761987 0.1892278
vn -0.6857079 0.1295285 0.716259
vn -0.2382849 0.2382843 0.9415098
vn -0.9659948 0.1761992 0.1892297
vn -0.9807853 0.1950904 0
vn -0.7071068 0.7071068 0
vn -0.4319344 0.4319354 0.7917477
vn -0.09680566 0.3705914 0.9237374
vn -0.6874278 0.6874289 0.234275
vn -0.1950903 0.9807853 0
vn -0.1295276 0.6857108 0.7162564
vn 0.09680361 0.370593 0.923737
vn 0.1295268 0.6857104 0.7162571
vn -0.1761988 0.965995 0.1892287
vn 0.1761989 0.9659949 0.1892296
vn 0.1950908 0.9807853 0
vn 0.1761989 0.9659949 0.1892296
vn 0.7071069 0.7071066 0
vn 0.1950908 0.9807853 0
vn 0.687429 0.6874278 0.2342742
vn 0.9807853 0.1950904 0
vn 0.431937 0.4319352 0.7917464
vn 0.1295268 0.6857104 0.7162571
vn 0.2382871 0.2382855 0.941509
vn 0.09680361 0.370593 0.923737
vn 0.3705958 0.09680658 0.9237356
vn 0.6857105 0.1295279 0.7162566
vn 0.3705899 -0.09680686 0.9237378
vn 0.9659955 0.1761983 0.1892268
vn 0.6857098 -0.1295284 0.7162573
vn 0.2382866 -0.2382844 0.9415094
vn 0.9659955 -0.1761993 0.1892265
vn 0.9807853 -0.1950908 0
vn 0.7071065 -0.7071071 0
vn 0.4319371 -0.4319359 0.791746
vn 0.09680872 -0.370592 0.9237368
vn 0.6874288 -0.6874286 0.2342724
vn 0.1950904 -0.9807853 0
vn 0.1295286 -0.6857105 0.7162564
vn -0.09680554 -0.3705914 0.9237374
vn -0.1295278 -0.6857113 0.716256
vn 0.1761988 -0.965995 0.1892288
vn -0.1761992 -0.9659951 0.189228
vn -0.1950907 -0.9807853 0
vn -0.1761993 -0.9659955 0.1892261
vn -0.1950904 -0.9807853 0
vn 0.19509 -0.9807854 0
vn 0.1761987 -0.9659951 0.1892286
vn -0.1295291 -0.6857118 0.7162552
vn 0.6874285 -0.6874288 0.234273
vn 0.7071063 -0.7071072 0
vn 0.1295269 -0.6857101 0.7162573
vn -0.09680792 -0.3705898 0.9237378
vn 0.09680269 -0.3705908 0.9237379
vn 0.4319348 -0.4319359 0.7917473
vn 0.2382831 -0.2382843 0.9415104
vn 0.9659951 -0.1761992 0.1892282
vn 0.9807853 -0.1950907 0
vn 0.9807853 0.1950904 0
vn 0.6857097 -0.129528 0.7162575
vn 0.3705912 -0.09680722 0.9237372
vn 0.965995 0.1761984 0.189229
vn 0.6857098 0.1295275 0.7162575
vn 0.3705963 0.09680671 0.9237353
vn 0.6874294 0.687427 0.234275
vn 0.7071073 0.7071062 0
vn 0.4319394 0.4319338 0.7917459
vn 0.2382908 0.2382847 0.9415083
vn 0.1762 0.9659948 0.1892293
vn 0.1950912 0.9807851 0
vn -0.1950908 0.9807853 0
vn -0.176199 0.9659949 0.1892295
vn 0.1295294 0.6857104 0.7162564
vn 0.09680882 0.3705926 0.9237365
vn -0.1295276 0.6857108 0.7162564
vn -0.09680633 0.3705936 0.9237364
vn -0.2785543 0.9591927 -0.04854661
vn -0.2985126 0.9541182 -0.02342725
vn -0.2985126 0.9541182 0.02342736
vn -0.2785546 0.9591927 0.04854659
vn 0.4160578 0.9087363 0.03307682
vn 0.390004 0.9183115 0.06782971
vn 0.2927147 0.9388443 0.1813546
vn 0.3121119 0.9364562 0.1601121
vn 0.1813982 0.93883 0.2927338
vn 0.160105 0.9364285 0.3121986
vn 0.03306881 0.9086416 0.4162654
vn 0.06787006 0.9182506 0.3901404
vn 0 0.8978589 0.4402833
vn 1.214543E-07 0.8978577 0.4402858
vn 0 0.8978598 0.4402817
vn 1.216627E-07 0.8978581 0.440285
vn -0.06786253 0.9182183 0.3902179
vn -0.03309605 0.9086346 0.4162785
vn -0.1814532 0.9387739 0.2928797
vn -0.160201 0.9363832 0.3122852
vn -0.292898 0.9387593 0.1814985
vn -0.3123709 0.9363555 0.1601959
vn -0.416472 0.9085462 0.03308999
vn -0.3903476 0.91816 0.0679048
vn 0.4160579 0.9087362 -0.03307653
vn 0.2927147 0.9388443 -0.1813549
vn 0.3900036 0.9183117 -0.06783005
vn 0.3121119 0.9364562 -0.1601124
vn 0.1601054 0.9364287 -0.3121981
vn 0.1813988 0.93883 -0.2927333
vn 0.03306916 0.9086428 -0.4162627
vn 0.06787049 0.9182513 -0.3901384
vn 1.318968E-07 0.8978592 -0.4402827
vn 0 0.8978605 -0.4402802
vn 1.321231E-07 0.8978596 -0.4402819
vn 0 0.8978612 -0.4402786
vn -0.03309638 0.9086357 -0.4162763
vn -0.06786293 0.9182187 -0.3902168
vn -0.1814538 0.9387736 -0.2928797
vn -0.1602013 0.9363831 -0.3122854
vn -0.3123693 0.9363561 -0.1601958
vn -0.2928969 0.9387597 -0.1814985
vn -0.4164712 0.9085465 -0.03308947
vn -0.3903455 0.9181609 -0.06790464
vn 0.2277734 -0.9735607 0.01728418
vn 0.155492 -0.9830909 0.09671851
vn 0.210799 -0.976822 0.03718295
vn 0.1669259 -0.9823142 0.08482001
vn 0.08481749 -0.9823054 0.1669796
vn 0.09674352 -0.9830865 0.1555046
vn 0.01728011 -0.97353 0.2279049
vn 0.03720739 -0.9768027 0.2108839
vn -1.607954E-07 -0.9701441 0.2425291
vn 0 -0.9701442 0.2425286
vn -1.610797E-07 -0.9701442 0.2425286
vn 0 -0.9701445 0.2425277
vn -0.01729535 -0.9735283 0.2279112
vn -0.03720436 -0.9767931 0.2109294
vn -0.09678005 -0.9830692 0.1555909
vn -0.08487407 -0.9822918 0.1670308
vn -0.1670853 -0.9822827 0.08487234
vn -0.1556043 -0.9830646 0.09680551
vn -0.2280425 -0.9734977 0.01729189
vn -0.2110146 -0.9767736 0.03723017
vn 0.2277733 -0.9735607 -0.01728394
vn 0.2107988 -0.9768221 -0.03718261
vn 0.1554917 -0.9830909 -0.09671818
vn 0.1669256 -0.9823143 -0.08481963
vn 0.09674354 -0.9830865 -0.1555044
vn 0.0848178 -0.9823054 -0.1669793
vn 0.01728038 -0.9735301 -0.2279048
vn 0.03720792 -0.9768027 -0.2108836
vn 0 -0.9701442 -0.2425286
vn -1.471881E-07 -0.9701441 -0.2425291
vn 0 -0.9701445 -0.2425277
vn -1.474483E-07 -0.9701442 -0.2425286
vn -0.03720492 -0.9767932 -0.2109284
vn -0.01729563 -0.9735284 -0.2279107
vn -0.09677989 -0.9830694 -0.1555903
vn -0.08487427 -0.9822919 -0.1670298
vn -0.1556038 -0.9830647 -0.09680569
vn -0.167085 -0.9822827 -0.08487269
vn -0.2280424 -0.9734977 -0.01729207
vn -0.2110145 -0.9767736 -0.03723073
vn 0.2078096 0.9696866 -0.1285425
vn 0.2782989 0.9592698 -0.04849018
vn 0.2981996 0.9542162 -0.0234176
vn 0.2214822 0.968514 -0.1136935
vn 0.1285746 0.9696792 -0.2078236
vn 0.1136898 0.9685001 -0.2215449
vn 0.04852089 0.9592397 -0.278397
vn 0.02341273 0.9541693 -0.2983501
vn 0 0.9485409 -0.3166548
vn 1.420278E-07 0.948541 -0.3166545
vn 0 0.9485406 -0.3166554
vn 1.422738E-07 0.9485409 -0.3166548
vn -0.04851608 0.9592229 -0.2784561
vn -0.0234325 0.9541653 -0.2983615
vn -0.1286154 0.9696509 -0.2079309
vn -0.1137599 0.9684772 -0.2216092
vn -0.2079441 0.9696436 -0.1286483
vn -0.2216719 0.9684632 -0.1137559
vn -0.2785543 0.9591927 -0.04854661
vn -0.2985126 0.9541182 -0.02342725
vn 0.390004 0.9183115 0.06782971
vn 0.4160578 0.9087363 0.03307682
vn 0.4160579 0.9087362 -0.03307653
vn 0.3900036 0.9183117 -0.06783005
vn -0.2280424 -0.9734977 -0.01729207
vn -0.2110145 -0.9767736 -0.03723073
vn -0.2110146 -0.9767736 0.03723017
vn -0.2280425 -0.9734977 0.01729189
vn -0.416472 0.9085462 0.03308999
vn -0.3903476 0.91816 0.0679048
vn -0.3903455 0.9181609 -0.06790464
vn -0.4164712 0.9085465 -0.03308947
vn 0.2277734 -0.9735607 0.01728418
vn 0.210799 -0.976822 0.03718295
vn 0.2107988 -0.9768221 -0.03718261
vn 0.2277733 -0.9735607 -0.01728394
vn -0.2079448 0.9696435 0.1286485
vn -0.2785546 0.9591927 0.04854659
vn -0.2985126 0.9541182 0.02342736
vn -0.2216723 0.9684632 0.1137563
vn -0.1286159 0.9696507 0.2079314
vn -0.11376 0.968477 0.22161
vn -0.04851592 0.9592226 0.2784566
vn -0.0234324 0.9541652 0.2983617
vn 1.369717E-07 0.9485407 0.3166553
vn 0 0.9485406 0.3166556
vn 1.367348E-07 0.9485409 0.316655
vn 0 0.9485407 0.316655
vn 0.04852068 0.9592393 0.2783983
vn 0.02341262 0.9541691 0.2983507
vn 0.1285751 0.9696791 0.2078248
vn 0.1136899 0.9684997 0.2215463
vn 0.2078103 0.9696863 0.1285428
vn 0.2214826 0.9685138 0.1136939
vn 0.2782992 0.9592696 0.04849018
vn 0.2981996 0.9542162 0.02341771
vn -0.2807941 -0.9439611 -0.1734706
vn -0.3729602 -0.9255974 -0.0645764
vn -0.397234 -0.9171634 -0.03188553
vn -0.2984917 -0.941937 -0.1538101
vn -0.1734243 -0.9439749 -0.2807766
vn -0.1538133 -0.9419625 -0.2984093
vn -0.0645369 -0.9256527 -0.3728297
vn -0.03189209 -0.9172458 -0.3970429
vn 0 -0.9075251 -0.419998
vn -1.328513E-07 -0.9075257 -0.4199966
vn 0 -0.9075235 -0.4200012
vn -1.326253E-07 -0.9075249 -0.4199984
vn 0.06454398 -0.9256779 -0.3727659
vn 0.03186603 -0.9172497 -0.397036
vn 0.1733692 -0.9440272 -0.2806345
vn 0.153719 -0.9420039 -0.298327
vn 0.280614 -0.9440414 -0.1733254
vn 0.2982422 -0.9420301 -0.1537237
vn 0.3726327 -0.9257342 -0.06450639
vn 0.3968435 -0.9173328 -0.031873
vn 0.2806145 -0.9440411 0.1733258
vn 0.3726324 -0.9257343 0.06450608
vn 0.3968431 -0.9173329 0.03187327
vn 0.2982422 -0.94203 0.1537243
vn 0.1733701 -0.9440268 0.2806355
vn 0.1537196 -0.9420034 0.2983284
vn 0.06454441 -0.9256771 0.3727678
vn 0.03186613 -0.9172486 0.3970385
vn 0 -0.9075222 0.4200041
vn -1.097597E-07 -0.9075235 0.4200012
vn 0 -0.9075238 0.4200009
vn -1.099468E-07 -0.9075243 0.4199994
vn -0.06453714 -0.9256507 0.3728351
vn -0.0318921 -0.917244 0.397047
vn -0.1734253 -0.9439732 0.2807814
vn -0.1538138 -0.9419608 0.2984147
vn -0.2807953 -0.9439603 0.1734733
vn -0.2984925 -0.9419362 0.1538129
vn -0.372961 -0.925597 0.06457743
vn -0.3972341 -0.9171633 0.03188646
vn 0.3726327 -0.9257342 -0.06450639
vn 0.3968435 -0.9173328 -0.031873
vn 0.3968431 -0.9173329 0.03187327
vn 0.3726324 -0.9257343 0.06450608
vn 0.2981996 0.9542162 -0.0234176
vn 0.2782989 0.9592698 -0.04849018
vn 0.2782992 0.9592696 0.04849018
vn 0.2981996 0.9542162 0.02341771
vn -0.397234 -0.9171634 -0.03188553
vn -0.3729602 -0.9255974 -0.0645764
vn -0.372961 -0.925597 0.06457743
vn -0.3972341 -0.9171633 0.03188646
vn -1.46455E-06 0 1
vn -1.46455E-06 0 1
vn -1.46455E-06 0 1
vn -1.46455E-06 0 1
vn -1.46455E-06 0 1
vn -1.46455E-06 0 1
vn 0 0 1
vn 0 0 1
vn 1.464549E-06 0 1
vn 0 0 1
vn 0 0 1
vn 0 0 1
vn 1.464549E-06 0 1
vn 1.464549E-06 0 1
vn 1.464549E-06 0 1
vn 1.464549E-06 0 1
vn 1.464549E-06 0 1
vn -5.953947E-07 0 1
vn -5.953947E-07 0 1
vn 0 0 1
vn 5.830311E-07 0 1
vn 0 0 1
vn 0 0 1
vn 7.674618E-07 0 1
vn 5.830311E-07 0 1
vn 7.674618E-07 0 1
vn 0 0 1
vn 0 0 1
vn 7.674618E-07 0 1
vn 7.674618E-07 0 1
vn 7.674618E-07 0 1
vn 7.674618E-07 0 1
vn 0 0 1
vn -1.525208E-07 0 1
vn 0 0 1
vn 0 0 1
vn 0 0 1
vn 0 0 1
vn -1.525208E-07 0 1
vn 0 0 1
vn 0.8661197 -1.595143E-07 0.4998366
vn 0.9914694 -1.814045E-07 0.1303385
vn 0.9914694 -1.91083E-07 0.1303385
vn 0.8661197 -1.690111E-07 0.4998366
vn 0.4998358 -1.195512E-07 0.8661202
vn 0.9914694 -1.872296E-07 0.1303386
vn 0.4998357 -1.129143E-07 0.8661202
vn 0.2584537 0 0.9660236
vn 0.2584538 0 0.9660236
vn 0.8661199 -1.275192E-07 0.4998364
vn 0.9914694 -1.736978E-07 0.1303387
vn 0.8661202 0 0.4998358
vn 0.4998355 0 0.8661203
vn 0.2584527 0 0.9660239
vn 0.4998356 0 0.8661203
vn 0.2584516 0 0.9660243
vn 0.9914694 -1.814045E-07 -0.1303385
vn 0.9914694 -1.91083E-07 0.1303385
vn 0.9914694 -1.814045E-07 0.1303385
vn 0.9914694 -1.91083E-07 -0.1303385
vn 0.9914694 -1.872296E-07 0.1303386
vn 0.9914694 -1.872296E-07 -0.1303385
vn 0.9914694 -1.736978E-07 0.1303387
vn 0.9914694 -1.736977E-07 -0.1303385
vn 0.9793298 0.1543421 0.1307344
vn 0.934316 0.3308319 -0.1326793
vn 0.9793298 0.1543422 -0.1307348
vn 0.934316 0.3308321 0.132679
vn 0.6489123 0.7406598 -0.1741724
vn 0.648912 0.74066 0.1741721
vn 0.2065714 0.9563767 -0.2065717
vn 0.2065713 0.9563767 0.2065715
vn 1.095469E-07 0.9768229 -0.2140491
vn 1.10899E-07 0.9768229 0.2140491
vn 1.095469E-07 0.9768229 -0.2140492
vn 1.10899E-07 0.9768229 0.2140492
vn -0.2065715 0.9563766 -0.2065717
vn -0.2065715 0.9563766 0.2065717
vn -0.6489118 0.7406603 -0.174172
vn -0.648912 0.7406601 0.174172
vn -0.9343155 0.3308333 -0.1326791
vn -0.9343155 0.3308335 0.1326789
vn -0.9793297 0.1543434 -0.1307351
vn -0.9793296 0.1543439 0.1307348
vn -0.2584538 0 0.9660236
vn -0.4998367 1.195512E-07 0.8661197
vn -0.2584538 0 0.9660236
vn -0.4998366 1.060641E-07 0.8661197
vn -0.2584527 0 0.9660239
vn -0.8661202 1.595141E-07 0.4998358
vn -0.4998362 1.035247E-07 0.86612
vn -0.2584516 0 0.9660243
vn -0.4998356 1.144722E-07 0.8661203
vn -0.8661202 1.621609E-07 0.4998358
vn -0.9914694 1.814045E-07 0.1303386
vn -0.9914694 1.91083E-07 0.1303386
vn -0.8661202 1.587725E-07 0.4998357
vn -0.8661201 1.527374E-07 0.4998359
vn -0.9914694 1.872296E-07 0.1303386
vn -0.9914694 1.736978E-07 0.1303387
vn -0.86612 1.595142E-07 -0.4998361
vn -0.9914694 1.814044E-07 -0.1303386
vn -0.9914694 1.91083E-07 -0.1303386
vn -0.86612 1.62161E-07 -0.4998362
vn -0.4998354 0 -0.8661204
vn -0.9914694 1.872296E-07 -0.1303385
vn -0.4998353 0 -0.8661205
vn -0.1303377 0 -0.9914696
vn -0.86612 1.587726E-07 -0.4998361
vn -0.9914694 1.736976E-07 -0.1303385
vn -0.86612 1.527374E-07 -0.4998361
vn -0.4998354 0 -0.8661204
vn -0.4998354 0 -0.8661205
vn -0.1303377 0 -0.9914696
vn 0 0 -1
vn -0.1303377 0 -0.9914696
vn -0.1303377 0 -0.9914696
vn 0 0 -1
vn 0 0 -1
vn 0 0 -1
vn 0 0 -1
vn 0 0 -1
vn 0.1303378 0 -0.9914696
vn 0 0 -1
vn 0 0 -1
vn 0.1303377 0 -0.9914696
vn 0.4998354 0 -0.8661205
vn 0.1303377 0 -0.9914696
vn 0.1303377 0 -0.9914696
vn 0.4998354 -1.046433E-07 -0.8661204
vn 0.86612 -1.595142E-07 -0.4998362
vn 0.4998353 0 -0.8661205
vn 0.4998353 0 -0.8661205
vn 0.86612 -1.69011E-07 -0.4998361
vn 0.9914694 -1.814045E-07 -0.1303385
vn 0.9914694 -1.91083E-07 -0.1303385
vn 0.86612 -1.275191E-07 -0.4998361
vn 0.86612 0 -0.4998361
vn 0.9914694 -1.872296E-07 -0.1303385
vn 0.9914694 -1.736977E-07 -0.1303385
vn -0.9914694 1.91083E-07 -0.1303386
vn -0.9914694 1.814044E-07 -0.1303386
vn -0.9914694 1.814045E-07 0.1303386
vn -0.9914694 1.91083E-07 0.1303386
vn -0.9914694 1.872296E-07 -0.1303385
vn -0.9914694 1.872296E-07 0.1303386
vn -0.9914694 1.736976E-07 -0.1303385
vn -0.9914694 1.736978E-07 0.1303387
vn 0.9332829 -0.3337658 0.1326028
vn 0.9783506 -0.1605466 0.1305941
vn 0.9783506 -0.1605466 -0.1305942
vn 0.9332829 -0.3337657 -0.132603
vn 0.6489113 -0.7406607 0.1741719
vn 0.6489115 -0.7406605 -0.1741721
vn 0.2065711 -0.9563769 0.2065712
vn 0.2065711 -0.9563769 -0.2065713
vn -1.10899E-07 -0.9768229 0.2140491
vn -1.095469E-07 -0.9768229 -0.214049
vn -1.10899E-07 -0.976823 0.2140489
vn -1.095469E-07 -0.976823 -0.2140489
vn -0.2065715 -0.9563767 0.2065714
vn -0.2065715 -0.9563767 -0.2065715
vn -0.6489123 -0.7406599 0.174172
vn -0.6489121 -0.74066 -0.1741722
vn -0.9332834 -0.3337645 0.1326021
vn -0.9332833 -0.3337646 -0.1326024
vn -0.9783508 -0.1605459 0.1305936
vn -0.9783508 -0.1605457 -0.1305939
vn 0.6633831 0.3462031 -0.6633747
vn 0.1950966 -1.214049E-07 -0.9807841
vn 0.7071112 -5.155284E-07 -0.7071024
vn 0.1629771 0.383676 -0.9089727
vn 0.1087943 0.9066817 -0.4075441
vn 0.3298014 0.8845711 -0.3297954
vn -0.108793 0.9066821 -0.4075435
vn -0.1629759 0.3836744 -0.9089735
vn -0.195096 0 -0.9807842
vn -0.3298003 0.8845705 -0.3297979
vn -0.7071109 0 -0.7071027
vn -0.6633805 0.3462012 -0.6633786
vn -0.9807853 1.85195E-07 -0.1950904
vn -0.7071109 0 -0.7071027
vn -0.6633805 0.3462012 -0.6633786
vn -0.9089752 0.383672 -0.1629719
vn -0.9807851 1.85195E-07 0.1950911
vn -0.4075452 0.906681 -0.1087952
vn -0.3298003 0.8845705 -0.3297979
vn -0.4075442 0.9066822 0.1087899
vn -0.9089751 0.3836726 0.1629713
vn -0.707109 0 0.7071044
vn -0.3297988 0.8845736 0.3297912
vn -0.6633786 0.3462046 0.6633786
vn 0.9807851 -5.494102E-07 0.1950912
vn 0.7071094 -5.799715E-07 0.7071041
vn 0.6633782 0.3462024 0.6633801
vn 0.9089754 0.3836711 0.1629729
vn 0.9807853 -5.494088E-07 -0.1950904
vn 0.4075454 0.9066818 0.1087886
vn 0.329799 0.8845723 0.3297946
vn 0.4075467 0.906681 -0.1087899
vn 0.9089758 0.3836712 -0.1629705
vn 0.7071112 -5.155284E-07 -0.7071024
vn 0.3298014 0.8845711 -0.3297954
vn 0.6633831 0.3462031 -0.6633747
vn -0.6633786 0.3462046 0.6633786
vn -0.1950943 0 0.9807844
vn -0.707109 0 0.7071044
vn -0.1629736 0.3836718 0.9089751
vn -0.1087906 0.9066822 0.4075438
vn -0.3297988 0.8845736 0.3297912
vn 0.1087908 0.90668 0.4075487
vn 0.162974 0.3836715 0.9089751
vn 0.1950948 -1.821074E-07 0.9807843
vn 0.329799 0.8845723 0.3297946
vn 0.7071094 -5.799715E-07 0.7071041
vn 0.6633782 0.3462024 0.6633801
vn 0 0 -1
vn 0 0 -1
vn 0 0 -1
vn 0 0 -1
vn 0 1 0
vn 0 1 0
vn 0 1 0
vn 0 1 0
vn -1 3.881909E-07 0
vn -1 3.881909E-07 0
vn -1 3.881909E-07 0
vn -1 3.881909E-07 0
vn 0 0 1
vn 0 0 1
vn 0 0 1
vn 0 0 1
vn 0 -1 0
vn 0 -1 0
vn 0 -1 0
vn 0 -1 0
vn 0 -1 0
vn 0 -1 0
vn 0 -1 0
vn 0 -1 0
vn 0.4836823 0.8752436 0
vn 0.4836823 0.8752436 0
vn 0.4836823 0.8752436 0
vn 0.4836823 0.8752436 0
vn 1 -1.940955E-07 0
vn 1 -1.940955E-07 0
vn 1 -1.940955E-07 0
vn 1 -1.940955E-07 0
vn -1 1.024597E-07 0
vn -1 1.024597E-07 0
vn -1 1.024597E-07 0
vn -1 1.024597E-07 0
vn 0 0 1
vn 0 0 1
vn 0 0 1
vn 0 0 1
vn 1 -2.049194E-07 0
vn 1 -2.049194E-07 0
vn 1 -2.049194E-07 0
vn 1 -2.049194E-07 0
vn -0.4836825 0.8752435 0
vn -0.4836825 0.8752435 0
vn -0.4836825 0.8752435 0
vn -0.4836825 0.8752435 0
vn 0 0.6222842 0.7827913
vn 0 0.6222842 0.7827913
vn 0 0.6222842 0.7827913
vn 0 0.6222842 0.7827913
vn 0 0.6222793 -0.7827953
vn 0 0.6222793 -0.7827953
vn 0 0.6222793 -0.7827953
vn 0 0.6222793 -0.7827953
vn 0.4474593 0.4582662 -0.7679662
vn 0.753809 0.4584289 -0.4707599
vn 0.4636897 0.754248 -0.4648674
vn -0.4636877 0.7542494 -0.4648672
vn -0.4474597 0.4582666 -0.7679659
vn 0.4474469 0.4582697 0.7679715
vn 0.4636832 0.7542541 0.4648641
vn 0.7537979 0.4584309 0.4707757
vn -0.4474464 0.4582697 0.7679717
vn -0.4636804 0.7542553 0.4648649
vn 0.5743282 0.55965 -0.5974438
vn 0.6205494 0.4452788 -0.6454806
vn 0.5743586 0.5596063 -0.5974554
vn 0.6205749 0.4452407 -0.6454824
vn 0.5743307 0.5596531 0.5974385
vn 0.6205533 0.4452861 0.6454719
vn 0.6931309 5.199762E-05 0.7208117
vn 0.6931309 5.199762E-05 0.7208117
vn -0.5743285 0.5596505 -0.597443
vn -0.6205498 0.4452795 -0.6454798
vn -0.6931183 5.235425E-05 -0.7208239
vn -0.6931183 5.235425E-05 -0.7208239
vn -0.574331 0.5596535 0.5974377
vn -0.6205537 0.4452867 0.645471
vn -0.5743476 0.559612 0.5974606
vn -0.6205646 0.4452449 0.6454893
vn 0.6931173 5.199857E-05 -0.7208248
vn 0.6931173 5.199857E-05 -0.7208248
vn 0.6205494 0.4452788 -0.6454806
vn 0.5743282 0.55965 -0.5974438
vn 0.6205646 0.4452448 0.6454893
vn 0.5743479 0.5596115 0.5974608
vn 0.6205533 0.4452861 0.6454719
vn 0.5743307 0.5596531 0.5974385
vn -0.6205748 0.4452409 -0.6454824
vn -0.5743582 0.5596069 -0.5974553
vn -0.6205498 0.4452795 -0.6454798
vn -0.5743285 0.5596505 -0.597443
vn -0.693132 5.24561E-05 0.7208107
vn -0.693132 5.24561E-05 0.7208107
vn -0.6205537 0.4452867 0.645471
vn -0.574331 0.5596535 0.5974377
vn -0.753808 0.4584306 -0.47076
vn -0.4636877 0.7542494 -0.4648672
vn -0.4636804 0.7542553 0.4648649
vn -0.7537965 0.4584325 0.4707765
vn 0.7537979 0.4584309 0.4707757
vn 0.4636832 0.7542541 0.4648641
vn 0.4636897 0.754248 -0.4648674
vn 0.753809 0.4584289 -0.4707599
vn 0.6205749 0.4452407 -0.6454824
vn 0.5743586 0.5596063 -0.5974554
vn 0.753809 0.4584289 -0.4707599
vn 0.4474593 0.4582662 -0.7679662
vn 0.4474469 0.4582697 0.7679715
vn 0.7537979 0.4584309 0.4707757
vn 0.5743479 0.5596115 0.5974608
vn 0.6205646 0.4452448 0.6454893
vn -0.6205646 0.4452449 0.6454893
vn -0.5743476 0.559612 0.5974606
vn -0.7537965 0.4584325 0.4707765
vn -0.4474464 0.4582697 0.7679717
vn -0.4474597 0.4582666 -0.7679659
vn -0.753808 0.4584306 -0.47076
vn -0.5743582 0.5596069 -0.5974553
vn -0.6205748 0.4452409 -0.6454824
vn 0 0 -1
vn 0 0 -1
vn 0 0 -1
vn 0 0 -1
vn -0.1332965 0.9021938 -0.4102175
vn -2.90328E-06 1 -1.856196E-05
vn -6.087428E-06 1 -4.640453E-06
vn -0.3489782 0.9021845 -0.2535298
vn -0.2872618 0.3686286 -0.8840778
vn -2.789737E-06 1 2.320209E-06
vn -0.7520514 0.3686109 -0.5463924
vn -0.4313612 0.9021794 1.984325E-06
vn 0 1 2.320206E-06
vn -0.9295881 0.3685998 7.796854E-07
vn -0.3489762 0.9021748 0.2535669
vn 0 1 4.640393E-06
vn -0.7520517 0.3685906 0.5464056
vn -0.1332958 0.9021735 0.4102623
vn 0 1 4.640392E-06
vn -0.2872547 0.3685909 0.8840958
vn 0.1333026 0.9021829 0.4102395
vn 0 1 0
vn 0.287263 0.3686051 0.8840873
vn 0.3489792 0.9021785 0.2535498
vn 0 1 0
vn 0.7520561 0.3685995 0.5463936
vn 0.4313596 0.90218 8.410788E-06
vn 0 1 4.640453E-06
vn 0.9295884 0.368599 7.09226E-06
vn 0.3489696 0.9021789 -0.253561
vn 3.944035E-07 1 -9.28108E-06
vn 0.7520414 0.3685946 -0.5464172
vn 0.1332853 0.9021816 -0.4102479
vn -2.90328E-06 1 -1.856196E-05
vn 0.2872485 0.3686077 -0.8840908
vn -0.1332965 0.9021938 -0.4102175
vn -0.2872618 0.3686286 -0.8840778
vn 0 1 0
vn 0 1 0
vn 0 1 0
vn 0 1 0
vn 0 1 0
vn 0 1 0
vn 0 1 0
vn 0 1 0
vn 0 1 0
vn 0 1 0
vn -0.3090168 1.012633E-07 -0.9510565
vn 0.2872485 0.3686077 -0.8840908
vn -0.2872618 0.3686286 -0.8840778
vn 0.3090166 -1.012633E-07 -0.9510567
vn 0.7520414 0.3685946 -0.5464172
vn 0.809017 -2.44223E-07 -0.5877852
vn 0.9295884 0.368599 7.09226E-06
vn 1 -2.859198E-07 5.386264E-07
vn 0.7520561 0.3685995 0.5463936
vn 0.8090173 -2.442232E-07 0.5877849
vn 0.287263 0.3686051 0.8840873
vn 0.3090169 -3.449366E-07 0.9510565
vn -0.2872547 0.3685909 0.8840958
vn -0.3090178 -3.389798E-07 0.9510562
vn -0.7520517 0.3685906 0.5464056
vn -0.8090171 0 0.5877852
vn -0.9295881 0.3685998 7.796854E-07
vn -1 3.032568E-07 -2.992369E-07
vn -0.7520514 0.3686109 -0.5463924
vn -0.8090168 3.157031E-07 -0.5877855
vn -0.2872618 0.3686286 -0.8840778
vn -0.3090168 1.012633E-07 -0.9510565
vn 0.2945648 -0.3022583 -0.9065713
vn -0.3009434 0.2270643 -0.9262154
vn -0.294565 -0.3022619 -0.9065701
vn 0.3009515 0.2270648 -0.9262127
vn 0.7711771 -0.302255 -0.5602925
vn 0.7878972 0.2270653 -0.5724154
vn 0.953227 -0.3022554 -1.124739E-06
vn 0.9738807 0.2270603 6.373415E-06
vn 0.7711768 -0.3022554 0.5602927
vn 0.7878889 0.2270579 0.5724298
vn 0.2945636 -0.3022541 0.9065731
vn 0.3009485 0.2270775 0.9262105
vn -0.2945636 -0.3022541 0.9065731
vn -0.3009543 0.2270848 0.9262068
vn -0.7711775 -0.3022555 0.5602918
vn -0.7878941 0.2270632 0.5724205
vn -0.9532266 -0.3022565 -1.040383E-06
vn -0.9738806 0.2270605 4.193046E-07
vn -0.7711781 -0.3022598 -0.5602886
vn -0.787883 0.2270643 -0.5724351
vn -0.294565 -0.3022619 -0.9065701
vn -0.3009434 0.2270643 -0.9262154
vn -0.3009434 0.2270643 -0.9262154
vn -0.212961 0.7246172 -0.6554217
vn -0.5575394 0.7246175 -0.4050671
vn -0.787883 0.2270643 -0.5724351
vn -0.6891615 0.7246079 2.082342E-06
vn -0.9738806 0.2270605 4.193046E-07
vn -0.5575498 0.7246077 0.4050703
vn -0.7878941 0.2270632 0.5724205
vn -0.2129723 0.7246429 0.6553895
vn -0.3009543 0.2270848 0.9262068
vn 0.2129655 0.7246307 0.6554052
vn 0.3009485 0.2270775 0.9262105
vn 0.5575436 0.7246019 0.4050891
vn 0.7878889 0.2270579 0.5724298
vn 0.6891645 0.724605 1.249402E-05
vn 0.9738807 0.2270603 6.373415E-06
vn 0.5575528 0.7246119 -0.4050587
vn 0.7878972 0.2270653 -0.5724154
vn 0.2129762 0.7246171 -0.6554167
vn 0.3009515 0.2270648 -0.9262127
vn -0.212961 0.7246172 -0.6554217
vn -0.3009434 0.2270643 -0.9262154
vn -0.8587752 -0.1516998 -0.4893796
vn -0.4781593 -0.2945745 -0.8273993
vn -0.4893802 -0.1516994 -0.858775
vn -0.1305937 -0.1605441 -0.9783511
vn -0.8274002 -0.2945745 -0.4781576
vn -0.9783508 -0.1605457 -0.1305939
vn -0.9332833 -0.3337646 -0.1326024
vn -0.6489121 -0.74066 -0.1741722
vn -0.5654793 -0.6003898 -0.565478
vn -0.2065715 -0.9563767 -0.2065715
vn -0.1326028 -0.333764 -0.9332834
vn -0.174172 -0.74066 -0.6489121
vn -1.095469E-07 -0.976823 -0.2140489
vn 0 -0.7398895 -0.6727285
vn -1.095469E-07 -0.9768229 -0.214049
vn 0 -0.3366708 -0.9416224
vn 0 -0.1596205 -0.9871784
vn 0 -0.7398894 -0.6727285
vn 0.2065711 -0.9563769 -0.2065713
vn 0 -0.3366709 -0.9416224
vn 0 -0.1596204 -0.9871786
vn 0.1741721 -0.7406603 -0.6489118
vn 0.1326028 -0.3337643 -0.9332833
vn 0.1305936 -0.1605441 -0.9783511
vn 0.4781589 -0.2945744 -0.8273995
vn 0.4893796 -0.1516997 -0.8587752
vn 0.5654789 -0.60039 -0.565478
vn 0.6489115 -0.7406605 -0.1741721
vn 0.9332829 -0.3337657 -0.132603
vn 0.8273997 -0.2945746 -0.4781586
vn 0.8587746 -0.1517006 -0.4893804
vn 0.9783506 -0.1605466 -0.1305942
vn -0.9783508 -0.1605459 0.1305936
vn -0.8587752 -0.1517004 0.4893794
vn -0.8274004 -0.2945747 0.4781573
vn -0.9332834 -0.3337645 0.1326021
vn -0.489379 -0.1517003 0.8587754
vn -0.5654793 -0.6003898 0.565478
vn -0.6489123 -0.7406599 0.174172
vn -0.2065715 -0.9563767 0.2065714
vn -0.4781587 -0.2945749 0.8273995
vn -0.1305926 -0.1605451 0.9783511
vn -0.1741718 -0.7406601 0.648912
vn -0.1326021 -0.3337646 0.9332834
vn 0 -0.1596215 0.9871783
vn 0 -0.3366713 0.9416222
vn 0 -0.1596215 0.9871783
vn 0 -0.7398894 0.6727285
vn -1.10899E-07 -0.976823 0.2140489
vn 0 -0.3366714 0.9416222
vn 0.1305929 -0.1605452 0.9783511
vn 0 -0.7398894 0.6727285
vn -1.10899E-07 -0.9768229 0.2140491
vn 0.1326022 -0.3337649 0.9332833
vn 0.1741719 -0.7406604 0.6489116
vn 0.2065711 -0.9563769 0.2065712
vn 0.5654786 -0.6003903 0.5654781
vn 0.6489113 -0.7406607 0.1741719
vn 0.4781585 -0.2945748 0.8273996
vn 0.489379 -0.1517006 0.8587754
vn 0.8587747 -0.1517009 0.4893802
vn 0.8273997 -0.2945748 0.4781584
vn 0.9332829 -0.3337658 0.1326028
vn 0.9783506 -0.1605466 0.1305941
vn -0.9793297 0.1543434 -0.1307351
vn -0.8594002 0.1458783 -0.4900519
vn -0.8282911 0.2916657 -0.4783984
vn -0.9343155 0.3308333 -0.1326791
vn -0.4900525 0.145878 -0.8593999
vn -0.5654793 0.6003896 -0.565478
vn -0.6489118 0.7406603 -0.174172
vn -0.2065715 0.9563766 -0.2065717
vn -0.4783997 0.2916657 -0.8282903
vn -0.1307349 0.1543421 -0.9793298
vn -0.1741722 0.7406598 -0.6489122
vn -0.1326795 0.3308325 -0.9343159
vn 0 0.1534168 -0.9881615
vn 0 0.3337118 -0.9426752
vn 0 0.1534168 -0.9881615
vn 0 0.7398891 -0.6727288
vn 1.095469E-07 0.9768229 -0.2140492
vn 0 0.3337118 -0.9426752
vn 0.1307348 0.1543421 -0.9793298
vn 0 0.7398893 -0.6727287
vn 1.095469E-07 0.9768229 -0.2140491
vn 0.1326795 0.3308324 -0.9343159
vn 0.1741722 0.7406598 -0.6489123
vn 0.2065714 0.9563767 -0.2065717
vn 0.5654793 0.6003891 -0.5654786
vn 0.6489123 0.7406598 -0.1741724
vn 0.4783998 0.2916652 -0.8282904
vn 0.4900526 0.1458772 -0.8593999
vn 0.8594006 0.1458771 -0.4900516
vn 0.8282912 0.291665 -0.4783986
vn 0.934316 0.3308319 -0.1326793
vn 0.9793298 0.1543422 -0.1307348
vn -0.8594003 0.1458789 0.4900515
vn -0.4783991 0.291666 0.8282906
vn -0.4900531 0.1458782 0.8593995
vn -0.1307352 0.1543428 0.9793297
vn -0.8282913 0.2916659 0.4783978
vn -0.9793296 0.1543439 0.1307348
vn -0.9343155 0.3308335 0.1326789
vn -0.648912 0.7406601 0.174172
vn -0.5654784 0.60039 0.5654786
vn -0.2065715 0.9563766 0.2065717
vn -0.1326787 0.330833 0.9343157
vn -0.1741714 0.74066 0.6489123
vn 1.10899E-07 0.9768229 0.2140492
vn 0 0.7398891 0.6727288
vn 1.10899E-07 0.9768229 0.2140491
vn 0 0.3337123 0.9426749
vn 0 0.1534179 0.9881614
vn 0 0.7398893 0.6727287
vn 0.2065713 0.9563767 0.2065715
vn 0 0.3337123 0.9426749
vn 0 0.153418 0.9881614
vn 0.1741714 0.7406601 0.6489121
vn 0.1326786 0.3308329 0.9343157
vn 0.1307349 0.1543429 0.9793297
vn 0.4783988 0.2916656 0.8282909
vn 0.4900524 0.1458777 0.8593999
vn 0.5654781 0.6003898 0.5654789
vn 0.648912 0.74066 0.1741721
vn 0.934316 0.3308321 0.132679
vn 0.8282912 0.2916653 0.4783984
vn 0.8594006 0.1458772 0.4900516
vn 0.9793298 0.1543421 0.1307344
vn 0.1087908 0.90668 0.4075487
vn 0 1 -2.931082E-06
vn 0.329799 0.8845723 0.3297946
vn 0.4075454 0.9066818 0.1087886
vn 0 1 -6.964082E-07
vn 0.4075467 0.906681 -0.1087899
vn 0.3298014 0.8845711 -0.3297954
vn 0.1087943 0.9066817 -0.4075441
vn 0 1 1.83553E-07
vn 0 1 -1.746242E-06
vn -0.09635436 0.9387462 0.3308646
vn -0.1850544 0.965146 0.185062
vn -0.3308606 0.9387473 0.09635618
vn -0.330861 0.9387476 -0.09635365
vn -0.1850552 0.9651451 -0.1850662
vn -0.09635548 0.9387453 -0.3308669
vn 0.09635445 0.9387469 0.3308623
vn 0 1 -1.003313E-06
vn 0.1850548 0.9651471 0.1850563
vn 0.3308611 0.9387473 0.09635632
vn 0.09635577 0.9387476 -0.3308603
vn 0 1 1.700553E-06
vn 0.1850559 0.9651483 -0.185049
vn -0.108793 0.9066821 -0.4075435
vn 0.3308614 0.9387473 -0.09635383
vn -0.1087906 0.9066822 0.4075438
vn 0 1 2.622137E-06
vn -0.3298003 0.8845705 -0.3297979
vn -0.4075452 0.906681 -0.1087952
vn 0 1 -2.951551E-06
vn -0.3297988 0.8845736 0.3297912
vn -0.4075442 0.9066822 0.1087899
vn -0.980785 2.19757E-07 0.1950916
vn -0.9367686 0.3216582 -0.1378433
vn -0.9807854 2.197561E-07 -0.1950901
vn -0.7071051 1.288821E-07 -0.7071084
vn -0.6242465 0.469713 -0.6242483
vn -0.1950878 0 -0.9807858
vn -0.1378433 0.3216588 -0.9367684
vn 0.1950875 0 -0.9807858
vn 0.1378431 0.3216586 -0.9367684
vn 0.7071061 -1.933241E-07 -0.7071074
vn 0.6242473 0.4697126 -0.6242478
vn 0.9807857 -2.197561E-07 -0.1950884
vn -0.09635548 0.9387453 -0.3308669
vn -0.1850552 0.9651451 -0.1850662
vn 0.09635577 0.9387476 -0.3308603
vn 0.1850559 0.9651483 -0.185049
vn -0.330861 0.9387476 -0.09635365
vn 0.3308614 0.9387473 -0.09635383
vn -0.9367684 0.321658 0.137845
vn -0.3308606 0.9387473 0.09635618
vn 0.9367688 0.3216577 -0.1378424
vn 0.3308611 0.9387473 0.09635632
vn -0.624245 0.4697122 0.6242504
vn -0.1850544 0.965146 0.185062
vn -0.7071053 1.288828E-07 0.7071083
vn 0.9367686 0.3216575 0.1378441
vn 0.9807854 -2.197571E-07 0.1950899
vn 0.1850548 0.9651471 0.1850563
vn 0.7071063 -1.933246E-07 0.7071072
vn -0.1378437 0.3216589 0.9367682
vn -0.09635436 0.9387462 0.3308646
vn -0.1950896 0 0.9807854
vn 0.6242458 0.469712 0.6242499
vn 0.09635445 0.9387469 0.3308623
vn 0.1950892 0 0.9807854
vn 0.1378434 0.3216588 0.9367682
vn -0.9749795 0.1166724 0.1892153
vn -0.8660249 0.5000008 0
vn -0.9914449 0.1305259 0
vn -0.9914449 -0.1305261 0
vn -0.8443072 0.4916379 0.2131612
vn -0.5000002 0.8660253 0
vn -0.4916382 0.8443065 0.213163
vn -0.1305276 0.9914446 0
vn -0.9749795 -0.1166726 0.1892157
vn -0.8443072 -0.4916371 0.2131629
vn -0.8660256 -0.4999996 0
vn -0.4916371 -0.8443074 0.2131619
vn -0.5000002 -0.8660253 0
vn -0.1166722 -0.9749801 0.1892126
vn -0.130526 -0.9914449 0
vn 0.1305247 -0.9914451 0
vn -0.5667186 0.3294401 0.7551816
vn -0.6975527 0.08912145 0.7109696
vn -0.6975521 -0.08912203 0.7109701
vn -0.5667181 -0.3294406 0.7551817
vn -0.3294374 -0.5667186 0.7551829
vn -0.3294406 0.5667174 0.7551822
vn -0.3158843 0.1774443 0.9320572
vn -0.3762628 0.0676451 0.9240402
vn -0.1774445 0.3158847 0.9320571
vn -0.3762636 -0.06764548 0.9240399
vn -0.3158852 -0.1774449 0.9320568
vn -0.06764512 0.3762635 0.92404
vn -0.1774413 -0.315885 0.9320575
vn -0.08912209 0.6975501 0.7109721
vn 0.06764726 0.3762628 0.9240402
vn -0.08911972 -0.6975538 0.7109687
vn -0.06764064 -0.376262 0.9240409
vn -0.1166739 0.9749787 0.1892183
vn 0.08912303 0.6975503 0.7109717
vn 0.177446 0.3158836 0.9320571
vn 0.1166743 0.9749789 0.1892179
vn 0.1305279 0.9914446 0
vn 0.4999997 0.8660255 0
vn 0.3294415 0.5667174 0.755182
vn 0.3158838 0.1774439 0.9320574
vn 0.4916381 0.8443066 0.2131624
vn 0.8660246 0.5000013 0
vn 0.5667183 0.3294407 0.7551816
vn 0.3762625 0.06764502 0.9240404
vn 0.8443068 0.4916385 0.2131609
vn 0.9914449 0.1305258 0
vn 0.6975526 0.08912185 0.7109697
vn 0.3762618 -0.06764535 0.9240406
vn 0.9749795 0.1166727 0.1892152
vn 0.6975519 -0.08912138 0.7109703
vn 0.3158849 -0.1774447 0.932057
vn 0.9749795 -0.1166721 0.1892158
vn 0.9914449 -0.1305259 0
vn 0.8660253 -0.5000002 0
vn 0.5667183 -0.3294391 0.7551823
vn 0.1774446 -0.3158848 0.932057
vn 0.8443074 -0.4916366 0.2131632
vn 0.4999982 -0.8660264 0
vn 0.3294379 -0.5667175 0.7551834
vn 0.06764301 -0.3762624 0.9240406
vn 0.4916353 -0.844308 0.2131635
vn 0.08911894 -0.697553 0.7109694
vn 0.1166705 -0.9749801 0.1892138
vn 0.1280584 -0.9727063 0.1935036
vn 0.1305255 -0.9914449 0
vn -2.365578E-07 -1 0
vn 0.4999996 -0.8660256 0
vn -2.129283E-07 -0.9807863 0.1950853
vn -2.365578E-07 -1 0
vn 0.490407 -0.8494138 0.1949286
vn 0.8660258 -0.4999995 0
vn -2.129283E-07 -0.9807864 0.195085
vn -2.178872E-07 -1 0
vn 0.8494123 -0.49041 0.1949276
vn 0.9914449 -0.1305259 0
vn -1.961224E-07 -0.980786 0.1950866
vn -2.178872E-07 -1 0
vn -1.961225E-07 -0.9807858 0.1950875
vn -0.1305255 -0.9914449 0
vn 0.3640911 -0.6306294 0.685379
vn 0.09401586 -0.7141224 0.6936789
vn 0 -0.707103 0.7071105
vn 0 -0.7071031 0.7071104
vn 0.6306262 -0.3640948 0.6853798
vn 0 -0.707104 0.7071095
vn 0.1857265 -0.3216887 0.9284514
vn 0.04958365 -0.3766168 0.9250413
vn 0.3216845 -0.1857281 0.9284526
vn 0 -0.382664 0.9238876
vn 0 -0.382664 0.9238876
vn 0.3766231 -0.04958334 0.9250387
vn 0 -0.3826692 0.9238854
vn 0.7141244 -0.09401616 0.6936766
vn 0.3826731 0 0.9238838
vn 0 -0.7071036 0.7071099
vn 0 -0.3826699 0.9238851
vn 0.7071056 0 0.7071078
vn 0.3826676 -3.404497E-07 0.9238861
vn 0.9727061 -0.1280589 0.1935038
vn 0.980786 0 0.1950863
vn 1 0 0
vn 0.7071041 -3.95396E-07 0.7071095
vn 0.3766224 0.0495828 0.9250389
vn 0.9807863 -4.332547E-07 0.1950855
vn 1 -4.597178E-07 0
vn 0.714125 0.0940154 0.6936762
vn 0.3216954 0.185728 0.9284488
vn 0.9727064 0.1280583 0.193503
vn 0.9914449 0.1305253 0
vn 0.8660262 0.4999987 0
vn 0.6306295 0.3640933 0.6853777
vn 0.1857312 0.3216892 0.9284503
vn 0.8494124 0.4904093 0.1949288
vn 0.5000003 0.8660253 0
vn 0.3640925 0.6306296 0.685378
vn 0.04958227 0.3766161 0.9250416
vn 0.4904064 0.8494141 0.1949286
vn 0.1305255 0.9914449 0
vn 0.09401462 0.7141231 0.6936783
vn 1.358198E-07 0.382665 0.9238871
vn 0.1280578 0.9727065 0.1935026
vn 1.225157E-07 0.7071032 0.7071103
vn 1.358198E-07 0.3826647 0.9238874
vn 1.064641E-07 0.9807863 0.1950854
vn 1.182789E-07 1 0
vn 1.225157E-07 0.7071034 0.70711
vn 1.250991E-07 0.3826632 0.923888
vn 1.064641E-07 0.9807864 0.195085
vn 1.182789E-07 1 0
vn 1.128456E-07 0.7071031 0.7071104
vn 1.250991E-07 0.3826636 0.9238878
vn 0 0.9807865 0.1950845
vn 1.089436E-07 1 0
vn 1.128456E-07 0.7071041 0.7071093
vn -0.04958227 0.3766161 0.9250416
vn 0 0.9807867 0.1950835
vn 1.089436E-07 1 0
vn -0.09401521 0.7141232 0.693678
vn -0.1857257 0.3216895 0.9284514
vn -0.1280583 0.9727065 0.1935023
vn -0.1305255 0.9914449 0
vn -0.4999996 0.8660256 0
vn -0.3640911 0.6306294 0.685379
vn -0.3216896 0.1857286 0.9284507
vn -0.490407 0.8494138 0.1949285
vn -0.8660253 0.5000003 0
vn -0.6306279 0.3640949 0.6853783
vn -0.3766199 0.04958336 0.92504
vn -0.8494118 0.4904108 0.1949276
vn -0.9914448 0.1305272 0
vn -0.7141239 0.09401678 0.693677
vn -0.3826637 1.914314E-07 0.9238878
vn -0.9727061 0.1280602 0.193503
vn -0.7071027 3.147476E-07 0.7071109
vn -0.3826691 0 0.9238854
vn -0.9807863 4.332547E-07 0.1950856
vn -1 4.597178E-07 0
vn -0.7071043 0 0.7071093
vn -0.3766204 -0.04958317 0.9250397
vn -0.9807861 0 0.1950862
vn -1 0 0
vn -0.714124 -0.09401656 0.6936769
vn -0.3216897 -0.185728 0.9284508
vn -0.9727061 -0.1280596 0.1935031
vn -0.9914448 -0.1305266 0
vn -0.8660255 -0.4999999 0
vn -0.6306277 -0.3640939 0.685379
vn -0.1857313 -0.3216891 0.9284503
vn -0.849412 -0.4904104 0.1949282
vn -0.4999999 -0.8660255 0
vn -0.3640941 -0.63063 0.6853768
vn -0.04958227 -0.3766177 0.925041
vn -0.4904077 -0.8494136 0.1949273
vn -0.09401619 -0.714124 0.6936771
vn -0.1280592 -0.9727065 0.1935017
usemtl Toaster__Material
f 1/1/1 3/3/3 2/2/2 
f 4/4/4 6/6/6 5/5/5 
f 7/7/7 9/9/9 8/8/8 
f 9/9/9 7/7/7 10/10/10 
f 10/10/10 7/7/7 11/11/11 
f 10/10/10 11/11/11 12/12/12 
f 12/12/12 11/11/11 13/13/13 
f 12/12/12 13/13/13 14/14/14 
f 14/14/14 13/13/13 15/15/15 
f 14/14/14 15/15/15 16/16/16 
f 16/16/16 15/15/15 17/17/17 
f 16/16/16 17/17/17 18/18/18 
f 19/19/19 21/21/21 20/20/20 
f 21/21/21 19/19/19 22/22/22 
f 22/22/22 19/19/19 23/23/23 
f 22/22/22 23/23/23 24/24/24 
f 24/24/24 23/23/23 25/25/25 
f 24/24/24 25/25/25 26/26/26 
f 26/26/26 25/25/25 27/27/27 
f 26/26/26 27/27/27 28/28/28 
f 28/28/28 27/27/27 29/29/29 
f 28/28/28 29/29/29 30/30/30 
f 31/31/31 33/33/33 32/32/32 
f 34/34/34 33/33/33 31/31/31 
f 34/34/34 35/35/35 33/33/33 
f 36/36/36 35/35/35 34/34/34 
f 35/35/35 37/37/37 33/33/33 
f 38/38/38 35/35/35 36/36/36 
f 35/35/35 39/39/39 37/37/37 
f 39/39/39 40/40/40 37/37/37 
f 39/39/39 41/41/41 40/40/40 
f 41/41/41 42/42/42 40/40/40 
f 35/35/35 38/38/38 43/43/43 
f 44/44/44 39/39/39 35/35/35 
f 43/43/43 44/44/44 35/35/35 
f 43/43/43 45/45/45 44/44/44 
f 45/45/45 43/43/43 46/46/46 
f 38/38/38 46/46/46 43/43/43 
f 38/38/38 47/47/47 46/46/46 
f 39/39/39 44/44/44 48/48/48 
f 49/49/49 47/47/47 38/38/38 
f 48/48/48 50/50/50 39/39/39 
f 50/50/50 41/41/41 39/39/39 
f 51/51/51 50/50/50 48/48/48 
f 50/50/50 51/51/51 52/52/52 
f 47/47/47 49/49/49 53/53/53 
f 53/53/53 54/54/54 47/47/47 
f 55/55/55 53/53/53 49/49/49 
f 55/55/55 56/56/56 53/53/53 
f 57/57/57 56/56/56 55/55/55 
f 53/53/53 58/58/58 54/54/54 
f 58/58/58 53/53/53 56/56/56 
f 59/59/59 56/56/56 57/57/57 
f 60/60/60 56/56/56 59/59/59 
f 56/56/56 60/60/60 61/61/61 
f 56/56/56 62/62/62 58/58/58 
f 61/61/61 63/63/63 56/56/56 
f 56/56/56 63/63/63 62/62/62 
f 63/63/63 61/61/61 64/64/64 
f 65/65/65 62/62/62 63/63/63 
f 62/62/62 65/65/65 66/66/66 
f 66/66/66 65/65/65 67/67/67 
f 64/64/64 68/68/68 63/63/63 
f 68/68/68 64/64/64 69/69/69 
f 69/69/69 70/70/70 68/68/68 
f 70/70/70 69/69/69 71/71/71 
f 63/63/63 72/72/72 65/65/65 
f 63/63/63 68/68/68 72/72/72 
f 65/65/65 73/73/73 67/67/67 
f 73/73/73 65/65/65 72/72/72 
f 72/72/72 74/74/74 73/73/73 
f 72/72/72 75/75/75 74/74/74 
f 75/75/75 72/72/72 68/68/68 
f 67/67/67 73/73/73 76/76/76 
f 68/68/68 77/77/77 75/75/75 
f 68/68/68 70/70/70 77/77/77 
f 67/67/67 76/76/76 52/52/52 
f 52/52/52 76/76/76 78/78/78 
f 52/52/52 78/78/78 50/50/50 
f 79/79/79 78/78/78 76/76/76 
f 41/41/41 50/50/50 78/78/78 
f 78/78/78 79/79/79 80/80/80 
f 78/78/78 80/80/80 41/41/41 
f 80/80/80 81/81/81 41/41/41 
f 81/81/81 80/80/80 82/82/82 
f 41/41/41 81/81/81 42/42/42 
f 83/83/83 77/77/77 70/70/70 
f 77/77/77 83/83/83 84/84/84 
f 84/84/84 83/83/83 85/85/85 
f 82/82/82 86/86/86 81/81/81 
f 87/87/87 86/86/86 82/82/82 
f 86/86/86 87/87/87 88/88/88 
f 85/85/85 89/89/89 88/88/88 
f 88/88/88 89/89/89 86/86/86 
f 83/83/83 89/89/89 85/85/85 
f 90/90/90 86/86/86 89/89/89 
f 86/86/86 90/90/90 81/81/81 
f 89/89/89 83/83/83 91/91/91 
f 81/81/81 90/90/90 92/92/92 
f 81/81/81 92/92/92 42/42/42 
f 42/42/42 92/92/92 93/93/93 
f 42/42/42 93/93/93 94/94/94 
f 83/83/83 95/95/95 91/91/91 
f 70/70/70 95/95/95 83/83/83 
f 70/70/70 96/96/96 95/95/95 
f 70/70/70 97/97/97 96/96/96 
f 71/71/71 97/97/97 70/70/70 
f 97/97/97 71/71/71 98/98/98 
f 99/99/99 101/101/101 100/100/100 
f 99/99/99 102/102/102 101/101/101 
f 103/103/103 102/102/102 99/99/99 
f 101/101/101 102/102/102 104/104/104 
f 101/101/101 104/104/104 105/105/105 
f 105/105/105 104/104/104 106/106/106 
f 105/105/105 106/106/106 107/107/107 
f 104/104/104 108/108/108 106/106/106 
f 104/104/104 109/109/109 108/108/108 
f 102/102/102 109/109/109 104/104/104 
f 110/110/110 108/108/108 109/109/109 
f 103/103/103 111/111/111 102/102/102 
f 102/102/102 111/111/111 109/109/109 
f 110/110/110 109/109/109 112/112/112 
f 112/112/112 109/109/109 111/111/111 
f 112/112/112 113/113/113 110/110/110 
f 114/114/114 111/111/111 103/103/103 
f 112/112/112 111/111/111 114/114/114 
f 114/114/114 103/103/103 115/115/115 
f 114/114/114 115/115/115 116/116/116 
f 112/112/112 117/117/117 113/113/113 
f 114/114/114 117/117/117 112/112/112 
f 117/117/117 118/118/118 113/113/113 
f 117/117/117 119/119/119 118/118/118 
f 114/114/114 116/116/116 120/120/120 
f 114/114/114 120/120/120 117/117/117 
f 120/120/120 119/119/119 117/117/117 
f 120/120/120 116/116/116 121/121/121 
f 120/120/120 122/122/122 119/119/119 
f 120/120/120 121/121/121 122/122/122 
f 123/123/123 125/125/125 124/124/124 
f 123/123/123 126/126/126 125/125/125 
f 127/127/127 126/126/126 123/123/123 
f 125/125/125 126/126/126 128/128/128 
f 125/125/125 128/128/128 129/129/129 
f 129/129/129 128/128/128 130/130/130 
f 129/129/129 130/130/130 131/131/131 
f 128/128/128 132/132/132 130/130/130 
f 128/128/128 133/133/133 132/132/132 
f 126/126/126 133/133/133 128/128/128 
f 133/133/133 134/134/134 132/132/132 
f 127/127/127 135/135/135 126/126/126 
f 126/126/126 135/135/135 133/133/133 
f 133/133/133 136/136/136 134/134/134 
f 135/135/135 136/136/136 133/133/133 
f 136/136/136 137/137/137 134/134/134 
f 138/138/138 135/135/135 127/127/127 
f 135/135/135 138/138/138 136/136/136 
f 138/138/138 127/127/127 139/139/139 
f 138/138/138 139/139/139 140/140/140 
f 136/136/136 141/141/141 137/137/137 
f 138/138/138 141/141/141 136/136/136 
f 141/141/141 142/142/142 137/137/137 
f 138/138/138 140/140/140 143/143/143 
f 138/138/138 143/143/143 141/141/141 
f 143/143/143 140/140/140 144/144/144 
f 141/141/141 145/145/145 142/142/142 
f 143/143/143 145/145/145 141/141/141 
f 145/145/145 146/146/146 142/142/142 
f 145/145/145 147/147/147 146/146/146 
f 143/143/143 148/148/148 145/145/145 
f 148/148/148 147/147/147 145/145/145 
f 143/143/143 144/144/144 148/148/148 
f 148/148/148 149/149/149 147/147/147 
f 149/149/149 148/148/148 144/144/144 
f 149/149/149 144/144/144 150/150/150 
f 151/151/151 153/153/153 152/152/152 
f 151/151/151 152/152/152 154/154/154 
f 154/154/154 152/152/152 155/155/155 
f 151/151/151 154/154/154 156/156/156 
f 151/151/151 156/156/156 157/157/157 
f 157/157/157 156/156/156 158/158/158 
f 157/157/157 158/158/158 159/159/159 
f 156/156/156 160/160/160 158/158/158 
f 156/156/156 161/161/161 160/160/160 
f 154/154/154 161/161/161 156/156/156 
f 162/162/162 160/160/160 161/161/161 
f 154/154/154 155/155/155 163/163/163 
f 154/154/154 163/163/163 161/161/161 
f 162/162/162 161/161/161 164/164/164 
f 164/164/164 161/161/161 163/163/163 
f 164/164/164 165/165/165 162/162/162 
f 166/166/166 163/163/163 155/155/155 
f 164/164/164 163/163/163 166/166/166 
f 166/166/166 155/155/155 167/167/167 
f 166/166/166 167/167/167 168/168/168 
f 164/164/164 169/169/169 165/165/165 
f 166/166/166 169/169/169 164/164/164 
f 169/169/169 170/170/170 165/165/165 
f 166/166/166 168/168/168 171/171/171 
f 166/166/166 171/171/171 169/169/169 
f 171/171/171 168/168/168 172/172/172 
f 169/169/169 173/173/173 170/170/170 
f 171/171/171 173/173/173 169/169/169 
f 173/173/173 174/174/174 170/170/170 
f 173/173/173 175/175/175 174/174/174 
f 171/171/171 176/176/176 173/173/173 
f 176/176/176 175/175/175 173/173/173 
f 171/171/171 172/172/172 176/176/176 
f 176/176/176 177/177/177 175/175/175 
f 177/177/177 176/176/176 172/172/172 
f 177/177/177 172/172/172 178/178/178 
f 179/179/179 181/181/181 180/180/180 
f 179/179/179 182/182/182 181/181/181 
f 182/182/182 179/179/179 183/183/183 
f 181/181/181 182/182/182 184/184/184 
f 181/181/181 184/184/184 185/185/185 
f 182/182/182 183/183/183 186/186/186 
f 184/184/184 182/182/182 186/186/186 
f 186/186/186 183/183/183 187/187/187 
f 186/186/186 187/187/187 188/188/188 
f 189/189/189 186/186/186 188/188/188 
f 184/184/184 186/186/186 189/189/189 
f 189/189/189 188/188/188 190/190/190 
f 185/185/185 184/184/184 191/191/191 
f 191/191/191 184/184/184 189/189/189 
f 185/185/185 191/191/191 192/192/192 
f 191/191/191 193/193/193 192/192/192 
f 194/194/194 189/189/189 190/190/190 
f 191/191/191 189/189/189 194/194/194 
f 194/194/194 190/190/190 195/195/195 
f 191/191/191 196/196/196 193/193/193 
f 194/194/194 196/196/196 191/191/191 
f 195/195/195 197/197/197 194/194/194 
f 194/194/194 197/197/197 196/196/196 
f 195/195/195 198/198/198 197/197/197 
f 193/193/193 196/196/196 199/199/199 
f 199/199/199 196/196/196 197/197/197 
f 193/193/193 199/199/199 200/200/200 
f 201/201/201 197/197/197 198/198/198 
f 199/199/199 197/197/197 201/201/201 
f 201/201/201 198/198/198 202/202/202 
f 200/200/200 199/199/199 203/203/203 
f 203/203/203 199/199/199 201/201/201 
f 200/200/200 203/203/203 204/204/204 
f 203/203/203 205/205/205 204/204/204 
f 203/203/203 206/206/206 205/205/205 
f 207/207/207 201/201/201 202/202/202 
f 203/203/203 201/201/201 207/207/207 
f 206/206/206 203/203/203 207/207/207 
f 207/207/207 202/202/202 208/208/208 
f 206/206/206 207/207/207 209/209/209 
f 209/209/209 207/207/207 208/208/208 
f 209/209/209 208/208/208 210/210/210 
f 211/211/211 213/213/213 212/212/212 
f 211/211/211 214/214/214 213/213/213 
f 215/215/215 217/217/217 216/216/216 
f 215/215/215 218/218/218 217/217/217 
f 218/218/218 219/219/219 217/217/217 
f 218/218/218 220/220/220 219/219/219 
f 221/221/221 219/219/219 220/220/220 
f 221/221/221 222/222/222 219/219/219 
f 221/221/221 223/223/223 222/222/222 
f 221/221/221 224/224/224 223/223/223 
f 224/224/224 225/225/225 223/223/223 
f 224/224/224 226/226/226 225/225/225 
f 226/226/226 227/227/227 225/225/225 
f 226/226/226 228/228/228 227/227/227 
f 228/228/228 229/229/229 227/227/227 
f 228/228/228 230/230/230 229/229/229 
f 230/230/230 231/231/231 229/229/229 
f 230/230/230 232/232/232 231/231/231 
f 233/233/233 231/231/231 232/232/232 
f 233/233/233 234/234/234 231/231/231 
f 235/235/235 237/237/237 236/236/236 
f 235/235/235 236/236/236 238/238/238 
f 239/239/239 238/238/238 236/236/236 
f 239/239/239 236/236/236 240/240/240 
f 241/241/241 239/239/239 240/240/240 
f 241/241/241 240/240/240 242/242/242 
f 243/243/243 241/241/241 242/242/242 
f 243/243/243 242/242/242 244/244/244 
f 245/245/245 243/243/243 244/244/244 
f 245/245/245 244/244/244 246/246/246 
f 247/247/247 245/245/245 246/246/246 
f 247/247/247 246/246/246 248/248/248 
f 247/247/247 248/248/248 249/249/249 
f 247/247/247 249/249/249 250/250/250 
f 251/251/251 250/250/250 249/249/249 
f 251/251/251 249/249/249 252/252/252 
f 253/253/253 251/251/251 252/252/252 
f 253/253/253 252/252/252 254/254/254 
f 255/255/255 257/257/257 256/256/256 
f 255/255/255 256/256/256 258/258/258 
f 259/259/259 258/258/258 256/256/256 
f 259/259/259 256/256/256 260/260/260 
f 261/261/261 259/259/259 260/260/260 
f 261/261/261 260/260/260 262/262/262 
f 263/263/263 261/261/261 262/262/262 
f 263/263/263 262/262/262 264/264/264 
f 265/265/265 263/263/263 264/264/264 
f 265/265/265 264/264/264 266/266/266 
f 267/267/267 265/265/265 266/266/266 
f 267/267/267 266/266/266 268/268/268 
f 267/267/267 268/268/268 269/269/269 
f 267/267/267 269/269/269 270/270/270 
f 271/271/271 270/270/270 269/269/269 
f 271/271/271 269/269/269 272/272/272 
f 273/273/273 271/271/271 272/272/272 
f 273/273/273 272/272/272 274/274/274 
f 275/275/275 277/277/277 276/276/276 
f 275/275/275 278/278/278 277/277/277 
f 278/278/278 279/279/279 277/277/277 
f 278/278/278 280/280/280 279/279/279 
f 281/281/281 279/279/279 280/280/280 
f 281/281/281 282/282/282 279/279/279 
f 281/281/281 283/283/283 282/282/282 
f 281/281/281 284/284/284 283/283/283 
f 284/284/284 285/285/285 283/283/283 
f 284/284/284 286/286/286 285/285/285 
f 286/286/286 287/287/287 285/285/285 
f 286/286/286 288/288/288 287/287/287 
f 288/288/288 289/289/289 287/287/287 
f 288/288/288 290/290/290 289/289/289 
f 290/290/290 291/291/291 289/289/289 
f 290/290/290 292/292/292 291/291/291 
f 293/293/293 291/291/291 292/292/292 
f 293/293/293 294/294/294 291/291/291 
f 295/295/295 297/297/297 296/296/296 
f 295/295/295 298/298/298 297/297/297 
f 299/299/299 298/298/298 295/295/295 
f 299/299/299 300/300/300 298/298/298 
f 301/301/301 300/300/300 299/299/299 
f 301/301/301 302/302/302 300/300/300 
f 302/302/302 301/301/301 303/303/303 
f 302/302/302 303/303/303 304/304/304 
f 304/304/304 303/303/303 305/305/305 
f 304/304/304 305/305/305 306/306/306 
f 306/306/306 305/305/305 307/307/307 
f 306/306/306 307/307/307 308/308/308 
f 308/308/308 307/307/307 309/309/309 
f 308/308/308 309/309/309 310/310/310 
f 310/310/310 309/309/309 311/311/311 
f 310/310/310 311/311/311 312/312/312 
f 312/312/312 311/311/311 313/313/313 
f 312/312/312 313/313/313 314/314/314 
f 315/315/315 317/317/317 316/316/316 
f 315/315/315 318/318/318 317/317/317 
f 319/319/319 321/321/321 320/320/320 
f 319/319/319 322/322/322 321/321/321 
f 323/323/323 325/325/325 324/324/324 
f 323/323/323 326/326/326 325/325/325 
f 327/327/327 329/329/329 328/328/328 
f 327/327/327 330/330/330 329/329/329 
f 331/331/331 333/333/333 332/332/332 
f 331/331/331 334/334/334 333/333/333 
f 335/335/335 334/334/334 331/331/331 
f 335/335/335 336/336/336 334/334/334 
f 337/337/337 336/336/336 335/335/335 
f 337/337/337 338/338/338 336/336/336 
f 337/337/337 339/339/339 338/338/338 
f 337/337/337 340/340/340 339/339/339 
f 340/340/340 341/341/341 339/339/339 
f 340/340/340 342/342/342 341/341/341 
f 343/343/343 341/341/341 342/342/342 
f 343/343/343 344/344/344 341/341/341 
f 344/344/344 343/343/343 345/345/345 
f 344/344/344 345/345/345 346/346/346 
f 346/346/346 345/345/345 347/347/347 
f 346/346/346 347/347/347 348/348/348 
f 348/348/348 347/347/347 349/349/349 
f 348/348/348 349/349/349 350/350/350 
f 351/351/351 353/353/353 352/352/352 
f 351/351/351 354/354/354 353/353/353 
f 355/355/355 354/354/354 351/351/351 
f 355/355/355 356/356/356 354/354/354 
f 357/357/357 356/356/356 355/355/355 
f 357/357/357 358/358/358 356/356/356 
f 359/359/359 358/358/358 357/357/357 
f 359/359/359 360/360/360 358/358/358 
f 361/361/361 360/360/360 359/359/359 
f 361/361/361 362/362/362 360/360/360 
f 363/363/363 362/362/362 361/361/361 
f 363/363/363 364/364/364 362/362/362 
f 364/364/364 363/363/363 365/365/365 
f 364/364/364 365/365/365 366/366/366 
f 366/366/366 365/365/365 367/367/367 
f 366/366/366 367/367/367 368/368/368 
f 368/368/368 367/367/367 369/369/369 
f 368/368/368 369/369/369 370/370/370 
f 371/371/371 373/373/373 372/372/372 
f 371/371/371 374/374/374 373/373/373 
f 375/375/375 374/374/374 371/371/371 
f 375/375/375 376/376/376 374/374/374 
f 377/377/377 376/376/376 375/375/375 
f 377/377/377 378/378/378 376/376/376 
f 378/378/378 377/377/377 379/379/379 
f 378/378/378 379/379/379 380/380/380 
f 380/380/380 379/379/379 381/381/381 
f 380/380/380 381/381/381 382/382/382 
f 382/382/382 381/381/381 383/383/383 
f 382/382/382 383/383/383 384/384/384 
f 384/384/384 383/383/383 385/385/385 
f 384/384/384 385/385/385 386/386/386 
f 386/386/386 385/385/385 387/387/387 
f 386/386/386 387/387/387 388/388/388 
f 388/388/388 387/387/387 389/389/389 
f 388/388/388 389/389/389 390/390/390 
f 391/391/391 393/393/393 392/392/392 
f 391/391/391 394/394/394 393/393/393 
f 395/395/395 397/397/397 396/396/396 
f 395/395/395 398/398/398 397/397/397 
f 399/399/399 401/401/401 400/400/400 
f 399/399/399 402/402/402 401/401/401 
f 403/403/403 405/405/405 404/404/404 
f 405/405/405 403/403/403 406/406/406 
f 405/405/405 406/406/406 407/407/407 
f 407/407/407 406/406/406 408/408/408 
f 407/407/407 409/409/409 405/405/405 
f 409/409/409 410/410/410 405/405/405 
f 409/409/409 411/411/411 410/410/410 
f 409/409/409 407/407/407 412/412/412 
f 412/412/412 407/407/407 413/413/413 
f 414/414/414 411/411/411 409/409/409 
f 411/411/411 414/414/414 415/415/415 
f 415/415/415 416/416/416 411/411/411 
f 415/415/415 417/417/417 416/416/416 
f 415/415/415 418/418/418 417/417/417 
f 418/418/418 415/415/415 419/419/419 
f 414/414/414 419/419/419 415/415/415 
f 420/420/420 419/419/419 414/414/414 
f 419/419/419 420/420/420 421/421/421 
f 421/421/421 422/422/422 419/419/419 
f 422/422/422 421/421/421 423/423/423 
f 419/419/419 422/422/422 424/424/424 
f 419/419/419 424/424/424 425/425/425 
f 423/423/423 426/426/426 422/422/422 
f 426/426/426 423/423/423 427/427/427 
f 428/428/428 424/424/424 422/422/422 
f 422/422/422 426/426/426 428/428/428 
f 424/424/424 428/428/428 429/429/429 
f 429/429/429 428/428/428 430/430/430 
f 430/430/430 428/428/428 431/431/431 
f 432/432/432 428/428/428 426/426/426 
f 428/428/428 432/432/432 431/431/431 
f 431/431/431 432/432/432 433/433/433 
f 433/433/433 432/432/432 434/434/434 
f 434/434/434 435/435/435 433/433/433 
f 436/436/436 434/434/434 432/432/432 
f 435/435/435 434/434/434 437/437/437 
f 434/434/434 436/436/436 438/438/438 
f 437/437/437 434/434/434 438/438/438 
f 437/437/437 438/438/438 439/439/439 
f 438/438/438 440/440/440 439/439/439 
f 438/438/438 436/436/436 441/441/441 
f 440/440/440 438/438/438 442/442/442 
f 442/442/442 438/438/438 441/441/441 
f 442/442/442 441/441/441 413/413/413 
f 443/443/443 445/445/445 444/444/444 
f 443/443/443 446/446/446 445/445/445 
f 447/447/447 446/446/446 443/443/443 
f 446/446/446 448/448/448 445/445/445 
f 447/447/447 449/449/449 446/446/446 
f 450/450/450 449/449/449 447/447/447 
f 450/450/450 451/451/451 449/449/449 
f 446/446/446 452/452/452 448/448/448 
f 449/449/449 452/452/452 446/446/446 
f 452/452/452 453/453/453 448/448/448 
f 452/452/452 454/454/454 453/453/453 
f 451/451/451 455/455/455 449/449/449 
f 449/449/449 455/455/455 452/452/452 
f 455/455/455 454/454/454 452/452/452 
f 451/451/451 456/456/456 455/455/455 
f 455/455/455 457/457/457 454/454/454 
f 456/456/456 457/457/457 455/455/455 
f 456/456/456 458/458/458 457/457/457 
f 459/459/459 461/461/461 460/460/460 
f 459/459/459 460/460/460 462/462/462 
f 462/462/462 460/460/460 463/463/463 
f 462/462/462 463/463/463 464/464/464 
f 464/464/464 463/463/463 465/465/465 
f 464/464/464 465/465/465 466/466/466 
f 467/467/467 469/469/469 468/468/468 
f 467/467/467 468/468/468 470/470/470 
f 470/470/470 468/468/468 471/471/471 
f 470/470/470 471/471/471 472/472/472 
f 472/472/472 471/471/471 473/473/473 
f 472/472/472 473/473/473 474/474/474 
f 475/475/475 474/474/474 473/473/473 
f 475/475/475 476/476/476 474/474/474 
f 477/477/477 476/476/476 475/475/475 
f 477/477/477 478/478/478 476/476/476 
f 479/479/479 478/478/478 477/477/477 
f 479/479/479 480/480/480 478/478/478 
f 481/481/481 480/480/480 479/479/479 
f 481/481/481 482/482/482 480/480/480 
f 483/483/483 482/482/482 481/481/481 
f 483/483/483 484/484/484 482/482/482 
f 485/485/485 484/484/484 483/483/483 
f 485/485/485 486/486/486 484/484/484 
f 487/487/487 489/489/489 488/488/488 
f 487/487/487 488/488/488 490/490/490 
f 491/491/491 487/487/487 490/490/490 
f 490/490/490 488/488/488 492/492/492 
f 491/491/491 490/490/490 493/493/493 
f 494/494/494 491/491/491 493/493/493 
f 494/494/494 493/493/493 495/495/495 
f 490/490/490 492/492/492 496/496/496 
f 493/493/493 490/490/490 496/496/496 
f 496/496/496 492/492/492 497/497/497 
f 496/496/496 497/497/497 498/498/498 
f 495/495/495 493/493/493 499/499/499 
f 493/493/493 496/496/496 499/499/499 
f 499/499/499 496/496/496 498/498/498 
f 495/495/495 499/499/499 500/500/500 
f 499/499/499 498/498/498 501/501/501 
f 500/500/500 499/499/499 501/501/501 
f 500/500/500 501/501/501 502/502/502 
f 503/503/503 505/505/505 504/504/504 
f 503/503/503 506/506/506 505/505/505 
f 507/507/507 506/506/506 503/503/503 
f 506/506/506 508/508/508 505/505/505 
f 507/507/507 509/509/509 506/506/506 
f 510/510/510 509/509/509 507/507/507 
f 506/506/506 511/511/511 508/508/508 
f 509/509/509 511/511/511 506/506/506 
f 511/511/511 512/512/512 508/508/508 
f 511/511/511 513/513/513 512/512/512 
f 514/514/514 513/513/513 511/511/511 
f 509/509/509 514/514/514 511/511/511 
f 514/514/514 515/515/515 513/513/513 
f 510/510/510 516/516/516 509/509/509 
f 516/516/516 514/514/514 509/509/509 
f 517/517/517 516/516/516 510/510/510 
f 518/518/518 515/515/515 514/514/514 
f 516/516/516 518/518/518 514/514/514 
f 518/518/518 519/519/519 515/515/515 
f 517/517/517 520/520/520 516/516/516 
f 520/520/520 518/518/518 516/516/516 
f 521/521/521 520/520/520 517/517/517 
f 522/522/522 519/519/519 518/518/518 
f 520/520/520 522/522/522 518/518/518 
f 522/522/522 523/523/523 519/519/519 
f 521/521/521 524/524/524 520/520/520 
f 524/524/524 522/522/522 520/520/520 
f 525/525/525 524/524/524 521/521/521 
f 526/526/526 523/523/523 522/522/522 
f 524/524/524 526/526/526 522/522/522 
f 526/526/526 527/527/527 523/523/523 
f 525/525/525 528/528/528 524/524/524 
f 528/528/528 526/526/526 524/524/524 
f 528/528/528 525/525/525 529/529/529 
f 530/530/530 527/527/527 526/526/526 
f 528/528/528 530/530/530 526/526/526 
f 530/530/530 531/531/531 527/527/527 
f 528/528/528 529/529/529 532/532/532 
f 530/530/530 528/528/528 532/532/532 
f 532/532/532 529/529/529 533/533/533 
f 531/531/531 530/530/530 534/534/534 
f 530/530/530 532/532/532 534/534/534 
f 531/531/531 534/534/534 535/535/535 
f 532/532/532 533/533/533 536/536/536 
f 534/534/534 532/532/532 536/536/536 
f 536/536/536 533/533/533 537/537/537 
f 536/536/536 537/537/537 538/538/538 
f 535/535/535 534/534/534 539/539/539 
f 534/534/534 536/536/536 539/539/539 
f 539/539/539 536/536/536 538/538/538 
f 535/535/535 539/539/539 540/540/540 
f 539/539/539 538/538/538 541/541/541 
f 540/540/540 539/539/539 541/541/541 
f 540/540/540 541/541/541 542/542/542 
f 543/543/543 545/545/545 544/544/544 
f 543/543/543 546/546/546 545/545/545 
f 547/547/547 546/546/546 543/543/543 
f 547/547/547 548/548/548 546/546/546 
f 549/549/549 548/548/548 547/547/547 
f 549/549/549 550/550/550 548/548/548 
f 551/551/551 553/553/553 552/552/552 
f 551/551/551 554/554/554 553/553/553 
f 555/555/555 554/554/554 551/551/551 
f 555/555/555 556/556/556 554/554/554 
f 557/557/557 556/556/556 555/555/555 
f 557/557/557 558/558/558 556/556/556 
f 558/558/558 557/557/557 559/559/559 
f 558/558/558 559/559/559 560/560/560 
f 560/560/560 559/559/559 561/561/561 
f 560/560/560 561/561/561 562/562/562 
f 562/562/562 561/561/561 563/563/563 
f 562/562/562 563/563/563 564/564/564 
f 565/565/565 564/564/564 563/563/563 
f 565/565/565 566/566/566 564/564/564 
f 567/567/567 566/566/566 565/565/565 
f 567/567/567 568/568/568 566/566/566 
f 569/569/569 568/568/568 567/567/567 
f 569/569/569 570/570/570 568/568/568 
f 571/571/571 573/573/573 572/572/572 
f 571/571/571 572/572/572 574/574/574 
f 571/571/571 574/574/574 575/575/575 
f 571/571/571 575/575/575 576/576/576 
f 574/574/574 577/577/577 575/575/575 
f 572/572/572 578/578/578 574/574/574 
f 574/574/574 578/578/578 577/577/577 
f 572/572/572 579/579/579 578/578/578 
f 578/578/578 580/580/580 577/577/577 
f 581/581/581 578/578/578 579/579/579 
f 578/578/578 582/582/582 580/580/580 
f 581/581/581 582/582/582 578/578/578 
f 583/583/583 585/585/585 584/584/584 
f 583/583/583 586/586/586 585/585/585 
f 586/586/586 583/583/583 587/587/587 
f 585/585/585 586/586/586 588/588/588 
f 585/585/585 588/588/588 589/589/589 
f 586/586/586 590/590/590 588/588/588 
f 586/586/586 587/587/587 591/591/591 
f 586/586/586 591/591/591 590/590/590 
f 591/591/591 587/587/587 592/592/592 
f 591/591/591 593/593/593 590/590/590 
f 591/591/591 592/592/592 594/594/594 
f 591/591/591 594/594/594 593/593/593 
f 595/595/595 597/597/597 596/596/596 
f 595/595/595 598/598/598 597/597/597 
f 599/599/599 598/598/598 595/595/595 
f 597/597/597 598/598/598 600/600/600 
f 597/597/597 600/600/600 601/601/601 
f 598/598/598 602/602/602 600/600/600 
f 599/599/599 603/603/603 598/598/598 
f 598/598/598 603/603/603 602/602/602 
f 603/603/603 599/599/599 604/604/604 
f 603/603/603 605/605/605 602/602/602 
f 603/603/603 604/604/604 606/606/606 
f 603/603/603 606/606/606 605/605/605 
f 607/607/607 609/609/609 608/608/608 
f 607/607/607 608/608/608 610/610/610 
f 607/607/607 610/610/610 611/611/611 
f 607/607/607 611/611/611 612/612/612 
f 610/610/610 613/613/613 611/611/611 
f 614/614/614 610/610/610 608/608/608 
f 610/610/610 614/614/614 613/613/613 
f 614/614/614 608/608/608 615/615/615 
f 614/614/614 616/616/616 613/613/613 
f 617/617/617 614/614/614 615/615/615 
f 614/614/614 618/618/618 616/616/616 
f 617/617/617 618/618/618 614/614/614 
f 619/619/619 621/621/621 620/620/620 
f 619/619/619 622/622/622 621/621/621 
f 623/623/623 625/625/625 624/624/624 
f 623/623/623 626/626/626 625/625/625 
f 627/627/627 629/629/629 628/628/628 
f 627/627/627 630/630/630 629/629/629 
f 631/631/631 633/633/633 632/632/632 
f 631/631/631 634/634/634 633/633/633 
f 635/635/635 637/637/637 636/636/636 
f 637/637/637 635/635/635 638/638/638 
f 638/638/638 635/635/635 639/639/639 
f 638/638/638 639/639/639 640/640/640 
f 640/640/640 639/639/639 641/641/641 
f 640/640/640 641/641/641 642/642/642 
f 643/643/643 645/645/645 644/644/644 
f 643/643/643 646/646/646 645/645/645 
f 647/647/647 649/649/649 648/648/648 
f 647/647/647 650/650/650 649/649/649 
f 651/651/651 653/653/653 652/652/652 
f 651/651/651 654/654/654 653/653/653 
f 655/655/655 657/657/657 656/656/656 
f 655/655/655 658/658/658 657/657/657 
f 659/659/659 661/661/661 660/660/660 
f 659/659/659 662/662/662 661/661/661 
f 663/663/663 665/665/665 664/664/664 
f 663/663/663 666/666/666 665/665/665 
f 667/667/667 669/669/669 668/668/668 
f 667/667/667 670/670/670 669/669/669 
f 671/671/671 673/673/673 672/672/672 
f 671/671/671 674/674/674 673/673/673 
f 675/675/675 677/677/677 676/676/676 
f 675/675/675 678/678/678 677/677/677 
f 675/675/675 679/679/679 678/678/678 
f 680/680/680 682/682/682 681/681/681 
f 683/683/683 680/680/680 681/681/681 
f 683/683/683 681/681/681 684/684/684 
f 685/685/685 687/687/687 686/686/686 
f 685/685/685 688/688/688 687/687/687 
f 689/689/689 691/691/691 690/690/690 
f 689/689/689 692/692/692 691/691/691 
f 693/693/693 695/695/695 694/694/694 
f 693/693/693 696/696/696 695/695/695 
f 697/697/697 699/699/699 698/698/698 
f 697/697/697 700/700/700 699/699/699 
f 701/701/701 703/703/703 702/702/702 
f 701/701/701 704/704/704 703/703/703 
f 705/705/705 707/707/707 706/706/706 
f 705/705/705 708/708/708 707/707/707 
f 709/709/709 711/711/711 710/710/710 
f 709/709/709 712/712/712 711/711/711 
f 713/713/713 715/715/715 714/714/714 
f 713/713/713 716/716/716 715/715/715 
f 717/717/717 719/719/719 718/718/718 
f 717/717/717 720/720/720 719/719/719 
f 721/721/721 723/723/723 722/722/722 
f 721/721/721 724/724/724 723/723/723 
f 725/725/725 727/727/727 726/726/726 
f 725/725/725 728/728/728 727/727/727 
f 729/729/729 731/731/731 730/730/730 
f 729/729/729 732/732/732 731/731/731 
f 733/733/733 735/735/735 734/734/734 
f 733/733/733 736/736/736 735/735/735 
f 737/737/737 739/739/739 738/738/738 
f 737/737/737 740/740/740 739/739/739 
f 741/741/741 743/743/743 742/742/742 
f 741/741/741 744/744/744 743/743/743 
f 745/745/745 747/747/747 746/746/746 
f 745/745/745 748/748/748 747/747/747 
f 749/749/749 748/748/748 745/745/745 
f 748/748/748 750/750/750 747/747/747 
f 749/749/749 751/751/751 748/748/748 
f 748/748/748 752/752/752 750/750/750 
f 751/751/751 752/752/752 748/748/748 
f 752/752/752 753/753/753 750/750/750 
f 751/751/751 754/754/754 752/752/752 
f 752/752/752 755/755/755 753/753/753 
f 754/754/754 755/755/755 752/752/752 
f 755/755/755 756/756/756 753/753/753 
f 754/754/754 757/757/757 755/755/755 
f 755/755/755 758/758/758 756/756/756 
f 757/757/757 758/758/758 755/755/755 
f 758/758/758 759/759/759 756/756/756 
f 757/757/757 760/760/760 758/758/758 
f 758/758/758 761/761/761 759/759/759 
f 760/760/760 761/761/761 758/758/758 
f 761/761/761 762/762/762 759/759/759 
f 760/760/760 763/763/763 761/761/761 
f 761/761/761 764/764/764 762/762/762 
f 763/763/763 764/764/764 761/761/761 
f 764/764/764 765/765/765 762/762/762 
f 763/763/763 766/766/766 764/764/764 
f 764/764/764 767/767/767 765/765/765 
f 766/766/766 767/767/767 764/764/764 
f 767/767/767 768/768/768 765/765/765 
f 766/766/766 769/769/769 767/767/767 
f 767/767/767 770/770/770 768/768/768 
f 769/769/769 770/770/770 767/767/767 
f 770/770/770 771/771/771 768/768/768 
f 769/769/769 772/772/772 770/770/770 
f 770/770/770 773/773/773 771/771/771 
f 772/772/772 773/773/773 770/770/770 
f 773/773/773 774/774/774 771/771/771 
f 772/772/772 775/775/775 773/773/773 
f 773/773/773 776/776/776 774/774/774 
f 775/775/775 776/776/776 773/773/773 
f 775/775/775 777/777/777 776/776/776 
f 778/778/778 780/780/780 779/779/779 
f 780/780/780 778/778/778 781/781/781 
f 780/780/780 781/781/781 782/782/782 
f 782/782/782 781/781/781 783/783/783 
f 783/783/783 781/781/781 784/784/784 
f 783/783/783 784/784/784 785/785/785 
f 783/783/783 785/785/785 786/786/786 
f 786/786/786 785/785/785 787/787/787 
f 788/788/788 790/790/790 789/789/789 
f 788/788/788 789/789/789 791/791/791 
f 791/791/791 789/789/789 792/792/792 
f 791/791/791 792/792/792 793/793/793 
f 793/793/793 792/792/792 794/794/794 
f 793/793/793 794/794/794 795/795/795 
f 795/795/795 794/794/794 796/796/796 
f 795/795/795 796/796/796 797/797/797 
f 797/797/797 796/796/796 798/798/798 
f 797/797/797 798/798/798 799/799/799 
f 799/799/799 798/798/798 800/800/800 
f 799/799/799 800/800/800 801/801/801 
f 801/801/801 800/800/800 802/802/802 
f 801/801/801 802/802/802 803/803/803 
f 803/803/803 802/802/802 804/804/804 
f 803/803/803 804/804/804 805/805/805 
f 805/805/805 804/804/804 806/806/806 
f 805/805/805 806/806/806 807/807/807 
f 807/807/807 806/806/806 808/808/808 
f 807/807/807 808/808/808 809/809/809 
f 810/810/810 812/812/812 811/811/811 
f 810/810/810 811/811/811 813/813/813 
f 814/814/814 810/810/810 813/813/813 
f 814/814/814 813/813/813 815/815/815 
f 816/816/816 814/814/814 815/815/815 
f 816/816/816 815/815/815 817/817/817 
f 818/818/818 816/816/816 817/817/817 
f 818/818/818 817/817/817 819/819/819 
f 820/820/820 818/818/818 819/819/819 
f 820/820/820 819/819/819 821/821/821 
f 822/822/822 820/820/820 821/821/821 
f 822/822/822 821/821/821 823/823/823 
f 824/824/824 822/822/822 823/823/823 
f 824/824/824 823/823/823 825/825/825 
f 826/826/826 824/824/824 825/825/825 
f 826/826/826 825/825/825 827/827/827 
f 828/828/828 826/826/826 827/827/827 
f 828/828/828 827/827/827 829/829/829 
f 830/830/830 828/828/828 829/829/829 
f 830/830/830 829/829/829 831/831/831 
f 832/832/832 834/834/834 833/833/833 
f 832/832/832 835/835/835 834/834/834 
f 835/835/835 836/836/836 834/834/834 
f 835/835/835 837/837/837 836/836/836 
f 837/837/837 838/838/838 836/836/836 
f 837/837/837 839/839/839 838/838/838 
f 839/839/839 840/840/840 838/838/838 
f 839/839/839 841/841/841 840/840/840 
f 841/841/841 842/842/842 840/840/840 
f 841/841/841 843/843/843 842/842/842 
f 843/843/843 844/844/844 842/842/842 
f 843/843/843 845/845/845 844/844/844 
f 845/845/845 846/846/846 844/844/844 
f 845/845/845 847/847/847 846/846/846 
f 847/847/847 848/848/848 846/846/846 
f 847/847/847 849/849/849 848/848/848 
f 849/849/849 850/850/850 848/848/848 
f 849/849/849 851/851/851 850/850/850 
f 851/851/851 852/852/852 850/850/850 
f 851/851/851 853/853/853 852/852/852 
f 854/854/854 856/856/856 855/855/855 
f 857/857/857 855/855/855 856/856/856 
f 854/854/854 855/855/855 858/858/858 
f 859/859/859 854/854/854 858/858/858 
f 859/859/859 858/858/858 860/860/860 
f 861/861/861 860/860/860 858/858/858 
f 861/861/861 858/858/858 862/862/862 
f 862/862/862 858/858/858 855/855/855 
f 863/863/863 861/861/861 862/862/862 
f 857/857/857 864/864/864 855/855/855 
f 864/864/864 862/862/862 855/855/855 
f 863/863/863 862/862/862 865/865/865 
f 864/864/864 865/865/865 862/862/862 
f 865/865/865 866/866/866 863/863/863 
f 865/865/865 867/867/867 866/866/866 
f 864/864/864 867/867/867 865/865/865 
f 867/867/867 868/868/868 866/866/866 
f 857/857/857 869/869/869 864/864/864 
f 864/864/864 869/869/869 867/867/867 
f 857/857/857 870/870/870 869/869/869 
f 867/867/867 871/871/871 868/868/868 
f 869/869/869 871/871/871 867/867/867 
f 871/871/871 872/872/872 868/868/868 
f 870/870/870 873/873/873 869/869/869 
f 869/869/869 873/873/873 871/871/871 
f 870/870/870 874/874/874 873/873/873 
f 871/871/871 875/875/875 872/872/872 
f 873/873/873 875/875/875 871/871/871 
f 874/874/874 876/876/876 873/873/873 
f 873/873/873 876/876/876 875/875/875 
f 874/874/874 877/877/877 876/876/876 
f 877/877/877 878/878/878 876/876/876 
f 875/875/875 876/876/876 878/878/878 
f 877/877/877 879/879/879 878/878/878 
f 872/872/872 875/875/875 880/880/880 
f 875/875/875 878/878/878 880/880/880 
f 872/872/872 880/880/880 881/881/881 
f 882/882/882 881/881/881 880/880/880 
f 879/879/879 883/883/883 878/878/878 
f 878/878/878 883/883/883 880/880/880 
f 882/882/882 880/880/880 883/883/883 
f 879/879/879 884/884/884 883/883/883 
f 885/885/885 882/882/882 883/883/883 
f 885/885/885 883/883/883 884/884/884 
f 886/886/886 888/888/888 887/887/887 
f 886/886/886 889/889/889 888/888/888 
f 890/890/890 887/887/887 888/888/888 
f 889/889/889 891/891/891 888/888/888 
f 889/889/889 892/892/892 891/891/891 
f 893/893/893 891/891/891 892/892/892 
f 890/890/890 888/888/888 894/894/894 
f 891/891/891 894/894/894 888/888/888 
f 895/895/895 890/890/890 894/894/894 
f 893/893/893 896/896/896 891/891/891 
f 896/896/896 894/894/894 891/891/891 
f 895/895/895 894/894/894 897/897/897 
f 896/896/896 897/897/897 894/894/894 
f 898/898/898 895/895/895 897/897/897 
f 898/898/898 897/897/897 899/899/899 
f 899/899/899 897/897/897 896/896/896 
f 900/900/900 898/898/898 899/899/899 
f 901/901/901 896/896/896 893/893/893 
f 899/899/899 896/896/896 901/901/901 
f 901/901/901 893/893/893 902/902/902 
f 900/900/900 899/899/899 903/903/903 
f 903/903/903 899/899/899 901/901/901 
f 904/904/904 900/900/900 903/903/903 
f 905/905/905 901/901/901 902/902/902 
f 903/903/903 901/901/901 905/905/905 
f 905/905/905 902/902/902 906/906/906 
f 904/904/904 903/903/903 907/907/907 
f 907/907/907 903/903/903 905/905/905 
f 908/908/908 905/905/905 906/906/906 
f 907/907/907 905/905/905 908/908/908 
f 908/908/908 906/906/906 909/909/909 
f 909/909/909 910/910/910 908/908/908 
f 907/907/907 908/908/908 910/910/910 
f 909/909/909 911/911/911 910/910/910 
f 904/904/904 907/907/907 912/912/912 
f 907/907/907 910/910/910 912/912/912 
f 904/904/904 912/912/912 913/913/913 
f 914/914/914 913/913/913 912/912/912 
f 911/911/911 915/915/915 910/910/910 
f 915/915/915 912/912/912 910/910/910 
f 914/914/914 912/912/912 915/915/915 
f 911/911/911 916/916/916 915/915/915 
f 917/917/917 914/914/914 915/915/915 
f 917/917/917 915/915/915 916/916/916 
f 918/918/918 920/920/920 919/919/919 
f 918/918/918 921/921/921 920/920/920 
f 922/922/922 919/919/919 920/920/920 
f 921/921/921 923/923/923 920/920/920 
f 921/921/921 924/924/924 923/923/923 
f 925/925/925 923/923/923 924/924/924 
f 922/922/922 920/920/920 926/926/926 
f 926/926/926 920/920/920 923/923/923 
f 927/927/927 922/922/922 926/926/926 
f 925/925/925 928/928/928 923/923/923 
f 928/928/928 926/926/926 923/923/923 
f 927/927/927 926/926/926 929/929/929 
f 928/928/928 929/929/929 926/926/926 
f 930/930/930 927/927/927 929/929/929 
f 930/930/930 929/929/929 931/931/931 
f 931/931/931 929/929/929 928/928/928 
f 932/932/932 930/930/930 931/931/931 
f 933/933/933 928/928/928 925/925/925 
f 931/931/931 928/928/928 933/933/933 
f 933/933/933 925/925/925 934/934/934 
f 932/932/932 931/931/931 935/935/935 
f 935/935/935 931/931/931 933/933/933 
f 936/936/936 932/932/932 935/935/935 
f 937/937/937 933/933/933 934/934/934 
f 935/935/935 933/933/933 937/937/937 
f 937/937/937 934/934/934 938/938/938 
f 936/936/936 935/935/935 939/939/939 
f 939/939/939 935/935/935 937/937/937 
f 940/940/940 937/937/937 938/938/938 
f 939/939/939 937/937/937 940/940/940 
f 940/940/940 938/938/938 941/941/941 
f 941/941/941 942/942/942 940/940/940 
f 939/939/939 940/940/940 942/942/942 
f 941/941/941 943/943/943 942/942/942 
f 936/936/936 939/939/939 944/944/944 
f 939/939/939 942/942/942 944/944/944 
f 936/936/936 944/944/944 945/945/945 
f 946/946/946 945/945/945 944/944/944 
f 943/943/943 947/947/947 942/942/942 
f 942/942/942 947/947/947 944/944/944 
f 946/946/946 944/944/944 947/947/947 
f 943/943/943 948/948/948 947/947/947 
f 949/949/949 946/946/946 947/947/947 
f 949/949/949 947/947/947 948/948/948 
f 950/950/950 952/952/952 951/951/951 
f 953/953/953 951/951/951 952/952/952 
f 950/950/950 951/951/951 954/954/954 
f 955/955/955 950/950/950 954/954/954 
f 955/955/955 954/954/954 956/956/956 
f 957/957/957 956/956/956 954/954/954 
f 957/957/957 954/954/954 958/958/958 
f 958/958/958 954/954/954 951/951/951 
f 959/959/959 957/957/957 958/958/958 
f 953/953/953 960/960/960 951/951/951 
f 960/960/960 958/958/958 951/951/951 
f 959/959/959 958/958/958 961/961/961 
f 960/960/960 961/961/961 958/958/958 
f 961/961/961 962/962/962 959/959/959 
f 961/961/961 963/963/963 962/962/962 
f 960/960/960 963/963/963 961/961/961 
f 963/963/963 964/964/964 962/962/962 
f 953/953/953 965/965/965 960/960/960 
f 960/960/960 965/965/965 963/963/963 
f 953/953/953 966/966/966 965/965/965 
f 963/963/963 967/967/967 964/964/964 
f 965/965/965 967/967/967 963/963/963 
f 967/967/967 968/968/968 964/964/964 
f 966/966/966 969/969/969 965/965/965 
f 965/965/965 969/969/969 967/967/967 
f 966/966/966 970/970/970 969/969/969 
f 967/967/967 971/971/971 968/968/968 
f 969/969/969 971/971/971 967/967/967 
f 970/970/970 972/972/972 969/969/969 
f 969/969/969 972/972/972 971/971/971 
f 970/970/970 973/973/973 972/972/972 
f 973/973/973 974/974/974 972/972/972 
f 971/971/971 972/972/972 974/974/974 
f 973/973/973 975/975/975 974/974/974 
f 968/968/968 971/971/971 976/976/976 
f 971/971/971 974/974/974 976/976/976 
f 968/968/968 976/976/976 977/977/977 
f 978/978/978 977/977/977 976/976/976 
f 975/975/975 979/979/979 974/974/974 
f 979/979/979 976/976/976 974/974/974 
f 978/978/978 976/976/976 979/979/979 
f 975/975/975 980/980/980 979/979/979 
f 981/981/981 978/978/978 979/979/979 
f 981/981/981 979/979/979 980/980/980 
f 982/982/982 984/984/984 983/983/983 
f 984/984/984 985/985/985 983/983/983 
f 986/986/986 983/983/983 985/985/985 
f 986/986/986 985/985/985 987/987/987 
f 987/987/987 988/988/988 986/986/986 
f 988/988/988 989/989/989 986/986/986 
f 990/990/990 983/983/983 986/986/986 
f 989/989/989 990/990/990 986/986/986 
f 991/991/991 982/982/982 983/983/983 
f 990/990/990 991/991/991 983/983/983 
f 989/989/989 992/992/992 990/990/990 
f 992/992/992 993/993/993 990/990/990 
f 993/993/993 994/994/994 990/990/990 
f 994/994/994 991/991/991 990/990/990 
f 991/991/991 994/994/994 995/995/995 
f 995/995/995 996/996/996 991/991/991 
f 996/996/996 997/997/997 991/991/991 
f 997/997/997 982/982/982 991/991/991 
f 989/989/989 998/998/998 992/992/992 
f 989/989/989 999/999/999 998/998/998 
f 1000/1000/1000 998/998/998 999/999/999 
f 1001/1001/1001 1000/1000/1000 999/999/999 
f 1002/1002/1002 982/982/982 997/997/997 
f 1003/1003/1003 982/982/982 1002/1002/1002 
f 1002/1002/1002 1004/1004/1004 1003/1003/1003 
f 1005/1005/1005 999/999/999 989/989/989 
f 999/999/999 1006/1006/1006 1001/1001/1001 
f 1004/1004/1004 1006/1006/1006 1003/1003/1003 
f 999/999/999 1003/1003/1003 1006/1006/1006 
f 1003/1003/1003 1007/1007/1007 982/982/982 
f 999/999/999 1005/1005/1005 1008/1008/1008 
f 1008/1008/1008 1003/1003/1003 999/999/999 
f 1005/1005/1005 1009/1009/1009 1008/1008/1008 
f 1009/1009/1009 1010/1010/1010 1008/1008/1008 
f 1007/1007/1007 1003/1003/1003 1011/1011/1011 
f 1008/1008/1008 1011/1011/1011 1003/1003/1003 
f 1010/1010/1010 1011/1011/1011 1008/1008/1008 
f 1012/1012/1012 1007/1007/1007 1011/1011/1011 
f 1011/1011/1011 1010/1010/1010 1013/1013/1013 
f 1013/1013/1013 1012/1012/1012 1011/1011/1011 
f 1014/1014/1014 1016/1016/1016 1015/1015/1015 
f 1017/1017/1017 1015/1015/1015 1016/1016/1016 
f 1017/1017/1017 1018/1018/1018 1015/1015/1015 
f 1019/1019/1019 1018/1018/1018 1017/1017/1017 
f 1019/1019/1019 1020/1020/1020 1018/1018/1018 
f 1020/1020/1020 1019/1019/1019 1021/1021/1021 
f 1020/1020/1020 1021/1021/1021 1022/1022/1022 
f 1022/1022/1022 1021/1021/1021 1023/1023/1023 
f 1022/1022/1022 1023/1023/1023 1024/1024/1024 
f 1024/1024/1024 1023/1023/1023 1025/1025/1025 
f 1018/1018/1018 1020/1020/1020 1026/1026/1026 
f 1018/1018/1018 1026/1026/1026 1027/1027/1027 
f 1015/1015/1015 1018/1018/1018 1027/1027/1027 
f 1028/1028/1028 1026/1026/1026 1020/1020/1020 
f 1028/1028/1028 1020/1020/1020 1022/1022/1022 
f 1022/1022/1022 1029/1029/1029 1028/1028/1028 
f 1022/1022/1022 1024/1024/1024 1029/1029/1029 
f 1015/1015/1015 1027/1027/1027 1030/1030/1030 
f 1024/1024/1024 1031/1031/1031 1029/1029/1029 
f 1030/1030/1030 1032/1032/1032 1015/1015/1015 
f 1030/1030/1030 1033/1033/1033 1032/1032/1032 
f 1014/1014/1014 1015/1015/1015 1032/1032/1032 
f 1024/1024/1024 1034/1034/1034 1031/1031/1031 
f 1024/1024/1024 1025/1025/1025 1034/1034/1034 
f 1035/1035/1035 1031/1031/1031 1034/1034/1034 
f 1036/1036/1036 1032/1032/1032 1033/1033/1033 
f 1036/1036/1036 1014/1014/1014 1032/1032/1032 
f 1036/1036/1036 1033/1033/1033 1037/1037/1037 
f 1036/1036/1036 1038/1038/1038 1014/1014/1014 
f 1039/1039/1039 1034/1034/1034 1025/1025/1025 
f 1035/1035/1035 1034/1034/1034 1039/1039/1039 
f 1039/1039/1039 1025/1025/1025 1040/1040/1040 
f 1039/1039/1039 1041/1041/1041 1035/1035/1035 
f 1042/1042/1042 1039/1039/1039 1040/1040/1040 
f 1043/1043/1043 1036/1036/1036 1037/1037/1037 
f 1043/1043/1043 1038/1038/1038 1036/1036/1036 
f 1043/1043/1043 1037/1037/1037 1044/1044/1044 
f 1043/1043/1043 1045/1045/1045 1038/1038/1038 
f 1039/1039/1039 1046/1046/1046 1041/1041/1041 
f 1042/1042/1042 1046/1046/1046 1039/1039/1039 
f 1046/1046/1046 1047/1047/1047 1041/1041/1041 
f 1048/1048/1048 1046/1046/1046 1042/1042/1042 
f 1044/1044/1044 1049/1049/1049 1043/1043/1043 
f 1045/1045/1045 1043/1043/1043 1049/1049/1049 
f 1044/1044/1044 1047/1047/1047 1049/1049/1049 
f 1045/1045/1045 1049/1049/1049 1048/1048/1048 
f 1048/1048/1048 1049/1049/1049 1046/1046/1046 
f 1046/1046/1046 1049/1049/1049 1047/1047/1047 
f 1050/1050/1050 1052/1052/1052 1051/1051/1051 
f 1050/1050/1050 1053/1053/1053 1052/1052/1052 
f 1050/1050/1050 1051/1051/1051 1054/1054/1054 
f 1054/1054/1054 1051/1051/1051 1055/1055/1055 
f 1054/1054/1054 1055/1055/1055 1056/1056/1056 
f 1056/1056/1056 1055/1055/1055 1057/1057/1057 
f 1050/1050/1050 1058/1058/1058 1053/1053/1053 
f 1053/1053/1053 1058/1058/1058 1059/1059/1059 
f 1053/1053/1053 1059/1059/1059 1060/1060/1060 
f 1060/1060/1060 1059/1059/1059 1061/1061/1061 
f 1060/1060/1060 1061/1061/1061 1062/1062/1062 
f 1062/1062/1062 1061/1061/1061 1063/1063/1063 
f 1062/1062/1062 1063/1063/1063 1064/1064/1064 
f 1063/1063/1063 1065/1065/1065 1064/1064/1064 
f 1050/1050/1050 1054/1054/1054 1066/1066/1066 
f 1058/1058/1058 1050/1050/1050 1067/1067/1067 
f 1050/1050/1050 1066/1066/1066 1067/1067/1067 
f 1059/1059/1059 1058/1058/1058 1068/1068/1068 
f 1058/1058/1058 1067/1067/1067 1068/1068/1068 
f 1061/1061/1061 1059/1059/1059 1069/1069/1069 
f 1059/1059/1059 1068/1068/1068 1069/1069/1069 
f 1063/1063/1063 1061/1061/1061 1070/1070/1070 
f 1061/1061/1061 1069/1069/1069 1070/1070/1070 
f 1054/1054/1054 1071/1071/1071 1066/1066/1066 
f 1054/1054/1054 1056/1056/1056 1071/1071/1071 
f 1067/1067/1067 1066/1066/1066 1072/1072/1072 
f 1067/1067/1067 1072/1072/1072 1073/1073/1073 
f 1068/1068/1068 1067/1067/1067 1073/1073/1073 
f 1066/1066/1066 1074/1074/1074 1072/1072/1072 
f 1066/1066/1066 1071/1071/1071 1074/1074/1074 
f 1068/1068/1068 1073/1073/1073 1075/1075/1075 
f 1069/1069/1069 1068/1068/1068 1075/1075/1075 
f 1069/1069/1069 1075/1075/1075 1076/1076/1076 
f 1070/1070/1070 1069/1069/1069 1076/1076/1076 
f 1071/1071/1071 1077/1077/1077 1074/1074/1074 
f 1070/1070/1070 1076/1076/1076 1078/1078/1078 
f 1071/1071/1071 1079/1079/1079 1077/1077/1077 
f 1056/1056/1056 1079/1079/1079 1071/1071/1071 
f 1080/1080/1080 1077/1077/1077 1079/1079/1079 
f 1081/1081/1081 1070/1070/1070 1078/1078/1078 
f 1063/1063/1063 1070/1070/1070 1081/1081/1081 
f 1081/1081/1081 1078/1078/1078 1082/1082/1082 
f 1056/1056/1056 1083/1083/1083 1079/1079/1079 
f 1056/1056/1056 1057/1057/1057 1083/1083/1083 
f 1080/1080/1080 1079/1079/1079 1084/1084/1084 
f 1084/1084/1084 1079/1079/1079 1083/1083/1083 
f 1084/1084/1084 1085/1085/1085 1080/1080/1080 
f 1086/1086/1086 1083/1083/1083 1057/1057/1057 
f 1084/1084/1084 1083/1083/1083 1086/1086/1086 
f 1086/1086/1086 1057/1057/1057 1087/1087/1087 
f 1088/1088/1088 1086/1086/1086 1087/1087/1087 
f 1084/1084/1084 1089/1089/1089 1085/1085/1085 
f 1086/1086/1086 1089/1089/1089 1084/1084/1084 
f 1089/1089/1089 1090/1090/1090 1085/1085/1085 
f 1088/1088/1088 1091/1091/1091 1086/1086/1086 
f 1086/1086/1086 1091/1091/1091 1089/1089/1089 
f 1092/1092/1092 1091/1091/1091 1088/1088/1088 
f 1089/1089/1089 1093/1093/1093 1090/1090/1090 
f 1091/1091/1091 1093/1093/1093 1089/1089/1089 
f 1093/1093/1093 1094/1094/1094 1090/1090/1090 
f 1092/1092/1092 1095/1095/1095 1091/1091/1091 
f 1091/1091/1091 1095/1095/1095 1093/1093/1093 
f 1096/1096/1096 1095/1095/1095 1092/1092/1092 
f 1093/1093/1093 1097/1097/1097 1094/1094/1094 
f 1095/1095/1095 1097/1097/1097 1093/1093/1093 
f 1097/1097/1097 1098/1098/1098 1094/1094/1094 
f 1096/1096/1096 1099/1099/1099 1095/1095/1095 
f 1095/1095/1095 1099/1099/1099 1097/1097/1097 
f 1097/1097/1097 1100/1100/1100 1098/1098/1098 
f 1099/1099/1099 1100/1100/1100 1097/1097/1097 
f 1100/1100/1100 1101/1101/1101 1098/1098/1098 
f 1102/1102/1102 1099/1099/1099 1096/1096/1096 
f 1099/1099/1099 1102/1102/1102 1100/1100/1100 
f 1102/1102/1102 1096/1096/1096 1103/1103/1103 
f 1102/1102/1102 1103/1103/1103 1104/1104/1104 
f 1100/1100/1100 1105/1105/1105 1101/1101/1101 
f 1102/1102/1102 1105/1105/1105 1100/1100/1100 
f 1105/1105/1105 1106/1106/1106 1101/1101/1101 
f 1102/1102/1102 1104/1104/1104 1107/1107/1107 
f 1102/1102/1102 1107/1107/1107 1105/1105/1105 
f 1107/1107/1107 1104/1104/1104 1108/1108/1108 
f 1105/1105/1105 1109/1109/1109 1106/1106/1106 
f 1107/1107/1107 1109/1109/1109 1105/1105/1105 
f 1109/1109/1109 1110/1110/1110 1106/1106/1106 
f 1107/1107/1107 1108/1108/1108 1111/1111/1111 
f 1107/1107/1107 1111/1111/1111 1109/1109/1109 
f 1111/1111/1111 1108/1108/1108 1065/1065/1065 
f 1109/1109/1109 1112/1112/1112 1110/1110/1110 
f 1111/1111/1111 1112/1112/1112 1109/1109/1109 
f 1112/1112/1112 1082/1082/1082 1110/1110/1110 
f 1112/1112/1112 1081/1081/1081 1082/1082/1082 
f 1111/1111/1111 1065/1065/1065 1113/1113/1113 
f 1111/1111/1111 1113/1113/1113 1112/1112/1112 
f 1113/1113/1113 1081/1081/1081 1112/1112/1112 
f 1063/1063/1063 1113/1113/1113 1065/1065/1065 
f 1113/1113/1113 1063/1063/1063 1081/1081/1081 
f 1114/1114/1114 1116/1116/1116 1115/1115/1115 
f 1114/1114/1114 1115/1115/1115 1117/1117/1117 
f 1114/1114/1114 1118/1118/1118 1116/1116/1116 
f 1118/1118/1118 1119/1119/1119 1116/1116/1116 
f 1114/1114/1114 1117/1117/1117 1120/1120/1120 
f 1120/1120/1120 1117/1117/1117 1121/1121/1121 
f 1118/1118/1118 1122/1122/1122 1119/1119/1119 
f 1122/1122/1122 1123/1123/1123 1119/1119/1119 
f 1120/1120/1120 1121/1121/1121 1124/1124/1124 
f 1124/1124/1124 1121/1121/1121 1125/1125/1125 
f 1122/1122/1122 1126/1126/1126 1123/1123/1123 
f 1126/1126/1126 1127/1127/1127 1123/1123/1123 
f 1126/1126/1126 1128/1128/1128 1127/1127/1127 
f 1128/1128/1128 1129/1129/1129 1127/1127/1127 
f 1130/1130/1130 1114/1114/1114 1120/1120/1120 
f 1118/1118/1118 1114/1114/1114 1131/1131/1131 
f 1130/1130/1130 1131/1131/1131 1114/1114/1114 
f 1122/1122/1122 1118/1118/1118 1132/1132/1132 
f 1118/1118/1118 1131/1131/1131 1132/1132/1132 
f 1126/1126/1126 1122/1122/1122 1133/1133/1133 
f 1122/1122/1122 1132/1132/1132 1133/1133/1133 
f 1134/1134/1134 1120/1120/1120 1124/1124/1124 
f 1134/1134/1134 1130/1130/1130 1120/1120/1120 
f 1128/1128/1128 1126/1126/1126 1135/1135/1135 
f 1126/1126/1126 1133/1133/1133 1135/1135/1135 
f 1136/1136/1136 1131/1131/1131 1130/1130/1130 
f 1136/1136/1136 1137/1137/1137 1131/1131/1131 
f 1132/1132/1132 1131/1131/1131 1137/1137/1137 
f 1138/1138/1138 1136/1136/1136 1130/1130/1130 
f 1138/1138/1138 1130/1130/1130 1134/1134/1134 
f 1132/1132/1132 1137/1137/1137 1139/1139/1139 
f 1133/1133/1133 1132/1132/1132 1139/1139/1139 
f 1133/1133/1133 1139/1139/1139 1140/1140/1140 
f 1135/1135/1135 1133/1133/1133 1140/1140/1140 
f 1141/1141/1141 1138/1138/1138 1134/1134/1134 
f 1135/1135/1135 1140/1140/1140 1142/1142/1142 
f 1141/1141/1141 1134/1134/1134 1143/1143/1143 
f 1143/1143/1143 1144/1144/1144 1141/1141/1141 
f 1143/1143/1143 1134/1134/1134 1124/1124/1124 
f 1145/1145/1145 1135/1135/1135 1142/1142/1142 
f 1128/1128/1128 1135/1135/1135 1145/1145/1145 
f 1145/1145/1145 1142/1142/1142 1146/1146/1146 
f 1143/1143/1143 1147/1147/1147 1144/1144/1144 
f 1147/1147/1147 1148/1148/1148 1144/1144/1144 
f 1143/1143/1143 1124/1124/1124 1149/1149/1149 
f 1149/1149/1149 1147/1147/1147 1143/1143/1143 
f 1124/1124/1124 1125/1125/1125 1149/1149/1149 
f 1150/1150/1150 1149/1149/1149 1125/1125/1125 
f 1149/1149/1149 1150/1150/1150 1147/1147/1147 
f 1150/1150/1150 1125/1125/1125 1151/1151/1151 
f 1147/1147/1147 1152/1152/1152 1148/1148/1148 
f 1150/1150/1150 1152/1152/1152 1147/1147/1147 
f 1152/1152/1152 1153/1153/1153 1148/1148/1148 
f 1154/1154/1154 1150/1150/1150 1151/1151/1151 
f 1150/1150/1150 1154/1154/1154 1152/1152/1152 
f 1154/1154/1154 1151/1151/1151 1155/1155/1155 
f 1152/1152/1152 1156/1156/1156 1153/1153/1153 
f 1154/1154/1154 1156/1156/1156 1152/1152/1152 
f 1157/1157/1157 1153/1153/1153 1156/1156/1156 
f 1158/1158/1158 1154/1154/1154 1155/1155/1155 
f 1154/1154/1154 1158/1158/1158 1156/1156/1156 
f 1158/1158/1158 1155/1155/1155 1159/1159/1159 
f 1158/1158/1158 1159/1159/1159 1160/1160/1160 
f 1157/1157/1157 1156/1156/1156 1161/1161/1161 
f 1161/1161/1161 1156/1156/1156 1158/1158/1158 
f 1162/1162/1162 1157/1157/1157 1161/1161/1161 
f 1158/1158/1158 1160/1160/1160 1163/1163/1163 
f 1161/1161/1161 1158/1158/1158 1163/1163/1163 
f 1163/1163/1163 1160/1160/1160 1164/1164/1164 
f 1162/1162/1162 1161/1161/1161 1165/1165/1165 
f 1165/1165/1165 1161/1161/1161 1163/1163/1163 
f 1166/1166/1166 1162/1162/1162 1165/1165/1165 
f 1163/1163/1163 1164/1164/1164 1167/1167/1167 
f 1165/1165/1165 1163/1163/1163 1167/1167/1167 
f 1167/1167/1167 1164/1164/1164 1168/1168/1168 
f 1166/1166/1166 1165/1165/1165 1169/1169/1169 
f 1169/1169/1169 1165/1165/1165 1167/1167/1167 
f 1169/1169/1169 1170/1170/1170 1166/1166/1166 
f 1167/1167/1167 1168/1168/1168 1171/1171/1171 
f 1169/1169/1169 1167/1167/1167 1171/1171/1171 
f 1169/1169/1169 1172/1172/1172 1170/1170/1170 
f 1171/1171/1171 1172/1172/1172 1169/1169/1169 
f 1172/1172/1172 1173/1173/1173 1170/1170/1170 
f 1174/1174/1174 1171/1171/1171 1168/1168/1168 
f 1171/1171/1171 1174/1174/1174 1172/1172/1172 
f 1174/1174/1174 1168/1168/1168 1175/1175/1175 
f 1172/1172/1172 1176/1176/1176 1173/1173/1173 
f 1174/1174/1174 1176/1176/1176 1172/1172/1172 
f 1176/1176/1176 1177/1177/1177 1173/1173/1173 
f 1178/1178/1178 1174/1174/1174 1175/1175/1175 
f 1174/1174/1174 1178/1178/1178 1176/1176/1176 
f 1178/1178/1178 1175/1175/1175 1179/1179/1179 
f 1176/1176/1176 1180/1180/1180 1177/1177/1177 
f 1178/1178/1178 1180/1180/1180 1176/1176/1176 
f 1180/1180/1180 1181/1181/1181 1177/1177/1177 
f 1182/1182/1182 1178/1178/1178 1179/1179/1179 
f 1178/1178/1178 1182/1182/1182 1180/1180/1180 
f 1182/1182/1182 1179/1179/1179 1183/1183/1183 
f 1180/1180/1180 1184/1184/1184 1181/1181/1181 
f 1182/1182/1182 1184/1184/1184 1180/1180/1180 
f 1184/1184/1184 1185/1185/1185 1181/1181/1181 
f 1186/1186/1186 1182/1182/1182 1183/1183/1183 
f 1182/1182/1182 1186/1186/1186 1184/1184/1184 
f 1186/1186/1186 1183/1183/1183 1187/1187/1187 
f 1184/1184/1184 1188/1188/1188 1185/1185/1185 
f 1186/1186/1186 1188/1188/1188 1184/1184/1184 
f 1189/1189/1189 1185/1185/1185 1188/1188/1188 
f 1190/1190/1190 1186/1186/1186 1187/1187/1187 
f 1186/1186/1186 1190/1190/1190 1188/1188/1188 
f 1190/1190/1190 1187/1187/1187 1191/1191/1191 
f 1190/1190/1190 1191/1191/1191 1192/1192/1192 
f 1189/1189/1189 1188/1188/1188 1193/1193/1193 
f 1193/1193/1193 1188/1188/1188 1190/1190/1190 
f 1194/1194/1194 1189/1189/1189 1193/1193/1193 
f 1190/1190/1190 1192/1192/1192 1195/1195/1195 
f 1193/1193/1193 1190/1190/1190 1195/1195/1195 
f 1195/1195/1195 1192/1192/1192 1196/1196/1196 
f 1194/1194/1194 1193/1193/1193 1197/1197/1197 
f 1197/1197/1197 1193/1193/1193 1195/1195/1195 
f 1198/1198/1198 1194/1194/1194 1197/1197/1197 
f 1195/1195/1195 1196/1196/1196 1199/1199/1199 
f 1197/1197/1197 1195/1195/1195 1199/1199/1199 
f 1199/1199/1199 1196/1196/1196 1200/1200/1200 
f 1198/1198/1198 1197/1197/1197 1201/1201/1201 
f 1201/1201/1201 1197/1197/1197 1199/1199/1199 
f 1201/1201/1201 1202/1202/1202 1198/1198/1198 
f 1199/1199/1199 1200/1200/1200 1203/1203/1203 
f 1201/1201/1201 1199/1199/1199 1203/1203/1203 
f 1201/1201/1201 1204/1204/1204 1202/1202/1202 
f 1203/1203/1203 1204/1204/1204 1201/1201/1201 
f 1204/1204/1204 1205/1205/1205 1202/1202/1202 
f 1206/1206/1206 1203/1203/1203 1200/1200/1200 
f 1203/1203/1203 1206/1206/1206 1204/1204/1204 
f 1206/1206/1206 1200/1200/1200 1207/1207/1207 
f 1204/1204/1204 1208/1208/1208 1205/1205/1205 
f 1206/1206/1206 1208/1208/1208 1204/1204/1204 
f 1208/1208/1208 1209/1209/1209 1205/1205/1205 
f 1210/1210/1210 1206/1206/1206 1207/1207/1207 
f 1206/1206/1206 1210/1210/1210 1208/1208/1208 
f 1210/1210/1210 1207/1207/1207 1211/1211/1211 
f 1208/1208/1208 1212/1212/1212 1209/1209/1209 
f 1210/1210/1210 1212/1212/1212 1208/1208/1208 
f 1213/1213/1213 1209/1209/1209 1212/1212/1212 
f 1214/1214/1214 1210/1210/1210 1211/1211/1211 
f 1210/1210/1210 1214/1214/1214 1212/1212/1212 
f 1214/1214/1214 1211/1211/1211 1215/1215/1215 
f 1214/1214/1214 1215/1215/1215 1216/1216/1216 
f 1213/1213/1213 1212/1212/1212 1217/1217/1217 
f 1217/1217/1217 1212/1212/1212 1214/1214/1214 
f 1218/1218/1218 1213/1213/1213 1217/1217/1217 
f 1214/1214/1214 1216/1216/1216 1219/1219/1219 
f 1217/1217/1217 1214/1214/1214 1219/1219/1219 
f 1219/1219/1219 1216/1216/1216 1220/1220/1220 
f 1218/1218/1218 1217/1217/1217 1221/1221/1221 
f 1221/1221/1221 1217/1217/1217 1219/1219/1219 
f 1222/1222/1222 1218/1218/1218 1221/1221/1221 
f 1219/1219/1219 1220/1220/1220 1223/1223/1223 
f 1221/1221/1221 1219/1219/1219 1223/1223/1223 
f 1223/1223/1223 1220/1220/1220 1129/1129/1129 
f 1222/1222/1222 1221/1221/1221 1224/1224/1224 
f 1224/1224/1224 1221/1221/1221 1223/1223/1223 
f 1224/1224/1224 1146/1146/1146 1222/1222/1222 
f 1224/1224/1224 1145/1145/1145 1146/1146/1146 
f 1223/1223/1223 1129/1129/1129 1225/1225/1225 
f 1224/1224/1224 1223/1223/1223 1225/1225/1225 
f 1225/1225/1225 1145/1145/1145 1224/1224/1224 
f 1128/1128/1128 1225/1225/1225 1129/1129/1129 
f 1225/1225/1225 1128/1128/1128 1145/1145/1145 
