# exported by StudySceneExporter from mesh 'cpu'
mtllib materials.mtl
v -0.005733846 0.007995618 0.006069965
v -0.005733846 0.001243175 0.006069965
v -0.01541021 0.001243175 0.006069965
v -0.01541021 0.001243175 0.006069965
v -0.01541021 0.005824491 0.006069963
v -0.005733846 0.007995618 0.006069965
v -0.01541021 0.005824491 0.006069963
v -0.01541021 0.007995618 0.006069965
v -0.005733846 0.007995618 0.006069965
v -0.01535762 0.007146839 -0.01039611
v -0.01535762 0.007146839 -0.01399757
v -0.01535762 0.007146839 -0.0157331
v -0.01535762 0.005482676 -0.008041004
v -0.01541021 0.0030315 -0.01343898
v -0.01541021 0.002927029 -0.01382594
v -0.01541021 0.0030315 -0.01299625
v -0.01541021 0.002927029 -0.01338321
v -0.01541021 0.0030315 -0.01255352
v -0.01541021 0.002927029 -0.01294048
v -0.01535762 0.005482676 -0.008041004
v -0.01541021 0.0030315 -0.01211078
v -0.01541021 0.002927029 -0.01249774
v -0.01535762 0.005482676 -0.008041004
v -0.01541021 0.0030315 -0.01166805
v -0.01541021 0.002792693 -0.01204073
v -0.01541021 0.0030315 -0.01122532
v -0.01541021 0.002792693 -0.011598
v -0.01535762 0.005482676 -0.008041004
v -0.01541021 0.0030315 -0.01078258
v -0.01541021 0.002792693 -0.01115526
v -0.01541021 0.0030315 -0.01033985
v -0.01541021 0.002792693 -0.01071253
v -0.01535762 0.005482676 -0.008041004
v -0.01541021 0.0030315 -0.009897115
v -0.01541021 0.002792693 -0.0102698
v -0.01535762 0.005482676 -0.008041004
v -0.01541021 0.0030315 -0.009454381
v -0.01541021 0.002792693 -0.009827063
v -0.01535762 0.007146839 -0.0157331
v -0.01535762 0.007146839 -0.01399757
v -0.01541021 0.0029777 -0.01568137
v -0.01535762 0.007146839 -0.01399757
v -0.01541021 0.0030315 -0.01565265
v -0.01541021 0.0029777 -0.01568137
v -0.01535762 0.007146839 -0.01399757
v -0.01541021 0.0030315 -0.01520992
v -0.01541021 0.0029777 -0.01523864
v -0.01541021 0.0029777 -0.01435317
v -0.01541021 0.002864141 -0.01437354
v -0.01541021 0.0030315 -0.01432445
v -0.01535762 0.007146839 -0.01399757
v -0.01541021 0.0030315 -0.01476718
v -0.01541021 0.0029777 -0.01479591
v -0.01535762 0.005482676 -0.0157331
v -0.01541021 0.0030315 -0.01698085
v -0.01541021 0.0029777 -0.01700958
v -0.01535762 0.005482676 -0.0157331
v -0.01541021 0.0030315 -0.01653812
v -0.01541021 0.0029777 -0.01656684
v -0.01535762 0.005482676 -0.0177295
v -0.01541021 0.0030315 -0.01875179
v -0.01541021 0.0029777 -0.01878051
v -0.01535762 0.005482676 -0.0177295
v -0.01541021 0.0030315 -0.01830905
v -0.01541021 0.0029777 -0.01833778
v -0.01352486 0.0004241662 -0.01880823
v -0.01541021 0.0004241662 -0.01880823
v -0.01541021 0.0002768608 -0.01880088
v -0.01352486 0.0002768608 -0.01880088
v -0.01352486 0.0002768608 -0.01880088
v -0.01541021 0.0002768608 -0.01880088
v -0.01541021 0.0001633013 -0.01878051
v -0.01352486 0.0001633014 -0.01878051
v -0.01352486 0.0001633014 -0.01878051
v -0.01541021 0.0001633013 -0.01878051
v -0.01541021 0.0001095027 -0.01875179
v -0.01352486 0.0001095028 -0.01875179
v -0.01352486 0.0001095028 -0.01875179
v -0.01541021 0.0001095027 -0.01875179
v -0.01541021 0.0001277899 -0.01872129
v -0.01352486 0.00012779 -0.01872129
v -0.01352486 0.00012779 -0.01872129
v -0.01541021 0.0001277899 -0.01872129
v -0.01541021 0.000213973 -0.01869601
v -0.01352486 0.0002139731 -0.01869601
v -0.01352486 0.0002139731 -0.01869601
v -0.01541021 0.000213973 -0.01869601
v -0.01541021 0.0003483091 -0.01868174
v -0.01352486 0.0003483092 -0.01868174
v -0.01352486 0.0003483092 -0.01868174
v -0.01541021 0.0003483091 -0.01868174
v -0.01541021 0.0004314158 -0.01868174
v -0.01352486 0.002792693 -0.01868174
v -0.01541021 0.002792693 -0.01868174
v -0.01352486 0.002792693 -0.01868174
v -0.01541021 0.002792693 -0.01868174
v -0.01541021 0.002927029 -0.01869601
v -0.01352486 0.002927029 -0.01869601
v -0.01352486 0.002927029 -0.01869601
v -0.01541021 0.002927029 -0.01869601
v -0.01541021 0.003013212 -0.01872129
v -0.01352486 0.003013213 -0.01872129
v -0.01352486 0.003013213 -0.01872129
v -0.01541021 0.003013212 -0.01872129
v -0.01541021 0.0030315 -0.01875179
v -0.01352486 0.0030315 -0.01875179
v -0.01352486 0.0030315 -0.01875179
v -0.01541021 0.0030315 -0.01875179
v -0.01541021 0.0029777 -0.01878051
v -0.01352486 0.002977701 -0.01878051
v -0.01352486 0.002977701 -0.01878051
v -0.01541021 0.0029777 -0.01878051
v -0.01541021 0.002864141 -0.01880088
v -0.01352486 0.002864141 -0.01880088
v -0.01352486 0.002864141 -0.01880088
v -0.01541021 0.002864141 -0.01880088
v -0.01541021 0.0004241662 -0.01880823
v -0.01352486 0.0004241662 -0.01880823
v -0.01352486 0.002864141 -0.01880088
v -0.01352486 0.0004241662 -0.01880823
v -0.01352486 0.0002768608 -0.01880088
v -0.01352486 0.002977701 -0.01878051
v -0.01352486 0.0001633014 -0.01878051
v -0.01352486 0.0030315 -0.01875179
v -0.01352486 0.0001095028 -0.01875179
v -0.01352486 0.003013213 -0.01872129
v -0.01352486 0.00012779 -0.01872129
v -0.01352486 0.002927029 -0.01869601
v -0.01352486 0.0002139731 -0.01869601
v -0.01352486 0.002792693 -0.01868174
v -0.01352486 0.0003483092 -0.01868174
v -0.01352486 0.0004241662 -0.0183655
v -0.01541021 0.0004241662 -0.0183655
v -0.01541021 0.0002768608 -0.01835815
v -0.01352486 0.0002768608 -0.01835815
v -0.01352486 0.0002768608 -0.01835815
v -0.01541021 0.0002768608 -0.01835815
v -0.01541021 0.0001633013 -0.01833778
v -0.01352486 0.0001633014 -0.01833778
v -0.01352486 0.0001633014 -0.01833778
v -0.01541021 0.0001633013 -0.01833778
v -0.01541021 0.0001095027 -0.01830905
v -0.01352486 0.0001095028 -0.01830905
v -0.01352486 0.0001095028 -0.01830905
v -0.01541021 0.0001095027 -0.01830905
v -0.01541021 0.0001277899 -0.01827856
v -0.01352486 0.00012779 -0.01827856
v -0.01352486 0.00012779 -0.01827856
v -0.01541021 0.0001277899 -0.01827856
v -0.01541021 0.000213973 -0.01825328
v -0.01352486 0.0002139731 -0.01825328
v -0.01352486 0.0002139731 -0.01825328
v -0.01541021 0.000213973 -0.01825328
v -0.01541021 0.0003483091 -0.018239
v -0.01352486 0.0003483092 -0.018239
v -0.01352486 0.0003483092 -0.018239
v -0.01541021 0.0003483091 -0.018239
v -0.01541021 0.0004334221 -0.018239
v -0.01352486 0.002792693 -0.018239
v -0.01541021 0.002792693 -0.018239
v -0.01352486 0.002792693 -0.018239
v -0.01541021 0.002792693 -0.018239
v -0.01541021 0.002927029 -0.01825328
v -0.01352486 0.002927029 -0.01825328
v -0.01352486 0.002927029 -0.01825328
v -0.01541021 0.002927029 -0.01825328
v -0.01541021 0.003013212 -0.01827856
v -0.01352486 0.003013213 -0.01827856
v -0.01352486 0.003013213 -0.01827856
v -0.01541021 0.003013212 -0.01827856
v -0.01541021 0.0030315 -0.01830905
v -0.01352486 0.0030315 -0.01830905
v -0.01352486 0.0030315 -0.01830905
v -0.01541021 0.0030315 -0.01830905
v -0.01541021 0.0029777 -0.01833778
v -0.01352486 0.002977701 -0.01833778
v -0.01352486 0.002977701 -0.01833778
v -0.01541021 0.0029777 -0.01833778
v -0.01541021 0.002864141 -0.01835815
v -0.01352486 0.002864141 -0.01835815
v -0.01352486 0.002864141 -0.01835815
v -0.01541021 0.002864141 -0.01835815
v -0.01541021 0.0004241662 -0.0183655
v -0.01352486 0.0004241662 -0.0183655
v -0.01352486 0.002864141 -0.01835815
v -0.01352486 0.0004241662 -0.0183655
v -0.01352486 0.0002768608 -0.01835815
v -0.01352486 0.002977701 -0.01833778
v -0.01352486 0.0001633014 -0.01833778
v -0.01352486 0.0030315 -0.01830905
v -0.01352486 0.0001095028 -0.01830905
v -0.01352486 0.003013213 -0.01827856
v -0.01352486 0.00012779 -0.01827856
v -0.01352486 0.002927029 -0.01825328
v -0.01352486 0.0002139731 -0.01825328
v -0.01352486 0.002792693 -0.018239
v -0.01352486 0.0003483092 -0.018239
v -0.01352486 0.0004241662 -0.01792277
v -0.01541021 0.0004241662 -0.01792277
v -0.01541021 0.0002768608 -0.01791541
v -0.01352486 0.0002768608 -0.01791541
v -0.01352486 0.0002768608 -0.01791541
v -0.01541021 0.0002768608 -0.01791541
v -0.01541021 0.0001633013 -0.01789504
v -0.01352486 0.0001633014 -0.01789504
v -0.01352486 0.0001633014 -0.01789504
v -0.01541021 0.0001633013 -0.01789504
v -0.01541021 0.0001095027 -0.01786632
v -0.01352486 0.0001095028 -0.01786632
v -0.01352486 0.0001095028 -0.01786632
v -0.01541021 0.0001095027 -0.01786632
v -0.01541021 0.0001277899 -0.01783583
v -0.01352486 0.00012779 -0.01783583
v -0.01352486 0.00012779 -0.01783583
v -0.01541021 0.0001277899 -0.01783583
v -0.01541021 0.000213973 -0.01781055
v -0.01352486 0.0002139731 -0.01781055
v -0.01352486 0.0002139731 -0.01781055
v -0.01541021 0.000213973 -0.01781055
v -0.01541021 0.0003483091 -0.01779627
v -0.01352486 0.0003483092 -0.01779627
v -0.01352486 0.0003483092 -0.01779627
v -0.01541021 0.0003483091 -0.01779627
v -0.01541021 0.0004334221 -0.01779627
v -0.01352486 0.002792693 -0.01779627
v -0.01541021 0.002792693 -0.01779627
v -0.01352486 0.002792693 -0.01779627
v -0.01541021 0.002792693 -0.01779627
v -0.01541021 0.002927029 -0.01781055
v -0.01352486 0.002927029 -0.01781055
v -0.01352486 0.002927029 -0.01781055
v -0.01541021 0.002927029 -0.01781055
v -0.01541021 0.003013212 -0.01783583
v -0.01352486 0.003013213 -0.01783583
v -0.01352486 0.003013213 -0.01783583
v -0.01541021 0.003013212 -0.01783583
v -0.01541021 0.0030315 -0.01786632
v -0.01352486 0.0030315 -0.01786632
v -0.01352486 0.0030315 -0.01786632
v -0.01541021 0.0030315 -0.01786632
v -0.01541021 0.0029777 -0.01789504
v -0.01352486 0.002977701 -0.01789504
v -0.01352486 0.002977701 -0.01789504
v -0.01541021 0.0029777 -0.01789504
v -0.01541021 0.002864141 -0.01791541
v -0.01352486 0.002864141 -0.01791541
v -0.01352486 0.002864141 -0.01791541
v -0.01541021 0.002864141 -0.01791541
v -0.01541021 0.0004241662 -0.01792277
v -0.01352486 0.0004241662 -0.01792277
v -0.01352486 0.002864141 -0.01791541
v -0.01352486 0.0004241662 -0.01792277
v -0.01352486 0.0002768608 -0.01791541
v -0.01352486 0.002977701 -0.01789504
v -0.01352486 0.0001633014 -0.01789504
v -0.01352486 0.0030315 -0.01786632
v -0.01352486 0.0001095028 -0.01786632
v -0.01352486 0.003013213 -0.01783583
v -0.01352486 0.00012779 -0.01783583
v -0.01352486 0.002927029 -0.01781055
v -0.01352486 0.0002139731 -0.01781055
v -0.01352486 0.002792693 -0.01779627
v -0.01352486 0.0003483092 -0.01779627
v -0.01352486 0.0004241662 -0.01748003
v -0.01541021 0.0004241662 -0.01748003
v -0.01541021 0.0002768608 -0.01747268
v -0.01352486 0.0002768608 -0.01747268
v -0.01352486 0.0002768608 -0.01747268
v -0.01541021 0.0002768608 -0.01747268
v -0.01541021 0.0001633013 -0.01745231
v -0.01352486 0.0001633014 -0.01745231
v -0.01352486 0.0001633014 -0.01745231
v -0.01541021 0.0001633013 -0.01745231
v -0.01541021 0.0001095027 -0.01742359
v -0.01352486 0.0001095028 -0.01742359
v -0.01352486 0.0001095028 -0.01742359
v -0.01541021 0.0001095027 -0.01742359
v -0.01541021 0.0001277899 -0.01739309
v -0.01352486 0.00012779 -0.01739309
v -0.01352486 0.00012779 -0.01739309
v -0.01541021 0.0001277899 -0.01739309
v -0.01541021 0.000213973 -0.01736781
v -0.01352486 0.0002139731 -0.01736781
v -0.01352486 0.0002139731 -0.01736781
v -0.01541021 0.000213973 -0.01736781
v -0.01541021 0.0003483091 -0.01735354
v -0.01352486 0.0003483092 -0.01735354
v -0.01352486 0.0003483092 -0.01735354
v -0.01541021 0.0003483091 -0.01735354
v -0.01541021 0.0004334221 -0.01735354
v -0.01352486 0.002792693 -0.01735354
v -0.01541021 0.002792693 -0.01735354
v -0.01352486 0.002792693 -0.01735354
v -0.01541021 0.002792693 -0.01735354
v -0.01541021 0.002927029 -0.01736781
v -0.01352486 0.002927029 -0.01736781
v -0.01352486 0.002927029 -0.01736781
v -0.01541021 0.002927029 -0.01736781
v -0.01541021 0.003013212 -0.01739309
v -0.01352486 0.003013213 -0.01739309
v -0.01352486 0.003013213 -0.01739309
v -0.01541021 0.003013212 -0.01739309
v -0.01541021 0.0030315 -0.01742359
v -0.01352486 0.0030315 -0.01742359
v -0.01352486 0.0030315 -0.01742359
v -0.01541021 0.0030315 -0.01742359
v -0.01541021 0.0029777 -0.01745231
v -0.01352486 0.002977701 -0.01745231
v -0.01352486 0.002977701 -0.01745231
v -0.01541021 0.0029777 -0.01745231
v -0.01541021 0.002864141 -0.01747268
v -0.01352486 0.002864141 -0.01747268
v -0.01352486 0.002864141 -0.01747268
v -0.01541021 0.002864141 -0.01747268
v -0.01541021 0.0004241662 -0.01748003
v -0.01352486 0.0004241662 -0.01748003
v -0.01352486 0.002864141 -0.01747268
v -0.01352486 0.0004241662 -0.01748003
v -0.01352486 0.0002768608 -0.01747268
v -0.01352486 0.002977701 -0.01745231
v -0.01352486 0.0001633014 -0.01745231
v -0.01352486 0.0030315 -0.01742359
v -0.01352486 0.0001095028 -0.01742359
v -0.01352486 0.003013213 -0.01739309
v -0.01352486 0.00012779 -0.01739309
v -0.01352486 0.002927029 -0.01736781
v -0.01352486 0.0002139731 -0.01736781
v -0.01352486 0.002792693 -0.01735354
v -0.01352486 0.0003483092 -0.01735354
v -0.01352486 0.0004241662 -0.0170373
v -0.01541021 0.0004241662 -0.0170373
v -0.01541021 0.0002768608 -0.01702994
v -0.01352486 0.0002768608 -0.01702994
v -0.01352486 0.0002768608 -0.01702994
v -0.01541021 0.0002768608 -0.01702994
v -0.01541021 0.0001633013 -0.01700958
v -0.01352486 0.0001633014 -0.01700958
v -0.01352486 0.0001633014 -0.01700958
v -0.01541021 0.0001633013 -0.01700958
v -0.01541021 0.0001095027 -0.01698085
v -0.01352486 0.0001095028 -0.01698085
v -0.01352486 0.0001095028 -0.01698085
v -0.01541021 0.0001095027 -0.01698085
v -0.01541021 0.0001277899 -0.01695036
v -0.01352486 0.00012779 -0.01695036
v -0.01352486 0.00012779 -0.01695036
v -0.01541021 0.0001277899 -0.01695036
v -0.01541021 0.000213973 -0.01692508
v -0.01352486 0.0002139731 -0.01692508
v -0.01352486 0.0002139731 -0.01692508
v -0.01541021 0.000213973 -0.01692508
v -0.01541021 0.0003483091 -0.0169108
v -0.01352486 0.0003483092 -0.0169108
v -0.01352486 0.0003483092 -0.0169108
v -0.01541021 0.0003483091 -0.0169108
v -0.01541021 0.0004334221 -0.0169108
v -0.01352486 0.002792693 -0.0169108
v -0.01541021 0.002792693 -0.0169108
v -0.01352486 0.002792693 -0.0169108
v -0.01541021 0.002792693 -0.0169108
v -0.01541021 0.002927029 -0.01692508
v -0.01352486 0.002927029 -0.01692508
v -0.01352486 0.002927029 -0.01692508
v -0.01541021 0.002927029 -0.01692508
v -0.01541021 0.003013212 -0.01695036
v -0.01352486 0.003013213 -0.01695036
v -0.01352486 0.003013213 -0.01695036
v -0.01541021 0.003013212 -0.01695036
v -0.01541021 0.0030315 -0.01698085
v -0.01352486 0.0030315 -0.01698085
v -0.01352486 0.0030315 -0.01698085
v -0.01541021 0.0030315 -0.01698085
v -0.01541021 0.0029777 -0.01700958
v -0.01352486 0.002977701 -0.01700958
v -0.01352486 0.002977701 -0.01700958
v -0.01541021 0.0029777 -0.01700958
v -0.01541021 0.002864141 -0.01702994
v -0.01352486 0.002864141 -0.01702994
v -0.01352486 0.002864141 -0.01702994
v -0.01541021 0.002864141 -0.01702994
v -0.01541021 0.0004241662 -0.0170373
v -0.01352486 0.0004241662 -0.0170373
v -0.01352486 0.002864141 -0.01702994
v -0.01352486 0.0004241662 -0.0170373
v -0.01352486 0.0002768608 -0.01702994
v -0.01352486 0.002977701 -0.01700958
v -0.01352486 0.0001633014 -0.01700958
v -0.01352486 0.0030315 -0.01698085
v -0.01352486 0.0001095028 -0.01698085
v -0.01352486 0.003013213 -0.01695036
v -0.01352486 0.00012779 -0.01695036
v -0.01352486 0.002927029 -0.01692508
v -0.01352486 0.0002139731 -0.01692508
v -0.01352486 0.002792693 -0.0169108
v -0.01352486 0.0003483092 -0.0169108
v -0.01352486 0.0004241662 -0.01659456
v -0.01541021 0.0004241662 -0.01659456
v -0.01541021 0.0002768608 -0.01658721
v -0.01352486 0.0002768608 -0.01658721
v -0.01352486 0.0002768608 -0.01658721
v -0.01541021 0.0002768608 -0.01658721
v -0.01541021 0.0001633013 -0.01656684
v -0.01352486 0.0001633014 -0.01656684
v -0.01352486 0.0001633014 -0.01656684
v -0.01541021 0.0001633013 -0.01656684
v -0.01541021 0.0001095027 -0.01653812
v -0.01352486 0.0001095028 -0.01653812
v -0.01352486 0.0001095028 -0.01653812
v -0.01541021 0.0001095027 -0.01653812
v -0.01541021 0.0001277899 -0.01650763
v -0.01352486 0.00012779 -0.01650763
v -0.01352486 0.00012779 -0.01650763
v -0.01541021 0.0001277899 -0.01650763
v -0.01541021 0.000213973 -0.01648234
v -0.01352486 0.0002139731 -0.01648234
v -0.01352486 0.0002139731 -0.01648234
v -0.01541021 0.000213973 -0.01648234
v -0.01541021 0.0003483091 -0.01646807
v -0.01352486 0.0003483092 -0.01646807
v -0.01352486 0.0003483092 -0.01646807
v -0.01541021 0.0003483091 -0.01646807
v -0.01541021 0.000433422 -0.01646807
v -0.01352486 0.002792693 -0.01646807
v -0.01541021 0.002792693 -0.01646807
v -0.01352486 0.002792693 -0.01646807
v -0.01541021 0.002792693 -0.01646807
v -0.01541021 0.002927029 -0.01648234
v -0.01352486 0.002927029 -0.01648234
v -0.01352486 0.002927029 -0.01648234
v -0.01541021 0.002927029 -0.01648234
v -0.01541021 0.003013212 -0.01650763
v -0.01352486 0.003013213 -0.01650763
v -0.01352486 0.003013213 -0.01650763
v -0.01541021 0.003013212 -0.01650763
v -0.01541021 0.0030315 -0.01653812
v -0.01352486 0.0030315 -0.01653812
v -0.01352486 0.0030315 -0.01653812
v -0.01541021 0.0030315 -0.01653812
v -0.01541021 0.0029777 -0.01656684
v -0.01352486 0.002977701 -0.01656684
v -0.01352486 0.002977701 -0.01656684
v -0.01541021 0.0029777 -0.01656684
v -0.01541021 0.002864141 -0.01658721
v -0.01352486 0.002864141 -0.01658721
v -0.01352486 0.002864141 -0.01658721
v -0.01541021 0.002864141 -0.01658721
v -0.01541021 0.0004241662 -0.01659456
v -0.01352486 0.0004241662 -0.01659456
v -0.01352486 0.002864141 -0.01658721
v -0.01352486 0.0004241662 -0.01659456
v -0.01352486 0.0002768608 -0.01658721
v -0.01352486 0.002977701 -0.01656684
v -0.01352486 0.0001633014 -0.01656684
v -0.01352486 0.0030315 -0.01653812
v -0.01352486 0.0001095028 -0.01653812
v -0.01352486 0.003013213 -0.01650763
v -0.01352486 0.00012779 -0.01650763
v -0.01352486 0.002927029 -0.01648234
v -0.01352486 0.0002139731 -0.01648234
v -0.01352486 0.002792693 -0.01646807
v -0.01352486 0.0003483092 -0.01646807
v -0.01352486 0.0004241662 -0.01615183
v -0.01541021 0.0004241662 -0.01615183
v -0.01541021 0.0002768608 -0.01614448
v -0.01352486 0.0002768608 -0.01614448
v -0.01352486 0.0002768608 -0.01614448
v -0.01541021 0.0002768608 -0.01614448
v -0.01541021 0.0001633013 -0.01612411
v -0.01352486 0.0001633014 -0.01612411
v -0.01352486 0.0001633014 -0.01612411
v -0.01541021 0.0001633013 -0.01612411
v -0.01541021 0.0001095027 -0.01609539
v -0.01352486 0.0001095028 -0.01609539
v -0.01352486 0.0001095028 -0.01609539
v -0.01541021 0.0001095027 -0.01609539
v -0.01541021 0.0001277899 -0.01606489
v -0.01352486 0.00012779 -0.01606489
v -0.01352486 0.00012779 -0.01606489
v -0.01541021 0.0001277899 -0.01606489
v -0.01541021 0.000213973 -0.01603961
v -0.01352486 0.0002139731 -0.01603961
v -0.01352486 0.0002139731 -0.01603961
v -0.01541021 0.000213973 -0.01603961
v -0.01541021 0.0003483091 -0.01602533
v -0.01352486 0.0003483092 -0.01602533
v -0.01352486 0.0003483092 -0.01602533
v -0.01541021 0.0003483091 -0.01602533
v -0.01541021 0.000433422 -0.01602533
v -0.01352486 0.002792693 -0.01602533
v -0.01541021 0.002792693 -0.01602533
v -0.01352486 0.002792693 -0.01602533
v -0.01541021 0.002792693 -0.01602533
v -0.01541021 0.002927029 -0.01603961
v -0.01352486 0.002927029 -0.01603961
v -0.01352486 0.002927029 -0.01603961
v -0.01541021 0.002927029 -0.01603961
v -0.01541021 0.003013212 -0.01606489
v -0.01352486 0.003013213 -0.01606489
v -0.01352486 0.003013213 -0.01606489
v -0.01541021 0.003013212 -0.01606489
v -0.01541021 0.0030315 -0.01609539
v -0.01352486 0.0030315 -0.01609539
v -0.01352486 0.0030315 -0.01609539
v -0.01541021 0.0030315 -0.01609539
v -0.01541021 0.0029777 -0.01612411
v -0.01352486 0.002977701 -0.01612411
v -0.01352486 0.002977701 -0.01612411
v -0.01541021 0.0029777 -0.01612411
v -0.01541021 0.002864141 -0.01614448
v -0.01352486 0.002864141 -0.01614448
v -0.01352486 0.002864141 -0.01614448
v -0.01541021 0.002864141 -0.01614448
v -0.01541021 0.0004241662 -0.01615183
v -0.01352486 0.0004241662 -0.01615183
v -0.01352486 0.002864141 -0.01614448
v -0.01352486 0.0004241662 -0.01615183
v -0.01352486 0.0002768608 -0.01614448
v -0.01352486 0.002977701 -0.01612411
v -0.01352486 0.0001633014 -0.01612411
v -0.01352486 0.0030315 -0.01609539
v -0.01352486 0.0001095028 -0.01609539
v -0.01352486 0.003013213 -0.01606489
v -0.01352486 0.00012779 -0.01606489
v -0.01352486 0.002927029 -0.01603961
v -0.01352486 0.0002139731 -0.01603961
v -0.01352486 0.002792693 -0.01602533
v -0.01352486 0.0003483092 -0.01602533
v -0.01352486 0.0004241662 -0.0157091
v -0.01541021 0.0004241662 -0.0157091
v -0.01541021 0.0002768608 -0.01570174
v -0.01352486 0.0002768608 -0.01570174
v -0.01352486 0.0002768608 -0.01570174
v -0.01541021 0.0002768608 -0.01570174
v -0.01541021 0.0001633013 -0.01568137
v -0.01352486 0.0001633014 -0.01568137
v -0.01352486 0.0001633014 -0.01568137
v -0.01541021 0.0001633013 -0.01568137
v -0.01541021 0.0001095027 -0.01565265
v -0.01352486 0.0001095028 -0.01565265
v -0.01352486 0.0001095028 -0.01565265
v -0.01541021 0.0001095027 -0.01565265
v -0.01541021 0.0001277899 -0.01562216
v -0.01352486 0.00012779 -0.01562216
v -0.01352486 0.00012779 -0.01562216
v -0.01541021 0.0001277899 -0.01562216
v -0.01541021 0.000213973 -0.01559688
v -0.01352486 0.0002139731 -0.01559688
v -0.01352486 0.0002139731 -0.01559688
v -0.01541021 0.000213973 -0.01559688
v -0.01541021 0.0003483091 -0.0155826
v -0.01352486 0.0003483092 -0.0155826
v -0.01352486 0.0003483092 -0.0155826
v -0.01541021 0.0003483091 -0.0155826
v -0.01541021 0.000433422 -0.0155826
v -0.01352486 0.002792693 -0.0155826
v -0.01541021 0.002792693 -0.0155826
v -0.01352486 0.002792693 -0.0155826
v -0.01541021 0.002792693 -0.0155826
v -0.01541021 0.002927029 -0.01559688
v -0.01352486 0.002927029 -0.01559688
v -0.01352486 0.002927029 -0.01559688
v -0.01541021 0.002927029 -0.01559688
v -0.01541021 0.003013213 -0.01562216
v -0.01352486 0.003013213 -0.01562216
v -0.01352486 0.003013213 -0.01562216
v -0.01541021 0.003013213 -0.01562216
v -0.01541021 0.0030315 -0.01565265
v -0.01352486 0.0030315 -0.01565265
v -0.01352486 0.0030315 -0.01565265
v -0.01541021 0.0030315 -0.01565265
v -0.01541021 0.0029777 -0.01568137
v -0.01352486 0.002977701 -0.01568137
v -0.01352486 0.002977701 -0.01568137
v -0.01541021 0.0029777 -0.01568137
v -0.01541021 0.002864141 -0.01570174
v -0.01352486 0.002864141 -0.01570174
v -0.01352486 0.002864141 -0.01570174
v -0.01541021 0.002864141 -0.01570174
v -0.01541021 0.0004241662 -0.0157091
v -0.01352486 0.0004241662 -0.0157091
v -0.01352486 0.002864141 -0.01570174
v -0.01352486 0.0004241662 -0.0157091
v -0.01352486 0.0002768608 -0.01570174
v -0.01352486 0.002977701 -0.01568137
v -0.01352486 0.0001633014 -0.01568137
v -0.01352486 0.0030315 -0.01565265
v -0.01352486 0.0001095028 -0.01565265
v -0.01352486 0.003013213 -0.01562216
v -0.01352486 0.00012779 -0.01562216
v -0.01352486 0.002927029 -0.01559688
v -0.01352486 0.0002139731 -0.01559688
v -0.01352486 0.002792693 -0.0155826
v -0.01352486 0.0003483092 -0.0155826
v -0.01352486 0.0004241662 -0.01526636
v -0.01541021 0.0004241662 -0.01526636
v -0.01541021 0.0002768608 -0.01525901
v -0.01352486 0.0002768608 -0.01525901
v -0.01352486 0.0002768608 -0.01525901
v -0.01541021 0.0002768608 -0.01525901
v -0.01541021 0.0001633013 -0.01523864
v -0.01352486 0.0001633014 -0.01523864
v -0.01352486 0.0001633014 -0.01523864
v -0.01541021 0.0001633013 -0.01523864
v -0.01541021 0.0001095027 -0.01520992
v -0.01352486 0.0001095028 -0.01520992
v -0.01352486 0.0001095028 -0.01520992
v -0.01541021 0.0001095027 -0.01520992
v -0.01541021 0.0001277899 -0.01517942
v -0.01352486 0.00012779 -0.01517942
v -0.01352486 0.00012779 -0.01517942
v -0.01541021 0.0001277899 -0.01517942
v -0.01541021 0.000213973 -0.01515414
v -0.01352486 0.0002139731 -0.01515414
v -0.01352486 0.0002139731 -0.01515414
v -0.01541021 0.000213973 -0.01515414
v -0.01541021 0.0003483091 -0.01513987
v -0.01352486 0.0003483092 -0.01513987
v -0.01352486 0.0003483092 -0.01513987
v -0.01541021 0.0003483091 -0.01513987
v -0.01541021 0.000433422 -0.01513987
v -0.01352486 0.002792693 -0.01513987
v -0.01541021 0.002792693 -0.01513987
v -0.01352486 0.002792693 -0.01513987
v -0.01541021 0.002792693 -0.01513987
v -0.01541021 0.002927029 -0.01515414
v -0.01352486 0.002927029 -0.01515414
v -0.01352486 0.002927029 -0.01515414
v -0.01541021 0.002927029 -0.01515414
v -0.01541021 0.003013213 -0.01517942
v -0.01352486 0.003013213 -0.01517942
v -0.01352486 0.003013213 -0.01517942
v -0.01541021 0.003013213 -0.01517942
v -0.01541021 0.0030315 -0.01520992
v -0.01352486 0.0030315 -0.01520992
v -0.01352486 0.0030315 -0.01520992
v -0.01541021 0.0030315 -0.01520992
v -0.01541021 0.0029777 -0.01523864
v -0.01352486 0.002977701 -0.01523864
v -0.01352486 0.002977701 -0.01523864
v -0.01541021 0.0029777 -0.01523864
v -0.01541021 0.002864141 -0.01525901
v -0.01352486 0.002864141 -0.01525901
v -0.01352486 0.002864141 -0.01525901
v -0.01541021 0.002864141 -0.01525901
v -0.01541021 0.0004241662 -0.01526636
v -0.01352486 0.0004241662 -0.01526636
v -0.01352486 0.002864141 -0.01525901
v -0.01352486 0.0004241662 -0.01526636
v -0.01352486 0.0002768608 -0.01525901
v -0.01352486 0.002977701 -0.01523864
v -0.01352486 0.0001633014 -0.01523864
v -0.01352486 0.0030315 -0.01520992
v -0.01352486 0.0001095028 -0.01520992
v -0.01352486 0.003013213 -0.01517942
v -0.01352486 0.00012779 -0.01517942
v -0.01352486 0.002927029 -0.01515414
v -0.01352486 0.0002139731 -0.01515414
v -0.01352486 0.002792693 -0.01513987
v -0.01352486 0.0003483092 -0.01513987
v -0.01352486 0.0004241662 -0.01482363
v -0.01541021 0.0004241662 -0.01482363
v -0.01541021 0.0002768608 -0.01481628
v -0.01352486 0.0002768608 -0.01481628
v -0.01352486 0.0002768608 -0.01481628
v -0.01541021 0.0002768608 -0.01481628
v -0.01541021 0.0001633013 -0.01479591
v -0.01352486 0.0001633014 -0.01479591
v -0.01352486 0.0001633014 -0.01479591
v -0.01541021 0.0001633013 -0.01479591
v -0.01541021 0.0001095027 -0.01476718
v -0.01352486 0.0001095028 -0.01476718
v -0.01352486 0.0001095028 -0.01476718
v -0.01541021 0.0001095027 -0.01476718
v -0.01541021 0.0001277899 -0.01473669
v -0.01352486 0.00012779 -0.01473669
v -0.01352486 0.00012779 -0.01473669
v -0.01541021 0.0001277899 -0.01473669
v -0.01541021 0.000213973 -0.01471141
v -0.01352486 0.0002139731 -0.01471141
v -0.01352486 0.0002139731 -0.01471141
v -0.01541021 0.000213973 -0.01471141
v -0.01541021 0.0003483091 -0.01469713
v -0.01352486 0.0003483092 -0.01469713
v -0.01352486 0.0003483092 -0.01469713
v -0.01541021 0.0003483091 -0.01469713
v -0.01541021 0.000433422 -0.01469713
v -0.01352486 0.002792693 -0.01469713
v -0.01541021 0.002792693 -0.01469713
v -0.01352486 0.002792693 -0.01469713
v -0.01541021 0.002792693 -0.01469713
v -0.01541021 0.002927029 -0.01471141
v -0.01352486 0.002927029 -0.01471141
v -0.01352486 0.002927029 -0.01471141
v -0.01541021 0.002927029 -0.01471141
v -0.01541021 0.003013213 -0.01473669
v -0.01352486 0.003013213 -0.01473669
v -0.01352486 0.003013213 -0.01473669
v -0.01541021 0.003013213 -0.01473669
v -0.01541021 0.0030315 -0.01476718
v -0.01352486 0.0030315 -0.01476718
v -0.01352486 0.0030315 -0.01476718
v -0.01541021 0.0030315 -0.01476718
v -0.01541021 0.0029777 -0.01479591
v -0.01352486 0.002977701 -0.01479591
v -0.01352486 0.002977701 -0.01479591
v -0.01541021 0.0029777 -0.01479591
v -0.01541021 0.002864141 -0.01481628
v -0.01352486 0.002864141 -0.01481628
v -0.01352486 0.002864141 -0.01481628
v -0.01541021 0.002864141 -0.01481628
v -0.01541021 0.0004241662 -0.01482363
v -0.01352486 0.0004241662 -0.01482363
v -0.01352486 0.002864141 -0.01481628
v -0.01352486 0.0004241662 -0.01482363
v -0.01352486 0.0002768608 -0.01481628
v -0.01352486 0.002977701 -0.01479591
v -0.01352486 0.0001633014 -0.01479591
v -0.01352486 0.0030315 -0.01476718
v -0.01352486 0.0001095028 -0.01476718
v -0.01352486 0.003013213 -0.01473669
v -0.01352486 0.00012779 -0.01473669
v -0.01352486 0.002927029 -0.01471141
v -0.01352486 0.0002139731 -0.01471141
v -0.01352486 0.002792693 -0.01469713
v -0.01352486 0.0003483092 -0.01469713
v -0.01352486 0.0004241662 -0.0143809
v -0.01541021 0.0004241662 -0.0143809
v -0.01541021 0.0002768608 -0.01437354
v -0.01352486 0.0002768608 -0.01437354
v -0.01352486 0.0002768608 -0.01437354
v -0.01541021 0.0002768608 -0.01437354
v -0.01541021 0.0001633013 -0.01435317
v -0.01352486 0.0001633014 -0.01435317
v -0.01352486 0.0001633014 -0.01435317
v -0.01541021 0.0001633013 -0.01435317
v -0.01541021 0.0001095027 -0.01432445
v -0.01352486 0.0001095028 -0.01432445
v -0.01352486 0.0001095028 -0.01432445
v -0.01541021 0.0001095027 -0.01432445
v -0.01541021 0.0001277899 -0.01429396
v -0.01352486 0.00012779 -0.01429396
v -0.01352486 0.00012779 -0.01429396
v -0.01541021 0.0001277899 -0.01429396
v -0.01541021 0.000213973 -0.01426868
v -0.01352486 0.0002139731 -0.01426868
v -0.01352486 0.0002139731 -0.01426868
v -0.01541021 0.000213973 -0.01426868
v -0.01541021 0.0003483091 -0.0142544
v -0.01352486 0.0003483092 -0.0142544
v -0.01352486 0.0003483092 -0.0142544
v -0.01541021 0.0003483091 -0.0142544
v -0.01541021 0.000433422 -0.0142544
v -0.01352486 0.002792693 -0.0142544
v -0.01541021 0.002792693 -0.0142544
v -0.01352486 0.002792693 -0.0142544
v -0.01541021 0.002792693 -0.0142544
v -0.01541021 0.002927029 -0.01426868
v -0.01352486 0.002927029 -0.01426868
v -0.01352486 0.002927029 -0.01426868
v -0.01541021 0.002927029 -0.01426868
v -0.01541021 0.003013213 -0.01429396
v -0.01352486 0.003013213 -0.01429396
v -0.01352486 0.003013213 -0.01429396
v -0.01541021 0.003013213 -0.01429396
v -0.01541021 0.0030315 -0.01432445
v -0.01352486 0.0030315 -0.01432445
v -0.01352486 0.0030315 -0.01432445
v -0.01541021 0.0030315 -0.01432445
v -0.01541021 0.0029777 -0.01435317
v -0.01352486 0.002977701 -0.01435317
v -0.01352486 0.002977701 -0.01435317
v -0.01541021 0.0029777 -0.01435317
v -0.01541021 0.002864141 -0.01437354
v -0.01352486 0.002864141 -0.01437354
v -0.01352486 0.002864141 -0.01437354
v -0.01541021 0.002864141 -0.01437354
v -0.01541021 0.0004241662 -0.0143809
v -0.01352486 0.0004241662 -0.0143809
v -0.01352486 0.002864141 -0.01437354
v -0.01352486 0.0004241662 -0.0143809
v -0.01352486 0.0002768608 -0.01437354
v -0.01352486 0.002977701 -0.01435317
v -0.01352486 0.0001633014 -0.01435317
v -0.01352486 0.0030315 -0.01432445
v -0.01352486 0.0001095028 -0.01432445
v -0.01352486 0.003013213 -0.01429396
v -0.01352486 0.00012779 -0.01429396
v -0.01352486 0.002927029 -0.01426868
v -0.01352486 0.0002139731 -0.01426868
v -0.01352486 0.002792693 -0.0142544
v -0.01352486 0.0003483092 -0.0142544
v -0.01352486 0.0004241662 -0.01393816
v -0.01541021 0.0004241662 -0.01393816
v -0.01541021 0.0002768608 -0.01393081
v -0.01352486 0.0002768608 -0.01393081
v -0.01352486 0.0002768608 -0.01393081
v -0.01541021 0.0002768608 -0.01393081
v -0.01541021 0.0001633013 -0.01391044
v -0.01352486 0.0001633014 -0.01391044
v -0.01352486 0.0001633014 -0.01391044
v -0.01541021 0.0001633013 -0.01391044
v -0.01541021 0.0001095027 -0.01388172
v -0.01352486 0.0001095028 -0.01388172
v -0.01352486 0.0001095028 -0.01388172
v -0.01541021 0.0001095027 -0.01388172
v -0.01541021 0.0001277899 -0.01385122
v -0.01352486 0.00012779 -0.01385122
v -0.01352486 0.00012779 -0.01385122
v -0.01541021 0.0001277899 -0.01385122
v -0.01541021 0.000213973 -0.01382594
v -0.01352486 0.0002139731 -0.01382594
v -0.01352486 0.0002139731 -0.01382594
v -0.01541021 0.000213973 -0.01382594
v -0.01541021 0.0003483091 -0.01381167
v -0.01352486 0.0003483092 -0.01381167
v -0.01352486 0.0003483092 -0.01381167
v -0.01541021 0.0003483091 -0.01381167
v -0.01541021 0.000433422 -0.01381167
v -0.01352486 0.002792693 -0.01381167
v -0.01541021 0.002792693 -0.01381167
v -0.01352486 0.002792693 -0.01381167
v -0.01541021 0.002792693 -0.01381167
v -0.01541021 0.002927029 -0.01382594
v -0.01352486 0.002927029 -0.01382594
v -0.01352486 0.002927029 -0.01382594
v -0.01541021 0.002927029 -0.01382594
v -0.01541021 0.003013213 -0.01385122
v -0.01352486 0.003013213 -0.01385122
v -0.01352486 0.003013213 -0.01385122
v -0.01541021 0.003013213 -0.01385122
v -0.01541021 0.0030315 -0.01388172
v -0.01352486 0.0030315 -0.01388172
v -0.01352486 0.0030315 -0.01388172
v -0.01541021 0.0030315 -0.01388172
v -0.01541021 0.0029777 -0.01391044
v -0.01352486 0.002977701 -0.01391044
v -0.01352486 0.002977701 -0.01391044
v -0.01541021 0.0029777 -0.01391044
v -0.01541021 0.002864141 -0.01393081
v -0.01352486 0.002864141 -0.01393081
v -0.01352486 0.002864141 -0.01393081
v -0.01541021 0.002864141 -0.01393081
v -0.01541021 0.0004241662 -0.01393816
v -0.01352486 0.0004241662 -0.01393816
v -0.01352486 0.002864141 -0.01393081
v -0.01352486 0.0004241662 -0.01393816
v -0.01352486 0.0002768608 -0.01393081
v -0.01352486 0.002977701 -0.01391044
v -0.01352486 0.0001633014 -0.01391044
v -0.01352486 0.0030315 -0.01388172
v -0.01352486 0.0001095028 -0.01388172
v -0.01352486 0.003013213 -0.01385122
v -0.01352486 0.00012779 -0.01385122
v -0.01352486 0.002927029 -0.01382594
v -0.01352486 0.0002139731 -0.01382594
v -0.01352486 0.002792693 -0.01381167
v -0.01352486 0.0003483092 -0.01381167
v -0.01352486 0.0004241662 -0.01349543
v -0.01541021 0.0004241662 -0.01349543
v -0.01541021 0.0002768608 -0.01348808
v -0.01352486 0.0002768608 -0.01348808
v -0.01352486 0.0002768608 -0.01348808
v -0.01541021 0.0002768608 -0.01348808
v -0.01541021 0.0001633013 -0.01346771
v -0.01352486 0.0001633014 -0.01346771
v -0.01352486 0.0001633014 -0.01346771
v -0.01541021 0.0001633013 -0.01346771
v -0.01541021 0.0001095027 -0.01343898
v -0.01352486 0.0001095028 -0.01343898
v -0.01352486 0.0001095028 -0.01343898
v -0.01541021 0.0001095027 -0.01343898
v -0.01541021 0.0001277899 -0.01340849
v -0.01352486 0.00012779 -0.01340849
v -0.01352486 0.00012779 -0.01340849
v -0.01541021 0.0001277899 -0.01340849
v -0.01541021 0.000213973 -0.01338321
v -0.01352486 0.0002139731 -0.01338321
v -0.01352486 0.0002139731 -0.01338321
v -0.01541021 0.000213973 -0.01338321
v -0.01541021 0.0003483091 -0.01336893
v -0.01352486 0.0003483092 -0.01336893
v -0.01352486 0.0003483092 -0.01336893
v -0.01541021 0.0003483091 -0.01336893
v -0.01541021 0.000433422 -0.01336893
v -0.01352486 0.002792693 -0.01336893
v -0.01541021 0.002792693 -0.01336893
v -0.01352486 0.002792693 -0.01336893
v -0.01541021 0.002792693 -0.01336893
v -0.01541021 0.002927029 -0.01338321
v -0.01352486 0.002927029 -0.01338321
v -0.01352486 0.002927029 -0.01338321
v -0.01541021 0.002927029 -0.01338321
v -0.01541021 0.003013213 -0.01340849
v -0.01352486 0.003013213 -0.01340849
v -0.01352486 0.003013213 -0.01340849
v -0.01541021 0.003013213 -0.01340849
v -0.01541021 0.0030315 -0.01343898
v -0.01352486 0.0030315 -0.01343898
v -0.01352486 0.0030315 -0.01343898
v -0.01541021 0.0030315 -0.01343898
v -0.01541021 0.0029777 -0.01346771
v -0.01352486 0.002977701 -0.01346771
v -0.01352486 0.002977701 -0.01346771
v -0.01541021 0.0029777 -0.01346771
v -0.01541021 0.002864141 -0.01348808
v -0.01352486 0.002864141 -0.01348808
v -0.01352486 0.002864141 -0.01348808
v -0.01541021 0.002864141 -0.01348808
v -0.01541021 0.0004241662 -0.01349543
v -0.01352486 0.0004241662 -0.01349543
v -0.01352486 0.002864141 -0.01348808
v -0.01352486 0.0004241662 -0.01349543
v -0.01352486 0.0002768608 -0.01348808
v -0.01352486 0.002977701 -0.01346771
v -0.01352486 0.0001633014 -0.01346771
v -0.01352486 0.0030315 -0.01343898
v -0.01352486 0.0001095028 -0.01343898
v -0.01352486 0.003013213 -0.01340849
v -0.01352486 0.00012779 -0.01340849
v -0.01352486 0.002927029 -0.01338321
v -0.01352486 0.0002139731 -0.01338321
v -0.01352486 0.002792693 -0.01336893
v -0.01352486 0.0003483092 -0.01336893
v -0.01352486 0.0004241662 -0.01305269
v -0.01541021 0.0004241662 -0.01305269
v -0.01541021 0.0002768608 -0.01304534
v -0.01352486 0.0002768608 -0.01304534
v -0.01352486 0.0002768608 -0.01304534
v -0.01541021 0.0002768608 -0.01304534
v -0.01541021 0.0001633013 -0.01302497
v -0.01352486 0.0001633014 -0.01302497
v -0.01352486 0.0001633014 -0.01302497
v -0.01541021 0.0001633013 -0.01302497
v -0.01541021 0.0001095027 -0.01299625
v -0.01352486 0.0001095028 -0.01299625
v -0.01352486 0.0001095028 -0.01299625
v -0.01541021 0.0001095027 -0.01299625
v -0.01541021 0.0001277899 -0.01296576
v -0.01352486 0.00012779 -0.01296576
v -0.01352486 0.00012779 -0.01296576
v -0.01541021 0.0001277899 -0.01296576
v -0.01541021 0.000213973 -0.01294048
v -0.01352486 0.0002139731 -0.01294048
v -0.01352486 0.0002139731 -0.01294048
v -0.01541021 0.000213973 -0.01294048
v -0.01541021 0.0003483091 -0.0129262
v -0.01352486 0.0003483092 -0.0129262
v -0.01352486 0.0003483092 -0.0129262
v -0.01541021 0.0003483091 -0.0129262
v -0.01541021 0.000433422 -0.0129262
v -0.01352486 0.002792693 -0.0129262
v -0.01541021 0.002792693 -0.0129262
v -0.01352486 0.002792693 -0.0129262
v -0.01541021 0.002792693 -0.0129262
v -0.01541021 0.002927029 -0.01294048
v -0.01352486 0.002927029 -0.01294048
v -0.01352486 0.002927029 -0.01294048
v -0.01541021 0.002927029 -0.01294048
v -0.01541021 0.003013213 -0.01296576
v -0.01352486 0.003013213 -0.01296576
v -0.01352486 0.003013213 -0.01296576
v -0.01541021 0.003013213 -0.01296576
v -0.01541021 0.0030315 -0.01299625
v -0.01352486 0.0030315 -0.01299625
v -0.01352486 0.0030315 -0.01299625
v -0.01541021 0.0030315 -0.01299625
v -0.01541021 0.0029777 -0.01302497
v -0.01352486 0.002977701 -0.01302497
v -0.01352486 0.002977701 -0.01302497
v -0.01541021 0.0029777 -0.01302497
v -0.01541021 0.002864141 -0.01304534
v -0.01352486 0.002864141 -0.01304534
v -0.01352486 0.002864141 -0.01304534
v -0.01541021 0.002864141 -0.01304534
v -0.01541021 0.0004241662 -0.01305269
v -0.01352486 0.0004241662 -0.01305269
v -0.01352486 0.002864141 -0.01304534
v -0.01352486 0.0004241662 -0.01305269
v -0.01352486 0.0002768608 -0.01304534
v -0.01352486 0.002977701 -0.01302497
v -0.01352486 0.0001633014 -0.01302497
v -0.01352486 0.0030315 -0.01299625
v -0.01352486 0.0001095028 -0.01299625
v -0.01352486 0.003013213 -0.01296576
v -0.01352486 0.00012779 -0.01296576
v -0.01352486 0.002927029 -0.01294048
v -0.01352486 0.0002139731 -0.01294048
v -0.01352486 0.002792693 -0.0129262
v -0.01352486 0.0003483092 -0.0129262
v -0.01352486 0.0004241662 -0.01260996
v -0.01541021 0.0004241662 -0.01260996
v -0.01541021 0.0002768608 -0.01260261
v -0.01352486 0.0002768608 -0.01260261
v -0.01352486 0.0002768608 -0.01260261
v -0.01541021 0.0002768608 -0.01260261
v -0.01541021 0.0001633013 -0.01258224
v -0.01352486 0.0001633014 -0.01258224
v -0.01352486 0.0001633014 -0.01258224
v -0.01541021 0.0001633013 -0.01258224
v -0.01541021 0.0001095027 -0.01255352
v -0.01352486 0.0001095028 -0.01255352
v -0.01352486 0.0001095028 -0.01255352
v -0.01541021 0.0001095027 -0.01255352
v -0.01541021 0.0001277899 -0.01252302
v -0.01352486 0.00012779 -0.01252302
v -0.01352486 0.00012779 -0.01252302
v -0.01541021 0.0001277899 -0.01252302
v -0.01541021 0.000213973 -0.01249774
v -0.01352486 0.0002139731 -0.01249774
v -0.01352486 0.0002139731 -0.01249774
v -0.01541021 0.000213973 -0.01249774
v -0.01541021 0.0003483091 -0.01248347
v -0.01352486 0.0003483092 -0.01248347
v -0.01352486 0.0003483092 -0.01248347
v -0.01541021 0.0003483091 -0.01248347
v -0.01541021 0.000433422 -0.01248347
v -0.01352486 0.002792693 -0.01248347
v -0.01541021 0.002792693 -0.01248347
v -0.01352486 0.002792693 -0.01248347
v -0.01541021 0.002792693 -0.01248347
v -0.01541021 0.002927029 -0.01249774
v -0.01352486 0.002927029 -0.01249774
v -0.01352486 0.002927029 -0.01249774
v -0.01541021 0.002927029 -0.01249774
v -0.01541021 0.003013212 -0.01252302
v -0.01352486 0.003013213 -0.01252302
v -0.01352486 0.003013213 -0.01252302
v -0.01541021 0.003013212 -0.01252302
v -0.01541021 0.0030315 -0.01255352
v -0.01352486 0.0030315 -0.01255352
v -0.01352486 0.0030315 -0.01255352
v -0.01541021 0.0030315 -0.01255352
v -0.01541021 0.0029777 -0.01258224
v -0.01352486 0.002977701 -0.01258224
v -0.01352486 0.002977701 -0.01258224
v -0.01541021 0.0029777 -0.01258224
v -0.01541021 0.002864141 -0.01260261
v -0.01352486 0.002864141 -0.01260261
v -0.01352486 0.002864141 -0.01260261
v -0.01541021 0.002864141 -0.01260261
v -0.01541021 0.0004241662 -0.01260996
v -0.01352486 0.0004241662 -0.01260996
v -0.01352486 0.002864141 -0.01260261
v -0.01352486 0.0004241662 -0.01260996
v -0.01352486 0.0002768608 -0.01260261
v -0.01352486 0.002977701 -0.01258224
v -0.01352486 0.0001633014 -0.01258224
v -0.01352486 0.0030315 -0.01255352
v -0.01352486 0.0001095028 -0.01255352
v -0.01352486 0.003013213 -0.01252302
v -0.01352486 0.00012779 -0.01252302
v -0.01352486 0.002927029 -0.01249774
v -0.01352486 0.0002139731 -0.01249774
v -0.01352486 0.002792693 -0.01248347
v -0.01352486 0.0003483092 -0.01248347
v -0.01352486 0.0004241662 -0.01216723
v -0.01541021 0.0004241662 -0.01216723
v -0.01541021 0.0002768608 -0.01215987
v -0.01352486 0.0002768608 -0.01215987
v -0.01352486 0.0002768608 -0.01215987
v -0.01541021 0.0002768608 -0.01215987
v -0.01541021 0.0001633013 -0.01213951
v -0.01352486 0.0001633014 -0.01213951
v -0.01352486 0.0001633014 -0.01213951
v -0.01541021 0.0001633013 -0.01213951
v -0.01541021 0.0001095027 -0.01211078
v -0.01352486 0.0001095028 -0.01211078
v -0.01352486 0.0001095028 -0.01211078
v -0.01541021 0.0001095027 -0.01211078
v -0.01541021 0.0001277899 -0.01208029
v -0.01352486 0.00012779 -0.01208029
v -0.01352486 0.00012779 -0.01208029
v -0.01541021 0.0001277899 -0.01208029
v -0.01541021 0.000213973 -0.01205501
v -0.01352486 0.0002139731 -0.01205501
v -0.01352486 0.0002139731 -0.01205501
v -0.01541021 0.000213973 -0.01205501
v -0.01541021 0.0003483091 -0.01204073
v -0.01352486 0.0003483092 -0.01204073
v -0.01352486 0.0003483092 -0.01204073
v -0.01541021 0.0003483091 -0.01204073
v -0.01541021 0.000433422 -0.01204073
v -0.01352486 0.002792693 -0.01204073
v -0.01541021 0.002792693 -0.01204073
v -0.01352486 0.002792693 -0.01204073
v -0.01541021 0.002792693 -0.01204073
v -0.01541021 0.002927029 -0.01205501
v -0.01352486 0.002927029 -0.01205501
v -0.01352486 0.002927029 -0.01205501
v -0.01541021 0.002927029 -0.01205501
v -0.01541021 0.003013212 -0.01208029
v -0.01352486 0.003013213 -0.01208029
v -0.01352486 0.003013213 -0.01208029
v -0.01541021 0.003013212 -0.01208029
v -0.01541021 0.0030315 -0.01211078
v -0.01352486 0.0030315 -0.01211078
v -0.01352486 0.0030315 -0.01211078
v -0.01541021 0.0030315 -0.01211078
v -0.01541021 0.0029777 -0.01213951
v -0.01352486 0.002977701 -0.01213951
v -0.01352486 0.002977701 -0.01213951
v -0.01541021 0.0029777 -0.01213951
v -0.01541021 0.002864141 -0.01215987
v -0.01352486 0.002864141 -0.01215987
v -0.01352486 0.002864141 -0.01215987
v -0.01541021 0.002864141 -0.01215987
v -0.01541021 0.0004241662 -0.01216723
v -0.01352486 0.0004241662 -0.01216723
v -0.01352486 0.002864141 -0.01215987
v -0.01352486 0.0004241662 -0.01216723
v -0.01352486 0.0002768608 -0.01215987
v -0.01352486 0.002977701 -0.01213951
v -0.01352486 0.0001633014 -0.01213951
v -0.01352486 0.0030315 -0.01211078
v -0.01352486 0.0001095028 -0.01211078
v -0.01352486 0.003013213 -0.01208029
v -0.01352486 0.00012779 -0.01208029
v -0.01352486 0.002927029 -0.01205501
v -0.01352486 0.0002139731 -0.01205501
v -0.01352486 0.002792693 -0.01204073
v -0.01352486 0.0003483092 -0.01204073
v -0.01352486 0.0004241662 -0.01172449
v -0.01541021 0.0004241662 -0.01172449
v -0.01541021 0.0002768608 -0.01171714
v -0.01352486 0.0002768608 -0.01171714
v -0.01352486 0.0002768608 -0.01171714
v -0.01541021 0.0002768608 -0.01171714
v -0.01541021 0.0001633013 -0.01169677
v -0.01352486 0.0001633014 -0.01169677
v -0.01352486 0.0001633014 -0.01169677
v -0.01541021 0.0001633013 -0.01169677
v -0.01541021 0.0001095027 -0.01166805
v -0.01352486 0.0001095028 -0.01166805
v -0.01352486 0.0001095028 -0.01166805
v -0.01541021 0.0001095027 -0.01166805
v -0.01541021 0.0001277899 -0.01163755
v -0.01352486 0.00012779 -0.01163755
v -0.01352486 0.00012779 -0.01163755
v -0.01541021 0.0001277899 -0.01163755
v -0.01541021 0.000213973 -0.01161227
v -0.01352486 0.0002139731 -0.01161227
v -0.01352486 0.0002139731 -0.01161227
v -0.01541021 0.000213973 -0.01161227
v -0.01541021 0.0003483091 -0.011598
v -0.01352486 0.0003483092 -0.011598
v -0.01352486 0.0003483092 -0.011598
v -0.01541021 0.0003483091 -0.011598
v -0.01541021 0.000433422 -0.011598
v -0.01352486 0.002792693 -0.011598
v -0.01541021 0.002792693 -0.011598
v -0.01352486 0.002792693 -0.011598
v -0.01541021 0.002792693 -0.011598
v -0.01541021 0.002927029 -0.01161227
v -0.01352486 0.002927029 -0.01161227
v -0.01352486 0.002927029 -0.01161227
v -0.01541021 0.002927029 -0.01161227
v -0.01541021 0.003013212 -0.01163755
v -0.01352486 0.003013213 -0.01163755
v -0.01352486 0.003013213 -0.01163755
v -0.01541021 0.003013212 -0.01163755
v -0.01541021 0.0030315 -0.01166805
v -0.01352486 0.0030315 -0.01166805
v -0.01352486 0.0030315 -0.01166805
v -0.01541021 0.0030315 -0.01166805
v -0.01541021 0.0029777 -0.01169677
v -0.01352486 0.002977701 -0.01169677
v -0.01352486 0.002977701 -0.01169677
v -0.01541021 0.0029777 -0.01169677
v -0.01541021 0.002864141 -0.01171714
v -0.01352486 0.002864141 -0.01171714
v -0.01352486 0.002864141 -0.01171714
v -0.01541021 0.002864141 -0.01171714
v -0.01541021 0.0004241662 -0.01172449
v -0.01352486 0.0004241662 -0.01172449
v -0.01352486 0.002864141 -0.01171714
v -0.01352486 0.0004241662 -0.01172449
v -0.01352486 0.0002768608 -0.01171714
v -0.01352486 0.002977701 -0.01169677
v -0.01352486 0.0001633014 -0.01169677
v -0.01352486 0.0030315 -0.01166805
v -0.01352486 0.0001095028 -0.01166805
v -0.01352486 0.003013213 -0.01163755
v -0.01352486 0.00012779 -0.01163755
v -0.01352486 0.002927029 -0.01161227
v -0.01352486 0.0002139731 -0.01161227
v -0.01352486 0.002792693 -0.011598
v -0.01352486 0.0003483092 -0.011598
v -0.01352486 0.0004241662 -0.01128176
v -0.01541021 0.0004241662 -0.01128176
v -0.01541021 0.0002768608 -0.01127441
v -0.01352486 0.0002768608 -0.01127441
v -0.01352486 0.0002768608 -0.01127441
v -0.01541021 0.0002768608 -0.01127441
v -0.01541021 0.0001633013 -0.01125404
v -0.01352486 0.0001633014 -0.01125404
v -0.01352486 0.0001633014 -0.01125404
v -0.01541021 0.0001633013 -0.01125404
v -0.01541021 0.0001095027 -0.01122532
v -0.01352486 0.0001095028 -0.01122532
v -0.01352486 0.0001095028 -0.01122532
v -0.01541021 0.0001095027 -0.01122532
v -0.01541021 0.0001277899 -0.01119482
v -0.01352486 0.00012779 -0.01119482
v -0.01352486 0.00012779 -0.01119482
v -0.01541021 0.0001277899 -0.01119482
v -0.01541021 0.000213973 -0.01116954
v -0.01352486 0.0002139731 -0.01116954
v -0.01352486 0.0002139731 -0.01116954
v -0.01541021 0.000213973 -0.01116954
v -0.01541021 0.0003483091 -0.01115526
v -0.01352486 0.0003483092 -0.01115526
v -0.01352486 0.0003483092 -0.01115526
v -0.01541021 0.0003483091 -0.01115526
v -0.01541021 0.000433422 -0.01115526
v -0.01352486 0.002792693 -0.01115526
v -0.01541021 0.002792693 -0.01115526
v -0.01352486 0.002792693 -0.01115526
v -0.01541021 0.002792693 -0.01115526
v -0.01541021 0.002927029 -0.01116954
v -0.01352486 0.002927029 -0.01116954
v -0.01352486 0.002927029 -0.01116954
v -0.01541021 0.002927029 -0.01116954
v -0.01541021 0.003013212 -0.01119482
v -0.01352486 0.003013213 -0.01119482
v -0.01352486 0.003013213 -0.01119482
v -0.01541021 0.003013212 -0.01119482
v -0.01541021 0.0030315 -0.01122532
v -0.01352486 0.0030315 -0.01122532
v -0.01352486 0.0030315 -0.01122532
v -0.01541021 0.0030315 -0.01122532
v -0.01541021 0.0029777 -0.01125404
v -0.01352486 0.002977701 -0.01125404
v -0.01352486 0.002977701 -0.01125404
v -0.01541021 0.0029777 -0.01125404
v -0.01541021 0.002864141 -0.01127441
v -0.01352486 0.002864141 -0.01127441
v -0.01352486 0.002864141 -0.01127441
v -0.01541021 0.002864141 -0.01127441
v -0.01541021 0.0004241662 -0.01128176
v -0.01352486 0.0004241662 -0.01128176
v -0.01352486 0.002864141 -0.01127441
v -0.01352486 0.0004241662 -0.01128176
v -0.01352486 0.0002768608 -0.01127441
v -0.01352486 0.002977701 -0.01125404
v -0.01352486 0.0001633014 -0.01125404
v -0.01352486 0.0030315 -0.01122532
v -0.01352486 0.0001095028 -0.01122532
v -0.01352486 0.003013213 -0.01119482
v -0.01352486 0.00012779 -0.01119482
v -0.01352486 0.002927029 -0.01116954
v -0.01352486 0.0002139731 -0.01116954
v -0.01352486 0.002792693 -0.01115526
v -0.01352486 0.0003483092 -0.01115526
v -0.01352486 0.0004241662 -0.01083903
v -0.01541021 0.0004241662 -0.01083903
v -0.01541021 0.0002768608 -0.01083167
v -0.01352486 0.0002768608 -0.01083167
v -0.01352486 0.0002768608 -0.01083167
v -0.01541021 0.0002768608 -0.01083167
v -0.01541021 0.0001633013 -0.0108113
v -0.01352486 0.0001633014 -0.0108113
v -0.01352486 0.0001633014 -0.0108113
v -0.01541021 0.0001633013 -0.0108113
v -0.01541021 0.0001095027 -0.01078258
v -0.01352486 0.0001095028 -0.01078258
v -0.01352486 0.0001095028 -0.01078258
v -0.01541021 0.0001095027 -0.01078258
v -0.01541021 0.0001277899 -0.01075209
v -0.01352486 0.00012779 -0.01075209
v -0.01352486 0.00012779 -0.01075209
v -0.01541021 0.0001277899 -0.01075209
v -0.01541021 0.000213973 -0.01072681
v -0.01352486 0.0002139731 -0.01072681
v -0.01352486 0.0002139731 -0.01072681
v -0.01541021 0.000213973 -0.01072681
v -0.01541021 0.0003483091 -0.01071253
v -0.01352486 0.0003483092 -0.01071253
v -0.01352486 0.0003483092 -0.01071253
v -0.01541021 0.0003483091 -0.01071253
v -0.01541021 0.000433422 -0.01071253
v -0.01352486 0.002792693 -0.01071253
v -0.01541021 0.002792693 -0.01071253
v -0.01352486 0.002792693 -0.01071253
v -0.01541021 0.002792693 -0.01071253
v -0.01541021 0.002927029 -0.01072681
v -0.01352486 0.002927029 -0.01072681
v -0.01352486 0.002927029 -0.01072681
v -0.01541021 0.002927029 -0.01072681
v -0.01541021 0.003013212 -0.01075209
v -0.01352486 0.003013213 -0.01075209
v -0.01352486 0.003013213 -0.01075209
v -0.01541021 0.003013212 -0.01075209
v -0.01541021 0.0030315 -0.01078258
v -0.01352486 0.0030315 -0.01078258
v -0.01352486 0.0030315 -0.01078258
v -0.01541021 0.0030315 -0.01078258
v -0.01541021 0.0029777 -0.0108113
v -0.01352486 0.002977701 -0.0108113
v -0.01352486 0.002977701 -0.0108113
v -0.01541021 0.0029777 -0.0108113
v -0.01541021 0.002864141 -0.01083167
v -0.01352486 0.002864141 -0.01083167
v -0.01352486 0.002864141 -0.01083167
v -0.01541021 0.002864141 -0.01083167
v -0.01541021 0.0004241662 -0.01083903
v -0.01352486 0.0004241662 -0.01083903
v -0.01352486 0.002864141 -0.01083167
v -0.01352486 0.0004241662 -0.01083903
v -0.01352486 0.0002768608 -0.01083167
v -0.01352486 0.002977701 -0.0108113
v -0.01352486 0.0001633014 -0.0108113
v -0.01352486 0.0030315 -0.01078258
v -0.01352486 0.0001095028 -0.01078258
v -0.01352486 0.003013213 -0.01075209
v -0.01352486 0.00012779 -0.01075209
v -0.01352486 0.002927029 -0.01072681
v -0.01352486 0.0002139731 -0.01072681
v -0.01352486 0.002792693 -0.01071253
v -0.01352486 0.0003483092 -0.01071253
v -0.01352486 0.0004241662 -0.01039629
v -0.01541021 0.0004241662 -0.01039629
v -0.01541021 0.0002768608 -0.01038894
v -0.01352486 0.0002768608 -0.01038894
v -0.01352486 0.0002768608 -0.01038894
v -0.01541021 0.0002768608 -0.01038894
v -0.01541021 0.0001633013 -0.01036857
v -0.01352486 0.0001633014 -0.01036857
v -0.01352486 0.0001633014 -0.01036857
v -0.01541021 0.0001633013 -0.01036857
v -0.01541021 0.0001095027 -0.01033985
v -0.01352486 0.0001095028 -0.01033985
v -0.01352486 0.0001095028 -0.01033985
v -0.01541021 0.0001095027 -0.01033985
v -0.01541021 0.0001277899 -0.01030935
v -0.01352486 0.00012779 -0.01030935
v -0.01352486 0.00012779 -0.01030935
v -0.01541021 0.0001277899 -0.01030935
v -0.01541021 0.000213973 -0.01028407
v -0.01352486 0.0002139731 -0.01028407
v -0.01352486 0.0002139731 -0.01028407
v -0.01541021 0.000213973 -0.01028407
v -0.01541021 0.0003483091 -0.0102698
v -0.01352486 0.0003483092 -0.0102698
v -0.01352486 0.0003483092 -0.0102698
v -0.01541021 0.0003483091 -0.0102698
v -0.01541021 0.000433422 -0.0102698
v -0.01352486 0.002792693 -0.0102698
v -0.01541021 0.002792693 -0.0102698
v -0.01352486 0.002792693 -0.0102698
v -0.01541021 0.002792693 -0.0102698
v -0.01541021 0.002927029 -0.01028407
v -0.01352486 0.002927029 -0.01028407
v -0.01352486 0.002927029 -0.01028407
v -0.01541021 0.002927029 -0.01028407
v -0.01541021 0.003013212 -0.01030935
v -0.01352486 0.003013213 -0.01030935
v -0.01352486 0.003013213 -0.01030935
v -0.01541021 0.003013212 -0.01030935
v -0.01541021 0.0030315 -0.01033985
v -0.01352486 0.0030315 -0.01033985
v -0.01352486 0.0030315 -0.01033985
v -0.01541021 0.0030315 -0.01033985
v -0.01541021 0.0029777 -0.01036857
v -0.01352486 0.002977701 -0.01036857
v -0.01352486 0.002977701 -0.01036857
v -0.01541021 0.0029777 -0.01036857
v -0.01541021 0.002864141 -0.01038894
v -0.01352486 0.002864141 -0.01038894
v -0.01352486 0.002864141 -0.01038894
v -0.01541021 0.002864141 -0.01038894
v -0.01541021 0.0004241662 -0.01039629
v -0.01352486 0.0004241662 -0.01039629
v -0.01352486 0.002864141 -0.01038894
v -0.01352486 0.0004241662 -0.01039629
v -0.01352486 0.0002768608 -0.01038894
v -0.01352486 0.002977701 -0.01036857
v -0.01352486 0.0001633014 -0.01036857
v -0.01352486 0.0030315 -0.01033985
v -0.01352486 0.0001095028 -0.01033985
v -0.01352486 0.003013213 -0.01030935
v -0.01352486 0.00012779 -0.01030935
v -0.01352486 0.002927029 -0.01028407
v -0.01352486 0.0002139731 -0.01028407
v -0.01352486 0.002792693 -0.0102698
v -0.01352486 0.0003483092 -0.0102698
v -0.01352486 0.0004241662 -0.009953558
v -0.01541021 0.0004241662 -0.009953558
v -0.01541021 0.0002768608 -0.009946207
v -0.01352486 0.0002768608 -0.009946206
v -0.01352486 0.0002768608 -0.009946206
v -0.01541021 0.0002768608 -0.009946207
v -0.01541021 0.0001633013 -0.009925837
v -0.01352486 0.0001633014 -0.009925837
v -0.01352486 0.0001633014 -0.009925837
v -0.01541021 0.0001633013 -0.009925837
v -0.01541021 0.0001095027 -0.009897115
v -0.01352486 0.0001095028 -0.009897115
v -0.01352486 0.0001095028 -0.009897115
v -0.01541021 0.0001095027 -0.009897115
v -0.01541021 0.0001277899 -0.009866619
v -0.01352486 0.00012779 -0.009866619
v -0.01352486 0.00012779 -0.009866619
v -0.01541021 0.0001277899 -0.009866619
v -0.01541021 0.000213973 -0.009841339
v -0.01352486 0.0002139731 -0.009841339
v -0.01352486 0.0002139731 -0.009841339
v -0.01541021 0.000213973 -0.009841339
v -0.01541021 0.0003483091 -0.009827063
v -0.01352486 0.0003483092 -0.009827063
v -0.01352486 0.0003483092 -0.009827063
v -0.01541021 0.0003483091 -0.009827063
v -0.01541021 0.000433422 -0.009827064
v -0.01352486 0.002792693 -0.009827063
v -0.01541021 0.002792693 -0.009827063
v -0.01352486 0.002792693 -0.009827063
v -0.01541021 0.002792693 -0.009827063
v -0.01541021 0.002927029 -0.009841339
v -0.01352486 0.002927029 -0.009841339
v -0.01352486 0.002927029 -0.009841339
v -0.01541021 0.002927029 -0.009841339
v -0.01541021 0.003013212 -0.009866619
v -0.01352486 0.003013213 -0.009866619
v -0.01352486 0.003013213 -0.009866619
v -0.01541021 0.003013212 -0.009866619
v -0.01541021 0.0030315 -0.009897115
v -0.01352486 0.0030315 -0.009897115
v -0.01352486 0.0030315 -0.009897115
v -0.01541021 0.0030315 -0.009897115
v -0.01541021 0.0029777 -0.009925837
v -0.01352486 0.002977701 -0.009925837
v -0.01352486 0.002977701 -0.009925837
v -0.01541021 0.0029777 -0.009925837
v -0.01541021 0.002864141 -0.009946207
v -0.01352486 0.002864141 -0.009946206
v -0.01352486 0.002864141 -0.009946206
v -0.01541021 0.002864141 -0.009946207
v -0.01541021 0.0004241662 -0.009953558
v -0.01352486 0.0004241662 -0.009953558
v -0.01352486 0.002864141 -0.009946206
v -0.01352486 0.0004241662 -0.009953558
v -0.01352486 0.0002768608 -0.009946206
v -0.01352486 0.002977701 -0.009925837
v -0.01352486 0.0001633014 -0.009925837
v -0.01352486 0.0030315 -0.009897115
v -0.01352486 0.0001095028 -0.009897115
v -0.01352486 0.003013213 -0.009866619
v -0.01352486 0.00012779 -0.009866619
v -0.01352486 0.002927029 -0.009841339
v -0.01352486 0.0002139731 -0.009841339
v -0.01352486 0.002792693 -0.009827063
v -0.01352486 0.0003483092 -0.009827063
v -0.01352486 0.0004241662 -0.009510825
v -0.01541021 0.0004241662 -0.009510825
v -0.01541021 0.0002768608 -0.009503473
v -0.01352486 0.0002768608 -0.009503473
v -0.01352486 0.0002768608 -0.009503473
v -0.01541021 0.0002768608 -0.009503473
v -0.01541021 0.0001633013 -0.009483103
v -0.01352486 0.0001633014 -0.009483103
v -0.01352486 0.0001633014 -0.009483103
v -0.01541021 0.0001633013 -0.009483103
v -0.01541021 0.0001095027 -0.009454381
v -0.01352486 0.0001095028 -0.009454381
v -0.01352486 0.0001095028 -0.009454381
v -0.01541021 0.0001095027 -0.009454381
v -0.01541021 0.0001277899 -0.009423885
v -0.01352486 0.00012779 -0.009423885
v -0.01352486 0.00012779 -0.009423885
v -0.01541021 0.0001277899 -0.009423885
v -0.01541021 0.000213973 -0.009398605
v -0.01352486 0.0002139731 -0.009398605
v -0.01352486 0.0002139731 -0.009398605
v -0.01541021 0.000213973 -0.009398605
v -0.01541021 0.0003483091 -0.009384329
v -0.01352486 0.0003483092 -0.009384329
v -0.01352486 0.0003483092 -0.009384329
v -0.01541021 0.0003483091 -0.009384329
v -0.01541021 0.000433422 -0.009384329
v -0.01352486 0.002792693 -0.009384329
v -0.01541021 0.002792693 -0.009384329
v -0.01352486 0.002792693 -0.009384329
v -0.01541021 0.002792693 -0.009384329
v -0.01541021 0.002927029 -0.009398605
v -0.01352486 0.002927029 -0.009398605
v -0.01352486 0.002927029 -0.009398605
v -0.01541021 0.002927029 -0.009398605
v -0.01541021 0.003013212 -0.009423885
v -0.01352486 0.003013213 -0.009423885
v -0.01352486 0.003013213 -0.009423885
v -0.01541021 0.003013212 -0.009423885
v -0.01541021 0.0030315 -0.009454381
v -0.01352486 0.0030315 -0.009454381
v -0.01352486 0.0030315 -0.009454381
v -0.01541021 0.0030315 -0.009454381
v -0.01541021 0.0029777 -0.009483103
v -0.01352486 0.002977701 -0.009483103
v -0.01352486 0.002977701 -0.009483103
v -0.01541021 0.0029777 -0.009483103
v -0.01541021 0.002864141 -0.009503473
v -0.01352486 0.002864141 -0.009503473
v -0.01352486 0.002864141 -0.009503473
v -0.01541021 0.002864141 -0.009503473
v -0.01541021 0.0004241662 -0.009510825
v -0.01352486 0.0004241662 -0.009510825
v -0.01352486 0.002864141 -0.009503473
v -0.01352486 0.0004241662 -0.009510825
v -0.01352486 0.0002768608 -0.009503473
v -0.01352486 0.002977701 -0.009483103
v -0.01352486 0.0001633014 -0.009483103
v -0.01352486 0.0030315 -0.009454381
v -0.01352486 0.0001095028 -0.009454381
v -0.01352486 0.003013213 -0.009423885
v -0.01352486 0.00012779 -0.009423885
v -0.01352486 0.002927029 -0.009398605
v -0.01352486 0.0002139731 -0.009398605
v -0.01352486 0.002792693 -0.009384329
v -0.01352486 0.0003483092 -0.009384329
v -0.01352486 0.0004241662 -0.009068091
v -0.01541021 0.0004241662 -0.009068091
v -0.01541021 0.0002768608 -0.009060739
v -0.01352486 0.0002768608 -0.009060739
v -0.01352486 0.0002768608 -0.009060739
v -0.01541021 0.0002768608 -0.009060739
v -0.01541021 0.0001633013 -0.00904037
v -0.01352486 0.0001633014 -0.00904037
v -0.01352486 0.0001633014 -0.00904037
v -0.01541021 0.0001633013 -0.00904037
v -0.01541021 0.0001095027 -0.009011647
v -0.01352486 0.0001095028 -0.009011647
v -0.01352486 0.0001095028 -0.009011647
v -0.01541021 0.0001095027 -0.009011647
v -0.01541021 0.0001277899 -0.008981152
v -0.01352486 0.00012779 -0.008981152
v -0.01352486 0.00012779 -0.008981152
v -0.01541021 0.0001277899 -0.008981152
v -0.01541021 0.000213973 -0.008955872
v -0.01352486 0.0002139731 -0.008955872
v -0.01352486 0.0002139731 -0.008955872
v -0.01541021 0.000213973 -0.008955872
v -0.01541021 0.0003483091 -0.008941596
v -0.01352486 0.0003483092 -0.008941596
v -0.01352486 0.0003483092 -0.008941596
v -0.01541021 0.0003483091 -0.008941596
v -0.01541021 0.000433422 -0.008941596
v -0.01352486 0.002792693 -0.008941596
v -0.01541021 0.002792693 -0.008941596
v -0.01352486 0.002792693 -0.008941596
v -0.01541021 0.002792693 -0.008941596
v -0.01541021 0.002927029 -0.008955872
v -0.01352486 0.002927029 -0.008955872
v -0.01352486 0.002927029 -0.008955872
v -0.01541021 0.002927029 -0.008955872
v -0.01541021 0.003013212 -0.008981152
v -0.01352486 0.003013213 -0.008981152
v -0.01352486 0.003013213 -0.008981152
v -0.01541021 0.003013212 -0.008981152
v -0.01541021 0.0030315 -0.009011647
v -0.01352486 0.0030315 -0.009011647
v -0.01352486 0.0030315 -0.009011647
v -0.01541021 0.0030315 -0.009011647
v -0.01541021 0.0029777 -0.00904037
v -0.01352486 0.002977701 -0.00904037
v -0.01352486 0.002977701 -0.00904037
v -0.01541021 0.0029777 -0.00904037
v -0.01541021 0.002864141 -0.009060739
v -0.01352486 0.002864141 -0.009060739
v -0.01352486 0.002864141 -0.009060739
v -0.01541021 0.002864141 -0.009060739
v -0.01541021 0.0004241662 -0.009068091
v -0.01352486 0.0004241662 -0.009068091
v -0.01352486 0.002864141 -0.009060739
v -0.01352486 0.0004241662 -0.009068091
v -0.01352486 0.0002768608 -0.009060739
v -0.01352486 0.002977701 -0.00904037
v -0.01352486 0.0001633014 -0.00904037
v -0.01352486 0.0030315 -0.009011647
v -0.01352486 0.0001095028 -0.009011647
v -0.01352486 0.003013213 -0.008981152
v -0.01352486 0.00012779 -0.008981152
v -0.01352486 0.002927029 -0.008955872
v -0.01352486 0.0002139731 -0.008955872
v -0.01352486 0.002792693 -0.008941596
v -0.01352486 0.0003483092 -0.008941596
v -0.01352486 0.0004241662 -0.008625358
v -0.01541021 0.0004241662 -0.008625358
v -0.01541021 0.0002768608 -0.008618006
v -0.01352486 0.0002768608 -0.008618006
v -0.01352486 0.0002768608 -0.008618006
v -0.01541021 0.0002768608 -0.008618006
v -0.01541021 0.0001633013 -0.008597636
v -0.01352486 0.0001633014 -0.008597636
v -0.01352486 0.0001633014 -0.008597636
v -0.01541021 0.0001633013 -0.008597636
v -0.01541021 0.0001095027 -0.008568914
v -0.01352486 0.0001095028 -0.008568914
v -0.01352486 0.0001095028 -0.008568914
v -0.01541021 0.0001095027 -0.008568914
v -0.01541021 0.0001277899 -0.008538418
v -0.01352486 0.00012779 -0.008538418
v -0.01352486 0.00012779 -0.008538418
v -0.01541021 0.0001277899 -0.008538418
v -0.01541021 0.000213973 -0.008513138
v -0.01352486 0.0002139731 -0.008513138
v -0.01352486 0.0002139731 -0.008513138
v -0.01541021 0.000213973 -0.008513138
v -0.01541021 0.0003483091 -0.008498862
v -0.01352486 0.0003483092 -0.008498862
v -0.01352486 0.0003483092 -0.008498862
v -0.01541021 0.0003483091 -0.008498862
v -0.01541021 0.000433422 -0.008498862
v -0.01352486 0.002792693 -0.008498862
v -0.01541021 0.002792693 -0.008498862
v -0.01352486 0.002792693 -0.008498862
v -0.01541021 0.002792693 -0.008498862
v -0.01541021 0.002927029 -0.008513138
v -0.01352486 0.002927029 -0.008513138
v -0.01352486 0.002927029 -0.008513138
v -0.01541021 0.002927029 -0.008513138
v -0.01541021 0.003013212 -0.008538418
v -0.01352486 0.003013213 -0.008538418
v -0.01352486 0.003013213 -0.008538418
v -0.01541021 0.003013212 -0.008538418
v -0.01541021 0.0030315 -0.008568914
v -0.01352486 0.0030315 -0.008568914
v -0.01352486 0.0030315 -0.008568914
v -0.01541021 0.0030315 -0.008568914
v -0.01541021 0.0029777 -0.008597636
v -0.01352486 0.002977701 -0.008597636
v -0.01352486 0.002977701 -0.008597636
v -0.01541021 0.0029777 -0.008597636
v -0.01541021 0.002864141 -0.008618006
v -0.01352486 0.002864141 -0.008618006
v -0.01352486 0.002864141 -0.008618006
v -0.01541021 0.002864141 -0.008618006
v -0.01541021 0.0004241662 -0.008625358
v -0.01352486 0.0004241662 -0.008625358
v -0.01352486 0.002864141 -0.008618006
v -0.01352486 0.0004241662 -0.008625358
v -0.01352486 0.0002768608 -0.008618006
v -0.01352486 0.002977701 -0.008597636
v -0.01352486 0.0001633014 -0.008597636
v -0.01352486 0.0030315 -0.008568914
v -0.01352486 0.0001095028 -0.008568914
v -0.01352486 0.003013213 -0.008538418
v -0.01352486 0.00012779 -0.008538418
v -0.01352486 0.002927029 -0.008513138
v -0.01352486 0.0002139731 -0.008513138
v -0.01352486 0.002792693 -0.008498862
v -0.01352486 0.0003483092 -0.008498862
v -0.01352486 0.0004241662 -0.008182624
v -0.01541021 0.0004241662 -0.008182624
v -0.01541021 0.0002768608 -0.008175272
v -0.01352486 0.0002768608 -0.008175272
v -0.01352486 0.0002768608 -0.008175272
v -0.01541021 0.0002768608 -0.008175272
v -0.01541021 0.0001633013 -0.008154903
v -0.01352486 0.0001633014 -0.008154903
v -0.01352486 0.0001633014 -0.008154903
v -0.01541021 0.0001633013 -0.008154903
v -0.01541021 0.0001095027 -0.00812618
v -0.01352486 0.0001095028 -0.00812618
v -0.01352486 0.0001095028 -0.00812618
v -0.01541021 0.0001095027 -0.00812618
v -0.01541021 0.0001277899 -0.008095685
v -0.01352486 0.00012779 -0.008095685
v -0.01352486 0.00012779 -0.008095685
v -0.01541021 0.0001277899 -0.008095685
v -0.01541021 0.000213973 -0.008070405
v -0.01352486 0.0002139731 -0.008070405
v -0.01352486 0.0002139731 -0.008070405
v -0.01541021 0.000213973 -0.008070405
v -0.01541021 0.0003483091 -0.008056129
v -0.01352486 0.0003483092 -0.008056129
v -0.01352486 0.0003483092 -0.008056129
v -0.01541021 0.0003483091 -0.008056129
v -0.01541021 0.000433422 -0.008056129
v -0.01352486 0.002792693 -0.008056129
v -0.01541021 0.002792693 -0.008056129
v -0.01352486 0.002792693 -0.008056129
v -0.01541021 0.002792693 -0.008056129
v -0.01541021 0.002927029 -0.008070405
v -0.01352486 0.002927029 -0.008070405
v -0.01352486 0.002927029 -0.008070405
v -0.01541021 0.002927029 -0.008070405
v -0.01541021 0.003013212 -0.008095685
v -0.01352486 0.003013213 -0.008095685
v -0.01352486 0.003013213 -0.008095685
v -0.01541021 0.003013212 -0.008095685
v -0.01541021 0.0030315 -0.00812618
v -0.01352486 0.0030315 -0.00812618
v -0.01352486 0.0030315 -0.00812618
v -0.01541021 0.0030315 -0.00812618
v -0.01541021 0.0029777 -0.008154903
v -0.01352486 0.002977701 -0.008154903
v -0.01352486 0.002977701 -0.008154903
v -0.01541021 0.0029777 -0.008154903
v -0.01541021 0.002864141 -0.008175272
v -0.01352486 0.002864141 -0.008175272
v -0.01352486 0.002864141 -0.008175272
v -0.01541021 0.002864141 -0.008175272
v -0.01541021 0.0004241662 -0.008182624
v -0.01352486 0.0004241662 -0.008182624
v -0.01352486 0.002864141 -0.008175272
v -0.01352486 0.0004241662 -0.008182624
v -0.01352486 0.0002768608 -0.008175272
v -0.01352486 0.002977701 -0.008154903
v -0.01352486 0.0001633014 -0.008154903
v -0.01352486 0.0030315 -0.00812618
v -0.01352486 0.0001095028 -0.00812618
v -0.01352486 0.003013213 -0.008095685
v -0.01352486 0.00012779 -0.008095685
v -0.01352486 0.002927029 -0.008070405
v -0.01352486 0.0002139731 -0.008070405
v -0.01352486 0.002792693 -0.008056129
v -0.01352486 0.0003483092 -0.008056129
v -0.01352486 0.0004241662 -0.007739891
v -0.01541021 0.0004241662 -0.007739891
v -0.01541021 0.0002768608 -0.007732538
v -0.01352486 0.0002768608 -0.007732538
v -0.01352486 0.0002768608 -0.007732538
v -0.01541021 0.0002768608 -0.007732538
v -0.01541021 0.0001633013 -0.007712169
v -0.01352486 0.0001633014 -0.007712169
v -0.01352486 0.0001633014 -0.007712169
v -0.01541021 0.0001633013 -0.007712169
v -0.01541021 0.0001095027 -0.007683446
v -0.01352486 0.0001095028 -0.007683446
v -0.01352486 0.0001095028 -0.007683446
v -0.01541021 0.0001095027 -0.007683446
v -0.01541021 0.0001277899 -0.007652951
v -0.01352486 0.00012779 -0.007652951
v -0.01352486 0.00012779 -0.007652951
v -0.01541021 0.0001277899 -0.007652951
v -0.01541021 0.000213973 -0.007627671
v -0.01352486 0.0002139731 -0.007627671
v -0.01352486 0.0002139731 -0.007627671
v -0.01541021 0.000213973 -0.007627671
v -0.01541021 0.0003483091 -0.007613395
v -0.01352486 0.0003483092 -0.007613395
v -0.01352486 0.0003483092 -0.007613395
v -0.01541021 0.0003483091 -0.007613395
v -0.01541021 0.000433422 -0.007613395
v -0.01352486 0.002792693 -0.007613395
v -0.01541021 0.002792693 -0.007613395
v -0.01352486 0.002792693 -0.007613395
v -0.01541021 0.002792693 -0.007613395
v -0.01541021 0.002927029 -0.007627671
v -0.01352486 0.002927029 -0.007627671
v -0.01352486 0.002927029 -0.007627671
v -0.01541021 0.002927029 -0.007627671
v -0.01541021 0.003013212 -0.007652951
v -0.01352486 0.003013213 -0.007652951
v -0.01352486 0.003013213 -0.007652951
v -0.01541021 0.003013212 -0.007652951
v -0.01541021 0.0030315 -0.007683446
v -0.01352486 0.0030315 -0.007683446
v -0.01352486 0.0030315 -0.007683446
v -0.01541021 0.0030315 -0.007683446
v -0.01541021 0.0029777 -0.007712169
v -0.01352486 0.002977701 -0.007712169
v -0.01352486 0.002977701 -0.007712169
v -0.01541021 0.0029777 -0.007712169
v -0.01541021 0.002864141 -0.007732538
v -0.01352486 0.002864141 -0.007732538
v -0.01352486 0.002864141 -0.007732538
v -0.01541021 0.002864141 -0.007732538
v -0.01541021 0.0004241662 -0.007739891
v -0.01352486 0.0004241662 -0.007739891
v -0.01352486 0.002864141 -0.007732538
v -0.01352486 0.0004241662 -0.007739891
v -0.01352486 0.0002768608 -0.007732538
v -0.01352486 0.002977701 -0.007712169
v -0.01352486 0.0001633014 -0.007712169
v -0.01352486 0.0030315 -0.007683446
v -0.01352486 0.0001095028 -0.007683446
v -0.01352486 0.003013213 -0.007652951
v -0.01352486 0.00012779 -0.007652951
v -0.01352486 0.002927029 -0.007627671
v -0.01352486 0.0002139731 -0.007627671
v -0.01352486 0.002792693 -0.007613395
v -0.01352486 0.0003483092 -0.007613395
v -0.01352486 0.0004241662 -0.007297157
v -0.01541021 0.0004241662 -0.007297157
v -0.01541021 0.0002768608 -0.007289804
v -0.01352486 0.0002768608 -0.007289804
v -0.01352486 0.0002768608 -0.007289804
v -0.01541021 0.0002768608 -0.007289804
v -0.01541021 0.0001633013 -0.007269435
v -0.01352486 0.0001633014 -0.007269435
v -0.01352486 0.0001633014 -0.007269435
v -0.01541021 0.0001633013 -0.007269435
v -0.01541021 0.0001095027 -0.007240713
v -0.01352486 0.0001095028 -0.007240713
v -0.01352486 0.0001095028 -0.007240713
v -0.01541021 0.0001095027 -0.007240713
v -0.01541021 0.0001277899 -0.007210217
v -0.01352486 0.00012779 -0.007210217
v -0.01352486 0.00012779 -0.007210217
v -0.01541021 0.0001277899 -0.007210217
v -0.01541021 0.000213973 -0.007184937
v -0.01352486 0.0002139731 -0.007184937
v -0.01352486 0.0002139731 -0.007184937
v -0.01541021 0.000213973 -0.007184937
v -0.01541021 0.0003483091 -0.007170661
v -0.01352486 0.0003483092 -0.007170661
v -0.01352486 0.0003483092 -0.007170661
v -0.01541021 0.0003483091 -0.007170661
v -0.01541021 0.000433422 -0.007170661
v -0.01352486 0.002792693 -0.007170661
v -0.01541021 0.002792693 -0.007170661
v -0.01352486 0.002792693 -0.007170661
v -0.01541021 0.002792693 -0.007170661
v -0.01541021 0.002927029 -0.007184937
v -0.01352486 0.002927029 -0.007184937
v -0.01352486 0.002927029 -0.007184937
v -0.01541021 0.002927029 -0.007184937
v -0.01541021 0.003013212 -0.007210217
v -0.01352486 0.003013213 -0.007210217
v -0.01352486 0.003013213 -0.007210217
v -0.01541021 0.003013212 -0.007210217
v -0.01541021 0.0030315 -0.007240713
v -0.01352486 0.0030315 -0.007240713
v -0.01352486 0.0030315 -0.007240713
v -0.01541021 0.0030315 -0.007240713
v -0.01541021 0.0029777 -0.007269435
v -0.01352486 0.002977701 -0.007269435
v -0.01352486 0.002977701 -0.007269435
v -0.01541021 0.0029777 -0.007269435
v -0.01541021 0.002864141 -0.007289804
v -0.01352486 0.002864141 -0.007289804
v -0.01352486 0.002864141 -0.007289804
v -0.01541021 0.002864141 -0.007289804
v -0.01541021 0.0004241662 -0.007297157
v -0.01352486 0.0004241662 -0.007297157
v -0.01352486 0.002864141 -0.007289804
v -0.01352486 0.0004241662 -0.007297157
v -0.01352486 0.0002768608 -0.007289804
v -0.01352486 0.002977701 -0.007269435
v -0.01352486 0.0001633014 -0.007269435
v -0.01352486 0.0030315 -0.007240713
v -0.01352486 0.0001095028 -0.007240713
v -0.01352486 0.003013213 -0.007210217
v -0.01352486 0.00012779 -0.007210217
v -0.01352486 0.002927029 -0.007184937
v -0.01352486 0.0002139731 -0.007184937
v -0.01352486 0.002792693 -0.007170661
v -0.01352486 0.0003483092 -0.007170661
v -0.01352486 0.0004241662 -0.006854423
v -0.01541021 0.0004241662 -0.006854423
v -0.01541021 0.0002768608 -0.006847071
v -0.01352486 0.0002768608 -0.006847071
v -0.01352486 0.0002768608 -0.006847071
v -0.01541021 0.0002768608 -0.006847071
v -0.01541021 0.0001633013 -0.006826701
v -0.01352486 0.0001633014 -0.006826701
v -0.01352486 0.0001633014 -0.006826701
v -0.01541021 0.0001633013 -0.006826701
v -0.01541021 0.0001095027 -0.006797979
v -0.01352486 0.0001095028 -0.006797979
v -0.01352486 0.0001095028 -0.006797979
v -0.01541021 0.0001095027 -0.006797979
v -0.01541021 0.0001277899 -0.006767484
v -0.01352486 0.00012779 -0.006767484
v -0.01352486 0.00012779 -0.006767484
v -0.01541021 0.0001277899 -0.006767484
v -0.01541021 0.000213973 -0.006742203
v -0.01352486 0.0002139731 -0.006742203
v -0.01352486 0.0002139731 -0.006742203
v -0.01541021 0.000213973 -0.006742203
v -0.01541021 0.0003483091 -0.006727928
v -0.01352486 0.0003483092 -0.006727928
v -0.01352486 0.0003483092 -0.006727928
v -0.01541021 0.0003483091 -0.006727928
v -0.01541021 0.000433422 -0.006727928
v -0.01352486 0.002792693 -0.006727928
v -0.01541021 0.002792693 -0.006727928
v -0.01352486 0.002792693 -0.006727928
v -0.01541021 0.002792693 -0.006727928
v -0.01541021 0.002927029 -0.006742203
v -0.01352486 0.002927029 -0.006742203
v -0.01352486 0.002927029 -0.006742203
v -0.01541021 0.002927029 -0.006742203
v -0.01541021 0.003013212 -0.006767484
v -0.01352486 0.003013213 -0.006767484
v -0.01352486 0.003013213 -0.006767484
v -0.01541021 0.003013212 -0.006767484
v -0.01541021 0.0030315 -0.006797979
v -0.01352486 0.0030315 -0.006797979
v -0.01352486 0.0030315 -0.006797979
v -0.01541021 0.0030315 -0.006797979
v -0.01541021 0.0029777 -0.006826701
v -0.01352486 0.002977701 -0.006826701
v -0.01352486 0.002977701 -0.006826701
v -0.01541021 0.0029777 -0.006826701
v -0.01541021 0.002864141 -0.006847071
v -0.01352486 0.002864141 -0.006847071
v -0.01352486 0.002864141 -0.006847071
v -0.01541021 0.002864141 -0.006847071
v -0.01541021 0.0004241662 -0.006854423
v -0.01352486 0.0004241662 -0.006854423
v -0.01352486 0.002864141 -0.006847071
v -0.01352486 0.0004241662 -0.006854423
v -0.01352486 0.0002768608 -0.006847071
v -0.01352486 0.002977701 -0.006826701
v -0.01352486 0.0001633014 -0.006826701
v -0.01352486 0.0030315 -0.006797979
v -0.01352486 0.0001095028 -0.006797979
v -0.01352486 0.003013213 -0.006767484
v -0.01352486 0.00012779 -0.006767484
v -0.01352486 0.002927029 -0.006742203
v -0.01352486 0.0002139731 -0.006742203
v -0.01352486 0.002792693 -0.006727928
v -0.01352486 0.0003483092 -0.006727928
v -0.01352486 0.0004241662 -0.006411689
v -0.01541021 0.0004241662 -0.006411689
v -0.01541021 0.0002768608 -0.006404337
v -0.01352486 0.0002768608 -0.006404337
v -0.01352486 0.0002768608 -0.006404337
v -0.01541021 0.0002768608 -0.006404337
v -0.01541021 0.0001633013 -0.006383967
v -0.01352486 0.0001633014 -0.006383967
v -0.01352486 0.0001633014 -0.006383967
v -0.01541021 0.0001633013 -0.006383967
v -0.01541021 0.0001095027 -0.006355245
v -0.01352486 0.0001095028 -0.006355245
v -0.01352486 0.0001095028 -0.006355245
v -0.01541021 0.0001095027 -0.006355245
v -0.01541021 0.0001277899 -0.00632475
v -0.01352486 0.00012779 -0.00632475
v -0.01352486 0.00012779 -0.00632475
v -0.01541021 0.0001277899 -0.00632475
v -0.01541021 0.000213973 -0.006299469
v -0.01352486 0.0002139731 -0.006299469
v -0.01352486 0.0002139731 -0.006299469
v -0.01541021 0.000213973 -0.006299469
v -0.01541021 0.0003483091 -0.006285194
v -0.01352486 0.0003483092 -0.006285194
v -0.01352486 0.0003483092 -0.006285194
v -0.01541021 0.0003483091 -0.006285194
v -0.01541021 0.000433422 -0.006285194
v -0.01352486 0.002792693 -0.006285194
v -0.01541021 0.002792693 -0.006285194
v -0.01352486 0.002792693 -0.006285194
v -0.01541021 0.002792693 -0.006285194
v -0.01541021 0.002927029 -0.006299469
v -0.01352486 0.002927029 -0.006299469
v -0.01352486 0.002927029 -0.006299469
v -0.01541021 0.002927029 -0.006299469
v -0.01541021 0.003013212 -0.00632475
v -0.01352486 0.003013213 -0.00632475
v -0.01352486 0.003013213 -0.00632475
v -0.01541021 0.003013212 -0.00632475
v -0.01541021 0.0030315 -0.006355245
v -0.01352486 0.0030315 -0.006355245
v -0.01352486 0.0030315 -0.006355245
v -0.01541021 0.0030315 -0.006355245
v -0.01541021 0.0029777 -0.006383967
v -0.01352486 0.002977701 -0.006383967
v -0.01352486 0.002977701 -0.006383967
v -0.01541021 0.0029777 -0.006383967
v -0.01541021 0.002864141 -0.006404337
v -0.01352486 0.002864141 -0.006404337
v -0.01352486 0.002864141 -0.006404337
v -0.01541021 0.002864141 -0.006404337
v -0.01541021 0.0004241662 -0.006411689
v -0.01352486 0.0004241662 -0.006411689
v -0.01352486 0.002864141 -0.006404337
v -0.01352486 0.0004241662 -0.006411689
v -0.01352486 0.0002768608 -0.006404337
v -0.01352486 0.002977701 -0.006383967
v -0.01352486 0.0001633014 -0.006383967
v -0.01352486 0.0030315 -0.006355245
v -0.01352486 0.0001095028 -0.006355245
v -0.01352486 0.003013213 -0.00632475
v -0.01352486 0.00012779 -0.00632475
v -0.01352486 0.002927029 -0.006299469
v -0.01352486 0.0002139731 -0.006299469
v -0.01352486 0.002792693 -0.006285194
v -0.01352486 0.0003483092 -0.006285194
v -0.01352486 0.0004241662 -0.005968956
v -0.01541021 0.0004241662 -0.005968956
v -0.01541021 0.0002768608 -0.005961603
v -0.01352486 0.0002768608 -0.005961603
v -0.01352486 0.0002768608 -0.005961603
v -0.01541021 0.0002768608 -0.005961603
v -0.01541021 0.0001633013 -0.005941234
v -0.01352486 0.0001633014 -0.005941234
v -0.01352486 0.0001633014 -0.005941234
v -0.01541021 0.0001633013 -0.005941234
v -0.01541021 0.0001095027 -0.005912511
v -0.01352486 0.0001095028 -0.005912511
v -0.01352486 0.0001095028 -0.005912511
v -0.01541021 0.0001095027 -0.005912511
v -0.01541021 0.0001277899 -0.005882016
v -0.01352486 0.00012779 -0.005882016
v -0.01352486 0.00012779 -0.005882016
v -0.01541021 0.0001277899 -0.005882016
v -0.01541021 0.000213973 -0.005856736
v -0.01352486 0.0002139731 -0.005856736
v -0.01352486 0.0002139731 -0.005856736
v -0.01541021 0.000213973 -0.005856736
v -0.01541021 0.0003483091 -0.00584246
v -0.01352486 0.0003483092 -0.00584246
v -0.01352486 0.0003483092 -0.00584246
v -0.01541021 0.0003483091 -0.00584246
v -0.01541021 0.000433422 -0.00584246
v -0.01352486 0.002792693 -0.00584246
v -0.01541021 0.002792693 -0.00584246
v -0.01352486 0.002792693 -0.00584246
v -0.01541021 0.002792693 -0.00584246
v -0.01541021 0.002927029 -0.005856736
v -0.01352486 0.002927029 -0.005856736
v -0.01352486 0.002927029 -0.005856736
v -0.01541021 0.002927029 -0.005856736
v -0.01541021 0.003013212 -0.005882016
v -0.01352486 0.003013213 -0.005882016
v -0.01352486 0.003013213 -0.005882016
v -0.01541021 0.003013212 -0.005882016
v -0.01541021 0.0030315 -0.005912511
v -0.01352486 0.0030315 -0.005912511
v -0.01352486 0.0030315 -0.005912511
v -0.01541021 0.0030315 -0.005912511
v -0.01541021 0.0029777 -0.005941234
v -0.01352486 0.002977701 -0.005941234
v -0.01352486 0.002977701 -0.005941234
v -0.01541021 0.0029777 -0.005941234
v -0.01541021 0.002864141 -0.005961603
v -0.01352486 0.002864141 -0.005961603
v -0.01352486 0.002864141 -0.005961603
v -0.01541021 0.002864141 -0.005961603
v -0.01541021 0.0004241662 -0.005968956
v -0.01352486 0.0004241662 -0.005968956
v -0.01352486 0.002864141 -0.005961603
v -0.01352486 0.0004241662 -0.005968956
v -0.01352486 0.0002768608 -0.005961603
v -0.01352486 0.002977701 -0.005941234
v -0.01352486 0.0001633014 -0.005941234
v -0.01352486 0.0030315 -0.005912511
v -0.01352486 0.0001095028 -0.005912511
v -0.01352486 0.003013213 -0.005882016
v -0.01352486 0.00012779 -0.005882016
v -0.01352486 0.002927029 -0.005856736
v -0.01352486 0.0002139731 -0.005856736
v -0.01352486 0.002792693 -0.00584246
v -0.01352486 0.0003483092 -0.00584246
v -0.01352486 0.0004241662 -0.005526222
v -0.01541021 0.0004241662 -0.005526222
v -0.01541021 0.0002768608 -0.005518869
v -0.01352486 0.0002768608 -0.005518869
v -0.01352486 0.0002768608 -0.005518869
v -0.01541021 0.0002768608 -0.005518869
v -0.01541021 0.0001633013 -0.0054985
v -0.01352486 0.0001633014 -0.0054985
v -0.01352486 0.0001633014 -0.0054985
v -0.01541021 0.0001633013 -0.0054985
v -0.01541021 0.0001095027 -0.005469778
v -0.01352486 0.0001095028 -0.005469778
v -0.01352486 0.0001095028 -0.005469778
v -0.01541021 0.0001095027 -0.005469778
v -0.01541021 0.0001277899 -0.005439282
v -0.01352486 0.00012779 -0.005439282
v -0.01352486 0.00012779 -0.005439282
v -0.01541021 0.0001277899 -0.005439282
v -0.01541021 0.000213973 -0.005414002
v -0.01352486 0.0002139731 -0.005414002
v -0.01352486 0.0002139731 -0.005414002
v -0.01541021 0.000213973 -0.005414002
v -0.01541021 0.0003483091 -0.005399726
v -0.01352486 0.0003483092 -0.005399726
v -0.01352486 0.0003483092 -0.005399726
v -0.01541021 0.0003483091 -0.005399726
v -0.01541021 0.000433422 -0.005399726
v -0.01352486 0.002792693 -0.005399726
v -0.01541021 0.002792693 -0.005399726
v -0.01352486 0.002792693 -0.005399726
v -0.01541021 0.002792693 -0.005399726
v -0.01541021 0.002927029 -0.005414002
v -0.01352486 0.002927029 -0.005414002
v -0.01352486 0.002927029 -0.005414002
v -0.01541021 0.002927029 -0.005414002
v -0.01541021 0.003013212 -0.005439282
v -0.01352486 0.003013213 -0.005439282
v -0.01352486 0.003013213 -0.005439282
v -0.01541021 0.003013212 -0.005439282
v -0.01541021 0.0030315 -0.005469778
v -0.01352486 0.0030315 -0.005469778
v -0.01352486 0.0030315 -0.005469778
v -0.01541021 0.0030315 -0.005469778
v -0.01541021 0.0029777 -0.0054985
v -0.01352486 0.002977701 -0.0054985
v -0.01352486 0.002977701 -0.0054985
v -0.01541021 0.0029777 -0.0054985
v -0.01541021 0.002864141 -0.005518869
v -0.01352486 0.002864141 -0.005518869
v -0.01352486 0.002864141 -0.005518869
v -0.01541021 0.002864141 -0.005518869
v -0.01541021 0.0004241662 -0.005526222
v -0.01352486 0.0004241662 -0.005526222
v -0.01352486 0.002864141 -0.005518869
v -0.01352486 0.0004241662 -0.005526222
v -0.01352486 0.0002768608 -0.005518869
v -0.01352486 0.002977701 -0.0054985
v -0.01352486 0.0001633014 -0.0054985
v -0.01352486 0.0030315 -0.005469778
v -0.01352486 0.0001095028 -0.005469778
v -0.01352486 0.003013213 -0.005439282
v -0.01352486 0.00012779 -0.005439282
v -0.01352486 0.002927029 -0.005414002
v -0.01352486 0.0002139731 -0.005414002
v -0.01352486 0.002792693 -0.005399726
v -0.01352486 0.0003483092 -0.005399726
v -0.01352486 0.0004241662 -0.005083488
v -0.01541021 0.0004241662 -0.005083488
v -0.01541021 0.0002768608 -0.005076136
v -0.01352486 0.0002768608 -0.005076136
v -0.01352486 0.0002768608 -0.005076136
v -0.01541021 0.0002768608 -0.005076136
v -0.01541021 0.0001633013 -0.005055766
v -0.01352486 0.0001633014 -0.005055766
v -0.01352486 0.0001633014 -0.005055766
v -0.01541021 0.0001633013 -0.005055766
v -0.01541021 0.0001095027 -0.005027044
v -0.01352486 0.0001095028 -0.005027044
v -0.01352486 0.0001095028 -0.005027044
v -0.01541021 0.0001095027 -0.005027044
v -0.01541021 0.0001277899 -0.004996549
v -0.01352486 0.00012779 -0.004996549
v -0.01352486 0.00012779 -0.004996549
v -0.01541021 0.0001277899 -0.004996549
v -0.01541021 0.000213973 -0.004971268
v -0.01352486 0.0002139731 -0.004971268
v -0.01352486 0.0002139731 -0.004971268
v -0.01541021 0.000213973 -0.004971268
v -0.01541021 0.0003483091 -0.004956993
v -0.01352486 0.0003483092 -0.004956993
v -0.01352486 0.0003483092 -0.004956993
v -0.01541021 0.0003483091 -0.004956993
v -0.01541021 0.0004334221 -0.004956993
v -0.01352486 0.002792693 -0.004956993
v -0.01541021 0.002792693 -0.004956993
v -0.01352486 0.002792693 -0.004956993
v -0.01541021 0.002792693 -0.004956993
v -0.01541021 0.002927029 -0.004971268
v -0.01352486 0.002927029 -0.004971268
v -0.01352486 0.002927029 -0.004971268
v -0.01541021 0.002927029 -0.004971268
v -0.01541021 0.003013212 -0.004996549
v -0.01352486 0.003013213 -0.004996549
v -0.01352486 0.003013213 -0.004996549
v -0.01541021 0.003013212 -0.004996549
v -0.01541021 0.0030315 -0.005027044
v -0.01352486 0.0030315 -0.005027044
v -0.01352486 0.0030315 -0.005027044
v -0.01541021 0.0030315 -0.005027044
v -0.01541021 0.0029777 -0.005055766
v -0.01352486 0.002977701 -0.005055766
v -0.01352486 0.002977701 -0.005055766
v -0.01541021 0.0029777 -0.005055766
v -0.01541021 0.002864141 -0.005076136
v -0.01352486 0.002864141 -0.005076136
v -0.01352486 0.002864141 -0.005076136
v -0.01541021 0.002864141 -0.005076136
v -0.01541021 0.0004241662 -0.005083488
v -0.01352486 0.0004241662 -0.005083488
v -0.01352486 0.002864141 -0.005076136
v -0.01352486 0.0004241662 -0.005083488
v -0.01352486 0.0002768608 -0.005076136
v -0.01352486 0.002977701 -0.005055766
v -0.01352486 0.0001633014 -0.005055766
v -0.01352486 0.0030315 -0.005027044
v -0.01352486 0.0001095028 -0.005027044
v -0.01352486 0.003013213 -0.004996549
v -0.01352486 0.00012779 -0.004996549
v -0.01352486 0.002927029 -0.004971268
v -0.01352486 0.0002139731 -0.004971268
v -0.01352486 0.002792693 -0.004956993
v -0.01352486 0.0003483092 -0.004956993
v -0.01352486 0.0004241662 -0.004640754
v -0.01541021 0.0004241662 -0.004640754
v -0.01541021 0.0002768608 -0.004633402
v -0.01352486 0.0002768608 -0.004633402
v -0.01352486 0.0002768608 -0.004633402
v -0.01541021 0.0002768608 -0.004633402
v -0.01541021 0.0001633013 -0.004613032
v -0.01352486 0.0001633014 -0.004613032
v -0.01352486 0.0001633014 -0.004613032
v -0.01541021 0.0001633013 -0.004613032
v -0.01541021 0.0001095027 -0.00458431
v -0.01352486 0.0001095028 -0.00458431
v -0.01352486 0.0001095028 -0.00458431
v -0.01541021 0.0001095027 -0.00458431
v -0.01541021 0.0001277899 -0.004553815
v -0.01352486 0.00012779 -0.004553815
v -0.01352486 0.00012779 -0.004553815
v -0.01541021 0.0001277899 -0.004553815
v -0.01541021 0.000213973 -0.004528534
v -0.01352486 0.0002139731 -0.004528534
v -0.01352486 0.0002139731 -0.004528534
v -0.01541021 0.000213973 -0.004528534
v -0.01541021 0.0003483091 -0.004514259
v -0.01352486 0.0003483092 -0.004514259
v -0.01352486 0.0003483092 -0.004514259
v -0.01541021 0.0003483091 -0.004514259
v -0.01541021 0.0004334221 -0.004514259
v -0.01352486 0.002792693 -0.004514259
v -0.01541021 0.002792693 -0.004514259
v -0.01352486 0.002792693 -0.004514259
v -0.01541021 0.002792693 -0.004514259
v -0.01541021 0.002927029 -0.004528534
v -0.01352486 0.002927029 -0.004528534
v -0.01352486 0.002927029 -0.004528534
v -0.01541021 0.002927029 -0.004528534
v -0.01541021 0.003013212 -0.004553815
v -0.01352486 0.003013213 -0.004553815
v -0.01352486 0.003013213 -0.004553815
v -0.01541021 0.003013212 -0.004553815
v -0.01541021 0.0030315 -0.00458431
v -0.01352486 0.0030315 -0.00458431
v -0.01352486 0.0030315 -0.00458431
v -0.01541021 0.0030315 -0.00458431
v -0.01541021 0.0029777 -0.004613032
v -0.01352486 0.002977701 -0.004613032
v -0.01352486 0.002977701 -0.004613032
v -0.01541021 0.0029777 -0.004613032
v -0.01541021 0.002864141 -0.004633402
v -0.01352486 0.002864141 -0.004633402
v -0.01352486 0.002864141 -0.004633402
v -0.01541021 0.002864141 -0.004633402
v -0.01541021 0.0004241662 -0.004640754
v -0.01352486 0.0004241662 -0.004640754
v -0.01352486 0.002864141 -0.004633402
v -0.01352486 0.0004241662 -0.004640754
v -0.01352486 0.0002768608 -0.004633402
v -0.01352486 0.002977701 -0.004613032
v -0.01352486 0.0001633014 -0.004613032
v -0.01352486 0.0030315 -0.00458431
v -0.01352486 0.0001095028 -0.00458431
v -0.01352486 0.003013213 -0.004553815
v -0.01352486 0.00012779 -0.004553815
v -0.01352486 0.002927029 -0.004528534
v -0.01352486 0.0002139731 -0.004528534
v -0.01352486 0.002792693 -0.004514259
v -0.01352486 0.0003483092 -0.004514259
v -0.01352486 0.0004241662 -0.004198021
v -0.01541021 0.0004241662 -0.004198021
v -0.01541021 0.0002768608 -0.004190668
v -0.01352486 0.0002768608 -0.004190668
v -0.01352486 0.0002768608 -0.004190668
v -0.01541021 0.0002768608 -0.004190668
v -0.01541021 0.0001633013 -0.004170299
v -0.01352486 0.0001633014 -0.004170299
v -0.01352486 0.0001633014 -0.004170299
v -0.01541021 0.0001633013 -0.004170299
v -0.01541021 0.0001095027 -0.004141576
v -0.01352486 0.0001095028 -0.004141576
v -0.01352486 0.0001095028 -0.004141576
v -0.01541021 0.0001095027 -0.004141576
v -0.01541021 0.0001277899 -0.004111081
v -0.01352486 0.00012779 -0.004111081
v -0.01352486 0.00012779 -0.004111081
v -0.01541021 0.0001277899 -0.004111081
v -0.01541021 0.000213973 -0.004085801
v -0.01352486 0.0002139731 -0.004085801
v -0.01352486 0.0002139731 -0.004085801
v -0.01541021 0.000213973 -0.004085801
v -0.01541021 0.0003483091 -0.004071525
v -0.01352486 0.0003483092 -0.004071525
v -0.01352486 0.0003483092 -0.004071525
v -0.01541021 0.0003483091 -0.004071525
v -0.01541021 0.0004334221 -0.004071525
v -0.01352486 0.002792693 -0.004071525
v -0.01541021 0.002792693 -0.004071525
v -0.01352486 0.002792693 -0.004071525
v -0.01541021 0.002792693 -0.004071525
v -0.01541021 0.002927029 -0.004085801
v -0.01352486 0.002927029 -0.004085801
v -0.01352486 0.002927029 -0.004085801
v -0.01541021 0.002927029 -0.004085801
v -0.01541021 0.003013212 -0.004111081
v -0.01352486 0.003013213 -0.004111081
v -0.01352486 0.003013213 -0.004111081
v -0.01541021 0.003013212 -0.004111081
v -0.01541021 0.0030315 -0.004141576
v -0.01352486 0.0030315 -0.004141576
v -0.01352486 0.0030315 -0.004141576
v -0.01541021 0.0030315 -0.004141576
v -0.01541021 0.0029777 -0.004170299
v -0.01352486 0.002977701 -0.004170299
v -0.01352486 0.002977701 -0.004170299
v -0.01541021 0.0029777 -0.004170299
v -0.01541021 0.002864141 -0.004190668
v -0.01352486 0.002864141 -0.004190668
v -0.01352486 0.002864141 -0.004190668
v -0.01541021 0.002864141 -0.004190668
v -0.01541021 0.0004241662 -0.004198021
v -0.01352486 0.0004241662 -0.004198021
v -0.01352486 0.002864141 -0.004190668
v -0.01352486 0.0004241662 -0.004198021
v -0.01352486 0.0002768608 -0.004190668
v -0.01352486 0.002977701 -0.004170299
v -0.01352486 0.0001633014 -0.004170299
v -0.01352486 0.0030315 -0.004141576
v -0.01352486 0.0001095028 -0.004141576
v -0.01352486 0.003013213 -0.004111081
v -0.01352486 0.00012779 -0.004111081
v -0.01352486 0.002927029 -0.004085801
v -0.01352486 0.0002139731 -0.004085801
v -0.01352486 0.002792693 -0.004071525
v -0.01352486 0.0003483092 -0.004071525
v -0.01352486 0.0004241662 -0.003755287
v -0.01541021 0.0004241662 -0.003755287
v -0.01541021 0.0002768608 -0.003747934
v -0.01352486 0.0002768608 -0.003747934
v -0.01352486 0.0002768608 -0.003747934
v -0.01541021 0.0002768608 -0.003747934
v -0.01541021 0.0001633013 -0.003727565
v -0.01352486 0.0001633014 -0.003727565
v -0.01352486 0.0001633014 -0.003727565
v -0.01541021 0.0001633013 -0.003727565
v -0.01541021 0.0001095027 -0.003698842
v -0.01352486 0.0001095028 -0.003698842
v -0.01352486 0.0001095028 -0.003698842
v -0.01541021 0.0001095027 -0.003698842
v -0.01541021 0.0001277899 -0.003668348
v -0.01352486 0.00012779 -0.003668348
v -0.01352486 0.00012779 -0.003668348
v -0.01541021 0.0001277899 -0.003668348
v -0.01541021 0.000213973 -0.003643067
v -0.01352486 0.0002139731 -0.003643067
v -0.01352486 0.0002139731 -0.003643067
v -0.01541021 0.000213973 -0.003643067
v -0.01541021 0.0003483091 -0.003628792
v -0.01352486 0.0003483092 -0.003628792
v -0.01352486 0.0003483092 -0.003628792
v -0.01541021 0.0003483091 -0.003628792
v -0.01541021 0.0004334221 -0.003628792
v -0.01352486 0.002792693 -0.003628792
v -0.01541021 0.002792693 -0.003628792
v -0.01352486 0.002792693 -0.003628792
v -0.01541021 0.002792693 -0.003628792
v -0.01541021 0.002927029 -0.003643067
v -0.01352486 0.002927029 -0.003643067
v -0.01352486 0.002927029 -0.003643067
v -0.01541021 0.002927029 -0.003643067
v -0.01541021 0.003013212 -0.003668348
v -0.01352486 0.003013213 -0.003668348
v -0.01352486 0.003013213 -0.003668348
v -0.01541021 0.003013212 -0.003668348
v -0.01541021 0.0030315 -0.003698842
v -0.01352486 0.0030315 -0.003698842
v -0.01352486 0.0030315 -0.003698842
v -0.01541021 0.0030315 -0.003698842
v -0.01541021 0.0029777 -0.003727565
v -0.01352486 0.002977701 -0.003727565
v -0.01352486 0.002977701 -0.003727565
v -0.01541021 0.0029777 -0.003727565
v -0.01541021 0.002864141 -0.003747934
v -0.01352486 0.002864141 -0.003747934
v -0.01352486 0.002864141 -0.003747934
v -0.01541021 0.002864141 -0.003747934
v -0.01541021 0.0004241662 -0.003755287
v -0.01352486 0.0004241662 -0.003755287
v -0.01352486 0.002864141 -0.003747934
v -0.01352486 0.0004241662 -0.003755287
v -0.01352486 0.0002768608 -0.003747934
v -0.01352486 0.002977701 -0.003727565
v -0.01352486 0.0001633014 -0.003727565
v -0.01352486 0.0030315 -0.003698842
v -0.01352486 0.0001095028 -0.003698842
v -0.01352486 0.003013213 -0.003668348
v -0.01352486 0.00012779 -0.003668348
v -0.01352486 0.002927029 -0.003643067
v -0.01352486 0.0002139731 -0.003643067
v -0.01352486 0.002792693 -0.003628792
v -0.01352486 0.0003483092 -0.003628792
v -0.01352486 0.0004241662 -0.003312553
v -0.01541021 0.0004241662 -0.003312553
v -0.01541021 0.0002768608 -0.0033052
v -0.01352486 0.0002768608 -0.0033052
v -0.01352486 0.0002768608 -0.0033052
v -0.01541021 0.0002768608 -0.0033052
v -0.01541021 0.0001633013 -0.003284831
v -0.01352486 0.0001633014 -0.003284831
v -0.01352486 0.0001633014 -0.003284831
v -0.01541021 0.0001633013 -0.003284831
v -0.01541021 0.0001095027 -0.003256109
v -0.01352486 0.0001095028 -0.003256109
v -0.01352486 0.0001095028 -0.003256109
v -0.01541021 0.0001095027 -0.003256109
v -0.01541021 0.0001277899 -0.003225614
v -0.01352486 0.00012779 -0.003225614
v -0.01352486 0.00012779 -0.003225614
v -0.01541021 0.0001277899 -0.003225614
v -0.01541021 0.000213973 -0.003200333
v -0.01352486 0.0002139731 -0.003200333
v -0.01352486 0.0002139731 -0.003200333
v -0.01541021 0.000213973 -0.003200333
v -0.01541021 0.0003483091 -0.003186058
v -0.01352486 0.0003483092 -0.003186058
v -0.01352486 0.0003483092 -0.003186058
v -0.01541021 0.0003483091 -0.003186058
v -0.01541021 0.0004334221 -0.003186058
v -0.01352486 0.002792693 -0.003186058
v -0.01541021 0.002792693 -0.003186058
v -0.01352486 0.002792693 -0.003186058
v -0.01541021 0.002792693 -0.003186058
v -0.01541021 0.002927029 -0.003200333
v -0.01352486 0.002927029 -0.003200333
v -0.01352486 0.002927029 -0.003200333
v -0.01541021 0.002927029 -0.003200333
v -0.01541021 0.003013212 -0.003225614
v -0.01352486 0.003013213 -0.003225614
v -0.01352486 0.003013213 -0.003225614
v -0.01541021 0.003013212 -0.003225614
v -0.01541021 0.0030315 -0.003256109
v -0.01352486 0.0030315 -0.003256109
v -0.01352486 0.0030315 -0.003256109
v -0.01541021 0.0030315 -0.003256109
v -0.01541021 0.0029777 -0.003284831
v -0.01352486 0.002977701 -0.003284831
v -0.01352486 0.002977701 -0.003284831
v -0.01541021 0.0029777 -0.003284831
v -0.01541021 0.002864141 -0.0033052
v -0.01352486 0.002864141 -0.0033052
v -0.01352486 0.002864141 -0.0033052
v -0.01541021 0.002864141 -0.0033052
v -0.01541021 0.0004241662 -0.003312553
v -0.01352486 0.0004241662 -0.003312553
v -0.01352486 0.002864141 -0.0033052
v -0.01352486 0.0004241662 -0.003312553
v -0.01352486 0.0002768608 -0.0033052
v -0.01352486 0.002977701 -0.003284831
v -0.01352486 0.0001633014 -0.003284831
v -0.01352486 0.0030315 -0.003256109
v -0.01352486 0.0001095028 -0.003256109
v -0.01352486 0.003013213 -0.003225614
v -0.01352486 0.00012779 -0.003225614
v -0.01352486 0.002927029 -0.003200333
v -0.01352486 0.0002139731 -0.003200333
v -0.01352486 0.002792693 -0.003186058
v -0.01352486 0.0003483092 -0.003186058
v -0.01352486 0.0004241662 -0.002869819
v -0.01541021 0.0004241662 -0.002869819
v -0.01541021 0.0002768608 -0.002862466
v -0.01352486 0.0002768608 -0.002862466
v -0.01352486 0.0002768608 -0.002862466
v -0.01541021 0.0002768608 -0.002862466
v -0.01541021 0.0001633013 -0.002842097
v -0.01352486 0.0001633014 -0.002842097
v -0.01352486 0.0001633014 -0.002842097
v -0.01541021 0.0001633013 -0.002842097
v -0.01541021 0.0001095027 -0.002813375
v -0.01352486 0.0001095028 -0.002813375
v -0.01352486 0.0001095028 -0.002813375
v -0.01541021 0.0001095027 -0.002813375
v -0.01541021 0.0001277899 -0.00278288
v -0.01352486 0.00012779 -0.00278288
v -0.01352486 0.00012779 -0.00278288
v -0.01541021 0.0001277899 -0.00278288
v -0.01541021 0.000213973 -0.002757599
v -0.01352486 0.0002139731 -0.002757599
v -0.01352486 0.0002139731 -0.002757599
v -0.01541021 0.000213973 -0.002757599
v -0.01541021 0.0003483091 -0.002743324
v -0.01352486 0.0003483092 -0.002743324
v -0.01352486 0.0003483092 -0.002743324
v -0.01541021 0.0003483091 -0.002743324
v -0.01541021 0.0004334221 -0.002743324
v -0.01352486 0.002792693 -0.002743324
v -0.01541021 0.002792693 -0.002743324
v -0.01352486 0.002792693 -0.002743324
v -0.01541021 0.002792693 -0.002743324
v -0.01541021 0.002927029 -0.002757599
v -0.01352486 0.002927029 -0.002757599
v -0.01352486 0.002927029 -0.002757599
v -0.01541021 0.002927029 -0.002757599
v -0.01541021 0.003013212 -0.00278288
v -0.01352486 0.003013213 -0.00278288
v -0.01352486 0.003013213 -0.00278288
v -0.01541021 0.003013212 -0.00278288
v -0.01541021 0.0030315 -0.002813375
v -0.01352486 0.0030315 -0.002813375
v -0.01352486 0.0030315 -0.002813375
v -0.01541021 0.0030315 -0.002813375
v -0.01541021 0.0029777 -0.002842097
v -0.01352486 0.002977701 -0.002842097
v -0.01352486 0.002977701 -0.002842097
v -0.01541021 0.0029777 -0.002842097
v -0.01541021 0.002864141 -0.002862466
v -0.01352486 0.002864141 -0.002862466
v -0.01352486 0.002864141 -0.002862466
v -0.01541021 0.002864141 -0.002862466
v -0.01541021 0.0004241662 -0.002869819
v -0.01352486 0.0004241662 -0.002869819
v -0.01352486 0.002864141 -0.002862466
v -0.01352486 0.0004241662 -0.002869819
v -0.01352486 0.0002768608 -0.002862466
v -0.01352486 0.002977701 -0.002842097
v -0.01352486 0.0001633014 -0.002842097
v -0.01352486 0.0030315 -0.002813375
v -0.01352486 0.0001095028 -0.002813375
v -0.01352486 0.003013213 -0.00278288
v -0.01352486 0.00012779 -0.00278288
v -0.01352486 0.002927029 -0.002757599
v -0.01352486 0.0002139731 -0.002757599
v -0.01352486 0.002792693 -0.002743324
v -0.01352486 0.0003483092 -0.002743324
v -0.01352486 0.0004241662 -0.002427086
v -0.01541021 0.0004241662 -0.002427086
v -0.01541021 0.0002768608 -0.002419733
v -0.01352486 0.0002768608 -0.002419733
v -0.01352486 0.0002768608 -0.002419733
v -0.01541021 0.0002768608 -0.002419733
v -0.01541021 0.0001633013 -0.002399364
v -0.01352486 0.0001633014 -0.002399364
v -0.01352486 0.0001633014 -0.002399364
v -0.01541021 0.0001633013 -0.002399364
v -0.01541021 0.0001095027 -0.002370641
v -0.01352486 0.0001095028 -0.002370641
v -0.01352486 0.0001095028 -0.002370641
v -0.01541021 0.0001095027 -0.002370641
v -0.01541021 0.0001277899 -0.002340146
v -0.01352486 0.00012779 -0.002340146
v -0.01352486 0.00012779 -0.002340146
v -0.01541021 0.0001277899 -0.002340146
v -0.01541021 0.000213973 -0.002314866
v -0.01352486 0.0002139731 -0.002314866
v -0.01352486 0.0002139731 -0.002314866
v -0.01541021 0.000213973 -0.002314866
v -0.01541021 0.0003483091 -0.00230059
v -0.01352486 0.0003483092 -0.00230059
v -0.01352486 0.0003483092 -0.00230059
v -0.01541021 0.0003483091 -0.00230059
v -0.01541021 0.0004334221 -0.00230059
v -0.01352486 0.002792693 -0.00230059
v -0.01541021 0.002792693 -0.00230059
v -0.01352486 0.002792693 -0.00230059
v -0.01541021 0.002792693 -0.00230059
v -0.01541021 0.002927029 -0.002314866
v -0.01352486 0.002927029 -0.002314866
v -0.01352486 0.002927029 -0.002314866
v -0.01541021 0.002927029 -0.002314866
v -0.01541021 0.003013212 -0.002340146
v -0.01352486 0.003013213 -0.002340146
v -0.01352486 0.003013213 -0.002340146
v -0.01541021 0.003013212 -0.002340146
v -0.01541021 0.0030315 -0.002370641
v -0.01352486 0.0030315 -0.002370641
v -0.01352486 0.0030315 -0.002370641
v -0.01541021 0.0030315 -0.002370641
v -0.01541021 0.0029777 -0.002399364
v -0.01352486 0.002977701 -0.002399364
v -0.01352486 0.002977701 -0.002399364
v -0.01541021 0.0029777 -0.002399364
v -0.01541021 0.002864141 -0.002419733
v -0.01352486 0.002864141 -0.002419733
v -0.01352486 0.002864141 -0.002419733
v -0.01541021 0.002864141 -0.002419733
v -0.01541021 0.0004241662 -0.002427086
v -0.01352486 0.0004241662 -0.002427086
v -0.01352486 0.002864141 -0.002419733
v -0.01352486 0.0004241662 -0.002427086
v -0.01352486 0.0002768608 -0.002419733
v -0.01352486 0.002977701 -0.002399364
v -0.01352486 0.0001633014 -0.002399364
v -0.01352486 0.0030315 -0.002370641
v -0.01352486 0.0001095028 -0.002370641
v -0.01352486 0.003013213 -0.002340146
v -0.01352486 0.00012779 -0.002340146
v -0.01352486 0.002927029 -0.002314866
v -0.01352486 0.0002139731 -0.002314866
v -0.01352486 0.002792693 -0.00230059
v -0.01352486 0.0003483092 -0.00230059
v -0.01352486 0.0004241662 -0.001984352
v -0.01541021 0.0004241662 -0.001984352
v -0.01541021 0.0002768608 -0.001976999
v -0.01352486 0.0002768608 -0.001976999
v -0.01352486 0.0002768608 -0.001976999
v -0.01541021 0.0002768608 -0.001976999
v -0.01541021 0.0001633013 -0.00195663
v -0.01352486 0.0001633014 -0.00195663
v -0.01352486 0.0001633014 -0.00195663
v -0.01541021 0.0001633013 -0.00195663
v -0.01541021 0.0001095027 -0.001927907
v -0.01352486 0.0001095028 -0.001927907
v -0.01352486 0.0001095028 -0.001927907
v -0.01541021 0.0001095027 -0.001927907
v -0.01541021 0.0001277899 -0.001897412
v -0.01352486 0.00012779 -0.001897412
v -0.01352486 0.00012779 -0.001897412
v -0.01541021 0.0001277899 -0.001897412
v -0.01541021 0.000213973 -0.001872132
v -0.01352486 0.0002139731 -0.001872132
v -0.01352486 0.0002139731 -0.001872132
v -0.01541021 0.000213973 -0.001872132
v -0.01541021 0.0003483091 -0.001857857
v -0.01352486 0.0003483092 -0.001857857
v -0.01352486 0.0003483092 -0.001857857
v -0.01541021 0.0003483091 -0.001857857
v -0.01541021 0.0004334221 -0.001857857
v -0.01352486 0.002792693 -0.001857857
v -0.01541021 0.002792693 -0.001857857
v -0.01352486 0.002792693 -0.001857857
v -0.01541021 0.002792693 -0.001857857
v -0.01541021 0.002927029 -0.001872132
v -0.01352486 0.002927029 -0.001872132
v -0.01352486 0.002927029 -0.001872132
v -0.01541021 0.002927029 -0.001872132
v -0.01541021 0.003013212 -0.001897412
v -0.01352486 0.003013213 -0.001897412
v -0.01352486 0.003013213 -0.001897412
v -0.01541021 0.003013212 -0.001897412
v -0.01541021 0.0030315 -0.001927907
v -0.01352486 0.0030315 -0.001927907
v -0.01352486 0.0030315 -0.001927907
v -0.01541021 0.0030315 -0.001927907
v -0.01541021 0.0029777 -0.00195663
v -0.01352486 0.002977701 -0.00195663
v -0.01352486 0.002977701 -0.00195663
v -0.01541021 0.0029777 -0.00195663
v -0.01541021 0.002864141 -0.001976999
v -0.01352486 0.002864141 -0.001976999
v -0.01352486 0.002864141 -0.001976999
v -0.01541021 0.002864141 -0.001976999
v -0.01541021 0.0004241662 -0.001984352
v -0.01352486 0.0004241662 -0.001984352
v -0.01352486 0.002864141 -0.001976999
v -0.01352486 0.0004241662 -0.001984352
v -0.01352486 0.0002768608 -0.001976999
v -0.01352486 0.002977701 -0.00195663
v -0.01352486 0.0001633014 -0.00195663
v -0.01352486 0.0030315 -0.001927907
v -0.01352486 0.0001095028 -0.001927907
v -0.01352486 0.003013213 -0.001897412
v -0.01352486 0.00012779 -0.001897412
v -0.01352486 0.002927029 -0.001872132
v -0.01352486 0.0002139731 -0.001872132
v -0.01352486 0.002792693 -0.001857857
v -0.01352486 0.0003483092 -0.001857857
v -0.01352486 0.0004241662 -0.001541618
v -0.01541021 0.0004241662 -0.001541618
v -0.01541021 0.0002768608 -0.001534265
v -0.01352486 0.0002768608 -0.001534265
v -0.01352486 0.0002768608 -0.001534265
v -0.01541021 0.0002768608 -0.001534265
v -0.01541021 0.0001633013 -0.001513896
v -0.01352486 0.0001633014 -0.001513896
v -0.01352486 0.0001633014 -0.001513896
v -0.01541021 0.0001633013 -0.001513896
v -0.01541021 0.0001095027 -0.001485174
v -0.01352486 0.0001095028 -0.001485174
v -0.01352486 0.0001095028 -0.001485174
v -0.01541021 0.0001095027 -0.001485174
v -0.01541021 0.0001277899 -0.001454679
v -0.01352486 0.00012779 -0.001454679
v -0.01352486 0.00012779 -0.001454679
v -0.01541021 0.0001277899 -0.001454679
v -0.01541021 0.000213973 -0.001429398
v -0.01352486 0.0002139731 -0.001429398
v -0.01352486 0.0002139731 -0.001429398
v -0.01541021 0.000213973 -0.001429398
v -0.01541021 0.0003483091 -0.001415123
v -0.01352486 0.0003483092 -0.001415123
v -0.01352486 0.0003483092 -0.001415123
v -0.01541021 0.0003483091 -0.001415123
v -0.01541021 0.0004334221 -0.001415123
v -0.01352486 0.002792693 -0.001415123
v -0.01541021 0.002792693 -0.001415123
v -0.01352486 0.002792693 -0.001415123
v -0.01541021 0.002792693 -0.001415123
v -0.01541021 0.002927029 -0.001429398
v -0.01352486 0.002927029 -0.001429398
v -0.01352486 0.002927029 -0.001429398
v -0.01541021 0.002927029 -0.001429398
v -0.01541021 0.003013212 -0.001454679
v -0.01352486 0.003013213 -0.001454679
v -0.01352486 0.003013213 -0.001454679
v -0.01541021 0.003013212 -0.001454679
v -0.01541021 0.0030315 -0.001485174
v -0.01352486 0.0030315 -0.001485174
v -0.01352486 0.0030315 -0.001485174
v -0.01541021 0.0030315 -0.001485174
v -0.01541021 0.0029777 -0.001513896
v -0.01352486 0.002977701 -0.001513896
v -0.01352486 0.002977701 -0.001513896
v -0.01541021 0.0029777 -0.001513896
v -0.01541021 0.002864141 -0.001534265
v -0.01352486 0.002864141 -0.001534265
v -0.01352486 0.002864141 -0.001534265
v -0.01541021 0.002864141 -0.001534265
v -0.01541021 0.0004241662 -0.001541618
v -0.01352486 0.0004241662 -0.001541618
v -0.01352486 0.002864141 -0.001534265
v -0.01352486 0.0004241662 -0.001541618
v -0.01352486 0.0002768608 -0.001534265
v -0.01352486 0.002977701 -0.001513896
v -0.01352486 0.0001633014 -0.001513896
v -0.01352486 0.0030315 -0.001485174
v -0.01352486 0.0001095028 -0.001485174
v -0.01352486 0.003013213 -0.001454679
v -0.01352486 0.00012779 -0.001454679
v -0.01352486 0.002927029 -0.001429398
v -0.01352486 0.0002139731 -0.001429398
v -0.01352486 0.002792693 -0.001415123
v -0.01352486 0.0003483092 -0.001415123
v -0.01352486 0.0004241662 -0.001098884
v -0.01541021 0.0004241662 -0.001098884
v -0.01541021 0.0002768608 -0.001091531
v -0.01352486 0.0002768608 -0.001091531
v -0.01352486 0.0002768608 -0.001091531
v -0.01541021 0.0002768608 -0.001091531
v -0.01541021 0.0001633013 -0.001071162
v -0.01352486 0.0001633014 -0.001071162
v -0.01352486 0.0001633014 -0.001071162
v -0.01541021 0.0001633013 -0.001071162
v -0.01541021 0.0001095027 -0.00104244
v -0.01352486 0.0001095028 -0.00104244
v -0.01352486 0.0001095028 -0.00104244
v -0.01541021 0.0001095027 -0.00104244
v -0.01541021 0.0001277899 -0.001011945
v -0.01352486 0.00012779 -0.001011945
v -0.01352486 0.00012779 -0.001011945
v -0.01541021 0.0001277899 -0.001011945
v -0.01541021 0.000213973 -0.0009866643
v -0.01352486 0.0002139731 -0.0009866643
v -0.01352486 0.0002139731 -0.0009866643
v -0.01541021 0.000213973 -0.0009866643
v -0.01541021 0.0003483091 -0.000972389
v -0.01352486 0.0003483092 -0.000972389
v -0.01352486 0.0003483092 -0.000972389
v -0.01541021 0.0003483091 -0.000972389
v -0.01541021 0.0004334221 -0.000972389
v -0.01352486 0.002792693 -0.000972389
v -0.01541021 0.002792693 -0.000972389
v -0.01352486 0.002792693 -0.000972389
v -0.01541021 0.002792693 -0.000972389
v -0.01541021 0.002927029 -0.0009866643
v -0.01352486 0.002927029 -0.0009866643
v -0.01352486 0.002927029 -0.0009866643
v -0.01541021 0.002927029 -0.0009866643
v -0.01541021 0.003013212 -0.001011945
v -0.01352486 0.003013213 -0.001011945
v -0.01352486 0.003013213 -0.001011945
v -0.01541021 0.003013212 -0.001011945
v -0.01541021 0.0030315 -0.00104244
v -0.01352486 0.0030315 -0.00104244
v -0.01352486 0.0030315 -0.00104244
v -0.01541021 0.0030315 -0.00104244
v -0.01541021 0.0029777 -0.001071162
v -0.01352486 0.002977701 -0.001071162
v -0.01352486 0.002977701 -0.001071162
v -0.01541021 0.0029777 -0.001071162
v -0.01541021 0.002864141 -0.001091531
v -0.01352486 0.002864141 -0.001091531
v -0.01352486 0.002864141 -0.001091531
v -0.01541021 0.002864141 -0.001091531
v -0.01541021 0.0004241662 -0.001098884
v -0.01352486 0.0004241662 -0.001098884
v -0.01352486 0.002864141 -0.001091531
v -0.01352486 0.0004241662 -0.001098884
v -0.01352486 0.0002768608 -0.001091531
v -0.01352486 0.002977701 -0.001071162
v -0.01352486 0.0001633014 -0.001071162
v -0.01352486 0.0030315 -0.00104244
v -0.01352486 0.0001095028 -0.00104244
v -0.01352486 0.003013213 -0.001011945
v -0.01352486 0.00012779 -0.001011945
v -0.01352486 0.002927029 -0.0009866643
v -0.01352486 0.0002139731 -0.0009866643
v -0.01352486 0.002792693 -0.000972389
v -0.01352486 0.0003483092 -0.000972389
v -0.01352486 0.0004241662 -0.0006561506
v -0.01541021 0.0004241662 -0.0006561506
v -0.01541021 0.0002768608 -0.0006487977
v -0.01352486 0.0002768608 -0.0006487977
v -0.01352486 0.0002768608 -0.0006487977
v -0.01541021 0.0002768608 -0.0006487977
v -0.01541021 0.0001633013 -0.0006284284
v -0.01352486 0.0001633014 -0.0006284284
v -0.01352486 0.0001633014 -0.0006284284
v -0.01541021 0.0001633013 -0.0006284284
v -0.01541021 0.0001095027 -0.0005997061
v -0.01352486 0.0001095028 -0.0005997061
v -0.01352486 0.0001095028 -0.0005997061
v -0.01541021 0.0001095027 -0.0005997061
v -0.01541021 0.0001277899 -0.0005692113
v -0.01352486 0.00012779 -0.0005692113
v -0.01352486 0.00012779 -0.0005692113
v -0.01541021 0.0001277899 -0.0005692113
v -0.01541021 0.000213973 -0.0005439305
v -0.01352486 0.0002139731 -0.0005439305
v -0.01352486 0.0002139731 -0.0005439305
v -0.01541021 0.000213973 -0.0005439305
v -0.01541021 0.0003483091 -0.0005296552
v -0.01352486 0.0003483092 -0.0005296552
v -0.01352486 0.0003483092 -0.0005296552
v -0.01541021 0.0003483091 -0.0005296552
v -0.01541021 0.0004334221 -0.0005296552
v -0.01352486 0.002792693 -0.0005296552
v -0.01541021 0.002792693 -0.0005296552
v -0.01352486 0.002792693 -0.0005296552
v -0.01541021 0.002792693 -0.0005296552
v -0.01541021 0.002927029 -0.0005439305
v -0.01352486 0.002927029 -0.0005439305
v -0.01352486 0.002927029 -0.0005439305
v -0.01541021 0.002927029 -0.0005439305
v -0.01541021 0.003013212 -0.0005692113
v -0.01352486 0.003013213 -0.0005692113
v -0.01352486 0.003013213 -0.0005692113
v -0.01541021 0.003013212 -0.0005692113
v -0.01541021 0.0030315 -0.0005997061
v -0.01352486 0.0030315 -0.0005997061
v -0.01352486 0.0030315 -0.0005997061
v -0.01541021 0.0030315 -0.0005997061
v -0.01541021 0.0029777 -0.0006284284
v -0.01352486 0.002977701 -0.0006284284
v -0.01352486 0.002977701 -0.0006284284
v -0.01541021 0.0029777 -0.0006284284
v -0.01541021 0.002864141 -0.0006487977
v -0.01352486 0.002864141 -0.0006487977
v -0.01352486 0.002864141 -0.0006487977
v -0.01541021 0.002864141 -0.0006487977
v -0.01541021 0.0004241662 -0.0006561506
v -0.01352486 0.0004241662 -0.0006561506
v -0.01352486 0.002864141 -0.0006487977
v -0.01352486 0.0004241662 -0.0006561506
v -0.01352486 0.0002768608 -0.0006487977
v -0.01352486 0.002977701 -0.0006284284
v -0.01352486 0.0001633014 -0.0006284284
v -0.01352486 0.0030315 -0.0005997061
v -0.01352486 0.0001095028 -0.0005997061
v -0.01352486 0.003013213 -0.0005692113
v -0.01352486 0.00012779 -0.0005692113
v -0.01352486 0.002927029 -0.0005439305
v -0.01352486 0.0002139731 -0.0005439305
v -0.01352486 0.002792693 -0.0005296552
v -0.01352486 0.0003483092 -0.0005296552
v -0.01352486 0.0004241662 -0.0002134168
v -0.01541021 0.0004241662 -0.0002134168
v -0.01541021 0.0002768608 -0.000206064
v -0.01352486 0.0002768608 -0.000206064
v -0.01352486 0.0002768608 -0.000206064
v -0.01541021 0.0002768608 -0.000206064
v -0.01541021 0.0001633013 -0.0001856947
v -0.01352486 0.0001633014 -0.0001856947
v -0.01352486 0.0001633014 -0.0001856947
v -0.01541021 0.0001633013 -0.0001856947
v -0.01541021 0.0001095027 -0.0001569724
v -0.01352486 0.0001095028 -0.0001569724
v -0.01352486 0.0001095028 -0.0001569724
v -0.01541021 0.0001095027 -0.0001569724
v -0.01541021 0.0001277899 -0.0001264775
v -0.01352486 0.00012779 -0.0001264775
v -0.01352486 0.00012779 -0.0001264775
v -0.01541021 0.0001277899 -0.0001264775
v -0.01541021 0.000213973 -0.0001011968
v -0.01352486 0.0002139731 -0.0001011968
v -0.01352486 0.0002139731 -0.0001011968
v -0.01541021 0.000213973 -0.0001011968
v -0.01541021 0.0003483091 -8.692145E-05
v -0.01352486 0.0003483092 -8.692145E-05
v -0.01352486 0.0003483092 -8.692145E-05
v -0.01541021 0.0003483091 -8.692145E-05
v -0.01541021 0.0004334221 -8.692145E-05
v -0.01352486 0.002792693 -8.692145E-05
v -0.01541021 0.002792693 -8.692145E-05
v -0.01352486 0.002792693 -8.692145E-05
v -0.01541021 0.002792693 -8.692145E-05
v -0.01541021 0.002927029 -0.0001011968
v -0.01352486 0.002927029 -0.0001011968
v -0.01352486 0.002927029 -0.0001011968
v -0.01541021 0.002927029 -0.0001011968
v -0.01541021 0.003013212 -0.0001264775
v -0.01352486 0.003013213 -0.0001264775
v -0.01352486 0.003013213 -0.0001264775
v -0.01541021 0.003013212 -0.0001264775
v -0.01541021 0.0030315 -0.0001569724
v -0.01352486 0.0030315 -0.0001569724
v -0.01352486 0.0030315 -0.0001569724
v -0.01541021 0.0030315 -0.0001569724
v -0.01541021 0.0029777 -0.0001856947
v -0.01352486 0.002977701 -0.0001856947
v -0.01352486 0.002977701 -0.0001856947
v -0.01541021 0.0029777 -0.0001856947
v -0.01541021 0.002864141 -0.000206064
v -0.01352486 0.002864141 -0.000206064
v -0.01352486 0.002864141 -0.000206064
v -0.01541021 0.002864141 -0.000206064
v -0.01541021 0.0004241662 -0.0002134168
v -0.01352486 0.0004241662 -0.0002134168
v -0.01352486 0.002864141 -0.000206064
v -0.01352486 0.0004241662 -0.0002134168
v -0.01352486 0.0002768608 -0.000206064
v -0.01352486 0.002977701 -0.0001856947
v -0.01352486 0.0001633014 -0.0001856947
v -0.01352486 0.0030315 -0.0001569724
v -0.01352486 0.0001095028 -0.0001569724
v -0.01352486 0.003013213 -0.0001264775
v -0.01352486 0.00012779 -0.0001264775
v -0.01352486 0.002927029 -0.0001011968
v -0.01352486 0.0002139731 -0.0001011968
v -0.01352486 0.002792693 -8.692145E-05
v -0.01352486 0.0003483092 -8.692145E-05
v -0.01352486 0.0004241662 0.0002293169
v -0.01541021 0.0004241662 0.0002293169
v -0.01541021 0.0002768608 0.0002366698
v -0.01352486 0.0002768608 0.0002366698
v -0.01352486 0.0002768608 0.0002366698
v -0.01541021 0.0002768608 0.0002366698
v -0.01541021 0.0001633013 0.0002570391
v -0.01352486 0.0001633014 0.0002570391
v -0.01352486 0.0001633014 0.0002570391
v -0.01541021 0.0001633013 0.0002570391
v -0.01541021 0.0001095027 0.0002857613
v -0.01352486 0.0001095028 0.0002857613
v -0.01352486 0.0001095028 0.0002857613
v -0.01541021 0.0001095027 0.0002857613
v -0.01541021 0.0001277899 0.0003162563
v -0.01352486 0.00012779 0.0003162563
v -0.01352486 0.00012779 0.0003162563
v -0.01541021 0.0001277899 0.0003162563
v -0.01541021 0.000213973 0.000341537
v -0.01352486 0.0002139731 0.000341537
v -0.01352486 0.0002139731 0.000341537
v -0.01541021 0.000213973 0.000341537
v -0.01541021 0.0003483091 0.0003558123
v -0.01352486 0.0003483092 0.0003558123
v -0.01352486 0.0003483092 0.0003558123
v -0.01541021 0.0003483091 0.0003558123
v -0.01541021 0.0004334221 0.0003558123
v -0.01352486 0.002792693 0.0003558123
v -0.01541021 0.002792693 0.0003558123
v -0.01352486 0.002792693 0.0003558123
v -0.01541021 0.002792693 0.0003558123
v -0.01541021 0.002927029 0.000341537
v -0.01352486 0.002927029 0.000341537
v -0.01352486 0.002927029 0.000341537
v -0.01541021 0.002927029 0.000341537
v -0.01541021 0.003013212 0.0003162563
v -0.01352486 0.003013213 0.0003162563
v -0.01352486 0.003013213 0.0003162563
v -0.01541021 0.003013212 0.0003162563
v -0.01541021 0.0030315 0.0002857613
v -0.01352486 0.0030315 0.0002857613
v -0.01352486 0.0030315 0.0002857613
v -0.01541021 0.0030315 0.0002857613
v -0.01541021 0.0029777 0.0002570391
v -0.01352486 0.002977701 0.0002570391
v -0.01352486 0.002977701 0.0002570391
v -0.01541021 0.0029777 0.0002570391
v -0.01541021 0.002864141 0.0002366698
v -0.01352486 0.002864141 0.0002366698
v -0.01352486 0.002864141 0.0002366698
v -0.01541021 0.002864141 0.0002366698
v -0.01541021 0.0004241662 0.0002293169
v -0.01352486 0.0004241662 0.0002293169
v -0.01352486 0.002864141 0.0002366698
v -0.01352486 0.0004241662 0.0002293169
v -0.01352486 0.0002768608 0.0002366698
v -0.01352486 0.002977701 0.0002570391
v -0.01352486 0.0001633014 0.0002570391
v -0.01352486 0.0030315 0.0002857613
v -0.01352486 0.0001095028 0.0002857613
v -0.01352486 0.003013213 0.0003162563
v -0.01352486 0.00012779 0.0003162563
v -0.01352486 0.002927029 0.000341537
v -0.01352486 0.0002139731 0.000341537
v -0.01352486 0.002792693 0.0003558123
v -0.01352486 0.0003483092 0.0003558123
v -0.01352486 0.0004241662 0.0006720507
v -0.01541021 0.0004241662 0.0006720507
v -0.01541021 0.0002768608 0.0006794035
v -0.01352486 0.0002768608 0.0006794035
v -0.01352486 0.0002768608 0.0006794035
v -0.01541021 0.0002768608 0.0006794035
v -0.01541021 0.0001633013 0.0006997728
v -0.01352486 0.0001633014 0.0006997728
v -0.01352486 0.0001633014 0.0006997728
v -0.01541021 0.0001633013 0.0006997728
v -0.01541021 0.0001095027 0.0007284951
v -0.01352486 0.0001095028 0.0007284951
v -0.01352486 0.0001095028 0.0007284951
v -0.01541021 0.0001095027 0.0007284951
v -0.01541021 0.0001277899 0.00075899
v -0.01352486 0.00012779 0.00075899
v -0.01352486 0.00012779 0.00075899
v -0.01541021 0.0001277899 0.00075899
v -0.01541021 0.000213973 0.0007842708
v -0.01352486 0.0002139731 0.0007842708
v -0.01352486 0.0002139731 0.0007842708
v -0.01541021 0.000213973 0.0007842708
v -0.01541021 0.0003483091 0.0007985461
v -0.01352486 0.0003483092 0.0007985461
v -0.01352486 0.0003483092 0.0007985461
v -0.01541021 0.0003483091 0.0007985461
v -0.01541021 0.0004334221 0.0007985461
v -0.01352486 0.002792693 0.0007985461
v -0.01541021 0.002792693 0.0007985461
v -0.01352486 0.002792693 0.0007985461
v -0.01541021 0.002792693 0.0007985461
v -0.01541021 0.002927029 0.0007842708
v -0.01352486 0.002927029 0.0007842708
v -0.01352486 0.002927029 0.0007842708
v -0.01541021 0.002927029 0.0007842708
v -0.01541021 0.003013212 0.00075899
v -0.01352486 0.003013213 0.00075899
v -0.01352486 0.003013213 0.00075899
v -0.01541021 0.003013212 0.00075899
v -0.01541021 0.0030315 0.0007284951
v -0.01352486 0.0030315 0.0007284951
v -0.01352486 0.0030315 0.0007284951
v -0.01541021 0.0030315 0.0007284951
v -0.01541021 0.0029777 0.0006997728
v -0.01352486 0.002977701 0.0006997728
v -0.01352486 0.002977701 0.0006997728
v -0.01541021 0.0029777 0.0006997728
v -0.01541021 0.002864141 0.0006794035
v -0.01352486 0.002864141 0.0006794035
v -0.01352486 0.002864141 0.0006794035
v -0.01541021 0.002864141 0.0006794035
v -0.01541021 0.0004241662 0.0006720507
v -0.01352486 0.0004241662 0.0006720507
v -0.01352486 0.002864141 0.0006794035
v -0.01352486 0.0004241662 0.0006720507
v -0.01352486 0.0002768608 0.0006794035
v -0.01352486 0.002977701 0.0006997728
v -0.01352486 0.0001633014 0.0006997728
v -0.01352486 0.0030315 0.0007284951
v -0.01352486 0.0001095028 0.0007284951
v -0.01352486 0.003013213 0.00075899
v -0.01352486 0.00012779 0.00075899
v -0.01352486 0.002927029 0.0007842708
v -0.01352486 0.0002139731 0.0007842708
v -0.01352486 0.002792693 0.0007985461
v -0.01352486 0.0003483092 0.0007985461
v -0.01352486 0.0004241662 0.001114785
v -0.01541021 0.0004241662 0.001114785
v -0.01541021 0.0002768608 0.001122137
v -0.01352486 0.0002768608 0.001122137
v -0.01352486 0.0002768608 0.001122137
v -0.01541021 0.0002768608 0.001122137
v -0.01541021 0.0001633013 0.001142507
v -0.01352486 0.0001633014 0.001142507
v -0.01352486 0.0001633014 0.001142507
v -0.01541021 0.0001633013 0.001142507
v -0.01541021 0.0001095027 0.001171229
v -0.01352486 0.0001095028 0.001171229
v -0.01352486 0.0001095028 0.001171229
v -0.01541021 0.0001095027 0.001171229
v -0.01541021 0.0001277899 0.001201724
v -0.01352486 0.00012779 0.001201724
v -0.01352486 0.00012779 0.001201724
v -0.01541021 0.0001277899 0.001201724
v -0.01541021 0.000213973 0.001227004
v -0.01352486 0.0002139731 0.001227004
v -0.01352486 0.0002139731 0.001227004
v -0.01541021 0.000213973 0.001227004
v -0.01541021 0.0003483091 0.00124128
v -0.01352486 0.0003483092 0.00124128
v -0.01352486 0.0003483092 0.00124128
v -0.01541021 0.0003483091 0.00124128
v -0.01541021 0.0004334221 0.00124128
v -0.01352486 0.002792693 0.00124128
v -0.01541021 0.002792693 0.00124128
v -0.01352486 0.002792693 0.00124128
v -0.01541021 0.002792693 0.00124128
v -0.01541021 0.002927029 0.001227004
v -0.01352486 0.002927029 0.001227004
v -0.01352486 0.002927029 0.001227004
v -0.01541021 0.002927029 0.001227004
v -0.01541021 0.003013212 0.001201724
v -0.01352486 0.003013213 0.001201724
v -0.01352486 0.003013213 0.001201724
v -0.01541021 0.003013212 0.001201724
v -0.01541021 0.0030315 0.001171229
v -0.01352486 0.0030315 0.001171229
v -0.01352486 0.0030315 0.001171229
v -0.01541021 0.0030315 0.001171229
v -0.01541021 0.0029777 0.001142507
v -0.01352486 0.002977701 0.001142507
v -0.01352486 0.002977701 0.001142507
v -0.01541021 0.0029777 0.001142507
v -0.01541021 0.002864141 0.001122137
v -0.01352486 0.002864141 0.001122137
v -0.01352486 0.002864141 0.001122137
v -0.01541021 0.002864141 0.001122137
v -0.01541021 0.0004241662 0.001114785
v -0.01352486 0.0004241662 0.001114785
v -0.01352486 0.002864141 0.001122137
v -0.01352486 0.0004241662 0.001114785
v -0.01352486 0.0002768608 0.001122137
v -0.01352486 0.002977701 0.001142507
v -0.01352486 0.0001633014 0.001142507
v -0.01352486 0.0030315 0.001171229
v -0.01352486 0.0001095028 0.001171229
v -0.01352486 0.003013213 0.001201724
v -0.01352486 0.00012779 0.001201724
v -0.01352486 0.002927029 0.001227004
v -0.01352486 0.0002139731 0.001227004
v -0.01352486 0.002792693 0.00124128
v -0.01352486 0.0003483092 0.00124128
v -0.01352486 0.0004241662 0.001557517
v -0.01541021 0.0004241662 0.001557517
v -0.01541021 0.0002768608 0.00156487
v -0.01352486 0.0002768608 0.00156487
v -0.01352486 0.0002768608 0.00156487
v -0.01541021 0.0002768608 0.00156487
v -0.01541021 0.0001633013 0.001585239
v -0.01352486 0.0001633014 0.001585239
v -0.01352486 0.0001633014 0.001585239
v -0.01541021 0.0001633013 0.001585239
v -0.01541021 0.0001095027 0.001613961
v -0.01352486 0.0001095028 0.001613961
v -0.01352486 0.0001095028 0.001613961
v -0.01541021 0.0001095027 0.001613961
v -0.01541021 0.0001277899 0.001644456
v -0.01352486 0.00012779 0.001644456
v -0.01352486 0.00012779 0.001644456
v -0.01541021 0.0001277899 0.001644456
v -0.01541021 0.000213973 0.001669737
v -0.01352486 0.0002139731 0.001669737
v -0.01352486 0.0002139731 0.001669737
v -0.01541021 0.000213973 0.001669737
v -0.01541021 0.0003483091 0.001684012
v -0.01352486 0.0003483092 0.001684012
v -0.01352486 0.0003483092 0.001684012
v -0.01541021 0.0003483091 0.001684012
v -0.01541021 0.0004334221 0.001684012
v -0.01352486 0.002792693 0.001684012
v -0.01541021 0.002792693 0.001684012
v -0.01352486 0.002792693 0.001684012
v -0.01541021 0.002792693 0.001684012
v -0.01541021 0.002927029 0.001669737
v -0.01352486 0.002927029 0.001669737
v -0.01352486 0.002927029 0.001669737
v -0.01541021 0.002927029 0.001669737
v -0.01541021 0.003013212 0.001644456
v -0.01352486 0.003013213 0.001644456
v -0.01352486 0.003013213 0.001644456
v -0.01541021 0.003013212 0.001644456
v -0.01541021 0.0030315 0.001613961
v -0.01352486 0.0030315 0.001613961
v -0.01352486 0.0030315 0.001613961
v -0.01541021 0.0030315 0.001613961
v -0.01541021 0.0029777 0.001585239
v -0.01352486 0.002977701 0.001585239
v -0.01352486 0.002977701 0.001585239
v -0.01541021 0.0029777 0.001585239
v -0.01541021 0.002864141 0.00156487
v -0.01352486 0.002864141 0.00156487
v -0.01352486 0.002864141 0.00156487
v -0.01541021 0.002864141 0.00156487
v -0.01541021 0.0004241662 0.001557517
v -0.01352486 0.0004241662 0.001557517
v -0.01352486 0.002864141 0.00156487
v -0.01352486 0.0004241662 0.001557517
v -0.01352486 0.0002768608 0.00156487
v -0.01352486 0.002977701 0.001585239
v -0.01352486 0.0001633014 0.001585239
v -0.01352486 0.0030315 0.001613961
v -0.01352486 0.0001095028 0.001613961
v -0.01352486 0.003013213 0.001644456
v -0.01352486 0.00012779 0.001644456
v -0.01352486 0.002927029 0.001669737
v -0.01352486 0.0002139731 0.001669737
v -0.01352486 0.002792693 0.001684012
v -0.01352486 0.0003483092 0.001684012
v -0.01352486 0.0004241662 0.002000251
v -0.01541021 0.0004241662 0.002000251
v -0.01541021 0.0002768608 0.002007604
v -0.01352486 0.0002768608 0.002007604
v -0.01352486 0.0002768608 0.002007604
v -0.01541021 0.0002768608 0.002007604
v -0.01541021 0.0001633013 0.002027973
v -0.01352486 0.0001633014 0.002027973
v -0.01352486 0.0001633014 0.002027973
v -0.01541021 0.0001633013 0.002027973
v -0.01541021 0.0001095027 0.002056695
v -0.01352486 0.0001095028 0.002056695
v -0.01352486 0.0001095028 0.002056695
v -0.01541021 0.0001095027 0.002056695
v -0.01541021 0.0001277899 0.00208719
v -0.01352486 0.00012779 0.00208719
v -0.01352486 0.00012779 0.00208719
v -0.01541021 0.0001277899 0.00208719
v -0.01541021 0.000213973 0.002112471
v -0.01352486 0.0002139731 0.002112471
v -0.01352486 0.0002139731 0.002112471
v -0.01541021 0.000213973 0.002112471
v -0.01541021 0.0003483091 0.002126746
v -0.01352486 0.0003483092 0.002126746
v -0.01352486 0.0003483092 0.002126746
v -0.01541021 0.0003483091 0.002126746
v -0.01541021 0.0004334221 0.002126746
v -0.01352486 0.002792693 0.002126746
v -0.01541021 0.002792693 0.002126746
v -0.01352486 0.002792693 0.002126746
v -0.01541021 0.002792693 0.002126746
v -0.01541021 0.002927029 0.002112471
v -0.01352486 0.002927029 0.002112471
v -0.01352486 0.002927029 0.002112471
v -0.01541021 0.002927029 0.002112471
v -0.01541021 0.003013212 0.00208719
v -0.01352486 0.003013213 0.00208719
v -0.01352486 0.003013213 0.00208719
v -0.01541021 0.003013212 0.00208719
v -0.01541021 0.0030315 0.002056695
v -0.01352486 0.0030315 0.002056695
v -0.01352486 0.0030315 0.002056695
v -0.01541021 0.0030315 0.002056695
v -0.01541021 0.0029777 0.002027973
v -0.01352486 0.002977701 0.002027973
v -0.01352486 0.002977701 0.002027973
v -0.01541021 0.0029777 0.002027973
v -0.01541021 0.002864141 0.002007604
v -0.01352486 0.002864141 0.002007604
v -0.01352486 0.002864141 0.002007604
v -0.01541021 0.002864141 0.002007604
v -0.01541021 0.0004241662 0.002000251
v -0.01352486 0.0004241662 0.002000251
v -0.01352486 0.002864141 0.002007604
v -0.01352486 0.0004241662 0.002000251
v -0.01352486 0.0002768608 0.002007604
v -0.01352486 0.002977701 0.002027973
v -0.01352486 0.0001633014 0.002027973
v -0.01352486 0.0030315 0.002056695
v -0.01352486 0.0001095028 0.002056695
v -0.01352486 0.003013213 0.00208719
v -0.01352486 0.00012779 0.00208719
v -0.01352486 0.002927029 0.002112471
v -0.01352486 0.0002139731 0.002112471
v -0.01352486 0.002792693 0.002126746
v -0.01352486 0.0003483092 0.002126746
v -0.01352486 0.0004241662 0.002442985
v -0.01541021 0.0004241662 0.002442985
v -0.01541021 0.0002768608 0.002450337
v -0.01352486 0.0002768608 0.002450337
v -0.01352486 0.0002768608 0.002450337
v -0.01541021 0.0002768608 0.002450337
v -0.01541021 0.0001633013 0.002470707
v -0.01352486 0.0001633014 0.002470707
v -0.01352486 0.0001633014 0.002470707
v -0.01541021 0.0001633013 0.002470707
v -0.01541021 0.0001095027 0.002499429
v -0.01352486 0.0001095028 0.002499429
v -0.01352486 0.0001095028 0.002499429
v -0.01541021 0.0001095027 0.002499429
v -0.01541021 0.0001277899 0.002529924
v -0.01352486 0.00012779 0.002529924
v -0.01352486 0.00012779 0.002529924
v -0.01541021 0.0001277899 0.002529924
v -0.01541021 0.000213973 0.002555205
v -0.01352486 0.0002139731 0.002555205
v -0.01352486 0.0002139731 0.002555205
v -0.01541021 0.000213973 0.002555205
v -0.01541021 0.0003483091 0.00256948
v -0.01352486 0.0003483092 0.00256948
v -0.01352486 0.0003483092 0.00256948
v -0.01541021 0.0003483091 0.00256948
v -0.01541021 0.0004334221 0.00256948
v -0.01352486 0.002792693 0.00256948
v -0.01541021 0.002792693 0.00256948
v -0.01352486 0.002792693 0.00256948
v -0.01541021 0.002792693 0.00256948
v -0.01541021 0.002927029 0.002555205
v -0.01352486 0.002927029 0.002555205
v -0.01352486 0.002927029 0.002555205
v -0.01541021 0.002927029 0.002555205
v -0.01541021 0.003013212 0.002529924
v -0.01352486 0.003013213 0.002529924
v -0.01352486 0.003013213 0.002529924
v -0.01541021 0.003013212 0.002529924
v -0.01541021 0.0030315 0.002499429
v -0.01352486 0.0030315 0.002499429
v -0.01352486 0.0030315 0.002499429
v -0.01541021 0.0030315 0.002499429
v -0.01541021 0.0029777 0.002470707
v -0.01352486 0.002977701 0.002470707
v -0.01352486 0.002977701 0.002470707
v -0.01541021 0.0029777 0.002470707
v -0.01541021 0.002864141 0.002450337
v -0.01352486 0.002864141 0.002450337
v -0.01352486 0.002864141 0.002450337
v -0.01541021 0.002864141 0.002450337
v -0.01541021 0.0004241662 0.002442985
v -0.01352486 0.0004241662 0.002442985
v -0.01352486 0.002864141 0.002450337
v -0.01352486 0.0004241662 0.002442985
v -0.01352486 0.0002768608 0.002450337
v -0.01352486 0.002977701 0.002470707
v -0.01352486 0.0001633014 0.002470707
v -0.01352486 0.0030315 0.002499429
v -0.01352486 0.0001095028 0.002499429
v -0.01352486 0.003013213 0.002529924
v -0.01352486 0.00012779 0.002529924
v -0.01352486 0.002927029 0.002555205
v -0.01352486 0.0002139731 0.002555205
v -0.01352486 0.002792693 0.00256948
v -0.01352486 0.0003483092 0.00256948
v -0.01352486 0.0004241662 0.002885718
v -0.01541021 0.0004241662 0.002885718
v -0.01541021 0.0002768608 0.002893071
v -0.01352486 0.0002768608 0.002893071
v -0.01352486 0.0002768608 0.002893071
v -0.01541021 0.0002768608 0.002893071
v -0.01541021 0.0001633013 0.00291344
v -0.01352486 0.0001633014 0.00291344
v -0.01352486 0.0001633014 0.00291344
v -0.01541021 0.0001633013 0.00291344
v -0.01541021 0.0001095027 0.002942163
v -0.01352486 0.0001095028 0.002942163
v -0.01352486 0.0001095028 0.002942163
v -0.01541021 0.0001095027 0.002942163
v -0.01541021 0.0001277899 0.002972658
v -0.01352486 0.00012779 0.002972658
v -0.01352486 0.00012779 0.002972658
v -0.01541021 0.0001277899 0.002972658
v -0.01541021 0.000213973 0.002997938
v -0.01352486 0.0002139731 0.002997938
v -0.01352486 0.0002139731 0.002997938
v -0.01541021 0.000213973 0.002997938
v -0.01541021 0.0003483091 0.003012214
v -0.01352486 0.0003483092 0.003012214
v -0.01352486 0.0003483092 0.003012214
v -0.01541021 0.0003483091 0.003012214
v -0.01541021 0.0004334221 0.003012214
v -0.01352486 0.002792693 0.003012214
v -0.01541021 0.002792693 0.003012214
v -0.01352486 0.002792693 0.003012214
v -0.01541021 0.002792693 0.003012214
v -0.01541021 0.002927029 0.002997938
v -0.01352486 0.002927029 0.002997938
v -0.01352486 0.002927029 0.002997938
v -0.01541021 0.002927029 0.002997938
v -0.01541021 0.003013212 0.002972658
v -0.01352486 0.003013213 0.002972658
v -0.01352486 0.003013213 0.002972658
v -0.01541021 0.003013212 0.002972658
v -0.01541021 0.00304324 0.0029458
v -0.01352486 0.0030315 0.002942163
v -0.01352486 0.0030315 0.002942163
v -0.01541021 0.00304324 0.0029458
v -0.01541021 0.0029777 0.00291344
v -0.01352486 0.002977701 0.00291344
v -0.01352486 0.002977701 0.00291344
v -0.01541021 0.0029777 0.00291344
v -0.01541021 0.002864141 0.002893071
v -0.01352486 0.002864141 0.002893071
v -0.01352486 0.002864141 0.002893071
v -0.01541021 0.002864141 0.002893071
v -0.01541021 0.0004241662 0.002885718
v -0.01352486 0.0004241662 0.002885718
v -0.01352486 0.002864141 0.002893071
v -0.01352486 0.0004241662 0.002885718
v -0.01352486 0.0002768608 0.002893071
v -0.01352486 0.002977701 0.00291344
v -0.01352486 0.0001633014 0.00291344
v -0.01352486 0.0030315 0.002942163
v -0.01352486 0.0001095028 0.002942163
v -0.01352486 0.003013213 0.002972658
v -0.01352486 0.00012779 0.002972658
v -0.01352486 0.002927029 0.002997938
v -0.01352486 0.0002139731 0.002997938
v -0.01352486 0.002792693 0.003012214
v -0.01352486 0.0003483092 0.003012214
v -0.01352486 0.0004241662 0.003328452
v -0.01541021 0.0004241662 0.003328452
v -0.01541021 0.0002768608 0.003335805
v -0.01352486 0.0002768608 0.003335805
v -0.01352486 0.0002768608 0.003335805
v -0.01541021 0.0002768608 0.003335805
v -0.01541021 0.0001633013 0.003356174
v -0.01352486 0.0001633014 0.003356174
v -0.01352486 0.0001633014 0.003356174
v -0.01541021 0.0001633013 0.003356174
v -0.01541021 0.0001095027 0.003384897
v -0.01352486 0.0001095028 0.003384897
v -0.01352486 0.0001095028 0.003384897
v -0.01541021 0.0001095027 0.003384897
v -0.01541021 0.0001277899 0.003415391
v -0.01352486 0.00012779 0.003415391
v -0.01352486 0.00012779 0.003415391
v -0.01541021 0.0001277899 0.003415391
v -0.01541021 0.000213973 0.003440672
v -0.01352486 0.0002139731 0.003440672
v -0.01352486 0.0002139731 0.003440672
v -0.01541021 0.000213973 0.003440672
v -0.01541021 0.0003483091 0.003454947
v -0.01352486 0.0003483092 0.003454947
v -0.01352486 0.0003483092 0.003454947
v -0.01541021 0.0003483091 0.003454947
v -0.01541021 0.0004334221 0.003454947
v -0.01352486 0.002792693 0.003454947
v -0.01541021 0.002792693 0.003454947
v -0.01352486 0.002792693 0.003454947
v -0.01541021 0.002792693 0.003454947
v -0.01541021 0.002927029 0.003440672
v -0.01352486 0.002927029 0.003440672
v -0.01352486 0.002927029 0.003440672
v -0.01541021 0.002927029 0.003440672
v -0.01541021 0.003013212 0.003415391
v -0.01352486 0.003013213 0.003415391
v -0.01352486 0.003013213 0.003415391
v -0.01541021 0.003013212 0.003415391
v -0.01541021 0.0030315 0.003384897
v -0.01352486 0.0030315 0.003384897
v -0.01352486 0.0030315 0.003384897
v -0.01541021 0.0030315 0.003384897
v -0.01541021 0.0029777 0.003356174
v -0.01352486 0.002977701 0.003356174
v -0.01352486 0.002977701 0.003356174
v -0.01541021 0.0029777 0.003356174
v -0.01541021 0.002864141 0.003335805
v -0.01352486 0.002864141 0.003335805
v -0.01352486 0.002864141 0.003335805
v -0.01541021 0.002864141 0.003335805
v -0.01541021 0.0004241662 0.003328452
v -0.01352486 0.0004241662 0.003328452
v -0.01352486 0.002864141 0.003335805
v -0.01352486 0.0004241662 0.003328452
v -0.01352486 0.0002768608 0.003335805
v -0.01352486 0.002977701 0.003356174
v -0.01352486 0.0001633014 0.003356174
v -0.01352486 0.0030315 0.003384897
v -0.01352486 0.0001095028 0.003384897
v -0.01352486 0.003013213 0.003415391
v -0.01352486 0.00012779 0.003415391
v -0.01352486 0.002927029 0.003440672
v -0.01352486 0.0002139731 0.003440672
v -0.01352486 0.002792693 0.003454947
v -0.01352486 0.0003483092 0.003454947
v -0.01352486 0.0004241662 0.003771186
v -0.01541021 0.0004241662 0.003771186
v -0.01541021 0.0002768608 0.003778539
v -0.01352486 0.0002768608 0.003778539
v -0.01352486 0.0002768608 0.003778539
v -0.01541021 0.0002768608 0.003778539
v -0.01541021 0.0001633013 0.003798908
v -0.01352486 0.0001633014 0.003798908
v -0.01352486 0.0001633014 0.003798908
v -0.01541021 0.0001633013 0.003798908
v -0.01541021 0.0001095027 0.00382763
v -0.01352486 0.0001095028 0.00382763
v -0.01352486 0.0001095028 0.00382763
v -0.01541021 0.0001095027 0.00382763
v -0.01541021 0.0001277899 0.003858125
v -0.01352486 0.00012779 0.003858125
v -0.01352486 0.00012779 0.003858125
v -0.01541021 0.0001277899 0.003858125
v -0.01541021 0.000213973 0.003883406
v -0.01352486 0.0002139731 0.003883406
v -0.01352486 0.0002139731 0.003883406
v -0.01541021 0.000213973 0.003883406
v -0.01541021 0.0003483091 0.003897681
v -0.01352486 0.0003483092 0.003897681
v -0.01352486 0.0003483092 0.003897681
v -0.01541021 0.0003483091 0.003897681
v -0.01541021 0.002792693 0.003897681
v -0.01352486 0.002792693 0.003897681
v -0.01352486 0.002792693 0.003897681
v -0.01541021 0.002792693 0.003897681
v -0.01541021 0.002927029 0.003883406
v -0.01352486 0.002927029 0.003883406
v -0.01352486 0.002927029 0.003883406
v -0.01541021 0.002927029 0.003883406
v -0.01541021 0.003013212 0.003858125
v -0.01352486 0.003013213 0.003858125
v -0.01352486 0.003013213 0.003858125
v -0.01541021 0.003013212 0.003858125
v -0.01541021 0.0030315 0.00382763
v -0.01352486 0.0030315 0.00382763
v -0.01352486 0.0030315 0.00382763
v -0.01541021 0.0030315 0.00382763
v -0.01541021 0.0029777 0.003798908
v -0.01352486 0.002977701 0.003798908
v -0.01352486 0.002977701 0.003798908
v -0.01541021 0.0029777 0.003798908
v -0.01541021 0.002864141 0.003778539
v -0.01352486 0.002864141 0.003778539
v -0.01352486 0.002864141 0.003778539
v -0.01541021 0.002864141 0.003778539
v -0.01541021 0.0004241662 0.003771186
v -0.01352486 0.0004241662 0.003771186
v -0.01352486 0.002864141 0.003778539
v -0.01352486 0.0004241662 0.003771186
v -0.01352486 0.0002768608 0.003778539
v -0.01352486 0.002977701 0.003798908
v -0.01352486 0.0001633014 0.003798908
v -0.01352486 0.0030315 0.00382763
v -0.01352486 0.0001095028 0.00382763
v -0.01352486 0.003013213 0.003858125
v -0.01352486 0.00012779 0.003858125
v -0.01352486 0.002927029 0.003883406
v -0.01352486 0.0002139731 0.003883406
v -0.01352486 0.002792693 0.003897681
v -0.01352486 0.0003483092 0.003897681
v -0.01521005 0.007146839 -0.01399757
v -0.01521005 0.005482676 -0.01399757
v -0.01535762 0.005482676 -0.01399757
v -0.01535762 0.007146839 -0.01399757
v -0.01521005 0.007146839 -0.01399757
v -0.01535762 0.007146839 -0.01399757
v -0.01535762 0.007146839 -0.01039611
v -0.01535762 0.007146839 -0.008041004
v -0.01521005 0.007146839 -0.008041004
v -0.01535762 0.00691499 -0.008041004
v -0.01535762 0.005482676 -0.008041004
v -0.01521005 0.005482676 -0.008041004
v -0.01521005 0.007146839 -0.008041004
v -0.01535762 0.007146839 -0.008041004
v -0.01521005 0.005482676 -0.01399757
v -0.01521005 0.005482676 -0.008041004
v -0.01535762 0.005482676 -0.008041004
v -0.01535762 0.005482676 -0.01399757
v -0.01525504 0.007146839 -0.0177295
v -0.01525504 0.005482676 -0.0177295
v -0.01535762 0.005482676 -0.0177295
v -0.01535762 0.007146839 -0.0177295
v -0.01525504 0.007146839 -0.0157331
v -0.01525504 0.007146839 -0.0177295
v -0.01535762 0.007146839 -0.0177295
v -0.01535762 0.007146839 -0.0157331
v -0.01525504 0.005482676 -0.0157331
v -0.01525504 0.007146839 -0.0157331
v -0.01535762 0.007146839 -0.0157331
v -0.01535762 0.005482676 -0.0157331
v -0.01525504 0.005482676 -0.0177295
v -0.01525504 0.005482676 -0.0157331
v -0.01535762 0.005482676 -0.0157331
v -0.01535762 0.005482676 -0.0177295
v -0.005733846 0.001243175 0.01420486
v -0.005733846 0.007995618 0.01420486
v -0.01541021 0.007995618 0.01420486
v -0.01541021 0.001243175 0.01420486
v -0.005733846 0.001243175 0.006069965
v -0.005733846 0.001243175 0.01420486
v -0.01541021 0.001243175 0.01420486
v -0.01541021 0.001243175 0.006069965
v -0.005733846 0.007995618 0.01420486
v -0.005733846 0.007995618 0.006069965
v -0.01541021 0.007995618 0.006069965
v -0.01541021 0.007995618 0.01420486
v -0.009647182 -0.001622698 0.01528664
v -0.009647182 -0.001622698 -0.01883989
v -0.014435 -0.001622698 -0.01883989
v -0.014435 -0.001622698 0.01528664
v -0.009636934 -0.0006474867 0.01626185
v -0.01541021 -0.0006474867 0.01626185
v -0.01541021 0.008372745 0.01626185
v -0.009636934 0.008372745 0.01626185
v -0.014435 0.009347956 0.01528664
v -0.0148082 0.009273723 0.01565984
v -0.0148082 0.009273723 -0.01921308
v -0.014435 0.009347956 -0.01883989
v -0.0148082 0.009273723 0.01565984
v -0.01512458 0.009062324 0.01597622
v -0.01512458 0.009062324 -0.01952947
v -0.0148082 0.009273723 -0.01921308
v -0.01512458 0.009062324 0.01597622
v -0.01533598 0.008745942 0.01618762
v -0.01533598 0.008745942 -0.01974086
v -0.01512458 0.009062324 -0.01952947
v -0.01533598 0.008745942 0.01618762
v -0.01541021 0.008372745 0.01626185
v -0.01541021 0.008372745 -0.0198151
v -0.01533598 0.008745942 -0.01974086
v -0.014435 -0.001622698 -0.01883989
v -0.0148082 -0.001548464 -0.01921308
v -0.0148082 -0.001548464 0.01565984
v -0.014435 -0.001622698 0.01528664
v -0.0148082 -0.001548464 -0.01921308
v -0.01512458 -0.001337065 -0.01952947
v -0.01512458 -0.001337065 0.01597622
v -0.0148082 -0.001548464 0.01565984
v -0.01512458 -0.001337065 -0.01952947
v -0.01533598 -0.001020684 -0.01974086
v -0.01533598 -0.001020684 0.01618762
v -0.01512458 -0.001337065 0.01597622
v -0.01533598 -0.001020684 -0.01974086
v -0.01541021 -0.0006474867 -0.0198151
v -0.01541021 -0.0006474867 0.01626185
v -0.01533598 -0.001020684 0.01618762
v -0.009647182 0.009347956 0.01528664
v -0.009644818 0.009273723 0.01565984
v -0.0148082 0.009273723 0.01565984
v -0.014435 0.009347956 0.01528664
v -0.009644818 0.009273723 0.01565984
v -0.009647623 0.009062324 0.01597622
v -0.01512458 0.009062324 0.01597622
v -0.0148082 0.009273723 0.01565984
v -0.009647623 0.009062324 0.01597622
v -0.009645264 0.008745942 0.01618762
v -0.01533598 0.008745942 0.01618762
v -0.01512458 0.009062324 0.01597622
v -0.009645264 0.008745942 0.01618762
v -0.009636934 0.008372745 0.01626185
v -0.01541021 0.008372745 0.01626185
v -0.01533598 0.008745942 0.01618762
v -0.009647182 -0.001622698 -0.01883989
v -0.009644818 -0.001548464 -0.01921308
v -0.0148082 -0.001548464 -0.01921308
v -0.014435 -0.001622698 -0.01883989
v -0.009644818 -0.001548464 -0.01921308
v -0.009647623 -0.001337065 -0.01952947
v -0.01512458 -0.001337065 -0.01952947
v -0.0148082 -0.001548464 -0.01921308
v -0.009647623 -0.001337065 -0.01952947
v -0.009645264 -0.001020684 -0.01974086
v -0.01533598 -0.001020684 -0.01974086
v -0.01512458 -0.001337065 -0.01952947
v -0.009645264 -0.001020684 -0.01974086
v -0.009636934 -0.0006474867 -0.0198151
v -0.01541021 -0.0006474867 -0.0198151
v -0.01533598 -0.001020684 -0.01974086
v -0.01541021 0.005824491 0.006069963
v -0.01535762 0.00691499 -0.008041004
v -0.01535762 0.007146839 -0.008041004
v -0.01541021 0.007995618 0.006069965
v -0.01535762 0.007146839 -0.01039611
v -0.01541021 0.008372745 -0.0198151
v -0.01541021 0.008372745 0.01626185
v -0.01541021 0.007995618 0.01420486
v -0.01541021 -0.0006474867 0.01626185
v -0.01541021 0.001243175 0.01420486
v -0.01541021 0.001243175 0.006069965
v -0.01541021 0.0003483091 0.003897681
v -0.01541021 0.000213973 0.003883406
v -0.01541021 0.0001277899 0.003858125
v -0.01541021 0.0001095027 0.00382763
v -0.01541021 0.002792693 0.003897681
v -0.01541021 0.005824491 0.006069963
v -0.01541021 0.002927029 0.003883406
v -0.01541021 0.003013212 0.003858125
v -0.01541021 0.0030315 0.00382763
v -0.01541021 0.002792693 0.003454947
v -0.01541021 0.0029777 0.003798908
v -0.01541021 0.002864141 0.003778539
v -0.01541021 0.0004241662 0.003771186
v -0.01541021 0.002927029 0.003440672
v -0.01541021 0.003013212 0.003415391
v -0.01541021 0.0030315 0.003384897
v -0.01541021 0.0004334221 0.003454947
v -0.01541021 0.002792693 0.003012214
v -0.01541021 0.002927029 0.002997938
v -0.01541021 0.0029777 0.003356174
v -0.01541021 0.002864141 0.003335805
v -0.01541021 0.0002768608 0.003778539
v -0.01541021 0.0001633013 0.003798908
v -0.01541021 0.003013212 0.002972658
v -0.01541021 0.0004334221 0.003012214
v -0.01541021 0.0004241662 0.003328452
v -0.01541021 0.0003483091 0.003454947
v -0.01541021 0.000213973 0.003440672
v -0.01541021 0.0001277899 0.003415391
v -0.01541021 0.0002768608 0.003335805
v -0.01541021 0.0001633013 0.003356174
v -0.01541021 0.0001095027 0.003384897
v -0.01541021 0.0003483091 0.003012214
v -0.01541021 0.000213973 0.002997938
v -0.01541021 0.0001277899 0.002972658
v -0.01541021 0.0001095027 0.002942163
v -0.01541021 0.0001277899 0.002529924
v -0.01541021 0.0001095027 0.002499429
v -0.01541021 0.000213973 0.002555205
v -0.01541021 0.0003483091 0.00256948
v -0.01541021 0.0004334221 0.00256948
v -0.01541021 0.0001633013 0.00291344
v -0.01541021 0.0002768608 0.002893071
v -0.01541021 0.0004241662 0.002885718
v -0.01541021 0.002792693 0.00256948
v -0.01541021 0.002864141 0.002893071
v -0.01541021 0.0029777 0.00291344
v -0.01541021 0.00304324 0.0029458
v -0.01541021 0.0001277899 0.00208719
v -0.01541021 0.0001095027 0.002056695
v -0.01541021 0.000213973 0.002112471
v -0.01541021 0.0003483091 0.002126746
v -0.01541021 0.0004334221 0.002126746
v -0.01541021 0.0001633013 0.002470707
v -0.01541021 0.0002768608 0.002450337
v -0.01541021 0.0004241662 0.002442985
v -0.01541021 0.002792693 0.002126746
v -0.01541021 0.002864141 0.002450337
v -0.01541021 0.0029777 0.002470707
v -0.01541021 0.0030315 0.002499429
v -0.01541021 0.002927029 0.002112471
v -0.01541021 0.003013212 0.002529924
v -0.01541021 0.003013212 0.00208719
v -0.01541021 0.002927029 0.002555205
v -0.01541021 0.0030315 0.002056695
v -0.01541021 0.002792693 0.001684012
v -0.01541021 0.0029777 0.002027973
v -0.01541021 0.002864141 0.002007604
v -0.01541021 0.0004241662 0.002000251
v -0.01541021 0.002927029 0.001669737
v -0.01541021 0.003013212 0.001644456
v -0.01541021 0.0004334221 0.001684012
v -0.01541021 0.0030315 0.001613961
v -0.01541021 0.0002768608 0.002007604
v -0.01541021 0.0001633013 0.002027973
v -0.01541021 0.0003483091 0.001684012
v -0.01541021 0.000213973 0.001669737
v -0.01541021 0.0001277899 0.001644456
v -0.01541021 0.002927029 0.001227004
v -0.01541021 0.003013212 0.001201724
v -0.01541021 0.002792693 0.00124128
v -0.01541021 0.0029777 0.001585239
v -0.01541021 0.002864141 0.00156487
v -0.01541021 0.0004241662 0.001557517
v -0.01541021 0.0004334221 0.00124128
v -0.01541021 0.0002768608 0.00156487
v -0.01541021 0.0001633013 0.001585239
v -0.01541021 0.0001095027 0.001613961
v -0.01541021 0.0003483091 0.00124128
v -0.01541021 0.000213973 0.001227004
v -0.01541021 0.0001277899 0.001201724
v -0.01541021 0.0001095027 0.001171229
v -0.01541021 0.0001277899 0.00075899
v -0.01541021 0.0001095027 0.0007284951
v -0.01541021 0.000213973 0.0007842708
v -0.01541021 0.0003483091 0.0007985461
v -0.01541021 0.0004334221 0.0007985461
v -0.01541021 0.0001633013 0.001142507
v -0.01541021 0.0002768608 0.001122137
v -0.01541021 0.0004241662 0.001114785
v -0.01541021 0.002792693 0.0007985461
v -0.01541021 0.002864141 0.001122137
v -0.01541021 0.0029777 0.001142507
v -0.01541021 0.0030315 0.001171229
v -0.01541021 0.002927029 0.0007842708
v -0.01541021 0.0001277899 0.0003162563
v -0.01541021 0.0001095027 0.0002857613
v -0.01541021 0.000213973 0.000341537
v -0.01541021 0.0003483091 0.0003558123
v -0.01541021 0.0004334221 0.0003558123
v -0.01541021 0.0001633013 0.0006997728
v -0.01541021 0.0002768608 0.0006794035
v -0.01541021 0.0004241662 0.0006720507
v -0.01541021 0.002792693 0.0003558123
v -0.01541021 0.002864141 0.0006794035
v -0.01541021 0.0029777 0.0006997728
v -0.01541021 0.0030315 0.0007284951
v -0.01541021 0.002927029 0.000341537
v -0.01541021 0.003013212 0.0003162563
v -0.01541021 0.003013212 0.00075899
v -0.01541021 0.0030315 0.0002857613
v -0.01541021 0.002927029 -0.0001011968
v -0.01541021 0.003013212 -0.0001264775
v -0.01541021 0.002792693 -8.692145E-05
v -0.01541021 0.0029777 0.0002570391
v -0.01541021 0.002864141 0.0002366698
v -0.01541021 0.0004241662 0.0002293169
v -0.01541021 0.0004334221 -8.692145E-05
v -0.01541021 0.0002768608 0.0002366698
v -0.01541021 0.0001633013 0.0002570391
v -0.01541021 0.0003483091 -8.692145E-05
v -0.01541021 0.000213973 -0.0001011968
v -0.01541021 0.0001277899 -0.0001264775
v -0.01541021 0.0030315 -0.0001569724
v -0.01541021 0.0001095027 -0.0001569724
v -0.01541021 0.002927029 -0.0005439305
v -0.01541021 0.003013212 -0.0005692113
v -0.01541021 0.002792693 -0.0005296552
v -0.01541021 0.0029777 -0.0001856947
v -0.01541021 0.002864141 -0.000206064
v -0.01541021 0.0004241662 -0.0002134168
v -0.01541021 0.0004334221 -0.0005296552
v -0.01541021 0.0002768608 -0.000206064
v -0.01541021 0.0001633013 -0.0001856947
v -0.01541021 0.0003483091 -0.0005296552
v -0.01541021 0.000213973 -0.0005439305
v -0.01541021 0.0001277899 -0.0005692113
v -0.01541021 0.0030315 -0.0005997061
v -0.01541021 0.0001095027 -0.0005997061
v -0.01541021 0.002927029 -0.0009866643
v -0.01541021 0.003013212 -0.001011945
v -0.01541021 0.0030315 -0.00104244
v -0.01541021 0.002792693 -0.000972389
v -0.01541021 0.0029777 -0.0006284284
v -0.01541021 0.002864141 -0.0006487977
v -0.01541021 0.0004241662 -0.0006561506
v -0.01541021 0.0004334221 -0.000972389
v -0.01541021 0.0003483091 -0.000972389
v -0.01541021 0.0002768608 -0.0006487977
v -0.01541021 0.0001633013 -0.0006284284
v -0.01541021 0.000213973 -0.0009866643
v -0.01541021 0.0001277899 -0.001011945
v -0.01541021 0.0001095027 -0.00104244
v -0.01541021 0.0001095027 -0.001485174
v -0.01541021 0.0001095027 -0.001927907
v -0.01541021 0.0001277899 -0.001454679
v -0.01541021 0.000213973 -0.001429398
v -0.01541021 0.0003483091 -0.001415123
v -0.01541021 0.0004334221 -0.001415123
v -0.01541021 0.0001633013 -0.001071162
v -0.01541021 0.0002768608 -0.001091531
v -0.01541021 0.0004241662 -0.001098884
v -0.01541021 0.002792693 -0.001415123
v -0.01541021 0.002864141 -0.001091531
v -0.01541021 0.0029777 -0.001071162
v -0.01541021 0.002927029 -0.001429398
v -0.01541021 0.003013212 -0.001454679
v -0.01541021 0.0030315 -0.001485174
v -0.01541021 0.002927029 -0.001872132
v -0.01541021 0.003013212 -0.001897412
v -0.01541021 0.002792693 -0.001857857
v -0.01541021 0.0030315 -0.001927907
v -0.01541021 0.0029777 -0.001513896
v -0.01541021 0.002864141 -0.001534265
v -0.01541021 0.0004241662 -0.001541618
v -0.01541021 0.0004334221 -0.001857857
v -0.01541021 0.0002768608 -0.001534265
v -0.01541021 0.0001633013 -0.001513896
v -0.01541021 0.0003483091 -0.001857857
v -0.01541021 0.000213973 -0.001872132
v -0.01541021 0.0001277899 -0.001897412
v -0.01541021 0.002927029 -0.002314866
v -0.01541021 0.003013212 -0.002340146
v -0.01541021 0.002792693 -0.00230059
v -0.01541021 0.0029777 -0.00195663
v -0.01541021 0.002864141 -0.001976999
v -0.01541021 0.0004241662 -0.001984352
v -0.01541021 0.0004334221 -0.00230059
v -0.01541021 0.0002768608 -0.001976999
v -0.01541021 0.0001633013 -0.00195663
v -0.01541021 0.0003483091 -0.00230059
v -0.01541021 0.000213973 -0.002314866
v -0.01541021 0.0001277899 -0.002340146
v -0.01541021 0.0001095027 -0.002370641
v -0.01541021 0.0030315 -0.002370641
v -0.01541021 0.0001095027 -0.002813375
v -0.01541021 0.0001095027 -0.003256109
v -0.01541021 0.0001095027 -0.003698842
v -0.01541021 0.0001095027 -0.004141576
v -0.01541021 0.0001095027 -0.00458431
v -0.01541021 0.0001095027 -0.005027044
v -0.01541021 0.0001095027 -0.005469778
v -0.01541021 0.0001095027 -0.005912511
v -0.01541021 0.0001277899 -0.00278288
v -0.01541021 0.000213973 -0.002757599
v -0.01541021 0.0003483091 -0.002743324
v -0.01541021 0.0001633013 -0.002399364
v -0.01541021 0.0002768608 -0.002419733
v -0.01541021 0.0004241662 -0.002427086
v -0.01541021 0.0004334221 -0.002743324
v -0.01541021 0.002792693 -0.002743324
v -0.01541021 0.002864141 -0.002419733
v -0.01541021 0.0029777 -0.002399364
v -0.01541021 0.002927029 -0.002757599
v -0.01541021 0.003013212 -0.00278288
v -0.01541021 0.0030315 -0.002813375
v -0.01541021 0.002927029 -0.003200333
v -0.01541021 0.003013212 -0.003225614
v -0.01541021 0.0030315 -0.003256109
v -0.01541021 0.002927029 -0.003643067
v -0.01541021 0.002792693 -0.003186058
v -0.01541021 0.0029777 -0.002842097
v -0.01541021 0.002864141 -0.002862466
v -0.01541021 0.0004241662 -0.002869819
v -0.01541021 0.0004334221 -0.003186058
v -0.01541021 0.0002768608 -0.002862466
v -0.01541021 0.0001633013 -0.002842097
v -0.01541021 0.0003483091 -0.003186058
v -0.01541021 0.000213973 -0.003200333
v -0.01541021 0.0001277899 -0.003225614
v -0.01541021 0.002792693 -0.003628792
v -0.01541021 0.0029777 -0.003284831
v -0.01541021 0.002864141 -0.0033052
v -0.01541021 0.0004241662 -0.003312553
v -0.01541021 0.0004334221 -0.003628792
v -0.01541021 0.0002768608 -0.0033052
v -0.01541021 0.0001633013 -0.003284831
v -0.01541021 0.0003483091 -0.003628792
v -0.01541021 0.000213973 -0.003643067
v -0.01541021 0.0001277899 -0.003668348
v -0.01541021 0.003013212 -0.003668348
v -0.01541021 0.0030315 -0.003698842
v -0.01541021 0.002927029 -0.004085801
v -0.01541021 0.003013212 -0.004111081
v -0.01541021 0.002792693 -0.004071525
v -0.01541021 0.0029777 -0.003727565
v -0.01541021 0.002864141 -0.003747934
v -0.01541021 0.0004241662 -0.003755287
v -0.01541021 0.0004334221 -0.004071525
v -0.01541021 0.0002768608 -0.003747934
v -0.01541021 0.0001633013 -0.003727565
v -0.01541021 0.0003483091 -0.004071525
v -0.01541021 0.000213973 -0.004085801
v -0.01541021 0.0001277899 -0.004111081
v -0.01541021 0.0030315 -0.004141576
v -0.01541021 0.002927029 -0.004528534
v -0.01541021 0.003013212 -0.004553815
v -0.01541021 0.0030315 -0.00458431
v -0.01541021 0.002792693 -0.004514259
v -0.01541021 0.0029777 -0.004170299
v -0.01541021 0.002864141 -0.004190668
v -0.01541021 0.0004241662 -0.004198021
v -0.01541021 0.0004334221 -0.004514259
v -0.01541021 0.0002768608 -0.004190668
v -0.01541021 0.0001633013 -0.004170299
v -0.01541021 0.0003483091 -0.004514259
v -0.01541021 0.000213973 -0.004528534
v -0.01541021 0.0001277899 -0.004553815
v -0.01541021 0.0001277899 -0.004996549
v -0.01541021 0.000213973 -0.004971268
v -0.01541021 0.0003483091 -0.004956993
v -0.01541021 0.0004334221 -0.004956993
v -0.01541021 0.0001633013 -0.004613032
v -0.01541021 0.0002768608 -0.004633402
v -0.01541021 0.0004241662 -0.004640754
v -0.01541021 0.002792693 -0.004956993
v -0.01541021 0.002864141 -0.004633402
v -0.01541021 0.0029777 -0.004613032
v -0.01541021 0.002927029 -0.004971268
v -0.01541021 0.003013212 -0.004996549
v -0.01541021 0.0030315 -0.005027044
v -0.01541021 0.003013212 -0.005439282
v -0.01541021 0.002927029 -0.005414002
v -0.01541021 0.002792693 -0.005399726
v -0.01541021 0.0029777 -0.005055766
v -0.01541021 0.002864141 -0.005076136
v -0.01541021 0.0004241662 -0.005083488
v -0.01541021 0.000433422 -0.005399726
v -0.01541021 0.0002768608 -0.005076136
v -0.01541021 0.0001633013 -0.005055766
v -0.01541021 0.0003483091 -0.005399726
v -0.01541021 0.000213973 -0.005414002
v -0.01541021 0.0001277899 -0.005439282
v -0.01541021 0.0030315 -0.005469778
v -0.01541021 0.003013212 -0.005882016
v -0.01541021 0.002927029 -0.005856736
v -0.01541021 0.0030315 -0.005912511
v -0.01541021 0.002792693 -0.00584246
v -0.01541021 0.0029777 -0.0054985
v -0.01541021 0.002864141 -0.005518869
v -0.01541021 0.0004241662 -0.005526222
v -0.01541021 0.000433422 -0.00584246
v -0.01541021 0.0002768608 -0.005518869
v -0.01541021 0.0001633013 -0.0054985
v -0.01541021 0.0003483091 -0.00584246
v -0.01541021 0.000213973 -0.005856736
v -0.01541021 0.0001277899 -0.005882016
v -0.01541021 0.003013212 -0.00632475
v -0.01541021 0.0030315 -0.006355245
v -0.01541021 0.002927029 -0.006299469
v -0.01541021 0.002792693 -0.006285194
v -0.01541021 0.0029777 -0.005941234
v -0.01541021 0.002864141 -0.005961603
v -0.01541021 0.0004241662 -0.005968956
v -0.01541021 0.000433422 -0.006285194
v -0.01541021 0.0002768608 -0.005961603
v -0.01541021 0.0001633013 -0.005941234
v -0.01541021 0.0003483091 -0.006285194
v -0.01541021 0.000213973 -0.006299469
v -0.01541021 0.0001277899 -0.00632475
v -0.01541021 0.0001095027 -0.006355245
v -0.01541021 0.0001095027 -0.006797979
v -0.01541021 0.0001095027 -0.007240713
v -0.01541021 0.0001095027 -0.007683446
v -0.01541021 0.0001095027 -0.00812618
v -0.01541021 0.0001095027 -0.008568914
v -0.01541021 0.0001095027 -0.009011647
v -0.01541021 0.0001277899 -0.006767484
v -0.01541021 0.000213973 -0.006742203
v -0.01541021 0.0003483091 -0.006727928
v -0.01541021 0.0001633013 -0.006383967
v -0.01541021 0.0002768608 -0.006404337
v -0.01541021 0.0004241662 -0.006411689
v -0.01541021 0.000433422 -0.006727928
v -0.01541021 0.002792693 -0.006727928
v -0.01541021 0.002864141 -0.006404337
v -0.01541021 0.0029777 -0.006383967
v -0.01541021 0.002927029 -0.006742203
v -0.01541021 0.003013212 -0.006767484
v -0.01541021 0.0030315 -0.006797979
v -0.01541021 0.003013212 -0.007210217
v -0.01541021 0.002927029 -0.007184937
v -0.01541021 0.002792693 -0.007170661
v -0.01541021 0.0029777 -0.006826701
v -0.01541021 0.002864141 -0.006847071
v -0.01541021 0.0004241662 -0.006854423
v -0.01541021 0.000433422 -0.007170661
v -0.01541021 0.0002768608 -0.006847071
v -0.01541021 0.0001633013 -0.006826701
v -0.01541021 0.0003483091 -0.007170661
v -0.01541021 0.000213973 -0.007184937
v -0.01541021 0.0001277899 -0.007210217
v -0.01541021 0.0030315 -0.007240713
v -0.01541021 0.003013212 -0.007652951
v -0.01541021 0.0030315 -0.007683446
v -0.01535762 0.00691499 -0.008041004
v -0.01541021 0.002927029 -0.007627671
v -0.01541021 0.002792693 -0.007613395
v -0.01541021 0.0029777 -0.007269435
v -0.01541021 0.002864141 -0.007289804
v -0.01541021 0.0004241662 -0.007297157
v -0.01541021 0.000433422 -0.007613395
v -0.01541021 0.0002768608 -0.007289804
v -0.01541021 0.0001633013 -0.007269435
v -0.01541021 0.0003483091 -0.007613395
v -0.01541021 0.000213973 -0.007627671
v -0.01541021 0.0001277899 -0.007652951
v -0.01541021 0.0001277899 -0.008095685
v -0.01541021 0.000213973 -0.008070405
v -0.01541021 0.0003483091 -0.008056129
v -0.01541021 0.000433422 -0.008056129
v -0.01541021 0.0001633013 -0.007712169
v -0.01541021 0.0002768608 -0.007732538
v -0.01541021 0.0004241662 -0.007739891
v -0.01541021 0.002792693 -0.008056129
v -0.01535762 0.005482676 -0.008041004
v -0.01541021 0.002927029 -0.008070405
v -0.01541021 0.003013212 -0.008095685
v -0.01541021 0.0030315 -0.00812618
v -0.01541021 0.003013213 -0.01340849
v -0.01541021 0.0030315 -0.01343898
v -0.01541021 0.002927029 -0.01338321
v -0.01541021 0.003013213 -0.01296576
v -0.01541021 0.0030315 -0.01299625
v -0.01541021 0.002927029 -0.01294048
v -0.01541021 0.003013212 -0.01252302
v -0.01541021 0.0030315 -0.01255352
v -0.01541021 0.002927029 -0.01249774
v -0.01541021 0.003013212 -0.009866619
v -0.01541021 0.0030315 -0.009897115
v -0.01541021 0.002927029 -0.009841339
v -0.01541021 0.002792693 -0.009827063
v -0.01541021 0.003013212 -0.009423885
v -0.01541021 0.0030315 -0.009454381
v -0.01541021 0.002927029 -0.009398605
v -0.01541021 0.002792693 -0.009384329
v -0.01535762 0.007146839 -0.0177295
v -0.01535762 0.005482676 -0.0177295
v -0.01541021 0.008372745 -0.0198151
v -0.01535762 0.007146839 -0.01039611
v -0.01535762 0.007146839 -0.0157331
v -0.01541021 0.0029777 -0.01878051
v -0.01541021 0.002864141 -0.01880088
v -0.01541021 0.0004241662 -0.01880823
v -0.01535762 0.005482676 -0.0177295
v -0.01541021 -0.0006474867 -0.0198151
v -0.01541021 0.0002768608 -0.01880088
v -0.01541021 0.0001633013 -0.01878051
v -0.01541021 0.0001095027 -0.01875179
v -0.01541021 0.0001095027 -0.01830905
v -0.01541021 0.0001095027 -0.01786632
v -0.01541021 0.0001277899 -0.01872129
v -0.01541021 0.000213973 -0.01869601
v -0.01541021 0.0003483091 -0.01868174
v -0.01541021 0.0004314158 -0.01868174
v -0.01541021 0.0001277899 -0.01827856
v -0.01541021 0.0001633013 -0.01833778
v -0.01541021 0.0002768608 -0.01835815
v -0.01541021 0.0004241662 -0.0183655
v -0.01541021 0.000213973 -0.01825328
v -0.01541021 0.002792693 -0.01868174
v -0.01541021 0.0003483091 -0.018239
v -0.01541021 0.002864141 -0.01835815
v -0.01541021 0.0029777 -0.01833778
v -0.01535762 0.005482676 -0.0177295
v -0.01541021 0.002927029 -0.01869601
v -0.01541021 0.003013212 -0.01872129
v -0.01541021 0.0030315 -0.01875179
v -0.01541021 0.0004334221 -0.018239
v -0.01541021 0.0001633013 -0.01789504
v -0.01541021 0.0002768608 -0.01791541
v -0.01541021 0.0004241662 -0.01792277
v -0.01541021 0.002792693 -0.018239
v -0.01541021 0.002864141 -0.01791541
v -0.01541021 0.002927029 -0.01825328
v -0.01541021 0.003013212 -0.01827856
v -0.01541021 0.0030315 -0.01830905
v -0.01541021 0.0001277899 -0.01783583
v -0.01541021 0.0001095027 -0.01742359
v -0.01541021 0.000213973 -0.01781055
v -0.01541021 0.0001095027 -0.01698085
v -0.01541021 0.0001095027 -0.01653812
v -0.01541021 0.0001095027 -0.01609539
v -0.01541021 0.0001095027 -0.01565265
v -0.01541021 0.0003483091 -0.01779627
v -0.01541021 0.0001277899 -0.01739309
v -0.01541021 0.0001633013 -0.01745231
v -0.01541021 0.0002768608 -0.01747268
v -0.01541021 0.000213973 -0.01736781
v -0.01541021 0.0004241662 -0.01748003
v -0.01541021 0.0004334221 -0.01779627
v -0.01541021 0.002792693 -0.01779627
v -0.01541021 0.0003483091 -0.01735354
v -0.01541021 0.002927029 -0.01781055
v -0.01541021 0.003013212 -0.01783583
v -0.01541021 0.0030315 -0.01786632
v -0.01541021 0.0004334221 -0.01735354
v -0.01541021 0.0001633013 -0.01700958
v -0.01541021 0.0002768608 -0.01702994
v -0.01541021 0.0004241662 -0.0170373
v -0.01541021 0.002792693 -0.01735354
v -0.01541021 0.002864141 -0.01702994
v -0.01541021 0.0029777 -0.01700958
v -0.01535762 0.005482676 -0.0157331
v -0.01541021 0.002927029 -0.01736781
v -0.01541021 0.003013212 -0.01739309
v -0.01541021 0.0030315 -0.01742359
v -0.01535762 0.005482676 -0.0177295
v -0.01541021 0.0029777 -0.01745231
v -0.01541021 0.0001277899 -0.01695036
v -0.01541021 0.000213973 -0.01692508
v -0.01541021 0.0003483091 -0.0169108
v -0.01541021 0.0004334221 -0.0169108
v -0.01541021 0.0001633013 -0.01656684
v -0.01541021 0.0002768608 -0.01658721
v -0.01541021 0.0004241662 -0.01659456
v -0.01541021 0.002792693 -0.0169108
v -0.01541021 0.002864141 -0.01658721
v -0.01541021 0.0029777 -0.01656684
v -0.01535762 0.005482676 -0.0157331
v -0.01541021 0.002927029 -0.01692508
v -0.01541021 0.003013212 -0.01695036
v -0.01541021 0.0030315 -0.01698085
v -0.01541021 0.0001277899 -0.01650763
v -0.01541021 0.000213973 -0.01648234
v -0.01541021 0.0003483091 -0.01646807
v -0.01541021 0.000433422 -0.01646807
v -0.01541021 0.0001633013 -0.01612411
v -0.01541021 0.0002768608 -0.01614448
v -0.01541021 0.0004241662 -0.01615183
v -0.01541021 0.002792693 -0.01646807
v -0.01541021 0.002864141 -0.01614448
v -0.01535762 0.005482676 -0.0157331
v -0.01541021 0.002927029 -0.01648234
v -0.01541021 0.003013212 -0.01650763
v -0.01541021 0.0030315 -0.01653812
v -0.01541021 0.0001277899 -0.01606489
v -0.01541021 0.000213973 -0.01603961
v -0.01541021 0.0003483091 -0.01602533
v -0.01541021 0.000433422 -0.01602533
v -0.01541021 0.0001633013 -0.01568137
v -0.01541021 0.0002768608 -0.01570174
v -0.01541021 0.0004241662 -0.0157091
v -0.01541021 0.002792693 -0.01602533
v -0.01535762 0.005482676 -0.0157331
v -0.01541021 0.002927029 -0.01603961
v -0.01541021 0.003013212 -0.01606489
v -0.01541021 0.0030315 -0.01609539
v -0.01541021 0.0001277899 -0.01562216
v -0.01541021 0.0001095027 -0.01520992
v -0.01541021 0.000213973 -0.01559688
v -0.01541021 0.0001095027 -0.01476718
v -0.01541021 0.0001095027 -0.01432445
v -0.01541021 0.0001095027 -0.01388172
v -0.01541021 0.0001095027 -0.01343898
v -0.01541021 0.0001095027 -0.01299625
v -0.01541021 0.0001095027 -0.01255352
v -0.01541021 0.0001095027 -0.01211078
v -0.01541021 0.0001095027 -0.01166805
v -0.01541021 0.0001095027 -0.01122532
v -0.01541021 0.0001095027 -0.01078258
v -0.01541021 0.0001095027 -0.01033985
v -0.01541021 0.0001095027 -0.009897115
v -0.01541021 0.0003483091 -0.0155826
v -0.01541021 0.0001277899 -0.01517942
v -0.01541021 0.0001633013 -0.01523864
v -0.01541021 0.0002768608 -0.01525901
v -0.01541021 0.000213973 -0.01515414
v -0.01541021 0.0004241662 -0.01526636
v -0.01541021 0.000433422 -0.0155826
v -0.01541021 0.0003483091 -0.01513987
v -0.01541021 0.002792693 -0.0155826
v -0.01541021 0.002864141 -0.01525901
v -0.01541021 0.0029777 -0.01523864
v -0.01535762 0.007146839 -0.01399757
v -0.01541021 0.002927029 -0.01559688
v -0.01541021 0.003013213 -0.01562216
v -0.01541021 0.0030315 -0.01565265
v -0.01541021 0.000433422 -0.01513987
v -0.01541021 0.0001633013 -0.01479591
v -0.01541021 0.0002768608 -0.01481628
v -0.01541021 0.0004241662 -0.01482363
v -0.01541021 0.002792693 -0.01513987
v -0.01541021 0.002864141 -0.01481628
v -0.01541021 0.0029777 -0.01479591
v -0.01541021 0.002927029 -0.01515414
v -0.01541021 0.003013213 -0.01517942
v -0.01541021 0.0030315 -0.01520992
v -0.01541021 0.0001277899 -0.01473669
v -0.01541021 0.000213973 -0.01471141
v -0.01541021 0.0003483091 -0.01469713
v -0.01541021 0.000433422 -0.01469713
v -0.01541021 0.0001633013 -0.01435317
v -0.01541021 0.0002768608 -0.01437354
v -0.01541021 0.0004241662 -0.0143809
v -0.01541021 0.002792693 -0.01469713
v -0.01541021 0.002864141 -0.01437354
v -0.01535762 0.007146839 -0.01399757
v -0.01541021 0.002927029 -0.01471141
v -0.01541021 0.003013213 -0.01473669
v -0.01541021 0.0030315 -0.01476718
v -0.01541021 0.0001277899 -0.01429396
v -0.01541021 0.000213973 -0.01426868
v -0.01541021 0.0003483091 -0.0142544
v -0.01541021 0.000433422 -0.0142544
v -0.01541021 0.0001633013 -0.01391044
v -0.01541021 0.0002768608 -0.01393081
v -0.01541021 0.0004241662 -0.01393816
v -0.01541021 0.002792693 -0.0142544
v -0.01535762 0.005482676 -0.01399757
v -0.01535762 0.007146839 -0.01399757
v -0.01541021 0.002927029 -0.01426868
v -0.01541021 0.003013213 -0.01429396
v -0.01541021 0.0030315 -0.01432445
v -0.01541021 0.0001277899 -0.01385122
v -0.01541021 0.000213973 -0.01382594
v -0.01541021 0.0003483091 -0.01381167
v -0.01541021 0.000433422 -0.01381167
v -0.01541021 0.0001633013 -0.01346771
v -0.01541021 0.0002768608 -0.01348808
v -0.01541021 0.0004241662 -0.01349543
v -0.01541021 0.002792693 -0.01381167
v -0.01541021 0.002864141 -0.01348808
v -0.01541021 0.0029777 -0.01346771
v -0.01541021 0.0030315 -0.01343898
v -0.01541021 0.002927029 -0.01382594
v -0.01541021 0.0001277899 -0.01340849
v -0.01541021 0.000213973 -0.01338321
v -0.01541021 0.0003483091 -0.01336893
v -0.01541021 0.000433422 -0.01336893
v -0.01541021 0.0001633013 -0.01302497
v -0.01541021 0.0002768608 -0.01304534
v -0.01541021 0.0004241662 -0.01305269
v -0.01541021 0.002792693 -0.01336893
v -0.01541021 0.002864141 -0.01304534
v -0.01541021 0.0029777 -0.01302497
v -0.01541021 0.0030315 -0.01299625
v -0.01541021 0.002927029 -0.01338321
v -0.01541021 0.0001277899 -0.01296576
v -0.01541021 0.000213973 -0.01294048
v -0.01541021 0.0003483091 -0.0129262
v -0.01541021 0.000433422 -0.0129262
v -0.01541021 0.0001633013 -0.01258224
v -0.01541021 0.0002768608 -0.01260261
v -0.01541021 0.0004241662 -0.01260996
v -0.01541021 0.002792693 -0.0129262
v -0.01541021 0.002864141 -0.01260261
v -0.01541021 0.0029777 -0.01258224
v -0.01541021 0.0030315 -0.01255352
v -0.01541021 0.002927029 -0.01294048
v -0.01541021 0.0001277899 -0.01252302
v -0.01541021 0.000213973 -0.01249774
v -0.01541021 0.0003483091 -0.01248347
v -0.01541021 0.000433422 -0.01248347
v -0.01541021 0.0001633013 -0.01213951
v -0.01541021 0.0002768608 -0.01215987
v -0.01541021 0.0004241662 -0.01216723
v -0.01541021 0.002792693 -0.01248347
v -0.01541021 0.002864141 -0.01215987
v -0.01541021 0.0029777 -0.01213951
v -0.01541021 0.0030315 -0.01211078
v -0.01541021 0.002927029 -0.01249774
v -0.01541021 0.0001277899 -0.01208029
v -0.01541021 0.000213973 -0.01205501
v -0.01541021 0.0003483091 -0.01204073
v -0.01541021 0.000433422 -0.01204073
v -0.01541021 0.0001633013 -0.01169677
v -0.01541021 0.0002768608 -0.01171714
v -0.01541021 0.0004241662 -0.01172449
v -0.01541021 0.002792693 -0.01204073
v -0.01541021 0.002864141 -0.01171714
v -0.01541021 0.0029777 -0.01169677
v -0.01541021 0.0030315 -0.01166805
v -0.01541021 0.0001277899 -0.01163755
v -0.01541021 0.000213973 -0.01161227
v -0.01541021 0.0003483091 -0.011598
v -0.01541021 0.000433422 -0.011598
v -0.01541021 0.0001633013 -0.01125404
v -0.01541021 0.0002768608 -0.01127441
v -0.01541021 0.0004241662 -0.01128176
v -0.01541021 0.002792693 -0.011598
v -0.01541021 0.002864141 -0.01127441
v -0.01541021 0.0029777 -0.01125404
v -0.01541021 0.0030315 -0.01122532
v -0.01541021 0.0001277899 -0.01119482
v -0.01541021 0.000213973 -0.01116954
v -0.01541021 0.0003483091 -0.01115526
v -0.01541021 0.000433422 -0.01115526
v -0.01541021 0.0001633013 -0.0108113
v -0.01541021 0.0002768608 -0.01083167
v -0.01541021 0.0004241662 -0.01083903
v -0.01541021 0.002792693 -0.01115526
v -0.01541021 0.002864141 -0.01083167
v -0.01541021 0.0029777 -0.0108113
v -0.01541021 0.0030315 -0.01078258
v -0.01541021 0.0001277899 -0.01075209
v -0.01541021 0.000213973 -0.01072681
v -0.01541021 0.0003483091 -0.01071253
v -0.01541021 0.000433422 -0.01071253
v -0.01541021 0.0001633013 -0.01036857
v -0.01541021 0.0002768608 -0.01038894
v -0.01541021 0.0004241662 -0.01039629
v -0.01541021 0.002792693 -0.01071253
v -0.01541021 0.002864141 -0.01038894
v -0.01541021 0.0029777 -0.01036857
v -0.01541021 0.0030315 -0.01033985
v -0.01541021 0.0001277899 -0.01030935
v -0.01541021 0.000213973 -0.01028407
v -0.01541021 0.0003483091 -0.0102698
v -0.01541021 0.000433422 -0.0102698
v -0.01541021 0.0001633013 -0.009925837
v -0.01541021 0.0002768608 -0.009946207
v -0.01541021 0.0004241662 -0.009953558
v -0.01541021 0.002792693 -0.0102698
v -0.01541021 0.002864141 -0.009946207
v -0.01541021 0.0029777 -0.009925837
v -0.01541021 0.0030315 -0.009897115
v -0.01541021 0.0001095027 -0.009454381
v -0.01541021 0.0001277899 -0.009866619
v -0.01541021 0.000213973 -0.009841339
v -0.01541021 0.0003483091 -0.009827063
v -0.01541021 0.0001277899 -0.009423885
v -0.01541021 0.0001633013 -0.009483103
v -0.01541021 0.0002768608 -0.009503473
v -0.01541021 0.000213973 -0.009398605
v -0.01541021 0.0004241662 -0.009510825
v -0.01541021 0.000433422 -0.009827064
v -0.01541021 0.0003483091 -0.009384329
v -0.01541021 0.002792693 -0.009827063
v -0.01541021 0.002864141 -0.009503473
v -0.01541021 0.0029777 -0.009483103
v -0.01541021 0.0030315 -0.009454381
v -0.01541021 0.000433422 -0.009384329
v -0.01541021 0.0001633013 -0.00904037
v -0.01541021 0.0002768608 -0.009060739
v -0.01541021 0.0004241662 -0.009068091
v -0.01541021 0.002792693 -0.009384329
v -0.01541021 0.002864141 -0.009060739
v -0.01541021 0.0029777 -0.00904037
v -0.01541021 0.0001277899 -0.008981152
v -0.01541021 0.000213973 -0.008955872
v -0.01541021 0.0003483091 -0.008941596
v -0.01541021 0.000433422 -0.008941596
v -0.01541021 0.0001633013 -0.008597636
v -0.01541021 0.0002768608 -0.008618006
v -0.01541021 0.0004241662 -0.008625358
v -0.01541021 0.002792693 -0.008941596
v -0.01541021 0.002864141 -0.008618006
v -0.01541021 0.0029777 -0.008597636
v -0.01541021 0.0001277899 -0.008538418
v -0.01541021 0.000213973 -0.008513138
v -0.01541021 0.0003483091 -0.008498862
v -0.01541021 0.000433422 -0.008498862
v -0.01541021 0.0001633013 -0.008154903
v -0.01541021 0.0002768608 -0.008175272
v -0.01541021 0.0004241662 -0.008182624
v -0.01541021 0.002792693 -0.008498862
v -0.01541021 0.002864141 -0.008175272
v -0.01535762 0.005482676 -0.008041004
v -0.01541021 0.002927029 -0.008513138
v -0.01541021 0.003013212 -0.008538418
v -0.01541021 0.0030315 -0.008568914
v -0.01535762 0.005482676 -0.01399757
v -0.01541021 0.0030315 -0.01388172
v -0.01541021 0.003013213 -0.01385122
v -0.01541021 0.002927029 -0.01382594
v -0.01535762 0.005482676 -0.008041004
v -0.01535762 0.00691499 -0.008041004
v -0.01541021 0.0004241662 -0.007739891
v -0.01541021 0.002864141 -0.007732538
v -0.01541021 0.0029777 -0.007712169
v -0.01541021 0.0030315 -0.007683446
v -0.01535762 0.005482676 -0.01399757
v -0.01541021 0.002864141 -0.01393081
v -0.01541021 0.0004241662 -0.01393816
v -0.01541021 0.0029777 -0.01391044
v -0.01541021 0.0030315 -0.01388172
v -0.01535762 0.005482676 -0.008041004
v -0.01541021 0.003013212 -0.01208029
v -0.01541021 0.0030315 -0.01211078
v -0.01541021 0.002927029 -0.01205501
v -0.01541021 0.002792693 -0.01204073
v -0.01541021 0.003013212 -0.01163755
v -0.01541021 0.0030315 -0.01166805
v -0.01541021 0.002927029 -0.01161227
v -0.01541021 0.002792693 -0.011598
v -0.01541021 0.003013212 -0.01119482
v -0.01541021 0.0030315 -0.01122532
v -0.01541021 0.002927029 -0.01116954
v -0.01541021 0.002792693 -0.01115526
v -0.01541021 0.003013212 -0.01075209
v -0.01541021 0.0030315 -0.01078258
v -0.01541021 0.002927029 -0.01072681
v -0.01541021 0.002792693 -0.01071253
v -0.01541021 0.003013212 -0.01030935
v -0.01541021 0.0030315 -0.01033985
v -0.01541021 0.002927029 -0.01028407
v -0.01541021 0.002792693 -0.0102698
v -0.01535762 0.005482676 -0.008041004
v -0.01541021 0.0029777 -0.00904037
v -0.01541021 0.002792693 -0.009384329
v -0.01541021 0.0030315 -0.009011647
v -0.01541021 0.0029777 -0.008597636
v -0.01541021 0.002792693 -0.008941596
v -0.01541021 0.0030315 -0.008568914
v -0.01535762 0.005482676 -0.008041004
v -0.01541021 0.003013212 -0.008981152
v -0.01541021 0.0030315 -0.009011647
v -0.01541021 0.002927029 -0.008955872
v -0.01541021 0.002792693 -0.008941596
v -0.01535762 0.005482676 -0.008041004
v -0.01541021 0.0029777 -0.008154903
v -0.01541021 0.002864141 -0.008175272
v -0.01541021 0.0030315 -0.00812618
v -0.01535762 0.005482676 -0.0157331
v -0.01535762 0.007146839 -0.0157331
v -0.01541021 0.0004241662 -0.0157091
v -0.01541021 0.002864141 -0.01570174
v -0.01541021 0.0029777 -0.01568137
v -0.01535762 0.005482676 -0.0177295
v -0.01541021 0.002864141 -0.01747268
v -0.01541021 0.0004241662 -0.01748003
v -0.01541021 0.0029777 -0.01745231
v -0.01535762 0.005482676 -0.0157331
v -0.01541021 0.0029777 -0.01612411
v -0.01541021 0.002864141 -0.01614448
v -0.01541021 0.0030315 -0.01609539
v -0.01535762 0.005482676 -0.0177295
v -0.01541021 0.0029777 -0.01789504
v -0.01541021 0.002864141 -0.01791541
v -0.01541021 0.0030315 -0.01786632
v -0.01533598 0.008745942 -0.01974086
v -0.01541021 0.008372745 -0.0198151
v -0.009636934 0.008372745 -0.0198151
v -0.009645264 0.008745942 -0.01974086
v -0.01512458 0.009062324 -0.01952947
v -0.01533598 0.008745942 -0.01974086
v -0.009645264 0.008745942 -0.01974086
v -0.009647623 0.009062324 -0.01952947
v -0.0148082 0.009273723 -0.01921308
v -0.01512458 0.009062324 -0.01952947
v -0.009647623 0.009062324 -0.01952947
v -0.009644819 0.009273723 -0.01921308
v -0.014435 0.009347956 -0.01883989
v -0.0148082 0.009273723 -0.01921308
v -0.009644819 0.009273723 -0.01921308
v -0.009647182 0.009347956 -0.01883989
v -0.01533598 -0.001020684 0.01618762
v -0.01541021 -0.0006474867 0.01626185
v -0.009636934 -0.0006474867 0.01626185
v -0.009645264 -0.001020684 0.01618762
v -0.01512458 -0.001337065 0.01597622
v -0.01533598 -0.001020684 0.01618762
v -0.009645264 -0.001020684 0.01618762
v -0.009647623 -0.001337065 0.01597622
v -0.0148082 -0.001548464 0.01565984
v -0.01512458 -0.001337065 0.01597622
v -0.009647623 -0.001337065 0.01597622
v -0.009644819 -0.001548464 0.01565984
v -0.014435 -0.001622698 0.01528664
v -0.0148082 -0.001548464 0.01565984
v -0.009644819 -0.001548464 0.01565984
v -0.009647182 -0.001622698 0.01528664
v -0.014435 0.009347956 0.01528664
v -0.014435 0.009347956 -0.01883989
v -0.009647182 0.009347956 -0.01883989
v -0.009647182 0.009347956 0.01528664
v -0.01541021 -0.0006474867 -0.0198151
v -0.009636934 -0.0006474867 -0.0198151
v -0.009636934 0.008372745 -0.0198151
v -0.01541021 0.008372745 -0.0198151
v -0.009645264 -0.001020684 0.01618762
v -0.009653919 -0.001201198 0.01551234
v -0.009647623 -0.001337065 0.01597622
v -0.009651623 -0.0008930826 0.01571821
v -0.009636934 -0.0006474867 0.01626185
v -0.00964351 -0.0005296373 0.01579051
v -0.009636934 0.008372745 0.01626185
v -0.00964351 0.008254895 0.01579051
v -0.009645264 0.008745942 0.01618762
v -0.009651623 0.008618341 0.01571821
v -0.009647623 0.009062324 0.01597622
v -0.009653919 0.008926457 0.01551234
v -0.009647623 -0.001337065 -0.01952947
v -0.009653919 -0.001201198 -0.01906558
v -0.009651623 -0.0008930826 -0.01927146
v -0.009645264 -0.001020684 -0.01974086
v -0.00964351 -0.0005296373 -0.01934375
v -0.009636934 -0.0006474867 -0.0198151
v -0.00964351 0.008254895 -0.01934375
v -0.009636934 0.008372745 -0.0198151
v -0.009651623 0.008618341 -0.01927146
v -0.009645264 0.008745942 -0.01974086
v -0.009653919 0.008926457 -0.01906558
v -0.009647623 0.009062324 -0.01952947
v -0.009644818 0.009273723 0.01565984
v -0.009653919 0.008926457 0.01551234
v -0.009647623 0.009062324 0.01597622
v -0.009651188 0.009132331 0.01520422
v -0.009647182 0.009347956 0.01528664
v -0.00965349 0.009204624 0.01484078
v -0.009647182 0.009347956 -0.01883989
v -0.00965349 0.009204624 -0.01839402
v -0.009644819 0.009273723 -0.01921308
v -0.009651188 0.009132331 -0.01875747
v -0.009647623 0.009062324 -0.01952947
v -0.009653919 0.008926457 -0.01906558
v -0.009647623 -0.001337065 0.01597622
v -0.009653919 -0.001201198 0.01551234
v -0.009651188 -0.001407072 0.01520422
v -0.009644819 -0.001548464 0.01565984
v -0.00965349 -0.001479366 0.01484078
v -0.009647182 -0.001622698 0.01528664
v -0.00965349 -0.001479366 -0.01839402
v -0.009647182 -0.001622698 -0.01883989
v -0.009651188 -0.001407072 -0.01875747
v -0.009644818 -0.001548464 -0.01921308
v -0.009653919 -0.001201198 -0.01906558
v -0.009647623 -0.001337065 -0.01952947
v -0.01521005 0.005482676 -0.008041004
v -0.01521005 0.005482676 -0.01399757
v -0.01521005 0.007146839 -0.01399757
v -0.01521005 0.007146839 -0.008041004
v -0.01525504 0.005482676 -0.0157331
v -0.01525504 0.005482676 -0.0177295
v -0.01525504 0.007146839 -0.0177295
v -0.01525504 0.007146839 -0.0157331
v 0.01236122 0.008405349 -0.01875725
v 0.01236122 0.008201131 -0.01879787
v 0.01236122 -0.0004758731 -0.01879787
v 0.01236122 -0.0006800912 -0.01875725
v 0.01236122 0.008532899 -0.01867203
v 0.01236122 -0.0008076393 -0.01867203
v 0.01236122 0.008618122 -0.01854448
v 0.01236122 -0.0008928636 -0.01854448
v 0.01236122 0.008658743 -0.01834026
v 0.01236122 -0.0009334856 -0.01834026
v 0.01236122 0.008658743 0.01478701
v 0.01236122 -0.0009334856 0.01478701
v 0.01236122 0.008618122 0.01499123
v 0.01236122 -0.0008928636 0.01499123
v 0.01236122 0.008532899 0.01511878
v 0.01236122 -0.0008076393 0.01511878
v 0.01236122 0.008405349 0.015204
v 0.01236122 -0.0006800912 0.015204
v 0.01236122 0.008201131 0.01524463
v 0.01236122 -0.0004758731 0.01524463
v -0.005733846 0.001243175 0.01420486
v -0.005733846 0.001243175 0.006069965
v -0.005733846 0.007995618 0.006069965
v -0.005733846 0.007995618 0.01420486
v -0.00964351 -0.0005296373 -0.01934375
v 0.01255448 -0.0005296373 -0.01934375
v 0.01255448 0.008254895 -0.01934375
v -0.00964351 0.008254895 -0.01934375
v 0.01255448 0.008201131 0.01524463
v 0.01236122 0.008201131 0.01524463
v 0.01236122 -0.0004758731 0.01524463
v 0.01255448 -0.0004758731 0.01524463
v -0.00965349 0.009204624 0.01484078
v -0.00965349 0.009204624 -0.01839402
v 0.01255448 0.009204624 -0.01839402
v 0.01255448 0.009204624 0.01484078
v -0.00965349 -0.001479366 0.01484078
v -0.009651188 -0.001407072 0.01520422
v 0.01255448 -0.001407072 0.01520422
v 0.01255448 -0.001479366 0.01484078
v -0.009651188 -0.001407072 0.01520422
v -0.009653919 -0.001201198 0.01551234
v 0.01255448 -0.001201198 0.01551234
v 0.01255448 -0.001407072 0.01520422
v -0.009653919 -0.001201198 0.01551234
v -0.009651623 -0.0008930826 0.01571821
v 0.01255448 -0.0008930826 0.01571821
v 0.01255448 -0.001201198 0.01551234
v -0.009651623 -0.0008930826 0.01571821
v -0.00964351 -0.0005296373 0.01579051
v 0.01255448 -0.0005296373 0.01579051
v 0.01255448 -0.0008930826 0.01571821
v -0.00965349 0.009204624 -0.01839402
v -0.009651188 0.009132331 -0.01875747
v 0.01255448 0.009132331 -0.01875747
v 0.01255448 0.009204624 -0.01839402
v -0.009651188 0.009132331 -0.01875747
v -0.009653919 0.008926457 -0.01906558
v 0.01255448 0.008926457 -0.01906558
v 0.01255448 0.009132331 -0.01875747
v -0.009653919 0.008926457 -0.01906558
v -0.009651623 0.008618341 -0.01927146
v 0.01255448 0.008618341 -0.01927146
v 0.01255448 0.008926457 -0.01906558
v -0.009651623 0.008618341 -0.01927146
v -0.00964351 0.008254895 -0.01934375
v 0.01255448 0.008254895 -0.01934375
v 0.01255448 0.008618341 -0.01927146
v 0.01255448 -0.0008930826 -0.01927146
v 0.01255448 -0.0005296373 -0.01934375
v -0.00964351 -0.0005296373 -0.01934375
v -0.009651623 -0.0008930826 -0.01927146
v 0.01255448 -0.001201198 -0.01906558
v 0.01255448 -0.0008930826 -0.01927146
v -0.009651623 -0.0008930826 -0.01927146
v -0.009653919 -0.001201198 -0.01906558
v 0.01255448 -0.001407072 -0.01875747
v 0.01255448 -0.001201198 -0.01906558
v -0.009653919 -0.001201198 -0.01906558
v -0.009651188 -0.001407072 -0.01875747
v 0.01255448 -0.001479366 -0.01839402
v 0.01255448 -0.001407072 -0.01875747
v -0.009651188 -0.001407072 -0.01875747
v -0.00965349 -0.001479366 -0.01839402
v 0.01255448 0.008618341 0.01571821
v 0.01255448 0.008254895 0.01579051
v -0.00964351 0.008254895 0.01579051
v -0.009651623 0.008618341 0.01571821
v 0.01255448 0.008926457 0.01551234
v 0.01255448 0.008618341 0.01571821
v -0.009651623 0.008618341 0.01571821
v -0.009653919 0.008926457 0.01551234
v 0.01255448 0.009132331 0.01520422
v 0.01255448 0.008926457 0.01551234
v -0.009653919 0.008926457 0.01551234
v -0.009651188 0.009132331 0.01520422
v 0.01255448 0.009204624 0.01484078
v 0.01255448 0.009132331 0.01520422
v -0.009651188 0.009132331 0.01520422
v -0.00965349 0.009204624 0.01484078
v 0.01255448 -0.0005296373 0.01579051
v -0.00964351 -0.0005296373 0.01579051
v -0.00964351 0.008254895 0.01579051
v 0.01255448 0.008254895 0.01579051
v 0.01255448 -0.001479366 0.01484078
v 0.01255448 -0.001479366 -0.01839402
v -0.00965349 -0.001479366 -0.01839402
v -0.00965349 -0.001479366 0.01484078
v 0.01255448 0.008405349 0.015204
v 0.01236122 0.008405349 0.015204
v 0.01236122 0.008201131 0.01524463
v 0.01255448 0.008201131 0.01524463
v 0.01255448 0.008405349 -0.01875725
v 0.01236122 0.008405349 -0.01875725
v 0.01236122 0.008532899 -0.01867203
v 0.01255448 0.008532899 -0.01867203
v 0.01255448 0.008658743 -0.01834026
v 0.01236122 0.008658743 -0.01834026
v 0.01236122 0.008658743 0.01478701
v 0.01255448 0.008658743 0.01478701
v 0.01255448 0.008532899 0.01511878
v 0.01236122 0.008532899 0.01511878
v 0.01236122 0.008405349 0.015204
v 0.01255448 0.008405349 0.015204
v 0.01255448 0.008532899 -0.01867203
v 0.01236122 0.008532899 -0.01867203
v 0.01236122 0.008618122 -0.01854448
v 0.01255448 0.008618122 -0.01854448
v 0.01255448 -0.0009334856 0.01478701
v 0.01236122 -0.0009334856 0.01478701
v 0.01236122 -0.0009334856 -0.01834026
v 0.01255448 -0.0009334856 -0.01834026
v 0.01255448 0.008618122 0.01499123
v 0.01236122 0.008618122 0.01499123
v 0.01236122 0.008532899 0.01511878
v 0.01255448 0.008532899 0.01511878
v 0.01255448 0.008618122 -0.01854448
v 0.01236122 0.008618122 -0.01854448
v 0.01236122 0.008658743 -0.01834026
v 0.01255448 0.008658743 -0.01834026
v 0.01255448 -0.0004758731 -0.01879787
v 0.01236122 -0.0004758731 -0.01879787
v 0.01236122 0.008201131 -0.01879787
v 0.01255448 0.008201131 -0.01879787
v 0.01255448 0.008658743 0.01478701
v 0.01236122 0.008658743 0.01478701
v 0.01236122 0.008618122 0.01499123
v 0.01255448 0.008618122 0.01499123
v 0.01255448 -0.0004758731 0.01524463
v 0.01236122 -0.0004758731 0.01524463
v 0.01236122 -0.0006800912 0.015204
v 0.01255448 -0.0006800912 0.015204
v 0.01255448 -0.0008928636 -0.01854448
v 0.01236122 -0.0008928636 -0.01854448
v 0.01236122 -0.0008076393 -0.01867203
v 0.01255448 -0.0008076393 -0.01867203
v 0.01255448 -0.0006800912 0.015204
v 0.01236122 -0.0006800912 0.015204
v 0.01236122 -0.0008076393 0.01511878
v 0.01255448 -0.0008076393 0.01511878
v 0.01255448 -0.0008076393 -0.01867203
v 0.01236122 -0.0008076393 -0.01867203
v 0.01236122 -0.0006800912 -0.01875725
v 0.01255448 -0.0006800912 -0.01875725
v 0.01255448 -0.0008076393 0.01511878
v 0.01236122 -0.0008076393 0.01511878
v 0.01236122 -0.0008928636 0.01499123
v 0.01255448 -0.0008928636 0.01499123
v 0.01255448 -0.0009334856 -0.01834026
v 0.01236122 -0.0009334856 -0.01834026
v 0.01236122 -0.0008928636 -0.01854448
v 0.01255448 -0.0008928636 -0.01854448
v 0.01255448 -0.0006800912 -0.01875725
v 0.01236122 -0.0006800912 -0.01875725
v 0.01236122 -0.0004758731 -0.01879787
v 0.01255448 -0.0004758731 -0.01879787
v 0.01255448 -0.0008928636 0.01499123
v 0.01236122 -0.0008928636 0.01499123
v 0.01236122 -0.0009334856 0.01478701
v 0.01255448 -0.0009334856 0.01478701
v 0.01255448 0.008201131 -0.01879787
v 0.01236122 0.008201131 -0.01879787
v 0.01236122 0.008405349 -0.01875725
v 0.01255448 0.008405349 -0.01875725
v 0.01255448 -0.0004758731 -0.01879787
v 0.01255448 -0.0005296373 -0.01934375
v 0.01255448 -0.0008930826 -0.01927146
v 0.01255448 -0.0006800912 -0.01875725
v 0.01255448 0.008201131 -0.01879787
v 0.01255448 -0.001201198 -0.01906558
v 0.01255448 0.008254895 -0.01934375
v 0.01255448 -0.0008076393 -0.01867203
v 0.01255448 0.008405349 -0.01875725
v 0.01255448 -0.001407072 -0.01875747
v 0.01255448 0.008618341 -0.01927146
v 0.01255448 -0.0008928636 -0.01854448
v 0.01255448 0.008532899 -0.01867203
v 0.01255448 -0.001479366 -0.01839402
v 0.01255448 0.008926457 -0.01906558
v 0.01255448 -0.0009334856 -0.01834026
v 0.01255448 0.008618122 -0.01854448
v 0.01255448 -0.001479366 0.01484078
v 0.01255448 0.009132331 -0.01875747
v 0.01255448 -0.0009334856 0.01478701
v 0.01255448 0.008658743 -0.01834026
v 0.01255448 -0.001407072 0.01520422
v 0.01255448 0.009204624 -0.01839402
v 0.01255448 -0.0008928636 0.01499123
v 0.01255448 0.008658743 0.01478701
v 0.01255448 -0.001201198 0.01551234
v 0.01255448 0.009204624 0.01484078
v 0.01255448 -0.0008076393 0.01511878
v 0.01255448 0.008618122 0.01499123
v 0.01255448 -0.0008930826 0.01571821
v 0.01255448 0.009132331 0.01520422
v 0.01255448 -0.0006800912 0.015204
v 0.01255448 0.008532899 0.01511878
v 0.01255448 -0.0005296373 0.01579051
v 0.01255448 0.008926457 0.01551234
v 0.01255448 -0.0004758731 0.01524463
v 0.01255448 0.008405349 0.015204
v 0.01255448 0.008254895 0.01579051
v 0.01255448 0.008618341 0.01571821
v 0.01255448 0.008201131 0.01524463
v -0.0153507 0.005799202 -0.009185696
v -0.0153507 0.005985091 -0.009184364
v -0.0153507 0.005985091 -0.009615526
v -0.0153507 0.005799202 -0.009615526
v -0.0153507 0.005799202 -0.009185696
v -0.01538686 0.005799202 -0.009184364
v -0.01538686 0.005985091 -0.009184364
v -0.0153507 0.005985091 -0.009184364
v -0.01538686 0.005799202 -0.009184364
v -0.01538686 0.005799202 -0.009615526
v -0.01538686 0.005985091 -0.009615526
v -0.01538686 0.005985091 -0.009184364
v -0.0153507 0.005985091 -0.009184364
v -0.01538686 0.005985091 -0.009184364
v -0.01538686 0.005985091 -0.009615526
v -0.0153507 0.005985091 -0.009615526
v -0.0153507 0.005799202 -0.009615526
v -0.01538686 0.005799202 -0.009615526
v -0.01538686 0.005799202 -0.009184364
v -0.0153507 0.005799202 -0.009185696
v -0.0153507 0.005985091 -0.009615526
v -0.01538686 0.005985091 -0.009615526
v -0.01538686 0.005799202 -0.009615526
v -0.0153507 0.005799202 -0.009615526
v -0.0153507 0.005799202 -0.01105268
v -0.0153507 0.005985091 -0.01105135
v -0.0153507 0.005985091 -0.01148252
v -0.0153507 0.005799202 -0.01148252
v -0.0153507 0.005799202 -0.01105268
v -0.01538686 0.005799202 -0.01105135
v -0.01538686 0.005985091 -0.01105135
v -0.0153507 0.005985091 -0.01105135
v -0.01538686 0.005799202 -0.01105135
v -0.01538686 0.005799202 -0.01148252
v -0.01538686 0.005985091 -0.01148252
v -0.01538686 0.005985091 -0.01105135
v -0.0153507 0.005985091 -0.01105135
v -0.01538686 0.005985091 -0.01105135
v -0.01538686 0.005985091 -0.01148252
v -0.0153507 0.005985091 -0.01148252
v -0.0153507 0.005799202 -0.01148252
v -0.01538686 0.005799202 -0.01148252
v -0.01538686 0.005799202 -0.01105135
v -0.0153507 0.005799202 -0.01105268
v -0.0153507 0.005985091 -0.01148252
v -0.01538686 0.005985091 -0.01148252
v -0.01538686 0.005799202 -0.01148252
v -0.0153507 0.005799202 -0.01148252
v -0.0148682 0.005067369 0.007135348
v -0.0148682 0.005253259 0.00713668
v -0.0148682 0.005253259 0.006705519
v -0.0148682 0.005067369 0.006705519
v -0.0148682 0.005067369 0.007135348
v -0.01490436 0.005067369 0.00713668
v -0.01490436 0.005253259 0.00713668
v -0.0148682 0.005253259 0.00713668
v -0.01490436 0.005067369 0.00713668
v -0.01490436 0.005067369 0.006705519
v -0.01490436 0.005253259 0.006705519
v -0.01490436 0.005253259 0.00713668
v -0.0148682 0.005253259 0.00713668
v -0.01490436 0.005253259 0.00713668
v -0.01490436 0.005253259 0.006705519
v -0.0148682 0.005253259 0.006705519
v -0.0148682 0.005067369 0.006705519
v -0.01490436 0.005067369 0.006705519
v -0.01490436 0.005067369 0.00713668
v -0.0148682 0.005067369 0.007135348
v -0.0148682 0.005253259 0.006705519
v -0.01490436 0.005253259 0.006705519
v -0.01490436 0.005067369 0.006705519
v -0.0148682 0.005067369 0.006705519
v -0.01525228 0.007034375 -0.00974932
v -0.01508469 0.007034375 -0.009750583
v -0.01511729 0.007034375 -0.00827967
v -0.01528488 0.007034375 -0.008278406
v -0.01528788 0.006898966 -0.008142971
v -0.01512029 0.006898966 -0.008144235
v -0.01512029 0.005730548 -0.008144235
v -0.01528788 0.005730548 -0.008142971
v -0.01508184 0.00694081 -0.00987939
v -0.01508169 0.006898966 -0.009886019
v -0.01508169 0.005730548 -0.009886019
v -0.01508184 0.005688705 -0.00987939
v -0.01508226 0.006978557 -0.009860153
v -0.01508184 0.005688705 -0.00987939
v -0.01508226 0.005650957 -0.009860153
v -0.01508226 0.006978557 -0.009860153
v -0.01508293 0.007008514 -0.009830191
v -0.01508293 0.005621 -0.009830191
v -0.01508376 0.007027748 -0.009792435
v -0.01508376 0.005601767 -0.009792435
v -0.01508469 0.007034375 -0.009750583
v -0.01508469 0.005595139 -0.009750583
v -0.01511729 0.007034375 -0.00827967
v -0.01511729 0.005595139 -0.00827967
v -0.01511822 0.007027748 -0.008237818
v -0.01511822 0.005601767 -0.008237818
v -0.01511906 0.007008514 -0.008200063
v -0.01511906 0.005621 -0.008200063
v -0.01511972 0.006978557 -0.008170102
v -0.01511972 0.005650957 -0.008170102
v -0.01512015 0.00694081 -0.008150863
v -0.01512015 0.005688705 -0.008150863
v -0.01512029 0.006898966 -0.008144235
v -0.01512029 0.005730548 -0.008144235
v -0.01524942 0.005688705 -0.009878127
v -0.01524928 0.005730548 -0.009884755
v -0.01524928 0.006898966 -0.009884755
v -0.01524942 0.00694081 -0.009878127
v -0.01524985 0.005650957 -0.00985889
v -0.01524942 0.00694081 -0.009878127
v -0.01524985 0.006978557 -0.00985889
v -0.01524985 0.005650957 -0.00985889
v -0.01525051 0.005621 -0.009828927
v -0.01525051 0.007008514 -0.009828927
v -0.01525135 0.005601767 -0.009791172
v -0.01525135 0.007027748 -0.009791172
v -0.01525228 0.005595139 -0.00974932
v -0.01525228 0.007034375 -0.00974932
v -0.01528488 0.005595139 -0.008278406
v -0.01528488 0.007034375 -0.008278406
v -0.01528581 0.005601767 -0.008236555
v -0.01528581 0.007027748 -0.008236555
v -0.01528664 0.005621 -0.0081988
v -0.01528664 0.007008514 -0.0081988
v -0.01528731 0.005650957 -0.008168838
v -0.01528731 0.006978557 -0.008168838
v -0.01528774 0.005688705 -0.008149601
v -0.01528774 0.00694081 -0.008149601
v -0.01528788 0.005730548 -0.008142971
v -0.01528788 0.006898966 -0.008142971
v -0.01528488 0.005595139 -0.008278406
v -0.01511729 0.005595139 -0.00827967
v -0.01508469 0.005595139 -0.009750583
v -0.01525228 0.005595139 -0.00974932
v -0.01524928 0.005730548 -0.009884755
v -0.01524942 0.005688705 -0.009878127
v -0.01508184 0.005688705 -0.00987939
v -0.01508169 0.005730548 -0.009886019
v -0.01524942 0.005688705 -0.009878127
v -0.01524985 0.005650957 -0.00985889
v -0.01508226 0.005650957 -0.009860153
v -0.01508184 0.005688705 -0.00987939
v -0.01524985 0.005650957 -0.00985889
v -0.01525051 0.005621 -0.009828927
v -0.01508293 0.005621 -0.009830191
v -0.01508226 0.005650957 -0.009860153
v -0.01525051 0.005621 -0.009828927
v -0.01525135 0.005601767 -0.009791172
v -0.01508376 0.005601767 -0.009792435
v -0.01508293 0.005621 -0.009830191
v -0.01525135 0.005601767 -0.009791172
v -0.01525228 0.005595139 -0.00974932
v -0.01508469 0.005595139 -0.009750583
v -0.01508376 0.005601767 -0.009792435
v -0.01512029 0.005730548 -0.008144235
v -0.01512015 0.005688705 -0.008150863
v -0.01528774 0.005688705 -0.008149601
v -0.01528788 0.005730548 -0.008142971
v -0.01512015 0.005688705 -0.008150863
v -0.01511972 0.005650957 -0.008170102
v -0.01528731 0.005650957 -0.008168838
v -0.01528774 0.005688705 -0.008149601
v -0.01511972 0.005650957 -0.008170102
v -0.01511906 0.005621 -0.008200063
v -0.01528664 0.005621 -0.0081988
v -0.01528731 0.005650957 -0.008168838
v -0.01511906 0.005621 -0.008200063
v -0.01511822 0.005601767 -0.008237818
v -0.01528581 0.005601767 -0.008236555
v -0.01528664 0.005621 -0.0081988
v -0.01511822 0.005601767 -0.008237818
v -0.01511729 0.005595139 -0.00827967
v -0.01528488 0.005595139 -0.008278406
v -0.01528581 0.005601767 -0.008236555
v -0.01511729 0.007034375 -0.00827967
v -0.01511822 0.007027748 -0.008237818
v -0.01528581 0.007027748 -0.008236555
v -0.01528488 0.007034375 -0.008278406
v -0.01511822 0.007027748 -0.008237818
v -0.01511906 0.007008514 -0.008200063
v -0.01528664 0.007008514 -0.0081988
v -0.01528581 0.007027748 -0.008236555
v -0.01511906 0.007008514 -0.008200063
v -0.01511972 0.006978557 -0.008170102
v -0.01528731 0.006978557 -0.008168838
v -0.01528664 0.007008514 -0.0081988
v -0.01511972 0.006978557 -0.008170102
v -0.01512015 0.00694081 -0.008150863
v -0.01528774 0.00694081 -0.008149601
v -0.01528731 0.006978557 -0.008168838
v -0.01512015 0.00694081 -0.008150863
v -0.01512029 0.006898966 -0.008144235
v -0.01528788 0.006898966 -0.008142971
v -0.01528774 0.00694081 -0.008149601
v -0.01525228 0.007034375 -0.00974932
v -0.01525135 0.007027748 -0.009791172
v -0.01508376 0.007027748 -0.009792435
v -0.01508469 0.007034375 -0.009750583
v -0.01525135 0.007027748 -0.009791172
v -0.01525051 0.007008514 -0.009828927
v -0.01508293 0.007008514 -0.009830191
v -0.01508376 0.007027748 -0.009792435
v -0.01525051 0.007008514 -0.009828927
v -0.01524985 0.006978557 -0.00985889
v -0.01508226 0.006978557 -0.009860153
v -0.01508293 0.007008514 -0.009830191
v -0.01524985 0.006978557 -0.00985889
v -0.01524942 0.00694081 -0.009878127
v -0.01508184 0.00694081 -0.00987939
v -0.01508226 0.006978557 -0.009860153
v -0.01524942 0.00694081 -0.009878127
v -0.01524928 0.006898966 -0.009884755
v -0.01508169 0.006898966 -0.009886019
v -0.01508184 0.00694081 -0.00987939
v -0.01524928 0.005730548 -0.009884755
v -0.01508169 0.005730548 -0.009886019
v -0.01508169 0.006898966 -0.009886019
v -0.01524928 0.006898966 -0.009884755
v -0.01525228 0.007034375 -0.01161631
v -0.01508469 0.007034375 -0.01161757
v -0.01511729 0.007034375 -0.01014666
v -0.01528488 0.007034375 -0.0101454
v -0.01528788 0.006898966 -0.01000996
v -0.01512029 0.006898966 -0.01001122
v -0.01512029 0.005730548 -0.01001122
v -0.01528788 0.005730548 -0.01000996
v -0.01508184 0.00694081 -0.01174638
v -0.01508169 0.006898966 -0.01175301
v -0.01508169 0.005730548 -0.01175301
v -0.01508184 0.005688705 -0.01174638
v -0.01508226 0.006978557 -0.01172714
v -0.01508184 0.005688705 -0.01174638
v -0.01508226 0.005650957 -0.01172714
v -0.01508226 0.006978557 -0.01172714
v -0.01508293 0.007008514 -0.01169718
v -0.01508293 0.005621 -0.01169718
v -0.01508376 0.007027748 -0.01165943
v -0.01508376 0.005601767 -0.01165943
v -0.01508469 0.007034375 -0.01161757
v -0.01508469 0.005595139 -0.01161757
v -0.01511729 0.007034375 -0.01014666
v -0.01511729 0.005595139 -0.01014666
v -0.01511822 0.007027748 -0.01010481
v -0.01511822 0.005601767 -0.01010481
v -0.01511906 0.007008514 -0.01006705
v -0.01511906 0.005621 -0.01006705
v -0.01511972 0.006978557 -0.01003709
v -0.01511972 0.005650957 -0.01003709
v -0.01512015 0.00694081 -0.01001785
v -0.01512015 0.005688705 -0.01001785
v -0.01512029 0.006898966 -0.01001122
v -0.01512029 0.005730548 -0.01001122
v -0.01524942 0.005688705 -0.01174512
v -0.01524928 0.005730548 -0.01175174
v -0.01524928 0.006898966 -0.01175174
v -0.01524942 0.00694081 -0.01174512
v -0.01524985 0.005650957 -0.01172588
v -0.01524942 0.00694081 -0.01174512
v -0.01524985 0.006978557 -0.01172588
v -0.01524985 0.005650957 -0.01172588
v -0.01525051 0.005621 -0.01169592
v -0.01525051 0.007008514 -0.01169592
v -0.01525135 0.005601767 -0.01165816
v -0.01525135 0.007027748 -0.01165816
v -0.01525228 0.005595139 -0.01161631
v -0.01525228 0.007034375 -0.01161631
v -0.01528488 0.005595139 -0.0101454
v -0.01528488 0.007034375 -0.0101454
v -0.01528581 0.005601767 -0.01010354
v -0.01528581 0.007027748 -0.01010354
v -0.01528664 0.005621 -0.01006579
v -0.01528664 0.007008514 -0.01006579
v -0.01528731 0.005650957 -0.01003583
v -0.01528731 0.006978557 -0.01003583
v -0.01528774 0.005688705 -0.01001659
v -0.01528774 0.00694081 -0.01001659
v -0.01528788 0.005730548 -0.01000996
v -0.01528788 0.006898966 -0.01000996
v -0.01528488 0.005595139 -0.0101454
v -0.01511729 0.005595139 -0.01014666
v -0.01508469 0.005595139 -0.01161757
v -0.01525228 0.005595139 -0.01161631
v -0.01524928 0.005730548 -0.01175174
v -0.01524942 0.005688705 -0.01174512
v -0.01508184 0.005688705 -0.01174638
v -0.01508169 0.005730548 -0.01175301
v -0.01524942 0.005688705 -0.01174512
v -0.01524985 0.005650957 -0.01172588
v -0.01508226 0.005650957 -0.01172714
v -0.01508184 0.005688705 -0.01174638
v -0.01524985 0.005650957 -0.01172588
v -0.01525051 0.005621 -0.01169592
v -0.01508293 0.005621 -0.01169718
v -0.01508226 0.005650957 -0.01172714
v -0.01525051 0.005621 -0.01169592
v -0.01525135 0.005601767 -0.01165816
v -0.01508376 0.005601767 -0.01165943
v -0.01508293 0.005621 -0.01169718
v -0.01525135 0.005601767 -0.01165816
v -0.01525228 0.005595139 -0.01161631
v -0.01508469 0.005595139 -0.01161757
v -0.01508376 0.005601767 -0.01165943
v -0.01512029 0.005730548 -0.01001122
v -0.01512015 0.005688705 -0.01001785
v -0.01528774 0.005688705 -0.01001659
v -0.01528788 0.005730548 -0.01000996
v -0.01512015 0.005688705 -0.01001785
v -0.01511972 0.005650957 -0.01003709
v -0.01528731 0.005650957 -0.01003583
v -0.01528774 0.005688705 -0.01001659
v -0.01511972 0.005650957 -0.01003709
v -0.01511906 0.005621 -0.01006705
v -0.01528664 0.005621 -0.01006579
v -0.01528731 0.005650957 -0.01003583
v -0.01511906 0.005621 -0.01006705
v -0.01511822 0.005601767 -0.01010481
v -0.01528581 0.005601767 -0.01010354
v -0.01528664 0.005621 -0.01006579
v -0.01511822 0.005601767 -0.01010481
v -0.01511729 0.005595139 -0.01014666
v -0.01528488 0.005595139 -0.0101454
v -0.01528581 0.005601767 -0.01010354
v -0.01511729 0.007034375 -0.01014666
v -0.01511822 0.007027748 -0.01010481
v -0.01528581 0.007027748 -0.01010354
v -0.01528488 0.007034375 -0.0101454
v -0.01511822 0.007027748 -0.01010481
v -0.01511906 0.007008514 -0.01006705
v -0.01528664 0.007008514 -0.01006579
v -0.01528581 0.007027748 -0.01010354
v -0.01511906 0.007008514 -0.01006705
v -0.01511972 0.006978557 -0.01003709
v -0.01528731 0.006978557 -0.01003583
v -0.01528664 0.007008514 -0.01006579
v -0.01511972 0.006978557 -0.01003709
v -0.01512015 0.00694081 -0.01001785
v -0.01528774 0.00694081 -0.01001659
v -0.01528731 0.006978557 -0.01003583
v -0.01512015 0.00694081 -0.01001785
v -0.01512029 0.006898966 -0.01001122
v -0.01528788 0.006898966 -0.01000996
v -0.01528774 0.00694081 -0.01001659
v -0.01525228 0.007034375 -0.01161631
v -0.01525135 0.007027748 -0.01165816
v -0.01508376 0.007027748 -0.01165943
v -0.01508469 0.007034375 -0.01161757
v -0.01525135 0.007027748 -0.01165816
v -0.01525051 0.007008514 -0.01169592
v -0.01508293 0.007008514 -0.01169718
v -0.01508376 0.007027748 -0.01165943
v -0.01525051 0.007008514 -0.01169592
v -0.01524985 0.006978557 -0.01172588
v -0.01508226 0.006978557 -0.01172714
v -0.01508293 0.007008514 -0.01169718
v -0.01524985 0.006978557 -0.01172588
v -0.01524942 0.00694081 -0.01174512
v -0.01508184 0.00694081 -0.01174638
v -0.01508226 0.006978557 -0.01172714
v -0.01524942 0.00694081 -0.01174512
v -0.01524928 0.006898966 -0.01175174
v -0.01508169 0.006898966 -0.01175301
v -0.01508184 0.00694081 -0.01174638
v -0.01524928 0.005730548 -0.01175174
v -0.01508169 0.005730548 -0.01175301
v -0.01508169 0.006898966 -0.01175301
v -0.01524928 0.006898966 -0.01175174
vt 0.8527769 0.75
vt 0.6472232 0.75
vt 0.6472232 0.7500001
vt 0.6472232 0.7500001
vt 0.7866848 0.75
vt 0.8527769 0.75
vt 0.7866848 0.75
vt 0.8527769 0.7500001
vt 0.8527769 0.75
vt 0.8227698 0.65731
vt 0.8227698 0.6757143
vt 0.8227698 0.7107936
vt 0.7699581 0.6345834
vt 0.731061 0.7058147
vt 0.7286763 0.708503
vt 0.731073 0.7027268
vt 0.7286794 0.7054294
vt 0.7310597 0.6996807
vt 0.7286788 0.7023626
vt 0.7699581 0.6345834
vt 0.73106 0.6966121
vt 0.7286798 0.6992929
vt 0.7699581 0.6345834
vt 0.7310601 0.6935438
vt 0.7256182 0.6961263
vt 0.7310599 0.6904764
vt 0.7256181 0.6930586
vt 0.7699581 0.6345834
vt 0.7310596 0.6874087
vt 0.7256182 0.6899904
vt 0.7310598 0.6843405
vt 0.725618 0.6869227
vt 0.7699581 0.6345834
vt 0.7310598 0.6812725
vt 0.725618 0.6838547
vt 0.7699581 0.6345834
vt 0.73106 0.6782042
vt 0.7256184 0.6807863
vt 0.8227698 0.7107936
vt 0.8227698 0.6757143
vt 0.7298341 0.721355
vt 0.8227698 0.6757143
vt 0.7310602 0.7211559
vt 0.7298341 0.721355
vt 0.8227698 0.6757143
vt 0.7310603 0.7180876
vt 0.7298344 0.7182865
vt 0.7298322 0.7121545
vt 0.7272471 0.7122909
vt 0.7310599 0.7119522
vt 0.8227698 0.6757143
vt 0.7310595 0.7150211
vt 0.7298335 0.7152201
vt 0.7699585 0.7107934
vt 0.7310601 0.7303598
vt 0.729834 0.730559
vt 0.7699585 0.7107934
vt 0.73106 0.7272918
vt 0.7298336 0.7274919
vt 0.7699584 0.7300591
vt 0.73106 0.7426319
vt 0.7298341 0.7428309
vt 0.7699584 0.7300591
vt 0.7310601 0.739564
vt 0.7298341 0.7397629
vt 1 0.5
vt 1 0.9825901
vt 0.9230769 0.9825901
vt 0.9230769 0.5
vt 0.9230769 0.5
vt 0.9230769 0.9825901
vt 0.8461539 0.9825901
vt 0.8461539 0.5
vt 0.8461539 0.5
vt 0.8461539 0.9825901
vt 0.7692308 0.9825901
vt 0.7692308 0.5
vt 0.7692308 0.5
vt 0.7692308 0.9825901
vt 0.6923077 0.9825901
vt 0.6923077 0.5
vt 0.6923077 0.5
vt 0.6923077 0.9825901
vt 0.6153846 0.9825901
vt 0.6153846 0.5
vt 0.6153846 0.5
vt 0.6153846 0.9825901
vt 0.5384616 0.9825901
vt 0.5384616 0.5
vt 0.5384616 0.5
vt 0.5384616 0.9825901
vt 0.5358463 0.9825901
vt 0.4615385 0.5
vt 0.4615385 0.9825901
vt 0.4615385 0.5
vt 0.4615385 0.9825901
vt 0.3846154 0.9825901
vt 0.3846154 0.5
vt 0.3846154 0.5
vt 0.3846154 0.9825901
vt 0.3076923 0.9825901
vt 0.3076923 0.5
vt 0.3076923 0.5
vt 0.3076923 0.9825901
vt 0.2307693 0.9825901
vt 0.2307693 0.5
vt 0.2307693 0.5
vt 0.2307693 0.9825901
vt 0.1538462 0.9825901
vt 0.1538462 0.5
vt 0.1538462 0.5
vt 0.1538462 0.9825901
vt 0.07692312 0.9825901
vt 0.07692312 0.5
vt 0.07692312 0.5
vt 0.07692312 0.9825901
vt 4.470348E-08 0.9825901
vt 4.470348E-08 0.5
vt 0.6384665 0.4625095
vt 0.75 0.49
vt 0.8615336 0.4625095
vt 0.5524839 0.3863356
vt 0.9475161 0.3863355
vt 0.5117499 0.2789288
vt 0.9882501 0.2789288
vt 0.5255961 0.1648948
vt 0.9744039 0.1648948
vt 0.5908506 0.07035741
vt 0.9091494 0.07035743
vt 0.6925642 0.01697396
vt 0.8074358 0.01697396
vt 1 0.5
vt 1 0.9825901
vt 0.9230769 0.9825901
vt 0.9230769 0.5
vt 0.9230769 0.5
vt 0.9230769 0.9825901
vt 0.8461539 0.9825901
vt 0.8461539 0.5
vt 0.8461539 0.5
vt 0.8461539 0.9825901
vt 0.7692308 0.9825901
vt 0.7692308 0.5
vt 0.7692308 0.5
vt 0.7692308 0.9825901
vt 0.6923077 0.9825901
vt 0.6923077 0.5
vt 0.6923077 0.5
vt 0.6923077 0.9825901
vt 0.6153846 0.9825901
vt 0.6153846 0.5
vt 0.6153846 0.5
vt 0.6153846 0.9825901
vt 0.5384616 0.9825901
vt 0.5384616 0.5
vt 0.5384616 0.5
vt 0.5384616 0.9825901
vt 0.5357832 0.9825901
vt 0.4615385 0.5
vt 0.4615385 0.9825901
vt 0.4615385 0.5
vt 0.4615385 0.9825901
vt 0.3846154 0.9825901
vt 0.3846154 0.5
vt 0.3846154 0.5
vt 0.3846154 0.9825901
vt 0.3076923 0.9825901
vt 0.3076923 0.5
vt 0.3076923 0.5
vt 0.3076923 0.9825901
vt 0.2307693 0.9825901
vt 0.2307693 0.5
vt 0.2307693 0.5
vt 0.2307693 0.9825901
vt 0.1538462 0.9825901
vt 0.1538462 0.5
vt 0.1538462 0.5
vt 0.1538462 0.9825901
vt 0.07692312 0.9825901
vt 0.07692312 0.5
vt 0.07692312 0.5
vt 0.07692312 0.9825901
vt 4.470348E-08 0.9825901
vt 4.470348E-08 0.5
vt 0.6384665 0.4625095
vt 0.75 0.49
vt 0.8615336 0.4625095
vt 0.5524839 0.3863356
vt 0.9475161 0.3863355
vt 0.5117499 0.2789288
vt 0.9882501 0.2789288
vt 0.5255961 0.1648948
vt 0.9744039 0.1648948
vt 0.5908506 0.07035741
vt 0.9091494 0.07035743
vt 0.6925642 0.01697396
vt 0.8074358 0.01697396
vt 1 0.5
vt 1 0.9825901
vt 0.9230769 0.9825901
vt 0.9230769 0.5
vt 0.9230769 0.5
vt 0.9230769 0.9825901
vt 0.8461539 0.9825901
vt 0.8461539 0.5
vt 0.8461539 0.5
vt 0.8461539 0.9825901
vt 0.7692308 0.9825901
vt 0.7692308 0.5
vt 0.7692308 0.5
vt 0.7692308 0.9825901
vt 0.6923077 0.9825901
vt 0.6923077 0.5
vt 0.6923077 0.5
vt 0.6923077 0.9825901
vt 0.6153846 0.9825901
vt 0.6153846 0.5
vt 0.6153846 0.5
vt 0.6153846 0.9825901
vt 0.5384616 0.9825901
vt 0.5384616 0.5
vt 0.5384616 0.5
vt 0.5384616 0.9825901
vt 0.5357832 0.9825901
vt 0.4615385 0.5
vt 0.4615385 0.9825901
vt 0.4615385 0.5
vt 0.4615385 0.9825901
vt 0.3846154 0.9825901
vt 0.3846154 0.5
vt 0.3846154 0.5
vt 0.3846154 0.9825901
vt 0.3076923 0.9825901
vt 0.3076923 0.5
vt 0.3076923 0.5
vt 0.3076923 0.9825901
vt 0.2307693 0.9825901
vt 0.2307693 0.5
vt 0.2307693 0.5
vt 0.2307693 0.9825901
vt 0.1538462 0.9825901
vt 0.1538462 0.5
vt 0.1538462 0.5
vt 0.1538462 0.9825901
vt 0.07692312 0.9825901
vt 0.07692312 0.5
vt 0.07692312 0.5
vt 0.07692312 0.9825901
vt 4.470348E-08 0.9825901
vt 4.470348E-08 0.5
vt 0.6384665 0.4625095
vt 0.75 0.49
vt 0.8615336 0.4625095
vt 0.5524839 0.3863356
vt 0.9475161 0.3863355
vt 0.5117499 0.2789288
vt 0.9882501 0.2789288
vt 0.5255961 0.1648948
vt 0.9744039 0.1648948
vt 0.5908506 0.07035741
vt 0.9091494 0.07035743
vt 0.6925642 0.01697396
vt 0.8074358 0.01697396
vt 1 0.5
vt 1 0.9825901
vt 0.9230769 0.9825901
vt 0.9230769 0.5
vt 0.9230769 0.5
vt 0.9230769 0.9825901
vt 0.8461539 0.9825901
vt 0.8461539 0.5
vt 0.8461539 0.5
vt 0.8461539 0.9825901
vt 0.7692308 0.9825901
vt 0.7692308 0.5
vt 0.7692308 0.5
vt 0.7692308 0.9825901
vt 0.6923077 0.9825901
vt 0.6923077 0.5
vt 0.6923077 0.5
vt 0.6923077 0.9825901
vt 0.6153846 0.9825901
vt 0.6153846 0.5
vt 0.6153846 0.5
vt 0.6153846 0.9825901
vt 0.5384616 0.9825901
vt 0.5384616 0.5
vt 0.5384616 0.5
vt 0.5384616 0.9825901
vt 0.5357832 0.9825901
vt 0.4615385 0.5
vt 0.4615385 0.9825901
vt 0.4615385 0.5
vt 0.4615385 0.9825901
vt 0.3846154 0.9825901
vt 0.3846154 0.5
vt 0.3846154 0.5
vt 0.3846154 0.9825901
vt 0.3076923 0.9825901
vt 0.3076923 0.5
vt 0.3076923 0.5
vt 0.3076923 0.9825901
vt 0.2307693 0.9825901
vt 0.2307693 0.5
vt 0.2307693 0.5
vt 0.2307693 0.9825901
vt 0.1538462 0.9825901
vt 0.1538462 0.5
vt 0.1538462 0.5
vt 0.1538462 0.9825901
vt 0.07692312 0.9825901
vt 0.07692312 0.5
vt 0.07692312 0.5
vt 0.07692312 0.9825901
vt 4.470348E-08 0.9825901
vt 4.470348E-08 0.5
vt 0.6384665 0.4625095
vt 0.75 0.49
vt 0.8615336 0.4625095
vt 0.5524839 0.3863356
vt 0.9475161 0.3863355
vt 0.5117499 0.2789288
vt 0.9882501 0.2789288
vt 0.5255961 0.1648948
vt 0.9744039 0.1648948
vt 0.5908506 0.07035741
vt 0.9091494 0.07035743
vt 0.6925642 0.01697396
vt 0.8074358 0.01697396
vt 1 0.5
vt 1 0.9825901
vt 0.9230769 0.9825901
vt 0.9230769 0.5
vt 0.9230769 0.5
vt 0.9230769 0.9825901
vt 0.8461539 0.9825901
vt 0.8461539 0.5
vt 0.8461539 0.5
vt 0.8461539 0.9825901
vt 0.7692308 0.9825901
vt 0.7692308 0.5
vt 0.7692308 0.5
vt 0.7692308 0.9825901
vt 0.6923077 0.9825901
vt 0.6923077 0.5
vt 0.6923077 0.5
vt 0.6923077 0.9825901
vt 0.6153846 0.9825901
vt 0.6153846 0.5
vt 0.6153846 0.5
vt 0.6153846 0.9825901
vt 0.5384616 0.9825901
vt 0.5384616 0.5
vt 0.5384616 0.5
vt 0.5384616 0.9825901
vt 0.5357832 0.9825901
vt 0.4615385 0.5
vt 0.4615385 0.9825901
vt 0.4615385 0.5
vt 0.4615385 0.9825901
vt 0.3846154 0.9825901
vt 0.3846154 0.5
vt 0.3846154 0.5
vt 0.3846154 0.9825901
vt 0.3076923 0.9825901
vt 0.3076923 0.5
vt 0.3076923 0.5
vt 0.3076923 0.9825901
vt 0.2307693 0.9825901
vt 0.2307693 0.5
vt 0.2307693 0.5
vt 0.2307693 0.9825901
vt 0.1538462 0.9825901
vt 0.1538462 0.5
vt 0.1538462 0.5
vt 0.1538462 0.9825901
vt 0.07692312 0.9825901
vt 0.07692312 0.5
vt 0.07692312 0.5
vt 0.07692312 0.9825901
vt 4.470348E-08 0.9825901
vt 4.470348E-08 0.5
vt 0.6384665 0.4625095
vt 0.75 0.49
vt 0.8615336 0.4625095
vt 0.5524839 0.3863356
vt 0.9475161 0.3863355
vt 0.5117499 0.2789288
vt 0.9882501 0.2789288
vt 0.5255961 0.1648948
vt 0.9744039 0.1648948
vt 0.5908506 0.07035741
vt 0.9091494 0.07035743
vt 0.6925642 0.01697396
vt 0.8074358 0.01697396
vt 1 0.5
vt 1 0.9825901
vt 0.9230769 0.9825901
vt 0.9230769 0.5
vt 0.9230769 0.5
vt 0.9230769 0.9825901
vt 0.8461539 0.9825901
vt 0.8461539 0.5
vt 0.8461539 0.5
vt 0.8461539 0.9825901
vt 0.7692308 0.9825901
vt 0.7692308 0.5
vt 0.7692308 0.5
vt 0.7692308 0.9825901
vt 0.6923077 0.9825901
vt 0.6923077 0.5
vt 0.6923077 0.5
vt 0.6923077 0.9825901
vt 0.6153846 0.9825901
vt 0.6153846 0.5
vt 0.6153846 0.5
vt 0.6153846 0.9825901
vt 0.5384616 0.9825901
vt 0.5384616 0.5
vt 0.5384616 0.5
vt 0.5384616 0.9825901
vt 0.5357832 0.9825901
vt 0.4615385 0.5
vt 0.4615385 0.9825901
vt 0.4615385 0.5
vt 0.4615385 0.9825901
vt 0.3846154 0.9825901
vt 0.3846154 0.5
vt 0.3846154 0.5
vt 0.3846154 0.9825901
vt 0.3076923 0.9825901
vt 0.3076923 0.5
vt 0.3076923 0.5
vt 0.3076923 0.9825901
vt 0.2307693 0.9825901
vt 0.2307693 0.5
vt 0.2307693 0.5
vt 0.2307693 0.9825901
vt 0.1538462 0.9825901
vt 0.1538462 0.5
vt 0.1538462 0.5
vt 0.1538462 0.9825901
vt 0.07692312 0.9825901
vt 0.07692312 0.5
vt 0.07692312 0.5
vt 0.07692312 0.9825901
vt 4.470348E-08 0.9825901
vt 4.470348E-08 0.5
vt 0.6384665 0.4625095
vt 0.75 0.49
vt 0.8615336 0.4625095
vt 0.5524839 0.3863356
vt 0.9475161 0.3863355
vt 0.5117499 0.2789288
vt 0.9882501 0.2789288
vt 0.5255961 0.1648948
vt 0.9744039 0.1648948
vt 0.5908506 0.07035741
vt 0.9091494 0.07035743
vt 0.6925642 0.01697396
vt 0.8074358 0.01697396
vt 1 0.5
vt 1 0.9825901
vt 0.9230769 0.9825901
vt 0.9230769 0.5
vt 0.9230769 0.5
vt 0.9230769 0.9825901
vt 0.8461539 0.9825901
vt 0.8461539 0.5
vt 0.8461539 0.5
vt 0.8461539 0.9825901
vt 0.7692308 0.9825901
vt 0.7692308 0.5
vt 0.7692308 0.5
vt 0.7692308 0.9825901
vt 0.6923077 0.9825901
vt 0.6923077 0.5
vt 0.6923077 0.5
vt 0.6923077 0.9825901
vt 0.6153846 0.9825901
vt 0.6153846 0.5
vt 0.6153846 0.5
vt 0.6153846 0.9825901
vt 0.5384616 0.9825901
vt 0.5384616 0.5
vt 0.5384616 0.5
vt 0.5384616 0.9825901
vt 0.5357832 0.9825901
vt 0.4615385 0.5
vt 0.4615385 0.9825901
vt 0.4615385 0.5
vt 0.4615385 0.9825901
vt 0.3846154 0.9825901
vt 0.3846154 0.5
vt 0.3846154 0.5
vt 0.3846154 0.9825901
vt 0.3076923 0.9825901
vt 0.3076923 0.5
vt 0.3076923 0.5
vt 0.3076923 0.9825901
vt 0.2307693 0.9825901
vt 0.2307693 0.5
vt 0.2307693 0.5
vt 0.2307693 0.9825901
vt 0.1538462 0.9825901
vt 0.1538462 0.5
vt 0.1538462 0.5
vt 0.1538462 0.9825901
vt 0.07692312 0.9825901
vt 0.07692312 0.5
vt 0.07692312 0.5
vt 0.07692312 0.9825901
vt 4.470348E-08 0.9825901
vt 4.470348E-08 0.5
vt 0.6384665 0.4625095
vt 0.75 0.49
vt 0.8615336 0.4625095
vt 0.5524839 0.3863356
vt 0.9475161 0.3863355
vt 0.5117499 0.2789288
vt 0.9882501 0.2789288
vt 0.5255961 0.1648948
vt 0.9744039 0.1648948
vt 0.5908506 0.07035741
vt 0.9091494 0.07035743
vt 0.6925642 0.01697396
vt 0.8074358 0.01697396
vt 1 0.5
vt 1 0.9825901
vt 0.9230769 0.9825901
vt 0.9230769 0.5
vt 0.9230769 0.5
vt 0.9230769 0.9825901
vt 0.8461539 0.9825901
vt 0.8461539 0.5
vt 0.8461539 0.5
vt 0.8461539 0.9825901
vt 0.7692308 0.9825901
vt 0.7692308 0.5
vt 0.7692308 0.5
vt 0.7692308 0.9825901
vt 0.6923077 0.9825901
vt 0.6923077 0.5
vt 0.6923077 0.5
vt 0.6923077 0.9825901
vt 0.6153846 0.9825901
vt 0.6153846 0.5
vt 0.6153846 0.5
vt 0.6153846 0.9825901
vt 0.5384616 0.9825901
vt 0.5384616 0.5
vt 0.5384616 0.5
vt 0.5384616 0.9825901
vt 0.5357832 0.9825901
vt 0.4615385 0.5
vt 0.4615385 0.9825901
vt 0.4615385 0.5
vt 0.4615385 0.9825901
vt 0.3846154 0.9825901
vt 0.3846154 0.5
vt 0.3846154 0.5
vt 0.3846154 0.9825901
vt 0.3076923 0.9825901
vt 0.3076923 0.5
vt 0.3076923 0.5
vt 0.3076923 0.9825901
vt 0.2307693 0.9825901
vt 0.2307693 0.5
vt 0.2307693 0.5
vt 0.2307693 0.9825901
vt 0.1538462 0.9825901
vt 0.1538462 0.5
vt 0.1538462 0.5
vt 0.1538462 0.9825901
vt 0.07692312 0.9825901
vt 0.07692312 0.5
vt 0.07692312 0.5
vt 0.07692312 0.9825901
vt 4.470348E-08 0.9825901
vt 4.470348E-08 0.5
vt 0.6384665 0.4625095
vt 0.75 0.49
vt 0.8615336 0.4625095
vt 0.5524839 0.3863356
vt 0.9475161 0.3863355
vt 0.5117499 0.2789288
vt 0.9882501 0.2789288
vt 0.5255961 0.1648948
vt 0.9744039 0.1648948
vt 0.5908506 0.07035741
vt 0.9091494 0.07035743
vt 0.6925642 0.01697396
vt 0.8074358 0.01697396
vt 1 0.5
vt 1 0.9825901
vt 0.9230769 0.9825901
vt 0.9230769 0.5
vt 0.9230769 0.5
vt 0.9230769 0.9825901
vt 0.8461539 0.9825901
vt 0.8461539 0.5
vt 0.8461539 0.5
vt 0.8461539 0.9825901
vt 0.7692308 0.9825901
vt 0.7692308 0.5
vt 0.7692308 0.5
vt 0.7692308 0.9825901
vt 0.6923077 0.9825901
vt 0.6923077 0.5
vt 0.6923077 0.5
vt 0.6923077 0.9825901
vt 0.6153846 0.9825901
vt 0.6153846 0.5
vt 0.6153846 0.5
vt 0.6153846 0.9825901
vt 0.5384616 0.9825901
vt 0.5384616 0.5
vt 0.5384616 0.5
vt 0.5384616 0.9825901
vt 0.5357832 0.9825901
vt 0.4615385 0.5
vt 0.4615385 0.9825901
vt 0.4615385 0.5
vt 0.4615385 0.9825901
vt 0.3846154 0.9825901
vt 0.3846154 0.5
vt 0.3846154 0.5
vt 0.3846154 0.9825901
vt 0.3076923 0.9825901
vt 0.3076923 0.5
vt 0.3076923 0.5
vt 0.3076923 0.9825901
vt 0.2307693 0.9825901
vt 0.2307693 0.5
vt 0.2307693 0.5
vt 0.2307693 0.9825901
vt 0.1538462 0.9825901
vt 0.1538462 0.5
vt 0.1538462 0.5
vt 0.1538462 0.9825901
vt 0.07692312 0.9825901
vt 0.07692312 0.5
vt 0.07692312 0.5
vt 0.07692312 0.9825901
vt 4.470348E-08 0.9825901
vt 4.470348E-08 0.5
vt 0.6384665 0.4625095
vt 0.75 0.49
vt 0.8615336 0.4625095
vt 0.5524839 0.3863356
vt 0.9475161 0.3863355
vt 0.5117499 0.2789288
vt 0.9882501 0.2789288
vt 0.5255961 0.1648948
vt 0.9744039 0.1648948
vt 0.5908506 0.07035741
vt 0.9091494 0.07035743
vt 0.6925642 0.01697396
vt 0.8074358 0.01697396
vt 1 0.5
vt 1 0.9825901
vt 0.9230769 0.9825901
vt 0.9230769 0.5
vt 0.9230769 0.5
vt 0.9230769 0.9825901
vt 0.8461539 0.9825901
vt 0.8461539 0.5
vt 0.8461539 0.5
vt 0.8461539 0.9825901
vt 0.7692308 0.9825901
vt 0.7692308 0.5
vt 0.7692308 0.5
vt 0.7692308 0.9825901
vt 0.6923077 0.9825901
vt 0.6923077 0.5
vt 0.6923077 0.5
vt 0.6923077 0.9825901
vt 0.6153846 0.9825901
vt 0.6153846 0.5
vt 0.6153846 0.5
vt 0.6153846 0.9825901
vt 0.5384616 0.9825901
vt 0.5384616 0.5
vt 0.5384616 0.5
vt 0.5384616 0.9825901
vt 0.5357832 0.9825901
vt 0.4615385 0.5
vt 0.4615385 0.9825901
vt 0.4615385 0.5
vt 0.4615385 0.9825901
vt 0.3846154 0.9825901
vt 0.3846154 0.5
vt 0.3846154 0.5
vt 0.3846154 0.9825901
vt 0.3076923 0.9825901
vt 0.3076923 0.5
vt 0.3076923 0.5
vt 0.3076923 0.9825901
vt 0.2307693 0.9825901
vt 0.2307693 0.5
vt 0.2307693 0.5
vt 0.2307693 0.9825901
vt 0.1538462 0.9825901
vt 0.1538462 0.5
vt 0.1538462 0.5
vt 0.1538462 0.9825901
vt 0.07692312 0.9825901
vt 0.07692312 0.5
vt 0.07692312 0.5
vt 0.07692312 0.9825901
vt 4.470348E-08 0.9825901
vt 4.470348E-08 0.5
vt 0.6384665 0.4625095
vt 0.75 0.49
vt 0.8615336 0.4625095
vt 0.5524839 0.3863356
vt 0.9475161 0.3863355
vt 0.5117499 0.2789288
vt 0.9882501 0.2789288
vt 0.5255961 0.1648948
vt 0.9744039 0.1648948
vt 0.5908506 0.07035741
vt 0.9091494 0.07035743
vt 0.6925642 0.01697396
vt 0.8074358 0.01697396
vt 1 0.5
vt 1 0.9825901
vt 0.9230769 0.9825901
vt 0.9230769 0.5
vt 0.9230769 0.5
vt 0.9230769 0.9825901
vt 0.8461539 0.9825901
vt 0.8461539 0.5
vt 0.8461539 0.5
vt 0.8461539 0.9825901
vt 0.7692308 0.9825901
vt 0.7692308 0.5
vt 0.7692308 0.5
vt 0.7692308 0.9825901
vt 0.6923077 0.9825901
vt 0.6923077 0.5
vt 0.6923077 0.5
vt 0.6923077 0.9825901
vt 0.6153846 0.9825901
vt 0.6153846 0.5
vt 0.6153846 0.5
vt 0.6153846 0.9825901
vt 0.5384616 0.9825901
vt 0.5384616 0.5
vt 0.5384616 0.5
vt 0.5384616 0.9825901
vt 0.5357832 0.9825901
vt 0.4615385 0.5
vt 0.4615385 0.9825901
vt 0.4615385 0.5
vt 0.4615385 0.9825901
vt 0.3846154 0.9825901
vt 0.3846154 0.5
vt 0.3846154 0.5
vt 0.3846154 0.9825901
vt 0.3076923 0.9825901
vt 0.3076923 0.5
vt 0.3076923 0.5
vt 0.3076923 0.9825901
vt 0.2307693 0.9825901
vt 0.2307693 0.5
vt 0.2307693 0.5
vt 0.2307693 0.9825901
vt 0.1538462 0.9825901
vt 0.1538462 0.5
vt 0.1538462 0.5
vt 0.1538462 0.9825901
vt 0.07692312 0.9825901
vt 0.07692312 0.5
vt 0.07692312 0.5
vt 0.07692312 0.9825901
vt 4.470348E-08 0.9825901
vt 4.470348E-08 0.5
vt 0.6384665 0.4625095
vt 0.75 0.49
vt 0.8615336 0.4625095
vt 0.5524839 0.3863356
vt 0.9475161 0.3863355
vt 0.5117499 0.2789288
vt 0.9882501 0.2789288
vt 0.5255961 0.1648948
vt 0.9744039 0.1648948
vt 0.5908506 0.07035741
vt 0.9091494 0.07035743
vt 0.6925642 0.01697396
vt 0.8074358 0.01697396
vt 1 0.5
vt 1 0.9825901
vt 0.9230769 0.9825901
vt 0.9230769 0.5
vt 0.9230769 0.5
vt 0.9230769 0.9825901
vt 0.8461539 0.9825901
vt 0.8461539 0.5
vt 0.8461539 0.5
vt 0.8461539 0.9825901
vt 0.7692308 0.9825901
vt 0.7692308 0.5
vt 0.7692308 0.5
vt 0.7692308 0.9825901
vt 0.6923077 0.9825901
vt 0.6923077 0.5
vt 0.6923077 0.5
vt 0.6923077 0.9825901
vt 0.6153846 0.9825901
vt 0.6153846 0.5
vt 0.6153846 0.5
vt 0.6153846 0.9825901
vt 0.5384616 0.9825901
vt 0.5384616 0.5
vt 0.5384616 0.5
vt 0.5384616 0.9825901
vt 0.5357832 0.9825901
vt 0.4615385 0.5
vt 0.4615385 0.9825901
vt 0.4615385 0.5
vt 0.4615385 0.9825901
vt 0.3846154 0.9825901
vt 0.3846154 0.5
vt 0.3846154 0.5
vt 0.3846154 0.9825901
vt 0.3076923 0.9825901
vt 0.3076923 0.5
vt 0.3076923 0.5
vt 0.3076923 0.9825901
vt 0.2307693 0.9825901
vt 0.2307693 0.5
vt 0.2307693 0.5
vt 0.2307693 0.9825901
vt 0.1538462 0.9825901
vt 0.1538462 0.5
vt 0.1538462 0.5
vt 0.1538462 0.9825901
vt 0.07692312 0.9825901
vt 0.07692312 0.5
vt 0.07692312 0.5
vt 0.07692312 0.9825901
vt 4.470348E-08 0.9825901
vt 4.470348E-08 0.5
vt 0.6384665 0.4625095
vt 0.75 0.49
vt 0.8615336 0.4625095
vt 0.5524839 0.3863356
vt 0.9475161 0.3863355
vt 0.5117499 0.2789288
vt 0.9882501 0.2789288
vt 0.5255961 0.1648948
vt 0.9744039 0.1648948
vt 0.5908506 0.07035741
vt 0.9091494 0.07035743
vt 0.6925642 0.01697396
vt 0.8074358 0.01697396
vt 1 0.5
vt 1 0.9825901
vt 0.9230769 0.9825901
vt 0.9230769 0.5
vt 0.9230769 0.5
vt 0.9230769 0.9825901
vt 0.8461539 0.9825901
vt 0.8461539 0.5
vt 0.8461539 0.5
vt 0.8461539 0.9825901
vt 0.7692308 0.9825901
vt 0.7692308 0.5
vt 0.7692308 0.5
vt 0.7692308 0.9825901
vt 0.6923077 0.9825901
vt 0.6923077 0.5
vt 0.6923077 0.5
vt 0.6923077 0.9825901
vt 0.6153846 0.9825901
vt 0.6153846 0.5
vt 0.6153846 0.5
vt 0.6153846 0.9825901
vt 0.5384616 0.9825901
vt 0.5384616 0.5
vt 0.5384616 0.5
vt 0.5384616 0.9825901
vt 0.5357832 0.9825901
vt 0.4615385 0.5
vt 0.4615385 0.9825901
vt 0.4615385 0.5
vt 0.4615385 0.9825901
vt 0.3846154 0.9825901
vt 0.3846154 0.5
vt 0.3846154 0.5
vt 0.3846154 0.9825901
vt 0.3076923 0.9825901
vt 0.3076923 0.5
vt 0.3076923 0.5
vt 0.3076923 0.9825901
vt 0.2307693 0.9825901
vt 0.2307693 0.5
vt 0.2307693 0.5
vt 0.2307693 0.9825901
vt 0.1538462 0.9825901
vt 0.1538462 0.5
vt 0.1538462 0.5
vt 0.1538462 0.9825901
vt 0.07692312 0.9825901
vt 0.07692312 0.5
vt 0.07692312 0.5
vt 0.07692312 0.9825901
vt 4.470348E-08 0.9825901
vt 4.470348E-08 0.5
vt 0.6384665 0.4625095
vt 0.75 0.49
vt 0.8615336 0.4625095
vt 0.5524839 0.3863356
vt 0.9475161 0.3863355
vt 0.5117499 0.2789288
vt 0.9882501 0.2789288
vt 0.5255961 0.1648948
vt 0.9744039 0.1648948
vt 0.5908506 0.07035741
vt 0.9091494 0.07035743
vt 0.6925642 0.01697396
vt 0.8074358 0.01697396
vt 1 0.5
vt 1 0.9825901
vt 0.9230769 0.9825901
vt 0.9230769 0.5
vt 0.9230769 0.5
vt 0.9230769 0.9825901
vt 0.8461539 0.9825901
vt 0.8461539 0.5
vt 0.8461539 0.5
vt 0.8461539 0.9825901
vt 0.7692308 0.9825901
vt 0.7692308 0.5
vt 0.7692308 0.5
vt 0.7692308 0.9825901
vt 0.6923077 0.9825901
vt 0.6923077 0.5
vt 0.6923077 0.5
vt 0.6923077 0.9825901
vt 0.6153846 0.9825901
vt 0.6153846 0.5
vt 0.6153846 0.5
vt 0.6153846 0.9825901
vt 0.5384616 0.9825901
vt 0.5384616 0.5
vt 0.5384616 0.5
vt 0.5384616 0.9825901
vt 0.5357832 0.9825901
vt 0.4615385 0.5
vt 0.4615385 0.9825901
vt 0.4615385 0.5
vt 0.4615385 0.9825901
vt 0.3846154 0.9825901
vt 0.3846154 0.5
vt 0.3846154 0.5
vt 0.3846154 0.9825901
vt 0.3076923 0.9825901
vt 0.3076923 0.5
vt 0.3076923 0.5
vt 0.3076923 0.9825901
vt 0.2307693 0.9825901
vt 0.2307693 0.5
vt 0.2307693 0.5
vt 0.2307693 0.9825901
vt 0.1538462 0.9825901
vt 0.1538462 0.5
vt 0.1538462 0.5
vt 0.1538462 0.9825901
vt 0.07692312 0.9825901
vt 0.07692312 0.5
vt 0.07692312 0.5
vt 0.07692312 0.9825901
vt 4.470348E-08 0.9825901
vt 4.470348E-08 0.5
vt 0.6384665 0.4625095
vt 0.75 0.49
vt 0.8615336 0.4625095
vt 0.5524839 0.3863356
vt 0.9475161 0.3863355
vt 0.5117499 0.2789288
vt 0.9882501 0.2789288
vt 0.5255961 0.1648948
vt 0.9744039 0.1648948
vt 0.5908506 0.07035741
vt 0.9091494 0.07035743
vt 0.6925642 0.01697396
vt 0.8074358 0.01697396
vt 1 0.5
vt 1 0.9825901
vt 0.9230769 0.9825901
vt 0.9230769 0.5
vt 0.9230769 0.5
vt 0.9230769 0.9825901
vt 0.8461539 0.9825901
vt 0.8461539 0.5
vt 0.8461539 0.5
vt 0.8461539 0.9825901
vt 0.7692308 0.9825901
vt 0.7692308 0.5
vt 0.7692308 0.5
vt 0.7692308 0.9825901
vt 0.6923077 0.9825901
vt 0.6923077 0.5
vt 0.6923077 0.5
vt 0.6923077 0.9825901
vt 0.6153846 0.9825901
vt 0.6153846 0.5
vt 0.6153846 0.5
vt 0.6153846 0.9825901
vt 0.5384616 0.9825901
vt 0.5384616 0.5
vt 0.5384616 0.5
vt 0.5384616 0.9825901
vt 0.5357832 0.9825901
vt 0.4615385 0.5
vt 0.4615385 0.9825901
vt 0.4615385 0.5
vt 0.4615385 0.9825901
vt 0.3846154 0.9825901
vt 0.3846154 0.5
vt 0.3846154 0.5
vt 0.3846154 0.9825901
vt 0.3076923 0.9825901
vt 0.3076923 0.5
vt 0.3076923 0.5
vt 0.3076923 0.9825901
vt 0.2307693 0.9825901
vt 0.2307693 0.5
vt 0.2307693 0.5
vt 0.2307693 0.9825901
vt 0.1538462 0.9825901
vt 0.1538462 0.5
vt 0.1538462 0.5
vt 0.1538462 0.9825901
vt 0.07692312 0.9825901
vt 0.07692312 0.5
vt 0.07692312 0.5
vt 0.07692312 0.9825901
vt 4.470348E-08 0.9825901
vt 4.470348E-08 0.5
vt 0.6384665 0.4625095
vt 0.75 0.49
vt 0.8615336 0.4625095
vt 0.5524839 0.3863356
vt 0.9475161 0.3863355
vt 0.5117499 0.2789288
vt 0.9882501 0.2789288
vt 0.5255961 0.1648948
vt 0.9744039 0.1648948
vt 0.5908506 0.07035741
vt 0.9091494 0.07035743
vt 0.6925642 0.01697396
vt 0.8074358 0.01697396
vt 1 0.5
vt 1 0.9825901
vt 0.9230769 0.9825901
vt 0.9230769 0.5
vt 0.9230769 0.5
vt 0.9230769 0.9825901
vt 0.8461539 0.9825901
vt 0.8461539 0.5
vt 0.8461539 0.5
vt 0.8461539 0.9825901
vt 0.7692308 0.9825901
vt 0.7692308 0.5
vt 0.7692308 0.5
vt 0.7692308 0.9825901
vt 0.6923077 0.9825901
vt 0.6923077 0.5
vt 0.6923077 0.5
vt 0.6923077 0.9825901
vt 0.6153846 0.9825901
vt 0.6153846 0.5
vt 0.6153846 0.5
vt 0.6153846 0.9825901
vt 0.5384616 0.9825901
vt 0.5384616 0.5
vt 0.5384616 0.5
vt 0.5384616 0.9825901
vt 0.5357832 0.9825901
vt 0.4615385 0.5
vt 0.4615385 0.9825901
vt 0.4615385 0.5
vt 0.4615385 0.9825901
vt 0.3846154 0.9825901
vt 0.3846154 0.5
vt 0.3846154 0.5
vt 0.3846154 0.9825901
vt 0.3076923 0.9825901
vt 0.3076923 0.5
vt 0.3076923 0.5
vt 0.3076923 0.9825901
vt 0.2307693 0.9825901
vt 0.2307693 0.5
vt 0.2307693 0.5
vt 0.2307693 0.9825901
vt 0.1538462 0.9825901
vt 0.1538462 0.5
vt 0.1538462 0.5
vt 0.1538462 0.9825901
vt 0.07692312 0.9825901
vt 0.07692312 0.5
vt 0.07692312 0.5
vt 0.07692312 0.9825901
vt 4.470348E-08 0.9825901
vt 4.470348E-08 0.5
vt 0.6384665 0.4625095
vt 0.75 0.49
vt 0.8615336 0.4625095
vt 0.5524839 0.3863356
vt 0.9475161 0.3863355
vt 0.5117499 0.2789288
vt 0.9882501 0.2789288
vt 0.5255961 0.1648948
vt 0.9744039 0.1648948
vt 0.5908506 0.07035741
vt 0.9091494 0.07035743
vt 0.6925642 0.01697396
vt 0.8074358 0.01697396
vt 1 0.5
vt 1 0.9825901
vt 0.9230769 0.9825901
vt 0.9230769 0.5
vt 0.9230769 0.5
vt 0.9230769 0.9825901
vt 0.8461539 0.9825901
vt 0.8461539 0.5
vt 0.8461539 0.5
vt 0.8461539 0.9825901
vt 0.7692308 0.9825901
vt 0.7692308 0.5
vt 0.7692308 0.5
vt 0.7692308 0.9825901
vt 0.6923077 0.9825901
vt 0.6923077 0.5
vt 0.6923077 0.5
vt 0.6923077 0.9825901
vt 0.6153846 0.9825901
vt 0.6153846 0.5
vt 0.6153846 0.5
vt 0.6153846 0.9825901
vt 0.5384616 0.9825901
vt 0.5384616 0.5
vt 0.5384616 0.5
vt 0.5384616 0.9825901
vt 0.5357832 0.9825901
vt 0.4615385 0.5
vt 0.4615385 0.9825901
vt 0.4615385 0.5
vt 0.4615385 0.9825901
vt 0.3846154 0.9825901
vt 0.3846154 0.5
vt 0.3846154 0.5
vt 0.3846154 0.9825901
vt 0.3076923 0.9825901
vt 0.3076923 0.5
vt 0.3076923 0.5
vt 0.3076923 0.9825901
vt 0.2307693 0.9825901
vt 0.2307693 0.5
vt 0.2307693 0.5
vt 0.2307693 0.9825901
vt 0.1538462 0.9825901
vt 0.1538462 0.5
vt 0.1538462 0.5
vt 0.1538462 0.9825901
vt 0.07692312 0.9825901
vt 0.07692312 0.5
vt 0.07692312 0.5
vt 0.07692312 0.9825901
vt 4.470348E-08 0.9825901
vt 4.470348E-08 0.5
vt 0.6384665 0.4625095
vt 0.75 0.49
vt 0.8615336 0.4625095
vt 0.5524839 0.3863356
vt 0.9475161 0.3863355
vt 0.5117499 0.2789288
vt 0.9882501 0.2789288
vt 0.5255961 0.1648948
vt 0.9744039 0.1648948
vt 0.5908506 0.07035741
vt 0.9091494 0.07035743
vt 0.6925642 0.01697396
vt 0.8074358 0.01697396
vt 1 0.5
vt 1 0.9825901
vt 0.9230769 0.9825901
vt 0.9230769 0.5
vt 0.9230769 0.5
vt 0.9230769 0.9825901
vt 0.8461539 0.9825901
vt 0.8461539 0.5
vt 0.8461539 0.5
vt 0.8461539 0.9825901
vt 0.7692308 0.9825901
vt 0.7692308 0.5
vt 0.7692308 0.5
vt 0.7692308 0.9825901
vt 0.6923077 0.9825901
vt 0.6923077 0.5
vt 0.6923077 0.5
vt 0.6923077 0.9825901
vt 0.6153846 0.9825901
vt 0.6153846 0.5
vt 0.6153846 0.5
vt 0.6153846 0.9825901
vt 0.5384616 0.9825901
vt 0.5384616 0.5
vt 0.5384616 0.5
vt 0.5384616 0.9825901
vt 0.5357832 0.9825901
vt 0.4615385 0.5
vt 0.4615385 0.9825901
vt 0.4615385 0.5
vt 0.4615385 0.9825901
vt 0.3846154 0.9825901
vt 0.3846154 0.5
vt 0.3846154 0.5
vt 0.3846154 0.9825901
vt 0.3076923 0.9825901
vt 0.3076923 0.5
vt 0.3076923 0.5
vt 0.3076923 0.9825901
vt 0.2307693 0.9825901
vt 0.2307693 0.5
vt 0.2307693 0.5
vt 0.2307693 0.9825901
vt 0.1538462 0.9825901
vt 0.1538462 0.5
vt 0.1538462 0.5
vt 0.1538462 0.9825901
vt 0.07692312 0.9825901
vt 0.07692312 0.5
vt 0.07692312 0.5
vt 0.07692312 0.9825901
vt 4.470348E-08 0.9825901
vt 4.470348E-08 0.5
vt 0.6384665 0.4625095
vt 0.75 0.49
vt 0.8615336 0.4625095
vt 0.5524839 0.3863356
vt 0.9475161 0.3863355
vt 0.5117499 0.2789288
vt 0.9882501 0.2789288
vt 0.5255961 0.1648948
vt 0.9744039 0.1648948
vt 0.5908506 0.07035741
vt 0.9091494 0.07035743
vt 0.6925642 0.01697396
vt 0.8074358 0.01697396
vt 1 0.5
vt 1 0.9825901
vt 0.9230769 0.9825901
vt 0.9230769 0.5
vt 0.9230769 0.5
vt 0.9230769 0.9825901
vt 0.8461539 0.9825901
vt 0.8461539 0.5
vt 0.8461539 0.5
vt 0.8461539 0.9825901
vt 0.7692308 0.9825901
vt 0.7692308 0.5
vt 0.7692308 0.5
vt 0.7692308 0.9825901
vt 0.6923077 0.9825901
vt 0.6923077 0.5
vt 0.6923077 0.5
vt 0.6923077 0.9825901
vt 0.6153846 0.9825901
vt 0.6153846 0.5
vt 0.6153846 0.5
vt 0.6153846 0.9825901
vt 0.5384616 0.9825901
vt 0.5384616 0.5
vt 0.5384616 0.5
vt 0.5384616 0.9825901
vt 0.5357832 0.9825901
vt 0.4615385 0.5
vt 0.4615385 0.9825901
vt 0.4615385 0.5
vt 0.4615385 0.9825901
vt 0.3846154 0.9825901
vt 0.3846154 0.5
vt 0.3846154 0.5
vt 0.3846154 0.9825901
vt 0.3076923 0.9825901
vt 0.3076923 0.5
vt 0.3076923 0.5
vt 0.3076923 0.9825901
vt 0.2307693 0.9825901
vt 0.2307693 0.5
vt 0.2307693 0.5
vt 0.2307693 0.9825901
vt 0.1538462 0.9825901
vt 0.1538462 0.5
vt 0.1538462 0.5
vt 0.1538462 0.9825901
vt 0.07692312 0.9825901
vt 0.07692312 0.5
vt 0.07692312 0.5
vt 0.07692312 0.9825901
vt 4.470348E-08 0.9825901
vt 4.470348E-08 0.5
vt 0.6384665 0.4625095
vt 0.75 0.49
vt 0.8615336 0.4625095
vt 0.5524839 0.3863356
vt 0.9475161 0.3863355
vt 0.5117499 0.2789288
vt 0.9882501 0.2789288
vt 0.5255961 0.1648948
vt 0.9744039 0.1648948
vt 0.5908506 0.07035741
vt 0.9091494 0.07035743
vt 0.6925642 0.01697396
vt 0.8074358 0.01697396
vt 1 0.5
vt 1 0.9825901
vt 0.9230769 0.9825901
vt 0.9230769 0.5
vt 0.9230769 0.5
vt 0.9230769 0.9825901
vt 0.8461539 0.9825901
vt 0.8461539 0.5
vt 0.8461539 0.5
vt 0.8461539 0.9825901
vt 0.7692308 0.9825901
vt 0.7692308 0.5
vt 0.7692308 0.5
vt 0.7692308 0.9825901
vt 0.6923077 0.9825901
vt 0.6923077 0.5
vt 0.6923077 0.5
vt 0.6923077 0.9825901
vt 0.6153846 0.9825901
vt 0.6153846 0.5
vt 0.6153846 0.5
vt 0.6153846 0.9825901
vt 0.5384616 0.9825901
vt 0.5384616 0.5
vt 0.5384616 0.5
vt 0.5384616 0.9825901
vt 0.5357832 0.9825901
vt 0.4615385 0.5
vt 0.4615385 0.9825901
vt 0.4615385 0.5
vt 0.4615385 0.9825901
vt 0.3846154 0.9825901
vt 0.3846154 0.5
vt 0.3846154 0.5
vt 0.3846154 0.9825901
vt 0.3076923 0.9825901
vt 0.3076923 0.5
vt 0.3076923 0.5
vt 0.3076923 0.9825901
vt 0.2307693 0.9825901
vt 0.2307693 0.5
vt 0.2307693 0.5
vt 0.2307693 0.9825901
vt 0.1538462 0.9825901
vt 0.1538462 0.5
vt 0.1538462 0.5
vt 0.1538462 0.9825901
vt 0.07692312 0.9825901
vt 0.07692312 0.5
vt 0.07692312 0.5
vt 0.07692312 0.9825901
vt 4.470348E-08 0.9825901
vt 4.470348E-08 0.5
vt 0.6384665 0.4625095
vt 0.75 0.49
vt 0.8615336 0.4625095
vt 0.5524839 0.3863356
vt 0.9475161 0.3863355
vt 0.5117499 0.2789288
vt 0.9882501 0.2789288
vt 0.5255961 0.1648948
vt 0.9744039 0.1648948
vt 0.5908506 0.07035741
vt 0.9091494 0.07035743
vt 0.6925642 0.01697396
vt 0.8074358 0.01697396
vt 1 0.5
vt 1 0.9825901
vt 0.9230769 0.9825901
vt 0.9230769 0.5
vt 0.9230769 0.5
vt 0.9230769 0.9825901
vt 0.8461539 0.9825901
vt 0.8461539 0.5
vt 0.8461539 0.5
vt 0.8461539 0.9825901
vt 0.7692308 0.9825901
vt 0.7692308 0.5
vt 0.7692308 0.5
vt 0.7692308 0.9825901
vt 0.6923077 0.9825901
vt 0.6923077 0.5
vt 0.6923077 0.5
vt 0.6923077 0.9825901
vt 0.6153846 0.9825901
vt 0.6153846 0.5
vt 0.6153846 0.5
vt 0.6153846 0.9825901
vt 0.5384616 0.9825901
vt 0.5384616 0.5
vt 0.5384616 0.5
vt 0.5384616 0.9825901
vt 0.5357832 0.9825901
vt 0.4615385 0.5
vt 0.4615385 0.9825901
vt 0.4615385 0.5
vt 0.4615385 0.9825901
vt 0.3846154 0.9825901
vt 0.3846154 0.5
vt 0.3846154 0.5
vt 0.3846154 0.9825901
vt 0.3076923 0.9825901
vt 0.3076923 0.5
vt 0.3076923 0.5
vt 0.3076923 0.9825901
vt 0.2307693 0.9825901
vt 0.2307693 0.5
vt 0.2307693 0.5
vt 0.2307693 0.9825901
vt 0.1538462 0.9825901
vt 0.1538462 0.5
vt 0.1538462 0.5
vt 0.1538462 0.9825901
vt 0.07692312 0.9825901
vt 0.07692312 0.5
vt 0.07692312 0.5
vt 0.07692312 0.9825901
vt 4.470348E-08 0.9825901
vt 4.470348E-08 0.5
vt 0.6384665 0.4625095
vt 0.75 0.49
vt 0.8615336 0.4625095
vt 0.5524839 0.3863356
vt 0.9475161 0.3863355
vt 0.5117499 0.2789288
vt 0.9882501 0.2789288
vt 0.5255961 0.1648948
vt 0.9744039 0.1648948
vt 0.5908506 0.07035741
vt 0.9091494 0.07035743
vt 0.6925642 0.01697396
vt 0.8074358 0.01697396
vt 1 0.5
vt 1 0.9825901
vt 0.9230769 0.9825901
vt 0.9230769 0.5
vt 0.9230769 0.5
vt 0.9230769 0.9825901
vt 0.8461539 0.9825901
vt 0.8461539 0.5
vt 0.8461539 0.5
vt 0.8461539 0.9825901
vt 0.7692308 0.9825901
vt 0.7692308 0.5
vt 0.7692308 0.5
vt 0.7692308 0.9825901
vt 0.6923077 0.9825901
vt 0.6923077 0.5
vt 0.6923077 0.5
vt 0.6923077 0.9825901
vt 0.6153846 0.9825901
vt 0.6153846 0.5
vt 0.6153846 0.5
vt 0.6153846 0.9825901
vt 0.5384616 0.9825901
vt 0.5384616 0.5
vt 0.5384616 0.5
vt 0.5384616 0.9825901
vt 0.5357832 0.9825901
vt 0.4615385 0.5
vt 0.4615385 0.9825901
vt 0.4615385 0.5
vt 0.4615385 0.9825901
vt 0.3846154 0.9825901
vt 0.3846154 0.5
vt 0.3846154 0.5
vt 0.3846154 0.9825901
vt 0.3076923 0.9825901
vt 0.3076923 0.5
vt 0.3076923 0.5
vt 0.3076923 0.9825901
vt 0.2307693 0.9825901
vt 0.2307693 0.5
vt 0.2307693 0.5
vt 0.2307693 0.9825901
vt 0.1538462 0.9825901
vt 0.1538462 0.5
vt 0.1538462 0.5
vt 0.1538462 0.9825901
vt 0.07692312 0.9825901
vt 0.07692312 0.5
vt 0.07692312 0.5
vt 0.07692312 0.9825901
vt 4.470348E-08 0.9825901
vt 4.470348E-08 0.5
vt 0.6384665 0.4625095
vt 0.75 0.49
vt 0.8615336 0.4625095
vt 0.5524839 0.3863356
vt 0.9475161 0.3863355
vt 0.5117499 0.2789288
vt 0.9882501 0.2789288
vt 0.5255961 0.1648948
vt 0.9744039 0.1648948
vt 0.5908506 0.07035741
vt 0.9091494 0.07035743
vt 0.6925642 0.01697396
vt 0.8074358 0.01697396
vt 1 0.5
vt 1 0.9825901
vt 0.9230769 0.9825901
vt 0.9230769 0.5
vt 0.9230769 0.5
vt 0.9230769 0.9825901
vt 0.8461539 0.9825901
vt 0.8461539 0.5
vt 0.8461539 0.5
vt 0.8461539 0.9825901
vt 0.7692308 0.9825901
vt 0.7692308 0.5
vt 0.7692308 0.5
vt 0.7692308 0.9825901
vt 0.6923077 0.9825901
vt 0.6923077 0.5
vt 0.6923077 0.5
vt 0.6923077 0.9825901
vt 0.6153846 0.9825901
vt 0.6153846 0.5
vt 0.6153846 0.5
vt 0.6153846 0.9825901
vt 0.5384616 0.9825901
vt 0.5384616 0.5
vt 0.5384616 0.5
vt 0.5384616 0.9825901
vt 0.5357832 0.9825901
vt 0.4615385 0.5
vt 0.4615385 0.9825901
vt 0.4615385 0.5
vt 0.4615385 0.9825901
vt 0.3846154 0.9825901
vt 0.3846154 0.5
vt 0.3846154 0.5
vt 0.3846154 0.9825901
vt 0.3076923 0.9825901
vt 0.3076923 0.5
vt 0.3076923 0.5
vt 0.3076923 0.9825901
vt 0.2307693 0.9825901
vt 0.2307693 0.5
vt 0.2307693 0.5
vt 0.2307693 0.9825901
vt 0.1538462 0.9825901
vt 0.1538462 0.5
vt 0.1538462 0.5
vt 0.1538462 0.9825901
vt 0.07692312 0.9825901
vt 0.07692312 0.5
vt 0.07692312 0.5
vt 0.07692312 0.9825901
vt 4.470348E-08 0.9825901
vt 4.470348E-08 0.5
vt 0.6384665 0.4625095
vt 0.75 0.49
vt 0.8615336 0.4625095
vt 0.5524839 0.3863356
vt 0.9475161 0.3863355
vt 0.5117499 0.2789288
vt 0.9882501 0.2789288
vt 0.5255961 0.1648948
vt 0.9744039 0.1648948
vt 0.5908506 0.07035741
vt 0.9091494 0.07035743
vt 0.6925642 0.01697396
vt 0.8074358 0.01697396
vt 1 0.5
vt 1 0.9825901
vt 0.9230769 0.9825901
vt 0.9230769 0.5
vt 0.9230769 0.5
vt 0.9230769 0.9825901
vt 0.8461539 0.9825901
vt 0.8461539 0.5
vt 0.8461539 0.5
vt 0.8461539 0.9825901
vt 0.7692308 0.9825901
vt 0.7692308 0.5
vt 0.7692308 0.5
vt 0.7692308 0.9825901
vt 0.6923077 0.9825901
vt 0.6923077 0.5
vt 0.6923077 0.5
vt 0.6923077 0.9825901
vt 0.6153846 0.9825901
vt 0.6153846 0.5
vt 0.6153846 0.5
vt 0.6153846 0.9825901
vt 0.5384616 0.9825901
vt 0.5384616 0.5
vt 0.5384616 0.5
vt 0.5384616 0.9825901
vt 0.5357832 0.9825901
vt 0.4615385 0.5
vt 0.4615385 0.9825901
vt 0.4615385 0.5
vt 0.4615385 0.9825901
vt 0.3846154 0.9825901
vt 0.3846154 0.5
vt 0.3846154 0.5
vt 0.3846154 0.9825901
vt 0.3076923 0.9825901
vt 0.3076923 0.5
vt 0.3076923 0.5
vt 0.3076923 0.9825901
vt 0.2307693 0.9825901
vt 0.2307693 0.5
vt 0.2307693 0.5
vt 0.2307693 0.9825901
vt 0.1538462 0.9825901
vt 0.1538462 0.5
vt 0.1538462 0.5
vt 0.1538462 0.9825901
vt 0.07692312 0.9825901
vt 0.07692312 0.5
vt 0.07692312 0.5
vt 0.07692312 0.9825901
vt 4.470348E-08 0.9825901
vt 4.470348E-08 0.5
vt 0.6384665 0.4625095
vt 0.75 0.49
vt 0.8615336 0.4625095
vt 0.5524839 0.3863356
vt 0.9475161 0.3863355
vt 0.5117499 0.2789288
vt 0.9882501 0.2789288
vt 0.5255961 0.1648948
vt 0.9744039 0.1648948
vt 0.5908506 0.07035741
vt 0.9091494 0.07035743
vt 0.6925642 0.01697396
vt 0.8074358 0.01697396
vt 1 0.5
vt 1 0.9825901
vt 0.9230769 0.9825901
vt 0.9230769 0.5
vt 0.9230769 0.5
vt 0.9230769 0.9825901
vt 0.8461539 0.9825901
vt 0.8461539 0.5
vt 0.8461539 0.5
vt 0.8461539 0.9825901
vt 0.7692308 0.9825901
vt 0.7692308 0.5
vt 0.7692308 0.5
vt 0.7692308 0.9825901
vt 0.6923077 0.9825901
vt 0.6923077 0.5
vt 0.6923077 0.5
vt 0.6923077 0.9825901
vt 0.6153846 0.9825901
vt 0.6153846 0.5
vt 0.6153846 0.5
vt 0.6153846 0.9825901
vt 0.5384616 0.9825901
vt 0.5384616 0.5
vt 0.5384616 0.5
vt 0.5384616 0.9825901
vt 0.5357832 0.9825901
vt 0.4615385 0.5
vt 0.4615385 0.9825901
vt 0.4615385 0.5
vt 0.4615385 0.9825901
vt 0.3846154 0.9825901
vt 0.3846154 0.5
vt 0.3846154 0.5
vt 0.3846154 0.9825901
vt 0.3076923 0.9825901
vt 0.3076923 0.5
vt 0.3076923 0.5
vt 0.3076923 0.9825901
vt 0.2307693 0.9825901
vt 0.2307693 0.5
vt 0.2307693 0.5
vt 0.2307693 0.9825901
vt 0.1538462 0.9825901
vt 0.1538462 0.5
vt 0.1538462 0.5
vt 0.1538462 0.9825901
vt 0.07692312 0.9825901
vt 0.07692312 0.5
vt 0.07692312 0.5
vt 0.07692312 0.9825901
vt 4.470348E-08 0.9825901
vt 4.470348E-08 0.5
vt 0.6384665 0.4625095
vt 0.75 0.49
vt 0.8615336 0.4625095
vt 0.5524839 0.3863356
vt 0.9475161 0.3863355
vt 0.5117499 0.2789288
vt 0.9882501 0.2789288
vt 0.5255961 0.1648948
vt 0.9744039 0.1648948
vt 0.5908506 0.07035741
vt 0.9091494 0.07035743
vt 0.6925642 0.01697396
vt 0.8074358 0.01697396
vt 1 0.5
vt 1 0.9825901
vt 0.9230769 0.9825901
vt 0.9230769 0.5
vt 0.9230769 0.5
vt 0.9230769 0.9825901
vt 0.8461539 0.9825901
vt 0.8461539 0.5
vt 0.8461539 0.5
vt 0.8461539 0.9825901
vt 0.7692308 0.9825901
vt 0.7692308 0.5
vt 0.7692308 0.5
vt 0.7692308 0.9825901
vt 0.6923077 0.9825901
vt 0.6923077 0.5
vt 0.6923077 0.5
vt 0.6923077 0.9825901
vt 0.6153846 0.9825901
vt 0.6153846 0.5
vt 0.6153846 0.5
vt 0.6153846 0.9825901
vt 0.5384616 0.9825901
vt 0.5384616 0.5
vt 0.5384616 0.5
vt 0.5384616 0.9825901
vt 0.5357832 0.9825901
vt 0.4615385 0.5
vt 0.4615385 0.9825901
vt 0.4615385 0.5
vt 0.4615385 0.9825901
vt 0.3846154 0.9825901
vt 0.3846154 0.5
vt 0.3846154 0.5
vt 0.3846154 0.9825901
vt 0.3076923 0.9825901
vt 0.3076923 0.5
vt 0.3076923 0.5
vt 0.3076923 0.9825901
vt 0.2307693 0.9825901
vt 0.2307693 0.5
vt 0.2307693 0.5
vt 0.2307693 0.9825901
vt 0.1538462 0.9825901
vt 0.1538462 0.5
vt 0.1538462 0.5
vt 0.1538462 0.9825901
vt 0.07692312 0.9825901
vt 0.07692312 0.5
vt 0.07692312 0.5
vt 0.07692312 0.9825901
vt 4.470348E-08 0.9825901
vt 4.470348E-08 0.5
vt 0.6384665 0.4625095
vt 0.75 0.49
vt 0.8615336 0.4625095
vt 0.5524839 0.3863356
vt 0.9475161 0.3863355
vt 0.5117499 0.2789288
vt 0.9882501 0.2789288
vt 0.5255961 0.1648948
vt 0.9744039 0.1648948
vt 0.5908506 0.07035741
vt 0.9091494 0.07035743
vt 0.6925642 0.01697396
vt 0.8074358 0.01697396
vt 1 0.5
vt 1 0.9825901
vt 0.9230769 0.9825901
vt 0.9230769 0.5
vt 0.9230769 0.5
vt 0.9230769 0.9825901
vt 0.8461539 0.9825901
vt 0.8461539 0.5
vt 0.8461539 0.5
vt 0.8461539 0.9825901
vt 0.7692308 0.9825901
vt 0.7692308 0.5
vt 0.7692308 0.5
vt 0.7692308 0.9825901
vt 0.6923077 0.9825901
vt 0.6923077 0.5
vt 0.6923077 0.5
vt 0.6923077 0.9825901
vt 0.6153846 0.9825901
vt 0.6153846 0.5
vt 0.6153846 0.5
vt 0.6153846 0.9825901
vt 0.5384616 0.9825901
vt 0.5384616 0.5
vt 0.5384616 0.5
vt 0.5384616 0.9825901
vt 0.5357832 0.9825901
vt 0.4615385 0.5
vt 0.4615385 0.9825901
vt 0.4615385 0.5
vt 0.4615385 0.9825901
vt 0.3846154 0.9825901
vt 0.3846154 0.5
vt 0.3846154 0.5
vt 0.3846154 0.9825901
vt 0.3076923 0.9825901
vt 0.3076923 0.5
vt 0.3076923 0.5
vt 0.3076923 0.9825901
vt 0.2307693 0.9825901
vt 0.2307693 0.5
vt 0.2307693 0.5
vt 0.2307693 0.9825901
vt 0.1538462 0.9825901
vt 0.1538462 0.5
vt 0.1538462 0.5
vt 0.1538462 0.9825901
vt 0.07692312 0.9825901
vt 0.07692312 0.5
vt 0.07692312 0.5
vt 0.07692312 0.9825901
vt 4.470348E-08 0.9825901
vt 4.470348E-08 0.5
vt 0.6384665 0.4625095
vt 0.75 0.49
vt 0.8615336 0.4625095
vt 0.5524839 0.3863356
vt 0.9475161 0.3863355
vt 0.5117499 0.2789288
vt 0.9882501 0.2789288
vt 0.5255961 0.1648948
vt 0.9744039 0.1648948
vt 0.5908506 0.07035741
vt 0.9091494 0.07035743
vt 0.6925642 0.01697396
vt 0.8074358 0.01697396
vt 1 0.5
vt 1 0.9825901
vt 0.9230769 0.9825901
vt 0.9230769 0.5
vt 0.9230769 0.5
vt 0.9230769 0.9825901
vt 0.8461539 0.9825901
vt 0.8461539 0.5
vt 0.8461539 0.5
vt 0.8461539 0.9825901
vt 0.7692308 0.9825901
vt 0.7692308 0.5
vt 0.7692308 0.5
vt 0.7692308 0.9825901
vt 0.6923077 0.9825901
vt 0.6923077 0.5
vt 0.6923077 0.5
vt 0.6923077 0.9825901
vt 0.6153846 0.9825901
vt 0.6153846 0.5
vt 0.6153846 0.5
vt 0.6153846 0.9825901
vt 0.5384616 0.9825901
vt 0.5384616 0.5
vt 0.5384616 0.5
vt 0.5384616 0.9825901
vt 0.5357832 0.9825901
vt 0.4615385 0.5
vt 0.4615385 0.9825901
vt 0.4615385 0.5
vt 0.4615385 0.9825901
vt 0.3846154 0.9825901
vt 0.3846154 0.5
vt 0.3846154 0.5
vt 0.3846154 0.9825901
vt 0.3076923 0.9825901
vt 0.3076923 0.5
vt 0.3076923 0.5
vt 0.3076923 0.9825901
vt 0.2307693 0.9825901
vt 0.2307693 0.5
vt 0.2307693 0.5
vt 0.2307693 0.9825901
vt 0.1538462 0.9825901
vt 0.1538462 0.5
vt 0.1538462 0.5
vt 0.1538462 0.9825901
vt 0.07692312 0.9825901
vt 0.07692312 0.5
vt 0.07692312 0.5
vt 0.07692312 0.9825901
vt 4.470348E-08 0.9825901
vt 4.470348E-08 0.5
vt 0.6384665 0.4625095
vt 0.75 0.49
vt 0.8615336 0.4625095
vt 0.5524839 0.3863356
vt 0.9475161 0.3863355
vt 0.5117499 0.2789288
vt 0.9882501 0.2789288
vt 0.5255961 0.1648948
vt 0.9744039 0.1648948
vt 0.5908506 0.07035741
vt 0.9091494 0.07035743
vt 0.6925642 0.01697396
vt 0.8074358 0.01697396
vt 1 0.5
vt 1 0.9825901
vt 0.9230769 0.9825901
vt 0.9230769 0.5
vt 0.9230769 0.5
vt 0.9230769 0.9825901
vt 0.8461539 0.9825901
vt 0.8461539 0.5
vt 0.8461539 0.5
vt 0.8461539 0.9825901
vt 0.7692308 0.9825901
vt 0.7692308 0.5
vt 0.7692308 0.5
vt 0.7692308 0.9825901
vt 0.6923077 0.9825901
vt 0.6923077 0.5
vt 0.6923077 0.5
vt 0.6923077 0.9825901
vt 0.6153846 0.9825901
vt 0.6153846 0.5
vt 0.6153846 0.5
vt 0.6153846 0.9825901
vt 0.5384616 0.9825901
vt 0.5384616 0.5
vt 0.5384616 0.5
vt 0.5384616 0.9825901
vt 0.5357832 0.9825901
vt 0.4615385 0.5
vt 0.4615385 0.9825901
vt 0.4615385 0.5
vt 0.4615385 0.9825901
vt 0.3846154 0.9825901
vt 0.3846154 0.5
vt 0.3846154 0.5
vt 0.3846154 0.9825901
vt 0.3076923 0.9825901
vt 0.3076923 0.5
vt 0.3076923 0.5
vt 0.3076923 0.9825901
vt 0.2307693 0.9825901
vt 0.2307693 0.5
vt 0.2307693 0.5
vt 0.2307693 0.9825901
vt 0.1538462 0.9825901
vt 0.1538462 0.5
vt 0.1538462 0.5
vt 0.1538462 0.9825901
vt 0.07692312 0.9825901
vt 0.07692312 0.5
vt 0.07692312 0.5
vt 0.07692312 0.9825901
vt 4.470348E-08 0.9825901
vt 4.470348E-08 0.5
vt 0.6384665 0.4625095
vt 0.75 0.49
vt 0.8615336 0.4625095
vt 0.5524839 0.3863356
vt 0.9475161 0.3863355
vt 0.5117499 0.2789288
vt 0.9882501 0.2789288
vt 0.5255961 0.1648948
vt 0.9744039 0.1648948
vt 0.5908506 0.07035741
vt 0.9091494 0.07035743
vt 0.6925642 0.01697396
vt 0.8074358 0.01697396
vt 1 0.5
vt 1 0.9825901
vt 0.9230769 0.9825901
vt 0.9230769 0.5
vt 0.9230769 0.5
vt 0.9230769 0.9825901
vt 0.8461539 0.9825901
vt 0.8461539 0.5
vt 0.8461539 0.5
vt 0.8461539 0.9825901
vt 0.7692308 0.9825901
vt 0.7692308 0.5
vt 0.7692308 0.5
vt 0.7692308 0.9825901
vt 0.6923077 0.9825901
vt 0.6923077 0.5
vt 0.6923077 0.5
vt 0.6923077 0.9825901
vt 0.6153846 0.9825901
vt 0.6153846 0.5
vt 0.6153846 0.5
vt 0.6153846 0.9825901
vt 0.5384616 0.9825901
vt 0.5384616 0.5
vt 0.5384616 0.5
vt 0.5384616 0.9825901
vt 0.5357832 0.9825901
vt 0.4615385 0.5
vt 0.4615385 0.9825901
vt 0.4615385 0.5
vt 0.4615385 0.9825901
vt 0.3846154 0.9825901
vt 0.3846154 0.5
vt 0.3846154 0.5
vt 0.3846154 0.9825901
vt 0.3076923 0.9825901
vt 0.3076923 0.5
vt 0.3076923 0.5
vt 0.3076923 0.9825901
vt 0.2307693 0.9825901
vt 0.2307693 0.5
vt 0.2307693 0.5
vt 0.2307693 0.9825901
vt 0.1538462 0.9825901
vt 0.1538462 0.5
vt 0.1538462 0.5
vt 0.1538462 0.9825901
vt 0.07692312 0.9825901
vt 0.07692312 0.5
vt 0.07692312 0.5
vt 0.07692312 0.9825901
vt 4.470348E-08 0.9825901
vt 4.470348E-08 0.5
vt 0.6384665 0.4625095
vt 0.75 0.49
vt 0.8615336 0.4625095
vt 0.5524839 0.3863356
vt 0.9475161 0.3863355
vt 0.5117499 0.2789288
vt 0.9882501 0.2789288
vt 0.5255961 0.1648948
vt 0.9744039 0.1648948
vt 0.5908506 0.07035741
vt 0.9091494 0.07035743
vt 0.6925642 0.01697396
vt 0.8074358 0.01697396
vt 1 0.5
vt 1 0.9825901
vt 0.9230769 0.9825901
vt 0.9230769 0.5
vt 0.9230769 0.5
vt 0.9230769 0.9825901
vt 0.8461539 0.9825901
vt 0.8461539 0.5
vt 0.8461539 0.5
vt 0.8461539 0.9825901
vt 0.7692308 0.9825901
vt 0.7692308 0.5
vt 0.7692308 0.5
vt 0.7692308 0.9825901
vt 0.6923077 0.9825901
vt 0.6923077 0.5
vt 0.6923077 0.5
vt 0.6923077 0.9825901
vt 0.6153846 0.9825901
vt 0.6153846 0.5
vt 0.6153846 0.5
vt 0.6153846 0.9825901
vt 0.5384616 0.9825901
vt 0.5384616 0.5
vt 0.5384616 0.5
vt 0.5384616 0.9825901
vt 0.5357832 0.9825901
vt 0.4615385 0.5
vt 0.4615385 0.9825901
vt 0.4615385 0.5
vt 0.4615385 0.9825901
vt 0.3846154 0.9825901
vt 0.3846154 0.5
vt 0.3846154 0.5
vt 0.3846154 0.9825901
vt 0.3076923 0.9825901
vt 0.3076923 0.5
vt 0.3076923 0.5
vt 0.3076923 0.9825901
vt 0.2307693 0.9825901
vt 0.2307693 0.5
vt 0.2307693 0.5
vt 0.2307693 0.9825901
vt 0.1538462 0.9825901
vt 0.1538462 0.5
vt 0.1538462 0.5
vt 0.1538462 0.9825901
vt 0.07692312 0.9825901
vt 0.07692312 0.5
vt 0.07692312 0.5
vt 0.07692312 0.9825901
vt 4.470348E-08 0.9825901
vt 4.470348E-08 0.5
vt 0.6384665 0.4625095
vt 0.75 0.49
vt 0.8615336 0.4625095
vt 0.5524839 0.3863356
vt 0.9475161 0.3863355
vt 0.5117499 0.2789288
vt 0.9882501 0.2789288
vt 0.5255961 0.1648948
vt 0.9744039 0.1648948
vt 0.5908506 0.07035741
vt 0.9091494 0.07035743
vt 0.6925642 0.01697396
vt 0.8074358 0.01697396
vt 1 0.5
vt 1 0.9825901
vt 0.9230769 0.9825901
vt 0.9230769 0.5
vt 0.9230769 0.5
vt 0.9230769 0.9825901
vt 0.8461539 0.9825901
vt 0.8461539 0.5
vt 0.8461539 0.5
vt 0.8461539 0.9825901
vt 0.7692308 0.9825901
vt 0.7692308 0.5
vt 0.7692308 0.5
vt 0.7692308 0.9825901
vt 0.6923077 0.9825901
vt 0.6923077 0.5
vt 0.6923077 0.5
vt 0.6923077 0.9825901
vt 0.6153846 0.9825901
vt 0.6153846 0.5
vt 0.6153846 0.5
vt 0.6153846 0.9825901
vt 0.5384616 0.9825901
vt 0.5384616 0.5
vt 0.5384616 0.5
vt 0.5384616 0.9825901
vt 0.5357832 0.9825901
vt 0.4615385 0.5
vt 0.4615385 0.9825901
vt 0.4615385 0.5
vt 0.4615385 0.9825901
vt 0.3846154 0.9825901
vt 0.3846154 0.5
vt 0.3846154 0.5
vt 0.3846154 0.9825901
vt 0.3076923 0.9825901
vt 0.3076923 0.5
vt 0.3076923 0.5
vt 0.3076923 0.9825901
vt 0.2307693 0.9825901
vt 0.2307693 0.5
vt 0.2307693 0.5
vt 0.2307693 0.9825901
vt 0.1538462 0.9825901
vt 0.1538462 0.5
vt 0.1538462 0.5
vt 0.1538462 0.9825901
vt 0.07692312 0.9825901
vt 0.07692312 0.5
vt 0.07692312 0.5
vt 0.07692312 0.9825901
vt 4.470348E-08 0.9825901
vt 4.470348E-08 0.5
vt 0.6384665 0.4625095
vt 0.75 0.49
vt 0.8615336 0.4625095
vt 0.5524839 0.3863356
vt 0.9475161 0.3863355
vt 0.5117499 0.2789288
vt 0.9882501 0.2789288
vt 0.5255961 0.1648948
vt 0.9744039 0.1648948
vt 0.5908506 0.07035741
vt 0.9091494 0.07035743
vt 0.6925642 0.01697396
vt 0.8074358 0.01697396
vt 1 0.5
vt 1 0.9825901
vt 0.9230769 0.9825901
vt 0.9230769 0.5
vt 0.9230769 0.5
vt 0.9230769 0.9825901
vt 0.8461539 0.9825901
vt 0.8461539 0.5
vt 0.8461539 0.5
vt 0.8461539 0.9825901
vt 0.7692308 0.9825901
vt 0.7692308 0.5
vt 0.7692308 0.5
vt 0.7692308 0.9825901
vt 0.6923077 0.9825901
vt 0.6923077 0.5
vt 0.6923077 0.5
vt 0.6923077 0.9825901
vt 0.6153846 0.9825901
vt 0.6153846 0.5
vt 0.6153846 0.5
vt 0.6153846 0.9825901
vt 0.5384616 0.9825901
vt 0.5384616 0.5
vt 0.5384616 0.5
vt 0.5384616 0.9825901
vt 0.5357832 0.9825901
vt 0.4615385 0.5
vt 0.4615385 0.9825901
vt 0.4615385 0.5
vt 0.4615385 0.9825901
vt 0.3846154 0.9825901
vt 0.3846154 0.5
vt 0.3846154 0.5
vt 0.3846154 0.9825901
vt 0.3076923 0.9825901
vt 0.3076923 0.5
vt 0.3076923 0.5
vt 0.3076923 0.9825901
vt 0.2307693 0.9825901
vt 0.2307693 0.5
vt 0.2307693 0.5
vt 0.2307693 0.9825901
vt 0.1538462 0.9825901
vt 0.1538462 0.5
vt 0.1538462 0.5
vt 0.1538462 0.9825901
vt 0.07692312 0.9825901
vt 0.07692312 0.5
vt 0.07692312 0.5
vt 0.07692312 0.9825901
vt 4.470348E-08 0.9825901
vt 4.470348E-08 0.5
vt 0.6384665 0.4625095
vt 0.75 0.49
vt 0.8615336 0.4625095
vt 0.5524839 0.3863356
vt 0.9475161 0.3863355
vt 0.5117499 0.2789288
vt 0.9882501 0.2789288
vt 0.5255961 0.1648948
vt 0.9744039 0.1648948
vt 0.5908506 0.07035741
vt 0.9091494 0.07035743
vt 0.6925642 0.01697396
vt 0.8074358 0.01697396
vt 1 0.5
vt 1 0.9825901
vt 0.9230769 0.9825901
vt 0.9230769 0.5
vt 0.9230769 0.5
vt 0.9230769 0.9825901
vt 0.8461539 0.9825901
vt 0.8461539 0.5
vt 0.8461539 0.5
vt 0.8461539 0.9825901
vt 0.7692308 0.9825901
vt 0.7692308 0.5
vt 0.7692308 0.5
vt 0.7692308 0.9825901
vt 0.6923077 0.9825901
vt 0.6923077 0.5
vt 0.6923077 0.5
vt 0.6923077 0.9825901
vt 0.6153846 0.9825901
vt 0.6153846 0.5
vt 0.6153846 0.5
vt 0.6153846 0.9825901
vt 0.5384616 0.9825901
vt 0.5384616 0.5
vt 0.5384616 0.5
vt 0.5384616 0.9825901
vt 0.5357832 0.9825901
vt 0.4615385 0.5
vt 0.4615385 0.9825901
vt 0.4615385 0.5
vt 0.4615385 0.9825901
vt 0.3846154 0.9825901
vt 0.3846154 0.5
vt 0.3846154 0.5
vt 0.3846154 0.9825901
vt 0.3076923 0.9825901
vt 0.3076923 0.5
vt 0.3076923 0.5
vt 0.3076923 0.9825901
vt 0.2307693 0.9825901
vt 0.2307693 0.5
vt 0.2307693 0.5
vt 0.2307693 0.9825901
vt 0.1538462 0.9825901
vt 0.1538462 0.5
vt 0.1538462 0.5
vt 0.1538462 0.9825901
vt 0.07692312 0.9825901
vt 0.07692312 0.5
vt 0.07692312 0.5
vt 0.07692312 0.9825901
vt 4.470348E-08 0.9825901
vt 4.470348E-08 0.5
vt 0.6384665 0.4625095
vt 0.75 0.49
vt 0.8615336 0.4625095
vt 0.5524839 0.3863356
vt 0.9475161 0.3863355
vt 0.5117499 0.2789288
vt 0.9882501 0.2789288
vt 0.5255961 0.1648948
vt 0.9744039 0.1648948
vt 0.5908506 0.07035741
vt 0.9091494 0.07035743
vt 0.6925642 0.01697396
vt 0.8074358 0.01697396
vt 1 0.5
vt 1 0.9825901
vt 0.9230769 0.9825901
vt 0.9230769 0.5
vt 0.9230769 0.5
vt 0.9230769 0.9825901
vt 0.8461539 0.9825901
vt 0.8461539 0.5
vt 0.8461539 0.5
vt 0.8461539 0.9825901
vt 0.7692308 0.9825901
vt 0.7692308 0.5
vt 0.7692308 0.5
vt 0.7692308 0.9825901
vt 0.6923077 0.9825901
vt 0.6923077 0.5
vt 0.6923077 0.5
vt 0.6923077 0.9825901
vt 0.6153846 0.9825901
vt 0.6153846 0.5
vt 0.6153846 0.5
vt 0.6153846 0.9825901
vt 0.5384616 0.9825901
vt 0.5384616 0.5
vt 0.5384616 0.5
vt 0.5384616 0.9825901
vt 0.5357832 0.9825901
vt 0.4615385 0.5
vt 0.4615385 0.9825901
vt 0.4615385 0.5
vt 0.4615385 0.9825901
vt 0.3846154 0.9825901
vt 0.3846154 0.5
vt 0.3846154 0.5
vt 0.3846154 0.9825901
vt 0.3076923 0.9825901
vt 0.3076923 0.5
vt 0.3076923 0.5
vt 0.3076923 0.9825901
vt 0.2307693 0.9825901
vt 0.2307693 0.5
vt 0.2307693 0.5
vt 0.2307693 0.9825901
vt 0.1538462 0.9825901
vt 0.1538462 0.5
vt 0.1538462 0.5
vt 0.1538462 0.9825901
vt 0.07692312 0.9825901
vt 0.07692312 0.5
vt 0.07692312 0.5
vt 0.07692312 0.9825901
vt 4.470348E-08 0.9825901
vt 4.470348E-08 0.5
vt 0.6384665 0.4625095
vt 0.75 0.49
vt 0.8615336 0.4625095
vt 0.5524839 0.3863356
vt 0.9475161 0.3863355
vt 0.5117499 0.2789288
vt 0.9882501 0.2789288
vt 0.5255961 0.1648948
vt 0.9744039 0.1648948
vt 0.5908506 0.07035741
vt 0.9091494 0.07035743
vt 0.6925642 0.01697396
vt 0.8074358 0.01697396
vt 1 0.5
vt 1 0.9825901
vt 0.9230769 0.9825901
vt 0.9230769 0.5
vt 0.9230769 0.5
vt 0.9230769 0.9825901
vt 0.8461539 0.9825901
vt 0.8461539 0.5
vt 0.8461539 0.5
vt 0.8461539 0.9825901
vt 0.7692308 0.9825901
vt 0.7692308 0.5
vt 0.7692308 0.5
vt 0.7692308 0.9825901
vt 0.6923077 0.9825901
vt 0.6923077 0.5
vt 0.6923077 0.5
vt 0.6923077 0.9825901
vt 0.6153846 0.9825901
vt 0.6153846 0.5
vt 0.6153846 0.5
vt 0.6153846 0.9825901
vt 0.5384616 0.9825901
vt 0.5384616 0.5
vt 0.5384616 0.5
vt 0.5384616 0.9825901
vt 0.5357832 0.9825901
vt 0.4615385 0.5
vt 0.4615385 0.9825901
vt 0.4615385 0.5
vt 0.4615385 0.9825901
vt 0.3846154 0.9825901
vt 0.3846154 0.5
vt 0.3846154 0.5
vt 0.3846154 0.9825901
vt 0.3076923 0.9825901
vt 0.3076923 0.5
vt 0.3076923 0.5
vt 0.3076923 0.9825901
vt 0.2307693 0.9825901
vt 0.2307693 0.5
vt 0.2307693 0.5
vt 0.2307693 0.9825901
vt 0.1538462 0.9825901
vt 0.1538462 0.5
vt 0.1538462 0.5
vt 0.1538462 0.9825901
vt 0.07692312 0.9825901
vt 0.07692312 0.5
vt 0.07692312 0.5
vt 0.07692312 0.9825901
vt 4.470348E-08 0.9825901
vt 4.470348E-08 0.5
vt 0.6384665 0.4625095
vt 0.75 0.49
vt 0.8615336 0.4625095
vt 0.5524839 0.3863356
vt 0.9475161 0.3863355
vt 0.5117499 0.2789288
vt 0.9882501 0.2789288
vt 0.5255961 0.1648948
vt 0.9744039 0.1648948
vt 0.5908506 0.07035741
vt 0.9091494 0.07035743
vt 0.6925642 0.01697396
vt 0.8074358 0.01697396
vt 1 0.5
vt 1 0.9825901
vt 0.9230769 0.9825901
vt 0.9230769 0.5
vt 0.9230769 0.5
vt 0.9230769 0.9825901
vt 0.8461539 0.9825901
vt 0.8461539 0.5
vt 0.8461539 0.5
vt 0.8461539 0.9825901
vt 0.7692308 0.9825901
vt 0.7692308 0.5
vt 0.7692308 0.5
vt 0.7692308 0.9825901
vt 0.6923077 0.9825901
vt 0.6923077 0.5
vt 0.6923077 0.5
vt 0.6923077 0.9825901
vt 0.6153846 0.9825901
vt 0.6153846 0.5
vt 0.6153846 0.5
vt 0.6153846 0.9825901
vt 0.5384616 0.9825901
vt 0.5384616 0.5
vt 0.5384616 0.5
vt 0.5384616 0.9825901
vt 0.5357832 0.9825901
vt 0.4615385 0.5
vt 0.4615385 0.9825901
vt 0.4615385 0.5
vt 0.4615385 0.9825901
vt 0.3846154 0.9825901
vt 0.3846154 0.5
vt 0.3846154 0.5
vt 0.3846154 0.9825901
vt 0.3076923 0.9825901
vt 0.3076923 0.5
vt 0.3076923 0.5
vt 0.3076923 0.9825901
vt 0.2307693 0.9825901
vt 0.2307693 0.5
vt 0.2307693 0.5
vt 0.2307693 0.9825901
vt 0.1538462 0.9825901
vt 0.1538462 0.5
vt 0.1538462 0.5
vt 0.1538462 0.9825901
vt 0.07692312 0.9825901
vt 0.07692312 0.5
vt 0.07692312 0.5
vt 0.07692312 0.9825901
vt 4.470348E-08 0.9825901
vt 4.470348E-08 0.5
vt 0.6384665 0.4625095
vt 0.75 0.49
vt 0.8615336 0.4625095
vt 0.5524839 0.3863356
vt 0.9475161 0.3863355
vt 0.5117499 0.2789288
vt 0.9882501 0.2789288
vt 0.5255961 0.1648948
vt 0.9744039 0.1648948
vt 0.5908506 0.07035741
vt 0.9091494 0.07035743
vt 0.6925642 0.01697396
vt 0.8074358 0.01697396
vt 1 0.5
vt 1 0.9825901
vt 0.9230769 0.9825901
vt 0.9230769 0.5
vt 0.9230769 0.5
vt 0.9230769 0.9825901
vt 0.8461539 0.9825901
vt 0.8461539 0.5
vt 0.8461539 0.5
vt 0.8461539 0.9825901
vt 0.7692308 0.9825901
vt 0.7692308 0.5
vt 0.7692308 0.5
vt 0.7692308 0.9825901
vt 0.6923077 0.9825901
vt 0.6923077 0.5
vt 0.6923077 0.5
vt 0.6923077 0.9825901
vt 0.6153846 0.9825901
vt 0.6153846 0.5
vt 0.6153846 0.5
vt 0.6153846 0.9825901
vt 0.5384616 0.9825901
vt 0.5384616 0.5
vt 0.5384616 0.5
vt 0.5384616 0.9825901
vt 0.5357832 0.9825901
vt 0.4615385 0.5
vt 0.4615385 0.9825901
vt 0.4615385 0.5
vt 0.4615385 0.9825901
vt 0.3846154 0.9825901
vt 0.3846154 0.5
vt 0.3846154 0.5
vt 0.3846154 0.9825901
vt 0.3076923 0.9825901
vt 0.3076923 0.5
vt 0.3076923 0.5
vt 0.3076923 0.9825901
vt 0.2307693 0.9825901
vt 0.2307693 0.5
vt 0.2307693 0.5
vt 0.2307693 0.9825901
vt 0.1538462 0.9825901
vt 0.1538462 0.5
vt 0.1538462 0.5
vt 0.1538462 0.9825901
vt 0.07692312 0.9825901
vt 0.07692312 0.5
vt 0.07692312 0.5
vt 0.07692312 0.9825901
vt 4.470348E-08 0.9825901
vt 4.470348E-08 0.5
vt 0.6384665 0.4625095
vt 0.75 0.49
vt 0.8615336 0.4625095
vt 0.5524839 0.3863356
vt 0.9475161 0.3863355
vt 0.5117499 0.2789288
vt 0.9882501 0.2789288
vt 0.5255961 0.1648948
vt 0.9744039 0.1648948
vt 0.5908506 0.07035741
vt 0.9091494 0.07035743
vt 0.6925642 0.01697396
vt 0.8074358 0.01697396
vt 1 0.5
vt 1 0.9825901
vt 0.9230769 0.9825901
vt 0.9230769 0.5
vt 0.9230769 0.5
vt 0.9230769 0.9825901
vt 0.8461539 0.9825901
vt 0.8461539 0.5
vt 0.8461539 0.5
vt 0.8461539 0.9825901
vt 0.7692308 0.9825901
vt 0.7692308 0.5
vt 0.7692308 0.5
vt 0.7692308 0.9825901
vt 0.6923077 0.9825901
vt 0.6923077 0.5
vt 0.6923077 0.5
vt 0.6923077 0.9825901
vt 0.6153846 0.9825901
vt 0.6153846 0.5
vt 0.6153846 0.5
vt 0.6153846 0.9825901
vt 0.5384616 0.9825901
vt 0.5384616 0.5
vt 0.5384616 0.5
vt 0.5384616 0.9825901
vt 0.5357832 0.9825901
vt 0.4615385 0.5
vt 0.4615385 0.9825901
vt 0.4615385 0.5
vt 0.4615385 0.9825901
vt 0.3846154 0.9825901
vt 0.3846154 0.5
vt 0.3846154 0.5
vt 0.3846154 0.9825901
vt 0.3076923 0.9825901
vt 0.3076923 0.5
vt 0.3076923 0.5
vt 0.3076923 0.9825901
vt 0.2307693 0.9825901
vt 0.2307693 0.5
vt 0.2307693 0.5
vt 0.2307693 0.9825901
vt 0.1538462 0.9825901
vt 0.1538462 0.5
vt 0.1538462 0.5
vt 0.1538462 0.9825901
vt 0.07692312 0.9825901
vt 0.07692312 0.5
vt 0.07692312 0.5
vt 0.07692312 0.9825901
vt 4.470348E-08 0.9825901
vt 4.470348E-08 0.5
vt 0.6384665 0.4625095
vt 0.75 0.49
vt 0.8615336 0.4625095
vt 0.5524839 0.3863356
vt 0.9475161 0.3863355
vt 0.5117499 0.2789288
vt 0.9882501 0.2789288
vt 0.5255961 0.1648948
vt 0.9744039 0.1648948
vt 0.5908506 0.07035741
vt 0.9091494 0.07035743
vt 0.6925642 0.01697396
vt 0.8074358 0.01697396
vt 1 0.5
vt 1 0.9825901
vt 0.9230769 0.9825901
vt 0.9230769 0.5
vt 0.9230769 0.5
vt 0.9230769 0.9825901
vt 0.8461539 0.9825901
vt 0.8461539 0.5
vt 0.8461539 0.5
vt 0.8461539 0.9825901
vt 0.7692308 0.9825901
vt 0.7692308 0.5
vt 0.7692308 0.5
vt 0.7692308 0.9825901
vt 0.6923077 0.9825901
vt 0.6923077 0.5
vt 0.6923077 0.5
vt 0.6923077 0.9825901
vt 0.6153846 0.9825901
vt 0.6153846 0.5
vt 0.6153846 0.5
vt 0.6153846 0.9825901
vt 0.5384616 0.9825901
vt 0.5384616 0.5
vt 0.5384616 0.5
vt 0.5384616 0.9825901
vt 0.5357832 0.9825901
vt 0.4615385 0.5
vt 0.4615385 0.9825901
vt 0.4615385 0.5
vt 0.4615385 0.9825901
vt 0.3846154 0.9825901
vt 0.3846154 0.5
vt 0.3846154 0.5
vt 0.3846154 0.9825901
vt 0.3076923 0.9825901
vt 0.3076923 0.5
vt 0.3076923 0.5
vt 0.3076923 0.9825901
vt 0.2307693 0.9825901
vt 0.2307693 0.5
vt 0.2307693 0.5
vt 0.2307693 0.9825901
vt 0.1538462 0.9825901
vt 0.1538462 0.5
vt 0.1538462 0.5
vt 0.1538462 0.9825901
vt 0.07692312 0.9825901
vt 0.07692312 0.5
vt 0.07692312 0.5
vt 0.07692312 0.9825901
vt 4.470348E-08 0.9825901
vt 4.470348E-08 0.5
vt 0.6384665 0.4625095
vt 0.75 0.49
vt 0.8615336 0.4625095
vt 0.5524839 0.3863356
vt 0.9475161 0.3863355
vt 0.5117499 0.2789288
vt 0.9882501 0.2789288
vt 0.5255961 0.1648948
vt 0.9744039 0.1648948
vt 0.5908506 0.07035741
vt 0.9091494 0.07035743
vt 0.6925642 0.01697396
vt 0.8074358 0.01697396
vt 1 0.5
vt 1 0.9825901
vt 0.9230769 0.9825901
vt 0.9230769 0.5
vt 0.9230769 0.5
vt 0.9230769 0.9825901
vt 0.8461539 0.9825901
vt 0.8461539 0.5
vt 0.8461539 0.5
vt 0.8461539 0.9825901
vt 0.7692308 0.9825901
vt 0.7692308 0.5
vt 0.7692308 0.5
vt 0.7692308 0.9825901
vt 0.6923077 0.9825901
vt 0.6923077 0.5
vt 0.6923077 0.5
vt 0.6923077 0.9825901
vt 0.6153846 0.9825901
vt 0.6153846 0.5
vt 0.6153846 0.5
vt 0.6153846 0.9825901
vt 0.5384616 0.9825901
vt 0.5384616 0.5
vt 0.5384616 0.5
vt 0.5384616 0.9825901
vt 0.5357832 0.9825901
vt 0.4615385 0.5
vt 0.4615385 0.9825901
vt 0.4615385 0.5
vt 0.4615385 0.9825901
vt 0.3846154 0.9825901
vt 0.3846154 0.5
vt 0.3846154 0.5
vt 0.3846154 0.9825901
vt 0.3076923 0.9825901
vt 0.3076923 0.5
vt 0.3076923 0.5
vt 0.3076923 0.9825901
vt 0.2307693 0.9825901
vt 0.2307693 0.5
vt 0.2307693 0.5
vt 0.2307693 0.9825901
vt 0.1538462 0.9825901
vt 0.1538462 0.5
vt 0.1538462 0.5
vt 0.1538462 0.9825901
vt 0.07692312 0.9825901
vt 0.07692312 0.5
vt 0.07692312 0.5
vt 0.07692312 0.9825901
vt 4.470348E-08 0.9825901
vt 4.470348E-08 0.5
vt 0.6384665 0.4625095
vt 0.75 0.49
vt 0.8615336 0.4625095
vt 0.5524839 0.3863356
vt 0.9475161 0.3863355
vt 0.5117499 0.2789288
vt 0.9882501 0.2789288
vt 0.5255961 0.1648948
vt 0.9744039 0.1648948
vt 0.5908506 0.07035741
vt 0.9091494 0.07035743
vt 0.6925642 0.01697396
vt 0.8074358 0.01697396
vt 1 0.5
vt 1 0.9825901
vt 0.9230769 0.9825901
vt 0.9230769 0.5
vt 0.9230769 0.5
vt 0.9230769 0.9825901
vt 0.8461539 0.9825901
vt 0.8461539 0.5
vt 0.8461539 0.5
vt 0.8461539 0.9825901
vt 0.7692308 0.9825901
vt 0.7692308 0.5
vt 0.7692308 0.5
vt 0.7692308 0.9825901
vt 0.6923077 0.9825901
vt 0.6923077 0.5
vt 0.6923077 0.5
vt 0.6923077 0.9825901
vt 0.6153846 0.9825901
vt 0.6153846 0.5
vt 0.6153846 0.5
vt 0.6153846 0.9825901
vt 0.5384616 0.9825901
vt 0.5384616 0.5
vt 0.5384616 0.5
vt 0.5384616 0.9825901
vt 0.5357832 0.9825901
vt 0.4615385 0.5
vt 0.4615385 0.9825901
vt 0.4615385 0.5
vt 0.4615385 0.9825901
vt 0.3846154 0.9825901
vt 0.3846154 0.5
vt 0.3846154 0.5
vt 0.3846154 0.9825901
vt 0.3076923 0.9825901
vt 0.3076923 0.5
vt 0.3076923 0.5
vt 0.3076923 0.9825901
vt 0.2307693 0.9825901
vt 0.2307693 0.5
vt 0.2307693 0.5
vt 0.2307693 0.9825901
vt 0.1538462 0.9825901
vt 0.1538462 0.5
vt 0.1538462 0.5
vt 0.1538462 0.9825901
vt 0.07692312 0.9825901
vt 0.07692312 0.5
vt 0.07692312 0.5
vt 0.07692312 0.9825901
vt 4.470348E-08 0.9825901
vt 4.470348E-08 0.5
vt 0.6384665 0.4625095
vt 0.75 0.49
vt 0.8615336 0.4625095
vt 0.5524839 0.3863356
vt 0.9475161 0.3863355
vt 0.5117499 0.2789288
vt 0.9882501 0.2789288
vt 0.5255961 0.1648948
vt 0.9744039 0.1648948
vt 0.5908506 0.07035741
vt 0.9091494 0.07035743
vt 0.6925642 0.01697396
vt 0.8074358 0.01697396
vt 1 0.5
vt 1 0.9825901
vt 0.9230769 0.9825901
vt 0.9230769 0.5
vt 0.9230769 0.5
vt 0.9230769 0.9825901
vt 0.8461539 0.9825901
vt 0.8461539 0.5
vt 0.8461539 0.5
vt 0.8461539 0.9825901
vt 0.7692308 0.9825901
vt 0.7692308 0.5
vt 0.7692308 0.5
vt 0.7692308 0.9825901
vt 0.6923077 0.9825901
vt 0.6923077 0.5
vt 0.6923077 0.5
vt 0.6923077 0.9825901
vt 0.6153846 0.9825901
vt 0.6153846 0.5
vt 0.6153846 0.5
vt 0.6153846 0.9825901
vt 0.5384616 0.9825901
vt 0.5384616 0.5
vt 0.5384616 0.5
vt 0.5384616 0.9825901
vt 0.5357832 0.9825901
vt 0.4615385 0.5
vt 0.4615385 0.9825901
vt 0.4615385 0.5
vt 0.4615385 0.9825901
vt 0.3846154 0.9825901
vt 0.3846154 0.5
vt 0.3846154 0.5
vt 0.3846154 0.9825901
vt 0.3076923 0.9825901
vt 0.3076923 0.5
vt 0.3076923 0.5
vt 0.3076923 0.9825901
vt 0.2307693 0.9825901
vt 0.2307693 0.5
vt 0.2307693 0.5
vt 0.2307693 0.9825901
vt 0.1538462 0.9825901
vt 0.1538462 0.5
vt 0.1538462 0.5
vt 0.1538462 0.9825901
vt 0.07692312 0.9825901
vt 0.07692312 0.5
vt 0.07692312 0.5
vt 0.07692312 0.9825901
vt 4.470348E-08 0.9825901
vt 4.470348E-08 0.5
vt 0.6384665 0.4625095
vt 0.75 0.49
vt 0.8615336 0.4625095
vt 0.5524839 0.3863356
vt 0.9475161 0.3863355
vt 0.5117499 0.2789288
vt 0.9882501 0.2789288
vt 0.5255961 0.1648948
vt 0.9744039 0.1648948
vt 0.5908506 0.07035741
vt 0.9091494 0.07035743
vt 0.6925642 0.01697396
vt 0.8074358 0.01697396
vt 1 0.5
vt 1 0.9825901
vt 0.9230769 0.9825901
vt 0.9230769 0.5
vt 0.9230769 0.5
vt 0.9230769 0.9825901
vt 0.8461539 0.9825901
vt 0.8461539 0.5
vt 0.8461539 0.5
vt 0.8461539 0.9825901
vt 0.7692308 0.9825901
vt 0.7692308 0.5
vt 0.7692308 0.5
vt 0.7692308 0.9825901
vt 0.6923077 0.9825901
vt 0.6923077 0.5
vt 0.6923077 0.5
vt 0.6923077 0.9825901
vt 0.6153846 0.9825901
vt 0.6153846 0.5
vt 0.6153846 0.5
vt 0.6153846 0.9825901
vt 0.5384616 0.9825901
vt 0.5384616 0.5
vt 0.5384616 0.5
vt 0.5384616 0.9825901
vt 0.5357832 0.9825901
vt 0.4615385 0.5
vt 0.4615385 0.9825901
vt 0.4615385 0.5
vt 0.4615385 0.9825901
vt 0.3846154 0.9825901
vt 0.3846154 0.5
vt 0.3846154 0.5
vt 0.3846154 0.9825901
vt 0.3076923 0.9825901
vt 0.3076923 0.5
vt 0.3076923 0.5
vt 0.3076923 0.9825901
vt 0.2307693 0.9825901
vt 0.2307693 0.5
vt 0.2307693 0.5
vt 0.2307693 0.9825901
vt 0.1538462 0.9825901
vt 0.1538462 0.5
vt 0.1538462 0.5
vt 0.1538462 0.9825901
vt 0.07692312 0.9825901
vt 0.07692312 0.5
vt 0.07692312 0.5
vt 0.07692312 0.9825901
vt 4.470348E-08 0.9825901
vt 4.470348E-08 0.5
vt 0.6384665 0.4625095
vt 0.75 0.49
vt 0.8615336 0.4625095
vt 0.5524839 0.3863356
vt 0.9475161 0.3863355
vt 0.5117499 0.2789288
vt 0.9882501 0.2789288
vt 0.5255961 0.1648948
vt 0.9744039 0.1648948
vt 0.5908506 0.07035741
vt 0.9091494 0.07035743
vt 0.6925642 0.01697396
vt 0.8074358 0.01697396
vt 1 0.5
vt 1 0.9825901
vt 0.9230769 0.9825901
vt 0.9230769 0.5
vt 0.9230769 0.5
vt 0.9230769 0.9825901
vt 0.8461539 0.9825901
vt 0.8461539 0.5
vt 0.8461539 0.5
vt 0.8461539 0.9825901
vt 0.7692308 0.9825901
vt 0.7692308 0.5
vt 0.7692308 0.5
vt 0.7692308 0.9825901
vt 0.6923077 0.9825901
vt 0.6923077 0.5
vt 0.6923077 0.5
vt 0.6923077 0.9825901
vt 0.6153846 0.9825901
vt 0.6153846 0.5
vt 0.6153846 0.5
vt 0.6153846 0.9825901
vt 0.5384616 0.9825901
vt 0.5384616 0.5
vt 0.5384616 0.5
vt 0.5384616 0.9825901
vt 0.5357832 0.9825901
vt 0.4615385 0.5
vt 0.4615385 0.9825901
vt 0.4615385 0.5
vt 0.4615385 0.9825901
vt 0.3846154 0.9825901
vt 0.3846154 0.5
vt 0.3846154 0.5
vt 0.3846154 0.9825901
vt 0.3076923 0.9825901
vt 0.3076923 0.5
vt 0.3076923 0.5
vt 0.3076923 0.9825901
vt 0.2307693 0.9825901
vt 0.2307693 0.5
vt 0.2307693 0.5
vt 0.2307693 0.9825901
vt 0.1538462 0.9825901
vt 0.1538462 0.5
vt 0.1538462 0.5
vt 0.1538462 0.9825901
vt 0.07692312 0.9825901
vt 0.07692312 0.5
vt 0.07692312 0.5
vt 0.07692312 0.9825901
vt 4.470348E-08 0.9825901
vt 4.470348E-08 0.5
vt 0.6384665 0.4625095
vt 0.75 0.49
vt 0.8615336 0.4625095
vt 0.5524839 0.3863356
vt 0.9475161 0.3863355
vt 0.5117499 0.2789288
vt 0.9882501 0.2789288
vt 0.5255961 0.1648948
vt 0.9744039 0.1648948
vt 0.5908506 0.07035741
vt 0.9091494 0.07035743
vt 0.6925642 0.01697396
vt 0.8074358 0.01697396
vt 1 0.5
vt 1 0.9825901
vt 0.9230769 0.9825901
vt 0.9230769 0.5
vt 0.9230769 0.5
vt 0.9230769 0.9825901
vt 0.8461539 0.9825901
vt 0.8461539 0.5
vt 0.8461539 0.5
vt 0.8461539 0.9825901
vt 0.7692308 0.9825901
vt 0.7692308 0.5
vt 0.7692308 0.5
vt 0.7692308 0.9825901
vt 0.6923077 0.9825901
vt 0.6923077 0.5
vt 0.6923077 0.5
vt 0.6923077 0.9825901
vt 0.6153846 0.9825901
vt 0.6153846 0.5
vt 0.6153846 0.5
vt 0.6153846 0.9825901
vt 0.5384616 0.9825901
vt 0.5384616 0.5
vt 0.5384616 0.5
vt 0.5384616 0.9825901
vt 0.5357832 0.9825901
vt 0.4615385 0.5
vt 0.4615385 0.9825901
vt 0.4615385 0.5
vt 0.4615385 0.9825901
vt 0.3846154 0.9825901
vt 0.3846154 0.5
vt 0.3846154 0.5
vt 0.3846154 0.9825901
vt 0.3076923 0.9825901
vt 0.3076923 0.5
vt 0.3076923 0.5
vt 0.3076923 0.9825901
vt 0.2307693 0.9825901
vt 0.2307693 0.5
vt 0.2307693 0.5
vt 0.2307693 0.9825901
vt 0.1538462 0.9825901
vt 0.1538462 0.5
vt 0.1538462 0.5
vt 0.1538462 0.9825901
vt 0.07692312 0.9825901
vt 0.07692312 0.5
vt 0.07692312 0.5
vt 0.07692312 0.9825901
vt 4.470348E-08 0.9825901
vt 4.470348E-08 0.5
vt 0.6384665 0.4625095
vt 0.75 0.49
vt 0.8615336 0.4625095
vt 0.5524839 0.3863356
vt 0.9475161 0.3863355
vt 0.5117499 0.2789288
vt 0.9882501 0.2789288
vt 0.5255961 0.1648948
vt 0.9744039 0.1648948
vt 0.5908506 0.07035741
vt 0.9091494 0.07035743
vt 0.6925642 0.01697396
vt 0.8074358 0.01697396
vt 1 0.5
vt 1 0.9825901
vt 0.9230769 0.9825901
vt 0.9230769 0.5
vt 0.9230769 0.5
vt 0.9230769 0.9825901
vt 0.8461539 0.9825901
vt 0.8461539 0.5
vt 0.8461539 0.5
vt 0.8461539 0.9825901
vt 0.7692308 0.9825901
vt 0.7692308 0.5
vt 0.7692308 0.5
vt 0.7692308 0.9825901
vt 0.6923077 0.9825901
vt 0.6923077 0.5
vt 0.6923077 0.5
vt 0.6923077 0.9825901
vt 0.6153846 0.9825901
vt 0.6153846 0.5
vt 0.6153846 0.5
vt 0.6153846 0.9825901
vt 0.5384616 0.9825901
vt 0.5384616 0.5
vt 0.5384616 0.5
vt 0.5384616 0.9825901
vt 0.5357832 0.9825901
vt 0.4615385 0.5
vt 0.4615385 0.9825901
vt 0.4615385 0.5
vt 0.4615385 0.9825901
vt 0.3846154 0.9825901
vt 0.3846154 0.5
vt 0.3846154 0.5
vt 0.3846154 0.9825901
vt 0.3076923 0.9825901
vt 0.3076923 0.5
vt 0.3076923 0.5
vt 0.3076923 0.9825901
vt 0.2307693 0.9825901
vt 0.2307693 0.5
vt 0.2307693 0.5
vt 0.2307693 0.9825901
vt 0.1538462 0.9825901
vt 0.1538462 0.5
vt 0.1538462 0.5
vt 0.1538462 0.9825901
vt 0.07692312 0.9825901
vt 0.07692312 0.5
vt 0.07692312 0.5
vt 0.07692312 0.9825901
vt 4.470348E-08 0.9825901
vt 4.470348E-08 0.5
vt 0.6384665 0.4625095
vt 0.75 0.49
vt 0.8615336 0.4625095
vt 0.5524839 0.3863356
vt 0.9475161 0.3863355
vt 0.5117499 0.2789288
vt 0.9882501 0.2789288
vt 0.5255961 0.1648948
vt 0.9744039 0.1648948
vt 0.5908506 0.07035741
vt 0.9091494 0.07035743
vt 0.6925642 0.01697396
vt 0.8074358 0.01697396
vt 1 0.5
vt 1 0.9825901
vt 0.9230769 0.9825901
vt 0.9230769 0.5
vt 0.9230769 0.5
vt 0.9230769 0.9825901
vt 0.8461539 0.9825901
vt 0.8461539 0.5
vt 0.8461539 0.5
vt 0.8461539 0.9825901
vt 0.7692308 0.9825901
vt 0.7692308 0.5
vt 0.7692308 0.5
vt 0.7692308 0.9825901
vt 0.6923077 0.9825901
vt 0.6923077 0.5
vt 0.6923077 0.5
vt 0.6923077 0.9825901
vt 0.6153846 0.9825901
vt 0.6153846 0.5
vt 0.6153846 0.5
vt 0.6153846 0.9825901
vt 0.5384616 0.9825901
vt 0.5384616 0.5
vt 0.5384616 0.5
vt 0.5384616 0.9825901
vt 0.5357832 0.9825901
vt 0.4615385 0.5
vt 0.4615385 0.9825901
vt 0.4615385 0.5
vt 0.4615385 0.9825901
vt 0.3846154 0.9825901
vt 0.3846154 0.5
vt 0.3846154 0.5
vt 0.3846154 0.9825901
vt 0.3076923 0.9825901
vt 0.3076923 0.5
vt 0.3076923 0.5
vt 0.3076923 0.9825901
vt 0.2307693 0.9825901
vt 0.2307693 0.5
vt 0.2307693 0.5
vt 0.2307693 0.9825901
vt 0.1538462 0.9825901
vt 0.1538462 0.5
vt 0.1538462 0.5
vt 0.1538462 0.9825901
vt 0.07692312 0.9825901
vt 0.07692312 0.5
vt 0.07692312 0.5
vt 0.07692312 0.9825901
vt 4.470348E-08 0.9825901
vt 4.470348E-08 0.5
vt 0.6384665 0.4625095
vt 0.75 0.49
vt 0.8615336 0.4625095
vt 0.5524839 0.3863356
vt 0.9475161 0.3863355
vt 0.5117499 0.2789288
vt 0.9882501 0.2789288
vt 0.5255961 0.1648948
vt 0.9744039 0.1648948
vt 0.5908506 0.07035741
vt 0.9091494 0.07035743
vt 0.6925642 0.01697396
vt 0.8074358 0.01697396
vt 1 0.5
vt 1 0.9825901
vt 0.9230769 0.9825901
vt 0.9230769 0.5
vt 0.9230769 0.5
vt 0.9230769 0.9825901
vt 0.8461539 0.9825901
vt 0.8461539 0.5
vt 0.8461539 0.5
vt 0.8461539 0.9825901
vt 0.7692308 0.9825901
vt 0.7692308 0.5
vt 0.7692308 0.5
vt 0.7692308 0.9825901
vt 0.6923077 0.9825901
vt 0.6923077 0.5
vt 0.6923077 0.5
vt 0.6923077 0.9825901
vt 0.6153846 0.9825901
vt 0.6153846 0.5
vt 0.6153846 0.5
vt 0.6153846 0.9825901
vt 0.5384616 0.9825901
vt 0.5384616 0.5
vt 0.5384616 0.5
vt 0.5384616 0.9825901
vt 0.5357832 0.9825901
vt 0.4615385 0.5
vt 0.4615385 0.9825901
vt 0.4615385 0.5
vt 0.4615385 0.9825901
vt 0.3846154 0.9825901
vt 0.3846154 0.5
vt 0.3846154 0.5
vt 0.3846154 0.9825901
vt 0.3076923 0.9825901
vt 0.3076923 0.5
vt 0.3076923 0.5
vt 0.3076923 0.9825901
vt 0.2307693 0.9825901
vt 0.2307693 0.5
vt 0.2307693 0.5
vt 0.2307693 0.9825901
vt 0.1538462 0.9825901
vt 0.1538462 0.5
vt 0.1538462 0.5
vt 0.1538462 0.9825901
vt 0.07692312 0.9825901
vt 0.07692312 0.5
vt 0.07692312 0.5
vt 0.07692312 0.9825901
vt 4.470348E-08 0.9825901
vt 4.470348E-08 0.5
vt 0.6384665 0.4625095
vt 0.75 0.49
vt 0.8615336 0.4625095
vt 0.5524839 0.3863356
vt 0.9475161 0.3863355
vt 0.5117499 0.2789288
vt 0.9882501 0.2789288
vt 0.5255961 0.1648948
vt 0.9744039 0.1648948
vt 0.5908506 0.07035741
vt 0.9091494 0.07035743
vt 0.6925642 0.01697396
vt 0.8074358 0.01697396
vt 1 0.5
vt 1 0.9825901
vt 0.9230769 0.9825901
vt 0.9230769 0.5
vt 0.9230769 0.5
vt 0.9230769 0.9825901
vt 0.8461539 0.9825901
vt 0.8461539 0.5
vt 0.8461539 0.5
vt 0.8461539 0.9825901
vt 0.7692308 0.9825901
vt 0.7692308 0.5
vt 0.7692308 0.5
vt 0.7692308 0.9825901
vt 0.6923077 0.9825901
vt 0.6923077 0.5
vt 0.6923077 0.5
vt 0.6923077 0.9825901
vt 0.6153846 0.9825901
vt 0.6153846 0.5
vt 0.6153846 0.5
vt 0.6153846 0.9825901
vt 0.5384616 0.9825901
vt 0.5384616 0.5
vt 0.5384616 0.5
vt 0.5384616 0.9825901
vt 0.5357832 0.9825901
vt 0.4615385 0.5
vt 0.4615385 0.9825901
vt 0.4615385 0.5
vt 0.4615385 0.9825901
vt 0.3846154 0.9825901
vt 0.3846154 0.5
vt 0.3846154 0.5
vt 0.3846154 0.9825901
vt 0.3076923 0.9825901
vt 0.3076923 0.5
vt 0.3076923 0.5
vt 0.3076923 0.9825901
vt 0.2307693 0.9825901
vt 0.2307693 0.5
vt 0.2307693 0.5
vt 0.2307693 0.9825901
vt 0.1538462 0.9825901
vt 0.1538462 0.5
vt 0.1538462 0.5
vt 0.1538462 0.9825901
vt 0.07692312 0.9825901
vt 0.07692312 0.5
vt 0.07692312 0.5
vt 0.07692312 0.9825901
vt 4.470348E-08 0.9825901
vt 4.470348E-08 0.5
vt 0.6384665 0.4625095
vt 0.75 0.49
vt 0.8615336 0.4625095
vt 0.5524839 0.3863356
vt 0.9475161 0.3863355
vt 0.5117499 0.2789288
vt 0.9882501 0.2789288
vt 0.5255961 0.1648948
vt 0.9744039 0.1648948
vt 0.5908506 0.07035741
vt 0.9091494 0.07035743
vt 0.6925642 0.01697396
vt 0.8074358 0.01697396
vt 1 0.5
vt 1 0.9825901
vt 0.9230769 0.9825901
vt 0.9230769 0.5
vt 0.9230769 0.5
vt 0.9230769 0.9825901
vt 0.8461539 0.9825901
vt 0.8461539 0.5
vt 0.8461539 0.5
vt 0.8461539 0.9825901
vt 0.7692308 0.9825901
vt 0.7692308 0.5
vt 0.7692308 0.5
vt 0.7692308 0.9825901
vt 0.6923077 0.9825901
vt 0.6923077 0.5
vt 0.6923077 0.5
vt 0.6923077 0.9825901
vt 0.6153846 0.9825901
vt 0.6153846 0.5
vt 0.6153846 0.5
vt 0.6153846 0.9825901
vt 0.5384616 0.9825901
vt 0.5384616 0.5
vt 0.5384616 0.5
vt 0.5384616 0.9825901
vt 0.5357832 0.9825901
vt 0.4615385 0.5
vt 0.4615385 0.9825901
vt 0.4615385 0.5
vt 0.4615385 0.9825901
vt 0.3846154 0.9825901
vt 0.3846154 0.5
vt 0.3846154 0.5
vt 0.3846154 0.9825901
vt 0.3076923 0.9825901
vt 0.3076923 0.5
vt 0.3076923 0.5
vt 0.3076923 0.9825901
vt 0.2307693 0.9825901
vt 0.2307693 0.5
vt 0.2307693 0.5
vt 0.2307693 0.9825901
vt 0.1538462 0.9825901
vt 0.1538462 0.5
vt 0.1538462 0.5
vt 0.1538462 0.9825901
vt 0.07692312 0.9825901
vt 0.07692312 0.5
vt 0.07692312 0.5
vt 0.07692312 0.9825901
vt 4.470348E-08 0.9825901
vt 4.470348E-08 0.5
vt 0.6384665 0.4625095
vt 0.75 0.49
vt 0.8615336 0.4625095
vt 0.5524839 0.3863356
vt 0.9475161 0.3863355
vt 0.5117499 0.2789288
vt 0.9882501 0.2789288
vt 0.5255961 0.1648948
vt 0.9744039 0.1648948
vt 0.5908506 0.07035741
vt 0.9091494 0.07035743
vt 0.6925642 0.01697396
vt 0.8074358 0.01697396
vt 1 0.5
vt 1 0.9825901
vt 0.9230769 0.9825901
vt 0.9230769 0.5
vt 0.9230769 0.5
vt 0.9230769 0.9825901
vt 0.8461539 0.9825901
vt 0.8461539 0.5
vt 0.8461539 0.5
vt 0.8461539 0.9825901
vt 0.7692308 0.9825901
vt 0.7692308 0.5
vt 0.7692308 0.5
vt 0.7692308 0.9825901
vt 0.6923077 0.9825901
vt 0.6923077 0.5
vt 0.6923077 0.5
vt 0.6923077 0.9825901
vt 0.6153846 0.9825901
vt 0.6153846 0.5
vt 0.6153846 0.5
vt 0.6153846 0.9825901
vt 0.5384616 0.9825901
vt 0.5384616 0.5
vt 0.5384616 0.5
vt 0.5384616 0.9825901
vt 0.4615385 0.9825901
vt 0.4615385 0.5
vt 0.4615385 0.5
vt 0.4615385 0.9825901
vt 0.3846154 0.9825901
vt 0.3846154 0.5
vt 0.3846154 0.5
vt 0.3846154 0.9825901
vt 0.3076923 0.9825901
vt 0.3076923 0.5
vt 0.3076923 0.5
vt 0.3076923 0.9825901
vt 0.2307693 0.9825901
vt 0.2307693 0.5
vt 0.2307693 0.5
vt 0.2307693 0.9825901
vt 0.1538462 0.9825901
vt 0.1538462 0.5
vt 0.1538462 0.5
vt 0.1538462 0.9825901
vt 0.07692312 0.9825901
vt 0.07692312 0.5
vt 0.07692312 0.5
vt 0.07692312 0.9825901
vt 4.470348E-08 0.9825901
vt 4.470348E-08 0.5
vt 0.6384665 0.4625095
vt 0.75 0.49
vt 0.8615336 0.4625095
vt 0.5524839 0.3863356
vt 0.9475161 0.3863355
vt 0.5117499 0.2789288
vt 0.9882501 0.2789288
vt 0.5255961 0.1648948
vt 0.9744039 0.1648948
vt 0.5908506 0.07035741
vt 0.9091494 0.07035743
vt 0.6925642 0.01697396
vt 0.8074358 0.01697396
vt 0.8527769 0.75
vt 0.6472232 0.75
vt 0.6472232 0.75
vt 0.8527769 0.75
vt 0.8527769 0.75
vt 0.8527769 0.75
vt 0.8527768 0.6381372
vt 0.8527768 0.5
vt 0.8527768 0.5
vt 0.8241395 0.5
vt 0.6472232 0.5
vt 0.6472232 0.5
vt 0.8527768 0.5
vt 0.8527768 0.5
vt 0.6472232 0.75
vt 0.6472232 0.5
vt 0.6472232 0.5
vt 0.6472232 0.75
vt 0.8527769 0.75
vt 0.6472232 0.75
vt 0.6472232 0.75
vt 0.8527769 0.75
vt 0.8527768 0.5
vt 0.8527769 0.75
vt 0.8527769 0.75
vt 0.8527768 0.5
vt 0.6472232 0.5
vt 0.8527768 0.5
vt 0.8527768 0.5
vt 0.6472232 0.5
vt 0.6472232 0.75
vt 0.6472232 0.5
vt 0.6472232 0.5
vt 0.6472232 0.75
vt 0.6472232 0.5
vt 0.8527768 0.5
vt 0.8527768 0.5
vt 0.6472232 0.5
vt 0.6472232 0.75
vt 0.6472232 0.5
vt 0.6472232 0.5
vt 0.6472232 0.7500001
vt 0.8527768 0.5
vt 0.8527769 0.75
vt 0.8527769 0.7500001
vt 0.8527768 0.5
vt 0.5745654 0.2567579
vt 0.5745654 0.4932421
vt 0.6164655 0.4932421
vt 0.6164654 0.2567579
vt 0.3972232 0.956619
vt 0.3972232 1
vt 0.6027768 1
vt 0.6027768 0.9566189
vt 0.3835344 0.006757859
vt 0.3802684 0.004171736
vt 0.3802684 0.2458282
vt 0.3835344 0.2432421
vt 0.3802684 0.004171736
vt 0.375 0.001979306
vt 0.375 0.2480207
vt 0.3802684 0.2458282
vt 0.875 0.5019793
vt 0.8612812 0.5005144
vt 0.8612813 0.7494856
vt 0.875 0.7480206
vt 0.8612812 0.5005144
vt 0.8527768 0.5
vt 0.8527769 0.75
vt 0.8612813 0.7494856
vt 0.6164655 0.4932421
vt 0.6197315 0.4958282
vt 0.6197315 0.2541717
vt 0.6164654 0.2567579
vt 0.6197315 0.4958282
vt 0.625 0.4980207
vt 0.625 0.2519793
vt 0.6197315 0.2541717
vt 0.625 0.7480207
vt 0.6387187 0.7494856
vt 0.6387187 0.5005144
vt 0.625 0.5019793
vt 0.6387187 0.7494856
vt 0.6472232 0.75
vt 0.6472232 0.5
vt 0.6387187 0.5005144
vt 0.4254345 0.006757859
vt 0.4227353 0.004171735
vt 0.3802684 0.004171736
vt 0.3835344 0.006757859
vt 0.4227353 0.004171735
vt 0.420447 0
vt 0.3774997 0
vt 0.3802684 0.004171736
vt 0.625 0.954553
vt 0.6112813 0.9560821
vt 0.6112812 0.9993503
vt 0.625 0.9975004
vt 0.6112813 0.9560821
vt 0.6027768 0.9566189
vt 0.6027768 1
vt 0.6112812 0.9993503
vt 0.5745654 0.4932421
vt 0.5772647 0.4958282
vt 0.6197315 0.4958282
vt 0.6164655 0.4932421
vt 0.5772647 0.4958282
vt 0.579553 0.5
vt 0.6225003 0.5
vt 0.6197315 0.4958282
vt 0.375 0.5454469
vt 0.3887187 0.543918
vt 0.3887187 0.5006496
vt 0.375 0.5024996
vt 0.3887187 0.543918
vt 0.3972232 0.543381
vt 0.3972232 0.5
vt 0.3887187 0.5006496
vt 0.7947071 0.5706261
vt 0.8154122 0.6345829
vt 0.8227698 0.6345828
vt 0.8441828 0.570626
vt 0.8227698 0.65731
vt 0.8527769 0.75
vt 0.8527768 0.5
vt 0.8441829 0.5142543
vt 0.6472232 0.5
vt 0.6903077 0.5142542
vt 0.6903077 0.570626
vt 0.6699155 0.5856792
vt 0.6668541 0.5857781
vt 0.6648902 0.5859532
vt 0.6644735 0.5861646
vt 0.7256182 0.5856791
vt 0.7947071 0.5706261
vt 0.7286795 0.5857781
vt 0.7306433 0.5859533
vt 0.7310601 0.5861646
vt 0.7256182 0.5887471
vt 0.7298342 0.5863637
vt 0.7272463 0.5865048
vt 0.6716441 0.5865557
vt 0.7286795 0.5888461
vt 0.7306433 0.5890212
vt 0.7310601 0.5892326
vt 0.671855 0.5887471
vt 0.7256183 0.5918152
vt 0.7286794 0.5919141
vt 0.7298342 0.5894316
vt 0.7272465 0.5895728
vt 0.6682874 0.5865049
vt 0.6656994 0.5863636
vt 0.7306433 0.5920893
vt 0.671855 0.5918151
vt 0.671644 0.5896236
vt 0.6699154 0.5887471
vt 0.6668543 0.5888461
vt 0.6648902 0.5890212
vt 0.6682873 0.5895728
vt 0.6656994 0.5894316
vt 0.6644735 0.5892326
vt 0.6699154 0.5918151
vt 0.6668543 0.5919141
vt 0.6648902 0.5920892
vt 0.6644735 0.5923006
vt 0.6648903 0.5951573
vt 0.6644736 0.5953685
vt 0.6668541 0.5949821
vt 0.6699154 0.5948831
vt 0.6718551 0.5948831
vt 0.6656995 0.5924996
vt 0.6682873 0.5926408
vt 0.6716441 0.5926917
vt 0.7256182 0.5948831
vt 0.7272465 0.5926408
vt 0.7298342 0.5924996
vt 0.7310601 0.5923006
vt 0.6648902 0.5982252
vt 0.6644734 0.5984365
vt 0.6668543 0.5980501
vt 0.6699154 0.5979512
vt 0.6718549 0.5979512
vt 0.6656995 0.5955675
vt 0.6682873 0.5957087
vt 0.6716441 0.5957596
vt 0.7256182 0.5979512
vt 0.7272465 0.5957087
vt 0.7298342 0.5955676
vt 0.7310601 0.5953686
vt 0.7286794 0.5980501
vt 0.7306433 0.5951572
vt 0.7306434 0.5982252
vt 0.7286794 0.594982
vt 0.7310603 0.5984365
vt 0.7256182 0.6010191
vt 0.7298341 0.5986357
vt 0.7272463 0.5987767
vt 0.6716441 0.5988277
vt 0.7286796 0.601118
vt 0.7306434 0.6012931
vt 0.671855 0.6010191
vt 0.7310601 0.6015046
vt 0.6682873 0.5987767
vt 0.6656994 0.5986356
vt 0.6699154 0.601019
vt 0.6668541 0.6011179
vt 0.6648902 0.6012932
vt 0.7286794 0.6041861
vt 0.7306435 0.6043611
vt 0.7256183 0.6040871
vt 0.7298342 0.6017035
vt 0.7272464 0.6018447
vt 0.671644 0.6018956
vt 0.671855 0.6040871
vt 0.6682873 0.6018447
vt 0.6656995 0.6017035
vt 0.6644735 0.6015046
vt 0.6699155 0.6040871
vt 0.6668541 0.6041859
vt 0.6648902 0.6043611
vt 0.6644735 0.6045724
vt 0.6648902 0.6074291
vt 0.6644736 0.6076405
vt 0.6668541 0.6072539
vt 0.6699155 0.6071551
vt 0.671855 0.6071551
vt 0.6656995 0.6047716
vt 0.6682872 0.6049126
vt 0.671644 0.6049635
vt 0.7256181 0.607155
vt 0.7272464 0.6049126
vt 0.7298342 0.6047715
vt 0.7310601 0.6045725
vt 0.7286793 0.6072539
vt 0.6648902 0.6104971
vt 0.6644735 0.6107085
vt 0.6668543 0.6103221
vt 0.6699153 0.610223
vt 0.671855 0.6102231
vt 0.6656995 0.6078396
vt 0.6682872 0.6079806
vt 0.671644 0.6080315
vt 0.7256182 0.6102231
vt 0.7272464 0.6079806
vt 0.7298341 0.6078396
vt 0.73106 0.6076404
vt 0.7286795 0.6103219
vt 0.7306436 0.6104972
vt 0.7306435 0.6074292
vt 0.7310601 0.6107085
vt 0.7286793 0.6133899
vt 0.7306433 0.6135653
vt 0.7256181 0.613291
vt 0.7298343 0.6109077
vt 0.7272465 0.6110487
vt 0.671644 0.6110996
vt 0.671855 0.613291
vt 0.6682872 0.6110486
vt 0.6656994 0.6109075
vt 0.6699155 0.6132911
vt 0.6668541 0.6133898
vt 0.6648902 0.6135651
vt 0.7310602 0.6137764
vt 0.6644734 0.6137764
vt 0.7286794 0.6164579
vt 0.7306435 0.6166332
vt 0.7256181 0.616359
vt 0.729834 0.6139755
vt 0.7272464 0.6141168
vt 0.6716441 0.6141676
vt 0.671855 0.616359
vt 0.6682873 0.6141167
vt 0.6656995 0.6139755
vt 0.6699154 0.6163591
vt 0.6668543 0.6164579
vt 0.6648903 0.6166331
vt 0.7310601 0.6168444
vt 0.6644737 0.6168445
vt 0.7286793 0.619526
vt 0.7306434 0.619701
vt 0.7310603 0.6199125
vt 0.7256182 0.6194271
vt 0.7298341 0.6170436
vt 0.7272464 0.6171846
vt 0.671644 0.6172355
vt 0.6718551 0.6194271
vt 0.6699155 0.619427
vt 0.6682873 0.6171846
vt 0.6656994 0.6170433
vt 0.666854 0.6195258
vt 0.6648902 0.619701
vt 0.6644734 0.6199124
vt 0.6644735 0.6229804
vt 0.6644733 0.6260482
vt 0.6648902 0.622769
vt 0.6668541 0.6225938
vt 0.6699153 0.6224949
vt 0.6718549 0.6224949
vt 0.6656995 0.6201115
vt 0.6682873 0.6202525
vt 0.671644 0.6203035
vt 0.7256182 0.6224952
vt 0.7272463 0.6202526
vt 0.729834 0.6201115
vt 0.7286794 0.622594
vt 0.7306435 0.6227691
vt 0.7310601 0.6229804
vt 0.7286794 0.6256621
vt 0.7306434 0.6258371
vt 0.7256182 0.6255631
vt 0.7310602 0.6260484
vt 0.7298342 0.6231795
vt 0.7272462 0.6233206
vt 0.671644 0.6233715
vt 0.671855 0.625563
vt 0.6682872 0.6233205
vt 0.6656994 0.6231794
vt 0.6699153 0.6255629
vt 0.6668541 0.6256618
vt 0.6648903 0.625837
vt 0.7286794 0.6287301
vt 0.7306434 0.6289052
vt 0.7256182 0.6286312
vt 0.7298341 0.6262475
vt 0.7272463 0.6263886
vt 0.6716442 0.6264396
vt 0.671855 0.6286309
vt 0.668287 0.6263885
vt 0.6656995 0.6262474
vt 0.6699154 0.6286309
vt 0.6668541 0.6287298
vt 0.6648902 0.6289049
vt 0.6644735 0.6291164
vt 0.7310601 0.6291165
vt 0.6644735 0.6321843
vt 0.6644735 0.6352524
vt 0.6644735 0.6383203
vt 0.6644735 0.6413883
vt 0.6644735 0.6444563
vt 0.6644735 0.6475242
vt 0.6644735 0.6505922
vt 0.6644735 0.6536602
vt 0.6648903 0.6319731
vt 0.666854 0.6317977
vt 0.6699153 0.6316989
vt 0.6656994 0.6293154
vt 0.6682872 0.6294565
vt 0.6716441 0.6295075
vt 0.671855 0.631699
vt 0.7256181 0.6316991
vt 0.7272462 0.6294566
vt 0.7298338 0.6293155
vt 0.7286794 0.631798
vt 0.7306433 0.6319733
vt 0.7310601 0.6321845
vt 0.7286795 0.6348659
vt 0.7306433 0.6350412
vt 0.7310598 0.6352524
vt 0.7286794 0.637934
vt 0.7256185 0.6347671
vt 0.729834 0.6323834
vt 0.7272463 0.6325246
vt 0.6716442 0.6325756
vt 0.6718553 0.6347669
vt 0.6682873 0.6325244
vt 0.6656995 0.6323834
vt 0.6699162 0.6347669
vt 0.666854 0.6348658
vt 0.6648904 0.635041
vt 0.7256181 0.637835
vt 0.7298341 0.6354516
vt 0.7272462 0.6355927
vt 0.671644 0.6356434
vt 0.6718551 0.6378349
vt 0.6682872 0.6355925
vt 0.6656994 0.6354514
vt 0.6699153 0.6378348
vt 0.6668543 0.6379339
vt 0.6648903 0.638109
vt 0.7306433 0.6381091
vt 0.73106 0.6383205
vt 0.7286795 0.6410018
vt 0.7306433 0.6411772
vt 0.7256181 0.640903
vt 0.7298341 0.6385195
vt 0.7272463 0.6386608
vt 0.6716441 0.6387115
vt 0.6718549 0.6409026
vt 0.6682872 0.6386604
vt 0.6656994 0.6385193
vt 0.6699155 0.640903
vt 0.6668541 0.6410017
vt 0.6648902 0.641177
vt 0.73106 0.6413885
vt 0.7286794 0.6440699
vt 0.7306433 0.6442452
vt 0.73106 0.6444566
vt 0.7256182 0.6439711
vt 0.7298342 0.6415873
vt 0.7272463 0.6417287
vt 0.6716442 0.6417794
vt 0.6718549 0.6439709
vt 0.6682872 0.6417285
vt 0.6656994 0.6415872
vt 0.6699154 0.6439708
vt 0.6668543 0.6440699
vt 0.6648902 0.6442449
vt 0.6648901 0.6473129
vt 0.6668541 0.6471378
vt 0.6699154 0.6470388
vt 0.671855 0.6470388
vt 0.6656995 0.6446552
vt 0.6682872 0.6447965
vt 0.6716441 0.6448474
vt 0.7256182 0.6470388
vt 0.7272464 0.6447966
vt 0.7298338 0.6446555
vt 0.7286793 0.6471379
vt 0.7306433 0.6473132
vt 0.73106 0.6475245
vt 0.7306433 0.6503812
vt 0.7286794 0.6502057
vt 0.7256182 0.650107
vt 0.7298342 0.6477236
vt 0.7272461 0.6478647
vt 0.671644 0.6479154
vt 0.6718549 0.6501068
vt 0.6682874 0.6478646
vt 0.6656993 0.6477232
vt 0.6699156 0.6501069
vt 0.6668542 0.6502057
vt 0.6648902 0.6503808
vt 0.7310601 0.6505924
vt 0.7306434 0.6534491
vt 0.7286794 0.6532741
vt 0.7310601 0.6536604
vt 0.7256184 0.6531747
vt 0.7298342 0.6507914
vt 0.7272462 0.6509327
vt 0.671644 0.6509833
vt 0.671855 0.6531748
vt 0.6682872 0.6509324
vt 0.6656994 0.6507912
vt 0.6699154 0.6531748
vt 0.6668541 0.6532738
vt 0.6648903 0.6534489
vt 0.7306433 0.656517
vt 0.7310599 0.6567285
vt 0.7286796 0.6563417
vt 0.7256182 0.6562428
vt 0.7298342 0.6538592
vt 0.7272463 0.6540006
vt 0.6716442 0.6540514
vt 0.671855 0.6562428
vt 0.6682873 0.6540004
vt 0.6656995 0.6538592
vt 0.6699154 0.6562428
vt 0.6668541 0.6563416
vt 0.6648903 0.6565169
vt 0.6644735 0.6567281
vt 0.6644735 0.6597962
vt 0.6644735 0.6628641
vt 0.6644735 0.6659321
vt 0.6644734 0.669
vt 0.6644734 0.6720681
vt 0.6644734 0.6751361
vt 0.6648903 0.6595848
vt 0.6668541 0.6594096
vt 0.6699153 0.6593107
vt 0.6656995 0.6569273
vt 0.6682872 0.6570684
vt 0.6716441 0.6571194
vt 0.6718549 0.6593108
vt 0.7256183 0.6593109
vt 0.7272463 0.6570685
vt 0.7298343 0.6569273
vt 0.7286794 0.6594099
vt 0.7306432 0.6595851
vt 0.73106 0.6597964
vt 0.7306434 0.6626529
vt 0.7286794 0.6624779
vt 0.7256181 0.6623788
vt 0.7298342 0.6599953
vt 0.7272462 0.6601365
vt 0.6716441 0.6601872
vt 0.671855 0.6623788
vt 0.6682872 0.6601363
vt 0.6656994 0.6599952
vt 0.6699154 0.6623787
vt 0.6668543 0.6624777
vt 0.6648902 0.6626529
vt 0.7310601 0.6628643
vt 0.7306435 0.6657209
vt 0.7310602 0.6659323
vt 0.8154122 0.6345829
vt 0.7286795 0.6655457
vt 0.7256184 0.6654466
vt 0.7298342 0.6630632
vt 0.7272463 0.6632046
vt 0.671644 0.6632552
vt 0.671855 0.6654466
vt 0.6682873 0.6632043
vt 0.6656995 0.6630631
vt 0.6699155 0.6654468
vt 0.6668543 0.6655457
vt 0.6648903 0.6657209
vt 0.6648902 0.6687888
vt 0.6668543 0.6686137
vt 0.6699155 0.6685147
vt 0.671855 0.6685147
vt 0.6656996 0.6661313
vt 0.6682873 0.6662724
vt 0.671644 0.6663232
vt 0.7256184 0.6685145
vt 0.7699581 0.6345834
vt 0.7286794 0.6686138
vt 0.7306433 0.6687893
vt 0.7310601 0.6690001
vt 0.730644 0.7056036
vt 0.731061 0.7058147
vt 0.7286794 0.7054294
vt 0.7306435 0.7025366
vt 0.731073 0.7027268
vt 0.7286788 0.7023626
vt 0.7306446 0.6994668
vt 0.7310597 0.6996807
vt 0.7286798 0.6992929
vt 0.7306432 0.6810611
vt 0.7310598 0.6812725
vt 0.7286797 0.6808854
vt 0.7256184 0.6807863
vt 0.7306436 0.6779926
vt 0.73106 0.6782042
vt 0.7286794 0.6778177
vt 0.7256182 0.6777186
vt 0.8227698 0.7300591
vt 0.7699584 0.7300591
vt 0.8527769 0.75
vt 0.8227698 0.65731
vt 0.8227698 0.7107936
vt 0.7298341 0.7428309
vt 0.7272465 0.7429717
vt 0.6716442 0.7430227
vt 0.7699584 0.7300591
vt 0.6472232 0.75
vt 0.6682873 0.742972
vt 0.6656997 0.7428308
vt 0.6644735 0.7426316
vt 0.6644735 0.7395637
vt 0.6644735 0.7364957
vt 0.6648903 0.7424204
vt 0.6668543 0.7422451
vt 0.6699154 0.7421463
vt 0.6718091 0.7421464
vt 0.6648904 0.7393524
vt 0.6656995 0.7397627
vt 0.6682871 0.7399038
vt 0.6716441 0.7399548
vt 0.6668543 0.7391772
vt 0.7256185 0.742146
vt 0.6699154 0.7390783
vt 0.7272465 0.7399037
vt 0.7298341 0.7397629
vt 0.7699584 0.7300591
vt 0.7286794 0.7422453
vt 0.7306435 0.7424204
vt 0.73106 0.7426319
vt 0.671855 0.7390782
vt 0.6656995 0.7366947
vt 0.6682871 0.7368359
vt 0.6716442 0.7368869
vt 0.7256182 0.7390784
vt 0.7272466 0.7368353
vt 0.7286798 0.7391769
vt 0.7306433 0.7393526
vt 0.7310601 0.739564
vt 0.6648903 0.7362845
vt 0.6644735 0.7334278
vt 0.6668541 0.7361094
vt 0.6644736 0.7303596
vt 0.6644735 0.7272916
vt 0.6644735 0.7242239
vt 0.6644736 0.7211559
vt 0.6699156 0.7360102
vt 0.6648902 0.7332163
vt 0.6656995 0.7336267
vt 0.6682872 0.7337682
vt 0.6668541 0.7330412
vt 0.6716441 0.7338187
vt 0.6718552 0.73601
vt 0.7256181 0.7360103
vt 0.6699156 0.7329423
vt 0.7286797 0.7361089
vt 0.7306434 0.7362845
vt 0.7310601 0.7364959
vt 0.6718551 0.7329422
vt 0.6656995 0.7305588
vt 0.6682873 0.7306999
vt 0.6716441 0.7307509
vt 0.7256185 0.7329416
vt 0.7272465 0.7306997
vt 0.729834 0.730559
vt 0.7699585 0.7107934
vt 0.7286797 0.733041
vt 0.7306438 0.7332159
vt 0.73106 0.7334281
vt 0.7699584 0.7300591
vt 0.7298341 0.733627
vt 0.6648902 0.7301483
vt 0.6668543 0.7299733
vt 0.6699154 0.7298744
vt 0.6718551 0.7298743
vt 0.6656996 0.7274907
vt 0.6682873 0.7276319
vt 0.6716442 0.7276829
vt 0.7256184 0.729874
vt 0.7272466 0.7276314
vt 0.7298336 0.7274919
vt 0.7699585 0.7107934
vt 0.7286797 0.7299729
vt 0.7306435 0.7301484
vt 0.7310601 0.7303598
vt 0.6648902 0.7270804
vt 0.6668541 0.7269053
vt 0.6699153 0.7268062
vt 0.671855 0.7268062
vt 0.6656994 0.7244227
vt 0.6682873 0.724564
vt 0.6716441 0.724615
vt 0.7256182 0.7268065
vt 0.7272464 0.7245638
vt 0.7699585 0.7107934
vt 0.7286797 0.7269047
vt 0.7306435 0.7270804
vt 0.73106 0.7272918
vt 0.6648902 0.7240125
vt 0.6668543 0.7238373
vt 0.6699155 0.7237383
vt 0.671855 0.7237384
vt 0.6656995 0.7213547
vt 0.6682873 0.7214959
vt 0.6716441 0.7215471
vt 0.7256186 0.7237377
vt 0.7699585 0.7107934
vt 0.7286799 0.7238363
vt 0.7306435 0.7240124
vt 0.7310601 0.724224
vt 0.6648902 0.7209445
vt 0.6644735 0.7180877
vt 0.6668541 0.7207692
vt 0.6644737 0.7150197
vt 0.6644735 0.7119519
vt 0.6644736 0.7088839
vt 0.6644735 0.7058159
vt 0.6644734 0.7027479
vt 0.6644734 0.6996798
vt 0.6644735 0.6966119
vt 0.6644735 0.693544
vt 0.6644735 0.6904758
vt 0.6644734 0.6874079
vt 0.6644735 0.6843401
vt 0.6644735 0.681272
vt 0.6699156 0.7206702
vt 0.6648903 0.7178764
vt 0.6656995 0.7182869
vt 0.6682873 0.7184279
vt 0.6668541 0.7177013
vt 0.671644 0.718479
vt 0.6718551 0.7206702
vt 0.6699154 0.7176024
vt 0.7256169 0.7206727
vt 0.7272461 0.7184285
vt 0.7298344 0.7182865
vt 0.8227698 0.6757143
vt 0.7286792 0.7207697
vt 0.7306435 0.7209442
vt 0.7310602 0.7211559
vt 0.6718552 0.7176025
vt 0.6656995 0.7152188
vt 0.6682872 0.7153602
vt 0.6716441 0.7154109
vt 0.7256193 0.7176006
vt 0.7272475 0.715358
vt 0.7298335 0.7152201
vt 0.7286798 0.717701
vt 0.7306433 0.7178766
vt 0.7310603 0.7180876
vt 0.6648902 0.7148085
vt 0.6668543 0.7146331
vt 0.6699154 0.7145344
vt 0.671855 0.7145345
vt 0.6656996 0.7121508
vt 0.6682872 0.712292
vt 0.671644 0.7123429
vt 0.7256189 0.7145334
vt 0.7272471 0.7122909
vt 0.8227698 0.6757143
vt 0.7286798 0.7146327
vt 0.7306439 0.7148079
vt 0.7310595 0.7150211
vt 0.6648903 0.7117406
vt 0.6668541 0.7115653
vt 0.6699157 0.7114664
vt 0.6718552 0.7114665
vt 0.6656993 0.7090828
vt 0.6682873 0.7092241
vt 0.6716441 0.709275
vt 0.7256365 0.7114362
vt 0.7699585 0.6757144
vt 0.8227698 0.6757143
vt 0.7286805 0.7115637
vt 0.7306429 0.7117414
vt 0.7310599 0.7119522
vt 0.6648902 0.7086725
vt 0.6668541 0.7084973
vt 0.6699157 0.7083986
vt 0.6718552 0.7083982
vt 0.6656995 0.7060149
vt 0.6682873 0.706156
vt 0.6716444 0.7062071
vt 0.7256135 0.7084061
vt 0.7272407 0.7061653
vt 0.7298346 0.7060142
vt 0.731061 0.7058147
vt 0.7286763 0.708503
vt 0.6648905 0.7056046
vt 0.6668536 0.7054292
vt 0.669915 0.7053303
vt 0.6718549 0.7053303
vt 0.6656995 0.7029468
vt 0.6682873 0.703088
vt 0.6716442 0.703139
vt 0.7256171 0.7053322
vt 0.7272476 0.7030864
vt 0.7298341 0.7029474
vt 0.731073 0.7027268
vt 0.7286794 0.7054294
vt 0.6648903 0.7025366
vt 0.6668541 0.7023615
vt 0.6699154 0.7022624
vt 0.671855 0.7022624
vt 0.6656994 0.6998789
vt 0.6682874 0.7000203
vt 0.6716439 0.700071
vt 0.7256177 0.7022633
vt 0.7272474 0.7000185
vt 0.7298332 0.6998804
vt 0.7310597 0.6996807
vt 0.7286788 0.7023626
vt 0.6648903 0.6994686
vt 0.6668543 0.6992935
vt 0.6699155 0.6991947
vt 0.6718549 0.6991946
vt 0.6656995 0.696811
vt 0.6682873 0.696952
vt 0.671644 0.697003
vt 0.725618 0.6991947
vt 0.7272459 0.6969532
vt 0.7298343 0.6968111
vt 0.73106 0.6966121
vt 0.7286798 0.6992929
vt 0.6648903 0.6964006
vt 0.6668543 0.6962255
vt 0.6699153 0.6961265
vt 0.671855 0.6961265
vt 0.6656995 0.693743
vt 0.6682873 0.6938841
vt 0.6716441 0.693935
vt 0.7256182 0.6961263
vt 0.7272467 0.6938838
vt 0.7298347 0.6937424
vt 0.7310601 0.6935438
vt 0.6648903 0.6933327
vt 0.6668542 0.6931575
vt 0.6699156 0.6930585
vt 0.671855 0.6930584
vt 0.6656994 0.690675
vt 0.6682873 0.6908161
vt 0.671644 0.690867
vt 0.7256181 0.6930586
vt 0.7272462 0.6908166
vt 0.729834 0.6906754
vt 0.7310599 0.6904764
vt 0.6648903 0.6902647
vt 0.6668541 0.6900895
vt 0.6699154 0.6899905
vt 0.6718551 0.6899906
vt 0.6656995 0.687607
vt 0.6682873 0.6877482
vt 0.6716442 0.6877993
vt 0.7256182 0.6899904
vt 0.7272462 0.6877484
vt 0.7298346 0.6876063
vt 0.7310596 0.6874087
vt 0.6648902 0.6871966
vt 0.6668541 0.6870215
vt 0.6699154 0.6869226
vt 0.671855 0.6869225
vt 0.6656995 0.6845391
vt 0.6682872 0.6846801
vt 0.671644 0.6847312
vt 0.725618 0.6869227
vt 0.727246 0.6846806
vt 0.7298344 0.6845386
vt 0.7310598 0.6843405
vt 0.6648903 0.6841286
vt 0.6668541 0.6839536
vt 0.6699154 0.6838546
vt 0.6718549 0.6838546
vt 0.6656995 0.6814711
vt 0.6682873 0.6816123
vt 0.671644 0.6816631
vt 0.725618 0.6838547
vt 0.7272467 0.6816121
vt 0.7298344 0.6814705
vt 0.7310598 0.6812725
vt 0.6644735 0.6782041
vt 0.6648902 0.6810606
vt 0.6668542 0.6808857
vt 0.6699154 0.6807865
vt 0.6648902 0.6779928
vt 0.6656994 0.678403
vt 0.6682873 0.6785442
vt 0.6668541 0.6778177
vt 0.671644 0.6785951
vt 0.671855 0.6807866
vt 0.6699153 0.6777185
vt 0.7256184 0.6807863
vt 0.7272465 0.6785442
vt 0.7298343 0.6784031
vt 0.73106 0.6782042
vt 0.6718549 0.6777185
vt 0.6656998 0.6753351
vt 0.6682874 0.6754763
vt 0.6716441 0.6755272
vt 0.7256182 0.6777186
vt 0.727246 0.6754768
vt 0.7298344 0.6753349
vt 0.6648903 0.6749247
vt 0.666854 0.6747496
vt 0.6699152 0.6746505
vt 0.671855 0.6746505
vt 0.6656996 0.6722672
vt 0.6682872 0.6724083
vt 0.6716442 0.6724592
vt 0.7256181 0.6746509
vt 0.7272461 0.6724088
vt 0.7298341 0.6722673
vt 0.6648903 0.6718568
vt 0.6668541 0.6716815
vt 0.6699154 0.6715826
vt 0.6718551 0.6715828
vt 0.6656994 0.6691991
vt 0.6682872 0.6693403
vt 0.671644 0.6693912
vt 0.7256183 0.6715825
vt 0.7272464 0.6693406
vt 0.7699581 0.6345834
vt 0.7286797 0.6716815
vt 0.7306437 0.6718565
vt 0.73106 0.6720683
vt 0.7699585 0.6757144
vt 0.73106 0.7088842
vt 0.7306446 0.7086707
vt 0.7286763 0.708503
vt 0.7699581 0.6345834
vt 0.8154122 0.6345829
vt 0.671644 0.6663232
vt 0.7272465 0.6662723
vt 0.7298343 0.6661311
vt 0.7310602 0.6659323
vt 0.7699585 0.6757144
vt 0.7272466 0.7092237
vt 0.6716441 0.709275
vt 0.7298332 0.7090846
vt 0.73106 0.7088842
vt 0.7699581 0.6345834
vt 0.730643 0.6964015
vt 0.73106 0.6966121
vt 0.7286803 0.6962242
vt 0.7256182 0.6961263
vt 0.7306437 0.6933322
vt 0.7310601 0.6935438
vt 0.7286786 0.6931587
vt 0.7256181 0.6930586
vt 0.7306432 0.6902649
vt 0.7310599 0.6904764
vt 0.7286801 0.6900886
vt 0.7256182 0.6899904
vt 0.7306437 0.6871964
vt 0.7310596 0.6874087
vt 0.7286792 0.6870218
vt 0.725618 0.6869227
vt 0.7306432 0.6841289
vt 0.7310598 0.6843405
vt 0.7286798 0.683953
vt 0.725618 0.6838547
vt 0.7699581 0.6345834
vt 0.7298344 0.6753349
vt 0.7256182 0.6777186
vt 0.7310603 0.6751363
vt 0.7298341 0.6722673
vt 0.7256181 0.6746509
vt 0.73106 0.6720683
vt 0.7699581 0.6345834
vt 0.7306435 0.6749248
vt 0.7310603 0.6751363
vt 0.7286792 0.6747499
vt 0.7256181 0.6746509
vt 0.7699581 0.6345834
vt 0.7298344 0.6691991
vt 0.7272464 0.6693406
vt 0.7310601 0.6690001
vt 0.7699585 0.7107934
vt 0.8227698 0.7107936
vt 0.6716441 0.7215471
vt 0.7272469 0.7214951
vt 0.7298341 0.721355
vt 0.7699584 0.7300591
vt 0.7272464 0.7337677
vt 0.6716441 0.7338187
vt 0.7298341 0.733627
vt 0.7699585 0.7107934
vt 0.7298341 0.7244231
vt 0.7272464 0.7245638
vt 0.7310601 0.724224
vt 0.7699584 0.7300591
vt 0.7298343 0.7366949
vt 0.7272466 0.7368353
vt 0.7310601 0.7364959
vt 0.6112813 0.5006496
vt 0.6027768 0.5
vt 0.6027769 0.543381
vt 0.6112813 0.543918
vt 0.625 0.5024997
vt 0.6112813 0.5006496
vt 0.6112813 0.543918
vt 0.625 0.545447
vt 0.3802684 0.2458282
vt 0.3774996 0.25
vt 0.4204469 0.25
vt 0.4227353 0.2458282
vt 0.3835344 0.2432421
vt 0.3802684 0.2458282
vt 0.4227353 0.2458282
vt 0.4254346 0.2432421
vt 0.3887187 0.9993503
vt 0.3972232 1
vt 0.3972232 0.956619
vt 0.3887187 0.956082
vt 0.375 0.9975003
vt 0.3887187 0.9993503
vt 0.3887187 0.956082
vt 0.375 0.9545529
vt 0.6197315 0.2541717
vt 0.6225004 0.25
vt 0.579553 0.25
vt 0.5772647 0.2541717
vt 0.6164654 0.2567579
vt 0.6197315 0.2541717
vt 0.5772647 0.2541717
vt 0.5745654 0.2567579
vt 0.3835344 0.006757859
vt 0.3835344 0.2432421
vt 0.4254346 0.2432421
vt 0.4254345 0.006757859
vt 0.3972232 0.5
vt 0.3972232 0.543381
vt 0.6027769 0.543381
vt 0.6027768 0.5
vt 0.3887187 0.956082
vt 0.375 0.9545529
vt 0.375 0.9545529
vt 0.3887187 0.956082
vt 0.3972232 0.956619
vt 0.3972232 0.956619
vt 0.6027768 0.9566189
vt 0.6027768 0.9566189
vt 0.6112813 0.9560821
vt 0.6112813 0.9560821
vt 0.625 0.954553
vt 0.625 0.954553
vt 0.375 0.5454469
vt 0.375 0.5454469
vt 0.3887187 0.543918
vt 0.3887187 0.543918
vt 0.3972232 0.543381
vt 0.3972232 0.543381
vt 0.6027769 0.543381
vt 0.6027769 0.543381
vt 0.6112813 0.543918
vt 0.6112813 0.543918
vt 0.625 0.545447
vt 0.625 0.545447
vt 0.4227353 0.004171735
vt 0.420447 0
vt 0.420447 0
vt 0.4227353 0.004171735
vt 0.4254345 0.006757859
vt 0.4254345 0.006757859
vt 0.4254346 0.2432421
vt 0.4254346 0.2432421
vt 0.4227353 0.2458282
vt 0.4227353 0.2458282
vt 0.4204469 0.25
vt 0.4204469 0.25
vt 0.579553 0.25
vt 0.579553 0.25
vt 0.5772647 0.2541717
vt 0.5772647 0.2541717
vt 0.5745654 0.2567579
vt 0.5745654 0.2567579
vt 0.5745654 0.4932421
vt 0.5745654 0.4932421
vt 0.5772647 0.4958282
vt 0.5772647 0.4958282
vt 0.579553 0.5
vt 0.579553 0.5
vt 0.6472232 0.5
vt 0.6472232 0.75
vt 0.8527769 0.75
vt 0.8527768 0.5
vt 0.6472232 0.5
vt 0.6472232 0.75
vt 0.8527769 0.75
vt 0.8527768 0.5
vt 0.3562973 0.5041734
vt 0.3515187 0.5038844
vt 0.1484812 0.5038843
vt 0.1437027 0.5041735
vt 0.3592818 0.5047798
vt 0.1407181 0.5047797
vt 0.3612762 0.5056873
vt 0.1387239 0.5056872
vt 0.3622267 0.5071404
vt 0.1377733 0.5071404
vt 0.3622267 0.7428597
vt 0.1377733 0.7428596
vt 0.3612762 0.7443127
vt 0.1387239 0.7443128
vt 0.3592819 0.7452202
vt 0.1407181 0.7452204
vt 0.3562974 0.7458266
vt 0.1437026 0.7458267
vt 0.3515188 0.7461157
vt 0.1484812 0.7461157
vt 0.6472232 0.5
vt 0.6472232 0.75
vt 0.8527769 0.75
vt 0.8527768 0.5
vt 0.3972232 0.543381
vt 0.3972232 0.75
vt 0.6027768 0.75
vt 0.6027769 0.543381
vt 0.3515188 0.7461157
vt 0.3515188 0.7461157
vt 0.1484812 0.7461157
vt 0.1484812 0.7461157
vt 0.4254345 0.006757859
vt 0.4254346 0.2432421
vt 0.625 0.2432421
vt 0.625 0.00675786
vt 0.5745654 0.2567579
vt 0.5772647 0.2541717
vt 0.375 0.2541717
vt 0.375 0.2567579
vt 0.5772647 0.2541717
vt 0.579553 0.25
vt 0.375 0.25
vt 0.375 0.2541717
vt 0.375 0.9545529
vt 0.3887187 0.956082
vt 0.3887187 0.75
vt 0.375 0.75
vt 0.3887187 0.956082
vt 0.3972232 0.956619
vt 0.3972232 0.75
vt 0.3887187 0.75
vt 0.4254346 0.2432421
vt 0.4227353 0.2458282
vt 0.625 0.2458283
vt 0.625 0.2432421
vt 0.4227353 0.2458282
vt 0.4204469 0.25
vt 0.625 0.25
vt 0.625 0.2458283
vt 0.625 0.545447
vt 0.6112813 0.543918
vt 0.6112813 0.75
vt 0.625 0.75
vt 0.6112813 0.543918
vt 0.6027769 0.543381
vt 0.6027768 0.75
vt 0.6112813 0.75
vt 0.3887187 0.75
vt 0.3972232 0.75
vt 0.3972232 0.543381
vt 0.3887187 0.543918
vt 0.375 0.75
vt 0.3887187 0.75
vt 0.3887187 0.543918
vt 0.375 0.5454469
vt 0.375 0.4958283
vt 0.375 0.5
vt 0.579553 0.5
vt 0.5772647 0.4958282
vt 0.375 0.4932421
vt 0.375 0.4958283
vt 0.5772647 0.4958282
vt 0.5745654 0.4932421
vt 0.6112813 0.75
vt 0.6027768 0.75
vt 0.6027768 0.9566189
vt 0.6112813 0.9560821
vt 0.625 0.75
vt 0.6112813 0.75
vt 0.6112813 0.9560821
vt 0.625 0.954553
vt 0.625 0.004171728
vt 0.625 0
vt 0.420447 0
vt 0.4227353 0.004171735
vt 0.625 0.00675786
vt 0.625 0.004171728
vt 0.4227353 0.004171735
vt 0.4254345 0.006757859
vt 0.3972232 0.75
vt 0.3972232 0.956619
vt 0.6027768 0.9566189
vt 0.6027768 0.75
vt 0.375 0.2567579
vt 0.375 0.4932421
vt 0.5745654 0.4932421
vt 0.5745654 0.2567579
vt 0.3562974 0.7458266
vt 0.3562974 0.7458266
vt 0.3515188 0.7461157
vt 0.3515188 0.7461157
vt 0.3562973 0.5041734
vt 0.3562973 0.5041734
vt 0.3592818 0.5047798
vt 0.3592818 0.5047798
vt 0.3622267 0.5071404
vt 0.3622267 0.5071404
vt 0.3622267 0.7428597
vt 0.3622267 0.7428597
vt 0.3592819 0.7452202
vt 0.3592819 0.7452202
vt 0.3562974 0.7458266
vt 0.3562974 0.7458266
vt 0.3592818 0.5047798
vt 0.3592818 0.5047798
vt 0.3612762 0.5056873
vt 0.3612762 0.5056873
vt 0.1377733 0.7428596
vt 0.1377733 0.7428596
vt 0.1377733 0.5071404
vt 0.1377733 0.5071404
vt 0.3612762 0.7443127
vt 0.3612762 0.7443127
vt 0.3592819 0.7452202
vt 0.3592819 0.7452202
vt 0.3612762 0.5056873
vt 0.3612762 0.5056873
vt 0.3622267 0.5071404
vt 0.3622267 0.5071404
vt 0.1484812 0.5038843
vt 0.1484812 0.5038843
vt 0.3515187 0.5038844
vt 0.3515187 0.5038844
vt 0.3622267 0.7428597
vt 0.3622267 0.7428597
vt 0.3612762 0.7443127
vt 0.3612762 0.7443127
vt 0.1484812 0.7461157
vt 0.1484812 0.7461157
vt 0.1437026 0.7458267
vt 0.1437026 0.7458267
vt 0.1387239 0.5056872
vt 0.1387239 0.5056872
vt 0.1407181 0.5047797
vt 0.1407181 0.5047797
vt 0.1437026 0.7458267
vt 0.1437026 0.7458267
vt 0.1407181 0.7452204
vt 0.1407181 0.7452204
vt 0.1407181 0.5047797
vt 0.1407181 0.5047797
vt 0.1437027 0.5041735
vt 0.1437027 0.5041735
vt 0.1407181 0.7452204
vt 0.1407181 0.7452204
vt 0.1387239 0.7443128
vt 0.1387239 0.7443128
vt 0.1377733 0.5071404
vt 0.1377733 0.5071404
vt 0.1387239 0.5056872
vt 0.1387239 0.5056872
vt 0.1437027 0.5041735
vt 0.1437027 0.5041735
vt 0.1484812 0.5038843
vt 0.1484812 0.5038843
vt 0.1387239 0.7443128
vt 0.1387239 0.7443128
vt 0.1377733 0.7428596
vt 0.1377733 0.7428596
vt 0.3515187 0.5038844
vt 0.3515187 0.5038844
vt 0.3562973 0.5041734
vt 0.3562973 0.5041734
vt 0.1484812 0.5038843
vt 0.1472232 0.5
vt 0.1387187 0.5005144
vt 0.1437027 0.5041735
vt 0.3515187 0.5038844
vt 0.131509 0.5019794
vt 0.3527768 0.5
vt 0.1407181 0.5047797
vt 0.3562973 0.5041734
vt 0.1266916 0.5041717
vt 0.3612812 0.5005144
vt 0.1387239 0.5056872
vt 0.3592818 0.5047798
vt 0.125 0.5067579
vt 0.368491 0.5019794
vt 0.1377733 0.5071404
vt 0.3612762 0.5056873
vt 0.125 0.7432421
vt 0.3733084 0.5041717
vt 0.1377733 0.7428596
vt 0.3622267 0.5071404
vt 0.1266916 0.7458283
vt 0.375 0.5067579
vt 0.1387239 0.7443128
vt 0.3622267 0.7428597
vt 0.131509 0.7480206
vt 0.375 0.7432421
vt 0.1407181 0.7452204
vt 0.3612762 0.7443127
vt 0.1387187 0.7494856
vt 0.3733084 0.7458283
vt 0.1437026 0.7458267
vt 0.3592819 0.7452202
vt 0.1472232 0.75
vt 0.368491 0.7480206
vt 0.1484812 0.7461157
vt 0.3562974 0.7458266
vt 0.3527768 0.75
vt 0.3612812 0.7494856
vt 0.3515188 0.7461157
vt 0.6472232 0.5
vt 0.8527768 0.5
vt 0.8527769 0.75
vt 0.6472232 0.75
vt 0.6472232 0.5
vt 0.6472232 0.5
vt 0.8527768 0.5
vt 0.8527768 0.5
vt 0.6472232 0.5
vt 0.6472232 0.75
vt 0.8527769 0.75
vt 0.8527768 0.5
vt 0.8527768 0.5
vt 0.8527768 0.5
vt 0.8527769 0.75
vt 0.8527769 0.75
vt 0.6472232 0.75
vt 0.6472232 0.75
vt 0.6472232 0.5
vt 0.6472232 0.5
vt 0.8527769 0.75
vt 0.8527769 0.75
vt 0.6472232 0.75
vt 0.6472232 0.75
vt 0.6472232 0.5
vt 0.8527768 0.5
vt 0.8527769 0.75
vt 0.6472232 0.75
vt 0.6472232 0.5
vt 0.6472232 0.5
vt 0.8527768 0.5
vt 0.8527768 0.5
vt 0.6472232 0.5
vt 0.6472232 0.75
vt 0.8527769 0.75
vt 0.8527768 0.5
vt 0.8527768 0.5
vt 0.8527768 0.5
vt 0.8527769 0.75
vt 0.8527769 0.75
vt 0.6472232 0.75
vt 0.6472232 0.75
vt 0.6472232 0.5
vt 0.6472232 0.5
vt 0.8527769 0.75
vt 0.8527769 0.75
vt 0.6472232 0.75
vt 0.6472232 0.75
vt 0.6472232 0.5
vt 0.8527768 0.5
vt 0.8527769 0.75
vt 0.6472232 0.75
vt 0.6472232 0.5
vt 0.6472232 0.5
vt 0.8527768 0.5
vt 0.8527768 0.5
vt 0.6472232 0.5
vt 0.6472232 0.75
vt 0.8527769 0.75
vt 0.8527768 0.5
vt 0.8527768 0.5
vt 0.8527768 0.5
vt 0.8527769 0.75
vt 0.8527769 0.75
vt 0.6472232 0.75
vt 0.6472232 0.75
vt 0.6472232 0.5
vt 0.6472232 0.5
vt 0.8527769 0.75
vt 0.8527769 0.75
vt 0.6472232 0.75
vt 0.6472232 0.75
vt 0.8527768 0.5
vt 0.8527768 0.5
vt 0.8527768 0.5
vt 0.8527768 0.5
vt 0.8334376 0.5
vt 0.8334376 0.5
vt 0.6665625 0.5
vt 0.6665624 0.5
vt 0.8394136 0.5
vt 0.8334376 0.5
vt 0.6665625 0.5
vt 0.6605864 0.5000001
vt 0.8448049 0.5
vt 0.6605864 0.5000001
vt 0.6551951 0.5
vt 0.8448049 0.5
vt 0.8515457 0.5
vt 0.6484543 0.5
vt 0.8524613 0.5
vt 0.6475387 0.5
vt 0.8527768 0.5
vt 0.6472232 0.5
vt 0.8527768 0.5
vt 0.6472232 0.5
vt 0.8524613 0.5
vt 0.6475387 0.5
vt 0.8515457 0.5
vt 0.6484544 0.5
vt 0.8448049 0.5
vt 0.6551951 0.5
vt 0.8394138 0.5
vt 0.6605864 0.5
vt 0.8334376 0.5
vt 0.6665624 0.5
vt 0.6605864 0.5
vt 0.6665624 0.5
vt 0.8334376 0.5
vt 0.8394138 0.5000001
vt 0.6551951 0.5
vt 0.8394138 0.5000001
vt 0.844805 0.5
vt 0.6551951 0.5
vt 0.6484544 0.5
vt 0.8515457 0.5
vt 0.6475387 0.5
vt 0.8524613 0.5
vt 0.6472232 0.5
vt 0.8527768 0.5
vt 0.6472232 0.5
vt 0.8527768 0.5
vt 0.6475387 0.5
vt 0.8524613 0.5
vt 0.6484544 0.5
vt 0.8515457 0.5
vt 0.6551951 0.5
vt 0.8448049 0.5
vt 0.6605864 0.5
vt 0.8394138 0.5
vt 0.6665625 0.5
vt 0.8334376 0.5
vt 0.6472231 0.5
vt 0.6472232 0.5
vt 0.6472231 0.5
vt 0.6472232 0.5
vt 0.6665625 0.5
vt 0.6605864 0.5
vt 0.6605864 0.5000001
vt 0.6665624 0.5
vt 0.6605864 0.5
vt 0.6551951 0.5
vt 0.6551951 0.5
vt 0.6605864 0.5000001
vt 0.6551951 0.5
vt 0.6484544 0.5
vt 0.6484543 0.5
vt 0.6551951 0.5
vt 0.6484544 0.5
vt 0.6475387 0.5
vt 0.6475387 0.5
vt 0.6484543 0.5
vt 0.6475387 0.5
vt 0.6472232 0.5
vt 0.6472231 0.5
vt 0.6475387 0.5
vt 0.6665625 0.5
vt 0.6605864 0.5
vt 0.6605864 0.5
vt 0.6665624 0.5
vt 0.6605864 0.5
vt 0.6551951 0.5
vt 0.6551951 0.5
vt 0.6605864 0.5
vt 0.6551951 0.5
vt 0.6484544 0.5
vt 0.6484544 0.5
vt 0.6551951 0.5
vt 0.6484544 0.5
vt 0.6475387 0.5
vt 0.6475387 0.5
vt 0.6484544 0.5
vt 0.6475387 0.5
vt 0.6472232 0.5
vt 0.6472231 0.5
vt 0.6475387 0.5
vt 0.8527768 0.5
vt 0.8524613 0.5
vt 0.8524613 0.5
vt 0.8527768 0.5
vt 0.8524613 0.5
vt 0.8515457 0.5
vt 0.8515457 0.5
vt 0.8524613 0.5
vt 0.8515457 0.5
vt 0.8448049 0.5
vt 0.8448049 0.5
vt 0.8515457 0.5
vt 0.8448049 0.5
vt 0.8394138 0.5
vt 0.8394138 0.5
vt 0.8448049 0.5
vt 0.8394138 0.5
vt 0.8334376 0.5
vt 0.8334376 0.5
vt 0.8394138 0.5
vt 0.8527768 0.5
vt 0.8524613 0.5
vt 0.8524613 0.5
vt 0.8527768 0.5
vt 0.8524613 0.5
vt 0.8515457 0.5
vt 0.8515457 0.5
vt 0.8524613 0.5
vt 0.8515457 0.5
vt 0.844805 0.5
vt 0.8448049 0.5
vt 0.8515457 0.5
vt 0.844805 0.5
vt 0.8394138 0.5000001
vt 0.8394136 0.5
vt 0.8448049 0.5
vt 0.8394138 0.5000001
vt 0.8334376 0.5
vt 0.8334376 0.5
vt 0.8394136 0.5
vt 0.6665625 0.5
vt 0.6665624 0.5
vt 0.8334376 0.5
vt 0.8334376 0.5
vt 0.8527768 0.5
vt 0.8527768 0.5
vt 0.8527768 0.5
vt 0.8527768 0.5
vt 0.8334376 0.5
vt 0.8334376 0.5
vt 0.6665625 0.5
vt 0.6665624 0.5
vt 0.8394136 0.5
vt 0.8334376 0.5
vt 0.6665625 0.5
vt 0.6605864 0.5000001
vt 0.8448049 0.5
vt 0.6605864 0.5000001
vt 0.6551951 0.5
vt 0.8448049 0.5
vt 0.8515457 0.5
vt 0.6484543 0.5
vt 0.8524613 0.5
vt 0.6475387 0.5
vt 0.8527768 0.5
vt 0.6472232 0.5
vt 0.8527768 0.5
vt 0.6472232 0.5
vt 0.8524613 0.5
vt 0.6475387 0.5
vt 0.8515457 0.5
vt 0.6484544 0.5
vt 0.8448049 0.5
vt 0.6551951 0.5
vt 0.8394138 0.5
vt 0.6605864 0.5
vt 0.8334376 0.5
vt 0.6665624 0.5
vt 0.6605864 0.5
vt 0.6665624 0.5
vt 0.8334376 0.5
vt 0.8394138 0.5000001
vt 0.6551951 0.5
vt 0.8394138 0.5000001
vt 0.844805 0.5
vt 0.6551951 0.5
vt 0.6484544 0.5
vt 0.8515457 0.5
vt 0.6475387 0.5
vt 0.8524613 0.5
vt 0.6472232 0.5
vt 0.8527768 0.5
vt 0.6472232 0.5
vt 0.8527768 0.5
vt 0.6475387 0.5
vt 0.8524613 0.5
vt 0.6484544 0.5
vt 0.8515457 0.5
vt 0.6551951 0.5
vt 0.8448049 0.5
vt 0.6605864 0.5
vt 0.8394138 0.5
vt 0.6665625 0.5
vt 0.8334376 0.5
vt 0.6472231 0.5
vt 0.6472232 0.5
vt 0.6472231 0.5
vt 0.6472232 0.5
vt 0.6665625 0.5
vt 0.6605864 0.5
vt 0.6605864 0.5000001
vt 0.6665624 0.5
vt 0.6605864 0.5
vt 0.6551951 0.5
vt 0.6551951 0.5
vt 0.6605864 0.5000001
vt 0.6551951 0.5
vt 0.6484544 0.5
vt 0.6484543 0.5
vt 0.6551951 0.5
vt 0.6484544 0.5
vt 0.6475387 0.5
vt 0.6475387 0.5
vt 0.6484543 0.5
vt 0.6475387 0.5
vt 0.6472232 0.5
vt 0.6472231 0.5
vt 0.6475387 0.5
vt 0.6665625 0.5
vt 0.6605864 0.5
vt 0.6605864 0.5
vt 0.6665624 0.5
vt 0.6605864 0.5
vt 0.6551951 0.5
vt 0.6551951 0.5
vt 0.6605864 0.5
vt 0.6551951 0.5
vt 0.6484544 0.5
vt 0.6484544 0.5
vt 0.6551951 0.5
vt 0.6484544 0.5
vt 0.6475387 0.5
vt 0.6475387 0.5
vt 0.6484544 0.5
vt 0.6475387 0.5
vt 0.6472232 0.5
vt 0.6472231 0.5
vt 0.6475387 0.5
vt 0.8527768 0.5
vt 0.8524613 0.5
vt 0.8524613 0.5
vt 0.8527768 0.5
vt 0.8524613 0.5
vt 0.8515457 0.5
vt 0.8515457 0.5
vt 0.8524613 0.5
vt 0.8515457 0.5
vt 0.8448049 0.5
vt 0.8448049 0.5
vt 0.8515457 0.5
vt 0.8448049 0.5
vt 0.8394138 0.5
vt 0.8394138 0.5
vt 0.8448049 0.5
vt 0.8394138 0.5
vt 0.8334376 0.5
vt 0.8334376 0.5
vt 0.8394138 0.5
vt 0.8527768 0.5
vt 0.8524613 0.5
vt 0.8524613 0.5
vt 0.8527768 0.5
vt 0.8524613 0.5
vt 0.8515457 0.5
vt 0.8515457 0.5
vt 0.8524613 0.5
vt 0.8515457 0.5
vt 0.844805 0.5
vt 0.8448049 0.5
vt 0.8515457 0.5
vt 0.844805 0.5
vt 0.8394138 0.5000001
vt 0.8394136 0.5
vt 0.8448049 0.5
vt 0.8394138 0.5000001
vt 0.8334376 0.5
vt 0.8334376 0.5
vt 0.8394136 0.5
vt 0.6665625 0.5
vt 0.6665624 0.5
vt 0.8334376 0.5
vt 0.8334376 0.5
vn 0 0 1
vn 0 0 1
vn 0 0 1
vn 0 0 1
vn 0 0 1
vn 0 0 1
vn 0 0 1
vn 0 0 1
vn 0 0 1
vn -0.9994968 -0.03093469 0.007019879
vn -0.9994968 -0.03093469 0.007019879
vn -0.9994968 -0.03093469 0.007019879
vn -0.9999741 0.007188627 0.0002210349
vn -0.9999741 0.007188627 0.0002210349
vn -0.9999741 0.007188627 0.0002210349
vn -0.9999741 0.007188627 0.0002210349
vn -0.9999741 0.007188627 0.0002210349
vn -0.9999741 0.007188627 0.0002210349
vn -0.9999741 0.007188627 0.0002210349
vn -0.9999741 0.007188627 0.0002210349
vn -0.9999741 0.007188627 0.0002210349
vn -0.9999741 0.007188627 0.0002210349
vn -0.9999741 0.007188627 0.0002210349
vn -0.9999741 0.007188627 0.0002210349
vn -0.9999741 0.007188627 0.0002210349
vn -0.9999741 0.007188627 0.0002210349
vn -0.9999741 0.007188627 0.0002210349
vn -0.9999741 0.007188627 0.0002210349
vn -0.9999741 0.007188627 0.0002210349
vn -0.9999741 0.007188627 0.0002210349
vn -0.9999741 0.007188627 0.0002210349
vn -0.9999741 0.007188627 0.0002210349
vn -0.9999741 0.007188627 0.0002210349
vn -0.9999741 0.007188627 0.0002210349
vn -0.9999741 0.007188627 0.0002210349
vn -0.9999741 0.007188627 0.0002210349
vn -0.9999741 0.007188627 0.0002210349
vn -0.9999741 0.007188627 0.0002210349
vn -0.9999741 0.007188627 0.0002210349
vn -0.9999741 0.007188627 0.0002210349
vn -0.9999741 0.007188627 0.0002210349
vn -0.9999741 0.007188627 0.0002210349
vn -0.9999741 0.007188627 0.0002210349
vn -0.9999741 0.007188627 0.0002210349
vn -0.9999741 0.007188627 0.0002210349
vn -0.9999741 0.007188627 0.0002210349
vn -0.9999741 0.007188627 0.0002210349
vn -0.9999741 0.007188627 0.0002210349
vn -0.9999741 0.007188627 0.0002210349
vn -0.9999741 0.007188627 0.0002210349
vn -0.9999741 0.007188627 0.0002210349
vn -0.9999741 0.007188627 0.0002210349
vn -0.9999741 0.007188627 0.0002210349
vn -0.9999741 0.007188627 0.0002210349
vn -0.9999741 0.007188627 0.0002210349
vn -0.9999741 0.007188627 0.0002210349
vn -0.9999741 0.007188627 0.0002210349
vn -0.9999741 0.007188627 0.0002210349
vn -0.9999741 0.007188627 0.0002210349
vn -0.9999741 0.007188627 0.0002210349
vn -0.9999741 0.007188627 0.0002210349
vn -0.9999741 0.007188627 0.0002210349
vn -0.9999741 0.007188627 0.0002210349
vn -0.9999741 0.007188627 0.0002210349
vn -0.9999741 0.007188627 0.0002210349
vn 0 -0.04985827 -0.9987563
vn 0 -0.04985827 -0.9987563
vn 0 -0.04985827 -0.9987563
vn 0 -0.04985827 -0.9987563
vn 0 -0.176553 -0.9842911
vn 0 -0.176553 -0.9842911
vn 0 -0.176553 -0.9842911
vn 0 -0.176553 -0.9842911
vn 0 -0.4709612 -0.8821539
vn 0 -0.4709612 -0.8821539
vn 0 -0.4709612 -0.8821539
vn 0 -0.4709612 -0.8821539
vn 0 -0.8576177 0.5142877
vn 0 -0.8576177 0.5142877
vn 0 -0.8576177 0.5142877
vn 0 -0.8576177 0.5142877
vn 0 -0.2814752 0.9595684
vn 0 -0.2814752 0.9595684
vn 0 -0.2814752 0.9595684
vn 0 -0.2814752 0.9595684
vn 0 -0.1056722 0.994401
vn 0 -0.1056722 0.994401
vn 0 -0.1056722 0.994401
vn 0 -0.1056722 0.994401
vn 0 0 1
vn 0 0 1
vn 0 0 1
vn 0 0 1
vn 0 0 1
vn 0 0.1056725 0.9944009
vn 0 0.1056725 0.9944009
vn 0 0.1056725 0.9944009
vn 0 0.1056725 0.9944009
vn 0 0.281474 0.9595688
vn 0 0.281474 0.9595688
vn 0 0.281474 0.9595688
vn 0 0.281474 0.9595688
vn -1.736504E-07 0.857616 0.5142906
vn -1.736504E-07 0.857616 0.5142906
vn -1.736504E-07 0.857616 0.5142906
vn -1.736504E-07 0.857616 0.5142906
vn 0 0.470957 -0.8821561
vn 0 0.470957 -0.8821561
vn 0 0.470957 -0.8821561
vn 0 0.470957 -0.8821561
vn 0 0.176553 -0.9842911
vn 0 0.176553 -0.9842911
vn 0 0.176553 -0.9842911
vn 0 0.176553 -0.9842911
vn 0 0.003013761 -0.9999955
vn 0 0.003013761 -0.9999955
vn 0 0.003013761 -0.9999955
vn 0 0.003013761 -0.9999955
vn 1 0 -6.515886E-06
vn 1 0 -6.515886E-06
vn 1 0 -6.515886E-06
vn 1 0 -6.515886E-06
vn 1 0 -6.515886E-06
vn 1 0 -6.515886E-06
vn 1 0 -6.515886E-06
vn 1 0 -6.515886E-06
vn 1 0 -6.515886E-06
vn 1 0 -6.515886E-06
vn 1 0 -6.515886E-06
vn 1 0 -6.515886E-06
vn 1 0 -6.515886E-06
vn 0 -0.04984758 -0.9987568
vn 0 -0.04984758 -0.9987568
vn 0 -0.04984758 -0.9987568
vn 0 -0.04984758 -0.9987568
vn 0 -0.176553 -0.9842911
vn 0 -0.176553 -0.9842911
vn 0 -0.176553 -0.9842911
vn 0 -0.176553 -0.9842911
vn 0 -0.4709813 -0.8821431
vn 0 -0.4709813 -0.8821431
vn 0 -0.4709813 -0.8821431
vn 0 -0.4709813 -0.8821431
vn 0 -0.8576059 0.5143073
vn 0 -0.8576059 0.5143073
vn 0 -0.8576059 0.5143073
vn 0 -0.8576059 0.5143073
vn 0 -0.2814752 0.9595684
vn 0 -0.2814752 0.9595684
vn 0 -0.2814752 0.9595684
vn 0 -0.2814752 0.9595684
vn 0 -0.1056722 0.994401
vn 0 -0.1056722 0.994401
vn 0 -0.1056722 0.994401
vn 0 -0.1056722 0.994401
vn 0 0 1
vn 0 0 1
vn 0 0 1
vn 0 0 1
vn 0 0 1
vn 0 0.1056725 0.9944009
vn 0 0.1056725 0.9944009
vn 0 0.1056725 0.9944009
vn 0 0.1056725 0.9944009
vn 0 0.281474 0.9595688
vn 0 0.281474 0.9595688
vn 0 0.281474 0.9595688
vn 0 0.281474 0.9595688
vn -1.73657E-07 0.8576043 0.5143101
vn -1.73657E-07 0.8576043 0.5143101
vn -1.73657E-07 0.8576043 0.5143101
vn -1.73657E-07 0.8576043 0.5143101
vn 0 0.4709771 -0.8821454
vn 0 0.4709771 -0.8821454
vn 0 0.4709771 -0.8821454
vn 0 0.4709771 -0.8821454
vn 0 0.176553 -0.9842911
vn 0 0.176553 -0.9842911
vn 0 0.176553 -0.9842911
vn 0 0.176553 -0.9842911
vn 0 0.003013114 -0.9999955
vn 0 0.003013114 -0.9999955
vn 0 0.003013114 -0.9999955
vn 0 0.003013114 -0.9999955
vn 1 0 -6.515886E-06
vn 1 0 -6.515886E-06
vn 1 0 -6.515886E-06
vn 1 0 -6.515886E-06
vn 1 0 -6.515886E-06
vn 1 0 -6.515886E-06
vn 1 0 -6.515886E-06
vn 1 0 -6.515886E-06
vn 1 0 -6.515886E-06
vn 1 0 -6.515886E-06
vn 1 0 -6.515886E-06
vn 1 0 -6.515886E-06
vn 1 0 -6.515886E-06
vn 0 -0.04985827 -0.9987563
vn 0 -0.04985827 -0.9987563
vn 0 -0.04985827 -0.9987563
vn 0 -0.04985827 -0.9987563
vn 0 -0.176553 -0.9842911
vn 0 -0.176553 -0.9842911
vn 0 -0.176553 -0.9842911
vn 0 -0.176553 -0.9842911
vn 0 -0.4709612 -0.8821539
vn 0 -0.4709612 -0.8821539
vn 0 -0.4709612 -0.8821539
vn 0 -0.4709612 -0.8821539
vn 0 -0.8576177 0.5142877
vn 0 -0.8576177 0.5142877
vn 0 -0.8576177 0.5142877
vn 0 -0.8576177 0.5142877
vn 0 -0.2814752 0.9595684
vn 0 -0.2814752 0.9595684
vn 0 -0.2814752 0.9595684
vn 0 -0.2814752 0.9595684
vn 0 -0.1056722 0.994401
vn 0 -0.1056722 0.994401
vn 0 -0.1056722 0.994401
vn 0 -0.1056722 0.994401
vn -3.161452E-07 0 1
vn -3.161452E-07 0 1
vn -3.161452E-07 0 1
vn -3.161452E-07 0 1
vn -3.161452E-07 0 1
vn 0 0.1056725 0.9944009
vn 0 0.1056725 0.9944009
vn 0 0.1056725 0.9944009
vn 0 0.1056725 0.9944009
vn 0 0.281474 0.9595688
vn 0 0.281474 0.9595688
vn 0 0.281474 0.9595688
vn 0 0.281474 0.9595688
vn 0 0.8576043 0.5143101
vn 0 0.8576043 0.5143101
vn 0 0.8576043 0.5143101
vn 0 0.8576043 0.5143101
vn -3.543636E-07 0.4709771 -0.8821454
vn -3.543636E-07 0.4709771 -0.8821454
vn -3.543636E-07 0.4709771 -0.8821454
vn -3.543636E-07 0.4709771 -0.8821454
vn 0 0.176553 -0.9842911
vn 0 0.176553 -0.9842911
vn 0 0.176553 -0.9842911
vn 0 0.176553 -0.9842911
vn 0 0.003013761 -0.9999955
vn 0 0.003013761 -0.9999955
vn 0 0.003013761 -0.9999955
vn 0 0.003013761 -0.9999955
vn 1 0 -6.515886E-06
vn 1 0 -6.515886E-06
vn 1 0 -6.515886E-06
vn 1 0 -6.515886E-06
vn 1 0 -6.515886E-06
vn 1 0 -6.515886E-06
vn 1 0 -6.515886E-06
vn 1 0 -6.515886E-06
vn 1 0 -6.515886E-06
vn 1 0 -6.515886E-06
vn 1 0 -6.515886E-06
vn 1 0 -6.515886E-06
vn 1 0 -6.515886E-06
vn 0 -0.04984758 -0.9987568
vn 0 -0.04984758 -0.9987568
vn 0 -0.04984758 -0.9987568
vn 0 -0.04984758 -0.9987568
vn 0 -0.176553 -0.9842911
vn 0 -0.176553 -0.9842911
vn 0 -0.176553 -0.9842911
vn 0 -0.176553 -0.9842911
vn 0 -0.4709813 -0.8821431
vn 0 -0.4709813 -0.8821431
vn 0 -0.4709813 -0.8821431
vn 0 -0.4709813 -0.8821431
vn 0 -0.8576177 0.5142877
vn 0 -0.8576177 0.5142877
vn 0 -0.8576177 0.5142877
vn 0 -0.8576177 0.5142877
vn 0 -0.2814752 0.9595684
vn 0 -0.2814752 0.9595684
vn 0 -0.2814752 0.9595684
vn 0 -0.2814752 0.9595684
vn 0 -0.1056607 0.9944022
vn 0 -0.1056607 0.9944022
vn 0 -0.1056607 0.9944022
vn 0 -0.1056607 0.9944022
vn 0 0 1
vn 0 0 1
vn 0 0 1
vn 0 0 1
vn 0 0 1
vn 0 0.105661 0.9944022
vn 0 0.105661 0.9944022
vn 0 0.105661 0.9944022
vn 0 0.105661 0.9944022
vn 0 0.281474 0.9595688
vn 0 0.281474 0.9595688
vn 0 0.281474 0.9595688
vn 0 0.281474 0.9595688
vn -1.736504E-07 0.857616 0.5142906
vn -1.736504E-07 0.857616 0.5142906
vn -1.736504E-07 0.857616 0.5142906
vn -1.736504E-07 0.857616 0.5142906
vn 0 0.4709771 -0.8821454
vn 0 0.4709771 -0.8821454
vn 0 0.4709771 -0.8821454
vn 0 0.4709771 -0.8821454
vn 0 0.176553 -0.9842911
vn 0 0.176553 -0.9842911
vn 0 0.176553 -0.9842911
vn 0 0.176553 -0.9842911
vn 0 0.003013114 -0.9999955
vn 0 0.003013114 -0.9999955
vn 0 0.003013114 -0.9999955
vn 0 0.003013114 -0.9999955
vn 1 0 -6.515886E-06
vn 1 0 -6.515886E-06
vn 1 0 -6.515886E-06
vn 1 0 -6.515886E-06
vn 1 0 -6.515886E-06
vn 1 0 -6.515886E-06
vn 1 0 -6.515886E-06
vn 1 0 -6.515886E-06
vn 1 0 -6.515886E-06
vn 1 0 -6.515886E-06
vn 1 0 -6.515886E-06
vn 1 0 -6.515886E-06
vn 1 0 -6.515886E-06
vn 0 -0.04985827 -0.9987563
vn 0 -0.04985827 -0.9987563
vn 0 -0.04985827 -0.9987563
vn 0 -0.04985827 -0.9987563
vn 0 -0.176553 -0.9842911
vn 0 -0.176553 -0.9842911
vn 0 -0.176553 -0.9842911
vn 0 -0.176553 -0.9842911
vn 0 -0.4709612 -0.8821539
vn 0 -0.4709612 -0.8821539
vn 0 -0.4709612 -0.8821539
vn 0 -0.4709612 -0.8821539
vn 0 -0.8576177 0.5142877
vn 0 -0.8576177 0.5142877
vn 0 -0.8576177 0.5142877
vn 0 -0.8576177 0.5142877
vn 0 -0.2814752 0.9595684
vn 0 -0.2814752 0.9595684
vn 0 -0.2814752 0.9595684
vn 0 -0.2814752 0.9595684
vn 0 -0.1056722 0.994401
vn 0 -0.1056722 0.994401
vn 0 -0.1056722 0.994401
vn 0 -0.1056722 0.994401
vn 0 0 1
vn 0 0 1
vn 0 0 1
vn 0 0 1
vn 0 0 1
vn 0 0.1056725 0.9944009
vn 0 0.1056725 0.9944009
vn 0 0.1056725 0.9944009
vn 0 0.1056725 0.9944009
vn 0 0.281474 0.9595688
vn 0 0.281474 0.9595688
vn 0 0.281474 0.9595688
vn 0 0.281474 0.9595688
vn -1.736504E-07 0.857616 0.5142906
vn -1.736504E-07 0.857616 0.5142906
vn -1.736504E-07 0.857616 0.5142906
vn -1.736504E-07 0.857616 0.5142906
vn 0 0.470957 -0.8821561
vn 0 0.470957 -0.8821561
vn 0 0.470957 -0.8821561
vn 0 0.470957 -0.8821561
vn 0 0.176553 -0.9842911
vn 0 0.176553 -0.9842911
vn 0 0.176553 -0.9842911
vn 0 0.176553 -0.9842911
vn 0 0.003013761 -0.9999955
vn 0 0.003013761 -0.9999955
vn 0 0.003013761 -0.9999955
vn 0 0.003013761 -0.9999955
vn 1 0 -6.515886E-06
vn 1 0 -6.515886E-06
vn 1 0 -6.515886E-06
vn 1 0 -6.515886E-06
vn 1 0 -6.515886E-06
vn 1 0 -6.515886E-06
vn 1 0 -6.515886E-06
vn 1 0 -6.515886E-06
vn 1 0 -6.515886E-06
vn 1 0 -6.515886E-06
vn 1 0 -6.515886E-06
vn 1 0 -6.515886E-06
vn 1 0 -6.515886E-06
vn 0 -0.04985827 -0.9987563
vn 0 -0.04985827 -0.9987563
vn 0 -0.04985827 -0.9987563
vn 0 -0.04985827 -0.9987563
vn 0 -0.176553 -0.9842911
vn 0 -0.176553 -0.9842911
vn 0 -0.176553 -0.9842911
vn 0 -0.176553 -0.9842911
vn 0 -0.4709612 -0.8821539
vn 0 -0.4709612 -0.8821539
vn 0 -0.4709612 -0.8821539
vn 0 -0.4709612 -0.8821539
vn 0 -0.8576177 0.5142877
vn 0 -0.8576177 0.5142877
vn 0 -0.8576177 0.5142877
vn 0 -0.8576177 0.5142877
vn 0 -0.2814752 0.9595684
vn 0 -0.2814752 0.9595684
vn 0 -0.2814752 0.9595684
vn 0 -0.2814752 0.9595684
vn 0 -0.1056722 0.994401
vn 0 -0.1056722 0.994401
vn 0 -0.1056722 0.994401
vn 0 -0.1056722 0.994401
vn 0 0 1
vn 0 0 1
vn 0 0 1
vn 0 0 1
vn 0 0 1
vn 0 0.1056725 0.9944009
vn 0 0.1056725 0.9944009
vn 0 0.1056725 0.9944009
vn 0 0.1056725 0.9944009
vn 0 0.281474 0.9595688
vn 0 0.281474 0.9595688
vn 0 0.281474 0.9595688
vn 0 0.281474 0.9595688
vn -1.736504E-07 0.857616 0.5142906
vn -1.736504E-07 0.857616 0.5142906
vn -1.736504E-07 0.857616 0.5142906
vn -1.736504E-07 0.857616 0.5142906
vn 0 0.470957 -0.8821561
vn 0 0.470957 -0.8821561
vn 0 0.470957 -0.8821561
vn 0 0.470957 -0.8821561
vn 0 0.176553 -0.9842911
vn 0 0.176553 -0.9842911
vn 0 0.176553 -0.9842911
vn 0 0.176553 -0.9842911
vn 0 0.003013761 -0.9999955
vn 0 0.003013761 -0.9999955
vn 0 0.003013761 -0.9999955
vn 0 0.003013761 -0.9999955
vn 1 0 -6.515886E-06
vn 1 0 -6.515886E-06
vn 1 0 -6.515886E-06
vn 1 0 -6.515886E-06
vn 1 0 -6.515886E-06
vn 1 0 -6.515886E-06
vn 1 0 -6.515886E-06
vn 1 0 -6.515886E-06
vn 1 0 -6.515886E-06
vn 1 0 -6.515886E-06
vn 1 0 -6.515886E-06
vn 1 0 -6.515886E-06
vn 1 0 -6.515886E-06
vn 0 -0.04984758 -0.9987568
vn 0 -0.04984758 -0.9987568
vn 0 -0.04984758 -0.9987568
vn 0 -0.04984758 -0.9987568
vn 0 -0.176553 -0.9842911
vn 0 -0.176553 -0.9842911
vn 0 -0.176553 -0.9842911
vn 0 -0.176553 -0.9842911
vn 0 -0.4709813 -0.8821431
vn 0 -0.4709813 -0.8821431
vn 0 -0.4709813 -0.8821431
vn 0 -0.4709813 -0.8821431
vn 0 -0.8576059 0.5143073
vn 0 -0.8576059 0.5143073
vn 0 -0.8576059 0.5143073
vn 0 -0.8576059 0.5143073
vn 0 -0.2814752 0.9595684
vn 0 -0.2814752 0.9595684
vn 0 -0.2814752 0.9595684
vn 0 -0.2814752 0.9595684
vn 0 -0.1056722 0.994401
vn 0 -0.1056722 0.994401
vn 0 -0.1056722 0.994401
vn 0 -0.1056722 0.994401
vn 0 0 1
vn 0 0 1
vn 0 0 1
vn 0 0 1
vn 0 0 1
vn 0 0.1056725 0.9944009
vn 0 0.1056725 0.9944009
vn 0 0.1056725 0.9944009
vn 0 0.1056725 0.9944009
vn 0 0.281474 0.9595688
vn 0 0.281474 0.9595688
vn 0 0.281474 0.9595688
vn 0 0.281474 0.9595688
vn -1.73657E-07 0.8576043 0.5143101
vn -1.73657E-07 0.8576043 0.5143101
vn -1.73657E-07 0.8576043 0.5143101
vn -1.73657E-07 0.8576043 0.5143101
vn 0 0.4709771 -0.8821454
vn 0 0.4709771 -0.8821454
vn 0 0.4709771 -0.8821454
vn 0 0.4709771 -0.8821454
vn 0 0.176553 -0.9842911
vn 0 0.176553 -0.9842911
vn 0 0.176553 -0.9842911
vn 0 0.176553 -0.9842911
vn 0 0.003013114 -0.9999955
vn 0 0.003013114 -0.9999955
vn 0 0.003013114 -0.9999955
vn 0 0.003013114 -0.9999955
vn 1 0 -6.515886E-06
vn 1 0 -6.515886E-06
vn 1 0 -6.515886E-06
vn 1 0 -6.515886E-06
vn 1 0 -6.515886E-06
vn 1 0 -6.515886E-06
vn 1 0 -6.515886E-06
vn 1 0 -6.515886E-06
vn 1 0 -6.515886E-06
vn 1 0 -6.515886E-06
vn 1 0 -6.515886E-06
vn 1 0 -6.515886E-06
vn 1 0 -6.515886E-06
vn 0 -0.04985827 -0.9987563
vn 0 -0.04985827 -0.9987563
vn 0 -0.04985827 -0.9987563
vn 0 -0.04985827 -0.9987563
vn 0 -0.176553 -0.9842911
vn 0 -0.176553 -0.9842911
vn 0 -0.176553 -0.9842911
vn 0 -0.176553 -0.9842911
vn 0 -0.4709612 -0.8821539
vn 0 -0.4709612 -0.8821539
vn 0 -0.4709612 -0.8821539
vn 0 -0.4709612 -0.8821539
vn 0 -0.8576177 0.5142877
vn 0 -0.8576177 0.5142877
vn 0 -0.8576177 0.5142877
vn 0 -0.8576177 0.5142877
vn 0 -0.2814752 0.9595684
vn 0 -0.2814752 0.9595684
vn 0 -0.2814752 0.9595684
vn 0 -0.2814752 0.9595684
vn 0 -0.1056722 0.994401
vn 0 -0.1056722 0.994401
vn 0 -0.1056722 0.994401
vn 0 -0.1056722 0.994401
vn -3.161452E-07 0 1
vn -3.161452E-07 0 1
vn -3.161452E-07 0 1
vn -3.161452E-07 0 1
vn -3.161452E-07 0 1
vn 0 0.1056725 0.9944009
vn 0 0.1056725 0.9944009
vn 0 0.1056725 0.9944009
vn 0 0.1056725 0.9944009
vn 0 0.2814735 0.959569
vn 0 0.2814735 0.959569
vn 0 0.2814735 0.959569
vn 0 0.2814735 0.959569
vn -1.736507E-07 0.8576179 0.5142874
vn -1.736507E-07 0.8576179 0.5142874
vn -1.736507E-07 0.8576179 0.5142874
vn -1.736507E-07 0.8576179 0.5142874
vn 0 0.470957 -0.8821561
vn 0 0.470957 -0.8821561
vn 0 0.470957 -0.8821561
vn 0 0.470957 -0.8821561
vn 0 0.176553 -0.9842911
vn 0 0.176553 -0.9842911
vn 0 0.176553 -0.9842911
vn 0 0.176553 -0.9842911
vn 0 0.003013761 -0.9999955
vn 0 0.003013761 -0.9999955
vn 0 0.003013761 -0.9999955
vn 0 0.003013761 -0.9999955
vn 1 0 -6.515886E-06
vn 1 0 -6.515886E-06
vn 1 0 -6.515886E-06
vn 1 0 -6.515886E-06
vn 1 0 -6.515886E-06
vn 1 0 -6.515886E-06
vn 1 0 -6.515886E-06
vn 1 0 -6.515886E-06
vn 1 0 -6.515886E-06
vn 1 0 -6.515886E-06
vn 1 0 -6.515886E-06
vn 1 0 -6.515886E-06
vn 1 0 -6.515886E-06
vn 0 -0.04984758 -0.9987568
vn 0 -0.04984758 -0.9987568
vn 0 -0.04984758 -0.9987568
vn 0 -0.04984758 -0.9987568
vn 0 -0.176553 -0.9842911
vn 0 -0.176553 -0.9842911
vn 0 -0.176553 -0.9842911
vn 0 -0.176553 -0.9842911
vn 0 -0.4709813 -0.8821431
vn 0 -0.4709813 -0.8821431
vn 0 -0.4709813 -0.8821431
vn 0 -0.4709813 -0.8821431
vn 0 -0.8576059 0.5143073
vn 0 -0.8576059 0.5143073
vn 0 -0.8576059 0.5143073
vn 0 -0.8576059 0.5143073
vn 0 -0.2814914 0.9595637
vn 0 -0.2814914 0.9595637
vn 0 -0.2814914 0.9595637
vn 0 -0.2814914 0.9595637
vn 0 -0.1056607 0.9944022
vn 0 -0.1056607 0.9944022
vn 0 -0.1056607 0.9944022
vn 0 -0.1056607 0.9944022
vn 0 0 1
vn 0 0 1
vn 0 0 1
vn 0 0 1
vn 0 0 1
vn 0 0.105661 0.9944022
vn 0 0.105661 0.9944022
vn 0 0.105661 0.9944022
vn 0 0.105661 0.9944022
vn 0 0.2814898 0.9595643
vn 0 0.2814898 0.9595643
vn 0 0.2814898 0.9595643
vn 0 0.2814898 0.9595643
vn -1.736573E-07 0.8576061 0.5143071
vn -1.736573E-07 0.8576061 0.5143071
vn -1.736573E-07 0.8576061 0.5143071
vn -1.736573E-07 0.8576061 0.5143071
vn 0 0.4709771 -0.8821454
vn 0 0.4709771 -0.8821454
vn 0 0.4709771 -0.8821454
vn 0 0.4709771 -0.8821454
vn 0 0.176553 -0.9842911
vn 0 0.176553 -0.9842911
vn 0 0.176553 -0.9842911
vn 0 0.176553 -0.9842911
vn 0 0.003013114 -0.9999955
vn 0 0.003013114 -0.9999955
vn 0 0.003013114 -0.9999955
vn 0 0.003013114 -0.9999955
vn 1 0 -6.515886E-06
vn 1 0 -6.515886E-06
vn 1 0 -6.515886E-06
vn 1 0 -6.515886E-06
vn 1 0 -6.515886E-06
vn 1 0 -6.515886E-06
vn 1 0 -6.515886E-06
vn 1 0 -6.515886E-06
vn 1 0 -6.515886E-06
vn 1 0 -6.515886E-06
vn 1 0 -6.515886E-06
vn 1 0 -6.515886E-06
vn 1 0 -6.515886E-06
vn 0 -0.04985827 -0.9987563
vn 0 -0.04985827 -0.9987563
vn 0 -0.04985827 -0.9987563
vn 0 -0.04985827 -0.9987563
vn 0 -0.176553 -0.9842911
vn 0 -0.176553 -0.9842911
vn 0 -0.176553 -0.9842911
vn 0 -0.176553 -0.9842911
vn 0 -0.4709612 -0.8821539
vn 0 -0.4709612 -0.8821539
vn 0 -0.4709612 -0.8821539
vn 0 -0.4709612 -0.8821539
vn 0 -0.8576177 0.5142877
vn 0 -0.8576177 0.5142877
vn 0 -0.8576177 0.5142877
vn 0 -0.8576177 0.5142877
vn 0 -0.2814752 0.9595684
vn 0 -0.2814752 0.9595684
vn 0 -0.2814752 0.9595684
vn 0 -0.2814752 0.9595684
vn 0 -0.1056722 0.994401
vn 0 -0.1056722 0.994401
vn 0 -0.1056722 0.994401
vn 0 -0.1056722 0.994401
vn 0 0 1
vn 0 0 1
vn 0 0 1
vn 0 0 1
vn 0 0 1
vn 0 0.1056725 0.9944009
vn 0 0.1056725 0.9944009
vn 0 0.1056725 0.9944009
vn 0 0.1056725 0.9944009
vn 0 0.2814735 0.959569
vn 0 0.2814735 0.959569
vn 0 0.2814735 0.959569
vn 0 0.2814735 0.959569
vn -1.736507E-07 0.8576179 0.5142874
vn -1.736507E-07 0.8576179 0.5142874
vn -1.736507E-07 0.8576179 0.5142874
vn -1.736507E-07 0.8576179 0.5142874
vn 0 0.470957 -0.8821561
vn 0 0.470957 -0.8821561
vn 0 0.470957 -0.8821561
vn 0 0.470957 -0.8821561
vn 0 0.176553 -0.9842911
vn 0 0.176553 -0.9842911
vn 0 0.176553 -0.9842911
vn 0 0.176553 -0.9842911
vn 0 0.003013761 -0.9999955
vn 0 0.003013761 -0.9999955
vn 0 0.003013761 -0.9999955
vn 0 0.003013761 -0.9999955
vn 1 0 -6.515886E-06
vn 1 0 -6.515886E-06
vn 1 0 -6.515886E-06
vn 1 0 -6.515886E-06
vn 1 0 -6.515886E-06
vn 1 0 -6.515886E-06
vn 1 0 -6.515886E-06
vn 1 0 -6.515886E-06
vn 1 0 -6.515886E-06
vn 1 0 -6.515886E-06
vn 1 0 -6.515886E-06
vn 1 0 -6.515886E-06
vn 1 0 -6.515886E-06
vn 0 -0.04985827 -0.9987563
vn 0 -0.04985827 -0.9987563
vn 0 -0.04985827 -0.9987563
vn 0 -0.04985827 -0.9987563
vn 0 -0.176553 -0.9842911
vn 0 -0.176553 -0.9842911
vn 0 -0.176553 -0.9842911
vn 0 -0.176553 -0.9842911
vn 0 -0.4709612 -0.8821539
vn 0 -0.4709612 -0.8821539
vn 0 -0.4709612 -0.8821539
vn 0 -0.4709612 -0.8821539
vn 0 -0.8576177 0.5142877
vn 0 -0.8576177 0.5142877
vn 0 -0.8576177 0.5142877
vn 0 -0.8576177 0.5142877
vn 0 -0.2814752 0.9595684
vn 0 -0.2814752 0.9595684
vn 0 -0.2814752 0.9595684
vn 0 -0.2814752 0.9595684
vn 0 -0.1056722 0.994401
vn 0 -0.1056722 0.994401
vn 0 -0.1056722 0.994401
vn 0 -0.1056722 0.994401
vn 0 0 1
vn 0 0 1
vn 0 0 1
vn 0 0 1
vn 0 0 1
vn 0 0.1056725 0.9944009
vn 0 0.1056725 0.9944009
vn 0 0.1056725 0.9944009
vn 0 0.1056725 0.9944009
vn 0 0.2814735 0.959569
vn 0 0.2814735 0.959569
vn 0 0.2814735 0.959569
vn 0 0.2814735 0.959569
vn -1.736507E-07 0.8576179 0.5142874
vn -1.736507E-07 0.8576179 0.5142874
vn -1.736507E-07 0.8576179 0.5142874
vn -1.736507E-07 0.8576179 0.5142874
vn 0 0.470957 -0.8821561
vn 0 0.470957 -0.8821561
vn 0 0.470957 -0.8821561
vn 0 0.470957 -0.8821561
vn 0 0.176553 -0.9842911
vn 0 0.176553 -0.9842911
vn 0 0.176553 -0.9842911
vn 0 0.176553 -0.9842911
vn 0 0.003013761 -0.9999955
vn 0 0.003013761 -0.9999955
vn 0 0.003013761 -0.9999955
vn 0 0.003013761 -0.9999955
vn 1 0 -6.515886E-06
vn 1 0 -6.515886E-06
vn 1 0 -6.515886E-06
vn 1 0 -6.515886E-06
vn 1 0 -6.515886E-06
vn 1 0 -6.515886E-06
vn 1 0 -6.515886E-06
vn 1 0 -6.515886E-06
vn 1 0 -6.515886E-06
vn 1 0 -6.515886E-06
vn 1 0 -6.515886E-06
vn 1 0 -6.515886E-06
vn 1 0 -6.515886E-06
vn 0 -0.04984758 -0.9987568
vn 0 -0.04984758 -0.9987568
vn 0 -0.04984758 -0.9987568
vn 0 -0.04984758 -0.9987568
vn 0 -0.176553 -0.9842911
vn 0 -0.176553 -0.9842911
vn 0 -0.176553 -0.9842911
vn 0 -0.176553 -0.9842911
vn 0 -0.4709813 -0.8821431
vn 0 -0.4709813 -0.8821431
vn 0 -0.4709813 -0.8821431
vn 0 -0.4709813 -0.8821431
vn 0 -0.8576059 0.5143073
vn 0 -0.8576059 0.5143073
vn 0 -0.8576059 0.5143073
vn 0 -0.8576059 0.5143073
vn 0 -0.2814752 0.9595684
vn 0 -0.2814752 0.9595684
vn 0 -0.2814752 0.9595684
vn 0 -0.2814752 0.9595684
vn 0 -0.1056722 0.994401
vn 0 -0.1056722 0.994401
vn 0 -0.1056722 0.994401
vn 0 -0.1056722 0.994401
vn 0 0 1
vn 0 0 1
vn 0 0 1
vn 0 0 1
vn 0 0 1
vn 0 0.1056725 0.9944009
vn 0 0.1056725 0.9944009
vn 0 0.1056725 0.9944009
vn 0 0.1056725 0.9944009
vn 0 0.2814735 0.959569
vn 0 0.2814735 0.959569
vn 0 0.2814735 0.959569
vn 0 0.2814735 0.959569
vn -1.736573E-07 0.8576061 0.5143071
vn -1.736573E-07 0.8576061 0.5143071
vn -1.736573E-07 0.8576061 0.5143071
vn -1.736573E-07 0.8576061 0.5143071
vn 0 0.4709771 -0.8821454
vn 0 0.4709771 -0.8821454
vn 0 0.4709771 -0.8821454
vn 0 0.4709771 -0.8821454
vn 0 0.176553 -0.9842911
vn 0 0.176553 -0.9842911
vn 0 0.176553 -0.9842911
vn 0 0.176553 -0.9842911
vn 0 0.003013114 -0.9999955
vn 0 0.003013114 -0.9999955
vn 0 0.003013114 -0.9999955
vn 0 0.003013114 -0.9999955
vn 1 0 -6.515886E-06
vn 1 0 -6.515886E-06
vn 1 0 -6.515886E-06
vn 1 0 -6.515886E-06
vn 1 0 -6.515886E-06
vn 1 0 -6.515886E-06
vn 1 0 -6.515886E-06
vn 1 0 -6.515886E-06
vn 1 0 -6.515886E-06
vn 1 0 -6.515886E-06
vn 1 0 -6.515886E-06
vn 1 0 -6.515886E-06
vn 1 0 -6.515886E-06
vn 0 -0.04985827 -0.9987563
vn 0 -0.04985827 -0.9987563
vn 0 -0.04985827 -0.9987563
vn 0 -0.04985827 -0.9987563
vn 0 -0.1765397 -0.9842935
vn 0 -0.1765397 -0.9842935
vn 0 -0.1765397 -0.9842935
vn 0 -0.1765397 -0.9842935
vn 0 -0.4709612 -0.8821539
vn 0 -0.4709612 -0.8821539
vn 0 -0.4709612 -0.8821539
vn 0 -0.4709612 -0.8821539
vn 0 -0.8576295 0.5142682
vn 0 -0.8576295 0.5142682
vn 0 -0.8576295 0.5142682
vn 0 -0.8576295 0.5142682
vn 0 -0.281459 0.9595733
vn 0 -0.281459 0.9595733
vn 0 -0.281459 0.9595733
vn 0 -0.281459 0.9595733
vn 0 -0.1056838 0.9943998
vn 0 -0.1056838 0.9943998
vn 0 -0.1056838 0.9943998
vn 0 -0.1056838 0.9943998
vn 0 0 1
vn 0 0 1
vn 0 0 1
vn 0 0 1
vn 0 0 1
vn 0 0.1056841 0.9943997
vn 0 0.1056841 0.9943997
vn 0 0.1056841 0.9943997
vn 0 0.1056841 0.9943997
vn 0 0.2814574 0.9595737
vn 0 0.2814574 0.9595737
vn 0 0.2814574 0.9595737
vn 0 0.2814574 0.9595737
vn -1.736441E-07 0.8576296 0.5142679
vn -1.736441E-07 0.8576296 0.5142679
vn -1.736441E-07 0.8576296 0.5142679
vn -1.736441E-07 0.8576296 0.5142679
vn 0 0.470957 -0.8821561
vn 0 0.470957 -0.8821561
vn 0 0.470957 -0.8821561
vn 0 0.470957 -0.8821561
vn 0 0.1765398 -0.9842935
vn 0 0.1765398 -0.9842935
vn 0 0.1765398 -0.9842935
vn 0 0.1765398 -0.9842935
vn 0 0.003013761 -0.9999955
vn 0 0.003013761 -0.9999955
vn 0 0.003013761 -0.9999955
vn 0 0.003013761 -0.9999955
vn 1 0 -6.515887E-06
vn 1 0 -6.515887E-06
vn 1 0 -6.515887E-06
vn 1 0 -6.515887E-06
vn 1 0 -6.515887E-06
vn 1 0 -6.515887E-06
vn 1 0 -6.515887E-06
vn 1 0 -6.515887E-06
vn 1 0 -6.515887E-06
vn 1 0 -6.515887E-06
vn 1 0 -6.515887E-06
vn 1 0 -6.515887E-06
vn 1 0 -6.515887E-06
vn 0 -0.04985293 -0.9987566
vn 0 -0.04985293 -0.9987566
vn 0 -0.04985293 -0.9987566
vn 0 -0.04985293 -0.9987566
vn 0 -0.1765397 -0.9842935
vn 0 -0.1765397 -0.9842935
vn 0 -0.1765397 -0.9842935
vn 0 -0.1765397 -0.9842935
vn 0 -0.4709713 -0.8821486
vn 0 -0.4709713 -0.8821486
vn 0 -0.4709713 -0.8821486
vn 0 -0.4709713 -0.8821486
vn 0 -0.8576236 0.5142779
vn 0 -0.8576236 0.5142779
vn 0 -0.8576236 0.5142779
vn 0 -0.8576236 0.5142779
vn 0 -0.2814671 0.9595709
vn 0 -0.2814671 0.9595709
vn 0 -0.2814671 0.9595709
vn 0 -0.2814671 0.9595709
vn 0 -0.105678 0.9944004
vn 0 -0.105678 0.9944004
vn 0 -0.105678 0.9944004
vn 0 -0.105678 0.9944004
vn 0 0 1
vn 0 0 1
vn 0 0 1
vn 0 0 1
vn 0 0 1
vn 0 0.1056783 0.9944004
vn 0 0.1056783 0.9944004
vn 0 0.1056783 0.9944004
vn 0 0.1056783 0.9944004
vn 0 0.2814655 0.9595713
vn 0 0.2814655 0.9595713
vn 0 0.2814655 0.9595713
vn 0 0.2814655 0.9595713
vn -1.736474E-07 0.8576237 0.5142776
vn -1.736474E-07 0.8576237 0.5142776
vn -1.736474E-07 0.8576237 0.5142776
vn -1.736474E-07 0.8576237 0.5142776
vn 0 0.4709671 -0.8821508
vn 0 0.4709671 -0.8821508
vn 0 0.4709671 -0.8821508
vn 0 0.4709671 -0.8821508
vn 0 0.1765398 -0.9842935
vn 0 0.1765398 -0.9842935
vn 0 0.1765398 -0.9842935
vn 0 0.1765398 -0.9842935
vn 0 0.003013437 -0.9999955
vn 0 0.003013437 -0.9999955
vn 0 0.003013437 -0.9999955
vn 0 0.003013437 -0.9999955
vn 1 0 -6.515887E-06
vn 1 0 -6.515887E-06
vn 1 0 -6.515887E-06
vn 1 0 -6.515887E-06
vn 1 0 -6.515887E-06
vn 1 0 -6.515887E-06
vn 1 0 -6.515887E-06
vn 1 0 -6.515887E-06
vn 1 0 -6.515887E-06
vn 1 0 -6.515887E-06
vn 1 0 -6.515887E-06
vn 1 0 -6.515887E-06
vn 1 0 -6.515887E-06
vn 0 -0.04985293 -0.9987566
vn 0 -0.04985293 -0.9987566
vn 0 -0.04985293 -0.9987566
vn 0 -0.04985293 -0.9987566
vn 0 -0.1765397 -0.9842935
vn 0 -0.1765397 -0.9842935
vn 0 -0.1765397 -0.9842935
vn 0 -0.1765397 -0.9842935
vn 0 -0.4709713 -0.8821486
vn 0 -0.4709713 -0.8821486
vn 0 -0.4709713 -0.8821486
vn 0 -0.4709713 -0.8821486
vn 0 -0.8576236 0.5142779
vn 0 -0.8576236 0.5142779
vn 0 -0.8576236 0.5142779
vn 0 -0.8576236 0.5142779
vn 0 -0.2814671 0.9595709
vn 0 -0.2814671 0.9595709
vn 0 -0.2814671 0.9595709
vn 0 -0.2814671 0.9595709
vn 0 -0.105678 0.9944004
vn 0 -0.105678 0.9944004
vn 0 -0.105678 0.9944004
vn 0 -0.105678 0.9944004
vn 0 0 1
vn 0 0 1
vn 0 0 1
vn 0 0 1
vn 0 0 1
vn 0 0.1056783 0.9944004
vn 0 0.1056783 0.9944004
vn 0 0.1056783 0.9944004
vn 0 0.1056783 0.9944004
vn 0 0.2814659 0.9595712
vn 0 0.2814659 0.9595712
vn 0 0.2814659 0.9595712
vn 0 0.2814659 0.9595712
vn -1.736471E-07 0.857622 0.5142807
vn -1.736471E-07 0.857622 0.5142807
vn -1.736471E-07 0.857622 0.5142807
vn -1.736471E-07 0.857622 0.5142807
vn 0 0.4709671 -0.8821508
vn 0 0.4709671 -0.8821508
vn 0 0.4709671 -0.8821508
vn 0 0.4709671 -0.8821508
vn 0 0.1765398 -0.9842935
vn 0 0.1765398 -0.9842935
vn 0 0.1765398 -0.9842935
vn 0 0.1765398 -0.9842935
vn 0 0.003013437 -0.9999955
vn 0 0.003013437 -0.9999955
vn 0 0.003013437 -0.9999955
vn 0 0.003013437 -0.9999955
vn 1 0 -6.515887E-06
vn 1 0 -6.515887E-06
vn 1 0 -6.515887E-06
vn 1 0 -6.515887E-06
vn 1 0 -6.515887E-06
vn 1 0 -6.515887E-06
vn 1 0 -6.515887E-06
vn 1 0 -6.515887E-06
vn 1 0 -6.515887E-06
vn 1 0 -6.515887E-06
vn 1 0 -6.515887E-06
vn 1 0 -6.515887E-06
vn 1 0 -6.515887E-06
vn 0 -0.04985293 -0.9987566
vn 0 -0.04985293 -0.9987566
vn 0 -0.04985293 -0.9987566
vn 0 -0.04985293 -0.9987566
vn 0 -0.1765463 -0.9842924
vn 0 -0.1765463 -0.9842924
vn 0 -0.1765463 -0.9842924
vn 0 -0.1765463 -0.9842924
vn 0 -0.4709612 -0.8821539
vn 0 -0.4709612 -0.8821539
vn 0 -0.4709612 -0.8821539
vn 0 -0.4709612 -0.8821539
vn 0 -0.8576236 0.5142779
vn 0 -0.8576236 0.5142779
vn 0 -0.8576236 0.5142779
vn 0 -0.8576236 0.5142779
vn 0 -0.2814671 0.9595709
vn 0 -0.2814671 0.9595709
vn 0 -0.2814671 0.9595709
vn 0 -0.2814671 0.9595709
vn 0 -0.105678 0.9944004
vn 0 -0.105678 0.9944004
vn 0 -0.105678 0.9944004
vn 0 -0.105678 0.9944004
vn 0 0 1
vn 0 0 1
vn 0 0 1
vn 0 0 1
vn 0 0 1
vn 0 0.1056783 0.9944004
vn 0 0.1056783 0.9944004
vn 0 0.1056783 0.9944004
vn 0 0.1056783 0.9944004
vn 0 0.2814659 0.9595712
vn 0 0.2814659 0.9595712
vn 0 0.2814659 0.9595712
vn 0 0.2814659 0.9595712
vn -1.736471E-07 0.857622 0.5142807
vn -1.736471E-07 0.857622 0.5142807
vn -1.736471E-07 0.857622 0.5142807
vn -1.736471E-07 0.857622 0.5142807
vn 0 0.470957 -0.8821561
vn 0 0.470957 -0.8821561
vn 0 0.470957 -0.8821561
vn 0 0.470957 -0.8821561
vn 0 0.1765464 -0.9842924
vn 0 0.1765464 -0.9842924
vn 0 0.1765464 -0.9842924
vn 0 0.1765464 -0.9842924
vn 0 0.003013437 -0.9999955
vn 0 0.003013437 -0.9999955
vn 0 0.003013437 -0.9999955
vn 0 0.003013437 -0.9999955
vn 1 0 -6.515887E-06
vn 1 0 -6.515887E-06
vn 1 0 -6.515887E-06
vn 1 0 -6.515887E-06
vn 1 0 -6.515887E-06
vn 1 0 -6.515887E-06
vn 1 0 -6.515887E-06
vn 1 0 -6.515887E-06
vn 1 0 -6.515887E-06
vn 1 0 -6.515887E-06
vn 1 0 -6.515887E-06
vn 1 0 -6.515887E-06
vn 1 0 -6.515887E-06
vn 0 -0.04985293 -0.9987566
vn 0 -0.04985293 -0.9987566
vn 0 -0.04985293 -0.9987566
vn 0 -0.04985293 -0.9987566
vn 0 -0.1765463 -0.9842924
vn 0 -0.1765463 -0.9842924
vn 0 -0.1765463 -0.9842924
vn 0 -0.1765463 -0.9842924
vn 0 -0.4709612 -0.8821539
vn 0 -0.4709612 -0.8821539
vn 0 -0.4709612 -0.8821539
vn 0 -0.4709612 -0.8821539
vn 0 -0.8576236 0.5142779
vn 0 -0.8576236 0.5142779
vn 0 -0.8576236 0.5142779
vn 0 -0.8576236 0.5142779
vn 0 -0.2814671 0.9595709
vn 0 -0.2814671 0.9595709
vn 0 -0.2814671 0.9595709
vn 0 -0.2814671 0.9595709
vn 0 -0.105678 0.9944004
vn 0 -0.105678 0.9944004
vn 0 -0.105678 0.9944004
vn 0 -0.105678 0.9944004
vn 0 0 1
vn 0 0 1
vn 0 0 1
vn 0 0 1
vn 0 0 1
vn 0 0.1056783 0.9944004
vn 0 0.1056783 0.9944004
vn 0 0.1056783 0.9944004
vn 0 0.1056783 0.9944004
vn 0 0.2814659 0.9595712
vn 0 0.2814659 0.9595712
vn 0 0.2814659 0.9595712
vn 0 0.2814659 0.9595712
vn -1.736471E-07 0.857622 0.5142807
vn -1.736471E-07 0.857622 0.5142807
vn -1.736471E-07 0.857622 0.5142807
vn -1.736471E-07 0.857622 0.5142807
vn 0 0.470957 -0.8821561
vn 0 0.470957 -0.8821561
vn 0 0.470957 -0.8821561
vn 0 0.470957 -0.8821561
vn 0 0.1765464 -0.9842924
vn 0 0.1765464 -0.9842924
vn 0 0.1765464 -0.9842924
vn 0 0.1765464 -0.9842924
vn 0 0.003013437 -0.9999955
vn 0 0.003013437 -0.9999955
vn 0 0.003013437 -0.9999955
vn 0 0.003013437 -0.9999955
vn 1 0 -6.515887E-06
vn 1 0 -6.515887E-06
vn 1 0 -6.515887E-06
vn 1 0 -6.515887E-06
vn 1 0 -6.515887E-06
vn 1 0 -6.515887E-06
vn 1 0 -6.515887E-06
vn 1 0 -6.515887E-06
vn 1 0 -6.515887E-06
vn 1 0 -6.515887E-06
vn 1 0 -6.515887E-06
vn 1 0 -6.515887E-06
vn 1 0 -6.515887E-06
vn 0 -0.04985293 -0.9987566
vn 0 -0.04985293 -0.9987566
vn 0 -0.04985293 -0.9987566
vn 0 -0.04985293 -0.9987566
vn 0 -0.1765463 -0.9842924
vn 0 -0.1765463 -0.9842924
vn 0 -0.1765463 -0.9842924
vn 0 -0.1765463 -0.9842924
vn 0 -0.4709713 -0.8821486
vn 0 -0.4709713 -0.8821486
vn 0 -0.4709713 -0.8821486
vn 0 -0.4709713 -0.8821486
vn 0 -0.8576236 0.5142779
vn 0 -0.8576236 0.5142779
vn 0 -0.8576236 0.5142779
vn 0 -0.8576236 0.5142779
vn 0 -0.281459 0.9595733
vn 0 -0.281459 0.9595733
vn 0 -0.281459 0.9595733
vn 0 -0.281459 0.9595733
vn 0 -0.105678 0.9944004
vn 0 -0.105678 0.9944004
vn 0 -0.105678 0.9944004
vn 0 -0.105678 0.9944004
vn 0 0 1
vn 0 0 1
vn 0 0 1
vn 0 0 1
vn 0 0 1
vn 0 0.1056783 0.9944004
vn 0 0.1056783 0.9944004
vn 0 0.1056783 0.9944004
vn 0 0.1056783 0.9944004
vn 0 0.2814578 0.9595736
vn 0 0.2814578 0.9595736
vn 0 0.2814578 0.9595736
vn 0 0.2814578 0.9595736
vn -1.736471E-07 0.857622 0.5142807
vn -1.736471E-07 0.857622 0.5142807
vn -1.736471E-07 0.857622 0.5142807
vn -1.736471E-07 0.857622 0.5142807
vn 0 0.4709671 -0.8821508
vn 0 0.4709671 -0.8821508
vn 0 0.4709671 -0.8821508
vn 0 0.4709671 -0.8821508
vn 0 0.1765464 -0.9842924
vn 0 0.1765464 -0.9842924
vn 0 0.1765464 -0.9842924
vn 0 0.1765464 -0.9842924
vn 0 0.003013437 -0.9999955
vn 0 0.003013437 -0.9999955
vn 0 0.003013437 -0.9999955
vn 0 0.003013437 -0.9999955
vn 1 0 -6.515887E-06
vn 1 0 -6.515887E-06
vn 1 0 -6.515887E-06
vn 1 0 -6.515887E-06
vn 1 0 -6.515887E-06
vn 1 0 -6.515887E-06
vn 1 0 -6.515887E-06
vn 1 0 -6.515887E-06
vn 1 0 -6.515887E-06
vn 1 0 -6.515887E-06
vn 1 0 -6.515887E-06
vn 1 0 -6.515887E-06
vn 1 0 -6.515887E-06
vn 0 -0.04985827 -0.9987563
vn 0 -0.04985827 -0.9987563
vn 0 -0.04985827 -0.9987563
vn 0 -0.04985827 -0.9987563
vn 0 -0.1765397 -0.9842935
vn 0 -0.1765397 -0.9842935
vn 0 -0.1765397 -0.9842935
vn 0 -0.1765397 -0.9842935
vn 0 -0.4709713 -0.8821486
vn 0 -0.4709713 -0.8821486
vn 0 -0.4709713 -0.8821486
vn 0 -0.4709713 -0.8821486
vn 0 -0.8576236 0.5142779
vn 0 -0.8576236 0.5142779
vn 0 -0.8576236 0.5142779
vn 0 -0.8576236 0.5142779
vn 0 -0.281459 0.9595733
vn 0 -0.281459 0.9595733
vn 0 -0.281459 0.9595733
vn 0 -0.281459 0.9595733
vn 0 -0.1056838 0.9943998
vn 0 -0.1056838 0.9943998
vn 0 -0.1056838 0.9943998
vn 0 -0.1056838 0.9943998
vn 0 0 1
vn 0 0 1
vn 0 0 1
vn 0 0 1
vn 0 0 1
vn 0 0.1056841 0.9943997
vn 0 0.1056841 0.9943997
vn 0 0.1056841 0.9943997
vn 0 0.1056841 0.9943997
vn 0 0.2814578 0.9595736
vn 0 0.2814578 0.9595736
vn 0 0.2814578 0.9595736
vn 0 0.2814578 0.9595736
vn -1.736471E-07 0.857622 0.5142807
vn -1.736471E-07 0.857622 0.5142807
vn -1.736471E-07 0.857622 0.5142807
vn -1.736471E-07 0.857622 0.5142807
vn 0 0.4709671 -0.8821508
vn 0 0.4709671 -0.8821508
vn 0 0.4709671 -0.8821508
vn 0 0.4709671 -0.8821508
vn 0 0.1765398 -0.9842935
vn 0 0.1765398 -0.9842935
vn 0 0.1765398 -0.9842935
vn 0 0.1765398 -0.9842935
vn 0 0.003013761 -0.9999955
vn 0 0.003013761 -0.9999955
vn 0 0.003013761 -0.9999955
vn 0 0.003013761 -0.9999955
vn 1 0 -6.515887E-06
vn 1 0 -6.515887E-06
vn 1 0 -6.515887E-06
vn 1 0 -6.515887E-06
vn 1 0 -6.515887E-06
vn 1 0 -6.515887E-06
vn 1 0 -6.515887E-06
vn 1 0 -6.515887E-06
vn 1 0 -6.515887E-06
vn 1 0 -6.515887E-06
vn 1 0 -6.515887E-06
vn 1 0 -6.515887E-06
vn 1 0 -6.515887E-06
vn 0 -0.04985293 -0.9987566
vn 0 -0.04985293 -0.9987566
vn 0 -0.04985293 -0.9987566
vn 0 -0.04985293 -0.9987566
vn 0 -0.1765397 -0.9842935
vn 0 -0.1765397 -0.9842935
vn 0 -0.1765397 -0.9842935
vn 0 -0.1765397 -0.9842935
vn 0 -0.4709713 -0.8821486
vn 0 -0.4709713 -0.8821486
vn 0 -0.4709713 -0.8821486
vn 0 -0.4709713 -0.8821486
vn 0 -0.8576236 0.5142779
vn 0 -0.8576236 0.5142779
vn 0 -0.8576236 0.5142779
vn 0 -0.8576236 0.5142779
vn 0 -0.2814671 0.9595709
vn 0 -0.2814671 0.9595709
vn 0 -0.2814671 0.9595709
vn 0 -0.2814671 0.9595709
vn 0 -0.105678 0.9944004
vn 0 -0.105678 0.9944004
vn 0 -0.105678 0.9944004
vn 0 -0.105678 0.9944004
vn 0 0 1
vn 0 0 1
vn 0 0 1
vn 0 0 1
vn 0 0 1
vn 0 0.1056783 0.9944004
vn 0 0.1056783 0.9944004
vn 0 0.1056783 0.9944004
vn 0 0.1056783 0.9944004
vn 0 0.2814659 0.9595712
vn 0 0.2814659 0.9595712
vn 0 0.2814659 0.9595712
vn 0 0.2814659 0.9595712
vn -1.736471E-07 0.857622 0.5142807
vn -1.736471E-07 0.857622 0.5142807
vn -1.736471E-07 0.857622 0.5142807
vn -1.736471E-07 0.857622 0.5142807
vn 0 0.4709671 -0.8821508
vn 0 0.4709671 -0.8821508
vn 0 0.4709671 -0.8821508
vn 0 0.4709671 -0.8821508
vn 0 0.1765398 -0.9842935
vn 0 0.1765398 -0.9842935
vn 0 0.1765398 -0.9842935
vn 0 0.1765398 -0.9842935
vn 0 0.003013437 -0.9999955
vn 0 0.003013437 -0.9999955
vn 0 0.003013437 -0.9999955
vn 0 0.003013437 -0.9999955
vn 1 0 -6.515887E-06
vn 1 0 -6.515887E-06
vn 1 0 -6.515887E-06
vn 1 0 -6.515887E-06
vn 1 0 -6.515887E-06
vn 1 0 -6.515887E-06
vn 1 0 -6.515887E-06
vn 1 0 -6.515887E-06
vn 1 0 -6.515887E-06
vn 1 0 -6.515887E-06
vn 1 0 -6.515887E-06
vn 1 0 -6.515887E-06
vn 1 0 -6.515887E-06
vn 1.602669E-07 -0.04984758 -0.9987568
vn 1.602669E-07 -0.04984758 -0.9987568
vn 1.602669E-07 -0.04984758 -0.9987568
vn 1.602669E-07 -0.04984758 -0.9987568
vn 1.639051E-07 -0.1765596 -0.9842899
vn 1.639051E-07 -0.1765596 -0.9842899
vn 1.639051E-07 -0.1765596 -0.9842899
vn 1.639051E-07 -0.1765596 -0.9842899
vn 0 -0.4709713 -0.8821486
vn 0 -0.4709713 -0.8821486
vn 0 -0.4709713 -0.8821486
vn 0 -0.4709713 -0.8821486
vn 0 -0.8576118 0.5142975
vn 0 -0.8576118 0.5142975
vn 0 -0.8576118 0.5142975
vn 0 -0.8576118 0.5142975
vn 0 -0.2814833 0.9595662
vn 0 -0.2814833 0.9595662
vn 0 -0.2814833 0.9595662
vn 0 -0.2814833 0.9595662
vn 0 -0.1056664 0.9944016
vn 0 -0.1056664 0.9944016
vn 0 -0.1056664 0.9944016
vn 0 -0.1056664 0.9944016
vn -1.580726E-07 0 1
vn -1.580726E-07 0 1
vn -1.580726E-07 0 1
vn -1.580726E-07 0 1
vn -1.580726E-07 0 1
vn 0 0.1056668 0.9944016
vn 0 0.1056668 0.9944016
vn 0 0.1056668 0.9944016
vn 0 0.1056668 0.9944016
vn 0 0.2814821 0.9595665
vn 0 0.2814821 0.9595665
vn 0 0.2814821 0.9595665
vn 0 0.2814821 0.9595665
vn -1.736537E-07 0.8576101 0.5143003
vn -1.736537E-07 0.8576101 0.5143003
vn -1.736537E-07 0.8576101 0.5143003
vn -1.736537E-07 0.8576101 0.5143003
vn 0 0.4709671 -0.8821508
vn 0 0.4709671 -0.8821508
vn 0 0.4709671 -0.8821508
vn 0 0.4709671 -0.8821508
vn 1.338001E-07 0.1765597 -0.9842899
vn 1.338001E-07 0.1765597 -0.9842899
vn 1.338001E-07 0.1765597 -0.9842899
vn 1.338001E-07 0.1765597 -0.9842899
vn 1.575319E-07 0.003013114 -0.9999955
vn 1.575319E-07 0.003013114 -0.9999955
vn 1.575319E-07 0.003013114 -0.9999955
vn 1.575319E-07 0.003013114 -0.9999955
vn 1 0 -6.515886E-06
vn 1 0 -6.515886E-06
vn 1 0 -6.515886E-06
vn 1 0 -6.515886E-06
vn 1 0 -6.515886E-06
vn 1 0 -6.515886E-06
vn 1 0 -6.515886E-06
vn 1 0 -6.515886E-06
vn 1 0 -6.515886E-06
vn 1 0 -6.515886E-06
vn 1 0 -6.515886E-06
vn 1 0 -6.515886E-06
vn 1 0 -6.515886E-06
vn 0 -0.04985293 -0.9987566
vn 0 -0.04985293 -0.9987566
vn 0 -0.04985293 -0.9987566
vn 0 -0.04985293 -0.9987566
vn 0 -0.176553 -0.9842911
vn 0 -0.176553 -0.9842911
vn 0 -0.176553 -0.9842911
vn 0 -0.176553 -0.9842911
vn 0 -0.4709713 -0.8821486
vn 0 -0.4709713 -0.8821486
vn 0 -0.4709713 -0.8821486
vn 0 -0.4709713 -0.8821486
vn 0 -0.8576118 0.5142975
vn 0 -0.8576118 0.5142975
vn 0 -0.8576118 0.5142975
vn 0 -0.8576118 0.5142975
vn 0 -0.2814833 0.9595662
vn 0 -0.2814833 0.9595662
vn 0 -0.2814833 0.9595662
vn 0 -0.2814833 0.9595662
vn 0 -0.1056664 0.9944016
vn 0 -0.1056664 0.9944016
vn 0 -0.1056664 0.9944016
vn 0 -0.1056664 0.9944016
vn 0 0 1
vn 0 0 1
vn 0 0 1
vn 0 0 1
vn 0 0 1
vn 0 0.1056668 0.9944016
vn 0 0.1056668 0.9944016
vn 0 0.1056668 0.9944016
vn 0 0.1056668 0.9944016
vn 0 0.2814821 0.9595665
vn 0 0.2814821 0.9595665
vn 0 0.2814821 0.9595665
vn 0 0.2814821 0.9595665
vn -1.736537E-07 0.8576101 0.5143003
vn -1.736537E-07 0.8576101 0.5143003
vn -1.736537E-07 0.8576101 0.5143003
vn -1.736537E-07 0.8576101 0.5143003
vn 0 0.4709671 -0.8821508
vn 0 0.4709671 -0.8821508
vn 0 0.4709671 -0.8821508
vn 0 0.4709671 -0.8821508
vn 0 0.176553 -0.9842911
vn 0 0.176553 -0.9842911
vn 0 0.176553 -0.9842911
vn 0 0.176553 -0.9842911
vn 0 0.003013437 -0.9999955
vn 0 0.003013437 -0.9999955
vn 0 0.003013437 -0.9999955
vn 0 0.003013437 -0.9999955
vn 1 0 -6.515886E-06
vn 1 0 -6.515886E-06
vn 1 0 -6.515886E-06
vn 1 0 -6.515886E-06
vn 1 0 -6.515886E-06
vn 1 0 -6.515886E-06
vn 1 0 -6.515886E-06
vn 1 0 -6.515886E-06
vn 1 0 -6.515886E-06
vn 1 0 -6.515886E-06
vn 1 0 -6.515886E-06
vn 1 0 -6.515886E-06
vn 1 0 -6.515886E-06
vn 0 -0.04985293 -0.9987566
vn 0 -0.04985293 -0.9987566
vn 0 -0.04985293 -0.9987566
vn 0 -0.04985293 -0.9987566
vn 0 -0.1765596 -0.9842899
vn 0 -0.1765596 -0.9842899
vn 0 -0.1765596 -0.9842899
vn 0 -0.1765596 -0.9842899
vn 0 -0.4709612 -0.8821539
vn 0 -0.4709612 -0.8821539
vn 0 -0.4709612 -0.8821539
vn 0 -0.4709612 -0.8821539
vn 0 -0.8576177 0.5142877
vn 0 -0.8576177 0.5142877
vn 0 -0.8576177 0.5142877
vn 0 -0.8576177 0.5142877
vn 0 -0.2814752 0.9595684
vn 0 -0.2814752 0.9595684
vn 0 -0.2814752 0.9595684
vn 0 -0.2814752 0.9595684
vn 0 -0.1056722 0.994401
vn 0 -0.1056722 0.994401
vn 0 -0.1056722 0.994401
vn 0 -0.1056722 0.994401
vn 0 0 1
vn 0 0 1
vn 0 0 1
vn 0 0 1
vn 0 0 1
vn 0 0.1056725 0.9944009
vn 0 0.1056725 0.9944009
vn 0 0.1056725 0.9944009
vn 0 0.1056725 0.9944009
vn 0 0.281474 0.9595688
vn 0 0.281474 0.9595688
vn 0 0.281474 0.9595688
vn 0 0.281474 0.9595688
vn -1.736504E-07 0.857616 0.5142906
vn -1.736504E-07 0.857616 0.5142906
vn -1.736504E-07 0.857616 0.5142906
vn -1.736504E-07 0.857616 0.5142906
vn 0 0.470957 -0.8821561
vn 0 0.470957 -0.8821561
vn 0 0.470957 -0.8821561
vn 0 0.470957 -0.8821561
vn 0 0.1765597 -0.9842899
vn 0 0.1765597 -0.9842899
vn 0 0.1765597 -0.9842899
vn 0 0.1765597 -0.9842899
vn 0 0.003013437 -0.9999955
vn 0 0.003013437 -0.9999955
vn 0 0.003013437 -0.9999955
vn 0 0.003013437 -0.9999955
vn 1 0 -6.515886E-06
vn 1 0 -6.515886E-06
vn 1 0 -6.515886E-06
vn 1 0 -6.515886E-06
vn 1 0 -6.515886E-06
vn 1 0 -6.515886E-06
vn 1 0 -6.515886E-06
vn 1 0 -6.515886E-06
vn 1 0 -6.515886E-06
vn 1 0 -6.515886E-06
vn 1 0 -6.515886E-06
vn 1 0 -6.515886E-06
vn 1 0 -6.515886E-06
vn 0 -0.04985293 -0.9987566
vn 0 -0.04985293 -0.9987566
vn 0 -0.04985293 -0.9987566
vn 0 -0.04985293 -0.9987566
vn 0 -0.176553 -0.9842911
vn 0 -0.176553 -0.9842911
vn 0 -0.176553 -0.9842911
vn 0 -0.176553 -0.9842911
vn 0 -0.4709713 -0.8821486
vn 0 -0.4709713 -0.8821486
vn 0 -0.4709713 -0.8821486
vn 0 -0.4709713 -0.8821486
vn 0 -0.8576118 0.5142975
vn 0 -0.8576118 0.5142975
vn 0 -0.8576118 0.5142975
vn 0 -0.8576118 0.5142975
vn 0 -0.2814752 0.9595684
vn 0 -0.2814752 0.9595684
vn 0 -0.2814752 0.9595684
vn 0 -0.2814752 0.9595684
vn 0 -0.1056722 0.994401
vn 0 -0.1056722 0.994401
vn 0 -0.1056722 0.994401
vn 0 -0.1056722 0.994401
vn 0 0 1
vn 0 0 1
vn 0 0 1
vn 0 0 1
vn 0 0 1
vn 0 0.1056725 0.9944009
vn 0 0.1056725 0.9944009
vn 0 0.1056725 0.9944009
vn 0 0.1056725 0.9944009
vn 0 0.281474 0.9595688
vn 0 0.281474 0.9595688
vn 0 0.281474 0.9595688
vn 0 0.281474 0.9595688
vn -1.736537E-07 0.8576101 0.5143003
vn -1.736537E-07 0.8576101 0.5143003
vn -1.736537E-07 0.8576101 0.5143003
vn -1.736537E-07 0.8576101 0.5143003
vn 0 0.4709671 -0.8821508
vn 0 0.4709671 -0.8821508
vn 0 0.4709671 -0.8821508
vn 0 0.4709671 -0.8821508
vn 0 0.176553 -0.9842911
vn 0 0.176553 -0.9842911
vn 0 0.176553 -0.9842911
vn 0 0.176553 -0.9842911
vn 0 0.003013437 -0.9999955
vn 0 0.003013437 -0.9999955
vn 0 0.003013437 -0.9999955
vn 0 0.003013437 -0.9999955
vn 1 0 -6.515886E-06
vn 1 0 -6.515886E-06
vn 1 0 -6.515886E-06
vn 1 0 -6.515886E-06
vn 1 0 -6.515886E-06
vn 1 0 -6.515886E-06
vn 1 0 -6.515886E-06
vn 1 0 -6.515886E-06
vn 1 0 -6.515886E-06
vn 1 0 -6.515886E-06
vn 1 0 -6.515886E-06
vn 1 0 -6.515886E-06
vn 1 0 -6.515886E-06
vn 0 -0.04985293 -0.9987566
vn 0 -0.04985293 -0.9987566
vn 0 -0.04985293 -0.9987566
vn 0 -0.04985293 -0.9987566
vn 0 -0.176553 -0.9842911
vn 0 -0.176553 -0.9842911
vn 0 -0.176553 -0.9842911
vn 0 -0.176553 -0.9842911
vn 0 -0.4709713 -0.8821486
vn 0 -0.4709713 -0.8821486
vn 0 -0.4709713 -0.8821486
vn 0 -0.4709713 -0.8821486
vn 0 -0.8576118 0.5142975
vn 0 -0.8576118 0.5142975
vn 0 -0.8576118 0.5142975
vn 0 -0.8576118 0.5142975
vn 0 -0.2814752 0.9595684
vn 0 -0.2814752 0.9595684
vn 0 -0.2814752 0.9595684
vn 0 -0.2814752 0.9595684
vn 0 -0.1056722 0.994401
vn 0 -0.1056722 0.994401
vn 0 -0.1056722 0.994401
vn 0 -0.1056722 0.994401
vn 0 0 1
vn 0 0 1
vn 0 0 1
vn 0 0 1
vn 0 0 1
vn 0 0.1056725 0.9944009
vn 0 0.1056725 0.9944009
vn 0 0.1056725 0.9944009
vn 0 0.1056725 0.9944009
vn 0 0.281474 0.9595688
vn 0 0.281474 0.9595688
vn 0 0.281474 0.9595688
vn 0 0.281474 0.9595688
vn -1.736537E-07 0.8576101 0.5143003
vn -1.736537E-07 0.8576101 0.5143003
vn -1.736537E-07 0.8576101 0.5143003
vn -1.736537E-07 0.8576101 0.5143003
vn 0 0.4709671 -0.8821508
vn 0 0.4709671 -0.8821508
vn 0 0.4709671 -0.8821508
vn 0 0.4709671 -0.8821508
vn 0 0.176553 -0.9842911
vn 0 0.176553 -0.9842911
vn 0 0.176553 -0.9842911
vn 0 0.176553 -0.9842911
vn 0 0.003013437 -0.9999955
vn 0 0.003013437 -0.9999955
vn 0 0.003013437 -0.9999955
vn 0 0.003013437 -0.9999955
vn 1 0 -6.515886E-06
vn 1 0 -6.515886E-06
vn 1 0 -6.515886E-06
vn 1 0 -6.515886E-06
vn 1 0 -6.515886E-06
vn 1 0 -6.515886E-06
vn 1 0 -6.515886E-06
vn 1 0 -6.515886E-06
vn 1 0 -6.515886E-06
vn 1 0 -6.515886E-06
vn 1 0 -6.515886E-06
vn 1 0 -6.515886E-06
vn 1 0 -6.515886E-06
vn 0 -0.04985293 -0.9987566
vn 0 -0.04985293 -0.9987566
vn 0 -0.04985293 -0.9987566
vn 0 -0.04985293 -0.9987566
vn 0 -0.176553 -0.9842911
vn 0 -0.176553 -0.9842911
vn 0 -0.176553 -0.9842911
vn 0 -0.176553 -0.9842911
vn 0 -0.4709713 -0.8821486
vn 0 -0.4709713 -0.8821486
vn 0 -0.4709713 -0.8821486
vn 0 -0.4709713 -0.8821486
vn 0 -0.8576118 0.5142975
vn 0 -0.8576118 0.5142975
vn 0 -0.8576118 0.5142975
vn 0 -0.8576118 0.5142975
vn 0 -0.2814833 0.9595662
vn 0 -0.2814833 0.9595662
vn 0 -0.2814833 0.9595662
vn 0 -0.2814833 0.9595662
vn 0 -0.1056664 0.9944016
vn 0 -0.1056664 0.9944016
vn 0 -0.1056664 0.9944016
vn 0 -0.1056664 0.9944016
vn 0 0 1
vn 0 0 1
vn 0 0 1
vn 0 0 1
vn 0 0 1
vn 0 0.1056668 0.9944016
vn 0 0.1056668 0.9944016
vn 0 0.1056668 0.9944016
vn 0 0.1056668 0.9944016
vn 0 0.2814821 0.9595665
vn 0 0.2814821 0.9595665
vn 0 0.2814821 0.9595665
vn 0 0.2814821 0.9595665
vn -1.736537E-07 0.8576101 0.5143003
vn -1.736537E-07 0.8576101 0.5143003
vn -1.736537E-07 0.8576101 0.5143003
vn -1.736537E-07 0.8576101 0.5143003
vn 0 0.4709671 -0.8821508
vn 0 0.4709671 -0.8821508
vn 0 0.4709671 -0.8821508
vn 0 0.4709671 -0.8821508
vn 0 0.176553 -0.9842911
vn 0 0.176553 -0.9842911
vn 0 0.176553 -0.9842911
vn 0 0.176553 -0.9842911
vn 0 0.003013437 -0.9999955
vn 0 0.003013437 -0.9999955
vn 0 0.003013437 -0.9999955
vn 0 0.003013437 -0.9999955
vn 1 0 -6.515886E-06
vn 1 0 -6.515886E-06
vn 1 0 -6.515886E-06
vn 1 0 -6.515886E-06
vn 1 0 -6.515886E-06
vn 1 0 -6.515886E-06
vn 1 0 -6.515886E-06
vn 1 0 -6.515886E-06
vn 1 0 -6.515886E-06
vn 1 0 -6.515886E-06
vn 1 0 -6.515886E-06
vn 1 0 -6.515886E-06
vn 1 0 -6.515886E-06
vn 0 -0.04985293 -0.9987566
vn 0 -0.04985293 -0.9987566
vn 0 -0.04985293 -0.9987566
vn 0 -0.04985293 -0.9987566
vn 0 -0.1765596 -0.9842899
vn 0 -0.1765596 -0.9842899
vn 0 -0.1765596 -0.9842899
vn 0 -0.1765596 -0.9842899
vn 0 -0.4709612 -0.8821539
vn 0 -0.4709612 -0.8821539
vn 0 -0.4709612 -0.8821539
vn 0 -0.4709612 -0.8821539
vn 0 -0.8576177 0.5142877
vn 0 -0.8576177 0.5142877
vn 0 -0.8576177 0.5142877
vn 0 -0.8576177 0.5142877
vn 0 -0.2814752 0.9595684
vn 0 -0.2814752 0.9595684
vn 0 -0.2814752 0.9595684
vn 0 -0.2814752 0.9595684
vn 0 -0.1056722 0.994401
vn 0 -0.1056722 0.994401
vn 0 -0.1056722 0.994401
vn 0 -0.1056722 0.994401
vn 0 0 1
vn 0 0 1
vn 0 0 1
vn 0 0 1
vn 0 0 1
vn 0 0.1056725 0.9944009
vn 0 0.1056725 0.9944009
vn 0 0.1056725 0.9944009
vn 0 0.1056725 0.9944009
vn 0 0.281474 0.9595688
vn 0 0.281474 0.9595688
vn 0 0.281474 0.9595688
vn 0 0.281474 0.9595688
vn -1.736504E-07 0.857616 0.5142906
vn -1.736504E-07 0.857616 0.5142906
vn -1.736504E-07 0.857616 0.5142906
vn -1.736504E-07 0.857616 0.5142906
vn 0 0.470957 -0.8821561
vn 0 0.470957 -0.8821561
vn 0 0.470957 -0.8821561
vn 0 0.470957 -0.8821561
vn 0 0.1765597 -0.9842899
vn 0 0.1765597 -0.9842899
vn 0 0.1765597 -0.9842899
vn 0 0.1765597 -0.9842899
vn 0 0.003013437 -0.9999955
vn 0 0.003013437 -0.9999955
vn 0 0.003013437 -0.9999955
vn 0 0.003013437 -0.9999955
vn 1 0 -6.515886E-06
vn 1 0 -6.515886E-06
vn 1 0 -6.515886E-06
vn 1 0 -6.515886E-06
vn 1 0 -6.515886E-06
vn 1 0 -6.515886E-06
vn 1 0 -6.515886E-06
vn 1 0 -6.515886E-06
vn 1 0 -6.515886E-06
vn 1 0 -6.515886E-06
vn 1 0 -6.515886E-06
vn 1 0 -6.515886E-06
vn 1 0 -6.515886E-06
vn 0 -0.04985293 -0.9987566
vn 0 -0.04985293 -0.9987566
vn 0 -0.04985293 -0.9987566
vn 0 -0.04985293 -0.9987566
vn 0 -0.176553 -0.9842911
vn 0 -0.176553 -0.9842911
vn 0 -0.176553 -0.9842911
vn 0 -0.176553 -0.9842911
vn 0 -0.4709612 -0.8821539
vn 0 -0.4709612 -0.8821539
vn 0 -0.4709612 -0.8821539
vn 0 -0.4709612 -0.8821539
vn 0 -0.8576177 0.5142877
vn 0 -0.8576177 0.5142877
vn 0 -0.8576177 0.5142877
vn 0 -0.8576177 0.5142877
vn 0 -0.2814752 0.9595684
vn 0 -0.2814752 0.9595684
vn 0 -0.2814752 0.9595684
vn 0 -0.2814752 0.9595684
vn 0 -0.1056722 0.994401
vn 0 -0.1056722 0.994401
vn 0 -0.1056722 0.994401
vn 0 -0.1056722 0.994401
vn -1.580726E-07 0 1
vn -1.580726E-07 0 1
vn -1.580726E-07 0 1
vn -1.580726E-07 0 1
vn -1.580726E-07 0 1
vn 0 0.1056725 0.9944009
vn 0 0.1056725 0.9944009
vn 0 0.1056725 0.9944009
vn 0 0.1056725 0.9944009
vn 0 0.281474 0.9595688
vn 0 0.281474 0.9595688
vn 0 0.281474 0.9595688
vn 0 0.281474 0.9595688
vn -1.736504E-07 0.857616 0.5142906
vn -1.736504E-07 0.857616 0.5142906
vn -1.736504E-07 0.857616 0.5142906
vn -1.736504E-07 0.857616 0.5142906
vn 0 0.470957 -0.8821561
vn 0 0.470957 -0.8821561
vn 0 0.470957 -0.8821561
vn 0 0.470957 -0.8821561
vn 0 0.176553 -0.9842911
vn 0 0.176553 -0.9842911
vn 0 0.176553 -0.9842911
vn 0 0.176553 -0.9842911
vn 0 0.003013437 -0.9999955
vn 0 0.003013437 -0.9999955
vn 0 0.003013437 -0.9999955
vn 0 0.003013437 -0.9999955
vn 1 0 -6.515886E-06
vn 1 0 -6.515886E-06
vn 1 0 -6.515886E-06
vn 1 0 -6.515886E-06
vn 1 0 -6.515886E-06
vn 1 0 -6.515886E-06
vn 1 0 -6.515886E-06
vn 1 0 -6.515886E-06
vn 1 0 -6.515886E-06
vn 1 0 -6.515886E-06
vn 1 0 -6.515886E-06
vn 1 0 -6.515886E-06
vn 1 0 -6.515886E-06
vn 0 -0.0498556 -0.9987564
vn 0 -0.0498556 -0.9987564
vn 0 -0.0498556 -0.9987564
vn 0 -0.0498556 -0.9987564
vn 0 -0.176553 -0.9842911
vn 0 -0.176553 -0.9842911
vn 0 -0.176553 -0.9842911
vn 0 -0.176553 -0.9842911
vn 0 -0.4709662 -0.8821512
vn 0 -0.4709662 -0.8821512
vn 0 -0.4709662 -0.8821512
vn 0 -0.4709662 -0.8821512
vn 0 -0.8576148 0.5142926
vn 0 -0.8576148 0.5142926
vn 0 -0.8576148 0.5142926
vn 0 -0.8576148 0.5142926
vn 0 -0.2814752 0.9595684
vn 0 -0.2814752 0.9595684
vn 0 -0.2814752 0.9595684
vn 0 -0.2814752 0.9595684
vn 0 -0.1056722 0.994401
vn 0 -0.1056722 0.994401
vn 0 -0.1056722 0.994401
vn 0 -0.1056722 0.994401
vn 0 0 1
vn 0 0 1
vn 0 0 1
vn 0 0 1
vn 0 0 1
vn 0 0.1056725 0.9944009
vn 0 0.1056725 0.9944009
vn 0 0.1056725 0.9944009
vn 0 0.1056725 0.9944009
vn 0 0.281474 0.9595688
vn 0 0.281474 0.9595688
vn 0 0.281474 0.9595688
vn 0 0.281474 0.9595688
vn -1.73652E-07 0.8576131 0.5142955
vn -1.73652E-07 0.8576131 0.5142955
vn -1.73652E-07 0.8576131 0.5142955
vn -1.73652E-07 0.8576131 0.5142955
vn 0 0.470962 -0.8821535
vn 0 0.470962 -0.8821535
vn 0 0.470962 -0.8821535
vn 0 0.470962 -0.8821535
vn 0 0.176553 -0.9842911
vn 0 0.176553 -0.9842911
vn 0 0.176553 -0.9842911
vn 0 0.176553 -0.9842911
vn 0 0.003013599 -0.9999955
vn 0 0.003013599 -0.9999955
vn 0 0.003013599 -0.9999955
vn 0 0.003013599 -0.9999955
vn 1 0 -6.515886E-06
vn 1 0 -6.515886E-06
vn 1 0 -6.515886E-06
vn 1 0 -6.515886E-06
vn 1 0 -6.515886E-06
vn 1 0 -6.515886E-06
vn 1 0 -6.515886E-06
vn 1 0 -6.515886E-06
vn 1 0 -6.515886E-06
vn 1 0 -6.515886E-06
vn 1 0 -6.515886E-06
vn 1 0 -6.515886E-06
vn 1 0 -6.515886E-06
vn 0 -0.04985293 -0.9987566
vn 0 -0.04985293 -0.9987566
vn 0 -0.04985293 -0.9987566
vn 0 -0.04985293 -0.9987566
vn 0 -0.176553 -0.9842911
vn 0 -0.176553 -0.9842911
vn 0 -0.176553 -0.9842911
vn 0 -0.176553 -0.9842911
vn 0 -0.4709662 -0.8821512
vn 0 -0.4709662 -0.8821512
vn 0 -0.4709662 -0.8821512
vn 0 -0.4709662 -0.8821512
vn 0 -0.8576148 0.5142926
vn 0 -0.8576148 0.5142926
vn 0 -0.8576148 0.5142926
vn 0 -0.8576148 0.5142926
vn 0 -0.2814792 0.9595672
vn 0 -0.2814792 0.9595672
vn 0 -0.2814792 0.9595672
vn 0 -0.2814792 0.9595672
vn 0 -0.1056693 0.9944013
vn 0 -0.1056693 0.9944013
vn 0 -0.1056693 0.9944013
vn 0 -0.1056693 0.9944013
vn 0 0 1
vn 0 0 1
vn 0 0 1
vn 0 0 1
vn 0 0 1
vn 0 0.1056696 0.9944013
vn 0 0.1056696 0.9944013
vn 0 0.1056696 0.9944013
vn 0 0.1056696 0.9944013
vn 0 0.2814781 0.9595677
vn 0 0.2814781 0.9595677
vn 0 0.2814781 0.9595677
vn 0 0.2814781 0.9595677
vn -1.73652E-07 0.8576131 0.5142955
vn -1.73652E-07 0.8576131 0.5142955
vn -1.73652E-07 0.8576131 0.5142955
vn -1.73652E-07 0.8576131 0.5142955
vn 0 0.470962 -0.8821535
vn 0 0.470962 -0.8821535
vn 0 0.470962 -0.8821535
vn 0 0.470962 -0.8821535
vn 0 0.176553 -0.9842911
vn 0 0.176553 -0.9842911
vn 0 0.176553 -0.9842911
vn 0 0.176553 -0.9842911
vn 0 0.003013437 -0.9999955
vn 0 0.003013437 -0.9999955
vn 0 0.003013437 -0.9999955
vn 0 0.003013437 -0.9999955
vn 1 0 -6.515886E-06
vn 1 0 -6.515886E-06
vn 1 0 -6.515886E-06
vn 1 0 -6.515886E-06
vn 1 0 -6.515886E-06
vn 1 0 -6.515886E-06
vn 1 0 -6.515886E-06
vn 1 0 -6.515886E-06
vn 1 0 -6.515886E-06
vn 1 0 -6.515886E-06
vn 1 0 -6.515886E-06
vn 1 0 -6.515886E-06
vn 1 0 -6.515886E-06
vn 0 -0.04985293 -0.9987566
vn 0 -0.04985293 -0.9987566
vn 0 -0.04985293 -0.9987566
vn 0 -0.04985293 -0.9987566
vn 0 -0.176553 -0.9842911
vn 0 -0.176553 -0.9842911
vn 0 -0.176553 -0.9842911
vn 0 -0.176553 -0.9842911
vn 0 -0.4709713 -0.8821486
vn 0 -0.4709713 -0.8821486
vn 0 -0.4709713 -0.8821486
vn 0 -0.4709713 -0.8821486
vn 0 -0.8576148 0.5142926
vn 0 -0.8576148 0.5142926
vn 0 -0.8576148 0.5142926
vn 0 -0.8576148 0.5142926
vn 0 -0.2814752 0.9595684
vn 0 -0.2814752 0.9595684
vn 0 -0.2814752 0.9595684
vn 0 -0.2814752 0.9595684
vn 0 -0.1056693 0.9944013
vn 0 -0.1056693 0.9944013
vn 0 -0.1056693 0.9944013
vn 0 -0.1056693 0.9944013
vn 0 0 1
vn 0 0 1
vn 0 0 1
vn 0 0 1
vn 0 0 1
vn 0 0.1056696 0.9944013
vn 0 0.1056696 0.9944013
vn 0 0.1056696 0.9944013
vn 0 0.1056696 0.9944013
vn 0 0.281474 0.9595688
vn 0 0.281474 0.9595688
vn 0 0.281474 0.9595688
vn 0 0.281474 0.9595688
vn -1.73652E-07 0.8576131 0.5142955
vn -1.73652E-07 0.8576131 0.5142955
vn -1.73652E-07 0.8576131 0.5142955
vn -1.73652E-07 0.8576131 0.5142955
vn 0 0.4709671 -0.8821508
vn 0 0.4709671 -0.8821508
vn 0 0.4709671 -0.8821508
vn 0 0.4709671 -0.8821508
vn 0 0.176553 -0.9842911
vn 0 0.176553 -0.9842911
vn 0 0.176553 -0.9842911
vn 0 0.176553 -0.9842911
vn 0 0.003013437 -0.9999955
vn 0 0.003013437 -0.9999955
vn 0 0.003013437 -0.9999955
vn 0 0.003013437 -0.9999955
vn 1 0 -6.515886E-06
vn 1 0 -6.515886E-06
vn 1 0 -6.515886E-06
vn 1 0 -6.515886E-06
vn 1 0 -6.515886E-06
vn 1 0 -6.515886E-06
vn 1 0 -6.515886E-06
vn 1 0 -6.515886E-06
vn 1 0 -6.515886E-06
vn 1 0 -6.515886E-06
vn 1 0 -6.515886E-06
vn 1 0 -6.515886E-06
vn 1 0 -6.515886E-06
vn 0 -0.0498556 -0.9987564
vn 0 -0.0498556 -0.9987564
vn 0 -0.0498556 -0.9987564
vn 0 -0.0498556 -0.9987564
vn 0 -0.176553 -0.9842911
vn 0 -0.176553 -0.9842911
vn 0 -0.176553 -0.9842911
vn 0 -0.176553 -0.9842911
vn 0 -0.4709662 -0.8821512
vn 0 -0.4709662 -0.8821512
vn 0 -0.4709662 -0.8821512
vn 0 -0.4709662 -0.8821512
vn 0 -0.8576148 0.5142926
vn 0 -0.8576148 0.5142926
vn 0 -0.8576148 0.5142926
vn 0 -0.8576148 0.5142926
vn 0 -0.2814752 0.9595684
vn 0 -0.2814752 0.9595684
vn 0 -0.2814752 0.9595684
vn 0 -0.2814752 0.9595684
vn 0 -0.1056722 0.994401
vn 0 -0.1056722 0.994401
vn 0 -0.1056722 0.994401
vn 0 -0.1056722 0.994401
vn 0 0 1
vn 0 0 1
vn 0 0 1
vn 0 0 1
vn 0 0 1
vn 0 0.1056725 0.9944009
vn 0 0.1056725 0.9944009
vn 0 0.1056725 0.9944009
vn 0 0.1056725 0.9944009
vn 0 0.281474 0.9595688
vn 0 0.281474 0.9595688
vn 0 0.281474 0.9595688
vn 0 0.281474 0.9595688
vn -1.73652E-07 0.8576131 0.5142955
vn -1.73652E-07 0.8576131 0.5142955
vn -1.73652E-07 0.8576131 0.5142955
vn -1.73652E-07 0.8576131 0.5142955
vn 0 0.470962 -0.8821535
vn 0 0.470962 -0.8821535
vn 0 0.470962 -0.8821535
vn 0 0.470962 -0.8821535
vn 0 0.176553 -0.9842911
vn 0 0.176553 -0.9842911
vn 0 0.176553 -0.9842911
vn 0 0.176553 -0.9842911
vn 0 0.003013599 -0.9999955
vn 0 0.003013599 -0.9999955
vn 0 0.003013599 -0.9999955
vn 0 0.003013599 -0.9999955
vn 1 0 -6.515886E-06
vn 1 0 -6.515886E-06
vn 1 0 -6.515886E-06
vn 1 0 -6.515886E-06
vn 1 0 -6.515886E-06
vn 1 0 -6.515886E-06
vn 1 0 -6.515886E-06
vn 1 0 -6.515886E-06
vn 1 0 -6.515886E-06
vn 1 0 -6.515886E-06
vn 1 0 -6.515886E-06
vn 1 0 -6.515886E-06
vn 1 0 -6.515886E-06
vn 0 -0.04985293 -0.9987566
vn 0 -0.04985293 -0.9987566
vn 0 -0.04985293 -0.9987566
vn 0 -0.04985293 -0.9987566
vn 0 -0.176553 -0.9842911
vn 0 -0.176553 -0.9842911
vn 0 -0.176553 -0.9842911
vn 0 -0.176553 -0.9842911
vn 0 -0.4709662 -0.8821512
vn 0 -0.4709662 -0.8821512
vn 0 -0.4709662 -0.8821512
vn 0 -0.4709662 -0.8821512
vn 0 -0.8576148 0.5142926
vn 0 -0.8576148 0.5142926
vn 0 -0.8576148 0.5142926
vn 0 -0.8576148 0.5142926
vn 0 -0.2814792 0.9595672
vn 0 -0.2814792 0.9595672
vn 0 -0.2814792 0.9595672
vn 0 -0.2814792 0.9595672
vn 0 -0.1056693 0.9944013
vn 0 -0.1056693 0.9944013
vn 0 -0.1056693 0.9944013
vn 0 -0.1056693 0.9944013
vn 0 0 1
vn 0 0 1
vn 0 0 1
vn 0 0 1
vn 0 0 1
vn 0 0.1056696 0.9944013
vn 0 0.1056696 0.9944013
vn 0 0.1056696 0.9944013
vn 0 0.1056696 0.9944013
vn 0 0.2814781 0.9595677
vn 0 0.2814781 0.9595677
vn 0 0.2814781 0.9595677
vn 0 0.2814781 0.9595677
vn -1.73652E-07 0.8576131 0.5142955
vn -1.73652E-07 0.8576131 0.5142955
vn -1.73652E-07 0.8576131 0.5142955
vn -1.73652E-07 0.8576131 0.5142955
vn 0 0.470962 -0.8821535
vn 0 0.470962 -0.8821535
vn 0 0.470962 -0.8821535
vn 0 0.470962 -0.8821535
vn 0 0.176553 -0.9842911
vn 0 0.176553 -0.9842911
vn 0 0.176553 -0.9842911
vn 0 0.176553 -0.9842911
vn 0 0.003013437 -0.9999955
vn 0 0.003013437 -0.9999955
vn 0 0.003013437 -0.9999955
vn 0 0.003013437 -0.9999955
vn 1 0 -6.515886E-06
vn 1 0 -6.515886E-06
vn 1 0 -6.515886E-06
vn 1 0 -6.515886E-06
vn 1 0 -6.515886E-06
vn 1 0 -6.515886E-06
vn 1 0 -6.515886E-06
vn 1 0 -6.515886E-06
vn 1 0 -6.515886E-06
vn 1 0 -6.515886E-06
vn 1 0 -6.515886E-06
vn 1 0 -6.515886E-06
vn 1 0 -6.515886E-06
vn 0 -0.04985293 -0.9987566
vn 0 -0.04985293 -0.9987566
vn 0 -0.04985293 -0.9987566
vn 0 -0.04985293 -0.9987566
vn 0 -0.1765563 -0.9842905
vn 0 -0.1765563 -0.9842905
vn 0 -0.1765563 -0.9842905
vn 0 -0.1765563 -0.9842905
vn 0 -0.4709662 -0.8821512
vn 0 -0.4709662 -0.8821512
vn 0 -0.4709662 -0.8821512
vn 0 -0.4709662 -0.8821512
vn 0 -0.8576148 0.5142926
vn 0 -0.8576148 0.5142926
vn 0 -0.8576148 0.5142926
vn 0 -0.8576148 0.5142926
vn 0 -0.2814752 0.9595684
vn 0 -0.2814752 0.9595684
vn 0 -0.2814752 0.9595684
vn 0 -0.2814752 0.9595684
vn 0 -0.1056722 0.994401
vn 0 -0.1056722 0.994401
vn 0 -0.1056722 0.994401
vn 0 -0.1056722 0.994401
vn 0 0 1
vn 0 0 1
vn 0 0 1
vn 0 0 1
vn 0 0 1
vn 0 0.1056725 0.9944009
vn 0 0.1056725 0.9944009
vn 0 0.1056725 0.9944009
vn 0 0.1056725 0.9944009
vn 0 0.281474 0.9595688
vn 0 0.281474 0.9595688
vn 0 0.281474 0.9595688
vn 0 0.281474 0.9595688
vn -1.73652E-07 0.8576131 0.5142955
vn -1.73652E-07 0.8576131 0.5142955
vn -1.73652E-07 0.8576131 0.5142955
vn -1.73652E-07 0.8576131 0.5142955
vn 0 0.470962 -0.8821535
vn 0 0.470962 -0.8821535
vn 0 0.470962 -0.8821535
vn 0 0.470962 -0.8821535
vn 0 0.1765563 -0.9842905
vn 0 0.1765563 -0.9842905
vn 0 0.1765563 -0.9842905
vn 0 0.1765563 -0.9842905
vn 0 0.003013437 -0.9999955
vn 0 0.003013437 -0.9999955
vn 0 0.003013437 -0.9999955
vn 0 0.003013437 -0.9999955
vn 1 0 -6.515886E-06
vn 1 0 -6.515886E-06
vn 1 0 -6.515886E-06
vn 1 0 -6.515886E-06
vn 1 0 -6.515886E-06
vn 1 0 -6.515886E-06
vn 1 0 -6.515886E-06
vn 1 0 -6.515886E-06
vn 1 0 -6.515886E-06
vn 1 0 -6.515886E-06
vn 1 0 -6.515886E-06
vn 1 0 -6.515886E-06
vn 1 0 -6.515886E-06
vn 0 -0.04985293 -0.9987566
vn 0 -0.04985293 -0.9987566
vn 0 -0.04985293 -0.9987566
vn 0 -0.04985293 -0.9987566
vn 0 -0.176553 -0.9842911
vn 0 -0.176553 -0.9842911
vn 0 -0.176553 -0.9842911
vn 0 -0.176553 -0.9842911
vn 0 -0.4709662 -0.8821512
vn 0 -0.4709662 -0.8821512
vn 0 -0.4709662 -0.8821512
vn 0 -0.4709662 -0.8821512
vn 0 -0.8576148 0.5142926
vn 0 -0.8576148 0.5142926
vn 0 -0.8576148 0.5142926
vn 0 -0.8576148 0.5142926
vn 0 -0.2814752 0.9595684
vn 0 -0.2814752 0.9595684
vn 0 -0.2814752 0.9595684
vn 0 -0.2814752 0.9595684
vn 0 -0.1056722 0.994401
vn 0 -0.1056722 0.994401
vn 0 -0.1056722 0.994401
vn 0 -0.1056722 0.994401
vn 0 0 1
vn 0 0 1
vn 0 0 1
vn 0 0 1
vn 0 0 1
vn 0 0.1056725 0.9944009
vn 0 0.1056725 0.9944009
vn 0 0.1056725 0.9944009
vn 0 0.1056725 0.9944009
vn 0 0.281474 0.9595688
vn 0 0.281474 0.9595688
vn 0 0.281474 0.9595688
vn 0 0.281474 0.9595688
vn -1.73652E-07 0.8576131 0.5142955
vn -1.73652E-07 0.8576131 0.5142955
vn -1.73652E-07 0.8576131 0.5142955
vn -1.73652E-07 0.8576131 0.5142955
vn 0 0.470962 -0.8821535
vn 0 0.470962 -0.8821535
vn 0 0.470962 -0.8821535
vn 0 0.470962 -0.8821535
vn 0 0.176553 -0.9842911
vn 0 0.176553 -0.9842911
vn 0 0.176553 -0.9842911
vn 0 0.176553 -0.9842911
vn 0 0.003013437 -0.9999955
vn 0 0.003013437 -0.9999955
vn 0 0.003013437 -0.9999955
vn 0 0.003013437 -0.9999955
vn 1 0 -6.515886E-06
vn 1 0 -6.515886E-06
vn 1 0 -6.515886E-06
vn 1 0 -6.515886E-06
vn 1 0 -6.515886E-06
vn 1 0 -6.515886E-06
vn 1 0 -6.515886E-06
vn 1 0 -6.515886E-06
vn 1 0 -6.515886E-06
vn 1 0 -6.515886E-06
vn 1 0 -6.515886E-06
vn 1 0 -6.515886E-06
vn 1 0 -6.515886E-06
vn 0 -0.04985293 -0.9987566
vn 0 -0.04985293 -0.9987566
vn 0 -0.04985293 -0.9987566
vn 0 -0.04985293 -0.9987566
vn 0 -0.176553 -0.9842911
vn 0 -0.176553 -0.9842911
vn 0 -0.176553 -0.9842911
vn 0 -0.176553 -0.9842911
vn 0 -0.4709687 -0.8821499
vn 0 -0.4709687 -0.8821499
vn 0 -0.4709687 -0.8821499
vn 0 -0.4709687 -0.8821499
vn 0 -0.8576148 0.5142926
vn 0 -0.8576148 0.5142926
vn 0 -0.8576148 0.5142926
vn 0 -0.8576148 0.5142926
vn 0 -0.2814772 0.9595679
vn 0 -0.2814772 0.9595679
vn 0 -0.2814772 0.9595679
vn 0 -0.2814772 0.9595679
vn 0 -0.1056693 0.9944013
vn 0 -0.1056693 0.9944013
vn 0 -0.1056693 0.9944013
vn 0 -0.1056693 0.9944013
vn 0 0 1
vn 0 0 1
vn 0 0 1
vn 0 0 1
vn 0 0 1
vn 0 0.1056696 0.9944013
vn 0 0.1056696 0.9944013
vn 0 0.1056696 0.9944013
vn 0 0.1056696 0.9944013
vn 0 0.281476 0.9595683
vn 0 0.281476 0.9595683
vn 0 0.281476 0.9595683
vn 0 0.281476 0.9595683
vn -1.73652E-07 0.8576131 0.5142955
vn -1.73652E-07 0.8576131 0.5142955
vn -1.73652E-07 0.8576131 0.5142955
vn -1.73652E-07 0.8576131 0.5142955
vn 0 0.4709645 -0.8821521
vn 0 0.4709645 -0.8821521
vn 0 0.4709645 -0.8821521
vn 0 0.4709645 -0.8821521
vn 0 0.176553 -0.9842911
vn 0 0.176553 -0.9842911
vn 0 0.176553 -0.9842911
vn 0 0.176553 -0.9842911
vn 0 0.003013437 -0.9999955
vn 0 0.003013437 -0.9999955
vn 0 0.003013437 -0.9999955
vn 0 0.003013437 -0.9999955
vn 1 0 -6.515886E-06
vn 1 0 -6.515886E-06
vn 1 0 -6.515886E-06
vn 1 0 -6.515886E-06
vn 1 0 -6.515886E-06
vn 1 0 -6.515886E-06
vn 1 0 -6.515886E-06
vn 1 0 -6.515886E-06
vn 1 0 -6.515886E-06
vn 1 0 -6.515886E-06
vn 1 0 -6.515886E-06
vn 1 0 -6.515886E-06
vn 1 0 -6.515886E-06
vn 0 -0.04985426 -0.9987565
vn 0 -0.04985426 -0.9987565
vn 0 -0.04985426 -0.9987565
vn 0 -0.04985426 -0.9987565
vn 0 -0.176553 -0.9842911
vn 0 -0.176553 -0.9842911
vn 0 -0.176553 -0.9842911
vn 0 -0.176553 -0.9842911
vn 0 -0.4709687 -0.8821499
vn 0 -0.4709687 -0.8821499
vn 0 -0.4709687 -0.8821499
vn 0 -0.4709687 -0.8821499
vn 0 -0.8576133 0.514295
vn 0 -0.8576133 0.514295
vn 0 -0.8576133 0.514295
vn 0 -0.8576133 0.514295
vn 0 -0.2814772 0.9595679
vn 0 -0.2814772 0.9595679
vn 0 -0.2814772 0.9595679
vn 0 -0.2814772 0.9595679
vn 0 -0.1056708 0.9944012
vn 0 -0.1056708 0.9944012
vn 0 -0.1056708 0.9944012
vn 0 -0.1056708 0.9944012
vn 0 0 1
vn 0 0 1
vn 0 0 1
vn 0 0 1
vn 0 0 1
vn 0 0.1056711 0.9944012
vn 0 0.1056711 0.9944012
vn 0 0.1056711 0.9944012
vn 0 0.1056711 0.9944012
vn 0 0.281476 0.9595683
vn 0 0.281476 0.9595683
vn 0 0.281476 0.9595683
vn 0 0.281476 0.9595683
vn -1.736528E-07 0.8576116 0.5142979
vn -1.736528E-07 0.8576116 0.5142979
vn -1.736528E-07 0.8576116 0.5142979
vn -1.736528E-07 0.8576116 0.5142979
vn 0 0.4709645 -0.8821521
vn 0 0.4709645 -0.8821521
vn 0 0.4709645 -0.8821521
vn 0 0.4709645 -0.8821521
vn 0 0.176553 -0.9842911
vn 0 0.176553 -0.9842911
vn 0 0.176553 -0.9842911
vn 0 0.176553 -0.9842911
vn 0 0.003013518 -0.9999955
vn 0 0.003013518 -0.9999955
vn 0 0.003013518 -0.9999955
vn 0 0.003013518 -0.9999955
vn 1 0 -6.515886E-06
vn 1 0 -6.515886E-06
vn 1 0 -6.515886E-06
vn 1 0 -6.515886E-06
vn 1 0 -6.515886E-06
vn 1 0 -6.515886E-06
vn 1 0 -6.515886E-06
vn 1 0 -6.515886E-06
vn 1 0 -6.515886E-06
vn 1 0 -6.515886E-06
vn 1 0 -6.515886E-06
vn 1 0 -6.515886E-06
vn 1 0 -6.515886E-06
vn 0 -0.04985426 -0.9987565
vn 0 -0.04985426 -0.9987565
vn 0 -0.04985426 -0.9987565
vn 0 -0.04985426 -0.9987565
vn 0 -0.176553 -0.9842911
vn 0 -0.176553 -0.9842911
vn 0 -0.176553 -0.9842911
vn 0 -0.176553 -0.9842911
vn 0 -0.4709662 -0.8821512
vn 0 -0.4709662 -0.8821512
vn 0 -0.4709662 -0.8821512
vn 0 -0.4709662 -0.8821512
vn 0 -0.8576148 0.5142926
vn 0 -0.8576148 0.5142926
vn 0 -0.8576148 0.5142926
vn 0 -0.8576148 0.5142926
vn 0 -0.2814772 0.9595679
vn 0 -0.2814772 0.9595679
vn 0 -0.2814772 0.9595679
vn 0 -0.2814772 0.9595679
vn 0 -0.1056708 0.9944012
vn 0 -0.1056708 0.9944012
vn 0 -0.1056708 0.9944012
vn 0 -0.1056708 0.9944012
vn 0 0 1
vn 0 0 1
vn 0 0 1
vn 0 0 1
vn 0 0 1
vn 0 0.1056711 0.9944012
vn 0 0.1056711 0.9944012
vn 0 0.1056711 0.9944012
vn 0 0.1056711 0.9944012
vn 0 0.281476 0.9595683
vn 0 0.281476 0.9595683
vn 0 0.281476 0.9595683
vn 0 0.281476 0.9595683
vn -1.73652E-07 0.8576131 0.5142955
vn -1.73652E-07 0.8576131 0.5142955
vn -1.73652E-07 0.8576131 0.5142955
vn -1.73652E-07 0.8576131 0.5142955
vn 0 0.470962 -0.8821535
vn 0 0.470962 -0.8821535
vn 0 0.470962 -0.8821535
vn 0 0.470962 -0.8821535
vn 0 0.176553 -0.9842911
vn 0 0.176553 -0.9842911
vn 0 0.176553 -0.9842911
vn 0 0.176553 -0.9842911
vn 0 0.003013518 -0.9999955
vn 0 0.003013518 -0.9999955
vn 0 0.003013518 -0.9999955
vn 0 0.003013518 -0.9999955
vn 1 0 -6.515886E-06
vn 1 0 -6.515886E-06
vn 1 0 -6.515886E-06
vn 1 0 -6.515886E-06
vn 1 0 -6.515886E-06
vn 1 0 -6.515886E-06
vn 1 0 -6.515886E-06
vn 1 0 -6.515886E-06
vn 1 0 -6.515886E-06
vn 1 0 -6.515886E-06
vn 1 0 -6.515886E-06
vn 1 0 -6.515886E-06
vn 1 0 -6.515886E-06
vn 0 -0.04985293 -0.9987566
vn 0 -0.04985293 -0.9987566
vn 0 -0.04985293 -0.9987566
vn 0 -0.04985293 -0.9987566
vn 0 -0.1765546 -0.9842908
vn 0 -0.1765546 -0.9842908
vn 0 -0.1765546 -0.9842908
vn 0 -0.1765546 -0.9842908
vn 0 -0.4709662 -0.8821512
vn 0 -0.4709662 -0.8821512
vn 0 -0.4709662 -0.8821512
vn 0 -0.4709662 -0.8821512
vn 0 -0.8576148 0.5142926
vn 0 -0.8576148 0.5142926
vn 0 -0.8576148 0.5142926
vn 0 -0.8576148 0.5142926
vn 0 -0.2814772 0.9595679
vn 0 -0.2814772 0.9595679
vn 0 -0.2814772 0.9595679
vn 0 -0.2814772 0.9595679
vn 0 -0.1056708 0.9944012
vn 0 -0.1056708 0.9944012
vn 0 -0.1056708 0.9944012
vn 0 -0.1056708 0.9944012
vn 0 0 1
vn 0 0 1
vn 0 0 1
vn 0 0 1
vn 0 0 1
vn 0 0.1056711 0.9944012
vn 0 0.1056711 0.9944012
vn 0 0.1056711 0.9944012
vn 0 0.1056711 0.9944012
vn 0 0.281476 0.9595683
vn 0 0.281476 0.9595683
vn 0 0.281476 0.9595683
vn 0 0.281476 0.9595683
vn -1.73652E-07 0.8576131 0.5142955
vn -1.73652E-07 0.8576131 0.5142955
vn -1.73652E-07 0.8576131 0.5142955
vn -1.73652E-07 0.8576131 0.5142955
vn 0 0.470962 -0.8821535
vn 0 0.470962 -0.8821535
vn 0 0.470962 -0.8821535
vn 0 0.470962 -0.8821535
vn 0 0.1765547 -0.9842908
vn 0 0.1765547 -0.9842908
vn 0 0.1765547 -0.9842908
vn 0 0.1765547 -0.9842908
vn 0 0.003013437 -0.9999955
vn 0 0.003013437 -0.9999955
vn 0 0.003013437 -0.9999955
vn 0 0.003013437 -0.9999955
vn 1 0 -6.515886E-06
vn 1 0 -6.515886E-06
vn 1 0 -6.515886E-06
vn 1 0 -6.515886E-06
vn 1 0 -6.515886E-06
vn 1 0 -6.515886E-06
vn 1 0 -6.515886E-06
vn 1 0 -6.515886E-06
vn 1 0 -6.515886E-06
vn 1 0 -6.515886E-06
vn 1 0 -6.515886E-06
vn 1 0 -6.515886E-06
vn 1 0 -6.515886E-06
vn 0 -0.04985359 -0.9987565
vn 0 -0.04985359 -0.9987565
vn 0 -0.04985359 -0.9987565
vn 0 -0.04985359 -0.9987565
vn 0 -0.1765538 -0.984291
vn 0 -0.1765538 -0.984291
vn 0 -0.1765538 -0.984291
vn 0 -0.1765538 -0.984291
vn 0 -0.4709675 -0.8821506
vn 0 -0.4709675 -0.8821506
vn 0 -0.4709675 -0.8821506
vn 0 -0.4709675 -0.8821506
vn 0 -0.8576141 0.5142938
vn 0 -0.8576141 0.5142938
vn 0 -0.8576141 0.5142938
vn 0 -0.8576141 0.5142938
vn 0 -0.2814772 0.9595679
vn 0 -0.2814772 0.9595679
vn 0 -0.2814772 0.9595679
vn 0 -0.2814772 0.9595679
vn 0 -0.1056708 0.9944012
vn 0 -0.1056708 0.9944012
vn 0 -0.1056708 0.9944012
vn 0 -0.1056708 0.9944012
vn 0 0 1
vn 0 0 1
vn 0 0 1
vn 0 0 1
vn 0 0 1
vn 0 0.1056711 0.9944012
vn 0 0.1056711 0.9944012
vn 0 0.1056711 0.9944012
vn 0 0.1056711 0.9944012
vn 0 0.281476 0.9595683
vn 0 0.281476 0.9595683
vn 0 0.281476 0.9595683
vn 0 0.281476 0.9595683
vn -1.736524E-07 0.8576124 0.5142967
vn -1.736524E-07 0.8576124 0.5142967
vn -1.736524E-07 0.8576124 0.5142967
vn -1.736524E-07 0.8576124 0.5142967
vn 0 0.4709633 -0.8821528
vn 0 0.4709633 -0.8821528
vn 0 0.4709633 -0.8821528
vn 0 0.4709633 -0.8821528
vn 0 0.1765539 -0.984291
vn 0 0.1765539 -0.984291
vn 0 0.1765539 -0.984291
vn 0 0.1765539 -0.984291
vn 0 0.003013478 -0.9999955
vn 0 0.003013478 -0.9999955
vn 0 0.003013478 -0.9999955
vn 0 0.003013478 -0.9999955
vn 1 0 -6.515886E-06
vn 1 0 -6.515886E-06
vn 1 0 -6.515886E-06
vn 1 0 -6.515886E-06
vn 1 0 -6.515886E-06
vn 1 0 -6.515886E-06
vn 1 0 -6.515886E-06
vn 1 0 -6.515886E-06
vn 1 0 -6.515886E-06
vn 1 0 -6.515886E-06
vn 1 0 -6.515886E-06
vn 1 0 -6.515886E-06
vn 1 0 -6.515886E-06
vn 0 -0.04985293 -0.9987566
vn 0 -0.04985293 -0.9987566
vn 0 -0.04985293 -0.9987566
vn 0 -0.04985293 -0.9987566
vn 0 -0.1765538 -0.984291
vn 0 -0.1765538 -0.984291
vn 0 -0.1765538 -0.984291
vn 0 -0.1765538 -0.984291
vn 0 -0.4709675 -0.8821506
vn 0 -0.4709675 -0.8821506
vn 0 -0.4709675 -0.8821506
vn 0 -0.4709675 -0.8821506
vn 0 -0.8576148 0.5142926
vn 0 -0.8576148 0.5142926
vn 0 -0.8576148 0.5142926
vn 0 -0.8576148 0.5142926
vn 0 -0.2814762 0.9595683
vn 0 -0.2814762 0.9595683
vn 0 -0.2814762 0.9595683
vn 0 -0.2814762 0.9595683
vn 0 -0.1056708 0.9944012
vn 0 -0.1056708 0.9944012
vn 0 -0.1056708 0.9944012
vn 0 -0.1056708 0.9944012
vn 0 0 1
vn 0 0 1
vn 0 0 1
vn 0 0 1
vn 0 0 1
vn 0 0.1056711 0.9944012
vn 0 0.1056711 0.9944012
vn 0 0.1056711 0.9944012
vn 0 0.1056711 0.9944012
vn 0 0.281475 0.9595686
vn 0 0.281475 0.9595686
vn 0 0.281475 0.9595686
vn 0 0.281475 0.9595686
vn -1.73652E-07 0.8576131 0.5142955
vn -1.73652E-07 0.8576131 0.5142955
vn -1.73652E-07 0.8576131 0.5142955
vn -1.73652E-07 0.8576131 0.5142955
vn 0 0.4709633 -0.8821528
vn 0 0.4709633 -0.8821528
vn 0 0.4709633 -0.8821528
vn 0 0.4709633 -0.8821528
vn 0 0.1765539 -0.984291
vn 0 0.1765539 -0.984291
vn 0 0.1765539 -0.984291
vn 0 0.1765539 -0.984291
vn 0 0.003013437 -0.9999955
vn 0 0.003013437 -0.9999955
vn 0 0.003013437 -0.9999955
vn 0 0.003013437 -0.9999955
vn 1 0 -6.515886E-06
vn 1 0 -6.515886E-06
vn 1 0 -6.515886E-06
vn 1 0 -6.515886E-06
vn 1 0 -6.515886E-06
vn 1 0 -6.515886E-06
vn 1 0 -6.515886E-06
vn 1 0 -6.515886E-06
vn 1 0 -6.515886E-06
vn 1 0 -6.515886E-06
vn 1 0 -6.515886E-06
vn 1 0 -6.515886E-06
vn 1 0 -6.515886E-06
vn 0 -0.04985359 -0.9987565
vn 0 -0.04985359 -0.9987565
vn 0 -0.04985359 -0.9987565
vn 0 -0.04985359 -0.9987565
vn 0 -0.1765534 -0.9842911
vn 0 -0.1765534 -0.9842911
vn 0 -0.1765534 -0.9842911
vn 0 -0.1765534 -0.9842911
vn 0 -0.4709675 -0.8821506
vn 0 -0.4709675 -0.8821506
vn 0 -0.4709675 -0.8821506
vn 0 -0.4709675 -0.8821506
vn 0 -0.8576144 0.5142933
vn 0 -0.8576144 0.5142933
vn 0 -0.8576144 0.5142933
vn 0 -0.8576144 0.5142933
vn 0 -0.2814767 0.959568
vn 0 -0.2814767 0.959568
vn 0 -0.2814767 0.959568
vn 0 -0.2814767 0.959568
vn 0 -0.1056708 0.9944012
vn 0 -0.1056708 0.9944012
vn 0 -0.1056708 0.9944012
vn 0 -0.1056708 0.9944012
vn 0 0 1
vn 0 0 1
vn 0 0 1
vn 0 0 1
vn 0 0 1
vn 0 0.1056711 0.9944012
vn 0 0.1056711 0.9944012
vn 0 0.1056711 0.9944012
vn 0 0.1056711 0.9944012
vn 0 0.2814755 0.9595684
vn 0 0.2814755 0.9595684
vn 0 0.2814755 0.9595684
vn 0 0.2814755 0.9595684
vn -1.736522E-07 0.8576128 0.5142961
vn -1.736522E-07 0.8576128 0.5142961
vn -1.736522E-07 0.8576128 0.5142961
vn -1.736522E-07 0.8576128 0.5142961
vn 0 0.4709633 -0.8821528
vn 0 0.4709633 -0.8821528
vn 0 0.4709633 -0.8821528
vn 0 0.4709633 -0.8821528
vn 0 0.1765534 -0.9842911
vn 0 0.1765534 -0.9842911
vn 0 0.1765534 -0.9842911
vn 0 0.1765534 -0.9842911
vn 0 0.003013478 -0.9999955
vn 0 0.003013478 -0.9999955
vn 0 0.003013478 -0.9999955
vn 0 0.003013478 -0.9999955
vn 1 0 -6.515886E-06
vn 1 0 -6.515886E-06
vn 1 0 -6.515886E-06
vn 1 0 -6.515886E-06
vn 1 0 -6.515886E-06
vn 1 0 -6.515886E-06
vn 1 0 -6.515886E-06
vn 1 0 -6.515886E-06
vn 1 0 -6.515886E-06
vn 1 0 -6.515886E-06
vn 1 0 -6.515886E-06
vn 1 0 -6.515886E-06
vn 1 0 -6.515886E-06
vn 0 -0.04985351 -0.9987565
vn 0 -0.04985351 -0.9987565
vn 0 -0.04985351 -0.9987565
vn 0 -0.04985351 -0.9987565
vn 0 -0.1765535 -0.9842911
vn 0 -0.1765535 -0.9842911
vn 0 -0.1765535 -0.9842911
vn 0 -0.1765535 -0.9842911
vn 0 -0.4709677 -0.8821505
vn 0 -0.4709677 -0.8821505
vn 0 -0.4709677 -0.8821505
vn 0 -0.4709677 -0.8821505
vn 0 -0.8576145 0.5142931
vn 0 -0.8576145 0.5142931
vn 0 -0.8576145 0.5142931
vn 0 -0.8576145 0.5142931
vn 0 -0.2814768 0.959568
vn 0 -0.2814768 0.959568
vn 0 -0.2814768 0.959568
vn 0 -0.2814768 0.959568
vn 0 -0.1056706 0.9944012
vn 0 -0.1056706 0.9944012
vn 0 -0.1056706 0.9944012
vn 0 -0.1056706 0.9944012
vn 0 0 1
vn 0 0 1
vn 0 0 1
vn 0 0 1
vn 0 0 1
vn 0 0.1056709 0.9944012
vn 0 0.1056709 0.9944012
vn 0 0.1056709 0.9944012
vn 0 0.1056709 0.9944012
vn 0 0.2814757 0.9595684
vn 0 0.2814757 0.9595684
vn 0 0.2814757 0.9595684
vn 0 0.2814757 0.9595684
vn -1.736522E-07 0.8576128 0.5142959
vn -1.736522E-07 0.8576128 0.5142959
vn -1.736522E-07 0.8576128 0.5142959
vn -1.736522E-07 0.8576128 0.5142959
vn 0 0.4709634 -0.8821527
vn 0 0.4709634 -0.8821527
vn 0 0.4709634 -0.8821527
vn 0 0.4709634 -0.8821527
vn 0 0.1765535 -0.984291
vn 0 0.1765535 -0.984291
vn 0 0.1765535 -0.984291
vn 0 0.1765535 -0.984291
vn 0 0.003013473 -0.9999955
vn 0 0.003013473 -0.9999955
vn 0 0.003013473 -0.9999955
vn 0 0.003013473 -0.9999955
vn 1 0 -6.515886E-06
vn 1 0 -6.515886E-06
vn 1 0 -6.515886E-06
vn 1 0 -6.515886E-06
vn 1 0 -6.515886E-06
vn 1 0 -6.515886E-06
vn 1 0 -6.515886E-06
vn 1 0 -6.515886E-06
vn 1 0 -6.515886E-06
vn 1 0 -6.515886E-06
vn 1 0 -6.515886E-06
vn 1 0 -6.515886E-06
vn 1 0 -6.515886E-06
vn 0 -0.04985343 -0.9987565
vn 0 -0.04985343 -0.9987565
vn 0 -0.04985343 -0.9987565
vn 0 -0.04985343 -0.9987565
vn 0 -0.1765536 -0.984291
vn 0 -0.1765536 -0.984291
vn 0 -0.1765536 -0.984291
vn 0 -0.1765536 -0.984291
vn 0 -0.4709675 -0.8821506
vn 0 -0.4709675 -0.8821506
vn 0 -0.4709675 -0.8821506
vn 0 -0.4709675 -0.8821506
vn 0 -0.8576144 0.5142933
vn 0 -0.8576144 0.5142933
vn 0 -0.8576144 0.5142933
vn 0 -0.8576144 0.5142933
vn 0 -0.281477 0.959568
vn 0 -0.281477 0.959568
vn 0 -0.281477 0.959568
vn 0 -0.281477 0.959568
vn 0 -0.1056706 0.9944012
vn 0 -0.1056706 0.9944012
vn 0 -0.1056706 0.9944012
vn 0 -0.1056706 0.9944012
vn 0 0 1
vn 0 0 1
vn 0 0 1
vn 0 0 1
vn 0 0 1
vn 0 0.1056709 0.9944012
vn 0 0.1056709 0.9944012
vn 0 0.1056709 0.9944012
vn 0 0.1056709 0.9944012
vn 0 0.2814758 0.9595683
vn 0 0.2814758 0.9595683
vn 0 0.2814758 0.9595683
vn 0 0.2814758 0.9595683
vn -1.736522E-07 0.8576128 0.5142961
vn -1.736522E-07 0.8576128 0.5142961
vn -1.736522E-07 0.8576128 0.5142961
vn -1.736522E-07 0.8576128 0.5142961
vn 0 0.4709633 -0.8821528
vn 0 0.4709633 -0.8821528
vn 0 0.4709633 -0.8821528
vn 0 0.4709633 -0.8821528
vn 0 0.1765537 -0.984291
vn 0 0.1765537 -0.984291
vn 0 0.1765537 -0.984291
vn 0 0.1765537 -0.984291
vn 0 0.003013468 -0.9999955
vn 0 0.003013468 -0.9999955
vn 0 0.003013468 -0.9999955
vn 0 0.003013468 -0.9999955
vn 1 0 -6.515886E-06
vn 1 0 -6.515886E-06
vn 1 0 -6.515886E-06
vn 1 0 -6.515886E-06
vn 1 0 -6.515886E-06
vn 1 0 -6.515886E-06
vn 1 0 -6.515886E-06
vn 1 0 -6.515886E-06
vn 1 0 -6.515886E-06
vn 1 0 -6.515886E-06
vn 1 0 -6.515886E-06
vn 1 0 -6.515886E-06
vn 1 0 -6.515886E-06
vn 0 -0.04985359 -0.9987565
vn 0 -0.04985359 -0.9987565
vn 0 -0.04985359 -0.9987565
vn 0 -0.04985359 -0.9987565
vn 0 -0.1765534 -0.9842911
vn 0 -0.1765534 -0.9842911
vn 0 -0.1765534 -0.9842911
vn 0 -0.1765534 -0.9842911
vn 0 -0.4709675 -0.8821506
vn 0 -0.4709675 -0.8821506
vn 0 -0.4709675 -0.8821506
vn 0 -0.4709675 -0.8821506
vn 0 -0.8576148 0.5142926
vn 0 -0.8576148 0.5142926
vn 0 -0.8576148 0.5142926
vn 0 -0.8576148 0.5142926
vn 0 -0.2814767 0.959568
vn 0 -0.2814767 0.959568
vn 0 -0.2814767 0.959568
vn 0 -0.2814767 0.959568
vn 0 -0.1056704 0.9944012
vn 0 -0.1056704 0.9944012
vn 0 -0.1056704 0.9944012
vn 0 -0.1056704 0.9944012
vn 0 0 1
vn 0 0 1
vn 0 0 1
vn 0 0 1
vn 0 0 1
vn 0 0.1056707 0.9944012
vn 0 0.1056707 0.9944012
vn 0 0.1056707 0.9944012
vn 0 0.1056707 0.9944012
vn 0 0.2814755 0.9595684
vn 0 0.2814755 0.9595684
vn 0 0.2814755 0.9595684
vn 0 0.2814755 0.9595684
vn -1.73652E-07 0.8576131 0.5142955
vn -1.73652E-07 0.8576131 0.5142955
vn -1.73652E-07 0.8576131 0.5142955
vn -1.73652E-07 0.8576131 0.5142955
vn 0 0.4709633 -0.8821528
vn 0 0.4709633 -0.8821528
vn 0 0.4709633 -0.8821528
vn 0 0.4709633 -0.8821528
vn 0 0.1765534 -0.9842911
vn 0 0.1765534 -0.9842911
vn 0 0.1765534 -0.9842911
vn 0 0.1765534 -0.9842911
vn 0 0.003013478 -0.9999955
vn 0 0.003013478 -0.9999955
vn 0 0.003013478 -0.9999955
vn 0 0.003013478 -0.9999955
vn 1 0 -6.515886E-06
vn 1 0 -6.515886E-06
vn 1 0 -6.515886E-06
vn 1 0 -6.515886E-06
vn 1 0 -6.515886E-06
vn 1 0 -6.515886E-06
vn 1 0 -6.515886E-06
vn 1 0 -6.515886E-06
vn 1 0 -6.515886E-06
vn 1 0 -6.515886E-06
vn 1 0 -6.515886E-06
vn 1 0 -6.515886E-06
vn 1 0 -6.515886E-06
vn 0 -0.04985293 -0.9987566
vn 0 -0.04985293 -0.9987566
vn 0 -0.04985293 -0.9987566
vn 0 -0.04985293 -0.9987566
vn 0 -0.1765538 -0.984291
vn 0 -0.1765538 -0.984291
vn 0 -0.1765538 -0.984291
vn 0 -0.1765538 -0.984291
vn 0 -0.4709675 -0.8821506
vn 0 -0.4709675 -0.8821506
vn 0 -0.4709675 -0.8821506
vn 0 -0.4709675 -0.8821506
vn 0 -0.8576148 0.5142926
vn 0 -0.8576148 0.5142926
vn 0 -0.8576148 0.5142926
vn 0 -0.8576148 0.5142926
vn 0 -0.2814762 0.9595683
vn 0 -0.2814762 0.9595683
vn 0 -0.2814762 0.9595683
vn 0 -0.2814762 0.9595683
vn 0 -0.1056708 0.9944012
vn 0 -0.1056708 0.9944012
vn 0 -0.1056708 0.9944012
vn 0 -0.1056708 0.9944012
vn 0 0 1
vn 0 0 1
vn 0 0 1
vn 0 0 1
vn 0 0 1
vn 0 0.1056711 0.9944012
vn 0 0.1056711 0.9944012
vn 0 0.1056711 0.9944012
vn 0 0.1056711 0.9944012
vn 0 0.281475 0.9595686
vn 0 0.281475 0.9595686
vn 0 0.281475 0.9595686
vn 0 0.281475 0.9595686
vn -1.73652E-07 0.8576131 0.5142955
vn -1.73652E-07 0.8576131 0.5142955
vn -1.73652E-07 0.8576131 0.5142955
vn -1.73652E-07 0.8576131 0.5142955
vn 0 0.4709633 -0.8821528
vn 0 0.4709633 -0.8821528
vn 0 0.4709633 -0.8821528
vn 0 0.4709633 -0.8821528
vn 0 0.1765539 -0.984291
vn 0 0.1765539 -0.984291
vn 0 0.1765539 -0.984291
vn 0 0.1765539 -0.984291
vn 0 0.003013437 -0.9999955
vn 0 0.003013437 -0.9999955
vn 0 0.003013437 -0.9999955
vn 0 0.003013437 -0.9999955
vn 1 0 -6.515886E-06
vn 1 0 -6.515886E-06
vn 1 0 -6.515886E-06
vn 1 0 -6.515886E-06
vn 1 0 -6.515886E-06
vn 1 0 -6.515886E-06
vn 1 0 -6.515886E-06
vn 1 0 -6.515886E-06
vn 1 0 -6.515886E-06
vn 1 0 -6.515886E-06
vn 1 0 -6.515886E-06
vn 1 0 -6.515886E-06
vn 1 0 -6.515886E-06
vn 0 -0.04985359 -0.9987565
vn 0 -0.04985359 -0.9987565
vn 0 -0.04985359 -0.9987565
vn 0 -0.04985359 -0.9987565
vn 0 -0.176553 -0.9842911
vn 0 -0.176553 -0.9842911
vn 0 -0.176553 -0.9842911
vn 0 -0.176553 -0.9842911
vn 0 -0.4709675 -0.8821506
vn 0 -0.4709675 -0.8821506
vn 0 -0.4709675 -0.8821506
vn 0 -0.4709675 -0.8821506
vn 0 -0.8576148 0.5142926
vn 0 -0.8576148 0.5142926
vn 0 -0.8576148 0.5142926
vn 0 -0.8576148 0.5142926
vn 0 -0.2814762 0.9595683
vn 0 -0.2814762 0.9595683
vn 0 -0.2814762 0.9595683
vn 0 -0.2814762 0.9595683
vn 0 -0.1056708 0.9944012
vn 0 -0.1056708 0.9944012
vn 0 -0.1056708 0.9944012
vn 0 -0.1056708 0.9944012
vn 0 0 1
vn 0 0 1
vn 0 0 1
vn 0 0 1
vn 0 0 1
vn 0 0.1056711 0.9944012
vn 0 0.1056711 0.9944012
vn 0 0.1056711 0.9944012
vn 0 0.1056711 0.9944012
vn 0 0.281475 0.9595686
vn 0 0.281475 0.9595686
vn 0 0.281475 0.9595686
vn 0 0.281475 0.9595686
vn -1.73652E-07 0.8576131 0.5142955
vn -1.73652E-07 0.8576131 0.5142955
vn -1.73652E-07 0.8576131 0.5142955
vn -1.73652E-07 0.8576131 0.5142955
vn 0 0.4709633 -0.8821528
vn 0 0.4709633 -0.8821528
vn 0 0.4709633 -0.8821528
vn 0 0.4709633 -0.8821528
vn 0 0.176553 -0.9842911
vn 0 0.176553 -0.9842911
vn 0 0.176553 -0.9842911
vn 0 0.176553 -0.9842911
vn 0 0.003013478 -0.9999955
vn 0 0.003013478 -0.9999955
vn 0 0.003013478 -0.9999955
vn 0 0.003013478 -0.9999955
vn 1 0 -6.515886E-06
vn 1 0 -6.515886E-06
vn 1 0 -6.515886E-06
vn 1 0 -6.515886E-06
vn 1 0 -6.515886E-06
vn 1 0 -6.515886E-06
vn 1 0 -6.515886E-06
vn 1 0 -6.515886E-06
vn 1 0 -6.515886E-06
vn 1 0 -6.515886E-06
vn 1 0 -6.515886E-06
vn 1 0 -6.515886E-06
vn 1 0 -6.515886E-06
vn 0 -0.04985426 -0.9987565
vn 0 -0.04985426 -0.9987565
vn 0 -0.04985426 -0.9987565
vn 0 -0.04985426 -0.9987565
vn 0 -0.176553 -0.9842911
vn 0 -0.176553 -0.9842911
vn 0 -0.176553 -0.9842911
vn 0 -0.176553 -0.9842911
vn 0 -0.4709662 -0.8821512
vn 0 -0.4709662 -0.8821512
vn 0 -0.4709662 -0.8821512
vn 0 -0.4709662 -0.8821512
vn 0 -0.8576148 0.5142926
vn 0 -0.8576148 0.5142926
vn 0 -0.8576148 0.5142926
vn 0 -0.8576148 0.5142926
vn 0 -0.2814772 0.9595679
vn 0 -0.2814772 0.9595679
vn 0 -0.2814772 0.9595679
vn 0 -0.2814772 0.9595679
vn 0 -0.1056708 0.9944012
vn 0 -0.1056708 0.9944012
vn 0 -0.1056708 0.9944012
vn 0 -0.1056708 0.9944012
vn 0 0 1
vn 0 0 1
vn 0 0 1
vn 0 0 1
vn 0 0 1
vn 0 0.1056711 0.9944012
vn 0 0.1056711 0.9944012
vn 0 0.1056711 0.9944012
vn 0 0.1056711 0.9944012
vn 0 0.281476 0.9595683
vn 0 0.281476 0.9595683
vn 0 0.281476 0.9595683
vn 0 0.281476 0.9595683
vn -1.73652E-07 0.8576131 0.5142955
vn -1.73652E-07 0.8576131 0.5142955
vn -1.73652E-07 0.8576131 0.5142955
vn -1.73652E-07 0.8576131 0.5142955
vn 0 0.470962 -0.8821535
vn 0 0.470962 -0.8821535
vn 0 0.470962 -0.8821535
vn 0 0.470962 -0.8821535
vn 0 0.176553 -0.9842911
vn 0 0.176553 -0.9842911
vn 0 0.176553 -0.9842911
vn 0 0.176553 -0.9842911
vn 0 0.003013518 -0.9999955
vn 0 0.003013518 -0.9999955
vn 0 0.003013518 -0.9999955
vn 0 0.003013518 -0.9999955
vn 1 0 -6.515886E-06
vn 1 0 -6.515886E-06
vn 1 0 -6.515886E-06
vn 1 0 -6.515886E-06
vn 1 0 -6.515886E-06
vn 1 0 -6.515886E-06
vn 1 0 -6.515886E-06
vn 1 0 -6.515886E-06
vn 1 0 -6.515886E-06
vn 1 0 -6.515886E-06
vn 1 0 -6.515886E-06
vn 1 0 -6.515886E-06
vn 1 0 -6.515886E-06
vn 0 -0.04985293 -0.9987566
vn 0 -0.04985293 -0.9987566
vn 0 -0.04985293 -0.9987566
vn 0 -0.04985293 -0.9987566
vn 0 -0.1765546 -0.9842908
vn 0 -0.1765546 -0.9842908
vn 0 -0.1765546 -0.9842908
vn 0 -0.1765546 -0.9842908
vn 0 -0.4709662 -0.8821512
vn 0 -0.4709662 -0.8821512
vn 0 -0.4709662 -0.8821512
vn 0 -0.4709662 -0.8821512
vn 0 -0.8576148 0.5142926
vn 0 -0.8576148 0.5142926
vn 0 -0.8576148 0.5142926
vn 0 -0.8576148 0.5142926
vn 0 -0.2814772 0.9595679
vn 0 -0.2814772 0.9595679
vn 0 -0.2814772 0.9595679
vn 0 -0.2814772 0.9595679
vn 0 -0.1056708 0.9944012
vn 0 -0.1056708 0.9944012
vn 0 -0.1056708 0.9944012
vn 0 -0.1056708 0.9944012
vn 0 0 1
vn 0 0 1
vn 0 0 1
vn 0 0 1
vn 0 0 1
vn 0 0.1056711 0.9944012
vn 0 0.1056711 0.9944012
vn 0 0.1056711 0.9944012
vn 0 0.1056711 0.9944012
vn 0 0.281476 0.9595683
vn 0 0.281476 0.9595683
vn 0 0.281476 0.9595683
vn 0 0.281476 0.9595683
vn -1.73652E-07 0.8576131 0.5142955
vn -1.73652E-07 0.8576131 0.5142955
vn -1.73652E-07 0.8576131 0.5142955
vn -1.73652E-07 0.8576131 0.5142955
vn 0 0.470962 -0.8821535
vn 0 0.470962 -0.8821535
vn 0 0.470962 -0.8821535
vn 0 0.470962 -0.8821535
vn 0 0.1765547 -0.9842908
vn 0 0.1765547 -0.9842908
vn 0 0.1765547 -0.9842908
vn 0 0.1765547 -0.9842908
vn 0 0.003013437 -0.9999955
vn 0 0.003013437 -0.9999955
vn 0 0.003013437 -0.9999955
vn 0 0.003013437 -0.9999955
vn 1 0 -6.515886E-06
vn 1 0 -6.515886E-06
vn 1 0 -6.515886E-06
vn 1 0 -6.515886E-06
vn 1 0 -6.515886E-06
vn 1 0 -6.515886E-06
vn 1 0 -6.515886E-06
vn 1 0 -6.515886E-06
vn 1 0 -6.515886E-06
vn 1 0 -6.515886E-06
vn 1 0 -6.515886E-06
vn 1 0 -6.515886E-06
vn 1 0 -6.515886E-06
vn 0 -0.04985293 -0.9987566
vn 0 -0.04985293 -0.9987566
vn 0 -0.04985293 -0.9987566
vn 0 -0.04985293 -0.9987566
vn 0 -0.176553 -0.9842911
vn 0 -0.176553 -0.9842911
vn 0 -0.176553 -0.9842911
vn 0 -0.176553 -0.9842911
vn 0 -0.4709687 -0.8821499
vn 0 -0.4709687 -0.8821499
vn 0 -0.4709687 -0.8821499
vn 0 -0.4709687 -0.8821499
vn 0 -0.8576148 0.5142926
vn 0 -0.8576148 0.5142926
vn 0 -0.8576148 0.5142926
vn 0 -0.8576148 0.5142926
vn 0 -0.2814752 0.9595684
vn 0 -0.2814752 0.9595684
vn 0 -0.2814752 0.9595684
vn 0 -0.2814752 0.9595684
vn 0 -0.1056708 0.9944012
vn 0 -0.1056708 0.9944012
vn 0 -0.1056708 0.9944012
vn 0 -0.1056708 0.9944012
vn 0 0 1
vn 0 0 1
vn 0 0 1
vn 0 0 1
vn 0 0 1
vn 0 0.1056711 0.9944012
vn 0 0.1056711 0.9944012
vn 0 0.1056711 0.9944012
vn 0 0.1056711 0.9944012
vn 0 0.281474 0.9595688
vn 0 0.281474 0.9595688
vn 0 0.281474 0.9595688
vn 0 0.281474 0.9595688
vn 0.003002632 0.7647901 0.6442724
vn 0.003002632 0.7647901 0.6442724
vn 0.003002632 0.7647901 0.6442724
vn 0.003002632 0.7647901 0.6442724
vn 0.0005598864 0.4556204 -0.890174
vn 0.0005598864 0.4556204 -0.890174
vn 0.0005598864 0.4556204 -0.890174
vn 0.0005598864 0.4556204 -0.890174
vn 0 0.176553 -0.9842911
vn 0 0.176553 -0.9842911
vn 0 0.176553 -0.9842911
vn 0 0.176553 -0.9842911
vn 0 0.003013437 -0.9999955
vn 0 0.003013437 -0.9999955
vn 0 0.003013437 -0.9999955
vn 0 0.003013437 -0.9999955
vn 1 0 -6.515886E-06
vn 1 0 -6.515886E-06
vn 1 0 -6.515886E-06
vn 1 0 -6.515886E-06
vn 1 0 -6.515886E-06
vn 1 0 -6.515886E-06
vn 1 0 -6.515886E-06
vn 1 0 -6.515886E-06
vn 1 0 -6.515886E-06
vn 1 0 -6.515886E-06
vn 1 0 -6.515886E-06
vn 1 0 -6.515886E-06
vn 1 0 -6.515886E-06
vn 0 -0.04985293 -0.9987566
vn 0 -0.04985293 -0.9987566
vn 0 -0.04985293 -0.9987566
vn 0 -0.04985293 -0.9987566
vn 0 -0.1765563 -0.9842905
vn 0 -0.1765563 -0.9842905
vn 0 -0.1765563 -0.9842905
vn 0 -0.1765563 -0.9842905
vn 0 -0.4709662 -0.8821512
vn 0 -0.4709662 -0.8821512
vn 0 -0.4709662 -0.8821512
vn 0 -0.4709662 -0.8821512
vn 0 -0.8576148 0.5142926
vn 0 -0.8576148 0.5142926
vn 0 -0.8576148 0.5142926
vn 0 -0.8576148 0.5142926
vn 0 -0.2814752 0.9595684
vn 0 -0.2814752 0.9595684
vn 0 -0.2814752 0.9595684
vn 0 -0.2814752 0.9595684
vn 0 -0.1056722 0.994401
vn 0 -0.1056722 0.994401
vn 0 -0.1056722 0.994401
vn 0 -0.1056722 0.994401
vn 0 0 1
vn 0 0 1
vn 0 0 1
vn 0 0 1
vn 0 0 1
vn 0 0.1056725 0.9944009
vn 0 0.1056725 0.9944009
vn 0 0.1056725 0.9944009
vn 0 0.1056725 0.9944009
vn 0 0.281474 0.9595688
vn 0 0.281474 0.9595688
vn 0 0.281474 0.9595688
vn 0 0.281474 0.9595688
vn -1.73652E-07 0.8576131 0.5142955
vn -1.73652E-07 0.8576131 0.5142955
vn -1.73652E-07 0.8576131 0.5142955
vn -1.73652E-07 0.8576131 0.5142955
vn 0 0.470962 -0.8821535
vn 0 0.470962 -0.8821535
vn 0 0.470962 -0.8821535
vn 0 0.470962 -0.8821535
vn 0 0.1765563 -0.9842905
vn 0 0.1765563 -0.9842905
vn 0 0.1765563 -0.9842905
vn 0 0.1765563 -0.9842905
vn 0 0.003013437 -0.9999955
vn 0 0.003013437 -0.9999955
vn 0 0.003013437 -0.9999955
vn 0 0.003013437 -0.9999955
vn 1 0 -6.515886E-06
vn 1 0 -6.515886E-06
vn 1 0 -6.515886E-06
vn 1 0 -6.515886E-06
vn 1 0 -6.515886E-06
vn 1 0 -6.515886E-06
vn 1 0 -6.515886E-06
vn 1 0 -6.515886E-06
vn 1 0 -6.515886E-06
vn 1 0 -6.515886E-06
vn 1 0 -6.515886E-06
vn 1 0 -6.515886E-06
vn 1 0 -6.515886E-06
vn 0 -0.04985293 -0.9987566
vn 0 -0.04985293 -0.9987566
vn 0 -0.04985293 -0.9987566
vn 0 -0.04985293 -0.9987566
vn 0 -0.176553 -0.9842911
vn 0 -0.176553 -0.9842911
vn 0 -0.176553 -0.9842911
vn 0 -0.176553 -0.9842911
vn 0 -0.4709662 -0.8821512
vn 0 -0.4709662 -0.8821512
vn 0 -0.4709662 -0.8821512
vn 0 -0.4709662 -0.8821512
vn 0 -0.8576148 0.5142926
vn 0 -0.8576148 0.5142926
vn 0 -0.8576148 0.5142926
vn 0 -0.8576148 0.5142926
vn 0 -0.2814752 0.9595684
vn 0 -0.2814752 0.9595684
vn 0 -0.2814752 0.9595684
vn 0 -0.2814752 0.9595684
vn 0 -0.1056722 0.994401
vn 0 -0.1056722 0.994401
vn 0 -0.1056722 0.994401
vn 0 -0.1056722 0.994401
vn 0 0 1
vn 0 0 1
vn 0 0 1
vn 0 0 1
vn 0 0.1056725 0.9944009
vn 0 0.1056725 0.9944009
vn 0 0.1056725 0.9944009
vn 0 0.1056725 0.9944009
vn 0 0.281474 0.9595688
vn 0 0.281474 0.9595688
vn 0 0.281474 0.9595688
vn 0 0.281474 0.9595688
vn -1.73652E-07 0.8576131 0.5142955
vn -1.73652E-07 0.8576131 0.5142955
vn -1.73652E-07 0.8576131 0.5142955
vn -1.73652E-07 0.8576131 0.5142955
vn 0 0.470962 -0.8821535
vn 0 0.470962 -0.8821535
vn 0 0.470962 -0.8821535
vn 0 0.470962 -0.8821535
vn 0 0.176553 -0.9842911
vn 0 0.176553 -0.9842911
vn 0 0.176553 -0.9842911
vn 0 0.176553 -0.9842911
vn 0 0.003013437 -0.9999955
vn 0 0.003013437 -0.9999955
vn 0 0.003013437 -0.9999955
vn 0 0.003013437 -0.9999955
vn 1 0 -6.515886E-06
vn 1 0 -6.515886E-06
vn 1 0 -6.515886E-06
vn 1 0 -6.515886E-06
vn 1 0 -6.515886E-06
vn 1 0 -6.515886E-06
vn 1 0 -6.515886E-06
vn 1 0 -6.515886E-06
vn 1 0 -6.515886E-06
vn 1 0 -6.515886E-06
vn 1 0 -6.515886E-06
vn 1 0 -6.515886E-06
vn 1 0 -6.515886E-06
vn 0 0 1
vn 0 0 1
vn 0 0 1
vn 0 0 1
vn 0 -1 0
vn 0 -1 0
vn 0 -1 0
vn 0 -1 0
vn 0 -1 0
vn 0 0 -1
vn 0 0 -1
vn 0 0 -1
vn 0 0 -1
vn 0 0 -1
vn 0 1 0
vn 0 1 0
vn 0 1 0
vn 0 1 0
vn 0 0 1
vn 0 0 1
vn 0 0 1
vn 0 0 1
vn 0 -1 0
vn 0 -1 0
vn 0 -1 0
vn 0 -1 0
vn 0 0 -1
vn 0 0 -1
vn 0 0 -1
vn 0 0 -1
vn 0 1 0
vn 0 1 0
vn 0 1 0
vn 0 1 0
vn 0 0 -1
vn 0 0 -1
vn 0 0 -1
vn 0 0 -1
vn 0 1 0
vn 0 1 0
vn 0 1 0
vn 0 1 0
vn 0 -1 0
vn 0 -1 0
vn 0 -1 0
vn 0 -1 0
vn 0 -1 0
vn 0 -1 0
vn 0 -1 0
vn 0 -1 0
vn 0 0 1
vn 0 0 1
vn 0 0 1
vn 0 0 1
vn -0.1950889 0.9807855 0
vn -0.1950889 0.9807855 0
vn -0.1950889 0.9807855 0
vn -0.1950889 0.9807855 0
vn -0.5555702 0.8314695 0
vn -0.5555702 0.8314695 0
vn -0.5555702 0.8314695 0
vn -0.5555702 0.8314695 0
vn -0.8314707 0.5555687 0
vn -0.8314707 0.5555687 0
vn -0.8314707 0.5555687 0
vn -0.8314707 0.5555687 0
vn -0.9807851 0.1950913 0
vn -0.9807851 0.1950913 0
vn -0.9807851 0.1950913 0
vn -0.9807851 0.1950913 0
vn -0.1950902 -0.9807854 0
vn -0.1950902 -0.9807854 0
vn -0.1950902 -0.9807854 0
vn -0.1950902 -0.9807854 0
vn -0.5555714 -0.8314689 0
vn -0.5555714 -0.8314689 0
vn -0.5555714 -0.8314689 0
vn -0.5555714 -0.8314689 0
vn -0.8314704 -0.5555691 0
vn -0.8314704 -0.5555691 0
vn -0.8314704 -0.5555691 0
vn -0.8314704 -0.5555691 0
vn -0.980785 -0.1950915 0
vn -0.980785 -0.1950915 0
vn -0.980785 -0.1950915 0
vn -0.980785 -0.1950915 0
vn 0 0.9807855 0.195089
vn 0 0.9807855 0.195089
vn 0 0.9807855 0.195089
vn 0 0.9807855 0.195089
vn 0 0.8314711 0.555568
vn 0 0.8314711 0.555568
vn 0 0.8314711 0.555568
vn 0 0.8314711 0.555568
vn 0 0.5555692 0.8314703
vn 0 0.5555692 0.8314703
vn 0 0.5555692 0.8314703
vn 0 0.5555692 0.8314703
vn 0 0.1950897 0.9807854
vn 0 0.1950897 0.9807854
vn 0 0.1950897 0.9807854
vn 0 0.1950897 0.9807854
vn 0 -0.9807854 -0.1950903
vn 0 -0.9807854 -0.1950903
vn 0 -0.9807854 -0.1950903
vn 0 -0.9807854 -0.1950903
vn 0 -0.8314711 -0.555568
vn 0 -0.8314711 -0.555568
vn 0 -0.8314711 -0.555568
vn 0 -0.8314711 -0.555568
vn 0 -0.5555675 -0.8314714
vn 0 -0.5555675 -0.8314714
vn 0 -0.5555675 -0.8314714
vn 0 -0.5555675 -0.8314714
vn 0 -0.19509 -0.9807854
vn 0 -0.19509 -0.9807854
vn 0 -0.19509 -0.9807854
vn 0 -0.19509 -0.9807854
vn -0.9998293 -0.01838659 -0.001810063
vn -0.9998293 -0.01838659 -0.001810063
vn -0.9998293 -0.01838659 -0.001810063
vn -0.9998293 -0.01838659 -0.001810063
vn -0.9998293 -0.01838659 -0.001810063
vn -0.9998293 -0.01838659 -0.001810063
vn -1 0 -2.614836E-07
vn -1 0 -2.614836E-07
vn -1 0 -2.614836E-07
vn -1 0 -2.614836E-07
vn -1 0 -2.614836E-07
vn -1 0 -2.614836E-07
vn -1 0 -2.614836E-07
vn -1 0 -2.614836E-07
vn -1 0 -2.614836E-07
vn -1 0 -2.614836E-07
vn -0.9999741 0.007188627 0.0002210349
vn -0.9999741 0.007188627 0.0002210349
vn -0.9999741 0.007188627 0.0002210349
vn -0.9999741 0.007188627 0.0002210349
vn -0.9999741 0.007188627 0.0002210349
vn -0.9999741 0.007188627 0.0002210349
vn -0.9999741 0.007188627 0.0002210349
vn -1 0 -2.614836E-07
vn -0.9999741 0.007188627 0.0002210349
vn -0.9999741 0.007188627 0.0002210349
vn -0.9999741 0.007188627 0.0002210349
vn -1 0 -2.614836E-07
vn -0.9999741 0.007188627 0.0002210349
vn -0.9999741 0.007188627 0.0002210349
vn -0.9999741 0.007188627 0.0002210349
vn -0.9999741 0.007188627 0.0002210349
vn -1 0 -2.614836E-07
vn -1 0 -2.614836E-07
vn -0.9999741 0.007188627 0.0002210349
vn -1 0 -2.614836E-07
vn -1 0 -2.614836E-07
vn -1 0 -2.614836E-07
vn -1 0 -2.614836E-07
vn -1 0 -2.614836E-07
vn -1 0 -2.614836E-07
vn -1 0 -2.614836E-07
vn -1 0 -2.614836E-07
vn -1 0 -2.614836E-07
vn -1 0 -2.614836E-07
vn -1 0 -2.614836E-07
vn -1 0 -2.614836E-07
vn -1 0 -2.614836E-07
vn -1 0 -2.614836E-07
vn -1 0 -2.614836E-07
vn -1 0 -2.614836E-07
vn -1 0 -2.614836E-07
vn -1 0 -2.614836E-07
vn -1 0 -2.614836E-07
vn -1 0 -2.614836E-07
vn -0.9999741 0.007188627 0.0002210349
vn -0.9999741 0.007188627 0.0002210349
vn -0.9999741 0.007188627 0.0002210349
vn -0.9999741 0.007188627 0.0002210349
vn -1 0 -2.614836E-07
vn -1 0 -2.614836E-07
vn -1 0 -2.614836E-07
vn -1 0 -2.614836E-07
vn -1 0 -2.614836E-07
vn -1 0 -2.614836E-07
vn -1 0 -2.614836E-07
vn -1 0 -2.614836E-07
vn -0.9999741 0.007188627 0.0002210349
vn -0.9999741 0.007188627 0.0002210349
vn -0.9999741 0.007188627 0.0002210349
vn -0.9999741 0.007188627 0.0002210349
vn -0.9999741 0.007188627 0.0002210349
vn -0.9999741 0.007188627 0.0002210349
vn -0.9999741 0.007188627 0.0002210349
vn -0.9999741 0.007188627 0.0002210349
vn -0.9999741 0.007188627 0.0002210349
vn -0.9999741 0.007188627 0.0002210349
vn -0.9999741 0.007188627 0.0002210349
vn -0.9999741 0.007188627 0.0002210349
vn -1 0 -2.614836E-07
vn -0.9999741 0.007188627 0.0002210349
vn -0.9999741 0.007188627 0.0002210349
vn -1 0 -2.614836E-07
vn -0.9999741 0.007188627 0.0002210349
vn -1 0 -2.614836E-07
vn -1 0 -2.614836E-07
vn -1 0 -2.614836E-07
vn -1 0 -2.614836E-07
vn -1 0 -2.614836E-07
vn -0.9999741 0.007188627 0.0002210349
vn -0.9999741 0.007188627 0.0002210349
vn -0.9999741 0.007188627 0.0002210349
vn -0.9999741 0.007188627 0.0002210349
vn -0.9999741 0.007188627 0.0002210349
vn -1 0 -2.614836E-07
vn -1 0 -2.614836E-07
vn -1 0 -2.614836E-07
vn -1 0 -2.614836E-07
vn -1 0 -2.614836E-07
vn -1 0 -2.614836E-07
vn -1 0 -2.614836E-07
vn -1 0 -2.614836E-07
vn -1 0 -2.614836E-07
vn -1 0 -2.614836E-07
vn -1 0 -2.614836E-07
vn -1 0 -2.614836E-07
vn -1 0 -2.614836E-07
vn -1 0 -2.614836E-07
vn -1 0 -2.614836E-07
vn -1 0 -2.614836E-07
vn -1 0 -2.614836E-07
vn -0.9999741 0.007188627 0.0002210349
vn -0.9999741 0.007188627 0.0002210349
vn -0.9999741 0.007188627 0.0002210349
vn -0.9999741 0.007188627 0.0002210349
vn -0.9999741 0.007188627 0.0002210349
vn -1 0 -2.614836E-07
vn -1 0 -2.614836E-07
vn -1 0 -2.614836E-07
vn -1 0 -2.614836E-07
vn -1 0 -2.614836E-07
vn -1 0 -2.614836E-07
vn -1 0 -2.614836E-07
vn -1 0 -2.614836E-07
vn -0.9999741 0.007188627 0.0002210349
vn -0.9999741 0.007188627 0.0002210349
vn -0.9999741 0.007188627 0.0002210349
vn -0.9999741 0.007188627 0.0002210349
vn -0.9999741 0.007188627 0.0002210349
vn -0.9999741 0.007188627 0.0002210349
vn -0.9999741 0.007188627 0.0002210349
vn -0.9999741 0.007188627 0.0002210349
vn -0.9999741 0.007188627 0.0002210349
vn -0.9999741 0.007188627 0.0002210349
vn -0.9999741 0.007188627 0.0002210349
vn -0.9999741 0.007188627 0.0002210349
vn -0.9999741 0.007188627 0.0002210349
vn -1 0 -2.614836E-07
vn -1 0 -2.614836E-07
vn -1 0 -2.614836E-07
vn -1 0 -2.614836E-07
vn -1 0 -2.614836E-07
vn -1 0 -2.614836E-07
vn -1 0 -2.614836E-07
vn -0.9999741 0.007188627 0.0002210349
vn -1 0 -2.614836E-07
vn -0.9999741 0.007188627 0.0002210349
vn -0.9999741 0.007188627 0.0002210349
vn -0.9999741 0.007188627 0.0002210349
vn -0.9999741 0.007188627 0.0002210349
vn -0.9999741 0.007188627 0.0002210349
vn -1 0 -2.614836E-07
vn -1 0 -2.614836E-07
vn -1 0 -2.614836E-07
vn -1 0 -2.614836E-07
vn -1 0 -2.614836E-07
vn -1 0 -2.614836E-07
vn -1 0 -2.614836E-07
vn -0.9999741 0.007188627 0.0002210349
vn -1 0 -2.614836E-07
vn -0.9999741 0.007188627 0.0002210349
vn -0.9999741 0.007188627 0.0002210349
vn -0.9999741 0.007188627 0.0002210349
vn -0.9999741 0.007188627 0.0002210349
vn -0.9999741 0.007188627 0.0002210349
vn -0.9999741 0.007188627 0.0002210349
vn -1 0 -2.614836E-07
vn -1 0 -2.614836E-07
vn -1 0 -2.614836E-07
vn -1 0 -2.614836E-07
vn -1 0 -2.614836E-07
vn -1 0 -2.614836E-07
vn -1 0 -2.614836E-07
vn -1 0 -2.614836E-07
vn -1 0 -2.614836E-07
vn -1 0 -2.614836E-07
vn -1 0 -2.614836E-07
vn -1 0 -2.614836E-07
vn -1 0 -2.614836E-07
vn -1 0 -2.614836E-07
vn -1 0 -2.614836E-07
vn -1 0 -2.614836E-07
vn -1 0 -2.614836E-07
vn -0.9999741 0.007188627 0.0002210349
vn -0.9999741 0.007188627 0.0002210349
vn -0.9999741 0.007188627 0.0002210349
vn -0.9999741 0.007188627 0.0002210349
vn -0.9999741 0.007188627 0.0002210349
vn -0.9999741 0.007188627 0.0002210349
vn -0.9999741 0.007188627 0.0002210349
vn -0.9999741 0.007188627 0.0002210349
vn -0.9999741 0.007188627 0.0002210349
vn -0.9999741 0.007188627 0.0002210349
vn -0.9999741 0.007188627 0.0002210349
vn -0.9999741 0.007188627 0.0002210349
vn -1 0 -2.614836E-07
vn -1 0 -2.614836E-07
vn -1 0 -2.614836E-07
vn -1 0 -2.614836E-07
vn -1 0 -2.614836E-07
vn -1 0 -2.614836E-07
vn -1 0 -2.614836E-07
vn -0.9999741 0.007188627 0.0002210349
vn -0.9999741 0.007188627 0.0002210349
vn -0.9999741 0.007188627 0.0002210349
vn -0.9999741 0.007188627 0.0002210349
vn -0.9999741 0.007188627 0.0002210349
vn -1 0 -2.614836E-07
vn -1 0 -2.614836E-07
vn -1 0 -2.614836E-07
vn -1 0 -2.614836E-07
vn -1 0 -2.614836E-07
vn -1 0 -2.614836E-07
vn -1 0 -2.614836E-07
vn -1 0 -2.614836E-07
vn -0.9999741 0.007188627 0.0002210349
vn -1 0 -2.614836E-07
vn -1 0 -2.614836E-07
vn -1 0 -2.614836E-07
vn -1 0 -2.614836E-07
vn -1 0 -2.614836E-07
vn -1 0 -2.614836E-07
vn -1 0 -2.614836E-07
vn -1 0 -2.614836E-07
vn -1 0 -2.614836E-07
vn -1 0 -2.614836E-07
vn -1 0 -2.614836E-07
vn -1 0 -2.614836E-07
vn -1 0 -2.614836E-07
vn -1 0 -2.614836E-07
vn -1 0 -2.614836E-07
vn -0.9999741 0.007188627 0.0002210349
vn -0.9999741 0.007188627 0.0002210349
vn -0.9999741 0.007188627 0.0002210349
vn -0.9999741 0.007188627 0.0002210349
vn -0.9999741 0.007188627 0.0002210349
vn -0.9999741 0.007188627 0.0002210349
vn -0.9999741 0.007188627 0.0002210349
vn -0.9999741 0.007188627 0.0002210349
vn -0.9999741 0.007188627 0.0002210349
vn -0.9999741 0.007188627 0.0002210349
vn -0.9999741 0.007188627 0.0002210349
vn -0.9999741 0.007188627 0.0002210349
vn -0.9999741 0.007188627 0.0002210349
vn -1 0 -2.614836E-07
vn -1 0 -2.614836E-07
vn -1 0 -2.614836E-07
vn -1 0 -2.614836E-07
vn -1 0 -2.614836E-07
vn -1 0 -2.614836E-07
vn -1 0 -2.614836E-07
vn -0.9999741 0.007188627 0.0002210349
vn -0.9999741 0.007188627 0.0002210349
vn -0.9999741 0.007188627 0.0002210349
vn -1 0 -2.614836E-07
vn -1 0 -2.614836E-07
vn -1 0 -2.614836E-07
vn -1 0 -2.614836E-07
vn -1 0 -2.614836E-07
vn -1 0 -2.614836E-07
vn -1 0 -2.614836E-07
vn -0.9999741 0.007188627 0.0002210349
vn -0.9999741 0.007188627 0.0002210349
vn -0.9999741 0.007188627 0.0002210349
vn -0.9999741 0.007188627 0.0002210349
vn -0.9999741 0.007188627 0.0002210349
vn -0.9999741 0.007188627 0.0002210349
vn -0.9999741 0.007188627 0.0002210349
vn -1 0 -2.614836E-07
vn -1 0 -2.614836E-07
vn -1 0 -2.614836E-07
vn -1 0 -2.614836E-07
vn -1 0 -2.614836E-07
vn -1 0 -2.614836E-07
vn -1 0 -2.614836E-07
vn -0.9999741 0.007188627 0.0002210349
vn -0.9999741 0.007188627 0.0002210349
vn -0.9999741 0.007188627 0.0002210349
vn -0.9999741 0.007188627 0.0002210349
vn -0.9999741 0.007188627 0.0002210349
vn -0.9999741 0.007188627 0.0002210349
vn -0.9999741 0.007188627 0.0002210349
vn -1 0 -2.614836E-07
vn -1 0 -2.614836E-07
vn -1 0 -2.614836E-07
vn -1 0 -2.614836E-07
vn -1 0 -2.614836E-07
vn -1 0 -2.614836E-07
vn -1 0 -2.614836E-07
vn -1 0 -2.614836E-07
vn -1 0 -2.614836E-07
vn -1 0 -2.614836E-07
vn -1 0 -2.614836E-07
vn -1 0 -2.614836E-07
vn -1 0 -2.614836E-07
vn -1 0 -2.614836E-07
vn -0.9999741 0.007188627 0.0002210349
vn -0.9999741 0.007188627 0.0002210349
vn -0.9999741 0.007188627 0.0002210349
vn -0.9999741 0.007188627 0.0002210349
vn -0.9999741 0.007188627 0.0002210349
vn -0.9999741 0.007188627 0.0002210349
vn -0.9999741 0.007188627 0.0002210349
vn -0.9999741 0.007188627 0.0002210349
vn -0.9999741 0.007188627 0.0002210349
vn -0.9999741 0.007188627 0.0002210349
vn -0.9999741 0.007188627 0.0002210349
vn -1 0 -2.614836E-07
vn -1 0 -2.614836E-07
vn -1 0 -2.614836E-07
vn -1 0 -2.614836E-07
vn -1 0 -2.614836E-07
vn -1 0 -2.614836E-07
vn -1 0 -2.614836E-07
vn -0.9999741 0.007188627 0.0002210349
vn -0.9999741 0.007188627 0.0002210349
vn -0.9999741 0.007188627 0.0002210349
vn -0.9999741 0.007188627 0.0002210349
vn -0.9999741 0.007188627 0.0002210349
vn -0.9999741 0.007188627 0.0002210349
vn -0.9999741 0.007188627 0.0002210349
vn -1 0 -2.614836E-07
vn -1 0 -2.614836E-07
vn -1 0 -2.614836E-07
vn -1 0 -2.614836E-07
vn -1 0 -2.614836E-07
vn -1 0 -2.614836E-07
vn -1 0 -2.614836E-07
vn -0.9999741 0.007188627 0.0002210349
vn -0.9999741 0.007188627 0.0002210349
vn -0.9999741 0.007188627 0.0002210349
vn -0.9999741 0.007188627 0.0002210349
vn -0.9999741 0.007188627 0.0002210349
vn -0.9999741 0.007188627 0.0002210349
vn -1 0 -2.614836E-07
vn -1 0 -2.614836E-07
vn -1 0 -2.614836E-07
vn -1 0 -2.614836E-07
vn -1 0 -2.614836E-07
vn -1 0 -2.614836E-07
vn -1 0 -2.614836E-07
vn -1 0 -2.614836E-07
vn -1 0 -2.614836E-07
vn -1 0 -2.614836E-07
vn -1 0 -2.614836E-07
vn -1 0 -2.614836E-07
vn -1 0 -2.614836E-07
vn -1 0 -2.614836E-07
vn -1 0 -2.614836E-07
vn -1 0 -2.614836E-07
vn -1 0 -2.614836E-07
vn -1 0 -2.614836E-07
vn -1 0 -2.614836E-07
vn -1 0 -2.614836E-07
vn -1 0 -2.614836E-07
vn -0.9999741 0.007188627 0.0002210349
vn -0.9999741 0.007188627 0.0002210349
vn -0.9999741 0.007188627 0.0002210349
vn -0.9999741 0.007188627 0.0002210349
vn -0.9999741 0.007188627 0.0002210349
vn -0.9999741 0.007188627 0.0002210349
vn -0.9999741 0.007188627 0.0002210349
vn -0.9999741 0.007188627 0.0002210349
vn -0.9999741 0.007188627 0.0002210349
vn -0.9999741 0.007188627 0.0002210349
vn -0.9999741 0.007188627 0.0002210349
vn -1 0 -2.614836E-07
vn -1 0 -2.614836E-07
vn -1 0 -2.614836E-07
vn -1 0 -2.614836E-07
vn -1 0 -2.614836E-07
vn -1 0 -2.614836E-07
vn -1 0 -2.614836E-07
vn -0.9999741 0.007188627 0.0002210349
vn -0.9999741 0.007188627 0.0002210349
vn -0.9999741 0.007188627 0.0002210349
vn -0.9999741 0.007188627 0.0002210349
vn -0.9999741 0.007188627 0.0002210349
vn -0.9999741 0.007188627 0.0002210349
vn -0.9999741 0.007188627 0.0002210349
vn -0.9999741 0.007188627 0.0002210349
vn -1 0 -2.614836E-07
vn -1 0 -2.614836E-07
vn -1 0 -2.614836E-07
vn -1 0 -2.614836E-07
vn -1 0 -2.614836E-07
vn -1 0 -2.614836E-07
vn -1 0 -2.614836E-07
vn -1 0 -2.614836E-07
vn -1 0 -2.614836E-07
vn -1 0 -2.614836E-07
vn -1 0 -2.614836E-07
vn -1 0 -2.614836E-07
vn -1 0 -2.614836E-07
vn -1 0 -2.614836E-07
vn -0.9999741 0.007188627 0.0002210349
vn -0.9999741 0.007188627 0.0002210349
vn -0.9999741 0.007188627 0.0002210349
vn -0.9999741 0.007188627 0.0002210349
vn -0.9999741 0.007188627 0.0002210349
vn -0.9999741 0.007188627 0.0002210349
vn -0.9999741 0.007188627 0.0002210349
vn -0.9999741 0.007188627 0.0002210349
vn -0.9999741 0.007188627 0.0002210349
vn -0.9999741 0.007188627 0.0002210349
vn -0.9999741 0.007188627 0.0002210349
vn -0.9999741 0.007188627 0.0002210349
vn -0.9999741 0.007188627 0.0002210349
vn -0.9999741 0.007188627 0.0002210349
vn -0.9999741 0.007188627 0.0002210349
vn -0.9999741 0.007188627 0.0002210349
vn -0.9999741 0.007188627 0.0002210349
vn -0.9999741 0.007188627 0.0002210349
vn -0.9999741 0.007188627 0.0002210349
vn -0.9999741 0.007188627 0.0002210349
vn -0.9999741 0.007188627 0.0002210349
vn -0.9999741 0.007188627 0.0002210349
vn -0.9994968 -0.03093469 0.007019879
vn -0.9994968 -0.03093469 0.007019879
vn -0.9994968 -0.03093469 0.007019879
vn -0.9994968 -0.03093469 0.007019879
vn -0.9994968 -0.03093469 0.007019879
vn -0.9999741 0.007188627 0.0002210349
vn -0.9999741 0.007188627 0.0002210349
vn -1 0 -2.614836E-07
vn -0.9999741 0.007188627 0.0002210349
vn -1 0 -2.614836E-07
vn -1 0 -2.614836E-07
vn -1 0 -2.614836E-07
vn -1 0 -2.614836E-07
vn -1 0 -2.614836E-07
vn -1 0 -2.614836E-07
vn -1 0 -2.614836E-07
vn -1 0 -2.614836E-07
vn -1 0 -2.614836E-07
vn -1 0 -2.614836E-07
vn -1 0 -2.614836E-07
vn -1 0 -2.614836E-07
vn -1 0 -2.614836E-07
vn -1 0 -2.614836E-07
vn -1 0 -2.614836E-07
vn -0.9999741 0.007188627 0.0002210349
vn -1 0 -2.614836E-07
vn -0.9999741 0.007188627 0.0002210349
vn -0.9999741 0.007188627 0.0002210349
vn -0.9999741 0.007188627 0.0002210349
vn -0.9999741 0.007188627 0.0002210349
vn -0.9999741 0.007188627 0.0002210349
vn -0.9999741 0.007188627 0.0002210349
vn -1 0 -2.614836E-07
vn -1 0 -2.614836E-07
vn -1 0 -2.614836E-07
vn -1 0 -2.614836E-07
vn -0.9999741 0.007188627 0.0002210349
vn -0.9999741 0.007188627 0.0002210349
vn -0.9999741 0.007188627 0.0002210349
vn -0.9999741 0.007188627 0.0002210349
vn -0.9999741 0.007188627 0.0002210349
vn -1 0 -2.614836E-07
vn -1 0 -2.614836E-07
vn -1 0 -2.614836E-07
vn -1 0 -2.614836E-07
vn -1 0 -2.614836E-07
vn -1 0 -2.614836E-07
vn -1 0 -2.614836E-07
vn -1 0 -2.614836E-07
vn -1 0 -2.614836E-07
vn -1 0 -2.614836E-07
vn -1 0 -2.614836E-07
vn -1 0 -2.614836E-07
vn -1 0 -2.614836E-07
vn -1 0 -2.614836E-07
vn -0.9999741 0.007188627 0.0002210349
vn -1 0 -2.614836E-07
vn -0.9999741 0.007188627 0.0002210349
vn -0.9999741 0.007188627 0.0002210349
vn -0.9999741 0.007188627 0.0002210349
vn -1 0 -2.614836E-07
vn -1 0 -2.614836E-07
vn -1 0 -2.614836E-07
vn -1 0 -2.614836E-07
vn -0.9999741 0.007188627 0.0002210349
vn -0.9999741 0.007188627 0.0002210349
vn -0.9999741 0.007188627 0.0002210349
vn -0.9999741 0.007188627 0.0002210349
vn -0.9999741 0.007188627 0.0002210349
vn -0.9999741 0.007188627 0.0002210349
vn -0.9999741 0.007188627 0.0002210349
vn -0.9999741 0.007188627 0.0002210349
vn -0.9999741 0.007188627 0.0002210349
vn -1 0 -2.614836E-07
vn -1 0 -2.614836E-07
vn -1 0 -2.614836E-07
vn -1 0 -2.614836E-07
vn -1 0 -2.614836E-07
vn -1 0 -2.614836E-07
vn -1 0 -2.614836E-07
vn -0.9999741 0.007188627 0.0002210349
vn -0.9999741 0.007188627 0.0002210349
vn -0.9999741 0.007188627 0.0002210349
vn -0.9999741 0.007188627 0.0002210349
vn -0.9999741 0.007188627 0.0002210349
vn -0.9999741 0.007188627 0.0002210349
vn -0.9999741 0.007188627 0.0002210349
vn -1 0 -2.614836E-07
vn -1 0 -2.614836E-07
vn -1 0 -2.614836E-07
vn -1 0 -2.614836E-07
vn -1 0 -2.614836E-07
vn -1 0 -2.614836E-07
vn -1 0 -2.614836E-07
vn -0.9999741 0.007188627 0.0002210349
vn -0.9999741 0.007188627 0.0002210349
vn -0.9999741 0.007188627 0.0002210349
vn -0.9999741 0.007188627 0.0002210349
vn -0.9999741 0.007188627 0.0002210349
vn -0.9999741 0.007188627 0.0002210349
vn -1 0 -2.614836E-07
vn -1 0 -2.614836E-07
vn -1 0 -2.614836E-07
vn -1 0 -2.614836E-07
vn -1 0 -2.614836E-07
vn -1 0 -2.614836E-07
vn -1 0 -2.614836E-07
vn -0.9999741 0.007188627 0.0002210349
vn -0.9999741 0.007188627 0.0002210349
vn -0.9999741 0.007188627 0.0002210349
vn -0.9999741 0.007188627 0.0002210349
vn -0.9999741 0.007188627 0.0002210349
vn -1 0 -2.614836E-07
vn -1 0 -2.614836E-07
vn -1 0 -2.614836E-07
vn -1 0 -2.614836E-07
vn -1 0 -2.614836E-07
vn -1 0 -2.614836E-07
vn -1 0 -2.614836E-07
vn -1 0 -2.614836E-07
vn -1 0 -2.614836E-07
vn -1 0 -2.614836E-07
vn -1 0 -2.614836E-07
vn -1 0 -2.614836E-07
vn -1 0 -2.614836E-07
vn -1 0 -2.614836E-07
vn -1 0 -2.614836E-07
vn -1 0 -2.614836E-07
vn -1 0 -2.614836E-07
vn -1 0 -2.614836E-07
vn -1 0 -2.614836E-07
vn -1 0 -2.614836E-07
vn -1 0 -2.614836E-07
vn -1 0 -2.614836E-07
vn -1 0 -2.614836E-07
vn -0.9999741 0.007188627 0.0002210349
vn -0.9999741 0.007188627 0.0002210349
vn -0.9999741 0.007188627 0.0002210349
vn -0.9999741 0.007188627 0.0002210349
vn -0.9999741 0.007188627 0.0002210349
vn -0.9999741 0.007188627 0.0002210349
vn -0.9999741 0.007188627 0.0002210349
vn -1 0 -2.614836E-07
vn -1 0 -2.614836E-07
vn -1 0 -2.614836E-07
vn -1 0 -2.614836E-07
vn -0.9999741 0.007188627 0.0002210349
vn -0.9999741 0.007188627 0.0002210349
vn -0.9999741 0.007188627 0.0002210349
vn -0.9999741 0.007188627 0.0002210349
vn -0.9999741 0.007188627 0.0002210349
vn -0.9999741 0.007188627 0.0002210349
vn -1 0 -2.614836E-07
vn -1 0 -2.614836E-07
vn -1 0 -2.614836E-07
vn -1 0 -2.614836E-07
vn -1 0 -2.614836E-07
vn -1 0 -2.614836E-07
vn -1 0 -2.614836E-07
vn -0.9999741 0.007188627 0.0002210349
vn -0.9999741 0.007188627 0.0002210349
vn -0.9999741 0.007188627 0.0002210349
vn -0.9999741 0.007188627 0.0002210349
vn -0.9999741 0.007188627 0.0002210349
vn -0.9999741 0.007188627 0.0002210349
vn -1 0 -2.614836E-07
vn -1 0 -2.614836E-07
vn -1 0 -2.614836E-07
vn -1 0 -2.614836E-07
vn -1 0 -2.614836E-07
vn -1 0 -2.614836E-07
vn -1 0 -2.614836E-07
vn -0.9999741 0.007188627 0.0002210349
vn -0.9999741 0.007188627 0.0002210349
vn -0.9999741 0.007188627 0.0002210349
vn -0.9999741 0.007188627 0.0002210349
vn -0.9999741 0.007188627 0.0002210349
vn -0.9999741 0.007188627 0.0002210349
vn -1 0 -2.614836E-07
vn -1 0 -2.614836E-07
vn -1 0 -2.614836E-07
vn -1 0 -2.614836E-07
vn -1 0 -2.614836E-07
vn -1 0 -2.614836E-07
vn -1 0 -2.614836E-07
vn -0.9999741 0.007188627 0.0002210349
vn -0.9999741 0.007188627 0.0002210349
vn -0.9999741 0.007188627 0.0002210349
vn -0.9999741 0.007188627 0.0002210349
vn -0.9999741 0.007188627 0.0002210349
vn -1 0 -2.614836E-07
vn -1 0 -2.614836E-07
vn -1 0 -2.614836E-07
vn -1 0 -2.614836E-07
vn -1 0 -2.614836E-07
vn -1 0 -2.614836E-07
vn -1 0 -2.614836E-07
vn -0.9999741 0.007188627 0.0002210349
vn -0.9999741 0.007188627 0.0002210349
vn -0.9999741 0.007188627 0.0002210349
vn -0.9999741 0.007188627 0.0002210349
vn -0.9999741 0.007188627 0.0002210349
vn -1 0 -2.614836E-07
vn -1 0 -2.614836E-07
vn -1 0 -2.614836E-07
vn -1 0 -2.614836E-07
vn -1 0 -2.614836E-07
vn -1 0 -2.614836E-07
vn -1 0 -2.614836E-07
vn -0.9999741 0.007188627 0.0002210349
vn -0.9999741 0.007188627 0.0002210349
vn -0.9999741 0.007188627 0.0002210349
vn -0.9999741 0.007188627 0.0002210349
vn -0.9999741 0.007188627 0.0002210349
vn -1 0 -2.614836E-07
vn -1 0 -2.614836E-07
vn -1 0 -2.614836E-07
vn -1 0 -2.614836E-07
vn -1 0 -2.614836E-07
vn -1 0 -2.614836E-07
vn -1 0 -2.614836E-07
vn -0.9999741 0.007188627 0.0002210349
vn -0.9999741 0.007188627 0.0002210349
vn -0.9999741 0.007188627 0.0002210349
vn -0.9999741 0.007188627 0.0002210349
vn -0.9999741 0.007188627 0.0002210349
vn -1 0 -2.614836E-07
vn -1 0 -2.614836E-07
vn -1 0 -2.614836E-07
vn -1 0 -2.614836E-07
vn -1 0 -2.614836E-07
vn -1 0 -2.614836E-07
vn -1 0 -2.614836E-07
vn -0.9999741 0.007188627 0.0002210349
vn -0.9999741 0.007188627 0.0002210349
vn -0.9999741 0.007188627 0.0002210349
vn -0.9999741 0.007188627 0.0002210349
vn -1 0 -2.614836E-07
vn -1 0 -2.614836E-07
vn -1 0 -2.614836E-07
vn -1 0 -2.614836E-07
vn -1 0 -2.614836E-07
vn -1 0 -2.614836E-07
vn -1 0 -2.614836E-07
vn -0.9999741 0.007188627 0.0002210349
vn -0.9999741 0.007188627 0.0002210349
vn -0.9999741 0.007188627 0.0002210349
vn -0.9999741 0.007188627 0.0002210349
vn -1 0 -2.614836E-07
vn -1 0 -2.614836E-07
vn -1 0 -2.614836E-07
vn -1 0 -2.614836E-07
vn -1 0 -2.614836E-07
vn -1 0 -2.614836E-07
vn -1 0 -2.614836E-07
vn -0.9999741 0.007188627 0.0002210349
vn -0.9999741 0.007188627 0.0002210349
vn -0.9999741 0.007188627 0.0002210349
vn -0.9999741 0.007188627 0.0002210349
vn -1 0 -2.614836E-07
vn -1 0 -2.614836E-07
vn -1 0 -2.614836E-07
vn -1 0 -2.614836E-07
vn -1 0 -2.614836E-07
vn -1 0 -2.614836E-07
vn -1 0 -2.614836E-07
vn -0.9999741 0.007188627 0.0002210349
vn -0.9999741 0.007188627 0.0002210349
vn -0.9999741 0.007188627 0.0002210349
vn -0.9999741 0.007188627 0.0002210349
vn -1 0 -2.614836E-07
vn -1 0 -2.614836E-07
vn -1 0 -2.614836E-07
vn -1 0 -2.614836E-07
vn -1 0 -2.614836E-07
vn -1 0 -2.614836E-07
vn -1 0 -2.614836E-07
vn -0.9999741 0.007188627 0.0002210349
vn -0.9999741 0.007188627 0.0002210349
vn -0.9999741 0.007188627 0.0002210349
vn -0.9999741 0.007188627 0.0002210349
vn -1 0 -2.614836E-07
vn -1 0 -2.614836E-07
vn -1 0 -2.614836E-07
vn -1 0 -2.614836E-07
vn -1 0 -2.614836E-07
vn -1 0 -2.614836E-07
vn -1 0 -2.614836E-07
vn -1 0 -2.614836E-07
vn -1 0 -2.614836E-07
vn -1 0 -2.614836E-07
vn -1 0 -2.614836E-07
vn -0.9999741 0.007188627 0.0002210349
vn -0.9999741 0.007188627 0.0002210349
vn -0.9999741 0.007188627 0.0002210349
vn -0.9999741 0.007188627 0.0002210349
vn -1 0 -2.614836E-07
vn -1 0 -2.614836E-07
vn -1 0 -2.614836E-07
vn -1 0 -2.614836E-07
vn -0.9999741 0.007188627 0.0002210349
vn -0.9999741 0.007188627 0.0002210349
vn -0.9999741 0.007188627 0.0002210349
vn -1 0 -2.614836E-07
vn -1 0 -2.614836E-07
vn -1 0 -2.614836E-07
vn -1 0 -2.614836E-07
vn -1 0 -2.614836E-07
vn -1 0 -2.614836E-07
vn -1 0 -2.614836E-07
vn -0.9999741 0.007188627 0.0002210349
vn -0.9999741 0.007188627 0.0002210349
vn -0.9999741 0.007188627 0.0002210349
vn -1 0 -2.614836E-07
vn -1 0 -2.614836E-07
vn -1 0 -2.614836E-07
vn -1 0 -2.614836E-07
vn -1 0 -2.614836E-07
vn -1 0 -2.614836E-07
vn -1 0 -2.614836E-07
vn -0.9999741 0.007188627 0.0002210349
vn -0.9999741 0.007188627 0.0002210349
vn -0.9999741 0.007188627 0.0002210349
vn -0.9999741 0.007188627 0.0002210349
vn -0.9999741 0.007188627 0.0002210349
vn -0.9999741 0.007188627 0.0002210349
vn -0.9999741 0.007188627 0.0002210349
vn -0.9999741 0.007188627 0.0002210349
vn -0.9999741 0.007188627 0.0002210349
vn -0.9999741 0.007188627 0.0002210349
vn -0.9999741 0.007188627 0.0002210349
vn -0.9999741 0.007188627 0.0002210349
vn -0.9999741 0.007188627 0.0002210349
vn -0.9999741 0.007188627 0.0002210349
vn -0.9999741 0.007188627 0.0002210349
vn -0.9999741 0.007188627 0.0002210349
vn -0.9999741 0.007188627 0.0002210349
vn -0.9999741 0.007188627 0.0002210349
vn -0.9999741 0.007188627 0.0002210349
vn -0.9999741 0.007188627 0.0002210349
vn -0.9999741 0.007188627 0.0002210349
vn -0.9999741 0.007188627 0.0002210349
vn -0.9999741 0.007188627 0.0002210349
vn -0.9999741 0.007188627 0.0002210349
vn -0.9999741 0.007188627 0.0002210349
vn -0.9999741 0.007188627 0.0002210349
vn -0.9999741 0.007188627 0.0002210349
vn -0.9999741 0.007188627 0.0002210349
vn -0.9999741 0.007188627 0.0002210349
vn -0.9999741 0.007188627 0.0002210349
vn -0.9999741 0.007188627 0.0002210349
vn -0.9999741 0.007188627 0.0002210349
vn -0.9999741 0.007188627 0.0002210349
vn -0.9999741 0.007188627 0.0002210349
vn -0.9999741 0.007188627 0.0002210349
vn -0.9999741 0.007188627 0.0002210349
vn -0.9999741 0.007188627 0.0002210349
vn -0.9999741 0.007188627 0.0002210349
vn -0.9999741 0.007188627 0.0002210349
vn -0.9999741 0.007188627 0.0002210349
vn -0.9999741 0.007188627 0.0002210349
vn -0.9999741 0.007188627 0.0002210349
vn -0.9999741 0.007188627 0.0002210349
vn -0.9999741 0.007188627 0.0002210349
vn -0.9999741 0.007188627 0.0002210349
vn -0.9999741 0.007188627 0.0002210349
vn -0.9999741 0.007188627 0.0002210349
vn -0.9999741 0.007188627 0.0002210349
vn -0.9999741 0.007188627 0.0002210349
vn -0.9999741 0.007188627 0.0002210349
vn -0.9999741 0.007188627 0.0002210349
vn -0.9999741 0.007188627 0.0002210349
vn -0.9999741 0.007188627 0.0002210349
vn -0.9999741 0.007188627 0.0002210349
vn -0.9999741 0.007188627 0.0002210349
vn -0.9999741 0.007188627 0.0002210349
vn -0.9999741 0.007188627 0.0002210349
vn -0.9999741 0.007188627 0.0002210349
vn -0.9999741 0.007188627 0.0002210349
vn -0.9999741 0.007188627 0.0002210349
vn -0.9999741 0.007188627 0.0002210349
vn -0.9999741 0.007188627 0.0002210349
vn -0.9999741 0.007188627 0.0002210349
vn -0.9999741 0.007188627 0.0002210349
vn -0.9999741 0.007188627 0.0002210349
vn -0.9999741 0.007188627 0.0002210349
vn -0.9999741 0.007188627 0.0002210349
vn -0.9999741 0.007188627 0.0002210349
vn -0.9999741 0.007188627 0.0002210349
vn -0.9999741 0.007188627 0.0002210349
vn -0.9999741 0.007188627 0.0002210349
vn -0.9999741 0.007188627 0.0002210349
vn -0.9999741 0.007188627 0.0002210349
vn -0.9999741 0.007188627 0.0002210349
vn -0.9999741 0.007188627 0.0002210349
vn 0 0.1950897 -0.9807854
vn 0 0.1950897 -0.9807854
vn 0 0.1950897 -0.9807854
vn 0 0.1950897 -0.9807854
vn 0 0.5555673 -0.8314716
vn 0 0.5555673 -0.8314716
vn 0 0.5555673 -0.8314716
vn 0 0.5555673 -0.8314716
vn 0 0.8314711 -0.555568
vn 0 0.8314711 -0.555568
vn 0 0.8314711 -0.555568
vn 0 0.8314711 -0.555568
vn 0 0.9807857 -0.1950884
vn 0 0.9807857 -0.1950884
vn 0 0.9807857 -0.1950884
vn 0 0.9807857 -0.1950884
vn 0 -0.19509 0.9807854
vn 0 -0.19509 0.9807854
vn 0 -0.19509 0.9807854
vn 0 -0.19509 0.9807854
vn 0 -0.5555695 0.8314701
vn 0 -0.5555695 0.8314701
vn 0 -0.5555695 0.8314701
vn 0 -0.5555695 0.8314701
vn 0 -0.8314702 0.5555694
vn 0 -0.8314702 0.5555694
vn 0 -0.8314702 0.5555694
vn 0 -0.8314702 0.5555694
vn 0 -0.9807854 0.1950903
vn 0 -0.9807854 0.1950903
vn 0 -0.9807854 0.1950903
vn 0 -0.9807854 0.1950903
vn 0 1 0
vn 0 1 0
vn 0 1 0
vn 0 1 0
vn 0 0 -1
vn 0 0 -1
vn 0 0 -1
vn 0 0 -1
vn 0.9999123 0.001352353 -0.01317766
vn 0.9999123 0.001352353 -0.01317766
vn 0.9999123 0.001352353 -0.01317766
vn 0.9999123 0.001352353 -0.01317766
vn 0.9999027 0 -0.01394917
vn 0.9999027 0 -0.01394917
vn 0.9999027 0 -0.01394917
vn 0.9999027 0 -0.01394917
vn 0.9999123 -0.001352317 -0.01317764
vn 0.9999123 -0.001352317 -0.01317764
vn 0.9999123 -0.001352317 -0.01317764
vn 0.9999123 -0.001352317 -0.01317764
vn 0.9999123 0.001352353 0.01317766
vn 0.9999123 0.001352353 0.01317766
vn 0.9999123 0.001352353 0.01317766
vn 0.9999123 0.001352353 0.01317766
vn 0.9996537 -0.01861408 0.01859952
vn 0.9996537 -0.01861408 0.01859952
vn 0.9996537 0.01861407 0.01860155
vn 0.9996537 0.01861407 0.01860155
vn 0.9999123 -0.001352351 0.01317764
vn 0.9999123 -0.001352351 0.01317764
vn 0.9999123 -0.001352351 0.01317764
vn 0.9999123 -0.001352351 0.01317764
vn 0.999844 -0.01501097 -0.009318551
vn 0.9997049 -0.02333812 -0.006733668
vn 0.9997049 -0.02333812 -0.006733668
vn 0.999844 -0.01501097 -0.009318551
vn 0.999844 -0.01501097 -0.009318551
vn 0.999844 -0.01501097 -0.009318551
vn 0.999844 -0.01501134 0.009318047
vn 0.999844 -0.01501134 0.009318047
vn 0.999844 -0.01501134 0.009318047
vn 0.999844 -0.01501134 0.009318047
vn 0.9997049 -0.02333645 0.006734987
vn 0.9997049 -0.02333645 0.006734987
vn 0.999705 0.02333645 -0.006732342
vn 0.999705 0.02333645 -0.006732342
vn 0.9998438 0.01501127 -0.009318525
vn 0.9998438 0.01501127 -0.009318525
vn 0.9990332 0.04396281 0
vn 0.9990332 0.04396281 0
vn 0.9990332 0.04396281 0
vn 0.9990332 0.04396281 0
vn 0.9998438 0.0150109 0.00931907
vn 0.9998438 0.0150109 0.00931907
vn 0.9997049 0.02333814 0.006733681
vn 0.9997049 0.02333814 0.006733681
vn -1 0 0
vn -1 0 0
vn -1 0 0
vn -1 0 0
vn -1 0 0
vn -1 0 0
vn -1 0 0
vn -1 0 0
vn 1 0 0
vn 1 0 0
vn 1 0 0
vn 1 0 0
vn 1 0 0
vn 1 0 0
vn 1 0 0
vn 1 0 0
vn 1 0 0
vn 1 0 0
vn 1 0 0
vn 1 0 0
vn 1 0 0
vn 1 0 0
vn 1 0 0
vn 1 0 0
vn 1 0 0
vn 1 0 0
vn 1 0 0
vn 1 0 0
vn -1 0 0
vn -1 0 0
vn -1 0 0
vn -1 0 0
vn 0 0 -1
vn 0 0 -1
vn 0 0 -1
vn 0 0 -1
vn 0 0 -1
vn 0 0 -1
vn 0 0 -1
vn 0 0 -1
vn 0 1 0
vn 0 1 0
vn 0 1 0
vn 0 1 0
vn 0 -0.980785 0.1950915
vn 0 -0.980785 0.1950915
vn 0 -0.980785 0.1950915
vn 0 -0.980785 0.1950915
vn 0 -0.8314715 0.5555674
vn 0 -0.8314715 0.5555674
vn 0 -0.8314715 0.5555674
vn 0 -0.8314715 0.5555674
vn 0 -0.5555698 0.8314699
vn 0 -0.5555698 0.8314699
vn 0 -0.5555698 0.8314699
vn 0 -0.5555698 0.8314699
vn 0 -0.195089 0.9807855
vn 0 -0.195089 0.9807855
vn 0 -0.195089 0.9807855
vn 0 -0.195089 0.9807855
vn 0 0.9807857 -0.1950884
vn 0 0.9807857 -0.1950884
vn 0 0.9807857 -0.1950884
vn 0 0.9807857 -0.1950884
vn 0 0.8314699 -0.5555699
vn 0 0.8314699 -0.5555699
vn 0 0.8314699 -0.5555699
vn 0 0.8314699 -0.5555699
vn 0 0.5555718 -0.8314685
vn 0 0.5555718 -0.8314685
vn 0 0.5555718 -0.8314685
vn 0 0.5555718 -0.8314685
vn 0 0.1950859 -0.9807861
vn 0 0.1950859 -0.9807861
vn 0 0.1950859 -0.9807861
vn 0 0.1950859 -0.9807861
vn 0 -0.1950862 -0.9807861
vn 0 -0.1950862 -0.9807861
vn 0 -0.1950862 -0.9807861
vn 0 -0.1950862 -0.9807861
vn 0 -0.5555718 -0.8314685
vn 0 -0.5555718 -0.8314685
vn 0 -0.5555718 -0.8314685
vn 0 -0.5555718 -0.8314685
vn 0 -0.8314706 -0.5555688
vn 0 -0.8314706 -0.5555688
vn 0 -0.8314706 -0.5555688
vn 0 -0.8314706 -0.5555688
vn 0 -0.980785 -0.1950915
vn 0 -0.980785 -0.1950915
vn 0 -0.980785 -0.1950915
vn 0 -0.980785 -0.1950915
vn 0 0.1950887 0.9807855
vn 0 0.1950887 0.9807855
vn 0 0.1950887 0.9807855
vn 0 0.1950887 0.9807855
vn 0 0.5555698 0.8314699
vn 0 0.5555698 0.8314699
vn 0 0.5555698 0.8314699
vn 0 0.5555698 0.8314699
vn 0 0.8314708 0.5555685
vn 0 0.8314708 0.5555685
vn 0 0.8314708 0.5555685
vn 0 0.8314708 0.5555685
vn 0 0.9807857 0.1950884
vn 0 0.9807857 0.1950884
vn 0 0.9807857 0.1950884
vn 0 0.9807857 0.1950884
vn 0 0 1
vn 0 0 1
vn 0 0 1
vn 0 0 1
vn 0 -1 0
vn 0 -1 0
vn 0 -1 0
vn 0 -1 0
vn 0 -0.1950941 -0.9807845
vn 0 -0.1950941 -0.9807845
vn 0 -0.1950941 -0.9807845
vn 0 -0.1950941 -0.9807845
vn 0 -0.5555641 0.8314737
vn 0 -0.5555641 0.8314737
vn 0 -0.5555641 0.8314737
vn 0 -0.5555641 0.8314737
vn 0 -1 0
vn 0 -1 0
vn 0 -1 0
vn 0 -1 0
vn 0 -0.5555641 -0.8314737
vn 0 -0.5555641 -0.8314737
vn 0 -0.5555641 -0.8314737
vn 0 -0.5555641 -0.8314737
vn 0 -0.8314704 0.5555691
vn 0 -0.8314704 0.5555691
vn 0 -0.8314704 0.5555691
vn 0 -0.8314704 0.5555691
vn 0 1 0
vn 0 1 0
vn 0 1 0
vn 0 1 0
vn 0 -0.8314723 -0.5555663
vn 0 -0.8314723 -0.5555663
vn 0 -0.8314723 -0.5555663
vn 0 -0.8314723 -0.5555663
vn 0 -0.9807858 0.1950877
vn 0 -0.9807858 0.1950877
vn 0 -0.9807858 0.1950877
vn 0 -0.9807858 0.1950877
vn 0 0 1
vn 0 0 1
vn 0 0 1
vn 0 0 1
vn 0 -0.9807858 -0.1950877
vn 0 -0.9807858 -0.1950877
vn 0 -0.9807858 -0.1950877
vn 0 -0.9807858 -0.1950877
vn 0 0.1950941 -0.9807845
vn 0 0.1950941 -0.9807845
vn 0 0.1950941 -0.9807845
vn 0 0.1950941 -0.9807845
vn 0 0.8314689 0.5555713
vn 0 0.8314689 0.5555713
vn 0 0.8314689 0.5555713
vn 0 0.8314689 0.5555713
vn 0 0.5555641 -0.8314737
vn 0 0.5555641 -0.8314737
vn 0 0.5555641 -0.8314737
vn 0 0.5555641 -0.8314737
vn 0 0.5555641 0.8314737
vn 0 0.5555641 0.8314737
vn 0 0.5555641 0.8314737
vn 0 0.5555641 0.8314737
vn 0 0.8314708 -0.5555683
vn 0 0.8314708 -0.5555683
vn 0 0.8314708 -0.5555683
vn 0 0.8314708 -0.5555683
vn 0 0.9807849 0.1950921
vn 0 0.9807849 0.1950921
vn 0 0.9807849 0.1950921
vn 0 0.9807849 0.1950921
vn 0 0.1950897 0.9807854
vn 0 0.1950897 0.9807854
vn 0 0.1950897 0.9807854
vn 0 0.1950897 0.9807854
vn 0 0.9807849 -0.1950921
vn 0 0.9807849 -0.1950921
vn 0 0.9807849 -0.1950921
vn 0 0.9807849 -0.1950921
vn 0 -0.1950897 0.9807854
vn 0 -0.1950897 0.9807854
vn 0 -0.1950897 0.9807854
vn 0 -0.1950897 0.9807854
vn 1 0 0
vn 1 0 0
vn 1 0 2.604882E-06
vn 1 0 2.604882E-06
vn 1 0 0
vn 1 0 0
vn 1 0 0
vn 1 0 0
vn 1 0 0
vn 1 0 -1.768619E-06
vn 1 0 0
vn 1 0 -1.768619E-06
vn 1 0 2.604886E-06
vn 1 0 -1.768619E-06
vn 1 0 2.604886E-06
vn 1 0 -1.768619E-06
vn 1 0 -2.604886E-06
vn 1 0 -5.895398E-07
vn 1 0 -2.604886E-06
vn 1 0 -5.895398E-07
vn 1 0 5.895406E-07
vn 1 0 2.604893E-06
vn 1 0 5.895406E-07
vn 1 0 2.604893E-06
vn 1 0 -5.89542E-07
vn 1 0 -2.604881E-06
vn 1 0 -5.89542E-07
vn 1 0 -2.604881E-06
vn 1 0 0
vn 1 0 0
vn 1 0 0
vn 1 0 0
vn 1 0 -2.604889E-06
vn 1 0 0
vn 1 0 -2.604889E-06
vn 1 0 0
vn 1 0 0
vn 1 0 0
vn 1 0 0
vn 1 0 0
vn 1 0 0
vn 1 0 0
vn 1 0 0
vn 1 0 0
vn 0.01840806 -0.003580794 0.9998242
vn 0.01840806 -0.003580794 0.9998242
vn 0.01840806 -0.003580794 0.9998242
vn 0.01840806 -0.003580794 0.9998242
vn -1 0 0
vn -1 0 0
vn -1 0 0
vn -1 0 0
vn 0 1 0
vn 0 1 0
vn 0 1 0
vn 0 1 0
vn 0 -1 0
vn 0 -1 0
vn 0 -1 0
vn 0 -1 0
vn 0 0 -1
vn 0 0 -1
vn 0 0 -1
vn 0 0 -1
vn 1 0 0
vn 1 0 0
vn 1 0 0
vn 1 0 0
vn 0.01839162 -0.003573869 0.9998245
vn 0.01839162 -0.003573869 0.9998245
vn 0.01839162 -0.003573869 0.9998245
vn 0.01839162 -0.003573869 0.9998245
vn -1 0 0
vn -1 0 0
vn -1 0 0
vn -1 0 0
vn 0 1 0
vn 0 1 0
vn 0 1 0
vn 0 1 0
vn 0 -1 0
vn 0 -1 0
vn 0 -1 0
vn 0 -1 0
vn 0 0 -1
vn 0 0 -1
vn 0 0 -1
vn 0 0 -1
vn 1 0 0
vn 1 0 0
vn 1 0 0
vn 1 0 0
vn 0.01840795 -0.003580794 0.9998242
vn 0.01840795 -0.003580794 0.9998242
vn 0.01840795 -0.003580794 0.9998242
vn 0.01840795 -0.003580794 0.9998242
vn -1 0 0
vn -1 0 0
vn -1 0 0
vn -1 0 0
vn 0 1 0
vn 0 1 0
vn 0 1 0
vn 0 1 0
vn 0 -1 0
vn 0 -1 0
vn 0 -1 0
vn 0 -1 0
vn 0 0 -1
vn 0 0 -1
vn 0 0 -1
vn 0 0 -1
vn 0 1 0
vn 0 1 0
vn 0 1 0
vn 0 1 0
vn 0.007539867 0 0.9999716
vn 0.007539867 0 0.9999716
vn 0.007539867 0 0.9999716
vn 0.007539867 0 0.9999716
vn 0.9997545 0 0.02215844
vn 0.9997545 0 0.02215844
vn 0.9997545 0 0.02215844
vn 0.9997545 0 0.02215844
vn 0.9997545 0 0.02215844
vn 0.9997545 0 0.02215844
vn 0.9997545 0 0.02215844
vn 0.9997545 0 0.02215844
vn 0.9997545 0 0.02215844
vn 0.9997545 0 0.02215844
vn 0.9997545 0 0.02215844
vn 0.9997545 0 0.02215844
vn 0.9997545 0 0.02215844
vn 0.9997545 0 0.02215844
vn 0.9997545 0 0.02215844
vn 0.9997545 0 0.02215844
vn 0.9997545 0 0.02215844
vn 0.9997545 0 0.02215844
vn 0.9997545 0 0.02215844
vn 0.9997545 0 0.02215844
vn 0.9997545 0 0.02215844
vn 0.9997545 0 0.02215844
vn 0.9997545 0 0.02215844
vn 0.9997545 0 0.02215844
vn 0.9997545 0 0.02215844
vn 0.9997545 0 0.02215844
vn -0.9997545 0 -0.0221583
vn -0.9997545 0 -0.0221583
vn -0.9997545 0 -0.0221583
vn -0.9997545 0 -0.0221583
vn -0.9997545 0 -0.0221583
vn -0.9997545 0 -0.0221583
vn -0.9997545 0 -0.0221583
vn -0.9997545 0 -0.0221583
vn -0.9997545 0 -0.0221583
vn -0.9997545 0 -0.0221583
vn -0.9997545 0 -0.0221583
vn -0.9997545 0 -0.0221583
vn -0.9997545 0 -0.0221583
vn -0.9997545 0 -0.0221583
vn -0.9997545 0 -0.0221583
vn -0.9997545 0 -0.0221583
vn -0.9997545 0 -0.0221583
vn -0.9997545 0 -0.0221583
vn -0.9997545 0 -0.0221583
vn -0.9997545 0 -0.0221583
vn -0.9997545 0 -0.0221583
vn -0.9997545 0 -0.0221583
vn -0.9997545 0 -0.0221583
vn -0.9997545 0 -0.0221583
vn -0.9997545 0 -0.0221583
vn -0.9997545 0 -0.0221583
vn 0 -1 0
vn 0 -1 0
vn 0 -1 0
vn 0 -1 0
vn -0.007443654 -0.1564368 -0.98766
vn -0.007443654 -0.1564368 -0.98766
vn -0.007443654 -0.1564368 -0.98766
vn -0.007443654 -0.1564368 -0.98766
vn -0.006711443 -0.4539827 -0.8909852
vn -0.006711443 -0.4539827 -0.8909852
vn -0.006711443 -0.4539827 -0.8909852
vn -0.006711443 -0.4539827 -0.8909852
vn -0.005329128 -0.7071164 -0.7070771
vn -0.005329128 -0.7071164 -0.7070771
vn -0.005329128 -0.7071164 -0.7070771
vn -0.005329128 -0.7071164 -0.7070771
vn -0.003422617 -0.8910122 -0.4539665
vn -0.003422617 -0.8910122 -0.4539665
vn -0.003422617 -0.8910122 -0.4539665
vn -0.003422617 -0.8910122 -0.4539665
vn -0.001177461 -0.9876885 -0.1564291
vn -0.001177461 -0.9876885 -0.1564291
vn -0.001177461 -0.9876885 -0.1564291
vn -0.001177461 -0.9876885 -0.1564291
vn 0.007445323 -0.1564112 0.9876639
vn 0.007445323 -0.1564112 0.9876639
vn 0.007445323 -0.1564112 0.9876639
vn 0.007445323 -0.1564112 0.9876639
vn 0.006716796 -0.4540035 0.8909746
vn 0.006716796 -0.4540035 0.8909746
vn 0.006716796 -0.4540035 0.8909746
vn 0.006716796 -0.4540035 0.8909746
vn 0.005330941 -0.7071 0.7070935
vn 0.005330941 -0.7071 0.7070935
vn 0.005330941 -0.7071 0.7070935
vn 0.005330941 -0.7071 0.7070935
vn 0.003424599 -0.8910081 0.4539745
vn 0.003424599 -0.8910081 0.4539745
vn 0.003424599 -0.8910081 0.4539745
vn 0.003424599 -0.8910081 0.4539745
vn 0.001179203 -0.9876882 0.1564308
vn 0.001179203 -0.9876882 0.1564308
vn 0.001179203 -0.9876882 0.1564308
vn 0.001179203 -0.9876882 0.1564308
vn 0.001180433 0.9876882 0.1564308
vn 0.001180433 0.9876882 0.1564308
vn 0.001180433 0.9876882 0.1564308
vn 0.001180433 0.9876882 0.1564308
vn 0.003423241 0.8910015 0.4539875
vn 0.003423241 0.8910015 0.4539875
vn 0.003423241 0.8910015 0.4539875
vn 0.003423241 0.8910015 0.4539875
vn 0.00533135 0.7071 0.7070935
vn 0.00533135 0.7071 0.7070935
vn 0.00533135 0.7071 0.7070935
vn 0.00533135 0.7071 0.7070935
vn 0.006716078 0.4540035 0.8909746
vn 0.006716078 0.4540035 0.8909746
vn 0.006716078 0.4540035 0.8909746
vn 0.006716078 0.4540035 0.8909746
vn 0.007445426 0.1564112 0.9876639
vn 0.007445426 0.1564112 0.9876639
vn 0.007445426 0.1564112 0.9876639
vn 0.007445426 0.1564112 0.9876639
vn -0.001176846 0.9876885 -0.1564291
vn -0.001176846 0.9876885 -0.1564291
vn -0.001176846 0.9876885 -0.1564291
vn -0.001176846 0.9876885 -0.1564291
vn -0.003419932 0.8910068 -0.453977
vn -0.003419932 0.8910068 -0.453977
vn -0.003419932 0.8910068 -0.453977
vn -0.003419932 0.8910068 -0.453977
vn -0.005328923 0.7071164 -0.7070771
vn -0.005328923 0.7071164 -0.7070771
vn -0.005328923 0.7071164 -0.7070771
vn -0.005328923 0.7071164 -0.7070771
vn -0.006711853 0.4539827 -0.8909852
vn -0.006711853 0.4539827 -0.8909852
vn -0.006711853 0.4539827 -0.8909852
vn -0.006711853 0.4539827 -0.8909852
vn -0.007443755 0.1564368 -0.9876599
vn -0.007443755 0.1564368 -0.9876599
vn -0.007443755 0.1564368 -0.9876599
vn -0.007443755 0.1564368 -0.9876599
vn -0.007539867 0 -0.9999716
vn -0.007539867 0 -0.9999716
vn -0.007539867 0 -0.9999716
vn -0.007539867 0 -0.9999716
vn 0 1 0
vn 0 1 0
vn 0 1 0
vn 0 1 0
vn 0.007539867 0 0.9999716
vn 0.007539867 0 0.9999716
vn 0.007539867 0 0.9999716
vn 0.007539867 0 0.9999716
vn 0.9997545 0 0.02215843
vn 0.9997545 0 0.02215843
vn 0.9997545 0 0.02215843
vn 0.9997545 0 0.02215843
vn 0.9997545 0 0.02215843
vn 0.9997545 0 0.02215843
vn 0.9997545 0 0.02215843
vn 0.9997545 0 0.02215843
vn 0.9997545 0 0.02215843
vn 0.9997545 0 0.02215843
vn 0.9997545 0 0.02215843
vn 0.9997545 0 0.02215843
vn 0.9997545 0 0.02215843
vn 0.9997545 0 0.02215843
vn 0.9997545 0 0.02215843
vn 0.9997545 0 0.02215843
vn 0.9997545 0 0.02215843
vn 0.9997545 0 0.02215843
vn 0.9997545 0 0.02215843
vn 0.9997545 0 0.02215843
vn 0.9997545 0 0.02215843
vn 0.9997545 0 0.02215843
vn 0.9997545 0 0.02215843
vn 0.9997545 0 0.02215843
vn 0.9997545 0 0.02215843
vn 0.9997545 0 0.02215843
vn -0.9997545 0 -0.02215832
vn -0.9997545 0 -0.02215832
vn -0.9997545 0 -0.02215832
vn -0.9997545 0 -0.02215832
vn -0.9997545 0 -0.02215832
vn -0.9997545 0 -0.02215832
vn -0.9997545 0 -0.02215832
vn -0.9997545 0 -0.02215832
vn -0.9997545 0 -0.02215832
vn -0.9997545 0 -0.02215832
vn -0.9997545 0 -0.02215832
vn -0.9997545 0 -0.02215832
vn -0.9997545 0 -0.02215832
vn -0.9997545 0 -0.02215832
vn -0.9997545 0 -0.02215832
vn -0.9997545 0 -0.02215832
vn -0.9997545 0 -0.02215832
vn -0.9997545 0 -0.02215832
vn -0.9997545 0 -0.02215832
vn -0.9997545 0 -0.02215832
vn -0.9997545 0 -0.02215832
vn -0.9997545 0 -0.02215832
vn -0.9997545 0 -0.02215832
vn -0.9997545 0 -0.02215832
vn -0.9997545 0 -0.02215832
vn -0.9997545 0 -0.02215832
vn 0 -1 0
vn 0 -1 0
vn 0 -1 0
vn 0 -1 0
vn -0.007443684 -0.1564112 -0.9876639
vn -0.007443684 -0.1564112 -0.9876639
vn -0.007443684 -0.1564112 -0.9876639
vn -0.007443684 -0.1564112 -0.9876639
vn -0.006715156 -0.4540035 -0.8909746
vn -0.006715156 -0.4540035 -0.8909746
vn -0.006715156 -0.4540035 -0.8909746
vn -0.006715156 -0.4540035 -0.8909746
vn -0.005330965 -0.7070901 -0.7071033
vn -0.005330965 -0.7070901 -0.7071033
vn -0.005330965 -0.7070901 -0.7071033
vn -0.005330965 -0.7070901 -0.7071033
vn -0.003423232 -0.8910122 -0.4539665
vn -0.003423232 -0.8910122 -0.4539665
vn -0.003423232 -0.8910122 -0.4539665
vn -0.003423232 -0.8910122 -0.4539665
vn -0.001177431 -0.9876891 -0.1564251
vn -0.001177431 -0.9876891 -0.1564251
vn -0.001177431 -0.9876891 -0.1564251
vn -0.001177431 -0.9876891 -0.1564251
vn 0.007446962 -0.1564112 0.9876639
vn 0.007446962 -0.1564112 0.9876639
vn 0.007446962 -0.1564112 0.9876639
vn 0.007446962 -0.1564112 0.9876639
vn 0.006718435 -0.4540035 0.8909746
vn 0.006718435 -0.4540035 0.8909746
vn 0.006718435 -0.4540035 0.8909746
vn 0.006718435 -0.4540035 0.8909746
vn 0.00533099 -0.7070935 0.7071
vn 0.00533099 -0.7070935 0.7071
vn 0.00533099 -0.7070935 0.7071
vn 0.00533099 -0.7070935 0.7071
vn 0.003423227 -0.8910109 0.4539692
vn 0.003423227 -0.8910109 0.4539692
vn 0.003423227 -0.8910109 0.4539692
vn 0.003423227 -0.8910109 0.4539692
vn 0.001179203 -0.9876882 0.1564308
vn 0.001179203 -0.9876882 0.1564308
vn 0.001179203 -0.9876882 0.1564308
vn 0.001179203 -0.9876882 0.1564308
vn 0.00118074 0.9876882 0.1564308
vn 0.00118074 0.9876882 0.1564308
vn 0.00118074 0.9876882 0.1564308
vn 0.00118074 0.9876882 0.1564308
vn 0.003423201 0.8910041 0.4539821
vn 0.003423201 0.8910041 0.4539821
vn 0.003423201 0.8910041 0.4539821
vn 0.003423201 0.8910041 0.4539821
vn 0.0053314 0.7070935 0.7071
vn 0.0053314 0.7070935 0.7071
vn 0.0053314 0.7070935 0.7071
vn 0.0053314 0.7070935 0.7071
vn 0.006718742 0.4540035 0.8909746
vn 0.006718742 0.4540035 0.8909746
vn 0.006718742 0.4540035 0.8909746
vn 0.006718742 0.4540035 0.8909746
vn 0.007447065 0.1564112 0.9876639
vn 0.007447065 0.1564112 0.9876639
vn 0.007447065 0.1564112 0.9876639
vn 0.007447065 0.1564112 0.9876639
vn -0.001177431 0.9876891 -0.1564251
vn -0.001177431 0.9876891 -0.1564251
vn -0.001177431 0.9876891 -0.1564251
vn -0.001177431 0.9876891 -0.1564251
vn -0.003423211 0.8910068 -0.453977
vn -0.003423211 0.8910068 -0.453977
vn -0.003423211 0.8910068 -0.453977
vn -0.003423211 0.8910068 -0.453977
vn -0.005331374 0.7070901 -0.7071033
vn -0.005331374 0.7070901 -0.7071033
vn -0.005331374 0.7070901 -0.7071033
vn -0.005331374 0.7070901 -0.7071033
vn -0.006715053 0.4540035 -0.8909746
vn -0.006715053 0.4540035 -0.8909746
vn -0.006715053 0.4540035 -0.8909746
vn -0.006715053 0.4540035 -0.8909746
vn -0.007443786 0.1564112 -0.9876639
vn -0.007443786 0.1564112 -0.9876639
vn -0.007443786 0.1564112 -0.9876639
vn -0.007443786 0.1564112 -0.9876639
vn -0.007539867 0 -0.9999716
vn -0.007539867 0 -0.9999716
vn -0.007539867 0 -0.9999716
vn -0.007539867 0 -0.9999716
usemtl white
f 1/1/1 3/3/3 2/2/2 
f 4/4/4 6/6/6 5/5/5 
f 7/7/7 9/9/9 8/8/8 
f 10/10/10 12/12/12 11/11/11 
f 13/13/13 15/15/15 14/14/14 
f 13/13/13 17/17/17 16/16/16 
f 13/13/13 19/19/19 18/18/18 
f 20/20/20 22/22/22 21/21/21 
f 23/23/23 25/25/25 24/24/24 
f 23/23/23 27/27/27 26/26/26 
f 28/28/28 30/30/30 29/29/29 
f 28/28/28 32/32/32 31/31/31 
f 33/33/33 35/35/35 34/34/34 
f 36/36/36 38/38/38 37/37/37 
f 39/39/39 41/41/41 40/40/40 
f 42/42/42 44/44/44 43/43/43 
f 45/45/45 47/47/47 46/46/46 
f 45/45/45 49/49/49 48/48/48 
f 45/45/45 48/48/48 50/50/50 
f 51/51/51 53/53/53 52/52/52 
f 54/54/54 56/56/56 55/55/55 
f 57/57/57 59/59/59 58/58/58 
f 60/60/60 62/62/62 61/61/61 
f 63/63/63 65/65/65 64/64/64 
f 66/66/66 68/68/68 67/67/67 
f 66/66/66 69/69/69 68/68/68 
f 70/70/70 72/72/72 71/71/71 
f 70/70/70 73/73/73 72/72/72 
f 74/74/74 76/76/76 75/75/75 
f 74/74/74 77/77/77 76/76/76 
f 78/78/78 80/80/80 79/79/79 
f 78/78/78 81/81/81 80/80/80 
f 82/82/82 84/84/84 83/83/83 
f 82/82/82 85/85/85 84/84/84 
f 86/86/86 88/88/88 87/87/87 
f 86/86/86 89/89/89 88/88/88 
f 90/90/90 92/92/92 91/91/91 
f 92/92/92 90/90/90 93/93/93 
f 92/92/92 93/93/93 94/94/94 
f 95/95/95 97/97/97 96/96/96 
f 95/95/95 98/98/98 97/97/97 
f 99/99/99 101/101/101 100/100/100 
f 99/99/99 102/102/102 101/101/101 
f 103/103/103 105/105/105 104/104/104 
f 103/103/103 106/106/106 105/105/105 
f 107/107/107 109/109/109 108/108/108 
f 107/107/107 110/110/110 109/109/109 
f 111/111/111 113/113/113 112/112/112 
f 111/111/111 114/114/114 113/113/113 
f 115/115/115 117/117/117 116/116/116 
f 115/115/115 118/118/118 117/117/117 
f 119/119/119 121/121/121 120/120/120 
f 121/121/121 119/119/119 122/122/122 
f 121/121/121 122/122/122 123/123/123 
f 123/123/123 122/122/122 124/124/124 
f 123/123/123 124/124/124 125/125/125 
f 125/125/125 124/124/124 126/126/126 
f 125/125/125 126/126/126 127/127/127 
f 127/127/127 126/126/126 128/128/128 
f 127/127/127 128/128/128 129/129/129 
f 129/129/129 128/128/128 130/130/130 
f 129/129/129 130/130/130 131/131/131 
f 132/132/132 134/134/134 133/133/133 
f 132/132/132 135/135/135 134/134/134 
f 136/136/136 138/138/138 137/137/137 
f 136/136/136 139/139/139 138/138/138 
f 140/140/140 142/142/142 141/141/141 
f 140/140/140 143/143/143 142/142/142 
f 144/144/144 146/146/146 145/145/145 
f 144/144/144 147/147/147 146/146/146 
f 148/148/148 150/150/150 149/149/149 
f 148/148/148 151/151/151 150/150/150 
f 152/152/152 154/154/154 153/153/153 
f 152/152/152 155/155/155 154/154/154 
f 156/156/156 158/158/158 157/157/157 
f 158/158/158 156/156/156 159/159/159 
f 158/158/158 159/159/159 160/160/160 
f 161/161/161 163/163/163 162/162/162 
f 161/161/161 164/164/164 163/163/163 
f 165/165/165 167/167/167 166/166/166 
f 165/165/165 168/168/168 167/167/167 
f 169/169/169 171/171/171 170/170/170 
f 169/169/169 172/172/172 171/171/171 
f 173/173/173 175/175/175 174/174/174 
f 173/173/173 176/176/176 175/175/175 
f 177/177/177 179/179/179 178/178/178 
f 177/177/177 180/180/180 179/179/179 
f 181/181/181 183/183/183 182/182/182 
f 181/181/181 184/184/184 183/183/183 
f 185/185/185 187/187/187 186/186/186 
f 187/187/187 185/185/185 188/188/188 
f 187/187/187 188/188/188 189/189/189 
f 189/189/189 188/188/188 190/190/190 
f 189/189/189 190/190/190 191/191/191 
f 191/191/191 190/190/190 192/192/192 
f 191/191/191 192/192/192 193/193/193 
f 193/193/193 192/192/192 194/194/194 
f 193/193/193 194/194/194 195/195/195 
f 195/195/195 194/194/194 196/196/196 
f 195/195/195 196/196/196 197/197/197 
f 198/198/198 200/200/200 199/199/199 
f 198/198/198 201/201/201 200/200/200 
f 202/202/202 204/204/204 203/203/203 
f 202/202/202 205/205/205 204/204/204 
f 206/206/206 208/208/208 207/207/207 
f 206/206/206 209/209/209 208/208/208 
f 210/210/210 212/212/212 211/211/211 
f 210/210/210 213/213/213 212/212/212 
f 214/214/214 216/216/216 215/215/215 
f 214/214/214 217/217/217 216/216/216 
f 218/218/218 220/220/220 219/219/219 
f 218/218/218 221/221/221 220/220/220 
f 222/222/222 224/224/224 223/223/223 
f 224/224/224 222/222/222 225/225/225 
f 224/224/224 225/225/225 226/226/226 
f 227/227/227 229/229/229 228/228/228 
f 227/227/227 230/230/230 229/229/229 
f 231/231/231 233/233/233 232/232/232 
f 231/231/231 234/234/234 233/233/233 
f 235/235/235 237/237/237 236/236/236 
f 235/235/235 238/238/238 237/237/237 
f 239/239/239 241/241/241 240/240/240 
f 239/239/239 242/242/242 241/241/241 
f 243/243/243 245/245/245 244/244/244 
f 243/243/243 246/246/246 245/245/245 
f 247/247/247 249/249/249 248/248/248 
f 247/247/247 250/250/250 249/249/249 
f 251/251/251 253/253/253 252/252/252 
f 253/253/253 251/251/251 254/254/254 
f 253/253/253 254/254/254 255/255/255 
f 255/255/255 254/254/254 256/256/256 
f 255/255/255 256/256/256 257/257/257 
f 257/257/257 256/256/256 258/258/258 
f 257/257/257 258/258/258 259/259/259 
f 259/259/259 258/258/258 260/260/260 
f 259/259/259 260/260/260 261/261/261 
f 261/261/261 260/260/260 262/262/262 
f 261/261/261 262/262/262 263/263/263 
f 264/264/264 266/266/266 265/265/265 
f 264/264/264 267/267/267 266/266/266 
f 268/268/268 270/270/270 269/269/269 
f 268/268/268 271/271/271 270/270/270 
f 272/272/272 274/274/274 273/273/273 
f 272/272/272 275/275/275 274/274/274 
f 276/276/276 278/278/278 277/277/277 
f 276/276/276 279/279/279 278/278/278 
f 280/280/280 282/282/282 281/281/281 
f 280/280/280 283/283/283 282/282/282 
f 284/284/284 286/286/286 285/285/285 
f 284/284/284 287/287/287 286/286/286 
f 288/288/288 290/290/290 289/289/289 
f 290/290/290 288/288/288 291/291/291 
f 290/290/290 291/291/291 292/292/292 
f 293/293/293 295/295/295 294/294/294 
f 293/293/293 296/296/296 295/295/295 
f 297/297/297 299/299/299 298/298/298 
f 297/297/297 300/300/300 299/299/299 
f 301/301/301 303/303/303 302/302/302 
f 301/301/301 304/304/304 303/303/303 
f 305/305/305 307/307/307 306/306/306 
f 305/305/305 308/308/308 307/307/307 
f 309/309/309 311/311/311 310/310/310 
f 309/309/309 312/312/312 311/311/311 
f 313/313/313 315/315/315 314/314/314 
f 313/313/313 316/316/316 315/315/315 
f 317/317/317 319/319/319 318/318/318 
f 319/319/319 317/317/317 320/320/320 
f 319/319/319 320/320/320 321/321/321 
f 321/321/321 320/320/320 322/322/322 
f 321/321/321 322/322/322 323/323/323 
f 323/323/323 322/322/322 324/324/324 
f 323/323/323 324/324/324 325/325/325 
f 325/325/325 324/324/324 326/326/326 
f 325/325/325 326/326/326 327/327/327 
f 327/327/327 326/326/326 328/328/328 
f 327/327/327 328/328/328 329/329/329 
f 330/330/330 332/332/332 331/331/331 
f 330/330/330 333/333/333 332/332/332 
f 334/334/334 336/336/336 335/335/335 
f 334/334/334 337/337/337 336/336/336 
f 338/338/338 340/340/340 339/339/339 
f 338/338/338 341/341/341 340/340/340 
f 342/342/342 344/344/344 343/343/343 
f 342/342/342 345/345/345 344/344/344 
f 346/346/346 348/348/348 347/347/347 
f 346/346/346 349/349/349 348/348/348 
f 350/350/350 352/352/352 351/351/351 
f 350/350/350 353/353/353 352/352/352 
f 354/354/354 356/356/356 355/355/355 
f 356/356/356 354/354/354 357/357/357 
f 356/356/356 357/357/357 358/358/358 
f 359/359/359 361/361/361 360/360/360 
f 359/359/359 362/362/362 361/361/361 
f 363/363/363 365/365/365 364/364/364 
f 363/363/363 366/366/366 365/365/365 
f 367/367/367 369/369/369 368/368/368 
f 367/367/367 370/370/370 369/369/369 
f 371/371/371 373/373/373 372/372/372 
f 371/371/371 374/374/374 373/373/373 
f 375/375/375 377/377/377 376/376/376 
f 375/375/375 378/378/378 377/377/377 
f 379/379/379 381/381/381 380/380/380 
f 379/379/379 382/382/382 381/381/381 
f 383/383/383 385/385/385 384/384/384 
f 385/385/385 383/383/383 386/386/386 
f 385/385/385 386/386/386 387/387/387 
f 387/387/387 386/386/386 388/388/388 
f 387/387/387 388/388/388 389/389/389 
f 389/389/389 388/388/388 390/390/390 
f 389/389/389 390/390/390 391/391/391 
f 391/391/391 390/390/390 392/392/392 
f 391/391/391 392/392/392 393/393/393 
f 393/393/393 392/392/392 394/394/394 
f 393/393/393 394/394/394 395/395/395 
f 396/396/396 398/398/398 397/397/397 
f 396/396/396 399/399/399 398/398/398 
f 400/400/400 402/402/402 401/401/401 
f 400/400/400 403/403/403 402/402/402 
f 404/404/404 406/406/406 405/405/405 
f 404/404/404 407/407/407 406/406/406 
f 408/408/408 410/410/410 409/409/409 
f 408/408/408 411/411/411 410/410/410 
f 412/412/412 414/414/414 413/413/413 
f 412/412/412 415/415/415 414/414/414 
f 416/416/416 418/418/418 417/417/417 
f 416/416/416 419/419/419 418/418/418 
f 420/420/420 422/422/422 421/421/421 
f 422/422/422 420/420/420 423/423/423 
f 422/422/422 423/423/423 424/424/424 
f 425/425/425 427/427/427 426/426/426 
f 425/425/425 428/428/428 427/427/427 
f 429/429/429 431/431/431 430/430/430 
f 429/429/429 432/432/432 431/431/431 
f 433/433/433 435/435/435 434/434/434 
f 433/433/433 436/436/436 435/435/435 
f 437/437/437 439/439/439 438/438/438 
f 437/437/437 440/440/440 439/439/439 
f 441/441/441 443/443/443 442/442/442 
f 441/441/441 444/444/444 443/443/443 
f 445/445/445 447/447/447 446/446/446 
f 445/445/445 448/448/448 447/447/447 
f 449/449/449 451/451/451 450/450/450 
f 451/451/451 449/449/449 452/452/452 
f 451/451/451 452/452/452 453/453/453 
f 453/453/453 452/452/452 454/454/454 
f 453/453/453 454/454/454 455/455/455 
f 455/455/455 454/454/454 456/456/456 
f 455/455/455 456/456/456 457/457/457 
f 457/457/457 456/456/456 458/458/458 
f 457/457/457 458/458/458 459/459/459 
f 459/459/459 458/458/458 460/460/460 
f 459/459/459 460/460/460 461/461/461 
f 462/462/462 464/464/464 463/463/463 
f 462/462/462 465/465/465 464/464/464 
f 466/466/466 468/468/468 467/467/467 
f 466/466/466 469/469/469 468/468/468 
f 470/470/470 472/472/472 471/471/471 
f 470/470/470 473/473/473 472/472/472 
f 474/474/474 476/476/476 475/475/475 
f 474/474/474 477/477/477 476/476/476 
f 478/478/478 480/480/480 479/479/479 
f 478/478/478 481/481/481 480/480/480 
f 482/482/482 484/484/484 483/483/483 
f 482/482/482 485/485/485 484/484/484 
f 486/486/486 488/488/488 487/487/487 
f 488/488/488 486/486/486 489/489/489 
f 488/488/488 489/489/489 490/490/490 
f 491/491/491 493/493/493 492/492/492 
f 491/491/491 494/494/494 493/493/493 
f 495/495/495 497/497/497 496/496/496 
f 495/495/495 498/498/498 497/497/497 
f 499/499/499 501/501/501 500/500/500 
f 499/499/499 502/502/502 501/501/501 
f 503/503/503 505/505/505 504/504/504 
f 503/503/503 506/506/506 505/505/505 
f 507/507/507 509/509/509 508/508/508 
f 507/507/507 510/510/510 509/509/509 
f 511/511/511 513/513/513 512/512/512 
f 511/511/511 514/514/514 513/513/513 
f 515/515/515 517/517/517 516/516/516 
f 517/517/517 515/515/515 518/518/518 
f 517/517/517 518/518/518 519/519/519 
f 519/519/519 518/518/518 520/520/520 
f 519/519/519 520/520/520 521/521/521 
f 521/521/521 520/520/520 522/522/522 
f 521/521/521 522/522/522 523/523/523 
f 523/523/523 522/522/522 524/524/524 
f 523/523/523 524/524/524 525/525/525 
f 525/525/525 524/524/524 526/526/526 
f 525/525/525 526/526/526 527/527/527 
f 528/528/528 530/530/530 529/529/529 
f 528/528/528 531/531/531 530/530/530 
f 532/532/532 534/534/534 533/533/533 
f 532/532/532 535/535/535 534/534/534 
f 536/536/536 538/538/538 537/537/537 
f 536/536/536 539/539/539 538/538/538 
f 540/540/540 542/542/542 541/541/541 
f 540/540/540 543/543/543 542/542/542 
f 544/544/544 546/546/546 545/545/545 
f 544/544/544 547/547/547 546/546/546 
f 548/548/548 550/550/550 549/549/549 
f 548/548/548 551/551/551 550/550/550 
f 552/552/552 554/554/554 553/553/553 
f 554/554/554 552/552/552 555/555/555 
f 554/554/554 555/555/555 556/556/556 
f 557/557/557 559/559/559 558/558/558 
f 557/557/557 560/560/560 559/559/559 
f 561/561/561 563/563/563 562/562/562 
f 561/561/561 564/564/564 563/563/563 
f 565/565/565 567/567/567 566/566/566 
f 565/565/565 568/568/568 567/567/567 
f 569/569/569 571/571/571 570/570/570 
f 569/569/569 572/572/572 571/571/571 
f 573/573/573 575/575/575 574/574/574 
f 573/573/573 576/576/576 575/575/575 
f 577/577/577 579/579/579 578/578/578 
f 577/577/577 580/580/580 579/579/579 
f 581/581/581 583/583/583 582/582/582 
f 583/583/583 581/581/581 584/584/584 
f 583/583/583 584/584/584 585/585/585 
f 585/585/585 584/584/584 586/586/586 
f 585/585/585 586/586/586 587/587/587 
f 587/587/587 586/586/586 588/588/588 
f 587/587/587 588/588/588 589/589/589 
f 589/589/589 588/588/588 590/590/590 
f 589/589/589 590/590/590 591/591/591 
f 591/591/591 590/590/590 592/592/592 
f 591/591/591 592/592/592 593/593/593 
f 594/594/594 596/596/596 595/595/595 
f 594/594/594 597/597/597 596/596/596 
f 598/598/598 600/600/600 599/599/599 
f 598/598/598 601/601/601 600/600/600 
f 602/602/602 604/604/604 603/603/603 
f 602/602/602 605/605/605 604/604/604 
f 606/606/606 608/608/608 607/607/607 
f 606/606/606 609/609/609 608/608/608 
f 610/610/610 612/612/612 611/611/611 
f 610/610/610 613/613/613 612/612/612 
f 614/614/614 616/616/616 615/615/615 
f 614/614/614 617/617/617 616/616/616 
f 618/618/618 620/620/620 619/619/619 
f 620/620/620 618/618/618 621/621/621 
f 620/620/620 621/621/621 622/622/622 
f 623/623/623 625/625/625 624/624/624 
f 623/623/623 626/626/626 625/625/625 
f 627/627/627 629/629/629 628/628/628 
f 627/627/627 630/630/630 629/629/629 
f 631/631/631 633/633/633 632/632/632 
f 631/631/631 634/634/634 633/633/633 
f 635/635/635 637/637/637 636/636/636 
f 635/635/635 638/638/638 637/637/637 
f 639/639/639 641/641/641 640/640/640 
f 639/639/639 642/642/642 641/641/641 
f 643/643/643 645/645/645 644/644/644 
f 643/643/643 646/646/646 645/645/645 
f 647/647/647 649/649/649 648/648/648 
f 649/649/649 647/647/647 650/650/650 
f 649/649/649 650/650/650 651/651/651 
f 651/651/651 650/650/650 652/652/652 
f 651/651/651 652/652/652 653/653/653 
f 653/653/653 652/652/652 654/654/654 
f 653/653/653 654/654/654 655/655/655 
f 655/655/655 654/654/654 656/656/656 
f 655/655/655 656/656/656 657/657/657 
f 657/657/657 656/656/656 658/658/658 
f 657/657/657 658/658/658 659/659/659 
f 660/660/660 662/662/662 661/661/661 
f 660/660/660 663/663/663 662/662/662 
f 664/664/664 666/666/666 665/665/665 
f 664/664/664 667/667/667 666/666/666 
f 668/668/668 670/670/670 669/669/669 
f 668/668/668 671/671/671 670/670/670 
f 672/672/672 674/674/674 673/673/673 
f 672/672/672 675/675/675 674/674/674 
f 676/676/676 678/678/678 677/677/677 
f 676/676/676 679/679/679 678/678/678 
f 680/680/680 682/682/682 681/681/681 
f 680/680/680 683/683/683 682/682/682 
f 684/684/684 686/686/686 685/685/685 
f 686/686/686 684/684/684 687/687/687 
f 686/686/686 687/687/687 688/688/688 
f 689/689/689 691/691/691 690/690/690 
f 689/689/689 692/692/692 691/691/691 
f 693/693/693 695/695/695 694/694/694 
f 693/693/693 696/696/696 695/695/695 
f 697/697/697 699/699/699 698/698/698 
f 697/697/697 700/700/700 699/699/699 
f 701/701/701 703/703/703 702/702/702 
f 701/701/701 704/704/704 703/703/703 
f 705/705/705 707/707/707 706/706/706 
f 705/705/705 708/708/708 707/707/707 
f 709/709/709 711/711/711 710/710/710 
f 709/709/709 712/712/712 711/711/711 
f 713/713/713 715/715/715 714/714/714 
f 715/715/715 713/713/713 716/716/716 
f 715/715/715 716/716/716 717/717/717 
f 717/717/717 716/716/716 718/718/718 
f 717/717/717 718/718/718 719/719/719 
f 719/719/719 718/718/718 720/720/720 
f 719/719/719 720/720/720 721/721/721 
f 721/721/721 720/720/720 722/722/722 
f 721/721/721 722/722/722 723/723/723 
f 723/723/723 722/722/722 724/724/724 
f 723/723/723 724/724/724 725/725/725 
f 726/726/726 728/728/728 727/727/727 
f 726/726/726 729/729/729 728/728/728 
f 730/730/730 732/732/732 731/731/731 
f 730/730/730 733/733/733 732/732/732 
f 734/734/734 736/736/736 735/735/735 
f 734/734/734 737/737/737 736/736/736 
f 738/738/738 740/740/740 739/739/739 
f 738/738/738 741/741/741 740/740/740 
f 742/742/742 744/744/744 743/743/743 
f 742/742/742 745/745/745 744/744/744 
f 746/746/746 748/748/748 747/747/747 
f 746/746/746 749/749/749 748/748/748 
f 750/750/750 752/752/752 751/751/751 
f 752/752/752 750/750/750 753/753/753 
f 752/752/752 753/753/753 754/754/754 
f 755/755/755 757/757/757 756/756/756 
f 755/755/755 758/758/758 757/757/757 
f 759/759/759 761/761/761 760/760/760 
f 759/759/759 762/762/762 761/761/761 
f 763/763/763 765/765/765 764/764/764 
f 763/763/763 766/766/766 765/765/765 
f 767/767/767 769/769/769 768/768/768 
f 767/767/767 770/770/770 769/769/769 
f 771/771/771 773/773/773 772/772/772 
f 771/771/771 774/774/774 773/773/773 
f 775/775/775 777/777/777 776/776/776 
f 775/775/775 778/778/778 777/777/777 
f 779/779/779 781/781/781 780/780/780 
f 781/781/781 779/779/779 782/782/782 
f 781/781/781 782/782/782 783/783/783 
f 783/783/783 782/782/782 784/784/784 
f 783/783/783 784/784/784 785/785/785 
f 785/785/785 784/784/784 786/786/786 
f 785/785/785 786/786/786 787/787/787 
f 787/787/787 786/786/786 788/788/788 
f 787/787/787 788/788/788 789/789/789 
f 789/789/789 788/788/788 790/790/790 
f 789/789/789 790/790/790 791/791/791 
f 792/792/792 794/794/794 793/793/793 
f 792/792/792 795/795/795 794/794/794 
f 796/796/796 798/798/798 797/797/797 
f 796/796/796 799/799/799 798/798/798 
f 800/800/800 802/802/802 801/801/801 
f 800/800/800 803/803/803 802/802/802 
f 804/804/804 806/806/806 805/805/805 
f 804/804/804 807/807/807 806/806/806 
f 808/808/808 810/810/810 809/809/809 
f 808/808/808 811/811/811 810/810/810 
f 812/812/812 814/814/814 813/813/813 
f 812/812/812 815/815/815 814/814/814 
f 816/816/816 818/818/818 817/817/817 
f 818/818/818 816/816/816 819/819/819 
f 818/818/818 819/819/819 820/820/820 
f 821/821/821 823/823/823 822/822/822 
f 821/821/821 824/824/824 823/823/823 
f 825/825/825 827/827/827 826/826/826 
f 825/825/825 828/828/828 827/827/827 
f 829/829/829 831/831/831 830/830/830 
f 829/829/829 832/832/832 831/831/831 
f 833/833/833 835/835/835 834/834/834 
f 833/833/833 836/836/836 835/835/835 
f 837/837/837 839/839/839 838/838/838 
f 837/837/837 840/840/840 839/839/839 
f 841/841/841 843/843/843 842/842/842 
f 841/841/841 844/844/844 843/843/843 
f 845/845/845 847/847/847 846/846/846 
f 847/847/847 845/845/845 848/848/848 
f 847/847/847 848/848/848 849/849/849 
f 849/849/849 848/848/848 850/850/850 
f 849/849/849 850/850/850 851/851/851 
f 851/851/851 850/850/850 852/852/852 
f 851/851/851 852/852/852 853/853/853 
f 853/853/853 852/852/852 854/854/854 
f 853/853/853 854/854/854 855/855/855 
f 855/855/855 854/854/854 856/856/856 
f 855/855/855 856/856/856 857/857/857 
f 858/858/858 860/860/860 859/859/859 
f 858/858/858 861/861/861 860/860/860 
f 862/862/862 864/864/864 863/863/863 
f 862/862/862 865/865/865 864/864/864 
f 866/866/866 868/868/868 867/867/867 
f 866/866/866 869/869/869 868/868/868 
f 870/870/870 872/872/872 871/871/871 
f 870/870/870 873/873/873 872/872/872 
f 874/874/874 876/876/876 875/875/875 
f 874/874/874 877/877/877 876/876/876 
f 878/878/878 880/880/880 879/879/879 
f 878/878/878 881/881/881 880/880/880 
f 882/882/882 884/884/884 883/883/883 
f 884/884/884 882/882/882 885/885/885 
f 884/884/884 885/885/885 886/886/886 
f 887/887/887 889/889/889 888/888/888 
f 887/887/887 890/890/890 889/889/889 
f 891/891/891 893/893/893 892/892/892 
f 891/891/891 894/894/894 893/893/893 
f 895/895/895 897/897/897 896/896/896 
f 895/895/895 898/898/898 897/897/897 
f 899/899/899 901/901/901 900/900/900 
f 899/899/899 902/902/902 901/901/901 
f 903/903/903 905/905/905 904/904/904 
f 903/903/903 906/906/906 905/905/905 
f 907/907/907 909/909/909 908/908/908 
f 907/907/907 910/910/910 909/909/909 
f 911/911/911 913/913/913 912/912/912 
f 913/913/913 911/911/911 914/914/914 
f 913/913/913 914/914/914 915/915/915 
f 915/915/915 914/914/914 916/916/916 
f 915/915/915 916/916/916 917/917/917 
f 917/917/917 916/916/916 918/918/918 
f 917/917/917 918/918/918 919/919/919 
f 919/919/919 918/918/918 920/920/920 
f 919/919/919 920/920/920 921/921/921 
f 921/921/921 920/920/920 922/922/922 
f 921/921/921 922/922/922 923/923/923 
f 924/924/924 926/926/926 925/925/925 
f 924/924/924 927/927/927 926/926/926 
f 928/928/928 930/930/930 929/929/929 
f 928/928/928 931/931/931 930/930/930 
f 932/932/932 934/934/934 933/933/933 
f 932/932/932 935/935/935 934/934/934 
f 936/936/936 938/938/938 937/937/937 
f 936/936/936 939/939/939 938/938/938 
f 940/940/940 942/942/942 941/941/941 
f 940/940/940 943/943/943 942/942/942 
f 944/944/944 946/946/946 945/945/945 
f 944/944/944 947/947/947 946/946/946 
f 948/948/948 950/950/950 949/949/949 
f 950/950/950 948/948/948 951/951/951 
f 950/950/950 951/951/951 952/952/952 
f 953/953/953 955/955/955 954/954/954 
f 953/953/953 956/956/956 955/955/955 
f 957/957/957 959/959/959 958/958/958 
f 957/957/957 960/960/960 959/959/959 
f 961/961/961 963/963/963 962/962/962 
f 961/961/961 964/964/964 963/963/963 
f 965/965/965 967/967/967 966/966/966 
f 965/965/965 968/968/968 967/967/967 
f 969/969/969 971/971/971 970/970/970 
f 969/969/969 972/972/972 971/971/971 
f 973/973/973 975/975/975 974/974/974 
f 973/973/973 976/976/976 975/975/975 
f 977/977/977 979/979/979 978/978/978 
f 979/979/979 977/977/977 980/980/980 
f 979/979/979 980/980/980 981/981/981 
f 981/981/981 980/980/980 982/982/982 
f 981/981/981 982/982/982 983/983/983 
f 983/983/983 982/982/982 984/984/984 
f 983/983/983 984/984/984 985/985/985 
f 985/985/985 984/984/984 986/986/986 
f 985/985/985 986/986/986 987/987/987 
f 987/987/987 986/986/986 988/988/988 
f 987/987/987 988/988/988 989/989/989 
f 990/990/990 992/992/992 991/991/991 
f 990/990/990 993/993/993 992/992/992 
f 994/994/994 996/996/996 995/995/995 
f 994/994/994 997/997/997 996/996/996 
f 998/998/998 1000/1000/1000 999/999/999 
f 998/998/998 1001/1001/1001 1000/1000/1000 
f 1002/1002/1002 1004/1004/1004 1003/1003/1003 
f 1002/1002/1002 1005/1005/1005 1004/1004/1004 
f 1006/1006/1006 1008/1008/1008 1007/1007/1007 
f 1006/1006/1006 1009/1009/1009 1008/1008/1008 
f 1010/1010/1010 1012/1012/1012 1011/1011/1011 
f 1010/1010/1010 1013/1013/1013 1012/1012/1012 
f 1014/1014/1014 1016/1016/1016 1015/1015/1015 
f 1016/1016/1016 1014/1014/1014 1017/1017/1017 
f 1016/1016/1016 1017/1017/1017 1018/1018/1018 
f 1019/1019/1019 1021/1021/1021 1020/1020/1020 
f 1019/1019/1019 1022/1022/1022 1021/1021/1021 
f 1023/1023/1023 1025/1025/1025 1024/1024/1024 
f 1023/1023/1023 1026/1026/1026 1025/1025/1025 
f 1027/1027/1027 1029/1029/1029 1028/1028/1028 
f 1027/1027/1027 1030/1030/1030 1029/1029/1029 
f 1031/1031/1031 1033/1033/1033 1032/1032/1032 
f 1031/1031/1031 1034/1034/1034 1033/1033/1033 
f 1035/1035/1035 1037/1037/1037 1036/1036/1036 
f 1035/1035/1035 1038/1038/1038 1037/1037/1037 
f 1039/1039/1039 1041/1041/1041 1040/1040/1040 
f 1039/1039/1039 1042/1042/1042 1041/1041/1041 
f 1043/1043/1043 1045/1045/1045 1044/1044/1044 
f 1045/1045/1045 1043/1043/1043 1046/1046/1046 
f 1045/1045/1045 1046/1046/1046 1047/1047/1047 
f 1047/1047/1047 1046/1046/1046 1048/1048/1048 
f 1047/1047/1047 1048/1048/1048 1049/1049/1049 
f 1049/1049/1049 1048/1048/1048 1050/1050/1050 
f 1049/1049/1049 1050/1050/1050 1051/1051/1051 
f 1051/1051/1051 1050/1050/1050 1052/1052/1052 
f 1051/1051/1051 1052/1052/1052 1053/1053/1053 
f 1053/1053/1053 1052/1052/1052 1054/1054/1054 
f 1053/1053/1053 1054/1054/1054 1055/1055/1055 
f 1056/1056/1056 1058/1058/1058 1057/1057/1057 
f 1056/1056/1056 1059/1059/1059 1058/1058/1058 
f 1060/1060/1060 1062/1062/1062 1061/1061/1061 
f 1060/1060/1060 1063/1063/1063 1062/1062/1062 
f 1064/1064/1064 1066/1066/1066 1065/1065/1065 
f 1064/1064/1064 1067/1067/1067 1066/1066/1066 
f 1068/1068/1068 1070/1070/1070 1069/1069/1069 
f 1068/1068/1068 1071/1071/1071 1070/1070/1070 
f 1072/1072/1072 1074/1074/1074 1073/1073/1073 
f 1072/1072/1072 1075/1075/1075 1074/1074/1074 
f 1076/1076/1076 1078/1078/1078 1077/1077/1077 
f 1076/1076/1076 1079/1079/1079 1078/1078/1078 
f 1080/1080/1080 1082/1082/1082 1081/1081/1081 
f 1082/1082/1082 1080/1080/1080 1083/1083/1083 
f 1082/1082/1082 1083/1083/1083 1084/1084/1084 
f 1085/1085/1085 1087/1087/1087 1086/1086/1086 
f 1085/1085/1085 1088/1088/1088 1087/1087/1087 
f 1089/1089/1089 1091/1091/1091 1090/1090/1090 
f 1089/1089/1089 1092/1092/1092 1091/1091/1091 
f 1093/1093/1093 1095/1095/1095 1094/1094/1094 
f 1093/1093/1093 1096/1096/1096 1095/1095/1095 
f 1097/1097/1097 1099/1099/1099 1098/1098/1098 
f 1097/1097/1097 1100/1100/1100 1099/1099/1099 
f 1101/1101/1101 1103/1103/1103 1102/1102/1102 
f 1101/1101/1101 1104/1104/1104 1103/1103/1103 
f 1105/1105/1105 1107/1107/1107 1106/1106/1106 
f 1105/1105/1105 1108/1108/1108 1107/1107/1107 
f 1109/1109/1109 1111/1111/1111 1110/1110/1110 
f 1111/1111/1111 1109/1109/1109 1112/1112/1112 
f 1111/1111/1111 1112/1112/1112 1113/1113/1113 
f 1113/1113/1113 1112/1112/1112 1114/1114/1114 
f 1113/1113/1113 1114/1114/1114 1115/1115/1115 
f 1115/1115/1115 1114/1114/1114 1116/1116/1116 
f 1115/1115/1115 1116/1116/1116 1117/1117/1117 
f 1117/1117/1117 1116/1116/1116 1118/1118/1118 
f 1117/1117/1117 1118/1118/1118 1119/1119/1119 
f 1119/1119/1119 1118/1118/1118 1120/1120/1120 
f 1119/1119/1119 1120/1120/1120 1121/1121/1121 
f 1122/1122/1122 1124/1124/1124 1123/1123/1123 
f 1122/1122/1122 1125/1125/1125 1124/1124/1124 
f 1126/1126/1126 1128/1128/1128 1127/1127/1127 
f 1126/1126/1126 1129/1129/1129 1128/1128/1128 
f 1130/1130/1130 1132/1132/1132 1131/1131/1131 
f 1130/1130/1130 1133/1133/1133 1132/1132/1132 
f 1134/1134/1134 1136/1136/1136 1135/1135/1135 
f 1134/1134/1134 1137/1137/1137 1136/1136/1136 
f 1138/1138/1138 1140/1140/1140 1139/1139/1139 
f 1138/1138/1138 1141/1141/1141 1140/1140/1140 
f 1142/1142/1142 1144/1144/1144 1143/1143/1143 
f 1142/1142/1142 1145/1145/1145 1144/1144/1144 
f 1146/1146/1146 1148/1148/1148 1147/1147/1147 
f 1148/1148/1148 1146/1146/1146 1149/1149/1149 
f 1148/1148/1148 1149/1149/1149 1150/1150/1150 
f 1151/1151/1151 1153/1153/1153 1152/1152/1152 
f 1151/1151/1151 1154/1154/1154 1153/1153/1153 
f 1155/1155/1155 1157/1157/1157 1156/1156/1156 
f 1155/1155/1155 1158/1158/1158 1157/1157/1157 
f 1159/1159/1159 1161/1161/1161 1160/1160/1160 
f 1159/1159/1159 1162/1162/1162 1161/1161/1161 
f 1163/1163/1163 1165/1165/1165 1164/1164/1164 
f 1163/1163/1163 1166/1166/1166 1165/1165/1165 
f 1167/1167/1167 1169/1169/1169 1168/1168/1168 
f 1167/1167/1167 1170/1170/1170 1169/1169/1169 
f 1171/1171/1171 1173/1173/1173 1172/1172/1172 
f 1171/1171/1171 1174/1174/1174 1173/1173/1173 
f 1175/1175/1175 1177/1177/1177 1176/1176/1176 
f 1177/1177/1177 1175/1175/1175 1178/1178/1178 
f 1177/1177/1177 1178/1178/1178 1179/1179/1179 
f 1179/1179/1179 1178/1178/1178 1180/1180/1180 
f 1179/1179/1179 1180/1180/1180 1181/1181/1181 
f 1181/1181/1181 1180/1180/1180 1182/1182/1182 
f 1181/1181/1181 1182/1182/1182 1183/1183/1183 
f 1183/1183/1183 1182/1182/1182 1184/1184/1184 
f 1183/1183/1183 1184/1184/1184 1185/1185/1185 
f 1185/1185/1185 1184/1184/1184 1186/1186/1186 
f 1185/1185/1185 1186/1186/1186 1187/1187/1187 
f 1188/1188/1188 1190/1190/1190 1189/1189/1189 
f 1188/1188/1188 1191/1191/1191 1190/1190/1190 
f 1192/1192/1192 1194/1194/1194 1193/1193/1193 
f 1192/1192/1192 1195/1195/1195 1194/1194/1194 
f 1196/1196/1196 1198/1198/1198 1197/1197/1197 
f 1196/1196/1196 1199/1199/1199 1198/1198/1198 
f 1200/1200/1200 1202/1202/1202 1201/1201/1201 
f 1200/1200/1200 1203/1203/1203 1202/1202/1202 
f 1204/1204/1204 1206/1206/1206 1205/1205/1205 
f 1204/1204/1204 1207/1207/1207 1206/1206/1206 
f 1208/1208/1208 1210/1210/1210 1209/1209/1209 
f 1208/1208/1208 1211/1211/1211 1210/1210/1210 
f 1212/1212/1212 1214/1214/1214 1213/1213/1213 
f 1214/1214/1214 1212/1212/1212 1215/1215/1215 
f 1214/1214/1214 1215/1215/1215 1216/1216/1216 
f 1217/1217/1217 1219/1219/1219 1218/1218/1218 
f 1217/1217/1217 1220/1220/1220 1219/1219/1219 
f 1221/1221/1221 1223/1223/1223 1222/1222/1222 
f 1221/1221/1221 1224/1224/1224 1223/1223/1223 
f 1225/1225/1225 1227/1227/1227 1226/1226/1226 
f 1225/1225/1225 1228/1228/1228 1227/1227/1227 
f 1229/1229/1229 1231/1231/1231 1230/1230/1230 
f 1229/1229/1229 1232/1232/1232 1231/1231/1231 
f 1233/1233/1233 1235/1235/1235 1234/1234/1234 
f 1233/1233/1233 1236/1236/1236 1235/1235/1235 
f 1237/1237/1237 1239/1239/1239 1238/1238/1238 
f 1237/1237/1237 1240/1240/1240 1239/1239/1239 
f 1241/1241/1241 1243/1243/1243 1242/1242/1242 
f 1243/1243/1243 1241/1241/1241 1244/1244/1244 
f 1243/1243/1243 1244/1244/1244 1245/1245/1245 
f 1245/1245/1245 1244/1244/1244 1246/1246/1246 
f 1245/1245/1245 1246/1246/1246 1247/1247/1247 
f 1247/1247/1247 1246/1246/1246 1248/1248/1248 
f 1247/1247/1247 1248/1248/1248 1249/1249/1249 
f 1249/1249/1249 1248/1248/1248 1250/1250/1250 
f 1249/1249/1249 1250/1250/1250 1251/1251/1251 
f 1251/1251/1251 1250/1250/1250 1252/1252/1252 
f 1251/1251/1251 1252/1252/1252 1253/1253/1253 
f 1254/1254/1254 1256/1256/1256 1255/1255/1255 
f 1254/1254/1254 1257/1257/1257 1256/1256/1256 
f 1258/1258/1258 1260/1260/1260 1259/1259/1259 
f 1258/1258/1258 1261/1261/1261 1260/1260/1260 
f 1262/1262/1262 1264/1264/1264 1263/1263/1263 
f 1262/1262/1262 1265/1265/1265 1264/1264/1264 
f 1266/1266/1266 1268/1268/1268 1267/1267/1267 
f 1266/1266/1266 1269/1269/1269 1268/1268/1268 
f 1270/1270/1270 1272/1272/1272 1271/1271/1271 
f 1270/1270/1270 1273/1273/1273 1272/1272/1272 
f 1274/1274/1274 1276/1276/1276 1275/1275/1275 
f 1274/1274/1274 1277/1277/1277 1276/1276/1276 
f 1278/1278/1278 1280/1280/1280 1279/1279/1279 
f 1280/1280/1280 1278/1278/1278 1281/1281/1281 
f 1280/1280/1280 1281/1281/1281 1282/1282/1282 
f 1283/1283/1283 1285/1285/1285 1284/1284/1284 
f 1283/1283/1283 1286/1286/1286 1285/1285/1285 
f 1287/1287/1287 1289/1289/1289 1288/1288/1288 
f 1287/1287/1287 1290/1290/1290 1289/1289/1289 
f 1291/1291/1291 1293/1293/1293 1292/1292/1292 
f 1291/1291/1291 1294/1294/1294 1293/1293/1293 
f 1295/1295/1295 1297/1297/1297 1296/1296/1296 
f 1295/1295/1295 1298/1298/1298 1297/1297/1297 
f 1299/1299/1299 1301/1301/1301 1300/1300/1300 
f 1299/1299/1299 1302/1302/1302 1301/1301/1301 
f 1303/1303/1303 1305/1305/1305 1304/1304/1304 
f 1303/1303/1303 1306/1306/1306 1305/1305/1305 
f 1307/1307/1307 1309/1309/1309 1308/1308/1308 
f 1309/1309/1309 1307/1307/1307 1310/1310/1310 
f 1309/1309/1309 1310/1310/1310 1311/1311/1311 
f 1311/1311/1311 1310/1310/1310 1312/1312/1312 
f 1311/1311/1311 1312/1312/1312 1313/1313/1313 
f 1313/1313/1313 1312/1312/1312 1314/1314/1314 
f 1313/1313/1313 1314/1314/1314 1315/1315/1315 
f 1315/1315/1315 1314/1314/1314 1316/1316/1316 
f 1315/1315/1315 1316/1316/1316 1317/1317/1317 
f 1317/1317/1317 1316/1316/1316 1318/1318/1318 
f 1317/1317/1317 1318/1318/1318 1319/1319/1319 
f 1320/1320/1320 1322/1322/1322 1321/1321/1321 
f 1320/1320/1320 1323/1323/1323 1322/1322/1322 
f 1324/1324/1324 1326/1326/1326 1325/1325/1325 
f 1324/1324/1324 1327/1327/1327 1326/1326/1326 
f 1328/1328/1328 1330/1330/1330 1329/1329/1329 
f 1328/1328/1328 1331/1331/1331 1330/1330/1330 
f 1332/1332/1332 1334/1334/1334 1333/1333/1333 
f 1332/1332/1332 1335/1335/1335 1334/1334/1334 
f 1336/1336/1336 1338/1338/1338 1337/1337/1337 
f 1336/1336/1336 1339/1339/1339 1338/1338/1338 
f 1340/1340/1340 1342/1342/1342 1341/1341/1341 
f 1340/1340/1340 1343/1343/1343 1342/1342/1342 
f 1344/1344/1344 1346/1346/1346 1345/1345/1345 
f 1346/1346/1346 1344/1344/1344 1347/1347/1347 
f 1346/1346/1346 1347/1347/1347 1348/1348/1348 
f 1349/1349/1349 1351/1351/1351 1350/1350/1350 
f 1349/1349/1349 1352/1352/1352 1351/1351/1351 
f 1353/1353/1353 1355/1355/1355 1354/1354/1354 
f 1353/1353/1353 1356/1356/1356 1355/1355/1355 
f 1357/1357/1357 1359/1359/1359 1358/1358/1358 
f 1357/1357/1357 1360/1360/1360 1359/1359/1359 
f 1361/1361/1361 1363/1363/1363 1362/1362/1362 
f 1361/1361/1361 1364/1364/1364 1363/1363/1363 
f 1365/1365/1365 1367/1367/1367 1366/1366/1366 
f 1365/1365/1365 1368/1368/1368 1367/1367/1367 
f 1369/1369/1369 1371/1371/1371 1370/1370/1370 
f 1369/1369/1369 1372/1372/1372 1371/1371/1371 
f 1373/1373/1373 1375/1375/1375 1374/1374/1374 
f 1375/1375/1375 1373/1373/1373 1376/1376/1376 
f 1375/1375/1375 1376/1376/1376 1377/1377/1377 
f 1377/1377/1377 1376/1376/1376 1378/1378/1378 
f 1377/1377/1377 1378/1378/1378 1379/1379/1379 
f 1379/1379/1379 1378/1378/1378 1380/1380/1380 
f 1379/1379/1379 1380/1380/1380 1381/1381/1381 
f 1381/1381/1381 1380/1380/1380 1382/1382/1382 
f 1381/1381/1381 1382/1382/1382 1383/1383/1383 
f 1383/1383/1383 1382/1382/1382 1384/1384/1384 
f 1383/1383/1383 1384/1384/1384 1385/1385/1385 
f 1386/1386/1386 1388/1388/1388 1387/1387/1387 
f 1386/1386/1386 1389/1389/1389 1388/1388/1388 
f 1390/1390/1390 1392/1392/1392 1391/1391/1391 
f 1390/1390/1390 1393/1393/1393 1392/1392/1392 
f 1394/1394/1394 1396/1396/1396 1395/1395/1395 
f 1394/1394/1394 1397/1397/1397 1396/1396/1396 
f 1398/1398/1398 1400/1400/1400 1399/1399/1399 
f 1398/1398/1398 1401/1401/1401 1400/1400/1400 
f 1402/1402/1402 1404/1404/1404 1403/1403/1403 
f 1402/1402/1402 1405/1405/1405 1404/1404/1404 
f 1406/1406/1406 1408/1408/1408 1407/1407/1407 
f 1406/1406/1406 1409/1409/1409 1408/1408/1408 
f 1410/1410/1410 1412/1412/1412 1411/1411/1411 
f 1412/1412/1412 1410/1410/1410 1413/1413/1413 
f 1412/1412/1412 1413/1413/1413 1414/1414/1414 
f 1415/1415/1415 1417/1417/1417 1416/1416/1416 
f 1415/1415/1415 1418/1418/1418 1417/1417/1417 
f 1419/1419/1419 1421/1421/1421 1420/1420/1420 
f 1419/1419/1419 1422/1422/1422 1421/1421/1421 
f 1423/1423/1423 1425/1425/1425 1424/1424/1424 
f 1423/1423/1423 1426/1426/1426 1425/1425/1425 
f 1427/1427/1427 1429/1429/1429 1428/1428/1428 
f 1427/1427/1427 1430/1430/1430 1429/1429/1429 
f 1431/1431/1431 1433/1433/1433 1432/1432/1432 
f 1431/1431/1431 1434/1434/1434 1433/1433/1433 
f 1435/1435/1435 1437/1437/1437 1436/1436/1436 
f 1435/1435/1435 1438/1438/1438 1437/1437/1437 
f 1439/1439/1439 1441/1441/1441 1440/1440/1440 
f 1441/1441/1441 1439/1439/1439 1442/1442/1442 
f 1441/1441/1441 1442/1442/1442 1443/1443/1443 
f 1443/1443/1443 1442/1442/1442 1444/1444/1444 
f 1443/1443/1443 1444/1444/1444 1445/1445/1445 
f 1445/1445/1445 1444/1444/1444 1446/1446/1446 
f 1445/1445/1445 1446/1446/1446 1447/1447/1447 
f 1447/1447/1447 1446/1446/1446 1448/1448/1448 
f 1447/1447/1447 1448/1448/1448 1449/1449/1449 
f 1449/1449/1449 1448/1448/1448 1450/1450/1450 
f 1449/1449/1449 1450/1450/1450 1451/1451/1451 
f 1452/1452/1452 1454/1454/1454 1453/1453/1453 
f 1452/1452/1452 1455/1455/1455 1454/1454/1454 
f 1456/1456/1456 1458/1458/1458 1457/1457/1457 
f 1456/1456/1456 1459/1459/1459 1458/1458/1458 
f 1460/1460/1460 1462/1462/1462 1461/1461/1461 
f 1460/1460/1460 1463/1463/1463 1462/1462/1462 
f 1464/1464/1464 1466/1466/1466 1465/1465/1465 
f 1464/1464/1464 1467/1467/1467 1466/1466/1466 
f 1468/1468/1468 1470/1470/1470 1469/1469/1469 
f 1468/1468/1468 1471/1471/1471 1470/1470/1470 
f 1472/1472/1472 1474/1474/1474 1473/1473/1473 
f 1472/1472/1472 1475/1475/1475 1474/1474/1474 
f 1476/1476/1476 1478/1478/1478 1477/1477/1477 
f 1478/1478/1478 1476/1476/1476 1479/1479/1479 
f 1478/1478/1478 1479/1479/1479 1480/1480/1480 
f 1481/1481/1481 1483/1483/1483 1482/1482/1482 
f 1481/1481/1481 1484/1484/1484 1483/1483/1483 
f 1485/1485/1485 1487/1487/1487 1486/1486/1486 
f 1485/1485/1485 1488/1488/1488 1487/1487/1487 
f 1489/1489/1489 1491/1491/1491 1490/1490/1490 
f 1489/1489/1489 1492/1492/1492 1491/1491/1491 
f 1493/1493/1493 1495/1495/1495 1494/1494/1494 
f 1493/1493/1493 1496/1496/1496 1495/1495/1495 
f 1497/1497/1497 1499/1499/1499 1498/1498/1498 
f 1497/1497/1497 1500/1500/1500 1499/1499/1499 
f 1501/1501/1501 1503/1503/1503 1502/1502/1502 
f 1501/1501/1501 1504/1504/1504 1503/1503/1503 
f 1505/1505/1505 1507/1507/1507 1506/1506/1506 
f 1507/1507/1507 1505/1505/1505 1508/1508/1508 
f 1507/1507/1507 1508/1508/1508 1509/1509/1509 
f 1509/1509/1509 1508/1508/1508 1510/1510/1510 
f 1509/1509/1509 1510/1510/1510 1511/1511/1511 
f 1511/1511/1511 1510/1510/1510 1512/1512/1512 
f 1511/1511/1511 1512/1512/1512 1513/1513/1513 
f 1513/1513/1513 1512/1512/1512 1514/1514/1514 
f 1513/1513/1513 1514/1514/1514 1515/1515/1515 
f 1515/1515/1515 1514/1514/1514 1516/1516/1516 
f 1515/1515/1515 1516/1516/1516 1517/1517/1517 
f 1518/1518/1518 1520/1520/1520 1519/1519/1519 
f 1518/1518/1518 1521/1521/1521 1520/1520/1520 
f 1522/1522/1522 1524/1524/1524 1523/1523/1523 
f 1522/1522/1522 1525/1525/1525 1524/1524/1524 
f 1526/1526/1526 1528/1528/1528 1527/1527/1527 
f 1526/1526/1526 1529/1529/1529 1528/1528/1528 
f 1530/1530/1530 1532/1532/1532 1531/1531/1531 
f 1530/1530/1530 1533/1533/1533 1532/1532/1532 
f 1534/1534/1534 1536/1536/1536 1535/1535/1535 
f 1534/1534/1534 1537/1537/1537 1536/1536/1536 
f 1538/1538/1538 1540/1540/1540 1539/1539/1539 
f 1538/1538/1538 1541/1541/1541 1540/1540/1540 
f 1542/1542/1542 1544/1544/1544 1543/1543/1543 
f 1544/1544/1544 1542/1542/1542 1545/1545/1545 
f 1544/1544/1544 1545/1545/1545 1546/1546/1546 
f 1547/1547/1547 1549/1549/1549 1548/1548/1548 
f 1547/1547/1547 1550/1550/1550 1549/1549/1549 
f 1551/1551/1551 1553/1553/1553 1552/1552/1552 
f 1551/1551/1551 1554/1554/1554 1553/1553/1553 
f 1555/1555/1555 1557/1557/1557 1556/1556/1556 
f 1555/1555/1555 1558/1558/1558 1557/1557/1557 
f 1559/1559/1559 1561/1561/1561 1560/1560/1560 
f 1559/1559/1559 1562/1562/1562 1561/1561/1561 
f 1563/1563/1563 1565/1565/1565 1564/1564/1564 
f 1563/1563/1563 1566/1566/1566 1565/1565/1565 
f 1567/1567/1567 1569/1569/1569 1568/1568/1568 
f 1567/1567/1567 1570/1570/1570 1569/1569/1569 
f 1571/1571/1571 1573/1573/1573 1572/1572/1572 
f 1573/1573/1573 1571/1571/1571 1574/1574/1574 
f 1573/1573/1573 1574/1574/1574 1575/1575/1575 
f 1575/1575/1575 1574/1574/1574 1576/1576/1576 
f 1575/1575/1575 1576/1576/1576 1577/1577/1577 
f 1577/1577/1577 1576/1576/1576 1578/1578/1578 
f 1577/1577/1577 1578/1578/1578 1579/1579/1579 
f 1579/1579/1579 1578/1578/1578 1580/1580/1580 
f 1579/1579/1579 1580/1580/1580 1581/1581/1581 
f 1581/1581/1581 1580/1580/1580 1582/1582/1582 
f 1581/1581/1581 1582/1582/1582 1583/1583/1583 
f 1584/1584/1584 1586/1586/1586 1585/1585/1585 
f 1584/1584/1584 1587/1587/1587 1586/1586/1586 
f 1588/1588/1588 1590/1590/1590 1589/1589/1589 
f 1588/1588/1588 1591/1591/1591 1590/1590/1590 
f 1592/1592/1592 1594/1594/1594 1593/1593/1593 
f 1592/1592/1592 1595/1595/1595 1594/1594/1594 
f 1596/1596/1596 1598/1598/1598 1597/1597/1597 
f 1596/1596/1596 1599/1599/1599 1598/1598/1598 
f 1600/1600/1600 1602/1602/1602 1601/1601/1601 
f 1600/1600/1600 1603/1603/1603 1602/1602/1602 
f 1604/1604/1604 1606/1606/1606 1605/1605/1605 
f 1604/1604/1604 1607/1607/1607 1606/1606/1606 
f 1608/1608/1608 1610/1610/1610 1609/1609/1609 
f 1610/1610/1610 1608/1608/1608 1611/1611/1611 
f 1610/1610/1610 1611/1611/1611 1612/1612/1612 
f 1613/1613/1613 1615/1615/1615 1614/1614/1614 
f 1613/1613/1613 1616/1616/1616 1615/1615/1615 
f 1617/1617/1617 1619/1619/1619 1618/1618/1618 
f 1617/1617/1617 1620/1620/1620 1619/1619/1619 
f 1621/1621/1621 1623/1623/1623 1622/1622/1622 
f 1621/1621/1621 1624/1624/1624 1623/1623/1623 
f 1625/1625/1625 1627/1627/1627 1626/1626/1626 
f 1625/1625/1625 1628/1628/1628 1627/1627/1627 
f 1629/1629/1629 1631/1631/1631 1630/1630/1630 
f 1629/1629/1629 1632/1632/1632 1631/1631/1631 
f 1633/1633/1633 1635/1635/1635 1634/1634/1634 
f 1633/1633/1633 1636/1636/1636 1635/1635/1635 
f 1637/1637/1637 1639/1639/1639 1638/1638/1638 
f 1639/1639/1639 1637/1637/1637 1640/1640/1640 
f 1639/1639/1639 1640/1640/1640 1641/1641/1641 
f 1641/1641/1641 1640/1640/1640 1642/1642/1642 
f 1641/1641/1641 1642/1642/1642 1643/1643/1643 
f 1643/1643/1643 1642/1642/1642 1644/1644/1644 
f 1643/1643/1643 1644/1644/1644 1645/1645/1645 
f 1645/1645/1645 1644/1644/1644 1646/1646/1646 
f 1645/1645/1645 1646/1646/1646 1647/1647/1647 
f 1647/1647/1647 1646/1646/1646 1648/1648/1648 
f 1647/1647/1647 1648/1648/1648 1649/1649/1649 
f 1650/1650/1650 1652/1652/1652 1651/1651/1651 
f 1650/1650/1650 1653/1653/1653 1652/1652/1652 
f 1654/1654/1654 1656/1656/1656 1655/1655/1655 
f 1654/1654/1654 1657/1657/1657 1656/1656/1656 
f 1658/1658/1658 1660/1660/1660 1659/1659/1659 
f 1658/1658/1658 1661/1661/1661 1660/1660/1660 
f 1662/1662/1662 1664/1664/1664 1663/1663/1663 
f 1662/1662/1662 1665/1665/1665 1664/1664/1664 
f 1666/1666/1666 1668/1668/1668 1667/1667/1667 
f 1666/1666/1666 1669/1669/1669 1668/1668/1668 
f 1670/1670/1670 1672/1672/1672 1671/1671/1671 
f 1670/1670/1670 1673/1673/1673 1672/1672/1672 
f 1674/1674/1674 1676/1676/1676 1675/1675/1675 
f 1676/1676/1676 1674/1674/1674 1677/1677/1677 
f 1676/1676/1676 1677/1677/1677 1678/1678/1678 
f 1679/1679/1679 1681/1681/1681 1680/1680/1680 
f 1679/1679/1679 1682/1682/1682 1681/1681/1681 
f 1683/1683/1683 1685/1685/1685 1684/1684/1684 
f 1683/1683/1683 1686/1686/1686 1685/1685/1685 
f 1687/1687/1687 1689/1689/1689 1688/1688/1688 
f 1687/1687/1687 1690/1690/1690 1689/1689/1689 
f 1691/1691/1691 1693/1693/1693 1692/1692/1692 
f 1691/1691/1691 1694/1694/1694 1693/1693/1693 
f 1695/1695/1695 1697/1697/1697 1696/1696/1696 
f 1695/1695/1695 1698/1698/1698 1697/1697/1697 
f 1699/1699/1699 1701/1701/1701 1700/1700/1700 
f 1699/1699/1699 1702/1702/1702 1701/1701/1701 
f 1703/1703/1703 1705/1705/1705 1704/1704/1704 
f 1705/1705/1705 1703/1703/1703 1706/1706/1706 
f 1705/1705/1705 1706/1706/1706 1707/1707/1707 
f 1707/1707/1707 1706/1706/1706 1708/1708/1708 
f 1707/1707/1707 1708/1708/1708 1709/1709/1709 
f 1709/1709/1709 1708/1708/1708 1710/1710/1710 
f 1709/1709/1709 1710/1710/1710 1711/1711/1711 
f 1711/1711/1711 1710/1710/1710 1712/1712/1712 
f 1711/1711/1711 1712/1712/1712 1713/1713/1713 
f 1713/1713/1713 1712/1712/1712 1714/1714/1714 
f 1713/1713/1713 1714/1714/1714 1715/1715/1715 
f 1716/1716/1716 1718/1718/1718 1717/1717/1717 
f 1716/1716/1716 1719/1719/1719 1718/1718/1718 
f 1720/1720/1720 1722/1722/1722 1721/1721/1721 
f 1720/1720/1720 1723/1723/1723 1722/1722/1722 
f 1724/1724/1724 1726/1726/1726 1725/1725/1725 
f 1724/1724/1724 1727/1727/1727 1726/1726/1726 
f 1728/1728/1728 1730/1730/1730 1729/1729/1729 
f 1728/1728/1728 1731/1731/1731 1730/1730/1730 
f 1732/1732/1732 1734/1734/1734 1733/1733/1733 
f 1732/1732/1732 1735/1735/1735 1734/1734/1734 
f 1736/1736/1736 1738/1738/1738 1737/1737/1737 
f 1736/1736/1736 1739/1739/1739 1738/1738/1738 
f 1740/1740/1740 1742/1742/1742 1741/1741/1741 
f 1742/1742/1742 1740/1740/1740 1743/1743/1743 
f 1742/1742/1742 1743/1743/1743 1744/1744/1744 
f 1745/1745/1745 1747/1747/1747 1746/1746/1746 
f 1745/1745/1745 1748/1748/1748 1747/1747/1747 
f 1749/1749/1749 1751/1751/1751 1750/1750/1750 
f 1749/1749/1749 1752/1752/1752 1751/1751/1751 
f 1753/1753/1753 1755/1755/1755 1754/1754/1754 
f 1753/1753/1753 1756/1756/1756 1755/1755/1755 
f 1757/1757/1757 1759/1759/1759 1758/1758/1758 
f 1757/1757/1757 1760/1760/1760 1759/1759/1759 
f 1761/1761/1761 1763/1763/1763 1762/1762/1762 
f 1761/1761/1761 1764/1764/1764 1763/1763/1763 
f 1765/1765/1765 1767/1767/1767 1766/1766/1766 
f 1765/1765/1765 1768/1768/1768 1767/1767/1767 
f 1769/1769/1769 1771/1771/1771 1770/1770/1770 
f 1771/1771/1771 1769/1769/1769 1772/1772/1772 
f 1771/1771/1771 1772/1772/1772 1773/1773/1773 
f 1773/1773/1773 1772/1772/1772 1774/1774/1774 
f 1773/1773/1773 1774/1774/1774 1775/1775/1775 
f 1775/1775/1775 1774/1774/1774 1776/1776/1776 
f 1775/1775/1775 1776/1776/1776 1777/1777/1777 
f 1777/1777/1777 1776/1776/1776 1778/1778/1778 
f 1777/1777/1777 1778/1778/1778 1779/1779/1779 
f 1779/1779/1779 1778/1778/1778 1780/1780/1780 
f 1779/1779/1779 1780/1780/1780 1781/1781/1781 
f 1782/1782/1782 1784/1784/1784 1783/1783/1783 
f 1782/1782/1782 1785/1785/1785 1784/1784/1784 
f 1786/1786/1786 1788/1788/1788 1787/1787/1787 
f 1786/1786/1786 1789/1789/1789 1788/1788/1788 
f 1790/1790/1790 1792/1792/1792 1791/1791/1791 
f 1790/1790/1790 1793/1793/1793 1792/1792/1792 
f 1794/1794/1794 1796/1796/1796 1795/1795/1795 
f 1794/1794/1794 1797/1797/1797 1796/1796/1796 
f 1798/1798/1798 1800/1800/1800 1799/1799/1799 
f 1798/1798/1798 1801/1801/1801 1800/1800/1800 
f 1802/1802/1802 1804/1804/1804 1803/1803/1803 
f 1802/1802/1802 1805/1805/1805 1804/1804/1804 
f 1806/1806/1806 1808/1808/1808 1807/1807/1807 
f 1808/1808/1808 1806/1806/1806 1809/1809/1809 
f 1808/1808/1808 1809/1809/1809 1810/1810/1810 
f 1811/1811/1811 1813/1813/1813 1812/1812/1812 
f 1811/1811/1811 1814/1814/1814 1813/1813/1813 
f 1815/1815/1815 1817/1817/1817 1816/1816/1816 
f 1815/1815/1815 1818/1818/1818 1817/1817/1817 
f 1819/1819/1819 1821/1821/1821 1820/1820/1820 
f 1819/1819/1819 1822/1822/1822 1821/1821/1821 
f 1823/1823/1823 1825/1825/1825 1824/1824/1824 
f 1823/1823/1823 1826/1826/1826 1825/1825/1825 
f 1827/1827/1827 1829/1829/1829 1828/1828/1828 
f 1827/1827/1827 1830/1830/1830 1829/1829/1829 
f 1831/1831/1831 1833/1833/1833 1832/1832/1832 
f 1831/1831/1831 1834/1834/1834 1833/1833/1833 
f 1835/1835/1835 1837/1837/1837 1836/1836/1836 
f 1837/1837/1837 1835/1835/1835 1838/1838/1838 
f 1837/1837/1837 1838/1838/1838 1839/1839/1839 
f 1839/1839/1839 1838/1838/1838 1840/1840/1840 
f 1839/1839/1839 1840/1840/1840 1841/1841/1841 
f 1841/1841/1841 1840/1840/1840 1842/1842/1842 
f 1841/1841/1841 1842/1842/1842 1843/1843/1843 
f 1843/1843/1843 1842/1842/1842 1844/1844/1844 
f 1843/1843/1843 1844/1844/1844 1845/1845/1845 
f 1845/1845/1845 1844/1844/1844 1846/1846/1846 
f 1845/1845/1845 1846/1846/1846 1847/1847/1847 
f 1848/1848/1848 1850/1850/1850 1849/1849/1849 
f 1848/1848/1848 1851/1851/1851 1850/1850/1850 
f 1852/1852/1852 1854/1854/1854 1853/1853/1853 
f 1852/1852/1852 1855/1855/1855 1854/1854/1854 
f 1856/1856/1856 1858/1858/1858 1857/1857/1857 
f 1856/1856/1856 1859/1859/1859 1858/1858/1858 
f 1860/1860/1860 1862/1862/1862 1861/1861/1861 
f 1860/1860/1860 1863/1863/1863 1862/1862/1862 
f 1864/1864/1864 1866/1866/1866 1865/1865/1865 
f 1864/1864/1864 1867/1867/1867 1866/1866/1866 
f 1868/1868/1868 1870/1870/1870 1869/1869/1869 
f 1868/1868/1868 1871/1871/1871 1870/1870/1870 
f 1872/1872/1872 1874/1874/1874 1873/1873/1873 
f 1874/1874/1874 1872/1872/1872 1875/1875/1875 
f 1874/1874/1874 1875/1875/1875 1876/1876/1876 
f 1877/1877/1877 1879/1879/1879 1878/1878/1878 
f 1877/1877/1877 1880/1880/1880 1879/1879/1879 
f 1881/1881/1881 1883/1883/1883 1882/1882/1882 
f 1881/1881/1881 1884/1884/1884 1883/1883/1883 
f 1885/1885/1885 1887/1887/1887 1886/1886/1886 
f 1885/1885/1885 1888/1888/1888 1887/1887/1887 
f 1889/1889/1889 1891/1891/1891 1890/1890/1890 
f 1889/1889/1889 1892/1892/1892 1891/1891/1891 
f 1893/1893/1893 1895/1895/1895 1894/1894/1894 
f 1893/1893/1893 1896/1896/1896 1895/1895/1895 
f 1897/1897/1897 1899/1899/1899 1898/1898/1898 
f 1897/1897/1897 1900/1900/1900 1899/1899/1899 
f 1901/1901/1901 1903/1903/1903 1902/1902/1902 
f 1903/1903/1903 1901/1901/1901 1904/1904/1904 
f 1903/1903/1903 1904/1904/1904 1905/1905/1905 
f 1905/1905/1905 1904/1904/1904 1906/1906/1906 
f 1905/1905/1905 1906/1906/1906 1907/1907/1907 
f 1907/1907/1907 1906/1906/1906 1908/1908/1908 
f 1907/1907/1907 1908/1908/1908 1909/1909/1909 
f 1909/1909/1909 1908/1908/1908 1910/1910/1910 
f 1909/1909/1909 1910/1910/1910 1911/1911/1911 
f 1911/1911/1911 1910/1910/1910 1912/1912/1912 
f 1911/1911/1911 1912/1912/1912 1913/1913/1913 
f 1914/1914/1914 1916/1916/1916 1915/1915/1915 
f 1914/1914/1914 1917/1917/1917 1916/1916/1916 
f 1918/1918/1918 1920/1920/1920 1919/1919/1919 
f 1918/1918/1918 1921/1921/1921 1920/1920/1920 
f 1922/1922/1922 1924/1924/1924 1923/1923/1923 
f 1922/1922/1922 1925/1925/1925 1924/1924/1924 
f 1926/1926/1926 1928/1928/1928 1927/1927/1927 
f 1926/1926/1926 1929/1929/1929 1928/1928/1928 
f 1930/1930/1930 1932/1932/1932 1931/1931/1931 
f 1930/1930/1930 1933/1933/1933 1932/1932/1932 
f 1934/1934/1934 1936/1936/1936 1935/1935/1935 
f 1934/1934/1934 1937/1937/1937 1936/1936/1936 
f 1938/1938/1938 1940/1940/1940 1939/1939/1939 
f 1940/1940/1940 1938/1938/1938 1941/1941/1941 
f 1940/1940/1940 1941/1941/1941 1942/1942/1942 
f 1943/1943/1943 1945/1945/1945 1944/1944/1944 
f 1943/1943/1943 1946/1946/1946 1945/1945/1945 
f 1947/1947/1947 1949/1949/1949 1948/1948/1948 
f 1947/1947/1947 1950/1950/1950 1949/1949/1949 
f 1951/1951/1951 1953/1953/1953 1952/1952/1952 
f 1951/1951/1951 1954/1954/1954 1953/1953/1953 
f 1955/1955/1955 1957/1957/1957 1956/1956/1956 
f 1955/1955/1955 1958/1958/1958 1957/1957/1957 
f 1959/1959/1959 1961/1961/1961 1960/1960/1960 
f 1959/1959/1959 1962/1962/1962 1961/1961/1961 
f 1963/1963/1963 1965/1965/1965 1964/1964/1964 
f 1963/1963/1963 1966/1966/1966 1965/1965/1965 
f 1967/1967/1967 1969/1969/1969 1968/1968/1968 
f 1969/1969/1969 1967/1967/1967 1970/1970/1970 
f 1969/1969/1969 1970/1970/1970 1971/1971/1971 
f 1971/1971/1971 1970/1970/1970 1972/1972/1972 
f 1971/1971/1971 1972/1972/1972 1973/1973/1973 
f 1973/1973/1973 1972/1972/1972 1974/1974/1974 
f 1973/1973/1973 1974/1974/1974 1975/1975/1975 
f 1975/1975/1975 1974/1974/1974 1976/1976/1976 
f 1975/1975/1975 1976/1976/1976 1977/1977/1977 
f 1977/1977/1977 1976/1976/1976 1978/1978/1978 
f 1977/1977/1977 1978/1978/1978 1979/1979/1979 
f 1980/1980/1980 1982/1982/1982 1981/1981/1981 
f 1980/1980/1980 1983/1983/1983 1982/1982/1982 
f 1984/1984/1984 1986/1986/1986 1985/1985/1985 
f 1984/1984/1984 1987/1987/1987 1986/1986/1986 
f 1988/1988/1988 1990/1990/1990 1989/1989/1989 
f 1988/1988/1988 1991/1991/1991 1990/1990/1990 
f 1992/1992/1992 1994/1994/1994 1993/1993/1993 
f 1992/1992/1992 1995/1995/1995 1994/1994/1994 
f 1996/1996/1996 1998/1998/1998 1997/1997/1997 
f 1996/1996/1996 1999/1999/1999 1998/1998/1998 
f 2000/2000/2000 2002/2002/2002 2001/2001/2001 
f 2000/2000/2000 2003/2003/2003 2002/2002/2002 
f 2004/2004/2004 2006/2006/2006 2005/2005/2005 
f 2006/2006/2006 2004/2004/2004 2007/2007/2007 
f 2006/2006/2006 2007/2007/2007 2008/2008/2008 
f 2009/2009/2009 2011/2011/2011 2010/2010/2010 
f 2009/2009/2009 2012/2012/2012 2011/2011/2011 
f 2013/2013/2013 2015/2015/2015 2014/2014/2014 
f 2013/2013/2013 2016/2016/2016 2015/2015/2015 
f 2017/2017/2017 2019/2019/2019 2018/2018/2018 
f 2017/2017/2017 2020/2020/2020 2019/2019/2019 
f 2021/2021/2021 2023/2023/2023 2022/2022/2022 
f 2021/2021/2021 2024/2024/2024 2023/2023/2023 
f 2025/2025/2025 2027/2027/2027 2026/2026/2026 
f 2025/2025/2025 2028/2028/2028 2027/2027/2027 
f 2029/2029/2029 2031/2031/2031 2030/2030/2030 
f 2029/2029/2029 2032/2032/2032 2031/2031/2031 
f 2033/2033/2033 2035/2035/2035 2034/2034/2034 
f 2035/2035/2035 2033/2033/2033 2036/2036/2036 
f 2035/2035/2035 2036/2036/2036 2037/2037/2037 
f 2037/2037/2037 2036/2036/2036 2038/2038/2038 
f 2037/2037/2037 2038/2038/2038 2039/2039/2039 
f 2039/2039/2039 2038/2038/2038 2040/2040/2040 
f 2039/2039/2039 2040/2040/2040 2041/2041/2041 
f 2041/2041/2041 2040/2040/2040 2042/2042/2042 
f 2041/2041/2041 2042/2042/2042 2043/2043/2043 
f 2043/2043/2043 2042/2042/2042 2044/2044/2044 
f 2043/2043/2043 2044/2044/2044 2045/2045/2045 
f 2046/2046/2046 2048/2048/2048 2047/2047/2047 
f 2046/2046/2046 2049/2049/2049 2048/2048/2048 
f 2050/2050/2050 2052/2052/2052 2051/2051/2051 
f 2050/2050/2050 2053/2053/2053 2052/2052/2052 
f 2054/2054/2054 2056/2056/2056 2055/2055/2055 
f 2054/2054/2054 2057/2057/2057 2056/2056/2056 
f 2058/2058/2058 2060/2060/2060 2059/2059/2059 
f 2058/2058/2058 2061/2061/2061 2060/2060/2060 
f 2062/2062/2062 2064/2064/2064 2063/2063/2063 
f 2062/2062/2062 2065/2065/2065 2064/2064/2064 
f 2066/2066/2066 2068/2068/2068 2067/2067/2067 
f 2066/2066/2066 2069/2069/2069 2068/2068/2068 
f 2070/2070/2070 2072/2072/2072 2071/2071/2071 
f 2072/2072/2072 2070/2070/2070 2073/2073/2073 
f 2072/2072/2072 2073/2073/2073 2074/2074/2074 
f 2075/2075/2075 2077/2077/2077 2076/2076/2076 
f 2075/2075/2075 2078/2078/2078 2077/2077/2077 
f 2079/2079/2079 2081/2081/2081 2080/2080/2080 
f 2079/2079/2079 2082/2082/2082 2081/2081/2081 
f 2083/2083/2083 2085/2085/2085 2084/2084/2084 
f 2083/2083/2083 2086/2086/2086 2085/2085/2085 
f 2087/2087/2087 2089/2089/2089 2088/2088/2088 
f 2087/2087/2087 2090/2090/2090 2089/2089/2089 
f 2091/2091/2091 2093/2093/2093 2092/2092/2092 
f 2091/2091/2091 2094/2094/2094 2093/2093/2093 
f 2095/2095/2095 2097/2097/2097 2096/2096/2096 
f 2095/2095/2095 2098/2098/2098 2097/2097/2097 
f 2099/2099/2099 2101/2101/2101 2100/2100/2100 
f 2101/2101/2101 2099/2099/2099 2102/2102/2102 
f 2101/2101/2101 2102/2102/2102 2103/2103/2103 
f 2103/2103/2103 2102/2102/2102 2104/2104/2104 
f 2103/2103/2103 2104/2104/2104 2105/2105/2105 
f 2105/2105/2105 2104/2104/2104 2106/2106/2106 
f 2105/2105/2105 2106/2106/2106 2107/2107/2107 
f 2107/2107/2107 2106/2106/2106 2108/2108/2108 
f 2107/2107/2107 2108/2108/2108 2109/2109/2109 
f 2109/2109/2109 2108/2108/2108 2110/2110/2110 
f 2109/2109/2109 2110/2110/2110 2111/2111/2111 
f 2112/2112/2112 2114/2114/2114 2113/2113/2113 
f 2112/2112/2112 2115/2115/2115 2114/2114/2114 
f 2116/2116/2116 2118/2118/2118 2117/2117/2117 
f 2116/2116/2116 2119/2119/2119 2118/2118/2118 
f 2120/2120/2120 2122/2122/2122 2121/2121/2121 
f 2120/2120/2120 2123/2123/2123 2122/2122/2122 
f 2124/2124/2124 2126/2126/2126 2125/2125/2125 
f 2124/2124/2124 2127/2127/2127 2126/2126/2126 
f 2128/2128/2128 2130/2130/2130 2129/2129/2129 
f 2128/2128/2128 2131/2131/2131 2130/2130/2130 
f 2132/2132/2132 2134/2134/2134 2133/2133/2133 
f 2132/2132/2132 2135/2135/2135 2134/2134/2134 
f 2136/2136/2136 2138/2138/2138 2137/2137/2137 
f 2138/2138/2138 2136/2136/2136 2139/2139/2139 
f 2138/2138/2138 2139/2139/2139 2140/2140/2140 
f 2141/2141/2141 2143/2143/2143 2142/2142/2142 
f 2141/2141/2141 2144/2144/2144 2143/2143/2143 
f 2145/2145/2145 2147/2147/2147 2146/2146/2146 
f 2145/2145/2145 2148/2148/2148 2147/2147/2147 
f 2149/2149/2149 2151/2151/2151 2150/2150/2150 
f 2149/2149/2149 2152/2152/2152 2151/2151/2151 
f 2153/2153/2153 2155/2155/2155 2154/2154/2154 
f 2153/2153/2153 2156/2156/2156 2155/2155/2155 
f 2157/2157/2157 2159/2159/2159 2158/2158/2158 
f 2157/2157/2157 2160/2160/2160 2159/2159/2159 
f 2161/2161/2161 2163/2163/2163 2162/2162/2162 
f 2161/2161/2161 2164/2164/2164 2163/2163/2163 
f 2165/2165/2165 2167/2167/2167 2166/2166/2166 
f 2167/2167/2167 2165/2165/2165 2168/2168/2168 
f 2167/2167/2167 2168/2168/2168 2169/2169/2169 
f 2169/2169/2169 2168/2168/2168 2170/2170/2170 
f 2169/2169/2169 2170/2170/2170 2171/2171/2171 
f 2171/2171/2171 2170/2170/2170 2172/2172/2172 
f 2171/2171/2171 2172/2172/2172 2173/2173/2173 
f 2173/2173/2173 2172/2172/2172 2174/2174/2174 
f 2173/2173/2173 2174/2174/2174 2175/2175/2175 
f 2175/2175/2175 2174/2174/2174 2176/2176/2176 
f 2175/2175/2175 2176/2176/2176 2177/2177/2177 
f 2178/2178/2178 2180/2180/2180 2179/2179/2179 
f 2178/2178/2178 2181/2181/2181 2180/2180/2180 
f 2182/2182/2182 2184/2184/2184 2183/2183/2183 
f 2182/2182/2182 2185/2185/2185 2184/2184/2184 
f 2186/2186/2186 2188/2188/2188 2187/2187/2187 
f 2186/2186/2186 2189/2189/2189 2188/2188/2188 
f 2190/2190/2190 2192/2192/2192 2191/2191/2191 
f 2190/2190/2190 2193/2193/2193 2192/2192/2192 
f 2194/2194/2194 2196/2196/2196 2195/2195/2195 
f 2194/2194/2194 2197/2197/2197 2196/2196/2196 
f 2198/2198/2198 2200/2200/2200 2199/2199/2199 
f 2198/2198/2198 2201/2201/2201 2200/2200/2200 
f 2202/2202/2202 2204/2204/2204 2203/2203/2203 
f 2204/2204/2204 2202/2202/2202 2205/2205/2205 
f 2204/2204/2204 2205/2205/2205 2206/2206/2206 
f 2207/2207/2207 2209/2209/2209 2208/2208/2208 
f 2207/2207/2207 2210/2210/2210 2209/2209/2209 
f 2211/2211/2211 2213/2213/2213 2212/2212/2212 
f 2211/2211/2211 2214/2214/2214 2213/2213/2213 
f 2215/2215/2215 2217/2217/2217 2216/2216/2216 
f 2215/2215/2215 2218/2218/2218 2217/2217/2217 
f 2219/2219/2219 2221/2221/2221 2220/2220/2220 
f 2219/2219/2219 2222/2222/2222 2221/2221/2221 
f 2223/2223/2223 2225/2225/2225 2224/2224/2224 
f 2223/2223/2223 2226/2226/2226 2225/2225/2225 
f 2227/2227/2227 2229/2229/2229 2228/2228/2228 
f 2227/2227/2227 2230/2230/2230 2229/2229/2229 
f 2231/2231/2231 2233/2233/2233 2232/2232/2232 
f 2233/2233/2233 2231/2231/2231 2234/2234/2234 
f 2233/2233/2233 2234/2234/2234 2235/2235/2235 
f 2235/2235/2235 2234/2234/2234 2236/2236/2236 
f 2235/2235/2235 2236/2236/2236 2237/2237/2237 
f 2237/2237/2237 2236/2236/2236 2238/2238/2238 
f 2237/2237/2237 2238/2238/2238 2239/2239/2239 
f 2239/2239/2239 2238/2238/2238 2240/2240/2240 
f 2239/2239/2239 2240/2240/2240 2241/2241/2241 
f 2241/2241/2241 2240/2240/2240 2242/2242/2242 
f 2241/2241/2241 2242/2242/2242 2243/2243/2243 
f 2244/2244/2244 2246/2246/2246 2245/2245/2245 
f 2244/2244/2244 2247/2247/2247 2246/2246/2246 
f 2248/2248/2248 2250/2250/2250 2249/2249/2249 
f 2248/2248/2248 2251/2251/2251 2250/2250/2250 
f 2252/2252/2252 2254/2254/2254 2253/2253/2253 
f 2252/2252/2252 2255/2255/2255 2254/2254/2254 
f 2256/2256/2256 2258/2258/2258 2257/2257/2257 
f 2256/2256/2256 2259/2259/2259 2258/2258/2258 
f 2260/2260/2260 2262/2262/2262 2261/2261/2261 
f 2260/2260/2260 2263/2263/2263 2262/2262/2262 
f 2264/2264/2264 2266/2266/2266 2265/2265/2265 
f 2264/2264/2264 2267/2267/2267 2266/2266/2266 
f 2268/2268/2268 2270/2270/2270 2269/2269/2269 
f 2270/2270/2270 2268/2268/2268 2271/2271/2271 
f 2270/2270/2270 2271/2271/2271 2272/2272/2272 
f 2273/2273/2273 2275/2275/2275 2274/2274/2274 
f 2273/2273/2273 2276/2276/2276 2275/2275/2275 
f 2277/2277/2277 2279/2279/2279 2278/2278/2278 
f 2277/2277/2277 2280/2280/2280 2279/2279/2279 
f 2281/2281/2281 2283/2283/2283 2282/2282/2282 
f 2281/2281/2281 2284/2284/2284 2283/2283/2283 
f 2285/2285/2285 2287/2287/2287 2286/2286/2286 
f 2285/2285/2285 2288/2288/2288 2287/2287/2287 
f 2289/2289/2289 2291/2291/2291 2290/2290/2290 
f 2289/2289/2289 2292/2292/2292 2291/2291/2291 
f 2293/2293/2293 2295/2295/2295 2294/2294/2294 
f 2293/2293/2293 2296/2296/2296 2295/2295/2295 
f 2297/2297/2297 2299/2299/2299 2298/2298/2298 
f 2299/2299/2299 2297/2297/2297 2300/2300/2300 
f 2299/2299/2299 2300/2300/2300 2301/2301/2301 
f 2301/2301/2301 2300/2300/2300 2302/2302/2302 
f 2301/2301/2301 2302/2302/2302 2303/2303/2303 
f 2303/2303/2303 2302/2302/2302 2304/2304/2304 
f 2303/2303/2303 2304/2304/2304 2305/2305/2305 
f 2305/2305/2305 2304/2304/2304 2306/2306/2306 
f 2305/2305/2305 2306/2306/2306 2307/2307/2307 
f 2307/2307/2307 2306/2306/2306 2308/2308/2308 
f 2307/2307/2307 2308/2308/2308 2309/2309/2309 
f 2310/2310/2310 2312/2312/2312 2311/2311/2311 
f 2310/2310/2310 2313/2313/2313 2312/2312/2312 
f 2314/2314/2314 2316/2316/2316 2315/2315/2315 
f 2314/2314/2314 2317/2317/2317 2316/2316/2316 
f 2318/2318/2318 2320/2320/2320 2319/2319/2319 
f 2318/2318/2318 2321/2321/2321 2320/2320/2320 
f 2322/2322/2322 2324/2324/2324 2323/2323/2323 
f 2322/2322/2322 2325/2325/2325 2324/2324/2324 
f 2326/2326/2326 2328/2328/2328 2327/2327/2327 
f 2326/2326/2326 2329/2329/2329 2328/2328/2328 
f 2330/2330/2330 2332/2332/2332 2331/2331/2331 
f 2330/2330/2330 2333/2333/2333 2332/2332/2332 
f 2334/2334/2334 2336/2336/2336 2335/2335/2335 
f 2336/2336/2336 2334/2334/2334 2337/2337/2337 
f 2336/2336/2336 2337/2337/2337 2338/2338/2338 
f 2339/2339/2339 2341/2341/2341 2340/2340/2340 
f 2339/2339/2339 2342/2342/2342 2341/2341/2341 
f 2343/2343/2343 2345/2345/2345 2344/2344/2344 
f 2343/2343/2343 2346/2346/2346 2345/2345/2345 
f 2347/2347/2347 2349/2349/2349 2348/2348/2348 
f 2347/2347/2347 2350/2350/2350 2349/2349/2349 
f 2351/2351/2351 2353/2353/2353 2352/2352/2352 
f 2351/2351/2351 2354/2354/2354 2353/2353/2353 
f 2355/2355/2355 2357/2357/2357 2356/2356/2356 
f 2355/2355/2355 2358/2358/2358 2357/2357/2357 
f 2359/2359/2359 2361/2361/2361 2360/2360/2360 
f 2359/2359/2359 2362/2362/2362 2361/2361/2361 
f 2363/2363/2363 2365/2365/2365 2364/2364/2364 
f 2365/2365/2365 2363/2363/2363 2366/2366/2366 
f 2365/2365/2365 2366/2366/2366 2367/2367/2367 
f 2367/2367/2367 2366/2366/2366 2368/2368/2368 
f 2367/2367/2367 2368/2368/2368 2369/2369/2369 
f 2369/2369/2369 2368/2368/2368 2370/2370/2370 
f 2369/2369/2369 2370/2370/2370 2371/2371/2371 
f 2371/2371/2371 2370/2370/2370 2372/2372/2372 
f 2371/2371/2371 2372/2372/2372 2373/2373/2373 
f 2373/2373/2373 2372/2372/2372 2374/2374/2374 
f 2373/2373/2373 2374/2374/2374 2375/2375/2375 
f 2376/2376/2376 2378/2378/2378 2377/2377/2377 
f 2376/2376/2376 2379/2379/2379 2378/2378/2378 
f 2380/2380/2380 2382/2382/2382 2381/2381/2381 
f 2380/2380/2380 2383/2383/2383 2382/2382/2382 
f 2384/2384/2384 2386/2386/2386 2385/2385/2385 
f 2384/2384/2384 2387/2387/2387 2386/2386/2386 
f 2388/2388/2388 2390/2390/2390 2389/2389/2389 
f 2388/2388/2388 2391/2391/2391 2390/2390/2390 
f 2392/2392/2392 2394/2394/2394 2393/2393/2393 
f 2392/2392/2392 2395/2395/2395 2394/2394/2394 
f 2396/2396/2396 2398/2398/2398 2397/2397/2397 
f 2396/2396/2396 2399/2399/2399 2398/2398/2398 
f 2400/2400/2400 2402/2402/2402 2401/2401/2401 
f 2402/2402/2402 2400/2400/2400 2403/2403/2403 
f 2402/2402/2402 2403/2403/2403 2404/2404/2404 
f 2405/2405/2405 2407/2407/2407 2406/2406/2406 
f 2405/2405/2405 2408/2408/2408 2407/2407/2407 
f 2409/2409/2409 2411/2411/2411 2410/2410/2410 
f 2409/2409/2409 2412/2412/2412 2411/2411/2411 
f 2413/2413/2413 2415/2415/2415 2414/2414/2414 
f 2413/2413/2413 2416/2416/2416 2415/2415/2415 
f 2417/2417/2417 2419/2419/2419 2418/2418/2418 
f 2417/2417/2417 2420/2420/2420 2419/2419/2419 
f 2421/2421/2421 2423/2423/2423 2422/2422/2422 
f 2421/2421/2421 2424/2424/2424 2423/2423/2423 
f 2425/2425/2425 2427/2427/2427 2426/2426/2426 
f 2425/2425/2425 2428/2428/2428 2427/2427/2427 
f 2429/2429/2429 2431/2431/2431 2430/2430/2430 
f 2431/2431/2431 2429/2429/2429 2432/2432/2432 
f 2431/2431/2431 2432/2432/2432 2433/2433/2433 
f 2433/2433/2433 2432/2432/2432 2434/2434/2434 
f 2433/2433/2433 2434/2434/2434 2435/2435/2435 
f 2435/2435/2435 2434/2434/2434 2436/2436/2436 
f 2435/2435/2435 2436/2436/2436 2437/2437/2437 
f 2437/2437/2437 2436/2436/2436 2438/2438/2438 
f 2437/2437/2437 2438/2438/2438 2439/2439/2439 
f 2439/2439/2439 2438/2438/2438 2440/2440/2440 
f 2439/2439/2439 2440/2440/2440 2441/2441/2441 
f 2442/2442/2442 2444/2444/2444 2443/2443/2443 
f 2442/2442/2442 2445/2445/2445 2444/2444/2444 
f 2446/2446/2446 2448/2448/2448 2447/2447/2447 
f 2446/2446/2446 2449/2449/2449 2448/2448/2448 
f 2450/2450/2450 2452/2452/2452 2451/2451/2451 
f 2450/2450/2450 2453/2453/2453 2452/2452/2452 
f 2454/2454/2454 2456/2456/2456 2455/2455/2455 
f 2454/2454/2454 2457/2457/2457 2456/2456/2456 
f 2458/2458/2458 2460/2460/2460 2459/2459/2459 
f 2458/2458/2458 2461/2461/2461 2460/2460/2460 
f 2462/2462/2462 2464/2464/2464 2463/2463/2463 
f 2462/2462/2462 2465/2465/2465 2464/2464/2464 
f 2466/2466/2466 2468/2468/2468 2467/2467/2467 
f 2468/2468/2468 2466/2466/2466 2469/2469/2469 
f 2468/2468/2468 2469/2469/2469 2470/2470/2470 
f 2471/2471/2471 2473/2473/2473 2472/2472/2472 
f 2471/2471/2471 2474/2474/2474 2473/2473/2473 
f 2475/2475/2475 2477/2477/2477 2476/2476/2476 
f 2475/2475/2475 2478/2478/2478 2477/2477/2477 
f 2479/2479/2479 2481/2481/2481 2480/2480/2480 
f 2479/2479/2479 2482/2482/2482 2481/2481/2481 
f 2483/2483/2483 2485/2485/2485 2484/2484/2484 
f 2483/2483/2483 2486/2486/2486 2485/2485/2485 
f 2487/2487/2487 2489/2489/2489 2488/2488/2488 
f 2487/2487/2487 2490/2490/2490 2489/2489/2489 
f 2491/2491/2491 2493/2493/2493 2492/2492/2492 
f 2491/2491/2491 2494/2494/2494 2493/2493/2493 
f 2495/2495/2495 2497/2497/2497 2496/2496/2496 
f 2497/2497/2497 2495/2495/2495 2498/2498/2498 
f 2497/2497/2497 2498/2498/2498 2499/2499/2499 
f 2499/2499/2499 2498/2498/2498 2500/2500/2500 
f 2499/2499/2499 2500/2500/2500 2501/2501/2501 
f 2501/2501/2501 2500/2500/2500 2502/2502/2502 
f 2501/2501/2501 2502/2502/2502 2503/2503/2503 
f 2503/2503/2503 2502/2502/2502 2504/2504/2504 
f 2503/2503/2503 2504/2504/2504 2505/2505/2505 
f 2505/2505/2505 2504/2504/2504 2506/2506/2506 
f 2505/2505/2505 2506/2506/2506 2507/2507/2507 
f 2508/2508/2508 2510/2510/2510 2509/2509/2509 
f 2508/2508/2508 2511/2511/2511 2510/2510/2510 
f 2512/2512/2512 2514/2514/2514 2513/2513/2513 
f 2512/2512/2512 2515/2515/2515 2514/2514/2514 
f 2516/2516/2516 2518/2518/2518 2517/2517/2517 
f 2516/2516/2516 2519/2519/2519 2518/2518/2518 
f 2520/2520/2520 2522/2522/2522 2521/2521/2521 
f 2520/2520/2520 2523/2523/2523 2522/2522/2522 
f 2524/2524/2524 2526/2526/2526 2525/2525/2525 
f 2524/2524/2524 2527/2527/2527 2526/2526/2526 
f 2528/2528/2528 2530/2530/2530 2529/2529/2529 
f 2528/2528/2528 2531/2531/2531 2530/2530/2530 
f 2532/2532/2532 2534/2534/2534 2533/2533/2533 
f 2534/2534/2534 2532/2532/2532 2535/2535/2535 
f 2534/2534/2534 2535/2535/2535 2536/2536/2536 
f 2537/2537/2537 2539/2539/2539 2538/2538/2538 
f 2537/2537/2537 2540/2540/2540 2539/2539/2539 
f 2541/2541/2541 2543/2543/2543 2542/2542/2542 
f 2541/2541/2541 2544/2544/2544 2543/2543/2543 
f 2545/2545/2545 2547/2547/2547 2546/2546/2546 
f 2545/2545/2545 2548/2548/2548 2547/2547/2547 
f 2549/2549/2549 2551/2551/2551 2550/2550/2550 
f 2549/2549/2549 2552/2552/2552 2551/2551/2551 
f 2553/2553/2553 2555/2555/2555 2554/2554/2554 
f 2553/2553/2553 2556/2556/2556 2555/2555/2555 
f 2557/2557/2557 2559/2559/2559 2558/2558/2558 
f 2557/2557/2557 2560/2560/2560 2559/2559/2559 
f 2561/2561/2561 2563/2563/2563 2562/2562/2562 
f 2563/2563/2563 2561/2561/2561 2564/2564/2564 
f 2563/2563/2563 2564/2564/2564 2565/2565/2565 
f 2565/2565/2565 2564/2564/2564 2566/2566/2566 
f 2565/2565/2565 2566/2566/2566 2567/2567/2567 
f 2567/2567/2567 2566/2566/2566 2568/2568/2568 
f 2567/2567/2567 2568/2568/2568 2569/2569/2569 
f 2569/2569/2569 2568/2568/2568 2570/2570/2570 
f 2569/2569/2569 2570/2570/2570 2571/2571/2571 
f 2571/2571/2571 2570/2570/2570 2572/2572/2572 
f 2571/2571/2571 2572/2572/2572 2573/2573/2573 
f 2574/2574/2574 2576/2576/2576 2575/2575/2575 
f 2574/2574/2574 2577/2577/2577 2576/2576/2576 
f 2578/2578/2578 2580/2580/2580 2579/2579/2579 
f 2578/2578/2578 2581/2581/2581 2580/2580/2580 
f 2582/2582/2582 2584/2584/2584 2583/2583/2583 
f 2582/2582/2582 2585/2585/2585 2584/2584/2584 
f 2586/2586/2586 2588/2588/2588 2587/2587/2587 
f 2586/2586/2586 2589/2589/2589 2588/2588/2588 
f 2590/2590/2590 2592/2592/2592 2591/2591/2591 
f 2590/2590/2590 2593/2593/2593 2592/2592/2592 
f 2594/2594/2594 2596/2596/2596 2595/2595/2595 
f 2594/2594/2594 2597/2597/2597 2596/2596/2596 
f 2598/2598/2598 2600/2600/2600 2599/2599/2599 
f 2600/2600/2600 2598/2598/2598 2601/2601/2601 
f 2600/2600/2600 2601/2601/2601 2602/2602/2602 
f 2603/2603/2603 2605/2605/2605 2604/2604/2604 
f 2603/2603/2603 2606/2606/2606 2605/2605/2605 
f 2607/2607/2607 2609/2609/2609 2608/2608/2608 
f 2607/2607/2607 2610/2610/2610 2609/2609/2609 
f 2611/2611/2611 2613/2613/2613 2612/2612/2612 
f 2611/2611/2611 2614/2614/2614 2613/2613/2613 
f 2615/2615/2615 2617/2617/2617 2616/2616/2616 
f 2615/2615/2615 2618/2618/2618 2617/2617/2617 
f 2619/2619/2619 2621/2621/2621 2620/2620/2620 
f 2619/2619/2619 2622/2622/2622 2621/2621/2621 
f 2623/2623/2623 2625/2625/2625 2624/2624/2624 
f 2623/2623/2623 2626/2626/2626 2625/2625/2625 
f 2627/2627/2627 2629/2629/2629 2628/2628/2628 
f 2629/2629/2629 2627/2627/2627 2630/2630/2630 
f 2629/2629/2629 2630/2630/2630 2631/2631/2631 
f 2631/2631/2631 2630/2630/2630 2632/2632/2632 
f 2631/2631/2631 2632/2632/2632 2633/2633/2633 
f 2633/2633/2633 2632/2632/2632 2634/2634/2634 
f 2633/2633/2633 2634/2634/2634 2635/2635/2635 
f 2635/2635/2635 2634/2634/2634 2636/2636/2636 
f 2635/2635/2635 2636/2636/2636 2637/2637/2637 
f 2637/2637/2637 2636/2636/2636 2638/2638/2638 
f 2637/2637/2637 2638/2638/2638 2639/2639/2639 
f 2640/2640/2640 2642/2642/2642 2641/2641/2641 
f 2640/2640/2640 2643/2643/2643 2642/2642/2642 
f 2644/2644/2644 2646/2646/2646 2645/2645/2645 
f 2644/2644/2644 2647/2647/2647 2646/2646/2646 
f 2648/2648/2648 2650/2650/2650 2649/2649/2649 
f 2648/2648/2648 2651/2651/2651 2650/2650/2650 
f 2652/2652/2652 2654/2654/2654 2653/2653/2653 
f 2652/2652/2652 2655/2655/2655 2654/2654/2654 
f 2656/2656/2656 2658/2658/2658 2657/2657/2657 
f 2656/2656/2656 2659/2659/2659 2658/2658/2658 
f 2660/2660/2660 2662/2662/2662 2661/2661/2661 
f 2660/2660/2660 2663/2663/2663 2662/2662/2662 
f 2664/2664/2664 2666/2666/2666 2665/2665/2665 
f 2666/2666/2666 2664/2664/2664 2667/2667/2667 
f 2666/2666/2666 2667/2667/2667 2668/2668/2668 
f 2669/2669/2669 2671/2671/2671 2670/2670/2670 
f 2669/2669/2669 2672/2672/2672 2671/2671/2671 
f 2673/2673/2673 2675/2675/2675 2674/2674/2674 
f 2673/2673/2673 2676/2676/2676 2675/2675/2675 
f 2677/2677/2677 2679/2679/2679 2678/2678/2678 
f 2677/2677/2677 2680/2680/2680 2679/2679/2679 
f 2681/2681/2681 2683/2683/2683 2682/2682/2682 
f 2681/2681/2681 2684/2684/2684 2683/2683/2683 
f 2685/2685/2685 2687/2687/2687 2686/2686/2686 
f 2685/2685/2685 2688/2688/2688 2687/2687/2687 
f 2689/2689/2689 2691/2691/2691 2690/2690/2690 
f 2689/2689/2689 2692/2692/2692 2691/2691/2691 
f 2693/2693/2693 2695/2695/2695 2694/2694/2694 
f 2695/2695/2695 2693/2693/2693 2696/2696/2696 
f 2695/2695/2695 2696/2696/2696 2697/2697/2697 
f 2697/2697/2697 2696/2696/2696 2698/2698/2698 
f 2697/2697/2697 2698/2698/2698 2699/2699/2699 
f 2699/2699/2699 2698/2698/2698 2700/2700/2700 
f 2699/2699/2699 2700/2700/2700 2701/2701/2701 
f 2701/2701/2701 2700/2700/2700 2702/2702/2702 
f 2701/2701/2701 2702/2702/2702 2703/2703/2703 
f 2703/2703/2703 2702/2702/2702 2704/2704/2704 
f 2703/2703/2703 2704/2704/2704 2705/2705/2705 
f 2706/2706/2706 2708/2708/2708 2707/2707/2707 
f 2706/2706/2706 2709/2709/2709 2708/2708/2708 
f 2710/2710/2710 2712/2712/2712 2711/2711/2711 
f 2710/2710/2710 2713/2713/2713 2712/2712/2712 
f 2714/2714/2714 2716/2716/2716 2715/2715/2715 
f 2714/2714/2714 2717/2717/2717 2716/2716/2716 
f 2718/2718/2718 2720/2720/2720 2719/2719/2719 
f 2718/2718/2718 2721/2721/2721 2720/2720/2720 
f 2722/2722/2722 2724/2724/2724 2723/2723/2723 
f 2722/2722/2722 2725/2725/2725 2724/2724/2724 
f 2726/2726/2726 2728/2728/2728 2727/2727/2727 
f 2726/2726/2726 2729/2729/2729 2728/2728/2728 
f 2730/2730/2730 2732/2732/2732 2731/2731/2731 
f 2732/2732/2732 2730/2730/2730 2733/2733/2733 
f 2732/2732/2732 2733/2733/2733 2734/2734/2734 
f 2735/2735/2735 2737/2737/2737 2736/2736/2736 
f 2735/2735/2735 2738/2738/2738 2737/2737/2737 
f 2739/2739/2739 2741/2741/2741 2740/2740/2740 
f 2739/2739/2739 2742/2742/2742 2741/2741/2741 
f 2743/2743/2743 2745/2745/2745 2744/2744/2744 
f 2743/2743/2743 2746/2746/2746 2745/2745/2745 
f 2747/2747/2747 2749/2749/2749 2748/2748/2748 
f 2747/2747/2747 2750/2750/2750 2749/2749/2749 
f 2751/2751/2751 2753/2753/2753 2752/2752/2752 
f 2751/2751/2751 2754/2754/2754 2753/2753/2753 
f 2755/2755/2755 2757/2757/2757 2756/2756/2756 
f 2755/2755/2755 2758/2758/2758 2757/2757/2757 
f 2759/2759/2759 2761/2761/2761 2760/2760/2760 
f 2761/2761/2761 2759/2759/2759 2762/2762/2762 
f 2761/2761/2761 2762/2762/2762 2763/2763/2763 
f 2763/2763/2763 2762/2762/2762 2764/2764/2764 
f 2763/2763/2763 2764/2764/2764 2765/2765/2765 
f 2765/2765/2765 2764/2764/2764 2766/2766/2766 
f 2765/2765/2765 2766/2766/2766 2767/2767/2767 
f 2767/2767/2767 2766/2766/2766 2768/2768/2768 
f 2767/2767/2767 2768/2768/2768 2769/2769/2769 
f 2769/2769/2769 2768/2768/2768 2770/2770/2770 
f 2769/2769/2769 2770/2770/2770 2771/2771/2771 
f 2772/2772/2772 2774/2774/2774 2773/2773/2773 
f 2772/2772/2772 2775/2775/2775 2774/2774/2774 
f 2776/2776/2776 2778/2778/2778 2777/2777/2777 
f 2776/2776/2776 2779/2779/2779 2778/2778/2778 
f 2780/2780/2780 2782/2782/2782 2781/2781/2781 
f 2780/2780/2780 2783/2783/2783 2782/2782/2782 
f 2784/2784/2784 2786/2786/2786 2785/2785/2785 
f 2784/2784/2784 2787/2787/2787 2786/2786/2786 
f 2788/2788/2788 2790/2790/2790 2789/2789/2789 
f 2788/2788/2788 2791/2791/2791 2790/2790/2790 
f 2792/2792/2792 2794/2794/2794 2793/2793/2793 
f 2792/2792/2792 2795/2795/2795 2794/2794/2794 
f 2796/2796/2796 2798/2798/2798 2797/2797/2797 
f 2798/2798/2798 2796/2796/2796 2799/2799/2799 
f 2798/2798/2798 2799/2799/2799 2800/2800/2800 
f 2801/2801/2801 2803/2803/2803 2802/2802/2802 
f 2801/2801/2801 2804/2804/2804 2803/2803/2803 
f 2805/2805/2805 2807/2807/2807 2806/2806/2806 
f 2805/2805/2805 2808/2808/2808 2807/2807/2807 
f 2809/2809/2809 2811/2811/2811 2810/2810/2810 
f 2809/2809/2809 2812/2812/2812 2811/2811/2811 
f 2813/2813/2813 2815/2815/2815 2814/2814/2814 
f 2813/2813/2813 2816/2816/2816 2815/2815/2815 
f 2817/2817/2817 2819/2819/2819 2818/2818/2818 
f 2817/2817/2817 2820/2820/2820 2819/2819/2819 
f 2821/2821/2821 2823/2823/2823 2822/2822/2822 
f 2821/2821/2821 2824/2824/2824 2823/2823/2823 
f 2825/2825/2825 2827/2827/2827 2826/2826/2826 
f 2827/2827/2827 2825/2825/2825 2828/2828/2828 
f 2827/2827/2827 2828/2828/2828 2829/2829/2829 
f 2829/2829/2829 2828/2828/2828 2830/2830/2830 
f 2829/2829/2829 2830/2830/2830 2831/2831/2831 
f 2831/2831/2831 2830/2830/2830 2832/2832/2832 
f 2831/2831/2831 2832/2832/2832 2833/2833/2833 
f 2833/2833/2833 2832/2832/2832 2834/2834/2834 
f 2833/2833/2833 2834/2834/2834 2835/2835/2835 
f 2835/2835/2835 2834/2834/2834 2836/2836/2836 
f 2835/2835/2835 2836/2836/2836 2837/2837/2837 
f 2838/2838/2838 2840/2840/2840 2839/2839/2839 
f 2838/2838/2838 2841/2841/2841 2840/2840/2840 
f 2842/2842/2842 2844/2844/2844 2843/2843/2843 
f 2842/2842/2842 2845/2845/2845 2844/2844/2844 
f 2846/2846/2846 2848/2848/2848 2847/2847/2847 
f 2846/2846/2846 2849/2849/2849 2848/2848/2848 
f 2850/2850/2850 2852/2852/2852 2851/2851/2851 
f 2850/2850/2850 2853/2853/2853 2852/2852/2852 
f 2854/2854/2854 2856/2856/2856 2855/2855/2855 
f 2854/2854/2854 2857/2857/2857 2856/2856/2856 
f 2858/2858/2858 2860/2860/2860 2859/2859/2859 
f 2858/2858/2858 2861/2861/2861 2860/2860/2860 
f 2862/2862/2862 2864/2864/2864 2863/2863/2863 
f 2864/2864/2864 2862/2862/2862 2865/2865/2865 
f 2864/2864/2864 2865/2865/2865 2866/2866/2866 
f 2867/2867/2867 2869/2869/2869 2868/2868/2868 
f 2867/2867/2867 2870/2870/2870 2869/2869/2869 
f 2871/2871/2871 2873/2873/2873 2872/2872/2872 
f 2871/2871/2871 2874/2874/2874 2873/2873/2873 
f 2875/2875/2875 2877/2877/2877 2876/2876/2876 
f 2875/2875/2875 2878/2878/2878 2877/2877/2877 
f 2879/2879/2879 2881/2881/2881 2880/2880/2880 
f 2879/2879/2879 2882/2882/2882 2881/2881/2881 
f 2883/2883/2883 2885/2885/2885 2884/2884/2884 
f 2883/2883/2883 2886/2886/2886 2885/2885/2885 
f 2887/2887/2887 2889/2889/2889 2888/2888/2888 
f 2887/2887/2887 2890/2890/2890 2889/2889/2889 
f 2891/2891/2891 2893/2893/2893 2892/2892/2892 
f 2893/2893/2893 2891/2891/2891 2894/2894/2894 
f 2893/2893/2893 2894/2894/2894 2895/2895/2895 
f 2895/2895/2895 2894/2894/2894 2896/2896/2896 
f 2895/2895/2895 2896/2896/2896 2897/2897/2897 
f 2897/2897/2897 2896/2896/2896 2898/2898/2898 
f 2897/2897/2897 2898/2898/2898 2899/2899/2899 
f 2899/2899/2899 2898/2898/2898 2900/2900/2900 
f 2899/2899/2899 2900/2900/2900 2901/2901/2901 
f 2901/2901/2901 2900/2900/2900 2902/2902/2902 
f 2901/2901/2901 2902/2902/2902 2903/2903/2903 
f 2904/2904/2904 2906/2906/2906 2905/2905/2905 
f 2904/2904/2904 2907/2907/2907 2906/2906/2906 
f 2908/2908/2908 2910/2910/2910 2909/2909/2909 
f 2908/2908/2908 2911/2911/2911 2910/2910/2910 
f 2912/2912/2912 2914/2914/2914 2913/2913/2913 
f 2912/2912/2912 2915/2915/2915 2914/2914/2914 
f 2916/2916/2916 2918/2918/2918 2917/2917/2917 
f 2916/2916/2916 2919/2919/2919 2918/2918/2918 
f 2920/2920/2920 2922/2922/2922 2921/2921/2921 
f 2920/2920/2920 2923/2923/2923 2922/2922/2922 
f 2924/2924/2924 2926/2926/2926 2925/2925/2925 
f 2924/2924/2924 2927/2927/2927 2926/2926/2926 
f 2928/2928/2928 2930/2930/2930 2929/2929/2929 
f 2930/2930/2930 2928/2928/2928 2931/2931/2931 
f 2930/2930/2930 2931/2931/2931 2932/2932/2932 
f 2933/2933/2933 2935/2935/2935 2934/2934/2934 
f 2933/2933/2933 2936/2936/2936 2935/2935/2935 
f 2937/2937/2937 2939/2939/2939 2938/2938/2938 
f 2937/2937/2937 2940/2940/2940 2939/2939/2939 
f 2941/2941/2941 2943/2943/2943 2942/2942/2942 
f 2941/2941/2941 2944/2944/2944 2943/2943/2943 
f 2945/2945/2945 2947/2947/2947 2946/2946/2946 
f 2945/2945/2945 2948/2948/2948 2947/2947/2947 
f 2949/2949/2949 2951/2951/2951 2950/2950/2950 
f 2949/2949/2949 2952/2952/2952 2951/2951/2951 
f 2953/2953/2953 2955/2955/2955 2954/2954/2954 
f 2953/2953/2953 2956/2956/2956 2955/2955/2955 
f 2957/2957/2957 2959/2959/2959 2958/2958/2958 
f 2959/2959/2959 2957/2957/2957 2960/2960/2960 
f 2959/2959/2959 2960/2960/2960 2961/2961/2961 
f 2961/2961/2961 2960/2960/2960 2962/2962/2962 
f 2961/2961/2961 2962/2962/2962 2963/2963/2963 
f 2963/2963/2963 2962/2962/2962 2964/2964/2964 
f 2963/2963/2963 2964/2964/2964 2965/2965/2965 
f 2965/2965/2965 2964/2964/2964 2966/2966/2966 
f 2965/2965/2965 2966/2966/2966 2967/2967/2967 
f 2967/2967/2967 2966/2966/2966 2968/2968/2968 
f 2967/2967/2967 2968/2968/2968 2969/2969/2969 
f 2970/2970/2970 2972/2972/2972 2971/2971/2971 
f 2970/2970/2970 2973/2973/2973 2972/2972/2972 
f 2974/2974/2974 2976/2976/2976 2975/2975/2975 
f 2974/2974/2974 2977/2977/2977 2976/2976/2976 
f 2978/2978/2978 2980/2980/2980 2979/2979/2979 
f 2978/2978/2978 2981/2981/2981 2980/2980/2980 
f 2982/2982/2982 2984/2984/2984 2983/2983/2983 
f 2982/2982/2982 2985/2985/2985 2984/2984/2984 
f 2986/2986/2986 2988/2988/2988 2987/2987/2987 
f 2986/2986/2986 2989/2989/2989 2988/2988/2988 
f 2990/2990/2990 2992/2992/2992 2991/2991/2991 
f 2990/2990/2990 2993/2993/2993 2992/2992/2992 
f 2994/2994/2994 2996/2996/2996 2995/2995/2995 
f 2996/2996/2996 2994/2994/2994 2997/2997/2997 
f 2996/2996/2996 2997/2997/2997 2998/2998/2998 
f 2999/2999/2999 3001/3001/3001 3000/3000/3000 
f 2999/2999/2999 3002/3002/3002 3001/3001/3001 
f 3003/3003/3003 3005/3005/3005 3004/3004/3004 
f 3003/3003/3003 3006/3006/3006 3005/3005/3005 
f 3007/3007/3007 3009/3009/3009 3008/3008/3008 
f 3007/3007/3007 3010/3010/3010 3009/3009/3009 
f 3011/3011/3011 3013/3013/3013 3012/3012/3012 
f 3011/3011/3011 3014/3014/3014 3013/3013/3013 
f 3015/3015/3015 3017/3017/3017 3016/3016/3016 
f 3015/3015/3015 3018/3018/3018 3017/3017/3017 
f 3019/3019/3019 3021/3021/3021 3020/3020/3020 
f 3019/3019/3019 3022/3022/3022 3021/3021/3021 
f 3023/3023/3023 3025/3025/3025 3024/3024/3024 
f 3025/3025/3025 3023/3023/3023 3026/3026/3026 
f 3025/3025/3025 3026/3026/3026 3027/3027/3027 
f 3027/3027/3027 3026/3026/3026 3028/3028/3028 
f 3027/3027/3027 3028/3028/3028 3029/3029/3029 
f 3029/3029/3029 3028/3028/3028 3030/3030/3030 
f 3029/3029/3029 3030/3030/3030 3031/3031/3031 
f 3031/3031/3031 3030/3030/3030 3032/3032/3032 
f 3031/3031/3031 3032/3032/3032 3033/3033/3033 
f 3033/3033/3033 3032/3032/3032 3034/3034/3034 
f 3033/3033/3033 3034/3034/3034 3035/3035/3035 
f 3036/3036/3036 3038/3038/3038 3037/3037/3037 
f 3036/3036/3036 3039/3039/3039 3038/3038/3038 
f 3040/3040/3040 3042/3042/3042 3041/3041/3041 
f 3040/3040/3040 3043/3043/3043 3042/3042/3042 
f 3044/3044/3044 3046/3046/3046 3045/3045/3045 
f 3044/3044/3044 3047/3047/3047 3046/3046/3046 
f 3048/3048/3048 3050/3050/3050 3049/3049/3049 
f 3048/3048/3048 3051/3051/3051 3050/3050/3050 
f 3052/3052/3052 3054/3054/3054 3053/3053/3053 
f 3052/3052/3052 3055/3055/3055 3054/3054/3054 
f 3056/3056/3056 3058/3058/3058 3057/3057/3057 
f 3056/3056/3056 3059/3059/3059 3058/3058/3058 
f 3060/3060/3060 3062/3062/3062 3061/3061/3061 
f 3062/3062/3062 3060/3060/3060 3063/3063/3063 
f 3062/3062/3062 3063/3063/3063 3064/3064/3064 
f 3065/3065/3065 3067/3067/3067 3066/3066/3066 
f 3065/3065/3065 3068/3068/3068 3067/3067/3067 
f 3069/3069/3069 3071/3071/3071 3070/3070/3070 
f 3069/3069/3069 3072/3072/3072 3071/3071/3071 
f 3073/3073/3073 3075/3075/3075 3074/3074/3074 
f 3073/3073/3073 3076/3076/3076 3075/3075/3075 
f 3077/3077/3077 3079/3079/3079 3078/3078/3078 
f 3077/3077/3077 3080/3080/3080 3079/3079/3079 
f 3081/3081/3081 3083/3083/3083 3082/3082/3082 
f 3081/3081/3081 3084/3084/3084 3083/3083/3083 
f 3085/3085/3085 3087/3087/3087 3086/3086/3086 
f 3085/3085/3085 3088/3088/3088 3087/3087/3087 
f 3089/3089/3089 3091/3091/3091 3090/3090/3090 
f 3091/3091/3091 3089/3089/3089 3092/3092/3092 
f 3091/3091/3091 3092/3092/3092 3093/3093/3093 
f 3093/3093/3093 3092/3092/3092 3094/3094/3094 
f 3093/3093/3093 3094/3094/3094 3095/3095/3095 
f 3095/3095/3095 3094/3094/3094 3096/3096/3096 
f 3095/3095/3095 3096/3096/3096 3097/3097/3097 
f 3097/3097/3097 3096/3096/3096 3098/3098/3098 
f 3097/3097/3097 3098/3098/3098 3099/3099/3099 
f 3099/3099/3099 3098/3098/3098 3100/3100/3100 
f 3099/3099/3099 3100/3100/3100 3101/3101/3101 
f 3102/3102/3102 3104/3104/3104 3103/3103/3103 
f 3102/3102/3102 3105/3105/3105 3104/3104/3104 
f 3106/3106/3106 3108/3108/3108 3107/3107/3107 
f 3106/3106/3106 3109/3109/3109 3108/3108/3108 
f 3110/3110/3110 3112/3112/3112 3111/3111/3111 
f 3110/3110/3110 3113/3113/3113 3112/3112/3112 
f 3114/3114/3114 3116/3116/3116 3115/3115/3115 
f 3114/3114/3114 3117/3117/3117 3116/3116/3116 
f 3118/3118/3118 3120/3120/3120 3119/3119/3119 
f 3118/3118/3118 3121/3121/3121 3120/3120/3120 
f 3122/3122/3122 3124/3124/3124 3123/3123/3123 
f 3122/3122/3122 3125/3125/3125 3124/3124/3124 
f 3126/3126/3126 3128/3128/3128 3127/3127/3127 
f 3128/3128/3128 3126/3126/3126 3129/3129/3129 
f 3128/3128/3128 3129/3129/3129 3130/3130/3130 
f 3131/3131/3131 3133/3133/3133 3132/3132/3132 
f 3131/3131/3131 3134/3134/3134 3133/3133/3133 
f 3135/3135/3135 3137/3137/3137 3136/3136/3136 
f 3135/3135/3135 3138/3138/3138 3137/3137/3137 
f 3139/3139/3139 3141/3141/3141 3140/3140/3140 
f 3139/3139/3139 3142/3142/3142 3141/3141/3141 
f 3143/3143/3143 3145/3145/3145 3144/3144/3144 
f 3143/3143/3143 3146/3146/3146 3145/3145/3145 
f 3147/3147/3147 3149/3149/3149 3148/3148/3148 
f 3147/3147/3147 3150/3150/3150 3149/3149/3149 
f 3151/3151/3151 3153/3153/3153 3152/3152/3152 
f 3151/3151/3151 3154/3154/3154 3153/3153/3153 
f 3155/3155/3155 3157/3157/3157 3156/3156/3156 
f 3157/3157/3157 3155/3155/3155 3158/3158/3158 
f 3157/3157/3157 3158/3158/3158 3159/3159/3159 
f 3159/3159/3159 3158/3158/3158 3160/3160/3160 
f 3159/3159/3159 3160/3160/3160 3161/3161/3161 
f 3161/3161/3161 3160/3160/3160 3162/3162/3162 
f 3161/3161/3161 3162/3162/3162 3163/3163/3163 
f 3163/3163/3163 3162/3162/3162 3164/3164/3164 
f 3163/3163/3163 3164/3164/3164 3165/3165/3165 
f 3165/3165/3165 3164/3164/3164 3166/3166/3166 
f 3165/3165/3165 3166/3166/3166 3167/3167/3167 
f 3168/3168/3168 3170/3170/3170 3169/3169/3169 
f 3168/3168/3168 3171/3171/3171 3170/3170/3170 
f 3172/3172/3172 3174/3174/3174 3173/3173/3173 
f 3172/3172/3172 3175/3175/3175 3174/3174/3174 
f 3176/3176/3176 3178/3178/3178 3177/3177/3177 
f 3176/3176/3176 3179/3179/3179 3178/3178/3178 
f 3180/3180/3180 3182/3182/3182 3181/3181/3181 
f 3180/3180/3180 3183/3183/3183 3182/3182/3182 
f 3184/3184/3184 3186/3186/3186 3185/3185/3185 
f 3184/3184/3184 3187/3187/3187 3186/3186/3186 
f 3188/3188/3188 3190/3190/3190 3189/3189/3189 
f 3188/3188/3188 3191/3191/3191 3190/3190/3190 
f 3192/3192/3192 3194/3194/3194 3193/3193/3193 
f 3194/3194/3194 3192/3192/3192 3195/3195/3195 
f 3194/3194/3194 3195/3195/3195 3196/3196/3196 
f 3197/3197/3197 3199/3199/3199 3198/3198/3198 
f 3197/3197/3197 3200/3200/3200 3199/3199/3199 
f 3201/3201/3201 3203/3203/3203 3202/3202/3202 
f 3201/3201/3201 3204/3204/3204 3203/3203/3203 
f 3205/3205/3205 3207/3207/3207 3206/3206/3206 
f 3205/3205/3205 3208/3208/3208 3207/3207/3207 
f 3209/3209/3209 3211/3211/3211 3210/3210/3210 
f 3209/3209/3209 3212/3212/3212 3211/3211/3211 
f 3213/3213/3213 3215/3215/3215 3214/3214/3214 
f 3213/3213/3213 3216/3216/3216 3215/3215/3215 
f 3217/3217/3217 3219/3219/3219 3218/3218/3218 
f 3217/3217/3217 3220/3220/3220 3219/3219/3219 
f 3221/3221/3221 3223/3223/3223 3222/3222/3222 
f 3223/3223/3223 3221/3221/3221 3224/3224/3224 
f 3223/3223/3223 3224/3224/3224 3225/3225/3225 
f 3225/3225/3225 3224/3224/3224 3226/3226/3226 
f 3225/3225/3225 3226/3226/3226 3227/3227/3227 
f 3227/3227/3227 3226/3226/3226 3228/3228/3228 
f 3227/3227/3227 3228/3228/3228 3229/3229/3229 
f 3229/3229/3229 3228/3228/3228 3230/3230/3230 
f 3229/3229/3229 3230/3230/3230 3231/3231/3231 
f 3231/3231/3231 3230/3230/3230 3232/3232/3232 
f 3231/3231/3231 3232/3232/3232 3233/3233/3233 
f 3234/3234/3234 3236/3236/3236 3235/3235/3235 
f 3234/3234/3234 3237/3237/3237 3236/3236/3236 
f 3238/3238/3238 3240/3240/3240 3239/3239/3239 
f 3238/3238/3238 3241/3241/3241 3240/3240/3240 
f 3242/3242/3242 3244/3244/3244 3243/3243/3243 
f 3242/3242/3242 3245/3245/3245 3244/3244/3244 
f 3246/3246/3246 3248/3248/3248 3247/3247/3247 
f 3246/3246/3246 3249/3249/3249 3248/3248/3248 
f 3250/3250/3250 3252/3252/3252 3251/3251/3251 
f 3250/3250/3250 3253/3253/3253 3252/3252/3252 
f 3254/3254/3254 3256/3256/3256 3255/3255/3255 
f 3254/3254/3254 3257/3257/3257 3256/3256/3256 
f 3258/3258/3258 3260/3260/3260 3259/3259/3259 
f 3260/3260/3260 3258/3258/3258 3261/3261/3261 
f 3260/3260/3260 3261/3261/3261 3262/3262/3262 
f 3263/3263/3263 3265/3265/3265 3264/3264/3264 
f 3263/3263/3263 3266/3266/3266 3265/3265/3265 
f 3267/3267/3267 3269/3269/3269 3268/3268/3268 
f 3267/3267/3267 3270/3270/3270 3269/3269/3269 
f 3271/3271/3271 3273/3273/3273 3272/3272/3272 
f 3271/3271/3271 3274/3274/3274 3273/3273/3273 
f 3275/3275/3275 3277/3277/3277 3276/3276/3276 
f 3275/3275/3275 3278/3278/3278 3277/3277/3277 
f 3279/3279/3279 3281/3281/3281 3280/3280/3280 
f 3279/3279/3279 3282/3282/3282 3281/3281/3281 
f 3283/3283/3283 3285/3285/3285 3284/3284/3284 
f 3283/3283/3283 3286/3286/3286 3285/3285/3285 
f 3287/3287/3287 3289/3289/3289 3288/3288/3288 
f 3289/3289/3289 3287/3287/3287 3290/3290/3290 
f 3289/3289/3289 3290/3290/3290 3291/3291/3291 
f 3291/3291/3291 3290/3290/3290 3292/3292/3292 
f 3291/3291/3291 3292/3292/3292 3293/3293/3293 
f 3293/3293/3293 3292/3292/3292 3294/3294/3294 
f 3293/3293/3293 3294/3294/3294 3295/3295/3295 
f 3295/3295/3295 3294/3294/3294 3296/3296/3296 
f 3295/3295/3295 3296/3296/3296 3297/3297/3297 
f 3297/3297/3297 3296/3296/3296 3298/3298/3298 
f 3297/3297/3297 3298/3298/3298 3299/3299/3299 
f 3300/3300/3300 3302/3302/3302 3301/3301/3301 
f 3300/3300/3300 3303/3303/3303 3302/3302/3302 
f 3304/3304/3304 3306/3306/3306 3305/3305/3305 
f 3304/3304/3304 3307/3307/3307 3306/3306/3306 
f 3308/3308/3308 3310/3310/3310 3309/3309/3309 
f 3308/3308/3308 3311/3311/3311 3310/3310/3310 
f 3312/3312/3312 3314/3314/3314 3313/3313/3313 
f 3312/3312/3312 3315/3315/3315 3314/3314/3314 
f 3316/3316/3316 3318/3318/3318 3317/3317/3317 
f 3316/3316/3316 3319/3319/3319 3318/3318/3318 
f 3320/3320/3320 3322/3322/3322 3321/3321/3321 
f 3320/3320/3320 3323/3323/3323 3322/3322/3322 
f 3324/3324/3324 3326/3326/3326 3325/3325/3325 
f 3326/3326/3326 3324/3324/3324 3327/3327/3327 
f 3326/3326/3326 3327/3327/3327 3328/3328/3328 
f 3329/3329/3329 3331/3331/3331 3330/3330/3330 
f 3329/3329/3329 3332/3332/3332 3331/3331/3331 
f 3333/3333/3333 3335/3335/3335 3334/3334/3334 
f 3333/3333/3333 3336/3336/3336 3335/3335/3335 
f 3337/3337/3337 3339/3339/3339 3338/3338/3338 
f 3337/3337/3337 3340/3340/3340 3339/3339/3339 
f 3341/3341/3341 3343/3343/3343 3342/3342/3342 
f 3341/3341/3341 3344/3344/3344 3343/3343/3343 
f 3345/3345/3345 3347/3347/3347 3346/3346/3346 
f 3345/3345/3345 3348/3348/3348 3347/3347/3347 
f 3349/3349/3349 3351/3351/3351 3350/3350/3350 
f 3349/3349/3349 3352/3352/3352 3351/3351/3351 
f 3353/3353/3353 3355/3355/3355 3354/3354/3354 
f 3355/3355/3355 3353/3353/3353 3356/3356/3356 
f 3355/3355/3355 3356/3356/3356 3357/3357/3357 
f 3357/3357/3357 3356/3356/3356 3358/3358/3358 
f 3357/3357/3357 3358/3358/3358 3359/3359/3359 
f 3359/3359/3359 3358/3358/3358 3360/3360/3360 
f 3359/3359/3359 3360/3360/3360 3361/3361/3361 
f 3361/3361/3361 3360/3360/3360 3362/3362/3362 
f 3361/3361/3361 3362/3362/3362 3363/3363/3363 
f 3363/3363/3363 3362/3362/3362 3364/3364/3364 
f 3363/3363/3363 3364/3364/3364 3365/3365/3365 
f 3366/3366/3366 3368/3368/3368 3367/3367/3367 
f 3366/3366/3366 3369/3369/3369 3368/3368/3368 
f 3370/3370/3370 3372/3372/3372 3371/3371/3371 
f 3370/3370/3370 3373/3373/3373 3372/3372/3372 
f 3374/3374/3374 3376/3376/3376 3375/3375/3375 
f 3374/3374/3374 3377/3377/3377 3376/3376/3376 
f 3378/3378/3378 3380/3380/3380 3379/3379/3379 
f 3378/3378/3378 3381/3381/3381 3380/3380/3380 
f 3382/3382/3382 3384/3384/3384 3383/3383/3383 
f 3382/3382/3382 3385/3385/3385 3384/3384/3384 
f 3386/3386/3386 3388/3388/3388 3387/3387/3387 
f 3386/3386/3386 3389/3389/3389 3388/3388/3388 
f 3390/3390/3390 3392/3392/3392 3391/3391/3391 
f 3392/3392/3392 3390/3390/3390 3393/3393/3393 
f 3392/3392/3392 3393/3393/3393 3394/3394/3394 
f 3395/3395/3395 3397/3397/3397 3396/3396/3396 
f 3395/3395/3395 3398/3398/3398 3397/3397/3397 
f 3399/3399/3399 3401/3401/3401 3400/3400/3400 
f 3399/3399/3399 3402/3402/3402 3401/3401/3401 
f 3403/3403/3403 3405/3405/3405 3404/3404/3404 
f 3403/3403/3403 3406/3406/3406 3405/3405/3405 
f 3407/3407/3407 3409/3409/3409 3408/3408/3408 
f 3407/3407/3407 3410/3410/3410 3409/3409/3409 
f 3411/3411/3411 3413/3413/3413 3412/3412/3412 
f 3411/3411/3411 3414/3414/3414 3413/3413/3413 
f 3415/3415/3415 3417/3417/3417 3416/3416/3416 
f 3415/3415/3415 3418/3418/3418 3417/3417/3417 
f 3419/3419/3419 3421/3421/3421 3420/3420/3420 
f 3421/3421/3421 3419/3419/3419 3422/3422/3422 
f 3421/3421/3421 3422/3422/3422 3423/3423/3423 
f 3423/3423/3423 3422/3422/3422 3424/3424/3424 
f 3423/3423/3423 3424/3424/3424 3425/3425/3425 
f 3425/3425/3425 3424/3424/3424 3426/3426/3426 
f 3425/3425/3425 3426/3426/3426 3427/3427/3427 
f 3427/3427/3427 3426/3426/3426 3428/3428/3428 
f 3427/3427/3427 3428/3428/3428 3429/3429/3429 
f 3429/3429/3429 3428/3428/3428 3430/3430/3430 
f 3429/3429/3429 3430/3430/3430 3431/3431/3431 
f 3432/3432/3432 3434/3434/3434 3433/3433/3433 
f 3432/3432/3432 3435/3435/3435 3434/3434/3434 
f 3436/3436/3436 3438/3438/3438 3437/3437/3437 
f 3436/3436/3436 3439/3439/3439 3438/3438/3438 
f 3440/3440/3440 3442/3442/3442 3441/3441/3441 
f 3440/3440/3440 3443/3443/3443 3442/3442/3442 
f 3444/3444/3444 3446/3446/3446 3445/3445/3445 
f 3444/3444/3444 3447/3447/3447 3446/3446/3446 
f 3448/3448/3448 3450/3450/3450 3449/3449/3449 
f 3448/3448/3448 3451/3451/3451 3450/3450/3450 
f 3452/3452/3452 3454/3454/3454 3453/3453/3453 
f 3452/3452/3452 3455/3455/3455 3454/3454/3454 
f 3456/3456/3456 3458/3458/3458 3457/3457/3457 
f 3456/3456/3456 3459/3459/3459 3458/3458/3458 
f 3460/3460/3460 3462/3462/3462 3461/3461/3461 
f 3460/3460/3460 3463/3463/3463 3462/3462/3462 
f 3464/3464/3464 3466/3466/3466 3465/3465/3465 
f 3464/3464/3464 3467/3467/3467 3466/3466/3466 
f 3468/3468/3468 3470/3470/3470 3469/3469/3469 
f 3468/3468/3468 3471/3471/3471 3470/3470/3470 
f 3472/3472/3472 3474/3474/3474 3473/3473/3473 
f 3472/3472/3472 3475/3475/3475 3474/3474/3474 
f 3476/3476/3476 3478/3478/3478 3477/3477/3477 
f 3476/3476/3476 3479/3479/3479 3478/3478/3478 
f 3480/3480/3480 3482/3482/3482 3481/3481/3481 
f 3480/3480/3480 3483/3483/3483 3482/3482/3482 
f 3484/3484/3484 3486/3486/3486 3485/3485/3485 
f 3486/3486/3486 3484/3484/3484 3487/3487/3487 
f 3486/3486/3486 3487/3487/3487 3488/3488/3488 
f 3488/3488/3488 3487/3487/3487 3489/3489/3489 
f 3488/3488/3488 3489/3489/3489 3490/3490/3490 
f 3490/3490/3490 3489/3489/3489 3491/3491/3491 
f 3490/3490/3490 3491/3491/3491 3492/3492/3492 
f 3492/3492/3492 3491/3491/3491 3493/3493/3493 
f 3492/3492/3492 3493/3493/3493 3494/3494/3494 
f 3494/3494/3494 3493/3493/3493 3495/3495/3495 
f 3494/3494/3494 3495/3495/3495 3496/3496/3496 
f 3497/3497/3497 3499/3499/3499 3498/3498/3498 
f 3497/3497/3497 3500/3500/3500 3499/3499/3499 
f 3501/3501/3501 3503/3503/3503 3502/3502/3502 
f 3503/3503/3503 3501/3501/3501 3504/3504/3504 
f 3504/3504/3504 3501/3501/3501 3505/3505/3505 
f 3506/3506/3506 3508/3508/3508 3507/3507/3507 
f 3508/3508/3508 3506/3506/3506 3509/3509/3509 
f 3509/3509/3509 3506/3506/3506 3510/3510/3510 
f 3511/3511/3511 3513/3513/3513 3512/3512/3512 
f 3511/3511/3511 3514/3514/3514 3513/3513/3513 
f 3515/3515/3515 3517/3517/3517 3516/3516/3516 
f 3515/3515/3515 3518/3518/3518 3517/3517/3517 
f 3519/3519/3519 3521/3521/3521 3520/3520/3520 
f 3519/3519/3519 3522/3522/3522 3521/3521/3521 
f 3523/3523/3523 3525/3525/3525 3524/3524/3524 
f 3523/3523/3523 3526/3526/3526 3525/3525/3525 
f 3527/3527/3527 3529/3529/3529 3528/3528/3528 
f 3527/3527/3527 3530/3530/3530 3529/3529/3529 
f 3531/3531/3531 3533/3533/3533 3532/3532/3532 
f 3531/3531/3531 3534/3534/3534 3533/3533/3533 
f 3535/3535/3535 3537/3537/3537 3536/3536/3536 
f 3535/3535/3535 3538/3538/3538 3537/3537/3537 
f 3539/3539/3539 3541/3541/3541 3540/3540/3540 
f 3539/3539/3539 3542/3542/3542 3541/3541/3541 
f 3543/3543/3543 3545/3545/3545 3544/3544/3544 
f 3543/3543/3543 3546/3546/3546 3545/3545/3545 
f 3547/3547/3547 3549/3549/3549 3548/3548/3548 
f 3547/3547/3547 3550/3550/3550 3549/3549/3549 
f 3551/3551/3551 3553/3553/3553 3552/3552/3552 
f 3551/3551/3551 3554/3554/3554 3553/3553/3553 
f 3555/3555/3555 3557/3557/3557 3556/3556/3556 
f 3555/3555/3555 3558/3558/3558 3557/3557/3557 
f 3559/3559/3559 3561/3561/3561 3560/3560/3560 
f 3559/3559/3559 3562/3562/3562 3561/3561/3561 
f 3563/3563/3563 3565/3565/3565 3564/3564/3564 
f 3563/3563/3563 3566/3566/3566 3565/3565/3565 
f 3567/3567/3567 3569/3569/3569 3568/3568/3568 
f 3567/3567/3567 3570/3570/3570 3569/3569/3569 
f 3571/3571/3571 3573/3573/3573 3572/3572/3572 
f 3571/3571/3571 3574/3574/3574 3573/3573/3573 
f 3575/3575/3575 3577/3577/3577 3576/3576/3576 
f 3575/3575/3575 3578/3578/3578 3577/3577/3577 
f 3579/3579/3579 3581/3581/3581 3580/3580/3580 
f 3579/3579/3579 3582/3582/3582 3581/3581/3581 
f 3583/3583/3583 3585/3585/3585 3584/3584/3584 
f 3583/3583/3583 3586/3586/3586 3585/3585/3585 
f 3587/3587/3587 3589/3589/3589 3588/3588/3588 
f 3587/3587/3587 3590/3590/3590 3589/3589/3589 
f 3591/3591/3591 3593/3593/3593 3592/3592/3592 
f 3591/3591/3591 3594/3594/3594 3593/3593/3593 
f 3595/3595/3595 3597/3597/3597 3596/3596/3596 
f 3595/3595/3595 3598/3598/3598 3597/3597/3597 
f 3599/3599/3599 3601/3601/3601 3600/3600/3600 
f 3599/3599/3599 3602/3602/3602 3601/3601/3601 
f 3603/3603/3603 3605/3605/3605 3604/3604/3604 
f 3603/3603/3603 3606/3606/3606 3605/3605/3605 
f 3607/3607/3607 3609/3609/3609 3608/3608/3608 
f 3607/3607/3607 3610/3610/3610 3609/3609/3609 
f 3611/3611/3611 3613/3613/3613 3612/3612/3612 
f 3611/3611/3611 3614/3614/3614 3613/3613/3613 
f 3615/3615/3615 3617/3617/3617 3616/3616/3616 
f 3618/3618/3618 3617/3617/3617 3615/3615/3615 
f 3618/3618/3618 3619/3619/3619 3617/3617/3617 
f 3618/3618/3618 3620/3620/3620 3619/3619/3619 
f 3620/3620/3620 3618/3618/3618 3621/3621/3621 
f 3621/3621/3621 3618/3618/3618 3622/3622/3622 
f 3622/3622/3622 3623/3623/3623 3621/3621/3621 
f 3624/3624/3624 3623/3623/3623 3622/3622/3622 
f 3625/3625/3625 3623/3623/3623 3624/3624/3624 
f 3626/3626/3626 3623/3623/3623 3625/3625/3625 
f 3627/3627/3627 3623/3623/3623 3626/3626/3626 
f 3628/3628/3628 3623/3623/3623 3627/3627/3627 
f 3629/3629/3629 3623/3623/3623 3628/3628/3628 
f 3626/3626/3626 3625/3625/3625 3630/3630/3630 
f 3631/3631/3631 3630/3630/3630 3625/3625/3625 
f 3631/3631/3631 3632/3632/3632 3630/3630/3630 
f 3631/3631/3631 3633/3633/3633 3632/3632/3632 
f 3631/3631/3631 3634/3634/3634 3633/3633/3633 
f 3631/3631/3631 3635/3635/3635 3634/3634/3634 
f 3634/3634/3634 3635/3635/3635 3636/3636/3636 
f 3636/3636/3636 3635/3635/3635 3637/3637/3637 
f 3637/3637/3637 3635/3635/3635 3638/3638/3638 
f 3631/3631/3631 3639/3639/3639 3635/3635/3635 
f 3631/3631/3631 3640/3640/3640 3639/3639/3639 
f 3631/3631/3631 3641/3641/3641 3640/3640/3640 
f 3638/3638/3638 3635/3635/3635 3642/3642/3642 
f 3631/3631/3631 3643/3643/3643 3641/3641/3641 
f 3631/3631/3631 3644/3644/3644 3643/3643/3643 
f 3641/3641/3641 3643/3643/3643 3645/3645/3645 
f 3645/3645/3645 3643/3643/3643 3646/3646/3646 
f 3642/3642/3642 3647/3647/3647 3638/3638/3638 
f 3642/3642/3642 3648/3648/3648 3647/3647/3647 
f 3631/3631/3631 3649/3649/3649 3644/3644/3644 
f 3646/3646/3646 3643/3643/3643 3650/3650/3650 
f 3642/3642/3642 3629/3629/3629 3648/3648/3648 
f 3646/3646/3646 3650/3650/3650 3651/3651/3651 
f 3652/3652/3652 3629/3629/3629 3642/3642/3642 
f 3653/3653/3653 3629/3629/3629 3652/3652/3652 
f 3654/3654/3654 3629/3629/3629 3653/3653/3653 
f 3650/3650/3650 3655/3655/3655 3651/3651/3651 
f 3650/3650/3650 3656/3656/3656 3655/3655/3655 
f 3654/3654/3654 3623/3623/3623 3629/3629/3629 
f 3650/3650/3650 3657/3657/3657 3656/3656/3656 
f 3657/3657/3657 3623/3623/3623 3654/3654/3654 
f 3658/3658/3658 3657/3657/3657 3650/3650/3650 
f 3659/3659/3659 3657/3657/3657 3658/3658/3658 
f 3660/3660/3660 3657/3657/3657 3659/3659/3659 
f 3660/3660/3660 3623/3623/3623 3657/3657/3657 
f 3661/3661/3661 3623/3623/3623 3660/3660/3660 
f 3662/3662/3662 3623/3623/3623 3661/3661/3661 
f 3663/3663/3663 3623/3623/3623 3662/3662/3662 
f 3662/3662/3662 3661/3661/3661 3664/3664/3664 
f 3664/3664/3664 3661/3661/3661 3665/3665/3665 
f 3665/3665/3665 3661/3661/3661 3666/3666/3666 
f 3666/3666/3666 3661/3661/3661 3667/3667/3667 
f 3666/3666/3666 3667/3667/3667 3668/3668/3668 
f 3666/3666/3666 3668/3668/3668 3669/3669/3669 
f 3669/3669/3669 3670/3670/3670 3666/3666/3666 
f 3671/3671/3671 3670/3670/3670 3669/3669/3669 
f 3672/3672/3672 3670/3670/3670 3671/3671/3671 
f 3673/3673/3673 3670/3670/3670 3672/3672/3672 
f 3674/3674/3674 3623/3623/3623 3663/3663/3663 
f 3675/3675/3675 3623/3623/3623 3674/3674/3674 
f 3674/3674/3674 3663/3663/3663 3676/3676/3676 
f 3676/3676/3676 3663/3663/3663 3677/3677/3677 
f 3677/3677/3677 3663/3663/3663 3678/3678/3678 
f 3678/3678/3678 3663/3663/3663 3679/3679/3679 
f 3678/3678/3678 3679/3679/3679 3680/3680/3680 
f 3678/3678/3678 3680/3680/3680 3681/3681/3681 
f 3681/3681/3681 3682/3682/3682 3678/3678/3678 
f 3683/3683/3683 3682/3682/3682 3681/3681/3681 
f 3684/3684/3684 3682/3682/3682 3683/3683/3683 
f 3685/3685/3685 3682/3682/3682 3684/3684/3684 
f 3631/3631/3631 3682/3682/3682 3685/3685/3685 
f 3631/3631/3631 3686/3686/3686 3682/3682/3682 
f 3631/3631/3631 3685/3685/3685 3687/3687/3687 
f 3631/3631/3631 3688/3688/3688 3686/3686/3686 
f 3631/3631/3631 3687/3687/3687 3689/3689/3689 
f 3631/3631/3631 3689/3689/3689 3670/3670/3670 
f 3631/3631/3631 3670/3670/3670 3673/3673/3673 
f 3631/3631/3631 3673/3673/3673 3649/3649/3649 
f 3631/3631/3631 3690/3690/3690 3688/3688/3688 
f 3631/3631/3631 3691/3691/3691 3690/3690/3690 
f 3690/3690/3690 3691/3691/3691 3692/3692/3692 
f 3692/3692/3692 3691/3691/3691 3693/3693/3693 
f 3693/3693/3693 3691/3691/3691 3694/3694/3694 
f 3631/3631/3631 3695/3695/3695 3691/3691/3691 
f 3631/3631/3631 3696/3696/3696 3695/3695/3695 
f 3694/3694/3694 3691/3691/3691 3697/3697/3697 
f 3631/3631/3631 3698/3698/3698 3696/3696/3696 
f 3697/3697/3697 3699/3699/3699 3694/3694/3694 
f 3697/3697/3697 3700/3700/3700 3699/3699/3699 
f 3697/3697/3697 3675/3675/3675 3700/3700/3700 
f 3701/3701/3701 3675/3675/3675 3697/3697/3697 
f 3702/3702/3702 3675/3675/3675 3701/3701/3701 
f 3703/3703/3703 3675/3675/3675 3702/3702/3702 
f 3703/3703/3703 3623/3623/3623 3675/3675/3675 
f 3631/3631/3631 3704/3704/3704 3698/3698/3698 
f 3631/3631/3631 3705/3705/3705 3704/3704/3704 
f 3698/3698/3698 3704/3704/3704 3706/3706/3706 
f 3698/3698/3698 3706/3706/3706 3707/3707/3707 
f 3707/3707/3707 3706/3706/3706 3708/3708/3708 
f 3708/3708/3708 3706/3706/3706 3709/3709/3709 
f 3709/3709/3709 3706/3706/3706 3710/3710/3710 
f 3710/3710/3710 3711/3711/3711 3709/3709/3709 
f 3710/3710/3710 3712/3712/3712 3711/3711/3711 
f 3710/3710/3710 3713/3713/3713 3712/3712/3712 
f 3713/3713/3713 3623/3623/3623 3703/3703/3703 
f 3714/3714/3714 3713/3713/3713 3710/3710/3710 
f 3715/3715/3715 3713/3713/3713 3714/3714/3714 
f 3716/3716/3716 3713/3713/3713 3715/3715/3715 
f 3716/3716/3716 3623/3623/3623 3713/3713/3713 
f 3717/3717/3717 3623/3623/3623 3716/3716/3716 
f 3718/3718/3718 3623/3623/3623 3717/3717/3717 
f 3719/3719/3719 3623/3623/3623 3718/3718/3718 
f 3718/3718/3718 3717/3717/3717 3720/3720/3720 
f 3720/3720/3720 3717/3717/3717 3721/3721/3721 
f 3721/3721/3721 3717/3717/3717 3722/3722/3722 
f 3722/3722/3722 3717/3717/3717 3723/3723/3723 
f 3722/3722/3722 3723/3723/3723 3724/3724/3724 
f 3722/3722/3722 3724/3724/3724 3725/3725/3725 
f 3725/3725/3725 3726/3726/3726 3722/3722/3722 
f 3727/3727/3727 3726/3726/3726 3725/3725/3725 
f 3728/3728/3728 3726/3726/3726 3727/3727/3727 
f 3729/3729/3729 3726/3726/3726 3728/3728/3728 
f 3729/3729/3729 3730/3730/3730 3726/3726/3726 
f 3731/3731/3731 3623/3623/3623 3719/3719/3719 
f 3732/3732/3732 3623/3623/3623 3731/3731/3731 
f 3731/3731/3731 3719/3719/3719 3733/3733/3733 
f 3733/3733/3733 3719/3719/3719 3734/3734/3734 
f 3734/3734/3734 3719/3719/3719 3735/3735/3735 
f 3735/3735/3735 3719/3719/3719 3736/3736/3736 
f 3735/3735/3735 3736/3736/3736 3737/3737/3737 
f 3735/3735/3735 3737/3737/3737 3738/3738/3738 
f 3738/3738/3738 3739/3739/3739 3735/3735/3735 
f 3740/3740/3740 3739/3739/3739 3738/3738/3738 
f 3741/3741/3741 3739/3739/3739 3740/3740/3740 
f 3742/3742/3742 3739/3739/3739 3741/3741/3741 
f 3742/3742/3742 3743/3743/3743 3739/3739/3739 
f 3631/3631/3631 3743/3743/3743 3742/3742/3742 
f 3631/3631/3631 3744/3744/3744 3743/3743/3743 
f 3631/3631/3631 3742/3742/3742 3745/3745/3745 
f 3631/3631/3631 3745/3745/3745 3730/3730/3730 
f 3631/3631/3631 3730/3730/3730 3729/3729/3729 
f 3631/3631/3631 3729/3729/3729 3705/3705/3705 
f 3631/3631/3631 3746/3746/3746 3744/3744/3744 
f 3631/3631/3631 3747/3747/3747 3746/3746/3746 
f 3631/3631/3631 3748/3748/3748 3747/3747/3747 
f 3746/3746/3746 3747/3747/3747 3749/3749/3749 
f 3746/3746/3746 3749/3749/3749 3750/3750/3750 
f 3750/3750/3750 3749/3749/3749 3751/3751/3751 
f 3751/3751/3751 3749/3749/3749 3752/3752/3752 
f 3752/3752/3752 3749/3749/3749 3753/3753/3753 
f 3753/3753/3753 3754/3754/3754 3752/3752/3752 
f 3753/3753/3753 3755/3755/3755 3754/3754/3754 
f 3753/3753/3753 3732/3732/3732 3755/3755/3755 
f 3756/3756/3756 3732/3732/3732 3753/3753/3753 
f 3757/3757/3757 3732/3732/3732 3756/3756/3756 
f 3758/3758/3758 3732/3732/3732 3757/3757/3757 
f 3758/3758/3758 3623/3623/3623 3732/3732/3732 
f 3631/3631/3631 3759/3759/3759 3748/3748/3748 
f 3760/3760/3760 3623/3623/3623 3758/3758/3758 
f 3631/3631/3631 3761/3761/3761 3759/3759/3759 
f 3631/3631/3631 3762/3762/3762 3761/3761/3761 
f 3759/3759/3759 3761/3761/3761 3763/3763/3763 
f 3759/3759/3759 3763/3763/3763 3764/3764/3764 
f 3764/3764/3764 3763/3763/3763 3765/3765/3765 
f 3765/3765/3765 3763/3763/3763 3766/3766/3766 
f 3766/3766/3766 3763/3763/3763 3767/3767/3767 
f 3767/3767/3767 3768/3768/3768 3766/3766/3766 
f 3767/3767/3767 3769/3769/3769 3768/3768/3768 
f 3767/3767/3767 3760/3760/3760 3769/3769/3769 
f 3770/3770/3770 3760/3760/3760 3767/3767/3767 
f 3771/3771/3771 3760/3760/3760 3770/3770/3770 
f 3772/3772/3772 3760/3760/3760 3771/3771/3771 
f 3772/3772/3772 3623/3623/3623 3760/3760/3760 
f 3631/3631/3631 3773/3773/3773 3762/3762/3762 
f 3774/3774/3774 3623/3623/3623 3772/3772/3772 
f 3631/3631/3631 3775/3775/3775 3773/3773/3773 
f 3631/3631/3631 3776/3776/3776 3775/3775/3775 
f 3631/3631/3631 3777/3777/3777 3776/3776/3776 
f 3773/3773/3773 3775/3775/3775 3778/3778/3778 
f 3773/3773/3773 3778/3778/3778 3779/3779/3779 
f 3779/3779/3779 3778/3778/3778 3780/3780/3780 
f 3780/3780/3780 3778/3778/3778 3781/3781/3781 
f 3781/3781/3781 3778/3778/3778 3782/3782/3782 
f 3781/3781/3781 3782/3782/3782 3783/3783/3783 
f 3783/3783/3783 3784/3784/3784 3781/3781/3781 
f 3783/3783/3783 3785/3785/3785 3784/3784/3784 
f 3783/3783/3783 3774/3774/3774 3785/3785/3785 
f 3786/3786/3786 3774/3774/3774 3783/3783/3783 
f 3787/3787/3787 3774/3774/3774 3786/3786/3786 
f 3787/3787/3787 3623/3623/3623 3774/3774/3774 
f 3788/3788/3788 3623/3623/3623 3787/3787/3787 
f 3789/3789/3789 3623/3623/3623 3788/3788/3788 
f 3790/3790/3790 3623/3623/3623 3789/3789/3789 
f 3789/3789/3789 3788/3788/3788 3791/3791/3791 
f 3791/3791/3791 3788/3788/3788 3792/3792/3792 
f 3792/3792/3792 3788/3788/3788 3793/3793/3793 
f 3793/3793/3793 3788/3788/3788 3794/3794/3794 
f 3794/3794/3794 3788/3788/3788 3795/3795/3795 
f 3794/3794/3794 3795/3795/3795 3796/3796/3796 
f 3794/3794/3794 3796/3796/3796 3797/3797/3797 
f 3797/3797/3797 3798/3798/3798 3794/3794/3794 
f 3799/3799/3799 3798/3798/3798 3797/3797/3797 
f 3800/3800/3800 3798/3798/3798 3799/3799/3799 
f 3777/3777/3777 3798/3798/3798 3800/3800/3800 
f 3777/3777/3777 3801/3801/3801 3798/3798/3798 
f 3631/3631/3631 3801/3801/3801 3777/3777/3777 
f 3631/3631/3631 3802/3802/3802 3801/3801/3801 
f 3631/3631/3631 3803/3803/3803 3802/3802/3802 
f 3631/3631/3631 3804/3804/3804 3803/3803/3803 
f 3631/3631/3631 3805/3805/3805 3804/3804/3804 
f 3803/3803/3803 3804/3804/3804 3806/3806/3806 
f 3631/3631/3631 3807/3807/3807 3805/3805/3805 
f 3803/3803/3803 3806/3806/3806 3808/3808/3808 
f 3808/3808/3808 3806/3806/3806 3809/3809/3809 
f 3809/3809/3809 3806/3806/3806 3810/3810/3810 
f 3810/3810/3810 3806/3806/3806 3811/3811/3811 
f 3811/3811/3811 3812/3812/3812 3810/3810/3810 
f 3811/3811/3811 3813/3813/3813 3812/3812/3812 
f 3811/3811/3811 3789/3789/3789 3813/3813/3813 
f 3814/3814/3814 3789/3789/3789 3811/3811/3811 
f 3815/3815/3815 3789/3789/3789 3814/3814/3814 
f 3816/3816/3816 3789/3789/3789 3815/3815/3815 
f 3790/3790/3790 3789/3789/3789 3816/3816/3816 
f 3631/3631/3631 3817/3817/3817 3807/3807/3807 
f 3631/3631/3631 3818/3818/3818 3817/3817/3817 
f 3807/3807/3807 3817/3817/3817 3819/3819/3819 
f 3807/3807/3807 3819/3819/3819 3820/3820/3820 
f 3820/3820/3820 3819/3819/3819 3821/3821/3821 
f 3821/3821/3821 3819/3819/3819 3822/3822/3822 
f 3822/3822/3822 3819/3819/3819 3823/3823/3823 
f 3823/3823/3823 3824/3824/3824 3822/3822/3822 
f 3823/3823/3823 3825/3825/3825 3824/3824/3824 
f 3823/3823/3823 3790/3790/3790 3825/3825/3825 
f 3826/3826/3826 3790/3790/3790 3823/3823/3823 
f 3827/3827/3827 3790/3790/3790 3826/3826/3826 
f 3828/3828/3828 3790/3790/3790 3827/3827/3827 
f 3829/3829/3829 3790/3790/3790 3828/3828/3828 
f 3631/3631/3631 3830/3830/3830 3818/3818/3818 
f 3829/3829/3829 3623/3623/3623 3790/3790/3790 
f 3831/3831/3831 3623/3623/3623 3829/3829/3829 
f 3832/3832/3832 3623/3623/3623 3831/3831/3831 
f 3833/3833/3833 3623/3623/3623 3832/3832/3832 
f 3834/3834/3834 3623/3623/3623 3833/3833/3833 
f 3835/3835/3835 3623/3623/3623 3834/3834/3834 
f 3836/3836/3836 3623/3623/3623 3835/3835/3835 
f 3837/3837/3837 3623/3623/3623 3836/3836/3836 
f 3838/3838/3838 3623/3623/3623 3837/3837/3837 
f 3831/3831/3831 3829/3829/3829 3839/3839/3839 
f 3839/3839/3839 3829/3829/3829 3840/3840/3840 
f 3840/3840/3840 3829/3829/3829 3841/3841/3841 
f 3841/3841/3841 3829/3829/3829 3842/3842/3842 
f 3841/3841/3841 3842/3842/3842 3843/3843/3843 
f 3841/3841/3841 3843/3843/3843 3844/3844/3844 
f 3844/3844/3844 3845/3845/3845 3841/3841/3841 
f 3844/3844/3844 3846/3846/3846 3845/3845/3845 
f 3847/3847/3847 3846/3846/3846 3844/3844/3844 
f 3848/3848/3848 3846/3846/3846 3847/3847/3847 
f 3830/3830/3830 3846/3846/3846 3848/3848/3848 
f 3830/3830/3830 3849/3849/3849 3846/3846/3846 
f 3631/3631/3631 3849/3849/3849 3830/3830/3830 
f 3631/3631/3631 3850/3850/3850 3849/3849/3849 
f 3631/3631/3631 3851/3851/3851 3850/3850/3850 
f 3631/3631/3631 3852/3852/3852 3851/3851/3851 
f 3631/3631/3631 3853/3853/3853 3852/3852/3852 
f 3631/3631/3631 3854/3854/3854 3853/3853/3853 
f 3631/3631/3631 3855/3855/3855 3854/3854/3854 
f 3851/3851/3851 3852/3852/3852 3856/3856/3856 
f 3851/3851/3851 3856/3856/3856 3857/3857/3857 
f 3857/3857/3857 3856/3856/3856 3858/3858/3858 
f 3858/3858/3858 3856/3856/3856 3859/3859/3859 
f 3859/3859/3859 3856/3856/3856 3860/3860/3860 
f 3860/3860/3860 3861/3861/3861 3859/3859/3859 
f 3860/3860/3860 3862/3862/3862 3861/3861/3861 
f 3860/3860/3860 3831/3831/3831 3862/3862/3862 
f 3863/3863/3863 3831/3831/3831 3860/3860/3860 
f 3864/3864/3864 3831/3831/3831 3863/3863/3863 
f 3865/3865/3865 3831/3831/3831 3864/3864/3864 
f 3832/3832/3832 3831/3831/3831 3865/3865/3865 
f 3854/3854/3854 3855/3855/3855 3866/3866/3866 
f 3854/3854/3854 3866/3866/3866 3867/3867/3867 
f 3867/3867/3867 3866/3866/3866 3868/3868/3868 
f 3868/3868/3868 3866/3866/3866 3869/3869/3869 
f 3869/3869/3869 3866/3866/3866 3870/3870/3870 
f 3870/3870/3870 3871/3871/3871 3869/3869/3869 
f 3870/3870/3870 3872/3872/3872 3871/3871/3871 
f 3870/3870/3870 3832/3832/3832 3872/3872/3872 
f 3873/3873/3873 3832/3832/3832 3870/3870/3870 
f 3874/3874/3874 3832/3832/3832 3873/3873/3873 
f 3875/3875/3875 3832/3832/3832 3874/3874/3874 
f 3833/3833/3833 3832/3832/3832 3875/3875/3875 
f 3631/3631/3631 3876/3876/3876 3855/3855/3855 
f 3631/3631/3631 3877/3877/3877 3876/3876/3876 
f 3631/3631/3631 3878/3878/3878 3877/3877/3877 
f 3631/3631/3631 3879/3879/3879 3878/3878/3878 
f 3877/3877/3877 3878/3878/3878 3880/3880/3880 
f 3877/3877/3877 3880/3880/3880 3881/3881/3881 
f 3881/3881/3881 3880/3880/3880 3882/3882/3882 
f 3882/3882/3882 3880/3880/3880 3883/3883/3883 
f 3883/3883/3883 3880/3880/3880 3884/3884/3884 
f 3884/3884/3884 3885/3885/3885 3883/3883/3883 
f 3884/3884/3884 3886/3886/3886 3885/3885/3885 
f 3884/3884/3884 3833/3833/3833 3886/3886/3886 
f 3887/3887/3887 3833/3833/3833 3884/3884/3884 
f 3888/3888/3888 3833/3833/3833 3887/3887/3887 
f 3889/3889/3889 3833/3833/3833 3888/3888/3888 
f 3834/3834/3834 3833/3833/3833 3889/3889/3889 
f 3631/3631/3631 3890/3890/3890 3879/3879/3879 
f 3631/3631/3631 3891/3891/3891 3890/3890/3890 
f 3631/3631/3631 3892/3892/3892 3891/3891/3891 
f 3631/3631/3631 3893/3893/3893 3892/3892/3892 
f 3890/3890/3890 3891/3891/3891 3894/3894/3894 
f 3890/3890/3890 3894/3894/3894 3895/3895/3895 
f 3895/3895/3895 3894/3894/3894 3896/3896/3896 
f 3896/3896/3896 3894/3894/3894 3897/3897/3897 
f 3897/3897/3897 3894/3894/3894 3898/3898/3898 
f 3898/3898/3898 3899/3899/3899 3897/3897/3897 
f 3898/3898/3898 3900/3900/3900 3899/3899/3899 
f 3898/3898/3898 3834/3834/3834 3900/3900/3900 
f 3901/3901/3901 3834/3834/3834 3898/3898/3898 
f 3902/3902/3902 3834/3834/3834 3901/3901/3901 
f 3903/3903/3903 3834/3834/3834 3902/3902/3902 
f 3835/3835/3835 3834/3834/3834 3903/3903/3903 
f 3904/3904/3904 3835/3835/3835 3905/3905/3905 
f 3905/3905/3905 3835/3835/3835 3906/3906/3906 
f 3836/3836/3836 3835/3835/3835 3904/3904/3904 
f 3906/3906/3906 3835/3835/3835 3907/3907/3907 
f 3907/3907/3907 3835/3835/3835 3908/3908/3908 
f 3907/3907/3907 3908/3908/3908 3909/3909/3909 
f 3907/3907/3907 3909/3909/3909 3910/3910/3910 
f 3910/3910/3910 3911/3911/3911 3907/3907/3907 
f 3912/3912/3912 3911/3911/3911 3910/3910/3910 
f 3913/3913/3913 3911/3911/3911 3912/3912/3912 
f 3893/3893/3893 3911/3911/3911 3913/3913/3913 
f 3893/3893/3893 3914/3914/3914 3911/3911/3911 
f 3893/3893/3893 3915/3915/3915 3914/3914/3914 
f 3631/3631/3631 3915/3915/3915 3893/3893/3893 
f 3631/3631/3631 3916/3916/3916 3915/3915/3915 
f 3631/3631/3631 3917/3917/3917 3916/3916/3916 
f 3916/3916/3916 3917/3917/3917 3918/3918/3918 
f 3916/3916/3916 3918/3918/3918 3919/3919/3919 
f 3916/3916/3916 3919/3919/3919 3920/3920/3920 
f 3920/3920/3920 3919/3919/3919 3921/3921/3921 
f 3921/3921/3921 3919/3919/3919 3922/3922/3922 
f 3922/3922/3922 3919/3919/3919 3923/3923/3923 
f 3923/3923/3923 3924/3924/3924 3922/3922/3922 
f 3923/3923/3923 3925/3925/3925 3924/3924/3924 
f 3923/3923/3923 3836/3836/3836 3925/3925/3925 
f 3926/3926/3926 3836/3836/3836 3923/3923/3923 
f 3927/3927/3927 3836/3836/3836 3926/3926/3926 
f 3928/3928/3928 3836/3836/3836 3927/3927/3927 
f 3837/3837/3837 3836/3836/3836 3928/3928/3928 
f 3631/3631/3631 3929/3929/3929 3917/3917/3917 
f 3631/3631/3631 3930/3930/3930 3929/3929/3929 
f 3929/3929/3929 3930/3930/3930 3931/3931/3931 
f 3631/3631/3631 3932/3932/3932 3930/3930/3930 
f 3929/3929/3929 3931/3931/3931 3933/3933/3933 
f 3929/3929/3929 3933/3933/3933 3934/3934/3934 
f 3934/3934/3934 3933/3933/3933 3935/3935/3935 
f 3935/3935/3935 3933/3933/3933 3936/3936/3936 
f 3936/3936/3936 3933/3933/3933 3937/3937/3937 
f 3937/3937/3937 3938/3938/3938 3936/3936/3936 
f 3937/3937/3937 3939/3939/3939 3938/3938/3938 
f 3937/3937/3937 3837/3837/3837 3939/3939/3939 
f 3940/3940/3940 3837/3837/3837 3937/3937/3937 
f 3941/3941/3941 3837/3837/3837 3940/3940/3940 
f 3942/3942/3942 3837/3837/3837 3941/3941/3941 
f 3838/3838/3838 3837/3837/3837 3942/3942/3942 
f 3631/3631/3631 3943/3943/3943 3932/3932/3932 
f 3631/3631/3631 3944/3944/3944 3943/3943/3943 
f 3932/3932/3932 3943/3943/3943 3945/3945/3945 
f 3932/3932/3932 3945/3945/3945 3946/3946/3946 
f 3932/3932/3932 3946/3946/3946 3947/3947/3947 
f 3947/3947/3947 3946/3946/3946 3948/3948/3948 
f 3948/3948/3948 3946/3946/3946 3949/3949/3949 
f 3949/3949/3949 3946/3946/3946 3950/3950/3950 
f 3950/3950/3950 3951/3951/3951 3949/3949/3949 
f 3950/3950/3950 3952/3952/3952 3951/3951/3951 
f 3950/3950/3950 3838/3838/3838 3952/3952/3952 
f 3953/3953/3953 3838/3838/3838 3950/3950/3950 
f 3954/3954/3954 3838/3838/3838 3953/3953/3953 
f 3955/3955/3955 3838/3838/3838 3954/3954/3954 
f 3956/3956/3956 3838/3838/3838 3955/3955/3955 
f 3956/3956/3956 3623/3623/3623 3838/3838/3838 
f 3957/3957/3957 3623/3623/3623 3956/3956/3956 
f 3958/3958/3958 3623/3623/3623 3957/3957/3957 
f 3959/3959/3959 3623/3623/3623 3958/3958/3958 
f 3960/3960/3960 3623/3623/3623 3959/3959/3959 
f 3961/3961/3961 3623/3623/3623 3960/3960/3960 
f 3962/3962/3962 3623/3623/3623 3961/3961/3961 
f 3957/3957/3957 3956/3956/3956 3963/3963/3963 
f 3963/3963/3963 3956/3956/3956 3964/3964/3964 
f 3964/3964/3964 3956/3956/3956 3965/3965/3965 
f 3965/3965/3965 3956/3956/3956 3966/3966/3966 
f 3965/3965/3965 3966/3966/3966 3967/3967/3967 
f 3965/3965/3965 3967/3967/3967 3968/3968/3968 
f 3968/3968/3968 3969/3969/3969 3965/3965/3965 
f 3968/3968/3968 3970/3970/3970 3969/3969/3969 
f 3971/3971/3971 3970/3970/3970 3968/3968/3968 
f 3972/3972/3972 3970/3970/3970 3971/3971/3971 
f 3944/3944/3944 3970/3970/3970 3972/3972/3972 
f 3944/3944/3944 3973/3973/3973 3970/3970/3970 
f 3944/3944/3944 3974/3974/3974 3973/3973/3973 
f 3631/3631/3631 3974/3974/3974 3944/3944/3944 
f 3631/3631/3631 3975/3975/3975 3974/3974/3974 
f 3631/3631/3631 3976/3976/3976 3975/3975/3975 
f 3975/3975/3975 3976/3976/3976 3977/3977/3977 
f 3975/3975/3975 3977/3977/3977 3978/3978/3978 
f 3975/3975/3975 3978/3978/3978 3979/3979/3979 
f 3979/3979/3979 3978/3978/3978 3980/3980/3980 
f 3980/3980/3980 3978/3978/3978 3981/3981/3981 
f 3981/3981/3981 3978/3978/3978 3982/3982/3982 
f 3982/3982/3982 3983/3983/3983 3981/3981/3981 
f 3982/3982/3982 3984/3984/3984 3983/3983/3983 
f 3982/3982/3982 3957/3957/3957 3984/3984/3984 
f 3985/3985/3985 3957/3957/3957 3982/3982/3982 
f 3986/3986/3986 3957/3957/3957 3985/3985/3985 
f 3987/3987/3987 3957/3957/3957 3986/3986/3986 
f 3958/3958/3958 3957/3957/3957 3987/3987/3987 
f 3631/3631/3631 3988/3988/3988 3976/3976/3976 
f 3631/3631/3631 3989/3989/3989 3988/3988/3988 
f 3631/3631/3631 3990/3990/3990 3989/3989/3989 
f 3991/3991/3991 3990/3990/3990 3631/3631/3631 
f 3988/3988/3988 3989/3989/3989 3992/3992/3992 
f 3988/3988/3988 3992/3992/3992 3993/3993/3993 
f 3988/3988/3988 3993/3993/3993 3994/3994/3994 
f 3994/3994/3994 3993/3993/3993 3995/3995/3995 
f 3995/3995/3995 3993/3993/3993 3996/3996/3996 
f 3996/3996/3996 3993/3993/3993 3997/3997/3997 
f 3997/3997/3997 3998/3998/3998 3996/3996/3996 
f 3997/3997/3997 3999/3999/3999 3998/3998/3998 
f 3997/3997/3997 3958/3958/3958 3999/3999/3999 
f 4000/4000/4000 3958/3958/3958 3997/3997/3997 
f 4001/4001/4001 3958/3958/3958 4000/4000/4000 
f 4002/4002/4002 3958/3958/3958 4001/4001/4001 
f 3959/3959/3959 3958/3958/3958 4002/4002/4002 
f 4003/4003/4003 3959/3959/3959 4004/4004/4004 
f 4004/4004/4004 3959/3959/3959 4005/4005/4005 
f 3960/3960/3960 3959/3959/3959 4003/4003/4003 
f 4005/4005/4005 3959/3959/3959 4006/4006/4006 
f 4006/4006/4006 3959/3959/3959 4007/4007/4007 
f 4006/4006/4006 4007/4007/4007 4008/4008/4008 
f 4006/4006/4006 4008/4008/4008 4009/4009/4009 
f 4009/4009/4009 4010/4010/4010 4006/4006/4006 
f 4010/4010/4010 4009/4009/4009 4011/4011/4011 
f 4011/4011/4011 4012/4012/4012 4010/4010/4010 
f 4011/4011/4011 4013/4013/4013 4012/4012/4012 
f 4011/4011/4011 4014/4014/4014 4013/4013/4013 
f 4011/4011/4011 4016/4016/4016 4015/4015/4015 
f 4011/4011/4011 4015/4015/4015 4017/4017/4017 
f 4011/4011/4011 4019/4019/4019 4018/4018/4018 
f 4011/4011/4011 4018/4018/4018 4020/4020/4020 
f 4011/4011/4011 4022/4022/4022 4021/4021/4021 
f 4011/4011/4011 4021/4021/4021 4023/4023/4023 
f 4011/4011/4011 4025/4025/4025 4024/4024/4024 
f 4011/4011/4011 4024/4024/4024 4026/4026/4026 
f 4011/4011/4011 4026/4026/4026 4027/4027/4027 
f 4011/4011/4011 4029/4029/4029 4028/4028/4028 
f 4011/4011/4011 4028/4028/4028 4030/4030/4030 
f 4011/4011/4011 4030/4030/4030 4031/4031/4031 
f 4032/4032/4032 4034/4034/4034 4033/4033/4033 
f 4034/4034/4034 4032/4032/4032 4035/4035/4035 
f 4035/4035/4035 4032/4032/4032 4036/4036/4036 
f 4034/4034/4034 4038/4038/4038 4037/4037/4037 
f 4034/4034/4034 4039/4039/4039 4038/4038/4038 
f 4034/4034/4034 4037/4037/4037 4040/4040/4040 
f 4039/4039/4039 4034/4034/4034 4041/4041/4041 
f 4041/4041/4041 4042/4042/4042 4039/4039/4039 
f 4042/4042/4042 4041/4041/4041 4043/4043/4043 
f 4043/4043/4043 4041/4041/4041 4044/4044/4044 
f 4044/4044/4044 4041/4041/4041 3623/3623/3623 
f 4044/4044/4044 3623/3623/3623 4045/4045/4045 
f 4045/4045/4045 3623/3623/3623 4046/4046/4046 
f 4044/4044/4044 4045/4045/4045 4047/4047/4047 
f 4047/4047/4047 4045/4045/4045 4048/4048/4048 
f 4048/4048/4048 4045/4045/4045 4049/4049/4049 
f 4049/4049/4049 4045/4045/4045 4050/4050/4050 
f 4045/4045/4045 4046/4046/4046 4051/4051/4051 
f 4050/4050/4050 4045/4045/4045 4052/4052/4052 
f 4050/4050/4050 4052/4052/4052 4053/4053/4053 
f 4050/4050/4050 4053/4053/4053 4054/4054/4054 
f 4051/4051/4051 4046/4046/4046 4055/4055/4055 
f 4054/4054/4054 4056/4056/4056 4050/4050/4050 
f 4055/4055/4055 4046/4046/4046 4057/4057/4057 
f 4058/4058/4058 4056/4056/4056 4054/4054/4054 
f 4059/4059/4059 4056/4056/4056 4058/4058/4058 
f 4060/4060/4060 4056/4056/4056 4059/4059/4059 
f 4060/4060/4060 4061/4061/4061 4056/4056/4056 
f 4060/4060/4060 4062/4062/4062 4061/4061/4061 
f 4060/4060/4060 4063/4063/4063 4062/4062/4062 
f 4057/4057/4057 4046/4046/4046 4064/4064/4064 
f 4064/4064/4064 4046/4046/4046 4065/4065/4065 
f 4064/4064/4064 4065/4065/4065 4066/4066/4066 
f 4064/4064/4064 4066/4066/4066 4067/4067/4067 
f 4067/4067/4067 4068/4068/4068 4064/4064/4064 
f 4069/4069/4069 4068/4068/4068 4067/4067/4067 
f 4060/4060/4060 4068/4068/4068 4069/4069/4069 
f 4060/4060/4060 4070/4070/4070 4068/4068/4068 
f 4060/4060/4060 4071/4071/4071 4070/4070/4070 
f 4060/4060/4060 4072/4072/4072 4071/4071/4071 
f 4046/4046/4046 4074/4074/4074 4073/4073/4073 
f 4073/4073/4073 4074/4074/4074 4075/4075/4075 
f 4046/4046/4046 3623/3623/3623 4074/4074/4074 
f 4074/4074/4074 3623/3623/3623 4076/4076/4076 
f 4076/4076/4076 3623/3623/3623 4077/4077/4077 
f 4077/4077/4077 3623/3623/3623 4078/4078/4078 
f 4078/4078/4078 3623/3623/3623 4079/4079/4079 
f 4075/4075/4075 4074/4074/4074 4080/4080/4080 
f 4074/4074/4074 4076/4076/4076 4081/4081/4081 
f 4080/4080/4080 4074/4074/4074 4082/4082/4082 
f 4080/4080/4080 4082/4082/4082 4083/4083/4083 
f 4081/4081/4081 4076/4076/4076 4084/4084/4084 
f 4080/4080/4080 4083/4083/4083 4085/4085/4085 
f 4085/4085/4085 4086/4086/4086 4080/4080/4080 
f 4085/4085/4085 4087/4087/4087 4086/4086/4086 
f 4084/4084/4084 4076/4076/4076 4088/4088/4088 
f 4087/4087/4087 4085/4085/4085 4040/4040/4040 
f 4040/4040/4040 4089/4089/4089 4087/4087/4087 
f 4040/4040/4040 4090/4090/4090 4089/4089/4089 
f 4040/4040/4040 4091/4091/4091 4090/4090/4090 
f 4088/4088/4088 4076/4076/4076 4092/4092/4092 
f 4092/4092/4092 4076/4076/4076 4093/4093/4093 
f 4092/4092/4092 4093/4093/4093 4094/4094/4094 
f 4092/4092/4092 4094/4094/4094 4095/4095/4095 
f 4095/4095/4095 4096/4096/4096 4092/4092/4092 
f 4097/4097/4097 4096/4096/4096 4095/4095/4095 
f 4098/4098/4098 4096/4096/4096 4097/4097/4097 
f 4099/4099/4099 4096/4096/4096 4098/4098/4098 
f 4099/4099/4099 4100/4100/4100 4096/4096/4096 
f 4099/4099/4099 4101/4101/4101 4100/4100/4100 
f 4099/4099/4099 4102/4102/4102 4101/4101/4101 
f 4103/4103/4103 4102/4102/4102 4099/4099/4099 
f 4103/4103/4103 4104/4104/4104 4102/4102/4102 
f 4076/4076/4076 4077/4077/4077 4105/4105/4105 
f 4105/4105/4105 4077/4077/4077 4106/4106/4106 
f 4106/4106/4106 4077/4077/4077 4107/4107/4107 
f 4107/4107/4107 4077/4077/4077 4108/4108/4108 
f 4108/4108/4108 4077/4077/4077 4109/4109/4109 
f 4108/4108/4108 4109/4109/4109 4110/4110/4110 
f 4108/4108/4108 4110/4110/4110 4111/4111/4111 
f 4111/4111/4111 4112/4112/4112 4108/4108/4108 
f 4113/4113/4113 4112/4112/4112 4111/4111/4111 
f 4114/4114/4114 4112/4112/4112 4113/4113/4113 
f 4115/4115/4115 4112/4112/4112 4114/4114/4114 
f 4115/4115/4115 4116/4116/4116 4112/4112/4112 
f 4115/4115/4115 4117/4117/4117 4116/4116/4116 
f 4115/4115/4115 4118/4118/4118 4117/4117/4117 
f 4077/4077/4077 4078/4078/4078 4119/4119/4119 
f 4119/4119/4119 4078/4078/4078 4120/4120/4120 
f 4120/4120/4120 4078/4078/4078 4121/4121/4121 
f 4121/4121/4121 4078/4078/4078 4122/4122/4122 
f 4122/4122/4122 4078/4078/4078 4123/4123/4123 
f 4122/4122/4122 4123/4123/4123 4124/4124/4124 
f 4122/4122/4122 4124/4124/4124 4125/4125/4125 
f 4125/4125/4125 4126/4126/4126 4122/4122/4122 
f 4127/4127/4127 4126/4126/4126 4125/4125/4125 
f 4128/4128/4128 4126/4126/4126 4127/4127/4127 
f 4128/4128/4128 4129/4129/4129 4126/4126/4126 
f 4128/4128/4128 4130/4130/4130 4129/4129/4129 
f 4128/4128/4128 4131/4131/4131 4130/4130/4130 
f 4078/4078/4078 4079/4079/4079 4132/4132/4132 
f 4132/4132/4132 4079/4079/4079 4133/4133/4133 
f 4133/4133/4133 4079/4079/4079 4134/4134/4134 
f 4134/4134/4134 4079/4079/4079 4135/4135/4135 
f 4135/4135/4135 4079/4079/4079 4136/4136/4136 
f 4135/4135/4135 4136/4136/4136 4137/4137/4137 
f 4135/4135/4135 4137/4137/4137 4138/4138/4138 
f 4138/4138/4138 4139/4139/4139 4135/4135/4135 
f 4139/4139/4139 4138/4138/4138 4140/4140/4140 
f 4140/4140/4140 4141/4141/4141 4139/4139/4139 
f 4140/4140/4140 4142/4142/4142 4141/4141/4141 
f 4140/4140/4140 4143/4143/4143 4142/4142/4142 
f 4079/4079/4079 4145/4145/4145 4144/4144/4144 
f 4144/4144/4144 4145/4145/4145 4146/4146/4146 
f 4079/4079/4079 3623/3623/3623 4145/4145/4145 
f 4145/4145/4145 3623/3623/3623 4147/4147/4147 
f 4147/4147/4147 3623/3623/3623 4148/4148/4148 
f 4148/4148/4148 3623/3623/3623 4149/4149/4149 
f 4149/4149/4149 3623/3623/3623 4150/4150/4150 
f 4150/4150/4150 3623/3623/3623 4151/4151/4151 
f 4151/4151/4151 3623/3623/3623 4152/4152/4152 
f 4152/4152/4152 3623/3623/3623 4153/4153/4153 
f 4153/4153/4153 3623/3623/3623 4154/4154/4154 
f 4154/4154/4154 3623/3623/3623 4155/4155/4155 
f 4155/4155/4155 3623/3623/3623 4156/4156/4156 
f 4156/4156/4156 3623/3623/3623 4157/4157/4157 
f 4157/4157/4157 3623/3623/3623 4158/4158/4158 
f 4146/4146/4146 4145/4145/4145 4159/4159/4159 
f 4145/4145/4145 4147/4147/4147 4160/4160/4160 
f 4159/4159/4159 4145/4145/4145 4161/4161/4161 
f 4159/4159/4159 4161/4161/4161 4162/4162/4162 
f 4160/4160/4160 4147/4147/4147 4163/4163/4163 
f 4159/4159/4159 4162/4162/4162 4164/4164/4164 
f 4164/4164/4164 4165/4165/4165 4159/4159/4159 
f 4163/4163/4163 4147/4147/4147 4166/4166/4166 
f 4164/4164/4164 4167/4167/4167 4165/4165/4165 
f 4168/4168/4168 4167/4167/4167 4164/4164/4164 
f 4169/4169/4169 4167/4167/4167 4168/4168/4168 
f 4170/4170/4170 4167/4167/4167 4169/4169/4169 
f 4170/4170/4170 4171/4171/4171 4167/4167/4167 
f 4170/4170/4170 4172/4172/4172 4171/4171/4171 
f 4170/4170/4170 4173/4173/4173 4172/4172/4172 
f 4166/4166/4166 4147/4147/4147 4174/4174/4174 
f 4174/4174/4174 4147/4147/4147 4175/4175/4175 
f 4174/4174/4174 4175/4175/4175 4176/4176/4176 
f 4174/4174/4174 4176/4176/4176 4177/4177/4177 
f 4177/4177/4177 4178/4178/4178 4174/4174/4174 
f 4179/4179/4179 4178/4178/4178 4177/4177/4177 
f 4180/4180/4180 4178/4178/4178 4179/4179/4179 
f 4170/4170/4170 4178/4178/4178 4180/4180/4180 
f 4170/4170/4170 4181/4181/4181 4178/4178/4178 
f 4170/4170/4170 4182/4182/4182 4181/4181/4181 
f 4170/4170/4170 4183/4183/4183 4182/4182/4182 
f 4147/4147/4147 4148/4148/4148 4184/4184/4184 
f 4184/4184/4184 4148/4148/4148 4185/4185/4185 
f 4185/4185/4185 4148/4148/4148 4186/4186/4186 
f 4186/4186/4186 4148/4148/4148 4187/4187/4187 
f 4187/4187/4187 4148/4148/4148 4188/4188/4188 
f 4187/4187/4187 4188/4188/4188 4189/4189/4189 
f 4187/4187/4187 4189/4189/4189 4190/4190/4190 
f 4190/4190/4190 4191/4191/4191 4187/4187/4187 
f 4192/4192/4192 4191/4191/4191 4190/4190/4190 
f 4193/4193/4193 4191/4191/4191 4192/4192/4192 
f 4193/4193/4193 4194/4194/4194 4191/4191/4191 
f 4193/4193/4193 4195/4195/4195 4194/4194/4194 
f 4193/4193/4193 4196/4196/4196 4195/4195/4195 
f 4148/4148/4148 4149/4149/4149 4197/4197/4197 
f 4197/4197/4197 4149/4149/4149 4198/4198/4198 
f 4198/4198/4198 4149/4149/4149 4199/4199/4199 
f 4199/4199/4199 4149/4149/4149 4200/4200/4200 
f 4200/4200/4200 4149/4149/4149 4201/4201/4201 
f 4200/4200/4200 4201/4201/4201 4202/4202/4202 
f 4200/4200/4200 4202/4202/4202 4203/4203/4203 
f 4203/4203/4203 4204/4204/4204 4200/4200/4200 
f 4204/4204/4204 4203/4203/4203 4205/4205/4205 
f 4206/4206/4206 4204/4204/4204 4205/4205/4205 
f 4206/4206/4206 4207/4207/4207 4204/4204/4204 
f 4206/4206/4206 4208/4208/4208 4207/4207/4207 
f 4206/4206/4206 4209/4209/4209 4208/4208/4208 
f 4149/4149/4149 4150/4150/4150 4210/4210/4210 
f 4210/4210/4210 4150/4150/4150 4211/4211/4211 
f 4211/4211/4211 4150/4150/4150 4212/4212/4212 
f 4212/4212/4212 4150/4150/4150 4213/4213/4213 
f 4213/4213/4213 4150/4150/4150 4214/4214/4214 
f 4213/4213/4213 4214/4214/4214 4215/4215/4215 
f 4213/4213/4213 4215/4215/4215 4216/4216/4216 
f 4216/4216/4216 4217/4217/4217 4213/4213/4213 
f 4218/4218/4218 4217/4217/4217 4216/4216/4216 
f 4219/4219/4219 4217/4217/4217 4218/4218/4218 
f 4220/4220/4220 4217/4217/4217 4219/4219/4219 
f 4220/4220/4220 4221/4221/4221 4217/4217/4217 
f 4150/4150/4150 4151/4151/4151 4222/4222/4222 
f 4222/4222/4222 4151/4151/4151 4223/4223/4223 
f 4223/4223/4223 4151/4151/4151 4224/4224/4224 
f 4224/4224/4224 4151/4151/4151 4225/4225/4225 
f 4225/4225/4225 4151/4151/4151 4226/4226/4226 
f 4225/4225/4225 4226/4226/4226 4227/4227/4227 
f 4225/4225/4225 4227/4227/4227 4228/4228/4228 
f 4228/4228/4228 4229/4229/4229 4225/4225/4225 
f 4230/4230/4230 4229/4229/4229 4228/4228/4228 
f 4231/4231/4231 4229/4229/4229 4230/4230/4230 
f 4232/4232/4232 4229/4229/4229 4231/4231/4231 
f 4232/4232/4232 4233/4233/4233 4229/4229/4229 
f 4151/4151/4151 4152/4152/4152 4234/4234/4234 
f 4234/4234/4234 4152/4152/4152 4235/4235/4235 
f 4235/4235/4235 4152/4152/4152 4236/4236/4236 
f 4236/4236/4236 4152/4152/4152 4237/4237/4237 
f 4237/4237/4237 4152/4152/4152 4238/4238/4238 
f 4237/4237/4237 4238/4238/4238 4239/4239/4239 
f 4237/4237/4237 4239/4239/4239 4240/4240/4240 
f 4240/4240/4240 4241/4241/4241 4237/4237/4237 
f 4242/4242/4242 4241/4241/4241 4240/4240/4240 
f 4243/4243/4243 4241/4241/4241 4242/4242/4242 
f 4244/4244/4244 4241/4241/4241 4243/4243/4243 
f 4244/4244/4244 4245/4245/4245 4241/4241/4241 
f 4152/4152/4152 4153/4153/4153 4246/4246/4246 
f 4246/4246/4246 4153/4153/4153 4247/4247/4247 
f 4247/4247/4247 4153/4153/4153 4248/4248/4248 
f 4248/4248/4248 4153/4153/4153 4249/4249/4249 
f 4249/4249/4249 4153/4153/4153 4250/4250/4250 
f 4249/4249/4249 4250/4250/4250 4251/4251/4251 
f 4249/4249/4249 4251/4251/4251 4252/4252/4252 
f 4252/4252/4252 4253/4253/4253 4249/4249/4249 
f 4254/4254/4254 4253/4253/4253 4252/4252/4252 
f 4255/4255/4255 4253/4253/4253 4254/4254/4254 
f 4256/4256/4256 4253/4253/4253 4255/4255/4255 
f 4256/4256/4256 4257/4257/4257 4253/4253/4253 
f 4153/4153/4153 4154/4154/4154 4258/4258/4258 
f 4258/4258/4258 4154/4154/4154 4259/4259/4259 
f 4259/4259/4259 4154/4154/4154 4260/4260/4260 
f 4260/4260/4260 4154/4154/4154 4261/4261/4261 
f 4261/4261/4261 4154/4154/4154 4262/4262/4262 
f 4261/4261/4261 4262/4262/4262 4263/4263/4263 
f 4261/4261/4261 4263/4263/4263 4264/4264/4264 
f 4264/4264/4264 4265/4265/4265 4261/4261/4261 
f 4266/4266/4266 4265/4265/4265 4264/4264/4264 
f 4267/4267/4267 4265/4265/4265 4266/4266/4266 
f 4268/4268/4268 4265/4265/4265 4267/4267/4267 
f 4154/4154/4154 4155/4155/4155 4269/4269/4269 
f 4269/4269/4269 4155/4155/4155 4270/4270/4270 
f 4270/4270/4270 4155/4155/4155 4271/4271/4271 
f 4271/4271/4271 4155/4155/4155 4272/4272/4272 
f 4272/4272/4272 4155/4155/4155 4273/4273/4273 
f 4272/4272/4272 4273/4273/4273 4274/4274/4274 
f 4272/4272/4272 4274/4274/4274 4275/4275/4275 
f 4275/4275/4275 4276/4276/4276 4272/4272/4272 
f 4277/4277/4277 4276/4276/4276 4275/4275/4275 
f 4278/4278/4278 4276/4276/4276 4277/4277/4277 
f 4279/4279/4279 4276/4276/4276 4278/4278/4278 
f 4155/4155/4155 4156/4156/4156 4280/4280/4280 
f 4280/4280/4280 4156/4156/4156 4281/4281/4281 
f 4281/4281/4281 4156/4156/4156 4282/4282/4282 
f 4282/4282/4282 4156/4156/4156 4283/4283/4283 
f 4283/4283/4283 4156/4156/4156 4284/4284/4284 
f 4283/4283/4283 4284/4284/4284 4285/4285/4285 
f 4283/4283/4283 4285/4285/4285 4286/4286/4286 
f 4286/4286/4286 4287/4287/4287 4283/4283/4283 
f 4288/4288/4288 4287/4287/4287 4286/4286/4286 
f 4289/4289/4289 4287/4287/4287 4288/4288/4288 
f 4290/4290/4290 4287/4287/4287 4289/4289/4289 
f 4156/4156/4156 4157/4157/4157 4291/4291/4291 
f 4291/4291/4291 4157/4157/4157 4292/4292/4292 
f 4292/4292/4292 4157/4157/4157 4293/4293/4293 
f 4293/4293/4293 4157/4157/4157 4294/4294/4294 
f 4294/4294/4294 4157/4157/4157 4295/4295/4295 
f 4294/4294/4294 4295/4295/4295 4296/4296/4296 
f 4294/4294/4294 4296/4296/4296 4297/4297/4297 
f 4297/4297/4297 4298/4298/4298 4294/4294/4294 
f 4299/4299/4299 4298/4298/4298 4297/4297/4297 
f 4300/4300/4300 4298/4298/4298 4299/4299/4299 
f 4301/4301/4301 4298/4298/4298 4300/4300/4300 
f 4157/4157/4157 4158/4158/4158 4302/4302/4302 
f 4302/4302/4302 4158/4158/4158 4303/4303/4303 
f 4303/4303/4303 4158/4158/4158 4304/4304/4304 
f 4304/4304/4304 4158/4158/4158 4305/4305/4305 
f 4305/4305/4305 4158/4158/4158 4306/4306/4306 
f 4305/4305/4305 4306/4306/4306 4307/4307/4307 
f 4305/4305/4305 4307/4307/4307 4308/4308/4308 
f 4308/4308/4308 4309/4309/4309 4305/4305/4305 
f 4310/4310/4310 4309/4309/4309 4308/4308/4308 
f 4311/4311/4311 4309/4309/4309 4310/4310/4310 
f 4312/4312/4312 4309/4309/4309 4311/4311/4311 
f 4158/4158/4158 3623/3623/3623 4313/4313/4313 
f 4158/4158/4158 4313/4313/4313 4314/4314/4314 
f 4314/4314/4314 4313/4313/4313 4315/4315/4315 
f 4313/4313/4313 3623/3623/3623 3962/3962/3962 
f 4315/4315/4315 4313/4313/4313 4316/4316/4316 
f 4313/4313/4313 3962/3962/3962 4317/4317/4317 
f 4316/4316/4316 4313/4313/4313 4318/4318/4318 
f 4316/4316/4316 4318/4318/4318 4319/4319/4319 
f 4317/4317/4317 3962/3962/3962 4320/4320/4320 
f 4316/4316/4316 4319/4319/4319 4321/4321/4321 
f 4321/4321/4321 4322/4322/4322 4316/4316/4316 
f 4320/4320/4320 3962/3962/3962 4323/4323/4323 
f 4321/4321/4321 4324/4324/4324 4322/4322/4322 
f 4325/4325/4325 4324/4324/4324 4321/4321/4321 
f 4326/4326/4326 4324/4324/4324 4325/4325/4325 
f 4327/4327/4327 4324/4324/4324 4326/4326/4326 
f 4323/4323/4323 3962/3962/3962 4328/4328/4328 
f 4328/4328/4328 3962/3962/3962 4329/4329/4329 
f 4328/4328/4328 4329/4329/4329 4330/4330/4330 
f 4328/4328/4328 4330/4330/4330 4331/4331/4331 
f 4331/4331/4331 4332/4332/4332 4328/4328/4328 
f 4333/4333/4333 4332/4332/4332 4331/4331/4331 
f 4334/4334/4334 4332/4332/4332 4333/4333/4333 
f 3962/3962/3962 3961/3961/3961 4335/4335/4335 
f 4335/4335/4335 3961/3961/3961 4336/4336/4336 
f 4336/4336/4336 3961/3961/3961 4337/4337/4337 
f 4337/4337/4337 3961/3961/3961 4338/4338/4338 
f 4338/4338/4338 3961/3961/3961 4339/4339/4339 
f 4338/4338/4338 4339/4339/4339 4340/4340/4340 
f 4338/4338/4338 4340/4340/4340 4341/4341/4341 
f 4341/4341/4341 4342/4342/4342 4338/4338/4338 
f 4343/4343/4343 4342/4342/4342 4341/4341/4341 
f 4344/4344/4344 4342/4342/4342 4343/4343/4343 
f 3961/3961/3961 3960/3960/3960 4345/4345/4345 
f 4345/4345/4345 3960/3960/3960 4346/4346/4346 
f 4346/4346/4346 3960/3960/3960 4347/4347/4347 
f 4347/4347/4347 3960/3960/3960 4348/4348/4348 
f 4348/4348/4348 3960/3960/3960 4349/4349/4349 
f 4348/4348/4348 4349/4349/4349 4350/4350/4350 
f 4348/4348/4348 4350/4350/4350 4351/4351/4351 
f 4351/4351/4351 4352/4352/4352 4348/4348/4348 
f 4353/4353/4353 4352/4352/4352 4351/4351/4351 
f 4354/4354/4354 4352/4352/4352 4353/4353/4353 
f 4354/4354/4354 4355/4355/4355 4352/4352/4352 
f 4354/4354/4354 4356/4356/4356 4355/4355/4355 
f 4354/4354/4354 4357/4357/4357 4356/4356/4356 
f 4358/4358/4358 4359/4359/4359 4354/4354/4354 
f 4354/4354/4354 4359/4359/4359 4360/4360/4360 
f 4354/4354/4354 4360/4360/4360 4361/4361/4361 
f 4362/4362/4362 4364/4364/4364 4363/4363/4363 
f 4363/4363/4363 4364/4364/4364 4365/4365/4365 
f 4363/4363/4363 4365/4365/4365 4366/4366/4366 
f 4363/4363/4363 4366/4366/4366 4367/4367/4367 
f 4368/4368/4368 4370/4370/4370 4369/4369/4369 
f 4368/4368/4368 4369/4369/4369 4371/4371/4371 
f 4368/4368/4368 4371/4371/4371 4372/4372/4372 
f 4373/4373/4373 4375/4375/4375 4374/4374/4374 
f 4373/4373/4373 4374/4374/4374 4376/4376/4376 
f 4373/4373/4373 4376/4376/4376 4377/4377/4377 
f 4373/4373/4373 4379/4379/4379 4378/4378/4378 
f 4373/4373/4373 4378/4378/4378 4380/4380/4380 
f 4373/4373/4373 4380/4380/4380 4381/4381/4381 
f 4373/4373/4373 4383/4383/4383 4382/4382/4382 
f 4373/4373/4373 4382/4382/4382 4384/4384/4384 
f 4373/4373/4373 4384/4384/4384 4385/4385/4385 
f 4373/4373/4373 4387/4387/4387 4386/4386/4386 
f 4373/4373/4373 4386/4386/4386 4388/4388/4388 
f 4373/4373/4373 4388/4388/4388 4389/4389/4389 
f 4373/4373/4373 4391/4391/4391 4390/4390/4390 
f 4373/4373/4373 4390/4390/4390 4392/4392/4392 
f 4373/4373/4373 4392/4392/4392 4393/4393/4393 
f 4394/4394/4394 4396/4396/4396 4395/4395/4395 
f 4394/4394/4394 4395/4395/4395 4397/4397/4397 
f 4394/4394/4394 4399/4399/4399 4398/4398/4398 
f 4394/4394/4394 4398/4398/4398 4400/4400/4400 
f 4401/4401/4401 4403/4403/4403 4402/4402/4402 
f 4401/4401/4401 4402/4402/4402 4404/4404/4404 
f 4401/4401/4401 4404/4404/4404 4405/4405/4405 
f 4406/4406/4406 4408/4408/4408 4407/4407/4407 
f 4406/4406/4406 4407/4407/4407 4409/4409/4409 
f 4410/4410/4410 4412/4412/4412 4411/4411/4411 
f 4411/4411/4411 4412/4412/4412 4413/4413/4413 
f 4411/4411/4411 4413/4413/4413 4414/4414/4414 
f 4415/4415/4415 4417/4417/4417 4416/4416/4416 
f 4415/4415/4415 4416/4416/4416 4418/4418/4418 
f 4419/4419/4419 4421/4421/4421 4420/4420/4420 
f 4419/4419/4419 4420/4420/4420 4422/4422/4422 
f 4423/4423/4423 4425/4425/4425 4424/4424/4424 
f 4423/4423/4423 4424/4424/4424 4426/4426/4426 
f 4427/4427/4427 4429/4429/4429 4428/4428/4428 
f 4427/4427/4427 4430/4430/4430 4429/4429/4429 
f 4431/4431/4431 4433/4433/4433 4432/4432/4432 
f 4431/4431/4431 4434/4434/4434 4433/4433/4433 
f 4435/4435/4435 4437/4437/4437 4436/4436/4436 
f 4435/4435/4435 4438/4438/4438 4437/4437/4437 
f 4439/4439/4439 4441/4441/4441 4440/4440/4440 
f 4439/4439/4439 4442/4442/4442 4441/4441/4441 
f 4443/4443/4443 4445/4445/4445 4444/4444/4444 
f 4443/4443/4443 4446/4446/4446 4445/4445/4445 
f 4447/4447/4447 4449/4449/4449 4448/4448/4448 
f 4447/4447/4447 4450/4450/4450 4449/4449/4449 
f 4451/4451/4451 4453/4453/4453 4452/4452/4452 
f 4451/4451/4451 4454/4454/4454 4453/4453/4453 
f 4455/4455/4455 4457/4457/4457 4456/4456/4456 
f 4455/4455/4455 4458/4458/4458 4457/4457/4457 
f 4459/4459/4459 4461/4461/4461 4460/4460/4460 
f 4459/4459/4459 4462/4462/4462 4461/4461/4461 
f 4463/4463/4463 4465/4465/4465 4464/4464/4464 
f 4463/4463/4463 4466/4466/4466 4465/4465/4465 
f 4467/4467/4467 4469/4469/4469 4468/4468/4468 
f 4467/4467/4467 4468/4468/4468 4470/4470/4470 
f 4471/4471/4471 4467/4467/4467 4470/4470/4470 
f 4471/4471/4471 4470/4470/4470 4472/4472/4472 
f 4473/4473/4473 4471/4471/4471 4472/4472/4472 
f 4473/4473/4473 4472/4472/4472 4474/4474/4474 
f 4475/4475/4475 4473/4473/4473 4474/4474/4474 
f 4475/4475/4475 4474/4474/4474 4476/4476/4476 
f 4477/4477/4477 4475/4475/4475 4476/4476/4476 
f 4477/4477/4477 4476/4476/4476 4478/4478/4478 
f 4479/4479/4479 4481/4481/4481 4480/4480/4480 
f 4479/4479/4479 4482/4482/4482 4481/4481/4481 
f 4482/4482/4482 4483/4483/4483 4481/4481/4481 
f 4482/4482/4482 4484/4484/4484 4483/4483/4483 
f 4484/4484/4484 4485/4485/4485 4483/4483/4483 
f 4484/4484/4484 4486/4486/4486 4485/4485/4485 
f 4486/4486/4486 4487/4487/4487 4485/4485/4485 
f 4486/4486/4486 4488/4488/4488 4487/4487/4487 
f 4488/4488/4488 4489/4489/4489 4487/4487/4487 
f 4488/4488/4488 4490/4490/4490 4489/4489/4489 
f 4491/4491/4491 4493/4493/4493 4492/4492/4492 
f 4491/4491/4491 4492/4492/4492 4494/4494/4494 
f 4495/4495/4495 4491/4491/4491 4494/4494/4494 
f 4495/4495/4495 4494/4494/4494 4496/4496/4496 
f 4497/4497/4497 4495/4495/4495 4496/4496/4496 
f 4497/4497/4497 4496/4496/4496 4498/4498/4498 
f 4499/4499/4499 4497/4497/4497 4498/4498/4498 
f 4499/4499/4499 4498/4498/4498 4500/4500/4500 
f 4501/4501/4501 4499/4499/4499 4500/4500/4500 
f 4501/4501/4501 4500/4500/4500 4502/4502/4502 
f 4503/4503/4503 4505/4505/4505 4504/4504/4504 
f 4503/4503/4503 4506/4506/4506 4505/4505/4505 
f 4506/4506/4506 4507/4507/4507 4505/4505/4505 
f 4506/4506/4506 4508/4508/4508 4507/4507/4507 
f 4508/4508/4508 4509/4509/4509 4507/4507/4507 
f 4508/4508/4508 4510/4510/4510 4509/4509/4509 
f 4510/4510/4510 4511/4511/4511 4509/4509/4509 
f 4510/4510/4510 4512/4512/4512 4511/4511/4511 
f 4512/4512/4512 4513/4513/4513 4511/4511/4511 
f 4512/4512/4512 4514/4514/4514 4513/4513/4513 
usemtl gray_metallic
f 4515/4515/4515 4517/4517/4517 4516/4516/4516 
f 4515/4515/4515 4518/4518/4518 4517/4517/4517 
usemtl metallic
f 4519/4519/4519 4521/4521/4521 4520/4520/4520 
f 4519/4519/4519 4522/4522/4522 4521/4521/4521 
f 4523/4523/4523 4525/4525/4525 4524/4524/4524 
f 4525/4525/4525 4523/4523/4523 4526/4526/4526 
f 4526/4526/4526 4523/4523/4523 4527/4527/4527 
f 4526/4526/4526 4527/4527/4527 4528/4528/4528 
f 4528/4528/4528 4527/4527/4527 4529/4529/4529 
f 4528/4528/4528 4529/4529/4529 4530/4530/4530 
f 4530/4530/4530 4529/4529/4529 4531/4531/4531 
f 4530/4530/4530 4531/4531/4531 4532/4532/4532 
f 4532/4532/4532 4531/4531/4531 4533/4533/4533 
f 4532/4532/4532 4533/4533/4533 4534/4534/4534 
f 4534/4534/4534 4533/4533/4533 4535/4535/4535 
f 4534/4534/4534 4535/4535/4535 4536/4536/4536 
f 4536/4536/4536 4535/4535/4535 4537/4537/4537 
f 4536/4536/4536 4537/4537/4537 4538/4538/4538 
f 4538/4538/4538 4537/4537/4537 4539/4539/4539 
f 4538/4538/4538 4539/4539/4539 4540/4540/4540 
f 4540/4540/4540 4539/4539/4539 4541/4541/4541 
f 4540/4540/4540 4541/4541/4541 4542/4542/4542 
usemtl gray
f 4543/4543/4543 4545/4545/4545 4544/4544/4544 
f 4543/4543/4543 4546/4546/4546 4545/4545/4545 
f 4547/4547/4547 4549/4549/4549 4548/4548/4548 
f 4547/4547/4547 4550/4550/4550 4549/4549/4549 
f 4551/4551/4551 4553/4553/4553 4552/4552/4552 
f 4551/4551/4551 4554/4554/4554 4553/4553/4553 
f 4555/4555/4555 4557/4557/4557 4556/4556/4556 
f 4555/4555/4555 4558/4558/4558 4557/4557/4557 
f 4559/4559/4559 4561/4561/4561 4560/4560/4560 
f 4559/4559/4559 4562/4562/4562 4561/4561/4561 
f 4563/4563/4563 4565/4565/4565 4564/4564/4564 
f 4563/4563/4563 4566/4566/4566 4565/4565/4565 
f 4567/4567/4567 4569/4569/4569 4568/4568/4568 
f 4567/4567/4567 4570/4570/4570 4569/4569/4569 
f 4571/4571/4571 4573/4573/4573 4572/4572/4572 
f 4571/4571/4571 4574/4574/4574 4573/4573/4573 
f 4575/4575/4575 4577/4577/4577 4576/4576/4576 
f 4575/4575/4575 4578/4578/4578 4577/4577/4577 
f 4579/4579/4579 4581/4581/4581 4580/4580/4580 
f 4579/4579/4579 4582/4582/4582 4581/4581/4581 
f 4583/4583/4583 4585/4585/4585 4584/4584/4584 
f 4583/4583/4583 4586/4586/4586 4585/4585/4585 
f 4587/4587/4587 4589/4589/4589 4588/4588/4588 
f 4587/4587/4587 4590/4590/4590 4589/4589/4589 
f 4591/4591/4591 4593/4593/4593 4592/4592/4592 
f 4591/4591/4591 4594/4594/4594 4593/4593/4593 
f 4595/4595/4595 4597/4597/4597 4596/4596/4596 
f 4595/4595/4595 4598/4598/4598 4597/4597/4597 
f 4599/4599/4599 4601/4601/4601 4600/4600/4600 
f 4599/4599/4599 4602/4602/4602 4601/4601/4601 
f 4603/4603/4603 4605/4605/4605 4604/4604/4604 
f 4603/4603/4603 4606/4606/4606 4605/4605/4605 
f 4607/4607/4607 4609/4609/4609 4608/4608/4608 
f 4607/4607/4607 4610/4610/4610 4609/4609/4609 
f 4611/4611/4611 4613/4613/4613 4612/4612/4612 
f 4611/4611/4611 4614/4614/4614 4613/4613/4613 
f 4615/4615/4615 4617/4617/4617 4616/4616/4616 
f 4615/4615/4615 4618/4618/4618 4617/4617/4617 
f 4619/4619/4619 4621/4621/4621 4620/4620/4620 
f 4619/4619/4619 4622/4622/4622 4621/4621/4621 
f 4623/4623/4623 4625/4625/4625 4624/4624/4624 
f 4623/4623/4623 4626/4626/4626 4625/4625/4625 
f 4627/4627/4627 4629/4629/4629 4628/4628/4628 
f 4627/4627/4627 4630/4630/4630 4629/4629/4629 
f 4631/4631/4631 4633/4633/4633 4632/4632/4632 
f 4631/4631/4631 4634/4634/4634 4633/4633/4633 
f 4635/4635/4635 4637/4637/4637 4636/4636/4636 
f 4635/4635/4635 4638/4638/4638 4637/4637/4637 
f 4639/4639/4639 4641/4641/4641 4640/4640/4640 
f 4639/4639/4639 4642/4642/4642 4641/4641/4641 
f 4643/4643/4643 4645/4645/4645 4644/4644/4644 
f 4643/4643/4643 4646/4646/4646 4645/4645/4645 
f 4647/4647/4647 4649/4649/4649 4648/4648/4648 
f 4647/4647/4647 4650/4650/4650 4649/4649/4649 
f 4651/4651/4651 4653/4653/4653 4652/4652/4652 
f 4651/4651/4651 4654/4654/4654 4653/4653/4653 
f 4655/4655/4655 4657/4657/4657 4656/4656/4656 
f 4655/4655/4655 4658/4658/4658 4657/4657/4657 
f 4659/4659/4659 4661/4661/4661 4660/4660/4660 
f 4659/4659/4659 4662/4662/4662 4661/4661/4661 
f 4663/4663/4663 4665/4665/4665 4664/4664/4664 
f 4663/4663/4663 4666/4666/4666 4665/4665/4665 
f 4667/4667/4667 4669/4669/4669 4668/4668/4668 
f 4667/4667/4667 4670/4670/4670 4669/4669/4669 
f 4671/4671/4671 4673/4673/4673 4672/4672/4672 
f 4671/4671/4671 4674/4674/4674 4673/4673/4673 
f 4675/4675/4675 4677/4677/4677 4676/4676/4676 
f 4675/4675/4675 4678/4678/4678 4677/4677/4677 
f 4679/4679/4679 4681/4681/4681 4680/4680/4680 
f 4679/4679/4679 4682/4682/4682 4681/4681/4681 
f 4683/4683/4683 4685/4685/4685 4684/4684/4684 
f 4683/4683/4683 4686/4686/4686 4685/4685/4685 
f 4687/4687/4687 4689/4689/4689 4688/4688/4688 
f 4687/4687/4687 4690/4690/4690 4689/4689/4689 
f 4691/4691/4691 4693/4693/4693 4692/4692/4692 
f 4691/4691/4691 4694/4694/4694 4693/4693/4693 
f 4695/4695/4695 4697/4697/4697 4696/4696/4696 
f 4695/4695/4695 4698/4698/4698 4697/4697/4697 
f 4699/4699/4699 4701/4701/4701 4700/4700/4700 
f 4699/4699/4699 4702/4702/4702 4701/4701/4701 
f 4703/4703/4703 4705/4705/4705 4704/4704/4704 
f 4703/4703/4703 4706/4706/4706 4705/4705/4705 
f 4707/4707/4707 4709/4709/4709 4708/4708/4708 
f 4707/4707/4707 4710/4710/4710 4709/4709/4709 
f 4711/4711/4711 4707/4707/4707 4708/4708/4708 
f 4710/4710/4710 4712/4712/4712 4709/4709/4709 
f 4711/4711/4711 4708/4708/4708 4713/4713/4713 
f 4710/4710/4710 4714/4714/4714 4712/4712/4712 
f 4715/4715/4715 4711/4711/4711 4713/4713/4713 
f 4714/4714/4714 4716/4716/4716 4712/4712/4712 
f 4715/4715/4715 4713/4713/4713 4717/4717/4717 
f 4714/4714/4714 4718/4718/4718 4716/4716/4716 
f 4719/4719/4719 4715/4715/4715 4717/4717/4717 
f 4718/4718/4718 4720/4720/4720 4716/4716/4716 
f 4719/4719/4719 4717/4717/4717 4721/4721/4721 
f 4718/4718/4718 4722/4722/4722 4720/4720/4720 
f 4723/4723/4723 4719/4719/4719 4721/4721/4721 
f 4722/4722/4722 4724/4724/4724 4720/4720/4720 
f 4723/4723/4723 4721/4721/4721 4725/4725/4725 
f 4722/4722/4722 4726/4726/4726 4724/4724/4724 
f 4727/4727/4727 4723/4723/4723 4725/4725/4725 
f 4726/4726/4726 4728/4728/4728 4724/4724/4724 
f 4727/4727/4727 4725/4725/4725 4729/4729/4729 
f 4726/4726/4726 4730/4730/4730 4728/4728/4728 
f 4731/4731/4731 4727/4727/4727 4729/4729/4729 
f 4730/4730/4730 4732/4732/4732 4728/4728/4728 
f 4731/4731/4731 4729/4729/4729 4733/4733/4733 
f 4730/4730/4730 4734/4734/4734 4732/4732/4732 
f 4735/4735/4735 4731/4731/4731 4733/4733/4733 
f 4734/4734/4734 4736/4736/4736 4732/4732/4732 
f 4735/4735/4735 4733/4733/4733 4737/4737/4737 
f 4734/4734/4734 4738/4738/4738 4736/4736/4736 
f 4739/4739/4739 4735/4735/4735 4737/4737/4737 
f 4738/4738/4738 4740/4740/4740 4736/4736/4736 
f 4739/4739/4739 4737/4737/4737 4741/4741/4741 
f 4738/4738/4738 4742/4742/4742 4740/4740/4740 
f 4743/4743/4743 4739/4739/4739 4741/4741/4741 
f 4742/4742/4742 4744/4744/4744 4740/4740/4740 
f 4743/4743/4743 4741/4741/4741 4745/4745/4745 
f 4742/4742/4742 4746/4746/4746 4744/4744/4744 
f 4746/4746/4746 4743/4743/4743 4745/4745/4745 
f 4746/4746/4746 4745/4745/4745 4744/4744/4744 
usemtl green
f 4747/4747/4747 4749/4749/4749 4748/4748/4748 
f 4747/4747/4747 4750/4750/4750 4749/4749/4749 
f 4751/4751/4751 4753/4753/4753 4752/4752/4752 
f 4751/4751/4751 4754/4754/4754 4753/4753/4753 
f 4755/4755/4755 4757/4757/4757 4756/4756/4756 
f 4755/4755/4755 4758/4758/4758 4757/4757/4757 
f 4759/4759/4759 4761/4761/4761 4760/4760/4760 
f 4759/4759/4759 4762/4762/4762 4761/4761/4761 
f 4763/4763/4763 4765/4765/4765 4764/4764/4764 
f 4763/4763/4763 4766/4766/4766 4765/4765/4765 
f 4767/4767/4767 4769/4769/4769 4768/4768/4768 
f 4767/4767/4767 4770/4770/4770 4769/4769/4769 
f 4771/4771/4771 4773/4773/4773 4772/4772/4772 
f 4771/4771/4771 4774/4774/4774 4773/4773/4773 
f 4775/4775/4775 4777/4777/4777 4776/4776/4776 
f 4775/4775/4775 4778/4778/4778 4777/4777/4777 
f 4779/4779/4779 4781/4781/4781 4780/4780/4780 
f 4779/4779/4779 4782/4782/4782 4781/4781/4781 
f 4783/4783/4783 4785/4785/4785 4784/4784/4784 
f 4783/4783/4783 4786/4786/4786 4785/4785/4785 
f 4787/4787/4787 4789/4789/4789 4788/4788/4788 
f 4787/4787/4787 4790/4790/4790 4789/4789/4789 
f 4791/4791/4791 4793/4793/4793 4792/4792/4792 
f 4791/4791/4791 4794/4794/4794 4793/4793/4793 
f 4795/4795/4795 4797/4797/4797 4796/4796/4796 
f 4795/4795/4795 4798/4798/4798 4797/4797/4797 
f 4799/4799/4799 4801/4801/4801 4800/4800/4800 
f 4799/4799/4799 4802/4802/4802 4801/4801/4801 
f 4803/4803/4803 4805/4805/4805 4804/4804/4804 
f 4803/4803/4803 4806/4806/4806 4805/4805/4805 
f 4807/4807/4807 4809/4809/4809 4808/4808/4808 
f 4807/4807/4807 4810/4810/4810 4809/4809/4809 
f 4811/4811/4811 4813/4813/4813 4812/4812/4812 
f 4811/4811/4811 4814/4814/4814 4813/4813/4813 
f 4815/4815/4815 4817/4817/4817 4816/4816/4816 
f 4815/4815/4815 4818/4818/4818 4817/4817/4817 
usemtl gray_stiker
f 4819/4819/4819 4821/4821/4821 4820/4820/4820 
f 4819/4819/4819 4822/4822/4822 4821/4821/4821 
f 4823/4823/4823 4825/4825/4825 4824/4824/4824 
f 4823/4823/4823 4826/4826/4826 4825/4825/4825 
f 4827/4827/4827 4829/4829/4829 4828/4828/4828 
f 4829/4829/4829 4827/4827/4827 4830/4830/4830 
f 4830/4830/4830 4827/4827/4827 4831/4831/4831 
f 4832/4832/4832 4834/4834/4834 4833/4833/4833 
f 4833/4833/4833 4834/4834/4834 4835/4835/4835 
f 4833/4833/4833 4835/4835/4835 4836/4836/4836 
f 4836/4836/4836 4835/4835/4835 4837/4837/4837 
f 4836/4836/4836 4837/4837/4837 4838/4838/4838 
f 4838/4838/4838 4837/4837/4837 4839/4839/4839 
f 4838/4838/4838 4839/4839/4839 4840/4840/4840 
f 4840/4840/4840 4839/4839/4839 4841/4841/4841 
f 4840/4840/4840 4841/4841/4841 4842/4842/4842 
f 4842/4842/4842 4841/4841/4841 4843/4843/4843 
f 4842/4842/4842 4843/4843/4843 4844/4844/4844 
f 4844/4844/4844 4843/4843/4843 4845/4845/4845 
f 4844/4844/4844 4845/4845/4845 4846/4846/4846 
f 4846/4846/4846 4845/4845/4845 4847/4847/4847 
f 4846/4846/4846 4847/4847/4847 4848/4848/4848 
f 4848/4848/4848 4847/4847/4847 4849/4849/4849 
f 4848/4848/4848 4849/4849/4849 4850/4850/4850 
f 4850/4850/4850 4849/4849/4849 4851/4851/4851 
f 4850/4850/4850 4851/4851/4851 4852/4852/4852 
f 4853/4853/4853 4855/4855/4855 4854/4854/4854 
f 4855/4855/4855 4853/4853/4853 4856/4856/4856 
f 4856/4856/4856 4853/4853/4853 4857/4857/4857 
f 4858/4858/4858 4860/4860/4860 4859/4859/4859 
f 4859/4859/4859 4860/4860/4860 4861/4861/4861 
f 4859/4859/4859 4861/4861/4861 4862/4862/4862 
f 4862/4862/4862 4861/4861/4861 4863/4863/4863 
f 4862/4862/4862 4863/4863/4863 4864/4864/4864 
f 4864/4864/4864 4863/4863/4863 4865/4865/4865 
f 4864/4864/4864 4865/4865/4865 4866/4866/4866 
f 4866/4866/4866 4865/4865/4865 4867/4867/4867 
f 4866/4866/4866 4867/4867/4867 4868/4868/4868 
f 4868/4868/4868 4867/4867/4867 4869/4869/4869 
f 4868/4868/4868 4869/4869/4869 4870/4870/4870 
f 4870/4870/4870 4869/4869/4869 4871/4871/4871 
f 4870/4870/4870 4871/4871/4871 4872/4872/4872 
f 4872/4872/4872 4871/4871/4871 4873/4873/4873 
f 4872/4872/4872 4873/4873/4873 4874/4874/4874 
f 4874/4874/4874 4873/4873/4873 4875/4875/4875 
f 4874/4874/4874 4875/4875/4875 4876/4876/4876 
f 4876/4876/4876 4875/4875/4875 4877/4877/4877 
f 4876/4876/4876 4877/4877/4877 4878/4878/4878 
f 4879/4879/4879 4881/4881/4881 4880/4880/4880 
f 4879/4879/4879 4882/4882/4882 4881/4881/4881 
f 4883/4883/4883 4885/4885/4885 4884/4884/4884 
f 4883/4883/4883 4886/4886/4886 4885/4885/4885 
f 4887/4887/4887 4889/4889/4889 4888/4888/4888 
f 4887/4887/4887 4890/4890/4890 4889/4889/4889 
f 4891/4891/4891 4893/4893/4893 4892/4892/4892 
f 4891/4891/4891 4894/4894/4894 4893/4893/4893 
f 4895/4895/4895 4897/4897/4897 4896/4896/4896 
f 4895/4895/4895 4898/4898/4898 4897/4897/4897 
f 4899/4899/4899 4901/4901/4901 4900/4900/4900 
f 4899/4899/4899 4902/4902/4902 4901/4901/4901 
f 4903/4903/4903 4905/4905/4905 4904/4904/4904 
f 4903/4903/4903 4906/4906/4906 4905/4905/4905 
f 4907/4907/4907 4909/4909/4909 4908/4908/4908 
f 4907/4907/4907 4910/4910/4910 4909/4909/4909 
f 4911/4911/4911 4913/4913/4913 4912/4912/4912 
f 4911/4911/4911 4914/4914/4914 4913/4913/4913 
f 4915/4915/4915 4917/4917/4917 4916/4916/4916 
f 4915/4915/4915 4918/4918/4918 4917/4917/4917 
f 4919/4919/4919 4921/4921/4921 4920/4920/4920 
f 4919/4919/4919 4922/4922/4922 4921/4921/4921 
f 4923/4923/4923 4925/4925/4925 4924/4924/4924 
f 4923/4923/4923 4926/4926/4926 4925/4925/4925 
f 4927/4927/4927 4929/4929/4929 4928/4928/4928 
f 4927/4927/4927 4930/4930/4930 4929/4929/4929 
f 4931/4931/4931 4933/4933/4933 4932/4932/4932 
f 4931/4931/4931 4934/4934/4934 4933/4933/4933 
f 4935/4935/4935 4937/4937/4937 4936/4936/4936 
f 4935/4935/4935 4938/4938/4938 4937/4937/4937 
f 4939/4939/4939 4941/4941/4941 4940/4940/4940 
f 4939/4939/4939 4942/4942/4942 4941/4941/4941 
f 4943/4943/4943 4945/4945/4945 4944/4944/4944 
f 4943/4943/4943 4946/4946/4946 4945/4945/4945 
f 4947/4947/4947 4949/4949/4949 4948/4948/4948 
f 4947/4947/4947 4950/4950/4950 4949/4949/4949 
f 4951/4951/4951 4953/4953/4953 4952/4952/4952 
f 4951/4951/4951 4954/4954/4954 4953/4953/4953 
f 4955/4955/4955 4957/4957/4957 4956/4956/4956 
f 4955/4955/4955 4958/4958/4958 4957/4957/4957 
f 4959/4959/4959 4961/4961/4961 4960/4960/4960 
f 4959/4959/4959 4962/4962/4962 4961/4961/4961 
f 4963/4963/4963 4965/4965/4965 4964/4964/4964 
f 4963/4963/4963 4966/4966/4966 4965/4965/4965 
f 4967/4967/4967 4969/4969/4969 4968/4968/4968 
f 4967/4967/4967 4970/4970/4970 4969/4969/4969 
f 4971/4971/4971 4973/4973/4973 4972/4972/4972 
f 4971/4971/4971 4974/4974/4974 4973/4973/4973 
f 4975/4975/4975 4977/4977/4977 4976/4976/4976 
f 4977/4977/4977 4975/4975/4975 4978/4978/4978 
f 4978/4978/4978 4975/4975/4975 4979/4979/4979 
f 4980/4980/4980 4982/4982/4982 4981/4981/4981 
f 4981/4981/4981 4982/4982/4982 4983/4983/4983 
f 4981/4981/4981 4983/4983/4983 4984/4984/4984 
f 4984/4984/4984 4983/4983/4983 4985/4985/4985 
f 4984/4984/4984 4985/4985/4985 4986/4986/4986 
f 4986/4986/4986 4985/4985/4985 4987/4987/4987 
f 4986/4986/4986 4987/4987/4987 4988/4988/4988 
f 4988/4988/4988 4987/4987/4987 4989/4989/4989 
f 4988/4988/4988 4989/4989/4989 4990/4990/4990 
f 4990/4990/4990 4989/4989/4989 4991/4991/4991 
f 4990/4990/4990 4991/4991/4991 4992/4992/4992 
f 4992/4992/4992 4991/4991/4991 4993/4993/4993 
f 4992/4992/4992 4993/4993/4993 4994/4994/4994 
f 4994/4994/4994 4993/4993/4993 4995/4995/4995 
f 4994/4994/4994 4995/4995/4995 4996/4996/4996 
f 4996/4996/4996 4995/4995/4995 4997/4997/4997 
f 4996/4996/4996 4997/4997/4997 4998/4998/4998 
f 4998/4998/4998 4997/4997/4997 4999/4999/4999 
f 4998/4998/4998 4999/4999/4999 5000/5000/5000 
f 5001/5001/5001 5003/5003/5003 5002/5002/5002 
f 5003/5003/5003 5001/5001/5001 5004/5004/5004 
f 5004/5004/5004 5001/5001/5001 5005/5005/5005 
f 5006/5006/5006 5008/5008/5008 5007/5007/5007 
f 5007/5007/5007 5008/5008/5008 5009/5009/5009 
f 5007/5007/5007 5009/5009/5009 5010/5010/5010 
f 5010/5010/5010 5009/5009/5009 5011/5011/5011 
f 5010/5010/5010 5011/5011/5011 5012/5012/5012 
f 5012/5012/5012 5011/5011/5011 5013/5013/5013 
f 5012/5012/5012 5013/5013/5013 5014/5014/5014 
f 5014/5014/5014 5013/5013/5013 5015/5015/5015 
f 5014/5014/5014 5015/5015/5015 5016/5016/5016 
f 5016/5016/5016 5015/5015/5015 5017/5017/5017 
f 5016/5016/5016 5017/5017/5017 5018/5018/5018 
f 5018/5018/5018 5017/5017/5017 5019/5019/5019 
f 5018/5018/5018 5019/5019/5019 5020/5020/5020 
f 5020/5020/5020 5019/5019/5019 5021/5021/5021 
f 5020/5020/5020 5021/5021/5021 5022/5022/5022 
f 5022/5022/5022 5021/5021/5021 5023/5023/5023 
f 5022/5022/5022 5023/5023/5023 5024/5024/5024 
f 5024/5024/5024 5023/5023/5023 5025/5025/5025 
f 5024/5024/5024 5025/5025/5025 5026/5026/5026 
f 5027/5027/5027 5029/5029/5029 5028/5028/5028 
f 5027/5027/5027 5030/5030/5030 5029/5029/5029 
f 5031/5031/5031 5033/5033/5033 5032/5032/5032 
f 5031/5031/5031 5034/5034/5034 5033/5033/5033 
f 5035/5035/5035 5037/5037/5037 5036/5036/5036 
f 5035/5035/5035 5038/5038/5038 5037/5037/5037 
f 5039/5039/5039 5041/5041/5041 5040/5040/5040 
f 5039/5039/5039 5042/5042/5042 5041/5041/5041 
f 5043/5043/5043 5045/5045/5045 5044/5044/5044 
f 5043/5043/5043 5046/5046/5046 5045/5045/5045 
f 5047/5047/5047 5049/5049/5049 5048/5048/5048 
f 5047/5047/5047 5050/5050/5050 5049/5049/5049 
f 5051/5051/5051 5053/5053/5053 5052/5052/5052 
f 5051/5051/5051 5054/5054/5054 5053/5053/5053 
f 5055/5055/5055 5057/5057/5057 5056/5056/5056 
f 5055/5055/5055 5058/5058/5058 5057/5057/5057 
f 5059/5059/5059 5061/5061/5061 5060/5060/5060 
f 5059/5059/5059 5062/5062/5062 5061/5061/5061 
f 5063/5063/5063 5065/5065/5065 5064/5064/5064 
f 5063/5063/5063 5066/5066/5066 5065/5065/5065 
f 5067/5067/5067 5069/5069/5069 5068/5068/5068 
f 5067/5067/5067 5070/5070/5070 5069/5069/5069 
f 5071/5071/5071 5073/5073/5073 5072/5072/5072 
f 5071/5071/5071 5074/5074/5074 5073/5073/5073 
f 5075/5075/5075 5077/5077/5077 5076/5076/5076 
f 5075/5075/5075 5078/5078/5078 5077/5077/5077 
f 5079/5079/5079 5081/5081/5081 5080/5080/5080 
f 5079/5079/5079 5082/5082/5082 5081/5081/5081 
f 5083/5083/5083 5085/5085/5085 5084/5084/5084 
f 5083/5083/5083 5086/5086/5086 5085/5085/5085 
f 5087/5087/5087 5089/5089/5089 5088/5088/5088 
f 5087/5087/5087 5090/5090/5090 5089/5089/5089 
f 5091/5091/5091 5093/5093/5093 5092/5092/5092 
f 5091/5091/5091 5094/5094/5094 5093/5093/5093 
f 5095/5095/5095 5097/5097/5097 5096/5096/5096 
f 5095/5095/5095 5098/5098/5098 5097/5097/5097 
f 5099/5099/5099 5101/5101/5101 5100/5100/5100 
f 5099/5099/5099 5102/5102/5102 5101/5101/5101 
f 5103/5103/5103 5105/5105/5105 5104/5104/5104 
f 5103/5103/5103 5106/5106/5106 5105/5105/5105 
f 5107/5107/5107 5109/5109/5109 5108/5108/5108 
f 5107/5107/5107 5110/5110/5110 5109/5109/5109 
f 5111/5111/5111 5113/5113/5113 5112/5112/5112 
f 5111/5111/5111 5114/5114/5114 5113/5113/5113 
