# exported by StudySceneExporter from mesh 'vent monitor'
mtllib materials.mtl
v -0.0047159 0.009454178 -0.01192153
v 0.002672528 0.009453394 -0.01192157
v 0.002672528 0.009453394 -0.01176597
v -0.0047159 0.009454178 -0.011766
v -0.004715297 0.009604742 -0.01192153
v -0.004715297 0.009604742 -0.011766
v 0.00267313 0.00960396 -0.01176597
v 0.00267313 0.00960396 -0.01192157
v 0.002672528 0.009453394 -0.01176597
v 0.00267313 0.00960396 -0.01176597
v -0.004715297 0.009604742 -0.011766
v -0.0047159 0.009454178 -0.011766
v -0.0047159 0.009454178 -0.011766
v -0.004715297 0.009604742 -0.011766
v -0.004715297 0.009604742 -0.01192153
v -0.0047159 0.009454178 -0.01192153
v -0.0047159 0.009454178 -0.01192153
v -0.004715297 0.009604742 -0.01192153
v 0.00267313 0.00960396 -0.01192157
v 0.002672528 0.009453394 -0.01192157
v 0.002672528 0.009453394 -0.01192157
v 0.00267313 0.00960396 -0.01192157
v 0.00267313 0.00960396 -0.01176597
v 0.002672528 0.009453394 -0.01176597
v -0.0047159 0.009454178 -0.01159477
v 0.002672528 0.009453394 -0.01159481
v 0.002672528 0.009453394 -0.0114392
v -0.0047159 0.009454178 -0.01143924
v -0.004715297 0.009604742 -0.01159477
v -0.004715297 0.009604742 -0.01143924
v 0.00267313 0.00960396 -0.0114392
v 0.00267313 0.00960396 -0.01159481
v 0.002672528 0.009453394 -0.0114392
v 0.00267313 0.00960396 -0.0114392
v -0.004715297 0.009604742 -0.01143924
v -0.0047159 0.009454178 -0.01143924
v -0.0047159 0.009454178 -0.01143924
v -0.004715297 0.009604742 -0.01143924
v -0.004715297 0.009604742 -0.01159477
v -0.0047159 0.009454178 -0.01159477
v -0.0047159 0.009454178 -0.01159477
v -0.004715297 0.009604742 -0.01159477
v 0.00267313 0.00960396 -0.01159481
v 0.002672528 0.009453394 -0.01159481
v 0.002672528 0.009453394 -0.01159481
v 0.00267313 0.00960396 -0.01159481
v 0.00267313 0.00960396 -0.0114392
v 0.002672528 0.009453394 -0.0114392
v -0.0047159 0.009454178 -0.011268
v 0.002672528 0.009453394 -0.01126804
v 0.002672528 0.009453394 -0.01111244
v -0.0047159 0.009454178 -0.01111248
v -0.004715297 0.009604742 -0.011268
v -0.004715297 0.009604742 -0.01111248
v 0.00267313 0.00960396 -0.01111244
v 0.00267313 0.00960396 -0.01126804
v 0.002672528 0.009453394 -0.01111244
v 0.00267313 0.00960396 -0.01111244
v -0.004715297 0.009604742 -0.01111248
v -0.0047159 0.009454178 -0.01111248
v -0.0047159 0.009454178 -0.01111248
v -0.004715297 0.009604742 -0.01111248
v -0.004715297 0.009604742 -0.011268
v -0.0047159 0.009454178 -0.011268
v -0.0047159 0.009454178 -0.011268
v -0.004715297 0.009604742 -0.011268
v 0.00267313 0.00960396 -0.01126804
v 0.002672528 0.009453394 -0.01126804
v 0.002672528 0.009453394 -0.01126804
v 0.00267313 0.00960396 -0.01126804
v 0.00267313 0.00960396 -0.01111244
v 0.002672528 0.009453394 -0.01111244
v -0.0047159 0.009454178 -0.01094124
v 0.002672528 0.009453394 -0.01094128
v 0.002672528 0.009453394 -0.01078568
v -0.0047159 0.009454178 -0.01078572
v -0.004715297 0.009604742 -0.01094124
v -0.004715297 0.009604742 -0.01078572
v 0.00267313 0.00960396 -0.01078568
v 0.00267313 0.00960396 -0.01094128
v 0.002672528 0.009453394 -0.01078568
v 0.00267313 0.00960396 -0.01078568
v -0.004715297 0.009604742 -0.01078572
v -0.0047159 0.009454178 -0.01078572
v -0.0047159 0.009454178 -0.01078572
v -0.004715297 0.009604742 -0.01078572
v -0.004715297 0.009604742 -0.01094124
v -0.0047159 0.009454178 -0.01094124
v -0.0047159 0.009454178 -0.01094124
v -0.004715297 0.009604742 -0.01094124
v 0.00267313 0.00960396 -0.01094128
v 0.002672528 0.009453394 -0.01094128
v 0.002672528 0.009453394 -0.01094128
v 0.00267313 0.00960396 -0.01094128
v 0.00267313 0.00960396 -0.01078568
v 0.002672528 0.009453394 -0.01078568
v -0.0047159 0.009454178 -0.01061448
v 0.002672528 0.009453394 -0.01061452
v 0.002672528 0.009453394 -0.01045891
v -0.0047159 0.009454178 -0.01045895
v -0.004715297 0.009604742 -0.01061448
v -0.004715297 0.009604742 -0.01045895
v 0.00267313 0.00960396 -0.01045891
v 0.00267313 0.00960396 -0.01061452
v 0.002672528 0.009453394 -0.01045891
v 0.00267313 0.00960396 -0.01045891
v -0.004715297 0.009604742 -0.01045895
v -0.0047159 0.009454178 -0.01045895
v -0.0047159 0.009454178 -0.01045895
v -0.004715297 0.009604742 -0.01045895
v -0.004715297 0.009604742 -0.01061448
v -0.0047159 0.009454178 -0.01061448
v -0.0047159 0.009454178 -0.01061448
v -0.004715297 0.009604742 -0.01061448
v 0.00267313 0.00960396 -0.01061452
v 0.002672528 0.009453394 -0.01061452
v 0.002672528 0.009453394 -0.01061452
v 0.00267313 0.00960396 -0.01061452
v 0.00267313 0.00960396 -0.01045891
v 0.002672528 0.009453394 -0.01045891
v -0.0047159 0.009454178 -0.01028772
v 0.002672528 0.009453394 -0.01028775
v 0.002672528 0.009453394 -0.01013215
v -0.0047159 0.009454178 -0.01013219
v -0.004715297 0.009604742 -0.01028772
v -0.004715297 0.009604742 -0.01013219
v 0.00267313 0.00960396 -0.01013215
v 0.00267313 0.00960396 -0.01028775
v 0.002672528 0.009453394 -0.01013215
v 0.00267313 0.00960396 -0.01013215
v -0.004715297 0.009604742 -0.01013219
v -0.0047159 0.009454178 -0.01013219
v -0.0047159 0.009454178 -0.01013219
v -0.004715297 0.009604742 -0.01013219
v -0.004715297 0.009604742 -0.01028772
v -0.0047159 0.009454178 -0.01028772
v -0.0047159 0.009454178 -0.01028772
v -0.004715297 0.009604742 -0.01028772
v 0.00267313 0.00960396 -0.01028775
v 0.002672528 0.009453394 -0.01028775
v 0.002672528 0.009453394 -0.01028775
v 0.00267313 0.00960396 -0.01028775
v 0.00267313 0.00960396 -0.01013215
v 0.002672528 0.009453394 -0.01013215
v -0.0047159 0.009454178 -0.009960953
v 0.002672528 0.009453394 -0.00996099
v 0.002672528 0.009453394 -0.009805389
v -0.0047159 0.009454178 -0.009805426
v -0.004715297 0.009604742 -0.009960953
v -0.004715297 0.009604742 -0.009805426
v 0.00267313 0.00960396 -0.009805389
v 0.00267313 0.00960396 -0.00996099
v 0.002672528 0.009453394 -0.009805389
v 0.00267313 0.00960396 -0.009805389
v -0.004715297 0.009604742 -0.009805426
v -0.0047159 0.009454178 -0.009805426
v -0.0047159 0.009454178 -0.009805426
v -0.004715297 0.009604742 -0.009805426
v -0.004715297 0.009604742 -0.009960953
v -0.0047159 0.009454178 -0.009960953
v -0.0047159 0.009454178 -0.009960953
v -0.004715297 0.009604742 -0.009960953
v 0.00267313 0.00960396 -0.00996099
v 0.002672528 0.009453394 -0.00996099
v 0.002672528 0.009453394 -0.00996099
v 0.00267313 0.00960396 -0.00996099
v 0.00267313 0.00960396 -0.009805389
v 0.002672528 0.009453394 -0.009805389
v -0.0047159 0.009454178 -0.00963419
v 0.002672528 0.009453394 -0.009634227
v 0.002672528 0.009453394 -0.009478626
v -0.0047159 0.009454178 -0.009478663
v -0.004715297 0.009604742 -0.00963419
v -0.004715297 0.009604742 -0.009478663
v 0.00267313 0.00960396 -0.009478626
v 0.00267313 0.00960396 -0.009634227
v 0.002672528 0.009453394 -0.009478626
v 0.00267313 0.00960396 -0.009478626
v -0.004715297 0.009604742 -0.009478663
v -0.0047159 0.009454178 -0.009478663
v -0.0047159 0.009454178 -0.009478663
v -0.004715297 0.009604742 -0.009478663
v -0.004715297 0.009604742 -0.00963419
v -0.0047159 0.009454178 -0.00963419
v -0.0047159 0.009454178 -0.00963419
v -0.004715297 0.009604742 -0.00963419
v 0.00267313 0.00960396 -0.009634227
v 0.002672528 0.009453394 -0.009634227
v 0.002672528 0.009453394 -0.009634227
v 0.00267313 0.00960396 -0.009634227
v 0.00267313 0.00960396 -0.009478626
v 0.002672528 0.009453394 -0.009478626
v -0.0047159 0.009454178 -0.009307427
v 0.002672528 0.009453394 -0.009307465
v 0.002672528 0.009453394 -0.009151863
v -0.0047159 0.009454178 -0.009151899
v -0.004715297 0.009604742 -0.009307427
v -0.004715297 0.009604742 -0.009151899
v 0.00267313 0.00960396 -0.009151863
v 0.00267313 0.00960396 -0.009307465
v 0.002672528 0.009453394 -0.009151863
v 0.00267313 0.00960396 -0.009151863
v -0.004715297 0.009604742 -0.009151899
v -0.0047159 0.009454178 -0.009151899
v -0.0047159 0.009454178 -0.009151899
v -0.004715297 0.009604742 -0.009151899
v -0.004715297 0.009604742 -0.009307427
v -0.0047159 0.009454178 -0.009307427
v -0.0047159 0.009454178 -0.009307427
v -0.004715297 0.009604742 -0.009307427
v 0.00267313 0.00960396 -0.009307465
v 0.002672528 0.009453394 -0.009307465
v 0.002672528 0.009453394 -0.009307465
v 0.00267313 0.00960396 -0.009307465
v 0.00267313 0.00960396 -0.009151863
v 0.002672528 0.009453394 -0.009151863
v -0.0047159 0.009454178 -0.008980663
v 0.002672528 0.009453394 -0.008980701
v 0.002672528 0.009453394 -0.008825099
v -0.0047159 0.009454178 -0.008825136
v -0.004715297 0.009604742 -0.008980663
v -0.004715297 0.009604742 -0.008825136
v 0.00267313 0.00960396 -0.008825099
v 0.00267313 0.00960396 -0.008980701
v 0.002672528 0.009453394 -0.008825099
v 0.00267313 0.00960396 -0.008825099
v -0.004715297 0.009604742 -0.008825136
v -0.0047159 0.009454178 -0.008825136
v -0.0047159 0.009454178 -0.008825136
v -0.004715297 0.009604742 -0.008825136
v -0.004715297 0.009604742 -0.008980663
v -0.0047159 0.009454178 -0.008980663
v -0.0047159 0.009454178 -0.008980663
v -0.004715297 0.009604742 -0.008980663
v 0.00267313 0.00960396 -0.008980701
v 0.002672528 0.009453394 -0.008980701
v 0.002672528 0.009453394 -0.008980701
v 0.00267313 0.00960396 -0.008980701
v 0.00267313 0.00960396 -0.008825099
v 0.002672528 0.009453394 -0.008825099
v -0.0047159 0.009454178 -0.008653901
v 0.002672528 0.009453394 -0.008653938
v 0.002672528 0.009453394 -0.008498336
v -0.0047159 0.009454178 -0.008498373
v -0.004715297 0.009604742 -0.008653901
v -0.004715297 0.009604742 -0.008498373
v 0.00267313 0.00960396 -0.008498336
v 0.00267313 0.00960396 -0.008653938
v 0.002672528 0.009453394 -0.008498336
v 0.00267313 0.00960396 -0.008498336
v -0.004715297 0.009604742 -0.008498373
v -0.0047159 0.009454178 -0.008498373
v -0.0047159 0.009454178 -0.008498373
v -0.004715297 0.009604742 -0.008498373
v -0.004715297 0.009604742 -0.008653901
v -0.0047159 0.009454178 -0.008653901
v -0.0047159 0.009454178 -0.008653901
v -0.004715297 0.009604742 -0.008653901
v 0.00267313 0.00960396 -0.008653938
v 0.002672528 0.009453394 -0.008653938
v 0.002672528 0.009453394 -0.008653938
v 0.00267313 0.00960396 -0.008653938
v 0.00267313 0.00960396 -0.008498336
v 0.002672528 0.009453394 -0.008498336
v -0.0047159 0.009454178 -0.008327139
v 0.002672528 0.009453394 -0.008327175
v 0.002672528 0.009453394 -0.008171573
v -0.0047159 0.009454178 -0.008171611
v -0.004715297 0.009604742 -0.008327139
v -0.004715297 0.009604742 -0.008171611
v 0.00267313 0.00960396 -0.008171573
v 0.00267313 0.00960396 -0.008327175
v 0.002672528 0.009453394 -0.008171573
v 0.00267313 0.00960396 -0.008171573
v -0.004715297 0.009604742 -0.008171611
v -0.0047159 0.009454178 -0.008171611
v -0.0047159 0.009454178 -0.008171611
v -0.004715297 0.009604742 -0.008171611
v -0.004715297 0.009604742 -0.008327139
v -0.0047159 0.009454178 -0.008327139
v -0.0047159 0.009454178 -0.008327139
v -0.004715297 0.009604742 -0.008327139
v 0.00267313 0.00960396 -0.008327175
v 0.002672528 0.009453394 -0.008327175
v 0.002672528 0.009453394 -0.008327175
v 0.00267313 0.00960396 -0.008327175
v 0.00267313 0.00960396 -0.008171573
v 0.002672528 0.009453394 -0.008171573
v -0.0047159 0.009454178 -0.008000375
v 0.002672528 0.009453394 -0.008000412
v 0.002672528 0.009453394 -0.00784481
v -0.0047159 0.009454178 -0.007844848
v -0.004715297 0.009604742 -0.008000375
v -0.004715297 0.009604742 -0.007844848
v 0.00267313 0.00960396 -0.00784481
v 0.00267313 0.00960396 -0.008000412
v 0.002672528 0.009453394 -0.00784481
v 0.00267313 0.00960396 -0.00784481
v -0.004715297 0.009604742 -0.007844848
v -0.0047159 0.009454178 -0.007844848
v -0.0047159 0.009454178 -0.007844848
v -0.004715297 0.009604742 -0.007844848
v -0.004715297 0.009604742 -0.008000375
v -0.0047159 0.009454178 -0.008000375
v -0.0047159 0.009454178 -0.008000375
v -0.004715297 0.009604742 -0.008000375
v 0.00267313 0.00960396 -0.008000412
v 0.002672528 0.009453394 -0.008000412
v 0.002672528 0.009453394 -0.008000412
v 0.00267313 0.00960396 -0.008000412
v 0.00267313 0.00960396 -0.00784481
v 0.002672528 0.009453394 -0.00784481
v -0.0047159 0.009454178 -0.007673611
v 0.002672528 0.009453394 -0.007673649
v 0.002672528 0.009453394 -0.007518047
v -0.0047159 0.009454178 -0.007518084
v -0.004715297 0.009604742 -0.007673611
v -0.004715297 0.009604742 -0.007518084
v 0.00267313 0.00960396 -0.007518047
v 0.00267313 0.00960396 -0.007673649
v 0.002672528 0.009453394 -0.007518047
v 0.00267313 0.00960396 -0.007518047
v -0.004715297 0.009604742 -0.007518084
v -0.0047159 0.009454178 -0.007518084
v -0.0047159 0.009454178 -0.007518084
v -0.004715297 0.009604742 -0.007518084
v -0.004715297 0.009604742 -0.007673611
v -0.0047159 0.009454178 -0.007673611
v -0.0047159 0.009454178 -0.007673611
v -0.004715297 0.009604742 -0.007673611
v 0.00267313 0.00960396 -0.007673649
v 0.002672528 0.009453394 -0.007673649
v 0.002672528 0.009453394 -0.007673649
v 0.00267313 0.00960396 -0.007673649
v 0.00267313 0.00960396 -0.007518047
v 0.002672528 0.009453394 -0.007518047
v -0.0047159 0.009454178 -0.007346848
v 0.002672528 0.009453394 -0.007346886
v 0.002672528 0.009453394 -0.007191284
v -0.0047159 0.009454178 -0.007191321
v -0.004715297 0.009604742 -0.007346848
v -0.004715297 0.009604742 -0.007191321
v 0.00267313 0.00960396 -0.007191284
v 0.00267313 0.00960396 -0.007346886
v 0.002672528 0.009453394 -0.007191284
v 0.00267313 0.00960396 -0.007191284
v -0.004715297 0.009604742 -0.007191321
v -0.0047159 0.009454178 -0.007191321
v -0.0047159 0.009454178 -0.007191321
v -0.004715297 0.009604742 -0.007191321
v -0.004715297 0.009604742 -0.007346848
v -0.0047159 0.009454178 -0.007346848
v -0.0047159 0.009454178 -0.007346848
v -0.004715297 0.009604742 -0.007346848
v 0.00267313 0.00960396 -0.007346886
v 0.002672528 0.009453394 -0.007346886
v 0.002672528 0.009453394 -0.007346886
v 0.00267313 0.00960396 -0.007346886
v 0.00267313 0.00960396 -0.007191284
v 0.002672528 0.009453394 -0.007191284
v -0.0047159 0.009454178 -0.007020086
v 0.002672528 0.009453394 -0.007020123
v 0.002672528 0.009453394 -0.006864521
v -0.0047159 0.009454178 -0.006864558
v -0.004715297 0.009604742 -0.007020086
v -0.004715297 0.009604742 -0.006864558
v 0.00267313 0.00960396 -0.006864521
v 0.00267313 0.00960396 -0.007020123
v 0.002672528 0.009453394 -0.006864521
v 0.00267313 0.00960396 -0.006864521
v -0.004715297 0.009604742 -0.006864558
v -0.0047159 0.009454178 -0.006864558
v -0.0047159 0.009454178 -0.006864558
v -0.004715297 0.009604742 -0.006864558
v -0.004715297 0.009604742 -0.007020086
v -0.0047159 0.009454178 -0.007020086
v -0.0047159 0.009454178 -0.007020086
v -0.004715297 0.009604742 -0.007020086
v 0.00267313 0.00960396 -0.007020123
v 0.002672528 0.009453394 -0.007020123
v 0.002672528 0.009453394 -0.007020123
v 0.00267313 0.00960396 -0.007020123
v 0.00267313 0.00960396 -0.006864521
v 0.002672528 0.009453394 -0.006864521
v -0.0047159 0.009454178 -0.006693323
v 0.002672528 0.009453394 -0.006693359
v 0.002672528 0.009453394 -0.006537758
v -0.0047159 0.009454178 -0.006537795
v -0.004715297 0.009604742 -0.006693323
v -0.004715297 0.009604742 -0.006537795
v 0.00267313 0.00960396 -0.006537758
v 0.00267313 0.00960396 -0.006693359
v 0.002672528 0.009453394 -0.006537758
v 0.00267313 0.00960396 -0.006537758
v -0.004715297 0.009604742 -0.006537795
v -0.0047159 0.009454178 -0.006537795
v -0.0047159 0.009454178 -0.006537795
v -0.004715297 0.009604742 -0.006537795
v -0.004715297 0.009604742 -0.006693323
v -0.0047159 0.009454178 -0.006693323
v -0.0047159 0.009454178 -0.006693323
v -0.004715297 0.009604742 -0.006693323
v 0.00267313 0.00960396 -0.006693359
v 0.002672528 0.009453394 -0.006693359
v 0.002672528 0.009453394 -0.006693359
v 0.00267313 0.00960396 -0.006693359
v 0.00267313 0.00960396 -0.006537758
v 0.002672528 0.009453394 -0.006537758
v -0.0047159 0.009454178 -0.006366559
v 0.002672528 0.009453394 -0.006366596
v 0.002672528 0.009453394 -0.006210994
v -0.0047159 0.009454178 -0.006211032
v -0.004715297 0.009604742 -0.006366559
v -0.004715297 0.009604742 -0.006211032
v 0.00267313 0.00960396 -0.006210994
v 0.00267313 0.00960396 -0.006366596
v 0.002672528 0.009453394 -0.006210994
v 0.00267313 0.00960396 -0.006210994
v -0.004715297 0.009604742 -0.006211032
v -0.0047159 0.009454178 -0.006211032
v -0.0047159 0.009454178 -0.006211032
v -0.004715297 0.009604742 -0.006211032
v -0.004715297 0.009604742 -0.006366559
v -0.0047159 0.009454178 -0.006366559
v -0.0047159 0.009454178 -0.006366559
v -0.004715297 0.009604742 -0.006366559
v 0.00267313 0.00960396 -0.006366596
v 0.002672528 0.009453394 -0.006366596
v 0.002672528 0.009453394 -0.006366596
v 0.00267313 0.00960396 -0.006366596
v 0.00267313 0.00960396 -0.006210994
v 0.002672528 0.009453394 -0.006210994
v -0.0047159 0.009454178 -0.006039796
v 0.002672528 0.009453394 -0.006039833
v 0.002672528 0.009453394 -0.005884231
v -0.0047159 0.009454178 -0.005884268
v -0.004715297 0.009604742 -0.006039796
v -0.004715297 0.009604742 -0.005884268
v 0.00267313 0.00960396 -0.005884231
v 0.00267313 0.00960396 -0.006039833
v 0.002672528 0.009453394 -0.005884231
v 0.00267313 0.00960396 -0.005884231
v -0.004715297 0.009604742 -0.005884268
v -0.0047159 0.009454178 -0.005884268
v -0.0047159 0.009454178 -0.005884268
v -0.004715297 0.009604742 -0.005884268
v -0.004715297 0.009604742 -0.006039796
v -0.0047159 0.009454178 -0.006039796
v -0.0047159 0.009454178 -0.006039796
v -0.004715297 0.009604742 -0.006039796
v 0.00267313 0.00960396 -0.006039833
v 0.002672528 0.009453394 -0.006039833
v 0.002672528 0.009453394 -0.006039833
v 0.00267313 0.00960396 -0.006039833
v 0.00267313 0.00960396 -0.005884231
v 0.002672528 0.009453394 -0.005884231
v -0.0047159 0.009454178 -0.005713033
v 0.002672528 0.009453394 -0.005713069
v 0.002672528 0.009453394 -0.005557468
v -0.0047159 0.009454178 -0.005557505
v -0.004715297 0.009604742 -0.005713033
v -0.004715297 0.009604742 -0.005557505
v 0.00267313 0.00960396 -0.005557468
v 0.00267313 0.00960396 -0.005713069
v 0.002672528 0.009453394 -0.005557468
v 0.00267313 0.00960396 -0.005557468
v -0.004715297 0.009604742 -0.005557505
v -0.0047159 0.009454178 -0.005557505
v -0.0047159 0.009454178 -0.005557505
v -0.004715297 0.009604742 -0.005557505
v -0.004715297 0.009604742 -0.005713033
v -0.0047159 0.009454178 -0.005713033
v -0.0047159 0.009454178 -0.005713033
v -0.004715297 0.009604742 -0.005713033
v 0.00267313 0.00960396 -0.005713069
v 0.002672528 0.009453394 -0.005713069
v 0.002672528 0.009453394 -0.005713069
v 0.00267313 0.00960396 -0.005713069
v 0.00267313 0.00960396 -0.005557468
v 0.002672528 0.009453394 -0.005557468
v -0.0047159 0.009454178 -0.005386269
v 0.002672528 0.009453394 -0.005386306
v 0.002672528 0.009453394 -0.005230704
v -0.0047159 0.009454178 -0.005230742
v -0.004715297 0.009604742 -0.005386269
v -0.004715297 0.009604742 -0.005230742
v 0.00267313 0.00960396 -0.005230704
v 0.00267313 0.00960396 -0.005386306
v 0.002672528 0.009453394 -0.005230704
v 0.00267313 0.00960396 -0.005230704
v -0.004715297 0.009604742 -0.005230742
v -0.0047159 0.009454178 -0.005230742
v -0.0047159 0.009454178 -0.005230742
v -0.004715297 0.009604742 -0.005230742
v -0.004715297 0.009604742 -0.005386269
v -0.0047159 0.009454178 -0.005386269
v -0.0047159 0.009454178 -0.005386269
v -0.004715297 0.009604742 -0.005386269
v 0.00267313 0.00960396 -0.005386306
v 0.002672528 0.009453394 -0.005386306
v 0.002672528 0.009453394 -0.005386306
v 0.00267313 0.00960396 -0.005386306
v 0.00267313 0.00960396 -0.005230704
v 0.002672528 0.009453394 -0.005230704
v -0.0047159 0.009454178 -0.005059506
v 0.002672528 0.009453394 -0.005059543
v 0.002672528 0.009453394 -0.004903941
v -0.0047159 0.009454178 -0.004903978
v -0.004715297 0.009604742 -0.005059506
v -0.004715297 0.009604742 -0.004903978
v 0.00267313 0.00960396 -0.004903941
v 0.00267313 0.00960396 -0.005059543
v 0.002672528 0.009453394 -0.004903941
v 0.00267313 0.00960396 -0.004903941
v -0.004715297 0.009604742 -0.004903978
v -0.0047159 0.009454178 -0.004903978
v -0.0047159 0.009454178 -0.004903978
v -0.004715297 0.009604742 -0.004903978
v -0.004715297 0.009604742 -0.005059506
v -0.0047159 0.009454178 -0.005059506
v -0.0047159 0.009454178 -0.005059506
v -0.004715297 0.009604742 -0.005059506
v 0.00267313 0.00960396 -0.005059543
v 0.002672528 0.009453394 -0.005059543
v 0.002672528 0.009453394 -0.005059543
v 0.00267313 0.00960396 -0.005059543
v 0.00267313 0.00960396 -0.004903941
v 0.002672528 0.009453394 -0.004903941
v -0.0047159 0.009454178 -0.004732742
v 0.002672528 0.009453394 -0.004732779
v 0.002672528 0.009453394 -0.004577178
v -0.0047159 0.009454178 -0.004577215
v -0.004715297 0.009604742 -0.004732742
v -0.004715297 0.009604742 -0.004577215
v 0.00267313 0.00960396 -0.004577178
v 0.00267313 0.00960396 -0.004732779
v 0.002672528 0.009453394 -0.004577178
v 0.00267313 0.00960396 -0.004577178
v -0.004715297 0.009604742 -0.004577215
v -0.0047159 0.009454178 -0.004577215
v -0.0047159 0.009454178 -0.004577215
v -0.004715297 0.009604742 -0.004577215
v -0.004715297 0.009604742 -0.004732742
v -0.0047159 0.009454178 -0.004732742
v -0.0047159 0.009454178 -0.004732742
v -0.004715297 0.009604742 -0.004732742
v 0.00267313 0.00960396 -0.004732779
v 0.002672528 0.009453394 -0.004732779
v 0.002672528 0.009453394 -0.004732779
v 0.00267313 0.00960396 -0.004732779
v 0.00267313 0.00960396 -0.004577178
v 0.002672528 0.009453394 -0.004577178
v -0.0047159 0.009454178 -0.004405979
v 0.002672528 0.009453394 -0.004406016
v 0.002672528 0.009453394 -0.004250414
v -0.0047159 0.009454178 -0.004250451
v -0.004715297 0.009604742 -0.004405979
v -0.004715297 0.009604742 -0.004250451
v 0.00267313 0.00960396 -0.004250414
v 0.00267313 0.00960396 -0.004406016
v 0.002672528 0.009453394 -0.004250414
v 0.00267313 0.00960396 -0.004250414
v -0.004715297 0.009604742 -0.004250451
v -0.0047159 0.009454178 -0.004250451
v -0.0047159 0.009454178 -0.004250451
v -0.004715297 0.009604742 -0.004250451
v -0.004715297 0.009604742 -0.004405979
v -0.0047159 0.009454178 -0.004405979
v -0.0047159 0.009454178 -0.004405979
v -0.004715297 0.009604742 -0.004405979
v 0.00267313 0.00960396 -0.004406016
v 0.002672528 0.009453394 -0.004406016
v 0.002672528 0.009453394 -0.004406016
v 0.00267313 0.00960396 -0.004406016
v 0.00267313 0.00960396 -0.004250414
v 0.002672528 0.009453394 -0.004250414
v -0.0047159 0.009454178 -0.004079215
v 0.002672528 0.009453394 -0.004079252
v 0.002672528 0.009453394 -0.003923651
v -0.0047159 0.009454178 -0.003923688
v -0.004715297 0.009604742 -0.004079215
v -0.004715297 0.009604742 -0.003923688
v 0.00267313 0.00960396 -0.003923651
v 0.00267313 0.00960396 -0.004079252
v 0.002672528 0.009453394 -0.003923651
v 0.00267313 0.00960396 -0.003923651
v -0.004715297 0.009604742 -0.003923688
v -0.0047159 0.009454178 -0.003923688
v -0.0047159 0.009454178 -0.003923688
v -0.004715297 0.009604742 -0.003923688
v -0.004715297 0.009604742 -0.004079215
v -0.0047159 0.009454178 -0.004079215
v -0.0047159 0.009454178 -0.004079215
v -0.004715297 0.009604742 -0.004079215
v 0.00267313 0.00960396 -0.004079252
v 0.002672528 0.009453394 -0.004079252
v 0.002672528 0.009453394 -0.004079252
v 0.00267313 0.00960396 -0.004079252
v 0.00267313 0.00960396 -0.003923651
v 0.002672528 0.009453394 -0.003923651
v -0.0047159 0.009454178 -0.003752452
v 0.002672528 0.009453394 -0.003752489
v 0.002672528 0.009453394 -0.003596887
v -0.0047159 0.009454178 -0.003596924
v -0.004715297 0.009604742 -0.003752452
v -0.004715297 0.009604742 -0.003596924
v 0.00267313 0.00960396 -0.003596887
v 0.00267313 0.00960396 -0.003752489
v 0.002672528 0.009453394 -0.003596887
v 0.00267313 0.00960396 -0.003596887
v -0.004715297 0.009604742 -0.003596924
v -0.0047159 0.009454178 -0.003596924
v -0.0047159 0.009454178 -0.003596924
v -0.004715297 0.009604742 -0.003596924
v -0.004715297 0.009604742 -0.003752452
v -0.0047159 0.009454178 -0.003752452
v -0.0047159 0.009454178 -0.003752452
v -0.004715297 0.009604742 -0.003752452
v 0.00267313 0.00960396 -0.003752489
v 0.002672528 0.009453394 -0.003752489
v 0.002672528 0.009453394 -0.003752489
v 0.00267313 0.00960396 -0.003752489
v 0.00267313 0.00960396 -0.003596887
v 0.002672528 0.009453394 -0.003596887
v -0.0047159 0.009454178 -0.003425689
v 0.002672528 0.009453394 -0.003425726
v 0.002672528 0.009453394 -0.003270124
v -0.0047159 0.009454178 -0.003270161
v -0.004715297 0.009604742 -0.003425689
v -0.004715297 0.009604742 -0.003270161
v 0.00267313 0.00960396 -0.003270124
v 0.00267313 0.00960396 -0.003425726
v 0.002672528 0.009453394 -0.003270124
v 0.00267313 0.00960396 -0.003270124
v -0.004715297 0.009604742 -0.003270161
v -0.0047159 0.009454178 -0.003270161
v -0.0047159 0.009454178 -0.003270161
v -0.004715297 0.009604742 -0.003270161
v -0.004715297 0.009604742 -0.003425689
v -0.0047159 0.009454178 -0.003425689
v -0.0047159 0.009454178 -0.003425689
v -0.004715297 0.009604742 -0.003425689
v 0.00267313 0.00960396 -0.003425726
v 0.002672528 0.009453394 -0.003425726
v 0.002672528 0.009453394 -0.003425726
v 0.00267313 0.00960396 -0.003425726
v 0.00267313 0.00960396 -0.003270124
v 0.002672528 0.009453394 -0.003270124
v -0.0047159 0.009454178 -0.003098925
v 0.002672528 0.009453394 -0.003098962
v 0.002672528 0.009453394 -0.002943361
v -0.0047159 0.009454178 -0.002943398
v -0.004715297 0.009604742 -0.003098925
v -0.004715297 0.009604742 -0.002943398
v 0.00267313 0.00960396 -0.002943361
v 0.00267313 0.00960396 -0.003098962
v 0.002672528 0.009453394 -0.002943361
v 0.00267313 0.00960396 -0.002943361
v -0.004715297 0.009604742 -0.002943398
v -0.0047159 0.009454178 -0.002943398
v -0.0047159 0.009454178 -0.002943398
v -0.004715297 0.009604742 -0.002943398
v -0.004715297 0.009604742 -0.003098925
v -0.0047159 0.009454178 -0.003098925
v -0.0047159 0.009454178 -0.003098925
v -0.004715297 0.009604742 -0.003098925
v 0.00267313 0.00960396 -0.003098962
v 0.002672528 0.009453394 -0.003098962
v 0.002672528 0.009453394 -0.003098962
v 0.00267313 0.00960396 -0.003098962
v 0.00267313 0.00960396 -0.002943361
v 0.002672528 0.009453394 -0.002943361
v -0.0047159 0.009454178 -0.002772162
v 0.002672528 0.009453394 -0.002772199
v 0.002672528 0.009453394 -0.002616597
v -0.0047159 0.009454178 -0.002616634
v -0.004715297 0.009604742 -0.002772162
v -0.004715297 0.009604742 -0.002616634
v 0.00267313 0.00960396 -0.002616597
v 0.00267313 0.00960396 -0.002772199
v 0.002672528 0.009453394 -0.002616597
v 0.00267313 0.00960396 -0.002616597
v -0.004715297 0.009604742 -0.002616634
v -0.0047159 0.009454178 -0.002616634
v -0.0047159 0.009454178 -0.002616634
v -0.004715297 0.009604742 -0.002616634
v -0.004715297 0.009604742 -0.002772162
v -0.0047159 0.009454178 -0.002772162
v -0.0047159 0.009454178 -0.002772162
v -0.004715297 0.009604742 -0.002772162
v 0.00267313 0.00960396 -0.002772199
v 0.002672528 0.009453394 -0.002772199
v 0.002672528 0.009453394 -0.002772199
v 0.00267313 0.00960396 -0.002772199
v 0.00267313 0.00960396 -0.002616597
v 0.002672528 0.009453394 -0.002616597
v -0.0047159 0.009454178 -0.002445399
v 0.002672528 0.009453394 -0.002445435
v 0.002672528 0.009453394 -0.002289834
v -0.0047159 0.009454178 -0.002289871
v -0.004715297 0.009604742 -0.002445399
v -0.004715297 0.009604742 -0.002289871
v 0.00267313 0.00960396 -0.002289834
v 0.00267313 0.00960396 -0.002445435
v 0.002672528 0.009453394 -0.002289834
v 0.00267313 0.00960396 -0.002289834
v -0.004715297 0.009604742 -0.002289871
v -0.0047159 0.009454178 -0.002289871
v -0.0047159 0.009454178 -0.002289871
v -0.004715297 0.009604742 -0.002289871
v -0.004715297 0.009604742 -0.002445399
v -0.0047159 0.009454178 -0.002445399
v -0.0047159 0.009454178 -0.002445399
v -0.004715297 0.009604742 -0.002445399
v 0.00267313 0.00960396 -0.002445435
v 0.002672528 0.009453394 -0.002445435
v 0.002672528 0.009453394 -0.002445435
v 0.00267313 0.00960396 -0.002445435
v 0.00267313 0.00960396 -0.002289834
v 0.002672528 0.009453394 -0.002289834
v -0.0047159 0.009454178 -0.002118635
v 0.002672528 0.009453394 -0.002118672
v 0.002672528 0.009453394 -0.001963071
v -0.0047159 0.009454178 -0.001963108
v -0.004715297 0.009604742 -0.002118635
v -0.004715297 0.009604742 -0.001963108
v 0.00267313 0.00960396 -0.001963071
v 0.00267313 0.00960396 -0.002118672
v 0.002672528 0.009453394 -0.001963071
v 0.00267313 0.00960396 -0.001963071
v -0.004715297 0.009604742 -0.001963108
v -0.0047159 0.009454178 -0.001963108
v -0.0047159 0.009454178 -0.001963108
v -0.004715297 0.009604742 -0.001963108
v -0.004715297 0.009604742 -0.002118635
v -0.0047159 0.009454178 -0.002118635
v -0.0047159 0.009454178 -0.002118635
v -0.004715297 0.009604742 -0.002118635
v 0.00267313 0.00960396 -0.002118672
v 0.002672528 0.009453394 -0.002118672
v 0.002672528 0.009453394 -0.002118672
v 0.00267313 0.00960396 -0.002118672
v 0.00267313 0.00960396 -0.001963071
v 0.002672528 0.009453394 -0.001963071
v -0.0047159 0.009454178 -0.001791872
v 0.002672528 0.009453394 -0.001791909
v 0.002672528 0.009453394 -0.001636307
v -0.0047159 0.009454178 -0.001636344
v -0.004715297 0.009604742 -0.001791872
v -0.004715297 0.009604742 -0.001636344
v 0.00267313 0.00960396 -0.001636307
v 0.00267313 0.00960396 -0.001791909
v 0.002672528 0.009453394 -0.001636307
v 0.00267313 0.00960396 -0.001636307
v -0.004715297 0.009604742 -0.001636344
v -0.0047159 0.009454178 -0.001636344
v -0.0047159 0.009454178 -0.001636344
v -0.004715297 0.009604742 -0.001636344
v -0.004715297 0.009604742 -0.001791872
v -0.0047159 0.009454178 -0.001791872
v -0.0047159 0.009454178 -0.001791872
v -0.004715297 0.009604742 -0.001791872
v 0.00267313 0.00960396 -0.001791909
v 0.002672528 0.009453394 -0.001791909
v 0.002672528 0.009453394 -0.001791909
v 0.00267313 0.00960396 -0.001791909
v 0.00267313 0.00960396 -0.001636307
v 0.002672528 0.009453394 -0.001636307
v -0.0047159 0.009454178 -0.001465108
v 0.002672528 0.009453394 -0.001465145
v 0.002672528 0.009453394 -0.001309544
v -0.0047159 0.009454178 -0.001309581
v -0.004715297 0.009604742 -0.001465108
v -0.004715297 0.009604742 -0.001309581
v 0.00267313 0.00960396 -0.001309544
v 0.00267313 0.00960396 -0.001465145
v 0.002672528 0.009453394 -0.001309544
v 0.00267313 0.00960396 -0.001309544
v -0.004715297 0.009604742 -0.001309581
v -0.0047159 0.009454178 -0.001309581
v -0.0047159 0.009454178 -0.001309581
v -0.004715297 0.009604742 -0.001309581
v -0.004715297 0.009604742 -0.001465108
v -0.0047159 0.009454178 -0.001465108
v -0.0047159 0.009454178 -0.001465108
v -0.004715297 0.009604742 -0.001465108
v 0.00267313 0.00960396 -0.001465145
v 0.002672528 0.009453394 -0.001465145
v 0.002672528 0.009453394 -0.001465145
v 0.00267313 0.00960396 -0.001465145
v 0.00267313 0.00960396 -0.001309544
v 0.002672528 0.009453394 -0.001309544
v -0.0047159 0.009454178 -0.001138345
v 0.002672528 0.009453394 -0.001138382
v 0.002672528 0.009453394 -0.0009827805
v -0.0047159 0.009454178 -0.0009828174
v -0.004715297 0.009604742 -0.001138345
v -0.004715297 0.009604742 -0.0009828174
v 0.00267313 0.00960396 -0.0009827805
v 0.00267313 0.00960396 -0.001138382
v 0.002672528 0.009453394 -0.0009827805
v 0.00267313 0.00960396 -0.0009827805
v -0.004715297 0.009604742 -0.0009828174
v -0.0047159 0.009454178 -0.0009828174
v -0.0047159 0.009454178 -0.0009828174
v -0.004715297 0.009604742 -0.0009828174
v -0.004715297 0.009604742 -0.001138345
v -0.0047159 0.009454178 -0.001138345
v -0.0047159 0.009454178 -0.001138345
v -0.004715297 0.009604742 -0.001138345
v 0.00267313 0.00960396 -0.001138382
v 0.002672528 0.009453394 -0.001138382
v 0.002672528 0.009453394 -0.001138382
v 0.00267313 0.00960396 -0.001138382
v 0.00267313 0.00960396 -0.0009827805
v 0.002672528 0.009453394 -0.0009827805
v -0.0047159 0.009454178 -0.0008115816
v 0.002672528 0.009453394 -0.0008116185
v 0.002672528 0.009453394 -0.000656017
v -0.0047159 0.009454178 -0.000656054
v -0.004715297 0.009604742 -0.0008115816
v -0.004715297 0.009604742 -0.000656054
v 0.00267313 0.00960396 -0.000656017
v 0.00267313 0.00960396 -0.0008116185
v 0.002672528 0.009453394 -0.000656017
v 0.00267313 0.00960396 -0.000656017
v -0.004715297 0.009604742 -0.000656054
v -0.0047159 0.009454178 -0.000656054
v -0.0047159 0.009454178 -0.000656054
v -0.004715297 0.009604742 -0.000656054
v -0.004715297 0.009604742 -0.0008115816
v -0.0047159 0.009454178 -0.0008115816
v -0.0047159 0.009454178 -0.0008115816
v -0.004715297 0.009604742 -0.0008115816
v 0.00267313 0.00960396 -0.0008116185
v 0.002672528 0.009453394 -0.0008116185
v 0.002672528 0.009453394 -0.0008116185
v 0.00267313 0.00960396 -0.0008116185
v 0.00267313 0.00960396 -0.000656017
v 0.002672528 0.009453394 -0.000656017
v -0.0047159 0.009454178 -0.0004848182
v 0.002672528 0.009453394 -0.0004848552
v 0.002672528 0.009453394 -0.0003292537
v -0.0047159 0.009454178 -0.0003292906
v -0.004715297 0.009604742 -0.0004848182
v -0.004715297 0.009604742 -0.0003292906
v 0.00267313 0.00960396 -0.0003292537
v 0.00267313 0.00960396 -0.0004848552
v 0.002672528 0.009453394 -0.0003292537
v 0.00267313 0.00960396 -0.0003292537
v -0.004715297 0.009604742 -0.0003292906
v -0.0047159 0.009454178 -0.0003292906
v -0.0047159 0.009454178 -0.0003292906
v -0.004715297 0.009604742 -0.0003292906
v -0.004715297 0.009604742 -0.0004848182
v -0.0047159 0.009454178 -0.0004848182
v -0.0047159 0.009454178 -0.0004848182
v -0.004715297 0.009604742 -0.0004848182
v 0.00267313 0.00960396 -0.0004848552
v 0.002672528 0.009453394 -0.0004848552
v 0.002672528 0.009453394 -0.0004848552
v 0.00267313 0.00960396 -0.0004848552
v 0.00267313 0.00960396 -0.0003292537
v 0.002672528 0.009453394 -0.0003292537
v -0.0047159 0.009454178 -0.0001580548
v 0.002672528 0.009453394 -0.0001580918
v 0.002672528 0.009453394 -2.490282E-06
v -0.0047159 0.009454178 -2.527237E-06
v -0.004715297 0.009604742 -0.0001580548
v -0.004715297 0.009604742 -2.527237E-06
v 0.00267313 0.00960396 -2.490282E-06
v 0.00267313 0.00960396 -0.0001580918
v 0.002672528 0.009453394 -2.490282E-06
v 0.00267313 0.00960396 -2.490282E-06
v -0.004715297 0.009604742 -2.527237E-06
v -0.0047159 0.009454178 -2.527237E-06
v -0.0047159 0.009454178 -2.527237E-06
v -0.004715297 0.009604742 -2.527237E-06
v -0.004715297 0.009604742 -0.0001580548
v -0.0047159 0.009454178 -0.0001580548
v -0.0047159 0.009454178 -0.0001580548
v -0.004715297 0.009604742 -0.0001580548
v 0.00267313 0.00960396 -0.0001580918
v 0.002672528 0.009453394 -0.0001580918
v 0.002672528 0.009453394 -0.0001580918
v 0.00267313 0.00960396 -0.0001580918
v 0.00267313 0.00960396 -2.490282E-06
v 0.002672528 0.009453394 -2.490282E-06
v -0.0047159 0.009454178 0.0001687086
v 0.002672528 0.009453394 0.0001686716
v 0.002672528 0.009453394 0.0003242731
v -0.0047159 0.009454178 0.0003242361
v -0.004715297 0.009604742 0.0001687086
v -0.004715297 0.009604742 0.0003242361
v 0.00267313 0.00960396 0.0003242731
v 0.00267313 0.00960396 0.0001686716
v 0.002672528 0.009453394 0.0003242731
v 0.00267313 0.00960396 0.0003242731
v -0.004715297 0.009604742 0.0003242361
v -0.0047159 0.009454178 0.0003242361
v -0.0047159 0.009454178 0.0003242361
v -0.004715297 0.009604742 0.0003242361
v -0.004715297 0.009604742 0.0001687086
v -0.0047159 0.009454178 0.0001687086
v -0.0047159 0.009454178 0.0001687086
v -0.004715297 0.009604742 0.0001687086
v 0.00267313 0.00960396 0.0001686716
v 0.002672528 0.009453394 0.0001686716
v 0.002672528 0.009453394 0.0001686716
v 0.00267313 0.00960396 0.0001686716
v 0.00267313 0.00960396 0.0003242731
v 0.002672528 0.009453394 0.0003242731
v -0.0047159 0.009454178 0.0004954719
v 0.002672528 0.009453394 0.000495435
v 0.002672528 0.009453394 0.0006510365
v -0.0047159 0.009454178 0.0006509995
v -0.004715297 0.009604742 0.0004954719
v -0.004715297 0.009604742 0.0006509995
v 0.00267313 0.00960396 0.0006510365
v 0.00267313 0.00960396 0.000495435
v 0.002672528 0.009453394 0.0006510365
v 0.00267313 0.00960396 0.0006510365
v -0.004715297 0.009604742 0.0006509995
v -0.0047159 0.009454178 0.0006509995
v -0.0047159 0.009454178 0.0006509995
v -0.004715297 0.009604742 0.0006509995
v -0.004715297 0.009604742 0.0004954719
v -0.0047159 0.009454178 0.0004954719
v -0.0047159 0.009454178 0.0004954719
v -0.004715297 0.009604742 0.0004954719
v 0.00267313 0.00960396 0.000495435
v 0.002672528 0.009453394 0.000495435
v 0.002672528 0.009453394 0.000495435
v 0.00267313 0.00960396 0.000495435
v 0.00267313 0.00960396 0.0006510365
v 0.002672528 0.009453394 0.0006510365
v -0.0047159 0.009454178 0.0008222353
v 0.002672528 0.009453394 0.0008221983
v 0.002672528 0.009453394 0.0009777999
v -0.0047159 0.009454178 0.0009777629
v -0.004715297 0.009604742 0.0008222353
v -0.004715297 0.009604742 0.0009777629
v 0.00267313 0.00960396 0.0009777999
v 0.00267313 0.00960396 0.0008221983
v 0.002672528 0.009453394 0.0009777999
v 0.00267313 0.00960396 0.0009777999
v -0.004715297 0.009604742 0.0009777629
v -0.0047159 0.009454178 0.0009777629
v -0.0047159 0.009454178 0.0009777629
v -0.004715297 0.009604742 0.0009777629
v -0.004715297 0.009604742 0.0008222353
v -0.0047159 0.009454178 0.0008222353
v -0.0047159 0.009454178 0.0008222353
v -0.004715297 0.009604742 0.0008222353
v 0.00267313 0.00960396 0.0008221983
v 0.002672528 0.009453394 0.0008221983
v 0.002672528 0.009453394 0.0008221983
v 0.00267313 0.00960396 0.0008221983
v 0.00267313 0.00960396 0.0009777999
v 0.002672528 0.009453394 0.0009777999
v -0.0047159 0.009454178 0.001148999
v 0.002672528 0.009453394 0.001148962
v 0.002672528 0.009453394 0.001304563
v -0.0047159 0.009454178 0.001304526
v -0.004715297 0.009604742 0.001148999
v -0.004715297 0.009604742 0.001304526
v 0.00267313 0.00960396 0.001304563
v 0.00267313 0.00960396 0.001148962
v 0.002672528 0.009453394 0.001304563
v 0.00267313 0.00960396 0.001304563
v -0.004715297 0.009604742 0.001304526
v -0.0047159 0.009454178 0.001304526
v -0.0047159 0.009454178 0.001304526
v -0.004715297 0.009604742 0.001304526
v -0.004715297 0.009604742 0.001148999
v -0.0047159 0.009454178 0.001148999
v -0.0047159 0.009454178 0.001148999
v -0.004715297 0.009604742 0.001148999
v 0.00267313 0.00960396 0.001148962
v 0.002672528 0.009453394 0.001148962
v 0.002672528 0.009453394 0.001148962
v 0.00267313 0.00960396 0.001148962
v 0.00267313 0.00960396 0.001304563
v 0.002672528 0.009453394 0.001304563
v -0.0047159 0.009454178 0.001475762
v 0.002672528 0.009453394 0.001475725
v 0.002672528 0.009453394 0.001631327
v -0.0047159 0.009454178 0.00163129
v -0.004715297 0.009604742 0.001475762
v -0.004715297 0.009604742 0.00163129
v 0.00267313 0.00960396 0.001631327
v 0.00267313 0.00960396 0.001475725
v 0.002672528 0.009453394 0.001631327
v 0.00267313 0.00960396 0.001631327
v -0.004715297 0.009604742 0.00163129
v -0.0047159 0.009454178 0.00163129
v -0.0047159 0.009454178 0.00163129
v -0.004715297 0.009604742 0.00163129
v -0.004715297 0.009604742 0.001475762
v -0.0047159 0.009454178 0.001475762
v -0.0047159 0.009454178 0.001475762
v -0.004715297 0.009604742 0.001475762
v 0.00267313 0.00960396 0.001475725
v 0.002672528 0.009453394 0.001475725
v 0.002672528 0.009453394 0.001475725
v 0.00267313 0.00960396 0.001475725
v 0.00267313 0.00960396 0.001631327
v 0.002672528 0.009453394 0.001631327
v -0.0047159 0.009454178 0.001802525
v 0.002672528 0.009453394 0.001802489
v 0.002672528 0.009453394 0.00195809
v -0.0047159 0.009454178 0.001958053
v -0.004715297 0.009604742 0.001802525
v -0.004715297 0.009604742 0.001958053
v 0.00267313 0.00960396 0.00195809
v 0.00267313 0.00960396 0.001802489
v 0.002672528 0.009453394 0.00195809
v 0.00267313 0.00960396 0.00195809
v -0.004715297 0.009604742 0.001958053
v -0.0047159 0.009454178 0.001958053
v -0.0047159 0.009454178 0.001958053
v -0.004715297 0.009604742 0.001958053
v -0.004715297 0.009604742 0.001802525
v -0.0047159 0.009454178 0.001802525
v -0.0047159 0.009454178 0.001802525
v -0.004715297 0.009604742 0.001802525
v 0.00267313 0.00960396 0.001802489
v 0.002672528 0.009453394 0.001802489
v 0.002672528 0.009453394 0.001802489
v 0.00267313 0.00960396 0.001802489
v 0.00267313 0.00960396 0.00195809
v 0.002672528 0.009453394 0.00195809
v -0.0047159 0.009454178 0.002129289
v 0.002672528 0.009453394 0.002129252
v 0.002672528 0.009453394 0.002284853
v -0.0047159 0.009454178 0.002284816
v -0.004715297 0.009604742 0.002129289
v -0.004715297 0.009604742 0.002284816
v 0.00267313 0.00960396 0.002284853
v 0.00267313 0.00960396 0.002129252
v 0.002672528 0.009453394 0.002284853
v 0.00267313 0.00960396 0.002284853
v -0.004715297 0.009604742 0.002284816
v -0.0047159 0.009454178 0.002284816
v -0.0047159 0.009454178 0.002284816
v -0.004715297 0.009604742 0.002284816
v -0.004715297 0.009604742 0.002129289
v -0.0047159 0.009454178 0.002129289
v -0.0047159 0.009454178 0.002129289
v -0.004715297 0.009604742 0.002129289
v 0.00267313 0.00960396 0.002129252
v 0.002672528 0.009453394 0.002129252
v 0.002672528 0.009453394 0.002129252
v 0.00267313 0.00960396 0.002129252
v 0.00267313 0.00960396 0.002284853
v 0.002672528 0.009453394 0.002284853
v -0.0047159 0.009454178 0.002456052
v 0.002672528 0.009453394 0.002456015
v 0.002672528 0.009453394 0.002611617
v -0.0047159 0.009454178 0.00261158
v -0.004715297 0.009604742 0.002456052
v -0.004715297 0.009604742 0.00261158
v 0.00267313 0.00960396 0.002611617
v 0.00267313 0.00960396 0.002456015
v 0.002672528 0.009453394 0.002611617
v 0.00267313 0.00960396 0.002611617
v -0.004715297 0.009604742 0.00261158
v -0.0047159 0.009454178 0.00261158
v -0.0047159 0.009454178 0.00261158
v -0.004715297 0.009604742 0.00261158
v -0.004715297 0.009604742 0.002456052
v -0.0047159 0.009454178 0.002456052
v -0.0047159 0.009454178 0.002456052
v -0.004715297 0.009604742 0.002456052
v 0.00267313 0.00960396 0.002456015
v 0.002672528 0.009453394 0.002456015
v 0.002672528 0.009453394 0.002456015
v 0.00267313 0.00960396 0.002456015
v 0.00267313 0.00960396 0.002611617
v 0.002672528 0.009453394 0.002611617
v -0.0047159 0.009454178 0.002782816
v 0.002672528 0.009453394 0.002782779
v 0.002672528 0.009453394 0.00293838
v -0.0047159 0.009454178 0.002938343
v -0.004715297 0.009604742 0.002782816
v -0.004715297 0.009604742 0.002938343
v 0.00267313 0.00960396 0.00293838
v 0.00267313 0.00960396 0.002782779
v 0.002672528 0.009453394 0.00293838
v 0.00267313 0.00960396 0.00293838
v -0.004715297 0.009604742 0.002938343
v -0.0047159 0.009454178 0.002938343
v -0.0047159 0.009454178 0.002938343
v -0.004715297 0.009604742 0.002938343
v -0.004715297 0.009604742 0.002782816
v -0.0047159 0.009454178 0.002782816
v -0.0047159 0.009454178 0.002782816
v -0.004715297 0.009604742 0.002782816
v 0.00267313 0.00960396 0.002782779
v 0.002672528 0.009453394 0.002782779
v 0.002672528 0.009453394 0.002782779
v 0.00267313 0.00960396 0.002782779
v 0.00267313 0.00960396 0.00293838
v 0.002672528 0.009453394 0.00293838
v -0.0047159 0.009454178 0.003109579
v 0.002672528 0.009453394 0.003109542
v 0.002672528 0.009453394 0.003265144
v -0.0047159 0.009454178 0.003265107
v -0.004715297 0.009604742 0.003109579
v -0.004715297 0.009604742 0.003265107
v 0.00267313 0.00960396 0.003265144
v 0.00267313 0.00960396 0.003109542
v 0.002672528 0.009453394 0.003265144
v 0.00267313 0.00960396 0.003265144
v -0.004715297 0.009604742 0.003265107
v -0.0047159 0.009454178 0.003265107
v -0.0047159 0.009454178 0.003265107
v -0.004715297 0.009604742 0.003265107
v -0.004715297 0.009604742 0.003109579
v -0.0047159 0.009454178 0.003109579
v -0.0047159 0.009454178 0.003109579
v -0.004715297 0.009604742 0.003109579
v 0.00267313 0.00960396 0.003109542
v 0.002672528 0.009453394 0.003109542
v 0.002672528 0.009453394 0.003109542
v 0.00267313 0.00960396 0.003109542
v 0.00267313 0.00960396 0.003265144
v 0.002672528 0.009453394 0.003265144
v -0.0047159 0.009454178 0.003436342
v 0.002672528 0.009453394 0.003436306
v 0.002672528 0.009453394 0.003591907
v -0.0047159 0.009454178 0.00359187
v -0.004715297 0.009604742 0.003436342
v -0.004715297 0.009604742 0.00359187
v 0.00267313 0.00960396 0.003591907
v 0.00267313 0.00960396 0.003436306
v 0.002672528 0.009453394 0.003591907
v 0.00267313 0.00960396 0.003591907
v -0.004715297 0.009604742 0.00359187
v -0.0047159 0.009454178 0.00359187
v -0.0047159 0.009454178 0.00359187
v -0.004715297 0.009604742 0.00359187
v -0.004715297 0.009604742 0.003436342
v -0.0047159 0.009454178 0.003436342
v -0.0047159 0.009454178 0.003436342
v -0.004715297 0.009604742 0.003436342
v 0.00267313 0.00960396 0.003436306
v 0.002672528 0.009453394 0.003436306
v 0.002672528 0.009453394 0.003436306
v 0.00267313 0.00960396 0.003436306
v 0.00267313 0.00960396 0.003591907
v 0.002672528 0.009453394 0.003591907
v -0.0047159 0.009454178 0.003763106
v 0.002672528 0.009453394 0.003763069
v 0.002672528 0.009453394 0.00391867
v -0.0047159 0.009454178 0.003918633
v -0.004715297 0.009604742 0.003763106
v -0.004715297 0.009604742 0.003918633
v 0.00267313 0.00960396 0.00391867
v 0.00267313 0.00960396 0.003763069
v 0.002672528 0.009453394 0.00391867
v 0.00267313 0.00960396 0.00391867
v -0.004715297 0.009604742 0.003918633
v -0.0047159 0.009454178 0.003918633
v -0.0047159 0.009454178 0.003918633
v -0.004715297 0.009604742 0.003918633
v -0.004715297 0.009604742 0.003763106
v -0.0047159 0.009454178 0.003763106
v -0.0047159 0.009454178 0.003763106
v -0.004715297 0.009604742 0.003763106
v 0.00267313 0.00960396 0.003763069
v 0.002672528 0.009453394 0.003763069
v 0.002672528 0.009453394 0.003763069
v 0.00267313 0.00960396 0.003763069
v 0.00267313 0.00960396 0.00391867
v 0.002672528 0.009453394 0.00391867
v -0.0047159 0.009454178 0.004089869
v 0.002672528 0.009453394 0.004089832
v 0.002672528 0.009453394 0.004245433
v -0.0047159 0.009454178 0.004245397
v -0.004715297 0.009604742 0.004089869
v -0.004715297 0.009604742 0.004245397
v 0.00267313 0.00960396 0.004245433
v 0.00267313 0.00960396 0.004089832
v 0.002672528 0.009453394 0.004245433
v 0.00267313 0.00960396 0.004245433
v -0.004715297 0.009604742 0.004245397
v -0.0047159 0.009454178 0.004245397
v -0.0047159 0.009454178 0.004245397
v -0.004715297 0.009604742 0.004245397
v -0.004715297 0.009604742 0.004089869
v -0.0047159 0.009454178 0.004089869
v -0.0047159 0.009454178 0.004089869
v -0.004715297 0.009604742 0.004089869
v 0.00267313 0.00960396 0.004089832
v 0.002672528 0.009453394 0.004089832
v 0.002672528 0.009453394 0.004089832
v 0.00267313 0.00960396 0.004089832
v 0.00267313 0.00960396 0.004245433
v 0.002672528 0.009453394 0.004245433
v -0.0047159 0.009454178 0.004416632
v 0.002672528 0.009453394 0.004416596
v 0.002672528 0.009453394 0.004572197
v -0.0047159 0.009454178 0.00457216
v -0.004715297 0.009604742 0.004416632
v -0.004715297 0.009604742 0.00457216
v 0.00267313 0.00960396 0.004572197
v 0.00267313 0.00960396 0.004416596
v 0.002672528 0.009453394 0.004572197
v 0.00267313 0.00960396 0.004572197
v -0.004715297 0.009604742 0.00457216
v -0.0047159 0.009454178 0.00457216
v -0.0047159 0.009454178 0.00457216
v -0.004715297 0.009604742 0.00457216
v -0.004715297 0.009604742 0.004416632
v -0.0047159 0.009454178 0.004416632
v -0.0047159 0.009454178 0.004416632
v -0.004715297 0.009604742 0.004416632
v 0.00267313 0.00960396 0.004416596
v 0.002672528 0.009453394 0.004416596
v 0.002672528 0.009453394 0.004416596
v 0.00267313 0.00960396 0.004416596
v 0.00267313 0.00960396 0.004572197
v 0.002672528 0.009453394 0.004572197
v -0.0047159 0.009454178 0.004743396
v 0.002672528 0.009453394 0.004743359
v 0.002672528 0.009453394 0.004898961
v -0.0047159 0.009454178 0.004898923
v -0.004715297 0.009604742 0.004743396
v -0.004715297 0.009604742 0.004898923
v 0.00267313 0.00960396 0.004898961
v 0.00267313 0.00960396 0.004743359
v 0.002672528 0.009453394 0.004898961
v 0.00267313 0.00960396 0.004898961
v -0.004715297 0.009604742 0.004898923
v -0.0047159 0.009454178 0.004898923
v -0.0047159 0.009454178 0.004898923
v -0.004715297 0.009604742 0.004898923
v -0.004715297 0.009604742 0.004743396
v -0.0047159 0.009454178 0.004743396
v -0.0047159 0.009454178 0.004743396
v -0.004715297 0.009604742 0.004743396
v 0.00267313 0.00960396 0.004743359
v 0.002672528 0.009453394 0.004743359
v 0.002672528 0.009453394 0.004743359
v 0.00267313 0.00960396 0.004743359
v 0.00267313 0.00960396 0.004898961
v 0.002672528 0.009453394 0.004898961
v -0.0047159 0.009454178 0.005070159
v 0.002672528 0.009453394 0.005070122
v 0.002672528 0.009453394 0.005225724
v -0.0047159 0.009454178 0.005225687
v -0.004715297 0.009604742 0.005070159
v -0.004715297 0.009604742 0.005225687
v 0.00267313 0.00960396 0.005225724
v 0.00267313 0.00960396 0.005070122
v 0.002672528 0.009453394 0.005225724
v 0.00267313 0.00960396 0.005225724
v -0.004715297 0.009604742 0.005225687
v -0.0047159 0.009454178 0.005225687
v -0.0047159 0.009454178 0.005225687
v -0.004715297 0.009604742 0.005225687
v -0.004715297 0.009604742 0.005070159
v -0.0047159 0.009454178 0.005070159
v -0.0047159 0.009454178 0.005070159
v -0.004715297 0.009604742 0.005070159
v 0.00267313 0.00960396 0.005070122
v 0.002672528 0.009453394 0.005070122
v 0.002672528 0.009453394 0.005070122
v 0.00267313 0.00960396 0.005070122
v 0.00267313 0.00960396 0.005225724
v 0.002672528 0.009453394 0.005225724
v -0.0047159 0.009454178 0.005396923
v 0.002672528 0.009453394 0.005396886
v 0.002672528 0.009453394 0.005552487
v -0.0047159 0.009454178 0.00555245
v -0.004715297 0.009604742 0.005396923
v -0.004715297 0.009604742 0.00555245
v 0.00267313 0.00960396 0.005552487
v 0.00267313 0.00960396 0.005396886
v 0.002672528 0.009453394 0.005552487
v 0.00267313 0.00960396 0.005552487
v -0.004715297 0.009604742 0.00555245
v -0.0047159 0.009454178 0.00555245
v -0.0047159 0.009454178 0.00555245
v -0.004715297 0.009604742 0.00555245
v -0.004715297 0.009604742 0.005396923
v -0.0047159 0.009454178 0.005396923
v -0.0047159 0.009454178 0.005396923
v -0.004715297 0.009604742 0.005396923
v 0.00267313 0.00960396 0.005396886
v 0.002672528 0.009453394 0.005396886
v 0.002672528 0.009453394 0.005396886
v 0.00267313 0.00960396 0.005396886
v 0.00267313 0.00960396 0.005552487
v 0.002672528 0.009453394 0.005552487
v -0.0047159 0.009454178 0.005723686
v 0.002672528 0.009453394 0.005723649
v 0.002672528 0.009453394 0.005879251
v -0.0047159 0.009454178 0.005879214
v -0.004715297 0.009604742 0.005723686
v -0.004715297 0.009604742 0.005879214
v 0.00267313 0.00960396 0.005879251
v 0.00267313 0.00960396 0.005723649
v 0.002672528 0.009453394 0.005879251
v 0.00267313 0.00960396 0.005879251
v -0.004715297 0.009604742 0.005879214
v -0.0047159 0.009454178 0.005879214
v -0.0047159 0.009454178 0.005879214
v -0.004715297 0.009604742 0.005879214
v -0.004715297 0.009604742 0.005723686
v -0.0047159 0.009454178 0.005723686
v -0.0047159 0.009454178 0.005723686
v -0.004715297 0.009604742 0.005723686
v 0.00267313 0.00960396 0.005723649
v 0.002672528 0.009453394 0.005723649
v 0.002672528 0.009453394 0.005723649
v 0.00267313 0.00960396 0.005723649
v 0.00267313 0.00960396 0.005879251
v 0.002672528 0.009453394 0.005879251
v -0.0047159 0.009454178 0.006050449
v 0.002672528 0.009453394 0.006050413
v 0.002672528 0.009453394 0.006206014
v -0.0047159 0.009454178 0.006205977
v -0.004715297 0.009604742 0.006050449
v -0.004715297 0.009604742 0.006205977
v 0.00267313 0.00960396 0.006206014
v 0.00267313 0.00960396 0.006050413
v 0.002672528 0.009453394 0.006206014
v 0.00267313 0.00960396 0.006206014
v -0.004715297 0.009604742 0.006205977
v -0.0047159 0.009454178 0.006205977
v -0.0047159 0.009454178 0.006205977
v -0.004715297 0.009604742 0.006205977
v -0.004715297 0.009604742 0.006050449
v -0.0047159 0.009454178 0.006050449
v -0.0047159 0.009454178 0.006050449
v -0.004715297 0.009604742 0.006050449
v 0.00267313 0.00960396 0.006050413
v 0.002672528 0.009453394 0.006050413
v 0.002672528 0.009453394 0.006050413
v 0.00267313 0.00960396 0.006050413
v 0.00267313 0.00960396 0.006206014
v 0.002672528 0.009453394 0.006206014
v -0.0047159 0.009454178 0.006377213
v 0.002672528 0.009453394 0.006377176
v 0.002672528 0.009453394 0.006532778
v -0.0047159 0.009454178 0.00653274
v -0.004715297 0.009604742 0.006377213
v -0.004715297 0.009604742 0.00653274
v 0.00267313 0.00960396 0.006532778
v 0.00267313 0.00960396 0.006377176
v 0.002672528 0.009453394 0.006532778
v 0.00267313 0.00960396 0.006532778
v -0.004715297 0.009604742 0.00653274
v -0.0047159 0.009454178 0.00653274
v -0.0047159 0.009454178 0.00653274
v -0.004715297 0.009604742 0.00653274
v -0.004715297 0.009604742 0.006377213
v -0.0047159 0.009454178 0.006377213
v -0.0047159 0.009454178 0.006377213
v -0.004715297 0.009604742 0.006377213
v 0.00267313 0.00960396 0.006377176
v 0.002672528 0.009453394 0.006377176
v 0.002672528 0.009453394 0.006377176
v 0.00267313 0.00960396 0.006377176
v 0.00267313 0.00960396 0.006532778
v 0.002672528 0.009453394 0.006532778
v -0.0047159 0.009454178 0.006703976
v 0.002672528 0.009453394 0.006703939
v 0.002672528 0.009453394 0.006859541
v -0.0047159 0.009454178 0.006859504
v -0.004715297 0.009604742 0.006703976
v -0.004715297 0.009604742 0.006859504
v 0.00267313 0.00960396 0.006859541
v 0.00267313 0.00960396 0.006703939
v 0.002672528 0.009453394 0.006859541
v 0.00267313 0.00960396 0.006859541
v -0.004715297 0.009604742 0.006859504
v -0.0047159 0.009454178 0.006859504
v -0.0047159 0.009454178 0.006859504
v -0.004715297 0.009604742 0.006859504
v -0.004715297 0.009604742 0.006703976
v -0.0047159 0.009454178 0.006703976
v -0.0047159 0.009454178 0.006703976
v -0.004715297 0.009604742 0.006703976
v 0.00267313 0.00960396 0.006703939
v 0.002672528 0.009453394 0.006703939
v 0.002672528 0.009453394 0.006703939
v 0.00267313 0.00960396 0.006703939
v 0.00267313 0.00960396 0.006859541
v 0.002672528 0.009453394 0.006859541
v -0.0047159 0.009454178 0.007030739
v 0.002672528 0.009453394 0.007030703
v 0.002672528 0.009453394 0.007186304
v -0.0047159 0.009454178 0.007186267
v -0.004715297 0.009604742 0.007030739
v -0.004715297 0.009604742 0.007186267
v 0.00267313 0.00960396 0.007186304
v 0.00267313 0.00960396 0.007030703
v 0.002672528 0.009453394 0.007186304
v 0.00267313 0.00960396 0.007186304
v -0.004715297 0.009604742 0.007186267
v -0.0047159 0.009454178 0.007186267
v -0.0047159 0.009454178 0.007186267
v -0.004715297 0.009604742 0.007186267
v -0.004715297 0.009604742 0.007030739
v -0.0047159 0.009454178 0.007030739
v -0.0047159 0.009454178 0.007030739
v -0.004715297 0.009604742 0.007030739
v 0.00267313 0.00960396 0.007030703
v 0.002672528 0.009453394 0.007030703
v 0.002672528 0.009453394 0.007030703
v 0.00267313 0.00960396 0.007030703
v 0.00267313 0.00960396 0.007186304
v 0.002672528 0.009453394 0.007186304
v -0.0047159 0.009454178 0.007357503
v 0.002672528 0.009453394 0.007357466
v 0.002672528 0.009453394 0.007513068
v -0.0047159 0.009454178 0.00751303
v -0.004715297 0.009604742 0.007357503
v -0.004715297 0.009604742 0.00751303
v 0.00267313 0.00960396 0.007513068
v 0.00267313 0.00960396 0.007357466
v 0.002672528 0.009453394 0.007513068
v 0.00267313 0.00960396 0.007513068
v -0.004715297 0.009604742 0.00751303
v -0.0047159 0.009454178 0.00751303
v -0.0047159 0.009454178 0.00751303
v -0.004715297 0.009604742 0.00751303
v -0.004715297 0.009604742 0.007357503
v -0.0047159 0.009454178 0.007357503
v -0.0047159 0.009454178 0.007357503
v -0.004715297 0.009604742 0.007357503
v 0.00267313 0.00960396 0.007357466
v 0.002672528 0.009453394 0.007357466
v 0.002672528 0.009453394 0.007357466
v 0.00267313 0.00960396 0.007357466
v 0.00267313 0.00960396 0.007513068
v 0.002672528 0.009453394 0.007513068
v -0.0047159 0.009454178 0.007684266
v 0.002672528 0.009453394 0.007684229
v 0.002672528 0.009453394 0.007839831
v -0.0047159 0.009454178 0.007839794
v -0.004715297 0.009604742 0.007684266
v -0.004715297 0.009604742 0.007839794
v 0.00267313 0.00960396 0.007839831
v 0.00267313 0.00960396 0.007684229
v 0.002672528 0.009453394 0.007839831
v 0.00267313 0.00960396 0.007839831
v -0.004715297 0.009604742 0.007839794
v -0.0047159 0.009454178 0.007839794
v -0.0047159 0.009454178 0.007839794
v -0.004715297 0.009604742 0.007839794
v -0.004715297 0.009604742 0.007684266
v -0.0047159 0.009454178 0.007684266
v -0.0047159 0.009454178 0.007684266
v -0.004715297 0.009604742 0.007684266
v 0.00267313 0.00960396 0.007684229
v 0.002672528 0.009453394 0.007684229
v 0.002672528 0.009453394 0.007684229
v 0.00267313 0.00960396 0.007684229
v 0.00267313 0.00960396 0.007839831
v 0.002672528 0.009453394 0.007839831
v -0.0047159 0.009454178 0.00801103
v 0.002672528 0.009453394 0.008010993
v 0.002672528 0.009453394 0.008166594
v -0.0047159 0.009454178 0.008166557
v -0.004715297 0.009604742 0.00801103
v -0.004715297 0.009604742 0.008166557
v 0.00267313 0.00960396 0.008166594
v 0.00267313 0.00960396 0.008010993
v 0.002672528 0.009453394 0.008166594
v 0.00267313 0.00960396 0.008166594
v -0.004715297 0.009604742 0.008166557
v -0.0047159 0.009454178 0.008166557
v -0.0047159 0.009454178 0.008166557
v -0.004715297 0.009604742 0.008166557
v -0.004715297 0.009604742 0.00801103
v -0.0047159 0.009454178 0.00801103
v -0.0047159 0.009454178 0.00801103
v -0.004715297 0.009604742 0.00801103
v 0.00267313 0.00960396 0.008010993
v 0.002672528 0.009453394 0.008010993
v 0.002672528 0.009453394 0.008010993
v 0.00267313 0.00960396 0.008010993
v 0.00267313 0.00960396 0.008166594
v 0.002672528 0.009453394 0.008166594
v -0.0047159 0.009454178 0.008337793
v 0.002672528 0.009453394 0.008337757
v 0.002672528 0.009453394 0.008493357
v -0.0047159 0.009454178 0.008493321
v -0.004715297 0.009604742 0.008337793
v -0.004715297 0.009604742 0.008493321
v 0.00267313 0.00960396 0.008493357
v 0.00267313 0.00960396 0.008337757
v 0.002672528 0.009453394 0.008493357
v 0.00267313 0.00960396 0.008493357
v -0.004715297 0.009604742 0.008493321
v -0.0047159 0.009454178 0.008493321
v -0.0047159 0.009454178 0.008493321
v -0.004715297 0.009604742 0.008493321
v -0.004715297 0.009604742 0.008337793
v -0.0047159 0.009454178 0.008337793
v -0.0047159 0.009454178 0.008337793
v -0.004715297 0.009604742 0.008337793
v 0.00267313 0.00960396 0.008337757
v 0.002672528 0.009453394 0.008337757
v 0.002672528 0.009453394 0.008337757
v 0.00267313 0.00960396 0.008337757
v 0.00267313 0.00960396 0.008493357
v 0.002672528 0.009453394 0.008493357
v -0.0047159 0.009454178 0.008664555
v 0.002672528 0.009453394 0.008664519
v 0.002672528 0.009453394 0.00882012
v -0.0047159 0.009454178 0.008820083
v -0.004715297 0.009604742 0.008664555
v -0.004715297 0.009604742 0.008820083
v 0.00267313 0.00960396 0.00882012
v 0.00267313 0.00960396 0.008664519
v 0.002672528 0.009453394 0.00882012
v 0.00267313 0.00960396 0.00882012
v -0.004715297 0.009604742 0.008820083
v -0.0047159 0.009454178 0.008820083
v -0.0047159 0.009454178 0.008820083
v -0.004715297 0.009604742 0.008820083
v -0.004715297 0.009604742 0.008664555
v -0.0047159 0.009454178 0.008664555
v -0.0047159 0.009454178 0.008664555
v -0.004715297 0.009604742 0.008664555
v 0.00267313 0.00960396 0.008664519
v 0.002672528 0.009453394 0.008664519
v 0.002672528 0.009453394 0.008664519
v 0.00267313 0.00960396 0.008664519
v 0.00267313 0.00960396 0.00882012
v 0.002672528 0.009453394 0.00882012
v -0.0047159 0.009454178 0.008991318
v 0.002672528 0.009453394 0.008991281
v 0.002672528 0.009453394 0.009146882
v -0.0047159 0.009454178 0.009146845
v -0.004715297 0.009604742 0.008991318
v -0.004715297 0.009604742 0.009146845
v 0.00267313 0.00960396 0.009146882
v 0.00267313 0.00960396 0.008991281
v 0.002672528 0.009453394 0.009146882
v 0.00267313 0.00960396 0.009146882
v -0.004715297 0.009604742 0.009146845
v -0.0047159 0.009454178 0.009146845
v -0.0047159 0.009454178 0.009146845
v -0.004715297 0.009604742 0.009146845
v -0.004715297 0.009604742 0.008991318
v -0.0047159 0.009454178 0.008991318
v -0.0047159 0.009454178 0.008991318
v -0.004715297 0.009604742 0.008991318
v 0.00267313 0.00960396 0.008991281
v 0.002672528 0.009453394 0.008991281
v 0.002672528 0.009453394 0.008991281
v 0.00267313 0.00960396 0.008991281
v 0.00267313 0.00960396 0.009146882
v 0.002672528 0.009453394 0.009146882
v -0.0047159 0.009454178 0.00931808
v 0.002672528 0.009453394 0.009318043
v 0.002672528 0.009453394 0.009473644
v -0.0047159 0.009454178 0.009473607
v -0.004715297 0.009604742 0.00931808
v -0.004715297 0.009604742 0.009473607
v 0.00267313 0.00960396 0.009473644
v 0.00267313 0.00960396 0.009318043
v 0.002672528 0.009453394 0.009473644
v 0.00267313 0.00960396 0.009473644
v -0.004715297 0.009604742 0.009473607
v -0.0047159 0.009454178 0.009473607
v -0.0047159 0.009454178 0.009473607
v -0.004715297 0.009604742 0.009473607
v -0.004715297 0.009604742 0.00931808
v -0.0047159 0.009454178 0.00931808
v -0.0047159 0.009454178 0.00931808
v -0.004715297 0.009604742 0.00931808
v 0.00267313 0.00960396 0.009318043
v 0.002672528 0.009453394 0.009318043
v 0.002672528 0.009453394 0.009318043
v 0.00267313 0.00960396 0.009318043
v 0.00267313 0.00960396 0.009473644
v 0.002672528 0.009453394 0.009473644
v -0.0047159 0.009454178 0.009644842
v 0.002672528 0.009453394 0.009644805
v 0.002672528 0.009453394 0.009800406
v -0.0047159 0.009454178 0.00980037
v -0.004715297 0.009604742 0.009644842
v -0.004715297 0.009604742 0.00980037
v 0.00267313 0.00960396 0.009800406
v 0.00267313 0.00960396 0.009644805
v 0.002672528 0.009453394 0.009800406
v 0.00267313 0.00960396 0.009800406
v -0.004715297 0.009604742 0.00980037
v -0.0047159 0.009454178 0.00980037
v -0.0047159 0.009454178 0.00980037
v -0.004715297 0.009604742 0.00980037
v -0.004715297 0.009604742 0.009644842
v -0.0047159 0.009454178 0.009644842
v -0.0047159 0.009454178 0.009644842
v -0.004715297 0.009604742 0.009644842
v 0.00267313 0.00960396 0.009644805
v 0.002672528 0.009453394 0.009644805
v 0.002672528 0.009453394 0.009644805
v 0.00267313 0.00960396 0.009644805
v 0.00267313 0.00960396 0.009800406
v 0.002672528 0.009453394 0.009800406
v -0.0047159 0.009454178 0.009971604
v 0.002672528 0.009453394 0.009971567
v 0.002672528 0.009453394 0.01012717
v -0.0047159 0.009454178 0.01012713
v -0.004715297 0.009604742 0.009971604
v -0.004715297 0.009604742 0.01012713
v 0.00267313 0.00960396 0.01012717
v 0.00267313 0.00960396 0.009971567
v 0.002672528 0.009453394 0.01012717
v 0.00267313 0.00960396 0.01012717
v -0.004715297 0.009604742 0.01012713
v -0.0047159 0.009454178 0.01012713
v -0.0047159 0.009454178 0.01012713
v -0.004715297 0.009604742 0.01012713
v -0.004715297 0.009604742 0.009971604
v -0.0047159 0.009454178 0.009971604
v -0.0047159 0.009454178 0.009971604
v -0.004715297 0.009604742 0.009971604
v 0.00267313 0.00960396 0.009971567
v 0.002672528 0.009453394 0.009971567
v 0.002672528 0.009453394 0.009971567
v 0.00267313 0.00960396 0.009971567
v 0.00267313 0.00960396 0.01012717
v 0.002672528 0.009453394 0.01012717
v -0.0047159 0.009454178 0.01029837
v 0.002672528 0.009453394 0.01029833
v 0.002672528 0.009453394 0.01045393
v -0.0047159 0.009454178 0.01045389
v -0.004715297 0.009604742 0.01029837
v -0.004715297 0.009604742 0.01045389
v 0.00267313 0.00960396 0.01045393
v 0.00267313 0.00960396 0.01029833
v 0.002672528 0.009453394 0.01045393
v 0.00267313 0.00960396 0.01045393
v -0.004715297 0.009604742 0.01045389
v -0.0047159 0.009454178 0.01045389
v -0.0047159 0.009454178 0.01045389
v -0.004715297 0.009604742 0.01045389
v -0.004715297 0.009604742 0.01029837
v -0.0047159 0.009454178 0.01029837
v -0.0047159 0.009454178 0.01029837
v -0.004715297 0.009604742 0.01029837
v 0.00267313 0.00960396 0.01029833
v 0.002672528 0.009453394 0.01029833
v 0.002672528 0.009453394 0.01029833
v 0.00267313 0.00960396 0.01029833
v 0.00267313 0.00960396 0.01045393
v 0.002672528 0.009453394 0.01045393
v -0.0047159 0.009454178 0.01062513
v 0.002672528 0.009453394 0.01062509
v 0.002672528 0.009453394 0.01078069
v -0.0047159 0.009454178 0.01078066
v -0.004715297 0.009604742 0.01062513
v -0.004715297 0.009604742 0.01078066
v 0.00267313 0.00960396 0.01078069
v 0.00267313 0.00960396 0.01062509
v 0.002672528 0.009453394 0.01078069
v 0.00267313 0.00960396 0.01078069
v -0.004715297 0.009604742 0.01078066
v -0.0047159 0.009454178 0.01078066
v -0.0047159 0.009454178 0.01078066
v -0.004715297 0.009604742 0.01078066
v -0.004715297 0.009604742 0.01062513
v -0.0047159 0.009454178 0.01062513
v -0.0047159 0.009454178 0.01062513
v -0.004715297 0.009604742 0.01062513
v 0.00267313 0.00960396 0.01062509
v 0.002672528 0.009453394 0.01062509
v 0.002672528 0.009453394 0.01062509
v 0.00267313 0.00960396 0.01062509
v 0.00267313 0.00960396 0.01078069
v 0.002672528 0.009453394 0.01078069
vt 0.6873014 0.5180256
vt 0.8126987 0.5180211
vt 0.8126987 0.7319789
vt 0.6873013 0.7319744
vt 0.6873014 0.5180256
vt 0.6873013 0.7319744
vt 0.8126987 0.7319789
vt 0.8126987 0.5180211
vt 0.8126987 0.7319789
vt 0.8126987 0.7319789
vt 0.6873013 0.7319744
vt 0.6873013 0.7319744
vt 0.6873013 0.7319744
vt 0.6873013 0.7319744
vt 0.6873014 0.5180256
vt 0.6873014 0.5180256
vt 0.6873014 0.5180256
vt 0.6873014 0.5180256
vt 0.8126987 0.5180211
vt 0.8126987 0.5180211
vt 0.8126987 0.5180211
vt 0.8126987 0.5180211
vt 0.8126987 0.7319789
vt 0.8126987 0.7319789
vt 0.6873014 0.5180256
vt 0.8126987 0.5180211
vt 0.8126987 0.7319789
vt 0.6873013 0.7319744
vt 0.6873014 0.5180256
vt 0.6873013 0.7319744
vt 0.8126987 0.7319789
vt 0.8126987 0.5180211
vt 0.8126987 0.7319789
vt 0.8126987 0.7319789
vt 0.6873013 0.7319744
vt 0.6873013 0.7319744
vt 0.6873013 0.7319744
vt 0.6873013 0.7319744
vt 0.6873014 0.5180256
vt 0.6873014 0.5180256
vt 0.6873014 0.5180256
vt 0.6873014 0.5180256
vt 0.8126987 0.5180211
vt 0.8126987 0.5180211
vt 0.8126987 0.5180211
vt 0.8126987 0.5180211
vt 0.8126987 0.7319789
vt 0.8126987 0.7319789
vt 0.6873014 0.5180256
vt 0.8126987 0.5180211
vt 0.8126987 0.7319789
vt 0.6873013 0.7319744
vt 0.6873014 0.5180256
vt 0.6873013 0.7319744
vt 0.8126987 0.7319789
vt 0.8126987 0.5180211
vt 0.8126987 0.7319789
vt 0.8126987 0.7319789
vt 0.6873013 0.7319744
vt 0.6873013 0.7319744
vt 0.6873013 0.7319744
vt 0.6873013 0.7319744
vt 0.6873014 0.5180256
vt 0.6873014 0.5180256
vt 0.6873014 0.5180256
vt 0.6873014 0.5180256
vt 0.8126987 0.5180211
vt 0.8126987 0.5180211
vt 0.8126987 0.5180211
vt 0.8126987 0.5180211
vt 0.8126987 0.7319789
vt 0.8126987 0.7319789
vt 0.6873014 0.5180256
vt 0.8126987 0.5180211
vt 0.8126987 0.7319789
vt 0.6873013 0.7319744
vt 0.6873014 0.5180256
vt 0.6873013 0.7319744
vt 0.8126987 0.7319789
vt 0.8126987 0.5180211
vt 0.8126987 0.7319789
vt 0.8126987 0.7319789
vt 0.6873013 0.7319744
vt 0.6873013 0.7319744
vt 0.6873013 0.7319744
vt 0.6873013 0.7319744
vt 0.6873014 0.5180256
vt 0.6873014 0.5180256
vt 0.6873014 0.5180256
vt 0.6873014 0.5180256
vt 0.8126987 0.5180211
vt 0.8126987 0.5180211
vt 0.8126987 0.5180211
vt 0.8126987 0.5180211
vt 0.8126987 0.7319789
vt 0.8126987 0.7319789
vt 0.6873014 0.5180256
vt 0.8126987 0.5180211
vt 0.8126987 0.7319789
vt 0.6873013 0.7319744
vt 0.6873014 0.5180256
vt 0.6873013 0.7319744
vt 0.8126987 0.7319789
vt 0.8126987 0.5180211
vt 0.8126987 0.7319789
vt 0.8126987 0.7319789
vt 0.6873013 0.7319744
vt 0.6873013 0.7319744
vt 0.6873013 0.7319744
vt 0.6873013 0.7319744
vt 0.6873014 0.5180256
vt 0.6873014 0.5180256
vt 0.6873014 0.5180256
vt 0.6873014 0.5180256
vt 0.8126987 0.5180211
vt 0.8126987 0.5180211
vt 0.8126987 0.5180211
vt 0.8126987 0.5180211
vt 0.8126987 0.7319789
vt 0.8126987 0.7319789
vt 0.6873014 0.5180256
vt 0.8126987 0.5180211
vt 0.8126987 0.7319789
vt 0.6873013 0.7319744
vt 0.6873014 0.5180256
vt 0.6873013 0.7319744
vt 0.8126987 0.7319789
vt 0.8126987 0.5180211
vt 0.8126987 0.7319789
vt 0.8126987 0.7319789
vt 0.6873013 0.7319744
vt 0.6873013 0.7319744
vt 0.6873013 0.7319744
vt 0.6873013 0.7319744
vt 0.6873014 0.5180256
vt 0.6873014 0.5180256
vt 0.6873014 0.5180256
vt 0.6873014 0.5180256
vt 0.8126987 0.5180211
vt 0.8126987 0.5180211
vt 0.8126987 0.5180211
vt 0.8126987 0.5180211
vt 0.8126987 0.7319789
vt 0.8126987 0.7319789
vt 0.6873014 0.5180256
vt 0.8126987 0.5180211
vt 0.8126987 0.7319789
vt 0.6873013 0.7319744
vt 0.6873014 0.5180256
vt 0.6873013 0.7319744
vt 0.8126987 0.7319789
vt 0.8126987 0.5180211
vt 0.8126987 0.7319789
vt 0.8126987 0.7319789
vt 0.6873013 0.7319744
vt 0.6873013 0.7319744
vt 0.6873013 0.7319744
vt 0.6873013 0.7319744
vt 0.6873014 0.5180256
vt 0.6873014 0.5180256
vt 0.6873014 0.5180256
vt 0.6873014 0.5180256
vt 0.8126987 0.5180211
vt 0.8126987 0.5180211
vt 0.8126987 0.5180211
vt 0.8126987 0.5180211
vt 0.8126987 0.7319789
vt 0.8126987 0.7319789
vt 0.6873014 0.5180256
vt 0.8126987 0.5180211
vt 0.8126987 0.7319789
vt 0.6873013 0.7319744
vt 0.6873014 0.5180256
vt 0.6873013 0.7319744
vt 0.8126987 0.7319789
vt 0.8126987 0.5180211
vt 0.8126987 0.7319789
vt 0.8126987 0.7319789
vt 0.6873013 0.7319744
vt 0.6873013 0.7319744
vt 0.6873013 0.7319744
vt 0.6873013 0.7319744
vt 0.6873014 0.5180256
vt 0.6873014 0.5180256
vt 0.6873014 0.5180256
vt 0.6873014 0.5180256
vt 0.8126987 0.5180211
vt 0.8126987 0.5180211
vt 0.8126987 0.5180211
vt 0.8126987 0.5180211
vt 0.8126987 0.7319789
vt 0.8126987 0.7319789
vt 0.6873014 0.5180256
vt 0.8126987 0.5180211
vt 0.8126987 0.7319789
vt 0.6873013 0.7319744
vt 0.6873014 0.5180256
vt 0.6873013 0.7319744
vt 0.8126987 0.7319789
vt 0.8126987 0.5180211
vt 0.8126987 0.7319789
vt 0.8126987 0.7319789
vt 0.6873013 0.7319744
vt 0.6873013 0.7319744
vt 0.6873013 0.7319744
vt 0.6873013 0.7319744
vt 0.6873014 0.5180256
vt 0.6873014 0.5180256
vt 0.6873014 0.5180256
vt 0.6873014 0.5180256
vt 0.8126987 0.5180211
vt 0.8126987 0.5180211
vt 0.8126987 0.5180211
vt 0.8126987 0.5180211
vt 0.8126987 0.7319789
vt 0.8126987 0.7319789
vt 0.6873014 0.5180256
vt 0.8126987 0.5180211
vt 0.8126987 0.7319789
vt 0.6873013 0.7319744
vt 0.6873014 0.5180256
vt 0.6873013 0.7319744
vt 0.8126987 0.7319789
vt 0.8126987 0.5180211
vt 0.8126987 0.7319789
vt 0.8126987 0.7319789
vt 0.6873013 0.7319744
vt 0.6873013 0.7319744
vt 0.6873013 0.7319744
vt 0.6873013 0.7319744
vt 0.6873014 0.5180256
vt 0.6873014 0.5180256
vt 0.6873014 0.5180256
vt 0.6873014 0.5180256
vt 0.8126987 0.5180211
vt 0.8126987 0.5180211
vt 0.8126987 0.5180211
vt 0.8126987 0.5180211
vt 0.8126987 0.7319789
vt 0.8126987 0.7319789
vt 0.6873014 0.5180256
vt 0.8126987 0.5180211
vt 0.8126987 0.7319789
vt 0.6873013 0.7319744
vt 0.6873014 0.5180256
vt 0.6873013 0.7319744
vt 0.8126987 0.7319789
vt 0.8126987 0.5180211
vt 0.8126987 0.7319789
vt 0.8126987 0.7319789
vt 0.6873013 0.7319744
vt 0.6873013 0.7319744
vt 0.6873013 0.7319744
vt 0.6873013 0.7319744
vt 0.6873014 0.5180256
vt 0.6873014 0.5180256
vt 0.6873014 0.5180256
vt 0.6873014 0.5180256
vt 0.8126987 0.5180211
vt 0.8126987 0.5180211
vt 0.8126987 0.5180211
vt 0.8126987 0.5180211
vt 0.8126987 0.7319789
vt 0.8126987 0.7319789
vt 0.6873014 0.5180256
vt 0.8126987 0.5180211
vt 0.8126987 0.7319789
vt 0.6873013 0.7319744
vt 0.6873014 0.5180256
vt 0.6873013 0.7319744
vt 0.8126987 0.7319789
vt 0.8126987 0.5180211
vt 0.8126987 0.7319789
vt 0.8126987 0.7319789
vt 0.6873013 0.7319744
vt 0.6873013 0.7319744
vt 0.6873013 0.7319744
vt 0.6873013 0.7319744
vt 0.6873014 0.5180256
vt 0.6873014 0.5180256
vt 0.6873014 0.5180256
vt 0.6873014 0.5180256
vt 0.8126987 0.5180211
vt 0.8126987 0.5180211
vt 0.8126987 0.5180211
vt 0.8126987 0.5180211
vt 0.8126987 0.7319789
vt 0.8126987 0.7319789
vt 0.6873014 0.5180256
vt 0.8126987 0.5180211
vt 0.8126987 0.7319789
vt 0.6873013 0.7319744
vt 0.6873014 0.5180256
vt 0.6873013 0.7319744
vt 0.8126987 0.7319789
vt 0.8126987 0.5180211
vt 0.8126987 0.7319789
vt 0.8126987 0.7319789
vt 0.6873013 0.7319744
vt 0.6873013 0.7319744
vt 0.6873013 0.7319744
vt 0.6873013 0.7319744
vt 0.6873014 0.5180256
vt 0.6873014 0.5180256
vt 0.6873014 0.5180256
vt 0.6873014 0.5180256
vt 0.8126987 0.5180211
vt 0.8126987 0.5180211
vt 0.8126987 0.5180211
vt 0.8126987 0.5180211
vt 0.8126987 0.7319789
vt 0.8126987 0.7319789
vt 0.6873014 0.5180256
vt 0.8126987 0.5180211
vt 0.8126987 0.7319789
vt 0.6873013 0.7319744
vt 0.6873014 0.5180256
vt 0.6873013 0.7319744
vt 0.8126987 0.7319789
vt 0.8126987 0.5180211
vt 0.8126987 0.7319789
vt 0.8126987 0.7319789
vt 0.6873013 0.7319744
vt 0.6873013 0.7319744
vt 0.6873013 0.7319744
vt 0.6873013 0.7319744
vt 0.6873014 0.5180256
vt 0.6873014 0.5180256
vt 0.6873014 0.5180256
vt 0.6873014 0.5180256
vt 0.8126987 0.5180211
vt 0.8126987 0.5180211
vt 0.8126987 0.5180211
vt 0.8126987 0.5180211
vt 0.8126987 0.7319789
vt 0.8126987 0.7319789
vt 0.6873014 0.5180256
vt 0.8126987 0.5180211
vt 0.8126987 0.7319789
vt 0.6873013 0.7319744
vt 0.6873014 0.5180256
vt 0.6873013 0.7319744
vt 0.8126987 0.7319789
vt 0.8126987 0.5180211
vt 0.8126987 0.7319789
vt 0.8126987 0.7319789
vt 0.6873013 0.7319744
vt 0.6873013 0.7319744
vt 0.6873013 0.7319744
vt 0.6873013 0.7319744
vt 0.6873014 0.5180256
vt 0.6873014 0.5180256
vt 0.6873014 0.5180256
vt 0.6873014 0.5180256
vt 0.8126987 0.5180211
vt 0.8126987 0.5180211
vt 0.8126987 0.5180211
vt 0.8126987 0.5180211
vt 0.8126987 0.7319789
vt 0.8126987 0.7319789
vt 0.6873014 0.5180256
vt 0.8126987 0.5180211
vt 0.8126987 0.7319789
vt 0.6873013 0.7319744
vt 0.6873014 0.5180256
vt 0.6873013 0.7319744
vt 0.8126987 0.7319789
vt 0.8126987 0.5180211
vt 0.8126987 0.7319789
vt 0.8126987 0.7319789
vt 0.6873013 0.7319744
vt 0.6873013 0.7319744
vt 0.6873013 0.7319744
vt 0.6873013 0.7319744
vt 0.6873014 0.5180256
vt 0.6873014 0.5180256
vt 0.6873014 0.5180256
vt 0.6873014 0.5180256
vt 0.8126987 0.5180211
vt 0.8126987 0.5180211
vt 0.8126987 0.5180211
vt 0.8126987 0.5180211
vt 0.8126987 0.7319789
vt 0.8126987 0.7319789
vt 0.6873014 0.5180256
vt 0.8126987 0.5180211
vt 0.8126987 0.7319789
vt 0.6873013 0.7319744
vt 0.6873014 0.5180256
vt 0.6873013 0.7319744
vt 0.8126987 0.7319789
vt 0.8126987 0.5180211
vt 0.8126987 0.7319789
vt 0.8126987 0.7319789
vt 0.6873013 0.7319744
vt 0.6873013 0.7319744
vt 0.6873013 0.7319744
vt 0.6873013 0.7319744
vt 0.6873014 0.5180256
vt 0.6873014 0.5180256
vt 0.6873014 0.5180256
vt 0.6873014 0.5180256
vt 0.8126987 0.5180211
vt 0.8126987 0.5180211
vt 0.8126987 0.5180211
vt 0.8126987 0.5180211
vt 0.8126987 0.7319789
vt 0.8126987 0.7319789
vt 0.6873014 0.5180256
vt 0.8126987 0.5180211
vt 0.8126987 0.7319789
vt 0.6873013 0.7319744
vt 0.6873014 0.5180256
vt 0.6873013 0.7319744
vt 0.8126987 0.7319789
vt 0.8126987 0.5180211
vt 0.8126987 0.7319789
vt 0.8126987 0.7319789
vt 0.6873013 0.7319744
vt 0.6873013 0.7319744
vt 0.6873013 0.7319744
vt 0.6873013 0.7319744
vt 0.6873014 0.5180256
vt 0.6873014 0.5180256
vt 0.6873014 0.5180256
vt 0.6873014 0.5180256
vt 0.8126987 0.5180211
vt 0.8126987 0.5180211
vt 0.8126987 0.5180211
vt 0.8126987 0.5180211
vt 0.8126987 0.7319789
vt 0.8126987 0.7319789
vt 0.6873014 0.5180256
vt 0.8126987 0.5180211
vt 0.8126987 0.7319789
vt 0.6873013 0.7319744
vt 0.6873014 0.5180256
vt 0.6873013 0.7319744
vt 0.8126987 0.7319789
vt 0.8126987 0.5180211
vt 0.8126987 0.7319789
vt 0.8126987 0.7319789
vt 0.6873013 0.7319744
vt 0.6873013 0.7319744
vt 0.6873013 0.7319744
vt 0.6873013 0.7319744
vt 0.6873014 0.5180256
vt 0.6873014 0.5180256
vt 0.6873014 0.5180256
vt 0.6873014 0.5180256
vt 0.8126987 0.5180211
vt 0.8126987 0.5180211
vt 0.8126987 0.5180211
vt 0.8126987 0.5180211
vt 0.8126987 0.7319789
vt 0.8126987 0.7319789
vt 0.6873014 0.5180256
vt 0.8126987 0.5180211
vt 0.8126987 0.7319789
vt 0.6873013 0.7319744
vt 0.6873014 0.5180256
vt 0.6873013 0.7319744
vt 0.8126987 0.7319789
vt 0.8126987 0.5180211
vt 0.8126987 0.7319789
vt 0.8126987 0.7319789
vt 0.6873013 0.7319744
vt 0.6873013 0.7319744
vt 0.6873013 0.7319744
vt 0.6873013 0.7319744
vt 0.6873014 0.5180256
vt 0.6873014 0.5180256
vt 0.6873014 0.5180256
vt 0.6873014 0.5180256
vt 0.8126987 0.5180211
vt 0.8126987 0.5180211
vt 0.8126987 0.5180211
vt 0.8126987 0.5180211
vt 0.8126987 0.7319789
vt 0.8126987 0.7319789
vt 0.6873014 0.5180256
vt 0.8126987 0.5180211
vt 0.8126987 0.7319789
vt 0.6873013 0.7319744
vt 0.6873014 0.5180256
vt 0.6873013 0.7319744
vt 0.8126987 0.7319789
vt 0.8126987 0.5180211
vt 0.8126987 0.7319789
vt 0.8126987 0.7319789
vt 0.6873013 0.7319744
vt 0.6873013 0.7319744
vt 0.6873013 0.7319744
vt 0.6873013 0.7319744
vt 0.6873014 0.5180256
vt 0.6873014 0.5180256
vt 0.6873014 0.5180256
vt 0.6873014 0.5180256
vt 0.8126987 0.5180211
vt 0.8126987 0.5180211
vt 0.8126987 0.5180211
vt 0.8126987 0.5180211
vt 0.8126987 0.7319789
vt 0.8126987 0.7319789
vt 0.6873014 0.5180256
vt 0.8126987 0.5180211
vt 0.8126987 0.7319789
vt 0.6873013 0.7319744
vt 0.6873014 0.5180256
vt 0.6873013 0.7319744
vt 0.8126987 0.7319789
vt 0.8126987 0.5180211
vt 0.8126987 0.7319789
vt 0.8126987 0.7319789
vt 0.6873013 0.7319744
vt 0.6873013 0.7319744
vt 0.6873013 0.7319744
vt 0.6873013 0.7319744
vt 0.6873014 0.5180256
vt 0.6873014 0.5180256
vt 0.6873014 0.5180256
vt 0.6873014 0.5180256
vt 0.8126987 0.5180211
vt 0.8126987 0.5180211
vt 0.8126987 0.5180211
vt 0.8126987 0.5180211
vt 0.8126987 0.7319789
vt 0.8126987 0.7319789
vt 0.6873014 0.5180256
vt 0.8126987 0.5180211
vt 0.8126987 0.7319789
vt 0.6873013 0.7319744
vt 0.6873014 0.5180256
vt 0.6873013 0.7319744
vt 0.8126987 0.7319789
vt 0.8126987 0.5180211
vt 0.8126987 0.7319789
vt 0.8126987 0.7319789
vt 0.6873013 0.7319744
vt 0.6873013 0.7319744
vt 0.6873013 0.7319744
vt 0.6873013 0.7319744
vt 0.6873014 0.5180256
vt 0.6873014 0.5180256
vt 0.6873014 0.5180256
vt 0.6873014 0.5180256
vt 0.8126987 0.5180211
vt 0.8126987 0.5180211
vt 0.8126987 0.5180211
vt 0.8126987 0.5180211
vt 0.8126987 0.7319789
vt 0.8126987 0.7319789
vt 0.6873014 0.5180256
vt 0.8126987 0.5180211
vt 0.8126987 0.7319789
vt 0.6873013 0.7319744
vt 0.6873014 0.5180256
vt 0.6873013 0.7319744
vt 0.8126987 0.7319789
vt 0.8126987 0.5180211
vt 0.8126987 0.7319789
vt 0.8126987 0.7319789
vt 0.6873013 0.7319744
vt 0.6873013 0.7319744
vt 0.6873013 0.7319744
vt 0.6873013 0.7319744
vt 0.6873014 0.5180256
vt 0.6873014 0.5180256
vt 0.6873014 0.5180256
vt 0.6873014 0.5180256
vt 0.8126987 0.5180211
vt 0.8126987 0.5180211
vt 0.8126987 0.5180211
vt 0.8126987 0.5180211
vt 0.8126987 0.7319789
vt 0.8126987 0.7319789
vt 0.6873014 0.5180256
vt 0.8126987 0.5180211
vt 0.8126987 0.7319789
vt 0.6873013 0.7319744
vt 0.6873014 0.5180256
vt 0.6873013 0.7319744
vt 0.8126987 0.7319789
vt 0.8126987 0.5180211
vt 0.8126987 0.7319789
vt 0.8126987 0.7319789
vt 0.6873013 0.7319744
vt 0.6873013 0.7319744
vt 0.6873013 0.7319744
vt 0.6873013 0.7319744
vt 0.6873014 0.5180256
vt 0.6873014 0.5180256
vt 0.6873014 0.5180256
vt 0.6873014 0.5180256
vt 0.8126987 0.5180211
vt 0.8126987 0.5180211
vt 0.8126987 0.5180211
vt 0.8126987 0.5180211
vt 0.8126987 0.7319789
vt 0.8126987 0.7319789
vt 0.6873014 0.5180256
vt 0.8126987 0.5180211
vt 0.8126987 0.7319789
vt 0.6873013 0.7319744
vt 0.6873014 0.5180256
vt 0.6873013 0.7319744
vt 0.8126987 0.7319789
vt 0.8126987 0.5180211
vt 0.8126987 0.7319789
vt 0.8126987 0.7319789
vt 0.6873013 0.7319744
vt 0.6873013 0.7319744
vt 0.6873013 0.7319744
vt 0.6873013 0.7319744
vt 0.6873014 0.5180256
vt 0.6873014 0.5180256
vt 0.6873014 0.5180256
vt 0.6873014 0.5180256
vt 0.8126987 0.5180211
vt 0.8126987 0.5180211
vt 0.8126987 0.5180211
vt 0.8126987 0.5180211
vt 0.8126987 0.7319789
vt 0.8126987 0.7319789
vt 0.6873014 0.5180256
vt 0.8126987 0.5180211
vt 0.8126987 0.7319789
vt 0.6873013 0.7319744
vt 0.6873014 0.5180256
vt 0.6873013 0.7319744
vt 0.8126987 0.7319789
vt 0.8126987 0.5180211
vt 0.8126987 0.7319789
vt 0.8126987 0.7319789
vt 0.6873013 0.7319744
vt 0.6873013 0.7319744
vt 0.6873013 0.7319744
vt 0.6873013 0.7319744
vt 0.6873014 0.5180256
vt 0.6873014 0.5180256
vt 0.6873014 0.5180256
vt 0.6873014 0.5180256
vt 0.8126987 0.5180211
vt 0.8126987 0.5180211
vt 0.8126987 0.5180211
vt 0.8126987 0.5180211
vt 0.8126987 0.7319789
vt 0.8126987 0.7319789
vt 0.6873014 0.5180256
vt 0.8126987 0.5180211
vt 0.8126987 0.7319789
vt 0.6873013 0.7319744
vt 0.6873014 0.5180256
vt 0.6873013 0.7319744
vt 0.8126987 0.7319789
vt 0.8126987 0.5180211
vt 0.8126987 0.7319789
vt 0.8126987 0.7319789
vt 0.6873013 0.7319744
vt 0.6873013 0.7319744
vt 0.6873013 0.7319744
vt 0.6873013 0.7319744
vt 0.6873014 0.5180256
vt 0.6873014 0.5180256
vt 0.6873014 0.5180256
vt 0.6873014 0.5180256
vt 0.8126987 0.5180211
vt 0.8126987 0.5180211
vt 0.8126987 0.5180211
vt 0.8126987 0.5180211
vt 0.8126987 0.7319789
vt 0.8126987 0.7319789
vt 0.6873014 0.5180256
vt 0.8126987 0.5180211
vt 0.8126987 0.7319789
vt 0.6873013 0.7319744
vt 0.6873014 0.5180256
vt 0.6873013 0.7319744
vt 0.8126987 0.7319789
vt 0.8126987 0.5180211
vt 0.8126987 0.7319789
vt 0.8126987 0.7319789
vt 0.6873013 0.7319744
vt 0.6873013 0.7319744
vt 0.6873013 0.7319744
vt 0.6873013 0.7319744
vt 0.6873014 0.5180256
vt 0.6873014 0.5180256
vt 0.6873014 0.5180256
vt 0.6873014 0.5180256
vt 0.8126987 0.5180211
vt 0.8126987 0.5180211
vt 0.8126987 0.5180211
vt 0.8126987 0.5180211
vt 0.8126987 0.7319789
vt 0.8126987 0.7319789
vt 0.6873014 0.5180256
vt 0.8126987 0.5180211
vt 0.8126987 0.7319789
vt 0.6873013 0.7319744
vt 0.6873014 0.5180256
vt 0.6873013 0.7319744
vt 0.8126987 0.7319789
vt 0.8126987 0.5180211
vt 0.8126987 0.7319789
vt 0.8126987 0.7319789
vt 0.6873013 0.7319744
vt 0.6873013 0.7319744
vt 0.6873013 0.7319744
vt 0.6873013 0.7319744
vt 0.6873014 0.5180256
vt 0.6873014 0.5180256
vt 0.6873014 0.5180256
vt 0.6873014 0.5180256
vt 0.8126987 0.5180211
vt 0.8126987 0.5180211
vt 0.8126987 0.5180211
vt 0.8126987 0.5180211
vt 0.8126987 0.7319789
vt 0.8126987 0.7319789
vt 0.6873014 0.5180256
vt 0.8126987 0.5180211
vt 0.8126987 0.7319789
vt 0.6873013 0.7319744
vt 0.6873014 0.5180256
vt 0.6873013 0.7319744
vt 0.8126987 0.7319789
vt 0.8126987 0.5180211
vt 0.8126987 0.7319789
vt 0.8126987 0.7319789
vt 0.6873013 0.7319744
vt 0.6873013 0.7319744
vt 0.6873013 0.7319744
vt 0.6873013 0.7319744
vt 0.6873014 0.5180256
vt 0.6873014 0.5180256
vt 0.6873014 0.5180256
vt 0.6873014 0.5180256
vt 0.8126987 0.5180211
vt 0.8126987 0.5180211
vt 0.8126987 0.5180211
vt 0.8126987 0.5180211
vt 0.8126987 0.7319789
vt 0.8126987 0.7319789
vt 0.6873014 0.5180256
vt 0.8126987 0.5180211
vt 0.8126987 0.7319789
vt 0.6873013 0.7319744
vt 0.6873014 0.5180256
vt 0.6873013 0.7319744
vt 0.8126987 0.7319789
vt 0.8126987 0.5180211
vt 0.8126987 0.7319789
vt 0.8126987 0.7319789
vt 0.6873013 0.7319744
vt 0.6873013 0.7319744
vt 0.6873013 0.7319744
vt 0.6873013 0.7319744
vt 0.6873014 0.5180256
vt 0.6873014 0.5180256
vt 0.6873014 0.5180256
vt 0.6873014 0.5180256
vt 0.8126987 0.5180211
vt 0.8126987 0.5180211
vt 0.8126987 0.5180211
vt 0.8126987 0.5180211
vt 0.8126987 0.7319789
vt 0.8126987 0.7319789
vt 0.6873014 0.5180256
vt 0.8126987 0.5180211
vt 0.8126987 0.7319789
vt 0.6873013 0.7319744
vt 0.6873014 0.5180256
vt 0.6873013 0.7319744
vt 0.8126987 0.7319789
vt 0.8126987 0.5180211
vt 0.8126987 0.7319789
vt 0.8126987 0.7319789
vt 0.6873013 0.7319744
vt 0.6873013 0.7319744
vt 0.6873013 0.7319744
vt 0.6873013 0.7319744
vt 0.6873014 0.5180256
vt 0.6873014 0.5180256
vt 0.6873014 0.5180256
vt 0.6873014 0.5180256
vt 0.8126987 0.5180211
vt 0.8126987 0.5180211
vt 0.8126987 0.5180211
vt 0.8126987 0.5180211
vt 0.8126987 0.7319789
vt 0.8126987 0.7319789
vt 0.6873014 0.5180256
vt 0.8126987 0.5180211
vt 0.8126987 0.7319789
vt 0.6873013 0.7319744
vt 0.6873014 0.5180256
vt 0.6873013 0.7319744
vt 0.8126987 0.7319789
vt 0.8126987 0.5180211
vt 0.8126987 0.7319789
vt 0.8126987 0.7319789
vt 0.6873013 0.7319744
vt 0.6873013 0.7319744
vt 0.6873013 0.7319744
vt 0.6873013 0.7319744
vt 0.6873014 0.5180256
vt 0.6873014 0.5180256
vt 0.6873014 0.5180256
vt 0.6873014 0.5180256
vt 0.8126987 0.5180211
vt 0.8126987 0.5180211
vt 0.8126987 0.5180211
vt 0.8126987 0.5180211
vt 0.8126987 0.7319789
vt 0.8126987 0.7319789
vt 0.6873014 0.5180256
vt 0.8126987 0.5180211
vt 0.8126987 0.7319789
vt 0.6873013 0.7319744
vt 0.6873014 0.5180256
vt 0.6873013 0.7319744
vt 0.8126987 0.7319789
vt 0.8126987 0.5180211
vt 0.8126987 0.7319789
vt 0.8126987 0.7319789
vt 0.6873013 0.7319744
vt 0.6873013 0.7319744
vt 0.6873013 0.7319744
vt 0.6873013 0.7319744
vt 0.6873014 0.5180256
vt 0.6873014 0.5180256
vt 0.6873014 0.5180256
vt 0.6873014 0.5180256
vt 0.8126987 0.5180211
vt 0.8126987 0.5180211
vt 0.8126987 0.5180211
vt 0.8126987 0.5180211
vt 0.8126987 0.7319789
vt 0.8126987 0.7319789
vt 0.6873014 0.5180256
vt 0.8126987 0.5180211
vt 0.8126987 0.7319789
vt 0.6873013 0.7319744
vt 0.6873014 0.5180256
vt 0.6873013 0.7319744
vt 0.8126987 0.7319789
vt 0.8126987 0.5180211
vt 0.8126987 0.7319789
vt 0.8126987 0.7319789
vt 0.6873013 0.7319744
vt 0.6873013 0.7319744
vt 0.6873013 0.7319744
vt 0.6873013 0.7319744
vt 0.6873014 0.5180256
vt 0.6873014 0.5180256
vt 0.6873014 0.5180256
vt 0.6873014 0.5180256
vt 0.8126987 0.5180211
vt 0.8126987 0.5180211
vt 0.8126987 0.5180211
vt 0.8126987 0.5180211
vt 0.8126987 0.7319789
vt 0.8126987 0.7319789
vt 0.6873014 0.5180256
vt 0.8126987 0.5180211
vt 0.8126987 0.7319789
vt 0.6873013 0.7319744
vt 0.6873014 0.5180256
vt 0.6873013 0.7319744
vt 0.8126987 0.7319789
vt 0.8126987 0.5180211
vt 0.8126987 0.7319789
vt 0.8126987 0.7319789
vt 0.6873013 0.7319744
vt 0.6873013 0.7319744
vt 0.6873013 0.7319744
vt 0.6873013 0.7319744
vt 0.6873014 0.5180256
vt 0.6873014 0.5180256
vt 0.6873014 0.5180256
vt 0.6873014 0.5180256
vt 0.8126987 0.5180211
vt 0.8126987 0.5180211
vt 0.8126987 0.5180211
vt 0.8126987 0.5180211
vt 0.8126987 0.7319789
vt 0.8126987 0.7319789
vt 0.6873014 0.5180256
vt 0.8126987 0.5180211
vt 0.8126987 0.7319789
vt 0.6873013 0.7319744
vt 0.6873014 0.5180256
vt 0.6873013 0.7319744
vt 0.8126987 0.7319789
vt 0.8126987 0.5180211
vt 0.8126987 0.7319789
vt 0.8126987 0.7319789
vt 0.6873013 0.7319744
vt 0.6873013 0.7319744
vt 0.6873013 0.7319744
vt 0.6873013 0.7319744
vt 0.6873014 0.5180256
vt 0.6873014 0.5180256
vt 0.6873014 0.5180256
vt 0.6873014 0.5180256
vt 0.8126987 0.5180211
vt 0.8126987 0.5180211
vt 0.8126987 0.5180211
vt 0.8126987 0.5180211
vt 0.8126987 0.7319789
vt 0.8126987 0.7319789
vt 0.6873014 0.5180256
vt 0.8126987 0.5180211
vt 0.8126987 0.7319789
vt 0.6873013 0.7319744
vt 0.6873014 0.5180256
vt 0.6873013 0.7319744
vt 0.8126987 0.7319789
vt 0.8126987 0.5180211
vt 0.8126987 0.7319789
vt 0.8126987 0.7319789
vt 0.6873013 0.7319744
vt 0.6873013 0.7319744
vt 0.6873013 0.7319744
vt 0.6873013 0.7319744
vt 0.6873014 0.5180256
vt 0.6873014 0.5180256
vt 0.6873014 0.5180256
vt 0.6873014 0.5180256
vt 0.8126987 0.5180211
vt 0.8126987 0.5180211
vt 0.8126987 0.5180211
vt 0.8126987 0.5180211
vt 0.8126987 0.7319789
vt 0.8126987 0.7319789
vt 0.6873014 0.5180256
vt 0.8126987 0.5180211
vt 0.8126987 0.7319789
vt 0.6873013 0.7319744
vt 0.6873014 0.5180256
vt 0.6873013 0.7319744
vt 0.8126987 0.7319789
vt 0.8126987 0.5180211
vt 0.8126987 0.7319789
vt 0.8126987 0.7319789
vt 0.6873013 0.7319744
vt 0.6873013 0.7319744
vt 0.6873013 0.7319744
vt 0.6873013 0.7319744
vt 0.6873014 0.5180256
vt 0.6873014 0.5180256
vt 0.6873014 0.5180256
vt 0.6873014 0.5180256
vt 0.8126987 0.5180211
vt 0.8126987 0.5180211
vt 0.8126987 0.5180211
vt 0.8126987 0.5180211
vt 0.8126987 0.7319789
vt 0.8126987 0.7319789
vt 0.6873014 0.5180256
vt 0.8126987 0.5180211
vt 0.8126987 0.7319789
vt 0.6873013 0.7319744
vt 0.6873014 0.5180256
vt 0.6873013 0.7319744
vt 0.8126987 0.7319789
vt 0.8126987 0.5180211
vt 0.8126987 0.7319789
vt 0.8126987 0.7319789
vt 0.6873013 0.7319744
vt 0.6873013 0.7319744
vt 0.6873013 0.7319744
vt 0.6873013 0.7319744
vt 0.6873014 0.5180256
vt 0.6873014 0.5180256
vt 0.6873014 0.5180256
vt 0.6873014 0.5180256
vt 0.8126987 0.5180211
vt 0.8126987 0.5180211
vt 0.8126987 0.5180211
vt 0.8126987 0.5180211
vt 0.8126987 0.7319789
vt 0.8126987 0.7319789
vt 0.6873014 0.5180256
vt 0.8126987 0.5180211
vt 0.8126987 0.7319789
vt 0.6873013 0.7319744
vt 0.6873014 0.5180256
vt 0.6873013 0.7319744
vt 0.8126987 0.7319789
vt 0.8126987 0.5180211
vt 0.8126987 0.7319789
vt 0.8126987 0.7319789
vt 0.6873013 0.7319744
vt 0.6873013 0.7319744
vt 0.6873013 0.7319744
vt 0.6873013 0.7319744
vt 0.6873014 0.5180256
vt 0.6873014 0.5180256
vt 0.6873014 0.5180256
vt 0.6873014 0.5180256
vt 0.8126987 0.5180211
vt 0.8126987 0.5180211
vt 0.8126987 0.5180211
vt 0.8126987 0.5180211
vt 0.8126987 0.7319789
vt 0.8126987 0.7319789
vt 0.6873014 0.5180256
vt 0.8126987 0.5180211
vt 0.8126987 0.7319789
vt 0.6873013 0.7319744
vt 0.6873014 0.5180256
vt 0.6873013 0.7319744
vt 0.8126987 0.7319789
vt 0.8126987 0.5180211
vt 0.8126987 0.7319789
vt 0.8126987 0.7319789
vt 0.6873013 0.7319744
vt 0.6873013 0.7319744
vt 0.6873013 0.7319744
vt 0.6873013 0.7319744
vt 0.6873014 0.5180256
vt 0.6873014 0.5180256
vt 0.6873014 0.5180256
vt 0.6873014 0.5180256
vt 0.8126987 0.5180211
vt 0.8126987 0.5180211
vt 0.8126987 0.5180211
vt 0.8126987 0.5180211
vt 0.8126987 0.7319789
vt 0.8126987 0.7319789
vt 0.6873014 0.5180256
vt 0.8126987 0.5180211
vt 0.8126987 0.7319789
vt 0.6873013 0.7319744
vt 0.6873014 0.5180256
vt 0.6873013 0.7319744
vt 0.8126987 0.7319789
vt 0.8126987 0.5180211
vt 0.8126987 0.7319789
vt 0.8126987 0.7319789
vt 0.6873013 0.7319744
vt 0.6873013 0.7319744
vt 0.6873013 0.7319744
vt 0.6873013 0.7319744
vt 0.6873014 0.5180256
vt 0.6873014 0.5180256
vt 0.6873014 0.5180256
vt 0.6873014 0.5180256
vt 0.8126987 0.5180211
vt 0.8126987 0.5180211
vt 0.8126987 0.5180211
vt 0.8126987 0.5180211
vt 0.8126987 0.7319789
vt 0.8126987 0.7319789
vt 0.6873014 0.5180256
vt 0.8126987 0.5180211
vt 0.8126987 0.7319789
vt 0.6873013 0.7319744
vt 0.6873014 0.5180256
vt 0.6873013 0.7319744
vt 0.8126987 0.7319789
vt 0.8126987 0.5180211
vt 0.8126987 0.7319789
vt 0.8126987 0.7319789
vt 0.6873013 0.7319744
vt 0.6873013 0.7319744
vt 0.6873013 0.7319744
vt 0.6873013 0.7319744
vt 0.6873014 0.5180256
vt 0.6873014 0.5180256
vt 0.6873014 0.5180256
vt 0.6873014 0.5180256
vt 0.8126987 0.5180211
vt 0.8126987 0.5180211
vt 0.8126987 0.5180211
vt 0.8126987 0.5180211
vt 0.8126987 0.7319789
vt 0.8126987 0.7319789
vt 0.6873014 0.5180256
vt 0.8126987 0.5180211
vt 0.8126987 0.7319789
vt 0.6873013 0.7319744
vt 0.6873014 0.5180256
vt 0.6873013 0.7319744
vt 0.8126987 0.7319789
vt 0.8126987 0.5180211
vt 0.8126987 0.7319789
vt 0.8126987 0.7319789
vt 0.6873013 0.7319744
vt 0.6873013 0.7319744
vt 0.6873013 0.7319744
vt 0.6873013 0.7319744
vt 0.6873014 0.5180256
vt 0.6873014 0.5180256
vt 0.6873014 0.5180256
vt 0.6873014 0.5180256
vt 0.8126987 0.5180211
vt 0.8126987 0.5180211
vt 0.8126987 0.5180211
vt 0.8126987 0.5180211
vt 0.8126987 0.7319789
vt 0.8126987 0.7319789
vt 0.6873014 0.5180256
vt 0.8126987 0.5180211
vt 0.8126987 0.7319789
vt 0.6873013 0.7319744
vt 0.6873014 0.5180256
vt 0.6873013 0.7319744
vt 0.8126987 0.7319789
vt 0.8126987 0.5180211
vt 0.8126987 0.7319789
vt 0.8126987 0.7319789
vt 0.6873013 0.7319744
vt 0.6873013 0.7319744
vt 0.6873013 0.7319744
vt 0.6873013 0.7319744
vt 0.6873014 0.5180256
vt 0.6873014 0.5180256
vt 0.6873014 0.5180256
vt 0.6873014 0.5180256
vt 0.8126987 0.5180211
vt 0.8126987 0.5180211
vt 0.8126987 0.5180211
vt 0.8126987 0.5180211
vt 0.8126987 0.7319789
vt 0.8126987 0.7319789
vt 0.6873014 0.5180256
vt 0.8126987 0.5180211
vt 0.8126987 0.7319789
vt 0.6873013 0.7319744
vt 0.6873014 0.5180256
vt 0.6873013 0.7319744
vt 0.8126987 0.7319789
vt 0.8126987 0.5180211
vt 0.8126987 0.7319789
vt 0.8126987 0.7319789
vt 0.6873013 0.7319744
vt 0.6873013 0.7319744
vt 0.6873013 0.7319744
vt 0.6873013 0.7319744
vt 0.6873014 0.5180256
vt 0.6873014 0.5180256
vt 0.6873014 0.5180256
vt 0.6873014 0.5180256
vt 0.8126987 0.5180211
vt 0.8126987 0.5180211
vt 0.8126987 0.5180211
vt 0.8126987 0.5180211
vt 0.8126987 0.7319789
vt 0.8126987 0.7319789
vt 0.6873014 0.5180256
vt 0.8126987 0.5180211
vt 0.8126987 0.7319789
vt 0.6873013 0.7319744
vt 0.6873014 0.5180256
vt 0.6873013 0.7319744
vt 0.8126987 0.7319789
vt 0.8126987 0.5180211
vt 0.8126987 0.7319789
vt 0.8126987 0.7319789
vt 0.6873013 0.7319744
vt 0.6873013 0.7319744
vt 0.6873013 0.7319744
vt 0.6873013 0.7319744
vt 0.6873014 0.5180256
vt 0.6873014 0.5180256
vt 0.6873014 0.5180256
vt 0.6873014 0.5180256
vt 0.8126987 0.5180211
vt 0.8126987 0.5180211
vt 0.8126987 0.5180211
vt 0.8126987 0.5180211
vt 0.8126987 0.7319789
vt 0.8126987 0.7319789
vt 0.6873014 0.5180256
vt 0.8126987 0.5180211
vt 0.8126987 0.7319789
vt 0.6873013 0.7319744
vt 0.6873014 0.5180256
vt 0.6873013 0.7319744
vt 0.8126987 0.7319789
vt 0.8126987 0.5180211
vt 0.8126987 0.7319789
vt 0.8126987 0.7319789
vt 0.6873013 0.7319744
vt 0.6873013 0.7319744
vt 0.6873013 0.7319744
vt 0.6873013 0.7319744
vt 0.6873014 0.5180256
vt 0.6873014 0.5180256
vt 0.6873014 0.5180256
vt 0.6873014 0.5180256
vt 0.8126987 0.5180211
vt 0.8126987 0.5180211
vt 0.8126987 0.5180211
vt 0.8126987 0.5180211
vt 0.8126987 0.7319789
vt 0.8126987 0.7319789
vt 0.6873014 0.5180256
vt 0.8126987 0.5180211
vt 0.8126987 0.7319789
vt 0.6873013 0.7319744
vt 0.6873014 0.5180256
vt 0.6873013 0.7319744
vt 0.8126987 0.7319789
vt 0.8126987 0.5180211
vt 0.8126987 0.7319789
vt 0.8126987 0.7319789
vt 0.6873013 0.7319744
vt 0.6873013 0.7319744
vt 0.6873013 0.7319744
vt 0.6873013 0.7319744
vt 0.6873014 0.5180256
vt 0.6873014 0.5180256
vt 0.6873014 0.5180256
vt 0.6873014 0.5180256
vt 0.8126987 0.5180211
vt 0.8126987 0.5180211
vt 0.8126987 0.5180211
vt 0.8126987 0.5180211
vt 0.8126987 0.7319789
vt 0.8126987 0.7319789
vt 0.6873014 0.5180256
vt 0.8126987 0.5180211
vt 0.8126987 0.7319789
vt 0.6873013 0.7319744
vt 0.6873014 0.5180256
vt 0.6873013 0.7319744
vt 0.8126987 0.7319789
vt 0.8126987 0.5180211
vt 0.8126987 0.7319789
vt 0.8126987 0.7319789
vt 0.6873013 0.7319744
vt 0.6873013 0.7319744
vt 0.6873013 0.7319744
vt 0.6873013 0.7319744
vt 0.6873014 0.5180256
vt 0.6873014 0.5180256
vt 0.6873014 0.5180256
vt 0.6873014 0.5180256
vt 0.8126987 0.5180211
vt 0.8126987 0.5180211
vt 0.8126987 0.5180211
vt 0.8126987 0.5180211
vt 0.8126987 0.7319789
vt 0.8126987 0.7319789
vt 0.6873014 0.5180256
vt 0.8126987 0.5180211
vt 0.8126987 0.7319789
vt 0.6873013 0.7319744
vt 0.6873014 0.5180256
vt 0.6873013 0.7319744
vt 0.8126987 0.7319789
vt 0.8126987 0.5180211
vt 0.8126987 0.7319789
vt 0.8126987 0.7319789
vt 0.6873013 0.7319744
vt 0.6873013 0.7319744
vt 0.6873013 0.7319744
vt 0.6873013 0.7319744
vt 0.6873014 0.5180256
vt 0.6873014 0.5180256
vt 0.6873014 0.5180256
vt 0.6873014 0.5180256
vt 0.8126987 0.5180211
vt 0.8126987 0.5180211
vt 0.8126987 0.5180211
vt 0.8126987 0.5180211
vt 0.8126987 0.7319789
vt 0.8126987 0.7319789
vt 0.6873014 0.5180256
vt 0.8126987 0.5180211
vt 0.8126987 0.7319789
vt 0.6873013 0.7319744
vt 0.6873014 0.5180256
vt 0.6873013 0.7319744
vt 0.8126987 0.7319789
vt 0.8126987 0.5180211
vt 0.8126987 0.7319789
vt 0.8126987 0.7319789
vt 0.6873013 0.7319744
vt 0.6873013 0.7319744
vt 0.6873013 0.7319744
vt 0.6873013 0.7319744
vt 0.6873014 0.5180256
vt 0.6873014 0.5180256
vt 0.6873014 0.5180256
vt 0.6873014 0.5180256
vt 0.8126987 0.5180211
vt 0.8126987 0.5180211
vt 0.8126987 0.5180211
vt 0.8126987 0.5180211
vt 0.8126987 0.7319789
vt 0.8126987 0.7319789
vt 0.6873014 0.5180256
vt 0.8126987 0.5180211
vt 0.8126987 0.7319789
vt 0.6873013 0.7319744
vt 0.6873014 0.5180256
vt 0.6873013 0.7319744
vt 0.8126987 0.7319789
vt 0.8126987 0.5180211
vt 0.8126987 0.7319789
vt 0.8126987 0.7319789
vt 0.6873013 0.7319744
vt 0.6873013 0.7319744
vt 0.6873013 0.7319744
vt 0.6873013 0.7319744
vt 0.6873014 0.5180256
vt 0.6873014 0.5180256
vt 0.6873014 0.5180256
vt 0.6873014 0.5180256
vt 0.8126987 0.5180211
vt 0.8126987 0.5180211
vt 0.8126987 0.5180211
vt 0.8126987 0.5180211
vt 0.8126987 0.7319789
vt 0.8126987 0.7319789
vt 0.6873014 0.5180256
vt 0.8126987 0.5180211
vt 0.8126987 0.7319789
vt 0.6873013 0.7319744
vt 0.6873014 0.5180256
vt 0.6873013 0.7319744
vt 0.8126987 0.7319789
vt 0.8126987 0.5180211
vt 0.8126987 0.7319789
vt 0.8126987 0.7319789
vt 0.6873013 0.7319744
vt 0.6873013 0.7319744
vt 0.6873013 0.7319744
vt 0.6873013 0.7319744
vt 0.6873014 0.5180256
vt 0.6873014 0.5180256
vt 0.6873014 0.5180256
vt 0.6873014 0.5180256
vt 0.8126987 0.5180211
vt 0.8126987 0.5180211
vt 0.8126987 0.5180211
vt 0.8126987 0.5180211
vt 0.8126987 0.7319789
vt 0.8126987 0.7319789
vt 0.6873014 0.5180256
vt 0.8126987 0.5180211
vt 0.8126987 0.7319789
vt 0.6873013 0.7319744
vt 0.6873014 0.5180256
vt 0.6873013 0.7319744
vt 0.8126987 0.7319789
vt 0.8126987 0.5180211
vt 0.8126987 0.7319789
vt 0.8126987 0.7319789
vt 0.6873013 0.7319744
vt 0.6873013 0.7319744
vt 0.6873013 0.7319744
vt 0.6873013 0.7319744
vt 0.6873014 0.5180256
vt 0.6873014 0.5180256
vt 0.6873014 0.5180256
vt 0.6873014 0.5180256
vt 0.8126987 0.5180211
vt 0.8126987 0.5180211
vt 0.8126987 0.5180211
vt 0.8126987 0.5180211
vt 0.8126987 0.7319789
vt 0.8126987 0.7319789
vt 0.6873014 0.5180256
vt 0.8126987 0.5180211
vt 0.8126987 0.7319789
vt 0.6873013 0.7319744
vt 0.6873014 0.5180256
vt 0.6873013 0.7319744
vt 0.8126987 0.7319789
vt 0.8126987 0.5180211
vt 0.8126987 0.7319789
vt 0.8126987 0.7319789
vt 0.6873013 0.7319744
vt 0.6873013 0.7319744
vt 0.6873013 0.7319744
vt 0.6873013 0.7319744
vt 0.6873014 0.5180256
vt 0.6873014 0.5180256
vt 0.6873014 0.5180256
vt 0.6873014 0.5180256
vt 0.8126987 0.5180211
vt 0.8126987 0.5180211
vt 0.8126987 0.5180211
vt 0.8126987 0.5180211
vt 0.8126987 0.7319789
vt 0.8126987 0.7319789
vt 0.6873014 0.5180256
vt 0.8126987 0.5180211
vt 0.8126987 0.7319789
vt 0.6873013 0.7319744
vt 0.6873014 0.5180256
vt 0.6873013 0.7319744
vt 0.8126987 0.7319789
vt 0.8126987 0.5180211
vt 0.8126987 0.7319789
vt 0.8126987 0.7319789
vt 0.6873013 0.7319744
vt 0.6873013 0.7319744
vt 0.6873013 0.7319744
vt 0.6873013 0.7319744
vt 0.6873014 0.5180256
vt 0.6873014 0.5180256
vt 0.6873014 0.5180256
vt 0.6873014 0.5180256
vt 0.8126987 0.5180211
vt 0.8126987 0.5180211
vt 0.8126987 0.5180211
vt 0.8126987 0.5180211
vt 0.8126987 0.7319789
vt 0.8126987 0.7319789
vt 0.6873014 0.5180256
vt 0.8126987 0.5180211
vt 0.8126987 0.7319789
vt 0.6873013 0.7319744
vt 0.6873014 0.5180256
vt 0.6873013 0.7319744
vt 0.8126987 0.7319789
vt 0.8126987 0.5180211
vt 0.8126987 0.7319789
vt 0.8126987 0.7319789
vt 0.6873013 0.7319744
vt 0.6873013 0.7319744
vt 0.6873013 0.7319744
vt 0.6873013 0.7319744
vt 0.6873014 0.5180256
vt 0.6873014 0.5180256
vt 0.6873014 0.5180256
vt 0.6873014 0.5180256
vt 0.8126987 0.5180211
vt 0.8126987 0.5180211
vt 0.8126987 0.5180211
vt 0.8126987 0.5180211
vt 0.8126987 0.7319789
vt 0.8126987 0.7319789
vt 0.6873014 0.5180256
vt 0.8126987 0.5180211
vt 0.8126987 0.7319789
vt 0.6873013 0.7319744
vt 0.6873014 0.5180256
vt 0.6873013 0.7319744
vt 0.8126987 0.7319789
vt 0.8126987 0.5180211
vt 0.8126987 0.7319789
vt 0.8126987 0.7319789
vt 0.6873013 0.7319744
vt 0.6873013 0.7319744
vt 0.6873013 0.7319744
vt 0.6873013 0.7319744
vt 0.6873014 0.5180256
vt 0.6873014 0.5180256
vt 0.6873014 0.5180256
vt 0.6873014 0.5180256
vt 0.8126987 0.5180211
vt 0.8126987 0.5180211
vt 0.8126987 0.5180211
vt 0.8126987 0.5180211
vt 0.8126987 0.7319789
vt 0.8126987 0.7319789
vt 0.6873014 0.5180256
vt 0.8126987 0.5180211
vt 0.8126987 0.7319789
vt 0.6873013 0.7319744
vt 0.6873014 0.5180256
vt 0.6873013 0.7319744
vt 0.8126987 0.7319789
vt 0.8126987 0.5180211
vt 0.8126987 0.7319789
vt 0.8126987 0.7319789
vt 0.6873013 0.7319744
vt 0.6873013 0.7319744
vt 0.6873013 0.7319744
vt 0.6873013 0.7319744
vt 0.6873014 0.5180256
vt 0.6873014 0.5180256
vt 0.6873014 0.5180256
vt 0.6873014 0.5180256
vt 0.8126987 0.5180211
vt 0.8126987 0.5180211
vt 0.8126987 0.5180211
vt 0.8126987 0.5180211
vt 0.8126987 0.7319789
vt 0.8126987 0.7319789
vt 0.6873014 0.5180256
vt 0.8126987 0.5180211
vt 0.8126987 0.7319789
vt 0.6873013 0.7319744
vt 0.6873014 0.5180256
vt 0.6873013 0.7319744
vt 0.8126987 0.7319789
vt 0.8126987 0.5180211
vt 0.8126987 0.7319789
vt 0.8126987 0.7319789
vt 0.6873013 0.7319744
vt 0.6873013 0.7319744
vt 0.6873013 0.7319744
vt 0.6873013 0.7319744
vt 0.6873014 0.5180256
vt 0.6873014 0.5180256
vt 0.6873014 0.5180256
vt 0.6873014 0.5180256
vt 0.8126987 0.5180211
vt 0.8126987 0.5180211
vt 0.8126987 0.5180211
vt 0.8126987 0.5180211
vt 0.8126987 0.7319789
vt 0.8126987 0.7319789
vt 0.6873014 0.5180256
vt 0.8126987 0.5180211
vt 0.8126987 0.7319789
vt 0.6873013 0.7319744
vt 0.6873014 0.5180256
vt 0.6873013 0.7319744
vt 0.8126987 0.7319789
vt 0.8126987 0.5180211
vt 0.8126987 0.7319789
vt 0.8126987 0.7319789
vt 0.6873013 0.7319744
vt 0.6873013 0.7319744
vt 0.6873013 0.7319744
vt 0.6873013 0.7319744
vt 0.6873014 0.5180256
vt 0.6873014 0.5180256
vt 0.6873014 0.5180256
vt 0.6873014 0.5180256
vt 0.8126987 0.5180211
vt 0.8126987 0.5180211
vt 0.8126987 0.5180211
vt 0.8126987 0.5180211
vt 0.8126987 0.7319789
vt 0.8126987 0.7319789
vt 0.6873014 0.5180256
vt 0.8126987 0.5180211
vt 0.8126987 0.7319789
vt 0.6873013 0.7319744
vt 0.6873014 0.5180256
vt 0.6873013 0.7319744
vt 0.8126987 0.7319789
vt 0.8126987 0.5180211
vt 0.8126987 0.7319789
vt 0.8126987 0.7319789
vt 0.6873013 0.7319744
vt 0.6873013 0.7319744
vt 0.6873013 0.7319744
vt 0.6873013 0.7319744
vt 0.6873014 0.5180256
vt 0.6873014 0.5180256
vt 0.6873014 0.5180256
vt 0.6873014 0.5180256
vt 0.8126987 0.5180211
vt 0.8126987 0.5180211
vt 0.8126987 0.5180211
vt 0.8126987 0.5180211
vt 0.8126987 0.7319789
vt 0.8126987 0.7319789
vt 0.6873014 0.5180256
vt 0.8126987 0.5180211
vt 0.8126987 0.7319789
vt 0.6873013 0.7319744
vt 0.6873014 0.5180256
vt 0.6873013 0.7319744
vt 0.8126987 0.7319789
vt 0.8126987 0.5180211
vt 0.8126987 0.7319789
vt 0.8126987 0.7319789
vt 0.6873013 0.7319744
vt 0.6873013 0.7319744
vt 0.6873013 0.7319744
vt 0.6873013 0.7319744
vt 0.6873014 0.5180256
vt 0.6873014 0.5180256
vt 0.6873014 0.5180256
vt 0.6873014 0.5180256
vt 0.8126987 0.5180211
vt 0.8126987 0.5180211
vt 0.8126987 0.5180211
vt 0.8126987 0.5180211
vt 0.8126987 0.7319789
vt 0.8126987 0.7319789
vt 0.6873014 0.5180256
vt 0.8126987 0.5180211
vt 0.8126987 0.7319789
vt 0.6873013 0.7319744
vt 0.6873014 0.5180256
vt 0.6873013 0.7319744
vt 0.8126987 0.7319789
vt 0.8126987 0.5180211
vt 0.8126987 0.7319789
vt 0.8126987 0.7319789
vt 0.6873013 0.7319744
vt 0.6873013 0.7319744
vt 0.6873013 0.7319744
vt 0.6873013 0.7319744
vt 0.6873014 0.5180256
vt 0.6873014 0.5180256
vt 0.6873014 0.5180256
vt 0.6873014 0.5180256
vt 0.8126987 0.5180211
vt 0.8126987 0.5180211
vt 0.8126987 0.5180211
vt 0.8126987 0.5180211
vt 0.8126987 0.7319789
vt 0.8126987 0.7319789
vt 0.6873014 0.5180256
vt 0.8126987 0.5180211
vt 0.8126987 0.7319789
vt 0.6873013 0.7319744
vt 0.6873014 0.5180256
vt 0.6873013 0.7319744
vt 0.8126987 0.7319789
vt 0.8126987 0.5180211
vt 0.8126987 0.7319789
vt 0.8126987 0.7319789
vt 0.6873013 0.7319744
vt 0.6873013 0.7319744
vt 0.6873013 0.7319744
vt 0.6873013 0.7319744
vt 0.6873014 0.5180256
vt 0.6873014 0.5180256
vt 0.6873014 0.5180256
vt 0.6873014 0.5180256
vt 0.8126987 0.5180211
vt 0.8126987 0.5180211
vt 0.8126987 0.5180211
vt 0.8126987 0.5180211
vt 0.8126987 0.7319789
vt 0.8126987 0.7319789
vt 0.6873014 0.5180256
vt 0.8126987 0.5180211
vt 0.8126987 0.7319789
vt 0.6873013 0.7319744
vt 0.6873014 0.5180256
vt 0.6873013 0.7319744
vt 0.8126987 0.7319789
vt 0.8126987 0.5180211
vt 0.8126987 0.7319789
vt 0.8126987 0.7319789
vt 0.6873013 0.7319744
vt 0.6873013 0.7319744
vt 0.6873013 0.7319744
vt 0.6873013 0.7319744
vt 0.6873014 0.5180256
vt 0.6873014 0.5180256
vt 0.6873014 0.5180256
vt 0.6873014 0.5180256
vt 0.8126987 0.5180211
vt 0.8126987 0.5180211
vt 0.8126987 0.5180211
vt 0.8126987 0.5180211
vt 0.8126987 0.7319789
vt 0.8126987 0.7319789
vt 0.6873014 0.5180256
vt 0.8126987 0.5180211
vt 0.8126987 0.7319789
vt 0.6873013 0.7319744
vt 0.6873014 0.5180256
vt 0.6873013 0.7319744
vt 0.8126987 0.7319789
vt 0.8126987 0.5180211
vt 0.8126987 0.7319789
vt 0.8126987 0.7319789
vt 0.6873013 0.7319744
vt 0.6873013 0.7319744
vt 0.6873013 0.7319744
vt 0.6873013 0.7319744
vt 0.6873014 0.5180256
vt 0.6873014 0.5180256
vt 0.6873014 0.5180256
vt 0.6873014 0.5180256
vt 0.8126987 0.5180211
vt 0.8126987 0.5180211
vt 0.8126987 0.5180211
vt 0.8126987 0.5180211
vt 0.8126987 0.7319789
vt 0.8126987 0.7319789
vn 0.0001059034 1 0
vn 0.0001059034 1 0
vn 0.0001059034 1 0
vn 0.0001059034 1 0
vn -0.0001059039 -1 0
vn -0.0001059039 -1 0
vn -0.0001059039 -1 0
vn -0.0001059039 -1 0
vn 5.0017E-06 0 -1
vn 5.0017E-06 0 -1
vn 5.0017E-06 0 -1
vn 5.0017E-06 0 -1
vn 0.999992 -0.004004264 0
vn 0.999992 -0.004004264 0
vn 0.999992 -0.004004264 0
vn 0.999992 -0.004004264 0
vn 5.0017E-06 0 1
vn 5.0017E-06 0 1
vn 5.0017E-06 0 1
vn 5.0017E-06 0 1
vn -0.999992 0.004004248 0
vn -0.999992 0.004004248 0
vn -0.999992 0.004004248 0
vn -0.999992 0.004004248 0
vn 0.000105905 1 0
vn 0.000105905 1 0
vn 0.000105905 1 0
vn 0.000105905 1 0
vn -0.0001059055 -1 0
vn -0.0001059055 -1 0
vn -0.0001059055 -1 0
vn -0.0001059055 -1 0
vn 5.0017E-06 0 -1
vn 5.0017E-06 0 -1
vn 5.0017E-06 0 -1
vn 5.0017E-06 0 -1
vn 0.999992 -0.004004264 0
vn 0.999992 -0.004004264 0
vn 0.999992 -0.004004264 0
vn 0.999992 -0.004004264 0
vn 5.0017E-06 0 1
vn 5.0017E-06 0 1
vn 5.0017E-06 0 1
vn 5.0017E-06 0 1
vn -0.999992 0.004004217 0
vn -0.999992 0.004004217 0
vn -0.999992 0.004004217 0
vn -0.999992 0.004004217 0
vn 0.0001059045 1 0
vn 0.0001059045 1 0
vn 0.0001059045 1 0
vn 0.0001059045 1 0
vn -0.0001059102 -1 0
vn -0.0001059102 -1 0
vn -0.0001059102 -1 0
vn -0.0001059102 -1 0
vn 4.840352E-06 0 -1
vn 4.840352E-06 0 -1
vn 4.840352E-06 0 -1
vn 4.840352E-06 0 -1
vn 0.999992 -0.004004264 0
vn 0.999992 -0.004004264 0
vn 0.999992 -0.004004264 0
vn 0.999992 -0.004004264 0
vn 5.163047E-06 0 1
vn 5.163047E-06 0 1
vn 5.163047E-06 0 1
vn 5.163047E-06 0 1
vn -0.999992 0.004004217 0
vn -0.999992 0.004004217 0
vn -0.999992 0.004004217 0
vn -0.999992 0.004004217 0
vn 0.0001059034 1 0
vn 0.0001059034 1 0
vn 0.0001059034 1 0
vn 0.0001059034 1 0
vn -0.0001059039 -1 0
vn -0.0001059039 -1 0
vn -0.0001059039 -1 0
vn -0.0001059039 -1 0
vn 5.0017E-06 0 -1
vn 5.0017E-06 0 -1
vn 5.0017E-06 0 -1
vn 5.0017E-06 0 -1
vn 0.999992 -0.004004264 0
vn 0.999992 -0.004004264 0
vn 0.999992 -0.004004264 0
vn 0.999992 -0.004004264 0
vn 5.0017E-06 0 1
vn 5.0017E-06 0 1
vn 5.0017E-06 0 1
vn 5.0017E-06 0 1
vn -0.999992 0.004004217 0
vn -0.999992 0.004004217 0
vn -0.999992 0.004004217 0
vn -0.999992 0.004004217 0
vn 0.000105905 1 0
vn 0.000105905 1 0
vn 0.000105905 1 0
vn 0.000105905 1 0
vn -0.0001059055 -1 0
vn -0.0001059055 -1 0
vn -0.0001059055 -1 0
vn -0.0001059055 -1 0
vn 5.0017E-06 0 -1
vn 5.0017E-06 0 -1
vn 5.0017E-06 0 -1
vn 5.0017E-06 0 -1
vn 0.999992 -0.004004264 0
vn 0.999992 -0.004004264 0
vn 0.999992 -0.004004264 0
vn 0.999992 -0.004004264 0
vn 5.0017E-06 0 1
vn 5.0017E-06 0 1
vn 5.0017E-06 0 1
vn 5.0017E-06 0 1
vn -0.999992 0.004004217 0
vn -0.999992 0.004004217 0
vn -0.999992 0.004004217 0
vn -0.999992 0.004004217 0
vn 0.0001059034 1 0
vn 0.0001059034 1 0
vn 0.0001059034 1 0
vn 0.0001059034 1 0
vn -0.0001059039 -1 0
vn -0.0001059039 -1 0
vn -0.0001059039 -1 0
vn -0.0001059039 -1 0
vn 5.0017E-06 0 -1
vn 5.0017E-06 0 -1
vn 5.0017E-06 0 -1
vn 5.0017E-06 0 -1
vn 0.999992 -0.004004264 0
vn 0.999992 -0.004004264 0
vn 0.999992 -0.004004264 0
vn 0.999992 -0.004004264 0
vn 5.0017E-06 0 1
vn 5.0017E-06 0 1
vn 5.0017E-06 0 1
vn 5.0017E-06 0 1
vn -0.999992 0.004004217 0
vn -0.999992 0.004004217 0
vn -0.999992 0.004004217 0
vn -0.999992 0.004004217 0
vn 0.0001059045 1 0
vn 0.0001059045 1 0
vn 0.0001059045 1 0
vn 0.0001059045 1 0
vn -0.000105905 -1 0
vn -0.000105905 -1 0
vn -0.000105905 -1 0
vn -0.000105905 -1 0
vn 5.0017E-06 0 -1
vn 5.0017E-06 0 -1
vn 5.0017E-06 0 -1
vn 5.0017E-06 0 -1
vn 0.999992 -0.004004248 0
vn 0.999992 -0.004004248 0
vn 0.999992 -0.004004248 0
vn 0.999992 -0.004004248 0
vn 5.0017E-06 0 1
vn 5.0017E-06 0 1
vn 5.0017E-06 0 1
vn 5.0017E-06 0 1
vn -0.999992 0.004004233 0
vn -0.999992 0.004004233 0
vn -0.999992 0.004004233 0
vn -0.999992 0.004004233 0
vn 0.0001059039 1 0
vn 0.0001059039 1 0
vn 0.0001059039 1 0
vn 0.0001059039 1 0
vn -0.0001059044 -1 0
vn -0.0001059044 -1 0
vn -0.0001059044 -1 0
vn -0.0001059044 -1 0
vn 5.0017E-06 0 -1
vn 5.0017E-06 0 -1
vn 5.0017E-06 0 -1
vn 5.0017E-06 0 -1
vn 0.999992 -0.004004248 0
vn 0.999992 -0.004004248 0
vn 0.999992 -0.004004248 0
vn 0.999992 -0.004004248 0
vn 5.0017E-06 -5.358038E-06 1
vn 5.0017E-06 -5.358038E-06 1
vn 5.0017E-06 -5.358038E-06 1
vn 5.0017E-06 -5.358038E-06 1
vn -0.999992 0.004004233 0
vn -0.999992 0.004004233 0
vn -0.999992 0.004004233 0
vn -0.999992 0.004004233 0
vn 0.0001059039 1 0
vn 0.0001059039 1 0
vn 0.0001059039 1 0
vn 0.0001059039 1 0
vn -0.0001059044 -1 0
vn -0.0001059044 -1 0
vn -0.0001059044 -1 0
vn -0.0001059044 -1 0
vn 5.0017E-06 0 -1
vn 5.0017E-06 0 -1
vn 5.0017E-06 0 -1
vn 5.0017E-06 0 -1
vn 0.999992 -0.004004248 0
vn 0.999992 -0.004004248 0
vn 0.999992 -0.004004248 0
vn 0.999992 -0.004004248 0
vn 5.0017E-06 0 1
vn 5.0017E-06 0 1
vn 5.0017E-06 0 1
vn 5.0017E-06 0 1
vn -0.999992 0.004004233 0
vn -0.999992 0.004004233 0
vn -0.999992 0.004004233 0
vn -0.999992 0.004004233 0
vn 0.0001059045 1 0
vn 0.0001059045 1 0
vn 0.0001059045 1 0
vn 0.0001059045 1 0
vn -0.000105905 -1 0
vn -0.000105905 -1 0
vn -0.000105905 -1 0
vn -0.000105905 -1 0
vn 5.0017E-06 0 -1
vn 5.0017E-06 0 -1
vn 5.0017E-06 0 -1
vn 5.0017E-06 0 -1
vn 0.999992 -0.004004248 0
vn 0.999992 -0.004004248 0
vn 0.999992 -0.004004248 0
vn 0.999992 -0.004004248 0
vn 5.0017E-06 0 1
vn 5.0017E-06 0 1
vn 5.0017E-06 0 1
vn 5.0017E-06 0 1
vn -0.999992 0.004004233 0
vn -0.999992 0.004004233 0
vn -0.999992 0.004004233 0
vn -0.999992 0.004004233 0
vn 0.0001059039 1 0
vn 0.0001059039 1 0
vn 0.0001059039 1 0
vn 0.0001059039 1 0
vn -0.0001059044 -1 0
vn -0.0001059044 -1 0
vn -0.0001059044 -1 0
vn -0.0001059044 -1 0
vn 5.0017E-06 0 -1
vn 5.0017E-06 0 -1
vn 5.0017E-06 0 -1
vn 5.0017E-06 0 -1
vn 0.999992 -0.004004248 0
vn 0.999992 -0.004004248 0
vn 0.999992 -0.004004248 0
vn 0.999992 -0.004004248 0
vn 5.0017E-06 0 1
vn 5.0017E-06 0 1
vn 5.0017E-06 0 1
vn 5.0017E-06 0 1
vn -0.999992 0.004004233 0
vn -0.999992 0.004004233 0
vn -0.999992 0.004004233 0
vn -0.999992 0.004004233 0
vn 0.0001059039 1 0
vn 0.0001059039 1 0
vn 0.0001059039 1 0
vn 0.0001059039 1 0
vn -0.0001059044 -1 0
vn -0.0001059044 -1 0
vn -0.0001059044 -1 0
vn -0.0001059044 -1 0
vn 5.0017E-06 0 -1
vn 5.0017E-06 0 -1
vn 5.0017E-06 0 -1
vn 5.0017E-06 0 -1
vn 0.999992 -0.004004248 0
vn 0.999992 -0.004004248 0
vn 0.999992 -0.004004248 0
vn 0.999992 -0.004004248 0
vn 5.0017E-06 0 1
vn 5.0017E-06 0 1
vn 5.0017E-06 0 1
vn 5.0017E-06 0 1
vn -0.999992 0.004004233 0
vn -0.999992 0.004004233 0
vn -0.999992 0.004004233 0
vn -0.999992 0.004004233 0
vn 0.0001059039 1 0
vn 0.0001059039 1 0
vn 0.0001059039 1 0
vn 0.0001059039 1 0
vn -0.0001059044 -1 0
vn -0.0001059044 -1 0
vn -0.0001059044 -1 0
vn -0.0001059044 -1 0
vn 5.0017E-06 0 -1
vn 5.0017E-06 0 -1
vn 5.0017E-06 0 -1
vn 5.0017E-06 0 -1
vn 0.999992 -0.004004233 0
vn 0.999992 -0.004004233 0
vn 0.999992 -0.004004233 0
vn 0.999992 -0.004004233 0
vn 5.0017E-06 0 1
vn 5.0017E-06 0 1
vn 5.0017E-06 0 1
vn 5.0017E-06 0 1
vn -0.999992 0.004004248 0
vn -0.999992 0.004004248 0
vn -0.999992 0.004004248 0
vn -0.999992 0.004004248 0
vn 0.0001059039 1 0
vn 0.0001059039 1 0
vn 0.0001059039 1 0
vn 0.0001059039 1 0
vn -0.0001059044 -1 0
vn -0.0001059044 -1 0
vn -0.0001059044 -1 0
vn -0.0001059044 -1 0
vn 5.0017E-06 0 -1
vn 5.0017E-06 0 -1
vn 5.0017E-06 0 -1
vn 5.0017E-06 0 -1
vn 0.999992 -0.004004233 0
vn 0.999992 -0.004004233 0
vn 0.999992 -0.004004233 0
vn 0.999992 -0.004004233 0
vn 5.0017E-06 0 1
vn 5.0017E-06 0 1
vn 5.0017E-06 0 1
vn 5.0017E-06 0 1
vn -0.999992 0.004004248 0
vn -0.999992 0.004004248 0
vn -0.999992 0.004004248 0
vn -0.999992 0.004004248 0
vn 0.0001059039 1 0
vn 0.0001059039 1 0
vn 0.0001059039 1 0
vn 0.0001059039 1 0
vn -0.0001059044 -1 0
vn -0.0001059044 -1 0
vn -0.0001059044 -1 0
vn -0.0001059044 -1 0
vn 5.0017E-06 0 -1
vn 5.0017E-06 0 -1
vn 5.0017E-06 0 -1
vn 5.0017E-06 0 -1
vn 0.999992 -0.004004248 0
vn 0.999992 -0.004004248 0
vn 0.999992 -0.004004248 0
vn 0.999992 -0.004004248 0
vn 5.0017E-06 0 1
vn 5.0017E-06 0 1
vn 5.0017E-06 0 1
vn 5.0017E-06 0 1
vn -0.999992 0.004004248 0
vn -0.999992 0.004004248 0
vn -0.999992 0.004004248 0
vn -0.999992 0.004004248 0
vn 0.0001059039 1 0
vn 0.0001059039 1 0
vn 0.0001059039 1 0
vn 0.0001059039 1 0
vn -0.0001059044 -1 0
vn -0.0001059044 -1 0
vn -0.0001059044 -1 0
vn -0.0001059044 -1 0
vn 5.0017E-06 0 -1
vn 5.0017E-06 0 -1
vn 5.0017E-06 0 -1
vn 5.0017E-06 0 -1
vn 0.999992 -0.004004248 0
vn 0.999992 -0.004004248 0
vn 0.999992 -0.004004248 0
vn 0.999992 -0.004004248 0
vn 5.0017E-06 0 1
vn 5.0017E-06 0 1
vn 5.0017E-06 0 1
vn 5.0017E-06 0 1
vn -0.999992 0.004004233 0
vn -0.999992 0.004004233 0
vn -0.999992 0.004004233 0
vn -0.999992 0.004004233 0
vn 0.0001059042 1 0
vn 0.0001059042 1 0
vn 0.0001059042 1 0
vn 0.0001059042 1 0
vn -0.0001059047 -1 0
vn -0.0001059047 -1 0
vn -0.0001059047 -1 0
vn -0.0001059047 -1 0
vn 5.0017E-06 0 -1
vn 5.0017E-06 0 -1
vn 5.0017E-06 0 -1
vn 5.0017E-06 0 -1
vn 0.999992 -0.004004248 0
vn 0.999992 -0.004004248 0
vn 0.999992 -0.004004248 0
vn 0.999992 -0.004004248 0
vn 5.0017E-06 0 1
vn 5.0017E-06 0 1
vn 5.0017E-06 0 1
vn 5.0017E-06 0 1
vn -0.999992 0.004004233 0
vn -0.999992 0.004004233 0
vn -0.999992 0.004004233 0
vn -0.999992 0.004004233 0
vn 0.0001059042 1 0
vn 0.0001059042 1 0
vn 0.0001059042 1 0
vn 0.0001059042 1 0
vn -0.0001059047 -1 0
vn -0.0001059047 -1 0
vn -0.0001059047 -1 0
vn -0.0001059047 -1 0
vn 5.0017E-06 0 -1
vn 5.0017E-06 0 -1
vn 5.0017E-06 0 -1
vn 5.0017E-06 0 -1
vn 0.999992 -0.004004248 0
vn 0.999992 -0.004004248 0
vn 0.999992 -0.004004248 0
vn 0.999992 -0.004004248 0
vn 5.0017E-06 0 1
vn 5.0017E-06 0 1
vn 5.0017E-06 0 1
vn 5.0017E-06 0 1
vn -0.999992 0.004004233 0
vn -0.999992 0.004004233 0
vn -0.999992 0.004004233 0
vn -0.999992 0.004004233 0
vn 0.0001059039 1 0
vn 0.0001059039 1 0
vn 0.0001059039 1 0
vn 0.0001059039 1 0
vn -0.0001059044 -1 0
vn -0.0001059044 -1 0
vn -0.0001059044 -1 0
vn -0.0001059044 -1 0
vn 5.0017E-06 0 -1
vn 5.0017E-06 0 -1
vn 5.0017E-06 0 -1
vn 5.0017E-06 0 -1
vn 0.999992 -0.004004248 0
vn 0.999992 -0.004004248 0
vn 0.999992 -0.004004248 0
vn 0.999992 -0.004004248 0
vn 5.0017E-06 0 1
vn 5.0017E-06 0 1
vn 5.0017E-06 0 1
vn 5.0017E-06 0 1
vn -0.999992 0.004004233 0
vn -0.999992 0.004004233 0
vn -0.999992 0.004004233 0
vn -0.999992 0.004004233 0
vn 0.0001059042 1 0
vn 0.0001059042 1 0
vn 0.0001059042 1 0
vn 0.0001059042 1 0
vn -0.0001059047 -1 0
vn -0.0001059047 -1 0
vn -0.0001059047 -1 0
vn -0.0001059047 -1 0
vn 5.0017E-06 0 -1
vn 5.0017E-06 0 -1
vn 5.0017E-06 0 -1
vn 5.0017E-06 0 -1
vn 0.999992 -0.004004248 0
vn 0.999992 -0.004004248 0
vn 0.999992 -0.004004248 0
vn 0.999992 -0.004004248 0
vn 5.0017E-06 0 1
vn 5.0017E-06 0 1
vn 5.0017E-06 0 1
vn 5.0017E-06 0 1
vn -0.999992 0.004004233 0
vn -0.999992 0.004004233 0
vn -0.999992 0.004004233 0
vn -0.999992 0.004004233 0
vn 0.0001059042 1 0
vn 0.0001059042 1 0
vn 0.0001059042 1 0
vn 0.0001059042 1 0
vn -0.0001059047 -1 0
vn -0.0001059047 -1 0
vn -0.0001059047 -1 0
vn -0.0001059047 -1 0
vn 5.0017E-06 0 -1
vn 5.0017E-06 0 -1
vn 5.0017E-06 0 -1
vn 5.0017E-06 0 -1
vn 0.999992 -0.004004248 0
vn 0.999992 -0.004004248 0
vn 0.999992 -0.004004248 0
vn 0.999992 -0.004004248 0
vn 5.0017E-06 0 1
vn 5.0017E-06 0 1
vn 5.0017E-06 0 1
vn 5.0017E-06 0 1
vn -0.999992 0.004004233 0
vn -0.999992 0.004004233 0
vn -0.999992 0.004004233 0
vn -0.999992 0.004004233 0
vn 0.0001059042 1 0
vn 0.0001059042 1 0
vn 0.0001059042 1 0
vn 0.0001059042 1 0
vn -0.0001059047 -1 0
vn -0.0001059047 -1 0
vn -0.0001059047 -1 0
vn -0.0001059047 -1 0
vn 5.0017E-06 0 -1
vn 5.0017E-06 0 -1
vn 5.0017E-06 0 -1
vn 5.0017E-06 0 -1
vn 0.999992 -0.004004248 0
vn 0.999992 -0.004004248 0
vn 0.999992 -0.004004248 0
vn 0.999992 -0.004004248 0
vn 5.0017E-06 0 1
vn 5.0017E-06 0 1
vn 5.0017E-06 0 1
vn 5.0017E-06 0 1
vn -0.999992 0.004004233 0
vn -0.999992 0.004004233 0
vn -0.999992 0.004004233 0
vn -0.999992 0.004004233 0
vn 0.0001059042 1 0
vn 0.0001059042 1 0
vn 0.0001059042 1 0
vn 0.0001059042 1 0
vn -0.0001059047 -1 0
vn -0.0001059047 -1 0
vn -0.0001059047 -1 0
vn -0.0001059047 -1 0
vn 5.0017E-06 0 -1
vn 5.0017E-06 0 -1
vn 5.0017E-06 0 -1
vn 5.0017E-06 0 -1
vn 0.999992 -0.004004248 0
vn 0.999992 -0.004004248 0
vn 0.999992 -0.004004248 0
vn 0.999992 -0.004004248 0
vn 5.0017E-06 0 1
vn 5.0017E-06 0 1
vn 5.0017E-06 0 1
vn 5.0017E-06 0 1
vn -0.999992 0.004004233 0
vn -0.999992 0.004004233 0
vn -0.999992 0.004004233 0
vn -0.999992 0.004004233 0
vn 0.0001059042 1 0
vn 0.0001059042 1 0
vn 0.0001059042 1 0
vn 0.0001059042 1 0
vn -0.0001059047 -1 0
vn -0.0001059047 -1 0
vn -0.0001059047 -1 0
vn -0.0001059047 -1 0
vn 5.0017E-06 0 -1
vn 5.0017E-06 0 -1
vn 5.0017E-06 0 -1
vn 5.0017E-06 0 -1
vn 0.999992 -0.004004241 0
vn 0.999992 -0.004004241 0
vn 0.999992 -0.004004241 0
vn 0.999992 -0.004004241 0
vn 5.0017E-06 0 1
vn 5.0017E-06 0 1
vn 5.0017E-06 0 1
vn 5.0017E-06 0 1
vn -0.999992 0.00400424 0
vn -0.999992 0.00400424 0
vn -0.999992 0.00400424 0
vn -0.999992 0.00400424 0
vn 0.0001059042 1 0
vn 0.0001059042 1 0
vn 0.0001059042 1 0
vn 0.0001059042 1 0
vn -0.0001059047 -1 0
vn -0.0001059047 -1 0
vn -0.0001059047 -1 0
vn -0.0001059047 -1 0
vn 5.0017E-06 0 -1
vn 5.0017E-06 0 -1
vn 5.0017E-06 0 -1
vn 5.0017E-06 0 -1
vn 0.999992 -0.004004241 0
vn 0.999992 -0.004004241 0
vn 0.999992 -0.004004241 0
vn 0.999992 -0.004004241 0
vn 5.0017E-06 0 1
vn 5.0017E-06 0 1
vn 5.0017E-06 0 1
vn 5.0017E-06 0 1
vn -0.999992 0.00400424 0
vn -0.999992 0.00400424 0
vn -0.999992 0.00400424 0
vn -0.999992 0.00400424 0
vn 0.0001059042 1 0
vn 0.0001059042 1 0
vn 0.0001059042 1 0
vn 0.0001059042 1 0
vn -0.0001059047 -1 0
vn -0.0001059047 -1 0
vn -0.0001059047 -1 0
vn -0.0001059047 -1 0
vn 5.0017E-06 0 -1
vn 5.0017E-06 0 -1
vn 5.0017E-06 0 -1
vn 5.0017E-06 0 -1
vn 0.999992 -0.004004248 0
vn 0.999992 -0.004004248 0
vn 0.999992 -0.004004248 0
vn 0.999992 -0.004004248 0
vn 5.0017E-06 0 1
vn 5.0017E-06 0 1
vn 5.0017E-06 0 1
vn 5.0017E-06 0 1
vn -0.999992 0.00400424 0
vn -0.999992 0.00400424 0
vn -0.999992 0.00400424 0
vn -0.999992 0.00400424 0
vn 0.0001059042 1 0
vn 0.0001059042 1 0
vn 0.0001059042 1 0
vn 0.0001059042 1 0
vn -0.0001059047 -1 0
vn -0.0001059047 -1 0
vn -0.0001059047 -1 0
vn -0.0001059047 -1 0
vn 5.0017E-06 0 -1
vn 5.0017E-06 0 -1
vn 5.0017E-06 0 -1
vn 5.0017E-06 0 -1
vn 0.999992 -0.004004248 0
vn 0.999992 -0.004004248 0
vn 0.999992 -0.004004248 0
vn 0.999992 -0.004004248 0
vn 5.0017E-06 0 1
vn 5.0017E-06 0 1
vn 5.0017E-06 0 1
vn 5.0017E-06 0 1
vn -0.999992 0.004004233 0
vn -0.999992 0.004004233 0
vn -0.999992 0.004004233 0
vn -0.999992 0.004004233 0
vn 0.0001059042 1 0
vn 0.0001059042 1 0
vn 0.0001059042 1 0
vn 0.0001059042 1 0
vn -0.0001059047 -1 0
vn -0.0001059047 -1 0
vn -0.0001059047 -1 0
vn -0.0001059047 -1 0
vn 5.0017E-06 0 -1
vn 5.0017E-06 0 -1
vn 5.0017E-06 0 -1
vn 5.0017E-06 0 -1
vn 0.999992 -0.004004248 0
vn 0.999992 -0.004004248 0
vn 0.999992 -0.004004248 0
vn 0.999992 -0.004004248 0
vn 5.0017E-06 0 1
vn 5.0017E-06 0 1
vn 5.0017E-06 0 1
vn 5.0017E-06 0 1
vn -0.999992 0.00400424 0
vn -0.999992 0.00400424 0
vn -0.999992 0.00400424 0
vn -0.999992 0.00400424 0
vn 0.0001059041 1 0
vn 0.0001059041 1 0
vn 0.0001059041 1 0
vn 0.0001059041 1 0
vn -0.0001059045 -1 0
vn -0.0001059045 -1 0
vn -0.0001059045 -1 0
vn -0.0001059045 -1 0
vn 5.0017E-06 0 -1
vn 5.0017E-06 0 -1
vn 5.0017E-06 0 -1
vn 5.0017E-06 0 -1
vn 0.999992 -0.004004241 0
vn 0.999992 -0.004004241 0
vn 0.999992 -0.004004241 0
vn 0.999992 -0.004004241 0
vn 5.0017E-06 0 1
vn 5.0017E-06 0 1
vn 5.0017E-06 0 1
vn 5.0017E-06 0 1
vn -0.999992 0.00400424 0
vn -0.999992 0.00400424 0
vn -0.999992 0.00400424 0
vn -0.999992 0.00400424 0
vn 0.0001059042 1 0
vn 0.0001059042 1 0
vn 0.0001059042 1 0
vn 0.0001059042 1 0
vn -0.0001059047 -1 0
vn -0.0001059047 -1 0
vn -0.0001059047 -1 0
vn -0.0001059047 -1 0
vn 5.0017E-06 0 -1
vn 5.0017E-06 0 -1
vn 5.0017E-06 0 -1
vn 5.0017E-06 0 -1
vn 0.999992 -0.004004244 0
vn 0.999992 -0.004004244 0
vn 0.999992 -0.004004244 0
vn 0.999992 -0.004004244 0
vn 5.0017E-06 0 1
vn 5.0017E-06 0 1
vn 5.0017E-06 0 1
vn 5.0017E-06 0 1
vn -0.999992 0.004004236 0
vn -0.999992 0.004004236 0
vn -0.999992 0.004004236 0
vn -0.999992 0.004004236 0
vn 0.0001059042 1 0
vn 0.0001059042 1 0
vn 0.0001059042 1 0
vn 0.0001059042 1 0
vn -0.0001059047 -1 0
vn -0.0001059047 -1 0
vn -0.0001059047 -1 0
vn -0.0001059047 -1 0
vn 5.0017E-06 0 -1
vn 5.0017E-06 0 -1
vn 5.0017E-06 0 -1
vn 5.0017E-06 0 -1
vn 0.999992 -0.004004244 0
vn 0.999992 -0.004004244 0
vn 0.999992 -0.004004244 0
vn 0.999992 -0.004004244 0
vn 5.0017E-06 0 1
vn 5.0017E-06 0 1
vn 5.0017E-06 0 1
vn 5.0017E-06 0 1
vn -0.999992 0.004004236 0
vn -0.999992 0.004004236 0
vn -0.999992 0.004004236 0
vn -0.999992 0.004004236 0
vn 0.0001059041 1 0
vn 0.0001059041 1 0
vn 0.0001059041 1 0
vn 0.0001059041 1 0
vn -0.0001059046 -1 0
vn -0.0001059046 -1 0
vn -0.0001059046 -1 0
vn -0.0001059046 -1 0
vn 5.0017E-06 0 -1
vn 5.0017E-06 0 -1
vn 5.0017E-06 0 -1
vn 5.0017E-06 0 -1
vn 0.999992 -0.004004244 0
vn 0.999992 -0.004004244 0
vn 0.999992 -0.004004244 0
vn 0.999992 -0.004004244 0
vn 5.0017E-06 0 1
vn 5.0017E-06 0 1
vn 5.0017E-06 0 1
vn 5.0017E-06 0 1
vn -0.999992 0.004004236 0
vn -0.999992 0.004004236 0
vn -0.999992 0.004004236 0
vn -0.999992 0.004004236 0
vn 0.0001059042 1 0
vn 0.0001059042 1 0
vn 0.0001059042 1 0
vn 0.0001059042 1 0
vn -0.0001059047 -1 0
vn -0.0001059047 -1 0
vn -0.0001059047 -1 0
vn -0.0001059047 -1 0
vn 5.0017E-06 0 -1
vn 5.0017E-06 0 -1
vn 5.0017E-06 0 -1
vn 5.0017E-06 0 -1
vn 0.999992 -0.004004244 0
vn 0.999992 -0.004004244 0
vn 0.999992 -0.004004244 0
vn 0.999992 -0.004004244 0
vn 5.0017E-06 0 1
vn 5.0017E-06 0 1
vn 5.0017E-06 0 1
vn 5.0017E-06 0 1
vn -0.999992 0.004004236 0
vn -0.999992 0.004004236 0
vn -0.999992 0.004004236 0
vn -0.999992 0.004004236 0
vn 0.0001059041 1 0
vn 0.0001059041 1 0
vn 0.0001059041 1 0
vn 0.0001059041 1 0
vn -0.0001059046 -1 0
vn -0.0001059046 -1 0
vn -0.0001059046 -1 0
vn -0.0001059046 -1 0
vn 5.0017E-06 0 -1
vn 5.0017E-06 0 -1
vn 5.0017E-06 0 -1
vn 5.0017E-06 0 -1
vn 0.999992 -0.004004246 0
vn 0.999992 -0.004004246 0
vn 0.999992 -0.004004246 0
vn 0.999992 -0.004004246 0
vn 5.0017E-06 0 1
vn 5.0017E-06 0 1
vn 5.0017E-06 0 1
vn 5.0017E-06 0 1
vn -0.999992 0.004004238 0
vn -0.999992 0.004004238 0
vn -0.999992 0.004004238 0
vn -0.999992 0.004004238 0
vn 0.0001059042 1 0
vn 0.0001059042 1 0
vn 0.0001059042 1 0
vn 0.0001059042 1 0
vn -0.0001059047 -1 0
vn -0.0001059047 -1 0
vn -0.0001059047 -1 0
vn -0.0001059047 -1 0
vn 5.0017E-06 0 -1
vn 5.0017E-06 0 -1
vn 5.0017E-06 0 -1
vn 5.0017E-06 0 -1
vn 0.999992 -0.004004244 0
vn 0.999992 -0.004004244 0
vn 0.999992 -0.004004244 0
vn 0.999992 -0.004004244 0
vn 5.0017E-06 -3.348774E-07 1
vn 5.0017E-06 -3.348774E-07 1
vn 5.0017E-06 -3.348774E-07 1
vn 5.0017E-06 -3.348774E-07 1
vn -0.999992 0.004004236 0
vn -0.999992 0.004004236 0
vn -0.999992 0.004004236 0
vn -0.999992 0.004004236 0
vn 0.0001059042 1 0
vn 0.0001059042 1 0
vn 0.0001059042 1 0
vn 0.0001059042 1 0
vn -0.0001059047 -1 0
vn -0.0001059047 -1 0
vn -0.0001059047 -1 0
vn -0.0001059047 -1 0
vn 5.0017E-06 0 -1
vn 5.0017E-06 0 -1
vn 5.0017E-06 0 -1
vn 5.0017E-06 0 -1
vn 0.999992 -0.004004245 0
vn 0.999992 -0.004004245 0
vn 0.999992 -0.004004245 0
vn 0.999992 -0.004004245 0
vn 5.0017E-06 0 1
vn 5.0017E-06 0 1
vn 5.0017E-06 0 1
vn 5.0017E-06 0 1
vn -0.999992 0.004004237 0
vn -0.999992 0.004004237 0
vn -0.999992 0.004004237 0
vn -0.999992 0.004004237 0
vn 0.0001059042 1 0
vn 0.0001059042 1 0
vn 0.0001059042 1 0
vn 0.0001059042 1 0
vn -0.0001059047 -1 0
vn -0.0001059047 -1 0
vn -0.0001059047 -1 0
vn -0.0001059047 -1 0
vn 5.0017E-06 0 -1
vn 5.0017E-06 0 -1
vn 5.0017E-06 0 -1
vn 5.0017E-06 0 -1
vn 0.999992 -0.004004245 0
vn 0.999992 -0.004004245 0
vn 0.999992 -0.004004245 0
vn 0.999992 -0.004004245 0
vn 5.0017E-06 0 1
vn 5.0017E-06 0 1
vn 5.0017E-06 0 1
vn 5.0017E-06 0 1
vn -0.999992 0.004004237 0
vn -0.999992 0.004004237 0
vn -0.999992 0.004004237 0
vn -0.999992 0.004004237 0
vn 0.0001059042 1 0
vn 0.0001059042 1 0
vn 0.0001059042 1 0
vn 0.0001059042 1 0
vn -0.0001059047 -1 0
vn -0.0001059047 -1 0
vn -0.0001059047 -1 0
vn -0.0001059047 -1 0
vn 5.0017E-06 -1.674387E-07 -1
vn 5.0017E-06 -1.674387E-07 -1
vn 5.0017E-06 -1.674387E-07 -1
vn 5.0017E-06 -1.674387E-07 -1
vn 0.999992 -0.004004245 0
vn 0.999992 -0.004004245 0
vn 0.999992 -0.004004245 0
vn 0.999992 -0.004004245 0
vn 5.0017E-06 0 1
vn 5.0017E-06 0 1
vn 5.0017E-06 0 1
vn 5.0017E-06 0 1
vn -0.999992 0.004004237 0
vn -0.999992 0.004004237 0
vn -0.999992 0.004004237 0
vn -0.999992 0.004004237 0
vn 0.0001059042 1 0
vn 0.0001059042 1 0
vn 0.0001059042 1 0
vn 0.0001059042 1 0
vn -0.0001059046 -1 0
vn -0.0001059046 -1 0
vn -0.0001059046 -1 0
vn -0.0001059046 -1 0
vn 5.0017E-06 0 -1
vn 5.0017E-06 0 -1
vn 5.0017E-06 0 -1
vn 5.0017E-06 0 -1
vn 0.999992 -0.004004244 0
vn 0.999992 -0.004004244 0
vn 0.999992 -0.004004244 0
vn 0.999992 -0.004004244 0
vn 5.0017E-06 0 1
vn 5.0017E-06 0 1
vn 5.0017E-06 0 1
vn 5.0017E-06 0 1
vn -0.999992 0.004004236 0
vn -0.999992 0.004004236 0
vn -0.999992 0.004004236 0
vn -0.999992 0.004004236 0
vn 0.0001059042 1 0
vn 0.0001059042 1 0
vn 0.0001059042 1 0
vn 0.0001059042 1 0
vn -0.0001059046 -1 0
vn -0.0001059046 -1 0
vn -0.0001059046 -1 0
vn -0.0001059046 -1 0
vn 5.0017E-06 0 -1
vn 5.0017E-06 0 -1
vn 5.0017E-06 0 -1
vn 5.0017E-06 0 -1
vn 0.999992 -0.004004244 0
vn 0.999992 -0.004004244 0
vn 0.999992 -0.004004244 0
vn 0.999992 -0.004004244 0
vn 5.0017E-06 0 1
vn 5.0017E-06 0 1
vn 5.0017E-06 0 1
vn 5.0017E-06 0 1
vn -0.999992 0.004004236 0
vn -0.999992 0.004004236 0
vn -0.999992 0.004004236 0
vn -0.999992 0.004004236 0
vn 0.0001059042 1 0
vn 0.0001059042 1 0
vn 0.0001059042 1 0
vn 0.0001059042 1 0
vn -0.0001059047 -1 0
vn -0.0001059047 -1 0
vn -0.0001059047 -1 0
vn -0.0001059047 -1 0
vn 5.0017E-06 0 -1
vn 5.0017E-06 0 -1
vn 5.0017E-06 0 -1
vn 5.0017E-06 0 -1
vn 0.999992 -0.004004244 0
vn 0.999992 -0.004004244 0
vn 0.999992 -0.004004244 0
vn 0.999992 -0.004004244 0
vn 5.0017E-06 0 1
vn 5.0017E-06 0 1
vn 5.0017E-06 0 1
vn 5.0017E-06 0 1
vn -0.999992 0.004004236 0
vn -0.999992 0.004004236 0
vn -0.999992 0.004004236 0
vn -0.999992 0.004004236 0
vn 0.0001059042 1 0
vn 0.0001059042 1 0
vn 0.0001059042 1 0
vn 0.0001059042 1 0
vn -0.0001059047 -1 0
vn -0.0001059047 -1 0
vn -0.0001059047 -1 0
vn -0.0001059047 -1 0
vn 5.0017E-06 0 -1
vn 5.0017E-06 0 -1
vn 5.0017E-06 0 -1
vn 5.0017E-06 0 -1
vn 0.999992 -0.004004244 0
vn 0.999992 -0.004004244 0
vn 0.999992 -0.004004244 0
vn 0.999992 -0.004004244 0
vn 5.0017E-06 0 1
vn 5.0017E-06 0 1
vn 5.0017E-06 0 1
vn 5.0017E-06 0 1
vn -0.999992 0.004004236 0
vn -0.999992 0.004004236 0
vn -0.999992 0.004004236 0
vn -0.999992 0.004004236 0
vn 0.0001059042 1 0
vn 0.0001059042 1 0
vn 0.0001059042 1 0
vn 0.0001059042 1 0
vn -0.0001059047 -1 0
vn -0.0001059047 -1 0
vn -0.0001059047 -1 0
vn -0.0001059047 -1 0
vn 5.0017E-06 0 -1
vn 5.0017E-06 0 -1
vn 5.0017E-06 0 -1
vn 5.0017E-06 0 -1
vn 0.999992 -0.004004244 0
vn 0.999992 -0.004004244 0
vn 0.999992 -0.004004244 0
vn 0.999992 -0.004004244 0
vn 5.0017E-06 0 1
vn 5.0017E-06 0 1
vn 5.0017E-06 0 1
vn 5.0017E-06 0 1
vn -0.999992 0.004004236 0
vn -0.999992 0.004004236 0
vn -0.999992 0.004004236 0
vn -0.999992 0.004004236 0
vn 0.0001059042 1 0
vn 0.0001059042 1 0
vn 0.0001059042 1 0
vn 0.0001059042 1 0
vn -0.0001059047 -1 0
vn -0.0001059047 -1 0
vn -0.0001059047 -1 0
vn -0.0001059047 -1 0
vn 5.0017E-06 0 -1
vn 5.0017E-06 0 -1
vn 5.0017E-06 0 -1
vn 5.0017E-06 0 -1
vn 0.999992 -0.004004244 0
vn 0.999992 -0.004004244 0
vn 0.999992 -0.004004244 0
vn 0.999992 -0.004004244 0
vn 5.0017E-06 -1.33951E-06 1
vn 5.0017E-06 -1.33951E-06 1
vn 5.0017E-06 -1.33951E-06 1
vn 5.0017E-06 -1.33951E-06 1
vn -0.999992 0.004004236 0
vn -0.999992 0.004004236 0
vn -0.999992 0.004004236 0
vn -0.999992 0.004004236 0
vn 0.0001059042 1 0
vn 0.0001059042 1 0
vn 0.0001059042 1 0
vn 0.0001059042 1 0
vn -0.0001059047 -1 0
vn -0.0001059047 -1 0
vn -0.0001059047 -1 0
vn -0.0001059047 -1 0
vn 5.0017E-06 0 -1
vn 5.0017E-06 0 -1
vn 5.0017E-06 0 -1
vn 5.0017E-06 0 -1
vn 0.999992 -0.004004248 0
vn 0.999992 -0.004004248 0
vn 0.999992 -0.004004248 0
vn 0.999992 -0.004004248 0
vn 5.0017E-06 0 1
vn 5.0017E-06 0 1
vn 5.0017E-06 0 1
vn 5.0017E-06 0 1
vn -0.999992 0.004004236 0
vn -0.999992 0.004004236 0
vn -0.999992 0.004004236 0
vn -0.999992 0.004004236 0
vn 0.0001059042 1 0
vn 0.0001059042 1 0
vn 0.0001059042 1 0
vn 0.0001059042 1 0
vn -0.0001059047 -1 0
vn -0.0001059047 -1 0
vn -0.0001059047 -1 0
vn -0.0001059047 -1 0
vn 5.0017E-06 0 -1
vn 5.0017E-06 0 -1
vn 5.0017E-06 0 -1
vn 5.0017E-06 0 -1
vn 0.999992 -0.004004241 0
vn 0.999992 -0.004004241 0
vn 0.999992 -0.004004241 0
vn 0.999992 -0.004004241 0
vn 5.0017E-06 0 1
vn 5.0017E-06 0 1
vn 5.0017E-06 0 1
vn 5.0017E-06 0 1
vn -0.999992 0.00400424 0
vn -0.999992 0.00400424 0
vn -0.999992 0.00400424 0
vn -0.999992 0.00400424 0
vn 0.0001059042 1 0
vn 0.0001059042 1 0
vn 0.0001059042 1 0
vn 0.0001059042 1 0
vn -0.0001059047 -1 0
vn -0.0001059047 -1 0
vn -0.0001059047 -1 0
vn -0.0001059047 -1 0
vn 5.0017E-06 0 -1
vn 5.0017E-06 0 -1
vn 5.0017E-06 0 -1
vn 5.0017E-06 0 -1
vn 0.999992 -0.004004241 0
vn 0.999992 -0.004004241 0
vn 0.999992 -0.004004241 0
vn 0.999992 -0.004004241 0
vn 5.0017E-06 0 1
vn 5.0017E-06 0 1
vn 5.0017E-06 0 1
vn 5.0017E-06 0 1
vn -0.999992 0.00400424 0
vn -0.999992 0.00400424 0
vn -0.999992 0.00400424 0
vn -0.999992 0.00400424 0
vn 0.0001059039 1 0
vn 0.0001059039 1 0
vn 0.0001059039 1 0
vn 0.0001059039 1 0
vn -0.0001059044 -1 0
vn -0.0001059044 -1 0
vn -0.0001059044 -1 0
vn -0.0001059044 -1 0
vn 5.0017E-06 0 -1
vn 5.0017E-06 0 -1
vn 5.0017E-06 0 -1
vn 5.0017E-06 0 -1
vn 0.999992 -0.004004248 0
vn 0.999992 -0.004004248 0
vn 0.999992 -0.004004248 0
vn 0.999992 -0.004004248 0
vn 5.0017E-06 0 1
vn 5.0017E-06 0 1
vn 5.0017E-06 0 1
vn 5.0017E-06 0 1
vn -0.999992 0.004004233 0
vn -0.999992 0.004004233 0
vn -0.999992 0.004004233 0
vn -0.999992 0.004004233 0
vn 0.0001059042 1 0
vn 0.0001059042 1 0
vn 0.0001059042 1 0
vn 0.0001059042 1 0
vn -0.0001059047 -1 0
vn -0.0001059047 -1 0
vn -0.0001059047 -1 0
vn -0.0001059047 -1 0
vn 5.0017E-06 0 -1
vn 5.0017E-06 0 -1
vn 5.0017E-06 0 -1
vn 5.0017E-06 0 -1
vn 0.999992 -0.004004248 0
vn 0.999992 -0.004004248 0
vn 0.999992 -0.004004248 0
vn 0.999992 -0.004004248 0
vn 5.0017E-06 0 1
vn 5.0017E-06 0 1
vn 5.0017E-06 0 1
vn 5.0017E-06 0 1
vn -0.999992 0.004004233 0
vn -0.999992 0.004004233 0
vn -0.999992 0.004004233 0
vn -0.999992 0.004004233 0
vn 0.0001059042 1 0
vn 0.0001059042 1 0
vn 0.0001059042 1 0
vn 0.0001059042 1 0
vn -0.0001059047 -1 0
vn -0.0001059047 -1 0
vn -0.0001059047 -1 0
vn -0.0001059047 -1 0
vn 5.0017E-06 0 -1
vn 5.0017E-06 0 -1
vn 5.0017E-06 0 -1
vn 5.0017E-06 0 -1
vn 0.999992 -0.004004248 0
vn 0.999992 -0.004004248 0
vn 0.999992 -0.004004248 0
vn 0.999992 -0.004004248 0
vn 5.0017E-06 0 1
vn 5.0017E-06 0 1
vn 5.0017E-06 0 1
vn 5.0017E-06 0 1
vn -0.999992 0.00400424 0
vn -0.999992 0.00400424 0
vn -0.999992 0.00400424 0
vn -0.999992 0.00400424 0
vn 0.0001059042 1 0
vn 0.0001059042 1 0
vn 0.0001059042 1 0
vn 0.0001059042 1 0
vn -0.0001059047 -1 0
vn -0.0001059047 -1 0
vn -0.0001059047 -1 0
vn -0.0001059047 -1 0
vn 5.0017E-06 0 -1
vn 5.0017E-06 0 -1
vn 5.0017E-06 0 -1
vn 5.0017E-06 0 -1
vn 0.999992 -0.004004241 0
vn 0.999992 -0.004004241 0
vn 0.999992 -0.004004241 0
vn 0.999992 -0.004004241 0
vn 5.0017E-06 0 1
vn 5.0017E-06 0 1
vn 5.0017E-06 0 1
vn 5.0017E-06 0 1
vn -0.999992 0.00400424 0
vn -0.999992 0.00400424 0
vn -0.999992 0.00400424 0
vn -0.999992 0.00400424 0
vn 0.0001059042 1 0
vn 0.0001059042 1 0
vn 0.0001059042 1 0
vn 0.0001059042 1 0
vn -0.0001059047 -1 0
vn -0.0001059047 -1 0
vn -0.0001059047 -1 0
vn -0.0001059047 -1 0
vn 5.0017E-06 0 -1
vn 5.0017E-06 0 -1
vn 5.0017E-06 0 -1
vn 5.0017E-06 0 -1
vn 0.999992 -0.004004248 0
vn 0.999992 -0.004004248 0
vn 0.999992 -0.004004248 0
vn 0.999992 -0.004004248 0
vn 5.0017E-06 0 1
vn 5.0017E-06 0 1
vn 5.0017E-06 0 1
vn 5.0017E-06 0 1
vn -0.999992 0.00400424 0
vn -0.999992 0.00400424 0
vn -0.999992 0.00400424 0
vn -0.999992 0.00400424 0
vn 0.0001059042 1 0
vn 0.0001059042 1 0
vn 0.0001059042 1 0
vn 0.0001059042 1 0
vn -0.0001059047 -1 0
vn -0.0001059047 -1 0
vn -0.0001059047 -1 0
vn -0.0001059047 -1 0
vn 5.0017E-06 0 -1
vn 5.0017E-06 0 -1
vn 5.0017E-06 0 -1
vn 5.0017E-06 0 -1
vn 0.999992 -0.004004248 0
vn 0.999992 -0.004004248 0
vn 0.999992 -0.004004248 0
vn 0.999992 -0.004004248 0
vn 5.0017E-06 0 1
vn 5.0017E-06 0 1
vn 5.0017E-06 0 1
vn 5.0017E-06 0 1
vn -0.999992 0.004004233 0
vn -0.999992 0.004004233 0
vn -0.999992 0.004004233 0
vn -0.999992 0.004004233 0
vn 0.0001059039 1 0
vn 0.0001059039 1 0
vn 0.0001059039 1 0
vn 0.0001059039 1 0
vn -0.0001059044 -1 0
vn -0.0001059044 -1 0
vn -0.0001059044 -1 0
vn -0.0001059044 -1 0
vn 5.0017E-06 0 -1
vn 5.0017E-06 0 -1
vn 5.0017E-06 0 -1
vn 5.0017E-06 0 -1
vn 0.999992 -0.004004248 0
vn 0.999992 -0.004004248 0
vn 0.999992 -0.004004248 0
vn 0.999992 -0.004004248 0
vn 5.0017E-06 0 1
vn 5.0017E-06 0 1
vn 5.0017E-06 0 1
vn 5.0017E-06 0 1
vn -0.999992 0.004004233 0
vn -0.999992 0.004004233 0
vn -0.999992 0.004004233 0
vn -0.999992 0.004004233 0
vn 0.0001059042 1 0
vn 0.0001059042 1 0
vn 0.0001059042 1 0
vn 0.0001059042 1 0
vn -0.0001059047 -1 0
vn -0.0001059047 -1 0
vn -0.0001059047 -1 0
vn -0.0001059047 -1 0
vn 5.0017E-06 0 -1
vn 5.0017E-06 0 -1
vn 5.0017E-06 0 -1
vn 5.0017E-06 0 -1
vn 0.999992 -0.004004248 0
vn 0.999992 -0.004004248 0
vn 0.999992 -0.004004248 0
vn 0.999992 -0.004004248 0
vn 5.0017E-06 0 1
vn 5.0017E-06 0 1
vn 5.0017E-06 0 1
vn 5.0017E-06 0 1
vn -0.999992 0.004004233 0
vn -0.999992 0.004004233 0
vn -0.999992 0.004004233 0
vn -0.999992 0.004004233 0
vn 0.0001059042 1 0
vn 0.0001059042 1 0
vn 0.0001059042 1 0
vn 0.0001059042 1 0
vn -0.0001059047 -1 0
vn -0.0001059047 -1 0
vn -0.0001059047 -1 0
vn -0.0001059047 -1 0
vn 5.0017E-06 0 -1
vn 5.0017E-06 0 -1
vn 5.0017E-06 0 -1
vn 5.0017E-06 0 -1
vn 0.999992 -0.004004248 0
vn 0.999992 -0.004004248 0
vn 0.999992 -0.004004248 0
vn 0.999992 -0.004004248 0
vn 5.0017E-06 0 1
vn 5.0017E-06 0 1
vn 5.0017E-06 0 1
vn 5.0017E-06 0 1
vn -0.999992 0.004004233 0
vn -0.999992 0.004004233 0
vn -0.999992 0.004004233 0
vn -0.999992 0.004004233 0
vn 0.0001059042 1 0
vn 0.0001059042 1 0
vn 0.0001059042 1 0
vn 0.0001059042 1 0
vn -0.0001059047 -1 0
vn -0.0001059047 -1 0
vn -0.0001059047 -1 0
vn -0.0001059047 -1 0
vn 5.0017E-06 0 -1
vn 5.0017E-06 0 -1
vn 5.0017E-06 0 -1
vn 5.0017E-06 0 -1
vn 0.999992 -0.004004233 0
vn 0.999992 -0.004004233 0
vn 0.999992 -0.004004233 0
vn 0.999992 -0.004004233 0
vn 5.0017E-06 0 1
vn 5.0017E-06 0 1
vn 5.0017E-06 0 1
vn 5.0017E-06 0 1
vn -0.999992 0.004004248 0
vn -0.999992 0.004004248 0
vn -0.999992 0.004004248 0
vn -0.999992 0.004004248 0
vn 0.0001059045 1 0
vn 0.0001059045 1 0
vn 0.0001059045 1 0
vn 0.0001059045 1 0
vn -0.000105905 -1 0
vn -0.000105905 -1 0
vn -0.000105905 -1 0
vn -0.000105905 -1 0
vn 5.0017E-06 0 -1
vn 5.0017E-06 0 -1
vn 5.0017E-06 0 -1
vn 5.0017E-06 0 -1
vn 0.999992 -0.004004233 0
vn 0.999992 -0.004004233 0
vn 0.999992 -0.004004233 0
vn 0.999992 -0.004004233 0
vn 5.0017E-06 0 1
vn 5.0017E-06 0 1
vn 5.0017E-06 0 1
vn 5.0017E-06 0 1
vn -0.999992 0.004004248 0
vn -0.999992 0.004004248 0
vn -0.999992 0.004004248 0
vn -0.999992 0.004004248 0
vn 0.0001059045 1 0
vn 0.0001059045 1 0
vn 0.0001059045 1 0
vn 0.0001059045 1 0
vn -0.000105905 -1 0
vn -0.000105905 -1 0
vn -0.000105905 -1 0
vn -0.000105905 -1 0
vn 5.0017E-06 0 -1
vn 5.0017E-06 0 -1
vn 5.0017E-06 0 -1
vn 5.0017E-06 0 -1
vn 0.999992 -0.004004248 0
vn 0.999992 -0.004004248 0
vn 0.999992 -0.004004248 0
vn 0.999992 -0.004004248 0
vn 5.0017E-06 0 1
vn 5.0017E-06 0 1
vn 5.0017E-06 0 1
vn 5.0017E-06 0 1
vn -0.999992 0.004004233 0
vn -0.999992 0.004004233 0
vn -0.999992 0.004004233 0
vn -0.999992 0.004004233 0
vn 0.0001059045 1 0
vn 0.0001059045 1 0
vn 0.0001059045 1 0
vn 0.0001059045 1 0
vn -0.000105905 -1 0
vn -0.000105905 -1 0
vn -0.000105905 -1 0
vn -0.000105905 -1 0
vn 5.0017E-06 0 -1
vn 5.0017E-06 0 -1
vn 5.0017E-06 0 -1
vn 5.0017E-06 0 -1
vn 0.999992 -0.004004248 0
vn 0.999992 -0.004004248 0
vn 0.999992 -0.004004248 0
vn 0.999992 -0.004004248 0
vn 5.0017E-06 0 1
vn 5.0017E-06 0 1
vn 5.0017E-06 0 1
vn 5.0017E-06 0 1
vn -0.999992 0.004004233 0
vn -0.999992 0.004004233 0
vn -0.999992 0.004004233 0
vn -0.999992 0.004004233 0
vn 0.0001059045 1 0
vn 0.0001059045 1 0
vn 0.0001059045 1 0
vn 0.0001059045 1 0
vn -0.000105905 -1 0
vn -0.000105905 -1 0
vn -0.000105905 -1 0
vn -0.000105905 -1 0
vn 5.0017E-06 0 -1
vn 5.0017E-06 0 -1
vn 5.0017E-06 0 -1
vn 5.0017E-06 0 -1
vn 0.999992 -0.004004248 0
vn 0.999992 -0.004004248 0
vn 0.999992 -0.004004248 0
vn 0.999992 -0.004004248 0
vn 5.0017E-06 0 1
vn 5.0017E-06 0 1
vn 5.0017E-06 0 1
vn 5.0017E-06 0 1
vn -0.999992 0.004004233 0
vn -0.999992 0.004004233 0
vn -0.999992 0.004004233 0
vn -0.999992 0.004004233 0
vn 0.0001059045 1 0
vn 0.0001059045 1 0
vn 0.0001059045 1 0
vn 0.0001059045 1 0
vn -0.000105905 -1 0
vn -0.000105905 -1 0
vn -0.000105905 -1 0
vn -0.000105905 -1 0
vn 5.0017E-06 0 -1
vn 5.0017E-06 0 -1
vn 5.0017E-06 0 -1
vn 5.0017E-06 0 -1
vn 0.999992 -0.004004248 0
vn 0.999992 -0.004004248 0
vn 0.999992 -0.004004248 0
vn 0.999992 -0.004004248 0
vn 5.0017E-06 0 1
vn 5.0017E-06 0 1
vn 5.0017E-06 0 1
vn 5.0017E-06 0 1
vn -0.999992 0.004004233 0
vn -0.999992 0.004004233 0
vn -0.999992 0.004004233 0
vn -0.999992 0.004004233 0
vn 0.0001059039 1 0
vn 0.0001059039 1 0
vn 0.0001059039 1 0
vn 0.0001059039 1 0
vn -0.0001059044 -1 0
vn -0.0001059044 -1 0
vn -0.0001059044 -1 0
vn -0.0001059044 -1 0
vn 5.0017E-06 0 -1
vn 5.0017E-06 0 -1
vn 5.0017E-06 0 -1
vn 5.0017E-06 0 -1
vn 0.999992 -0.004004248 0
vn 0.999992 -0.004004248 0
vn 0.999992 -0.004004248 0
vn 0.999992 -0.004004248 0
vn 5.0017E-06 0 1
vn 5.0017E-06 0 1
vn 5.0017E-06 0 1
vn 5.0017E-06 0 1
vn -0.999992 0.004004233 0
vn -0.999992 0.004004233 0
vn -0.999992 0.004004233 0
vn -0.999992 0.004004233 0
vn 0.0001059045 1 0
vn 0.0001059045 1 0
vn 0.0001059045 1 0
vn 0.0001059045 1 0
vn -0.000105905 -1 0
vn -0.000105905 -1 0
vn -0.000105905 -1 0
vn -0.000105905 -1 0
vn 5.0017E-06 0 -1
vn 5.0017E-06 0 -1
vn 5.0017E-06 0 -1
vn 5.0017E-06 0 -1
vn 0.999992 -0.004004248 0
vn 0.999992 -0.004004248 0
vn 0.999992 -0.004004248 0
vn 0.999992 -0.004004248 0
vn 5.0017E-06 0 1
vn 5.0017E-06 0 1
vn 5.0017E-06 0 1
vn 5.0017E-06 0 1
vn -0.999992 0.004004233 0
vn -0.999992 0.004004233 0
vn -0.999992 0.004004233 0
vn -0.999992 0.004004233 0
vn 0.0001059039 1 0
vn 0.0001059039 1 0
vn 0.0001059039 1 0
vn 0.0001059039 1 0
vn -0.0001059044 -1 0
vn -0.0001059044 -1 0
vn -0.0001059044 -1 0
vn -0.0001059044 -1 0
vn 5.0017E-06 0 -1
vn 5.0017E-06 0 -1
vn 5.0017E-06 0 -1
vn 5.0017E-06 0 -1
vn 0.999992 -0.004004248 0
vn 0.999992 -0.004004248 0
vn 0.999992 -0.004004248 0
vn 0.999992 -0.004004248 0
vn 5.0017E-06 0 1
vn 5.0017E-06 0 1
vn 5.0017E-06 0 1
vn 5.0017E-06 0 1
vn -0.999992 0.004004233 0
vn -0.999992 0.004004233 0
vn -0.999992 0.004004233 0
vn -0.999992 0.004004233 0
vn 0.0001059045 1 0
vn 0.0001059045 1 0
vn 0.0001059045 1 0
vn 0.0001059045 1 0
vn -0.000105905 -1 0
vn -0.000105905 -1 0
vn -0.000105905 -1 0
vn -0.000105905 -1 0
vn 5.0017E-06 0 -1
vn 5.0017E-06 0 -1
vn 5.0017E-06 0 -1
vn 5.0017E-06 0 -1
vn 0.999992 -0.004004248 0
vn 0.999992 -0.004004248 0
vn 0.999992 -0.004004248 0
vn 0.999992 -0.004004248 0
vn 5.0017E-06 0 1
vn 5.0017E-06 0 1
vn 5.0017E-06 0 1
vn 5.0017E-06 0 1
vn -0.999992 0.004004248 0
vn -0.999992 0.004004248 0
vn -0.999992 0.004004248 0
vn -0.999992 0.004004248 0
vn 0.0001059039 1 0
vn 0.0001059039 1 0
vn 0.0001059039 1 0
vn 0.0001059039 1 0
vn -0.0001059044 -1 0
vn -0.0001059044 -1 0
vn -0.0001059044 -1 0
vn -0.0001059044 -1 0
vn 5.0017E-06 0 -1
vn 5.0017E-06 0 -1
vn 5.0017E-06 0 -1
vn 5.0017E-06 0 -1
vn 0.999992 -0.004004233 0
vn 0.999992 -0.004004233 0
vn 0.999992 -0.004004233 0
vn 0.999992 -0.004004233 0
vn 5.0017E-06 0 1
vn 5.0017E-06 0 1
vn 5.0017E-06 0 1
vn 5.0017E-06 0 1
vn -0.999992 0.004004248 0
vn -0.999992 0.004004248 0
vn -0.999992 0.004004248 0
vn -0.999992 0.004004248 0
vn 0.0001059039 1 0
vn 0.0001059039 1 0
vn 0.0001059039 1 0
vn 0.0001059039 1 0
vn -0.0001059044 -1 0
vn -0.0001059044 -1 0
vn -0.0001059044 -1 0
vn -0.0001059044 -1 0
vn 5.0017E-06 0 -1
vn 5.0017E-06 0 -1
vn 5.0017E-06 0 -1
vn 5.0017E-06 0 -1
vn 0.999992 -0.004004233 0
vn 0.999992 -0.004004233 0
vn 0.999992 -0.004004233 0
vn 0.999992 -0.004004233 0
vn 5.0017E-06 0 1
vn 5.0017E-06 0 1
vn 5.0017E-06 0 1
vn 5.0017E-06 0 1
vn -0.999992 0.004004248 0
vn -0.999992 0.004004248 0
vn -0.999992 0.004004248 0
vn -0.999992 0.004004248 0
vn 0.0001059034 1 0
vn 0.0001059034 1 0
vn 0.0001059034 1 0
vn 0.0001059034 1 0
vn -0.0001059039 -1 0
vn -0.0001059039 -1 0
vn -0.0001059039 -1 0
vn -0.0001059039 -1 0
vn 5.0017E-06 0 -1
vn 5.0017E-06 0 -1
vn 5.0017E-06 0 -1
vn 5.0017E-06 0 -1
vn 0.999992 -0.004004233 0
vn 0.999992 -0.004004233 0
vn 0.999992 -0.004004233 0
vn 0.999992 -0.004004233 0
vn 5.0017E-06 0 1
vn 5.0017E-06 0 1
vn 5.0017E-06 0 1
vn 5.0017E-06 0 1
vn -0.999992 0.004004248 0
vn -0.999992 0.004004248 0
vn -0.999992 0.004004248 0
vn -0.999992 0.004004248 0
vn 0.0001059034 1 0
vn 0.0001059034 1 0
vn 0.0001059034 1 0
vn 0.0001059034 1 0
vn -0.0001059039 -1 0
vn -0.0001059039 -1 0
vn -0.0001059039 -1 0
vn -0.0001059039 -1 0
vn 5.0017E-06 0 -1
vn 5.0017E-06 0 -1
vn 5.0017E-06 0 -1
vn 5.0017E-06 0 -1
vn 0.999992 -0.004004233 0
vn 0.999992 -0.004004233 0
vn 0.999992 -0.004004233 0
vn 0.999992 -0.004004233 0
vn 5.0017E-06 0 1
vn 5.0017E-06 0 1
vn 5.0017E-06 0 1
vn 5.0017E-06 0 1
vn -0.999992 0.004004248 0
vn -0.999992 0.004004248 0
vn -0.999992 0.004004248 0
vn -0.999992 0.004004248 0
usemtl gray
f 1/1/1 3/3/3 2/2/2 
f 1/1/1 4/4/4 3/3/3 
f 5/5/5 7/7/7 6/6/6 
f 5/5/5 8/8/8 7/7/7 
f 9/9/9 11/11/11 10/10/10 
f 9/9/9 12/12/12 11/11/11 
f 13/13/13 15/15/15 14/14/14 
f 13/13/13 16/16/16 15/15/15 
f 17/17/17 19/19/19 18/18/18 
f 17/17/17 20/20/20 19/19/19 
f 21/21/21 23/23/23 22/22/22 
f 21/21/21 24/24/24 23/23/23 
f 25/25/25 27/27/27 26/26/26 
f 25/25/25 28/28/28 27/27/27 
f 29/29/29 31/31/31 30/30/30 
f 29/29/29 32/32/32 31/31/31 
f 33/33/33 35/35/35 34/34/34 
f 33/33/33 36/36/36 35/35/35 
f 37/37/37 39/39/39 38/38/38 
f 37/37/37 40/40/40 39/39/39 
f 41/41/41 43/43/43 42/42/42 
f 41/41/41 44/44/44 43/43/43 
f 45/45/45 47/47/47 46/46/46 
f 45/45/45 48/48/48 47/47/47 
f 49/49/49 51/51/51 50/50/50 
f 49/49/49 52/52/52 51/51/51 
f 53/53/53 55/55/55 54/54/54 
f 53/53/53 56/56/56 55/55/55 
f 57/57/57 59/59/59 58/58/58 
f 57/57/57 60/60/60 59/59/59 
f 61/61/61 63/63/63 62/62/62 
f 61/61/61 64/64/64 63/63/63 
f 65/65/65 67/67/67 66/66/66 
f 65/65/65 68/68/68 67/67/67 
f 69/69/69 71/71/71 70/70/70 
f 69/69/69 72/72/72 71/71/71 
f 73/73/73 75/75/75 74/74/74 
f 73/73/73 76/76/76 75/75/75 
f 77/77/77 79/79/79 78/78/78 
f 77/77/77 80/80/80 79/79/79 
f 81/81/81 83/83/83 82/82/82 
f 81/81/81 84/84/84 83/83/83 
f 85/85/85 87/87/87 86/86/86 
f 85/85/85 88/88/88 87/87/87 
f 89/89/89 91/91/91 90/90/90 
f 89/89/89 92/92/92 91/91/91 
f 93/93/93 95/95/95 94/94/94 
f 93/93/93 96/96/96 95/95/95 
f 97/97/97 99/99/99 98/98/98 
f 97/97/97 100/100/100 99/99/99 
f 101/101/101 103/103/103 102/102/102 
f 101/101/101 104/104/104 103/103/103 
f 105/105/105 107/107/107 106/106/106 
f 105/105/105 108/108/108 107/107/107 
f 109/109/109 111/111/111 110/110/110 
f 109/109/109 112/112/112 111/111/111 
f 113/113/113 115/115/115 114/114/114 
f 113/113/113 116/116/116 115/115/115 
f 117/117/117 119/119/119 118/118/118 
f 117/117/117 120/120/120 119/119/119 
f 121/121/121 123/123/123 122/122/122 
f 121/121/121 124/124/124 123/123/123 
f 125/125/125 127/127/127 126/126/126 
f 125/125/125 128/128/128 127/127/127 
f 129/129/129 131/131/131 130/130/130 
f 129/129/129 132/132/132 131/131/131 
f 133/133/133 135/135/135 134/134/134 
f 133/133/133 136/136/136 135/135/135 
f 137/137/137 139/139/139 138/138/138 
f 137/137/137 140/140/140 139/139/139 
f 141/141/141 143/143/143 142/142/142 
f 141/141/141 144/144/144 143/143/143 
f 145/145/145 147/147/147 146/146/146 
f 145/145/145 148/148/148 147/147/147 
f 149/149/149 151/151/151 150/150/150 
f 149/149/149 152/152/152 151/151/151 
f 153/153/153 155/155/155 154/154/154 
f 153/153/153 156/156/156 155/155/155 
f 157/157/157 159/159/159 158/158/158 
f 157/157/157 160/160/160 159/159/159 
f 161/161/161 163/163/163 162/162/162 
f 161/161/161 164/164/164 163/163/163 
f 165/165/165 167/167/167 166/166/166 
f 165/165/165 168/168/168 167/167/167 
f 169/169/169 171/171/171 170/170/170 
f 169/169/169 172/172/172 171/171/171 
f 173/173/173 175/175/175 174/174/174 
f 173/173/173 176/176/176 175/175/175 
f 177/177/177 179/179/179 178/178/178 
f 177/177/177 180/180/180 179/179/179 
f 181/181/181 183/183/183 182/182/182 
f 181/181/181 184/184/184 183/183/183 
f 185/185/185 187/187/187 186/186/186 
f 185/185/185 188/188/188 187/187/187 
f 189/189/189 191/191/191 190/190/190 
f 189/189/189 192/192/192 191/191/191 
f 193/193/193 195/195/195 194/194/194 
f 193/193/193 196/196/196 195/195/195 
f 197/197/197 199/199/199 198/198/198 
f 197/197/197 200/200/200 199/199/199 
f 201/201/201 203/203/203 202/202/202 
f 201/201/201 204/204/204 203/203/203 
f 205/205/205 207/207/207 206/206/206 
f 205/205/205 208/208/208 207/207/207 
f 209/209/209 211/211/211 210/210/210 
f 209/209/209 212/212/212 211/211/211 
f 213/213/213 215/215/215 214/214/214 
f 213/213/213 216/216/216 215/215/215 
f 217/217/217 219/219/219 218/218/218 
f 217/217/217 220/220/220 219/219/219 
f 221/221/221 223/223/223 222/222/222 
f 221/221/221 224/224/224 223/223/223 
f 225/225/225 227/227/227 226/226/226 
f 225/225/225 228/228/228 227/227/227 
f 229/229/229 231/231/231 230/230/230 
f 229/229/229 232/232/232 231/231/231 
f 233/233/233 235/235/235 234/234/234 
f 233/233/233 236/236/236 235/235/235 
f 237/237/237 239/239/239 238/238/238 
f 237/237/237 240/240/240 239/239/239 
f 241/241/241 243/243/243 242/242/242 
f 241/241/241 244/244/244 243/243/243 
f 245/245/245 247/247/247 246/246/246 
f 245/245/245 248/248/248 247/247/247 
f 249/249/249 251/251/251 250/250/250 
f 249/249/249 252/252/252 251/251/251 
f 253/253/253 255/255/255 254/254/254 
f 253/253/253 256/256/256 255/255/255 
f 257/257/257 259/259/259 258/258/258 
f 257/257/257 260/260/260 259/259/259 
f 261/261/261 263/263/263 262/262/262 
f 261/261/261 264/264/264 263/263/263 
f 265/265/265 267/267/267 266/266/266 
f 265/265/265 268/268/268 267/267/267 
f 269/269/269 271/271/271 270/270/270 
f 269/269/269 272/272/272 271/271/271 
f 273/273/273 275/275/275 274/274/274 
f 273/273/273 276/276/276 275/275/275 
f 277/277/277 279/279/279 278/278/278 
f 277/277/277 280/280/280 279/279/279 
f 281/281/281 283/283/283 282/282/282 
f 281/281/281 284/284/284 283/283/283 
f 285/285/285 287/287/287 286/286/286 
f 285/285/285 288/288/288 287/287/287 
f 289/289/289 291/291/291 290/290/290 
f 289/289/289 292/292/292 291/291/291 
f 293/293/293 295/295/295 294/294/294 
f 293/293/293 296/296/296 295/295/295 
f 297/297/297 299/299/299 298/298/298 
f 297/297/297 300/300/300 299/299/299 
f 301/301/301 303/303/303 302/302/302 
f 301/301/301 304/304/304 303/303/303 
f 305/305/305 307/307/307 306/306/306 
f 305/305/305 308/308/308 307/307/307 
f 309/309/309 311/311/311 310/310/310 
f 309/309/309 312/312/312 311/311/311 
f 313/313/313 315/315/315 314/314/314 
f 313/313/313 316/316/316 315/315/315 
f 317/317/317 319/319/319 318/318/318 
f 317/317/317 320/320/320 319/319/319 
f 321/321/321 323/323/323 322/322/322 
f 321/321/321 324/324/324 323/323/323 
f 325/325/325 327/327/327 326/326/326 
f 325/325/325 328/328/328 327/327/327 
f 329/329/329 331/331/331 330/330/330 
f 329/329/329 332/332/332 331/331/331 
f 333/333/333 335/335/335 334/334/334 
f 333/333/333 336/336/336 335/335/335 
f 337/337/337 339/339/339 338/338/338 
f 337/337/337 340/340/340 339/339/339 
f 341/341/341 343/343/343 342/342/342 
f 341/341/341 344/344/344 343/343/343 
f 345/345/345 347/347/347 346/346/346 
f 345/345/345 348/348/348 347/347/347 
f 349/349/349 351/351/351 350/350/350 
f 349/349/349 352/352/352 351/351/351 
f 353/353/353 355/355/355 354/354/354 
f 353/353/353 356/356/356 355/355/355 
f 357/357/357 359/359/359 358/358/358 
f 357/357/357 360/360/360 359/359/359 
f 361/361/361 363/363/363 362/362/362 
f 361/361/361 364/364/364 363/363/363 
f 365/365/365 367/367/367 366/366/366 
f 365/365/365 368/368/368 367/367/367 
f 369/369/369 371/371/371 370/370/370 
f 369/369/369 372/372/372 371/371/371 
f 373/373/373 375/375/375 374/374/374 
f 373/373/373 376/376/376 375/375/375 
f 377/377/377 379/379/379 378/378/378 
f 377/377/377 380/380/380 379/379/379 
f 381/381/381 383/383/383 382/382/382 
f 381/381/381 384/384/384 383/383/383 
f 385/385/385 387/387/387 386/386/386 
f 385/385/385 388/388/388 387/387/387 
f 389/389/389 391/391/391 390/390/390 
f 389/389/389 392/392/392 391/391/391 
f 393/393/393 395/395/395 394/394/394 
f 393/393/393 396/396/396 395/395/395 
f 397/397/397 399/399/399 398/398/398 
f 397/397/397 400/400/400 399/399/399 
f 401/401/401 403/403/403 402/402/402 
f 401/401/401 404/404/404 403/403/403 
f 405/405/405 407/407/407 406/406/406 
f 405/405/405 408/408/408 407/407/407 
f 409/409/409 411/411/411 410/410/410 
f 409/409/409 412/412/412 411/411/411 
f 413/413/413 415/415/415 414/414/414 
f 413/413/413 416/416/416 415/415/415 
f 417/417/417 419/419/419 418/418/418 
f 417/417/417 420/420/420 419/419/419 
f 421/421/421 423/423/423 422/422/422 
f 421/421/421 424/424/424 423/423/423 
f 425/425/425 427/427/427 426/426/426 
f 425/425/425 428/428/428 427/427/427 
f 429/429/429 431/431/431 430/430/430 
f 429/429/429 432/432/432 431/431/431 
f 433/433/433 435/435/435 434/434/434 
f 433/433/433 436/436/436 435/435/435 
f 437/437/437 439/439/439 438/438/438 
f 437/437/437 440/440/440 439/439/439 
f 441/441/441 443/443/443 442/442/442 
f 441/441/441 444/444/444 443/443/443 
f 445/445/445 447/447/447 446/446/446 
f 445/445/445 448/448/448 447/447/447 
f 449/449/449 451/451/451 450/450/450 
f 449/449/449 452/452/452 451/451/451 
f 453/453/453 455/455/455 454/454/454 
f 453/453/453 456/456/456 455/455/455 
f 457/457/457 459/459/459 458/458/458 
f 457/457/457 460/460/460 459/459/459 
f 461/461/461 463/463/463 462/462/462 
f 461/461/461 464/464/464 463/463/463 
f 465/465/465 467/467/467 466/466/466 
f 465/465/465 468/468/468 467/467/467 
f 469/469/469 471/471/471 470/470/470 
f 469/469/469 472/472/472 471/471/471 
f 473/473/473 475/475/475 474/474/474 
f 473/473/473 476/476/476 475/475/475 
f 477/477/477 479/479/479 478/478/478 
f 477/477/477 480/480/480 479/479/479 
f 481/481/481 483/483/483 482/482/482 
f 481/481/481 484/484/484 483/483/483 
f 485/485/485 487/487/487 486/486/486 
f 485/485/485 488/488/488 487/487/487 
f 489/489/489 491/491/491 490/490/490 
f 489/489/489 492/492/492 491/491/491 
f 493/493/493 495/495/495 494/494/494 
f 493/493/493 496/496/496 495/495/495 
f 497/497/497 499/499/499 498/498/498 
f 497/497/497 500/500/500 499/499/499 
f 501/501/501 503/503/503 502/502/502 
f 501/501/501 504/504/504 503/503/503 
f 505/505/505 507/507/507 506/506/506 
f 505/505/505 508/508/508 507/507/507 
f 509/509/509 511/511/511 510/510/510 
f 509/509/509 512/512/512 511/511/511 
f 513/513/513 515/515/515 514/514/514 
f 513/513/513 516/516/516 515/515/515 
f 517/517/517 519/519/519 518/518/518 
f 517/517/517 520/520/520 519/519/519 
f 521/521/521 523/523/523 522/522/522 
f 521/521/521 524/524/524 523/523/523 
f 525/525/525 527/527/527 526/526/526 
f 525/525/525 528/528/528 527/527/527 
f 529/529/529 531/531/531 530/530/530 
f 529/529/529 532/532/532 531/531/531 
f 533/533/533 535/535/535 534/534/534 
f 533/533/533 536/536/536 535/535/535 
f 537/537/537 539/539/539 538/538/538 
f 537/537/537 540/540/540 539/539/539 
f 541/541/541 543/543/543 542/542/542 
f 541/541/541 544/544/544 543/543/543 
f 545/545/545 547/547/547 546/546/546 
f 545/545/545 548/548/548 547/547/547 
f 549/549/549 551/551/551 550/550/550 
f 549/549/549 552/552/552 551/551/551 
f 553/553/553 555/555/555 554/554/554 
f 553/553/553 556/556/556 555/555/555 
f 557/557/557 559/559/559 558/558/558 
f 557/557/557 560/560/560 559/559/559 
f 561/561/561 563/563/563 562/562/562 
f 561/561/561 564/564/564 563/563/563 
f 565/565/565 567/567/567 566/566/566 
f 565/565/565 568/568/568 567/567/567 
f 569/569/569 571/571/571 570/570/570 
f 569/569/569 572/572/572 571/571/571 
f 573/573/573 575/575/575 574/574/574 
f 573/573/573 576/576/576 575/575/575 
f 577/577/577 579/579/579 578/578/578 
f 577/577/577 580/580/580 579/579/579 
f 581/581/581 583/583/583 582/582/582 
f 581/581/581 584/584/584 583/583/583 
f 585/585/585 587/587/587 586/586/586 
f 585/585/585 588/588/588 587/587/587 
f 589/589/589 591/591/591 590/590/590 
f 589/589/589 592/592/592 591/591/591 
f 593/593/593 595/595/595 594/594/594 
f 593/593/593 596/596/596 595/595/595 
f 597/597/597 599/599/599 598/598/598 
f 597/597/597 600/600/600 599/599/599 
f 601/601/601 603/603/603 602/602/602 
f 601/601/601 604/604/604 603/603/603 
f 605/605/605 607/607/607 606/606/606 
f 605/605/605 608/608/608 607/607/607 
f 609/609/609 611/611/611 610/610/610 
f 609/609/609 612/612/612 611/611/611 
f 613/613/613 615/615/615 614/614/614 
f 613/613/613 616/616/616 615/615/615 
f 617/617/617 619/619/619 618/618/618 
f 617/617/617 620/620/620 619/619/619 
f 621/621/621 623/623/623 622/622/622 
f 621/621/621 624/624/624 623/623/623 
f 625/625/625 627/627/627 626/626/626 
f 625/625/625 628/628/628 627/627/627 
f 629/629/629 631/631/631 630/630/630 
f 629/629/629 632/632/632 631/631/631 
f 633/633/633 635/635/635 634/634/634 
f 633/633/633 636/636/636 635/635/635 
f 637/637/637 639/639/639 638/638/638 
f 637/637/637 640/640/640 639/639/639 
f 641/641/641 643/643/643 642/642/642 
f 641/641/641 644/644/644 643/643/643 
f 645/645/645 647/647/647 646/646/646 
f 645/645/645 648/648/648 647/647/647 
f 649/649/649 651/651/651 650/650/650 
f 649/649/649 652/652/652 651/651/651 
f 653/653/653 655/655/655 654/654/654 
f 653/653/653 656/656/656 655/655/655 
f 657/657/657 659/659/659 658/658/658 
f 657/657/657 660/660/660 659/659/659 
f 661/661/661 663/663/663 662/662/662 
f 661/661/661 664/664/664 663/663/663 
f 665/665/665 667/667/667 666/666/666 
f 665/665/665 668/668/668 667/667/667 
f 669/669/669 671/671/671 670/670/670 
f 669/669/669 672/672/672 671/671/671 
f 673/673/673 675/675/675 674/674/674 
f 673/673/673 676/676/676 675/675/675 
f 677/677/677 679/679/679 678/678/678 
f 677/677/677 680/680/680 679/679/679 
f 681/681/681 683/683/683 682/682/682 
f 681/681/681 684/684/684 683/683/683 
f 685/685/685 687/687/687 686/686/686 
f 685/685/685 688/688/688 687/687/687 
f 689/689/689 691/691/691 690/690/690 
f 689/689/689 692/692/692 691/691/691 
f 693/693/693 695/695/695 694/694/694 
f 693/693/693 696/696/696 695/695/695 
f 697/697/697 699/699/699 698/698/698 
f 697/697/697 700/700/700 699/699/699 
f 701/701/701 703/703/703 702/702/702 
f 701/701/701 704/704/704 703/703/703 
f 705/705/705 707/707/707 706/706/706 
f 705/705/705 708/708/708 707/707/707 
f 709/709/709 711/711/711 710/710/710 
f 709/709/709 712/712/712 711/711/711 
f 713/713/713 715/715/715 714/714/714 
f 713/713/713 716/716/716 715/715/715 
f 717/717/717 719/719/719 718/718/718 
f 717/717/717 720/720/720 719/719/719 
f 721/721/721 723/723/723 722/722/722 
f 721/721/721 724/724/724 723/723/723 
f 725/725/725 727/727/727 726/726/726 
f 725/725/725 728/728/728 727/727/727 
f 729/729/729 731/731/731 730/730/730 
f 729/729/729 732/732/732 731/731/731 
f 733/733/733 735/735/735 734/734/734 
f 733/733/733 736/736/736 735/735/735 
f 737/737/737 739/739/739 738/738/738 
f 737/737/737 740/740/740 739/739/739 
f 741/741/741 743/743/743 742/742/742 
f 741/741/741 744/744/744 743/743/743 
f 745/745/745 747/747/747 746/746/746 
f 745/745/745 748/748/748 747/747/747 
f 749/749/749 751/751/751 750/750/750 
f 749/749/749 752/752/752 751/751/751 
f 753/753/753 755/755/755 754/754/754 
f 753/753/753 756/756/756 755/755/755 
f 757/757/757 759/759/759 758/758/758 
f 757/757/757 760/760/760 759/759/759 
f 761/761/761 763/763/763 762/762/762 
f 761/761/761 764/764/764 763/763/763 
f 765/765/765 767/767/767 766/766/766 
f 765/765/765 768/768/768 767/767/767 
f 769/769/769 771/771/771 770/770/770 
f 769/769/769 772/772/772 771/771/771 
f 773/773/773 775/775/775 774/774/774 
f 773/773/773 776/776/776 775/775/775 
f 777/777/777 779/779/779 778/778/778 
f 777/777/777 780/780/780 779/779/779 
f 781/781/781 783/783/783 782/782/782 
f 781/781/781 784/784/784 783/783/783 
f 785/785/785 787/787/787 786/786/786 
f 785/785/785 788/788/788 787/787/787 
f 789/789/789 791/791/791 790/790/790 
f 789/789/789 792/792/792 791/791/791 
f 793/793/793 795/795/795 794/794/794 
f 793/793/793 796/796/796 795/795/795 
f 797/797/797 799/799/799 798/798/798 
f 797/797/797 800/800/800 799/799/799 
f 801/801/801 803/803/803 802/802/802 
f 801/801/801 804/804/804 803/803/803 
f 805/805/805 807/807/807 806/806/806 
f 805/805/805 808/808/808 807/807/807 
f 809/809/809 811/811/811 810/810/810 
f 809/809/809 812/812/812 811/811/811 
f 813/813/813 815/815/815 814/814/814 
f 813/813/813 816/816/816 815/815/815 
f 817/817/817 819/819/819 818/818/818 
f 817/817/817 820/820/820 819/819/819 
f 821/821/821 823/823/823 822/822/822 
f 821/821/821 824/824/824 823/823/823 
f 825/825/825 827/827/827 826/826/826 
f 825/825/825 828/828/828 827/827/827 
f 829/829/829 831/831/831 830/830/830 
f 829/829/829 832/832/832 831/831/831 
f 833/833/833 835/835/835 834/834/834 
f 833/833/833 836/836/836 835/835/835 
f 837/837/837 839/839/839 838/838/838 
f 837/837/837 840/840/840 839/839/839 
f 841/841/841 843/843/843 842/842/842 
f 841/841/841 844/844/844 843/843/843 
f 845/845/845 847/847/847 846/846/846 
f 845/845/845 848/848/848 847/847/847 
f 849/849/849 851/851/851 850/850/850 
f 849/849/849 852/852/852 851/851/851 
f 853/853/853 855/855/855 854/854/854 
f 853/853/853 856/856/856 855/855/855 
f 857/857/857 859/859/859 858/858/858 
f 857/857/857 860/860/860 859/859/859 
f 861/861/861 863/863/863 862/862/862 
f 861/861/861 864/864/864 863/863/863 
f 865/865/865 867/867/867 866/866/866 
f 865/865/865 868/868/868 867/867/867 
f 869/869/869 871/871/871 870/870/870 
f 869/869/869 872/872/872 871/871/871 
f 873/873/873 875/875/875 874/874/874 
f 873/873/873 876/876/876 875/875/875 
f 877/877/877 879/879/879 878/878/878 
f 877/877/877 880/880/880 879/879/879 
f 881/881/881 883/883/883 882/882/882 
f 881/881/881 884/884/884 883/883/883 
f 885/885/885 887/887/887 886/886/886 
f 885/885/885 888/888/888 887/887/887 
f 889/889/889 891/891/891 890/890/890 
f 889/889/889 892/892/892 891/891/891 
f 893/893/893 895/895/895 894/894/894 
f 893/893/893 896/896/896 895/895/895 
f 897/897/897 899/899/899 898/898/898 
f 897/897/897 900/900/900 899/899/899 
f 901/901/901 903/903/903 902/902/902 
f 901/901/901 904/904/904 903/903/903 
f 905/905/905 907/907/907 906/906/906 
f 905/905/905 908/908/908 907/907/907 
f 909/909/909 911/911/911 910/910/910 
f 909/909/909 912/912/912 911/911/911 
f 913/913/913 915/915/915 914/914/914 
f 913/913/913 916/916/916 915/915/915 
f 917/917/917 919/919/919 918/918/918 
f 917/917/917 920/920/920 919/919/919 
f 921/921/921 923/923/923 922/922/922 
f 921/921/921 924/924/924 923/923/923 
f 925/925/925 927/927/927 926/926/926 
f 925/925/925 928/928/928 927/927/927 
f 929/929/929 931/931/931 930/930/930 
f 929/929/929 932/932/932 931/931/931 
f 933/933/933 935/935/935 934/934/934 
f 933/933/933 936/936/936 935/935/935 
f 937/937/937 939/939/939 938/938/938 
f 937/937/937 940/940/940 939/939/939 
f 941/941/941 943/943/943 942/942/942 
f 941/941/941 944/944/944 943/943/943 
f 945/945/945 947/947/947 946/946/946 
f 945/945/945 948/948/948 947/947/947 
f 949/949/949 951/951/951 950/950/950 
f 949/949/949 952/952/952 951/951/951 
f 953/953/953 955/955/955 954/954/954 
f 953/953/953 956/956/956 955/955/955 
f 957/957/957 959/959/959 958/958/958 
f 957/957/957 960/960/960 959/959/959 
f 961/961/961 963/963/963 962/962/962 
f 961/961/961 964/964/964 963/963/963 
f 965/965/965 967/967/967 966/966/966 
f 965/965/965 968/968/968 967/967/967 
f 969/969/969 971/971/971 970/970/970 
f 969/969/969 972/972/972 971/971/971 
f 973/973/973 975/975/975 974/974/974 
f 973/973/973 976/976/976 975/975/975 
f 977/977/977 979/979/979 978/978/978 
f 977/977/977 980/980/980 979/979/979 
f 981/981/981 983/983/983 982/982/982 
f 981/981/981 984/984/984 983/983/983 
f 985/985/985 987/987/987 986/986/986 
f 985/985/985 988/988/988 987/987/987 
f 989/989/989 991/991/991 990/990/990 
f 989/989/989 992/992/992 991/991/991 
f 993/993/993 995/995/995 994/994/994 
f 993/993/993 996/996/996 995/995/995 
f 997/997/997 999/999/999 998/998/998 
f 997/997/997 1000/1000/1000 999/999/999 
f 1001/1001/1001 1003/1003/1003 1002/1002/1002 
f 1001/1001/1001 1004/1004/1004 1003/1003/1003 
f 1005/1005/1005 1007/1007/1007 1006/1006/1006 
f 1005/1005/1005 1008/1008/1008 1007/1007/1007 
f 1009/1009/1009 1011/1011/1011 1010/1010/1010 
f 1009/1009/1009 1012/1012/1012 1011/1011/1011 
f 1013/1013/1013 1015/1015/1015 1014/1014/1014 
f 1013/1013/1013 1016/1016/1016 1015/1015/1015 
f 1017/1017/1017 1019/1019/1019 1018/1018/1018 
f 1017/1017/1017 1020/1020/1020 1019/1019/1019 
f 1021/1021/1021 1023/1023/1023 1022/1022/1022 
f 1021/1021/1021 1024/1024/1024 1023/1023/1023 
f 1025/1025/1025 1027/1027/1027 1026/1026/1026 
f 1025/1025/1025 1028/1028/1028 1027/1027/1027 
f 1029/1029/1029 1031/1031/1031 1030/1030/1030 
f 1029/1029/1029 1032/1032/1032 1031/1031/1031 
f 1033/1033/1033 1035/1035/1035 1034/1034/1034 
f 1033/1033/1033 1036/1036/1036 1035/1035/1035 
f 1037/1037/1037 1039/1039/1039 1038/1038/1038 
f 1037/1037/1037 1040/1040/1040 1039/1039/1039 
f 1041/1041/1041 1043/1043/1043 1042/1042/1042 
f 1041/1041/1041 1044/1044/1044 1043/1043/1043 
f 1045/1045/1045 1047/1047/1047 1046/1046/1046 
f 1045/1045/1045 1048/1048/1048 1047/1047/1047 
f 1049/1049/1049 1051/1051/1051 1050/1050/1050 
f 1049/1049/1049 1052/1052/1052 1051/1051/1051 
f 1053/1053/1053 1055/1055/1055 1054/1054/1054 
f 1053/1053/1053 1056/1056/1056 1055/1055/1055 
f 1057/1057/1057 1059/1059/1059 1058/1058/1058 
f 1057/1057/1057 1060/1060/1060 1059/1059/1059 
f 1061/1061/1061 1063/1063/1063 1062/1062/1062 
f 1061/1061/1061 1064/1064/1064 1063/1063/1063 
f 1065/1065/1065 1067/1067/1067 1066/1066/1066 
f 1065/1065/1065 1068/1068/1068 1067/1067/1067 
f 1069/1069/1069 1071/1071/1071 1070/1070/1070 
f 1069/1069/1069 1072/1072/1072 1071/1071/1071 
f 1073/1073/1073 1075/1075/1075 1074/1074/1074 
f 1073/1073/1073 1076/1076/1076 1075/1075/1075 
f 1077/1077/1077 1079/1079/1079 1078/1078/1078 
f 1077/1077/1077 1080/1080/1080 1079/1079/1079 
f 1081/1081/1081 1083/1083/1083 1082/1082/1082 
f 1081/1081/1081 1084/1084/1084 1083/1083/1083 
f 1085/1085/1085 1087/1087/1087 1086/1086/1086 
f 1085/1085/1085 1088/1088/1088 1087/1087/1087 
f 1089/1089/1089 1091/1091/1091 1090/1090/1090 
f 1089/1089/1089 1092/1092/1092 1091/1091/1091 
f 1093/1093/1093 1095/1095/1095 1094/1094/1094 
f 1093/1093/1093 1096/1096/1096 1095/1095/1095 
f 1097/1097/1097 1099/1099/1099 1098/1098/1098 
f 1097/1097/1097 1100/1100/1100 1099/1099/1099 
f 1101/1101/1101 1103/1103/1103 1102/1102/1102 
f 1101/1101/1101 1104/1104/1104 1103/1103/1103 
f 1105/1105/1105 1107/1107/1107 1106/1106/1106 
f 1105/1105/1105 1108/1108/1108 1107/1107/1107 
f 1109/1109/1109 1111/1111/1111 1110/1110/1110 
f 1109/1109/1109 1112/1112/1112 1111/1111/1111 
f 1113/1113/1113 1115/1115/1115 1114/1114/1114 
f 1113/1113/1113 1116/1116/1116 1115/1115/1115 
f 1117/1117/1117 1119/1119/1119 1118/1118/1118 
f 1117/1117/1117 1120/1120/1120 1119/1119/1119 
f 1121/1121/1121 1123/1123/1123 1122/1122/1122 
f 1121/1121/1121 1124/1124/1124 1123/1123/1123 
f 1125/1125/1125 1127/1127/1127 1126/1126/1126 
f 1125/1125/1125 1128/1128/1128 1127/1127/1127 
f 1129/1129/1129 1131/1131/1131 1130/1130/1130 
f 1129/1129/1129 1132/1132/1132 1131/1131/1131 
f 1133/1133/1133 1135/1135/1135 1134/1134/1134 
f 1133/1133/1133 1136/1136/1136 1135/1135/1135 
f 1137/1137/1137 1139/1139/1139 1138/1138/1138 
f 1137/1137/1137 1140/1140/1140 1139/1139/1139 
f 1141/1141/1141 1143/1143/1143 1142/1142/1142 
f 1141/1141/1141 1144/1144/1144 1143/1143/1143 
f 1145/1145/1145 1147/1147/1147 1146/1146/1146 
f 1145/1145/1145 1148/1148/1148 1147/1147/1147 
f 1149/1149/1149 1151/1151/1151 1150/1150/1150 
f 1149/1149/1149 1152/1152/1152 1151/1151/1151 
f 1153/1153/1153 1155/1155/1155 1154/1154/1154 
f 1153/1153/1153 1156/1156/1156 1155/1155/1155 
f 1157/1157/1157 1159/1159/1159 1158/1158/1158 
f 1157/1157/1157 1160/1160/1160 1159/1159/1159 
f 1161/1161/1161 1163/1163/1163 1162/1162/1162 
f 1161/1161/1161 1164/1164/1164 1163/1163/1163 
f 1165/1165/1165 1167/1167/1167 1166/1166/1166 
f 1165/1165/1165 1168/1168/1168 1167/1167/1167 
f 1169/1169/1169 1171/1171/1171 1170/1170/1170 
f 1169/1169/1169 1172/1172/1172 1171/1171/1171 
f 1173/1173/1173 1175/1175/1175 1174/1174/1174 
f 1173/1173/1173 1176/1176/1176 1175/1175/1175 
f 1177/1177/1177 1179/1179/1179 1178/1178/1178 
f 1177/1177/1177 1180/1180/1180 1179/1179/1179 
f 1181/1181/1181 1183/1183/1183 1182/1182/1182 
f 1181/1181/1181 1184/1184/1184 1183/1183/1183 
f 1185/1185/1185 1187/1187/1187 1186/1186/1186 
f 1185/1185/1185 1188/1188/1188 1187/1187/1187 
f 1189/1189/1189 1191/1191/1191 1190/1190/1190 
f 1189/1189/1189 1192/1192/1192 1191/1191/1191 
f 1193/1193/1193 1195/1195/1195 1194/1194/1194 
f 1193/1193/1193 1196/1196/1196 1195/1195/1195 
f 1197/1197/1197 1199/1199/1199 1198/1198/1198 
f 1197/1197/1197 1200/1200/1200 1199/1199/1199 
f 1201/1201/1201 1203/1203/1203 1202/1202/1202 
f 1201/1201/1201 1204/1204/1204 1203/1203/1203 
f 1205/1205/1205 1207/1207/1207 1206/1206/1206 
f 1205/1205/1205 1208/1208/1208 1207/1207/1207 
f 1209/1209/1209 1211/1211/1211 1210/1210/1210 
f 1209/1209/1209 1212/1212/1212 1211/1211/1211 
f 1213/1213/1213 1215/1215/1215 1214/1214/1214 
f 1213/1213/1213 1216/1216/1216 1215/1215/1215 
f 1217/1217/1217 1219/1219/1219 1218/1218/1218 
f 1217/1217/1217 1220/1220/1220 1219/1219/1219 
f 1221/1221/1221 1223/1223/1223 1222/1222/1222 
f 1221/1221/1221 1224/1224/1224 1223/1223/1223 
f 1225/1225/1225 1227/1227/1227 1226/1226/1226 
f 1225/1225/1225 1228/1228/1228 1227/1227/1227 
f 1229/1229/1229 1231/1231/1231 1230/1230/1230 
f 1229/1229/1229 1232/1232/1232 1231/1231/1231 
f 1233/1233/1233 1235/1235/1235 1234/1234/1234 
f 1233/1233/1233 1236/1236/1236 1235/1235/1235 
f 1237/1237/1237 1239/1239/1239 1238/1238/1238 
f 1237/1237/1237 1240/1240/1240 1239/1239/1239 
f 1241/1241/1241 1243/1243/1243 1242/1242/1242 
f 1241/1241/1241 1244/1244/1244 1243/1243/1243 
f 1245/1245/1245 1247/1247/1247 1246/1246/1246 
f 1245/1245/1245 1248/1248/1248 1247/1247/1247 
f 1249/1249/1249 1251/1251/1251 1250/1250/1250 
f 1249/1249/1249 1252/1252/1252 1251/1251/1251 
f 1253/1253/1253 1255/1255/1255 1254/1254/1254 
f 1253/1253/1253 1256/1256/1256 1255/1255/1255 
f 1257/1257/1257 1259/1259/1259 1258/1258/1258 
f 1257/1257/1257 1260/1260/1260 1259/1259/1259 
f 1261/1261/1261 1263/1263/1263 1262/1262/1262 
f 1261/1261/1261 1264/1264/1264 1263/1263/1263 
f 1265/1265/1265 1267/1267/1267 1266/1266/1266 
f 1265/1265/1265 1268/1268/1268 1267/1267/1267 
f 1269/1269/1269 1271/1271/1271 1270/1270/1270 
f 1269/1269/1269 1272/1272/1272 1271/1271/1271 
f 1273/1273/1273 1275/1275/1275 1274/1274/1274 
f 1273/1273/1273 1276/1276/1276 1275/1275/1275 
f 1277/1277/1277 1279/1279/1279 1278/1278/1278 
f 1277/1277/1277 1280/1280/1280 1279/1279/1279 
f 1281/1281/1281 1283/1283/1283 1282/1282/1282 
f 1281/1281/1281 1284/1284/1284 1283/1283/1283 
f 1285/1285/1285 1287/1287/1287 1286/1286/1286 
f 1285/1285/1285 1288/1288/1288 1287/1287/1287 
f 1289/1289/1289 1291/1291/1291 1290/1290/1290 
f 1289/1289/1289 1292/1292/1292 1291/1291/1291 
f 1293/1293/1293 1295/1295/1295 1294/1294/1294 
f 1293/1293/1293 1296/1296/1296 1295/1295/1295 
f 1297/1297/1297 1299/1299/1299 1298/1298/1298 
f 1297/1297/1297 1300/1300/1300 1299/1299/1299 
f 1301/1301/1301 1303/1303/1303 1302/1302/1302 
f 1301/1301/1301 1304/1304/1304 1303/1303/1303 
f 1305/1305/1305 1307/1307/1307 1306/1306/1306 
f 1305/1305/1305 1308/1308/1308 1307/1307/1307 
f 1309/1309/1309 1311/1311/1311 1310/1310/1310 
f 1309/1309/1309 1312/1312/1312 1311/1311/1311 
f 1313/1313/1313 1315/1315/1315 1314/1314/1314 
f 1313/1313/1313 1316/1316/1316 1315/1315/1315 
f 1317/1317/1317 1319/1319/1319 1318/1318/1318 
f 1317/1317/1317 1320/1320/1320 1319/1319/1319 
f 1321/1321/1321 1323/1323/1323 1322/1322/1322 
f 1321/1321/1321 1324/1324/1324 1323/1323/1323 
f 1325/1325/1325 1327/1327/1327 1326/1326/1326 
f 1325/1325/1325 1328/1328/1328 1327/1327/1327 
f 1329/1329/1329 1331/1331/1331 1330/1330/1330 
f 1329/1329/1329 1332/1332/1332 1331/1331/1331 
f 1333/1333/1333 1335/1335/1335 1334/1334/1334 
f 1333/1333/1333 1336/1336/1336 1335/1335/1335 
f 1337/1337/1337 1339/1339/1339 1338/1338/1338 
f 1337/1337/1337 1340/1340/1340 1339/1339/1339 
f 1341/1341/1341 1343/1343/1343 1342/1342/1342 
f 1341/1341/1341 1344/1344/1344 1343/1343/1343 
f 1345/1345/1345 1347/1347/1347 1346/1346/1346 
f 1345/1345/1345 1348/1348/1348 1347/1347/1347 
f 1349/1349/1349 1351/1351/1351 1350/1350/1350 
f 1349/1349/1349 1352/1352/1352 1351/1351/1351 
f 1353/1353/1353 1355/1355/1355 1354/1354/1354 
f 1353/1353/1353 1356/1356/1356 1355/1355/1355 
f 1357/1357/1357 1359/1359/1359 1358/1358/1358 
f 1357/1357/1357 1360/1360/1360 1359/1359/1359 
f 1361/1361/1361 1363/1363/1363 1362/1362/1362 
f 1361/1361/1361 1364/1364/1364 1363/1363/1363 
f 1365/1365/1365 1367/1367/1367 1366/1366/1366 
f 1365/1365/1365 1368/1368/1368 1367/1367/1367 
f 1369/1369/1369 1371/1371/1371 1370/1370/1370 
f 1369/1369/1369 1372/1372/1372 1371/1371/1371 
f 1373/1373/1373 1375/1375/1375 1374/1374/1374 
f 1373/1373/1373 1376/1376/1376 1375/1375/1375 
f 1377/1377/1377 1379/1379/1379 1378/1378/1378 
f 1377/1377/1377 1380/1380/1380 1379/1379/1379 
f 1381/1381/1381 1383/1383/1383 1382/1382/1382 
f 1381/1381/1381 1384/1384/1384 1383/1383/1383 
f 1385/1385/1385 1387/1387/1387 1386/1386/1386 
f 1385/1385/1385 1388/1388/1388 1387/1387/1387 
f 1389/1389/1389 1391/1391/1391 1390/1390/1390 
f 1389/1389/1389 1392/1392/1392 1391/1391/1391 
f 1393/1393/1393 1395/1395/1395 1394/1394/1394 
f 1393/1393/1393 1396/1396/1396 1395/1395/1395 
f 1397/1397/1397 1399/1399/1399 1398/1398/1398 
f 1397/1397/1397 1400/1400/1400 1399/1399/1399 
f 1401/1401/1401 1403/1403/1403 1402/1402/1402 
f 1401/1401/1401 1404/1404/1404 1403/1403/1403 
f 1405/1405/1405 1407/1407/1407 1406/1406/1406 
f 1405/1405/1405 1408/1408/1408 1407/1407/1407 
f 1409/1409/1409 1411/1411/1411 1410/1410/1410 
f 1409/1409/1409 1412/1412/1412 1411/1411/1411 
f 1413/1413/1413 1415/1415/1415 1414/1414/1414 
f 1413/1413/1413 1416/1416/1416 1415/1415/1415 
f 1417/1417/1417 1419/1419/1419 1418/1418/1418 
f 1417/1417/1417 1420/1420/1420 1419/1419/1419 
f 1421/1421/1421 1423/1423/1423 1422/1422/1422 
f 1421/1421/1421 1424/1424/1424 1423/1423/1423 
f 1425/1425/1425 1427/1427/1427 1426/1426/1426 
f 1425/1425/1425 1428/1428/1428 1427/1427/1427 
f 1429/1429/1429 1431/1431/1431 1430/1430/1430 
f 1429/1429/1429 1432/1432/1432 1431/1431/1431 
f 1433/1433/1433 1435/1435/1435 1434/1434/1434 
f 1433/1433/1433 1436/1436/1436 1435/1435/1435 
f 1437/1437/1437 1439/1439/1439 1438/1438/1438 
f 1437/1437/1437 1440/1440/1440 1439/1439/1439 
f 1441/1441/1441 1443/1443/1443 1442/1442/1442 
f 1441/1441/1441 1444/1444/1444 1443/1443/1443 
f 1445/1445/1445 1447/1447/1447 1446/1446/1446 
f 1445/1445/1445 1448/1448/1448 1447/1447/1447 
f 1449/1449/1449 1451/1451/1451 1450/1450/1450 
f 1449/1449/1449 1452/1452/1452 1451/1451/1451 
f 1453/1453/1453 1455/1455/1455 1454/1454/1454 
f 1453/1453/1453 1456/1456/1456 1455/1455/1455 
f 1457/1457/1457 1459/1459/1459 1458/1458/1458 
f 1457/1457/1457 1460/1460/1460 1459/1459/1459 
f 1461/1461/1461 1463/1463/1463 1462/1462/1462 
f 1461/1461/1461 1464/1464/1464 1463/1463/1463 
f 1465/1465/1465 1467/1467/1467 1466/1466/1466 
f 1465/1465/1465 1468/1468/1468 1467/1467/1467 
f 1469/1469/1469 1471/1471/1471 1470/1470/1470 
f 1469/1469/1469 1472/1472/1472 1471/1471/1471 
f 1473/1473/1473 1475/1475/1475 1474/1474/1474 
f 1473/1473/1473 1476/1476/1476 1475/1475/1475 
f 1477/1477/1477 1479/1479/1479 1478/1478/1478 
f 1477/1477/1477 1480/1480/1480 1479/1479/1479 
f 1481/1481/1481 1483/1483/1483 1482/1482/1482 
f 1481/1481/1481 1484/1484/1484 1483/1483/1483 
f 1485/1485/1485 1487/1487/1487 1486/1486/1486 
f 1485/1485/1485 1488/1488/1488 1487/1487/1487 
f 1489/1489/1489 1491/1491/1491 1490/1490/1490 
f 1489/1489/1489 1492/1492/1492 1491/1491/1491 
f 1493/1493/1493 1495/1495/1495 1494/1494/1494 
f 1493/1493/1493 1496/1496/1496 1495/1495/1495 
f 1497/1497/1497 1499/1499/1499 1498/1498/1498 
f 1497/1497/1497 1500/1500/1500 1499/1499/1499 
f 1501/1501/1501 1503/1503/1503 1502/1502/1502 
f 1501/1501/1501 1504/1504/1504 1503/1503/1503 
f 1505/1505/1505 1507/1507/1507 1506/1506/1506 
f 1505/1505/1505 1508/1508/1508 1507/1507/1507 
f 1509/1509/1509 1511/1511/1511 1510/1510/1510 
f 1509/1509/1509 1512/1512/1512 1511/1511/1511 
f 1513/1513/1513 1515/1515/1515 1514/1514/1514 
f 1513/1513/1513 1516/1516/1516 1515/1515/1515 
f 1517/1517/1517 1519/1519/1519 1518/1518/1518 
f 1517/1517/1517 1520/1520/1520 1519/1519/1519 
f 1521/1521/1521 1523/1523/1523 1522/1522/1522 
f 1521/1521/1521 1524/1524/1524 1523/1523/1523 
f 1525/1525/1525 1527/1527/1527 1526/1526/1526 
f 1525/1525/1525 1528/1528/1528 1527/1527/1527 
f 1529/1529/1529 1531/1531/1531 1530/1530/1530 
f 1529/1529/1529 1532/1532/1532 1531/1531/1531 
f 1533/1533/1533 1535/1535/1535 1534/1534/1534 
f 1533/1533/1533 1536/1536/1536 1535/1535/1535 
f 1537/1537/1537 1539/1539/1539 1538/1538/1538 
f 1537/1537/1537 1540/1540/1540 1539/1539/1539 
f 1541/1541/1541 1543/1543/1543 1542/1542/1542 
f 1541/1541/1541 1544/1544/1544 1543/1543/1543 
f 1545/1545/1545 1547/1547/1547 1546/1546/1546 
f 1545/1545/1545 1548/1548/1548 1547/1547/1547 
f 1549/1549/1549 1551/1551/1551 1550/1550/1550 
f 1549/1549/1549 1552/1552/1552 1551/1551/1551 
f 1553/1553/1553 1555/1555/1555 1554/1554/1554 
f 1553/1553/1553 1556/1556/1556 1555/1555/1555 
f 1557/1557/1557 1559/1559/1559 1558/1558/1558 
f 1557/1557/1557 1560/1560/1560 1559/1559/1559 
f 1561/1561/1561 1563/1563/1563 1562/1562/1562 
f 1561/1561/1561 1564/1564/1564 1563/1563/1563 
f 1565/1565/1565 1567/1567/1567 1566/1566/1566 
f 1565/1565/1565 1568/1568/1568 1567/1567/1567 
f 1569/1569/1569 1571/1571/1571 1570/1570/1570 
f 1569/1569/1569 1572/1572/1572 1571/1571/1571 
f 1573/1573/1573 1575/1575/1575 1574/1574/1574 
f 1573/1573/1573 1576/1576/1576 1575/1575/1575 
f 1577/1577/1577 1579/1579/1579 1578/1578/1578 
f 1577/1577/1577 1580/1580/1580 1579/1579/1579 
f 1581/1581/1581 1583/1583/1583 1582/1582/1582 
f 1581/1581/1581 1584/1584/1584 1583/1583/1583 
f 1585/1585/1585 1587/1587/1587 1586/1586/1586 
f 1585/1585/1585 1588/1588/1588 1587/1587/1587 
f 1589/1589/1589 1591/1591/1591 1590/1590/1590 
f 1589/1589/1589 1592/1592/1592 1591/1591/1591 
f 1593/1593/1593 1595/1595/1595 1594/1594/1594 
f 1593/1593/1593 1596/1596/1596 1595/1595/1595 
f 1597/1597/1597 1599/1599/1599 1598/1598/1598 
f 1597/1597/1597 1600/1600/1600 1599/1599/1599 
f 1601/1601/1601 1603/1603/1603 1602/1602/1602 
f 1601/1601/1601 1604/1604/1604 1603/1603/1603 
f 1605/1605/1605 1607/1607/1607 1606/1606/1606 
f 1605/1605/1605 1608/1608/1608 1607/1607/1607 
f 1609/1609/1609 1611/1611/1611 1610/1610/1610 
f 1609/1609/1609 1612/1612/1612 1611/1611/1611 
f 1613/1613/1613 1615/1615/1615 1614/1614/1614 
f 1613/1613/1613 1616/1616/1616 1615/1615/1615 
f 1617/1617/1617 1619/1619/1619 1618/1618/1618 
f 1617/1617/1617 1620/1620/1620 1619/1619/1619 
f 1621/1621/1621 1623/1623/1623 1622/1622/1622 
f 1621/1621/1621 1624/1624/1624 1623/1623/1623 
f 1625/1625/1625 1627/1627/1627 1626/1626/1626 
f 1625/1625/1625 1628/1628/1628 1627/1627/1627 
f 1629/1629/1629 1631/1631/1631 1630/1630/1630 
f 1629/1629/1629 1632/1632/1632 1631/1631/1631 
f 1633/1633/1633 1635/1635/1635 1634/1634/1634 
f 1633/1633/1633 1636/1636/1636 1635/1635/1635 
f 1637/1637/1637 1639/1639/1639 1638/1638/1638 
f 1637/1637/1637 1640/1640/1640 1639/1639/1639 
f 1641/1641/1641 1643/1643/1643 1642/1642/1642 
f 1641/1641/1641 1644/1644/1644 1643/1643/1643 
f 1645/1645/1645 1647/1647/1647 1646/1646/1646 
f 1645/1645/1645 1648/1648/1648 1647/1647/1647 
f 1649/1649/1649 1651/1651/1651 1650/1650/1650 
f 1649/1649/1649 1652/1652/1652 1651/1651/1651 
f 1653/1653/1653 1655/1655/1655 1654/1654/1654 
f 1653/1653/1653 1656/1656/1656 1655/1655/1655 
f 1657/1657/1657 1659/1659/1659 1658/1658/1658 
f 1657/1657/1657 1660/1660/1660 1659/1659/1659 
f 1661/1661/1661 1663/1663/1663 1662/1662/1662 
f 1661/1661/1661 1664/1664/1664 1663/1663/1663 
f 1665/1665/1665 1667/1667/1667 1666/1666/1666 
f 1665/1665/1665 1668/1668/1668 1667/1667/1667 
f 1669/1669/1669 1671/1671/1671 1670/1670/1670 
f 1669/1669/1669 1672/1672/1672 1671/1671/1671 
f 1673/1673/1673 1675/1675/1675 1674/1674/1674 
f 1673/1673/1673 1676/1676/1676 1675/1675/1675 
f 1677/1677/1677 1679/1679/1679 1678/1678/1678 
f 1677/1677/1677 1680/1680/1680 1679/1679/1679 
