# exported by StudySceneExporter from mesh 'box02'
mtllib materials.mtl
v 0.03659271 -0.04586815 -0.03095154
v -0.03764374 -0.04340813 -0.03095154
v -0.04144928 -0.04770103 -0.02956131
v 0.04032013 -0.04993675 -0.02951431
v 0.04336578 -0.04570518 -0.03108627
v -0.0451181 -0.05174507 -0.02763275
v 0.04722809 -0.04986229 -0.0296373
v 0.05057953 -0.04526756 -0.03123596
v 0.04387054 -0.05380852 -0.02757233
v -0.04836578 -0.05510185 -0.0245285
v 0.05434662 -0.04902153 -0.02965744
v 0.05680694 -0.04346947 -0.03123596
v 0.0469638 -0.05717399 -0.02447983
v -0.05074554 -0.05752891 -0.02033508
v 0.0509494 -0.05375328 -0.0276477
v 0.06077667 -0.04652916 -0.02960937
v 0.06171417 -0.03998176 -0.03123596
v 0.04921478 -0.05966133 -0.02030884
v -0.05200165 -0.05881645 -0.01537506
v 0.05421173 -0.05689644 -0.02450485
v 0.05797211 -0.05248161 -0.02756897
v 0.06580047 -0.04245995 -0.02955597
v 0.06514984 -0.03518715 -0.03123596
v 0.06449127 -0.04939247 -0.02747955
v 0.0611618 -0.05516274 -0.02437988
v 0.05657013 -0.05912193 -0.02030258
v 0.05039764 -0.06099449 -0.01537506
v 0.06936371 -0.03732521 -0.02954712
v 0.06692047 -0.0294091 -0.03123596
v 0.06958649 -0.04482963 -0.02740692
v 0.06752228 -0.05172783 -0.02425323
v 0.06345245 -0.05700584 -0.02020264
v 0.0713388 -0.03123863 -0.029561
v 0.06723969 -0.0231002 -0.03123596
v 0.07327362 -0.03936912 -0.02739227
v 0.07262909 -0.04691856 -0.02419052
v 0.07182953 -0.02459038 -0.02957107
v 0.06812774 0.02068764 -0.03123596
v 0.07545074 -0.0329908 -0.02741287
v 0.07259186 0.02191688 -0.02954086
v 0.06805512 0.02611595 -0.03123596
v 0.05779327 -0.06027794 -0.01537506
v 0.06962921 -0.05335182 -0.02010239
v 0.07643341 -0.04117225 -0.02417251
v 0.07611176 -0.02601906 -0.02742859
v 0.06461883 -0.05793449 -0.01537506
v 0.07472992 -0.04840614 -0.02006531
v 0.07879364 -0.03453865 -0.02419403
v 0.07067596 -0.05415886 -0.01537506
v 0.07861786 -0.04245537 -0.02005188
v 0.07576752 -0.04914665 -0.01537506
v 0.07673737 0.02309578 -0.02738037
v 0.07961334 -0.02728355 -0.02421143
v 0.08111236 -0.03564201 -0.02006668
v 0.07969452 -0.04309227 -0.01537506
v 0.07248139 0.02768074 -0.02954773
v 0.07235077 0.03435524 -0.02955871
v 0.06797089 0.03240425 -0.03123596
v 0.06485504 0.03743767 -0.03123596
v 0.0755838 -0.04902672 0.0181485
v 0.07950164 -0.04298729 0.0181485
v 0.07050446 -0.05402687 0.0181485
v 0.06446198 -0.0577932 0.0181485
v 0.05765289 -0.06013084 0.0181485
v 0.05027618 -0.06084587 0.0181485
v -0.05187408 -0.05867302 0.0181485
v -0.05185028 -0.05864616 0.01823517
v 0.05025299 -0.0608181 0.01823517
v 0.05761566 -0.06009178 0.01823517
v 0.06440949 -0.05774544 0.01823517
v 0.07043976 -0.05397667 0.01823517
v 0.05216034 -0.06314537 0.01815628
v -0.05384979 -0.06089042 0.01815628
v -0.05402984 -0.06109276 0.01836029
v 0.05983856 -0.06242698 0.01815628
v 0.06692962 -0.06001991 0.01815628
v 0.05233246 -0.06335502 0.01836029
v 0.07550995 -0.0489785 0.01823517
v 0.07321991 -0.05611961 0.01815628
v 0.06001373 -0.0626107 0.01836029
v 0.05233246 -0.06335518 0.02287002
v -0.05402984 -0.06109276 0.02287002
v -0.05363129 -0.06064537 0.02364426
v 0.06001373 -0.06261086 0.02287002
v 0.0519516 -0.06289131 0.02364426
v -0.05294586 -0.05987633 0.02409622
v 0.06710357 -0.06017647 0.01836029
v 0.07850372 -0.05093132 0.01815628
v 0.06710357 -0.06017647 0.02287002
v 0.05962677 -0.06220421 0.02364395
v 0.05129852 -0.06209358 0.02409622
v 0.07339569 -0.0562548 0.01836029
v 0.07339569 -0.05625496 0.02287002
v 0.06671967 -0.05983024 0.0236441
v 0.04733307 -0.05725517 0.02409622
v -0.04878815 -0.0552108 0.02409622
v -0.04833221 -0.05469841 0.02442047
v 0.05895966 -0.06150322 0.02409622
v 0.05418304 -0.05648582 0.02409622
v 0.04689789 -0.05672401 0.02442047
v -0.04804596 -0.05437706 0.02493851
v 0.07868378 -0.05104851 0.02287002
v 0.07300751 -0.05595573 0.02364441
v 0.06605926 -0.05923424 0.02409622
v 0.06048736 -0.05420708 0.02409622
v 0.05373993 -0.05602058 0.02442032
v 0.04662445 -0.05639061 0.02493851
v 0.07868378 -0.05104851 0.01836029
v 0.04655243 -0.05630211 0.0289595
v -0.04796967 -0.05429176 0.0289595
v -0.0470755 -0.05328804 0.03060654
v 0.04569916 -0.05526146 0.03060669
v -0.04609283 -0.05218529 0.03126648
v 0.05338531 -0.05564781 0.02895752
v 0.05346161 -0.05572822 0.02493851
v 0.08257598 -0.04465858 0.01815628
v 0.06004791 -0.0538105 0.02442047
v 0.0794223 -0.04294441 0.01823517
v 0.06609588 -0.05062889 0.02409622
v 0.08205963 -0.03610329 0.0181485
v 0.07234039 -0.05544182 0.02409622
v 0.08225922 -0.03619148 -0.01537506
v 0.07828522 -0.0507888 0.02364441
v 0.08205169 -0.02818718 -0.02007919
v 0.08276276 -0.04476021 0.02287002
v 0.08010162 0.02414589 -0.02415314
v 0.08276276 -0.04476006 0.01836029
v 0.07659454 0.0291822 -0.02739151
v 0.07642365 0.03622902 -0.02740936
v 0.07993072 0.03051887 -0.02416794
v 0.0824234 0.02489296 -0.0200357
v 0.0852304 -0.03750511 0.01815628
v 0.06917694 0.03970344 -0.02957153
v 0.08326324 -0.02863884 -0.01537506
v 0.08306122 -0.02856911 0.0181485
v 0.08197968 -0.03606804 0.01823517
v 0.08356231 0.02526176 -0.01537506
v 0.06396087 0.04391594 -0.02961029
v 0.05979278 0.04103401 -0.03123596
v 0.05350616 0.04309547 -0.03123596
v 0.05753448 0.04666069 -0.02965866
v 0.04614349 0.0432679 -0.03123596
v 0.06786834 0.04661659 -0.02747986
v 0.05024994 0.04747688 -0.02974747
v 0.03925567 0.04266213 -0.03123596
v 0.08223724 0.03147148 -0.0200473
v 0.07319244 0.0418882 -0.02743042
v 0.0797287 0.03789726 -0.02419144
v 0.08201995 0.03908989 -0.02006531
v 0.07643097 0.04384971 -0.02421967
v 0.06139679 0.04995277 -0.02756714
v 0.0431308 0.04724083 -0.02975265
v -0.03667023 0.04424202 -0.03123596
v 0.0833725 0.03194374 -0.01537506
v 0.07106292 0.0488221 -0.0242598
v 0.0542215 0.05140556 -0.02770737
v -0.04035431 0.04897835 -0.0297522
v -0.04352691 0.04513374 -0.03123596
v 0.06474762 0.05250694 -0.0243811
v 0.07328888 0.05035866 -0.02010971
v 0.07867401 0.04525963 -0.02008697
v 0.04689606 0.05154579 -0.02772613
v -0.04745636 0.04951027 -0.02974701
v -0.05089081 0.04526772 -0.03123596
v 0.05768524 0.05450172 -0.02454239
v 0.08315277 0.03968437 -0.01537506
v -0.04393829 0.05343635 -0.02772537
v -0.05476776 0.04899788 -0.0296582
v -0.05725738 0.04346962 -0.03123596
v 0.07978729 0.04596687 -0.01537506
v 0.0671463 0.05426613 -0.02020493
v 0.05022797 0.0550251 -0.02458191
v -0.05126312 0.05360115 -0.02770645
v -0.06130157 0.04652366 -0.02960892
v -0.06233734 0.03956184 -0.03135544
v 0.08295135 0.03958748 0.0181485
v 0.06019012 0.05666725 -0.02032288
v -0.04712311 0.05705146 -0.02458084
v -0.05849151 0.05244804 -0.02756653
v 0.05267365 0.0575074 -0.02036255
v -0.05459564 0.05683861 -0.02454132
v -0.0494638 0.0596331 -0.02036178
v 0.06836823 0.05515449 -0.01537506
v 0.06149383 0.05778648 -0.01537506
v 0.05397003 0.05881676 -0.01537506
v 0.07439911 0.0511248 -0.01537506
v -0.06173431 0.05513924 -0.02438019
v -0.05700897 0.05910622 -0.02032211
v -0.05070465 0.0609948 -0.01537506
v -0.06509369 0.04938515 -0.02747772
v -0.06658905 0.04219185 -0.0296817
v -0.07008087 0.03731926 -0.02955826
v -0.0657846 0.0351873 -0.03123596
v -0.06612762 0.02890785 -0.03123596
v -0.07048614 0.03065575 -0.02954727
v -0.06642425 0.02348732 -0.03123596
v -0.07407318 0.03936073 -0.0274086
v -0.07054352 0.04470909 -0.02752029
v -0.06819488 0.05172096 -0.02425797
v -0.07372345 0.04690956 -0.02428543
v -0.06405731 0.05699654 -0.02020431
v -0.07035675 0.05334816 -0.02010864
v -0.05826446 0.06027824 -0.01537506
v -0.06524139 0.05793465 -0.01537506
v -0.07453339 0.03232704 -0.0273909
v -0.0773056 0.04116508 -0.02419052
v -0.07083404 0.0249012 -0.02954056
v -0.07194488 -0.02153221 -0.02957123
v -0.06729828 -0.02023857 -0.03123596
v -0.0672348 -0.02655571 -0.03123596
v -0.07172272 -0.02819588 -0.029561
v -0.06569855 -0.03240395 -0.03123596
v -0.07628143 -0.02277779 -0.02742874
v -0.07492767 0.0262516 -0.02737976
v -0.07781219 0.03380134 -0.02416733
v -0.07954559 0.04245171 -0.0200647
v -0.06999481 -0.03436104 -0.02954712
v -0.06246002 -0.03734062 -0.03123596
v -0.07824554 0.02744087 -0.02415253
v -0.07590179 -0.02977165 -0.02741287
v -0.06664215 -0.03964287 -0.02955612
v -0.05769806 -0.04103401 -0.03123596
v -0.07592987 0.04846214 -0.02012314
v -0.07143402 0.05415916 -0.01537506
v -0.07703033 0.04922981 -0.01537506
v -0.07125824 0.05402702 0.0181485
v -0.07983124 -0.02389229 -0.02421158
v -0.07398407 -0.03623695 -0.02739227
v -0.0793045 -0.03117592 -0.02419403
v -0.06508148 0.05779335 0.0181485
v -0.08230377 -0.02469139 -0.02007919
v -0.05812164 0.0601313 0.0181485
v -0.05058075 0.06084602 0.0181485
v 0.05383942 0.05867332 0.0181485
v 0.06134491 0.05764534 0.0181485
v 0.06820221 0.05502006 0.0181485
v 0.07421844 0.05100014 0.0181485
v 0.0795932 0.04585472 0.0181485
v -0.0580838 0.06009193 0.01823517
v -0.05055694 0.0608181 0.01823517
v 0.053815 0.05864647 0.01823517
v 0.06130463 0.0576078 0.01823517
v 0.06814667 0.05497459 0.01823517
v 0.07415009 0.05095268 0.01823517
v 0.07951568 0.0458094 0.01823517
v 0.08286896 0.0395478 0.01823517
v -0.05250702 0.06314552 0.01815628
v 0.05585907 0.06089073 0.01815628
v 0.06367157 0.05984627 0.01815628
v 0.07081512 0.05713997 0.01815628
v -0.06035553 0.06242714 0.01815628
v 0.08266876 0.04763618 0.01815628
v 0.08616059 0.04112648 0.01815628
v 0.07707794 0.05297554 0.01815628
v 0.07726288 0.05310325 0.01836029
v 0.07099823 0.05728905 0.01836029
v 0.06385773 0.06002266 0.01836029
v 0.05604339 0.06109306 0.01836029
v -0.0526828 0.06335518 0.01836029
v 0.08638763 0.03310493 0.01815628
v 0.08635589 0.04122002 0.01836029
v 0.08285919 0.04774574 0.01836029
v 0.08308868 0.03183372 0.01823517
v 0.08316986 0.03186577 0.0181485
v 0.08335968 0.02520012 0.0181485
v 0.0832785 0.02517448 0.01823517
v 0.08298431 -0.0285424 0.01823517
v 0.08626434 -0.02967613 0.01815628
v 0.08658233 0.0261805 0.01815628
v 0.08542694 -0.03759193 0.01836029
v 0.08647003 -0.02974724 0.01836029
v 0.0867807 0.0262394 0.01836029
v 0.08542694 -0.03759193 0.02287002
v 0.08647003 -0.02974724 0.02287002
v 0.08658355 0.03317985 0.01836029
v 0.08234894 -0.04453514 0.02364441
v 0.0867807 0.02623924 0.02287002
v 0.08658355 0.0331797 0.02287002
v 0.08499115 -0.03739967 0.02364441
v 0.07760223 -0.05034325 0.02409622
v 0.08601471 -0.02958977 0.02364441
v 0.08163971 -0.04414986 0.02409622
v 0.07082245 -0.04592125 0.02409622
v 0.08635589 0.04121986 0.02287002
v 0.08634186 0.02610924 0.02364441
v 0.08424469 -0.03706963 0.02409622
v 0.0744815 -0.04025902 0.02409622
v 0.06565155 -0.05028587 0.02442047
v 0.08614837 0.03301414 0.02364441
v 0.08523407 -0.02931999 0.02409622
v 0.076893 -0.03381859 0.02409622
v 0.07036591 -0.04562355 0.02442062
v 0.05977203 -0.05356163 0.02493851
v 0.0855899 0.025886 0.02409622
v 0.07785858 -0.02677071 0.02409622
v 0.07400726 -0.04000114 0.02442062
v 0.06537262 -0.05007103 0.02493851
v 0.0596933 -0.05349083 0.02895554
v 0.07639374 -0.03359795 0.02442062
v 0.07007965 -0.04543693 0.02493851
v 0.06529144 -0.05000877 0.02895431
v 0.05249847 -0.05471672 0.03055298
v 0.07371002 -0.03983971 0.02493851
v 0.06999603 -0.04538231 0.0289537
v 0.05880096 -0.05268516 0.03050201
v 0.07362274 -0.0397924 0.02895355
v 0.06438141 -0.04930717 0.03047043
v 0.06905853 -0.04477119 0.03045349
v 0.05126495 -0.05342094 0.03129685
v 0.05725311 -0.05128868 0.03132538
v 0.06257477 -0.04791466 0.03134308
v 0.06705475 -0.04346458 0.03135254
v 0.04476166 -0.05411766 0.03126648
v 0.04367889 -0.05279686 0.03126602
v -0.04495819 -0.05091179 0.03126602
v 0.05013763 -0.05223717 0.03129608
v 0.05611481 -0.05026176 0.03132492
v 0.06141144 -0.04701851 0.03134277
v 0.042742 -0.05165291 0.03060669
v -0.04397491 -0.04980858 0.03060654
v -0.04308136 -0.04880608 0.0289595
v 0.04890411 -0.05094078 0.03055298
v 0.05456634 -0.04886513 0.03050217
v 0.04188995 -0.05061333 0.0289595
v 0.06585602 -0.04268303 0.03135254
v 0.0596048 -0.04562584 0.03047058
v 0.04801971 -0.05001182 0.02895752
v 0.04182159 -0.05052986 0.02611877
v -0.04300995 -0.04872551 0.02611877
v -0.04299103 -0.04853645 0.02594421
v 0.04794708 -0.04993584 0.02611877
v 0.05367523 -0.04806083 0.02895554
v 0.06385284 -0.04137627 0.03045349
v 0.04181061 -0.05033989 0.02594421
v 0.05360199 -0.047994 0.02611862
v 0.05869537 -0.04492485 0.02895431
v 0.03105255 -0.03512291 0.02594421
v -0.03171906 -0.03386864 0.02594421
v 0.04790558 -0.04974922 0.02594421
v 0.05861908 -0.0448661 0.02611862
v 0.03506256 -0.03419456 0.02594421
v 0.03878143 -0.03252327 0.02594421
v 0.05352081 -0.04782127 0.02594421
v 0.0421109 -0.03019371 0.02594421
v 0.05850433 -0.04471534 0.02594421
v 0.04495697 -0.02729118 0.02594421
v 0.06283661 -0.04071357 0.02611862
v 0.06269378 -0.04059135 0.02594421
v 0.04722198 -0.02390083 0.02594421
v 0.06291595 -0.04076515 0.0289537
v 0.06609039 -0.03569832 0.02611847
v 0.06592438 -0.03561058 0.02594421
v 0.04881561 -0.02010643 0.02594421
v 0.0671463 -0.03627251 0.03044846
v 0.06617218 -0.03574302 0.02895355
v 0.06821503 -0.02998161 0.02611847
v 0.06803436 -0.02993339 0.02594421
v 0.04964508 -0.01598686 0.02594421
v 0.06927399 -0.03742882 0.03135528
v 0.07052093 -0.03810631 0.03135544
v 0.07149078 -0.03142998 0.03135116
v 0.06932464 -0.03047218 0.03045578
v 0.06830108 -0.03001976 0.0289537
v 0.06904633 -0.0237249 0.02611847
v 0.06886139 -0.02370857 0.02594421
v 0.06911591 0.02086708 0.02594421
v 0.04956939 0.01398964 0.02594421
v 0.07264862 -0.03926292 0.03044846
v 0.07598969 -0.03341927 0.0289537
v 0.07496613 -0.03296669 0.03045578
v 0.07608124 -0.03345985 0.02493851
v 0.0692923 0.0209272 0.02611847
v 0.06896026 0.0263929 0.02594421
v 0.04942535 0.01770576 0.02594421
v 0.04925934 0.02201073 0.02594421
v 0.07279999 -0.03200889 0.03135132
v 0.07691436 -0.02644432 0.02895431
v 0.06913482 0.02646263 0.02611847
v 0.06878021 0.03279442 0.02594421
v 0.04733124 0.02554451 0.02594421
v 0.06895294 0.03287498 0.02611847
v 0.0692215 0.02649559 0.02895355
v 0.06601105 0.03796333 0.02594421
v 0.04431488 0.02850212 0.02594421
v 0.07584747 -0.02607552 0.03046829
v 0.06937896 0.02095314 0.0289537
v 0.06616425 0.0380796 0.02611847
v 0.06157806 0.04220695 0.02594421
v 0.04101715 0.03096275 0.02594421
v 0.06170135 0.04235268 0.02611847
v 0.06624787 0.03812767 0.0289537
v 0.0566159 0.04552223 0.02594421
v 0.03729217 0.0327813 0.02594421
v 0.05670502 0.04569115 0.02611862
v 0.05096039 0.04768745 0.02594421
v 0.033237 0.03386879 0.02594421
v 0.06903839 0.03291618 0.02895355
v 0.06178192 0.04240806 0.02895431
v 0.05101104 0.04787163 0.02611877
v 0.04475921 0.04853645 0.02594421
v -0.03092926 0.03512306 0.02594421
v 0.05678375 0.04575462 0.02895554
v 0.04477813 0.04872566 0.02611877
v -0.04192718 0.05034019 0.02594421
v -0.03502899 0.03419487 0.02594421
v 0.05108734 0.04794441 0.02895752
v -0.04193817 0.05053017 0.02611877
v -0.04815765 0.04974953 0.02594421
v -0.03883026 0.03252357 0.02594421
v 0.04485138 0.04880608 0.0289595
v -0.04819977 0.04993614 0.02611877
v -0.0538974 0.04782158 0.02594421
v -0.04223419 0.03019386 0.02594421
v -0.04200775 0.05061348 0.0289595
v -0.0539798 0.04799416 0.02611862
v -0.058992 0.04471565 0.02594421
v -0.0453775 0.02735817 0.02594421
v -0.04827423 0.05001198 0.02895752
v -0.05910919 0.04486641 0.02611862
v -0.06359649 0.04066017 0.02594421
v -0.04745941 0.02390114 0.02594421
v -0.05405548 0.04806099 0.02895554
v -0.06374542 0.0407827 0.02611862
v -0.04287872 0.05165321 0.03060654
v -0.04917816 0.05094093 0.03055298
v -0.05496673 0.04886543 0.03050217
v 0.04576446 0.04980873 0.03060669
v 0.05202972 0.04883507 0.03055298
v 0.04676971 0.05091179 0.03126602
v -0.04383697 0.05279716 0.03126602
v 0.05772736 0.04652046 0.03050217
v -0.05043976 0.05223732 0.03129608
v 0.0533432 0.05007774 0.03129608
v 0.06273895 0.04306984 0.03047058
v 0.05936554 0.04785011 0.03132492
v 0.06723908 0.03869774 0.0304538
v 0.06464203 0.04438438 0.03134277
v 0.07005584 0.0334037 0.03044846
v 0.06934296 0.03992226 0.03135239
v 0.07024688 0.02688606 0.03045074
v 0.07227691 0.03446877 0.03135528
v 0.07061127 0.04065163 0.03135254
v 0.065867 0.04523033 0.03134308
v 0.06057098 0.04882774 0.03132538
v 0.05454315 0.05121254 0.03129685
v 0.04792938 0.05218529 0.03126648
v -0.04494354 0.05411781 0.03126648
v 0.06220917 0.05015709 0.03050201
v 0.05585663 0.05245491 0.03055298
v 0.04893402 0.05328819 0.03060669
v -0.04590179 0.05526161 0.03060654
v -0.05159149 0.0534211 0.03129685
v 0.06776947 0.04654488 0.03047043
v -0.05654877 0.05026207 0.03132492
v -0.06011688 0.04562599 0.03047043
v -0.05918732 0.04492515 0.02895431
v -0.06382721 0.04083412 0.0289537
v -0.06479278 0.04144493 0.03045364
v -0.06674591 0.03569862 0.02611862
v -0.06657684 0.03561088 0.02594421
v -0.06702118 0.02922249 0.02594421
v -0.04781463 0.01960655 0.02594421
v -0.06719269 0.02929924 0.02611862
v -0.06740448 0.02370766 0.02594421
v -0.04812103 0.01589912 0.02594421
v -0.04947357 -0.01400658 0.02594421
v -0.06757782 0.0237751 0.02611862
v -0.06894378 -0.02077751 0.02594421
v -0.04882232 -0.01815544 0.02594421
v -0.06912933 -0.02078606 0.02611862
v -0.06766388 0.0238047 0.0289537
v -0.06727753 0.02933586 0.02895355
v -0.06836823 -0.02703194 0.02594421
v -0.04739349 -0.02201057 0.02594421
v -0.06855072 -0.02707252 0.02611862
v -0.06648956 -0.03279411 0.02594421
v -0.04527496 -0.02548836 0.02594421
v -0.06683014 0.03574333 0.02895355
v -0.06782562 0.03627266 0.03044846
v -0.06828582 0.0297686 0.03045074
v -0.06922027 -0.02081306 0.02895431
v -0.06665863 -0.03287468 0.02611847
v -0.06346283 -0.03790825 0.02594421
v -0.04255707 -0.02850212 0.02594421
v -0.06868255 0.02415413 0.03045273
v -0.06863861 -0.02710686 0.02895386
v -0.06361114 -0.03802421 0.02611847
v -0.05944366 -0.0422068 0.02594421
v -0.03933014 -0.03096275 0.02594421
v -0.07030182 -0.02113609 0.03046829
v -0.06967926 -0.02751549 0.03045578
v -0.06674286 -0.03291588 0.02895355
v -0.05956451 -0.04235237 0.02611847
v -0.05459015 -0.04552238 0.02594421
v -0.03568634 -0.03278114 0.02594421
v -0.07246979 -0.02178429 0.03134415
v -0.06773773 -0.03340355 0.03044846
v -0.06369171 -0.03807228 0.0289537
v -0.05467743 -0.04569115 0.02611862
v -0.04905731 -0.0476873 0.02594421
v -0.03171906 -0.03386864 0.02594421
v -0.04299103 -0.04853645 0.02594421
v -0.04300995 -0.04872551 0.02611877
v -0.04910675 -0.04787163 0.02611877
v -0.05964386 -0.04240776 0.02895431
v -0.06465302 -0.03864311 0.03045349
v -0.04918182 -0.04794426 0.02895752
v -0.04308136 -0.04880608 0.0289595
v -0.04397491 -0.04980858 0.03060654
v -0.05475433 -0.04575462 0.02895554
v -0.05010345 -0.04883507 0.03055298
v -0.04495819 -0.05091179 0.03126602
v -0.06058014 -0.04306969 0.03047043
v -0.05567718 -0.04652031 0.03050201
v -0.05138825 -0.05007774 0.03129608
v -0.05728058 -0.04784996 0.03132492
v -0.06244171 -0.04438423 0.03134277
v -0.05256195 -0.05121254 0.03129699
v -0.04609283 -0.05218529 0.03126648
v -0.0470755 -0.05328804 0.03060654
v -0.05845917 -0.04882774 0.03132538
v -0.05384674 -0.05245461 0.03055298
v -0.04796967 -0.05429176 0.0289595
v -0.06363983 -0.04523018 0.03134308
v -0.06670745 -0.03986336 0.03135254
v -0.06006134 -0.05015709 0.03050201
v -0.0547702 -0.05334739 0.02895752
v -0.0679367 -0.04059334 0.03135254
v -0.0655014 -0.04654472 0.03047043
v -0.05485016 -0.0534243 0.02493851
v -0.04804596 -0.05437706 0.02493851
v -0.04833221 -0.05469841 0.02442047
v -0.06098602 -0.05092384 0.02895554
v -0.05514007 -0.05370476 0.02442032
v -0.04878815 -0.0552108 0.02409622
v -0.06106781 -0.05099144 0.02493851
v -0.07118317 -0.03509239 0.03135528
v -0.06999115 -0.04181373 0.03045349
v -0.06643891 -0.04720695 0.02895431
v -0.06652191 -0.0472657 0.02493851
v -0.06135345 -0.05122826 0.02442047
v -0.0556015 -0.05415062 0.02409622
v -0.06990997 -0.03446846 0.03135528
v -0.07188263 -0.02838051 0.03135116
v -0.07321441 -0.02890312 0.03135132
v -0.06057648 -0.0589608 0.02409622
v -0.05294586 -0.05987633 0.02409622
v -0.05363129 -0.06064537 0.02364426
v -0.06127167 -0.0596328 0.02364395
v -0.05402984 -0.06109276 0.02287002
v -0.06757843 -0.05639183 0.02409622
v -0.07385162 -0.02219734 0.03134415
v -0.07601898 -0.02284538 0.03046829
v -0.07541718 -0.02976814 0.03045578
v -0.0721701 0.02537697 0.031353
v -0.06180878 -0.05160576 0.02409622
v -0.07335541 -0.03615746 0.03044846
v -0.07095245 -0.04238441 0.0289537
v -0.07435089 -0.03664497 0.02895355
v -0.0710379 -0.04243553 0.02493851
v -0.06680939 -0.04746849 0.02442062
v -0.07444 -0.03668861 0.02493851
v -0.07645782 -0.03017677 0.02895386
v -0.07133148 -0.04260963 0.02442062
v -0.06726776 -0.04779213 0.02409622
v -0.07655121 -0.03021324 0.02493851
v -0.07719696 -0.02319725 0.02493851
v -0.07474273 -0.03683739 0.02442062
v -0.07710052 -0.02316856 0.02895431
v -0.07537262 0.02650185 0.0289537
v -0.07370148 -0.05233543 0.02409622
v -0.07179962 -0.0428878 0.02409622
v -0.07686859 -0.03033806 0.02442062
v -0.07435333 0.02615242 0.03045273
v -0.07875335 -0.04701759 0.02409622
v -0.06826263 -0.05695915 0.0236441
v -0.07522736 -0.03707481 0.02409622
v -0.08253692 -0.04065773 0.02409622
v -0.07438812 -0.05282051 0.02364441
v -0.06167511 -0.06002251 0.02287002
v -0.07945343 -0.0474337 0.02364441
v -0.06865997 -0.05728905 0.02287002
v -0.06167511 -0.06002251 0.01836029
v -0.05402984 -0.06109276 0.01836029
v -0.05384979 -0.06089042 0.01815628
v -0.06865997 -0.05728874 0.01836029
v -0.07478851 -0.05310295 0.02287002
v -0.06149261 -0.05984611 0.01815628
v -0.07478851 -0.0531031 0.01836029
v -0.05917694 -0.05760765 0.01823517
v -0.05185028 -0.05864616 0.01823517
v -0.05187408 -0.05867302 0.0181485
v -0.06848053 -0.05713981 0.01815628
v -0.06586944 -0.05497429 0.01823517
v -0.059216 -0.05764519 0.0181485
v -0.05936188 -0.05778618 -0.01537506
v -0.05200165 -0.05881645 -0.01537506
v -0.05074554 -0.05752891 -0.02033508
v -0.05807831 -0.05667732 -0.0203212
v -0.04836578 -0.05510185 -0.0245285
v -0.06608673 -0.05515434 -0.01537506
v -0.06592438 -0.05501976 0.0181485
v -0.07174286 -0.05095237 0.01823517
v -0.07460785 -0.05297539 0.01815628
v -0.05560882 -0.0545269 -0.02454269
v -0.0451181 -0.05174507 -0.02763275
v -0.06488372 -0.05427605 -0.02020264
v -0.07198638 -0.05112449 -0.01537506
v -0.07181 -0.05099968 0.0181485
v -0.05220184 -0.05144157 -0.02771133
v -0.04144928 -0.04770103 -0.02956131
v -0.06252106 -0.05253197 -0.02437988
v -0.07090729 -0.05036262 -0.02010239
v -0.04833404 -0.04750221 -0.02974823
v -0.03764374 -0.04340813 -0.03095154
v -0.04434479 -0.04326775 -0.03123596
v -0.05922577 -0.04998878 -0.02756897
v -0.05546356 -0.04668602 -0.02965744
v -0.05154816 -0.04309532 -0.03123596
v -0.06873687 -0.04882973 -0.02425323
v -0.07687103 -0.04589989 -0.01537506
v -0.06178741 -0.04392219 -0.02960937
v -0.06561553 -0.04662498 -0.02747955
v -0.07052154 -0.04184959 -0.02740707
v -0.07580475 -0.04520424 -0.02006531
v -0.07364593 -0.04380729 -0.02419052
v -0.07721466 -0.03790413 -0.02417267
v -0.07944915 -0.03909324 -0.02005203
v -0.08166596 -0.03217964 -0.02006668
v -0.08055023 -0.03968406 -0.01537506
v -0.08283417 -0.03267998 -0.01537506
v -0.07668243 -0.04578804 0.0181485
v -0.08353241 -0.02509117 -0.01537506
v -0.08035309 -0.03958717 0.0181485
v -0.07660675 -0.04574303 0.01823517
v -0.08027252 -0.03954765 0.01823517
v -0.08263092 -0.03260032 0.0181485
v -0.07967743 -0.04756676 0.01815628
v -0.08255035 -0.03256844 0.01823517
v -0.07986175 -0.04767631 0.01836029
v -0.08349273 -0.04112633 0.01815628
v -0.07986175 -0.04767631 0.02287002
v -0.08368316 -0.04121971 0.01836029
v -0.0832608 -0.0410128 0.02364441
v -0.08368316 -0.04121986 0.02287002
v -0.0860556 -0.03394463 0.01836029
v -0.08585541 -0.03386619 0.01815628
v -0.0867807 -0.02606224 0.01836029
v -0.08485382 -0.03347267 0.02409622
v -0.0860556 -0.03394463 0.02287002
v -0.08561309 -0.03377083 0.02364441
v -0.08552887 -0.02568794 0.02409622
v -0.0773764 -0.03053734 0.02409622
v -0.0832492 -0.02500664 0.01823517
v -0.08631989 -0.0259243 0.02364441
v -0.07752838 -0.02329628 0.02442062
v -0.0867807 -0.02606224 0.02287002
v -0.07805695 -0.02345451 0.02409622
v -0.07577484 0.02663963 0.02442062
v -0.0843991 0.02966194 0.02364441
v -0.07627106 0.02680962 0.02409622
v -0.08483246 0.0298101 0.02287002
v -0.07546356 0.02653328 0.02493851
v -0.08365631 0.02940758 0.02409622
v -0.07534149 0.03283012 0.02442062
v -0.07503387 0.03269814 0.02493851
v -0.07494354 0.03265938 0.02895355
v -0.07583221 0.03304085 0.02409622
v -0.08318634 0.03623772 0.02409622
v -0.08392059 0.03655281 0.02364441
v -0.07393463 0.03222648 0.03045074
v -0.07175568 0.03127449 0.03135407
v -0.0744461 0.03979256 0.02895355
v -0.07453521 0.03983986 0.02493851
v -0.07483917 0.0400013 0.02442062
v -0.07532318 0.04025917 0.02409622
v -0.07345001 0.03926308 0.03044846
v -0.0826413 0.04414986 0.02409622
v -0.07148163 0.0457003 0.02442062
v -0.07110016 0.04545921 0.0289537
v -0.07127533 0.03810661 0.03135544
v -0.07195282 0.04599769 0.02409622
v -0.07118621 0.04551384 0.02493851
v -0.06808136 0.04353737 0.03135254
v -0.07000092 0.03742912 0.03135544
v -0.07013275 0.0448484 0.03045364
v -0.070466 0.0307206 0.03135407
v -0.070867 0.02492958 0.031353
v -0.06684478 0.04275612 0.03135239
v -0.0619638 0.04701881 0.03134277
v -0.06315216 0.04791481 0.03134308
v -0.05771271 0.05128914 0.03132538
v -0.06499969 0.04930733 0.03047043
v -0.05285248 0.05471687 0.03055298
v -0.05929474 0.05268547 0.03050201
v -0.06592987 0.05000893 0.02895431
v -0.06020721 0.05349098 0.02895554
v -0.05375885 0.05564796 0.02895752
v -0.06601226 0.05007118 0.02493851
v -0.06028778 0.05356178 0.02493851
v -0.06629791 0.05028618 0.02442062
v -0.05383698 0.05572838 0.02493851
v -0.04677399 0.05630257 0.0289595
v -0.06056976 0.05381065 0.02442047
v -0.06675201 0.05062904 0.02409622
v -0.04684784 0.05639092 0.02493851
v 0.04984833 0.05429176 0.0289595
v -0.0541214 0.05602089 0.02442032
v 0.04992645 0.05437721 0.02493851
v 0.05680023 0.05334755 0.02895752
v -0.07891022 0.05043053 0.02409622
v -0.06101898 0.05420738 0.02409622
v -0.04712677 0.05672432 0.02442047
v 0.05688202 0.05342476 0.02493851
v 0.06315399 0.050924 0.02895554
v -0.05457367 0.05648598 0.02409622
v 0.05021881 0.05469871 0.02442047
v 0.06323761 0.05099144 0.02493851
v 0.06881317 0.04726585 0.02493851
v 0.05717865 0.05370491 0.02442032
v -0.04757233 0.05725532 0.02409622
v 0.06872772 0.0472068 0.02895431
v 0.07370575 0.04244621 0.0289537
v 0.06352936 0.05122841 0.02442047
v 0.05068512 0.0552108 0.02409622
v 0.07271454 0.04187614 0.03045364
v 0.07357819 0.03509254 0.03135544
v 0.07579865 0.03615761 0.03044846
v 0.07377594 0.02824638 0.03135407
v 0.05764984 0.05415077 0.02409622
v 0.07246368 0.02774666 0.03135407
v 0.07041168 0.02125984 0.03045273
v 0.07262543 0.02194389 0.031353
v 0.06913666 -0.02375587 0.02895431
v 0.07020355 -0.02412468 0.03046829
v 0.07234345 -0.02486443 0.03134415
v 0.07394683 0.0223365 0.031353
v 0.07370758 -0.02533592 0.03134415
v 0.07599273 0.02910683 0.03045074
v 0.07616058 0.02302055 0.03045273
v 0.07701752 0.02949745 0.02895355
v 0.07719269 0.02332741 0.0289537
v 0.07681549 0.03664513 0.02895355
v 0.07379425 0.04249718 0.02493851
v 0.07690704 0.03668877 0.02493851
v 0.07711029 0.02953255 0.02493851
v 0.07728546 0.02335487 0.02493851
v 0.0740976 0.04267113 0.02442062
v 0.07742218 0.02965157 0.02442062
v 0.07700958 -0.02647728 0.02493851
v 0.0776004 0.02344826 0.02442062
v 0.07733673 -0.02659019 0.02442062
v 0.07810333 0.02359749 0.02409622
v 0.07792144 0.02984154 0.02409622
v 0.08540192 0.03272987 0.02409622
v 0.07721649 0.03683754 0.02442062
v 0.08518402 0.04065803 0.02409622
v 0.07771149 0.03707481 0.02409622
v 0.07457977 0.04294869 0.02409622
v 0.08592377 0.04101295 0.02364441
v 0.08171539 0.04708839 0.02409622
v 0.07615142 0.05233589 0.02409622
v 0.08243744 0.04750358 0.02364441
v 0.08285919 0.04774574 0.02287002
v 0.0695755 0.04779243 0.02409622
v 0.07726288 0.05310325 0.02287002
v 0.06910675 0.0474688 0.02442047
v 0.06399506 0.05160606 0.02409622
v 0.07685333 0.05282082 0.02364441
v 0.07099823 0.05728905 0.02287002
v 0.06989288 0.05639198 0.02409622
v 0.07059234 0.0569593 0.0236441
v 0.06385773 0.06002266 0.02287002
v 0.06273529 0.05896095 0.02409622
v 0.06344635 0.0596328 0.02364395
v 0.05604339 0.06109291 0.02287002
v 0.054935 0.05987648 0.02409622
v 0.05563568 0.06064567 0.02364426
v -0.0526828 0.06335518 0.02287002
v -0.05162567 0.06209389 0.02409622
v -0.052294 0.06289162 0.02364426
v -0.06053497 0.06261086 0.02287002
v -0.05945709 0.06150337 0.02409622
v -0.06013886 0.06220436 0.02364395
v -0.06053497 0.06261101 0.01836029
v -0.06671417 0.05923439 0.02409622
v -0.06778168 0.06017677 0.02287002
v -0.06738922 0.0598304 0.0236441
v -0.06760468 0.06002022 0.01815628
v -0.07313568 0.05544197 0.02409622
v -0.06778168 0.06017677 0.01836029
v -0.07421356 0.05625496 0.02287002
v -0.07381683 0.05595589 0.02364441
v -0.07961578 0.05087547 0.02364441
v -0.06502777 0.05774574 0.01823517
v -0.07403412 0.05611977 0.01815628
v -0.07119232 0.05397682 0.01823517
v -0.07684112 0.04910972 0.0181485
v -0.07676605 0.0490612 0.01823517
v -0.07421356 0.05625511 0.01836029
v -0.08045501 0.04298744 0.0181485
v -0.079841 0.05101753 0.01815628
v -0.08002655 0.05113502 0.01836029
v -0.08002655 0.05113502 0.02287002
v -0.08378936 0.04476021 0.01836029
v -0.08037506 0.04294457 0.01823517
v -0.08378936 0.04476021 0.02287002
v -0.08065277 0.04309257 -0.01537506
v -0.08007721 0.03484901 -0.02004669
v -0.08119171 0.03536781 -0.01537506
v -0.08053436 0.02828377 -0.0200354
v -0.0816568 0.02869942 -0.01537506
v -0.08099274 0.03528145 0.0181485
v -0.08332794 -0.02502998 0.0181485
v -0.0814566 0.02862953 0.0181485
v -0.08091217 0.03524605 0.01823517
v -0.08137604 0.02860054 0.01823517
v -0.08359832 0.04465858 0.01815628
v -0.08415619 0.03665352 0.01815628
v -0.08463653 0.02974312 0.01815628
v -0.08434906 0.03673653 0.01836029
v -0.08657257 -0.02599998 0.01815628
v -0.08483246 0.0298101 0.01836029
v -0.08434906 0.03673653 0.02287002
v -0.08336578 0.04453545 0.02364441
v 0.04733124 0.02554451 0.02594421
v 0.04925934 0.02201073 0.02594421
v 0.04942535 0.01770576 0.02594421
v 0.04698151 0.01775368 0.02594406
v 0.04431488 0.02850212 0.02594421
v 0.04681427 0.0140435 0.02594421
v 0.04956939 0.01398964 0.02594421
v 0.04391327 0.01781349 0.02594421
v 0.04101715 0.03096275 0.02594421
v 0.04546844 -0.0159034 0.02594421
v 0.04964508 -0.01598686 0.02594421
v 0.04377411 0.01410286 0.02594421
v 0.04055633 0.0178791 0.02594421
v 0.03729217 0.0327813 0.02594421
v 0.0452829 -0.02003578 0.02594421
v 0.04881561 -0.02010643 0.02594421
v 0.04264923 -0.01584709 0.02594421
v 0.04042572 0.01416832 0.02594421
v 0.04495697 -0.02729118 0.02594421
v 0.04722198 -0.02390083 0.02594421
v 0.0421109 -0.03019371 0.02594421
v 0.04249359 -0.01998009 0.02594421
v 0.03878143 -0.03252327 0.02594421
v 0.03922577 -0.01991478 0.02594421
v 0.03506256 -0.03419456 0.02594421
v 0.03937103 -0.01578163 0.02594421
v 0.03554047 -0.01984108 0.02594421
v 0.03567779 -0.01570778 0.02594406
v 0.031539 -0.01976112 0.02594406
v 0.0366745 0.01424171 0.02594421
v -0.03154327 -0.01850075 0.02594421
v 0.03166962 -0.01562767 0.02594406
v 0.0367984 0.01795265 0.02594421
v -0.03554596 -0.01842064 0.02594421
v -0.03568634 -0.03278114 0.02594421
v 0.03261871 0.01432106 0.02594406
v 0.03273651 0.018032 0.02594406
v 0.033237 0.03386879 0.02594421
v -0.03092926 0.03512306 0.02594421
v -0.03149628 -0.01436562 0.02594421
v -0.03111114 0.01928001 0.02594421
v -0.03502899 0.03419487 0.02594421
v -0.03923065 -0.01834709 0.02594421
v -0.03933014 -0.03096275 0.02594421
v -0.03115326 0.0155674 0.02594421
v -0.03517487 0.01935951 0.02594421
v -0.03883026 0.03252357 0.02594421
v -0.03550506 -0.01428551 0.02594421
v -0.04250091 -0.01828178 0.02594421
v -0.04255707 -0.02850212 0.02594421
v -0.0389328 0.01943291 0.02594421
v -0.04223419 0.03019386 0.02594421
v -0.03521148 0.01564674 0.02594421
v -0.03919769 -0.01421181 0.02594421
v -0.04528961 -0.01822609 0.02594421
v -0.04527496 -0.02548836 0.02594421
v -0.04229278 0.01949867 0.02594421
v -0.0453775 0.02735817 0.02594421
v -0.03896271 0.01571999 0.02594421
v -0.04247833 -0.01414635 0.02594421
v -0.04882232 -0.01815544 0.02594421
v -0.04739349 -0.02201057 0.02594421
v -0.04529816 -0.01408989 0.02594421
v -0.04947357 -0.01400658 0.02594421
v -0.04231354 0.0157856 0.02594421
v -0.04535553 0.01584511 0.02594421
v -0.04812103 0.01589912 0.02594421
v -0.04536224 0.01955864 0.02594421
v -0.04781463 0.01960655 0.02594421
v -0.04745941 0.02390114 0.02594421
vt 0.5940749 0.7409321
vt 0.6344589 0.7404106
vt 0.6344342 0.7385007
vt 0.5940502 0.7390221
vt 0.5931523 0.7409439
vt 0.6344097 0.7365891
vt 0.5931277 0.7390341
vt 0.5919029 0.7409599
vt 0.5940256 0.7371104
vt 0.6343845 0.7346382
vt 0.591878 0.7390502
vt 0.590439 0.740979
vt 0.5940005 0.7351596
vt 0.6343578 0.7325815
vt 0.5931031 0.7371224
vt 0.5904143 0.7390692
vt 0.5888084 0.7409999
vt 0.5939736 0.7331029
vt 0.6343318 0.7305624
vt 0.5930777 0.7351717
vt 0.5918535 0.7371385
vt 0.5887835 0.7390901
vt 0.5871015 0.741022
vt 0.5903896 0.7371573
vt 0.5918282 0.7351879
vt 0.5930512 0.7331148
vt 0.5939476 0.7310839
vt 0.5870768 0.7391121
vt 0.5852492 0.7410459
vt 0.5887588 0.7371784
vt 0.5903645 0.7352066
vt 0.5918017 0.7331309
vt 0.5852246 0.7391361
vt 0.5836389 0.7410668
vt 0.5870523 0.7372004
vt 0.5887336 0.7352276
vt 0.5836142 0.739157
vt 0.5668851 0.7412832
vt 0.5852 0.7372245
vt 0.5668605 0.7393732
vt 0.5642514 0.741317
vt 0.5930253 0.7310957
vt 0.590338 0.7331498
vt 0.5870268 0.7352498
vt 0.5835896 0.7372452
vt 0.5917755 0.7311118
vt 0.5887072 0.7331709
vt 0.5851747 0.7352737
vt 0.5903117 0.7311306
vt 0.5870004 0.733193
vt 0.588681 0.7311519
vt 0.5668358 0.7374616
vt 0.5835643 0.7352945
vt 0.5851482 0.7332169
vt 0.5869744 0.7311738
vt 0.5642268 0.7394074
vt 0.5614659 0.7394429
vt 0.5614905 0.7413529
vt 0.558453 0.741392
vt 0.5885021 0.7172875
vt 0.5867953 0.7173097
vt 0.5901327 0.7172666
vt 0.5915965 0.7172477
vt 0.5928462 0.7172316
vt 0.5937687 0.7172197
vt 0.6341528 0.7166981
vt 0.6341513 0.7165903
vt 0.5937673 0.7171117
vt 0.5928447 0.7171237
vt 0.5915952 0.7171397
vt 0.5901315 0.7171587
vt 0.5937548 0.7161521
vt 0.6341391 0.7156305
vt 0.6341367 0.7154517
vt 0.5928324 0.716164
vt 0.5915828 0.71618
vt 0.5937526 0.7159732
vt 0.5885007 0.7171797
vt 0.590119 0.716199
vt 0.5928301 0.7159851
vt 0.5937221 0.7136235
vt 0.6341063 0.713102
vt 0.6341015 0.7127131
vt 0.5927997 0.7136354
vt 0.5937175 0.7132346
vt 0.6340963 0.7123204
vt 0.5915805 0.7160012
vt 0.5884883 0.71622
vt 0.5915501 0.7136515
vt 0.5927947 0.7132465
vt 0.5937122 0.7128419
vt 0.5901167 0.7160202
vt 0.5900865 0.7136704
vt 0.5915452 0.7132626
vt 0.5936823 0.7105231
vt 0.6340663 0.7100016
vt 0.6340631 0.7097387
vt 0.5927896 0.7128537
vt 0.5927597 0.710535
vt 0.5936787 0.7102602
vt 0.6340596 0.7094768
vt 0.5884557 0.7136915
vt 0.5900812 0.7132814
vt 0.59154 0.71287
vt 0.5915102 0.7105513
vt 0.5927563 0.7102721
vt 0.5936754 0.7099981
vt 0.588486 0.7160411
vt 0.5936537 0.7083177
vt 0.6340378 0.7077963
vt 0.6340273 0.7069769
vt 0.5936431 0.7074984
vt 0.6340188 0.7063152
vt 0.5927312 0.7083296
vt 0.5927529 0.7100101
vt 0.5867817 0.716242
vt 0.5915067 0.7102882
vt 0.5867941 0.7172017
vt 0.5900463 0.7105701
vt 0.5849432 0.7173336
vt 0.5900761 0.7128889
vt 0.5851222 0.7311977
vt 0.5884506 0.7133026
vt 0.5835378 0.7332376
vt 0.5867488 0.7137136
vt 0.5668106 0.7355109
vt 0.5867792 0.7160631
vt 0.5642021 0.7374956
vt 0.5614411 0.7375311
vt 0.564177 0.7355448
vt 0.5667841 0.733454
vt 0.5849294 0.7162659
vt 0.5584284 0.739482
vt 0.5835117 0.7312185
vt 0.5833327 0.7173544
vt 0.5849417 0.7172257
vt 0.566758 0.7314348
vt 0.5554743 0.7395203
vt 0.555499 0.7414302
vt 0.5526837 0.7414666
vt 0.552659 0.7395566
vt 0.550106 0.7414997
vt 0.5554495 0.7376085
vt 0.5500815 0.7395899
vt 0.5478337 0.7415292
vt 0.5641505 0.733488
vt 0.5584037 0.7375703
vt 0.561416 0.7355804
vt 0.5613896 0.7335236
vt 0.5583785 0.7356197
vt 0.5526344 0.7376449
vt 0.547809 0.7396193
vt 0.4942113 0.7422215
vt 0.5641244 0.7314689
vt 0.5554244 0.7356579
vt 0.5500567 0.7376782
vt 0.4941866 0.7403116
vt 0.4918936 0.7422514
vt 0.552609 0.7356942
vt 0.5553979 0.7336009
vt 0.5583519 0.7335629
vt 0.5477844 0.7377075
vt 0.4918689 0.7403417
vt 0.4892274 0.742286
vt 0.5500314 0.7357274
vt 0.5613632 0.7315046
vt 0.494162 0.7384
vt 0.4892027 0.7403761
vt 0.4864337 0.7423221
vt 0.5583259 0.7315437
vt 0.5525824 0.7336374
vt 0.5477592 0.7357569
vt 0.4918444 0.7384298
vt 0.4864091 0.7404122
vt 0.4835009 0.7423598
vt 0.5611842 0.7176403
vt 0.550005 0.7336707
vt 0.4941369 0.7364492
vt 0.489178 0.7384644
vt 0.5477325 0.7337001
vt 0.491819 0.7364791
vt 0.4941102 0.7343925
vt 0.5525563 0.7316183
vt 0.5499789 0.7316514
vt 0.5477064 0.7316808
vt 0.5553718 0.7315819
vt 0.4891527 0.7365136
vt 0.4917924 0.7344224
vt 0.4940841 0.7323733
vt 0.4863845 0.7385005
vt 0.4834764 0.7404499
vt 0.4804602 0.7404888
vt 0.4804851 0.7423987
vt 0.4777573 0.7424341
vt 0.4777329 0.7405242
vt 0.4751411 0.7424677
vt 0.4804355 0.7385772
vt 0.4834516 0.7385382
vt 0.4863591 0.7365498
vt 0.4834264 0.7365875
vt 0.4891261 0.7344569
vt 0.4863328 0.7344928
vt 0.4917664 0.7324031
vt 0.4891002 0.7324377
vt 0.4777081 0.7386123
vt 0.4804104 0.7366266
vt 0.4751163 0.740558
vt 0.4556243 0.7408097
vt 0.455649 0.7427195
vt 0.4533212 0.7427496
vt 0.4532965 0.7408397
vt 0.4506986 0.7427834
vt 0.4555995 0.7388979
vt 0.4750918 0.7386461
vt 0.477683 0.7366616
vt 0.480384 0.7345697
vt 0.4506741 0.7408735
vt 0.4477972 0.7428208
vt 0.4750665 0.7366954
vt 0.4532717 0.738928
vt 0.4477727 0.7409111
vt 0.4447462 0.7428602
vt 0.4833999 0.7345307
vt 0.4863066 0.7324737
vt 0.4833738 0.7325116
vt 0.4861276 0.7186096
vt 0.4555744 0.7369472
vt 0.4506493 0.7389618
vt 0.4532467 0.7369771
vt 0.488921 0.7185736
vt 0.4555477 0.7348903
vt 0.4915874 0.7185391
vt 0.4939052 0.7185092
vt 0.5475274 0.7178167
vt 0.5497998 0.7177873
vt 0.5523776 0.717754
vt 0.5551928 0.7177178
vt 0.558147 0.7176796
vt 0.491586 0.7184312
vt 0.4939036 0.7184012
vt 0.5475261 0.7177086
vt 0.5497985 0.7176794
vt 0.552376 0.7176461
vt 0.5551914 0.7176098
vt 0.5581453 0.7175716
vt 0.5611829 0.7175324
vt 0.4938913 0.7174414
vt 0.5475138 0.7167493
vt 0.549786 0.7167198
vt 0.5523636 0.7166864
vt 0.4915736 0.7174715
vt 0.5581329 0.716612
vt 0.5611706 0.7165726
vt 0.555179 0.7166501
vt 0.5551767 0.7164711
vt 0.5523613 0.7165076
vt 0.5497839 0.7165409
vt 0.5475115 0.7165701
vt 0.493889 0.7172626
vt 0.5639315 0.7165372
vt 0.5611683 0.7163937
vt 0.5581308 0.716433
vt 0.5639441 0.7174968
vt 0.5639454 0.7176047
vt 0.566579 0.7175707
vt 0.5665777 0.7174628
vt 0.5833313 0.7172464
vt 0.5833189 0.7162868
vt 0.5665653 0.7165031
vt 0.5849271 0.716087
vt 0.5833166 0.7161078
vt 0.5665628 0.7163242
vt 0.5848967 0.7137375
vt 0.5832864 0.7137583
vt 0.5639292 0.7163582
vt 0.586744 0.7133245
vt 0.5665324 0.7139747
vt 0.563899 0.7140087
vt 0.5848917 0.7133484
vt 0.5884455 0.7129098
vt 0.5832812 0.7133694
vt 0.5867388 0.712932
vt 0.5884157 0.7105911
vt 0.5611379 0.7140444
vt 0.5665274 0.7135857
vt 0.5848864 0.7129557
vt 0.5867089 0.7106131
vt 0.5900428 0.710307
vt 0.5638939 0.7136197
vt 0.5832761 0.7129766
vt 0.5848566 0.7106372
vt 0.5884122 0.7103281
vt 0.5915033 0.7100262
vt 0.5665224 0.7131929
vt 0.5832462 0.710658
vt 0.5867057 0.7103503
vt 0.5900397 0.710045
vt 0.5914816 0.7083457
vt 0.5848533 0.7103741
vt 0.5884089 0.7100662
vt 0.5900178 0.7083646
vt 0.5927207 0.7075102
vt 0.5867021 0.7100881
vt 0.5883872 0.7083856
vt 0.591471 0.7075264
vt 0.5866805 0.7084078
vt 0.5900073 0.7075453
vt 0.5883764 0.7075664
vt 0.5927121 0.7068486
vt 0.5914624 0.7068646
vt 0.5899987 0.7068835
vt 0.5883679 0.7069046
vt 0.5936345 0.7068366
vt 0.5936273 0.7062767
vt 0.6340114 0.7057553
vt 0.5927049 0.7062886
vt 0.5914553 0.7063048
vt 0.5899916 0.7063236
vt 0.5936188 0.7056146
vt 0.6340029 0.7050933
vt 0.6339925 0.7042813
vt 0.5926963 0.7056266
vt 0.5914468 0.7056428
vt 0.5936084 0.7048029
vt 0.5883607 0.7063446
vt 0.5899829 0.7056617
vt 0.5926858 0.7048147
vt 0.5935934 0.7036399
vt 0.6339774 0.7031184
vt 0.6339761 0.7030159
vt 0.5926707 0.7036517
vt 0.5914363 0.7048309
vt 0.5883522 0.7056826
vt 0.5935919 0.7035374
vt 0.5914212 0.7036679
vt 0.5899724 0.7048497
vt 0.5935705 0.6968316
vt 0.6338242 0.6963092
vt 0.5926694 0.7035491
vt 0.5899574 0.7036867
vt 0.5925829 0.696843
vt 0.5913332 0.6968591
vt 0.5914199 0.7035655
vt 0.5898695 0.6968781
vt 0.5899562 0.7035843
vt 0.5882388 0.6968991
vt 0.5883267 0.7037079
vt 0.5883254 0.7036054
vt 0.5865322 0.6969212
vt 0.5883417 0.7048708
vt 0.5866202 0.7037299
vt 0.5866186 0.7036274
vt 0.5846798 0.6969451
vt 0.5866454 0.7057047
vt 0.586635 0.7048928
vt 0.5847678 0.7037538
vt 0.5847665 0.7036513
vt 0.5830693 0.6969659
vt 0.5866541 0.7063668
vt 0.5866612 0.7069266
vt 0.5848019 0.7063906
vt 0.5847932 0.7057287
vt 0.5847827 0.7049167
vt 0.5831574 0.7037746
vt 0.583156 0.7036721
vt 0.5664024 0.7038884
vt 0.5663156 0.6971822
vt 0.5866699 0.7075883
vt 0.5848281 0.7084316
vt 0.5848178 0.7076123
vt 0.5848498 0.7101121
vt 0.5664036 0.703991
vt 0.5637687 0.7039226
vt 0.5636821 0.6972162
vt 0.560921 0.6972519
vt 0.5848091 0.7069506
vt 0.5832176 0.7084523
vt 0.56377 0.704025
vt 0.5610076 0.7039582
vt 0.5578836 0.6972911
vt 0.561009 0.7040606
vt 0.563785 0.7051879
vt 0.5579702 0.7039973
vt 0.5549294 0.6973291
vt 0.5832071 0.707633
vt 0.5664186 0.7051538
vt 0.5579714 0.7040998
vt 0.555016 0.7040355
vt 0.5521142 0.6973655
vt 0.5550175 0.7041379
vt 0.5579865 0.7052627
vt 0.5522009 0.7040717
vt 0.5495366 0.6973988
vt 0.552202 0.7041743
vt 0.5496231 0.7041053
vt 0.5472642 0.6974281
vt 0.5610241 0.7052236
vt 0.5550325 0.7053009
vt 0.5496244 0.7042076
vt 0.5473509 0.7041345
vt 0.4936419 0.6981206
vt 0.5522171 0.7053372
vt 0.5473521 0.704237
vt 0.4937284 0.7048268
vt 0.4913241 0.6981506
vt 0.5496395 0.7053705
vt 0.4937297 0.7049294
vt 0.4914108 0.7048568
vt 0.4886579 0.698185
vt 0.5473671 0.7053999
vt 0.491412 0.7049594
vt 0.4887444 0.7048913
vt 0.4858642 0.698221
vt 0.4937447 0.7060922
vt 0.4887457 0.7049938
vt 0.4859507 0.7049273
vt 0.4829314 0.6982589
vt 0.4914269 0.7061222
vt 0.4859521 0.7050298
vt 0.4830181 0.7049651
vt 0.4799155 0.6982978
vt 0.4887607 0.7061566
vt 0.4830195 0.7050676
vt 0.4937552 0.7069042
vt 0.4914376 0.7069342
vt 0.4887712 0.7069685
vt 0.5473776 0.7062117
vt 0.5496501 0.7061825
vt 0.5473863 0.7068738
vt 0.4937639 0.7075661
vt 0.5522275 0.7061492
vt 0.491446 0.707596
vt 0.5496586 0.7068444
vt 0.555043 0.7061129
vt 0.5522362 0.7068112
vt 0.5579969 0.7060747
vt 0.5550514 0.7067748
vt 0.5610345 0.7060353
vt 0.5580056 0.7067367
vt 0.5637954 0.7059998
vt 0.5610431 0.7066975
vt 0.5580127 0.7072964
vt 0.5550586 0.7073348
vt 0.5522435 0.7073711
vt 0.5496659 0.7074044
vt 0.5473934 0.7074336
vt 0.493771 0.7081261
vt 0.5522519 0.7080327
vt 0.5496744 0.708066
vt 0.547402 0.7080954
vt 0.4937795 0.7087879
vt 0.4914533 0.708156
vt 0.5550673 0.7079965
vt 0.4887798 0.7076306
vt 0.4859777 0.7070045
vt 0.4859672 0.7061927
vt 0.4830345 0.7062306
vt 0.4830449 0.7070425
vt 0.4800034 0.7051066
vt 0.480002 0.7050041
vt 0.4772746 0.7050393
vt 0.4771881 0.6983331
vt 0.477276 0.7051419
vt 0.4746582 0.7050731
vt 0.4745717 0.6983669
vt 0.4550793 0.6986185
vt 0.4746594 0.7051755
vt 0.4551661 0.7053248
vt 0.4527515 0.6986485
vt 0.4551673 0.7054273
vt 0.4746745 0.7063385
vt 0.4772911 0.7063048
vt 0.4528383 0.7053547
vt 0.4501291 0.6986824
vt 0.4528395 0.7054573
vt 0.4502158 0.7053887
vt 0.4472279 0.69872
vt 0.4800184 0.7062695
vt 0.4800289 0.7070816
vt 0.4773013 0.7071166
vt 0.4551823 0.7065903
vt 0.450217 0.7054912
vt 0.4473145 0.7054262
vt 0.4441769 0.6987594
vt 0.474685 0.7071505
vt 0.4528545 0.7066203
vt 0.4473157 0.7055287
vt 0.4442634 0.7054655
vt 0.441339 0.6987959
vt 0.4551929 0.7074021
vt 0.4528652 0.7074322
vt 0.4502319 0.7066541
vt 0.4442648 0.705568
vt 0.4414255 0.7055022
vt 0.4387724 0.6988292
vt 0.4552013 0.7080641
vt 0.4502426 0.7074661
vt 0.4473307 0.7066916
vt 0.4414271 0.7056047
vt 0.4388589 0.7055354
vt 0.4366483 0.6988565
vt 0.4367348 0.7055627
vt 0.4367365 0.7056652
vt 0.4388603 0.7056379
vt 0.4442796 0.7067311
vt 0.4473413 0.7075035
vt 0.4388754 0.7068008
vt 0.4367513 0.7068282
vt 0.4367618 0.7076402
vt 0.441442 0.7067676
vt 0.4388858 0.7076126
vt 0.4367704 0.7083021
vt 0.4442901 0.7075428
vt 0.4414523 0.7075796
vt 0.4388945 0.7082746
vt 0.4414609 0.7082416
vt 0.4442988 0.7082049
vt 0.4389017 0.7088345
vt 0.4367775 0.7088621
vt 0.436786 0.7095237
vt 0.4414681 0.7088014
vt 0.4389101 0.7094963
vt 0.4367968 0.7103431
vt 0.4443062 0.7087649
vt 0.4473498 0.7081655
vt 0.4414766 0.7094631
vt 0.4389207 0.7103156
vt 0.4473569 0.7087255
vt 0.4443145 0.7094266
vt 0.4389424 0.7119962
vt 0.4368185 0.7120236
vt 0.4368218 0.7122856
vt 0.4414873 0.7102826
vt 0.4389458 0.7122581
vt 0.4368253 0.7125486
vt 0.4415089 0.7119631
vt 0.4502583 0.708688
vt 0.4473656 0.7093873
vt 0.4443253 0.710246
vt 0.4443468 0.7119264
vt 0.4415123 0.7122251
vt 0.4389492 0.7125211
vt 0.4502511 0.7081281
vt 0.4528737 0.7080942
vt 0.452881 0.708654
vt 0.4389792 0.7148399
vt 0.4368553 0.7148674
vt 0.4368602 0.7152601
vt 0.4389842 0.7152327
vt 0.4368653 0.7156489
vt 0.4415457 0.7148067
vt 0.4552086 0.708624
vt 0.4552172 0.7092859
vt 0.4528892 0.7093157
vt 0.4747008 0.7083724
vt 0.4415158 0.7124879
vt 0.4502669 0.7093497
vt 0.447376 0.7102064
vt 0.4502774 0.7101691
vt 0.4473979 0.711887
vt 0.4443503 0.7121882
vt 0.4502993 0.7118495
vt 0.4529 0.7101352
vt 0.4474013 0.712149
vt 0.4443536 0.7124513
vt 0.4529217 0.7118156
vt 0.4552495 0.7117856
vt 0.4503024 0.7121116
vt 0.4552278 0.7101051
vt 0.4747197 0.7098534
vt 0.4443834 0.71477
vt 0.4474046 0.712412
vt 0.4529251 0.7120777
vt 0.4747093 0.7090341
vt 0.4474345 0.7147308
vt 0.4415509 0.7151995
vt 0.4503059 0.7123746
vt 0.4503359 0.7146932
vt 0.4443886 0.7151627
vt 0.4389894 0.7156215
vt 0.4474396 0.7151234
vt 0.4415559 0.7155884
vt 0.4390197 0.7179711
vt 0.4368956 0.7179986
vt 0.4368978 0.7181774
vt 0.4415862 0.7179379
vt 0.4443936 0.7155518
vt 0.4390219 0.71815
vt 0.4444239 0.7179013
vt 0.4390343 0.7191097
vt 0.4369103 0.7191371
vt 0.4369118 0.719245
vt 0.4415884 0.7181169
vt 0.4416008 0.7190765
vt 0.4390357 0.7192177
vt 0.4392149 0.7330819
vt 0.4370907 0.7331094
vt 0.437117 0.7351283
vt 0.4392408 0.735101
vt 0.4371433 0.7371851
vt 0.4417813 0.7330487
vt 0.4416023 0.7191845
vt 0.4444387 0.7190399
vt 0.4444262 0.7180803
vt 0.4392674 0.7371579
vt 0.4371685 0.7391358
vt 0.4418073 0.7350677
vt 0.4446191 0.733012
vt 0.4444401 0.7191477
vt 0.4392928 0.7391086
vt 0.4371932 0.7410476
vt 0.441834 0.7371246
vt 0.4446451 0.7350311
vt 0.4393173 0.7410202
vt 0.4372178 0.7429574
vt 0.439342 0.74293
vt 0.4418589 0.7390752
vt 0.4418838 0.7409871
vt 0.4419084 0.7428968
vt 0.4446719 0.7370878
vt 0.4476701 0.7329726
vt 0.4447216 0.7409503
vt 0.4446968 0.7390386
vt 0.4477477 0.7389992
vt 0.4476961 0.7349917
vt 0.4477228 0.7370485
vt 0.450624 0.7370111
vt 0.4505973 0.7349543
vt 0.45322 0.7349203
vt 0.4505714 0.7329351
vt 0.4531942 0.7329012
vt 0.447491 0.7191086
vt 0.4555217 0.7328712
vt 0.4503924 0.719071
vt 0.4474896 0.7190006
vt 0.450391 0.7189631
vt 0.453015 0.7190371
vt 0.4474771 0.7180408
vt 0.4530136 0.7189291
vt 0.4474749 0.7178619
vt 0.4503786 0.7180033
vt 0.4474448 0.7155123
vt 0.4503762 0.7178245
vt 0.4503409 0.7150859
vt 0.4503458 0.7154749
vt 0.4529988 0.7177908
vt 0.4530011 0.7179696
vt 0.4553264 0.7177606
vt 0.4529583 0.7146593
vt 0.4529684 0.715441
vt 0.4529636 0.7150519
vt 0.4552861 0.7146292
vt 0.4529286 0.7123407
vt 0.4553414 0.7188991
vt 0.4552912 0.7150221
vt 0.4552528 0.7120476
vt 0.4552962 0.715411
vt 0.4552561 0.7123107
vt 0.4747449 0.7117959
vt 0.4747833 0.7147704
vt 0.4747483 0.7120589
vt 0.4747883 0.7151594
vt 0.4747414 0.7115339
vt 0.4747783 0.7143776
vt 0.4773614 0.7117622
vt 0.477358 0.7115002
vt 0.4773364 0.7098196
vt 0.4773647 0.7120251
vt 0.4773947 0.714344
vt 0.4773999 0.7147366
vt 0.4773255 0.7090003
vt 0.4773172 0.7083386
vt 0.4800639 0.7097843
vt 0.4800855 0.7114649
vt 0.4800889 0.711727
vt 0.4800924 0.7119899
vt 0.4800532 0.708965
vt 0.4801222 0.7143087
vt 0.483105 0.711688
vt 0.4830799 0.7097455
vt 0.4800448 0.7083033
vt 0.4831082 0.711951
vt 0.4831016 0.7114259
vt 0.4830607 0.7082644
vt 0.4800374 0.7077433
vt 0.4830692 0.7089261
vt 0.47731 0.7077788
vt 0.4746937 0.7078124
vt 0.4830534 0.7077045
vt 0.4859861 0.7076666
vt 0.4859933 0.7082266
vt 0.4887871 0.7081904
vt 0.4860021 0.7088882
vt 0.491462 0.7088177
vt 0.4887956 0.7088521
vt 0.4860127 0.7097077
vt 0.4888061 0.7096716
vt 0.4914725 0.709637
vt 0.4860343 0.7113881
vt 0.4888278 0.7113521
vt 0.4860376 0.7116499
vt 0.4914942 0.7113177
vt 0.49379 0.7096071
vt 0.4888313 0.7116139
vt 0.4860411 0.7119131
vt 0.4938118 0.7112877
vt 0.5474125 0.7089148
vt 0.4914974 0.7115796
vt 0.5474343 0.7105952
vt 0.5496848 0.7088854
vt 0.4831383 0.7142696
vt 0.4888347 0.7118771
vt 0.4938153 0.7115496
vt 0.5497066 0.7105658
vt 0.5522625 0.7088522
vt 0.491501 0.7118425
vt 0.5474377 0.7108572
vt 0.5522843 0.7105326
vt 0.5550996 0.7104963
vt 0.54971 0.7108279
vt 0.4938188 0.7118127
vt 0.5550778 0.7088159
vt 0.5580319 0.7087777
vt 0.5522876 0.7107946
vt 0.5474411 0.7111202
vt 0.5580212 0.7079583
vt 0.5610502 0.7072573
vt 0.5610587 0.7079192
vt 0.5638113 0.7072216
vt 0.5497134 0.711091
vt 0.5638041 0.7066618
vt 0.5664291 0.7059658
vt 0.5664376 0.7066278
vt 0.5831723 0.7049375
vt 0.5831828 0.7057496
vt 0.5831915 0.7064115
vt 0.5664449 0.7071877
vt 0.5831987 0.7069713
vt 0.5638199 0.7078835
vt 0.5664535 0.7078495
vt 0.5638304 0.7087026
vt 0.5664641 0.7086687
vt 0.5610694 0.7087385
vt 0.5580535 0.7104581
vt 0.5610911 0.7104189
vt 0.5638521 0.7103834
vt 0.5664858 0.7103492
vt 0.558057 0.7107201
vt 0.5638555 0.7106452
vt 0.5832396 0.7101329
vt 0.566489 0.710611
vt 0.5832427 0.7103949
vt 0.5664924 0.7108743
vt 0.5638587 0.7109083
vt 0.5638888 0.713227
vt 0.5610945 0.7106808
vt 0.5611279 0.7132627
vt 0.561098 0.7109439
vt 0.5580604 0.7109832
vt 0.5611329 0.7136554
vt 0.5580903 0.7133018
vt 0.5551362 0.7133399
vt 0.5580953 0.7136945
vt 0.5581003 0.7140836
vt 0.5551062 0.7110212
vt 0.5551463 0.7141216
vt 0.5551029 0.7107581
vt 0.5522908 0.7110577
vt 0.5551413 0.7137327
vt 0.552331 0.7141579
vt 0.552321 0.7133763
vt 0.552326 0.7137691
vt 0.5497534 0.7141913
vt 0.5497434 0.7134097
vt 0.5497484 0.7138023
vt 0.5474812 0.7142206
vt 0.547471 0.7134389
vt 0.5474761 0.7138317
vt 0.4938587 0.714913
vt 0.4938485 0.7141314
vt 0.4938537 0.7145241
vt 0.4915409 0.7149429
vt 0.4915308 0.7141613
vt 0.4915358 0.7145541
vt 0.4915712 0.7172926
vt 0.4888647 0.7141957
vt 0.4888747 0.7149774
vt 0.4888698 0.7145885
vt 0.4889074 0.7175059
vt 0.4860711 0.7142318
vt 0.488905 0.7173269
vt 0.4860809 0.7150134
vt 0.486076 0.7146245
vt 0.4831434 0.7146625
vt 0.4889197 0.7184655
vt 0.4861138 0.717542
vt 0.4861261 0.7185016
vt 0.4831948 0.7186475
vt 0.4831932 0.7185395
vt 0.4861113 0.7173631
vt 0.4801789 0.7186864
vt 0.4831811 0.7175797
vt 0.4831787 0.7174009
vt 0.4831483 0.7150515
vt 0.4801626 0.7174399
vt 0.4801773 0.7185785
vt 0.4801323 0.7150903
vt 0.4803577 0.7325506
vt 0.4776565 0.7346049
vt 0.4776305 0.7325857
vt 0.4750399 0.7346386
vt 0.4750138 0.7326195
vt 0.4774511 0.7187216
vt 0.4553426 0.7190069
vt 0.4748349 0.7187553
vt 0.4774499 0.7186137
vt 0.4748334 0.7186474
vt 0.480165 0.7176187
vt 0.4774375 0.7176539
vt 0.4748211 0.7176878
vt 0.4774351 0.7174751
vt 0.4553289 0.7179395
vt 0.4748187 0.7175087
vt 0.4774048 0.7151254
vt 0.4801272 0.7147015
vt 0.5848348 0.658775
vt 0.5834922 0.6609468
vt 0.5825807 0.6633576
vt 0.5847959 0.663328
vt 0.5865507 0.6568968
vt 0.5847734 0.6659209
vt 0.5821554 0.6659561
vt 0.5865443 0.6633043
vt 0.588584 0.6553671
vt 0.5846153 0.6846881
vt 0.5828816 0.6847106
vt 0.5865417 0.6658974
vt 0.5885948 0.6632769
vt 0.5908757 0.654242
vt 0.5845961 0.6870161
vt 0.5830583 0.6870362
vt 0.5865228 0.6846627
vt 0.5885987 0.6658694
vt 0.5845546 0.6919057
vt 0.5832637 0.6897299
vt 0.586514 0.6936965
vt 0.5865208 0.6869913
vt 0.5886383 0.6951708
vt 0.5886273 0.6869635
vt 0.5910147 0.6962341
vt 0.5886239 0.6846358
vt 0.5909837 0.6869328
vt 0.5909758 0.6846047
vt 0.5935317 0.6868993
vt 0.590914 0.6658379
vt 0.6335648 0.6863778
vt 0.5935204 0.684572
vt 0.5909053 0.6632454
vt 0.6361118 0.6863444
vt 0.6363608 0.6956429
vt 0.5934275 0.6658044
vt 0.5934148 0.663212
vt 0.5933675 0.6535764
vt 0.632726 0.6530464
vt 0.6335062 0.6840503
vt 0.6329681 0.6626794
vt 0.6352364 0.6536446
vt 0.6384679 0.6863135
vt 0.6387037 0.694518
vt 0.6330333 0.665271
vt 0.6354773 0.6626453
vt 0.6375608 0.6547076
vt 0.6360492 0.6840174
vt 0.6405728 0.6862864
vt 0.640781 0.6929891
vt 0.6377879 0.6626138
vt 0.6396384 0.6561818
vt 0.6355464 0.6652372
vt 0.6384012 0.6839864
vt 0.6424964 0.6862612
vt 0.6426839 0.691147
vt 0.6398369 0.6625863
vt 0.6414112 0.6580129
vt 0.6378624 0.6652059
vt 0.6405008 0.6839595
vt 0.6440288 0.6862413
vt 0.6439072 0.6889393
vt 0.6424068 0.6839343
vt 0.6441342 0.6839119
vt 0.6399176 0.6651782
vt 0.6416852 0.6651548
vt 0.644304 0.6651191
vt 0.6415858 0.6625626
vt 0.643801 0.662533
vt 0.6428174 0.6601478
vn -0.001983936 -0.08467881 -0.9964064
vn -0.001617654 -0.08468535 -0.9964064
vn -0.007864551 -0.430708 -0.9024571
vn -0.01045595 -0.4306511 -0.9024579
vn -0.003012959 -0.04907693 -0.9987904
vn -0.01337238 -0.6402978 -0.7680104
vn 0.004853736 -0.4085054 -0.912743
vn 0.005566428 -0.04687378 -0.9988853
vn -0.01386544 -0.6402878 -0.76801
vn -0.02003184 -0.8099192 -0.5861995
vn 0.09583627 -0.3856468 -0.9176556
vn 0.01691319 -0.03595781 -0.9992101
vn -0.01442368 -0.8100371 -0.5862013
vn -0.02628223 -0.9332243 -0.3583321
vn 0.05551 -0.6206288 -0.7821372
vn 0.1964186 -0.3308913 -0.9230009
vn 0.0249592 -0.02521829 -0.9993704
vn -0.01342261 -0.9334951 -0.358339
vn -0.02934016 -0.9991893 -0.02756373
vn 0.1171001 -0.7828256 -0.6111233
vn 0.1993282 -0.5759008 -0.7928471
vn 0.2795369 -0.2579278 -0.9248418
vn 0.03096963 -0.01523678 -0.9994042
vn 0.3388291 -0.4983295 -0.7980367
vn 0.2975629 -0.7249821 -0.6211742
vn 0.1757996 -0.9031231 -0.3917437
vn -0.01317222 -0.9995333 -0.02756423
vn 0.3416023 -0.1690057 -0.9245241
vn 0.03392772 -0.005747715 -0.9994078
vn 0.4530065 -0.394579 -0.7994327
vn 0.4620247 -0.6286994 -0.625516
vn 0.3792194 -0.8360884 -0.3964199
vn 0.3785885 -0.07486327 -0.9225324
vn 0.04013316 -0.0009776817 -0.9991938
vn 0.53899 -0.2678934 -0.7985755
vn 0.5963115 -0.5017179 -0.6266513
vn 0.4006755 -0.01084494 -0.9161559
vn 0.3483255 -0.005126632 -0.9373596
vn 0.5931475 -0.1295255 -0.7946063
vn 0.4107047 -0.004575171 -0.9117569
vn 0.3546953 0.005170781 -0.9349677
vn 0.2104111 -0.9771053 -0.03150262
vn 0.5604948 -0.7273479 -0.3959932
vn 0.6980224 -0.3483188 -0.6256506
vn 0.6201991 -0.01853965 -0.7842254
vn 0.4287151 -0.9028798 -0.03179957
vn 0.7093024 -0.5840257 -0.3947202
vn 0.7630199 -0.1775081 -0.6215237
vn 0.6186737 -0.7850111 -0.03162905
vn 0.8222274 -0.4114563 -0.3932503
vn 0.7747816 -0.6314462 -0.03145306
vn 0.592737 -0.00445905 -0.8053838
vn 0.793202 -0.02536081 -0.6084303
vn 0.8947715 -0.2172426 -0.3901148
vn 0.8935993 -0.4477727 -0.03130325
vn 0.4093698 0.006801217 -0.9123432
vn 0.348473 0.1550441 -0.9244068
vn 0.03158922 0.01397611 -0.9994032
vn 0.2372783 0.2247578 -0.9450836
vn 0.7751853 -0.6317338 -1.04053E-06
vn 0.8940336 -0.4479999 1.03516E-06
vn 0.6190416 -0.7853582 -1.046392E-06
vn 0.4290343 -0.9032882 0
vn 0.2103699 -0.9776219 0
vn -0.01330921 -0.9999114 -2.113256E-06
vn -0.02921922 -0.9995731 -2.113219E-06
vn -0.02911048 -0.9958624 0.08608568
vn -0.01326201 -0.9961962 0.08612413
vn 0.2096017 -0.9740433 0.08547992
vn 0.4274716 -0.9000031 0.085219
vn 0.61681 -0.7825378 0.08473558
vn -0.002581876 -0.1515767 -0.9884421
vn -0.003867462 -0.1515397 -0.9884436
vn -0.02940862 -0.9990884 -0.03094127
vn 0.01288819 -0.0707485 -0.997411
vn 0.02610852 -0.05832724 -0.997956
vn -0.01310025 -0.9994352 -0.03094285
vn 0.7724264 -0.6294903 0.08425803
vn 0.03607006 -0.04711513 -0.998238
vn 0.2114474 -0.9764186 -0.04355276
vn -0.01278579 -0.9975344 0.06900501
vn -0.02964077 -0.9971752 0.06901432
vn -0.02164523 -0.7588094 0.6509531
vn 0.2123721 -0.9732954 0.08714411
vn -0.01064113 -0.7590382 0.6509591
vn -0.003891243 -0.157852 0.9874551
vn 0.4294251 -0.9020342 -0.04391209
vn 0.04406357 -0.03640548 -0.9983652
vn 0.4290721 -0.8989877 0.08785386
vn 0.1411398 -0.682952 0.7166981
vn -0.002824337 -0.1578681 0.9874561
vn 0.6188881 -0.7842633 -0.04368787
vn 0.6175824 -0.7816334 0.08741342
vn 0.2936333 -0.6288221 0.7199738
vn -0.0001010053 -0.02849941 0.9995938
vn -0.001111059 -0.02848713 0.9995936
vn -0.019462 -0.6557584 0.7547199
vn 0.01246329 -0.07640289 0.9969991
vn 0.01110636 -0.04152206 0.9990759
vn -0.008441297 -0.6559907 0.7547218
vn -0.0287601 -0.9939436 0.1060605
vn 0.7725968 -0.6289101 0.08698487
vn 0.4285033 -0.5480959 0.7183145
vn 0.02682234 -0.0626145 0.9976773
vn 0.01712957 -0.03297979 0.9993093
vn 0.1467909 -0.6597008 0.737053
vn -0.01352805 -0.9942688 0.1060496
vn 0.7746221 -0.6309308 -0.04343871
vn -0.0123504 -0.9868076 0.1614254
vn -0.02961909 -0.9864398 0.1614287
vn -0.02182069 -0.7758088 0.6305908
vn -0.01118872 -0.7760238 0.6306044
vn -0.009019908 -0.3637775 0.9314421
vn 0.2094479 -0.9569125 0.2011219
vn 0.2073608 -0.9732309 0.0991111
vn 0.05086643 -0.02545549 -0.998381
vn 0.292562 -0.6068726 0.7389947
vn 0.890883 -0.4464207 0.08388104
vn 0.02149678 -0.02605586 0.9994293
vn 0.970842 -0.2397201 1.031264E-06
vn 0.03754919 -0.05008932 0.9980387
vn 0.9703569 -0.2396764 -0.03102886
vn 0.5400601 -0.4417205 0.7163925
vn 0.9253265 -0.03118928 -0.3778866
vn 0.8906602 -0.4463536 0.08656231
vn 0.7955993 -0.00383092 -0.6058112
vn 0.8931931 -0.4475931 -0.04320386
vn 0.583993 0.01229026 -0.8116656
vn 0.5497806 0.2458248 -0.7983179
vn 0.7908494 0.0196831 -0.6116943
vn 0.9313552 -0.002721058 -0.3641017
vn 0.05683736 -0.01356057 -0.9982913
vn 0.2910783 0.2495377 -0.9235824
vn 0.998974 -0.03413724 -0.02975946
vn 0.9994192 -0.03407667 8.237827E-06
vn 0.9674389 -0.238862 0.08370673
vn 0.999707 -0.001824742 -0.02413228
vn 0.2102837 0.3226251 -0.9228725
vn 0.01842732 0.03523559 -0.9992092
vn 0.007553672 0.04660116 -0.998885
vn 0.1121393 0.3813925 -0.9175862
vn -0.0009227307 0.04916495 -0.9987903
vn 0.3595828 0.4840317 -0.7977554
vn 0.02222297 0.40795 -0.9127339
vn 0.001617655 0.08467972 -0.9964069
vn 0.9298246 0.02541691 -0.3671242
vn 0.4307165 0.3486125 -0.8324377
vn 0.7118824 0.3196669 -0.6253291
vn 0.838415 0.3776239 -0.3930144
vn 0.5986523 0.4706336 -0.6481662
vn 0.2235812 0.5671861 -0.792661
vn 0.007864547 0.4307069 -0.9024576
vn 0.001985877 0.08467684 -0.9964065
vn 0.9992942 0.02833935 -0.02465703
vn 0.4880532 0.6091225 -0.6251191
vn 0.08184621 0.6177856 -0.7820755
vn 0.01045595 0.4306538 -0.9024566
vn 0.003017815 0.04908356 -0.9987902
vn 0.3279766 0.7119763 -0.6209033
vn 0.5904179 0.7034646 -0.3956566
vn 0.7247111 0.5600144 -0.4014694
vn 0.01337238 0.6403016 -0.7680072
vn -0.004855694 0.4084975 -0.9127465
vn -0.005569343 0.04686622 -0.9988857
vn 0.1502513 0.7772334 -0.6110096
vn 0.9111087 0.4109769 -0.03128659
vn 0.01386544 0.6402889 -0.7680091
vn -0.09583627 0.385642 -0.9176577
vn -0.01691998 0.0359436 -0.9992106
vn 0.7938686 0.6074613 -0.02762847
vn 0.4141536 0.819475 -0.3961534
vn 0.02003184 0.80992 -0.5861982
vn -0.05550997 0.6206178 -0.7821459
vn -0.1964137 0.3308873 -0.9230034
vn -0.2252431 0.2311519 -0.9464853
vn 0.9115507 0.4111878 0
vn 0.2139756 0.8949069 -0.391607
vn 0.01442368 0.8100341 -0.5862053
vn -0.1993252 0.575887 -0.7928579
vn 0.02628119 0.9332178 -0.3583487
vn -0.117097 0.7828143 -0.6111384
vn 0.01342361 0.9334894 -0.3583535
vn 0.4663447 0.8840324 -0.03177237
vn 0.2516606 0.9673032 -0.03148642
vn 0.02934016 0.9991894 -0.02756268
vn 0.6508433 0.758554 -0.03160216
vn -0.2975585 0.7249686 -0.621192
vn -0.1758017 0.9031191 -0.3917521
vn 0.01317324 0.9995332 -0.02756422
vn -0.3388039 0.4983059 -0.7980621
vn -0.2762628 0.258423 -0.925687
vn -0.341617 0.1690085 -0.9245182
vn -0.03096865 0.01523678 -0.9994042
vn -0.354168 0.01978255 -0.9349725
vn -0.408796 0.02367071 -0.9123187
vn -0.3482115 0.008940693 -0.9373734
vn -0.5390269 0.2679071 -0.798546
vn -0.4116545 0.3629705 -0.8359385
vn -0.4620123 0.6286968 -0.6255277
vn -0.5760018 0.4933375 -0.6517975
vn -0.3792182 0.83609 -0.3964177
vn -0.5604972 0.7273504 -0.3959852
vn -0.2104101 0.9771055 -0.03150368
vn -0.4287192 0.902878 -0.03179957
vn -0.583015 0.03635778 -0.8116475
vn -0.6980345 0.3483219 -0.6256356
vn -0.4106288 0.01203762 -0.9117231
vn -0.4007956 0.005343529 -0.9161519
vn -0.04013997 0.0006464247 -0.9991938
vn -0.03414622 -0.004381057 -0.9994072
vn -0.3814363 -0.05951334 -0.9224774
vn -0.0315834 -0.01398084 -0.9994034
vn -0.6204507 0.006519368 -0.7842184
vn -0.592536 0.01953143 -0.8053072
vn -0.7893676 0.05229595 -0.6116894
vn -0.8222204 0.411446 -0.3932756
vn -0.3484685 -0.155049 -0.9244077
vn -0.02600419 -0.02418947 -0.9993692
vn -0.7951167 0.02837586 -0.6057923
vn -0.598048 -0.1054489 -0.794493
vn -0.2902188 -0.2463816 -0.9246994
vn -0.0184312 -0.03523274 -0.9992092
vn -0.6999075 0.5890673 -0.4038925
vn -0.6186743 0.7850104 -0.03163426
vn -0.7680252 0.6398116 -0.02789953
vn -0.6190431 0.7853569 -4.185573E-06
vn -0.7936083 0.006689636 -0.6083922
vn -0.5497763 -0.245816 -0.7983235
vn -0.7697484 -0.1465144 -0.6213058
vn -0.4290405 0.9032853 0
vn -0.9258376 0.006200815 -0.3778707
vn -0.2103679 0.9776223 1.055455E-06
vn 0.01331024 0.9999114 1.056628E-06
vn 0.02921922 0.9995731 1.056609E-06
vn 0.2516409 0.9678207 1.054947E-06
vn 0.46668 0.8844262 0
vn 0.6512268 0.7588832 0
vn 0.794104 0.6077145 0.009050597
vn -0.2095813 0.9740458 0.08550107
vn 0.01326303 0.9961917 0.0861748
vn 0.02911047 0.9958579 0.08613741
vn 0.2507222 0.9642754 0.08550553
vn 0.4649738 0.8812156 0.08519696
vn 0.6488764 0.7561603 0.08474027
vn 0.0009449355 0.0006128235 -0.9999994
vn 0.9083412 0.409745 0.08381704
vn 0.002580903 0.1515634 -0.9884441
vn 0.003866489 0.1515482 -0.9884422
vn 0.01589382 0.07017751 -0.9974079
vn 0.02857571 0.057229 -0.997952
vn -0.01289597 0.07075893 -0.9974101
vn 0.03428113 0.02732364 -0.9990387
vn 0.05192599 0.02338731 -0.9983771
vn 0.03804849 0.04561843 -0.998234
vn 0.6510172 0.7578068 -0.04365155
vn 0.4670088 0.8831656 -0.04383356
vn 0.2526526 0.9665778 -0.0435191
vn 0.02940861 0.9990891 -0.03091907
vn 0.01310025 0.9994358 -0.03092279
vn 0.03506673 0.0009866226 -0.9993845
vn 0.910701 0.4108076 -0.04313599
vn 0.7936768 0.6068166 -0.04302065
vn 0.002029431 5.441238E-05 -0.999998
vn 0.9995605 0.02837597 0.008566479
vn 0.9999655 -0.001805643 0.008108702
vn 0.0009405955 5.264978E-06 -0.9999996
vn 0.9959064 -0.03395392 0.08377127
vn 0.07032241 -0.002220592 -0.9975218
vn 0.05389434 -0.0001922263 -0.9985465
vn 0.9698749 -0.2398183 -0.04277881
vn 0.9986457 -0.03416386 -0.03923816
vn 0.9992579 -0.001769717 -0.03847708
vn 0.9671035 -0.2395399 0.08562233
vn 0.9961627 -0.03423408 0.08054804
vn 0.9986994 0.02831746 -0.04239645
vn 0.6254729 -0.31328 0.7145903
vn 0.9969065 -0.001734203 0.07857744
vn 0.9961309 0.02822508 0.08322605
vn 0.6827279 -0.1674642 0.7112231
vn 0.04608158 -0.03842969 0.9981982
vn 0.721553 -0.02440988 0.6919289
vn 0.05335544 -0.02666543 0.9982194
vn 0.02507152 -0.01999738 0.9994856
vn 0.9081289 0.409667 0.08645789
vn 0.731086 -0.001547088 0.6822835
vn 0.05967316 -0.01394879 0.9981205
vn 0.02824134 -0.0141833 0.9995005
vn 0.4210127 -0.5303469 0.7358535
vn 0.71513 0.02005208 0.6987038
vn 0.07388436 -0.002275527 0.9972643
vn 0.03121117 -0.008107153 0.9994799
vn 0.5276092 -0.4285995 0.7334378
vn 0.4255721 -0.8993182 0.1005747
vn 0.0739888 -0.0002462395 0.997259
vn 0.0295745 -0.001130981 0.999562
vn 0.6091237 -0.3053306 0.7319437
vn 0.6152094 -0.7819673 0.1002218
vn 0.4214498 -0.8828862 0.2071043
vn 0.6637647 -0.164809 0.7295577
vn 0.7710521 -0.6289064 0.099777
vn 0.606259 -0.7673008 0.2090441
vn 0.1353414 -0.659611 0.7393213
vn 0.8896355 -0.4457303 0.09936419
vn 0.7583398 -0.6172963 0.2094424
vn 0.2653432 -0.5681931 0.7789413
vn 0.8743265 -0.4381423 0.2087689
vn 0.3681043 -0.4704097 0.8020062
vn 0.4504183 -0.3681817 0.8133669
vn 0.04655493 -0.2626247 0.9637743
vn 0.102793 -0.2320413 0.9672592
vn 0.1489601 -0.195717 0.9692811
vn 0.1862115 -0.1542587 0.9703245
vn -0.006455942 -0.3638265 0.9314443
vn 0.0004960505 0.1623465 0.9867337
vn 0.006407801 0.1622127 0.986735
vn -0.06049225 0.2181585 0.9740368
vn -0.1030708 0.194917 0.975389
vn -0.1391447 0.1672774 0.9760415
vn 0.008091567 0.6786207 0.7344443
vn 0.02077149 0.6783473 0.7344477
vn 0.02714592 0.962704 0.2691916
vn -0.14461 0.6404265 0.7542824
vn -0.2630291 0.5446115 0.7963755
vn 0.01381083 0.9629871 0.2691933
vn -0.1689089 0.1342302 0.9764487
vn -0.3548653 0.4470238 0.8211213
vn -0.1977187 0.943979 0.2642176
vn 0.01341165 0.9961143 0.08704331
vn 0.02895331 0.9957842 0.08703661
vn 0.0006108751 0.0210069 0.9997792
vn -0.208897 0.9738485 0.08933791
vn -0.4100037 0.8701506 0.2733772
vn -0.4288531 0.3484495 0.8334674
vn 0.0002835859 0.02101543 0.9997792
vn -0.4270133 0.8997124 0.09042823
vn -0.5935842 0.7559416 0.2760617
vn 0 -9.464028E-07 1
vn 0 -9.464028E-07 1
vn -0.002629923 0.0122759 0.9999212
vn -0.6163595 0.7822321 0.09062965
vn 0 -1.892806E-06 1
vn 0 -5.678417E-06 1
vn -0.004848059 0.01022217 0.999936
vn 0 1.892806E-06 1
vn -0.006602943 0.008387062 0.999943
vn 0 4.732014E-06 1
vn -0.7719565 0.6292046 0.09046993
vn -0.008100473 0.006607813 0.9999454
vn 0 0 1
vn -0.7443682 0.6076835 0.2768334
vn -0.890395 0.4461883 0.09007078
vn -0.00946301 0.004743389 0.999944
vn 0 -5.678417E-06 1
vn -0.4901639 0.2457277 0.8362758
vn -0.8592197 0.4305028 0.2764215
vn -0.9669945 0.2385821 0.08944371
vn -0.01076339 0.002649937 0.9999386
vn 0 -9.464028E-07 1
vn -0.1925213 0.09675221 0.9765114
vn 0.2160234 -0.1080712 0.9703888
vn -0.2106421 0.0551706 0.9760053
vn -0.540996 0.1343465 0.8302255
vn -0.9340729 0.229276 0.2737522
vn -0.9954159 0.03384386 0.08945176
vn -0.01316122 0.0004457581 0.9999133
vn -0.01432782 3.725125E-05 0.9998974
vn -2.525108E-07 -7.757557E-07 1
vn 0.5175678 -0.2592653 0.8154171
vn 0.9497252 -0.2354562 0.2063552
vn 0.5711834 -0.1402278 0.8087557
vn 0.966237 -0.2380498 0.09858129
vn -0.9966512 0.001706393 0.08175211
vn -0.01011004 -0.000298452 0.9999489
vn -3.990097E-06 -9.903782E-06 1
vn 0 0 1
vn 0.2393589 -0.05663861 0.9692777
vn 0.9803312 -0.03386577 0.1944321
vn -0.9957268 -0.02830463 0.08790274
vn -0.009713572 -0.004380916 0.9999433
vn 2.252997E-06 4.339398E-06 1
vn -0.9078676 -0.4095037 0.08990661
vn -0.967635 -0.02762197 0.2508374
vn -0.008678904 -0.006632265 0.9999404
vn 0 0 1
vn 0.6227069 -0.0210681 0.7821716
vn -0.963888 0.001750044 0.2663022
vn -0.7907913 -0.6053267 0.09071249
vn -0.006997237 -0.008161819 0.9999422
vn 0 0 1
vn -0.6484224 -0.755892 0.09042043
vn -0.7603967 -0.5838059 0.2845479
vn -0.00531519 -0.01008872 0.999935
vn 0 0 1
vn -0.4644929 -0.8809673 0.09023806
vn -0.003171834 -0.01224751 0.99992
vn 0 9.464028E-07 1
vn -0.8761309 -0.3951344 0.2761585
vn -0.6246262 -0.7306054 0.2757859
vn -0.2500146 -0.9641283 0.08915951
vn -0.0006108751 -0.0210088 0.9997792
vn 0 9.464028E-07 1
vn -0.4462856 -0.8521844 0.2731501
vn -0.0289564 -0.9957836 0.08704404
vn -0.0002835858 -0.02101826 0.999779
vn -9.71159E-07 1.892806E-06 1
vn -0.2375661 -0.93479 0.2640645
vn -0.01341473 -0.9961137 0.08704968
vn 0.002631865 -0.0122778 0.9999212
vn 9.71159E-07 5.678417E-06 1
vn -0.02714799 -0.9627036 0.2691928
vn 0.208896 -0.9738504 0.08931889
vn 0.004847088 -0.01022217 0.999936
vn 0 -1.892806E-06 1
vn -0.01381288 -0.9629868 0.2691944
vn 0.4270103 -0.8997174 0.09039249
vn 0.006602943 -0.008387062 0.999943
vn 0 -8.128759E-07 1
vn 0.197725 -0.9439861 0.2641874
vn 0.6163567 -0.7822424 0.0905617
vn 0.008349351 -0.006956457 0.999941
vn -9.71159E-07 4.732014E-06 1
vn 0.4099986 -0.8701493 0.2733887
vn 0.7650196 -0.6375824 0.09074087
vn -0.008091574 -0.6786358 0.7344304
vn 0.1446059 -0.6404311 0.7542792
vn 0.2630249 -0.5445896 0.7963919
vn -0.02077251 -0.6783597 0.7344363
vn -0.1716801 -0.6339167 0.7541058
vn -0.006406828 -0.1622013 0.9867368
vn -0.0004950782 -0.1623495 0.9867333
vn -0.2858783 -0.5333802 0.7961025
vn 0.06048741 -0.2181539 0.9740381
vn -0.06971547 -0.2155326 0.9740049
vn -0.3734514 -0.4321693 0.8208311
vn -0.1112756 -0.1906032 0.97534
vn -0.4296313 -0.3274703 0.8415344
vn -0.1461355 -0.1615016 0.9759926
vn -0.5000309 -0.2256334 0.8360972
vn -0.1662731 -0.1228594 0.978396
vn -0.5909372 -0.01690708 0.8065403
vn -0.1964406 -0.08887479 0.9764796
vn 0.1914992 0.1496111 0.9700229
vn 0.1571431 0.1895289 0.9692187
vn 0.1125603 0.2276692 0.9672108
vn 0.05768422 0.2605306 0.9637408
vn 0.009020902 0.3638048 0.9314315
vn 0.006455957 0.3638703 0.9314272
vn 0.2891471 0.5567475 0.7787337
vn 0.1632374 0.6534303 0.7391768
vn 0.02181866 0.7757992 0.6306027
vn 0.01118873 0.7760279 0.6305993
vn -0.04655791 0.2626526 0.9637665
vn 0.3876027 0.4549315 0.8017491
vn 0.103064 -0.1949208 0.975389
vn 0.3548702 -0.4470258 0.8211182
vn 0.593573 -0.7559393 0.276092
vn 0.7355783 -0.6148267 0.2844514
vn 0.4156979 -0.3449806 0.8415365
vn 0.8904008 -0.4461853 0.09002833
vn 0.00946301 -0.004738658 0.999944
vn 0.01005861 -0.000704079 0.9999492
vn 0 -3.018499E-06 1
vn 0.9937341 -0.06935735 0.08764792
vn 0.01439014 -0.0005410254 0.9998963
vn 0 1.677576E-06 1
vn 0 -1.892806E-06 1
vn 0.9959068 -0.03855975 0.08174713
vn 0.01315151 -8.706954E-05 0.9999136
vn 2.913477E-06 -5.678417E-06 1
vn 0.9959842 -0.006373796 0.08930198
vn 0.9630757 -0.03718384 0.2666505
vn 0.9656842 -0.06752253 0.2507881
vn 0.01092655 0.002225001 0.9999379
vn 1.942318E-06 0 1
vn 0.9758697 0.1992476 0.08932475
vn 0.009715516 0.004380917 0.9999433
vn -9.71159E-07 0 1
vn 0.8592396 -0.4304973 0.2763681
vn 0.4902096 -0.2457299 0.8362485
vn 0.5895778 -0.04128097 0.8066559
vn 0.9619532 -0.006642741 0.2731333
vn 0.9078697 0.4095048 0.08987974
vn 0.008420958 0.00630875 0.9999447
vn -1.942318E-06 5.678417E-06 1
vn 0.5665271 -0.02203294 0.8237485
vn 0.9425825 0.1912752 0.2737736
vn 0.7972592 0.5968567 0.09022097
vn 0.006994323 0.008167499 0.9999422
vn 2.913477E-06 -1.892806E-06 1
vn 0.5645053 -0.003414776 0.8254223
vn 0.5461063 0.1123491 0.8301479
vn 0.8761146 0.3951289 0.2762179
vn 0.6484264 0.7558922 0.0903891
vn 0.005317132 0.0100944 0.9999349
vn 9.71159E-07 -4.732014E-06 1
vn 0.2106742 -0.0003695906 0.9775563
vn 0.5000361 0.2256401 0.8360924
vn 0.7688405 0.5765401 0.2765606
vn 0.4644982 0.8809686 0.09019714
vn 0.003174747 0.01224277 0.99992
vn 0 -9.464028E-07 1
vn 0.0006108751 0.0210069 0.9997792
vn 0.02895331 0.9957842 0.08703661
vn 0.2500134 0.9641305 0.08913836
vn 0.6246355 0.7306027 0.2757725
vn 0.4431563 0.3307228 0.8332075
vn 0.2375713 0.9347945 0.2640436
vn 0.02714592 0.962704 0.2691916
vn 0.02077149 0.6783473 0.7344477
vn 0.446297 0.8521827 0.2731366
vn 0.1716781 0.6339051 0.7541159
vn 0.006407801 0.1622127 0.986735
vn 0.3734438 0.4321456 0.820847
vn 0.2858722 0.5333615 0.7961172
vn 0.0697243 0.2155707 0.9739958
vn 0.1112569 0.1905848 0.9753457
vn 0.1461325 0.1614987 0.9759936
vn -0.05769008 -0.2605439 0.9637368
vn -0.009019908 -0.3637775 0.9314421
vn -0.02182069 -0.7758088 0.6305908
vn -0.1125751 -0.2276914 0.9672039
vn -0.1632528 -0.6534671 0.7391408
vn -0.02961909 -0.9864398 0.1614287
vn -0.157153 -0.1895329 0.9692163
vn 0.1744574 0.1272851 0.9764032
vn -0.2891535 -0.5567685 0.7787163
vn -0.249844 -0.9471822 0.201057
vn -0.1926231 -0.1466214 0.9702569
vn -0.387625 -0.454964 0.8017198
vn -0.2484578 -0.9635631 0.09906955
vn -0.0287601 -0.9939436 0.1060605
vn -0.019462 -0.6557584 0.7547199
vn -0.4582429 -0.8643879 0.2069955
vn -0.1746749 -0.6530905 0.7368591
vn -0.001111059 -0.02848713 0.9995936
vn -0.4630482 -0.8806207 0.1004666
vn -0.220424 -0.09924548 0.970342
vn -0.4655733 -0.3495947 0.8130345
vn -0.6377273 -0.7414173 0.2088164
vn -0.647261 -0.7556806 0.1000008
vn -0.3180019 -0.5943642 0.7386516
vn -0.01285948 -0.04102419 0.9990754
vn 0.1964398 0.08886916 0.9764802
vn 0.2127975 0.04660586 0.9759842
vn -0.2415914 -0.04692577 0.9692428
vn -0.01570125 -0.07585459 0.9969953
vn -0.003891243 -0.157852 0.9874551
vn -0.02164523 -0.7588094 0.6509531
vn -0.1700286 -0.6765452 0.7165033
vn -0.02964077 -0.9971752 0.06901432
vn -0.02946543 -0.06148497 0.997673
vn -0.2675147 0.002536133 0.9635504
vn -0.6230099 0.004094845 0.7822033
vn -0.5765155 -0.117015 0.8086639
vn -0.271062 0.0101654 0.9625081
vn -0.01852034 -0.03226137 0.9993079
vn -0.5280176 -0.2380803 0.815178
vn -0.7831826 -0.5855788 0.2090989
vn -0.8915086 -0.4021552 0.2085269
vn -0.7963219 -0.5966282 0.09953015
vn -0.4429414 -0.5126268 0.7355383
vn -0.9070733 -0.4091009 0.09927011
vn -0.9584889 -0.1968253 0.206298
vn -0.545056 -0.4066829 0.7331595
vn -0.02258742 -0.02516237 0.9994281
vn -0.9750867 -0.1987491 0.09851183
vn -0.9950655 0.006444582 0.09901085
vn -0.6213027 -0.2803641 0.731696
vn -0.9808945 0.005752181 0.1944551
vn -0.9809677 0.03801977 0.190412
vn -0.03965295 -0.04852913 0.9980343
vn -0.02590091 -0.01897143 0.9994844
vn -0.6699504 -0.1378269 0.7295
vn -0.6248202 0.02403023 0.7803987
vn -0.04767047 -0.03653837 0.9981946
vn -0.3200118 -0.6161215 0.719713
vn -0.0288289 -0.01304189 0.9994993
vn -0.05445573 -0.02450161 0.9982156
vn -0.4511868 -0.5300169 0.7179919
vn -0.2534451 -0.9634212 0.08709253
vn -0.5581282 -0.4193833 0.7159684
vn -0.4665306 -0.8801351 0.08781461
vn -0.2526577 -0.9665764 -0.0435233
vn -0.02940862 -0.9990884 -0.03094127
vn -0.003867462 -0.1515397 -0.9884436
vn -0.4670176 -0.8831587 -0.0438787
vn -0.6496069 -0.7552307 0.0873934
vn -0.01589284 -0.07018223 -0.9974076
vn -0.6510202 -0.7578047 -0.04364214
vn -0.2507325 -0.9642786 0.08543912
vn -0.02911048 -0.9958624 0.08608568
vn -0.02921922 -0.9995731 -2.113219E-06
vn -0.02857959 -0.05723466 -0.9979517
vn -0.4649822 -0.8812162 0.0851445
vn -0.251639 -0.9678212 -1.054948E-06
vn -0.2516587 -0.9673036 -0.03148855
vn -0.02934016 -0.9991893 -0.02756373
vn -0.02628223 -0.9332243 -0.3583321
vn -0.2139748 -0.8949166 -0.3915854
vn -0.02003184 -0.8099192 -0.5861995
vn -0.4663487 -0.8840303 -0.03176922
vn -0.4666868 -0.8844226 0
vn -0.6488808 -0.7561677 0.08464104
vn -0.03806987 -0.04564116 -0.9982323
vn -0.1502535 -0.7772471 -0.6109917
vn -0.01337238 -0.6402978 -0.7680104
vn -0.4141647 -0.8194739 -0.396144
vn -0.6508434 -0.7585541 -0.03159902
vn -0.651224 -0.7588856 -2.090589E-06
vn -0.08184127 -0.6177799 -0.7820806
vn -0.007864551 -0.430708 -0.9024571
vn -0.327977 -0.7119839 -0.6208946
vn -0.5904315 -0.7034643 -0.3956372
vn -0.02222001 -0.407941 -0.9127379
vn -0.001617654 -0.08468535 -0.9964064
vn 0.0009188456 -0.04916212 -0.9987904
vn -0.2235822 -0.567186 -0.7926608
vn -0.1121383 -0.3813945 -0.9175855
vn -0.007560472 -0.04659928 -0.9988851
vn -0.4880542 -0.6091175 -0.6251231
vn -0.8001382 -0.5989918 -0.03142978
vn -0.2102864 -0.3226171 -0.9228747
vn -0.359581 -0.4840308 -0.7977566
vn -0.4692229 -0.3758047 -0.7991249
vn -0.732886 -0.5543859 -0.3943786
vn -0.6167609 -0.4769109 -0.6262283
vn -0.7118989 -0.3196633 -0.6253123
vn -0.838419 -0.3776259 -0.3930041
vn -0.9029009 -0.1808652 -0.389946
vn -0.9111086 -0.4109769 -0.03128969
vn -0.9792635 -0.2002013 -0.03102285
vn -0.8005514 -0.5992641 -2.078901E-06
vn -0.9995373 0.006234758 -0.02976991
vn -0.9115507 -0.4111878 0
vn -0.7976953 -0.5971452 0.08426163
vn -0.9083372 -0.4097372 0.08389979
vn -0.9797503 -0.2002234 0
vn -0.0456029 -0.03461451 -0.9983597
vn -0.9763316 -0.1995133 0.08349238
vn -0.7999641 -0.5984774 -0.04338437
vn -0.05194153 -0.02339016 -0.9983761
vn -0.7978585 -0.5965477 0.08690562
vn -0.9107029 -0.4108056 -0.04311634
vn -0.6381839 -0.2877224 0.7140989
vn -0.9081243 -0.4096697 0.08649196
vn -0.9787921 -0.2003519 -0.04272208
vn -0.05742008 -0.01125961 -0.9982865
vn -0.9992078 0.006190785 -0.03931215
vn -0.06023637 -0.01153989 0.9981174
vn -0.976007 -0.2001797 0.08566354
vn -0.689335 -0.139742 0.7108371
vn -0.07392219 0.0007108651 0.9972638
vn -0.03153455 -0.006850285 0.9994792
vn -0.9964687 0.006294079 0.08372872
vn -0.7219611 0.004747148 0.6919174
vn -0.6833174 0.004192623 0.7301095
vn -0.9967321 0.006020383 0.08055391
vn -0.02959005 6.530349E-05 0.9995621
vn -0.6939144 0.02704499 0.7195494
vn -0.730103 0.02804882 0.6827612
vn -0.02992686 0.001206519 0.9995514
vn -0.9961533 0.03864011 0.07864916
vn -0.9946377 0.0384328 0.09601513
vn -0.07398562 0.002751132 0.9972555
vn -0.7159249 0.05013492 0.696375
vn -0.9935799 0.06930773 0.08941762
vn -0.9772842 0.06807139 0.2007034
vn -0.03933391 0.002766581 0.9992223
vn -0.05510932 0.003814366 0.998473
vn -0.7135424 0.04955943 0.698857
vn -0.5891032 0.04097459 0.8070182
vn -0.2444995 0.01698875 0.9695005
vn -0.8743275 0.4381492 0.2087503
vn -0.8896311 0.4457371 0.09937347
vn -0.609079 0.3053212 0.7319848
vn -0.02824134 0.01418519 0.9995005
vn -0.5175785 0.259273 0.8154079
vn -0.05335936 0.0266683 0.9982192
vn -0.5146339 0.4272608 0.7433708
vn -0.751938 0.6249277 0.2098922
vn -0.2160271 0.1080702 0.9703881
vn -0.02312169 0.01870854 0.9995576
vn -0.7638862 0.6371022 0.1028521
vn -0.1851025 0.1573866 0.9700342
vn 0.1925037 -0.09673694 0.9765164
vn -0.4461072 0.3730758 0.8135126
vn 0.2455305 -0.01721072 0.9692361
vn 0.2154469 -0.008728859 0.9764766
vn 0.1610653 -0.1296436 0.9783918
vn 0.1391438 -0.1672784 0.9760415
vn -0.1489483 0.1956837 0.9692895
vn -0.1027821 0.232004 0.9672694
vn -0.3681062 0.4703962 0.8020133
vn -0.1353344 0.6596012 0.7393314
vn -0.2653328 0.5681621 0.7789675
vn -0.6062707 0.7672893 0.2090522
vn -0.4214545 0.8828846 0.207101
vn -0.2094499 0.9569103 0.2011302
vn -0.6152194 0.7819591 0.100226
vn -0.4255764 0.8993167 0.1005706
vn -0.4210438 0.5303883 0.7358059
vn -0.2073671 0.9732324 0.09908269
vn 0.01235142 0.9868065 0.1614327
vn -0.2925591 0.6068774 0.7389918
vn -0.02150163 0.02606247 0.999429
vn 0.01352805 0.9942654 0.1060823
vn 0.0296201 0.9864406 0.1614234
vn -0.1468066 0.6597663 0.7369913
vn 0.0287601 0.9939417 0.1060795
vn 0.2498461 0.9471834 0.2010487
vn -0.04732495 0.04060154 0.998054
vn -0.01713345 0.03298546 0.9993089
vn 0.008442342 0.6560787 0.7546452
vn 0.2484591 0.9635651 0.0990475
vn 0.45825 0.8643818 0.2070049
vn -0.01110539 0.04152017 0.9990759
vn 0.01946215 0.6558641 0.7546281
vn 0.4630625 0.8806155 0.1004476
vn 0.6472589 0.7556776 0.1000374
vn 0.174704 0.6531676 0.736784
vn 0.0001010053 0.02849468 0.9995939
vn 0.6377282 0.7414104 0.2088383
vn 0.77711 0.5932809 0.2100425
vn 0.3179915 0.5943429 0.738673
vn 0.001111058 0.0284748 0.9995939
vn 0.4612171 0.3543324 0.8134663
vn 0.2204308 0.09923979 0.970341
vn 0.5279896 0.238059 0.8152024
vn 0.2449558 0.006884487 0.9695098
vn 0.01286335 0.04103646 0.9990748
vn -0.2459571 -0.007038773 0.9692552
vn -0.5670536 0.0008797182 0.8236805
vn -0.2156617 -4.208299E-06 0.9764681
vn -0.9614476 0.03220033 0.2730966
vn -0.564203 0.01938151 0.8254086
vn -0.2105335 0.008138587 0.9775528
vn 0.2709855 -0.0007999099 0.9625831
vn 0.2673848 -0.008268531 0.9635544
vn 0.5904829 0.01664408 0.8068786
vn 0.625445 -0.001265875 0.7802672
vn 0.9792426 0.02768329 0.2007925
vn 0.9817533 -0.001702748 0.190151
vn 0.8914925 0.4021498 0.2086063
vn 0.7895776 0.6049653 0.1028797
vn 0.9070743 0.4091019 0.09925666
vn 0.9955858 0.02824647 0.08950399
vn 0.9953555 -0.001839053 0.0962501
vn 0.5319832 0.405609 0.7432868
vn 0.7179743 0.02058049 0.6957653
vn 0.994508 -0.03374758 0.09907028
vn 0.694699 -0.001050821 0.7192997
vn 0.6830688 -0.02341351 0.7299786
vn 0.02997771 -5.085639E-06 0.9995505
vn 0.0394037 0.001134284 0.9992228
vn 0.05520102 0.001532184 0.9984741
vn 0.6212671 0.2803424 0.7317345
vn 0.05444801 0.02449027 0.9982162
vn 0.02882112 0.01303242 0.9994997
vn 0.02388975 0.01773961 0.9995572
vn 0.6381117 0.2876835 0.7141789
vn 0.04898392 0.03861367 0.9980528
vn 0.03965392 0.04853103 0.9980342
vn 0.5518678 0.4239391 0.7181348
vn 0.7916953 0.6046776 0.08708297
vn 0.02258354 0.02516332 0.9994282
vn 0.6496046 0.7552342 0.08737977
vn 0.4428546 0.51253 0.7356581
vn 0.01852325 0.03226893 0.9993076
vn 0.4512035 0.5300441 0.7179615
vn 0.4665265 0.8801358 0.08782932
vn 0.02946153 0.06147924 0.9976735
vn 0.3199679 0.6160835 0.7197649
vn 0.253441 0.9634189 0.08713049
vn 0.01570125 0.07584133 0.9969963
vn 0.1700353 0.6765177 0.7165275
vn 0.02964181 0.9971755 0.06901011
vn 0.003891245 0.1578615 0.9874536
vn 0.02164838 0.7588837 0.6508664
vn 0.01278577 0.9975336 0.06901656
vn 0.002825309 0.1578927 0.9874522
vn 0.0106392 0.7591256 0.6508572
vn -0.2123608 0.9732963 0.08716204
vn -0.01246816 0.07641903 0.9969978
vn -0.1411355 0.6829341 0.7167159
vn -0.2114362 0.9764218 -0.04353378
vn -0.0268272 0.06261167 0.9976774
vn -0.4290689 0.8989851 0.08789587
vn -0.2936095 0.6287376 0.7200572
vn -0.02611725 0.05834426 -0.9979548
vn -0.03756082 0.05010916 0.9980372
vn -0.4294264 0.9020336 -0.04391212
vn -0.6175806 0.7816317 0.08744171
vn -0.4284981 0.5480847 0.7183262
vn -0.5336916 0.4462769 0.7183385
vn -0.4274757 0.900002 0.08521164
vn -0.03608268 0.04713026 -0.9982369
vn -0.6168109 0.7825277 0.08482134
vn -0.7682577 0.640077 0.00903617
vn -0.0008957313 0.0006264573 -0.9999994
vn -0.6188875 0.7842637 -0.04368895
vn -0.894033 0.4480011 3.105481E-06
vn -0.03309214 0.02870437 -0.9990399
vn -0.7678556 0.6391708 -0.04310944
vn -0.7659631 0.6369498 0.08715199
vn -0.8931811 0.4476166 -0.043208
vn -0.8908857 0.4464323 0.08379097
vn -0.8906518 0.446371 0.08655814
vn -0.8935988 0.4477734 -0.0313053
vn -0.9280249 0.06376615 -0.3670197
vn -0.9972749 0.06953893 -0.02463892
vn -0.9307088 0.03498761 -0.3640837
vn -0.9989614 0.03865314 -0.02412573
vn -0.9975393 0.06958599 0.008560711
vn -0.9999801 0.006312873 4.118794E-06
vn -0.9992183 0.0386817 0.008154868
vn -0.002016508 0.0001413495 -0.999998
vn -0.0009597801 4.524805E-05 -0.9999995
vn -0.05091016 0.02546402 -0.9983785
vn -0.03494978 0.002436663 -0.9993861
vn -0.05389994 0.001991056 -0.9985443
vn -0.9966719 0.06953618 -0.04254154
vn -0.07041764 0.00061904 -0.9975173
vn -0.9985134 0.03869763 -0.03838532
vn -0.9941037 0.06933738 0.08336817
vn -0.6255213 0.313308 0.7145356
vn 2.252997E-06 4.339398E-06 1
vn 0 0 1
vn -3.990097E-06 -9.903782E-06 1
vn 1.533564E-07 2.259826E-06 1
vn 0 0 1
vn 0 3.045604E-06 1
vn -2.525108E-07 -7.757557E-07 1
vn 9.428943E-06 7.480974E-07 1
vn 0 0 1
vn 0 -6.8326E-07 1
vn 0 -9.464028E-07 1
vn 1.348903E-06 2.678195E-07 1
vn 0 1.747533E-06 1
vn 0 0 1
vn 0 -2.310263E-06 1
vn 0 -5.678417E-06 1
vn 0 -7.960363E-07 1
vn -9.563684E-06 -1.084008E-06 1
vn 0 4.732014E-06 1
vn 0 0 1
vn 0 1.892806E-06 1
vn 0 5.3102E-07 1
vn 0 -5.678417E-06 1
vn -2.709351E-06 6.006617E-06 1
vn 0 -1.892806E-06 1
vn -1.092663E-05 -5.144556E-07 1
vn -1.26241E-05 7.71064E-06 1
vn -1.967971E-05 5.0198E-07 1
vn 3.176396E-07 7.583353E-07 1
vn -1.97189E-05 -6.071275E-07 1
vn 1.457387E-06 7.956752E-07 1
vn 1.143765E-06 -4.792608E-07 1
vn -1.237914E-05 -2.405284E-06 1
vn 0 4.963249E-06 1
vn 9.71159E-07 -4.732014E-06 1
vn 9.874517E-07 1.913289E-06 1
vn 0 4.111826E-06 1
vn 0 9.464028E-07 1
vn 0 9.464028E-07 1
vn 2.262175E-06 -4.153634E-07 1
vn 1.262328E-06 4.268478E-06 1
vn -9.71159E-07 1.892806E-06 1
vn 0 -3.387845E-07 1
vn 2.913477E-06 -1.892806E-06 1
vn 2.257113E-06 1.83904E-06 1
vn 0 -2.627598E-06 1
vn 9.71159E-07 5.678417E-06 1
vn 0 1.837436E-06 1
vn 0 -2.761143E-06 1
vn -1.942318E-06 5.678417E-06 1
vn 0 0 1
vn 0 -1.892806E-06 1
vn 0 -8.290177E-07 1
vn 0 1.032476E-06 1
vn 0 7.754554E-07 1
vn -9.71159E-07 0 1
vn 0 -2.110802E-06 1
vn 0 -8.128759E-07 1
vn 0 1.995633E-06 1
vn 0 -6.014335E-07 1
vn 2.913477E-06 -5.678417E-06 1
vn 1.942318E-06 0 1
vn 0 -5.232195E-07 1
vn 0 -1.892806E-06 1
vn 0 1.457526E-06 1
vn 0 7.822056E-07 1
vn 0 1.677576E-06 1
vn 0 -2.340211E-06 1
vn 0 -3.018499E-06 1
vn -9.71159E-07 4.732014E-06 1
usemtl Kitchen_set_props
f 1/1/1 3/3/3 2/2/2 
f 1/1/1 4/4/4 3/3/3 
f 5/5/5 4/4/4 1/1/1 
f 4/4/4 6/6/6 3/3/3 
f 5/5/5 7/7/7 4/4/4 
f 8/8/8 7/7/7 5/5/5 
f 4/4/4 9/9/9 6/6/6 
f 7/7/7 9/9/9 4/4/4 
f 9/9/9 10/10/10 6/6/6 
f 8/8/8 11/11/11 7/7/7 
f 12/12/12 11/11/11 8/8/8 
f 9/9/9 13/13/13 10/10/10 
f 13/13/13 14/14/14 10/10/10 
f 7/7/7 15/15/15 9/9/9 
f 11/11/11 15/15/15 7/7/7 
f 15/15/15 13/13/13 9/9/9 
f 12/12/12 16/16/16 11/11/11 
f 17/17/17 16/16/16 12/12/12 
f 13/13/13 18/18/18 14/14/14 
f 18/18/18 19/19/19 14/14/14 
f 15/15/15 20/20/20 13/13/13 
f 20/20/20 18/18/18 13/13/13 
f 11/11/11 21/21/21 15/15/15 
f 16/16/16 21/21/21 11/11/11 
f 21/21/21 20/20/20 15/15/15 
f 17/17/17 22/22/22 16/16/16 
f 23/23/23 22/22/22 17/17/17 
f 16/16/16 24/24/24 21/21/21 
f 22/22/22 24/24/24 16/16/16 
f 21/21/21 25/25/25 20/20/20 
f 24/24/24 25/25/25 21/21/21 
f 20/20/20 26/26/26 18/18/18 
f 25/25/25 26/26/26 20/20/20 
f 18/18/18 27/27/27 19/19/19 
f 26/26/26 27/27/27 18/18/18 
f 23/23/23 28/28/28 22/22/22 
f 29/29/29 28/28/28 23/23/23 
f 22/22/22 30/30/30 24/24/24 
f 28/28/28 30/30/30 22/22/22 
f 24/24/24 31/31/31 25/25/25 
f 30/30/30 31/31/31 24/24/24 
f 25/25/25 32/32/32 26/26/26 
f 31/31/31 32/32/32 25/25/25 
f 29/29/29 33/33/33 28/28/28 
f 34/34/34 33/33/33 29/29/29 
f 28/28/28 35/35/35 30/30/30 
f 33/33/33 35/35/35 28/28/28 
f 30/30/30 36/36/36 31/31/31 
f 35/35/35 36/36/36 30/30/30 
f 34/34/34 37/37/37 33/33/33 
f 38/38/38 37/37/37 34/34/34 
f 33/33/33 39/39/39 35/35/35 
f 37/37/37 39/39/39 33/33/33 
f 38/38/38 40/40/40 37/37/37 
f 41/41/41 40/40/40 38/38/38 
f 32/32/32 42/42/42 26/26/26 
f 26/26/26 42/42/42 27/27/27 
f 31/31/31 43/43/43 32/32/32 
f 36/36/36 43/43/43 31/31/31 
f 35/35/35 44/44/44 36/36/36 
f 39/39/39 44/44/44 35/35/35 
f 37/37/37 45/45/45 39/39/39 
f 40/40/40 45/45/45 37/37/37 
f 32/32/32 46/46/46 42/42/42 
f 43/43/43 46/46/46 32/32/32 
f 36/36/36 47/47/47 43/43/43 
f 44/44/44 47/47/47 36/36/36 
f 39/39/39 48/48/48 44/44/44 
f 45/45/45 48/48/48 39/39/39 
f 43/43/43 49/49/49 46/46/46 
f 47/47/47 49/49/49 43/43/43 
f 44/44/44 50/50/50 47/47/47 
f 48/48/48 50/50/50 44/44/44 
f 47/47/47 51/51/51 49/49/49 
f 50/50/50 51/51/51 47/47/47 
f 40/40/40 52/52/52 45/45/45 
f 45/45/45 53/53/53 48/48/48 
f 53/53/53 45/45/45 52/52/52 
f 48/48/48 54/54/54 50/50/50 
f 53/53/53 54/54/54 48/48/48 
f 50/50/50 55/55/55 51/51/51 
f 54/54/54 55/55/55 50/50/50 
f 56/56/56 52/52/52 40/40/40 
f 41/41/41 56/56/56 40/40/40 
f 57/57/57 56/56/56 41/41/41 
f 57/57/57 41/41/41 58/58/58 
f 59/59/59 57/57/57 58/58/58 
f 49/49/49 51/51/51 60/60/60 
f 51/51/51 55/55/55 61/61/61 
f 51/51/51 61/61/61 60/60/60 
f 49/49/49 60/60/60 62/62/62 
f 46/46/46 49/49/49 62/62/62 
f 46/46/46 62/62/62 63/63/63 
f 42/42/42 46/46/46 63/63/63 
f 42/42/42 63/63/63 64/64/64 
f 27/27/27 42/42/42 64/64/64 
f 27/27/27 64/64/64 65/65/65 
f 19/19/19 27/27/27 65/65/65 
f 19/19/19 65/65/65 66/66/66 
f 67/67/67 66/66/66 65/65/65 
f 68/68/68 65/65/65 64/64/64 
f 67/67/67 65/65/65 68/68/68 
f 69/69/69 64/64/64 63/63/63 
f 68/68/68 64/64/64 69/69/69 
f 70/70/70 63/63/63 62/62/62 
f 69/69/69 63/63/63 70/70/70 
f 71/71/71 62/62/62 60/60/60 
f 70/70/70 62/62/62 71/71/71 
f 72/72/72 67/67/67 68/68/68 
f 72/72/72 73/73/73 67/67/67 
f 74/74/74 73/73/73 72/72/72 
f 75/75/75 68/68/68 69/69/69 
f 75/75/75 72/72/72 68/68/68 
f 76/76/76 69/69/69 70/70/70 
f 76/76/76 75/75/75 69/69/69 
f 74/74/74 72/72/72 77/77/77 
f 77/77/77 72/72/72 75/75/75 
f 71/71/71 60/60/60 78/78/78 
f 78/78/78 60/60/60 61/61/61 
f 79/79/79 70/70/70 71/71/71 
f 79/79/79 76/76/76 70/70/70 
f 80/80/80 75/75/75 76/76/76 
f 77/77/77 75/75/75 80/80/80 
f 74/74/74 77/77/77 81/81/81 
f 74/74/74 81/81/81 82/82/82 
f 81/81/81 83/83/83 82/82/82 
f 77/77/77 84/84/84 81/81/81 
f 77/77/77 80/80/80 84/84/84 
f 81/81/81 85/85/85 83/83/83 
f 84/84/84 85/85/85 81/81/81 
f 85/85/85 86/86/86 83/83/83 
f 80/80/80 76/76/76 87/87/87 
f 87/87/87 76/76/76 79/79/79 
f 88/88/88 79/79/79 71/71/71 
f 88/88/88 71/71/71 78/78/78 
f 80/80/80 89/89/89 84/84/84 
f 80/80/80 87/87/87 89/89/89 
f 84/84/84 90/90/90 85/85/85 
f 89/89/89 90/90/90 84/84/84 
f 85/85/85 91/91/91 86/86/86 
f 90/90/90 91/91/91 85/85/85 
f 87/87/87 79/79/79 92/92/92 
f 92/92/92 79/79/79 88/88/88 
f 87/87/87 93/93/93 89/89/89 
f 87/87/87 92/92/92 93/93/93 
f 89/89/89 94/94/94 90/90/90 
f 93/93/93 94/94/94 89/89/89 
f 86/86/86 91/91/91 95/95/95 
f 86/86/86 95/95/95 96/96/96 
f 95/95/95 97/97/97 96/96/96 
f 90/90/90 98/98/98 91/91/91 
f 94/94/94 98/98/98 90/90/90 
f 91/91/91 99/99/99 95/95/95 
f 91/91/91 98/98/98 99/99/99 
f 95/95/95 100/100/100 97/97/97 
f 99/99/99 100/100/100 95/95/95 
f 100/100/100 101/101/101 97/97/97 
f 92/92/92 102/102/102 93/93/93 
f 93/93/93 103/103/103 94/94/94 
f 102/102/102 103/103/103 93/93/93 
f 94/94/94 104/104/104 98/98/98 
f 103/103/103 104/104/104 94/94/94 
f 98/98/98 105/105/105 99/99/99 
f 98/98/98 104/104/104 105/105/105 
f 99/99/99 106/106/106 100/100/100 
f 105/105/105 106/106/106 99/99/99 
f 100/100/100 107/107/107 101/101/101 
f 106/106/106 107/107/107 100/100/100 
f 92/92/92 108/108/108 102/102/102 
f 92/92/92 88/88/88 108/108/108 
f 101/101/101 107/107/107 109/109/109 
f 101/101/101 109/109/109 110/110/110 
f 109/109/109 111/111/111 110/110/110 
f 109/109/109 112/112/112 111/111/111 
f 112/112/112 113/113/113 111/111/111 
f 107/107/107 114/114/114 109/109/109 
f 114/114/114 112/112/112 109/109/109 
f 106/106/106 115/115/115 107/107/107 
f 107/107/107 115/115/115 114/114/114 
f 108/108/108 88/88/88 116/116/116 
f 116/116/116 88/88/88 78/78/78 
f 117/117/117 115/115/115 106/106/106 
f 105/105/105 117/117/117 106/106/106 
f 116/116/116 78/78/78 118/118/118 
f 78/78/78 61/61/61 118/118/118 
f 119/119/119 117/117/117 105/105/105 
f 104/104/104 119/119/119 105/105/105 
f 118/118/118 61/61/61 120/120/120 
f 55/55/55 120/120/120 61/61/61 
f 104/104/104 121/121/121 119/119/119 
f 103/103/103 121/121/121 104/104/104 
f 55/55/55 122/122/122 120/120/120 
f 54/54/54 122/122/122 55/55/55 
f 123/123/123 121/121/121 103/103/103 
f 102/102/102 123/123/123 103/103/103 
f 124/124/124 122/122/122 54/54/54 
f 53/53/53 124/124/124 54/54/54 
f 125/125/125 123/123/123 102/102/102 
f 108/108/108 125/125/125 102/102/102 
f 126/126/126 124/124/124 53/53/53 
f 53/53/53 52/52/52 126/126/126 
f 108/108/108 127/127/127 125/125/125 
f 108/108/108 116/116/116 127/127/127 
f 126/126/126 52/52/52 128/128/128 
f 56/56/56 128/128/128 52/52/52 
f 129/129/129 128/128/128 56/56/56 
f 129/129/129 56/56/56 57/57/57 
f 126/126/126 128/128/128 130/130/130 
f 130/130/130 128/128/128 129/129/129 
f 126/126/126 131/131/131 124/124/124 
f 130/130/130 131/131/131 126/126/126 
f 127/127/127 116/116/116 132/132/132 
f 132/132/132 116/116/116 118/118/118 
f 133/133/133 129/129/129 57/57/57 
f 59/59/59 133/133/133 57/57/57 
f 134/134/134 124/124/124 131/131/131 
f 124/124/124 134/134/134 122/122/122 
f 122/122/122 134/134/134 135/135/135 
f 122/122/122 135/135/135 120/120/120 
f 118/118/118 120/120/120 136/136/136 
f 132/132/132 118/118/118 136/136/136 
f 136/136/136 120/120/120 135/135/135 
f 134/134/134 131/131/131 137/137/137 
f 137/137/137 135/135/135 134/134/134 
f 138/138/138 133/133/133 59/59/59 
f 138/138/138 59/59/59 139/139/139 
f 140/140/140 138/138/138 139/139/139 
f 140/140/140 141/141/141 138/138/138 
f 142/142/142 141/141/141 140/140/140 
f 143/143/143 133/133/133 138/138/138 
f 141/141/141 143/143/143 138/138/138 
f 142/142/142 144/144/144 141/141/141 
f 145/145/145 144/144/144 142/142/142 
f 137/137/137 131/131/131 146/146/146 
f 130/130/130 146/146/146 131/131/131 
f 143/143/143 147/147/147 133/133/133 
f 133/133/133 147/147/147 129/129/129 
f 130/130/130 129/129/129 148/148/148 
f 148/148/148 129/129/129 147/147/147 
f 149/149/149 146/146/146 130/130/130 
f 149/149/149 130/130/130 148/148/148 
f 148/148/148 147/147/147 150/150/150 
f 150/150/150 147/147/147 143/143/143 
f 150/150/150 149/149/149 148/148/148 
f 141/141/141 151/151/151 143/143/143 
f 144/144/144 151/151/151 141/141/141 
f 145/145/145 152/152/152 144/144/144 
f 153/153/153 152/152/152 145/145/145 
f 154/154/154 146/146/146 149/149/149 
f 137/137/137 146/146/146 154/154/154 
f 150/150/150 143/143/143 155/155/155 
f 151/151/151 155/155/155 143/143/143 
f 144/144/144 156/156/156 151/151/151 
f 152/152/152 156/156/156 144/144/144 
f 153/153/153 157/157/157 152/152/152 
f 158/158/158 157/157/157 153/153/153 
f 151/151/151 159/159/159 155/155/155 
f 156/156/156 159/159/159 151/151/151 
f 160/160/160 150/150/150 155/155/155 
f 159/159/159 160/160/160 155/155/155 
f 150/150/150 161/161/161 149/149/149 
f 160/160/160 161/161/161 150/150/150 
f 152/152/152 162/162/162 156/156/156 
f 157/157/157 162/162/162 152/152/152 
f 158/158/158 163/163/163 157/157/157 
f 164/164/164 163/163/163 158/158/158 
f 156/156/156 165/165/165 159/159/159 
f 162/162/162 165/165/165 156/156/156 
f 166/166/166 149/149/149 161/161/161 
f 154/154/154 149/149/149 166/166/166 
f 157/157/157 167/167/167 162/162/162 
f 163/163/163 167/167/167 157/157/157 
f 164/164/164 168/168/168 163/163/163 
f 169/169/169 168/168/168 164/164/164 
f 166/166/166 161/161/161 170/170/170 
f 170/170/170 161/161/161 160/160/160 
f 159/159/159 171/171/171 160/160/160 
f 165/165/165 171/171/171 159/159/159 
f 162/162/162 172/172/172 165/165/165 
f 167/167/167 172/172/172 162/162/162 
f 163/163/163 173/173/173 167/167/167 
f 168/168/168 173/173/173 163/163/163 
f 169/169/169 174/174/174 168/168/168 
f 175/175/175 174/174/174 169/169/169 
f 170/170/170 176/176/176 166/166/166 
f 176/176/176 154/154/154 166/166/166 
f 165/165/165 177/177/177 171/171/171 
f 172/172/172 177/177/177 165/165/165 
f 167/167/167 178/178/178 172/172/172 
f 173/173/173 178/178/178 167/167/167 
f 168/168/168 179/179/179 173/173/173 
f 174/174/174 179/179/179 168/168/168 
f 172/172/172 180/180/180 177/177/177 
f 178/178/178 180/180/180 172/172/172 
f 173/173/173 181/181/181 178/178/178 
f 179/179/179 181/181/181 173/173/173 
f 178/178/178 182/182/182 180/180/180 
f 181/181/181 182/182/182 178/178/178 
f 177/177/177 183/183/183 171/171/171 
f 180/180/180 184/184/184 177/177/177 
f 177/177/177 184/184/184 183/183/183 
f 182/182/182 185/185/185 180/180/180 
f 180/180/180 185/185/185 184/184/184 
f 171/171/171 183/183/183 186/186/186 
f 171/171/171 186/186/186 160/160/160 
f 170/170/170 160/160/160 186/186/186 
f 179/179/179 187/187/187 181/181/181 
f 181/181/181 188/188/188 182/182/182 
f 187/187/187 188/188/188 181/181/181 
f 182/182/182 189/189/189 185/185/185 
f 188/188/188 189/189/189 182/182/182 
f 190/190/190 187/187/187 179/179/179 
f 174/174/174 190/190/190 179/179/179 
f 191/191/191 190/190/190 174/174/174 
f 175/175/175 191/191/191 174/174/174 
f 192/192/192 191/191/191 175/175/175 
f 192/192/192 175/175/175 193/193/193 
f 194/194/194 192/192/192 193/193/193 
f 194/194/194 195/195/195 192/192/192 
f 196/196/196 195/195/195 194/194/194 
f 197/197/197 191/191/191 192/192/192 
f 195/195/195 197/197/197 192/192/192 
f 191/191/191 198/198/198 190/190/190 
f 197/197/197 198/198/198 191/191/191 
f 190/190/190 199/199/199 187/187/187 
f 199/199/199 190/190/190 198/198/198 
f 200/200/200 198/198/198 197/197/197 
f 199/199/199 198/198/198 200/200/200 
f 199/199/199 201/201/201 187/187/187 
f 187/187/187 201/201/201 188/188/188 
f 200/200/200 202/202/202 199/199/199 
f 199/199/199 202/202/202 201/201/201 
f 201/201/201 203/203/203 188/188/188 
f 188/188/188 203/203/203 189/189/189 
f 202/202/202 204/204/204 201/201/201 
f 201/201/201 204/204/204 203/203/203 
f 195/195/195 205/205/205 197/197/197 
f 200/200/200 197/197/197 206/206/206 
f 206/206/206 197/197/197 205/205/205 
f 207/207/207 205/205/205 195/195/195 
f 196/196/196 207/207/207 195/195/195 
f 208/208/208 207/207/207 196/196/196 
f 208/208/208 196/196/196 209/209/209 
f 210/210/210 208/208/208 209/209/209 
f 210/210/210 211/211/211 208/208/208 
f 212/212/212 211/211/211 210/210/210 
f 213/213/213 207/207/207 208/208/208 
f 211/211/211 213/213/213 208/208/208 
f 207/207/207 214/214/214 205/205/205 
f 213/213/213 214/214/214 207/207/207 
f 206/206/206 205/205/205 215/215/215 
f 215/215/215 205/205/205 214/214/214 
f 216/216/216 200/200/200 206/206/206 
f 215/215/215 216/216/216 206/206/206 
f 212/212/212 217/217/217 211/211/211 
f 218/218/218 217/217/217 212/212/212 
f 215/215/215 214/214/214 219/219/219 
f 219/219/219 214/214/214 213/213/213 
f 211/211/211 220/220/220 213/213/213 
f 217/217/217 220/220/220 211/211/211 
f 218/218/218 221/221/221 217/217/217 
f 222/222/222 221/221/221 218/218/218 
f 216/216/216 223/223/223 200/200/200 
f 200/200/200 223/223/223 202/202/202 
f 224/224/224 202/202/202 223/223/223 
f 202/202/202 224/224/224 204/204/204 
f 224/224/224 223/223/223 225/225/225 
f 225/225/225 223/223/223 216/216/216 
f 204/204/204 224/224/224 226/226/226 
f 225/225/225 226/226/226 224/224/224 
f 220/220/220 227/227/227 213/213/213 
f 219/219/219 213/213/213 227/227/227 
f 217/217/217 228/228/228 220/220/220 
f 221/221/221 228/228/228 217/217/217 
f 220/220/220 229/229/229 227/227/227 
f 228/228/228 229/229/229 220/220/220 
f 204/204/204 226/226/226 230/230/230 
f 203/203/203 204/204/204 230/230/230 
f 231/231/231 219/219/219 227/227/227 
f 229/229/229 231/231/231 227/227/227 
f 203/203/203 230/230/230 232/232/232 
f 189/189/189 203/203/203 232/232/232 
f 189/189/189 232/232/232 233/233/233 
f 185/185/185 189/189/189 233/233/233 
f 185/185/185 233/233/233 234/234/234 
f 184/184/184 185/185/185 234/234/234 
f 184/184/184 234/234/234 235/235/235 
f 183/183/183 184/184/184 235/235/235 
f 183/183/183 235/235/235 236/236/236 
f 186/186/186 183/183/183 236/236/236 
f 186/186/186 236/236/236 237/237/237 
f 237/237/237 170/170/170 186/186/186 
f 237/237/237 238/238/238 170/170/170 
f 170/170/170 238/238/238 176/176/176 
f 239/239/239 232/232/232 230/230/230 
f 240/240/240 233/233/233 232/232/232 
f 240/240/240 232/232/232 239/239/239 
f 241/241/241 234/234/234 233/233/233 
f 241/241/241 233/233/233 240/240/240 
f 242/242/242 235/235/235 234/234/234 
f 242/242/242 234/234/234 241/241/241 
f 243/243/243 236/236/236 235/235/235 
f 243/243/243 235/235/235 242/242/242 
f 244/244/244 237/237/237 236/236/236 
f 244/244/244 236/236/236 243/243/243 
f 245/245/245 238/238/238 237/237/237 
f 245/245/245 237/237/237 244/244/244 
f 246/246/246 176/176/176 238/238/238 
f 246/246/246 238/238/238 245/245/245 
f 247/247/247 241/241/241 240/240/240 
f 248/248/248 242/242/242 241/241/241 
f 247/247/247 248/248/248 241/241/241 
f 249/249/249 243/243/243 242/242/242 
f 248/248/248 249/249/249 242/242/242 
f 250/250/250 244/244/244 243/243/243 
f 249/249/249 250/250/250 243/243/243 
f 251/251/251 247/247/247 240/240/240 
f 251/251/251 240/240/240 239/239/239 
f 252/252/252 245/245/245 244/244/244 
f 253/253/253 246/246/246 245/245/245 
f 253/253/253 245/245/245 252/252/252 
f 250/250/250 254/254/254 244/244/244 
f 252/252/252 244/244/244 254/254/254 
f 255/255/255 254/254/254 250/250/250 
f 255/255/255 252/252/252 254/254/254 
f 256/256/256 250/250/250 249/249/249 
f 255/255/255 250/250/250 256/256/256 
f 256/256/256 249/249/249 257/257/257 
f 257/257/257 249/249/249 248/248/248 
f 258/258/258 248/248/248 247/247/247 
f 257/257/257 248/248/248 258/258/258 
f 258/258/258 247/247/247 259/259/259 
f 259/259/259 247/247/247 251/251/251 
f 260/260/260 246/246/246 253/253/253 
f 252/252/252 261/261/261 253/253/253 
f 261/261/261 260/260/260 253/253/253 
f 255/255/255 262/262/262 252/252/252 
f 252/252/252 262/262/262 261/261/261 
f 260/260/260 263/263/263 246/246/246 
f 263/263/263 176/176/176 246/246/246 
f 263/263/263 264/264/264 176/176/176 
f 176/176/176 264/264/264 154/154/154 
f 154/154/154 264/264/264 265/265/265 
f 154/154/154 265/265/265 137/137/137 
f 137/137/137 265/265/265 135/135/135 
f 266/266/266 264/264/264 263/263/263 
f 266/266/266 265/265/265 264/264/264 
f 267/267/267 135/135/135 265/265/265 
f 267/267/267 265/265/265 266/266/266 
f 136/136/136 135/135/135 267/267/267 
f 268/268/268 136/136/136 267/267/267 
f 268/268/268 267/267/267 266/266/266 
f 268/268/268 132/132/132 136/136/136 
f 269/269/269 266/266/266 263/263/263 
f 269/269/269 263/263/263 260/260/260 
f 268/268/268 266/266/266 269/269/269 
f 270/270/270 132/132/132 268/268/268 
f 127/127/127 132/132/132 270/270/270 
f 269/269/269 271/271/271 268/268/268 
f 270/270/270 268/268/268 271/271/271 
f 260/260/260 272/272/272 269/269/269 
f 269/269/269 272/272/272 271/271/271 
f 127/127/127 270/270/270 273/273/273 
f 127/127/127 273/273/273 125/125/125 
f 270/270/270 271/271/271 274/274/274 
f 274/274/274 271/271/271 272/272/272 
f 270/270/270 274/274/274 273/273/273 
f 260/260/260 275/275/275 272/272/272 
f 261/261/261 275/275/275 260/260/260 
f 273/273/273 276/276/276 125/125/125 
f 125/125/125 276/276/276 123/123/123 
f 277/277/277 272/272/272 275/275/275 
f 274/274/274 272/272/272 277/277/277 
f 278/278/278 275/275/275 261/261/261 
f 277/277/277 275/275/275 278/278/278 
f 274/274/274 279/279/279 273/273/273 
f 273/273/273 279/279/279 276/276/276 
f 276/276/276 280/280/280 123/123/123 
f 123/123/123 280/280/280 121/121/121 
f 281/281/281 274/274/274 277/277/277 
f 274/274/274 281/281/281 279/279/279 
f 279/279/279 282/282/282 276/276/276 
f 276/276/276 282/282/282 280/280/280 
f 121/121/121 280/280/280 283/283/283 
f 121/121/121 283/283/283 119/119/119 
f 278/278/278 261/261/261 284/284/284 
f 284/284/284 261/261/261 262/262/262 
f 285/285/285 277/277/277 278/278/278 
f 281/281/281 277/277/277 285/285/285 
f 281/281/281 286/286/286 279/279/279 
f 279/279/279 286/286/286 282/282/282 
f 280/280/280 282/282/282 287/287/287 
f 280/280/280 287/287/287 283/283/283 
f 283/283/283 288/288/288 119/119/119 
f 119/119/119 288/288/288 117/117/117 
f 289/289/289 278/278/278 284/284/284 
f 285/285/285 278/278/278 289/289/289 
f 285/285/285 290/290/290 281/281/281 
f 281/281/281 290/290/290 286/286/286 
f 282/282/282 286/286/286 291/291/291 
f 282/282/282 291/291/291 287/287/287 
f 287/287/287 292/292/292 283/283/283 
f 283/283/283 292/292/292 288/288/288 
f 288/288/288 293/293/293 117/117/117 
f 117/117/117 293/293/293 115/115/115 
f 285/285/285 294/294/294 290/290/290 
f 289/289/289 294/294/294 285/285/285 
f 286/286/286 290/290/290 295/295/295 
f 286/286/286 295/295/295 291/291/291 
f 295/295/295 290/290/290 294/294/294 
f 291/291/291 296/296/296 287/287/287 
f 287/287/287 296/296/296 292/292/292 
f 292/292/292 297/297/297 288/288/288 
f 288/288/288 297/297/297 293/293/293 
f 115/115/115 293/293/293 298/298/298 
f 115/115/115 298/298/298 114/114/114 
f 295/295/295 299/299/299 291/291/291 
f 291/291/291 299/299/299 296/296/296 
f 296/296/296 300/300/300 292/292/292 
f 292/292/292 300/300/300 297/297/297 
f 293/293/293 297/297/297 301/301/301 
f 293/293/293 301/301/301 298/298/298 
f 298/298/298 302/302/302 114/114/114 
f 114/114/114 302/302/302 112/112/112 
f 299/299/299 303/303/303 296/296/296 
f 296/296/296 303/303/303 300/300/300 
f 297/297/297 300/300/300 304/304/304 
f 297/297/297 304/304/304 301/301/301 
f 301/301/301 305/305/305 298/298/298 
f 298/298/298 305/305/305 302/302/302 
f 300/300/300 303/303/303 306/306/306 
f 300/300/300 306/306/306 304/304/304 
f 304/304/304 307/307/307 301/301/301 
f 301/301/301 307/307/307 305/305/305 
f 306/306/306 308/308/308 304/304/304 
f 304/304/304 308/308/308 307/307/307 
f 112/112/112 302/302/302 309/309/309 
f 302/302/302 305/305/305 310/310/310 
f 302/302/302 310/310/310 309/309/309 
f 305/305/305 307/307/307 311/311/311 
f 305/305/305 311/311/311 310/310/310 
f 307/307/307 308/308/308 312/312/312 
f 307/307/307 312/312/312 311/311/311 
f 112/112/112 309/309/309 313/313/313 
f 112/112/112 313/313/313 113/113/113 
f 113/113/113 313/313/313 314/314/314 
f 113/113/113 314/314/314 315/315/315 
f 313/313/313 309/309/309 316/316/316 
f 313/313/313 316/316/316 314/314/314 
f 309/309/309 310/310/310 317/317/317 
f 309/309/309 317/317/317 316/316/316 
f 310/310/310 311/311/311 318/318/318 
f 310/310/310 318/318/318 317/317/317 
f 319/319/319 315/315/315 314/314/314 
f 319/319/319 320/320/320 315/315/315 
f 319/319/319 321/321/321 320/320/320 
f 322/322/322 314/314/314 316/316/316 
f 322/322/322 319/319/319 314/314/314 
f 323/323/323 316/316/316 317/317/317 
f 323/323/323 322/322/322 316/316/316 
f 319/319/319 324/324/324 321/321/321 
f 322/322/322 324/324/324 319/319/319 
f 311/311/311 325/325/325 318/318/318 
f 311/311/311 312/312/312 325/325/325 
f 326/326/326 317/317/317 318/318/318 
f 326/326/326 323/323/323 317/317/317 
f 323/323/323 327/327/327 322/322/322 
f 322/322/322 327/327/327 324/324/324 
f 321/321/321 324/324/324 328/328/328 
f 321/321/321 328/328/328 329/329/329 
f 328/328/328 330/330/330 329/329/329 
f 324/324/324 331/331/331 328/328/328 
f 324/324/324 327/327/327 331/331/331 
f 323/323/323 332/332/332 327/327/327 
f 326/326/326 332/332/332 323/323/323 
f 333/333/333 326/326/326 318/318/318 
f 333/333/333 318/318/318 325/325/325 
f 328/328/328 334/334/334 330/330/330 
f 334/334/334 328/328/328 331/331/331 
f 327/327/327 335/335/335 331/331/331 
f 327/327/327 332/332/332 335/335/335 
f 326/326/326 336/336/336 332/332/332 
f 333/333/333 336/336/336 326/326/326 
f 330/330/330 334/334/334 337/337/337 
f 330/330/330 337/337/337 338/338/338 
f 334/334/334 331/331/331 339/339/339 
f 339/339/339 331/331/331 335/335/335 
f 332/332/332 340/340/340 335/335/335 
f 332/332/332 336/336/336 340/340/340 
f 334/334/334 341/341/341 337/337/337 
f 334/334/334 339/339/339 341/341/341 
f 339/339/339 342/342/342 341/341/341 
f 339/339/339 335/335/335 343/343/343 
f 339/339/339 343/343/343 342/342/342 
f 343/343/343 335/335/335 340/340/340 
f 343/343/343 344/344/344 342/342/342 
f 343/343/343 345/345/345 344/344/344 
f 343/343/343 340/340/340 345/345/345 
f 345/345/345 346/346/346 344/344/344 
f 336/336/336 347/347/347 340/340/340 
f 345/345/345 340/340/340 347/347/347 
f 345/345/345 348/348/348 346/346/346 
f 345/345/345 347/347/347 348/348/348 
f 348/348/348 349/349/349 346/346/346 
f 336/336/336 350/350/350 347/347/347 
f 333/333/333 350/350/350 336/336/336 
f 348/348/348 347/347/347 351/351/351 
f 350/350/350 351/351/351 347/347/347 
f 348/348/348 352/352/352 349/349/349 
f 348/348/348 351/351/351 352/352/352 
f 352/352/352 353/353/353 349/349/349 
f 354/354/354 350/350/350 333/333/333 
f 354/354/354 333/333/333 325/325/325 
f 350/350/350 355/355/355 351/351/351 
f 354/354/354 355/355/355 350/350/350 
f 352/352/352 351/351/351 356/356/356 
f 355/355/355 356/356/356 351/351/351 
f 352/352/352 357/357/357 353/353/353 
f 352/352/352 356/356/356 357/357/357 
f 357/357/357 358/358/358 353/353/353 
f 354/354/354 325/325/325 359/359/359 
f 312/312/312 359/359/359 325/325/325 
f 312/312/312 360/360/360 359/359/359 
f 308/308/308 360/360/360 312/312/312 
f 361/361/361 354/354/354 359/359/359 
f 360/360/360 361/361/361 359/359/359 
f 362/362/362 355/355/355 354/354/354 
f 361/361/361 362/362/362 354/354/354 
f 355/355/355 363/363/363 356/356/356 
f 362/362/362 363/363/363 355/355/355 
f 357/357/357 356/356/356 364/364/364 
f 363/363/363 364/364/364 356/356/356 
f 357/357/357 365/365/365 358/358/358 
f 357/357/357 364/364/364 365/365/365 
f 366/366/366 358/358/358 365/365/365 
f 366/366/366 367/367/367 358/358/358 
f 308/308/308 368/368/368 360/360/360 
f 306/306/306 368/368/368 308/308/308 
f 369/369/369 368/368/368 306/306/306 
f 303/303/303 369/369/369 306/306/306 
f 370/370/370 360/360/360 368/368/368 
f 369/369/369 370/370/370 368/368/368 
f 303/303/303 371/371/371 369/369/369 
f 299/299/299 371/371/371 303/303/303 
f 365/365/365 364/364/364 372/372/372 
f 365/365/365 372/372/372 366/366/366 
f 373/373/373 367/367/367 366/366/366 
f 373/373/373 374/374/374 367/367/367 
f 375/375/375 374/374/374 373/373/373 
f 370/370/370 376/376/376 360/360/360 
f 360/360/360 376/376/376 361/361/361 
f 377/377/377 370/370/370 369/369/369 
f 371/371/371 377/377/377 369/369/369 
f 366/366/366 372/372/372 378/378/378 
f 366/366/366 378/378/378 373/373/373 
f 375/375/375 373/373/373 379/379/379 
f 380/380/380 375/375/375 379/379/379 
f 373/373/373 378/378/378 381/381/381 
f 373/373/373 381/381/381 379/379/379 
f 382/382/382 378/378/378 372/372/372 
f 381/381/381 378/378/378 382/382/382 
f 380/380/380 379/379/379 383/383/383 
f 384/384/384 380/380/380 383/383/383 
f 385/385/385 376/376/376 370/370/370 
f 377/377/377 385/385/385 370/370/370 
f 382/382/382 372/372/372 386/386/386 
f 386/386/386 372/372/372 364/364/364 
f 379/379/379 381/381/381 387/387/387 
f 379/379/379 387/387/387 383/383/383 
f 384/384/384 383/383/383 388/388/388 
f 388/388/388 389/389/389 384/384/384 
f 383/383/383 387/387/387 390/390/390 
f 383/383/383 390/390/390 388/388/388 
f 391/391/391 387/387/387 381/381/381 
f 390/390/390 387/387/387 391/391/391 
f 388/388/388 392/392/392 389/389/389 
f 392/392/392 393/393/393 389/389/389 
f 388/388/388 390/390/390 394/394/394 
f 388/388/388 394/394/394 392/392/392 
f 392/392/392 395/395/395 393/393/393 
f 395/395/395 396/396/396 393/393/393 
f 391/391/391 381/381/381 397/397/397 
f 381/381/381 382/382/382 397/397/397 
f 390/390/390 391/391/391 398/398/398 
f 398/398/398 394/394/394 390/390/390 
f 392/392/392 394/394/394 399/399/399 
f 392/392/392 399/399/399 395/395/395 
f 395/395/395 400/400/400 396/396/396 
f 400/400/400 401/401/401 396/396/396 
f 398/398/398 402/402/402 394/394/394 
f 402/402/402 399/399/399 394/394/394 
f 395/395/395 399/399/399 403/403/403 
f 395/395/395 403/403/403 400/400/400 
f 400/400/400 404/404/404 401/401/401 
f 404/404/404 405/405/405 401/401/401 
f 402/402/402 406/406/406 399/399/399 
f 406/406/406 403/403/403 399/399/399 
f 400/400/400 403/403/403 407/407/407 
f 400/400/400 407/407/407 404/404/404 
f 404/404/404 408/408/408 405/405/405 
f 408/408/408 409/409/409 405/405/405 
f 406/406/406 410/410/410 403/403/403 
f 410/410/410 407/407/407 403/403/403 
f 404/404/404 407/407/407 411/411/411 
f 404/404/404 411/411/411 408/408/408 
f 408/408/408 412/412/412 409/409/409 
f 412/412/412 413/413/413 409/409/409 
f 410/410/410 414/414/414 407/407/407 
f 414/414/414 411/411/411 407/407/407 
f 408/408/408 411/411/411 415/415/415 
f 408/408/408 415/415/415 412/412/412 
f 412/412/412 416/416/416 413/413/413 
f 417/417/417 413/413/413 416/416/416 
f 414/414/414 418/418/418 411/411/411 
f 418/418/418 415/415/415 411/411/411 
f 412/412/412 415/415/415 419/419/419 
f 412/412/412 419/419/419 416/416/416 
f 417/417/417 416/416/416 420/420/420 
f 421/421/421 417/417/417 420/420/420 
f 418/418/418 422/422/422 415/415/415 
f 422/422/422 419/419/419 415/415/415 
f 416/416/416 423/423/423 420/420/420 
f 416/416/416 419/419/419 423/423/423 
f 424/424/424 414/414/414 410/410/410 
f 425/425/425 418/418/418 414/414/414 
f 425/425/425 414/414/414 424/424/424 
f 426/426/426 422/422/422 418/418/418 
f 426/426/426 418/418/418 425/425/425 
f 424/424/424 410/410/410 427/427/427 
f 427/427/427 410/410/410 406/406/406 
f 427/427/427 406/406/406 428/428/428 
f 428/428/428 406/406/406 402/402/402 
f 424/424/424 427/427/427 429/429/429 
f 429/429/429 427/427/427 428/428/428 
f 425/425/425 424/424/424 430/430/430 
f 424/424/424 429/429/429 430/430/430 
f 428/428/428 402/402/402 431/431/431 
f 431/431/431 402/402/402 398/398/398 
f 426/426/426 425/425/425 432/432/432 
f 425/425/425 430/430/430 432/432/432 
f 429/429/429 428/428/428 433/433/433 
f 433/433/433 428/428/428 431/431/431 
f 431/431/431 398/398/398 434/434/434 
f 391/391/391 434/434/434 398/398/398 
f 433/433/433 431/431/431 435/435/435 
f 435/435/435 431/431/431 434/434/434 
f 391/391/391 436/436/436 434/434/434 
f 397/397/397 436/436/436 391/391/391 
f 435/435/435 434/434/434 437/437/437 
f 436/436/436 437/437/437 434/434/434 
f 397/397/397 438/438/438 436/436/436 
f 382/382/382 438/438/438 397/397/397 
f 436/436/436 439/439/439 437/437/437 
f 438/438/438 439/439/439 436/436/436 
f 382/382/382 440/440/440 438/438/438 
f 386/386/386 440/440/440 382/382/382 
f 438/438/438 441/441/441 439/439/439 
f 440/440/440 441/441/441 438/438/438 
f 437/437/437 439/439/439 442/442/442 
f 442/442/442 439/439/439 441/441/441 
f 443/443/443 435/435/435 437/437/437 
f 437/437/437 442/442/442 443/443/443 
f 444/444/444 433/433/433 435/435/435 
f 443/443/443 444/444/444 435/435/435 
f 444/444/444 445/445/445 433/433/433 
f 445/445/445 429/429/429 433/433/433 
f 445/445/445 446/446/446 429/429/429 
f 446/446/446 430/430/430 429/429/429 
f 446/446/446 447/447/447 430/430/430 
f 447/447/447 432/432/432 430/430/430 
f 448/448/448 444/444/444 443/443/443 
f 449/449/449 445/445/445 444/444/444 
f 449/449/449 444/444/444 448/448/448 
f 450/450/450 446/446/446 445/445/445 
f 450/450/450 445/445/445 449/449/449 
f 451/451/451 447/447/447 446/446/446 
f 451/451/451 446/446/446 450/450/450 
f 447/447/447 452/452/452 432/432/432 
f 451/451/451 452/452/452 447/447/447 
f 442/442/442 453/453/453 443/443/443 
f 448/448/448 443/443/443 453/453/453 
f 452/452/452 454/454/454 432/432/432 
f 426/426/426 432/432/432 454/454/454 
f 455/455/455 426/426/426 454/454/454 
f 455/455/455 422/422/422 426/426/426 
f 455/455/455 456/456/456 422/422/422 
f 422/422/422 456/456/456 419/419/419 
f 457/457/457 419/419/419 456/456/456 
f 457/457/457 423/423/423 419/419/419 
f 456/456/456 455/455/455 458/458/458 
f 456/456/456 458/458/458 457/457/457 
f 459/459/459 423/423/423 457/457/457 
f 420/420/420 423/423/423 459/459/459 
f 420/420/420 459/459/459 460/460/460 
f 421/421/421 420/420/420 460/460/460 
f 461/461/461 421/421/421 460/460/460 
f 461/461/461 462/462/462 421/421/421 
f 460/460/460 459/459/459 463/463/463 
f 460/460/460 463/463/463 461/461/461 
f 464/464/464 462/462/462 461/461/461 
f 464/464/464 465/465/465 462/462/462 
f 466/466/466 465/465/465 464/464/464 
f 461/461/461 463/463/463 467/467/467 
f 461/461/461 467/467/467 464/464/464 
f 466/466/466 464/464/464 468/468/468 
f 468/468/468 469/469/469 466/466/466 
f 464/464/464 467/467/467 470/470/470 
f 464/464/464 470/470/470 468/468/468 
f 471/471/471 467/467/467 463/463/463 
f 470/470/470 467/467/467 471/471/471 
f 472/472/472 463/463/463 459/459/459 
f 471/471/471 463/463/463 472/472/472 
f 468/468/468 473/473/473 469/469/469 
f 473/473/473 474/474/474 469/469/469 
f 468/468/468 470/470/470 475/475/475 
f 468/468/468 475/475/475 473/473/473 
f 473/473/473 476/476/476 474/474/474 
f 476/476/476 477/477/477 474/474/474 
f 472/472/472 459/459/459 478/478/478 
f 459/459/459 457/457/457 478/478/478 
f 457/457/457 479/479/479 478/478/478 
f 457/457/457 458/458/458 479/479/479 
f 478/478/478 480/480/480 472/472/472 
f 478/478/478 479/479/479 480/480/480 
f 481/481/481 475/475/475 470/470/470 
f 470/470/470 471/471/471 481/481/481 
f 473/473/473 475/475/475 482/482/482 
f 473/473/473 482/482/482 476/476/476 
f 476/476/476 483/483/483 477/477/477 
f 483/483/483 484/484/484 477/477/477 
f 472/472/472 485/485/485 471/471/471 
f 472/472/472 480/480/480 485/485/485 
f 481/481/481 486/486/486 475/475/475 
f 486/486/486 482/482/482 475/475/475 
f 476/476/476 482/482/482 487/487/487 
f 476/476/476 487/487/487 483/483/483 
f 483/483/483 488/488/488 484/484/484 
f 488/488/488 489/489/489 484/484/484 
f 471/471/471 490/490/490 481/481/481 
f 471/471/471 485/485/485 490/490/490 
f 491/491/491 481/481/481 490/490/490 
f 491/491/491 486/486/486 481/481/481 
f 486/486/486 492/492/492 482/482/482 
f 492/492/492 487/487/487 482/482/482 
f 483/483/483 487/487/487 493/493/493 
f 483/483/483 493/493/493 488/488/488 
f 488/488/488 494/494/494 489/489/489 
f 494/494/494 495/495/495 489/489/489 
f 485/485/485 496/496/496 490/490/490 
f 491/491/491 490/490/490 496/496/496 
f 497/497/497 486/486/486 491/491/491 
f 497/497/497 492/492/492 486/486/486 
f 492/492/492 498/498/498 487/487/487 
f 498/498/498 493/493/493 487/487/487 
f 488/488/488 493/493/493 499/499/499 
f 488/488/488 499/499/499 494/494/494 
f 494/494/494 500/500/500 495/495/495 
f 500/500/500 501/501/501 495/495/495 
f 500/500/500 502/502/502 501/501/501 
f 500/500/500 503/503/503 502/502/502 
f 494/494/494 504/504/504 500/500/500 
f 500/500/500 504/504/504 503/503/503 
f 494/494/494 499/499/499 504/504/504 
f 505/505/505 499/499/499 493/493/493 
f 498/498/498 505/505/505 493/493/493 
f 506/506/506 498/498/498 492/492/492 
f 506/506/506 492/492/492 497/497/497 
f 507/507/507 503/503/503 504/504/504 
f 507/507/507 508/508/508 503/503/503 
f 509/509/509 508/508/508 507/507/507 
f 510/510/510 504/504/504 499/499/499 
f 510/510/510 507/507/507 504/504/504 
f 505/505/505 510/510/510 499/499/499 
f 509/509/509 507/507/507 511/511/511 
f 511/511/511 507/507/507 510/510/510 
f 512/512/512 509/509/509 511/511/511 
f 513/513/513 505/505/505 498/498/498 
f 513/513/513 498/498/498 506/506/506 
f 514/514/514 510/510/510 505/505/505 
f 511/511/511 510/510/510 514/514/514 
f 514/514/514 505/505/505 513/513/513 
f 512/512/512 511/511/511 515/515/515 
f 515/515/515 511/511/511 514/514/514 
f 516/516/516 514/514/514 513/513/513 
f 515/515/515 514/514/514 516/516/516 
f 517/517/517 513/513/513 506/506/506 
f 516/516/516 513/513/513 517/517/517 
f 518/518/518 512/512/512 515/515/515 
f 518/518/518 519/519/519 512/512/512 
f 520/520/520 519/519/519 518/518/518 
f 521/521/521 515/515/515 516/516/516 
f 521/521/521 518/518/518 515/515/515 
f 520/520/520 518/518/518 522/522/522 
f 522/522/522 518/518/518 521/521/521 
f 523/523/523 520/520/520 522/522/522 
f 524/524/524 521/521/521 516/516/516 
f 524/524/524 516/516/516 517/517/517 
f 517/517/517 506/506/506 525/525/525 
f 525/525/525 506/506/506 497/497/497 
f 522/522/522 521/521/521 526/526/526 
f 526/526/526 521/521/521 524/524/524 
f 523/523/523 522/522/522 527/527/527 
f 527/527/527 522/522/522 526/526/526 
f 528/528/528 524/524/524 517/517/517 
f 528/528/528 517/517/517 525/525/525 
f 526/526/526 524/524/524 529/529/529 
f 529/529/529 524/524/524 528/528/528 
f 530/530/530 523/523/523 527/527/527 
f 530/530/530 531/531/531 523/523/523 
f 532/532/532 531/531/531 530/530/530 
f 527/527/527 526/526/526 533/533/533 
f 533/533/533 526/526/526 529/529/529 
f 532/532/532 530/530/530 534/534/534 
f 535/535/535 532/532/532 534/534/534 
f 536/536/536 530/530/530 527/527/527 
f 536/536/536 527/527/527 533/533/533 
f 534/534/534 530/530/530 536/536/536 
f 537/537/537 528/528/528 525/525/525 
f 529/529/529 528/528/528 538/538/538 
f 538/538/538 528/528/528 537/537/537 
f 533/533/533 529/529/529 539/539/539 
f 539/539/539 529/529/529 538/538/538 
f 540/540/540 536/536/536 533/533/533 
f 540/540/540 533/533/533 539/539/539 
f 534/534/534 536/536/536 541/541/541 
f 541/541/541 536/536/536 540/540/540 
f 535/535/535 534/534/534 542/542/542 
f 542/542/542 534/534/534 541/541/541 
f 537/537/537 525/525/525 543/543/543 
f 525/525/525 497/497/497 543/543/543 
f 497/497/497 544/544/544 543/543/543 
f 497/497/497 491/491/491 544/544/544 
f 491/491/491 496/496/496 544/544/544 
f 545/545/545 543/543/543 544/544/544 
f 545/545/545 537/537/537 543/543/543 
f 546/546/546 535/535/535 542/542/542 
f 546/546/546 547/547/547 535/535/535 
f 548/548/548 547/547/547 546/546/546 
f 548/548/548 546/546/546 549/549/549 
f 550/550/550 548/548/548 549/549/549 
f 551/551/551 546/546/546 542/542/542 
f 549/549/549 546/546/546 551/551/551 
f 552/552/552 544/544/544 496/496/496 
f 552/552/552 545/545/545 544/544/544 
f 553/553/553 545/545/545 552/552/552 
f 554/554/554 537/537/537 545/545/545 
f 553/553/553 554/554/554 545/545/545 
f 496/496/496 555/555/555 552/552/552 
f 555/555/555 553/553/553 552/552/552 
f 551/551/551 542/542/542 556/556/556 
f 542/542/542 541/541/541 556/556/556 
f 554/554/554 557/557/557 537/537/537 
f 538/538/538 537/537/537 557/557/557 
f 558/558/558 538/538/538 557/557/557 
f 539/539/539 538/538/538 558/558/558 
f 559/559/559 557/557/557 554/554/554 
f 558/558/558 557/557/557 559/559/559 
f 560/560/560 539/539/539 558/558/558 
f 560/560/560 540/540/540 539/539/539 
f 541/541/541 540/540/540 561/561/561 
f 556/556/556 541/541/541 561/561/561 
f 561/561/561 540/540/540 560/560/560 
f 562/562/562 560/560/560 558/558/558 
f 562/562/562 558/558/558 559/559/559 
f 559/559/559 554/554/554 563/563/563 
f 563/563/563 554/554/554 553/553/553 
f 561/561/561 560/560/560 564/564/564 
f 564/564/564 560/560/560 562/562/562 
f 556/556/556 561/561/561 565/565/565 
f 565/565/565 561/561/561 564/564/564 
f 566/566/566 562/562/562 559/559/559 
f 566/566/566 559/559/559 563/563/563 
f 567/567/567 566/566/566 563/563/563 
f 564/564/564 562/562/562 568/568/568 
f 568/568/568 562/562/562 566/566/566 
f 563/563/563 553/553/553 569/569/569 
f 567/567/567 563/563/563 569/569/569 
f 553/553/553 570/570/570 569/569/569 
f 570/570/570 567/567/567 569/569/569 
f 571/571/571 556/556/556 565/565/565 
f 571/571/571 551/551/551 556/556/556 
f 565/565/565 564/564/564 572/572/572 
f 572/572/572 564/564/564 568/568/568 
f 568/568/568 566/566/566 573/573/573 
f 573/573/573 566/566/566 567/567/567 
f 553/553/553 574/574/574 570/570/570 
f 555/555/555 574/574/574 553/553/553 
f 575/575/575 571/571/571 565/565/565 
f 575/575/575 565/565/565 572/572/572 
f 576/576/576 551/551/551 571/571/571 
f 549/549/549 551/551/551 576/576/576 
f 572/572/572 568/568/568 577/577/577 
f 577/577/577 568/568/568 573/573/573 
f 578/578/578 575/575/575 572/572/572 
f 578/578/578 572/572/572 577/577/577 
f 579/579/579 571/571/571 575/575/575 
f 576/576/576 571/571/571 579/579/579 
f 580/580/580 549/549/549 576/576/576 
f 550/550/550 549/549/549 580/580/580 
f 581/581/581 575/575/575 578/578/578 
f 579/579/579 575/575/575 581/581/581 
f 582/582/582 576/576/576 579/579/579 
f 580/580/580 576/576/576 582/582/582 
f 583/583/583 550/550/550 580/580/580 
f 583/583/583 584/584/584 550/550/550 
f 583/583/583 585/585/585 584/584/584 
f 586/586/586 583/583/583 580/580/580 
f 586/586/586 580/580/580 582/582/582 
f 582/582/582 579/579/579 587/587/587 
f 587/587/587 579/579/579 581/581/581 
f 583/583/583 588/588/588 585/585/585 
f 586/586/586 588/588/588 583/583/583 
f 589/589/589 586/586/586 582/582/582 
f 589/589/589 582/582/582 587/587/587 
f 585/585/585 588/588/588 590/590/590 
f 585/585/585 590/590/590 591/591/591 
f 590/590/590 592/592/592 591/591/591 
f 586/586/586 593/593/593 588/588/588 
f 589/589/589 593/593/593 586/586/586 
f 588/588/588 594/594/594 590/590/590 
f 588/588/588 593/593/593 594/594/594 
f 590/590/590 595/595/595 592/592/592 
f 594/594/594 595/595/595 590/590/590 
f 596/596/596 592/592/592 595/595/595 
f 596/596/596 597/597/597 592/592/592 
f 598/598/598 597/597/597 596/596/596 
f 598/598/598 596/596/596 599/599/599 
f 600/600/600 598/598/598 599/599/599 
f 601/601/601 596/596/596 595/595/595 
f 599/599/599 596/596/596 601/601/601 
f 594/594/594 602/602/602 595/595/595 
f 601/601/601 595/595/595 602/602/602 
f 593/593/593 603/603/603 594/594/594 
f 603/603/603 602/602/602 594/594/594 
f 589/589/589 604/604/604 593/593/593 
f 593/593/593 604/604/604 603/603/603 
f 600/600/600 599/599/599 605/605/605 
f 606/606/606 600/600/600 605/605/605 
f 599/599/599 601/601/601 607/607/607 
f 605/605/605 599/599/599 607/607/607 
f 608/608/608 601/601/601 602/602/602 
f 607/607/607 601/601/601 608/608/608 
f 603/603/603 609/609/609 602/602/602 
f 608/608/608 602/602/602 609/609/609 
f 606/606/606 605/605/605 610/610/610 
f 611/611/611 606/606/606 610/610/610 
f 605/605/605 607/607/607 612/612/612 
f 610/610/610 605/605/605 612/612/612 
f 607/607/607 608/608/608 613/613/613 
f 612/612/612 607/607/607 613/613/613 
f 611/611/611 610/610/610 614/614/614 
f 615/615/615 611/611/611 614/614/614 
f 615/615/615 614/614/614 616/616/616 
f 610/610/610 612/612/612 617/617/617 
f 614/614/614 610/610/610 617/617/617 
f 616/616/616 614/614/614 618/618/618 
f 614/614/614 617/617/617 618/618/618 
f 616/616/616 618/618/618 619/619/619 
f 617/617/617 612/612/612 620/620/620 
f 612/612/612 613/613/613 620/620/620 
f 613/613/613 608/608/608 621/621/621 
f 621/621/621 608/608/608 609/609/609 
f 619/619/619 618/618/618 622/622/622 
f 619/619/619 622/622/622 222/222/222 
f 222/222/222 622/622/622 221/221/221 
f 618/618/618 617/617/617 623/623/623 
f 618/618/618 623/623/623 622/622/622 
f 617/617/617 620/620/620 623/623/623 
f 622/622/622 624/624/624 221/221/221 
f 622/622/622 623/623/623 624/624/624 
f 221/221/221 624/624/624 228/228/228 
f 620/620/620 613/613/613 625/625/625 
f 613/613/613 621/621/621 625/625/625 
f 623/623/623 620/620/620 626/626/626 
f 623/623/623 626/626/626 624/624/624 
f 620/620/620 625/625/625 626/626/626 
f 624/624/624 627/627/627 228/228/228 
f 624/624/624 626/626/626 627/627/627 
f 228/228/228 627/627/627 229/229/229 
f 626/626/626 625/625/625 628/628/628 
f 626/626/626 628/628/628 627/627/627 
f 627/627/627 629/629/629 229/229/229 
f 627/627/627 628/628/628 629/629/629 
f 229/229/229 629/629/629 231/231/231 
f 625/625/625 621/621/621 630/630/630 
f 625/625/625 630/630/630 628/628/628 
f 628/628/628 631/631/631 629/629/629 
f 628/628/628 630/630/630 631/631/631 
f 630/630/630 621/621/621 632/632/632 
f 621/621/621 609/609/609 632/632/632 
f 629/629/629 633/633/633 231/231/231 
f 629/629/629 631/631/631 633/633/633 
f 631/631/631 630/630/630 634/634/634 
f 630/630/630 632/632/632 634/634/634 
f 635/635/635 632/632/632 609/609/609 
f 635/635/635 609/609/609 603/603/603 
f 604/604/604 635/635/635 603/603/603 
f 636/636/636 632/632/632 635/635/635 
f 636/636/636 634/634/634 632/632/632 
f 631/631/631 634/634/634 637/637/637 
f 633/633/633 631/631/631 637/637/637 
f 604/604/604 638/638/638 635/635/635 
f 638/638/638 636/636/636 635/635/635 
f 639/639/639 634/634/634 636/636/636 
f 639/639/639 637/637/637 634/634/634 
f 640/640/640 638/638/638 604/604/604 
f 640/640/640 604/604/604 589/589/589 
f 640/640/640 589/589/589 587/587/587 
f 638/638/638 641/641/641 636/636/636 
f 641/641/641 639/639/639 636/636/636 
f 640/640/640 587/587/587 642/642/642 
f 587/587/587 581/581/581 642/642/642 
f 643/643/643 638/638/638 640/640/640 
f 643/643/643 641/641/641 638/638/638 
f 643/643/643 640/640/640 642/642/642 
f 642/642/642 581/581/581 644/644/644 
f 581/581/581 578/578/578 644/644/644 
f 643/643/643 642/642/642 645/645/645 
f 642/642/642 644/644/644 645/645/645 
f 646/646/646 641/641/641 643/643/643 
f 646/646/646 643/643/643 645/645/645 
f 641/641/641 647/647/647 639/639/639 
f 646/646/646 647/647/647 641/641/641 
f 648/648/648 647/647/647 646/646/646 
f 644/644/644 578/578/578 649/649/649 
f 649/649/649 578/578/578 577/577/577 
f 646/646/646 645/645/645 650/650/650 
f 648/648/648 646/646/646 650/650/650 
f 645/645/645 644/644/644 651/651/651 
f 644/644/644 649/649/649 651/651/651 
f 645/645/645 651/651/651 650/650/650 
f 651/651/651 649/649/649 652/652/652 
f 649/649/649 577/577/577 653/653/653 
f 652/652/652 649/649/649 653/653/653 
f 577/577/577 573/573/573 653/653/653 
f 647/647/647 654/654/654 639/639/639 
f 654/654/654 637/637/637 639/639/639 
f 650/650/650 651/651/651 655/655/655 
f 651/651/651 652/652/652 655/655/655 
f 653/653/653 573/573/573 656/656/656 
f 573/573/573 567/567/567 656/656/656 
f 650/650/650 655/655/655 657/657/657 
f 648/648/648 650/650/650 657/657/657 
f 653/653/653 656/656/656 658/658/658 
f 652/652/652 653/653/653 658/658/658 
f 567/567/567 659/659/659 656/656/656 
f 659/659/659 658/658/658 656/656/656 
f 660/660/660 657/657/657 655/655/655 
f 652/652/652 660/660/660 655/655/655 
f 661/661/661 652/652/652 658/658/658 
f 659/659/659 661/661/661 658/658/658 
f 662/662/662 648/648/648 657/657/657 
f 660/660/660 662/662/662 657/657/657 
f 567/567/567 663/663/663 659/659/659 
f 570/570/570 663/663/663 567/567/567 
f 652/652/652 664/664/664 660/660/660 
f 661/661/661 664/664/664 652/652/652 
f 665/665/665 661/661/661 659/659/659 
f 659/659/659 663/663/663 666/666/666 
f 659/659/659 666/666/666 665/665/665 
f 667/667/667 663/663/663 570/570/570 
f 667/667/667 666/666/666 663/663/663 
f 668/668/668 664/664/664 661/661/661 
f 665/665/665 668/668/668 661/661/661 
f 660/660/660 664/664/664 669/669/669 
f 668/668/668 669/669/669 664/664/664 
f 670/670/670 662/662/662 660/660/660 
f 660/660/660 669/669/669 670/670/670 
f 570/570/570 671/671/671 667/667/667 
f 570/570/570 574/574/574 671/671/671 
f 672/672/672 671/671/671 574/574/574 
f 672/672/672 574/574/574 555/555/555 
f 673/673/673 666/666/666 667/667/667 
f 665/665/665 666/666/666 674/674/674 
f 673/673/673 674/674/674 666/666/666 
f 675/675/675 668/668/668 665/665/665 
f 665/665/665 674/674/674 675/675/675 
f 676/676/676 669/669/669 668/668/668 
f 675/675/675 676/676/676 668/668/668 
f 667/667/667 671/671/671 677/677/677 
f 667/667/667 677/677/677 673/673/673 
f 670/670/670 669/669/669 678/678/678 
f 676/676/676 678/678/678 669/669/669 
f 679/679/679 676/676/676 675/675/675 
f 674/674/674 679/679/679 675/675/675 
f 680/680/680 674/674/674 673/673/673 
f 677/677/677 680/680/680 673/673/673 
f 681/681/681 677/677/677 671/671/671 
f 681/681/681 671/671/671 672/672/672 
f 682/682/682 678/678/678 676/676/676 
f 679/679/679 682/682/682 676/676/676 
f 680/680/680 683/683/683 674/674/674 
f 674/674/674 683/683/683 679/679/679 
f 684/684/684 677/677/677 681/681/681 
f 672/672/672 685/685/685 681/681/681 
f 685/685/685 684/684/684 681/681/681 
f 677/677/677 686/686/686 680/680/680 
f 684/684/684 686/686/686 677/677/677 
f 672/672/672 687/687/687 685/685/685 
f 555/555/555 687/687/687 672/672/672 
f 555/555/555 688/688/688 687/687/687 
f 496/496/496 688/688/688 555/555/555 
f 485/485/485 688/688/688 496/496/496 
f 480/480/480 688/688/688 485/485/485 
f 480/480/480 687/687/687 688/688/688 
f 479/479/479 687/687/687 480/480/480 
f 479/479/479 685/685/685 687/687/687 
f 458/458/458 685/685/685 479/479/479 
f 458/458/458 689/689/689 685/685/685 
f 685/685/685 689/689/689 684/684/684 
f 455/455/455 689/689/689 458/458/458 
f 455/455/455 690/690/690 689/689/689 
f 684/684/684 689/689/689 690/690/690 
f 455/455/455 454/454/454 690/690/690 
f 691/691/691 686/686/686 684/684/684 
f 684/684/684 690/690/690 691/691/691 
f 692/692/692 690/690/690 454/454/454 
f 692/692/692 691/691/691 690/690/690 
f 452/452/452 692/692/692 454/454/454 
f 691/691/691 693/693/693 686/686/686 
f 680/680/680 686/686/686 693/693/693 
f 694/694/694 692/692/692 452/452/452 
f 451/451/451 694/694/694 452/452/452 
f 695/695/695 691/691/691 692/692/692 
f 695/695/695 693/693/693 691/691/691 
f 694/694/694 695/695/695 692/692/692 
f 680/680/680 693/693/693 696/696/696 
f 696/696/696 693/693/693 695/695/695 
f 696/696/696 683/683/683 680/680/680 
f 697/697/697 695/695/695 694/694/694 
f 696/696/696 695/695/695 697/697/697 
f 698/698/698 694/694/694 451/451/451 
f 697/697/697 694/694/694 698/698/698 
f 696/696/696 699/699/699 683/683/683 
f 679/679/679 683/683/683 699/699/699 
f 700/700/700 696/696/696 697/697/697 
f 700/700/700 699/699/699 696/696/696 
f 679/679/679 699/699/699 701/701/701 
f 701/701/701 699/699/699 700/700/700 
f 701/701/701 682/682/682 679/679/679 
f 702/702/702 700/700/700 697/697/697 
f 702/702/702 697/697/697 698/698/698 
f 698/698/698 451/451/451 703/703/703 
f 703/703/703 451/451/451 450/450/450 
f 701/701/701 700/700/700 704/704/704 
f 704/704/704 700/700/700 702/702/702 
f 701/701/701 705/705/705 682/682/682 
f 705/705/705 701/701/701 704/704/704 
f 706/706/706 702/702/702 698/698/698 
f 706/706/706 698/698/698 703/703/703 
f 703/703/703 450/450/450 707/707/707 
f 707/707/707 450/450/450 449/449/449 
f 704/704/704 702/702/702 708/708/708 
f 708/708/708 702/702/702 706/706/706 
f 709/709/709 706/706/706 703/703/703 
f 709/709/709 703/703/703 707/707/707 
f 707/707/707 449/449/449 710/710/710 
f 710/710/710 449/449/449 448/448/448 
f 705/705/705 711/711/711 682/682/682 
f 682/682/682 711/711/711 678/678/678 
f 712/712/712 704/704/704 708/708/708 
f 705/705/705 704/704/704 712/712/712 
f 708/708/708 706/706/706 713/713/713 
f 713/713/713 706/706/706 709/709/709 
f 714/714/714 709/709/709 707/707/707 
f 714/714/714 707/707/707 710/710/710 
f 710/710/710 448/448/448 715/715/715 
f 715/715/715 448/448/448 453/453/453 
f 712/712/712 708/708/708 716/716/716 
f 716/716/716 708/708/708 713/713/713 
f 713/713/713 709/709/709 717/717/717 
f 717/717/717 709/709/709 714/714/714 
f 718/718/718 714/714/714 710/710/710 
f 718/718/718 710/710/710 715/715/715 
f 719/719/719 718/718/718 715/715/715 
f 720/720/720 714/714/714 718/718/718 
f 717/717/717 714/714/714 720/720/720 
f 721/721/721 713/713/713 717/717/717 
f 716/716/716 713/713/713 721/721/721 
f 715/715/715 453/453/453 722/722/722 
f 719/719/719 715/715/715 722/722/722 
f 453/453/453 723/723/723 722/722/722 
f 723/723/723 719/719/719 722/722/722 
f 724/724/724 718/718/718 719/719/719 
f 720/720/720 718/718/718 724/724/724 
f 725/725/725 717/717/717 720/720/720 
f 721/721/721 717/717/717 725/725/725 
f 453/453/453 726/726/726 723/723/723 
f 442/442/442 726/726/726 453/453/453 
f 727/727/727 726/726/726 442/442/442 
f 442/442/442 441/441/441 727/727/727 
f 727/727/727 728/728/728 726/726/726 
f 723/723/723 726/726/726 728/728/728 
f 441/441/441 729/729/729 727/727/727 
f 729/729/729 728/728/728 727/727/727 
f 730/730/730 720/720/720 724/724/724 
f 725/725/725 720/720/720 730/730/730 
f 441/441/441 731/731/731 729/729/729 
f 440/440/440 731/731/731 441/441/441 
f 732/732/732 731/731/731 440/440/440 
f 386/386/386 732/732/732 440/440/440 
f 729/729/729 731/731/731 733/733/733 
f 732/732/732 733/733/733 731/731/731 
f 734/734/734 732/732/732 386/386/386 
f 386/386/386 364/364/364 734/734/734 
f 363/363/363 734/734/734 364/364/364 
f 734/734/734 735/735/735 732/732/732 
f 735/735/735 734/734/734 363/363/363 
f 735/735/735 733/733/733 732/732/732 
f 735/735/735 363/363/363 362/362/362 
f 736/736/736 735/735/735 362/362/362 
f 735/735/735 736/736/736 733/733/733 
f 736/736/736 362/362/362 361/361/361 
f 376/376/376 736/736/736 361/361/361 
f 729/729/729 733/733/733 737/737/737 
f 737/737/737 733/733/733 736/736/736 
f 376/376/376 738/738/738 736/736/736 
f 737/737/737 736/736/736 738/738/738 
f 385/385/385 738/738/738 376/376/376 
f 737/737/737 739/739/739 729/729/729 
f 729/729/729 739/739/739 728/728/728 
f 738/738/738 740/740/740 737/737/737 
f 738/738/738 385/385/385 740/740/740 
f 737/737/737 740/740/740 739/739/739 
f 728/728/728 739/739/739 741/741/741 
f 741/741/741 739/739/739 740/740/740 
f 742/742/742 740/740/740 385/385/385 
f 741/741/741 740/740/740 742/742/742 
f 742/742/742 385/385/385 377/377/377 
f 728/728/728 741/741/741 743/743/743 
f 723/723/723 728/728/728 743/743/743 
f 743/743/743 744/744/744 723/723/723 
f 723/723/723 744/744/744 719/719/719 
f 741/741/741 745/745/745 743/743/743 
f 743/743/743 745/745/745 744/744/744 
f 742/742/742 746/746/746 741/741/741 
f 741/741/741 746/746/746 745/745/745 
f 377/377/377 747/747/747 742/742/742 
f 742/742/742 747/747/747 746/746/746 
f 719/719/719 744/744/744 748/748/748 
f 748/748/748 744/744/744 745/745/745 
f 745/745/745 746/746/746 749/749/749 
f 749/749/749 746/746/746 747/747/747 
f 377/377/377 750/750/750 747/747/747 
f 371/371/371 750/750/750 377/377/377 
f 751/751/751 747/747/747 750/750/750 
f 749/749/749 747/747/747 751/751/751 
f 752/752/752 750/750/750 371/371/371 
f 751/751/751 750/750/750 752/752/752 
f 752/752/752 371/371/371 299/299/299 
f 295/295/295 752/752/752 299/299/299 
f 752/752/752 295/295/295 753/753/753 
f 752/752/752 753/753/753 751/751/751 
f 295/295/295 294/294/294 753/753/753 
f 751/751/751 753/753/753 754/754/754 
f 751/751/751 754/754/754 749/749/749 
f 753/753/753 294/294/294 755/755/755 
f 753/753/753 755/755/755 754/754/754 
f 289/289/289 755/755/755 294/294/294 
f 745/745/745 749/749/749 756/756/756 
f 748/748/748 745/745/745 756/756/756 
f 754/754/754 755/755/755 757/757/757 
f 757/757/757 755/755/755 289/289/289 
f 749/749/749 754/754/754 758/758/758 
f 749/749/749 758/758/758 756/756/756 
f 754/754/754 757/757/757 758/758/758 
f 756/756/756 758/758/758 759/759/759 
f 756/756/756 759/759/759 748/748/748 
f 757/757/757 289/289/289 760/760/760 
f 289/289/289 284/284/284 760/760/760 
f 758/758/758 757/757/757 761/761/761 
f 758/758/758 761/761/761 759/759/759 
f 759/759/759 761/761/761 762/762/762 
f 763/763/763 761/761/761 757/757/757 
f 763/763/763 757/757/757 760/760/760 
f 762/762/762 761/761/761 763/763/763 
f 760/760/760 284/284/284 764/764/764 
f 760/760/760 764/764/764 763/763/763 
f 284/284/284 262/262/262 764/764/764 
f 764/764/764 262/262/262 255/255/255 
f 748/748/748 759/759/759 765/765/765 
f 759/759/759 762/762/762 765/765/765 
f 763/763/763 764/764/764 766/766/766 
f 764/764/764 255/255/255 766/766/766 
f 748/748/748 765/765/765 767/767/767 
f 719/719/719 748/748/748 767/767/767 
f 724/724/724 719/719/719 767/767/767 
f 768/768/768 767/767/767 765/765/765 
f 768/768/768 724/724/724 767/767/767 
f 762/762/762 768/768/768 765/765/765 
f 730/730/730 724/724/724 768/768/768 
f 763/763/763 766/766/766 769/769/769 
f 762/762/762 763/763/763 769/769/769 
f 255/255/255 770/770/770 766/766/766 
f 770/770/770 769/769/769 766/766/766 
f 255/255/255 256/256/256 770/770/770 
f 771/771/771 730/730/730 768/768/768 
f 762/762/762 771/771/771 768/768/768 
f 772/772/772 762/762/762 769/769/769 
f 770/770/770 772/772/772 769/769/769 
f 772/772/772 771/771/771 762/762/762 
f 256/256/256 773/773/773 770/770/770 
f 773/773/773 772/772/772 770/770/770 
f 256/256/256 257/257/257 773/773/773 
f 771/771/771 774/774/774 730/730/730 
f 774/774/774 725/725/725 730/730/730 
f 775/775/775 771/771/771 772/772/772 
f 773/773/773 775/775/775 772/772/772 
f 775/775/775 774/774/774 771/771/771 
f 257/257/257 776/776/776 773/773/773 
f 776/776/776 775/775/775 773/773/773 
f 257/257/257 258/258/258 776/776/776 
f 774/774/774 777/777/777 725/725/725 
f 777/777/777 721/721/721 725/725/725 
f 778/778/778 774/774/774 775/775/775 
f 776/776/776 778/778/778 775/775/775 
f 778/778/778 777/777/777 774/774/774 
f 258/258/258 779/779/779 776/776/776 
f 779/779/779 778/778/778 776/776/776 
f 258/258/258 259/259/259 779/779/779 
f 777/777/777 780/780/780 721/721/721 
f 780/780/780 716/716/716 721/721/721 
f 781/781/781 777/777/777 778/778/778 
f 779/779/779 781/781/781 778/778/778 
f 781/781/781 780/780/780 777/777/777 
f 259/259/259 782/782/782 779/779/779 
f 782/782/782 781/781/781 779/779/779 
f 780/780/780 783/783/783 716/716/716 
f 783/783/783 712/712/712 716/716/716 
f 784/784/784 780/780/780 781/781/781 
f 782/782/782 784/784/784 781/781/781 
f 784/784/784 783/783/783 780/780/780 
f 259/259/259 785/785/785 782/782/782 
f 259/259/259 251/251/251 785/785/785 
f 783/783/783 786/786/786 712/712/712 
f 786/786/786 705/705/705 712/712/712 
f 787/787/787 784/784/784 782/782/782 
f 785/785/785 787/787/787 782/782/782 
f 788/788/788 783/783/783 784/784/784 
f 788/788/788 786/786/786 783/783/783 
f 787/787/787 788/788/788 784/784/784 
f 785/785/785 251/251/251 789/789/789 
f 789/789/789 251/251/251 239/239/239 
f 786/786/786 790/790/790 705/705/705 
f 705/705/705 790/790/790 711/711/711 
f 785/785/785 791/791/791 787/787/787 
f 785/785/785 789/789/789 791/791/791 
f 792/792/792 788/788/788 787/787/787 
f 791/791/791 792/792/792 787/787/787 
f 793/793/793 786/786/786 788/788/788 
f 793/793/793 790/790/790 786/786/786 
f 792/792/792 793/793/793 788/788/788 
f 794/794/794 711/711/711 790/790/790 
f 794/794/794 790/790/790 793/793/793 
f 678/678/678 711/711/711 794/794/794 
f 789/789/789 239/239/239 795/795/795 
f 239/239/239 230/230/230 795/795/795 
f 795/795/795 230/230/230 226/226/226 
f 791/791/791 789/789/789 796/796/796 
f 796/796/796 789/789/789 795/795/795 
f 795/795/795 226/226/226 797/797/797 
f 796/796/796 795/795/795 797/797/797 
f 797/797/797 226/226/226 798/798/798 
f 225/225/225 798/798/798 226/226/226 
f 797/797/797 798/798/798 799/799/799 
f 796/796/796 797/797/797 799/799/799 
f 791/791/791 796/796/796 800/800/800 
f 791/791/791 800/800/800 792/792/792 
f 801/801/801 798/798/798 225/225/225 
f 799/799/799 798/798/798 801/801/801 
f 802/802/802 800/800/800 796/796/796 
f 796/796/796 799/799/799 802/802/802 
f 792/792/792 800/800/800 803/803/803 
f 802/802/802 803/803/803 800/800/800 
f 792/792/792 803/803/803 804/804/804 
f 793/793/793 792/792/792 804/804/804 
f 793/793/793 804/804/804 794/794/794 
f 804/804/804 803/803/803 805/805/805 
f 805/805/805 803/803/803 802/802/802 
f 802/802/802 799/799/799 806/806/806 
f 799/799/799 801/801/801 806/806/806 
f 794/794/794 804/804/804 807/807/807 
f 804/804/804 805/805/805 807/807/807 
f 801/801/801 225/225/225 808/808/808 
f 225/225/225 216/216/216 808/808/808 
f 808/808/808 216/216/216 809/809/809 
f 215/215/215 809/809/809 216/216/216 
f 219/219/219 809/809/809 215/215/215 
f 810/810/810 801/801/801 808/808/808 
f 808/808/808 809/809/809 810/810/810 
f 219/219/219 811/811/811 809/809/809 
f 810/810/810 809/809/809 811/811/811 
f 231/231/231 811/811/811 219/219/219 
f 812/812/812 811/811/811 231/231/231 
f 810/810/810 811/811/811 812/812/812 
f 812/812/812 231/231/231 633/633/633 
f 810/810/810 813/813/813 801/801/801 
f 812/812/812 813/813/813 810/810/810 
f 806/806/806 801/801/801 813/813/813 
f 814/814/814 812/812/812 633/633/633 
f 633/633/633 637/637/637 814/814/814 
f 654/654/654 814/814/814 637/637/637 
f 812/812/812 815/815/815 813/813/813 
f 814/814/814 815/815/815 812/812/812 
f 806/806/806 813/813/813 816/816/816 
f 816/816/816 813/813/813 815/815/815 
f 817/817/817 815/815/815 814/814/814 
f 817/817/817 814/814/814 654/654/654 
f 816/816/816 815/815/815 817/817/817 
f 818/818/818 806/806/806 816/816/816 
f 802/802/802 806/806/806 818/818/818 
f 805/805/805 802/802/802 818/818/818 
f 818/818/818 816/816/816 819/819/819 
f 819/819/819 816/816/816 817/817/817 
f 819/819/819 805/805/805 818/818/818 
f 820/820/820 817/817/817 654/654/654 
f 819/819/819 817/817/817 820/820/820 
f 819/819/819 821/821/821 805/805/805 
f 820/820/820 821/821/821 819/819/819 
f 807/807/807 805/805/805 821/821/821 
f 820/820/820 654/654/654 822/822/822 
f 647/647/647 822/822/822 654/654/654 
f 648/648/648 822/822/822 647/647/647 
f 648/648/648 820/820/820 822/822/822 
f 648/648/648 823/823/823 820/820/820 
f 820/820/820 823/823/823 821/821/821 
f 662/662/662 823/823/823 648/648/648 
f 824/824/824 821/821/821 823/823/823 
f 824/824/824 823/823/823 662/662/662 
f 807/807/807 821/821/821 824/824/824 
f 670/670/670 824/824/824 662/662/662 
f 825/825/825 807/807/807 824/824/824 
f 825/825/825 824/824/824 670/670/670 
f 794/794/794 807/807/807 825/825/825 
f 670/670/670 678/678/678 825/825/825 
f 678/678/678 794/794/794 825/825/825 
f 826/826/826 828/828/828 827/827/827 
f 826/826/826 829/829/829 828/828/828 
f 830/830/830 829/829/829 826/826/826 
f 828/828/828 829/829/829 831/831/831 
f 828/828/828 831/831/831 832/832/832 
f 830/830/830 833/833/833 829/829/829 
f 834/834/834 833/833/833 830/830/830 
f 832/832/832 831/831/831 835/835/835 
f 832/832/832 835/835/835 836/836/836 
f 829/829/829 837/837/837 831/831/831 
f 829/829/829 833/833/833 837/837/837 
f 834/834/834 838/838/838 833/833/833 
f 839/839/839 838/838/838 834/834/834 
f 836/836/836 835/835/835 840/840/840 
f 836/836/836 840/840/840 841/841/841 
f 831/831/831 842/842/842 835/835/835 
f 831/831/831 837/837/837 842/842/842 
f 833/833/833 843/843/843 837/837/837 
f 833/833/833 838/838/838 843/843/843 
f 841/841/841 840/840/840 844/844/844 
f 841/841/841 844/844/844 845/845/845 
f 840/840/840 846/846/846 844/844/844 
f 835/835/835 847/847/847 840/840/840 
f 840/840/840 847/847/847 846/846/846 
f 835/835/835 842/842/842 847/847/847 
f 847/847/847 848/848/848 846/846/846 
f 847/847/847 849/849/849 848/848/848 
f 842/842/842 849/849/849 847/847/847 
f 849/849/849 850/850/850 848/848/848 
f 837/837/837 851/851/851 842/842/842 
f 842/842/842 851/851/851 849/849/849 
f 837/837/837 843/843/843 851/851/851 
f 849/849/849 852/852/852 850/850/850 
f 851/851/851 852/852/852 849/849/849 
f 337/337/337 850/850/850 852/852/852 
f 843/843/843 853/853/853 851/851/851 
f 851/851/851 853/853/853 852/852/852 
f 337/337/337 852/852/852 854/854/854 
f 854/854/854 852/852/852 853/853/853 
f 843/843/843 855/855/855 853/853/853 
f 838/838/838 855/855/855 843/843/843 
f 337/337/337 854/854/854 856/856/856 
f 337/337/337 856/856/856 338/338/338 
f 854/854/854 853/853/853 857/857/857 
f 857/857/857 853/853/853 855/855/855 
f 856/856/856 854/854/854 857/857/857 
f 838/838/838 858/858/858 855/855/855 
f 839/839/839 858/858/858 838/838/838 
f 338/338/338 856/856/856 859/859/859 
f 338/338/338 859/859/859 860/860/860 
f 857/857/857 855/855/855 861/861/861 
f 861/861/861 855/855/855 858/858/858 
f 862/862/862 858/858/858 839/839/839 
f 861/861/861 858/858/858 862/862/862 
f 862/862/862 839/839/839 863/863/863 
f 864/864/864 862/862/862 863/863/863 
f 856/856/856 857/857/857 865/865/865 
f 859/859/859 856/856/856 865/865/865 
f 865/865/865 857/857/857 861/861/861 
f 864/864/864 866/866/866 862/862/862 
f 866/866/866 861/861/861 862/862/862 
f 867/867/867 866/866/866 864/864/864 
f 860/860/860 859/859/859 868/868/868 
f 860/860/860 868/868/868 869/869/869 
f 865/865/865 861/861/861 870/870/870 
f 866/866/866 870/870/870 861/861/861 
f 867/867/867 871/871/871 866/866/866 
f 871/871/871 870/870/870 866/866/866 
f 872/872/872 871/871/871 867/867/867 
f 859/859/859 865/865/865 873/873/873 
f 873/873/873 865/865/865 870/870/870 
f 868/868/868 859/859/859 873/873/873 
f 869/869/869 868/868/868 874/874/874 
f 869/869/869 874/874/874 875/875/875 
f 872/872/872 876/876/876 871/871/871 
f 877/877/877 876/876/876 872/872/872 
f 871/871/871 878/878/878 870/870/870 
f 873/873/873 870/870/870 878/878/878 
f 876/876/876 878/878/878 871/871/871 
f 868/868/868 873/873/873 879/879/879 
f 879/879/879 873/873/873 878/878/878 
f 874/874/874 868/868/868 879/879/879 
f 875/875/875 874/874/874 880/880/880 
f 875/875/875 880/880/880 881/881/881 
f 877/877/877 882/882/882 876/876/876 
f 883/883/883 882/882/882 877/877/877 
f 876/876/876 884/884/884 878/878/878 
f 879/879/879 878/878/878 884/884/884 
f 882/882/882 884/884/884 876/876/876 
f 874/874/874 879/879/879 885/885/885 
f 885/885/885 879/879/879 884/884/884 
f 880/880/880 874/874/874 885/885/885 
f 881/881/881 880/880/880 886/886/886 
f 881/881/881 886/886/886 887/887/887 
f 886/886/886 880/880/880 888/888/888 
f 880/880/880 885/885/885 888/888/888 
f 886/886/886 888/888/888 889/889/889 
f 885/885/885 884/884/884 890/890/890 
f 882/882/882 890/890/890 884/884/884 
f 888/888/888 885/885/885 890/890/890 
f 889/889/889 888/888/888 891/891/891 
f 888/888/888 890/890/890 891/891/891 
f 889/889/889 891/891/891 892/892/892 
f 893/893/893 890/890/890 882/882/882 
f 893/893/893 891/891/891 890/890/890 
f 892/892/892 891/891/891 893/893/893 
f 883/883/883 893/893/893 882/882/882 
f 892/892/892 893/893/893 894/894/894 
f 894/894/894 893/893/893 883/883/883 
f 894/894/894 883/883/883 895/895/895 
