# exported by StudySceneExporter from mesh '12_Low'
mtllib materials.mtl
v -0.093513 0.241696 0.072795
v -0.04907 0.204154 0.060928
v -0.073682 0.220352 0.066048
v -0.088136 1.357862 -0.24732
v -0.043693 1.32032 -0.259187
v -0.068305 1.336518 -0.254067
v 0.290018 1.358485 -0.248335
v 0.334461 1.320943 -0.260202
v 0.309849 1.337142 -0.255081
v 0.67385 1.358485 -0.248335
v 0.718293 1.320943 -0.260202
v 0.693681 1.337142 -0.255081
v 0.354522 0.239229 0.069011
v 0.398964 0.201687 0.057144
v 0.374352 0.217885 0.062265
v 1.775635 1.137296 -0.941738
v 1.643525 1.080313 -0.95975
v 1.775635 1.17808 -0.962932
v 1.776682 1.062104 -0.703864
v 1.776682 1.083297 -0.663079
v 1.644572 1.005121 -0.721876
v 0.027902 -0.001336 0.058033
v 0.003237 -0.026001 0.058033
v 0.003237 -0.001336 0.062304
v 0.026645 -0.024744 0.054121
v 0.048369 -0.001336 0.045279
v 0.003237 -0.046468 0.045279
v 0.045656 -0.0233 0.042567
v 0.061123 -0.001336 0.024813
v 0.025201 -0.043755 0.042567
v 0.057211 -0.024744 0.023555
v 0.065393 -0.001336 0.000147
v 0.026645 -0.05531 0.023555
v 0.003237 -0.059222 0.024813
v 0.040256 -0.038355 0.037167
v 0.045656 -0.043755 0.022111
v 0.061123 -0.026001 0.000147
v 0.061123 -0.001336 -0.024518
v 0.027902 -0.059222 0.000148
v 0.003237 -0.063492 0.000147
v 0.048369 -0.046468 0.000147
v 0.057211 -0.024744 -0.02326
v 0.048369 -0.001336 -0.044984
v 0.026645 -0.05531 -0.02326
v 0.003237 -0.059222 -0.024518
v 0.045656 -0.043755 -0.021816
v 0.045656 -0.0233 -0.042272
v 0.027902 -0.001336 -0.057738
v 0.025201 -0.043755 -0.042272
v 0.003237 -0.046468 -0.044984
v 0.003237 -0.026001 -0.057738
v 0.040256 -0.038355 -0.036872
v 0.026645 -0.024744 -0.053826
v 0.003237 -0.001336 -0.062009
v -0.021428 -0.001336 0.058033
v 0.003237 0.023329 0.058033
v 0.003237 -0.001336 0.062304
v -0.020171 0.022072 0.054121
v -0.041895 -0.001336 0.045279
v 0.003237 0.043796 0.045279
v -0.039182 0.020628 0.042567
v -0.054649 -0.001336 0.024813
v -0.018727 0.041083 0.042567
v -0.050737 0.022072 0.023555
v -0.058919 -0.001336 0.000147
v -0.020171 0.052638 0.023555
v 0.003237 0.05655 0.024813
v -0.033782 0.035684 0.037167
v -0.039182 0.041083 0.022111
v -0.054649 0.023329 0.000148
v -0.054649 -0.001336 -0.024518
v -0.021428 0.05655 0.000147
v 0.003237 0.06082 0.000148
v -0.041895 0.043796 0.000148
v -0.050737 0.022072 -0.02326
v -0.041895 -0.001336 -0.044984
v -0.020171 0.052638 -0.02326
v 0.003237 0.05655 -0.024518
v -0.039182 0.041083 -0.021816
v -0.039182 0.020628 -0.042272
v -0.021428 -0.001336 -0.057738
v -0.018727 0.041083 -0.042272
v 0.003237 0.043796 -0.044984
v 0.003237 0.023329 -0.057738
v -0.033782 0.035684 -0.036872
v -0.020171 0.022072 -0.053826
v 0.003237 -0.001336 -0.062009
v -0.021428 -0.001336 -0.057738
v 0.003237 -0.026001 -0.057738
v 0.003237 -0.001336 -0.062009
v -0.020171 -0.024744 -0.053826
v -0.041895 -0.001336 -0.044984
v 0.003237 -0.046468 -0.044984
v -0.039182 -0.0233 -0.042272
v -0.054649 -0.001336 -0.024518
v -0.018727 -0.043755 -0.042272
v -0.050737 -0.024744 -0.02326
v -0.058919 -0.001336 0.000147
v -0.020171 -0.05531 -0.02326
v 0.003237 -0.059222 -0.024518
v -0.033782 -0.038355 -0.036872
v -0.039182 -0.043755 -0.021816
v -0.054649 -0.026001 0.000147
v -0.054649 -0.001336 0.024813
v -0.021428 -0.059222 0.000148
v 0.003237 -0.063492 0.000147
v -0.041895 -0.046468 0.000147
v -0.050737 -0.024744 0.023555
v -0.041895 -0.001336 0.045279
v -0.020171 -0.05531 0.023555
v 0.003237 -0.059222 0.024813
v -0.039182 -0.043755 0.022111
v -0.039182 -0.0233 0.042567
v -0.021428 -0.001336 0.058033
v -0.018727 -0.043755 0.042567
v 0.003237 -0.046468 0.045279
v 0.003237 -0.026001 0.058033
v -0.033782 -0.038355 0.037167
v -0.020171 -0.024744 0.054121
v 0.003237 -0.001336 0.062304
v 0.027902 -0.001336 -0.057738
v 0.003237 0.023329 -0.057738
v 0.003237 -0.001336 -0.062009
v 0.026645 0.022072 -0.053826
v 0.048369 -0.001336 -0.044984
v 0.003237 0.043796 -0.044984
v 0.045656 0.020628 -0.042272
v 0.061123 -0.001336 -0.024518
v 0.025201 0.041083 -0.042272
v 0.057211 0.022072 -0.02326
v 0.065393 -0.001336 0.000147
v 0.026645 0.052638 -0.02326
v 0.003237 0.05655 -0.024518
v 0.040256 0.035684 -0.036872
v 0.045656 0.041083 -0.021816
v 0.061123 0.023329 0.000148
v 0.061123 -0.001336 0.024813
v 0.027902 0.05655 0.000147
v 0.003237 0.06082 0.000148
v 0.048369 0.043796 0.000148
v 0.057211 0.022072 0.023555
v 0.048369 -0.001336 0.045279
v 0.026645 0.052638 0.023555
v 0.003237 0.05655 0.024813
v 0.045656 0.041083 0.022111
v 0.045656 0.020628 0.042567
v 0.027902 -0.001336 0.058033
v 0.025201 0.041083 0.042567
v 0.003237 0.043796 0.045279
v 0.003237 0.023329 0.058033
v 0.040256 0.035684 0.037167
v 0.026645 0.022072 0.054121
v 0.003237 -0.001336 0.062304
v -0.025636 0.212793 -0.062544
v 0.008579 0.190605 0.056645
v 0.008579 0.208831 -0.063796
v -0.021108 0.194043 0.057731
v -0.057864 0.224447 -0.05886
v -0.04907 0.204154 0.060928
v -0.08623 0.243116 -0.052959
v -0.073682 0.220352 0.066048
v -0.109086 0.267715 -0.045183
v -0.093513 0.241696 0.072795
v -0.125104 0.296815 -0.035984
v -0.107411 0.266945 0.080776
v -0.133353 0.328725 -0.025898
v -0.114568 0.294631 0.089527
v -0.133353 0.361589 -0.015509
v -0.114568 0.323146 0.098541
v -0.125104 0.393499 -0.005423
v -0.107411 0.350832 0.107292
v -0.109086 0.422599 0.003776
v -0.093513 0.376081 0.115274
v -0.08623 0.447198 0.011552
v -0.073682 0.397425 0.12202
v -0.057864 0.465867 0.017453
v -0.04907 0.413623 0.127141
v -0.025636 0.477521 0.021137
v -0.021108 0.423735 0.130337
v 0.008579 0.481483 0.022389
v 0.008579 0.427172 0.131423
v 0.042795 0.477521 0.021137
v 0.038267 0.423734 0.130337
v 0.075023 0.465867 0.017453
v 0.066229 0.413623 0.127141
v 0.103389 0.447198 0.011552
v 0.090841 0.397425 0.12202
v 0.126245 0.422599 0.003776
v 0.110672 0.376081 0.115273
v 0.142262 0.393499 -0.005423
v 0.12457 0.350832 0.107292
v 0.150511 0.361589 -0.015509
v 0.131727 0.323146 0.098541
v 0.150511 0.328725 -0.025898
v 0.131727 0.294631 0.089527
v 0.142262 0.296815 -0.035984
v 0.12457 0.266945 0.080776
v 0.126245 0.267715 -0.045183
v 0.110672 0.241696 0.072794
v 0.103389 0.243116 -0.052959
v 0.090841 0.220352 0.066048
v 0.075023 0.224447 -0.05886
v 0.066229 0.204154 0.060928
v 0.042795 0.212793 -0.062544
v 0.038267 0.194043 0.057731
v 0.008579 0.208831 -0.063796
v 0.008579 0.190605 0.056645
v -0.04907 0.204154 0.060928
v 0.008579 0.190605 0.056645
v -0.021108 0.194043 0.057731
v 0.038267 0.194043 0.057731
v 0.066229 0.204154 0.060928
v -0.107411 0.350832 0.107292
v -0.093513 0.241696 0.072795
v -0.114568 0.294631 0.089527
v -0.107411 0.266945 0.080776
v -0.114568 0.323146 0.098541
v 0.090841 0.397425 0.12202
v 0.131727 0.294631 0.089527
v 0.12457 0.266945 0.080776
v 0.110672 0.241696 0.072794
v 0.090841 0.220352 0.066048
v 0.131727 0.323146 0.098541
v 0.12457 0.350832 0.107292
v 0.110672 0.376081 0.115273
v -0.021108 0.423735 0.130337
v 0.066229 0.413623 0.127141
v 0.038267 0.423734 0.130337
v 0.008579 0.427172 0.131423
v -0.04907 0.413623 0.127141
v -0.073682 0.397425 0.12202
v -0.093513 0.376081 0.115274
v -0.005789 0.207774 -0.011656
v -0.018553 -0.001336 -0.008878
v -0.005789 -0.001336 -0.021642
v -0.018553 0.207774 0.001108
v -0.018553 -0.001336 0.009173
v -0.018553 0.207774 0.019159
v -0.005789 -0.001336 0.021937
v -0.005789 0.207774 0.031923
v 0.012262 0.207774 0.031923
v 0.012262 -0.001336 0.021937
v 0.025026 -0.001336 0.009173
v 0.025026 0.207774 0.019159
v 0.025026 -0.001336 -0.008878
v 0.025026 0.207774 0.001108
v 0.012262 -0.001336 -0.021642
v 0.012262 0.207774 -0.011656
v -0.005789 -0.001336 -0.021642
v -0.005789 0.207774 -0.011656
v 3.960237 1.564546 -0.700113
v 4.145865 1.580134 -0.718663
v 3.960237 1.580134 -0.718663
v 4.145865 1.564546 -0.700113
v 3.960237 1.55429 -0.678162
v 4.145865 1.55429 -0.678162
v 3.960237 1.550065 -0.654303
v 4.145865 1.550065 -0.654303
v 3.960237 1.55216 -0.630165
v 4.145865 1.55216 -0.630165
v 3.960237 1.56043 -0.607391
v 4.145865 1.56043 -0.607391
v 3.960237 1.574313 -0.587533
v 4.145865 1.574313 -0.587533
v 3.960237 1.592862 -0.571945
v 4.145865 1.592862 -0.571945
v 3.960237 1.614814 -0.561689
v 4.145865 1.614814 -0.56169
v 3.960237 1.638672 -0.557465
v 4.145865 1.638672 -0.557465
v 3.960237 1.662811 -0.559559
v 4.145865 1.662811 -0.559559
v 3.960237 1.685585 -0.567829
v 4.145865 1.685585 -0.567829
v 3.960237 1.705442 -0.581712
v 4.145865 1.705442 -0.581712
v 3.960237 1.72103 -0.600262
v 4.145865 1.72103 -0.600262
v 3.960237 1.731286 -0.622213
v 4.145865 1.731286 -0.622213
v 3.960237 1.735511 -0.646071
v 4.145865 1.735511 -0.646071
v 3.960237 1.733417 -0.67021
v 4.145865 1.733417 -0.67021
v 3.960237 1.725146 -0.692984
v 4.145865 1.725146 -0.692984
v 3.960237 1.711263 -0.712842
v 4.145865 1.711263 -0.712842
v 3.960237 1.692714 -0.72843
v 4.145865 1.692714 -0.72843
v 3.960237 1.670762 -0.738685
v 4.145865 1.670762 -0.738685
v 3.960237 1.646904 -0.74291
v 4.145865 1.646904 -0.74291
v 3.960237 1.622765 -0.740816
v 4.145865 1.622765 -0.740816
v 3.960237 1.599991 -0.732546
v 4.145865 1.599991 -0.732546
v 3.960237 1.580134 -0.718663
v 4.145865 1.580134 -0.718663
v 4.250642 1.616359 -0.701047
v 4.145865 1.64533 -0.707447
v 4.145865 1.616359 -0.701047
v 4.250642 1.64533 -0.707447
v 4.145865 1.673619 -0.698505
v 4.250642 1.67362 -0.698505
v 4.145865 1.693648 -0.676616
v 4.250642 1.693648 -0.676616
v 4.145865 1.700048 -0.647646
v 4.250642 1.700048 -0.647646
v 4.145865 1.691106 -0.619356
v 4.250642 1.691106 -0.619356
v 4.145865 1.669217 -0.599328
v 4.250642 1.669217 -0.599328
v 4.145865 1.640246 -0.592927
v 4.250642 1.640246 -0.592927
v 4.145865 1.611957 -0.60187
v 4.250642 1.611957 -0.60187
v 4.145865 1.591929 -0.623759
v 4.250642 1.591929 -0.623759
v 4.145865 1.585528 -0.652729
v 4.250642 1.585528 -0.652729
v 4.145865 1.59447 -0.681019
v 4.250642 1.59447 -0.681019
v 4.145865 1.616359 -0.701047
v 4.250642 1.616359 -0.701047
v 4.299432 1.608315 -0.716528
v 4.250642 1.62666 -0.72319
v 4.250642 1.608315 -0.716528
v 4.299432 1.62666 -0.72319
v 4.250642 1.646103 -0.724877
v 4.299432 1.646103 -0.724877
v 4.250642 1.665322 -0.721474
v 4.299432 1.665322 -0.721474
v 4.250642 1.683004 -0.713213
v 4.299432 1.683004 -0.713213
v 4.250642 1.697946 -0.700656
v 4.299432 1.697946 -0.700656
v 4.250642 1.709129 -0.684661
v 4.299432 1.709129 -0.684661
v 4.250642 1.715791 -0.666316
v 4.299432 1.715791 -0.666316
v 4.250642 1.717477 -0.646872
v 4.299432 1.717477 -0.646872
v 4.250642 1.714074 -0.627654
v 4.299432 1.714074 -0.627654
v 4.250642 1.705813 -0.609972
v 4.299432 1.705813 -0.609972
v 4.250642 1.693257 -0.59503
v 4.299432 1.693257 -0.59503
v 4.250642 1.677261 -0.583847
v 4.299432 1.677261 -0.583847
v 4.250642 1.658917 -0.577185
v 4.299432 1.658917 -0.577185
v 4.250642 1.639472 -0.575498
v 4.299432 1.639472 -0.575498
v 4.250642 1.620255 -0.578901
v 4.299432 1.620255 -0.578901
v 4.250642 1.602572 -0.587162
v 4.299432 1.602572 -0.587162
v 4.250642 1.58763 -0.599719
v 4.299432 1.58763 -0.599719
v 4.250642 1.576447 -0.615714
v 4.299432 1.576447 -0.615714
v 4.250642 1.569785 -0.634059
v 4.299432 1.569785 -0.634059
v 4.250642 1.568099 -0.653503
v 4.299432 1.568099 -0.653503
v 4.250642 1.571502 -0.672721
v 4.299432 1.571502 -0.672721
v 4.250642 1.579763 -0.690403
v 4.299432 1.579763 -0.690403
v 4.250642 1.592319 -0.705345
v 4.299432 1.592319 -0.705345
v 4.250642 1.608315 -0.716528
v 4.299432 1.608315 -0.716528
v 3.937814 1.601742 -0.695047
v 3.960238 1.584812 -0.668514
v 3.960238 1.601742 -0.695047
v 3.937814 1.584812 -0.668514
v 3.960238 1.583416 -0.63707
v 3.81784 1.642788 -0.650187
v 3.937814 1.583416 -0.63707
v 3.960238 1.597929 -0.609142
v 3.937814 1.597929 -0.609142
v 3.960238 1.624462 -0.592211
v 3.937814 1.624462 -0.592211
v 3.937814 1.655905 -0.590815
v 3.960238 1.655905 -0.590815
v 3.960238 1.683834 -0.605328
v 3.937814 1.683834 -0.605328
v 3.960238 1.700764 -0.631861
v 3.937814 1.700764 -0.631861
v 3.960238 1.70216 -0.663305
v 3.937814 1.70216 -0.663305
v 3.960238 1.687647 -0.691233
v 3.937814 1.687647 -0.691233
v 3.960238 1.661114 -0.708164
v 3.937814 1.661114 -0.708164
v 3.960238 1.629671 -0.709559
v 3.937814 1.629671 -0.709559
v 3.937814 1.601742 -0.695047
v 3.960238 1.601742 -0.695047
v 1.641185 1.385219 -0.731605
v 1.97802 1.411338 -0.792642
v 1.641185 1.411338 -0.792642
v 1.97802 1.385219 -0.731605
v 1.641185 1.37151 -0.666645
v 1.97802 1.37151 -0.666645
v 1.641185 1.370738 -0.600258
v 1.97802 1.370737 -0.600258
v 1.641185 1.382931 -0.534997
v 1.97802 1.382931 -0.534997
v 1.641185 1.407622 -0.473368
v 1.97802 1.407622 -0.473368
v 1.641185 1.443862 -0.41774
v 1.97802 1.443862 -0.41774
v 1.641185 1.490258 -0.370252
v 1.97802 1.490258 -0.370252
v 1.641185 1.545028 -0.332727
v 1.97802 1.545028 -0.332727
v 1.641185 1.606065 -0.306608
v 1.97802 1.606065 -0.306609
v 1.641185 1.671025 -0.292899
v 1.97802 1.671025 -0.2929
v 1.641185 1.737411 -0.292127
v 1.97802 1.737411 -0.292127
v 1.641185 1.802673 -0.30432
v 1.97802 1.802673 -0.304321
v 1.641185 1.864301 -0.329012
v 1.97802 1.864302 -0.329012
v 1.641185 1.919929 -0.365252
v 1.97802 1.919929 -0.365252
v 1.641185 1.967418 -0.411648
v 1.97802 1.967418 -0.411648
v 1.641185 2.004942 -0.466417
v 1.97802 2.004942 -0.466417
v 1.641185 2.031061 -0.527454
v 1.97802 2.031061 -0.527454
v 1.641185 2.044771 -0.592414
v 1.97802 2.04477 -0.592414
v 1.641185 2.045543 -0.658801
v 1.97802 2.045543 -0.658801
v 1.641185 2.03335 -0.724062
v 1.97802 2.03335 -0.724063
v 1.641185 2.008658 -0.785691
v 1.97802 2.008658 -0.785691
v 1.641185 1.972418 -0.841319
v 1.97802 1.972418 -0.841319
v 1.641185 1.926022 -0.888807
v 1.97802 1.926022 -0.888807
v 1.641185 1.871253 -0.926332
v 1.97802 1.871253 -0.926332
v 1.641185 1.810215 -0.952451
v 1.97802 1.810215 -0.952451
v 1.641185 1.745255 -0.96616
v 1.97802 1.745255 -0.96616
v 1.641185 1.678869 -0.966932
v 1.97802 1.678869 -0.966933
v 1.641185 1.613607 -0.954739
v 1.97802 1.613607 -0.954739
v 1.641185 1.551979 -0.930048
v 1.97802 1.551978 -0.930048
v 1.641185 1.496351 -0.893807
v 1.97802 1.496351 -0.893808
v 1.641185 1.448862 -0.847411
v 1.97802 1.448862 -0.847412
v 1.641185 1.411338 -0.792642
v 1.97802 1.411338 -0.792642
v 1.624386 1.500748 -0.743505
v 1.641185 1.385219 -0.731605
v 1.641185 1.411338 -0.792642
v 1.624386 1.482497 -0.700855
v 1.641185 1.37151 -0.666645
v 1.572847 1.521111 -0.732315
v 1.624386 1.472918 -0.655464
v 1.641185 1.370738 -0.600258
v 1.572847 1.504652 -0.693852
v 1.530894 1.521111 -0.732315
v 1.530894 1.504652 -0.693852
v 1.572847 1.496014 -0.652917
v 1.530894 1.496014 -0.652917
v 1.624386 1.472378 -0.609076
v 1.641185 1.382931 -0.534997
v 1.572847 1.495527 -0.611084
v 1.530894 1.495527 -0.611084
v 1.624386 1.480898 -0.563474
v 1.641185 1.407622 -0.473368
v 1.572847 1.503211 -0.56996
v 1.530894 1.503211 -0.56996
v 1.624386 1.498152 -0.520411
v 1.641185 1.443862 -0.41774
v 1.572847 1.51877 -0.531125
v 1.530894 1.51877 -0.531125
v 1.624386 1.523475 -0.481541
v 1.641185 1.490258 -0.370252
v 1.572847 1.541606 -0.496071
v 1.530894 1.541606 -0.496071
v 1.624386 1.555894 -0.448358
v 1.641185 1.545028 -0.332727
v 1.572847 1.570843 -0.466146
v 1.530894 1.570843 -0.466146
v 1.624386 1.594164 -0.422137
v 1.641185 1.606065 -0.306608
v 1.572847 1.605355 -0.4425
v 1.530894 1.605355 -0.4425
v 1.624386 1.636815 -0.403887
v 1.641185 1.671025 -0.292899
v 1.572847 1.643818 -0.426042
v 1.530894 1.643818 -0.426042
v 1.624386 1.682206 -0.394307
v 1.641185 1.737411 -0.292127
v 1.572847 1.684752 -0.417403
v 1.530894 1.684752 -0.417403
v 1.624386 1.728594 -0.393767
v 1.641185 1.802673 -0.30432
v 1.572847 1.726585 -0.416916
v 1.530894 1.726585 -0.416916
v 1.624386 1.774196 -0.402288
v 1.641185 1.864301 -0.329012
v 1.572847 1.76771 -0.4246
v 1.530894 1.76771 -0.4246
v 1.624386 1.817259 -0.419541
v 1.641185 1.919929 -0.365252
v 1.572847 1.806545 -0.440159
v 1.530894 1.806545 -0.440159
v 1.624386 1.856129 -0.444864
v 1.641185 1.967418 -0.411648
v 1.572847 1.841599 -0.462996
v 1.530894 1.841599 -0.462996
v 1.624386 1.889312 -0.477283
v 1.641185 2.004942 -0.466417
v 1.572847 1.871523 -0.492232
v 1.530894 1.871523 -0.492232
v 1.624386 1.915533 -0.515553
v 1.641185 2.031061 -0.527454
v 1.572847 1.895169 -0.526744
v 1.530894 1.895169 -0.526744
v 1.624386 1.933783 -0.558204
v 1.641185 2.044771 -0.592414
v 1.572847 1.911628 -0.565207
v 1.530894 1.911628 -0.565207
v 1.624386 1.943363 -0.603595
v 1.641185 2.045543 -0.658801
v 1.572847 1.920267 -0.606142
v 1.530894 1.920267 -0.606142
v 1.624386 1.943902 -0.649983
v 1.641185 2.03335 -0.724062
v 1.572847 1.920754 -0.647975
v 1.530894 1.920754 -0.647975
v 1.624386 1.935382 -0.695585
v 1.641185 2.008658 -0.785691
v 1.572847 1.91307 -0.689099
v 1.530894 1.91307 -0.689099
v 1.624386 1.918129 -0.738648
v 1.641185 1.972418 -0.841319
v 1.572847 1.897511 -0.727934
v 1.530894 1.897511 -0.727934
v 1.624386 1.892806 -0.777519
v 1.641185 1.926022 -0.888807
v 1.572847 1.874674 -0.762988
v 1.530894 1.874674 -0.762988
v 1.624386 1.860386 -0.810701
v 1.641185 1.871253 -0.926332
v 1.572847 1.845438 -0.792913
v 1.530894 1.845438 -0.792913
v 1.624386 1.822116 -0.836922
v 1.641185 1.810215 -0.952451
v 1.572847 1.810925 -0.816559
v 1.530894 1.810925 -0.816559
v 1.624386 1.779466 -0.855173
v 1.641185 1.745255 -0.96616
v 1.572847 1.772463 -0.833018
v 1.530894 1.772463 -0.833018
v 1.624386 1.734075 -0.864752
v 1.641185 1.678869 -0.966932
v 1.572847 1.731528 -0.841656
v 1.530894 1.731528 -0.841656
v 1.624386 1.687687 -0.865292
v 1.641185 1.613607 -0.954739
v 1.572847 1.689695 -0.842143
v 1.530894 1.689695 -0.842143
v 1.624386 1.642085 -0.856771
v 1.641185 1.551979 -0.930048
v 1.572847 1.648571 -0.834459
v 1.530894 1.648571 -0.834459
v 1.624386 1.599021 -0.839518
v 1.641185 1.496351 -0.893807
v 1.572847 1.609735 -0.8189
v 1.530894 1.609735 -0.8189
v 1.624386 1.560151 -0.814195
v 1.641185 1.448862 -0.847411
v 1.572847 1.574682 -0.796064
v 1.530894 1.574682 -0.796063
v 1.624386 1.526968 -0.781776
v 1.641185 1.411338 -0.792642
v 1.624386 1.500748 -0.743505
v 1.572847 1.544757 -0.766827
v 1.530894 1.544757 -0.766827
v 1.572847 1.521111 -0.732315
v 1.530894 1.521111 -0.732315
v 1.530894 1.542549 -0.720533
v 1.530894 1.504652 -0.693852
v 1.530894 1.521111 -0.732315
v 1.530894 1.527977 -0.686479
v 1.530894 1.496014 -0.652917
v 1.530894 1.520328 -0.650237
v 1.530894 1.495527 -0.611084
v 1.530894 1.519897 -0.613199
v 1.530894 1.503211 -0.56996
v 1.530894 1.5267 -0.576788
v 1.530894 1.51877 -0.531125
v 1.530894 1.540476 -0.542404
v 1.530894 1.541606 -0.496071
v 1.530894 1.560695 -0.511369
v 1.530894 1.570843 -0.466146
v 1.530894 1.58658 -0.484874
v 1.530894 1.605355 -0.4425
v 1.530894 1.617137 -0.463938
v 1.530894 1.643818 -0.426042
v 1.530894 1.651191 -0.449366
v 1.530894 1.684752 -0.417403
v 1.530894 1.687433 -0.441718
v 1.530894 1.726585 -0.416916
v 1.530894 1.724471 -0.441287
v 1.530894 1.76771 -0.4246
v 1.530894 1.760882 -0.44809
v 1.530894 1.806545 -0.440159
v 1.530894 1.795265 -0.461865
v 1.530894 1.841599 -0.462996
v 1.530894 1.826301 -0.482084
v 1.530894 1.871523 -0.492232
v 1.530894 1.852796 -0.507969
v 1.530894 1.895169 -0.526744
v 1.530894 1.873732 -0.538526
v 1.530894 1.911628 -0.565207
v 1.530894 1.888304 -0.57258
v 1.530894 1.920267 -0.606142
v 1.530894 1.895952 -0.608822
v 1.530894 1.920754 -0.647975
v 1.530894 1.896383 -0.645861
v 1.530894 1.91307 -0.689099
v 1.530894 1.88958 -0.682271
v 1.530894 1.897511 -0.727934
v 1.530894 1.875805 -0.716655
v 1.530894 1.874674 -0.762988
v 1.530894 1.855586 -0.747691
v 1.530894 1.845438 -0.792913
v 1.530894 1.8297 -0.774185
v 1.530894 1.810925 -0.816559
v 1.530894 1.799144 -0.795121
v 1.530894 1.772463 -0.833018
v 1.530894 1.76509 -0.809693
v 1.530894 1.731528 -0.841656
v 1.530894 1.728848 -0.817342
v 1.530894 1.689695 -0.842143
v 1.530894 1.691809 -0.817773
v 1.530894 1.648571 -0.834459
v 1.530894 1.655398 -0.81097
v 1.530894 1.609735 -0.8189
v 1.530894 1.621015 -0.797194
v 1.530894 1.574682 -0.796063
v 1.530894 1.589979 -0.776975
v 1.530894 1.544757 -0.766827
v 1.530894 1.563484 -0.75109
v 1.530894 1.521111 -0.732315
v 1.530894 1.542549 -0.720533
v 1.375781 1.542549 -0.720533
v 1.530894 1.527977 -0.686479
v 1.530894 1.542549 -0.720533
v 1.375781 1.527977 -0.686479
v 1.530894 1.520328 -0.650237
v 1.375781 1.520328 -0.650237
v 1.530894 1.519897 -0.613199
v 1.375781 1.519897 -0.613199
v 1.530894 1.5267 -0.576788
v 1.375781 1.5267 -0.576788
v 1.530894 1.540476 -0.542404
v 1.375781 1.540476 -0.542404
v 1.530894 1.560695 -0.511369
v 1.375781 1.560695 -0.511369
v 1.530894 1.58658 -0.484874
v 1.375781 1.58658 -0.484874
v 1.530894 1.617137 -0.463938
v 1.375781 1.617137 -0.463938
v 1.530894 1.651191 -0.449366
v 1.375781 1.651191 -0.449366
v 1.530894 1.687433 -0.441718
v 1.375781 1.687433 -0.441718
v 1.530894 1.724471 -0.441287
v 1.375781 1.724471 -0.441287
v 1.530894 1.760882 -0.44809
v 1.375781 1.760882 -0.448089
v 1.530894 1.795265 -0.461865
v 1.375781 1.795266 -0.461865
v 1.530894 1.826301 -0.482084
v 1.375781 1.826301 -0.482084
v 1.530894 1.852796 -0.507969
v 1.375781 1.852796 -0.507969
v 1.530894 1.873732 -0.538526
v 1.375781 1.873732 -0.538526
v 1.530894 1.888304 -0.57258
v 1.375781 1.888304 -0.57258
v 1.530894 1.895952 -0.608822
v 1.375781 1.895952 -0.608822
v 1.530894 1.896383 -0.645861
v 1.375781 1.896383 -0.645861
v 1.530894 1.88958 -0.682271
v 1.375781 1.88958 -0.682271
v 1.530894 1.875805 -0.716655
v 1.375781 1.875805 -0.716655
v 1.530894 1.855586 -0.747691
v 1.375781 1.855586 -0.747691
v 1.530894 1.8297 -0.774185
v 1.375781 1.8297 -0.774185
v 1.530894 1.799144 -0.795121
v 1.375781 1.799144 -0.795121
v 1.530894 1.76509 -0.809693
v 1.375781 1.76509 -0.809693
v 1.530894 1.728848 -0.817342
v 1.375781 1.728848 -0.817341
v 1.530894 1.691809 -0.817773
v 1.375781 1.691809 -0.817773
v 1.530894 1.655398 -0.81097
v 1.375781 1.655399 -0.81097
v 1.530894 1.621015 -0.797194
v 1.375781 1.621015 -0.797194
v 1.530894 1.589979 -0.776975
v 1.375781 1.589979 -0.776975
v 1.530894 1.563484 -0.75109
v 1.375781 1.563484 -0.75109
v 1.530894 1.542549 -0.720533
v 1.375781 1.542549 -0.720533
v 1.97802 1.61393 -0.681305
v 1.815969 1.605639 -0.66193
v 1.815969 1.61393 -0.681305
v 1.97802 1.605639 -0.66193
v 1.815969 1.601288 -0.641311
v 1.97802 1.601288 -0.641311
v 1.815969 1.601043 -0.620238
v 1.97802 1.601043 -0.620238
v 1.815969 1.604913 -0.599523
v 1.97802 1.604913 -0.599523
v 1.815969 1.612751 -0.579961
v 1.97802 1.612751 -0.579961
v 1.815969 1.624254 -0.562304
v 1.97802 1.624254 -0.562304
v 1.815969 1.638981 -0.54723
v 1.97802 1.638981 -0.54723
v 1.815969 1.656365 -0.535319
v 1.97802 1.656365 -0.535319
v 1.815969 1.67574 -0.527029
v 1.97802 1.67574 -0.527029
v 1.815969 1.696359 -0.522677
v 1.97802 1.696359 -0.522677
v 1.815969 1.717431 -0.522432
v 1.97802 1.717431 -0.522432
v 1.815969 1.738147 -0.526302
v 1.97802 1.738146 -0.526303
v 1.815969 1.757709 -0.53414
v 1.97802 1.757709 -0.53414
v 1.815969 1.775366 -0.545643
v 1.97802 1.775366 -0.545643
v 1.815969 1.790439 -0.56037
v 1.97802 1.790439 -0.56037
v 1.815969 1.802351 -0.577755
v 1.97802 1.802351 -0.577755
v 1.815969 1.810641 -0.597129
v 1.97802 1.810641 -0.597129
v 1.815969 1.814992 -0.617749
v 1.97802 1.814992 -0.617749
v 1.815969 1.815238 -0.638821
v 1.97802 1.815238 -0.638821
v 1.815969 1.811367 -0.659536
v 1.97802 1.811367 -0.659536
v 1.815969 1.80353 -0.679098
v 1.97802 1.80353 -0.679098
v 1.815969 1.792027 -0.696755
v 1.97802 1.792027 -0.696755
v 1.815969 1.7773 -0.711829
v 1.97802 1.7773 -0.711829
v 1.815969 1.759915 -0.72374
v 1.97802 1.759915 -0.72374
v 1.815969 1.740541 -0.732031
v 1.97802 1.740541 -0.732031
v 1.815969 1.719921 -0.736382
v 1.97802 1.719921 -0.736382
v 1.815969 1.698849 -0.736627
v 1.97802 1.698849 -0.736627
v 1.815969 1.678134 -0.732757
v 1.97802 1.678134 -0.732757
v 1.815969 1.658572 -0.724919
v 1.97802 1.658571 -0.724919
v 1.815969 1.640914 -0.713416
v 1.97802 1.640914 -0.713416
v 1.815969 1.625841 -0.698689
v 1.97802 1.625841 -0.698689
v 1.815969 1.61393 -0.681305
v 1.97802 1.61393 -0.681305
v 1.815969 1.696359 -0.522677
v 1.815969 1.656365 -0.535319
v 1.815969 1.67574 -0.527029
v 1.815969 1.624254 -0.562304
v 1.815969 1.638981 -0.54723
v 1.815969 1.719921 -0.736382
v 1.815969 1.601288 -0.641311
v 1.815969 1.612751 -0.579961
v 1.815969 1.604913 -0.599523
v 1.815969 1.601043 -0.620238
v 1.815969 1.814992 -0.617749
v 1.815969 1.640914 -0.713416
v 1.815969 1.658572 -0.724919
v 1.815969 1.625841 -0.698689
v 1.815969 1.61393 -0.681305
v 1.815969 1.605639 -0.66193
v 1.815969 1.678134 -0.732757
v 1.815969 1.698849 -0.736627
v 1.815969 1.738147 -0.526302
v 1.815969 1.717431 -0.522432
v 1.815969 1.775366 -0.545643
v 1.815969 1.757709 -0.53414
v 1.815969 1.810641 -0.597129
v 1.815969 1.802351 -0.577755
v 1.815969 1.790439 -0.56037
v 1.815969 1.811367 -0.659536
v 1.815969 1.815238 -0.638821
v 1.815969 1.792027 -0.696755
v 1.815969 1.80353 -0.679098
v 1.815969 1.7773 -0.711829
v 1.815969 1.759915 -0.72374
v 1.815969 1.740541 -0.732031
v 5.217704 1.591162 -0.645709
v 5.389263 1.593378 -0.665806
v 5.217704 1.593378 -0.665806
v 5.389263 1.591162 -0.645709
v 5.217704 1.596806 -0.626293
v 5.389263 1.596806 -0.626293
v 5.217704 1.60945 -0.610515
v 5.389263 1.60945 -0.610515
v 5.217704 1.627169 -0.600777
v 5.389263 1.627169 -0.600777
v 5.217704 1.647267 -0.598562
v 5.389263 1.647267 -0.598562
v 5.217704 1.666682 -0.604205
v 5.389263 1.666682 -0.604205
v 5.217704 1.68246 -0.616849
v 5.389263 1.68246 -0.616849
v 5.217704 1.692198 -0.634569
v 5.389263 1.692198 -0.634569
v 5.217704 1.694414 -0.654666
v 5.389263 1.694414 -0.654666
v 5.217704 1.68877 -0.674082
v 5.389263 1.68877 -0.674082
v 5.217704 1.676126 -0.689859
v 5.389263 1.676126 -0.689859
v 5.217704 1.658406 -0.699597
v 5.389263 1.658406 -0.699597
v 5.217704 1.638309 -0.701813
v 5.389263 1.638309 -0.701813
v 5.217704 1.618894 -0.696169
v 5.389263 1.618894 -0.696169
v 5.217704 1.603116 -0.683525
v 5.389263 1.603116 -0.683525
v 5.217704 1.593378 -0.665806
v 5.389263 1.593378 -0.665806
v 5.389263 1.621266 -0.668273
v 5.415152 1.614781 -0.647758
v 5.415152 1.621266 -0.668273
v 5.389263 1.614781 -0.647758
v 5.415152 1.624702 -0.628665
v 5.389263 1.624702 -0.628665
v 5.415152 1.645218 -0.62218
v 5.389263 1.645218 -0.62218
v 5.415152 1.66431 -0.632101
v 5.389263 1.66431 -0.632101
v 5.415152 1.670795 -0.652617
v 5.389263 1.670795 -0.652617
v 5.415152 1.660874 -0.67171
v 5.389263 1.660874 -0.67171
v 5.415152 1.640358 -0.678195
v 5.389263 1.640358 -0.678195
v 5.415152 1.621266 -0.668273
v 5.389263 1.621266 -0.668273
v 5.415152 1.660874 -0.67171
v 5.415152 1.66431 -0.632101
v 5.415152 1.670795 -0.652617
v 5.415152 1.624702 -0.628665
v 5.415152 1.645218 -0.62218
v 5.415152 1.621266 -0.668273
v 5.415152 1.614781 -0.647758
v 5.415152 1.640358 -0.678195
v 0.76344 0.271346 -0.348422
v 4.917953 0.242448 -0.333406
v 4.917953 0.271346 -0.348422
v 0.76344 0.242448 -0.333406
v 4.917953 0.232633 -0.302354
v 0.76344 0.232633 -0.302354
v 4.917953 0.247649 -0.273457
v 0.76344 0.247649 -0.273457
v 0.76344 0.278701 -0.263641
v 4.917953 0.278701 -0.263641
v 4.917953 0.307599 -0.278657
v 0.76344 0.307599 -0.278657
v 4.917953 0.317414 -0.309709
v 0.76344 0.317414 -0.309709
v 4.917953 0.302398 -0.338607
v 0.76344 0.302398 -0.338607
v 4.917953 0.271346 -0.348422
v 0.76344 0.271346 -0.348422
v 0.637962 0.47301 -0.553238
v 4.989228 0.443561 -0.518194
v 4.989228 0.47301 -0.553238
v 0.637962 0.443561 -0.518194
v 4.989228 0.447517 -0.47259
v 0.637962 0.447518 -0.47259
v 4.989228 0.482562 -0.443141
v 0.637962 0.482562 -0.443141
v 4.989228 0.528166 -0.447097
v 0.637962 0.528166 -0.447097
v 4.989228 0.557615 -0.482142
v 0.637962 0.557615 -0.482142
v 4.989228 0.553658 -0.527745
v 0.637962 0.553658 -0.527745
v 4.989228 0.518614 -0.557195
v 0.637962 0.518614 -0.557195
v 4.989228 0.47301 -0.553238
v 0.637962 0.47301 -0.553238
v 3.138366 1.39343 -1.273907
v 3.120622 0.906207 0.305356
v 3.138366 0.895315 0.301913
v 3.120622 1.404323 -1.270464
v 3.11849 0.926227 0.311684
v 3.11849 1.424342 -1.264136
v 3.133576 1.438413 -1.259688
v 3.133576 0.940298 0.316132
v 3.15452 0.937826 0.31535
v 3.15452 1.435941 -1.260469
v 3.165551 0.92067 0.309928
v 3.165551 1.418786 -1.265892
v 3.158362 0.901751 0.303947
v 3.158362 1.399867 -1.271872
v 3.138366 0.895315 0.301913
v 3.138366 1.39343 -1.273907
v 4.897621 0.636994 -0.518511
v 5.109683 0.77128 -0.476064
v 5.109683 0.636993 -0.518512
v 4.897621 0.77128 -0.476063
v 4.89762 0.127328 -0.219384
v 4.89762 0.231168 -0.105207
v 4.89762 0.177911 -0.122042
v 4.89762 0.282038 -0.708819
v 4.89762 0.409258 -0.668605
v 4.897621 0.518734 -0.2851
v 4.89762 0.619002 -0.602305
v 4.897621 0.636994 -0.518511
v 4.89762 0.65944 -0.589522
v 4.897621 0.77128 -0.476063
v 4.89762 0.793727 -0.547074
v 5.109683 0.17791 -0.122042
v 5.109682 0.282037 -0.708819
v 5.109683 0.127327 -0.219384
v 5.109683 0.231168 -0.105208
v 5.109682 0.409257 -0.668605
v 5.109683 0.518734 -0.285101
v 5.109682 0.619002 -0.602305
v 5.109683 0.636993 -0.518512
v 5.109683 0.659439 -0.589523
v 5.109683 0.77128 -0.476064
v 5.109683 0.793726 -0.547075
v 4.897621 0.77128 -0.476063
v 5.109683 0.793726 -0.547075
v 5.109683 0.77128 -0.476064
v 4.89762 0.793727 -0.547074
v 5.109683 0.636993 -0.518512
v 4.897621 0.518734 -0.2851
v 4.897621 0.636994 -0.518511
v 5.109683 0.518734 -0.285101
v 4.89762 0.231168 -0.105207
v 5.109683 0.231168 -0.105208
v 4.89762 0.177911 -0.122042
v 5.109683 0.17791 -0.122042
v 5.109683 0.127327 -0.219384
v 4.89762 0.127328 -0.219384
v 4.89762 0.282038 -0.708819
v 5.109682 0.282037 -0.708819
v 0.768175 -0.166403 -0.177477
v 0.768175 0.823155 -0.519535
v 0.768175 0.021792 -0.772845
v 0.768175 0.634959 0.075833
v -0.5466 -0.166403 -0.177477
v 0.768175 0.634959 0.075833
v 0.768175 -0.166403 -0.177477
v -0.5466 0.634959 0.075833
v -0.5466 0.021792 -0.772845
v -0.5466 0.634959 0.075833
v -0.5466 -0.166403 -0.177477
v -0.5466 0.823155 -0.519535
v 0.768175 0.021792 -0.772845
v -0.5466 0.823155 -0.519535
v -0.5466 0.021792 -0.772845
v 0.768175 0.823155 -0.519535
v 0.768175 0.021792 -0.772845
v -0.5466 -0.166403 -0.177477
v 0.768175 -0.166403 -0.177477
v -0.5466 0.021792 -0.772845
v -0.5466 0.823155 -0.519535
v 0.768175 0.634959 0.075833
v -0.5466 0.634959 0.075833
v 0.768175 0.823155 -0.519535
v 1.292816 1.463627 -0.947521
v 1.292816 1.261025 -1.176873
v 1.292816 1.213517 -1.02658
v 1.292816 1.511134 -1.097813
v 1.4534 1.463626 -0.947521
v 1.292816 1.511134 -1.097813
v 1.292816 1.463627 -0.947521
v 1.4534 1.511134 -1.097813
v 1.292816 1.347127 -0.578968
v 1.4534 1.097018 -0.658028
v 1.292816 1.097018 -0.658028
v 1.4534 1.347127 -0.578968
v -0.5466 1.162957 -1.207872
v -0.5466 1.907608 -0.194509
v -0.5466 0.939378 -0.500565
v -0.5466 2.131187 -0.901815
v 1.292816 1.261025 -1.176873
v 1.4534 1.162957 -1.207872
v 1.4534 1.261025 -1.176873
v -0.5466 1.162957 -1.207872
v 1.292816 1.511134 -1.097813
v -0.5466 2.131187 -0.901815
v 1.4534 2.131187 -0.901815
v 1.4534 1.511134 -1.097813
v 1.4534 1.162957 -1.207872
v -0.5466 0.939378 -0.500565
v 1.4534 0.939378 -0.500565
v -0.5466 1.162957 -1.207872
v -0.5466 2.131187 -0.901815
v 1.4534 1.907608 -0.194509
v -0.5466 1.907608 -0.194509
v 1.4534 2.131187 -0.901815
v 1.292816 1.287555 -0.390507
v 1.292816 1.097018 -0.658028
v 1.292816 1.037446 -0.469566
v 1.292816 1.347127 -0.578968
v 1.4534 1.037446 -0.469566
v 1.292816 1.097018 -0.658028
v 1.4534 1.097018 -0.658028
v 1.292816 1.037446 -0.469566
v 1.4534 1.287555 -0.390507
v 1.292816 1.347127 -0.578968
v 1.292816 1.287555 -0.390507
v 1.4534 1.347127 -0.578968
v 1.4534 1.463626 -0.947521
v 1.292816 1.213517 -1.02658
v 1.4534 1.213517 -1.02658
v 1.292816 1.463627 -0.947521
v 1.4534 1.261025 -1.176873
v 1.292816 1.213517 -1.02658
v 1.292816 1.261025 -1.176873
v 1.4534 1.213517 -1.02658
v 2.798116 0.111332 -0.116614
v 3.51426 0.853092 0.117856
v 3.51426 0.111332 -0.116614
v 2.798116 0.853092 0.117856
v 3.51426 0.153043 -0.24857
v 2.798116 0.111332 -0.116614
v 3.51426 0.111332 -0.116614
v 2.798116 0.153043 -0.24857
v 2.798116 0.97811 -0.277645
v 3.51426 0.853092 0.117856
v 2.798116 0.853092 0.117856
v 3.51426 0.97811 -0.277645
v 3.51426 0.97811 -0.277645
v 2.798116 0.426565 -0.451988
v 3.51426 0.426565 -0.451988
v 2.798116 0.97811 -0.277645
v 3.51426 0.307417 -0.211313
v 2.798116 0.264942 -0.213198
v 3.51426 0.264942 -0.213198
v 2.798116 0.307417 -0.211313
v 3.51426 0.368014 -0.266759
v 2.798116 0.345144 -0.230917
v 3.51426 0.345144 -0.230917
v 2.798116 0.368014 -0.266759
v 3.51426 0.345144 -0.230917
v 2.798116 0.307417 -0.211313
v 3.51426 0.307417 -0.211313
v 2.798116 0.345144 -0.230917
v 3.51426 0.426565 -0.451988
v 2.798116 0.368014 -0.266759
v 3.51426 0.368014 -0.266759
v 2.798116 0.426565 -0.451988
v 2.798116 0.153043 -0.24857
v 3.51426 0.264942 -0.213198
v 2.798116 0.264942 -0.213198
v 3.51426 0.153043 -0.24857
v 5.125985 1.071293 -0.599418
v 5.125985 1.29767 -0.995671
v 5.125985 1.205734 -1.024732
v 5.125985 1.163229 -0.570357
v 5.091287 1.301739 -0.647086
v 5.091287 1.364252 -0.844852
v 5.07165 1.401239 -0.630191
v 5.07165 1.455386 -0.801487
v 5.201347 1.5248 -0.562679
v 5.202588 1.597087 -0.791361
v 4.259319 1.071293 -0.599418
v 5.125985 1.163229 -0.570357
v 5.125985 1.071293 -0.599418
v 4.259319 1.163229 -0.570357
v 4.343876 1.301739 -0.647086
v 5.091287 1.301739 -0.647086
v 4.363513 1.401239 -0.630191
v 5.07165 1.401239 -0.630191
v 4.325336 1.529211 -0.576632
v 5.201347 1.5248 -0.562679
v 4.259319 1.205734 -1.024732
v 4.259319 1.163229 -0.570357
v 4.259319 1.071293 -0.599418
v 4.259319 1.29767 -0.995671
v 4.343875 1.364252 -0.844852
v 4.343876 1.301739 -0.647086
v 4.363513 1.455386 -0.801487
v 4.363513 1.401239 -0.630191
v 4.324247 1.592676 -0.777408
v 4.325336 1.529211 -0.576632
v 5.125985 1.205734 -1.024732
v 4.259319 1.29767 -0.995671
v 4.259319 1.205734 -1.024732
v 5.125985 1.29767 -0.995671
v 5.091287 1.364252 -0.844852
v 4.343875 1.364252 -0.844852
v 5.07165 1.455386 -0.801487
v 4.363513 1.455386 -0.801487
v 5.202588 1.597087 -0.791361
v 4.324247 1.592676 -0.777408
v 5.125985 1.205734 -1.024732
v 4.259319 1.071293 -0.599418
v 5.125985 1.071293 -0.599418
v 4.259319 1.205734 -1.024732
v 4.297822 1.511944 -0.709719
v 5.220308 1.529993 -0.739303
v 4.297822 1.529993 -0.739302
v 5.220308 1.511944 -0.709719
v 4.297822 1.501499 -0.676677
v 5.220308 1.501499 -0.676677
v 4.297822 1.499265 -0.642094
v 5.220308 1.499265 -0.642094
v 4.297822 1.505373 -0.607982
v 5.220308 1.505373 -0.607982
v 4.297822 1.519466 -0.576323
v 5.220308 1.519466 -0.576323
v 4.297822 1.540727 -0.548956
v 5.220308 1.540727 -0.548956
v 4.297822 1.567919 -0.527473
v 5.220308 1.567919 -0.527473
v 4.297822 1.599462 -0.513121
v 5.220308 1.599462 -0.513121
v 4.297822 1.633523 -0.506735
v 5.220308 1.633523 -0.506736
v 4.297822 1.668122 -0.508687
v 5.220308 1.668122 -0.508686
v 4.297822 1.701249 -0.518861
v 5.220308 1.701249 -0.518861
v 4.297822 1.730979 -0.536668
v 5.220308 1.730979 -0.536668
v 4.297822 1.755583 -0.561072
v 5.220308 1.755583 -0.561072
v 4.297822 1.773632 -0.590655
v 5.220308 1.773632 -0.590655
v 4.297822 1.784077 -0.623698
v 5.220308 1.784077 -0.623698
v 4.297822 1.786311 -0.658281
v 5.220308 1.786311 -0.658281
v 4.297822 1.780203 -0.692393
v 5.220308 1.780204 -0.692393
v 4.297822 1.76611 -0.724052
v 5.220308 1.76611 -0.724052
v 4.297822 1.74485 -0.751418
v 5.220308 1.74485 -0.751418
v 4.297822 1.717658 -0.772902
v 5.220308 1.717658 -0.772902
v 4.297822 1.686115 -0.787253
v 5.220308 1.686115 -0.787253
v 4.297822 1.652053 -0.793639
v 5.220308 1.652053 -0.793639
v 4.297822 1.617454 -0.791688
v 5.220308 1.617454 -0.791688
v 4.297822 1.584327 -0.781514
v 5.220308 1.584327 -0.781514
v 4.297822 1.554597 -0.763707
v 5.220308 1.554597 -0.763707
v 4.297822 1.529993 -0.739302
v 5.220308 1.529993 -0.739303
v 4.297822 1.540727 -0.548956
v 4.297822 1.599462 -0.513121
v 4.297822 1.567919 -0.527473
v 4.297822 1.505373 -0.607982
v 4.297822 1.519466 -0.576323
v 4.297822 1.668122 -0.508687
v 4.297822 1.633523 -0.506735
v 4.297822 1.529993 -0.739302
v 4.297822 1.773632 -0.590655
v 4.297822 1.499265 -0.642094
v 4.297822 1.501499 -0.676677
v 4.297822 1.511944 -0.709719
v 4.297822 1.701249 -0.518861
v 4.297822 1.730979 -0.536668
v 4.297822 1.755583 -0.561072
v 4.297822 1.76611 -0.724052
v 4.297822 1.780203 -0.692393
v 4.297822 1.786311 -0.658281
v 4.297822 1.784077 -0.623698
v 4.297822 1.717658 -0.772902
v 4.297822 1.74485 -0.751418
v 4.297822 1.652053 -0.793639
v 4.297822 1.686115 -0.787253
v 4.297822 1.617454 -0.791688
v 4.297822 1.584327 -0.781514
v 4.297822 1.554597 -0.763707
v 5.220308 1.567919 -0.527473
v 5.220308 1.519466 -0.576323
v 5.220308 1.540727 -0.548956
v 5.220308 1.599462 -0.513121
v 5.220308 1.633523 -0.506736
v 5.220308 1.701249 -0.518861
v 5.220308 1.668122 -0.508686
v 5.220308 1.755583 -0.561072
v 5.220308 1.730979 -0.536668
v 5.220308 1.784077 -0.623698
v 5.220308 1.773632 -0.590655
v 5.220308 1.74485 -0.751418
v 5.220308 1.617454 -0.791688
v 5.220308 1.717658 -0.772902
v 5.220308 1.686115 -0.787253
v 5.220308 1.652053 -0.793639
v 5.220308 1.780204 -0.692393
v 5.220308 1.76611 -0.724052
v 5.220308 1.786311 -0.658281
v 5.220308 1.499265 -0.642094
v 5.220308 1.505373 -0.607982
v 5.220308 1.511944 -0.709719
v 5.220308 1.501499 -0.676677
v 5.220308 1.529993 -0.739303
v 5.220308 1.554597 -0.763707
v 5.220308 1.584327 -0.781514
v 1.4534 1.162957 -1.207872
v 1.4534 1.213517 -1.02658
v 1.4534 1.261025 -1.176873
v 1.4534 1.097018 -0.658028
v 1.4534 0.939378 -0.500565
v 1.4534 1.037446 -0.469566
v 1.4534 1.347127 -0.578968
v 1.4534 1.463626 -0.947521
v 1.4534 2.131187 -0.901815
v 1.4534 1.511134 -1.097813
v 1.4534 1.907608 -0.194509
v 1.4534 1.287555 -0.390507
v 2.798116 0.153043 -0.24857
v 2.798116 0.264942 -0.213198
v 2.798116 0.111332 -0.116614
v 2.798116 0.307417 -0.211313
v 2.798116 0.853092 0.117856
v 2.798116 0.345144 -0.230917
v 2.798116 0.368014 -0.266759
v 2.798116 0.97811 -0.277645
v 2.798116 0.426565 -0.451988
v 3.51426 0.111332 -0.116614
v 3.51426 0.264942 -0.213198
v 3.51426 0.153043 -0.24857
v 3.51426 0.307417 -0.211313
v 3.51426 0.853092 0.117856
v 3.51426 0.345144 -0.230917
v 3.51426 0.368014 -0.266759
v 3.51426 0.97811 -0.277645
v 3.51426 0.426565 -0.451988
v 1.4534 0.939378 -0.500565
v 1.292816 1.037446 -0.469566
v 1.4534 1.037446 -0.469566
v -0.5466 0.939378 -0.500565
v 1.292816 1.287555 -0.390507
v -0.5466 1.907608 -0.194509
v 1.4534 1.907608 -0.194509
v 1.4534 1.287555 -0.390507
v 0.033279 1.11483 -0.262082
v 0.008614 1.090164 -0.262082
v 0.008614 1.11483 -0.257811
v 0.032022 1.091422 -0.265994
v 0.053746 1.11483 -0.274836
v 0.008614 1.069698 -0.274836
v 0.051033 1.092866 -0.277548
v 0.0665 1.11483 -0.295302
v 0.030577 1.072411 -0.277548
v 0.062587 1.091422 -0.29656
v 0.07077 1.11483 -0.319968
v 0.032022 1.060856 -0.29656
v 0.008614 1.056944 -0.295302
v 0.045633 1.07781 -0.282948
v 0.051033 1.072411 -0.298004
v 0.0665 1.090164 -0.319968
v 0.0665 1.11483 -0.344633
v 0.033279 1.056944 -0.319968
v 0.008614 1.052674 -0.319968
v 0.053746 1.069698 -0.319968
v 0.062587 1.091422 -0.343376
v 0.053746 1.11483 -0.365099
v 0.032022 1.060856 -0.343376
v 0.008614 1.056944 -0.344633
v 0.051033 1.072411 -0.341931
v 0.051033 1.092866 -0.362387
v 0.033279 1.11483 -0.377853
v 0.030577 1.072411 -0.362387
v 0.008614 1.069698 -0.365099
v 0.008614 1.090165 -0.377853
v 0.045633 1.07781 -0.356987
v 0.032022 1.091422 -0.373941
v 0.008614 1.11483 -0.382124
v -0.016052 1.11483 -0.262082
v 0.008614 1.139495 -0.262082
v 0.008614 1.11483 -0.257811
v -0.014794 1.138238 -0.265994
v -0.036518 1.11483 -0.274836
v 0.008614 1.159962 -0.274836
v -0.033805 1.136794 -0.277548
v -0.049272 1.11483 -0.295302
v -0.01335 1.157249 -0.277548
v -0.04536 1.138238 -0.29656
v -0.053542 1.11483 -0.319968
v -0.014794 1.168804 -0.29656
v 0.008614 1.172716 -0.295302
v -0.028405 1.151849 -0.282948
v -0.033805 1.157249 -0.298004
v -0.049272 1.139495 -0.319968
v -0.049272 1.11483 -0.344633
v -0.016052 1.172716 -0.319968
v 0.008614 1.176986 -0.319968
v -0.036518 1.159962 -0.319968
v -0.04536 1.138238 -0.343376
v -0.036518 1.11483 -0.365099
v -0.014794 1.168804 -0.343376
v 0.008614 1.172716 -0.344633
v -0.033805 1.157249 -0.341931
v -0.033805 1.136794 -0.362387
v -0.016052 1.11483 -0.377853
v -0.01335 1.157249 -0.362387
v 0.008614 1.159962 -0.365099
v 0.008614 1.139495 -0.377853
v -0.028405 1.151849 -0.356987
v -0.014794 1.138238 -0.373941
v 0.008614 1.11483 -0.382124
v -0.016052 1.11483 -0.377853
v 0.008614 1.090165 -0.377853
v 0.008614 1.11483 -0.382124
v -0.014794 1.091422 -0.373941
v -0.036518 1.11483 -0.365099
v 0.008614 1.069698 -0.365099
v -0.033805 1.092866 -0.362387
v -0.049272 1.11483 -0.344633
v -0.01335 1.072411 -0.362387
v -0.04536 1.091422 -0.343376
v -0.053542 1.11483 -0.319968
v -0.014794 1.060856 -0.343376
v 0.008614 1.056944 -0.344633
v -0.028405 1.07781 -0.356987
v -0.033805 1.072411 -0.341931
v -0.049272 1.090164 -0.319968
v -0.049272 1.11483 -0.295302
v -0.016052 1.056944 -0.319968
v 0.008614 1.052674 -0.319968
v -0.036518 1.069698 -0.319968
v -0.04536 1.091422 -0.29656
v -0.036518 1.11483 -0.274836
v -0.014794 1.060856 -0.29656
v 0.008614 1.056944 -0.295302
v -0.033805 1.072411 -0.298004
v -0.033805 1.092866 -0.277548
v -0.016052 1.11483 -0.262082
v -0.01335 1.072411 -0.277548
v 0.008614 1.069698 -0.274836
v 0.008614 1.090164 -0.262082
v -0.028405 1.07781 -0.282948
v -0.014794 1.091422 -0.265994
v 0.008614 1.11483 -0.257811
v 0.033279 1.11483 -0.377853
v 0.008614 1.139495 -0.377853
v 0.008614 1.11483 -0.382124
v 0.032022 1.138238 -0.373941
v 0.053746 1.11483 -0.365099
v 0.008614 1.159962 -0.365099
v 0.051033 1.136794 -0.362387
v 0.0665 1.11483 -0.344633
v 0.030577 1.157249 -0.362387
v 0.062587 1.138238 -0.343376
v 0.07077 1.11483 -0.319968
v 0.032022 1.168804 -0.343376
v 0.008614 1.172716 -0.344633
v 0.045633 1.151849 -0.356987
v 0.051033 1.157249 -0.341931
v 0.0665 1.139495 -0.319968
v 0.0665 1.11483 -0.295302
v 0.033279 1.172716 -0.319968
v 0.008614 1.176986 -0.319968
v 0.053746 1.159962 -0.319968
v 0.062587 1.138238 -0.29656
v 0.053746 1.11483 -0.274836
v 0.032022 1.168804 -0.29656
v 0.008614 1.172716 -0.295302
v 0.051033 1.157249 -0.298004
v 0.051033 1.136794 -0.277548
v 0.033279 1.11483 -0.262082
v 0.030577 1.157249 -0.277548
v 0.008614 1.159962 -0.274836
v 0.008614 1.139495 -0.262082
v 0.045633 1.151849 -0.282948
v 0.032022 1.138238 -0.265994
v 0.008614 1.11483 -0.257811
v -0.02026 1.328959 -0.382659
v 0.013957 1.306771 -0.26347
v 0.013957 1.324997 -0.383911
v -0.015731 1.310208 -0.262384
v -0.052487 1.340613 -0.378975
v -0.043693 1.32032 -0.259187
v -0.080853 1.359282 -0.373074
v -0.068305 1.336518 -0.254067
v -0.103709 1.383881 -0.365298
v -0.088136 1.357862 -0.24732
v -0.119727 1.412981 -0.356099
v -0.102034 1.383111 -0.239339
v -0.127975 1.444891 -0.346013
v -0.109191 1.410797 -0.230588
v -0.127975 1.477755 -0.335624
v -0.109191 1.439312 -0.221574
v -0.119727 1.509665 -0.325538
v -0.102034 1.466998 -0.212823
v -0.103709 1.538765 -0.316339
v -0.088136 1.492247 -0.204842
v -0.080853 1.563364 -0.308564
v -0.068305 1.513591 -0.198095
v -0.052487 1.582033 -0.302662
v -0.043693 1.529789 -0.192975
v -0.02026 1.593687 -0.298978
v -0.015731 1.5399 -0.189778
v 0.013957 1.597648 -0.297726
v 0.013957 1.543337 -0.188692
v 0.048172 1.593687 -0.298978
v 0.043644 1.5399 -0.189778
v 0.0804 1.582033 -0.302662
v 0.071606 1.529789 -0.192975
v 0.108766 1.563364 -0.308564
v 0.096218 1.513591 -0.198095
v 0.131622 1.538765 -0.316339
v 0.116049 1.492247 -0.204842
v 0.14764 1.509664 -0.325538
v 0.129947 1.466998 -0.212823
v 0.155888 1.477755 -0.335624
v 0.137104 1.439312 -0.221574
v 0.155888 1.444891 -0.346013
v 0.137104 1.410797 -0.230588
v 0.14764 1.412981 -0.356099
v 0.129947 1.383111 -0.239339
v 0.131622 1.383881 -0.365298
v 0.116049 1.357862 -0.247321
v 0.108766 1.359282 -0.373074
v 0.096218 1.336518 -0.254067
v 0.0804 1.340613 -0.378975
v 0.071606 1.32032 -0.259187
v 0.048172 1.328959 -0.382659
v 0.043644 1.310208 -0.262384
v 0.013957 1.324997 -0.383911
v 0.013957 1.306771 -0.26347
v -0.043693 1.32032 -0.259187
v 0.013957 1.306771 -0.26347
v -0.015731 1.310208 -0.262384
v 0.043644 1.310208 -0.262384
v 0.071606 1.32032 -0.259187
v -0.102034 1.466998 -0.212823
v -0.088136 1.357862 -0.24732
v -0.109191 1.410797 -0.230588
v -0.102034 1.383111 -0.239339
v -0.109191 1.439312 -0.221574
v 0.096218 1.513591 -0.198095
v 0.137104 1.410797 -0.230588
v 0.129947 1.383111 -0.239339
v 0.116049 1.357862 -0.247321
v 0.096218 1.336518 -0.254067
v 0.137104 1.439312 -0.221574
v 0.129947 1.466998 -0.212823
v 0.116049 1.492247 -0.204842
v -0.015731 1.5399 -0.189778
v 0.071606 1.529789 -0.192975
v 0.043644 1.5399 -0.189778
v 0.013957 1.543337 -0.188692
v -0.043693 1.529789 -0.192975
v -0.068305 1.513591 -0.198095
v -0.088136 1.492247 -0.204842
v -0.000412 1.32394 -0.331771
v -0.013175 1.11483 -0.328993
v -0.000412 1.11483 -0.341757
v -0.013175 1.32394 -0.319007
v -0.013175 1.11483 -0.310942
v -0.013175 1.32394 -0.300956
v -0.000412 1.11483 -0.298178
v -0.000412 1.32394 -0.288192
v 0.017639 1.32394 -0.288192
v 0.017639 1.11483 -0.298178
v 0.030403 1.11483 -0.310942
v 0.030403 1.32394 -0.300956
v 0.030403 1.11483 -0.328993
v 0.030403 1.32394 -0.319007
v 0.017639 1.11483 -0.341757
v 0.017639 1.32394 -0.331771
v -0.000412 1.11483 -0.341757
v -0.000412 1.32394 -0.331771
v 0.411433 1.115453 -0.263096
v 0.386768 1.090788 -0.263096
v 0.386768 1.115453 -0.258826
v 0.410176 1.092045 -0.267008
v 0.4319 1.115453 -0.27585
v 0.386768 1.070321 -0.27585
v 0.429187 1.09349 -0.278562
v 0.444654 1.115453 -0.296316
v 0.408732 1.073034 -0.278562
v 0.440742 1.092045 -0.297574
v 0.448924 1.115453 -0.320982
v 0.410176 1.06148 -0.297574
v 0.386768 1.057567 -0.296316
v 0.423787 1.078434 -0.283962
v 0.429187 1.073034 -0.299018
v 0.444654 1.090788 -0.320982
v 0.444654 1.115453 -0.345647
v 0.411433 1.057567 -0.320982
v 0.386768 1.053297 -0.320982
v 0.4319 1.070321 -0.320982
v 0.440742 1.092045 -0.34439
v 0.4319 1.115453 -0.366114
v 0.410176 1.06148 -0.34439
v 0.386768 1.057567 -0.345647
v 0.429187 1.073034 -0.342945
v 0.429187 1.093489 -0.363401
v 0.411433 1.115453 -0.378868
v 0.408732 1.073034 -0.363401
v 0.386768 1.070321 -0.366114
v 0.386768 1.090788 -0.378868
v 0.423787 1.078434 -0.358001
v 0.410176 1.092045 -0.374955
v 0.386768 1.115453 -0.383138
v 0.362103 1.115453 -0.263096
v 0.386768 1.140118 -0.263096
v 0.386768 1.115453 -0.258826
v 0.36336 1.138861 -0.267008
v 0.341636 1.115453 -0.27585
v 0.386768 1.160585 -0.27585
v 0.344349 1.137417 -0.278562
v 0.328882 1.115453 -0.296316
v 0.364804 1.157872 -0.278562
v 0.332794 1.138861 -0.297574
v 0.324612 1.115453 -0.320982
v 0.36336 1.169427 -0.297574
v 0.386768 1.173339 -0.296316
v 0.349748 1.152473 -0.283962
v 0.344349 1.157872 -0.299018
v 0.328882 1.140118 -0.320982
v 0.328882 1.115453 -0.345647
v 0.362103 1.173339 -0.320982
v 0.386768 1.177609 -0.320982
v 0.341636 1.160585 -0.320982
v 0.332794 1.138861 -0.34439
v 0.341636 1.115453 -0.366114
v 0.36336 1.169427 -0.34439
v 0.386768 1.173339 -0.345647
v 0.344349 1.157872 -0.342945
v 0.344349 1.137417 -0.363401
v 0.362103 1.115453 -0.378868
v 0.364804 1.157872 -0.363401
v 0.386768 1.160585 -0.366114
v 0.386768 1.140118 -0.378868
v 0.349748 1.152473 -0.358001
v 0.36336 1.138861 -0.374955
v 0.386768 1.115453 -0.383138
v 0.362103 1.115453 -0.378868
v 0.386768 1.090788 -0.378868
v 0.386768 1.115453 -0.383138
v 0.36336 1.092045 -0.374955
v 0.341636 1.115453 -0.366114
v 0.386768 1.070321 -0.366114
v 0.344349 1.093489 -0.363401
v 0.328882 1.115453 -0.345647
v 0.364804 1.073034 -0.363401
v 0.332794 1.092045 -0.34439
v 0.324612 1.115453 -0.320982
v 0.36336 1.06148 -0.34439
v 0.386768 1.057567 -0.345647
v 0.349748 1.078434 -0.358001
v 0.344349 1.073034 -0.342945
v 0.328882 1.090788 -0.320982
v 0.328882 1.115453 -0.296316
v 0.362103 1.057567 -0.320982
v 0.386768 1.053297 -0.320982
v 0.341636 1.070321 -0.320982
v 0.332794 1.092045 -0.297574
v 0.341636 1.115453 -0.27585
v 0.36336 1.06148 -0.297574
v 0.386768 1.057567 -0.296316
v 0.344349 1.073034 -0.299018
v 0.344349 1.09349 -0.278562
v 0.362103 1.115453 -0.263096
v 0.364804 1.073034 -0.278562
v 0.386768 1.070321 -0.27585
v 0.386768 1.090788 -0.263096
v 0.349748 1.078434 -0.283962
v 0.36336 1.092045 -0.267008
v 0.386768 1.115453 -0.258826
v 0.411433 1.115453 -0.378868
v 0.386768 1.140118 -0.378868
v 0.386768 1.115453 -0.383138
v 0.410176 1.138861 -0.374955
v 0.4319 1.115453 -0.366114
v 0.386768 1.160585 -0.366114
v 0.429187 1.137417 -0.363401
v 0.444654 1.115453 -0.345647
v 0.408732 1.157872 -0.363401
v 0.440742 1.138861 -0.34439
v 0.448924 1.115453 -0.320982
v 0.410176 1.169427 -0.34439
v 0.386768 1.173339 -0.345647
v 0.423787 1.152473 -0.358001
v 0.429187 1.157872 -0.342945
v 0.444654 1.140118 -0.320982
v 0.444654 1.115453 -0.296316
v 0.411433 1.173339 -0.320982
v 0.386768 1.177609 -0.320982
v 0.4319 1.160585 -0.320982
v 0.440742 1.138861 -0.297574
v 0.4319 1.115453 -0.27585
v 0.410176 1.169427 -0.297574
v 0.386768 1.173339 -0.296316
v 0.429187 1.157872 -0.299018
v 0.429187 1.137417 -0.278562
v 0.411433 1.115453 -0.263096
v 0.408732 1.157872 -0.278562
v 0.386768 1.160585 -0.27585
v 0.386768 1.140118 -0.263096
v 0.423787 1.152473 -0.283962
v 0.410176 1.138861 -0.267008
v 0.386768 1.115453 -0.258826
v 0.357895 1.329582 -0.383673
v 0.39211 1.307395 -0.264484
v 0.39211 1.325621 -0.384925
v 0.362423 1.310832 -0.263398
v 0.325667 1.341236 -0.379989
v 0.334461 1.320943 -0.260202
v 0.297301 1.359905 -0.374088
v 0.309849 1.337142 -0.255081
v 0.274445 1.384504 -0.366312
v 0.290018 1.358485 -0.248335
v 0.258427 1.413604 -0.357114
v 0.27612 1.383734 -0.240354
v 0.250179 1.445514 -0.347027
v 0.268963 1.41142 -0.231602
v 0.250179 1.478378 -0.336639
v 0.268963 1.439935 -0.222588
v 0.258427 1.510288 -0.326552
v 0.27612 1.467621 -0.213837
v 0.274445 1.539388 -0.317354
v 0.290018 1.49287 -0.205856
v 0.297301 1.563987 -0.309578
v 0.309849 1.514214 -0.199109
v 0.325667 1.582656 -0.303676
v 0.334461 1.530412 -0.193989
v 0.357895 1.59431 -0.299993
v 0.362423 1.540524 -0.190792
v 0.39211 1.598272 -0.29874
v 0.39211 1.543961 -0.189706
v 0.426327 1.59431 -0.299993
v 0.421798 1.540524 -0.190792
v 0.458554 1.582656 -0.303676
v 0.44976 1.530412 -0.193989
v 0.48692 1.563987 -0.309578
v 0.474372 1.514214 -0.199109
v 0.509776 1.539388 -0.317354
v 0.494203 1.49287 -0.205856
v 0.525794 1.510288 -0.326552
v 0.508101 1.467621 -0.213837
v 0.534042 1.478378 -0.336639
v 0.515258 1.439935 -0.222588
v 0.534042 1.445514 -0.347027
v 0.515258 1.41142 -0.231602
v 0.525794 1.413604 -0.357114
v 0.508101 1.383734 -0.240354
v 0.509776 1.384504 -0.366312
v 0.494203 1.358485 -0.248335
v 0.48692 1.359905 -0.374088
v 0.474372 1.337141 -0.255081
v 0.458554 1.341236 -0.379989
v 0.44976 1.320943 -0.260202
v 0.426326 1.329582 -0.383673
v 0.421798 1.310832 -0.263398
v 0.39211 1.325621 -0.384925
v 0.39211 1.307395 -0.264484
v 0.334461 1.320943 -0.260202
v 0.39211 1.307395 -0.264484
v 0.362423 1.310832 -0.263398
v 0.421798 1.310832 -0.263398
v 0.44976 1.320943 -0.260202
v 0.27612 1.467621 -0.213837
v 0.290018 1.358485 -0.248335
v 0.268963 1.41142 -0.231602
v 0.27612 1.383734 -0.240354
v 0.268963 1.439935 -0.222588
v 0.474372 1.514214 -0.199109
v 0.515258 1.41142 -0.231602
v 0.508101 1.383734 -0.240354
v 0.494203 1.358485 -0.248335
v 0.474372 1.337141 -0.255081
v 0.515258 1.439935 -0.222588
v 0.508101 1.467621 -0.213837
v 0.494203 1.49287 -0.205856
v 0.362423 1.540524 -0.190792
v 0.44976 1.530412 -0.193989
v 0.421798 1.540524 -0.190792
v 0.39211 1.543961 -0.189706
v 0.334461 1.530412 -0.193989
v 0.309849 1.514214 -0.199109
v 0.290018 1.49287 -0.205856
v 0.377742 1.324563 -0.332785
v 0.364979 1.115453 -0.330007
v 0.377742 1.115453 -0.342771
v 0.364979 1.324563 -0.320021
v 0.364979 1.115453 -0.311956
v 0.364979 1.324563 -0.30197
v 0.377742 1.115453 -0.299192
v 0.377742 1.324563 -0.289207
v 0.395793 1.324563 -0.289207
v 0.395793 1.115453 -0.299192
v 0.408557 1.115453 -0.311956
v 0.408557 1.324563 -0.30197
v 0.408557 1.115453 -0.330007
v 0.408557 1.324563 -0.320021
v 0.395793 1.115453 -0.342771
v 0.395793 1.324563 -0.332785
v 0.377742 1.115453 -0.342771
v 0.377742 1.324563 -0.332785
v 0.795266 1.115453 -0.263096
v 0.7706 1.090788 -0.263096
v 0.7706 1.115453 -0.258826
v 0.794008 1.092045 -0.267008
v 0.815732 1.115453 -0.27585
v 0.7706 1.070321 -0.27585
v 0.813019 1.09349 -0.278562
v 0.828486 1.115453 -0.296316
v 0.792564 1.073034 -0.278562
v 0.824574 1.092045 -0.297574
v 0.832756 1.115453 -0.320982
v 0.794008 1.06148 -0.297574
v 0.7706 1.057567 -0.296316
v 0.807619 1.078434 -0.283962
v 0.813019 1.073034 -0.299018
v 0.828486 1.090788 -0.320982
v 0.828486 1.115453 -0.345647
v 0.795266 1.057567 -0.320982
v 0.7706 1.053297 -0.320982
v 0.815732 1.070321 -0.320982
v 0.824574 1.092045 -0.34439
v 0.815732 1.115453 -0.366114
v 0.794008 1.06148 -0.34439
v 0.7706 1.057567 -0.345647
v 0.813019 1.073034 -0.342945
v 0.813019 1.093489 -0.363401
v 0.795266 1.115453 -0.378868
v 0.792564 1.073034 -0.363401
v 0.7706 1.070321 -0.366114
v 0.7706 1.090788 -0.378868
v 0.807619 1.078434 -0.358001
v 0.794008 1.092045 -0.374955
v 0.7706 1.115453 -0.383138
v 0.745935 1.115453 -0.263096
v 0.7706 1.140118 -0.263096
v 0.7706 1.115453 -0.258826
v 0.747192 1.138861 -0.267008
v 0.725468 1.115453 -0.27585
v 0.7706 1.160585 -0.27585
v 0.728181 1.137417 -0.278562
v 0.712714 1.115453 -0.296316
v 0.748636 1.157872 -0.278562
v 0.716627 1.138861 -0.297574
v 0.708444 1.115453 -0.320982
v 0.747192 1.169427 -0.297574
v 0.7706 1.173339 -0.296316
v 0.733581 1.152473 -0.283962
v 0.728181 1.157872 -0.299018
v 0.712714 1.140118 -0.320982
v 0.712714 1.115453 -0.345647
v 0.745935 1.173339 -0.320982
v 0.7706 1.177609 -0.320982
v 0.725468 1.160585 -0.320982
v 0.716627 1.138861 -0.34439
v 0.725468 1.115453 -0.366114
v 0.747192 1.169427 -0.34439
v 0.7706 1.173339 -0.345647
v 0.728181 1.157872 -0.342945
v 0.728181 1.137417 -0.363401
v 0.745935 1.115453 -0.378868
v 0.748636 1.157872 -0.363401
v 0.7706 1.160585 -0.366114
v 0.7706 1.140118 -0.378868
v 0.733581 1.152473 -0.358001
v 0.747192 1.138861 -0.374955
v 0.7706 1.115453 -0.383138
v 0.745935 1.115453 -0.378868
v 0.7706 1.090788 -0.378868
v 0.7706 1.115453 -0.383138
v 0.747192 1.092045 -0.374955
v 0.725468 1.115453 -0.366114
v 0.7706 1.070321 -0.366114
v 0.728181 1.093489 -0.363401
v 0.712714 1.115453 -0.345647
v 0.748636 1.073034 -0.363401
v 0.716627 1.092045 -0.34439
v 0.708444 1.115453 -0.320982
v 0.747192 1.06148 -0.34439
v 0.7706 1.057567 -0.345647
v 0.733581 1.078434 -0.358001
v 0.728181 1.073034 -0.342945
v 0.712714 1.090788 -0.320982
v 0.712714 1.115453 -0.296316
v 0.745935 1.057567 -0.320982
v 0.7706 1.053297 -0.320982
v 0.725468 1.070321 -0.320982
v 0.716627 1.092045 -0.297574
v 0.725468 1.115453 -0.27585
v 0.747192 1.06148 -0.297574
v 0.7706 1.057567 -0.296316
v 0.728181 1.073034 -0.299018
v 0.728181 1.09349 -0.278562
v 0.745935 1.115453 -0.263096
v 0.748636 1.073034 -0.278562
v 0.7706 1.070321 -0.27585
v 0.7706 1.090788 -0.263096
v 0.733581 1.078434 -0.283962
v 0.747192 1.092045 -0.267008
v 0.7706 1.115453 -0.258826
v 0.795266 1.115453 -0.378868
v 0.7706 1.140118 -0.378868
v 0.7706 1.115453 -0.383138
v 0.794008 1.138861 -0.374955
v 0.815732 1.115453 -0.366114
v 0.7706 1.160585 -0.366114
v 0.813019 1.137417 -0.363401
v 0.828486 1.115453 -0.345647
v 0.792564 1.157872 -0.363401
v 0.824574 1.138861 -0.34439
v 0.832756 1.115453 -0.320982
v 0.794008 1.169427 -0.34439
v 0.7706 1.173339 -0.345647
v 0.807619 1.152473 -0.358001
v 0.813019 1.157872 -0.342945
v 0.828486 1.140118 -0.320982
v 0.828486 1.115453 -0.296316
v 0.795266 1.173339 -0.320982
v 0.7706 1.177609 -0.320982
v 0.815732 1.160585 -0.320982
v 0.824574 1.138861 -0.297574
v 0.815732 1.115453 -0.27585
v 0.794008 1.169427 -0.297574
v 0.7706 1.173339 -0.296316
v 0.813019 1.157872 -0.299018
v 0.813019 1.137417 -0.278562
v 0.795266 1.115453 -0.263096
v 0.792564 1.157872 -0.278562
v 0.7706 1.160585 -0.27585
v 0.7706 1.140118 -0.263096
v 0.807619 1.152473 -0.283962
v 0.794008 1.138861 -0.267008
v 0.7706 1.115453 -0.258826
v 0.741727 1.329582 -0.383673
v 0.775943 1.307395 -0.264484
v 0.775943 1.325621 -0.384925
v 0.746255 1.310832 -0.263398
v 0.709499 1.341236 -0.379989
v 0.718293 1.320943 -0.260202
v 0.681133 1.359905 -0.374088
v 0.693681 1.337142 -0.255081
v 0.658277 1.384504 -0.366312
v 0.67385 1.358485 -0.248335
v 0.642259 1.413604 -0.357114
v 0.659952 1.383734 -0.240354
v 0.634011 1.445514 -0.347027
v 0.652795 1.41142 -0.231602
v 0.634011 1.478378 -0.336639
v 0.652795 1.439935 -0.222588
v 0.642259 1.510288 -0.326552
v 0.659952 1.467621 -0.213837
v 0.658277 1.539388 -0.317354
v 0.67385 1.49287 -0.205856
v 0.681133 1.563987 -0.309578
v 0.693681 1.514214 -0.199109
v 0.709499 1.582656 -0.303676
v 0.718293 1.530412 -0.193989
v 0.741727 1.59431 -0.299993
v 0.746255 1.540524 -0.190792
v 0.775943 1.598272 -0.29874
v 0.775943 1.543961 -0.189706
v 0.810159 1.59431 -0.299993
v 0.80563 1.540524 -0.190792
v 0.842386 1.582656 -0.303676
v 0.833592 1.530412 -0.193989
v 0.870752 1.563987 -0.309578
v 0.858204 1.514214 -0.199109
v 0.893608 1.539388 -0.317354
v 0.878035 1.49287 -0.205856
v 0.909626 1.510288 -0.326552
v 0.891933 1.467621 -0.213837
v 0.917874 1.478378 -0.336639
v 0.89909 1.439935 -0.222588
v 0.917874 1.445514 -0.347027
v 0.89909 1.41142 -0.231602
v 0.909626 1.413604 -0.357114
v 0.891933 1.383734 -0.240354
v 0.893608 1.384504 -0.366312
v 0.878035 1.358485 -0.248335
v 0.870752 1.359905 -0.374088
v 0.858204 1.337141 -0.255081
v 0.842386 1.341236 -0.379989
v 0.833592 1.320943 -0.260202
v 0.810158 1.329582 -0.383673
v 0.80563 1.310832 -0.263398
v 0.775943 1.325621 -0.384925
v 0.775943 1.307395 -0.264484
v 0.718293 1.320943 -0.260202
v 0.775943 1.307395 -0.264484
v 0.746255 1.310832 -0.263398
v 0.80563 1.310832 -0.263398
v 0.833592 1.320943 -0.260202
v 0.659952 1.467621 -0.213837
v 0.67385 1.358485 -0.248335
v 0.652795 1.41142 -0.231602
v 0.659952 1.383734 -0.240354
v 0.652795 1.439935 -0.222588
v 0.858204 1.514214 -0.199109
v 0.89909 1.41142 -0.231602
v 0.891933 1.383734 -0.240354
v 0.878035 1.358485 -0.248335
v 0.858204 1.337141 -0.255081
v 0.89909 1.439935 -0.222588
v 0.891933 1.467621 -0.213837
v 0.878035 1.49287 -0.205856
v 0.746255 1.540524 -0.190792
v 0.833592 1.530412 -0.193989
v 0.80563 1.540524 -0.190792
v 0.775943 1.543961 -0.189706
v 0.718293 1.530412 -0.193989
v 0.693681 1.514214 -0.199109
v 0.67385 1.49287 -0.205856
v 0.761575 1.324563 -0.332785
v 0.748811 1.115453 -0.330007
v 0.761575 1.115453 -0.342771
v 0.748811 1.324563 -0.320021
v 0.748811 1.115453 -0.311956
v 0.748811 1.324563 -0.30197
v 0.761575 1.115453 -0.299192
v 0.761575 1.324563 -0.289207
v 0.779625 1.324563 -0.289207
v 0.779625 1.115453 -0.299192
v 0.792389 1.115453 -0.311956
v 0.792389 1.324563 -0.30197
v 0.792389 1.115453 -0.330007
v 0.792389 1.324563 -0.320021
v 0.779625 1.115453 -0.342771
v 0.779625 1.324563 -0.332785
v 0.761575 1.115453 -0.342771
v 0.761575 1.324563 -0.332785
v 0.478145 0.001411 0.057818
v 0.453479 -0.023254 0.057818
v 0.453479 0.001411 0.062088
v 0.476887 -0.021996 0.053906
v 0.498611 0.001411 0.045064
v 0.453479 -0.04372 0.045064
v 0.495899 -0.020552 0.042351
v 0.511365 0.001411 0.024598
v 0.475443 -0.041008 0.042351
v 0.507453 -0.021997 0.02334
v 0.515635 0.001411 -6.8E-05
v 0.476887 -0.052562 0.02334
v 0.453479 -0.056474 0.024598
v 0.490499 -0.035608 0.036952
v 0.495899 -0.041008 0.021896
v 0.511365 -0.023254 -6.8E-05
v 0.511365 0.001411 -0.024733
v 0.478145 -0.056474 -6.8E-05
v 0.453479 -0.060745 -6.8E-05
v 0.498611 -0.04372 -6.8E-05
v 0.507453 -0.021997 -0.023476
v 0.498611 0.001411 -0.0452
v 0.476887 -0.052562 -0.023476
v 0.453479 -0.056474 -0.024733
v 0.495899 -0.041008 -0.022032
v 0.495899 -0.020552 -0.042487
v 0.478145 0.001411 -0.057954
v 0.475443 -0.041008 -0.042487
v 0.453479 -0.04372 -0.0452
v 0.453479 -0.023254 -0.057954
v 0.490499 -0.035608 -0.037087
v 0.476887 -0.021997 -0.054042
v 0.453479 0.001411 -0.062224
v 0.428814 0.001411 0.057818
v 0.453479 0.026077 0.057818
v 0.453479 0.001411 0.062088
v 0.430071 0.024819 0.053906
v 0.408347 0.001411 0.045064
v 0.453479 0.046543 0.045064
v 0.41106 0.023375 0.042351
v 0.395594 0.001411 0.024598
v 0.431516 0.043831 0.042351
v 0.399506 0.024819 0.02334
v 0.391323 0.001411 -6.8E-05
v 0.430071 0.055385 0.02334
v 0.453479 0.059297 0.024597
v 0.41646 0.038431 0.036952
v 0.41106 0.043831 0.021896
v 0.395594 0.026077 -6.8E-05
v 0.395594 0.001411 -0.024733
v 0.428814 0.059297 -6.8E-05
v 0.453479 0.063568 -6.8E-05
v 0.408347 0.046543 -6.8E-05
v 0.399506 0.024819 -0.023476
v 0.408347 0.001411 -0.0452
v 0.430071 0.055385 -0.023476
v 0.453479 0.059297 -0.024733
v 0.41106 0.043831 -0.022031
v 0.41106 0.023375 -0.042487
v 0.428814 0.001411 -0.057954
v 0.431516 0.043831 -0.042487
v 0.453479 0.046543 -0.0452
v 0.453479 0.026077 -0.057954
v 0.41646 0.038431 -0.037087
v 0.430071 0.024819 -0.054041
v 0.453479 0.001411 -0.062224
v 0.428814 0.001411 -0.057954
v 0.453479 -0.023254 -0.057954
v 0.453479 0.001411 -0.062224
v 0.430071 -0.021997 -0.054042
v 0.408347 0.001411 -0.0452
v 0.453479 -0.04372 -0.0452
v 0.41106 -0.020552 -0.042487
v 0.395594 0.001411 -0.024733
v 0.431516 -0.041008 -0.042487
v 0.399506 -0.021997 -0.023476
v 0.391323 0.001411 -6.8E-05
v 0.430071 -0.052562 -0.023476
v 0.453479 -0.056474 -0.024733
v 0.41646 -0.035608 -0.037087
v 0.41106 -0.041008 -0.022032
v 0.395594 -0.023254 -6.8E-05
v 0.395594 0.001411 0.024598
v 0.428814 -0.056474 -6.8E-05
v 0.453479 -0.060745 -6.8E-05
v 0.408347 -0.04372 -6.8E-05
v 0.399506 -0.021997 0.02334
v 0.408347 0.001411 0.045064
v 0.430071 -0.052562 0.02334
v 0.453479 -0.056474 0.024598
v 0.41106 -0.041008 0.021896
v 0.41106 -0.020552 0.042351
v 0.428814 0.001411 0.057818
v 0.431516 -0.041008 0.042351
v 0.453479 -0.04372 0.045064
v 0.453479 -0.023254 0.057818
v 0.41646 -0.035608 0.036952
v 0.430071 -0.021996 0.053906
v 0.453479 0.001411 0.062088
v 0.478145 0.001411 -0.057954
v 0.453479 0.026077 -0.057954
v 0.453479 0.001411 -0.062224
v 0.476887 0.024819 -0.054041
v 0.498611 0.001411 -0.0452
v 0.453479 0.046543 -0.0452
v 0.495899 0.023375 -0.042487
v 0.511365 0.001411 -0.024733
v 0.475443 0.043831 -0.042487
v 0.507453 0.024819 -0.023476
v 0.515635 0.001411 -6.8E-05
v 0.476887 0.055385 -0.023476
v 0.453479 0.059297 -0.024733
v 0.490499 0.038431 -0.037087
v 0.495899 0.043831 -0.022032
v 0.511365 0.026077 -6.8E-05
v 0.511365 0.001411 0.024598
v 0.478145 0.059297 -6.8E-05
v 0.453479 0.063568 -6.8E-05
v 0.498611 0.046543 -6.8E-05
v 0.507453 0.024819 0.02334
v 0.498611 0.001411 0.045064
v 0.476887 0.055385 0.02334
v 0.453479 0.059297 0.024597
v 0.495899 0.043831 0.021896
v 0.495899 0.023375 0.042351
v 0.478145 0.001411 0.057818
v 0.475443 0.043831 0.042351
v 0.453479 0.046543 0.045064
v 0.453479 0.026077 0.057818
v 0.490499 0.038431 0.036952
v 0.476887 0.024819 0.053906
v 0.453479 0.001411 0.062088
v 0.422398 0.210325 -0.066327
v 0.456614 0.188138 0.052862
v 0.456614 0.206364 -0.067579
v 0.426926 0.191575 0.053948
v 0.390171 0.221979 -0.062643
v 0.398964 0.201687 0.057144
v 0.361805 0.240648 -0.056742
v 0.374352 0.217885 0.062265
v 0.338948 0.265248 -0.048966
v 0.354522 0.239229 0.069011
v 0.322931 0.294348 -0.039768
v 0.340624 0.264477 0.076993
v 0.314682 0.326257 -0.029681
v 0.333467 0.292164 0.085744
v 0.314682 0.359122 -0.019293
v 0.333467 0.320678 0.094758
v 0.322931 0.391031 -0.009206
v 0.340624 0.348365 0.103509
v 0.338948 0.420131 -7E-06
v 0.354522 0.373613 0.11149
v 0.361805 0.444731 0.007768
v 0.374352 0.394957 0.118237
v 0.390171 0.4634 0.01367
v 0.398964 0.411155 0.123357
v 0.422398 0.475054 0.017353
v 0.426926 0.421267 0.126554
v 0.456614 0.479015 0.018606
v 0.456614 0.424704 0.12764
v 0.49083 0.475054 0.017353
v 0.486302 0.421267 0.126554
v 0.523057 0.4634 0.01367
v 0.514264 0.411155 0.123357
v 0.551423 0.444731 0.007768
v 0.538876 0.394957 0.118237
v 0.574279 0.420131 -8E-06
v 0.558707 0.373613 0.11149
v 0.590297 0.391031 -0.009206
v 0.572604 0.348365 0.103509
v 0.598546 0.359122 -0.019293
v 0.579761 0.320678 0.094758
v 0.598546 0.326257 -0.029681
v 0.579761 0.292163 0.085744
v 0.590297 0.294348 -0.039768
v 0.572604 0.264477 0.076993
v 0.574279 0.265248 -0.048966
v 0.558707 0.239228 0.069011
v 0.551423 0.240648 -0.056742
v 0.538875 0.217885 0.062265
v 0.523057 0.221979 -0.062643
v 0.514264 0.201686 0.057144
v 0.49083 0.210325 -0.066327
v 0.486301 0.191575 0.053948
v 0.456614 0.206364 -0.067579
v 0.456614 0.188138 0.052862
v 0.398964 0.201687 0.057144
v 0.456614 0.188138 0.052862
v 0.426926 0.191575 0.053948
v 0.486301 0.191575 0.053948
v 0.514264 0.201686 0.057144
v 0.340624 0.348365 0.103509
v 0.354522 0.239229 0.069011
v 0.333467 0.292164 0.085744
v 0.340624 0.264477 0.076993
v 0.333467 0.320678 0.094758
v 0.538876 0.394957 0.118237
v 0.579761 0.292163 0.085744
v 0.572604 0.264477 0.076993
v 0.558707 0.239228 0.069011
v 0.538875 0.217885 0.062265
v 0.579761 0.320678 0.094758
v 0.572604 0.348365 0.103509
v 0.558707 0.373613 0.11149
v 0.426926 0.421267 0.126554
v 0.514264 0.411155 0.123357
v 0.486302 0.421267 0.126554
v 0.456614 0.424704 0.12764
v 0.398964 0.411155 0.123357
v 0.374352 0.394957 0.118237
v 0.354522 0.373613 0.11149
v 0.444454 0.210522 -0.011871
v 0.43169 0.001411 -0.009093
v 0.444454 0.001411 -0.021857
v 0.43169 0.210522 0.000893
v 0.43169 0.001411 0.008958
v 0.43169 0.210522 0.018943
v 0.444454 0.001411 0.021721
v 0.444454 0.210522 0.031707
v 0.462505 0.210522 0.031707
v 0.462505 0.001411 0.021721
v 0.475269 0.001411 0.008958
v 0.475269 0.210522 0.018943
v 0.475269 0.001411 -0.009093
v 0.475269 0.210522 0.000893
v 0.462505 0.001411 -0.021857
v 0.462505 0.210522 -0.011871
v 0.444454 0.001411 -0.021857
v 0.444454 0.210522 -0.011871
v 2.093356 1.723768 -0.792882
v 1.943206 1.723768 -0.792881
v 2.093356 1.710145 -0.854548
v 2.051558 1.710145 -0.854548
v 2.051558 1.694652 -0.924673
v 2.01366 1.694652 -0.924673
v 1.943816 1.680886 -0.986982
v 2.01366 1.680886 -0.986982
v 2.093356 1.62775 -0.771668
v 2.093356 1.614126 -0.833335
v 1.943206 1.62775 -0.771668
v 2.051558 1.614126 -0.833335
v 2.051558 1.598633 -0.903459
v 2.01366 1.598633 -0.903459
v 1.943816 1.584867 -0.965768
v 2.01366 1.584867 -0.965768
v 1.943816 1.680886 -0.986982
v 2.01366 1.584867 -0.965768
v 2.01366 1.680886 -0.986982
v 1.943816 1.584867 -0.965768
v 2.051558 1.694652 -0.924673
v 2.051558 1.614126 -0.833335
v 2.051558 1.710145 -0.854548
v 2.051558 1.598633 -0.903459
v 1.943206 1.723768 -0.792881
v 1.943816 1.584867 -0.965768
v 1.943816 1.680886 -0.986982
v 1.943206 1.62775 -0.771668
v 2.093356 1.710145 -0.854548
v 2.093356 1.62775 -0.771668
v 2.093356 1.723768 -0.792882
v 2.093356 1.614126 -0.833335
v 2.01366 1.680886 -0.986982
v 2.01366 1.598633 -0.903459
v 2.01366 1.694652 -0.924673
v 2.01366 1.584867 -0.965768
v 2.01366 1.694652 -0.924673
v 2.051558 1.598633 -0.903459
v 2.051558 1.694652 -0.924673
v 2.01366 1.598633 -0.903459
v 2.051558 1.710145 -0.854548
v 2.093356 1.614126 -0.833335
v 2.093356 1.710145 -0.854548
v 2.051558 1.614126 -0.833335
v 2.093356 1.723768 -0.792882
v 1.943206 1.62775 -0.771668
v 1.943206 1.723768 -0.792881
v 2.093356 1.62775 -0.771668
v 2.894459 1.182158 -0.930679
v 2.798116 1.289314 -1.269673
v 2.798116 1.182158 -0.930679
v 3.417917 1.182158 -0.930679
v 3.51426 1.289314 -1.269673
v 3.51426 1.182158 -0.930679
v 2.894459 1.098506 -0.666041
v 3.417917 1.098506 -0.666041
v 2.798116 0.850884 0.117328
v 2.798116 1.098506 -0.666041
v 3.51426 0.850884 0.117328
v 3.51426 1.098506 -0.666041
v 2.798116 0.935434 0.144054
v 2.798116 1.098506 -0.666041
v 2.798116 1.183056 -0.639315
v 2.798116 0.850884 0.117328
v 3.51426 1.373864 -1.242947
v 3.51426 1.182158 -0.930679
v 3.51426 1.266708 -0.903953
v 3.51426 1.289314 -1.269673
v 3.514259 0.935434 0.144054
v 3.417917 1.183056 -0.639315
v 3.514259 1.183056 -0.639315
v 2.894459 1.183056 -0.639315
v 2.798116 0.935434 0.144054
v 2.798116 1.183056 -0.639315
v 2.894459 1.266708 -0.903953
v 3.417917 1.266708 -0.903953
v 2.798116 1.373863 -1.242947
v 2.798116 1.266708 -0.903953
v 3.51426 1.373864 -1.242947
v 3.51426 1.266708 -0.903953
v 3.514259 1.183056 -0.639315
v 3.51426 0.850884 0.117328
v 3.514259 0.935434 0.144054
v 3.51426 1.098506 -0.666041
v 2.798116 1.266708 -0.903953
v 2.798116 1.289314 -1.269673
v 2.798116 1.373863 -1.242947
v 2.798116 1.182158 -0.930679
v 3.51426 1.098506 -0.666041
v 3.417917 1.183056 -0.639315
v 3.417917 1.098506 -0.666041
v 3.514259 1.183056 -0.639315
v 2.798116 1.183056 -0.639315
v 2.894459 1.098506 -0.666041
v 2.894459 1.183056 -0.639315
v 2.798116 1.098506 -0.666041
v 2.798116 0.935434 0.144054
v 3.51426 0.850884 0.117328
v 2.798116 0.850884 0.117328
v 3.514259 0.935434 0.144054
v 3.51426 1.373864 -1.242947
v 2.798116 1.289314 -1.269673
v 3.51426 1.289314 -1.269673
v 2.798116 1.373863 -1.242947
v 2.894459 1.183056 -0.639315
v 2.894459 1.182158 -0.930679
v 2.894459 1.266708 -0.903953
v 2.894459 1.098506 -0.666041
v 2.894459 1.266708 -0.903953
v 2.798116 1.182158 -0.930679
v 2.798116 1.266708 -0.903953
v 2.894459 1.182158 -0.930679
v 3.417917 1.098506 -0.666041
v 3.417917 1.266708 -0.903953
v 3.417917 1.182158 -0.930679
v 3.417917 1.183056 -0.639315
v 3.417917 1.182158 -0.930679
v 3.51426 1.266708 -0.903953
v 3.51426 1.182158 -0.930679
v 3.417917 1.266708 -0.903953
v 1.328669 1.059178 -0.539435
v 1.373108 1.093037 -0.501824
v 1.373108 1.051445 -0.514971
v 1.328669 1.10077 -0.526288
v 1.328669 1.074644 -0.588362
v 1.328669 1.10077 -0.526288
v 1.328669 1.059178 -0.539435
v 1.328669 1.116236 -0.575215
v 1.373108 1.082377 -0.612825
v 1.328669 1.116236 -0.575215
v 1.328669 1.074644 -0.588362
v 1.373108 1.123969 -0.599678
v 1.417546 1.074644 -0.588362
v 1.373108 1.123969 -0.599678
v 1.373108 1.082377 -0.612825
v 1.417546 1.116236 -0.575215
v 1.328669 1.116236 -0.575215
v 1.373108 1.093037 -0.501824
v 1.328669 1.10077 -0.526288
v 1.417546 1.10077 -0.526288
v 1.417546 1.116236 -0.575215
v 1.373108 1.123969 -0.599678
v 1.417546 1.059178 -0.539435
v 1.417546 1.116236 -0.575215
v 1.417546 1.074644 -0.588362
v 1.417546 1.10077 -0.526288
v 1.373108 1.051445 -0.514971
v 1.417546 1.10077 -0.526288
v 1.417546 1.059178 -0.539435
v 1.373108 1.093037 -0.501824
v 1.328669 1.230803 -1.08238
v 1.373108 1.264661 -1.044769
v 1.373108 1.22307 -1.057916
v 1.328669 1.272394 -1.069233
v 1.328669 1.246269 -1.131307
v 1.328669 1.272394 -1.069233
v 1.328669 1.230803 -1.08238
v 1.328669 1.28786 -1.11816
v 1.373108 1.254001 -1.15577
v 1.328669 1.28786 -1.11816
v 1.328669 1.246269 -1.131307
v 1.373108 1.295593 -1.142623
v 1.417546 1.246268 -1.131306
v 1.373108 1.295593 -1.142623
v 1.373108 1.254001 -1.15577
v 1.417546 1.28786 -1.11816
v 1.328669 1.28786 -1.11816
v 1.373108 1.264661 -1.044769
v 1.328669 1.272394 -1.069233
v 1.417546 1.272394 -1.069233
v 1.417546 1.28786 -1.11816
v 1.373108 1.295593 -1.142623
v 1.417546 1.230803 -1.08238
v 1.417546 1.28786 -1.11816
v 1.417546 1.246268 -1.131306
v 1.417546 1.272394 -1.069233
v 1.373108 1.22307 -1.057916
v 1.417546 1.272394 -1.069233
v 1.417546 1.230803 -1.08238
v 1.373108 1.264661 -1.044769
v 2.093356 1.841793 -0.534319
v 1.943206 1.841793 -0.534319
v 2.093356 1.90201 -0.515285
v 2.051558 1.90201 -0.515285
v 2.051558 1.970486 -0.493639
v 2.01366 1.970486 -0.493639
v 1.943816 2.03133 -0.474407
v 2.01366 2.03133 -0.474407
v 2.093356 1.871431 -0.62808
v 2.093356 1.931648 -0.609046
v 1.943206 1.871431 -0.628081
v 2.051558 1.931648 -0.609046
v 2.051558 2.000124 -0.587401
v 2.01366 2.000124 -0.587401
v 1.943816 2.060968 -0.568168
v 2.01366 2.060968 -0.568168
v 1.943816 2.03133 -0.474407
v 2.01366 2.060968 -0.568168
v 2.01366 2.03133 -0.474407
v 1.943816 2.060968 -0.568168
v 2.051558 1.970486 -0.493639
v 2.051558 1.931648 -0.609046
v 2.051558 1.90201 -0.515285
v 2.051558 2.000124 -0.587401
v 1.943206 1.841793 -0.534319
v 1.943816 2.060968 -0.568168
v 1.943816 2.03133 -0.474407
v 1.943206 1.871431 -0.628081
v 2.093356 1.90201 -0.515285
v 2.093356 1.871431 -0.62808
v 2.093356 1.841793 -0.534319
v 2.093356 1.931648 -0.609046
v 2.01366 2.03133 -0.474407
v 2.01366 2.000124 -0.587401
v 2.01366 1.970486 -0.493639
v 2.01366 2.060968 -0.568168
v 2.01366 1.970486 -0.493639
v 2.051558 2.000124 -0.587401
v 2.051558 1.970486 -0.493639
v 2.01366 2.000124 -0.587401
v 2.051558 1.90201 -0.515285
v 2.093356 1.931648 -0.609046
v 2.093356 1.90201 -0.515285
v 2.051558 1.931648 -0.609046
v 2.093356 1.841793 -0.534319
v 1.943206 1.871431 -0.628081
v 1.943206 1.841793 -0.534319
v 2.093356 1.871431 -0.62808
v 2.093356 1.558859 -0.561388
v 1.943206 1.558859 -0.561388
v 2.093356 1.512266 -0.518756
v 2.051558 1.512266 -0.518756
v 2.051558 1.459283 -0.470277
v 2.01366 1.459283 -0.470277
v 1.943816 1.412205 -0.427201
v 2.01366 1.412205 -0.427201
v 2.093356 1.62524 -0.48884
v 2.093356 1.578647 -0.446208
v 1.943206 1.62524 -0.48884
v 2.051558 1.578647 -0.446208
v 2.051558 1.525664 -0.397729
v 2.01366 1.525664 -0.397729
v 1.943816 1.478586 -0.354653
v 2.01366 1.478586 -0.354653
v 1.943816 1.412205 -0.427201
v 2.01366 1.478586 -0.354653
v 2.01366 1.412205 -0.427201
v 1.943816 1.478586 -0.354653
v 2.051558 1.459283 -0.470277
v 2.051558 1.578647 -0.446208
v 2.051558 1.512266 -0.518756
v 2.051558 1.525664 -0.397729
v 1.943206 1.558859 -0.561388
v 1.943816 1.478586 -0.354653
v 1.943816 1.412205 -0.427201
v 1.943206 1.62524 -0.48884
v 2.093356 1.512266 -0.518756
v 2.093356 1.62524 -0.48884
v 2.093356 1.558859 -0.561388
v 2.093356 1.578647 -0.446208
v 2.01366 1.412205 -0.427201
v 2.01366 1.525664 -0.397729
v 2.01366 1.459283 -0.470277
v 2.01366 1.478586 -0.354653
v 2.01366 1.459283 -0.470277
v 2.051558 1.525664 -0.397729
v 2.051558 1.459283 -0.470277
v 2.01366 1.525664 -0.397729
v 2.051558 1.512266 -0.518756
v 2.093356 1.578647 -0.446208
v 2.093356 1.512266 -0.518756
v 2.051558 1.578647 -0.446208
v 2.093356 1.558859 -0.561388
v 1.943206 1.62524 -0.48884
v 1.943206 1.558859 -0.561388
v 2.093356 1.62524 -0.48884
v 3.453204 1.150687 -0.536352
v 3.417281 1.157792 -0.528311
v 3.422807 1.150687 -0.536352
v 3.458729 1.157792 -0.528311
v 3.402899 1.153458 -0.514599
v 3.402899 1.174619 -0.581544
v 3.47311 1.153458 -0.514599
v 3.417281 1.170284 -0.567831
v 3.422807 1.150687 -0.536352
v 3.422806 1.159849 -0.565336
v 3.47311 1.174619 -0.581544
v 3.458729 1.170284 -0.567831
v 3.422806 1.159849 -0.565336
v 3.453203 1.159849 -0.565336
v 3.453203 1.159849 -0.565336
v 3.453204 1.150687 -0.536352
v -0.718904 0.324896 -0.493598
v -0.543813 0.347991 -0.534903
v -0.718904 0.347991 -0.534903
v -0.543813 0.324896 -0.493598
v -0.718904 0.310303 -0.44858
v -0.543813 0.310303 -0.44858
v -0.718904 0.304774 -0.40158
v -0.543813 0.304774 -0.40158
v -0.718904 0.30852 -0.354405
v -0.543813 0.308519 -0.354405
v -0.718904 0.321397 -0.308867
v -0.543813 0.321397 -0.308867
v -0.718904 0.34291 -0.266716
v -0.543813 0.34291 -0.266716
v -0.718904 0.372234 -0.229572
v -0.543813 0.372234 -0.229572
v -0.718904 0.408241 -0.198863
v -0.543813 0.408241 -0.198863
v -0.718904 0.449547 -0.175768
v -0.543813 0.449547 -0.175768
v -0.718904 0.494564 -0.161175
v -0.543813 0.494564 -0.161175
v -0.718904 0.541564 -0.155646
v -0.543813 0.541564 -0.155646
v -0.718904 0.588739 -0.159391
v -0.543813 0.588739 -0.159391
v -0.718904 0.634278 -0.172268
v -0.543813 0.634278 -0.172269
v -0.718904 1.419226 -0.485104
v -0.543813 1.419226 -0.485104
v -0.718904 1.45637 -0.514427
v -0.543813 1.45637 -0.514427
v -0.718904 1.48708 -0.550434
v -0.543813 1.48708 -0.550434
v -0.718904 1.510174 -0.59174
v -0.543813 1.510174 -0.59174
v -0.718904 1.524767 -0.636758
v -0.543813 1.524767 -0.636758
v -0.718904 1.530297 -0.683757
v -0.543813 1.530297 -0.683758
v -0.718904 1.526551 -0.730933
v -0.543813 1.526551 -0.730933
v -0.718904 1.513674 -0.776471
v -0.543813 1.513674 -0.776471
v -0.718904 1.49216 -0.818622
v -0.543813 1.49216 -0.818622
v -0.718904 1.462836 -0.855766
v -0.543813 1.462836 -0.855766
v -0.718904 1.426829 -0.886475
v -0.543813 1.426829 -0.886475
v -0.718904 1.385523 -0.90957
v -0.543813 1.385523 -0.90957
v -0.718904 1.340505 -0.924162
v -0.543813 1.340506 -0.924163
v -0.718904 1.293506 -0.929692
v -0.543813 1.293506 -0.929692
v -0.718904 1.24633 -0.925946
v -0.543813 1.24633 -0.925946
v -0.718904 0.457995 -0.621748
v -0.543813 0.457995 -0.621748
v -0.718904 0.415844 -0.600234
v -0.543813 0.415844 -0.600234
v -0.718904 0.3787 -0.57091
v -0.543813 0.3787 -0.57091
v -0.718904 0.347991 -0.534903
v -0.543813 0.347991 -0.534903
v -0.718904 0.304774 -0.40158
v -0.718904 0.321397 -0.308867
v -0.718904 0.30852 -0.354405
v -0.718904 0.34291 -0.266716
v -0.718904 0.372234 -0.229572
v -0.718904 0.408241 -0.198863
v -0.718904 0.449547 -0.175768
v -0.718904 0.494564 -0.161175
v -0.718904 0.541564 -0.155646
v -0.718904 0.588739 -0.159391
v -0.718904 0.634278 -0.172268
v -0.718904 1.419226 -0.485104
v -0.718904 1.45637 -0.514427
v -0.718904 1.48708 -0.550434
v -0.718904 1.510174 -0.59174
v -0.718904 1.524767 -0.636758
v -0.718904 1.530297 -0.683757
v -0.718904 1.526551 -0.730933
v -0.718904 1.513674 -0.776471
v -0.718904 1.49216 -0.818622
v -0.718904 1.462836 -0.855766
v -0.718904 1.426829 -0.886475
v -0.718904 1.385523 -0.90957
v -0.718904 1.340505 -0.924162
v -0.718904 1.293506 -0.929692
v -0.718904 1.24633 -0.925946
v -0.718904 0.457995 -0.621748
v -0.718904 0.415844 -0.600234
v -0.718904 0.3787 -0.57091
v -0.718904 0.347991 -0.534903
v -0.718904 0.324896 -0.493598
v -0.718904 0.310303 -0.44858
v -0.543813 0.34291 -0.266716
v -0.543813 0.308519 -0.354405
v -0.543813 0.321397 -0.308867
v -0.543813 0.304774 -0.40158
v -0.543813 0.310303 -0.44858
v -0.543813 0.324896 -0.493598
v -0.543813 0.347991 -0.534903
v -0.543813 0.3787 -0.57091
v -0.543813 0.415844 -0.600234
v -0.543813 0.457995 -0.621748
v -0.543813 1.24633 -0.925946
v -0.543813 1.293506 -0.929692
v -0.543813 1.340506 -0.924163
v -0.543813 1.385523 -0.90957
v -0.543813 1.426829 -0.886475
v -0.543813 1.462836 -0.855766
v -0.543813 1.49216 -0.818622
v -0.543813 1.513674 -0.776471
v -0.543813 1.526551 -0.730933
v -0.543813 1.530297 -0.683758
v -0.543813 1.524767 -0.636758
v -0.543813 1.510174 -0.59174
v -0.543813 1.48708 -0.550434
v -0.543813 1.45637 -0.514427
v -0.543813 1.419226 -0.485104
v -0.543813 0.634278 -0.172269
v -0.543813 0.588739 -0.159391
v -0.543813 0.541564 -0.155646
v -0.543813 0.494564 -0.161175
v -0.543813 0.449547 -0.175768
v -0.543813 0.408241 -0.198863
v -0.543813 0.372234 -0.229572
v 5.318247 1.448812 -0.845755
v 5.318247 1.517129 -0.859983
v 5.318247 1.470573 -0.823814
v 5.318247 1.501251 -0.886493
v 5.318247 1.570988 -0.883959
v 5.33641 1.431207 -0.863504
v 5.318247 1.561916 -0.913499
v 5.318247 1.62902 -0.894349
v 5.33641 1.488405 -0.90794
v 5.365799 1.424482 -0.870284
v 5.318247 1.62728 -0.925201
v 5.318247 1.687851 -0.890549
v 5.365799 1.483498 -0.916132
v 5.395188 1.431207 -0.863504
v 5.33641 1.554575 -0.937397
v 5.318247 1.693546 -0.920921
v 5.318247 1.744064 -0.87278
v 5.395188 1.488405 -0.90794
v 5.413352 1.448812 -0.845755
v 5.33641 1.625872 -0.950162
v 5.365799 1.551772 -0.946525
v 5.318247 1.756861 -0.900907
v 5.318247 1.794391 -0.842075
v 5.413352 1.501251 -0.886493
v 5.413352 1.470574 -0.823815
v 5.395188 1.554575 -0.937397
v 5.33641 1.698152 -0.945493
v 5.365799 1.625335 -0.959696
v 5.318247 1.813548 -0.866322
v 5.318247 1.835907 -0.800218
v 5.413352 1.517129 -0.859983
v 5.395188 1.488179 -0.806065
v 5.413352 1.561916 -0.913499
v 5.395188 1.625872 -0.950162
v 5.33641 1.767215 -0.923663
v 5.365799 1.699912 -0.954879
v 5.318247 1.86031 -0.819176
v 5.318247 1.8662 -0.749642
v 5.395188 1.529975 -0.838536
v 5.365799 1.494903 -0.799285
v 5.413352 1.570988 -0.883959
v 5.413352 1.62728 -0.925201
v 5.395188 1.698152 -0.945493
v 5.33641 1.829046 -0.885938
v 5.365799 1.77117 -0.932354
v 5.365799 1.534882 -0.830344
v 5.33641 1.488179 -0.806065
v 5.395188 1.578328 -0.860061
v 5.413352 1.62902 -0.894349
v 5.413352 1.693546 -0.920921
v 5.395188 1.767215 -0.923663
v 5.365799 1.834966 -0.893431
v 5.33641 1.529975 -0.838536
v 5.318247 1.470573 -0.823814
v 5.318247 1.517129 -0.859983
v 5.365799 1.581132 -0.850932
v 5.33641 1.578328 -0.860061
v 5.318247 1.570988 -0.883959
v 5.395188 1.630427 -0.869388
v 5.33641 1.630427 -0.869388
v 5.318247 1.62902 -0.894349
v 5.365799 1.630965 -0.859854
v 5.413352 1.687851 -0.890549
v 5.33641 1.683244 -0.865977
v 5.318247 1.687851 -0.890549
v 5.365799 1.681485 -0.856591
v 5.395188 1.683244 -0.865977
v 5.413352 1.756861 -0.900907
v 5.33641 1.733711 -0.850024
v 5.318247 1.744064 -0.87278
v 5.413352 1.744064 -0.87278
v 5.365799 1.729756 -0.841333
v 5.395188 1.733711 -0.850025
v 5.395188 1.829046 -0.885938
v 5.33641 1.778893 -0.822458
v 5.318247 1.794391 -0.842075
v 5.413352 1.813548 -0.866322
v 5.413352 1.794391 -0.842075
v 5.365799 1.772973 -0.814965
v 5.395188 1.778893 -0.822458
v 5.33641 1.816165 -0.78488
v 5.318247 1.835907 -0.800218
v 5.365799 1.808624 -0.779022
v 5.395188 1.816165 -0.78488
v 5.413352 1.835907 -0.800218
v 5.413352 1.86031 -0.819176
v 5.33641 1.843361 -0.739475
v 5.318247 1.8662 -0.749642
v 5.365799 1.834637 -0.735591
v 5.395188 1.843361 -0.739475
v 5.413352 1.8662 -0.749642
v 5.33641 1.858901 -0.68888
v 5.318247 1.883509 -0.693286
v 5.365799 1.849501 -0.687197
v 5.395188 1.858901 -0.68888
v 5.33641 1.861881 -0.636036
v 5.318247 1.886829 -0.634425
v 5.365799 1.852351 -0.636652
v 5.33641 1.852128 -0.584015
v 5.318246 1.875965 -0.57648
v 5.413352 1.894431 -0.762209
v 5.413352 1.883509 -0.693286
v 5.395188 1.861881 -0.636036
v 5.365799 1.843023 -0.586893
v 5.33641 1.830209 -0.53584
v 5.318246 1.85155 -0.522819
v 5.413352 1.913927 -0.698732
v 5.413352 1.886829 -0.634425
v 5.395188 1.852128 -0.584015
v 5.365799 1.822057 -0.540813
v 5.33641 1.797397 -0.49431
v 5.318246 1.815003 -0.47656
v 5.413352 1.917666 -0.632433
v 5.413352 1.875965 -0.57648
v 5.395188 1.830209 -0.53584
v 5.365799 1.790673 -0.50109
v 5.33641 1.755601 -0.461839
v 5.318246 1.768447 -0.440392
v 5.413352 1.90543 -0.567167
v 5.413352 1.85155 -0.522819
v 5.395188 1.797397 -0.49431
v 5.365799 1.750694 -0.470031
v 5.33641 1.707248 -0.440314
v 5.318246 1.714588 -0.416416
v 5.413352 1.87793 -0.506725
v 5.413352 1.815003 -0.47656
v 5.395188 1.755601 -0.461839
v 5.365799 1.704444 -0.449443
v 5.33641 1.655149 -0.430987
v 5.318246 1.656556 -0.406026
v 5.413352 1.836764 -0.45462
v 5.413352 1.768447 -0.440392
v 5.395188 1.707248 -0.440314
v 5.365799 1.654611 -0.440521
v 5.33641 1.602332 -0.434398
v 5.318246 1.597725 -0.409826
v 5.413352 1.784325 -0.413882
v 5.413352 1.714588 -0.416416
v 5.395188 1.655149 -0.430987
v 5.365799 1.604091 -0.443784
v 5.33641 1.551865 -0.45035
v 5.318246 1.541512 -0.427595
v 5.413352 1.723661 -0.386876
v 5.413352 1.656556 -0.406026
v 5.395188 1.602332 -0.434398
v 5.365799 1.55582 -0.459042
v 5.33641 1.506683 -0.477916
v 5.318246 1.491185 -0.4583
v 5.413352 1.658296 -0.375173
v 5.413352 1.597725 -0.409826
v 5.395188 1.551865 -0.45035
v 5.365799 1.512603 -0.485409
v 5.33641 1.469411 -0.515494
v 5.318246 1.449669 -0.500157
v 5.413352 1.592031 -0.379453
v 5.413352 1.541512 -0.427595
v 5.395188 1.506683 -0.477916
v 5.365799 1.476952 -0.521353
v 5.33641 1.442215 -0.5609
v 5.318246 1.419376 -0.550733
v 5.413352 1.528715 -0.399468
v 5.413352 1.491185 -0.4583
v 5.395188 1.469411 -0.515494
v 5.365799 1.450939 -0.564783
v 5.33641 1.426675 -0.611495
v 5.318246 1.402067 -0.607089
v 5.413352 1.472028 -0.434053
v 5.413352 1.449669 -0.500157
v 5.395188 1.442215 -0.5609
v 5.365799 1.436075 -0.613178
v 5.33641 1.423695 -0.664338
v 5.318246 1.398747 -0.66595
v 5.413352 1.425266 -0.481199
v 5.413352 1.419376 -0.550733
v 5.395188 1.426675 -0.611495
v 5.365799 1.433225 -0.663723
v 5.33641 1.433448 -0.716359
v 5.318246 1.409611 -0.723894
v 5.413352 1.391145 -0.538166
v 5.413352 1.402067 -0.607089
v 5.395188 1.423695 -0.664338
v 5.365799 1.442554 -0.713481
v 5.33641 1.455368 -0.764535
v 5.318246 1.434026 -0.777556
v 5.33641 1.488179 -0.806065
v 5.318247 1.470573 -0.823814
v 5.365799 1.494903 -0.799285
v 5.365799 1.463519 -0.759561
v 5.395188 1.488179 -0.806065
v 5.395188 1.455368 -0.764535
v 5.413352 1.470574 -0.823815
v 5.395188 1.433448 -0.716359
v 5.413352 1.434026 -0.777556
v 5.413352 1.448812 -0.845755
v 5.413352 1.409611 -0.723894
v 5.413352 1.407646 -0.79365
v 5.395188 1.431207 -0.863504
v 5.413352 1.398747 -0.66595
v 5.395188 1.386305 -0.806671
v 5.365799 1.424482 -0.870284
v 5.413352 1.380146 -0.733208
v 5.413352 1.36791 -0.667941
v 5.365799 1.378153 -0.811644
v 5.33641 1.431207 -0.863504
v 5.395188 1.356309 -0.740743
v 5.413352 1.371649 -0.601643
v 5.33641 1.386305 -0.806671
v 5.318247 1.448812 -0.845755
v 5.395188 1.342962 -0.669553
v 5.365799 1.347204 -0.743621
v 5.395188 1.34704 -0.597237
v 5.318246 1.407646 -0.79365
v 5.318247 1.470573 -0.823814
v 5.318246 1.434026 -0.777556
v 5.365799 1.333433 -0.670168
v 5.33641 1.356309 -0.740743
v 5.318246 1.380146 -0.733208
v 5.318246 1.409611 -0.723894
v 5.395188 1.368306 -0.527999
v 5.33641 1.342962 -0.669553
v 5.318246 1.36791 -0.667941
v 5.318246 1.398747 -0.66595
v 5.365799 1.33764 -0.595554
v 5.395188 1.405523 -0.465861
v 5.33641 1.34704 -0.597237
v 5.318246 1.371649 -0.601643
v 5.318246 1.402067 -0.607089
v 5.365799 1.359582 -0.524115
v 5.395188 1.45653 -0.414436
v 5.33641 1.368306 -0.527999
v 5.318246 1.391145 -0.538166
v 5.318246 1.419376 -0.550733
v 5.365799 1.397982 -0.460003
v 5.395188 1.518361 -0.376712
v 5.33641 1.405523 -0.465861
v 5.318246 1.425266 -0.481199
v 5.318246 1.449669 -0.500157
v 5.365799 1.45061 -0.406944
v 5.395188 1.587424 -0.354882
v 5.33641 1.45653 -0.414436
v 5.318246 1.472028 -0.434053
v 5.318246 1.491185 -0.4583
v 5.365799 1.514406 -0.368021
v 5.395188 1.659704 -0.350213
v 5.33641 1.518361 -0.376712
v 5.318246 1.528715 -0.399468
v 5.318246 1.541512 -0.427595
v 5.365799 1.585664 -0.345496
v 5.395188 1.731001 -0.362978
v 5.33641 1.587424 -0.354882
v 5.318246 1.592031 -0.379453
v 5.318246 1.597725 -0.409826
v 5.365799 1.660241 -0.340679
v 5.395188 1.797171 -0.392435
v 5.33641 1.659704 -0.350213
v 5.318246 1.658296 -0.375173
v 5.318246 1.656556 -0.406026
v 5.365799 1.733804 -0.35385
v 5.395188 1.854369 -0.436871
v 5.33641 1.731001 -0.362978
v 5.318246 1.723661 -0.386876
v 5.318246 1.714588 -0.416416
v 5.365799 1.802078 -0.384242
v 5.395188 1.899271 -0.493704
v 5.33641 1.797171 -0.392435
v 5.318246 1.784325 -0.413882
v 5.318246 1.768447 -0.440392
v 5.365799 1.861094 -0.430091
v 5.395188 1.929267 -0.559631
v 5.33641 1.854369 -0.436871
v 5.318246 1.836764 -0.45462
v 5.318246 1.815003 -0.47656
v 5.365799 1.907423 -0.48873
v 5.395188 1.942614 -0.630822
v 5.33641 1.899271 -0.493704
v 5.318246 1.87793 -0.506725
v 5.318246 1.85155 -0.522819
v 5.365799 1.938372 -0.556753
v 5.395188 1.938536 -0.703138
v 5.33641 1.929267 -0.559631
v 5.318246 1.90543 -0.567166
v 5.318246 1.875965 -0.57648
v 5.365799 1.952143 -0.630206
v 5.395188 1.91727 -0.772376
v 5.33641 1.942614 -0.630822
v 5.318247 1.917666 -0.632433
v 5.318247 1.886829 -0.634425
v 5.365799 1.947936 -0.704821
v 5.395188 1.880053 -0.834513
v 5.33641 1.938536 -0.703138
v 5.318247 1.913927 -0.698732
v 5.318247 1.883509 -0.693286
v 5.365799 1.925994 -0.77626
v 5.365799 1.887594 -0.840372
v 5.33641 1.91727 -0.772376
v 5.318247 1.894431 -0.762209
v 5.33641 1.880053 -0.834513
v 3.301885 0.270377 0.149053
v 3.258458 0.266445 0.050935
v 3.258458 0.238605 0.13901
v 3.301885 0.298218 0.060978
v 3.335207 0.311785 0.162142
v 3.335207 0.339625 0.074067
v 3.356154 0.360004 0.177384
v 3.356154 0.387845 0.089309
v 3.363299 0.41175 0.19374
v 3.363299 0.43959 0.105666
v 3.356154 0.463496 0.210097
v 3.356154 0.491336 0.122023
v 3.335207 0.511715 0.22534
v 3.335207 0.539556 0.137265
v 3.301885 0.553122 0.238428
v 3.301885 0.580963 0.150354
v 3.258458 0.584895 0.248472
v 3.258458 0.612735 0.160397
v 3.207887 0.604868 0.254785
v 3.207887 0.632708 0.16671
v 3.153617 0.611681 0.256939
v 3.153617 0.639521 0.168864
v 3.099348 0.604868 0.254785
v 3.099348 0.632708 0.16671
v 3.048777 0.584895 0.248472
v 3.048777 0.612735 0.160397
v 3.00535 0.553122 0.238428
v 3.00535 0.580963 0.150354
v 2.972028 0.511715 0.22534
v 2.972028 0.539555 0.137265
v 2.951081 0.463495 0.210097
v 2.951081 0.491336 0.122023
v 2.943936 0.41175 0.193741
v 2.943936 0.43959 0.105666
v 2.951081 0.360004 0.177384
v 2.951081 0.387844 0.089309
v 2.972028 0.311784 0.162142
v 2.972028 0.339625 0.074067
v 3.00535 0.270377 0.149053
v 3.00535 0.298218 0.060978
v 3.048777 0.238605 0.13901
v 3.048777 0.266445 0.050935
v 3.099348 0.218631 0.132696
v 3.099348 0.246472 0.044621
v 3.153617 0.211819 0.130543
v 3.153617 0.239659 0.042468
v 3.207887 0.218632 0.132696
v 3.207887 0.246472 0.044621
v 3.258458 0.238605 0.13901
v 3.258458 0.266445 0.050935
v 3.238166 0.279332 0.126781
v 3.273187 0.297741 0.157702
v 3.238166 0.272118 0.149603
v 3.273187 0.304955 0.134881
v 3.300059 0.331133 0.168258
v 3.300059 0.338347 0.145436
v 3.316952 0.37002 0.18055
v 3.316952 0.377234 0.157728
v 3.322714 0.41175 0.19374
v 3.322714 0.418964 0.170919
v 3.316952 0.45348 0.206932
v 3.316952 0.460694 0.18411
v 3.300059 0.492366 0.219223
v 3.300059 0.499581 0.196402
v 3.273187 0.525759 0.229779
v 3.273187 0.532973 0.206957
v 3.238166 0.551382 0.237878
v 3.238166 0.558596 0.215056
v 3.197383 0.567489 0.24297
v 3.197383 0.574703 0.220148
v 3.153617 0.572983 0.244706
v 3.153617 0.580197 0.221885
v 3.109852 0.567489 0.24297
v 3.109852 0.574703 0.220148
v 3.069069 0.551382 0.237878
v 3.069069 0.558596 0.215057
v 3.034048 0.525759 0.229779
v 3.034048 0.532973 0.206957
v 3.007175 0.492366 0.219223
v 3.007175 0.49958 0.196402
v 2.990283 0.45348 0.206931
v 2.990283 0.460694 0.18411
v 2.984521 0.41175 0.193741
v 2.984521 0.418964 0.170919
v 2.990283 0.37002 0.18055
v 2.990283 0.377234 0.157728
v 3.007175 0.331133 0.168258
v 3.007175 0.338347 0.145436
v 3.034048 0.297741 0.157702
v 3.034048 0.304955 0.134881
v 3.069069 0.272118 0.149603
v 3.069069 0.279332 0.126781
v 3.109852 0.25601 0.144511
v 3.109852 0.263224 0.12169
v 3.153617 0.250516 0.142775
v 3.153617 0.25773 0.119953
v 3.197383 0.25601 0.144511
v 3.197383 0.263224 0.12169
v 3.238166 0.272118 0.149603
v 3.238166 0.279332 0.126781
v 3.233462 0.307727 0.063984
v 3.275764 0.342551 0.007391
v 3.239988 0.316376 -0.000883
v 3.266534 0.331924 0.071633
v 3.303216 0.376664 0.018174
v 3.291912 0.363459 0.081601
v 3.320472 0.416388 0.030731
v 3.307865 0.400182 0.093209
v 3.326358 0.459017 0.044206
v 3.313306 0.43959 0.105666
v 3.320472 0.501647 0.057682
v 3.307865 0.478999 0.118123
v 3.303216 0.541372 0.070238
v 3.291912 0.515722 0.129731
v 3.275764 0.575484 0.081021
v 3.266534 0.547256 0.139699
v 3.239988 0.601659 0.089295
v 3.233462 0.571454 0.147348
v 3.198326 0.618113 0.094496
v 3.194948 0.586665 0.152156
v 3.153617 0.623726 0.09627
v 3.153617 0.591853 0.153796
v 3.108909 0.618113 0.094496
v 3.112287 0.586665 0.152156
v 3.067247 0.601659 0.089295
v 3.073773 0.571454 0.147348
v 3.031471 0.575484 0.081021
v 3.0407 0.547256 0.139699
v 3.004019 0.541372 0.070238
v 3.015323 0.515722 0.129731
v 2.986762 0.501647 0.057681
v 2.99937 0.478999 0.118123
v 2.980876 0.459017 0.044206
v 2.993929 0.43959 0.105666
v 2.986762 0.416388 0.030731
v 2.99937 0.400182 0.093209
v 3.004019 0.376664 0.018174
v 3.015323 0.363459 0.081601
v 3.031471 0.342551 0.007391
v 3.0407 0.331924 0.071633
v 3.067247 0.316376 -0.000883
v 3.073773 0.307726 0.063984
v 3.108909 0.299922 -0.006084
v 3.112287 0.292515 0.059175
v 3.153617 0.294309 -0.007858
v 3.153617 0.287327 0.057536
v 3.198326 0.299922 -0.006084
v 3.194948 0.292515 0.059175
v 3.239988 0.316376 -0.000883
v 3.233462 0.307727 0.063984
v 3.20455 0.374903 0.017618
v 3.241835 0.428001 -0.026658
v 3.20455 0.39245 -0.037896
v 3.241835 0.410454 0.028855
v 3.255482 0.476565 -0.011307
v 3.255482 0.459018 0.044206
v 3.241835 0.525129 0.004044
v 3.241835 0.507581 0.059557
v 3.20455 0.56068 0.015282
v 3.20455 0.543132 0.070795
v 3.153617 0.573693 0.019395
v 3.153617 0.556145 0.074908
v 3.102798 0.560725 0.015296
v 3.102798 0.543177 0.070809
v 3.065475 0.525222 0.004074
v 3.065475 0.507674 0.059587
v 3.051753 0.476565 -0.011307
v 3.051753 0.459017 0.044206
v 3.0654 0.428001 -0.026658
v 3.0654 0.410454 0.028855
v 3.102685 0.39245 -0.037896
v 3.102685 0.374903 0.017618
v 3.153617 0.379438 -0.042009
v 3.153617 0.36189 0.013504
v 3.20455 0.39245 -0.037896
v 3.20455 0.374903 0.017618
v 3.09931 0.745035 0.510972
v 3.087153 0.786958 0.315425
v 3.094962 0.72216 0.503741
v 3.090234 0.803165 0.320548
v 3.08542 0.764143 0.517012
v 3.080393 0.816703 0.324827
v 3.061429 0.768289 0.518322
v 3.063396 0.81964 0.325756
v 3.04139 0.755045 0.514136
v 3.049198 0.810257 0.32279
v 3.037042 0.732169 0.506905
v 3.046118 0.79405 0.317667
v 3.050931 0.713062 0.500865
v 3.055958 0.780513 0.313388
v 3.074923 0.708916 0.499555
v 3.072956 0.777575 0.312459
v 3.094962 0.72216 0.503741
v 3.087153 0.786958 0.315425
v 3.115784 0.912216 0.303861
v 3.132162 0.896253 0.298815
v 3.122062 0.902453 0.300775
v 3.144082 0.894846 0.298371
v 3.155462 0.898509 0.299529
v 3.164048 0.906518 0.30206
v 3.168139 0.917286 0.305464
v 3.166926 0.92868 0.309065
v 3.160648 0.938443 0.312152
v 3.150549 0.944643 0.314112
v 3.138629 0.94605 0.314556
v 3.127249 0.942387 0.313398
v 3.118662 0.934378 0.310867
v 3.114571 0.92361 0.307463
v 3.215761 1.02919 0.350238
v 3.090382 0.829917 0.288803
v 3.222029 1.024895 0.350436
v 3.084114 0.834211 0.288606
v 3.209492 1.032591 0.352868
v 3.077845 0.837613 0.291236
v 3.204178 1.03458 0.357926
v 3.07253 0.839602 0.296294
v 3.200627 1.034855 0.364642
v 3.06898 0.839877 0.303009
v 3.19938 1.033374 0.371992
v 3.067733 0.838395 0.31036
v 3.200627 1.030361 0.378859
v 3.06898 0.835383 0.317227
v 3.204178 1.026276 0.384197
v 3.07253 0.831298 0.322564
v 3.209492 1.021741 0.387192
v 3.077845 0.826763 0.32556
v 3.215761 1.017446 0.38739
v 3.084114 0.822468 0.325757
v 3.222029 1.014045 0.384759
v 3.090382 0.819067 0.323127
v 3.227344 1.012056 0.379702
v 3.095696 0.817077 0.318069
v 3.230895 1.011781 0.372986
v 3.099247 0.816803 0.311354
v 3.232141 1.013263 0.365635
v 3.100494 0.818284 0.304003
v 3.230895 1.016275 0.358769
v 3.099247 0.821297 0.297136
v 3.227344 1.02036 0.353431
v 3.095696 0.825382 0.291799
v 3.222029 1.024895 0.350436
v 3.090382 0.829917 0.288803
v 3.231167 1.000901 0.406826
v 3.205842 0.995668 0.405172
v 3.215761 1.009402 0.41284
v 3.220969 0.988318 0.3998
v 3.24395 0.995909 0.395311
v 3.197612 0.986335 0.392285
v 3.233424 0.984476 0.389584
v 3.251916 0.995601 0.379269
v 3.212422 0.980136 0.388212
v 3.24006 0.983442 0.374446
v 3.254583 0.999486 0.361281
v 3.208678 0.976958 0.372396
v 3.192484 0.983321 0.375387
v 3.223997 0.978788 0.383579
v 3.225199 0.976873 0.371244
v 3.241998 0.986434 0.357155
v 3.251916 1.006646 0.344328
v 3.20789 0.979387 0.354927
v 3.190767 0.9863 0.357113
v 3.225802 0.979135 0.354848
v 3.24006 0.993924 0.341286
v 3.24395 1.016119 0.331377
v 3.208678 0.98744 0.339236
v 3.192484 0.994366 0.340446
v 3.225199 0.986708 0.34013
v 3.233424 1.003471 0.329492
v 3.231167 1.026821 0.324824
v 3.212422 0.999131 0.32812
v 3.197612 1.006544 0.32835
v 3.205842 1.021589 0.32317
v 3.223997 0.995366 0.331137
v 3.220969 1.012487 0.32334
v 3.215761 1.037235 0.324788
v 3.200355 1.019815 0.412804
v 3.225679 1.025048 0.414458
v 3.215761 1.009402 0.41284
v 3.210553 1.03415 0.414288
v 3.187571 1.030518 0.406251
v 3.233909 1.040092 0.409277
v 3.198097 1.043166 0.408136
v 3.179605 1.03999 0.3933
v 3.2191 1.047505 0.409508
v 3.191461 1.052713 0.396342
v 3.176937 1.04715 0.376347
v 3.222844 1.059197 0.398392
v 3.239037 1.05227 0.397182
v 3.207524 1.051271 0.406491
v 3.206323 1.059928 0.397498
v 3.189523 1.060202 0.380473
v 3.179605 1.051035 0.358359
v 3.223631 1.06725 0.382701
v 3.240755 1.060336 0.380515
v 3.205719 1.067501 0.38278
v 3.191461 1.063194 0.363182
v 3.187571 1.050727 0.342317
v 3.222844 1.069679 0.365232
v 3.239037 1.063315 0.362241
v 3.206323 1.069763 0.366384
v 3.198097 1.062161 0.348044
v 3.200355 1.045736 0.330803
v 3.2191 1.0665 0.349416
v 3.233909 1.060302 0.345343
v 3.225679 1.050968 0.332456
v 3.207524 1.067848 0.354049
v 3.210553 1.058318 0.337828
v 3.215761 1.037235 0.324788
v 3.200355 1.045736 0.330803
v 3.205842 1.021589 0.32317
v 3.215761 1.037235 0.324788
v 3.191727 1.030437 0.329014
v 3.187571 1.050727 0.342317
v 3.197612 1.006544 0.32835
v 3.180433 1.035999 0.339774
v 3.179605 1.051035 0.358359
v 3.184984 1.015974 0.333444
v 3.172636 1.035313 0.354369
v 3.176937 1.04715 0.376347
v 3.179436 1.00539 0.34491
v 3.192484 0.994366 0.340446
v 3.177752 1.023753 0.34011
v 3.172208 1.019237 0.350412
v 3.169687 1.030823 0.371186
v 3.179605 1.03999 0.3933
v 3.177078 0.998301 0.360906
v 3.190767 0.9863 0.357113
v 3.169423 1.013744 0.365788
v 3.172636 1.024831 0.387529
v 3.187571 1.030518 0.406251
v 3.179436 0.994908 0.37807
v 3.192484 0.983321 0.375387
v 3.172208 1.009402 0.381526
v 3.180433 1.017004 0.399866
v 3.200355 1.019815 0.412804
v 3.184984 0.996979 0.393536
v 3.197612 0.986335 0.392285
v 3.205842 0.995668 0.405172
v 3.177752 1.007176 0.392553
v 3.191727 1.006268 0.405474
v 3.215761 1.009402 0.41284
v 3.231167 1.026821 0.324824
v 3.225679 1.050968 0.332456
v 3.215761 1.037235 0.324788
v 3.239794 1.040369 0.332154
v 3.24395 1.016119 0.331377
v 3.233909 1.060302 0.345343
v 3.251088 1.029632 0.337762
v 3.251916 1.006646 0.344328
v 3.246537 1.049658 0.344092
v 3.258886 1.021806 0.350099
v 3.254583 0.999486 0.361281
v 3.252085 1.051729 0.359558
v 3.239037 1.063315 0.362241
v 3.25377 1.03946 0.345075
v 3.259313 1.037235 0.356102
v 3.261835 1.015813 0.366442
v 3.251916 0.995601 0.379269
v 3.254444 1.048336 0.376722
v 3.240755 1.060336 0.380515
v 3.262098 1.032893 0.371841
v 3.258886 1.011324 0.383259
v 3.24395 0.995909 0.395311
v 3.252085 1.041247 0.392718
v 3.239037 1.05227 0.397182
v 3.259313 1.0274 0.387215
v 3.251088 1.010637 0.397854
v 3.231167 1.000901 0.406826
v 3.246537 1.030663 0.404184
v 3.233909 1.040092 0.409277
v 3.225679 1.025048 0.414458
v 3.25377 1.022883 0.397518
v 3.239794 1.0162 0.408614
v 3.215761 1.009402 0.41284
v 3.081021 0.786046 0.331411
v 3.059907 0.781683 0.330033
v 3.068176 0.793133 0.336426
v 3.072518 0.775555 0.325554
v 3.091679 0.781884 0.321812
v 3.053046 0.773902 0.319289
v 3.082903 0.772352 0.317037
v 3.09832 0.781628 0.308437
v 3.065392 0.768734 0.315893
v 3.088435 0.77149 0.304416
v 3.100544 0.784867 0.29344
v 3.062271 0.766084 0.302707
v 3.048769 0.771389 0.305201
v 3.075043 0.76761 0.31203
v 3.076045 0.766013 0.301746
v 3.090051 0.773985 0.29
v 3.09832 0.790836 0.279306
v 3.061614 0.768109 0.288143
v 3.047338 0.773873 0.289965
v 3.076548 0.767899 0.288076
v 3.088435 0.780229 0.276769
v 3.091679 0.798733 0.268508
v 3.062271 0.774823 0.27506
v 3.048769 0.780598 0.276069
v 3.076045 0.774213 0.275806
v 3.082903 0.788189 0.266937
v 3.081021 0.807657 0.263044
v 3.065392 0.784571 0.265793
v 3.053046 0.790751 0.265985
v 3.059907 0.803294 0.261665
v 3.075043 0.781431 0.268308
v 3.072518 0.795705 0.261808
v 3.068176 0.816339 0.263015
v 3.055331 0.801815 0.336396
v 3.076445 0.806178 0.337775
v 3.068176 0.793133 0.336426
v 3.063834 0.813766 0.337633
v 3.044674 0.810738 0.330932
v 3.083307 0.818721 0.333456
v 3.05345 0.821283 0.332504
v 3.038032 0.818636 0.320135
v 3.07096 0.824901 0.333647
v 3.047917 0.829243 0.322671
v 3.035809 0.824605 0.306001
v 3.074081 0.834649 0.32438
v 3.087583 0.828874 0.323371
v 3.061309 0.828041 0.331133
v 3.060308 0.835259 0.323635
v 3.046301 0.835487 0.309441
v 3.038032 0.827844 0.291003
v 3.074738 0.841363 0.311298
v 3.089014 0.835598 0.309476
v 3.059804 0.841572 0.311364
v 3.047917 0.837982 0.295025
v 3.044674 0.827588 0.277629
v 3.074081 0.843388 0.296734
v 3.087583 0.838082 0.29424
v 3.060308 0.843458 0.297694
v 3.05345 0.83712 0.282404
v 3.055331 0.823426 0.268029
v 3.07096 0.840738 0.283547
v 3.083307 0.83557 0.280152
v 3.076445 0.827788 0.269408
v 3.061309 0.841861 0.28741
v 3.063834 0.833917 0.273886
v 3.068176 0.816339 0.263015
v 3.055331 0.823426 0.268029
v 3.059907 0.803294 0.261665
v 3.068176 0.816339 0.263015
v 3.048139 0.810671 0.266538
v 3.044674 0.827588 0.277629
v 3.053046 0.790751 0.265985
v 3.038723 0.815309 0.275509
v 3.038032 0.827844 0.291003
v 3.042517 0.798613 0.270232
v 3.032222 0.814736 0.287677
v 3.035809 0.824605 0.306001
v 3.037891 0.789788 0.279791
v 3.048769 0.780598 0.276069
v 3.036487 0.805099 0.275789
v 3.031865 0.801333 0.284378
v 3.029763 0.810993 0.301698
v 3.038032 0.818636 0.320135
v 3.035925 0.783878 0.293127
v 3.047338 0.773873 0.289965
v 3.029543 0.796753 0.297197
v 3.032222 0.805997 0.315323
v 3.044674 0.810738 0.330932
v 3.037891 0.781049 0.307437
v 3.048769 0.771389 0.305201
v 3.031865 0.793133 0.310319
v 3.038723 0.799472 0.325609
v 3.055331 0.801815 0.336396
v 3.042517 0.782776 0.320332
v 3.053046 0.773902 0.319289
v 3.059907 0.781683 0.330033
v 3.036487 0.791278 0.319512
v 3.048139 0.790521 0.330285
v 3.068176 0.793133 0.336426
v 3.081021 0.807657 0.263044
v 3.076445 0.827788 0.269408
v 3.068176 0.816339 0.263015
v 3.088213 0.818951 0.269156
v 3.091679 0.798733 0.268508
v 3.083307 0.83557 0.280152
v 3.097629 0.81 0.273831
v 3.09832 0.790836 0.279306
v 3.093835 0.826696 0.279109
v 3.10413 0.803475 0.284117
v 3.100544 0.784867 0.29344
v 3.098461 0.828422 0.292003
v 3.087583 0.838082 0.29424
v 3.099865 0.818194 0.279929
v 3.104487 0.816339 0.289122
v 3.106589 0.798479 0.297742
v 3.09832 0.781628 0.308437
v 3.100427 0.825593 0.306313
v 3.089014 0.835598 0.309476
v 3.106809 0.812718 0.302243
v 3.10413 0.794736 0.311764
v 3.091679 0.781884 0.321812
v 3.098461 0.819684 0.319649
v 3.087583 0.828874 0.323371
v 3.104487 0.808139 0.315062
v 3.097629 0.794163 0.323931
v 3.081021 0.786046 0.331411
v 3.093835 0.810859 0.329209
v 3.083307 0.818721 0.333456
v 3.076445 0.806178 0.337775
v 3.099865 0.804373 0.323651
v 3.088213 0.798801 0.332902
v 3.068176 0.793133 0.336426
v 3.154801 0.89532 0.365953
v 3.133688 0.890958 0.364574
v 3.141957 0.902408 0.370967
v 3.146299 0.88483 0.360096
v 3.16546 0.891159 0.356353
v 3.126827 0.883176 0.35383
v 3.156684 0.881626 0.351578
v 3.172101 0.890902 0.342978
v 3.139174 0.878008 0.350435
v 3.162217 0.880765 0.338957
v 3.174325 0.894141 0.327981
v 3.136052 0.875358 0.337248
v 3.12255 0.880664 0.339742
v 3.148824 0.876885 0.346572
v 3.149826 0.875288 0.336288
v 3.163832 0.883259 0.324541
v 3.172101 0.900111 0.313847
v 3.135395 0.877383 0.322684
v 3.121119 0.883148 0.324506
v 3.150329 0.877174 0.322618
v 3.162217 0.889504 0.311311
v 3.16546 0.908008 0.303049
v 3.136052 0.884097 0.309602
v 3.12255 0.889872 0.310611
v 3.149826 0.883488 0.310347
v 3.156684 0.897463 0.301478
v 3.154801 0.916931 0.297586
v 3.139174 0.893845 0.300334
v 3.126827 0.900026 0.300526
v 3.133688 0.912569 0.296207
v 3.148824 0.890705 0.30285
v 3.146299 0.90498 0.296349
v 3.141957 0.925613 0.297556
v 3.129113 0.91109 0.370938
v 3.150227 0.915452 0.372317
v 3.141957 0.902408 0.370967
v 3.137615 0.923041 0.372174
v 3.118454 0.920013 0.365474
v 3.157088 0.927995 0.367997
v 3.127231 0.930558 0.367046
v 3.111813 0.92791 0.354677
v 3.144741 0.934176 0.368189
v 3.121698 0.938517 0.357213
v 3.10959 0.933879 0.340542
v 3.147862 0.943923 0.358922
v 3.161364 0.938149 0.357913
v 3.13509 0.937315 0.365674
v 3.134089 0.944533 0.358176
v 3.120082 0.944762 0.343982
v 3.111813 0.937119 0.325545
v 3.148519 0.950637 0.34584
v 3.162795 0.944873 0.344017
v 3.133585 0.950847 0.345906
v 3.121698 0.947256 0.329567
v 3.118454 0.936862 0.31217
v 3.147862 0.952662 0.331275
v 3.161364 0.947357 0.328781
v 3.134089 0.952733 0.332236
v 3.127231 0.946394 0.316945
v 3.129113 0.9327 0.302571
v 3.144741 0.950013 0.318089
v 3.157088 0.944844 0.314694
v 3.150227 0.937063 0.30395
v 3.13509 0.951136 0.321952
v 3.137615 0.943191 0.308428
v 3.141957 0.925613 0.297556
v 3.129113 0.9327 0.302571
v 3.133688 0.912569 0.296207
v 3.141957 0.925613 0.297556
v 3.12192 0.919945 0.30108
v 3.118454 0.936862 0.31217
v 3.126827 0.900026 0.300526
v 3.112504 0.924583 0.310051
v 3.111813 0.937119 0.325545
v 3.116298 0.907887 0.304773
v 3.106003 0.92401 0.322218
v 3.10959 0.933879 0.340542
v 3.111672 0.899063 0.314333
v 3.12255 0.889872 0.310611
v 3.110268 0.914373 0.310331
v 3.105646 0.910608 0.31892
v 3.103544 0.920267 0.33624
v 3.111813 0.92791 0.354677
v 3.109706 0.893153 0.327669
v 3.121119 0.883148 0.324506
v 3.103324 0.906028 0.331739
v 3.106003 0.915271 0.349865
v 3.118454 0.920013 0.365474
v 3.111672 0.890324 0.341979
v 3.12255 0.880664 0.339742
v 3.105646 0.902408 0.344861
v 3.112504 0.908746 0.360151
v 3.129113 0.91109 0.370938
v 3.116298 0.89205 0.354873
v 3.126827 0.883176 0.35383
v 3.133688 0.890958 0.364574
v 3.110268 0.900552 0.354053
v 3.12192 0.899795 0.364826
v 3.141957 0.902408 0.370967
v 3.154801 0.916931 0.297586
v 3.150227 0.937063 0.30395
v 3.141957 0.925613 0.297556
v 3.161995 0.928226 0.303697
v 3.16546 0.908008 0.303049
v 3.157088 0.944844 0.314694
v 3.17141 0.919275 0.308373
v 3.172101 0.900111 0.313847
v 3.167616 0.93597 0.31365
v 3.177912 0.912749 0.318659
v 3.174325 0.894141 0.327981
v 3.172242 0.937697 0.326545
v 3.161364 0.947357 0.328781
v 3.173646 0.927468 0.31447
v 3.178268 0.925613 0.323663
v 3.18037 0.907754 0.332284
v 3.172101 0.890902 0.342978
v 3.174208 0.934868 0.340855
v 3.162795 0.944873 0.344017
v 3.18059 0.921993 0.336785
v 3.177912 0.90401 0.346305
v 3.16546 0.891159 0.356353
v 3.172242 0.928958 0.354191
v 3.161364 0.938149 0.357913
v 3.178268 0.917413 0.349604
v 3.17141 0.903438 0.358473
v 3.154801 0.89532 0.365953
v 3.167616 0.920134 0.36375
v 3.157088 0.927995 0.367997
v 3.150227 0.915452 0.372317
v 3.173646 0.913648 0.358193
v 3.161995 0.908075 0.367444
v 3.141957 0.902408 0.370967
v 3.04139 0.755045 0.514136
v 3.050931 0.713062 0.500865
v 3.037042 0.732169 0.506905
v 3.094962 0.72216 0.503741
v 3.074923 0.708916 0.499555
v 3.061429 0.768289 0.518322
v 3.08542 0.764143 0.517012
v 3.09931 0.745035 0.510972
v 5.340458 1.655234 -0.670989
v 5.334614 1.87945 -0.624821
v 5.310155 1.655234 -0.670989
v 5.385592 1.87945 -0.624821
v 5.35179 1.651883 -0.660391
v 5.396381 1.874799 -0.61011
v 5.35179 1.644366 -0.63661
v 5.396381 1.855682 -0.54963
v 5.340458 1.641016 -0.626011
v 5.385592 1.851032 -0.53492
v 5.310155 1.641016 -0.626011
v 5.334614 1.851032 -0.53492
v 5.298993 1.644367 -0.63661
v 5.323987 1.855682 -0.549631
v 5.298993 1.651883 -0.660391
v 5.323987 1.874799 -0.610109
v 5.310155 1.655234 -0.670989
v 5.334614 1.87945 -0.624821
v 5.340458 1.61855 -0.650565
v 5.334614 1.546426 -0.867826
v 5.310155 1.61855 -0.650565
v 5.385592 1.546426 -0.867826
v 5.35179 1.629404 -0.652962
v 5.396381 1.56149 -0.871154
v 5.35179 1.653757 -0.658343
v 5.396381 1.623426 -0.884837
v 5.340458 1.664611 -0.660741
v 5.385592 1.638491 -0.888166
v 5.310155 1.664611 -0.660741
v 5.334614 1.638491 -0.888166
v 5.298993 1.653757 -0.658343
v 5.323987 1.623425 -0.884837
v 5.298993 1.629404 -0.652963
v 5.323987 1.561491 -0.871154
v 5.310155 1.61855 -0.650565
v 5.334614 1.546426 -0.867826
v 5.340458 1.65458 -0.629008
v 5.334614 1.502489 -0.457916
v 5.310155 1.65458 -0.629008
v 5.385591 1.502489 -0.457916
v 5.35179 1.647077 -0.637209
v 5.396381 1.492074 -0.469298
v 5.35179 1.630241 -0.655609
v 5.396381 1.449256 -0.516094
v 5.340458 1.622737 -0.66381
v 5.385592 1.438842 -0.527476
v 5.310155 1.622737 -0.66381
v 5.334614 1.438842 -0.527476
v 5.298993 1.630241 -0.655609
v 5.323987 1.449257 -0.516094
v 5.298993 1.647077 -0.637209
v 5.323987 1.492074 -0.469299
v 5.310155 1.65458 -0.629008
v 5.334614 1.502489 -0.457916
v 3.204294 1.491987 -1.212252
v 3.094445 1.498177 -1.210296
v 3.180065 1.498177 -1.210296
v 3.070217 1.491987 -1.212252
v 3.05248 1.475075 -1.217598
v 3.045988 1.451973 -1.224901
v 3.045988 1.30053 -1.272771
v 3.228523 1.30053 -1.272771
v 3.228523 1.451973 -1.224901
v 3.222031 1.475075 -1.217598
v 3.228523 1.451973 -1.224901
v 3.228523 1.327534 -1.358202
v 3.228523 1.30053 -1.272771
v 3.228523 1.478977 -1.310331
v 3.222031 1.502079 -1.303028
v 3.222031 1.475075 -1.217598
v 3.204294 1.518991 -1.297682
v 3.204294 1.491987 -1.212252
v 3.180065 1.525181 -1.295726
v 3.180065 1.498177 -1.210296
v 3.094445 1.498177 -1.210296
v 3.094445 1.525181 -1.295726
v 3.070217 1.518991 -1.297682
v 3.070217 1.491987 -1.212252
v 3.05248 1.502079 -1.303028
v 3.05248 1.475075 -1.217598
v 3.045988 1.478977 -1.310331
v 3.045988 1.451973 -1.224901
v 3.045988 1.30053 -1.272771
v 3.045988 1.327534 -1.358202
v 3.070217 1.518991 -1.297682
v 3.180065 1.525181 -1.295726
v 3.094445 1.525181 -1.295726
v 3.204294 1.518991 -1.297682
v 3.222031 1.502079 -1.303028
v 3.228523 1.478977 -1.310331
v 3.228523 1.327534 -1.358202
v 3.045988 1.327534 -1.358202
v 3.045988 1.478977 -1.310331
v 3.05248 1.502079 -1.303028
v 3.045988 1.327534 -1.358202
v 3.228523 1.30053 -1.272771
v 3.228523 1.327534 -1.358202
v 3.045988 1.30053 -1.272771
v 5.097556 1.143554 -1.1607
v 1.775635 1.055052 -1.188673
v 5.097556 1.055053 -1.188675
v 1.643525 1.143553 -1.160697
v 5.097556 1.203891 -1.044586
v 1.775635 1.17808 -0.962932
v 1.775635 1.203891 -1.044584
v 5.097556 1.178081 -0.962934
v 5.097556 1.002671 -1.022961
v 5.097556 0.991559 -0.987808
v 5.097556 1.137297 -0.941741
v 5.097556 1.203891 -1.044586
v 5.097556 1.178081 -0.962934
v 5.097556 1.039484 -1.139421
v 5.097556 1.143554 -1.1607
v 5.097556 1.055053 -1.188675
v 5.097556 0.990075 -1.15476
v 5.097556 0.953356 -1.0386
v 1.643525 1.080313 -0.95975
v 5.097556 0.991559 -0.987808
v 1.775635 0.991558 -0.987806
v 5.097556 1.137297 -0.941741
v 1.775635 1.137296 -0.941738
v 1.775635 1.203891 -1.044584
v 5.097556 1.143554 -1.1607
v 5.097556 1.203891 -1.044586
v 1.643525 1.143553 -1.160697
v 1.775635 1.039403 -1.139165
v -0.536754 0.990073 -1.154757
v 1.775635 0.990074 -1.154758
v -0.536754 1.039178 -1.138454
v 1.775635 0.991558 -0.987806
v -0.536753 1.080313 -0.959749
v 1.643525 1.080313 -0.95975
v -0.536753 0.991558 -0.987804
v 1.775635 1.002685 -1.023005
v 5.097556 0.991559 -0.987808
v 5.097556 1.002671 -1.022961
v 1.775635 0.991558 -0.987806
v -0.536753 0.991558 -0.987804
v -0.536754 1.002672 -1.022964
v 1.775635 1.055052 -1.188673
v 5.097556 1.039484 -1.139421
v 5.097556 1.055053 -1.188675
v 1.775635 1.039403 -1.139165
v 5.097556 1.002671 -1.022961
v 1.775635 0.953356 -1.038597
v 1.775635 1.002685 -1.023005
v 5.097556 0.953356 -1.0386
v 1.775635 1.039403 -1.139165
v 5.097556 0.990075 -1.15476
v 5.097556 1.039484 -1.139421
v 1.775635 0.990074 -1.154758
v 5.097556 1.178081 -0.962934
v 1.775635 1.137296 -0.941738
v 1.775635 1.17808 -0.962932
v 5.097556 1.137297 -0.941741
v 1.775635 1.17808 -0.962932
v 1.643525 1.080313 -0.95975
v 1.775635 1.203891 -1.044584
v 1.643525 1.143553 -1.160697
v -0.536754 1.039178 -1.138454
v -0.536754 0.953355 -1.038596
v -0.536754 0.990073 -1.154757
v -0.536754 1.002672 -1.022964
v -0.536753 1.080313 -0.959749
v -0.536753 0.991558 -0.987804
v -0.536754 1.143553 -1.160696
v -0.536754 1.055052 -1.188671
v 1.643525 1.080313 -0.95975
v -0.536754 1.143553 -1.160696
v 1.643525 1.143553 -1.160697
v -0.536753 1.080313 -0.959749
v 1.775635 0.953356 -1.038597
v -0.536754 1.002672 -1.022964
v 1.775635 1.002685 -1.023005
v -0.536754 0.953355 -1.038596
v 1.643525 1.143553 -1.160697
v -0.536754 1.055052 -1.188671
v 1.775635 1.055052 -1.188673
v -0.536754 1.143553 -1.160696
v -0.536754 1.039178 -1.138454
v 1.775635 1.055052 -1.188673
v -0.536754 1.055052 -1.188671
v 1.775635 1.039403 -1.139165
v 1.776682 0.852872 -0.549064
v 5.098603 0.941373 -0.521089
v 5.098603 0.852872 -0.549064
v 1.644572 0.941373 -0.521089
v 1.776682 1.083297 -0.663079
v 5.098603 1.057487 -0.581427
v 1.776682 1.057487 -0.581427
v 5.098603 1.083297 -0.663079
v -0.535707 0.852872 -0.549064
v 1.776682 0.868522 -0.598572
v -0.535707 0.868522 -0.598572
v 1.776682 0.852872 -0.549064
v 5.098603 0.916366 -0.749931
v 1.644572 1.005121 -0.721876
v 1.776682 0.916366 -0.749931
v 1.776682 1.062104 -0.703864
v 5.098603 1.062104 -0.703863
v 5.098603 0.941373 -0.521089
v 1.776682 1.057487 -0.581427
v 5.098603 1.057487 -0.581427
v 1.644572 0.941373 -0.521089
v -0.535707 0.819193 -0.614165
v 1.776682 0.868522 -0.598572
v 1.776682 0.819193 -0.614165
v -0.535707 0.868522 -0.598572
v -0.535707 1.005121 -0.721876
v 1.776682 0.916366 -0.749931
v 1.644572 1.005121 -0.721876
v -0.535707 0.916366 -0.749931
v 5.098603 0.868522 -0.598572
v 1.776682 0.852872 -0.549064
v 5.098603 0.852872 -0.549064
v 1.776682 0.868522 -0.598572
v 5.098603 0.916366 -0.749931
v 5.098603 0.868522 -0.598572
v 5.098603 0.852872 -0.549064
v 5.098603 0.90524 -0.714732
v 1.776682 0.90524 -0.714732
v 5.098603 0.916366 -0.749931
v 1.776682 0.916366 -0.749931
v 5.098603 0.90524 -0.714732
v 5.098603 0.855911 -0.730325
v 5.098603 0.868522 -0.598572
v 5.098603 0.90524 -0.714732
v 5.098603 0.819193 -0.614164
v 1.776682 0.855911 -0.730325
v 5.098603 0.90524 -0.714732
v 1.776682 0.90524 -0.714732
v 5.098603 0.855911 -0.730325
v 5.098603 0.819193 -0.614164
v 1.776682 0.868522 -0.598572
v 5.098603 0.868522 -0.598572
v 1.776682 0.819193 -0.614165
v 1.776682 1.062104 -0.703864
v 5.098603 1.083297 -0.663079
v 1.776682 1.083297 -0.663079
v 5.098603 1.062104 -0.703863
v 5.098603 0.852872 -0.549064
v 5.098603 1.062104 -0.703863
v 5.098603 0.916366 -0.749931
v 5.098603 1.083297 -0.663079
v 5.098603 1.057487 -0.581427
v 5.098603 0.941373 -0.521089
v -0.535707 0.916366 -0.749931
v -0.535707 0.941373 -0.521089
v -0.535707 0.852872 -0.549064
v -0.535707 1.005121 -0.721876
v 1.776682 1.083297 -0.663079
v 1.776682 1.057487 -0.581427
v 1.644572 1.005121 -0.721876
v 1.644572 0.941373 -0.521089
v -0.535707 0.819193 -0.614165
v -0.535707 0.90524 -0.714732
v -0.535707 0.868522 -0.598572
v -0.535707 0.855911 -0.730325
v -0.535707 0.941373 -0.521089
v 1.644572 1.005121 -0.721876
v 1.644572 0.941373 -0.521089
v -0.535707 1.005121 -0.721876
v -0.535707 0.90524 -0.714732
v 1.776682 0.855911 -0.730325
v 1.776682 0.90524 -0.714732
v -0.535707 0.855911 -0.730325
v -0.535707 0.852872 -0.549064
v 1.644572 0.941373 -0.521089
v 1.776682 0.852872 -0.549064
v -0.535707 0.941373 -0.521089
v 2.931994 1.355499 -0.813661
v 3.380383 1.048299 0.158187
v 2.931994 1.048299 0.158187
v 3.380383 1.355499 -0.813661
v 3.315876 1.30818 -0.828618
v 2.931994 1.355499 -0.813661
v 2.996501 1.30818 -0.828618
v 3.380383 1.355499 -0.813661
v 2.996501 1.000979 0.14323
v 3.380383 1.048299 0.158187
v 3.315876 1.000979 0.14323
v 2.931994 1.048299 0.158187
v 3.315876 0.943217 0.124971
v 3.380383 1.048299 0.158187
v 3.380383 0.943217 0.124971
v 3.315876 1.000979 0.14323
v 2.996501 1.250418 -0.846877
v 2.931994 1.355499 -0.813661
v 2.931994 1.250418 -0.846877
v 2.996501 1.30818 -0.828618
v 3.380383 1.250418 -0.846877
v 3.315876 1.30818 -0.828618
v 3.315876 1.250418 -0.846877
v 3.380383 1.355499 -0.813661
v 2.931994 0.943217 0.124971
v 2.996501 1.000979 0.14323
v 2.996501 0.943217 0.124971
v 2.931994 1.048299 0.158187
v 3.315876 1.30818 -0.828618
v 2.996501 1.000979 0.14323
v 3.315876 1.000979 0.14323
v 2.996501 1.30818 -0.828618
v 2.996501 0.943217 0.124971
v 2.996501 1.30818 -0.828618
v 2.996501 1.250418 -0.846877
v 2.996501 1.000979 0.14323
v 3.315876 1.250418 -0.846877
v 3.315876 1.000979 0.14323
v 3.315876 0.943217 0.124971
v 3.315876 1.30818 -0.828618
v -0.535707 0.90524 -0.714732
v 1.776682 0.916366 -0.749931
v -0.535707 0.916366 -0.749931
v 1.776682 0.90524 -0.714732
v 3.380383 0.943217 0.124971
v 3.380383 1.355499 -0.813661
v 3.380383 1.250418 -0.846877
v 3.380383 1.048299 0.158187
v 2.931994 1.250418 -0.846877
v 2.931994 1.048299 0.158187
v 2.931994 0.943217 0.124971
v 2.931994 1.355499 -0.813661
v 5.197098 0.124699 -0.745251
v 5.197098 1.040807 -1.192227
v 5.197098 0.336374 -1.414898
v 5.197098 0.829132 -0.52258
v -0.60707 0.124699 -0.745251
v 5.197098 0.829132 -0.52258
v 5.197098 0.124699 -0.745251
v -0.60707 0.829132 -0.52258
v -0.60707 0.336374 -1.414898
v -0.60707 0.829132 -0.52258
v -0.60707 0.124699 -0.745251
v -0.60707 1.040807 -1.192227
v 5.197098 0.336374 -1.414898
v -0.60707 1.040807 -1.192227
v -0.60707 0.336374 -1.414898
v 5.197098 1.040807 -1.192227
v 5.197098 0.336374 -1.414898
v -0.60707 0.124699 -0.745251
v 5.197098 0.124699 -0.745251
v -0.60707 0.336374 -1.414898
v -0.60707 1.040807 -1.192227
v 5.197098 0.829132 -0.52258
v -0.60707 0.829132 -0.52258
v 5.197098 1.040807 -1.192227
v 3.227839 0.545192 0.278663
v 3.235831 0.565146 0.242055
v 3.227839 0.557526 0.239646
v 3.235831 0.552813 0.281072
v 3.235831 0.575924 0.245461
v 3.244848 0.508697 0.408241
v 3.231574 0.49604 0.40424
v 3.244848 0.526598 0.413899
v 3.235831 0.56359 0.284479
v 3.227839 0.583544 0.24787
v 3.227839 0.571211 0.286888
v 3.231574 0.539255 0.417901
v 3.216536 0.583544 0.24787
v 3.216536 0.571211 0.286888
v 3.2128 0.539255 0.417901
v 3.208544 0.575924 0.245461
v 3.208544 0.56359 0.284479
v 3.199525 0.526598 0.413899
v 3.208544 0.565146 0.242055
v 3.208544 0.552813 0.281072
v 3.199525 0.508697 0.408241
v 3.216536 0.557526 0.239646
v 3.216536 0.545192 0.278663
v 3.2128 0.49604 0.40424
v 3.227839 0.545192 0.278663
v 3.227839 0.557526 0.239646
v 3.231574 0.49604 0.40424
v 3.228842 0.499682 0.414602
v 3.244848 0.508697 0.408241
v 3.231574 0.49604 0.40424
v 3.238252 0.508656 0.417439
v 3.244848 0.526598 0.413899
v 3.238252 0.521346 0.42145
v 3.231574 0.539255 0.417901
v 3.215533 0.499682 0.414602
v 3.231574 0.49604 0.40424
v 3.2128 0.49604 0.40424
v 3.206121 0.508656 0.417439
v 3.199525 0.508697 0.408241
v 3.228842 0.530319 0.424287
v 3.2128 0.539255 0.417901
v 3.215533 0.530319 0.424287
v 3.199525 0.526598 0.413899
v 3.206121 0.521346 0.42145
v 3.149503 0.85258 0.254968
v 3.183507 0.903611 0.131618
v 3.149503 0.892665 0.128157
v 3.183507 0.863526 0.258429
v 3.209163 0.927542 0.139182
v 3.209163 0.887457 0.265993
v 3.221389 0.959717 0.149352
v 3.221389 0.919632 0.276163
v 3.217763 0.993763 0.160115
v 3.217763 0.953678 0.286925
v 3.199004 1.022938 0.169337
v 3.199004 0.982853 0.296148
v 3.168827 1.041463 0.175192
v 3.168827 1.001378 0.302003
v 3.133208 1.045668 0.176522
v 3.133208 1.005583 0.303333
v 3.099203 1.034721 0.173061
v 3.099203 0.994636 0.299872
v 3.073547 1.010791 0.165497
v 3.073547 0.970706 0.292308
v 3.061321 0.978616 0.155327
v 3.061321 0.938531 0.282137
v 3.064947 0.94457 0.144565
v 3.064947 0.904485 0.271375
v 3.083707 0.915395 0.135342
v 3.083707 0.87531 0.262153
v 3.113884 0.856785 0.256298
v 3.113884 0.89687 0.129487
v 3.149503 0.892665 0.128157
v 3.149503 0.85258 0.254968
v 3.099203 0.994636 0.299872
v 3.061321 0.938531 0.282137
v 3.073547 0.970706 0.292308
v 3.083707 0.87531 0.262153
v 3.064947 0.904485 0.271375
v 3.149503 0.85258 0.254968
v 3.113884 0.856785 0.256298
v 3.217763 0.953678 0.286925
v 3.133208 1.005583 0.303333
v 3.168827 1.001378 0.302003
v 3.199004 0.982853 0.296148
v 3.209163 0.887457 0.265993
v 3.183507 0.863526 0.258429
v 3.221389 0.919632 0.276163
v 3.113884 0.89687 0.129487
v 3.064947 0.94457 0.144565
v 3.083707 0.915395 0.135342
v 3.073547 1.010791 0.165497
v 3.061321 0.978616 0.155327
v 3.149503 0.892665 0.128157
v 3.183507 0.903611 0.131618
v 3.133208 1.045668 0.176522
v 3.099203 1.034721 0.173061
v 3.199004 1.022938 0.169337
v 3.168827 1.041463 0.175192
v 3.221389 0.959717 0.149352
v 3.217763 0.993763 0.160115
v 3.209163 0.927542 0.139182
v 3.326358 0.459017 0.044206
v 3.255482 0.459018 0.044206
v 3.320472 0.416388 0.030731
v 3.303216 0.376664 0.018174
v 3.241835 0.507581 0.059557
v 3.320472 0.501647 0.057682
v 3.303216 0.541372 0.070238
v 3.241835 0.410454 0.028855
v 3.275764 0.342551 0.007391
v 3.239988 0.316376 -0.000883
v 3.20455 0.374903 0.017618
v 3.198326 0.299922 -0.006084
v 3.20455 0.543132 0.070795
v 3.275764 0.575484 0.081021
v 3.239988 0.601659 0.089295
v 3.153617 0.36189 0.013504
v 3.153617 0.294309 -0.007858
v 3.108909 0.299922 -0.006084
v 3.153617 0.556145 0.074908
v 3.198326 0.618113 0.094496
v 3.153617 0.623726 0.09627
v 3.102685 0.374903 0.017618
v 3.067247 0.316376 -0.000883
v 3.031471 0.342551 0.007391
v 3.102798 0.543177 0.070809
v 3.108909 0.618113 0.094496
v 3.067247 0.601659 0.089295
v 3.0654 0.410454 0.028855
v 3.004019 0.376664 0.018174
v 2.986762 0.416388 0.030731
v 3.065475 0.507674 0.059587
v 3.051753 0.459017 0.044206
v 2.980876 0.459017 0.044206
v 2.986762 0.501647 0.057681
v 3.031471 0.575484 0.081021
v 3.004019 0.541372 0.070238
v 3.153617 0.580197 0.221885
v 3.153618 0.418964 0.170919
v 3.109852 0.574703 0.220148
v 3.197383 0.574703 0.220148
v 3.069069 0.558596 0.215057
v 3.238166 0.558596 0.215056
v 3.034048 0.532973 0.206957
v 3.273187 0.532973 0.206957
v 3.007175 0.49958 0.196402
v 3.300059 0.499581 0.196402
v 2.990283 0.460694 0.18411
v 3.316952 0.460694 0.18411
v 2.984521 0.418964 0.170919
v 3.322714 0.418964 0.170919
v 2.990283 0.377234 0.157728
v 3.316952 0.377234 0.157728
v 3.007175 0.338347 0.145436
v 3.300059 0.338347 0.145436
v 3.034048 0.304955 0.134881
v 3.273187 0.304955 0.134881
v 3.069069 0.279332 0.126781
v 3.238166 0.279332 0.126781
v 3.109852 0.263224 0.12169
v 3.197383 0.263224 0.12169
v 3.153617 0.25773 0.119953
v 5.389263 1.670795 -0.652617
v 5.389263 1.68246 -0.616849
v 5.389263 1.692198 -0.634569
v 5.389263 1.694414 -0.654666
v 5.389263 1.66431 -0.632101
v 5.389263 1.666682 -0.604205
v 5.389263 1.647267 -0.598562
v 5.389263 1.660874 -0.67171
v 5.389263 1.645218 -0.62218
v 5.389263 1.627169 -0.600777
v 5.389263 1.60945 -0.610515
v 5.389263 1.624702 -0.628665
v 5.389263 1.596806 -0.626293
v 5.389263 1.68877 -0.674082
v 5.389263 1.676126 -0.689859
v 5.389263 1.658406 -0.699597
v 5.389263 1.614781 -0.647758
v 5.389263 1.591162 -0.645709
v 5.389263 1.593378 -0.665806
v 5.389263 1.640358 -0.678195
v 5.389263 1.638309 -0.701813
v 5.389263 1.618894 -0.696169
v 5.389263 1.621266 -0.668273
v 5.389263 1.603116 -0.683525
v 3.960238 1.70216 -0.663305
v 3.960237 1.725146 -0.692984
v 3.960237 1.733417 -0.67021
v 3.960237 1.735511 -0.646071
v 3.960238 1.687647 -0.691233
v 3.960238 1.700764 -0.631861
v 3.960237 1.731286 -0.622213
v 3.960237 1.72103 -0.600262
v 3.960237 1.711263 -0.712842
v 3.960237 1.692714 -0.72843
v 3.960237 1.670762 -0.738685
v 3.960238 1.683834 -0.605328
v 3.960237 1.705442 -0.581712
v 3.960237 1.685585 -0.567829
v 3.960238 1.661114 -0.708164
v 3.960237 1.646904 -0.74291
v 3.960237 1.622765 -0.740816
v 3.960238 1.655905 -0.590815
v 3.960237 1.662811 -0.559559
v 3.960237 1.638672 -0.557465
v 3.960238 1.624462 -0.592211
v 3.960237 1.614814 -0.561689
v 3.960238 1.629671 -0.709559
v 3.960237 1.599991 -0.732546
v 3.960237 1.580134 -0.718663
v 3.960238 1.597929 -0.609142
v 3.960237 1.592862 -0.571945
v 3.960237 1.574313 -0.587533
v 3.960238 1.601742 -0.695047
v 3.960237 1.564546 -0.700113
v 3.960237 1.55429 -0.678162
v 3.960238 1.583416 -0.63707
v 3.960237 1.56043 -0.607391
v 3.960237 1.55216 -0.630165
v 3.960238 1.584812 -0.668514
v 3.960237 1.550065 -0.654303
v 4.250642 1.64533 -0.707447
v 4.250642 1.608315 -0.716528
v 4.250642 1.62666 -0.72319
v 4.250642 1.646103 -0.724877
v 4.250642 1.616359 -0.701047
v 4.250642 1.592319 -0.705345
v 4.250642 1.579763 -0.690403
v 4.250642 1.67362 -0.698505
v 4.250642 1.665322 -0.721474
v 4.250642 1.683004 -0.713213
v 4.250642 1.59447 -0.681019
v 4.250642 1.571502 -0.672721
v 4.250642 1.568099 -0.653503
v 4.250642 1.693648 -0.676616
v 4.250642 1.585528 -0.652729
v 4.250642 1.569785 -0.634059
v 4.250642 1.576447 -0.615714
v 4.250642 1.591929 -0.623759
v 4.250642 1.58763 -0.599719
v 4.250642 1.697946 -0.700656
v 4.250642 1.709129 -0.684661
v 4.250642 1.715791 -0.666316
v 4.250642 1.611957 -0.60187
v 4.250642 1.602572 -0.587162
v 4.250642 1.620255 -0.578901
v 4.250642 1.700048 -0.647646
v 4.250642 1.717477 -0.646872
v 4.250642 1.714074 -0.627654
v 4.250642 1.640246 -0.592927
v 4.250642 1.639472 -0.575498
v 4.250642 1.658917 -0.577185
v 4.250642 1.691106 -0.619356
v 4.250642 1.705813 -0.609972
v 4.250642 1.693257 -0.59503
v 4.250642 1.669217 -0.599328
v 4.250642 1.677261 -0.583847
v 4.145865 1.580134 -0.718663
v 4.145865 1.616359 -0.701047
v 4.145865 1.599991 -0.732546
v 4.145865 1.622765 -0.740816
v 4.145865 1.59447 -0.681019
v 4.145865 1.564546 -0.700113
v 4.145865 1.55429 -0.678162
v 4.145865 1.64533 -0.707447
v 4.145865 1.646904 -0.74291
v 4.145865 1.670762 -0.738685
v 4.145865 1.585528 -0.652729
v 4.145865 1.550065 -0.654303
v 4.145865 1.55216 -0.630165
v 4.145865 1.591929 -0.623759
v 4.145865 1.56043 -0.607391
v 4.145865 1.673619 -0.698505
v 4.145865 1.692714 -0.72843
v 4.145865 1.711263 -0.712842
v 4.145865 1.611957 -0.60187
v 4.145865 1.574313 -0.587533
v 4.145865 1.592862 -0.571945
v 4.145865 1.693648 -0.676616
v 4.145865 1.640246 -0.592927
v 4.145865 1.614814 -0.56169
v 4.145865 1.638672 -0.557465
v 4.145865 1.725146 -0.692984
v 4.145865 1.733417 -0.67021
v 4.145865 1.735511 -0.646071
v 4.145865 1.669217 -0.599328
v 4.145865 1.662811 -0.559559
v 4.145865 1.685585 -0.567829
v 4.145865 1.700048 -0.647646
v 4.145865 1.731286 -0.622213
v 4.145865 1.72103 -0.600262
v 4.145865 1.691106 -0.619356
v 4.145865 1.705442 -0.581712
v 3.313306 0.43959 0.105666
v 3.356154 0.387845 0.089309
v 3.363299 0.43959 0.105666
v 3.307865 0.478999 0.118123
v 3.307865 0.400182 0.093209
v 3.356154 0.491336 0.122023
v 3.335207 0.339625 0.074067
v 3.291912 0.515722 0.129731
v 3.291912 0.363459 0.081601
v 3.335207 0.539556 0.137265
v 3.301885 0.298218 0.060978
v 3.266534 0.547256 0.139699
v 3.266534 0.331924 0.071633
v 3.301885 0.580963 0.150354
v 3.258458 0.266445 0.050935
v 3.233462 0.571454 0.147348
v 3.233462 0.307727 0.063984
v 3.258458 0.612735 0.160397
v 3.207887 0.246472 0.044621
v 3.194948 0.586665 0.152156
v 3.194948 0.292515 0.059175
v 3.207887 0.632708 0.16671
v 3.153617 0.239659 0.042468
v 3.153617 0.591853 0.153796
v 3.153617 0.287327 0.057536
v 3.153617 0.639521 0.168864
v 3.099348 0.246472 0.044621
v 3.112287 0.586665 0.152156
v 3.112287 0.292515 0.059175
v 3.099348 0.632708 0.16671
v 3.048777 0.266445 0.050935
v 3.073773 0.571454 0.147348
v 3.073773 0.307726 0.063984
v 3.048777 0.612735 0.160397
v 3.00535 0.298218 0.060978
v 3.0407 0.547256 0.139699
v 3.0407 0.331924 0.071633
v 3.00535 0.580963 0.150354
v 2.972028 0.339625 0.074067
v 3.015323 0.515722 0.129731
v 3.015323 0.363459 0.081601
v 2.972028 0.539555 0.137265
v 2.951081 0.387844 0.089309
v 2.99937 0.478999 0.118123
v 2.99937 0.400182 0.093209
v 2.951081 0.491336 0.122023
v 2.943936 0.43959 0.105666
v 2.993929 0.43959 0.105666
v 3.273187 0.297741 0.157702
v 3.335207 0.311785 0.162142
v 3.301885 0.270377 0.149053
v 3.300059 0.331133 0.168258
v 3.238166 0.272118 0.149603
v 3.356154 0.360004 0.177384
v 3.258458 0.238605 0.13901
v 3.316952 0.37002 0.18055
v 3.197383 0.25601 0.144511
v 3.363299 0.41175 0.19374
v 3.207887 0.218632 0.132696
v 3.322714 0.41175 0.19374
v 3.153617 0.250516 0.142775
v 3.356154 0.463496 0.210097
v 3.153617 0.211819 0.130543
v 3.316952 0.45348 0.206932
v 3.109852 0.25601 0.144511
v 3.335207 0.511715 0.22534
v 3.099348 0.218631 0.132696
v 3.300059 0.492366 0.219223
v 3.069069 0.272118 0.149603
v 3.301885 0.553122 0.238428
v 3.048777 0.238605 0.13901
v 3.273187 0.525759 0.229779
v 3.034048 0.297741 0.157702
v 3.258458 0.584895 0.248472
v 3.00535 0.270377 0.149053
v 3.238166 0.551382 0.237878
v 3.007175 0.331133 0.168258
v 3.207887 0.604868 0.254785
v 2.972028 0.311784 0.162142
v 3.197383 0.567489 0.24297
v 2.990283 0.37002 0.18055
v 3.153617 0.611681 0.256939
v 2.951081 0.360004 0.177384
v 3.153617 0.572983 0.244706
v 2.984521 0.41175 0.193741
v 3.099348 0.604868 0.254785
v 2.943936 0.41175 0.193741
v 3.109852 0.567489 0.24297
v 2.990283 0.45348 0.206931
v 3.048777 0.584895 0.248472
v 2.951081 0.463495 0.210097
v 3.069069 0.551382 0.237878
v 3.007175 0.492366 0.219223
v 3.00535 0.553122 0.238428
v 2.972028 0.511715 0.22534
v 3.034048 0.525759 0.229779
v 1.97802 1.67574 -0.527029
v 1.97802 1.545028 -0.332727
v 1.97802 1.606065 -0.306609
v 1.97802 1.656365 -0.535319
v 1.97802 1.696359 -0.522677
v 1.97802 1.490258 -0.370252
v 1.97802 1.671025 -0.2929
v 1.97802 1.638981 -0.54723
v 1.97802 1.717431 -0.522432
v 1.97802 1.443862 -0.41774
v 1.97802 1.737411 -0.292127
v 1.97802 1.624254 -0.562304
v 1.97802 1.738146 -0.526303
v 1.97802 1.407622 -0.473368
v 1.97802 1.802673 -0.304321
v 1.97802 1.612751 -0.579961
v 1.97802 1.757709 -0.53414
v 1.97802 1.382931 -0.534997
v 1.97802 1.864302 -0.329012
v 1.97802 1.604913 -0.599523
v 1.97802 1.775366 -0.545643
v 1.97802 1.370737 -0.600258
v 1.97802 1.919929 -0.365252
v 1.97802 1.601043 -0.620238
v 1.97802 1.790439 -0.56037
v 1.97802 1.37151 -0.666645
v 1.97802 1.967418 -0.411648
v 1.97802 1.601288 -0.641311
v 1.97802 1.802351 -0.577755
v 1.97802 1.385219 -0.731605
v 1.97802 2.004942 -0.466417
v 1.97802 1.605639 -0.66193
v 1.97802 1.810641 -0.597129
v 1.97802 1.411338 -0.792642
v 1.97802 2.031061 -0.527454
v 1.97802 1.61393 -0.681305
v 1.97802 1.814992 -0.617749
v 1.97802 1.448862 -0.847412
v 1.97802 2.04477 -0.592414
v 1.97802 1.625841 -0.698689
v 1.97802 1.815238 -0.638821
v 1.97802 1.496351 -0.893808
v 1.97802 2.045543 -0.658801
v 1.97802 1.640914 -0.713416
v 1.97802 1.811367 -0.659536
v 1.97802 1.551978 -0.930048
v 1.97802 2.03335 -0.724063
v 1.97802 1.658571 -0.724919
v 1.97802 1.80353 -0.679098
v 1.97802 1.613607 -0.954739
v 1.97802 2.008658 -0.785691
v 1.97802 1.678134 -0.732757
v 1.97802 1.792027 -0.696755
v 1.97802 1.678869 -0.966933
v 1.97802 1.972418 -0.841319
v 1.97802 1.698849 -0.736627
v 1.97802 1.7773 -0.711829
v 1.97802 1.745255 -0.96616
v 1.97802 1.926022 -0.888807
v 1.97802 1.719921 -0.736382
v 1.97802 1.759915 -0.72374
v 1.97802 1.810215 -0.952451
v 1.97802 1.871253 -0.926332
v 1.97802 1.740541 -0.732031
vt 0.947793 0.632656
vt 0.947792 0.642809
vt 0.947793 0.637732
vt 0.947793 0.633237
vt 0.947793 0.643391
vt 0.947792 0.638314
vt 0.947793 0.632102
vt 0.947793 0.642255
vt 0.947793 0.637179
vt 0.947793 0.632102
vt 0.947793 0.642255
vt 0.947793 0.637179
vt 0.948247 0.632289
vt 0.948242 0.641945
vt 0.948279 0.637107
vt 0.14729 0.985707
vt 0.125963 0.984218
vt 0.149737 0.979432
vt 0.145391 0.985936
vt 0.147827 0.979609
vt 0.124056 0.984403
vt 0.17572 0.988214
vt 0.171962 0.992214
vt 0.175964 0.992199
vt 0.172223 0.98869
vt 0.17485 0.984658
vt 0.168323 0.991556
vt 0.171886 0.985714
vt 0.173303 0.981368
vt 0.169219 0.988526
vt 0.170463 0.983164
vt 0.170765 0.978175
vt 0.166586 0.987239
vt 0.164918 0.990172
vt 0.169759 0.986367
vt 0.168185 0.985008
vt 0.168259 0.980829
vt 0.167578 0.975926
vt 0.164138 0.985188
vt 0.161651 0.987834
vt 0.166136 0.983065
vt 0.165924 0.978854
vt 0.16421 0.974542
vt 0.162054 0.982938
vt 0.159214 0.984763
vt 0.164199 0.981222
vt 0.163302 0.977561
vt 0.160602 0.973851
vt 0.160628 0.980374
vt 0.157645 0.981434
vt 0.156791 0.977823
vt 0.162758 0.97972
vt 0.160305 0.977376
vt 0.156594 0.973811
vt 0.630377 0.860321
vt 0.634476 0.856028
vt 0.630178 0.856029
vt 0.634176 0.859817
vt 0.631296 0.864359
vt 0.63854 0.85677
vt 0.634521 0.863185
vt 0.633033 0.868148
vt 0.637554 0.860037
vt 0.636089 0.866118
vt 0.635782 0.871632
vt 0.640542 0.861477
vt 0.642385 0.858314
vt 0.636966 0.862455
vt 0.638691 0.864051
vt 0.638438 0.868712
vt 0.639408 0.874199
vt 0.643251 0.863685
vt 0.645986 0.860864
vt 0.640908 0.866137
vt 0.641275 0.871044
vt 0.643292 0.875738
vt 0.645682 0.866334
vt 0.648734 0.86432
vt 0.643207 0.868325
vt 0.644299 0.87246
vt 0.647387 0.876444
vt 0.647289 0.86925
vt 0.650492 0.868083
vt 0.651458 0.872114
vt 0.644896 0.869966
vt 0.647693 0.872625
vt 0.651691 0.876413
vt 0.375475 0.992817
vt 0.371565 0.988584
vt 0.371316 0.992788
vt 0.375272 0.989064
vt 0.379405 0.992173
vt 0.372536 0.984712
vt 0.378531 0.988885
vt 0.383157 0.990714
vt 0.375705 0.985838
vt 0.381405 0.987498
vt 0.386782 0.988151
vt 0.377271 0.983096
vt 0.374244 0.981128
vt 0.377967 0.986577
vt 0.379652 0.984985
vt 0.384031 0.985303
vt 0.389407 0.984774
vt 0.379534 0.980652
vt 0.376882 0.977825
vt 0.381782 0.98298
vt 0.386292 0.982861
vt 0.391054 0.981116
vt 0.382126 0.978499
vt 0.380324 0.975375
vt 0.383899 0.980964
vt 0.387825 0.980073
vt 0.391902 0.977241
vt 0.384946 0.977089
vt 0.383986 0.973869
vt 0.387891 0.97311
vt 0.385555 0.979385
vt 0.38818 0.976836
vt 0.392095 0.973087
vt 0.731423 0.974847
vt 0.73568 0.970733
vt 0.731392 0.970548
vt 0.735281 0.974496
vt 0.732213 0.978766
vt 0.739597 0.971616
vt 0.735539 0.977701
vt 0.733742 0.982401
vt 0.738531 0.97486
vt 0.736954 0.980473
vt 0.736201 0.98582
vt 0.741279 0.976398
vt 0.743231 0.973296
vt 0.737809 0.977147
vt 0.739382 0.978728
vt 0.739058 0.982998
vt 0.739492 0.988442
vt 0.743716 0.978657
vt 0.746594 0.975974
vt 0.741386 0.980824
vt 0.741579 0.985335
vt 0.743039 0.990146
vt 0.745846 0.981206
vt 0.749054 0.979441
vt 0.743442 0.982999
vt 0.744275 0.986882
vt 0.746898 0.991129
vt 0.747252 0.98404
vt 0.750538 0.983145
vt 0.751217 0.987086
vt 0.744935 0.984645
vt 0.747452 0.987294
vt 0.751183 0.991378
vt 0.965674 0.647827
vt 0.947732 0.652959
vt 0.965674 0.652921
vt 0.947732 0.647902
vt 0.965655 0.642765
vt 0.947792 0.642809
vt 0.965636 0.637673
vt 0.947793 0.637732
vt 0.965618 0.632553
vt 0.947793 0.632656
vt 0.965603 0.627407
vt 0.947655 0.627407
vt 0.96559 0.622238
vt 0.947644 0.622216
vt 0.965581 0.617052
vt 0.947638 0.61701
vt 0.965577 0.611796
vt 0.947635 0.611796
vt 0.965581 0.60654
vt 0.947638 0.606581
vt 0.96559 0.601354
vt 0.947644 0.601375
vt 0.965603 0.596185
vt 0.947655 0.596185
vt 0.965618 0.591038
vt 0.947669 0.591017
vt 0.965636 0.585918
vt 0.947686 0.585876
vt 0.965655 0.580826
vt 0.947704 0.580767
vt 0.965674 0.575764
vt 0.947732 0.575689
vt 0.965691 0.570731
vt 0.94775 0.570662
vt 0.965707 0.565724
vt 0.947766 0.565666
vt 0.96572 0.56074
vt 0.947778 0.560695
vt 0.965728 0.555772
vt 0.947787 0.555744
vt 0.965733 0.550814
vt 0.947792 0.550805
vt 0.965733 0.545799
vt 0.947792 0.545799
vt 0.965733 0.540784
vt 0.947792 0.540793
vt 0.965729 0.535827
vt 0.947787 0.535854
vt 0.96572 0.530859
vt 0.947778 0.530903
vt 0.965707 0.525875
vt 0.947766 0.525933
vt 0.965692 0.520868
vt 0.94775 0.520937
vt 0.082272 0.964259
vt 0.086343 0.956504
vt 0.083836 0.960134
vt 0.089645 0.953578
vt 0.093551 0.951528
vt 0.093551 0.98575
vt 0.082272 0.973019
vt 0.086343 0.980775
vt 0.083836 0.977144
vt 0.089645 0.9837
vt 0.118341 0.968639
vt 0.110437 0.953578
vt 0.10653 0.951528
vt 0.102247 0.950472
vt 0.097835 0.950472
vt 0.113739 0.956504
vt 0.116245 0.960134
vt 0.11781 0.964259
vt 0.110437 0.9837
vt 0.11781 0.973019
vt 0.116245 0.977144
vt 0.113739 0.980775
vt 0.10653 0.98575
vt 0.102247 0.986806
vt 0.097835 0.986806
vt 0.986913 0.834383
vt 0.984083 0.865177
vt 0.986913 0.865267
vt 0.984252 0.834293
vt 0.981085 0.86505
vt 0.980916 0.834166
vt 0.978197 0.86496
vt 0.978137 0.834076
vt 0.975636 0.834076
vt 0.975556 0.864961
vt 0.973153 0.86505
vt 0.973322 0.834166
vt 0.97083 0.865177
vt 0.970662 0.834293
vt 0.968388 0.865267
vt 0.968329 0.834383
vt 0.965784 0.865267
vt 0.965784 0.834383
vt 0.937755 0.697716
vt 0.96514 0.694142
vt 0.937755 0.694142
vt 0.96514 0.697716
vt 0.937755 0.701291
vt 0.96514 0.701291
vt 0.937755 0.704865
vt 0.96514 0.704865
vt 0.937755 0.70844
vt 0.96514 0.708439
vt 0.937755 0.712014
vt 0.96514 0.712014
vt 0.937755 0.715588
vt 0.96514 0.715588
vt 0.937755 0.719163
vt 0.96514 0.719163
vt 0.937755 0.722737
vt 0.96514 0.722737
vt 0.937755 0.726312
vt 0.96514 0.726312
vt 0.937755 0.729886
vt 0.96514 0.729886
vt 0.937755 0.73346
vt 0.96514 0.73346
vt 0.937755 0.737035
vt 0.96514 0.737035
vt 0.937755 0.740609
vt 0.96514 0.740609
vt 0.937755 0.744184
vt 0.96514 0.744184
vt 0.937755 0.747758
vt 0.96514 0.747758
vt 0.937755 0.751332
vt 0.96514 0.751332
vt 0.937755 0.754907
vt 0.96514 0.754907
vt 0.937755 0.758481
vt 0.96514 0.758481
vt 0.937755 0.762056
vt 0.96514 0.762056
vt 0.937755 0.76563
vt 0.96514 0.76563
vt 0.937755 0.769204
vt 0.96514 0.769205
vt 0.937755 0.772779
vt 0.96514 0.772779
vt 0.937755 0.776353
vt 0.96514 0.776353
vt 0.937755 0.779928
vt 0.96514 0.779928
vt 0.982961 0.055542
vt 0.967504 0.051165
vt 0.967504 0.055542
vt 0.982961 0.051165
vt 0.967504 0.046788
vt 0.982961 0.046788
vt 0.967504 0.042411
vt 0.982961 0.042411
vt 0.967504 0.038034
vt 0.982961 0.038034
vt 0.967504 0.033657
vt 0.982961 0.033657
vt 0.967504 0.029281
vt 0.982961 0.029281
vt 0.967504 0.024904
vt 0.982961 0.024904
vt 0.967504 0.020527
vt 0.982961 0.020527
vt 0.967504 0.01615
vt 0.982961 0.01615
vt 0.967504 0.011773
vt 0.982961 0.011773
vt 0.967504 0.007396
vt 0.982961 0.007396
vt 0.967504 0.003019
vt 0.982961 0.003019
vt 0.979709 0.286269
vt 0.986907 0.289148
vt 0.986907 0.286269
vt 0.979709 0.289148
vt 0.986907 0.292027
vt 0.979709 0.292027
vt 0.986907 0.294906
vt 0.979709 0.294906
vt 0.986907 0.297786
vt 0.979709 0.297786
vt 0.986907 0.300665
vt 0.979709 0.300665
vt 0.986907 0.303544
vt 0.979709 0.303544
vt 0.986907 0.306423
vt 0.979709 0.306423
vt 0.986907 0.309303
vt 0.979709 0.309303
vt 0.986907 0.312182
vt 0.979709 0.312182
vt 0.986907 0.315061
vt 0.979709 0.315061
vt 0.986907 0.31794
vt 0.979709 0.31794
vt 0.986907 0.32082
vt 0.979709 0.32082
vt 0.986907 0.323699
vt 0.979709 0.323699
vt 0.986907 0.326578
vt 0.979709 0.326578
vt 0.986907 0.329457
vt 0.979709 0.329457
vt 0.986907 0.332337
vt 0.979709 0.332337
vt 0.986907 0.335216
vt 0.979709 0.335216
vt 0.986907 0.338095
vt 0.979709 0.338095
vt 0.986907 0.340974
vt 0.979709 0.340974
vt 0.986907 0.343854
vt 0.979709 0.343854
vt 0.986907 0.346733
vt 0.979709 0.346733
vt 0.986907 0.349612
vt 0.979709 0.349612
vt 0.986907 0.352491
vt 0.979709 0.352491
vt 0.986907 0.355371
vt 0.979709 0.355371
vt 0.581359 0.682467
vt 0.581606 0.676623
vt 0.57868 0.680383
vt 0.584074 0.678772
vt 0.585068 0.673168
vt 0.599724 0.690527
vt 0.587188 0.675719
vt 0.58922 0.670376
vt 0.590809 0.673339
vt 0.593934 0.668508
vt 0.594858 0.671774
vt 0.599166 0.671129
vt 0.598984 0.667719
vt 0.604107 0.668076
vt 0.603524 0.671455
vt 0.609037 0.669571
vt 0.607714 0.672745
vt 0.613523 0.67213
vt 0.611526 0.674942
vt 0.617344 0.675617
vt 0.614776 0.67794
vt 0.620342 0.679841
vt 0.617331 0.681604
vt 0.622467 0.684573
vt 0.619129 0.685806
vt 0.620238 0.690527
vt 0.623881 0.689594
vt 0.885192 0.740956
vt 0.835501 0.75075
vt 0.885193 0.75075
vt 0.835501 0.740956
vt 0.885192 0.731162
vt 0.835501 0.731162
vt 0.885192 0.721367
vt 0.835501 0.721367
vt 0.885192 0.711573
vt 0.835501 0.711573
vt 0.885192 0.701779
vt 0.835501 0.701779
vt 0.885192 0.691984
vt 0.835501 0.691984
vt 0.885192 0.68219
vt 0.835501 0.68219
vt 0.885192 0.672396
vt 0.835501 0.672396
vt 0.885192 0.662602
vt 0.835501 0.662602
vt 0.885192 0.652807
vt 0.835501 0.652807
vt 0.885192 0.643013
vt 0.835501 0.643013
vt 0.885192 0.633219
vt 0.835501 0.633219
vt 0.885192 0.623425
vt 0.835501 0.623425
vt 0.885192 0.61363
vt 0.835501 0.61363
vt 0.885192 0.603836
vt 0.835501 0.603836
vt 0.885192 0.594042
vt 0.835501 0.594042
vt 0.885192 0.584247
vt 0.835501 0.584247
vt 0.885192 0.574453
vt 0.835501 0.574453
vt 0.885193 0.564659
vt 0.835501 0.564659
vt 0.885192 0.554865
vt 0.835501 0.554865
vt 0.885192 0.54507
vt 0.835501 0.54507
vt 0.885192 0.535276
vt 0.835501 0.535276
vt 0.885192 0.525482
vt 0.835501 0.525482
vt 0.885192 0.515688
vt 0.835501 0.515688
vt 0.885192 0.505893
vt 0.835501 0.505893
vt 0.885192 0.496099
vt 0.835501 0.496099
vt 0.885192 0.486305
vt 0.835501 0.486305
vt 0.885192 0.47651
vt 0.835501 0.47651
vt 0.885192 0.466716
vt 0.835501 0.466716
vt 0.885192 0.456922
vt 0.835501 0.456922
vt 0.885192 0.447128
vt 0.835501 0.447128
vt 0.885192 0.437333
vt 0.835501 0.437333
vt 0.003023 0.884982
vt 0.009715 0.86787
vt 0.003023 0.86787
vt 0.009715 0.884982
vt 0.016406 0.86787
vt 0.003023 0.894339
vt 0.016406 0.884982
vt 0.023098 0.86787
vt 0.009715 0.894339
vt 0.003023 0.901282
vt 0.009715 0.901282
vt 0.016406 0.894339
vt 0.016406 0.901282
vt 0.023098 0.884982
vt 0.029789 0.86787
vt 0.023098 0.894339
vt 0.023098 0.901282
vt 0.029789 0.884982
vt 0.036481 0.86787
vt 0.029789 0.894339
vt 0.029789 0.901282
vt 0.036481 0.884982
vt 0.043172 0.86787
vt 0.036481 0.894339
vt 0.036481 0.901282
vt 0.043172 0.884982
vt 0.049864 0.86787
vt 0.043172 0.894339
vt 0.043172 0.901282
vt 0.049864 0.884982
vt 0.056555 0.86787
vt 0.049864 0.894339
vt 0.049864 0.901282
vt 0.056555 0.884982
vt 0.063247 0.86787
vt 0.056555 0.894339
vt 0.056555 0.901282
vt 0.063247 0.884982
vt 0.069938 0.86787
vt 0.063247 0.894339
vt 0.063247 0.901282
vt 0.069938 0.884982
vt 0.076629 0.86787
vt 0.069938 0.894339
vt 0.069938 0.901282
vt 0.076629 0.884982
vt 0.083321 0.86787
vt 0.076629 0.894339
vt 0.076629 0.901282
vt 0.083321 0.884982
vt 0.090012 0.86787
vt 0.083321 0.894339
vt 0.083321 0.901282
vt 0.090012 0.884982
vt 0.096704 0.86787
vt 0.090012 0.894339
vt 0.090012 0.901282
vt 0.096704 0.884982
vt 0.103395 0.86787
vt 0.096704 0.894339
vt 0.096704 0.901282
vt 0.103395 0.884982
vt 0.110087 0.86787
vt 0.103395 0.894339
vt 0.103395 0.901282
vt 0.110087 0.884982
vt 0.116778 0.86787
vt 0.110087 0.894339
vt 0.110087 0.901282
vt 0.116778 0.884982
vt 0.12347 0.86787
vt 0.116778 0.894339
vt 0.116778 0.901282
vt 0.12347 0.884982
vt 0.130161 0.86787
vt 0.12347 0.894339
vt 0.12347 0.901282
vt 0.130161 0.884982
vt 0.136853 0.86787
vt 0.130161 0.894339
vt 0.130161 0.901282
vt 0.136853 0.884982
vt 0.143544 0.86787
vt 0.136853 0.894339
vt 0.136853 0.901282
vt 0.143544 0.884982
vt 0.150236 0.86787
vt 0.143544 0.894339
vt 0.143544 0.901282
vt 0.150236 0.884982
vt 0.156927 0.86787
vt 0.150236 0.894339
vt 0.150236 0.901282
vt 0.156927 0.884982
vt 0.163619 0.86787
vt 0.156927 0.894339
vt 0.156927 0.901282
vt 0.163619 0.884982
vt 0.17031 0.86787
vt 0.163619 0.894339
vt 0.163619 0.901282
vt 0.17031 0.884982
vt 0.177002 0.86787
vt 0.17031 0.894339
vt 0.17031 0.901282
vt 0.177002 0.884982
vt 0.183693 0.86787
vt 0.177002 0.894339
vt 0.177002 0.901282
vt 0.183693 0.884982
vt 0.190385 0.86787
vt 0.183693 0.894339
vt 0.183693 0.901282
vt 0.190385 0.884982
vt 0.197076 0.86787
vt 0.190385 0.894339
vt 0.190385 0.901282
vt 0.197076 0.884982
vt 0.203768 0.86787
vt 0.197076 0.894339
vt 0.197076 0.901282
vt 0.203768 0.884982
vt 0.210459 0.86787
vt 0.203768 0.894339
vt 0.203768 0.901282
vt 0.210459 0.884982
vt 0.217151 0.86787
vt 0.217151 0.884982
vt 0.210459 0.894339
vt 0.210459 0.901282
vt 0.217151 0.894339
vt 0.217151 0.901282
vt 0.003023 0.905331
vt 0.009715 0.901282
vt 0.003023 0.901282
vt 0.009715 0.905331
vt 0.016406 0.901282
vt 0.016406 0.905331
vt 0.023098 0.901282
vt 0.023098 0.905331
vt 0.029789 0.901282
vt 0.029789 0.905331
vt 0.036481 0.901282
vt 0.036481 0.905331
vt 0.043172 0.901282
vt 0.043172 0.905331
vt 0.049864 0.901282
vt 0.049864 0.905331
vt 0.056555 0.901282
vt 0.056555 0.905331
vt 0.063247 0.901282
vt 0.063247 0.905331
vt 0.069938 0.901282
vt 0.069938 0.905331
vt 0.076629 0.901282
vt 0.076629 0.905331
vt 0.083321 0.901282
vt 0.083321 0.905331
vt 0.090012 0.901282
vt 0.090012 0.905331
vt 0.096704 0.901282
vt 0.096704 0.905331
vt 0.103395 0.901282
vt 0.103395 0.905331
vt 0.110087 0.901282
vt 0.110087 0.905331
vt 0.116778 0.901282
vt 0.116778 0.905331
vt 0.12347 0.901282
vt 0.12347 0.905331
vt 0.130161 0.901282
vt 0.130161 0.905331
vt 0.136853 0.901282
vt 0.136853 0.905331
vt 0.143544 0.901282
vt 0.143544 0.905331
vt 0.150236 0.901282
vt 0.150236 0.905331
vt 0.156927 0.901282
vt 0.156927 0.905331
vt 0.163619 0.901282
vt 0.163619 0.905331
vt 0.17031 0.901282
vt 0.17031 0.905331
vt 0.177002 0.901282
vt 0.177002 0.905331
vt 0.183693 0.901282
vt 0.183693 0.905331
vt 0.190385 0.901282
vt 0.190385 0.905331
vt 0.197076 0.901282
vt 0.197076 0.905331
vt 0.203768 0.901282
vt 0.203768 0.905331
vt 0.210459 0.901282
vt 0.210459 0.905331
vt 0.217151 0.901282
vt 0.217151 0.905331
vt 0.891239 0.535527
vt 0.914122 0.540991
vt 0.914122 0.535527
vt 0.891239 0.540992
vt 0.914122 0.546456
vt 0.891239 0.546456
vt 0.914122 0.55192
vt 0.891239 0.55192
vt 0.914122 0.557385
vt 0.891239 0.557385
vt 0.914122 0.562849
vt 0.891239 0.562849
vt 0.914122 0.568313
vt 0.891239 0.568313
vt 0.914122 0.573778
vt 0.891239 0.573778
vt 0.914122 0.579242
vt 0.891239 0.579242
vt 0.914122 0.584707
vt 0.891239 0.584707
vt 0.914122 0.590171
vt 0.891239 0.590171
vt 0.914122 0.595635
vt 0.891239 0.595635
vt 0.914122 0.6011
vt 0.891239 0.6011
vt 0.914122 0.606564
vt 0.891239 0.606564
vt 0.914122 0.612028
vt 0.891239 0.612028
vt 0.914122 0.617493
vt 0.891239 0.617493
vt 0.914122 0.622957
vt 0.891239 0.622957
vt 0.914122 0.628422
vt 0.891239 0.628422
vt 0.914122 0.633886
vt 0.891239 0.633886
vt 0.914122 0.639351
vt 0.891239 0.639351
vt 0.914122 0.644815
vt 0.891239 0.644815
vt 0.914122 0.650279
vt 0.891239 0.650279
vt 0.914122 0.655744
vt 0.891239 0.655744
vt 0.914122 0.661208
vt 0.891239 0.661208
vt 0.914122 0.666672
vt 0.891239 0.666672
vt 0.914122 0.672137
vt 0.891239 0.672137
vt 0.914122 0.677601
vt 0.891239 0.677601
vt 0.914122 0.683066
vt 0.891239 0.683066
vt 0.914122 0.68853
vt 0.891239 0.68853
vt 0.914122 0.693995
vt 0.891239 0.693995
vt 0.914122 0.699459
vt 0.891239 0.699459
vt 0.914122 0.704923
vt 0.891239 0.704923
vt 0.914122 0.710388
vt 0.891239 0.710388
vt 0.826701 0.680329
vt 0.802795 0.67722
vt 0.802795 0.680329
vt 0.826701 0.67722
vt 0.802795 0.674111
vt 0.826701 0.674111
vt 0.802795 0.671002
vt 0.826701 0.671002
vt 0.802795 0.667894
vt 0.826701 0.667893
vt 0.802795 0.664785
vt 0.826701 0.664785
vt 0.802795 0.661676
vt 0.826701 0.661676
vt 0.802795 0.658567
vt 0.826701 0.658567
vt 0.802795 0.655458
vt 0.826701 0.655458
vt 0.802795 0.652349
vt 0.826701 0.652349
vt 0.802795 0.64924
vt 0.826701 0.64924
vt 0.802795 0.646131
vt 0.826701 0.646131
vt 0.802795 0.643023
vt 0.826701 0.643023
vt 0.802795 0.639914
vt 0.826701 0.639914
vt 0.802795 0.636805
vt 0.826701 0.636805
vt 0.802795 0.633696
vt 0.826701 0.633696
vt 0.802795 0.630587
vt 0.826701 0.630587
vt 0.802795 0.627478
vt 0.826701 0.627478
vt 0.802795 0.624369
vt 0.826701 0.624369
vt 0.802795 0.62126
vt 0.826701 0.62126
vt 0.802795 0.618151
vt 0.826701 0.618151
vt 0.802795 0.615043
vt 0.826701 0.615043
vt 0.802795 0.611934
vt 0.826701 0.611934
vt 0.802795 0.608825
vt 0.826701 0.608825
vt 0.802795 0.605716
vt 0.826701 0.605716
vt 0.802795 0.602607
vt 0.826701 0.602607
vt 0.802795 0.599498
vt 0.826701 0.599498
vt 0.802795 0.596389
vt 0.826701 0.596389
vt 0.802795 0.59328
vt 0.826701 0.59328
vt 0.802795 0.590172
vt 0.826701 0.590172
vt 0.802795 0.587063
vt 0.826701 0.587063
vt 0.802795 0.583954
vt 0.826701 0.583954
vt 0.802795 0.580845
vt 0.826701 0.580845
vt 0.57277 0.01595
vt 0.571308 0.013223
vt 0.571905 0.014659
vt 0.571002 0.010145
vt 0.571003 0.011699
vt 0.585018 0.005877
vt 0.573857 0.004789
vt 0.571303 0.00862
vt 0.571897 0.007183
vt 0.572759 0.00589
vt 0.583931 0.017038
vt 0.579663 0.003022
vt 0.581188 0.003323
vt 0.578108 0.003023
vt 0.576584 0.003328
vt 0.575149 0.003924
vt 0.582624 0.003917
vt 0.583918 0.004779
vt 0.575163 0.017911
vt 0.57387 0.017048
vt 0.578125 0.018806
vt 0.5766 0.018504
vt 0.582639 0.017903
vt 0.581204 0.018499
vt 0.579679 0.018804
vt 0.585891 0.014644
vt 0.585029 0.015938
vt 0.586786 0.011683
vt 0.586484 0.013207
vt 0.586784 0.010128
vt 0.586479 0.008604
vt 0.585883 0.007168
vt 0.779723 0.939623
vt 0.782705 0.964932
vt 0.782705 0.939623
vt 0.779722 0.964932
vt 0.77674 0.939623
vt 0.77674 0.964932
vt 0.773757 0.939623
vt 0.773757 0.964932
vt 0.770774 0.939623
vt 0.770774 0.964932
vt 0.767791 0.939623
vt 0.767791 0.964932
vt 0.764809 0.939623
vt 0.764809 0.964932
vt 0.761826 0.939623
vt 0.761826 0.964932
vt 0.758843 0.939623
vt 0.758843 0.964932
vt 0.75586 0.939623
vt 0.75586 0.964932
vt 0.752877 0.939623
vt 0.752877 0.964932
vt 0.749894 0.939623
vt 0.749894 0.964932
vt 0.746912 0.939623
vt 0.746912 0.964932
vt 0.743929 0.939623
vt 0.743929 0.964932
vt 0.740946 0.939623
vt 0.740946 0.964932
vt 0.737963 0.939623
vt 0.737963 0.964932
vt 0.73498 0.939623
vt 0.734981 0.964932
vt 0.989009 0.003022
vt 0.992828 0.006196
vt 0.992828 0.003022
vt 0.989009 0.006196
vt 0.992828 0.009371
vt 0.989009 0.009371
vt 0.992828 0.012545
vt 0.989009 0.012545
vt 0.992828 0.015719
vt 0.989009 0.015719
vt 0.992828 0.018893
vt 0.989009 0.018893
vt 0.992828 0.022067
vt 0.989009 0.022067
vt 0.992828 0.025242
vt 0.989009 0.025242
vt 0.992828 0.028416
vt 0.989009 0.028416
vt 0.880846 0.184299
vt 0.88309 0.189718
vt 0.88309 0.186543
vt 0.877672 0.191962
vt 0.880846 0.191962
vt 0.875427 0.186543
vt 0.875427 0.189718
vt 0.877672 0.184299
vt 0.383552 0.715939
vt 0.39072 0.305247
vt 0.383552 0.305178
vt 0.39072 0.716008
vt 0.397889 0.305315
vt 0.397889 0.716077
vt 0.405057 0.305384
vt 0.405057 0.716146
vt 0.412226 0.716096
vt 0.412226 0.305334
vt 0.419394 0.305403
vt 0.419394 0.716165
vt 0.426563 0.305472
vt 0.426563 0.716234
vt 0.433731 0.305541
vt 0.433731 0.716303
vt 0.440899 0.30561
vt 0.440899 0.716372
vt 0.62091 0.501415
vt 0.629607 0.0031
vt 0.62091 0.00304
vt 0.629607 0.501475
vt 0.638305 0.00316
vt 0.638305 0.501535
vt 0.647003 0.003221
vt 0.647003 0.501596
vt 0.655701 0.003281
vt 0.655701 0.501656
vt 0.664399 0.003341
vt 0.664399 0.501717
vt 0.673097 0.003402
vt 0.673097 0.501777
vt 0.681795 0.003462
vt 0.681795 0.501837
vt 0.690493 0.003522
vt 0.690493 0.501897
vt 0.896537 0.528817
vt 0.900177 0.320291
vt 0.896537 0.320273
vt 0.900177 0.528834
vt 0.903816 0.320308
vt 0.903816 0.528851
vt 0.907456 0.528836
vt 0.907456 0.320293
vt 0.911096 0.32031
vt 0.911096 0.528853
vt 0.914736 0.320327
vt 0.914736 0.52887
vt 0.918376 0.320344
vt 0.918376 0.528887
vt 0.922015 0.320361
vt 0.922016 0.528904
vt 0.986079 0.871646
vt 0.965302 0.90293
vt 0.986079 0.90293
vt 0.965302 0.871646
vt 0.857878 0.92815
vt 0.846434 0.908466
vt 0.846434 0.916706
vt 0.933603 0.92815
vt 0.933603 0.908466
vt 0.884525 0.876015
vt 0.933603 0.876015
vt 0.922616 0.869758
vt 0.933603 0.869758
vt 0.922616 0.848981
vt 0.933603 0.848981
vt 0.700367 0.924261
vt 0.613199 0.935705
vt 0.688923 0.935705
vt 0.700367 0.916021
vt 0.613199 0.916021
vt 0.662276 0.88357
vt 0.613199 0.88357
vt 0.624185 0.877313
vt 0.613199 0.877313
vt 0.624185 0.856537
vt 0.613199 0.856537
vt 0.97971 0.393086
vt 0.990697 0.361802
vt 0.97971 0.361802
vt 0.990697 0.393086
vt 0.889251 0.00302
vt 0.920535 0.041621
vt 0.920535 0.00302
vt 0.889251 0.041621
vt 0.920535 0.091661
vt 0.889251 0.091661
vt 0.920535 0.099901
vt 0.889251 0.099901
vt 0.889251 0.116085
vt 0.920535 0.116085
vt 0.920535 0.191809
vt 0.889251 0.191809
vt 0.319821 0.761479
vt 0.227706 0.637493
vt 0.227706 0.761479
vt 0.319821 0.637493
vt 0.890495 0.42914
vt 0.696534 0.305154
vt 0.696534 0.42914
vt 0.890495 0.305154
vt 0.558637 0.790031
vt 0.682623 0.697916
vt 0.558637 0.697916
vt 0.682623 0.790031
vt 0.083953 0.913187
vt 0.132443 0.944184
vt 0.132443 0.913187
vt 0.083953 0.944184
vt 0.803389 0.886749
vt 0.706408 0.932806
vt 0.803389 0.932806
vt 0.706408 0.886749
vt 0.446945 0.604981
vt 0.640906 0.512866
vt 0.446944 0.512866
vt 0.640906 0.60498
vt 0.984308 0.788556
vt 0.961055 0.827253
vt 0.984308 0.827253
vt 0.961055 0.788557
vt 0.851568 0.958504
vt 0.875258 0.981757
vt 0.875258 0.958504
vt 0.851568 0.981757
vt 0.353373 0.28249
vt 0.329683 0.321187
vt 0.353373 0.321187
vt 0.329683 0.28249
vt 0.796756 0.580847
vt 0.646952 0.690281
vt 0.796756 0.690281
vt 0.646952 0.580847
vt 0.518186 0.02671
vt 0.533359 0.00302
vt 0.518186 0.00302
vt 0.533359 0.298069
vt 0.479489 0.02671
vt 0.383555 0.298069
vt 0.383555 0.00302
vt 0.479489 0.00302
vt 0.505175 0.731911
vt 0.532533 0.805673
vt 0.532533 0.731911
vt 0.505175 0.805673
vt 0.805971 0.298069
vt 0.696537 0.00302
vt 0.696537 0.298069
vt 0.805971 0.00302
vt 0.929934 0.745961
vt 0.891238 0.716802
vt 0.891238 0.745961
vt 0.929934 0.716802
vt 0.695849 0.982193
vt 0.66669 0.958503
vt 0.66669 0.982193
vt 0.695849 0.958503
vt 0.215805 0.913185
vt 0.186646 0.936875
vt 0.215805 0.936875
vt 0.186646 0.913185
vt 0.947796 0.660153
vt 0.986493 0.683843
vt 0.986493 0.660153
vt 0.947796 0.683843
vt 0.725584 0.98176
vt 0.701893 0.958507
vt 0.701894 0.98176
vt 0.725584 0.958507
vt 0.446944 0.611054
vt 0.552593 0.725819
vt 0.552593 0.611054
vt 0.446944 0.725819
vt 0.803694 0.686587
vt 0.82411 0.792235
vt 0.82411 0.686587
vt 0.803694 0.792235
vt 0.855377 0.758343
vt 0.916569 0.863991
vt 0.916569 0.758343
vt 0.855377 0.863991
vt 0.339587 0.984918
vt 0.318254 0.958506
vt 0.318254 0.984918
vt 0.339587 0.958506
vt 0.943215 0.788561
vt 0.946351 0.841386
vt 0.946351 0.788561
vt 0.943215 0.841386
vt 0.936942 0.788561
vt 0.940078 0.841386
vt 0.940078 0.788561
vt 0.936942 0.841386
vt 0.940078 0.788561
vt 0.943215 0.841386
vt 0.943215 0.788561
vt 0.940078 0.841386
vt 0.922613 0.788561
vt 0.936942 0.841386
vt 0.936942 0.788561
vt 0.922613 0.841386
vt 0.955007 0.841386
vt 0.946351 0.788561
vt 0.946351 0.841386
vt 0.955007 0.788561
vt 0.558638 0.676861
vt 0.572862 0.611057
vt 0.558638 0.611057
vt 0.572862 0.676861
vt 0.589729 0.65991
vt 0.589729 0.629312
vt 0.604759 0.657862
vt 0.604759 0.631359
vt 0.632715 0.661865
vt 0.63284 0.626483
vt 0.446943 0.433017
vt 0.461169 0.305151
vt 0.446943 0.305151
vt 0.461169 0.433017
vt 0.486817 0.433017
vt 0.486817 0.305151
vt 0.501987 0.433017
vt 0.501987 0.305151
vt 0.526823 0.433017
vt 0.526823 0.305151
vt 0.498367 0.503533
vt 0.446939 0.492416
vt 0.446939 0.503533
vt 0.498367 0.492416
vt 0.498367 0.472373
vt 0.446939 0.472373
vt 0.498367 0.460519
vt 0.446939 0.460519
vt 0.498367 0.441111
vt 0.446939 0.441111
vt 0.499134 0.811779
vt 0.37128 0.797555
vt 0.37128 0.811779
vt 0.499134 0.797555
vt 0.499134 0.771909
vt 0.37128 0.771909
vt 0.499134 0.756741
vt 0.37128 0.756741
vt 0.499134 0.731908
vt 0.37128 0.731908
vt 0.679854 0.573012
vt 0.646953 0.509085
vt 0.646953 0.573012
vt 0.679854 0.509085
vt 0.701651 0.573419
vt 0.696538 0.43733
vt 0.696538 0.573419
vt 0.70165 0.43733
vt 0.706763 0.573419
vt 0.706763 0.43733
vt 0.711876 0.573419
vt 0.711875 0.43733
vt 0.716988 0.573419
vt 0.716987 0.43733
vt 0.7221 0.573419
vt 0.7221 0.43733
vt 0.727213 0.573419
vt 0.727212 0.43733
vt 0.732325 0.573419
vt 0.732325 0.43733
vt 0.737437 0.573419
vt 0.737437 0.43733
vt 0.74255 0.573419
vt 0.74255 0.43733
vt 0.747662 0.573419
vt 0.747662 0.43733
vt 0.752775 0.573419
vt 0.752774 0.43733
vt 0.757887 0.573419
vt 0.757887 0.43733
vt 0.762999 0.573419
vt 0.762999 0.43733
vt 0.768112 0.573419
vt 0.768112 0.43733
vt 0.773224 0.573419
vt 0.773224 0.43733
vt 0.778337 0.573419
vt 0.778337 0.43733
vt 0.783449 0.573419
vt 0.783449 0.43733
vt 0.788561 0.573419
vt 0.788561 0.43733
vt 0.793674 0.573419
vt 0.793674 0.43733
vt 0.798786 0.573419
vt 0.798786 0.43733
vt 0.803899 0.573419
vt 0.803899 0.43733
vt 0.809011 0.573419
vt 0.809011 0.43733
vt 0.814123 0.573419
vt 0.814123 0.43733
vt 0.819236 0.573419
vt 0.819236 0.43733
vt 0.824348 0.573419
vt 0.824348 0.43733
vt 0.82946 0.573419
vt 0.829461 0.43733
vt 0.816707 0.959243
vt 0.809976 0.951646
vt 0.81288 0.955853
vt 0.826198 0.962843
vt 0.821234 0.961619
vt 0.807547 0.941791
vt 0.808163 0.946866
vt 0.844627 0.955853
vt 0.816707 0.924338
vt 0.83131 0.962843
vt 0.836274 0.961619
vt 0.840801 0.959243
vt 0.808163 0.936715
vt 0.809976 0.931935
vt 0.81288 0.927728
vt 0.836274 0.921962
vt 0.83131 0.920738
vt 0.826198 0.920738
vt 0.821234 0.921962
vt 0.844627 0.927728
vt 0.840801 0.924338
vt 0.849344 0.936715
vt 0.847531 0.931935
vt 0.84996 0.941791
vt 0.849344 0.946866
vt 0.847531 0.951646
vt 0.167062 0.95407
vt 0.156986 0.95529
vt 0.162098 0.955292
vt 0.17159 0.951695
vt 0.175417 0.948306
vt 0.180137 0.93932
vt 0.178323 0.944099
vt 0.18014 0.929169
vt 0.180754 0.934244
vt 0.175425 0.920181
vt 0.178328 0.924389
vt 0.156997 0.913186
vt 0.140773 0.924379
vt 0.152033 0.914408
vt 0.147506 0.916783
vt 0.143678 0.920172
vt 0.167073 0.914412
vt 0.16211 0.913188
vt 0.171599 0.916789
vt 0.147496 0.951688
vt 0.152022 0.954066
vt 0.140767 0.944089
vt 0.14367 0.948297
vt 0.138956 0.939308
vt 0.138341 0.934233
vt 0.138959 0.929158
vt 0.377509 0.407499
vt 0.362336 0.384245
vt 0.362336 0.407499
vt 0.362336 0.327223
vt 0.377508 0.298065
vt 0.362336 0.298065
vt 0.323639 0.327223
vt 0.323639 0.384245
vt 0.227705 0.407499
vt 0.323639 0.407499
vt 0.227705 0.298065
vt 0.323639 0.298065
vt 0.337954 0.916194
vt 0.320641 0.916194
vt 0.337954 0.93661
vt 0.314582 0.91457
vt 0.223189 0.93661
vt 0.310147 0.910135
vt 0.308524 0.904077
vt 0.223189 0.875418
vt 0.308524 0.875418
vt 0.916953 0.314168
vt 0.896537 0.296856
vt 0.896537 0.314168
vt 0.894914 0.290797
vt 0.916953 0.199406
vt 0.890479 0.286362
vt 0.884421 0.284739
vt 0.855763 0.199406
vt 0.855763 0.284739
vt 0.377508 0.298065
vt 0.362336 0.274375
vt 0.362336 0.298065
vt 0.377508 0.003022
vt 0.32364 0.274375
vt 0.227707 0.003022
vt 0.227708 0.298065
vt 0.32364 0.298065
vt 0.175764 0.987569
vt 0.172105 0.991461
vt 0.176074 0.991373
vt 0.172201 0.988139
vt 0.174924 0.984279
vt 0.168608 0.990859
vt 0.171849 0.985435
vt 0.173488 0.981211
vt 0.169429 0.987939
vt 0.170513 0.983135
vt 0.170942 0.978005
vt 0.166959 0.986744
vt 0.165348 0.989524
vt 0.169978 0.985885
vt 0.168519 0.984726
vt 0.168306 0.980763
vt 0.16794 0.975895
vt 0.164603 0.984786
vt 0.162294 0.987328
vt 0.166445 0.982768
vt 0.166131 0.978941
vt 0.164792 0.974561
vt 0.162623 0.982628
vt 0.159931 0.984407
vt 0.164624 0.981016
vt 0.163762 0.977679
vt 0.161388 0.973841
vt 0.16129 0.980141
vt 0.158399 0.981188
vt 0.157598 0.977674
vt 0.163334 0.979534
vt 0.160989 0.977384
vt 0.157475 0.973707
vt 0.630416 0.859448
vt 0.634616 0.855159
vt 0.630288 0.855132
vt 0.634307 0.858945
vt 0.631262 0.863628
vt 0.638762 0.855957
vt 0.634672 0.862382
vt 0.633012 0.867642
vt 0.637775 0.859229
vt 0.63631 0.865432
vt 0.635866 0.871335
vt 0.640875 0.860709
vt 0.642725 0.857549
vt 0.637141 0.861714
vt 0.63893 0.863362
vt 0.638737 0.86809
vt 0.639703 0.874058
vt 0.643731 0.862986
vt 0.646458 0.860168
vt 0.641252 0.865533
vt 0.641781 0.870643
vt 0.643858 0.875651
vt 0.646245 0.865692
vt 0.649332 0.863737
vt 0.643687 0.867823
vt 0.644986 0.872094
vt 0.648171 0.876305
vt 0.647977 0.868767
vt 0.651199 0.867655
vt 0.652262 0.871843
vt 0.645499 0.8696
vt 0.648499 0.872316
vt 0.652534 0.876214
vt 0.374622 0.992873
vt 0.370766 0.988525
vt 0.37049 0.992821
vt 0.374479 0.988953
vt 0.378732 0.992293
vt 0.371818 0.984441
vt 0.377909 0.988801
vt 0.382814 0.990818
vt 0.375012 0.98551
vt 0.381033 0.987382
vt 0.38694 0.987895
vt 0.376692 0.982576
vt 0.373646 0.980637
vt 0.377401 0.986364
vt 0.3792 0.98462
vt 0.383978 0.984916
vt 0.389647 0.984236
vt 0.379114 0.979967
vt 0.376446 0.977168
vt 0.381528 0.982439
vt 0.386344 0.982322
vt 0.39128 0.980324
vt 0.381871 0.977741
vt 0.380075 0.974615
vt 0.383784 0.980316
vt 0.387897 0.97934
vt 0.392054 0.976346
vt 0.384859 0.976282
vt 0.383921 0.973052
vt 0.387965 0.972255
vt 0.385525 0.978691
vt 0.388242 0.975978
vt 0.392217 0.972218
vt 0.731576 0.975696
vt 0.735753 0.971596
vt 0.731514 0.971482
vt 0.735446 0.975204
vt 0.732419 0.979409
vt 0.739514 0.972436
vt 0.735737 0.978168
vt 0.733925 0.98278
vt 0.738455 0.975535
vt 0.737083 0.980696
vt 0.736257 0.985952
vt 0.741045 0.97694
vt 0.742952 0.974065
vt 0.737785 0.977709
vt 0.739309 0.979079
vt 0.739029 0.98302
vt 0.73933 0.988395
vt 0.743347 0.979053
vt 0.746064 0.976593
vt 0.741181 0.981021
vt 0.741547 0.985355
vt 0.742581 0.990007
vt 0.745402 0.981529
vt 0.748381 0.979838
vt 0.74325 0.983213
vt 0.743999 0.986777
vt 0.74616 0.990997
vt 0.746667 0.98411
vt 0.749785 0.983293
vt 0.750414 0.987019
vt 0.744484 0.984714
vt 0.746884 0.987164
vt 0.75031 0.991261
vt 0.965549 0.648599
vt 0.947609 0.653816
vt 0.965549 0.653722
vt 0.947579 0.648737
vt 0.965506 0.64346
vt 0.947793 0.643391
vt 0.965463 0.638253
vt 0.947792 0.638314
vt 0.965426 0.632983
vt 0.947793 0.633237
vt 0.965397 0.627659
vt 0.947453 0.627593
vt 0.965378 0.622295
vt 0.947432 0.622174
vt 0.965374 0.616611
vt 0.947431 0.616746
vt 0.96539 0.61124
vt 0.947441 0.611327
vt 0.965416 0.605904
vt 0.947462 0.605936
vt 0.965451 0.600617
vt 0.947492 0.600594
vt 0.965493 0.595391
vt 0.947531 0.595315
vt 0.965539 0.590235
vt 0.947575 0.59011
vt 0.965586 0.585152
vt 0.947632 0.584975
vt 0.965632 0.580143
vt 0.94769 0.579962
vt 0.965673 0.575202
vt 0.947732 0.575042
vt 0.965709 0.570321
vt 0.947768 0.570191
vt 0.965731 0.565436
vt 0.947795 0.565395
vt 0.965751 0.560633
vt 0.947813 0.56064
vt 0.96576 0.555851
vt 0.94782 0.555903
vt 0.965761 0.550893
vt 0.94782 0.550829
vt 0.965755 0.546119
vt 0.947816 0.546098
vt 0.965738 0.541325
vt 0.947801 0.54135
vt 0.965712 0.536497
vt 0.947776 0.536567
vt 0.965684 0.53158
vt 0.947743 0.531733
vt 0.965644 0.526656
vt 0.947703 0.526833
vt 0.965599 0.521666
vt 0.947658 0.521857
vt 0.082902 0.963758
vt 0.086973 0.956002
vt 0.084466 0.959633
vt 0.090275 0.953076
vt 0.094181 0.951026
vt 0.094181 0.985249
vt 0.082902 0.972517
vt 0.086973 0.980273
vt 0.084466 0.976642
vt 0.090275 0.983198
vt 0.118971 0.968137
vt 0.111067 0.953076
vt 0.10716 0.951026
vt 0.102876 0.94997
vt 0.098465 0.94997
vt 0.114369 0.956001
vt 0.116875 0.959632
vt 0.11844 0.963757
vt 0.111067 0.983198
vt 0.11844 0.972517
vt 0.116875 0.976642
vt 0.114369 0.980273
vt 0.10716 0.985249
vt 0.102877 0.986304
vt 0.098465 0.986305
vt 0.987391 0.834272
vt 0.984282 0.865066
vt 0.98742 0.865156
vt 0.984726 0.834182
vt 0.980681 0.864939
vt 0.98025 0.834055
vt 0.977478 0.864849
vt 0.977403 0.833965
vt 0.975234 0.833965
vt 0.975121 0.864849
vt 0.973001 0.864939
vt 0.973443 0.834055
vt 0.971195 0.865066
vt 0.970785 0.834182
vt 0.969081 0.865156
vt 0.968906 0.834272
vt 0.966564 0.865156
vt 0.966551 0.834272
vt 0.175969 0.9886
vt 0.17207 0.992708
vt 0.176184 0.992709
vt 0.172335 0.989055
vt 0.175071 0.984838
vt 0.168266 0.992007
vt 0.171965 0.985917
vt 0.173439 0.981355
vt 0.169182 0.988849
vt 0.170451 0.983258
vt 0.170888 0.978142
vt 0.166448 0.987474
vt 0.164702 0.990557
vt 0.169771 0.986621
vt 0.168168 0.985099
vt 0.168259 0.980911
vt 0.167547 0.975761
vt 0.16399 0.985408
vt 0.161361 0.988177
vt 0.166125 0.983159
vt 0.165802 0.978844
vt 0.163984 0.974312
vt 0.161799 0.983061
vt 0.158811 0.984964
vt 0.164081 0.981219
vt 0.163068 0.97747
vt 0.16018 0.973611
vt 0.160285 0.980402
vt 0.157178 0.981481
vt 0.156281 0.977718
vt 0.162479 0.979698
vt 0.159915 0.977264
vt 0.156065 0.973609
vt 0.630619 0.860782
vt 0.634639 0.85654
vt 0.630392 0.856542
vt 0.634369 0.86031
vt 0.631549 0.864665
vt 0.638566 0.85726
vt 0.634754 0.863548
vt 0.633237 0.868258
vt 0.637623 0.86052
vt 0.636319 0.866291
vt 0.635873 0.871571
vt 0.640446 0.861935
vt 0.642244 0.858752
vt 0.637018 0.86282
vt 0.638673 0.864388
vt 0.638583 0.868711
vt 0.639323 0.874025
vt 0.642985 0.864066
vt 0.645695 0.861205
vt 0.640784 0.866388
vt 0.641122 0.870841
vt 0.643002 0.875517
vt 0.645249 0.866486
vt 0.648331 0.864519
vt 0.642895 0.868388
vt 0.643945 0.872257
vt 0.646929 0.876237
vt 0.646814 0.869228
vt 0.650018 0.868111
vt 0.650949 0.871994
vt 0.64455 0.869957
vt 0.647199 0.872467
vt 0.651175 0.876234
vt 0.37601 0.993045
vt 0.372044 0.988862
vt 0.371822 0.993045
vt 0.375743 0.989327
vt 0.379884 0.992334
vt 0.37296 0.985032
vt 0.378953 0.989119
vt 0.383512 0.990861
vt 0.376122 0.986132
vt 0.381737 0.987722
vt 0.386915 0.98844
vt 0.377665 0.983427
vt 0.374624 0.981487
vt 0.378355 0.98685
vt 0.379987 0.985303
vt 0.384241 0.985619
vt 0.389514 0.985171
vt 0.379897 0.981039
vt 0.377223 0.978218
vt 0.382069 0.983329
vt 0.386473 0.983231
vt 0.391178 0.981626
vt 0.382401 0.978936
vt 0.380626 0.975797
vt 0.384151 0.981355
vt 0.388016 0.980525
vt 0.392094 0.977796
vt 0.385185 0.977539
vt 0.384254 0.974324
vt 0.388127 0.973612
vt 0.385783 0.979807
vt 0.388395 0.977331
vt 0.392316 0.973613
vt 0.731629 0.974323
vt 0.735951 0.970216
vt 0.731625 0.969991
vt 0.735475 0.974042
vt 0.732369 0.978328
vt 0.739913 0.97116
vt 0.735693 0.977362
vt 0.733896 0.982078
vt 0.738778 0.97443
vt 0.737141 0.980239
vt 0.736403 0.985595
vt 0.741578 0.976023
vt 0.743581 0.972877
vt 0.738038 0.976741
vt 0.739641 0.978427
vt 0.739318 0.982826
vt 0.739787 0.988279
vt 0.74405 0.97833
vt 0.746965 0.975561
vt 0.741684 0.980578
vt 0.74179 0.985132
vt 0.743455 0.989996
vt 0.746227 0.980916
vt 0.749472 0.979077
vt 0.743727 0.982729
vt 0.74459 0.986725
vt 0.747417 0.99094
vt 0.747675 0.983794
vt 0.750999 0.982828
vt 0.751739 0.986833
vt 0.74533 0.984415
vt 0.747893 0.987114
vt 0.751743 0.991165
vt 0.965734 0.647332
vt 0.947793 0.652408
vt 0.965734 0.652408
vt 0.947793 0.647332
vt 0.965734 0.642255
vt 0.947793 0.642255
vt 0.965734 0.637179
vt 0.947793 0.637179
vt 0.965734 0.632102
vt 0.947793 0.632102
vt 0.965734 0.627025
vt 0.947793 0.627025
vt 0.965734 0.621949
vt 0.947793 0.621949
vt 0.965734 0.616872
vt 0.947793 0.616872
vt 0.965734 0.611796
vt 0.947793 0.611796
vt 0.965734 0.606719
vt 0.947793 0.606719
vt 0.965734 0.601642
vt 0.947793 0.601642
vt 0.965734 0.596566
vt 0.947793 0.596566
vt 0.965734 0.591489
vt 0.947793 0.591489
vt 0.965734 0.586412
vt 0.947793 0.586412
vt 0.965734 0.581336
vt 0.947793 0.581336
vt 0.965734 0.576259
vt 0.947793 0.576259
vt 0.965734 0.571183
vt 0.947793 0.571183
vt 0.965734 0.566106
vt 0.947793 0.566106
vt 0.965734 0.561029
vt 0.947793 0.561029
vt 0.965734 0.555953
vt 0.947793 0.555953
vt 0.965734 0.550876
vt 0.947793 0.550876
vt 0.965734 0.5458
vt 0.947793 0.5458
vt 0.965734 0.540723
vt 0.947793 0.540723
vt 0.965734 0.535646
vt 0.947793 0.535646
vt 0.965734 0.53057
vt 0.947793 0.53057
vt 0.965734 0.525493
vt 0.947793 0.525493
vt 0.965734 0.520417
vt 0.947793 0.520417
vt 0.082091 0.964737
vt 0.086162 0.956981
vt 0.083656 0.960612
vt 0.089464 0.954056
vt 0.09337 0.952005
vt 0.09337 0.986228
vt 0.082091 0.973496
vt 0.086162 0.981252
vt 0.083656 0.977621
vt 0.089464 0.984178
vt 0.118161 0.969117
vt 0.110256 0.954056
vt 0.106349 0.952005
vt 0.102066 0.95095
vt 0.097654 0.95095
vt 0.113558 0.956981
vt 0.116064 0.960612
vt 0.117629 0.964737
vt 0.110256 0.984178
vt 0.117629 0.973496
vt 0.116064 0.977621
vt 0.113558 0.981252
vt 0.106349 0.986228
vt 0.102066 0.987284
vt 0.097654 0.987284
vt 0.986598 0.834187
vt 0.983936 0.864981
vt 0.986598 0.865071
vt 0.983936 0.834097
vt 0.981276 0.864854
vt 0.981276 0.83397
vt 0.978615 0.864765
vt 0.978615 0.833881
vt 0.975952 0.833881
vt 0.975952 0.864765
vt 0.97329 0.864854
vt 0.97329 0.83397
vt 0.970631 0.864981
vt 0.970631 0.834097
vt 0.967969 0.865071
vt 0.967969 0.834187
vt 0.965306 0.865071
vt 0.965306 0.834187
vt 0.175969 0.9886
vt 0.17207 0.992708
vt 0.176184 0.992709
vt 0.172335 0.989055
vt 0.175071 0.984838
vt 0.168266 0.992007
vt 0.171965 0.985917
vt 0.173439 0.981355
vt 0.169182 0.988849
vt 0.170451 0.983258
vt 0.170888 0.978142
vt 0.166448 0.987474
vt 0.164702 0.990557
vt 0.169771 0.986621
vt 0.168168 0.985099
vt 0.168259 0.980911
vt 0.167547 0.975761
vt 0.16399 0.985408
vt 0.161361 0.988177
vt 0.166125 0.983159
vt 0.165802 0.978844
vt 0.163984 0.974312
vt 0.161799 0.983061
vt 0.158811 0.984964
vt 0.164081 0.981219
vt 0.163068 0.97747
vt 0.16018 0.973611
vt 0.160285 0.980402
vt 0.157178 0.981481
vt 0.156281 0.977718
vt 0.162479 0.979698
vt 0.159915 0.977264
vt 0.156065 0.973609
vt 0.630619 0.860782
vt 0.634639 0.85654
vt 0.630392 0.856542
vt 0.634369 0.86031
vt 0.631549 0.864665
vt 0.638566 0.85726
vt 0.634754 0.863548
vt 0.633237 0.868258
vt 0.637623 0.86052
vt 0.636319 0.866291
vt 0.635873 0.871571
vt 0.640446 0.861935
vt 0.642244 0.858752
vt 0.637018 0.86282
vt 0.638673 0.864388
vt 0.638583 0.868711
vt 0.639323 0.874025
vt 0.642985 0.864066
vt 0.645695 0.861205
vt 0.640784 0.866388
vt 0.641122 0.870841
vt 0.643002 0.875517
vt 0.645249 0.866486
vt 0.648331 0.864519
vt 0.642895 0.868388
vt 0.643945 0.872257
vt 0.646929 0.876237
vt 0.646814 0.869228
vt 0.650018 0.868111
vt 0.650949 0.871994
vt 0.64455 0.869957
vt 0.647199 0.872467
vt 0.651175 0.876234
vt 0.37601 0.993045
vt 0.372044 0.988862
vt 0.371822 0.993045
vt 0.375743 0.989327
vt 0.379884 0.992334
vt 0.37296 0.985032
vt 0.378953 0.989119
vt 0.383512 0.990861
vt 0.376122 0.986132
vt 0.381737 0.987722
vt 0.386915 0.98844
vt 0.377665 0.983427
vt 0.374624 0.981487
vt 0.378355 0.98685
vt 0.379987 0.985303
vt 0.384241 0.985619
vt 0.389514 0.985171
vt 0.379897 0.981039
vt 0.377223 0.978218
vt 0.382069 0.983329
vt 0.386473 0.983231
vt 0.391178 0.981626
vt 0.382401 0.978936
vt 0.380626 0.975797
vt 0.384151 0.981355
vt 0.388016 0.980525
vt 0.392094 0.977796
vt 0.385185 0.977539
vt 0.384254 0.974324
vt 0.388127 0.973612
vt 0.385783 0.979807
vt 0.388395 0.977331
vt 0.392316 0.973613
vt 0.731629 0.974323
vt 0.735951 0.970216
vt 0.731625 0.969991
vt 0.735475 0.974042
vt 0.732369 0.978328
vt 0.739913 0.97116
vt 0.735693 0.977362
vt 0.733896 0.982078
vt 0.738778 0.97443
vt 0.737141 0.980239
vt 0.736403 0.985595
vt 0.741578 0.976023
vt 0.743581 0.972877
vt 0.738038 0.976741
vt 0.739641 0.978427
vt 0.739318 0.982826
vt 0.739787 0.988279
vt 0.74405 0.97833
vt 0.746965 0.975561
vt 0.741684 0.980578
vt 0.74179 0.985132
vt 0.743455 0.989996
vt 0.746227 0.980916
vt 0.749472 0.979077
vt 0.743727 0.982729
vt 0.74459 0.986725
vt 0.747417 0.99094
vt 0.747675 0.983794
vt 0.750999 0.982828
vt 0.751739 0.986833
vt 0.74533 0.984415
vt 0.747893 0.987114
vt 0.751743 0.991165
vt 0.965734 0.647332
vt 0.947793 0.652408
vt 0.965734 0.652408
vt 0.947793 0.647332
vt 0.965734 0.642255
vt 0.947793 0.642255
vt 0.965734 0.637179
vt 0.947793 0.637179
vt 0.965734 0.632102
vt 0.947793 0.632102
vt 0.965734 0.627025
vt 0.947793 0.627025
vt 0.965734 0.621949
vt 0.947793 0.621949
vt 0.965734 0.616872
vt 0.947793 0.616872
vt 0.965734 0.611796
vt 0.947793 0.611796
vt 0.965734 0.606719
vt 0.947793 0.606719
vt 0.965734 0.601642
vt 0.947793 0.601642
vt 0.965734 0.596566
vt 0.947793 0.596566
vt 0.965734 0.591489
vt 0.947793 0.591489
vt 0.965734 0.586412
vt 0.947793 0.586412
vt 0.965734 0.581336
vt 0.947793 0.581336
vt 0.965734 0.576259
vt 0.947793 0.576259
vt 0.965734 0.571183
vt 0.947793 0.571183
vt 0.965734 0.566106
vt 0.947793 0.566106
vt 0.965734 0.561029
vt 0.947793 0.561029
vt 0.965734 0.555953
vt 0.947793 0.555953
vt 0.965734 0.550876
vt 0.947793 0.550876
vt 0.965734 0.5458
vt 0.947793 0.5458
vt 0.965734 0.540723
vt 0.947793 0.540723
vt 0.965734 0.535646
vt 0.947793 0.535646
vt 0.965734 0.53057
vt 0.947793 0.53057
vt 0.965734 0.525493
vt 0.947793 0.525493
vt 0.965734 0.520417
vt 0.947793 0.520417
vt 0.082091 0.964737
vt 0.086162 0.956981
vt 0.083656 0.960612
vt 0.089464 0.954056
vt 0.09337 0.952005
vt 0.09337 0.986228
vt 0.082091 0.973496
vt 0.086162 0.981252
vt 0.083656 0.977621
vt 0.089464 0.984178
vt 0.118161 0.969117
vt 0.110256 0.954056
vt 0.106349 0.952005
vt 0.102066 0.95095
vt 0.097654 0.95095
vt 0.113558 0.956981
vt 0.116064 0.960612
vt 0.117629 0.964737
vt 0.110256 0.984178
vt 0.117629 0.973496
vt 0.116064 0.977621
vt 0.113558 0.981252
vt 0.106349 0.986228
vt 0.102066 0.987284
vt 0.097654 0.987284
vt 0.986598 0.834187
vt 0.983936 0.864981
vt 0.986598 0.865071
vt 0.983936 0.834097
vt 0.981276 0.864854
vt 0.981276 0.83397
vt 0.978615 0.864765
vt 0.978615 0.833881
vt 0.975952 0.833881
vt 0.975952 0.864765
vt 0.97329 0.864854
vt 0.97329 0.83397
vt 0.970631 0.864981
vt 0.970631 0.834097
vt 0.967969 0.865071
vt 0.967969 0.834187
vt 0.965306 0.865071
vt 0.965306 0.834187
vt 0.176194 0.988824
vt 0.172247 0.992976
vt 0.176401 0.992973
vt 0.172537 0.989304
vt 0.175291 0.984954
vt 0.168338 0.992267
vt 0.172179 0.986073
vt 0.173617 0.981342
vt 0.169292 0.989104
vt 0.17065 0.983287
vt 0.170988 0.978022
vt 0.166434 0.987716
vt 0.164651 0.990781
vt 0.169856 0.986789
vt 0.168202 0.985253
vt 0.168353 0.980778
vt 0.167534 0.975572
vt 0.163819 0.985557
vt 0.161203 0.988329
vt 0.166042 0.983214
vt 0.165748 0.978639
vt 0.163844 0.974092
vt 0.161549 0.983073
vt 0.158579 0.985012
vt 0.163916 0.981181
vt 0.162891 0.977261
vt 0.159937 0.973394
vt 0.160019 0.980296
vt 0.156907 0.981409
vt 0.155999 0.977548
vt 0.162297 0.979612
vt 0.159652 0.977072
vt 0.155787 0.973403
vt 0.63087 0.860993
vt 0.634805 0.856832
vt 0.630634 0.856831
vt 0.634528 0.860513
vt 0.631779 0.864745
vt 0.638609 0.857532
vt 0.634887 0.863643
vt 0.633414 0.868211
vt 0.637676 0.860698
vt 0.636388 0.86631
vt 0.635982 0.871447
vt 0.640424 0.862054
vt 0.642165 0.858981
vt 0.637105 0.86295
vt 0.638738 0.864406
vt 0.638601 0.868683
vt 0.639378 0.873858
vt 0.642912 0.864134
vt 0.645533 0.861372
vt 0.640802 0.86636
vt 0.641112 0.870786
vt 0.642926 0.875301
vt 0.645144 0.866528
vt 0.64812 0.864626
vt 0.642887 0.868336
vt 0.643856 0.872139
vt 0.646715 0.876002
vt 0.646644 0.869198
vt 0.649754 0.868099
vt 0.650654 0.871854
vt 0.644427 0.869888
vt 0.646997 0.872327
vt 0.650878 0.876012
vt 0.37629 0.993264
vt 0.372312 0.989121
vt 0.372114 0.993281
vt 0.375986 0.989538
vt 0.38013 0.992521
vt 0.373184 0.985304
vt 0.379149 0.989304
vt 0.383716 0.991041
vt 0.376349 0.986359
vt 0.381896 0.987921
vt 0.387087 0.988637
vt 0.377871 0.98365
vt 0.374825 0.981748
vt 0.378579 0.987063
vt 0.380175 0.985517
vt 0.384425 0.985812
vt 0.389671 0.985399
vt 0.380093 0.98126
vt 0.377424 0.978458
vt 0.382259 0.983535
vt 0.386651 0.983415
vt 0.391344 0.981895
vt 0.3826 0.979164
vt 0.38086 0.97602
vt 0.384343 0.981567
vt 0.388182 0.980745
vt 0.392293 0.978094
vt 0.38539 0.977786
vt 0.384503 0.974566
vt 0.388368 0.973898
vt 0.385973 0.980053
vt 0.388588 0.977594
vt 0.392533 0.973921
vt 0.731864 0.97401
vt 0.736204 0.969944
vt 0.731881 0.969701
vt 0.7357 0.973776
vt 0.732556 0.97802
vt 0.740156 0.970922
vt 0.735901 0.977099
vt 0.734063 0.981812
vt 0.738983 0.974192
vt 0.737332 0.980004
vt 0.736588 0.985387
vt 0.741772 0.975781
vt 0.743809 0.972652
vt 0.738256 0.976496
vt 0.739849 0.978196
vt 0.739518 0.982616
vt 0.740046 0.988117
vt 0.744283 0.978106
vt 0.747186 0.975336
vt 0.7419 0.980362
vt 0.742022 0.984942
vt 0.743761 0.989819
vt 0.746466 0.980719
vt 0.749697 0.978845
vt 0.743957 0.982518
vt 0.744854 0.986522
vt 0.747737 0.990717
vt 0.747915 0.983587
vt 0.751243 0.982584
vt 0.752019 0.986587
vt 0.745575 0.984199
vt 0.748166 0.986892
vt 0.752042 0.99092
vt 0.966197 0.646936
vt 0.948248 0.651845
vt 0.966189 0.651918
vt 0.948256 0.647006
vt 0.966207 0.642071
vt 0.948242 0.641945
vt 0.966211 0.637216
vt 0.948279 0.637107
vt 0.966205 0.632357
vt 0.948247 0.632289
vt 0.966192 0.627482
vt 0.948269 0.627481
vt 0.966172 0.622581
vt 0.948251 0.622637
vt 0.966147 0.617643
vt 0.948226 0.617754
vt 0.966117 0.612663
vt 0.948195 0.612821
vt 0.966085 0.607633
vt 0.948161 0.60781
vt 0.966052 0.602553
vt 0.948112 0.602614
vt 0.96602 0.59742
vt 0.948081 0.597481
vt 0.965991 0.592239
vt 0.948053 0.592296
vt 0.965966 0.587015
vt 0.94803 0.587065
vt 0.965947 0.581756
vt 0.948011 0.581796
vt 0.965935 0.576474
vt 0.948 0.576497
vt 0.965932 0.571176
vt 0.947996 0.571185
vt 0.965936 0.565878
vt 0.948 0.565873
vt 0.965948 0.560592
vt 0.948007 0.560542
vt 0.965968 0.555332
vt 0.948026 0.555264
vt 0.965994 0.550108
vt 0.948069 0.549975
vt 0.966025 0.544931
vt 0.948101 0.544817
vt 0.966058 0.539807
vt 0.948134 0.539718
vt 0.966092 0.534737
vt 0.948166 0.53468
vt 0.966125 0.529722
vt 0.948197 0.5297
vt 0.966154 0.524754
vt 0.948222 0.524764
vt 0.966168 0.519729
vt 0.948226 0.519681
vt 0.08118 0.964715
vt 0.08525 0.956959
vt 0.082744 0.96059
vt 0.088553 0.954034
vt 0.092459 0.951984
vt 0.092459 0.986206
vt 0.08118 0.973474
vt 0.08525 0.981231
vt 0.082744 0.977599
vt 0.088553 0.984156
vt 0.117249 0.969095
vt 0.109345 0.954034
vt 0.105438 0.951984
vt 0.101154 0.950928
vt 0.096743 0.950928
vt 0.112647 0.956959
vt 0.115153 0.96059
vt 0.116718 0.964715
vt 0.109345 0.984156
vt 0.116717 0.973475
vt 0.115153 0.9776
vt 0.112647 0.98123
vt 0.105438 0.986206
vt 0.101155 0.987262
vt 0.096743 0.987262
vt 0.986426 0.83398
vt 0.983956 0.864774
vt 0.986426 0.864864
vt 0.983863 0.83389
vt 0.981296 0.864647
vt 0.981388 0.833763
vt 0.978814 0.864557
vt 0.978846 0.833673
vt 0.976169 0.833673
vt 0.976214 0.864557
vt 0.973462 0.864647
vt 0.973369 0.833763
vt 0.970431 0.864774
vt 0.970523 0.83389
vt 0.967707 0.864864
vt 0.967739 0.83398
vt 0.965044 0.864864
vt 0.965044 0.83398
vt 0.916669 0.958505
vt 0.916669 0.980655
vt 0.925986 0.958505
vt 0.925986 0.964671
vt 0.93658 0.964671
vt 0.93658 0.970262
vt 0.945994 0.980565
vt 0.945994 0.970262
vt 0.810869 0.976503
vt 0.810869 0.967187
vt 0.788718 0.976503
vt 0.804703 0.967187
vt 0.804703 0.956592
vt 0.799112 0.956592
vt 0.788808 0.947178
vt 0.799112 0.947178
vt 0.592728 0.905636
vt 0.603032 0.920143
vt 0.603032 0.905636
vt 0.592728 0.920143
vt 0.990306 0.436736
vt 0.979711 0.422229
vt 0.979711 0.436736
vt 0.990306 0.422229
vt 0.971179 0.719694
vt 0.985686 0.690369
vt 0.971179 0.690369
vt 0.985686 0.719694
vt 0.776335 0.994261
vt 0.790842 0.984945
vt 0.776335 0.984945
vt 0.790842 0.994261
vt 0.265898 0.990576
vt 0.280405 0.981162
vt 0.265898 0.981162
vt 0.280405 0.990576
vt 0.376874 0.701096
vt 0.371283 0.68659
vt 0.371283 0.701096
vt 0.376874 0.68659
vt 0.371278 0.663926
vt 0.377444 0.678433
vt 0.377444 0.663926
vt 0.371278 0.678433
vt 0.986285 0.629937
vt 0.971778 0.652087
vt 0.986285 0.652087
vt 0.971778 0.629937
vt 0.527275 0.481644
vt 0.530828 0.494757
vt 0.530828 0.481644
vt 0.507969 0.481644
vt 0.504416 0.494757
vt 0.504416 0.481644
vt 0.527275 0.471408
vt 0.507969 0.471408
vt 0.530828 0.441108
vt 0.530828 0.471408
vt 0.504416 0.441108
vt 0.504416 0.471408
vt 0.538575 0.796113
vt 0.659777 0.809195
vt 0.659777 0.796113
vt 0.538575 0.809194
vt 0.970132 0.217867
vt 0.983214 0.165418
vt 0.970132 0.165418
vt 0.983214 0.217867
vt 0.227711 0.629266
vt 0.241924 0.508064
vt 0.227711 0.508064
vt 0.319147 0.508064
vt 0.319147 0.629266
vt 0.33336 0.508064
vt 0.319147 0.467119
vt 0.241924 0.467119
vt 0.33336 0.41467
vt 0.33336 0.467119
vt 0.241924 0.41467
vt 0.227711 0.467119
vt 0.586686 0.918717
vt 0.465484 0.905636
vt 0.465484 0.918717
vt 0.586686 0.905636
vt 0.983214 0.225844
vt 0.970133 0.278293
vt 0.983214 0.278293
vt 0.970133 0.225844
vt 0.992786 0.39957
vt 0.979705 0.413783
vt 0.992786 0.413783
vt 0.979705 0.39957
vt 0.530828 0.474679
vt 0.527275 0.471408
vt 0.527275 0.474679
vt 0.530828 0.471408
vt 0.572532 0.928293
vt 0.466884 0.941375
vt 0.572532 0.941375
vt 0.481097 0.928293
vt 0.961504 0.935847
vt 0.855856 0.948929
vt 0.961504 0.948929
vt 0.870069 0.935847
vt 0.984855 0.497755
vt 0.971773 0.5387
vt 0.984855 0.5387
vt 0.971773 0.497755
vt 0.971181 0.765902
vt 0.985394 0.778983
vt 0.985394 0.765902
vt 0.971181 0.778983
vt 0.983172 0.448659
vt 0.970091 0.489604
vt 0.983172 0.489604
vt 0.970091 0.448659
vt 0.665822 0.796109
vt 0.680035 0.809191
vt 0.680035 0.796109
vt 0.665822 0.809191
vt 0.595246 0.611054
vt 0.602816 0.617489
vt 0.602816 0.611054
vt 0.595246 0.617489
vt 0.587676 0.611054
vt 0.595246 0.617489
vt 0.595246 0.611054
vt 0.587676 0.617489
vt 0.625525 0.611054
vt 0.633095 0.617489
vt 0.633095 0.611054
vt 0.625525 0.617489
vt 0.617956 0.611054
vt 0.625525 0.617489
vt 0.625525 0.611054
vt 0.617956 0.617489
vt 0.530119 0.985436
vt 0.517007 0.985436
vt 0.523563 0.989221
vt 0.517007 0.977866
vt 0.523563 0.974081
vt 0.530118 0.977866
vt 0.610386 0.611054
vt 0.617956 0.617489
vt 0.617956 0.611054
vt 0.610386 0.617489
vt 0.602816 0.611054
vt 0.610386 0.617489
vt 0.610386 0.611054
vt 0.602816 0.617489
vt 0.325862 0.68291
vt 0.332297 0.67534
vt 0.325862 0.67534
vt 0.332297 0.68291
vt 0.325862 0.645061
vt 0.332297 0.637491
vt 0.325862 0.637491
vt 0.332297 0.645061
vt 0.325862 0.652631
vt 0.332297 0.645061
vt 0.325862 0.645061
vt 0.332297 0.652631
vt 0.325862 0.660201
vt 0.332297 0.652631
vt 0.325862 0.652631
vt 0.332297 0.660201
vt 0.281364 0.823041
vt 0.268253 0.823041
vt 0.274809 0.826825
vt 0.268253 0.815471
vt 0.274809 0.811686
vt 0.281364 0.815471
vt 0.325862 0.66777
vt 0.332297 0.660201
vt 0.325862 0.660201
vt 0.332297 0.66777
vt 0.325862 0.67534
vt 0.332297 0.66777
vt 0.325862 0.66777
vt 0.332297 0.67534
vt 0.003018 0.966058
vt 0.003018 0.988209
vt 0.012335 0.966058
vt 0.012335 0.972224
vt 0.02293 0.972224
vt 0.02293 0.977815
vt 0.032343 0.988119
vt 0.032343 0.977815
vt 0.881302 0.980668
vt 0.890618 0.980668
vt 0.881302 0.958518
vt 0.890618 0.974502
vt 0.901213 0.974502
vt 0.901213 0.968911
vt 0.910627 0.958607
vt 0.910627 0.968911
vt 0.365097 0.897484
vt 0.354794 0.882977
vt 0.354794 0.897484
vt 0.365097 0.882977
vt 0.54917 0.769077
vt 0.538576 0.75457
vt 0.538576 0.769077
vt 0.54917 0.75457
vt 0.985688 0.728135
vt 0.971181 0.757461
vt 0.985688 0.757461
vt 0.971181 0.728135
vt 0.300952 0.981169
vt 0.286445 0.990486
vt 0.300952 0.990486
vt 0.286445 0.981169
vt 0.239303 0.981165
vt 0.224797 0.990579
vt 0.239303 0.990579
vt 0.224797 0.981165
vt 0.371278 0.709251
vt 0.376869 0.723758
vt 0.376869 0.709251
vt 0.371278 0.723758
vt 0.331357 0.489607
vt 0.325191 0.4751
vt 0.325191 0.489607
vt 0.331357 0.4751
vt 0.46827 0.973609
vt 0.490421 0.988116
vt 0.490421 0.973609
vt 0.46827 0.988116
vt 0.432903 0.962281
vt 0.432903 0.984432
vt 0.442219 0.962281
vt 0.442219 0.968447
vt 0.452814 0.968447
vt 0.452814 0.974038
vt 0.462228 0.984342
vt 0.462228 0.974038
vt 0.965305 0.909412
vt 0.965305 0.918729
vt 0.987456 0.909412
vt 0.971471 0.918729
vt 0.971471 0.929323
vt 0.977062 0.929323
vt 0.987366 0.938737
vt 0.977062 0.938737
vt 0.496462 0.983919
vt 0.510969 0.973615
vt 0.496462 0.973615
vt 0.510969 0.983919
vt 0.53858 0.731909
vt 0.549175 0.746415
vt 0.549175 0.731909
vt 0.53858 0.746415
vt 0.218752 0.988117
vt 0.189426 0.97361
vt 0.189426 0.988117
vt 0.218752 0.97361
vt 0.993855 0.984941
vt 0.979348 0.994257
vt 0.993855 0.994257
vt 0.979348 0.984941
vt 0.259856 0.981167
vt 0.245349 0.990581
vt 0.259856 0.990581
vt 0.245349 0.981167
vt 0.922613 0.754568
vt 0.928204 0.769074
vt 0.928204 0.754568
vt 0.922613 0.769074
vt 0.989259 0.252282
vt 0.995426 0.266788
vt 0.995426 0.252282
vt 0.989259 0.266788
vt 0.329682 0.392015
vt 0.351833 0.406521
vt 0.351833 0.392015
vt 0.329682 0.406521
vt 0.695023 0.894068
vt 0.696245 0.889076
vt 0.694745 0.890624
vt 0.696368 0.895599
vt 0.698435 0.886835
vt 0.6877 0.887121
vt 0.698435 0.897654
vt 0.689876 0.889164
vt 0.694745 0.890624
vt 0.691179 0.890455
vt 0.687866 0.897626
vt 0.689909 0.895486
vt 0.691179 0.890455
vt 0.691411 0.894169
vt 0.691411 0.894169
vt 0.695023 0.894068
vt 0.365234 0.866449
vt 0.339404 0.87343
vt 0.365234 0.87343
vt 0.339404 0.866449
vt 0.365234 0.859468
vt 0.339404 0.859468
vt 0.365234 0.852486
vt 0.339404 0.852486
vt 0.365234 0.845505
vt 0.339404 0.845505
vt 0.365234 0.838524
vt 0.339404 0.838523
vt 0.365234 0.831542
vt 0.339404 0.831542
vt 0.365234 0.824561
vt 0.339404 0.824561
vt 0.365234 0.817579
vt 0.339404 0.817579
vt 0.365234 0.810598
vt 0.339404 0.810598
vt 0.365234 0.803617
vt 0.339404 0.803617
vt 0.365234 0.796635
vt 0.339404 0.796635
vt 0.365234 0.789654
vt 0.339404 0.789654
vt 0.365234 0.782672
vt 0.339404 0.782672
vt 0.365234 0.658016
vt 0.339404 0.658016
vt 0.365234 0.651034
vt 0.339404 0.651034
vt 0.365234 0.644053
vt 0.339404 0.644053
vt 0.365234 0.637071
vt 0.339404 0.637071
vt 0.365234 0.63009
vt 0.339404 0.63009
vt 0.365234 0.623109
vt 0.339404 0.623109
vt 0.365234 0.616127
vt 0.339404 0.616127
vt 0.365234 0.609146
vt 0.339404 0.609146
vt 0.365234 0.602164
vt 0.339404 0.602164
vt 0.365234 0.595183
vt 0.339404 0.595183
vt 0.365234 0.588201
vt 0.339404 0.588202
vt 0.365234 0.58122
vt 0.339404 0.58122
vt 0.365234 0.574239
vt 0.339404 0.574239
vt 0.365234 0.567257
vt 0.339404 0.567257
vt 0.365234 0.560276
vt 0.339404 0.560276
vt 0.365234 0.435619
vt 0.339404 0.435619
vt 0.365234 0.428637
vt 0.339404 0.428638
vt 0.365234 0.421656
vt 0.339404 0.421656
vt 0.365234 0.414675
vt 0.339404 0.414675
vt 0.834177 0.005671
vt 0.84782 0.003035
vt 0.840869 0.003681
vt 0.854764 0.003757
vt 0.861433 0.00582
vt 0.867572 0.009145
vt 0.872945 0.013604
vt 0.877344 0.019025
vt 0.880601 0.0252
vt 0.882591 0.031892
vt 0.883237 0.038843
vt 0.881869 0.163492
vt 0.879805 0.170162
vt 0.876481 0.176301
vt 0.872022 0.181673
vt 0.866601 0.186072
vt 0.860426 0.18933
vt 0.853734 0.191319
vt 0.846783 0.191966
vt 0.839839 0.191243
vt 0.833169 0.18918
vt 0.82703 0.185855
vt 0.821658 0.181397
vt 0.817259 0.175976
vt 0.814002 0.169801
vt 0.812012 0.163109
vt 0.812012 0.038452
vt 0.812734 0.031508
vt 0.814797 0.024839
vt 0.818122 0.0187
vt 0.822581 0.013327
vt 0.828002 0.008928
vt 0.826227 0.196006
vt 0.833175 0.195968
vt 0.829699 0.195645
vt 0.836521 0.196963
vt 0.839608 0.198591
vt 0.842319 0.200791
vt 0.844548 0.203477
vt 0.846211 0.206546
vt 0.847243 0.209881
vt 0.847604 0.213353
vt 0.847607 0.275681
vt 0.846613 0.279027
vt 0.844984 0.282115
vt 0.842785 0.284825
vt 0.840099 0.287054
vt 0.837029 0.288717
vt 0.833694 0.289749
vt 0.830222 0.29011
vt 0.826747 0.289787
vt 0.823401 0.288793
vt 0.820313 0.287164
vt 0.817603 0.284965
vt 0.815373 0.282279
vt 0.813711 0.279209
vt 0.812679 0.275874
vt 0.811992 0.21355
vt 0.812314 0.210074
vt 0.813309 0.206728
vt 0.814938 0.203641
vt 0.817137 0.20093
vt 0.819823 0.198701
vt 0.822892 0.197038
vt 0.607157 0.893196
vt 0.598085 0.89727
vt 0.607157 0.89727
vt 0.598085 0.893196
vt 0.589013 0.89727
vt 0.607157 0.889123
vt 0.589013 0.893196
vt 0.579941 0.89727
vt 0.598085 0.889123
vt 0.607157 0.885049
vt 0.579941 0.893196
vt 0.570869 0.89727
vt 0.598085 0.885049
vt 0.607157 0.880976
vt 0.589013 0.889123
vt 0.570869 0.893196
vt 0.561796 0.89727
vt 0.598085 0.880976
vt 0.607157 0.876902
vt 0.579941 0.889123
vt 0.589013 0.885049
vt 0.561796 0.893196
vt 0.552724 0.89727
vt 0.598085 0.876902
vt 0.607157 0.872829
vt 0.589013 0.880976
vt 0.570869 0.889123
vt 0.579941 0.885049
vt 0.552724 0.893196
vt 0.543652 0.89727
vt 0.598085 0.872829
vt 0.607157 0.868755
vt 0.589013 0.876902
vt 0.579941 0.880976
vt 0.561796 0.889123
vt 0.570869 0.885049
vt 0.543652 0.893196
vt 0.53458 0.89727
vt 0.598085 0.868755
vt 0.607157 0.864682
vt 0.589013 0.872829
vt 0.579941 0.876902
vt 0.570869 0.880976
vt 0.552724 0.889123
vt 0.561796 0.885049
vt 0.598085 0.864682
vt 0.607157 0.860608
vt 0.589013 0.868755
vt 0.579941 0.872829
vt 0.570869 0.876902
vt 0.561796 0.880976
vt 0.552724 0.885049
vt 0.598085 0.860608
vt 0.607157 0.856535
vt 0.598085 0.856535
vt 0.589013 0.864682
vt 0.589013 0.860608
vt 0.589013 0.856535
vt 0.579941 0.868755
vt 0.579941 0.860608
vt 0.579941 0.856535
vt 0.579941 0.864682
vt 0.570869 0.872829
vt 0.570869 0.860608
vt 0.570869 0.856535
vt 0.570869 0.864682
vt 0.570869 0.868755
vt 0.561796 0.876902
vt 0.561796 0.860608
vt 0.561796 0.856535
vt 0.561796 0.872829
vt 0.561796 0.864682
vt 0.561796 0.868755
vt 0.552724 0.880976
vt 0.552724 0.860608
vt 0.552724 0.856535
vt 0.552724 0.876902
vt 0.552724 0.872829
vt 0.552724 0.864682
vt 0.552724 0.868755
vt 0.543652 0.860608
vt 0.543652 0.856535
vt 0.543652 0.864682
vt 0.543652 0.868755
vt 0.543652 0.872829
vt 0.543652 0.876902
vt 0.53458 0.860608
vt 0.53458 0.856535
vt 0.53458 0.864682
vt 0.53458 0.868755
vt 0.53458 0.872829
vt 0.525508 0.860608
vt 0.525508 0.856535
vt 0.525508 0.864682
vt 0.525508 0.868755
vt 0.516436 0.860608
vt 0.516436 0.856535
vt 0.516436 0.864682
vt 0.507364 0.860608
vt 0.507364 0.856535
vt 0.53458 0.876902
vt 0.525508 0.872829
vt 0.516436 0.868755
vt 0.507364 0.864682
vt 0.498292 0.860608
vt 0.498292 0.856535
vt 0.525508 0.876902
vt 0.516436 0.872829
vt 0.507364 0.868755
vt 0.498292 0.864682
vt 0.48922 0.860608
vt 0.48922 0.856535
vt 0.516436 0.876902
vt 0.507364 0.872829
vt 0.498292 0.868755
vt 0.48922 0.864682
vt 0.480148 0.860608
vt 0.480148 0.856535
vt 0.507364 0.876902
vt 0.498292 0.872829
vt 0.48922 0.868755
vt 0.480148 0.864682
vt 0.471076 0.860608
vt 0.471076 0.856535
vt 0.498292 0.876902
vt 0.48922 0.872829
vt 0.480148 0.868755
vt 0.471076 0.864682
vt 0.462004 0.860608
vt 0.462004 0.856535
vt 0.48922 0.876902
vt 0.480148 0.872829
vt 0.471076 0.868755
vt 0.462004 0.864682
vt 0.452932 0.860608
vt 0.452932 0.856535
vt 0.480148 0.876902
vt 0.471076 0.872829
vt 0.462004 0.868755
vt 0.452932 0.864682
vt 0.44386 0.860608
vt 0.44386 0.856535
vt 0.471076 0.876902
vt 0.462004 0.872829
vt 0.452932 0.868755
vt 0.44386 0.864682
vt 0.434788 0.860608
vt 0.434788 0.856535
vt 0.462004 0.876902
vt 0.452932 0.872829
vt 0.44386 0.868755
vt 0.434788 0.864682
vt 0.425716 0.860608
vt 0.425716 0.856535
vt 0.452932 0.876902
vt 0.44386 0.872829
vt 0.434788 0.868755
vt 0.425716 0.864682
vt 0.416644 0.860608
vt 0.416644 0.856535
vt 0.44386 0.876902
vt 0.434788 0.872829
vt 0.425716 0.868755
vt 0.416644 0.864682
vt 0.407572 0.860608
vt 0.407572 0.856535
vt 0.434788 0.876902
vt 0.425716 0.872829
vt 0.416644 0.868755
vt 0.407572 0.864682
vt 0.3985 0.860608
vt 0.3985 0.856535
vt 0.425716 0.876902
vt 0.416644 0.872829
vt 0.407572 0.868755
vt 0.3985 0.864682
vt 0.389428 0.860608
vt 0.389428 0.856535
vt 0.416644 0.876902
vt 0.407572 0.872829
vt 0.3985 0.868755
vt 0.389428 0.864682
vt 0.380356 0.860608
vt 0.380356 0.856535
vt 0.371284 0.860608
vt 0.371284 0.856535
vt 0.371284 0.864682
vt 0.380356 0.864682
vt 0.371284 0.868755
vt 0.380356 0.868755
vt 0.371284 0.872829
vt 0.389428 0.868755
vt 0.380356 0.872829
vt 0.371284 0.876902
vt 0.389428 0.872829
vt 0.380356 0.876902
vt 0.371284 0.880976
vt 0.3985 0.872829
vt 0.380356 0.880976
vt 0.371284 0.885049
vt 0.389428 0.876902
vt 0.3985 0.876902
vt 0.380356 0.885049
vt 0.371284 0.889123
vt 0.389428 0.880976
vt 0.407572 0.876902
vt 0.380356 0.889123
vt 0.371284 0.893196
vt 0.3985 0.880976
vt 0.389428 0.885049
vt 0.407572 0.880976
vt 0.380356 0.893196
vt 0.371284 0.89727
vt 0.380356 0.89727
vt 0.3985 0.885049
vt 0.389428 0.889123
vt 0.389428 0.893196
vt 0.389428 0.89727
vt 0.416644 0.880976
vt 0.3985 0.889123
vt 0.3985 0.893196
vt 0.3985 0.89727
vt 0.407572 0.885049
vt 0.425716 0.880976
vt 0.407572 0.889123
vt 0.407572 0.893196
vt 0.407572 0.89727
vt 0.416644 0.885049
vt 0.434788 0.880976
vt 0.416644 0.889123
vt 0.416644 0.893196
vt 0.416644 0.89727
vt 0.425716 0.885049
vt 0.44386 0.880976
vt 0.425716 0.889123
vt 0.425716 0.893196
vt 0.425716 0.89727
vt 0.434788 0.885049
vt 0.452932 0.880976
vt 0.434788 0.889123
vt 0.434788 0.893196
vt 0.434788 0.89727
vt 0.44386 0.885049
vt 0.462004 0.880976
vt 0.44386 0.889123
vt 0.44386 0.893196
vt 0.44386 0.89727
vt 0.452932 0.885049
vt 0.471076 0.880976
vt 0.452932 0.889123
vt 0.452932 0.893196
vt 0.452932 0.89727
vt 0.462004 0.885049
vt 0.480148 0.880976
vt 0.462004 0.889123
vt 0.462004 0.893196
vt 0.462004 0.89727
vt 0.471076 0.885049
vt 0.48922 0.880976
vt 0.471076 0.889123
vt 0.471076 0.893196
vt 0.471076 0.89727
vt 0.480148 0.885049
vt 0.498292 0.880976
vt 0.480148 0.889123
vt 0.480148 0.893196
vt 0.480148 0.89727
vt 0.48922 0.885049
vt 0.507364 0.880976
vt 0.48922 0.889123
vt 0.48922 0.893196
vt 0.48922 0.89727
vt 0.498292 0.885049
vt 0.516436 0.880976
vt 0.498292 0.889123
vt 0.498292 0.893196
vt 0.498292 0.89727
vt 0.507364 0.885049
vt 0.525508 0.880976
vt 0.507364 0.889123
vt 0.507364 0.893196
vt 0.507364 0.89727
vt 0.516436 0.885049
vt 0.53458 0.880976
vt 0.516436 0.889123
vt 0.516436 0.893196
vt 0.516436 0.89727
vt 0.525508 0.885049
vt 0.543652 0.880976
vt 0.525508 0.889123
vt 0.525508 0.893196
vt 0.525508 0.89727
vt 0.53458 0.885049
vt 0.543652 0.885049
vt 0.53458 0.889123
vt 0.53458 0.893196
vt 0.543652 0.889123
vt 0.961463 0.188753
vt 0.947836 0.196828
vt 0.961463 0.196828
vt 0.947836 0.188753
vt 0.961463 0.180678
vt 0.947836 0.180678
vt 0.961463 0.172603
vt 0.947836 0.172603
vt 0.961463 0.164528
vt 0.947836 0.164528
vt 0.961463 0.156453
vt 0.947836 0.156453
vt 0.961463 0.148377
vt 0.947836 0.148377
vt 0.961463 0.140302
vt 0.947836 0.140302
vt 0.961463 0.132227
vt 0.947836 0.132227
vt 0.961463 0.124152
vt 0.947836 0.124152
vt 0.961463 0.116077
vt 0.947836 0.116077
vt 0.961463 0.108002
vt 0.947836 0.108002
vt 0.961463 0.099926
vt 0.947836 0.099926
vt 0.961463 0.091851
vt 0.947836 0.091851
vt 0.961463 0.083776
vt 0.947836 0.083776
vt 0.961463 0.075701
vt 0.947836 0.075701
vt 0.961463 0.067626
vt 0.947836 0.067626
vt 0.961463 0.059551
vt 0.947836 0.059551
vt 0.961463 0.051476
vt 0.947836 0.051475
vt 0.961463 0.0434
vt 0.947836 0.0434
vt 0.961463 0.035325
vt 0.947836 0.035325
vt 0.961463 0.02725
vt 0.947836 0.02725
vt 0.961463 0.019175
vt 0.947836 0.019175
vt 0.961463 0.0111
vt 0.947836 0.0111
vt 0.961463 0.003025
vt 0.947836 0.003025
vt 0.970133 0.286267
vt 0.973664 0.292779
vt 0.973664 0.286267
vt 0.970133 0.292779
vt 0.973664 0.299291
vt 0.970133 0.299291
vt 0.973664 0.305803
vt 0.970133 0.305803
vt 0.973665 0.312315
vt 0.970133 0.312315
vt 0.973665 0.318828
vt 0.970134 0.318828
vt 0.973665 0.32534
vt 0.970134 0.32534
vt 0.973665 0.331852
vt 0.970134 0.331852
vt 0.973665 0.338364
vt 0.970134 0.338364
vt 0.973665 0.344876
vt 0.970134 0.344876
vt 0.973665 0.351389
vt 0.970134 0.351389
vt 0.973665 0.357901
vt 0.970134 0.357901
vt 0.973665 0.364413
vt 0.970134 0.364413
vt 0.973665 0.370925
vt 0.970134 0.370925
vt 0.973665 0.377437
vt 0.970134 0.377437
vt 0.973665 0.383949
vt 0.970133 0.383949
vt 0.973664 0.390462
vt 0.970133 0.390462
vt 0.973664 0.396974
vt 0.970133 0.396974
vt 0.973664 0.403486
vt 0.970133 0.403486
vt 0.973664 0.409998
vt 0.970133 0.409998
vt 0.973664 0.41651
vt 0.970133 0.41651
vt 0.973664 0.423023
vt 0.970133 0.423023
vt 0.973664 0.429535
vt 0.970133 0.429535
vt 0.973664 0.436047
vt 0.970133 0.436047
vt 0.973664 0.442559
vt 0.970133 0.442559
vt 0.982136 0.063451
vt 0.986987 0.066777
vt 0.986987 0.063451
vt 0.982136 0.066777
vt 0.986987 0.070013
vt 0.982136 0.070013
vt 0.986987 0.073339
vt 0.982136 0.073339
vt 0.986987 0.076575
vt 0.982136 0.076575
vt 0.986987 0.079901
vt 0.982136 0.079901
vt 0.986987 0.083137
vt 0.982136 0.083137
vt 0.986987 0.086463
vt 0.982136 0.086463
vt 0.986987 0.089699
vt 0.982136 0.089699
vt 0.986987 0.093025
vt 0.982136 0.093025
vt 0.986987 0.096261
vt 0.982136 0.096261
vt 0.986987 0.099586
vt 0.982136 0.099586
vt 0.986987 0.102821
vt 0.982136 0.102821
vt 0.986987 0.106147
vt 0.982136 0.106147
vt 0.986987 0.109383
vt 0.982136 0.109383
vt 0.986987 0.112619
vt 0.982136 0.112619
vt 0.986987 0.115947
vt 0.982136 0.115947
vt 0.986987 0.119183
vt 0.982136 0.119183
vt 0.986987 0.122509
vt 0.982136 0.122509
vt 0.986987 0.125745
vt 0.982136 0.125745
vt 0.986987 0.129071
vt 0.982136 0.129071
vt 0.986987 0.132307
vt 0.982136 0.132307
vt 0.986987 0.135634
vt 0.982136 0.135634
vt 0.986987 0.138869
vt 0.982136 0.138869
vt 0.986987 0.142196
vt 0.982136 0.142196
vt 0.97609 0.156792
vt 0.967501 0.149013
vt 0.967501 0.156792
vt 0.97609 0.149013
vt 0.967501 0.141234
vt 0.97609 0.141234
vt 0.967501 0.133455
vt 0.97609 0.133455
vt 0.967501 0.125677
vt 0.97609 0.125677
vt 0.967501 0.117898
vt 0.97609 0.117898
vt 0.967501 0.110137
vt 0.97609 0.110137
vt 0.967501 0.102359
vt 0.97609 0.102359
vt 0.967501 0.094564
vt 0.97609 0.094564
vt 0.967501 0.086785
vt 0.97609 0.086785
vt 0.967501 0.079006
vt 0.97609 0.079006
vt 0.967501 0.071227
vt 0.97609 0.071227
vt 0.967501 0.063448
vt 0.97609 0.063448
vt 0.657054 0.958509
vt 0.660651 0.987911
vt 0.660651 0.958509
vt 0.657054 0.987911
vt 0.653457 0.958509
vt 0.653457 0.987911
vt 0.64986 0.958509
vt 0.64986 0.987911
vt 0.646263 0.958509
vt 0.646263 0.987911
vt 0.642666 0.958509
vt 0.642666 0.987911
vt 0.639069 0.958509
vt 0.639069 0.987911
vt 0.635472 0.958509
vt 0.635472 0.987911
vt 0.631875 0.958509
vt 0.631875 0.987911
vt 0.578898 0.933906
vt 0.578898 0.930451
vt 0.578504 0.932178
vt 0.580003 0.929065
vt 0.5816 0.928296
vt 0.583372 0.928296
vt 0.584968 0.929065
vt 0.586073 0.930451
vt 0.586467 0.932178
vt 0.586073 0.933906
vt 0.584968 0.935291
vt 0.583372 0.93606
vt 0.5816 0.93606
vt 0.580003 0.935291
vt 0.831275 0.794221
vt 0.830153 0.758343
vt 0.830154 0.794221
vt 0.831275 0.758343
vt 0.832397 0.794221
vt 0.832396 0.758343
vt 0.833518 0.794221
vt 0.833518 0.758343
vt 0.834639 0.79422
vt 0.834639 0.758343
vt 0.835761 0.79422
vt 0.835761 0.758343
vt 0.836882 0.79422
vt 0.836882 0.758343
vt 0.838004 0.79422
vt 0.838004 0.758343
vt 0.839125 0.79422
vt 0.839125 0.758343
vt 0.840246 0.79422
vt 0.840247 0.758343
vt 0.841368 0.79422
vt 0.841368 0.758343
vt 0.842489 0.794221
vt 0.84249 0.758343
vt 0.843611 0.79422
vt 0.843611 0.758343
vt 0.844732 0.794221
vt 0.844732 0.758343
vt 0.845854 0.794221
vt 0.845854 0.758343
vt 0.846975 0.794221
vt 0.846975 0.758343
vt 0.848096 0.794221
vt 0.848097 0.758343
vt 0.770035 0.984738
vt 0.76714 0.98779
vt 0.770197 0.98779
vt 0.767335 0.985077
vt 0.769366 0.981943
vt 0.764314 0.987272
vt 0.767059 0.982746
vt 0.768152 0.979356
vt 0.764993 0.984925
vt 0.765933 0.980772
vt 0.766255 0.976971
vt 0.762961 0.983906
vt 0.761666 0.986197
vt 0.765429 0.98327
vt 0.764238 0.98214
vt 0.764304 0.979029
vt 0.763772 0.975204
vt 0.761135 0.982372
vt 0.759183 0.98443
vt 0.762719 0.9807
vt 0.762477 0.977495
vt 0.761124 0.974129
vt 0.759506 0.980629
vt 0.757287 0.982045
vt 0.7612 0.97926
vt 0.760445 0.976476
vt 0.758298 0.97361
vt 0.758379 0.978655
vt 0.756072 0.979458
vt 0.755404 0.976663
vt 0.760009 0.978131
vt 0.758103 0.976324
vt 0.755242 0.973611
vt 0.327516 0.852759
vt 0.330503 0.855909
vt 0.33067 0.852759
vt 0.327717 0.85556
vt 0.324599 0.853295
vt 0.329814 0.858794
vt 0.3253 0.855717
vt 0.321866 0.854405
vt 0.327433 0.857965
vt 0.323204 0.856769
vt 0.319304 0.856229
vt 0.326271 0.860003
vt 0.328561 0.861463
vt 0.325751 0.857425
vt 0.324521 0.858591
vt 0.321319 0.858353
vt 0.317347 0.858691
vt 0.32459 0.861802
vt 0.326604 0.863926
vt 0.322954 0.860077
vt 0.319638 0.860151
vt 0.316095 0.861361
vt 0.322705 0.863385
vt 0.324042 0.86575
vt 0.321387 0.861564
vt 0.318476 0.862189
vt 0.315405 0.864245
vt 0.320608 0.864438
vt 0.32131 0.866859
vt 0.318393 0.867395
vt 0.320158 0.86273
vt 0.318191 0.864595
vt 0.315238 0.867395
vt 0.865998 0.871966
vt 0.869102 0.874917
vt 0.869106 0.871806
vt 0.866339 0.874715
vt 0.863152 0.872643
vt 0.868569 0.877794
vt 0.863966 0.874992
vt 0.860517 0.873875
vt 0.866181 0.877099
vt 0.861954 0.876136
vt 0.858086 0.875802
vt 0.865141 0.879166
vt 0.867471 0.880488
vt 0.864497 0.876652
vt 0.863346 0.877863
vt 0.860178 0.877792
vt 0.856283 0.878327
vt 0.863576 0.881023
vt 0.865669 0.883013
vt 0.861877 0.879407
vt 0.858614 0.879649
vt 0.855185 0.881021
vt 0.8618 0.882679
vt 0.863237 0.88494
vt 0.860409 0.880952
vt 0.857573 0.881716
vt 0.854653 0.883897
vt 0.859788 0.883822
vt 0.860602 0.886172
vt 0.857756 0.886849
vt 0.859257 0.882163
vt 0.857415 0.8841
vt 0.854649 0.887009
vt 0.638359 0.679422
vt 0.635311 0.682636
vt 0.638529 0.682636
vt 0.635517 0.679779
vt 0.637656 0.67648
vt 0.632335 0.682089
vt 0.635227 0.677325
vt 0.636378 0.673756
vt 0.633051 0.679618
vt 0.634042 0.675246
vt 0.634382 0.671244
vt 0.630912 0.678545
vt 0.629548 0.680957
vt 0.633511 0.677876
vt 0.632257 0.676687
vt 0.632327 0.673411
vt 0.631768 0.669384
vt 0.62899 0.676929
vt 0.626935 0.679096
vt 0.630658 0.67517
vt 0.630404 0.671796
vt 0.628981 0.668252
vt 0.627275 0.675095
vt 0.624939 0.676584
vt 0.629059 0.673654
vt 0.628265 0.670722
vt 0.626005 0.667705
vt 0.62609 0.673016
vt 0.623661 0.673861
vt 0.622957 0.670918
vt 0.627806 0.672464
vt 0.625799 0.670562
vt 0.622787 0.667705
vt 0.994314 0.966355
vt 0.99686 0.968768
vt 0.996859 0.966219
vt 0.994598 0.968606
vt 0.991984 0.966913
vt 0.996428 0.971124
vt 0.992655 0.968836
vt 0.989828 0.967926
vt 0.994472 0.970558
vt 0.991009 0.969776
vt 0.98784 0.969508
vt 0.993623 0.972252
vt 0.995533 0.973332
vt 0.993092 0.970195
vt 0.992151 0.971188
vt 0.989557 0.971135
vt 0.986368 0.971579
vt 0.992344 0.973776
vt 0.994061 0.975402
vt 0.99095 0.972455
vt 0.988278 0.972658
vt 0.985472 0.973786
vt 0.990892 0.975134
vt 0.992072 0.976984
vt 0.98975 0.973722
vt 0.987429 0.974352
vt 0.98504 0.976143
vt 0.989246 0.976074
vt 0.989916 0.977997
vt 0.987586 0.978555
vt 0.988809 0.974715
vt 0.987303 0.976305
vt 0.985041 0.978691
vt 0.897658 0.989588
vt 0.895168 0.986961
vt 0.895028 0.989587
vt 0.897491 0.987253
vt 0.90009 0.989142
vt 0.895744 0.984556
vt 0.899506 0.987123
vt 0.902368 0.988218
vt 0.897729 0.985248
vt 0.901254 0.986246
vt 0.904505 0.986698
vt 0.898698 0.983549
vt 0.896789 0.982331
vt 0.899131 0.985699
vt 0.900156 0.984727
vt 0.902826 0.984927
vt 0.906137 0.984646
vt 0.9001 0.98205
vt 0.898421 0.980279
vt 0.901463 0.983488
vt 0.904228 0.983428
vt 0.907182 0.98242
vt 0.901672 0.98073
vt 0.900558 0.978759
vt 0.90277 0.982249
vt 0.905198 0.981729
vt 0.907758 0.980016
vt 0.90342 0.979854
vt 0.902836 0.977834
vt 0.905268 0.977388
vt 0.903795 0.981278
vt 0.905436 0.979723
vt 0.907898 0.977389
vt 0.548189 0.991437
vt 0.545597 0.993892
vt 0.548188 0.994031
vt 0.545886 0.991601
vt 0.54775 0.989038
vt 0.543225 0.993323
vt 0.545758 0.989613
vt 0.546839 0.98679
vt 0.543908 0.991366
vt 0.544894 0.987888
vt 0.54534 0.984682
vt 0.542232 0.990409
vt 0.54103 0.992292
vt 0.544353 0.989983
vt 0.543395 0.988971
vt 0.543593 0.986337
vt 0.543316 0.983071
vt 0.540754 0.989026
vt 0.539006 0.990681
vt 0.542173 0.987681
vt 0.542114 0.984954
vt 0.541122 0.98204
vt 0.539453 0.987475
vt 0.537508 0.988573
vt 0.540952 0.986392
vt 0.540439 0.983997
vt 0.53875 0.981471
vt 0.538589 0.98575
vt 0.536597 0.986325
vt 0.536157 0.983926
vt 0.539994 0.98538
vt 0.538461 0.983762
vt 0.536159 0.981332
vt 0.976458 0.946246
vt 0.979137 0.943706
vt 0.976458 0.943563
vt 0.97884 0.946075
vt 0.976913 0.948727
vt 0.981591 0.944293
vt 0.978973 0.948131
vt 0.977857 0.951051
vt 0.980886 0.946318
vt 0.979868 0.949914
vt 0.979408 0.953231
vt 0.982619 0.947306
vt 0.983861 0.945359
vt 0.980426 0.947748
vt 0.981417 0.948794
vt 0.981214 0.951518
vt 0.981502 0.954895
vt 0.984148 0.948736
vt 0.985955 0.947023
vt 0.982681 0.950127
vt 0.982744 0.952948
vt 0.983772 0.955961
vt 0.985495 0.950339
vt 0.987506 0.949203
vt 0.983945 0.95146
vt 0.984477 0.953936
vt 0.986225 0.956548
vt 0.98639 0.952123
vt 0.988449 0.951526
vt 0.988905 0.954007
vt 0.984937 0.952506
vt 0.986523 0.954179
vt 0.988904 0.95669
vt 0.603566 0.924531
vt 0.605984 0.927072
vt 0.606115 0.924526
vt 0.603733 0.926793
vt 0.601211 0.924969
vt 0.605432 0.929403
vt 0.601781 0.926924
vt 0.599005 0.925869
vt 0.603507 0.928737
vt 0.600089 0.927777
vt 0.596938 0.927346
vt 0.602571 0.930385
vt 0.604424 0.931561
vt 0.602148 0.928303
vt 0.601156 0.929247
vt 0.598568 0.929059
vt 0.595361 0.929338
vt 0.601216 0.931841
vt 0.602847 0.933553
vt 0.599892 0.93045
vt 0.597213 0.930515
vt 0.594353 0.931497
vt 0.599696 0.933123
vt 0.60078 0.93503
vt 0.598628 0.931653
vt 0.596278 0.932163
vt 0.5938 0.933828
vt 0.598004 0.933976
vt 0.598574 0.935931
vt 0.596218 0.936368
vt 0.597637 0.932597
vt 0.596051 0.934106
vt 0.59367 0.936373
vt 0.068253 0.980016
vt 0.070743 0.977389
vt 0.068113 0.977389
vt 0.070575 0.979724
vt 0.068828 0.982421
vt 0.073175 0.977836
vt 0.070813 0.98173
vt 0.069873 0.984646
vt 0.072591 0.979855
vt 0.071782 0.983428
vt 0.071504 0.986699
vt 0.074339 0.980732
vt 0.075453 0.978761
vt 0.072215 0.981279
vt 0.07324 0.982251
vt 0.073183 0.984928
vt 0.073641 0.988219
vt 0.075911 0.982052
vt 0.07759 0.980281
vt 0.074547 0.98349
vt 0.074755 0.986248
vt 0.075919 0.989144
vt 0.077312 0.983551
vt 0.079221 0.982334
vt 0.075854 0.984729
vt 0.076503 0.987125
vt 0.078351 0.989591
vt 0.078281 0.98525
vt 0.080266 0.984559
vt 0.080841 0.986964
vt 0.076879 0.985701
vt 0.078519 0.987256
vt 0.08098 0.98959
vt 0.409952 0.994389
vt 0.407497 0.996981
vt 0.410091 0.99698
vt 0.407661 0.994678
vt 0.409384 0.992017
vt 0.405097 0.996542
vt 0.407426 0.9927
vt 0.408353 0.989823
vt 0.405673 0.99455
vt 0.40647 0.991024
vt 0.406742 0.987798
vt 0.403949 0.993685
vt 0.40285 0.99563
vt 0.406043 0.993145
vt 0.405032 0.992187
vt 0.405086 0.989546
vt 0.404634 0.9863
vt 0.402398 0.992384
vt 0.400742 0.994132
vt 0.403742 0.990965
vt 0.403536 0.988244
vt 0.402387 0.985388
vt 0.401015 0.990905
vt 0.399132 0.992107
vt 0.402452 0.989743
vt 0.401811 0.98738
vt 0.399988 0.984949
vt 0.400058 0.98923
vt 0.3981 0.989912
vt 0.397532 0.98754
vt 0.401441 0.988785
vt 0.399823 0.987252
vt 0.397393 0.98495
vt 0.237468 0.76999
vt 0.240149 0.772529
vt 0.240147 0.769846
vt 0.237767 0.772359
vt 0.235015 0.770579
vt 0.239696 0.77501
vt 0.235722 0.772603
vt 0.232746 0.771646
vt 0.237636 0.774415
vt 0.233989 0.773593
vt 0.230653 0.773312
vt 0.236742 0.776199
vt 0.238754 0.777335
vt 0.236183 0.774033
vt 0.235192 0.77508
vt 0.232461 0.775024
vt 0.229104 0.775493
vt 0.235397 0.777804
vt 0.237205 0.779515
vt 0.233929 0.776414
vt 0.231116 0.776629
vt 0.228162 0.777818
vt 0.233869 0.779235
vt 0.235112 0.781181
vt 0.232666 0.777748
vt 0.230222 0.778412
vt 0.227709 0.780299
vt 0.232136 0.780224
vt 0.232843 0.782249
vt 0.23039 0.782838
vt 0.231675 0.778794
vt 0.230091 0.780469
vt 0.227711 0.782982
vt 0.843571 0.296186
vt 0.846114 0.290045
vt 0.843571 0.292589
vt 0.852254 0.292589
vt 0.849711 0.290045
vt 0.846114 0.298729
vt 0.849711 0.298729
vt 0.852254 0.296186
vt 0.037446 0.949866
vt 0.003024 0.957386
vt 0.037446 0.957386
vt 0.003024 0.949866
vt 0.037446 0.946655
vt 0.003024 0.946655
vt 0.037446 0.938479
vt 0.003024 0.938479
vt 0.037446 0.935269
vt 0.003024 0.935269
vt 0.037446 0.927748
vt 0.003024 0.927748
vt 0.037446 0.924557
vt 0.003024 0.924557
vt 0.037446 0.916381
vt 0.003024 0.916381
vt 0.037446 0.91319
vt 0.003024 0.91319
vt 0.077912 0.949864
vt 0.04349 0.957385
vt 0.077912 0.957385
vt 0.04349 0.949864
vt 0.077912 0.946654
vt 0.04349 0.946654
vt 0.077912 0.938477
vt 0.04349 0.938477
vt 0.077912 0.935267
vt 0.04349 0.935267
vt 0.077912 0.927747
vt 0.04349 0.927747
vt 0.077912 0.924556
vt 0.04349 0.924556
vt 0.077912 0.916379
vt 0.04349 0.916379
vt 0.077912 0.913189
vt 0.04349 0.913189
vt 0.625827 0.980306
vt 0.591406 0.984777
vt 0.625827 0.984777
vt 0.591406 0.980306
vt 0.625827 0.978398
vt 0.591406 0.978398
vt 0.625827 0.973537
vt 0.591406 0.973537
vt 0.625827 0.971629
vt 0.591406 0.971629
vt 0.625827 0.967158
vt 0.591406 0.967158
vt 0.625827 0.965261
vt 0.591406 0.965261
vt 0.625827 0.960401
vt 0.591406 0.960401
vt 0.625827 0.958504
vt 0.591406 0.958504
vt 0.347525 0.889646
vt 0.348483 0.905851
vt 0.348483 0.893221
vt 0.347525 0.909426
vt 0.344909 0.912042
vt 0.341334 0.913
vt 0.317903 0.913
vt 0.317903 0.886072
vt 0.341334 0.886072
vt 0.344908 0.88703
vt 0.485058 0.963789
vt 0.461231 0.950572
vt 0.461231 0.96379
vt 0.485058 0.950572
vt 0.489903 0.950572
vt 0.489916 0.96379
vt 0.494837 0.950572
vt 0.495056 0.963789
vt 0.498974 0.950572
vt 0.499002 0.963789
vt 0.511587 0.963789
vt 0.511584 0.950572
vt 0.514612 0.950572
vt 0.514612 0.96379
vt 0.517296 0.950572
vt 0.517296 0.96379
vt 0.520436 0.950572
vt 0.520436 0.96379
vt 0.543919 0.963789
vt 0.543919 0.950572
vt 0.839477 0.887835
vt 0.840434 0.90404
vt 0.840434 0.891409
vt 0.839477 0.907615
vt 0.83686 0.910231
vt 0.833285 0.911189
vt 0.809855 0.911189
vt 0.809855 0.884261
vt 0.833286 0.884261
vt 0.83686 0.885218
vt 0.995955 0.03577
vt 0.989346 0.049234
vt 0.995955 0.049234
vt 0.989346 0.03577
vt 0.552863 0.505676
vt 0.539397 0.02371
vt 0.539397 0.505676
vt 0.552864 0.004694
vt 0.571849 0.505676
vt 0.584274 0.023783
vt 0.571849 0.023783
vt 0.584275 0.505676
vt 0.55802 0.980366
vt 0.55802 0.985805
vt 0.580568 0.985805
vt 0.585363 0.968377
vt 0.585363 0.981011
vt 0.55802 0.962348
vt 0.571713 0.954727
vt 0.55802 0.954727
vt 0.550388 0.962387
vt 0.550388 0.980359
vt 0.601357 0.004722
vt 0.614863 0.505707
vt 0.614862 0.02381
vt 0.592687 0.505707
vt 0.592686 0.02381
vt 0.571849 0.023783
vt 0.552863 0.505676
vt 0.571849 0.505676
vt 0.552864 0.004694
vt 0.92169 0.705687
vt 0.920164 0.63746
vt 0.920164 0.705686
vt 0.92169 0.63746
vt 0.928061 0.344
vt 0.941793 0.002865
vt 0.941793 0.324511
vt 0.928061 0.002865
vt 0.993575 0.310779
vt 0.993088 0.346639
vt 0.993714 0.34664
vt 0.992949 0.310777
vt 0.993088 0.274924
vt 0.993714 0.274925
vt 0.685895 0.55539
vt 0.686703 0.509135
vt 0.685895 0.509134
vt 0.686703 0.555391
vt 0.371276 0.654514
vt 0.372892 0.561935
vt 0.371276 0.561932
vt 0.372892 0.654517
vt 0.990874 0.150299
vt 0.989259 0.242878
vt 0.990875 0.242881
vt 0.989259 0.150296
vt 0.584275 0.505676
vt 0.592686 0.02381
vt 0.584274 0.023783
vt 0.592687 0.505707
vt 0.149737 0.979432
vt 0.125963 0.984218
vt 0.149737 0.966799
vt 0.125943 0.953149
vt 0.366615 0.94405
vt 0.358983 0.926188
vt 0.358983 0.94416
vt 0.366615 0.926181
vt 0.380347 0.920742
vt 0.366615 0.920742
vt 0.380308 0.95182
vt 0.366615 0.95182
vt 0.371125 0.849846
vt 0.692769 0.818768
vt 0.371125 0.818768
vt 0.692769 0.849846
vt 0.99406 0.698135
vt 0.992533 0.629908
vt 0.992534 0.698135
vt 0.99406 0.629908
vt 0.941752 0.675734
vt 0.928059 0.35409
vt 0.928059 0.695223
vt 0.941752 0.35409
vt 0.639139 0.61104
vt 0.639916 0.645157
vt 0.639916 0.61104
vt 0.63915 0.645157
vt 0.539397 0.02371
vt 0.552863 0.505676
vt 0.539397 0.505676
vt 0.552864 0.004694
vt 0.584274 0.023783
vt 0.571849 0.505676
vt 0.571849 0.023783
vt 0.584275 0.505676
vt 0.38291 0.725124
vt 0.417023 0.724358
vt 0.38291 0.724358
vt 0.417023 0.725124
vt 0.614863 0.505707
vt 0.601357 0.004722
vt 0.614862 0.02381
vt 0.592686 0.02381
vt 0.592687 0.505707
vt 0.552863 0.505676
vt 0.571849 0.023783
vt 0.571849 0.505676
vt 0.552864 0.004694
vt 0.327387 0.690364
vt 0.325861 0.75859
vt 0.327387 0.75859
vt 0.325861 0.690364
vt 0.941793 0.003019
vt 0.928061 0.344152
vt 0.941793 0.324663
vt 0.928061 0.003019
vt 0.371282 0.414688
vt 0.373691 0.552858
vt 0.373694 0.414684
vt 0.371279 0.552862
vt 0.227664 0.862353
vt 0.240745 0.862582
vt 0.232511 0.857379
vt 0.227662 0.862582
vt 0.992512 0.543103
vt 0.993877 0.621304
vt 0.993877 0.543096
vt 0.992512 0.621311
vt 0.227661 0.868138
vt 0.240745 0.862582
vt 0.227662 0.862582
vt 0.240745 0.868138
vt 0.990897 0.444889
vt 0.992513 0.537468
vt 0.992513 0.444886
vt 0.990897 0.53747
vt 0.921784 0.628122
vt 0.920168 0.535543
vt 0.920168 0.628125
vt 0.921784 0.53554
vt 0.592686 0.02381
vt 0.584275 0.505676
vt 0.584274 0.023783
vt 0.592687 0.505707
vt 0.657894 0.856537
vt 0.688972 0.879085
vt 0.688972 0.856537
vt 0.684178 0.88388
vt 0.671545 0.88388
vt 0.657894 0.870229
vt 0.971781 0.623255
vt 0.985473 0.592177
vt 0.971781 0.592177
vt 0.985513 0.623255
vt 0.147827 0.979609
vt 0.147827 0.966975
vt 0.124056 0.984403
vt 0.124033 0.953325
vt 0.22771 0.475097
vt 0.235342 0.493069
vt 0.235342 0.475097
vt 0.22771 0.493069
vt 0.692924 0.849846
vt 0.37128 0.818768
vt 0.37128 0.849846
vt 0.692924 0.818768
vt 0.993259 0.705469
vt 0.991732 0.773696
vt 0.993259 0.773696
vt 0.991732 0.705469
vt 0.928059 0.354244
vt 0.941752 0.675887
vt 0.928059 0.695376
vt 0.941752 0.354244
vt 0.698967 0.811215
vt 0.849331 0.877363
vt 0.849331 0.820731
vt 0.698967 0.867847
vt 0.230501 0.96583
vt 0.183385 0.958509
vt 0.183385 0.96583
vt 0.230501 0.958509
vt 0.255572 0.96744
vt 0.302688 0.974761
vt 0.302688 0.96744
vt 0.255572 0.974761
vt 0.302688 0.958503
vt 0.312204 0.96744
vt 0.312204 0.958503
vt 0.302688 0.96744
vt 0.183385 0.974767
vt 0.173869 0.96583
vt 0.173869 0.974767
vt 0.183385 0.96583
vt 0.240017 0.974767
vt 0.230501 0.96583
vt 0.230501 0.974767
vt 0.240017 0.96583
vt 0.246056 0.958503
vt 0.255572 0.96744
vt 0.255572 0.958503
vt 0.246056 0.96744
vt 0.971777 0.584446
vt 0.983556 0.546855
vt 0.971777 0.546855
vt 0.983556 0.584446
vt 0.33635 0.952334
vt 0.185987 0.943397
vt 0.185987 0.952334
vt 0.33635 0.943397
vt 0.728942 0.952338
vt 0.578579 0.943401
vt 0.578579 0.952338
vt 0.728942 0.943401
vt 0.99144 0.781007
vt 0.992009 0.81363
vt 0.992009 0.781006
vt 0.99144 0.813631
vt 0.964091 0.203181
vt 0.947833 0.353544
vt 0.964091 0.353544
vt 0.955154 0.203181
vt 0.947794 0.512164
vt 0.964052 0.361801
vt 0.947794 0.361801
vt 0.956731 0.512164
vt 0.797654 0.697923
vt 0.688665 0.80153
vt 0.797654 0.80153
vt 0.688665 0.697923
vt 0.003025 0.85928
vt 0.112014 0.003025
vt 0.003025 0.003025
vt 0.112014 0.85928
vt 0.688665 0.80153
vt 0.797654 0.697923
vt 0.688665 0.697923
vt 0.797654 0.80153
vt 0.003025 0.85928
vt 0.112014 0.003025
vt 0.003025 0.003025
vt 0.112014 0.85928
vt 0.11806 0.003018
vt 0.221667 0.859273
vt 0.221667 0.003018
vt 0.11806 0.859273
vt 0.11806 0.003018
vt 0.221667 0.859273
vt 0.221667 0.003018
vt 0.11806 0.859273
vt 0.491497 0.016408
vt 0.48553 0.014735
vt 0.48553 0.016408
vt 0.491497 0.014735
vt 0.48553 0.013061
vt 0.511171 0.014735
vt 0.511171 0.016408
vt 0.511171 0.013061
vt 0.491497 0.013061
vt 0.48553 0.011388
vt 0.491497 0.011388
vt 0.511171 0.011388
vt 0.48553 0.009715
vt 0.491497 0.009715
vt 0.511171 0.009715
vt 0.48553 0.008041
vt 0.491497 0.008041
vt 0.511171 0.008041
vt 0.48553 0.006368
vt 0.491497 0.006368
vt 0.511171 0.006368
vt 0.48553 0.004695
vt 0.491497 0.004695
vt 0.511171 0.004695
vt 0.491497 0.003021
vt 0.48553 0.003021
vt 0.511171 0.003021
vt 0.407378 0.910451
vt 0.406375 0.913292
vt 0.408724 0.911575
vt 0.405848 0.911693
vt 0.403344 0.913108
vt 0.404086 0.911512
vt 0.401218 0.910903
vt 0.407284 0.908523
vt 0.409178 0.910717
vt 0.4088 0.907729
vt 0.405885 0.907315
vt 0.406539 0.905635
vt 0.402775 0.910263
vt 0.401197 0.907865
vt 0.402816 0.908454
vt 0.403363 0.905635
vt 0.4041 0.907225
vt 0.959265 0.923107
vt 0.939644 0.917813
vt 0.939644 0.923107
vt 0.959265 0.917813
vt 0.939644 0.912518
vt 0.959264 0.912518
vt 0.939644 0.907223
vt 0.959265 0.907223
vt 0.939644 0.901928
vt 0.959265 0.901928
vt 0.939644 0.896634
vt 0.959264 0.896634
vt 0.939644 0.891339
vt 0.959265 0.891339
vt 0.939644 0.886044
vt 0.959265 0.886044
vt 0.939644 0.88075
vt 0.959264 0.88075
vt 0.939644 0.875455
vt 0.959265 0.875455
vt 0.939644 0.87016
vt 0.959264 0.87016
vt 0.939644 0.864865
vt 0.959265 0.864865
vt 0.939644 0.859571
vt 0.959264 0.859571
vt 0.959264 0.854276
vt 0.939644 0.854276
vt 0.939644 0.848981
vt 0.959264 0.848981
vt 0.82072 0.990735
vt 0.81624 0.981433
vt 0.817418 0.986595
vt 0.82072 0.972131
vt 0.817418 0.976271
vt 0.830785 0.969834
vt 0.82549 0.969834
vt 0.838856 0.986595
vt 0.82549 0.993032
vt 0.830785 0.993032
vt 0.835555 0.990735
vt 0.838856 0.976271
vt 0.835555 0.972132
vt 0.840034 0.981433
vt 0.042827 0.968355
vt 0.052892 0.966058
vt 0.047598 0.966058
vt 0.060964 0.972495
vt 0.057663 0.968355
vt 0.039526 0.972495
vt 0.038348 0.977657
vt 0.060964 0.982819
vt 0.062142 0.977657
vt 0.052892 0.989256
vt 0.057663 0.986958
vt 0.042827 0.986958
vt 0.047598 0.989256
vt 0.039526 0.982819
vt 0.79723 0.988044
vt 0.799162 0.988844
vt 0.797895 0.986891
vt 0.798836 0.985951
vt 0.798959 0.990386
vt 0.796885 0.989329
vt 0.796885 0.990659
vt 0.800109 0.98761
vt 0.799988 0.985285
vt 0.801273 0.984941
vt 0.801546 0.987014
vt 0.802604 0.984941
vt 0.799554 0.991824
vt 0.79723 0.991944
vt 0.797895 0.993097
vt 0.803089 0.987217
vt 0.803889 0.985285
vt 0.805041 0.985951
vt 0.800788 0.992771
vt 0.798836 0.994038
vt 0.799988 0.994703
vt 0.804323 0.988164
vt 0.805982 0.986891
vt 0.806647 0.988044
vt 0.802327 0.992974
vt 0.801273 0.995047
vt 0.802604 0.995047
vt 0.804918 0.989602
vt 0.806992 0.989329
vt 0.806992 0.990659
vt 0.803765 0.99238
vt 0.804715 0.991144
vt 0.806647 0.991944
vt 0.805982 0.993097
vt 0.803889 0.994703
vt 0.805041 0.994038
vt 0.451293 0.910576
vt 0.436107 0.930366
vt 0.455898 0.91518
vt 0.445654 0.907319
vt 0.459154 0.92082
vt 0.439363 0.905634
vt 0.460839 0.92711
vt 0.432851 0.905634
vt 0.460839 0.933622
vt 0.426561 0.907319
vt 0.459154 0.939913
vt 0.420921 0.910575
vt 0.455898 0.945552
vt 0.416316 0.91518
vt 0.451293 0.950157
vt 0.41306 0.92082
vt 0.445653 0.953413
vt 0.411375 0.92711
vt 0.439363 0.955099
vt 0.411375 0.933622
vt 0.432851 0.955099
vt 0.41306 0.939913
vt 0.42656 0.953413
vt 0.416316 0.945552
vt 0.420921 0.950157
vt 0.325762 0.777461
vt 0.320706 0.77975
vt 0.323462 0.780891
vt 0.326444 0.780891
vt 0.322649 0.776842
vt 0.318597 0.777641
vt 0.317455 0.774885
vt 0.328401 0.775698
vt 0.320885 0.774203
vt 0.317455 0.771902
vt 0.318597 0.769146
vt 0.321505 0.771089
vt 0.320706 0.767037
vt 0.3292 0.77975
vt 0.331309 0.777641
vt 0.332451 0.774885
vt 0.324144 0.769326
vt 0.323462 0.765896
vt 0.326444 0.765896
vt 0.329021 0.772584
vt 0.332451 0.771902
vt 0.331309 0.769146
vt 0.327257 0.769945
vt 0.3292 0.767037
vt 0.96128 0.975421
vt 0.955877 0.97664
vt 0.958405 0.979167
vt 0.9615 0.980955
vt 0.958453 0.971737
vt 0.965569 0.977198
vt 0.964953 0.98188
vt 0.968527 0.98188
vt 0.95409 0.973544
vt 0.953165 0.970092
vt 0.953165 0.966517
vt 0.970173 0.976592
vt 0.97198 0.980955
vt 0.975075 0.979167
vt 0.957847 0.967134
vt 0.95409 0.963065
vt 0.955877 0.959969
vt 0.973857 0.973765
vt 0.977603 0.97664
vt 0.97939 0.973544
vt 0.975633 0.969475
vt 0.980315 0.970092
vt 0.959624 0.962844
vt 0.958405 0.957442
vt 0.9615 0.955655
vt 0.975027 0.964872
vt 0.980315 0.966517
vt 0.97939 0.963065
vt 0.963307 0.960017
vt 0.964953 0.954729
vt 0.968527 0.954729
vt 0.972201 0.961188
vt 0.977603 0.959969
vt 0.975075 0.957442
vt 0.967911 0.959411
vt 0.97198 0.955654
vt 0.36438 0.984004
vt 0.363283 0.989519
vt 0.365319 0.987483
vt 0.366758 0.984989
vt 0.361716 0.987477
vt 0.360789 0.990958
vt 0.358008 0.991704
vt 0.364952 0.979665
vt 0.367503 0.982208
vt 0.367503 0.979329
vt 0.357672 0.989152
vt 0.355129 0.991704
vt 0.352348 0.990958
vt 0.363277 0.975621
vt 0.353333 0.988581
vt 0.349854 0.989519
vt 0.347818 0.987483
vt 0.34986 0.985916
vt 0.346379 0.984989
vt 0.366758 0.976548
vt 0.365319 0.974054
vt 0.363283 0.972019
vt 0.348185 0.981872
vt 0.345634 0.982208
vt 0.345634 0.979329
vt 0.359804 0.972957
vt 0.360789 0.970579
vt 0.358008 0.969834
vt 0.348757 0.977533
vt 0.346379 0.976548
vt 0.347818 0.974054
vt 0.355465 0.972385
vt 0.355129 0.969834
vt 0.352348 0.970579
vt 0.351421 0.97406
vt 0.349854 0.972019
vt 0.408045 0.955654
vt 0.412181 0.959921
vt 0.411497 0.954729
vt 0.415072 0.954729
vt 0.408137 0.961596
vt 0.404949 0.957441
vt 0.402422 0.959969
vt 0.41652 0.960492
vt 0.418524 0.955654
vt 0.42162 0.957441
vt 0.405473 0.965068
vt 0.400634 0.963064
vt 0.399709 0.966517
vt 0.404901 0.969407
vt 0.399709 0.970091
vt 0.419993 0.963156
vt 0.424147 0.959969
vt 0.425935 0.963064
vt 0.406576 0.973451
vt 0.400634 0.973544
vt 0.402422 0.976639
vt 0.421668 0.9672
vt 0.410049 0.976116
vt 0.404949 0.979167
vt 0.408045 0.980954
vt 0.42686 0.966517
vt 0.42686 0.970091
vt 0.425935 0.973544
vt 0.414388 0.976687
vt 0.411497 0.981879
vt 0.415072 0.981879
vt 0.421096 0.97154
vt 0.424147 0.976639
vt 0.42162 0.979167
vt 0.418432 0.975012
vt 0.418524 0.980954
vt 0.549277 0.783977
vt 0.550321 0.78573
vt 0.550739 0.78417
vt 0.549277 0.782747
vt 0.548958 0.785165
vt 0.550739 0.782555
vt 0.549514 0.787128
vt 0.548958 0.781559
vt 0.548343 0.78623
vt 0.550321 0.780995
vt 0.548371 0.78827
vt 0.548343 0.780494
vt 0.547474 0.7871
vt 0.549514 0.779596
vt 0.546973 0.789078
vt 0.547474 0.779624
vt 0.546408 0.787715
vt 0.548371 0.778454
vt 0.545413 0.789496
vt 0.546408 0.779009
vt 0.54522 0.788033
vt 0.546973 0.777647
vt 0.543798 0.789496
vt 0.54522 0.778691
vt 0.54399 0.788033
vt 0.545413 0.777228
vt 0.542238 0.789078
vt 0.54399 0.778691
vt 0.542802 0.787715
vt 0.543798 0.777228
vt 0.540839 0.78827
vt 0.542802 0.779009
vt 0.541737 0.7871
vt 0.542238 0.777647
vt 0.539697 0.787128
vt 0.541737 0.779624
vt 0.540867 0.78623
vt 0.540839 0.778454
vt 0.53889 0.78573
vt 0.540867 0.780494
vt 0.540252 0.785165
vt 0.539697 0.779596
vt 0.538472 0.78417
vt 0.540252 0.781559
vt 0.539934 0.783977
vt 0.53889 0.780995
vt 0.538472 0.782555
vt 0.539934 0.782747
vt 0.394454 0.921112
vt 0.403241 0.924461
vt 0.399204 0.917467
vt 0.39771 0.926752
vt 0.389849 0.916507
vt 0.405331 0.932261
vt 0.393493 0.911758
vt 0.399395 0.933042
vt 0.384209 0.913251
vt 0.405331 0.940336
vt 0.3865 0.90772
vt 0.399395 0.939554
vt 0.377919 0.911566
vt 0.403241 0.948136
vt 0.3787 0.90563
vt 0.39771 0.945845
vt 0.371406 0.911566
vt 0.399204 0.955129
vt 0.370625 0.90563
vt 0.394454 0.951484
vt 0.365116 0.913251
vt 0.393494 0.960839
vt 0.362825 0.90772
vt 0.389849 0.956089
vt 0.359477 0.916508
vt 0.386501 0.964877
vt 0.355832 0.911758
vt 0.384209 0.959345
vt 0.354872 0.921112
vt 0.3787 0.966967
vt 0.350122 0.917468
vt 0.377919 0.961031
vt 0.351616 0.926752
vt 0.370625 0.966967
vt 0.346084 0.924461
vt 0.371407 0.961031
vt 0.34993 0.933042
vt 0.362825 0.964877
vt 0.343994 0.932261
vt 0.365116 0.959345
vt 0.34993 0.939554
vt 0.355832 0.960839
vt 0.343994 0.940336
vt 0.359477 0.956089
vt 0.351616 0.945845
vt 0.350122 0.955129
vt 0.346084 0.948136
vt 0.354872 0.951484
vt 0.278982 0.803618
vt 0.291931 0.77159
vt 0.282325 0.769679
vt 0.282031 0.804224
vt 0.275873 0.803618
vt 0.300979 0.775338
vt 0.27253 0.769679
vt 0.284903 0.805414
vt 0.272824 0.804224
vt 0.309123 0.780779
vt 0.262924 0.77159
vt 0.287488 0.807141
vt 0.269952 0.805414
vt 0.316049 0.787705
vt 0.253876 0.775338
vt 0.289687 0.80934
vt 0.267367 0.807141
vt 0.32149 0.795848
vt 0.245732 0.780779
vt 0.291414 0.811924
vt 0.265169 0.80934
vt 0.325238 0.804897
vt 0.238806 0.787705
vt 0.292604 0.814797
vt 0.263441 0.811925
vt 0.327149 0.814503
vt 0.233365 0.795848
vt 0.29321 0.817846
vt 0.262252 0.814797
vt 0.327149 0.824297
vt 0.229617 0.804897
vt 0.29321 0.820955
vt 0.261645 0.817846
vt 0.325238 0.833903
vt 0.227706 0.814503
vt 0.292604 0.824004
vt 0.261645 0.820955
vt 0.32149 0.842952
vt 0.227706 0.824297
vt 0.291414 0.826876
vt 0.262252 0.824004
vt 0.316049 0.851096
vt 0.229617 0.833904
vt 0.289687 0.829461
vt 0.263441 0.826876
vt 0.309123 0.858022
vt 0.233365 0.842952
vt 0.287488 0.831659
vt 0.265169 0.829461
vt 0.30098 0.863463
vt 0.238806 0.851096
vt 0.284903 0.833387
vt 0.267367 0.831659
vt 0.291931 0.867211
vt 0.245732 0.858022
vt 0.282031 0.834576
vt 0.269952 0.833387
vt 0.282325 0.869122
vt 0.253876 0.863463
vt 0.278982 0.835183
vt 0.272824 0.834576
vt 0.27253 0.869122
vt 0.262924 0.867211
vt 0.275873 0.835183
vn 0 -0.3013999 0.9534978
vn 0 -0.3013999 0.9534978
vn 0 -0.3013981 0.9534984
vn 0 -0.3013999 0.9534978
vn 0 -0.3013999 0.9534978
vn 0 -0.3013999 0.9534978
vn 0 -0.3013999 0.9534978
vn 0 -0.3013999 0.9534978
vn 0 -0.3013999 0.9534978
vn 0 -0.3013999 0.9534978
vn 0 -0.3013999 0.9534978
vn 0 -0.3014051 0.9534961
vn 0 -0.3013999 0.9534978
vn 0 -0.3013999 0.9534978
vn 0 -0.3013999 0.9534978
vn -0.3046639 0.4391829 0.8451617
vn -0.3046639 0.4391829 0.8451617
vn -0.3046639 0.4391829 0.8451617
vn -0.304664 0.8451632 -0.43918
vn -0.304664 0.8451632 -0.43918
vn -0.304664 0.8451632 -0.43918
vn 0.3560269 0 0.9344757
vn 0 -0.3560269 0.9344757
vn 0 0 1
vn 0.3361939 -0.3361939 0.8797427
vn 0.7071072 0 0.7071062
vn 0 -0.7071068 0.7071068
vn 0.6709489 -0.315684 0.670948
vn 0.934476 0 0.356026
vn 0.315684 -0.6709489 0.670948
vn 0.879743 -0.336194 0.336193
vn 1 0 0
vn 0.3361939 -0.8797427 0.3361939
vn 0 -0.9344757 0.3560269
vn 0.5773503 -0.5773503 0.5773503
vn 0.6709489 -0.670948 0.315684
vn 0.9344757 -0.3560269 0
vn 0.9344757 0 -0.3560269
vn 0.3560269 -0.9344757 0
vn 0 -1 0
vn 0.7071068 -0.7071068 0
vn 0.8797433 -0.3361931 -0.3361931
vn 0.7071068 0 -0.7071068
vn 0.336194 -0.879743 -0.336193
vn 0 -0.9344757 -0.3560269
vn 0.6709489 -0.670948 -0.315684
vn 0.6709489 -0.315684 -0.670948
vn 0.3560269 0 -0.9344757
vn 0.315684 -0.6709489 -0.670948
vn 0 -0.7071068 -0.7071068
vn 0 -0.3560269 -0.9344757
vn 0.5773503 -0.5773503 -0.5773503
vn 0.3361939 -0.3361939 -0.8797427
vn 0 0 -1
vn -0.3560269 0 0.9344757
vn 0 0.3560269 0.9344757
vn 0 0 1
vn -0.3361939 0.3361939 0.8797427
vn -0.7071072 0 0.7071062
vn 0 0.7071068 0.7071068
vn -0.6709489 0.315684 0.670948
vn -0.9344757 0 0.3560269
vn -0.315684 0.6709489 0.670948
vn -0.8797433 0.3361931 0.3361931
vn -1 0 0
vn -0.336194 0.879743 0.336193
vn 0 0.9344757 0.3560269
vn -0.5773503 0.5773503 0.5773503
vn -0.6709485 0.6709485 0.3156838
vn -0.9344757 0.3560269 0
vn -0.9344757 0 -0.3560269
vn -0.3560269 0.9344757 0
vn 0 1 0
vn -0.7071068 0.7071068 0
vn -0.879743 0.336194 -0.336193
vn -0.7071068 0 -0.7071068
vn -0.3361939 0.8797427 -0.3361939
vn 0 0.9344757 -0.3560269
vn -0.6709489 0.670948 -0.315684
vn -0.6709489 0.315684 -0.670948
vn -0.3560269 0 -0.9344757
vn -0.315684 0.6709489 -0.670948
vn 0 0.7071068 -0.7071068
vn 0 0.3560269 -0.9344757
vn -0.5773503 0.5773503 -0.5773503
vn -0.3361939 0.3361939 -0.8797427
vn 0 0 -1
vn -0.3560269 0 -0.9344757
vn 0 -0.3560269 -0.9344757
vn 0 0 -1
vn -0.3361939 -0.3361939 -0.8797427
vn -0.7071068 0 -0.7071068
vn 0 -0.7071068 -0.7071068
vn -0.6709489 -0.315684 -0.670948
vn -0.9344757 0 -0.3560269
vn -0.315684 -0.6709489 -0.670948
vn -0.8797433 -0.3361931 -0.3361931
vn -1 0 0
vn -0.3361939 -0.8797427 -0.3361939
vn 0 -0.9344757 -0.3560269
vn -0.57735 -0.5773509 -0.57735
vn -0.6709489 -0.670948 -0.315684
vn -0.9344757 -0.3560269 0
vn -0.9344757 0 0.3560269
vn -0.3560269 -0.9344757 0
vn 0 -1 0
vn -0.7071068 -0.7071068 0
vn -0.8797433 -0.3361931 0.3361931
vn -0.7071072 0 0.7071062
vn -0.3361939 -0.8797427 0.3361939
vn 0 -0.9344757 0.3560269
vn -0.6709485 -0.6709485 0.3156838
vn -0.6709489 -0.315684 0.670948
vn -0.3560269 0 0.9344757
vn -0.315684 -0.6709489 0.670948
vn 0 -0.7071068 0.7071068
vn 0 -0.3560269 0.9344757
vn -0.5773503 -0.5773503 0.5773503
vn -0.3361939 -0.3361939 0.8797427
vn 0 0 1
vn 0.3560269 0 -0.9344757
vn 0 0.3560269 -0.9344757
vn 0 0 -1
vn 0.3361939 0.3361939 -0.8797427
vn 0.7071068 0 -0.7071068
vn 0 0.7071068 -0.7071068
vn 0.6709489 0.315684 -0.670948
vn 0.9344757 0 -0.3560269
vn 0.315684 0.6709489 -0.670948
vn 0.8797433 0.3361931 -0.3361931
vn 1 0 0
vn 0.336194 0.879743 -0.336193
vn 0 0.9344757 -0.3560269
vn 0.5773503 0.5773503 -0.5773503
vn 0.6709489 0.670948 -0.315684
vn 0.934476 0.356026 0
vn 0.934476 0 0.356026
vn 0.3560269 0.9344757 0
vn 0 1 0
vn 0.7071068 0.7071068 0
vn 0.8797433 0.3361931 0.3361931
vn 0.7071072 0 0.7071062
vn 0.336194 0.879743 0.336193
vn 0 0.9344757 0.3560269
vn 0.6709489 0.670948 0.315684
vn 0.6709489 0.315684 0.670948
vn 0.3560269 0 0.9344757
vn 0.315684 0.6709489 0.670948
vn 0 0.7071068 0.7071068
vn 0 0.3560269 0.9344757
vn 0.5773503 0.5773503 0.5773503
vn 0.3361939 0.3361939 0.8797427
vn 0 0 1
vn -0.2364111 -0.9613723 -0.140972
vn 0 -0.9887429 -0.149624
vn 0 -0.9887429 -0.149624
vn -0.2364111 -0.9613723 -0.140972
vn -0.4590822 -0.8808513 -0.115519
vn -0.4590822 -0.8808513 -0.115519
vn -0.6550727 -0.7518597 -0.07474497
vn -0.6550727 -0.7518597 -0.07474497
vn -0.8129938 -0.5818928 -0.02101899
vn -0.8129938 -0.5818928 -0.02101899
vn -0.9236661 -0.38083 0.04253701
vn -0.9236661 -0.38083 0.04253701
vn -0.9806583 -0.1603561 0.112229
vn -0.9806583 -0.1603561 0.112229
vn -0.9806583 0.06671602 0.1840061
vn -0.9806583 0.06671602 0.1840061
vn -0.9236662 0.28719 0.2536981
vn -0.9236662 0.28719 0.2536981
vn -0.8129939 0.4882529 0.3172539
vn -0.8129939 0.4882529 0.3172539
vn -0.6550729 0.6582199 0.3709799
vn -0.6550729 0.6582199 0.3709799
vn -0.4590817 0.7872115 0.4117548
vn -0.4590821 0.7872112 0.4117551
vn -0.23641 0.8677329 0.437207
vn -0.23641 0.8677329 0.437207
vn 0 0.8951032 0.4458591
vn 0 0.8951032 0.4458591
vn 0.2364111 0.8677324 0.4372072
vn 0.2364111 0.8677324 0.4372072
vn 0.4590823 0.7872115 0.4117543
vn 0.4590823 0.7872115 0.4117543
vn 0.6550733 0.6582193 0.3709802
vn 0.6550733 0.6582193 0.3709802
vn 0.8129939 0.4882529 0.3172539
vn 0.8129939 0.4882529 0.3172539
vn 0.9236662 0.28719 0.2536981
vn 0.9236662 0.28719 0.2536981
vn 0.9806584 0.06671503 0.1840061
vn 0.9806584 0.06671503 0.1840061
vn 0.9806581 -0.160357 0.112229
vn 0.9806581 -0.160357 0.112229
vn 0.9236658 -0.3808309 0.04253699
vn 0.9236658 -0.3808309 0.04253699
vn 0.812993 -0.581894 -0.021019
vn 0.812993 -0.581894 -0.021019
vn 0.6550721 -0.7518601 -0.07474501
vn 0.6550721 -0.7518601 -0.07474501
vn 0.4590809 -0.8808519 -0.115519
vn 0.4590809 -0.8808519 -0.115519
vn 0.2364099 -0.9613726 -0.1409719
vn 0.2364099 -0.9613726 -0.1409719
vn 0 -0.9887429 -0.149624
vn 0 -0.9887429 -0.149624
vn 0 -0.3013999 0.9534978
vn 0 -0.3014021 0.9534972
vn 0 -0.3013991 0.9534982
vn 0 -0.3013991 0.9534982
vn 0 -0.3013999 0.9534978
vn 0 -0.3013999 0.9534978
vn 0 -0.3013999 0.9534978
vn 0 -0.3013999 0.9534978
vn 0 -0.3013981 0.9534984
vn 0 -0.3013991 0.9534982
vn 0 -0.3013999 0.9534978
vn 0 -0.3013999 0.9534978
vn 0 -0.3013991 0.9534982
vn 0 -0.3014011 0.9534974
vn 0 -0.3013981 0.9534984
vn 0 -0.3013999 0.9534978
vn 0 -0.3013999 0.9534978
vn 0 -0.3013981 0.9534984
vn 0 -0.3013999 0.9534978
vn 0 -0.3013999 0.9534978
vn 0 -0.3014021 0.9534972
vn 0 -0.3013939 0.9534997
vn 0 -0.3014011 0.9534974
vn 0 -0.3013981 0.9534984
vn 0 -0.3013999 0.9534978
vn -0.38648 0.04399399 -0.9212479
vn -0.9195829 0.018741 -0.3924489
vn -0.3782652 0.04415603 -0.9246436
vn -0.9278151 0.017794 -0.372616
vn -0.9278151 -0.017794 0.372616
vn -0.9195825 -0.01874099 0.3924498
vn -0.38648 -0.04399399 0.9212479
vn -0.3782661 -0.04415601 0.9246432
vn 0.3782649 -0.04415599 0.9246437
vn 0.3864791 -0.04399401 0.9212483
vn 0.9278151 -0.017794 0.372616
vn 0.9195824 -0.01874101 0.3924502
vn 0.9195825 0.01874099 -0.3924498
vn 0.9278151 0.017794 -0.372616
vn 0.3782649 0.04415599 -0.9246437
vn 0.3864791 0.04399401 -0.9212483
vn -0.3782652 0.04415603 -0.9246436
vn -0.38648 0.04399399 -0.9212479
vn 0 -0.843001 -0.537912
vn 0 -0.6750531 -0.7377692
vn 0 -0.6750531 -0.7377692
vn 0 -0.8430005 -0.5379127
vn 0 -0.9534975 -0.3014008
vn 0 -0.9534975 -0.3014008
vn 0 -0.9990162 -0.04434701
vn 0 -0.9990162 -0.04434701
vn 0 -0.9764531 0.21573
vn 0 -0.9764531 0.21573
vn 0 -0.8873464 0.4611032
vn 0 -0.8873464 0.4611032
vn 0 -0.7377682 0.6750541
vn 0 -0.7377682 0.6750541
vn 0 -0.5379139 0.8429998
vn 0 -0.5379139 0.8429998
vn 0 -0.3014008 0.9534975
vn 0 -0.3014008 0.9534975
vn 0 -0.04434501 0.9990163
vn 0 -0.04434501 0.9990163
vn 0 0.2157291 0.9764533
vn 0 0.2157291 0.9764533
vn 0 0.461104 0.8873461
vn 0 0.461104 0.8873461
vn 0 0.6750541 0.7377682
vn 0 0.6750541 0.7377682
vn 0 0.8430003 0.5379133
vn 0 0.8430003 0.5379133
vn 0 0.9534978 0.3013999
vn 0 0.9534978 0.3013999
vn 0 0.9990162 0.04434701
vn 0 0.9990162 0.04434701
vn 0 0.9764533 -0.2157291
vn 0 0.9764533 -0.2157291
vn 0 0.8873461 -0.461104
vn 0 0.8873461 -0.461104
vn 0 0.7377677 -0.6750548
vn 0 0.7377677 -0.6750548
vn 0 0.537912 -0.843001
vn 0 0.537912 -0.843001
vn 0 0.3014008 -0.9534975
vn 0 0.3014008 -0.9534975
vn 0 0.04434801 -0.9990162
vn 0 0.04434801 -0.9990162
vn 0 -0.21573 -0.9764531
vn 0 -0.21573 -0.9764531
vn 0 -0.4611021 -0.8873472
vn 0 -0.4611021 -0.8873472
vn 0 -0.6750531 -0.7377692
vn 0 -0.6750531 -0.7377692
vn 0 -0.4611028 -0.8873467
vn 0 0.04434601 -0.9990163
vn 0 -0.4611032 -0.8873464
vn 0 0.04434601 -0.9990163
vn 0 0.537912 -0.843001
vn 0 0.537912 -0.843001
vn 0 0.8873467 -0.4611028
vn 0 0.8873467 -0.4611028
vn 0 0.9990162 0.04434701
vn 0 0.9990162 0.04434701
vn 0 0.843001 0.537912
vn 0 0.843001 0.537912
vn 0 0.4611049 0.8873457
vn 0 0.4611049 0.8873457
vn 0 -0.04434501 0.9990163
vn 0 -0.04434501 0.9990163
vn 0 -0.5379139 0.8429998
vn 0 -0.5379139 0.8429998
vn 0 -0.8873461 0.461104
vn 0 -0.8873461 0.461104
vn 0 -0.9990163 -0.04434601
vn 0 -0.9990163 -0.04434601
vn 0 -0.8430003 -0.5379133
vn 0 -0.8430003 -0.5379133
vn 0 -0.4611032 -0.8873464
vn 0 -0.4611028 -0.8873467
vn 0 -0.4611008 -0.8873477
vn 0 -0.2157281 -0.9764534
vn 0 -0.4611008 -0.8873477
vn 0 -0.2157281 -0.9764534
vn 0 0.04434601 -0.9990163
vn 0 0.04434601 -0.9990163
vn 0 0.3013981 -0.9534984
vn 0 0.3013981 -0.9534984
vn 0 0.5379133 -0.8430003
vn 0 0.5379133 -0.8430003
vn 0 0.7377692 -0.6750531
vn 0 0.7377692 -0.6750531
vn 0 0.8873467 -0.4611028
vn 0 0.8873467 -0.4611028
vn 0 0.9764529 -0.215731
vn 0 0.9764529 -0.215731
vn 0 0.9990163 0.04434501
vn 0 0.9990163 0.04434501
vn 0 0.9534972 0.3014021
vn 0 0.9534972 0.3014021
vn 0 0.8430003 0.5379133
vn 0 0.8430003 0.5379133
vn 0 0.6750548 0.7377677
vn 0 0.6750548 0.7377677
vn 0 0.4611021 0.8873472
vn 0 0.4611021 0.8873472
vn 0 0.2157291 0.9764533
vn 0 0.2157291 0.9764533
vn 0 -0.04434701 0.9990162
vn 0 -0.04434701 0.9990162
vn 0 -0.3013999 0.9534978
vn 0 -0.3013999 0.9534978
vn 0 -0.537912 0.843001
vn 0 -0.537912 0.843001
vn 0 -0.7377687 0.6750537
vn 0 -0.7377687 0.6750537
vn 0 -0.8873467 0.4611028
vn 0 -0.8873467 0.4611028
vn 0 -0.9764531 0.21573
vn 0 -0.9764531 0.21573
vn 0 -0.9990163 -0.04434402
vn 0 -0.9990163 -0.04434402
vn 0 -0.9534972 -0.3014021
vn 0 -0.9534972 -0.3014021
vn 0 -0.8430003 -0.5379133
vn 0 -0.8430003 -0.5379133
vn 0 -0.6750548 -0.7377677
vn 0 -0.6750548 -0.7377677
vn 0 -0.4611008 -0.8873477
vn 0 -0.4611008 -0.8873477
vn -0.2241741 -0.6578724 -0.7189924
vn 0 -0.9534969 -0.301403
vn 0 -0.6750521 -0.7377701
vn -0.2241751 -0.9292293 -0.293732
vn 0 -0.9764534 0.2157279
vn -1 0 0
vn -0.224175 -0.951602 0.210236
vn 0 -0.7377701 0.6750521
vn -0.2241749 -0.7189927 0.6578717
vn 0 -0.3014011 0.9534974
vn -0.224175 -0.29373 0.9292299
vn -0.224176 0.21024 0.9516008
vn 0 0.21573 0.9764531
vn 0 0.6750521 0.7377701
vn -0.2241751 0.6578732 0.7189912
vn 0 0.9534972 0.3014021
vn -0.2241751 0.9292302 0.2937291
vn 0 0.9764531 -0.21573
vn -0.2241751 0.9516015 -0.2102381
vn 0 0.7377696 -0.6750526
vn -0.224174 0.7189919 -0.6578729
vn 0 0.3014011 -0.9534974
vn -0.224175 0.29373 -0.9292299
vn 0 -0.2157291 -0.9764533
vn -0.224175 -0.21024 -0.9516011
vn -0.2241741 -0.6578724 -0.7189924
vn 0 -0.6750521 -0.7377701
vn 0 -0.9534982 -0.3013991
vn 0 -0.8763765 -0.4816267
vn 0 -0.8763765 -0.4816267
vn 0 -0.9534982 -0.3013991
vn 0 -0.9939768 -0.109591
vn 0 -0.9939768 -0.109591
vn 0 -0.9962579 0.08642999
vn 0 -0.9962579 0.08642999
vn 0 -0.9602534 0.2791301
vn 0 -0.9602534 0.2791301
vn 0 -0.8873464 0.4611032
vn 0 -0.8873464 0.4611032
vn 0 -0.7803393 0.6253563
vn 0 -0.7803398 0.6253558
vn 0 -0.6433452 0.7655762
vn 0 -0.6433452 0.7655762
vn 0 -0.4816271 0.8763763
vn 0 -0.4816271 0.8763763
vn 0 -0.3014008 0.9534975
vn 0 -0.3014008 0.9534975
vn 0 -0.109591 0.9939768
vn 0 -0.109591 0.9939768
vn 0 0.08642999 0.9962579
vn 0 0.086429 0.996258
vn 0 0.2791289 0.9602537
vn 0 0.2791289 0.9602537
vn 0 0.4611021 0.8873472
vn 0 0.4611021 0.8873472
vn 0 0.6253547 0.7803406
vn 0 0.6253547 0.7803406
vn 0 0.7655758 0.6433458
vn 0 0.7655758 0.6433458
vn 0 0.8763758 0.4816279
vn 0 0.8763758 0.4816279
vn 0 0.9534974 0.3014011
vn 0 0.9534974 0.3014011
vn 0 0.9939768 0.109591
vn 0 0.9939768 0.109591
vn 0 0.9962579 -0.08642999
vn 0 0.9962579 -0.08642999
vn 0 0.9602537 -0.2791289
vn 0 0.9602535 -0.2791291
vn 0 0.8873467 -0.4611028
vn 0 0.8873467 -0.4611028
vn 0 0.7803403 -0.6253552
vn 0 0.7803398 -0.6253558
vn 0 0.6433452 -0.7655762
vn 0 0.6433452 -0.7655762
vn 0 0.4816279 -0.8763758
vn 0 0.4816279 -0.8763758
vn 0 0.3013999 -0.9534978
vn 0 0.3013999 -0.9534978
vn 0 0.109589 -0.993977
vn 0 0.109589 -0.993977
vn 0 -0.08642999 -0.9962579
vn 0 -0.08642999 -0.9962579
vn 0 -0.2791291 -0.9602535
vn 0 -0.2791301 -0.9602534
vn 0 -0.4611028 -0.8873467
vn 0 -0.4611028 -0.8873467
vn 0 -0.6253558 -0.7803398
vn 0 -0.6253558 -0.7803398
vn 0 -0.7655767 -0.6433447
vn 0 -0.7655767 -0.6433447
vn 0 -0.8763765 -0.4816267
vn 0 -0.8763765 -0.4816267
vn -0.8073211 -0.5171601 -0.2842151
vn -0.9867136 -0.1549141 -0.04896803
vn -0.9867135 -0.1423849 -0.07824995
vn -0.807321 -0.562671 -0.17786
vn -0.9867135 -0.1614911 -0.01780501
vn -0.2129409 -0.8562767 -0.4705808
vn -0.8073211 -0.586558 -0.06467101
vn -0.9867135 -0.1618619 0.01404199
vn -0.2129399 -0.9316298 -0.2944869
vn 0 -0.8763763 -0.4816271
vn 0 -0.9534982 -0.3013991
vn -0.212941 -0.97118 -0.107077
vn 0 -0.9939768 -0.10959
vn -0.8073212 -0.5879041 0.05100401
vn -0.9867135 -0.1560119 0.04534998
vn -0.212941 -0.9734088 0.08444798
vn 0 -0.9962579 0.08643098
vn -0.8073208 -0.5666578 0.164718
vn -0.9867135 -0.1441669 0.07491496
vn -0.2129401 -0.9382302 0.2727281
vn 0 -0.9602534 0.2791301
vn -0.8073207 -0.5236348 0.2721029
vn -0.9867135 -0.1267819 0.1016009
vn -0.2129411 -0.8669952 0.4505281
vn 0 -0.8873464 0.4611032
vn -0.8073209 -0.4604879 0.369031
vn -0.9867135 -0.104524 0.1243829
vn -0.212941 -0.7624421 0.6110141
vn 0 -0.7803389 0.6253569
vn -0.807321 -0.379646 0.451776
vn -0.9867135 -0.07824995 0.1423849
vn -0.212941 -0.6285899 0.748018
vn 0 -0.6433447 0.7655767
vn -0.8073209 -0.284214 0.517161
vn -0.9867135 -0.04896897 0.1549149
vn -0.21294 -0.4705809 0.8562769
vn 0 -0.4816267 0.8763765
vn -0.807321 -0.17786 0.562671
vn -0.9867135 -0.01780499 0.1614909
vn -0.2129401 -0.2944881 0.9316294
vn 0 -0.3013999 0.9534978
vn -0.8073211 -0.06467101 0.586558
vn -0.9867135 0.01404201 0.1618621
vn -0.212941 -0.107078 0.9711799
vn 0 -0.109591 0.9939768
vn -0.8073212 0.05100302 0.5879041
vn -0.9867135 0.04535002 0.1560121
vn -0.212941 0.08444798 0.9734088
vn 0 0.08642999 0.9962579
vn -0.8073214 0.1647171 0.5666573
vn -0.9867136 0.07491497 0.1441659
vn -0.2129411 0.2727271 0.9382303
vn 0 0.2791279 0.9602539
vn -0.8073209 0.272102 0.523635
vn -0.9867136 0.101601 0.126781
vn -0.2129399 0.4505258 0.8669966
vn 0 0.4611008 0.8873477
vn -0.8073208 0.3690299 0.4604889
vn -0.9867135 0.1243829 0.104524
vn -0.2129401 0.6110131 0.7624431
vn 0 0.6253563 0.7803393
vn -0.807321 0.451776 0.379646
vn -0.9867135 0.1423851 0.07825004
vn -0.212941 0.748018 0.6285899
vn 0 0.7655767 0.6433447
vn -0.8073221 0.517159 0.284214
vn -0.9867136 0.1549139 0.04896798
vn -0.212942 0.8562758 0.4705819
vn 0 0.8763758 0.4816279
vn -0.8073215 0.5626704 0.1778601
vn -0.9867135 0.1614909 0.01780499
vn -0.212942 0.9316289 0.294488
vn 0 0.9534975 0.3014008
vn -0.8073219 0.5865569 0.06467099
vn -0.9867136 0.1618609 -0.014042
vn -0.212942 0.9711798 0.107078
vn 0 0.9939768 0.109591
vn -0.8073212 0.5879041 -0.05100302
vn -0.9867135 0.1560121 -0.04535002
vn -0.212941 0.9734088 -0.08444798
vn 0 0.9962579 -0.08643098
vn -0.8073213 0.5666571 -0.164718
vn -0.9867135 0.1441669 -0.07491496
vn -0.2129411 0.9382303 -0.2727271
vn 0 0.9602534 -0.2791301
vn -0.8073213 0.5236342 -0.2721021
vn -0.9867135 0.1267811 -0.1016021
vn -0.2129409 0.8669958 -0.4505269
vn 0 0.8873472 -0.4611021
vn -0.8073202 0.4604891 -0.3690311
vn -0.9867135 0.104524 -0.1243829
vn -0.2129401 0.7624431 -0.6110131
vn 0 0.7803398 -0.6253558
vn -0.80732 0.379647 -0.451777
vn -0.9867136 0.07824997 -0.1423839
vn -0.2129389 0.6285908 -0.7480178
vn 0 0.6433452 -0.7655762
vn -0.8073213 0.2842141 -0.5171602
vn -0.9867135 0.04896798 -0.1549149
vn -0.2129409 0.4705808 -0.8562767
vn 0 0.481626 -0.8763769
vn -0.8073212 0.177859 -0.5626711
vn -0.9867135 0.01780499 -0.1614909
vn -0.2129409 0.2944869 -0.9316296
vn 0 0.3013991 -0.9534982
vn -0.8073202 0.06467102 -0.5865592
vn -0.9867135 -0.01404201 -0.1618621
vn -0.2129401 0.107077 -0.9711802
vn 0 0.109591 -0.9939768
vn -0.8073212 -0.05100302 -0.5879041
vn -0.9867135 -0.04535002 -0.1560121
vn -0.212941 -0.08444698 -0.9734089
vn 0 -0.08642999 -0.9962579
vn -0.8073213 -0.164718 -0.5666571
vn -0.9867136 -0.07491497 -0.1441659
vn -0.212941 -0.272728 -0.93823
vn 0 -0.279131 -0.960253
vn -0.8073211 -0.2721031 -0.5236341
vn -0.9867135 -0.101601 -0.1267821
vn -0.212942 -0.450528 -0.866995
vn 0 -0.4611032 -0.8873464
vn -0.8073209 -0.369031 -0.4604879
vn -0.9867135 -0.1243831 -0.1045251
vn -0.212941 -0.6110141 -0.7624421
vn 0 -0.6253558 -0.7803398
vn -0.8073208 -0.4517759 -0.3796469
vn -0.9867135 -0.1423849 -0.07824995
vn -0.8073211 -0.5171601 -0.2842151
vn -0.212941 -0.748018 -0.6285899
vn 0 -0.7655762 -0.6433452
vn -0.2129409 -0.8562767 -0.4705808
vn 0 -0.8763763 -0.4816271
vn -1 0 0
vn -1 0 0
vn -1 0 0
vn -1 0 0
vn -1 0 0
vn -1 0 0
vn -1 0 0
vn -1 0 0
vn -1 0 0
vn -1 0 0
vn -1 0 0
vn -1 0 0
vn -1 0 0
vn -1 0 0
vn -1 0 0
vn -1 0 0
vn -1 0 0
vn -1 0 0
vn -1 0 0
vn -1 0 0
vn -1 0 0
vn -1 0 0
vn -1 0 0
vn -1 0 0
vn -1 0 0
vn -1 0 0
vn -1 0 0
vn -1 0 0
vn -1 0 0
vn -1 0 0
vn -1 0 0
vn -1 0 0
vn -1 0 0
vn -1 0 0
vn -1 0 0
vn -1 0 0
vn -1 0 0
vn -1 0 0
vn -1 0 0
vn -1 0 0
vn -1 0 0
vn -1 0 0
vn -1 0 0
vn -1 0 0
vn -1 0 0
vn -1 0 0
vn -1 0 0
vn -1 0 0
vn -1 0 0
vn -1 0 0
vn -1 0 0
vn -1 0 0
vn -1 0 0
vn -1 0 0
vn -1 0 0
vn -1 0 0
vn -1 0 0
vn -1 0 0
vn -1 0 0
vn -1 0 0
vn -1 0 0
vn -1 0 0
vn -1 0 0
vn -1 0 0
vn -1 0 0
vn -1 0 0
vn 0 -0.8763769 -0.481626
vn 0 -0.9534978 -0.3013999
vn 0 -0.8763769 -0.481626
vn 0 -0.9534978 -0.3013999
vn 0 -0.9939768 -0.109591
vn 0 -0.9939768 -0.109591
vn 0 -0.9962579 0.08643098
vn 0 -0.9962579 0.08643098
vn 0 -0.9602534 0.2791301
vn 0 -0.960253 0.279131
vn 0 -0.8873464 0.4611032
vn 0 -0.8873464 0.4611032
vn 0 -0.7803398 0.6253558
vn 0 -0.7803398 0.6253558
vn 0 -0.6433458 0.7655758
vn 0 -0.6433452 0.7655762
vn 0 -0.4816279 0.8763758
vn 0 -0.4816271 0.8763763
vn 0 -0.3014011 0.9534974
vn 0 -0.3014011 0.9534974
vn 0 -0.109591 0.9939768
vn 0 -0.109591 0.9939768
vn 0 0.08642999 0.9962579
vn 0 0.08642999 0.9962579
vn 0 0.2791279 0.9602539
vn 0 0.2791279 0.9602539
vn 0 0.4611021 0.8873472
vn 0 0.4611021 0.8873472
vn 0 0.6253541 0.7803411
vn 0 0.6253541 0.7803411
vn 0 0.7655753 0.6433463
vn 0 0.7655753 0.6433463
vn 0 0.8763763 0.4816271
vn 0 0.8763763 0.4816271
vn 0 0.9534974 0.3014011
vn 0 0.9534974 0.3014011
vn 0 0.9939768 0.109591
vn 0 0.9939768 0.109591
vn 0 0.9962579 -0.08643098
vn 0 0.9962579 -0.08643098
vn 0 0.9602537 -0.2791289
vn 0 0.9602537 -0.2791289
vn 0 0.8873472 -0.4611021
vn 0 0.8873472 -0.4611021
vn 0 0.7803403 -0.6253552
vn 0 0.7803403 -0.6253552
vn 0 0.6433452 -0.7655762
vn 0 0.6433452 -0.7655762
vn 0 0.4816279 -0.8763758
vn 0 0.4816279 -0.8763758
vn 0 0.3013999 -0.9534978
vn 0 0.3013999 -0.9534978
vn 0 0.10959 -0.9939768
vn 0 0.10959 -0.9939768
vn 0 -0.08642999 -0.9962579
vn 0 -0.08642999 -0.9962579
vn 0 -0.2791301 -0.9602534
vn 0 -0.2791291 -0.9602535
vn 0 -0.4611028 -0.8873467
vn 0 -0.4611028 -0.8873467
vn 0 -0.6253558 -0.7803398
vn 0 -0.6253558 -0.7803398
vn 0 -0.7655767 -0.6433447
vn 0 -0.7655767 -0.6433447
vn 0 -0.8763769 -0.481626
vn 0 -0.8763769 -0.481626
vn 0 0.8763763 0.4816271
vn 0 0.9534978 0.3013999
vn 0 0.8763763 0.4816271
vn 0 0.9534978 0.3013999
vn 0 0.9939768 0.109591
vn 0 0.9939768 0.109591
vn 0 0.9962579 -0.08642999
vn 0 0.9962579 -0.08642999
vn 0 0.9602528 -0.2791319
vn 0 0.9602528 -0.2791319
vn 0 0.8873461 -0.461104
vn 0 0.8873461 -0.461104
vn 0 0.7803398 -0.6253558
vn 0 0.7803398 -0.6253558
vn 0 0.6433458 -0.7655758
vn 0 0.6433458 -0.7655758
vn 0 0.4816271 -0.8763763
vn 0 0.4816271 -0.8763763
vn 0 0.3013999 -0.9534978
vn 0 0.3013999 -0.9534978
vn 0 0.109591 -0.9939768
vn 0 0.109591 -0.9939768
vn 0 -0.08642999 -0.9962579
vn 0 -0.08642999 -0.9962579
vn 0 -0.2791301 -0.9602534
vn 0 -0.2791301 -0.9602534
vn 0 -0.4611001 -0.8873482
vn 0 -0.4611001 -0.8873482
vn 0 -0.625353 -0.780342
vn 0 -0.625353 -0.780342
vn 0 -0.7655753 -0.6433463
vn 0 -0.7655753 -0.6433463
vn 0 -0.8763758 -0.4816279
vn 0 -0.8763758 -0.4816279
vn 0 -0.9534978 -0.3013999
vn 0 -0.9534978 -0.3013999
vn 0 -0.9939768 -0.109591
vn 0 -0.9939768 -0.109591
vn 0 -0.9962579 0.08642999
vn 0 -0.9962579 0.08642999
vn 0 -0.9602535 0.2791291
vn 0 -0.9602535 0.2791291
vn 0 -0.8873472 0.4611021
vn 0 -0.8873472 0.4611021
vn 0 -0.7803411 0.6253541
vn 0 -0.7803411 0.6253541
vn 0 -0.6433452 0.7655762
vn 0 -0.6433452 0.7655762
vn 0 -0.4816267 0.8763765
vn 0 -0.4816267 0.8763765
vn 0 -0.3014008 0.9534975
vn 0 -0.3014008 0.9534975
vn 0 -0.10959 0.9939768
vn 0 -0.10959 0.9939768
vn 0 0.08642999 0.9962579
vn 0 0.08642999 0.9962579
vn 0 0.2791319 0.9602528
vn 0 0.2791319 0.9602528
vn 0 0.4611032 0.8873464
vn 0 0.4611028 0.8873467
vn 0 0.6253552 0.7803403
vn 0 0.6253552 0.7803403
vn 0 0.7655762 0.6433452
vn 0 0.7655762 0.6433452
vn 0 0.8763763 0.4816271
vn 0 0.8763763 0.4816271
vn 1 0 0
vn 1 0 1.9E-05
vn 1 0 0
vn 1 0 0
vn 1 0 -4.3E-05
vn 1 0 0
vn 1 0 0
vn 1 0 0
vn 1 0 0
vn 1 0 0
vn 1 0 0
vn 1 0 0
vn 1 0 -2.8E-05
vn 1 0 0
vn 1 0 0
vn 1 0 -2.1E-05
vn 1 0 0
vn 1 0 0
vn 1 0 0
vn 1 0 0
vn 1 0 0
vn 1 0 0
vn 1 0 0
vn 1 0 0
vn 1 0 0
vn 1 0 0
vn 1 0 0
vn 1 0 0
vn 1 0 2.1E-05
vn 1 0 -5.5E-05
vn 1 0 0
vn 1 0 0
vn 0 -0.9962578 0.08643199
vn 0 -0.9534982 -0.3013991
vn 0 -0.9534982 -0.3013991
vn 0 -0.9962578 0.08643199
vn 0 -0.8873477 0.4611008
vn 0 -0.8873477 0.4611008
vn 0 -0.6433458 0.7655758
vn 0 -0.6433458 0.7655758
vn 0 -0.3013991 0.9534982
vn 0 -0.3013991 0.9534982
vn 0 0.08642999 0.9962579
vn 0 0.08642999 0.9962579
vn 0 0.4611021 0.8873472
vn 0 0.4611021 0.8873472
vn 0 0.7655771 0.6433441
vn 0 0.7655771 0.6433441
vn 0 0.9534978 0.3013999
vn 0 0.9534978 0.3013999
vn 0 0.9962578 -0.08643199
vn 0 0.9962578 -0.08643199
vn 0 0.8873464 -0.4611032
vn 0 0.8873464 -0.4611032
vn 0 0.6433458 -0.7655758
vn 0 0.6433458 -0.7655758
vn 0 0.3013991 -0.9534982
vn 0 0.3013991 -0.9534982
vn 0 -0.08642999 -0.9962579
vn 0 -0.08642999 -0.9962579
vn 0 -0.4611028 -0.8873467
vn 0 -0.4611028 -0.8873467
vn 0 -0.7655758 -0.6433458
vn 0 -0.7655758 -0.6433458
vn 0 -0.9534982 -0.3013991
vn 0 -0.9534982 -0.3013991
vn 0 -0.7655753 -0.6433463
vn 0 -0.9962583 0.08642602
vn 0 -0.7655753 -0.6433463
vn 0 -0.9962583 0.08642602
vn 0 -0.643349 0.765573
vn 0 -0.643349 0.765573
vn 0 0.08642703 0.9962583
vn 0 0.08642703 0.9962583
vn 0 0.7655748 0.6433468
vn 0 0.7655748 0.6433468
vn 0 0.9962583 -0.08642602
vn 0 0.9962583 -0.08642602
vn 0 0.6433479 -0.7655739
vn 0 0.6433479 -0.7655739
vn 0 -0.08642999 -0.9962579
vn 0 -0.08642999 -0.9962579
vn 0 -0.7655753 -0.6433463
vn 0 -0.7655753 -0.6433463
vn 1 0 0
vn 1 0 0
vn 1 0 0
vn 1 0 0
vn 1 0 0
vn 1 0 0
vn 1 0 0
vn 1 0 0
vn 0 -0.08643098 -0.9962579
vn 0 -0.7655762 -0.6433452
vn 0 -0.08643098 -0.9962579
vn 0 -0.7655762 -0.6433452
vn 0 -0.9962579 0.08642999
vn 0 -0.9962579 0.08642999
vn 0 -0.6433452 0.7655762
vn 0 -0.6433452 0.7655762
vn 0 0.08643098 0.9962579
vn 0 0.08643098 0.9962579
vn 0 0.7655767 0.6433447
vn 0 0.7655767 0.6433447
vn 0 0.9962579 -0.08643098
vn 0 0.9962579 -0.08643098
vn 0 0.6433447 -0.7655767
vn 0 0.6433447 -0.7655767
vn 0 -0.08643098 -0.9962579
vn 0 -0.08643098 -0.9962579
vn 0 -0.4611032 -0.8873464
vn 0 -0.9534978 -0.3013999
vn 0 -0.4611032 -0.8873464
vn 0 -0.9534978 -0.3013999
vn 0 -0.8873467 0.4611028
vn 0 -0.8873467 0.4611028
vn 0 -0.3013991 0.9534982
vn 0 -0.3013991 0.9534982
vn 0 0.4611021 0.8873472
vn 0 0.4611021 0.8873472
vn 0 0.9534978 0.3013999
vn 0 0.9534978 0.3013999
vn 0 0.8873467 -0.4611028
vn 0 0.8873467 -0.4611028
vn 0 0.3013999 -0.9534978
vn 0 0.3013999 -0.9534978
vn 0 -0.4611032 -0.8873464
vn 0 -0.4611032 -0.8873464
vn -0.12289 -0.9462713 -0.2991131
vn -0.8525246 -0.4983813 -0.1575371
vn -0.12289 -0.9462713 -0.2991131
vn -0.8525248 -0.4983809 -0.157537
vn -0.9401946 0.3247978 0.102667
vn -0.9401945 0.3247982 0.102667
vn -0.3198789 0.9033999 0.285563
vn -0.3198781 0.9034002 0.2855631
vn 0.5413131 0.8017212 0.2534231
vn 0.5413131 0.8017212 0.2534231
vn 0.9948835 0.09633105 0.03044901
vn 0.9948835 0.09633095 0.03044898
vn 0.6992877 -0.6815987 -0.2154529
vn 0.6992878 -0.6815988 -0.2154519
vn -0.12289 -0.9462713 -0.2991131
vn -0.12289 -0.9462713 -0.2991131
vn 0 -0.3014008 0.9534975
vn 0 -0.3014008 0.9534975
vn 0 -0.3014008 0.9534975
vn 0 -0.3014008 0.9534975
vn -1 0 0
vn -1 0 0
vn -1 0 0
vn -1 0 0
vn -1 0 0
vn -1 0 0
vn -1 0 0
vn -1 0 0
vn -1 0 0
vn -1 0 0
vn -1 0 0
vn 1 0 0
vn 1 0 0
vn 1 0 0
vn 1 0 0
vn 1 0 0
vn 1 0 0
vn 1 0 0
vn 1 0 0
vn 1 0 0
vn 1 0 0
vn 1 0 0
vn 0 0.9534982 0.3013991
vn 0 0.9534982 0.3013991
vn 0 0.9534982 0.3013991
vn 0 0.9534982 0.3013991
vn 0 0.8920392 0.4519581
vn 0 0.7382177 0.6745626
vn 0 0.8920392 0.4519581
vn 0 0.7382177 0.6745626
vn 0 0.126089 0.9920189
vn 0 0.126088 0.992019
vn 0 -0.6433441 0.7655771
vn 0 -0.6433458 0.7655758
vn 0 -0.9962579 0.08642999
vn 0 -0.9962579 0.08643098
vn 0 -0.9534975 -0.3014008
vn 0 -0.9534975 -0.3014008
vn 1 0 0
vn 1 0 0
vn 1 0 0
vn 1 0 0
vn 0 -0.3013999 0.9534978
vn 0 -0.3013999 0.9534978
vn 0 -0.3013999 0.9534978
vn 0 -0.3013999 0.9534978
vn -1 0 0
vn -1 0 0
vn -1 0 0
vn -1 0 0
vn 0 0.3013999 -0.9534978
vn 0 0.3013999 -0.9534978
vn 0 0.3013999 -0.9534978
vn 0 0.3013999 -0.9534978
vn 0 -0.9534978 -0.3013999
vn 0 -0.9534978 -0.3013999
vn 0 -0.9534978 -0.3013999
vn 0 -0.9534978 -0.3013999
vn 0 0.9534978 0.3013999
vn 0 0.9534978 0.3013999
vn 0 0.9534978 0.3013999
vn 0 0.9534978 0.3013999
vn 1 0 0
vn 1 0 0
vn 1 0 0
vn 1 0 0
vn 0 -0.9534978 -0.3013999
vn 0 -0.9534978 -0.3013999
vn 0 -0.9534978 -0.3013999
vn 0 -0.9534978 -0.3013999
vn 0 -0.3013999 0.9534978
vn 0 -0.3013999 0.9534978
vn 0 -0.3013999 0.9534978
vn 0 -0.3013999 0.9534978
vn -1 0 0
vn -1 0 0
vn -1 0 0
vn -1 0 0
vn 0 0.3013981 -0.9534984
vn 0 0.3013981 -0.9534984
vn 0 0.3013981 -0.9534984
vn 0 0.3014011 -0.9534974
vn 0 0.3013999 -0.9534978
vn 0 0.3013999 -0.9534978
vn 0 0.3013999 -0.9534978
vn 0 0.3013999 -0.9534978
vn 0 -0.9534978 -0.3013999
vn 0 -0.9534978 -0.3013999
vn 0 -0.9534978 -0.3013999
vn 0 -0.9534978 -0.3013999
vn 0 0.9534978 0.3013999
vn 0 0.9534978 0.3013999
vn 0 0.9534978 0.3013999
vn 0 0.9534978 0.3013999
vn 1 0 0
vn 1 0 0
vn 1 0 0
vn 1 0 0
vn 0 0.9534978 0.3013999
vn 0 0.9534978 0.3013999
vn 0 0.9534978 0.3013999
vn 0 0.9534978 0.3013999
vn 0 -0.9534978 -0.3013999
vn 0 -0.9534978 -0.3013999
vn 0 -0.9534978 -0.3013999
vn 0 -0.9534978 -0.3013999
vn 0 0.3013999 -0.9534978
vn 0 0.3013999 -0.9534978
vn 0 0.3013999 -0.9534978
vn 0 0.3013999 -0.9534978
vn 0 0.9534978 0.3013999
vn 0 0.9534978 0.3013999
vn 0 0.9534978 0.3013999
vn 0 0.9534978 0.3013999
vn 0 -0.3013999 0.9534978
vn 0 -0.3013999 0.9534978
vn 0 -0.3013999 0.9534978
vn 0 -0.3013999 0.9534978
vn 0 -0.9534978 -0.3013999
vn 0 -0.9534978 -0.3013999
vn 0 -0.9534978 -0.3013999
vn 0 -0.9534978 -0.3013999
vn 0 0.9534978 0.3013999
vn 0 0.9534978 0.3013999
vn 0 0.9534978 0.3013999
vn 0 0.9534978 0.3013999
vn 0 0.3013999 -0.9534978
vn 0 0.3013999 -0.9534978
vn 0 0.3013999 -0.9534978
vn 0 0.3013999 -0.9534978
vn 0 0.04434701 -0.9990162
vn 0 0.04434701 -0.9990162
vn 0 0.04434701 -0.9990162
vn 0 0.04434701 -0.9990162
vn 0 -0.8430003 -0.5379133
vn 0 -0.8430003 -0.5379133
vn 0 -0.8430003 -0.5379133
vn 0 -0.8430003 -0.5379133
vn 0 -0.4611028 -0.8873467
vn 0 -0.4611028 -0.8873467
vn 0 -0.4611028 -0.8873467
vn 0 -0.4611028 -0.8873467
vn 0 -0.9534978 -0.3013999
vn 0 -0.9534978 -0.3013999
vn 0 -0.9534978 -0.3013999
vn 0 -0.9534978 -0.3013999
vn 0 0.3013999 -0.9534978
vn 0 0.3013999 -0.9534978
vn 0 0.3013999 -0.9534978
vn 0 0.3013999 -0.9534978
vn 1 0 0
vn 0.9951138 0.09414298 0.02975999
vn 1 0 0
vn 0.9947824 0.09727503 0.03075001
vn 0.9650697 0.2498099 0.07896498
vn 0.9649599 0.250195 0.079087
vn 0.9604691 -0.265804 -0.08274901
vn 0.9592281 -0.269856 -0.08401901
vn 0.7274812 -0.6548662 -0.2047471
vn 0.7274812 -0.6548662 -0.2047471
vn 0 -0.3013999 0.9534978
vn 0 0.06811802 0.9976773
vn 0 -0.3013999 0.9534978
vn 0 0.020486 0.9997901
vn 0 0.2360191 0.9717485
vn 0 0.212339 0.9771961
vn -0.004715998 -0.3049159 0.9523676
vn -0.005242999 -0.3200569 0.9473838
vn -0.009148006 -0.4309833 0.9023136
vn -0.009148006 -0.4309833 0.9023136
vn -1 0 0
vn -0.9729614 0.2202271 0.06961503
vn -1 0 0
vn -0.9744683 0.2140841 0.06767302
vn -0.8860778 0.4419809 0.1397109
vn -0.8869101 0.4404601 0.139231
vn -0.9992363 -0.03764801 -0.010454
vn -0.9993445 -0.03490198 -0.009602996
vn -0.9629121 -0.258066 -0.078754
vn -0.9629121 -0.258066 -0.078754
vn 0 0.3013991 -0.9534982
vn 0 0.6055849 -0.7957808
vn 0 0.3013991 -0.9534982
vn 0 0.6432006 -0.7656976
vn 0 0.749001 -0.6625689
vn 0 0.7654251 -0.6435251
vn -0.005216 0.259727 -0.965668
vn -0.004699998 0.2771869 -0.9608046
vn -0.009072999 0.124623 -0.9921628
vn -0.009072999 0.124623 -0.9921628
vn 0 -0.9534978 -0.3013999
vn 0 -0.9534978 -0.3013999
vn 0 -0.9534978 -0.3013999
vn 0 -0.9534978 -0.3013999
vn 0 -0.9102159 -0.414134
vn 0 -0.784658 -0.619929
vn 0 -0.784658 -0.619929
vn 0 -0.9102159 -0.414134
vn 0 -0.9828753 -0.1842721
vn 0 -0.9828753 -0.1842721
vn 0 -0.9984138 0.05630099
vn 0 -0.9984138 0.05630099
vn 0 -0.955928 0.293601
vn 0 -0.955928 0.293601
vn 0 -0.8578879 0.513837
vn 0 -0.8578879 0.513837
vn 0 -0.7099889 0.7042129
vn 0 -0.7099889 0.7042129
vn 0 -0.520829 0.853661
vn 0 -0.520829 0.853661
vn 0 -0.3013999 0.9534978
vn 0 -0.3013999 0.9534978
vn 0 -0.06445597 0.9979206
vn 0 -0.06445597 0.9979206
vn 0 0.176235 0.9843481
vn 0 0.176235 0.9843481
vn 0 0.406684 0.9135689
vn 0 0.406684 0.9135689
vn 0 0.6134977 0.7896966
vn 0 0.6134977 0.7896966
vn 0 0.784658 0.619929
vn 0 0.784658 0.619929
vn 0 0.9102156 0.4141349
vn 0 0.9102156 0.4141349
vn 0 0.9828753 0.1842721
vn 0 0.9828753 0.1842721
vn 0 0.9984138 -0.05630099
vn 0 0.9984138 -0.05630099
vn 0 0.955928 -0.293601
vn 0 0.955928 -0.293601
vn 0 0.8578872 -0.5138381
vn 0 0.8578872 -0.5138381
vn 0 0.7099894 -0.7042124
vn 0 0.7099894 -0.7042124
vn 0 0.520829 -0.853661
vn 0 0.520829 -0.853661
vn 0 0.3013999 -0.9534978
vn 0 0.3013999 -0.9534978
vn 0 0.06445498 -0.9979207
vn 0 0.06445498 -0.9979207
vn 0 -0.176235 -0.9843481
vn 0 -0.176235 -0.9843481
vn 0 -0.406686 -0.913568
vn 0 -0.406686 -0.913568
vn 0 -0.6134998 -0.7896948
vn 0 -0.6134998 -0.7896948
vn 0 -0.784658 -0.619929
vn 0 -0.784658 -0.619929
vn -1 0 -1.1E-05
vn -1 0 -1.3E-05
vn -1 0 -0.000207
vn -1 0 0
vn -1 0 -5.2E-05
vn -1 0 0
vn -1 0 -0.000104
vn -1 0 0
vn -1 0 0
vn -1 0 0
vn -1 0 0
vn -1 0 0
vn -1 0 0
vn -1 0 0
vn -1 0 0
vn -1 0 0
vn -1 0 0
vn -1 0 0
vn -1 0 0
vn -1 0 0
vn -1 0 -5.2E-05
vn -1 0 0
vn -1 0 0
vn -1 0 0
vn -1 0 3.4E-05
vn -1 0 0
vn 1 0 0
vn 1 0 0
vn 1 0 -0.000104
vn 1 0 0
vn 1 0 0
vn 1 0 1.3E-05
vn 1 0 0.000104
vn 1 0 0
vn 1 0 0
vn 1 0 0
vn 1 0 -5.2E-05
vn 1 0 0
vn 1 0 0
vn 1 0 -1.2E-05
vn 1 0 -0.000131
vn 1 0 0.000104
vn 1 0 0
vn 1 0 -5.2E-05
vn 1 0 0
vn 1 0 0
vn 1 0 0
vn 1 0 1.6E-05
vn 1 0 0
vn 1 0 0
vn 1 0 0
vn 1 0 0
vn 1 0 0
vn 1 0 0
vn 1 0 0
vn 1 0 0
vn 1 0 0
vn 1 0 0
vn 1 0 0
vn 1 0 0
vn 1 0 0
vn 1 0 0
vn 1 0 0
vn 1 0 0
vn -1 0 0
vn -1 0 0
vn -1 0 0
vn -1 0 0
vn -1 0 0
vn -1 0 0
vn -1 0 0
vn -1 0 0
vn -1 0 0
vn 1 0 0
vn 1 0 0
vn 1 0 0
vn 1 0 0
vn 1 0 0
vn 1 0 0
vn 1 0 0
vn 1 0 0
vn 1 0 0
vn 0 -0.3013999 0.9534978
vn 0 -0.3013999 0.9534978
vn 0 -0.3013991 0.9534982
vn 0 -0.3013999 0.9534978
vn 0 -0.3013999 0.9534978
vn 0 -0.3013999 0.9534978
vn 0 -0.3013999 0.9534978
vn 0 -0.3013999 0.9534978
vn 0.3560269 0 0.9344757
vn 0 -0.3560269 0.9344757
vn 0 0 1
vn 0.3361939 -0.3361939 0.8797427
vn 0.7071072 0 0.7071062
vn 0 -0.7071068 0.7071068
vn 0.670948 -0.315684 0.6709489
vn 0.934476 0 0.356026
vn 0.3156849 -0.6709487 0.6709477
vn 0.879743 -0.336194 0.336193
vn 1 0 0
vn 0.3361949 -0.8797428 0.3361929
vn 0 -0.9344757 0.3560269
vn 0.5773489 -0.5773509 0.5773509
vn 0.670948 -0.6709489 0.315684
vn 0.9344753 -0.3560281 0
vn 0.934476 0 -0.356026
vn 0.3560281 -0.9344753 0
vn 0 -1 0
vn 0.7071068 -0.7071068 0
vn 0.879743 -0.336194 -0.336193
vn 0.7071072 0 -0.7071062
vn 0.3361949 -0.8797428 -0.3361929
vn 0 -0.9344757 -0.3560269
vn 0.6709482 -0.6709492 -0.3156831
vn 0.6709485 -0.3156838 -0.6709485
vn 0.3560269 0 -0.9344757
vn 0.3156849 -0.6709487 -0.6709477
vn 0 -0.7071068 -0.7071068
vn 0 -0.3560269 -0.9344757
vn 0.5773492 -0.5773512 -0.5773503
vn 0.3361939 -0.3361939 -0.8797427
vn 0 0 -1
vn -0.3560269 0 0.9344757
vn 0 0.3560269 0.9344757
vn 0 0 1
vn -0.3361949 0.3361929 0.8797428
vn -0.7071072 0 0.7071062
vn 0 0.7071068 0.7071068
vn -0.6709489 0.315684 0.670948
vn -0.9344757 0 0.3560269
vn -0.315684 0.670948 0.6709489
vn -0.8797433 0.3361931 0.3361931
vn -1 0 0
vn -0.3361939 0.8797427 0.3361939
vn 0 0.9344757 0.3560269
vn -0.5773479 0.5773519 0.5773509
vn -0.6709484 0.6709484 0.3156841
vn -0.934476 0.356026 0
vn -0.934476 0 -0.356026
vn -0.3560289 0.9344749 0
vn 0 1 0
vn -0.7071083 0.7071052 0
vn -0.8797436 0.3361928 -0.3361928
vn -0.7071068 0 -0.7071068
vn -0.3361939 0.8797427 -0.3361939
vn 0 0.9344757 -0.3560269
vn -0.670948 0.6709489 -0.315684
vn -0.6709484 0.3156841 -0.6709484
vn -0.3560269 0 -0.9344757
vn -0.3156829 0.6709487 -0.6709487
vn 0 0.7071068 -0.7071068
vn 0 0.356026 -0.934476
vn -0.5773469 0.5773529 -0.5773509
vn -0.336194 0.336193 -0.879743
vn 0 0 -1
vn -0.3560269 0 -0.9344757
vn 0 -0.3560269 -0.9344757
vn 0 0 -1
vn -0.336194 -0.336193 -0.879743
vn -0.7071068 0 -0.7071068
vn 0 -0.7071068 -0.7071068
vn -0.6709482 -0.3156831 -0.6709492
vn -0.934476 0 -0.356026
vn -0.3156849 -0.6709487 -0.6709477
vn -0.879743 -0.336194 -0.336193
vn -1 0 0
vn -0.3361949 -0.8797428 -0.3361929
vn 0 -0.9344757 -0.3560269
vn -0.5773489 -0.5773519 -0.57735
vn -0.6709477 -0.6709497 -0.3156829
vn -0.9344753 -0.3560281 0
vn -0.9344757 0 0.3560269
vn -0.3560281 -0.9344753 0
vn 0 -1 0
vn -0.7071068 -0.7071068 0
vn -0.879743 -0.336194 0.336193
vn -0.7071072 0 0.7071062
vn -0.3361949 -0.8797428 0.3361929
vn 0 -0.9344757 0.3560269
vn -0.6709477 -0.6709497 0.3156829
vn -0.6709487 -0.3156829 0.6709487
vn -0.3560269 0 0.9344757
vn -0.3156849 -0.6709487 0.6709477
vn 0 -0.7071068 0.7071068
vn 0 -0.3560269 0.9344757
vn -0.5773492 -0.5773512 0.5773503
vn -0.3361939 -0.3361939 0.8797427
vn 0 0 1
vn 0.3560269 0 -0.9344757
vn 0 0.356026 -0.934476
vn 0 0 -1
vn 0.3361949 0.3361929 -0.8797428
vn 0.7071072 0 -0.7071062
vn 0 0.7071068 -0.7071068
vn 0.6709481 0.3156851 -0.6709481
vn 0.934476 0 -0.356026
vn 0.315684 0.670948 -0.6709489
vn 0.8797433 0.3361931 -0.3361931
vn 1 0 0
vn 0.3361939 0.8797427 -0.3361939
vn 0 0.9344757 -0.3560269
vn 0.5773469 0.5773529 -0.5773509
vn 0.670948 0.6709489 -0.315684
vn 0.934476 0.356026 0
vn 0.934476 0 0.356026
vn 0.3560289 0.9344749 0
vn 0 1 0
vn 0.7071083 0.7071052 0
vn 0.8797439 0.336193 0.336192
vn 0.7071072 0 0.7071062
vn 0.3361939 0.8797427 0.3361939
vn 0 0.9344757 0.3560269
vn 0.6709489 0.670948 0.315684
vn 0.6709481 0.3156851 0.6709481
vn 0.3560269 0 0.9344757
vn 0.3156831 0.6709482 0.6709492
vn 0 0.7071068 0.7071068
vn 0 0.3560269 0.9344757
vn 0.5773469 0.5773529 0.5773509
vn 0.336193 0.336194 0.879743
vn 0 0 1
vn -0.2364099 -0.9613726 -0.1409719
vn 0 -0.9887429 -0.149624
vn 0 -0.9887429 -0.149624
vn -0.2364099 -0.9613726 -0.1409719
vn -0.4590802 -0.8808523 -0.1155191
vn -0.4590802 -0.8808523 -0.1155191
vn -0.6550732 -0.7518592 -0.07474501
vn -0.6550732 -0.7518592 -0.07474501
vn -0.8129942 -0.5818922 -0.02101901
vn -0.8129942 -0.5818922 -0.02101901
vn -0.9236665 -0.3808292 0.04253702
vn -0.9236665 -0.3808292 0.04253702
vn -0.9806583 -0.1603561 0.112229
vn -0.9806583 -0.1603561 0.112229
vn -0.9806581 0.066717 0.184007
vn -0.9806581 0.066717 0.184007
vn -0.9236662 0.28719 0.2536981
vn -0.9236662 0.28719 0.2536981
vn -0.8129939 0.4882529 0.3172539
vn -0.8129939 0.4882529 0.3172539
vn -0.655072 0.6582201 0.370981
vn -0.655072 0.6582201 0.370981
vn -0.4590801 0.7872122 0.4117551
vn -0.4590801 0.7872122 0.4117551
vn -0.23641 0.8677329 0.437207
vn -0.23641 0.8677329 0.437207
vn 0 0.8951032 0.4458591
vn 0 0.8951032 0.4458591
vn 0.23641 0.8677329 0.437207
vn 0.23641 0.8677329 0.437207
vn 0.4590819 0.7872118 0.4117539
vn 0.4590819 0.7872118 0.4117539
vn 0.6550747 0.6582187 0.3709788
vn 0.6550747 0.6582187 0.3709788
vn 0.8129942 0.4882522 0.3172541
vn 0.8129945 0.4882523 0.3172532
vn 0.9236666 0.2871889 0.2536979
vn 0.9236666 0.2871889 0.2536979
vn 0.9806584 0.06671503 0.1840061
vn 0.9806584 0.06671503 0.1840061
vn 0.9806583 -0.1603561 0.112229
vn 0.9806583 -0.1603561 0.112229
vn 0.9236653 -0.3808321 0.04253701
vn 0.9236653 -0.3808321 0.04253701
vn 0.8129935 -0.5818934 -0.02101901
vn 0.8129935 -0.5818934 -0.02101901
vn 0.6550721 -0.7518601 -0.07474501
vn 0.6550721 -0.7518601 -0.07474501
vn 0.4590789 -0.8808528 -0.11552
vn 0.4590789 -0.8808528 -0.11552
vn 0.236412 -0.9613721 -0.140972
vn 0.236412 -0.9613721 -0.140972
vn 0 -0.9887429 -0.149624
vn 0 -0.9887429 -0.149624
vn 0 -0.3013999 0.9534978
vn 0 -0.3013969 0.9534987
vn 0 -0.301393 0.9535
vn 0 -0.3014008 0.9534975
vn 0 -0.3013999 0.9534978
vn 0 -0.3013999 0.9534978
vn 0 -0.3013999 0.9534978
vn 0 -0.3013999 0.9534978
vn 0 -0.3014051 0.9534961
vn 0 -0.3014011 0.9534974
vn 0 -0.3013999 0.9534978
vn 0 -0.3013999 0.9534978
vn 0 -0.3014008 0.9534975
vn 0 -0.3013999 0.9534978
vn 0 -0.301396 0.953499
vn 0 -0.3013999 0.9534978
vn 0 -0.3013999 0.9534978
vn 0 -0.3013921 0.9535003
vn 0 -0.3013999 0.9534978
vn 0 -0.3014021 0.9534972
vn 0 -0.301396 0.953499
vn 0 -0.3014008 0.9534975
vn 0 -0.3013981 0.9534984
vn 0 -0.3013981 0.9534984
vn 0 -0.3013951 0.9534994
vn -0.38648 0.043993 -0.9212479
vn -0.9195829 0.018741 -0.3924489
vn -0.3782661 0.04415601 -0.9246432
vn -0.9278154 0.01779401 -0.3726152
vn -0.9278151 -0.017794 0.372616
vn -0.9195825 -0.01874099 0.3924498
vn -0.3864791 -0.04399401 0.9212483
vn -0.3782652 -0.04415603 0.9246436
vn 0.3782649 -0.04415599 0.9246437
vn 0.3864791 -0.04399401 0.9212483
vn 0.9278151 -0.017794 0.372616
vn 0.9195824 -0.01874101 0.3924502
vn 0.9195829 0.018741 -0.3924489
vn 0.9278151 0.017794 -0.372616
vn 0.3782661 0.04415601 -0.9246432
vn 0.38648 0.04399399 -0.9212479
vn -0.3782661 0.04415601 -0.9246432
vn -0.38648 0.043993 -0.9212479
vn 0.3560269 0 0.9344757
vn 0 -0.3560281 0.9344753
vn 0 0 1
vn 0.3361939 -0.3361939 0.8797427
vn 0.7071078 0 0.7071058
vn 0 -0.7071072 0.7071062
vn 0.6709499 -0.315684 0.670947
vn 0.9344763 0 0.3560251
vn 0.3156849 -0.6709487 0.6709477
vn 0.879743 -0.336194 0.336193
vn 1 0 0
vn 0.3361949 -0.8797428 0.3361929
vn 0 -0.934476 0.356026
vn 0.57735 -0.5773509 0.57735
vn 0.670948 -0.6709489 0.315684
vn 0.9344756 -0.3560272 0
vn 0.934476 0 -0.356026
vn 0.3560281 -0.9344753 0
vn 0 -1 0
vn 0.7071068 -0.7071068 0
vn 0.8797427 -0.3361939 -0.3361939
vn 0.7071072 0 -0.7071062
vn 0.336194 -0.879743 -0.336193
vn 0 -0.9344757 -0.3560269
vn 0.670948 -0.6709489 -0.315684
vn 0.6709492 -0.3156831 -0.6709482
vn 0.3560269 0 -0.9344757
vn 0.315684 -0.6709489 -0.670948
vn 0 -0.7071068 -0.7071068
vn 0 -0.3560269 -0.9344757
vn 0.57735 -0.5773509 -0.57735
vn 0.336194 -0.336193 -0.879743
vn 0 0 -1
vn -0.3560269 0 0.9344757
vn 0 0.3560269 0.9344757
vn 0 0 1
vn -0.3361939 0.3361939 0.8797427
vn -0.7071078 0 0.7071058
vn 0 0.7071068 0.7071068
vn -0.6709481 0.3156851 0.6709481
vn -0.934476 0 0.356026
vn -0.3156829 0.6709487 0.6709487
vn -0.879743 0.336194 0.336193
vn -1 0 0
vn -0.3361922 0.8797433 0.3361942
vn 0 0.9344757 0.3560269
vn -0.5773469 0.5773519 0.5773519
vn -0.6709472 0.6709492 0.3156851
vn -0.934476 0.356026 0
vn -0.934476 0 -0.356026
vn -0.3560269 0.9344757 0
vn 0 1 0
vn -0.7071072 0.7071062 0
vn -0.8797439 0.336193 -0.336192
vn -0.7071078 0 -0.7071058
vn -0.3361939 0.8797427 -0.3361939
vn 0 0.9344757 -0.3560269
vn -0.6709484 0.6709484 -0.3156841
vn -0.6709481 0.3156851 -0.6709481
vn -0.3560269 0 -0.9344757
vn -0.3156829 0.6709487 -0.6709487
vn 0 0.7071072 -0.7071062
vn 0 0.3560269 -0.9344757
vn -0.5773473 0.5773523 -0.5773513
vn -0.336193 0.336194 -0.879743
vn 0 0 -1
vn -0.3560269 0 -0.9344757
vn 0 -0.3560269 -0.9344757
vn 0 0 -1
vn -0.3361939 -0.3361939 -0.8797427
vn -0.7071078 0 -0.7071058
vn 0 -0.7071068 -0.7071068
vn -0.6709492 -0.3156831 -0.6709482
vn -0.934476 0 -0.356026
vn -0.315684 -0.6709489 -0.670948
vn -0.8797433 -0.3361942 -0.3361922
vn -1 0 0
vn -0.336194 -0.879743 -0.336193
vn 0 -0.9344757 -0.3560269
vn -0.57735 -0.5773509 -0.57735
vn -0.6709482 -0.6709492 -0.3156831
vn -0.9344757 -0.3560269 0
vn -0.934476 0 0.356026
vn -0.3560281 -0.9344753 0
vn 0 -1 0
vn -0.7071072 -0.7071062 0
vn -0.879743 -0.336194 0.336193
vn -0.7071078 0 0.7071058
vn -0.3361949 -0.8797428 0.3361929
vn 0 -0.934476 0.356026
vn -0.6709482 -0.6709492 0.3156831
vn -0.6709492 -0.3156831 0.6709482
vn -0.3560269 0 0.9344757
vn -0.3156849 -0.6709487 0.6709477
vn 0 -0.7071072 0.7071062
vn 0 -0.3560281 0.9344753
vn -0.5773503 -0.5773503 0.5773503
vn -0.3361939 -0.3361939 0.8797427
vn 0 0 1
vn 0.3560269 0 -0.9344757
vn 0 0.3560269 -0.9344757
vn 0 0 -1
vn 0.336194 0.336193 -0.879743
vn 0.7071072 0 -0.7071062
vn 0 0.7071072 -0.7071062
vn 0.6709481 0.3156851 -0.6709481
vn 0.934476 0 -0.356026
vn 0.315684 0.670948 -0.6709489
vn 0.879743 0.336194 -0.336193
vn 1 0 0
vn 0.3361939 0.8797427 -0.3361939
vn 0 0.9344757 -0.3560269
vn 0.5773479 0.5773519 -0.5773509
vn 0.670948 0.6709489 -0.315684
vn 0.9344757 0.3560269 0
vn 0.9344763 0 0.3560251
vn 0.356026 0.934476 0
vn 0 1 0
vn 0.7071068 0.7071068 0
vn 0.879743 0.336194 0.336193
vn 0.7071078 0 0.7071058
vn 0.3361922 0.8797433 0.3361942
vn 0 0.9344757 0.3560269
vn 0.6709477 0.6709487 0.3156849
vn 0.6709481 0.3156851 0.6709481
vn 0.3560269 0 0.9344757
vn 0.315682 0.6709489 0.6709489
vn 0 0.7071068 0.7071068
vn 0 0.3560269 0.9344757
vn 0.5773473 0.5773523 0.5773513
vn 0.3361922 0.3361942 0.8797433
vn 0 0 1
vn -0.2364099 -0.9613726 -0.1409719
vn 0 -0.9887429 -0.149624
vn 0 -0.9887429 -0.149624
vn -0.2364099 -0.9613726 -0.1409719
vn -0.4590822 -0.8808513 -0.115519
vn -0.4590822 -0.8808513 -0.115519
vn -0.6550732 -0.7518592 -0.07474501
vn -0.6550732 -0.7518592 -0.07474501
vn -0.8129938 -0.5818928 -0.02101799
vn -0.8129938 -0.5818928 -0.02101799
vn -0.9236661 -0.38083 0.04253801
vn -0.9236661 -0.38083 0.04253801
vn -0.9806582 -0.160357 0.112228
vn -0.9806582 -0.160357 0.112228
vn -0.9806583 0.06671702 0.1840061
vn -0.9806583 0.06671702 0.1840061
vn -0.9236659 0.2871909 0.253698
vn -0.9236659 0.2871909 0.253698
vn -0.8129928 0.4882539 0.3172549
vn -0.8129928 0.4882539 0.3172549
vn -0.655072 0.6582201 0.370981
vn -0.655072 0.6582201 0.370981
vn -0.4590821 0.7872112 0.4117551
vn -0.4590821 0.7872112 0.4117551
vn -0.236409 0.8677331 0.4372071
vn -0.236409 0.8677331 0.4372071
vn 0 0.8951032 0.4458591
vn 0 0.8951032 0.4458591
vn 0.2364109 0.8677327 0.4372069
vn 0.2364109 0.8677327 0.4372069
vn 0.4590838 0.7872107 0.4117539
vn 0.4590838 0.7872107 0.4117539
vn 0.6550729 0.6582199 0.3709799
vn 0.6550729 0.6582199 0.3709799
vn 0.8129928 0.4882539 0.3172549
vn 0.8129928 0.4882539 0.3172549
vn 0.9236662 0.28719 0.2536981
vn 0.9236662 0.28719 0.2536981
vn 0.9806584 0.06671503 0.1840061
vn 0.9806584 0.06671503 0.1840061
vn 0.9806583 -0.1603561 0.112229
vn 0.9806583 -0.1603561 0.112229
vn 0.9236656 -0.3808312 0.04253703
vn 0.9236656 -0.3808312 0.04253703
vn 0.812993 -0.581894 -0.021019
vn 0.812993 -0.581894 -0.021019
vn 0.6550727 -0.7518597 -0.07474497
vn 0.6550721 -0.7518601 -0.07474501
vn 0.4590801 -0.8808522 -0.11552
vn 0.4590801 -0.8808522 -0.11552
vn 0.2364099 -0.9613726 -0.1409719
vn 0.2364099 -0.9613726 -0.1409719
vn 0 -0.9887429 -0.149624
vn 0 -0.9887429 -0.149624
vn 0 -0.3013999 0.9534978
vn 0 -0.301403 0.9534969
vn 0 -0.301393 0.9535
vn 0 -0.3014011 0.9534974
vn 0 -0.3013999 0.9534978
vn 0 -0.3013999 0.9534978
vn 0 -0.3013999 0.9534978
vn 0 -0.3014008 0.9534975
vn 0 -0.3014039 0.9534965
vn 0 -0.3013991 0.9534982
vn 0 -0.3013999 0.9534978
vn 0 -0.3013999 0.9534978
vn 0 -0.3014039 0.9534965
vn 0 -0.3013991 0.9534982
vn 0 -0.3013951 0.9534994
vn 0 -0.3013999 0.9534978
vn 0 -0.3013991 0.9534982
vn 0 -0.3013981 0.9534984
vn 0 -0.3013999 0.9534978
vn 0 -0.3014008 0.9534975
vn 0 -0.3014021 0.9534972
vn 0 -0.3014011 0.9534974
vn 0 -0.3014008 0.9534975
vn 0 -0.3013969 0.9534987
vn 0 -0.3014011 0.9534974
vn -0.3864791 0.04399401 -0.9212483
vn -0.9195824 0.01874101 -0.3924502
vn -0.3782649 0.04415599 -0.9246437
vn -0.9278151 0.017794 -0.372616
vn -0.9278151 -0.017794 0.372616
vn -0.9195824 -0.01874101 0.3924502
vn -0.3864791 -0.04399401 0.9212483
vn -0.3782649 -0.04415599 0.9246437
vn 0.3782649 -0.04415599 0.9246437
vn 0.3864791 -0.04399401 0.9212483
vn 0.9278151 -0.017794 0.372616
vn 0.9195824 -0.01874101 0.3924502
vn 0.9195824 0.01874101 -0.3924502
vn 0.9278151 0.017794 -0.372616
vn 0.3782649 0.04415599 -0.9246437
vn 0.3864791 0.04399401 -0.9212483
vn -0.3782649 0.04415599 -0.9246437
vn -0.3864791 0.04399401 -0.9212483
vn 0.3560272 0 0.9344756
vn 0 -0.3560281 0.9344753
vn 0 0 1
vn 0.3361941 -0.3361951 0.8797423
vn 0.7071078 0 0.7071058
vn 0 -0.7071072 0.7071062
vn 0.6709494 -0.3156842 0.6709474
vn 0.934476 0 0.356026
vn 0.3156849 -0.6709497 0.6709467
vn 0.879743 -0.336193 0.336194
vn 1 0 0
vn 0.3361949 -0.8797428 0.3361929
vn 0 -0.9344757 0.3560269
vn 0.57735 -0.5773519 0.5773489
vn 0.670948 -0.6709489 0.315684
vn 0.934476 -0.356026 0
vn 0.934476 0 -0.356026
vn 0.3560289 -0.9344749 0
vn 0 -1 0
vn 0.7071072 -0.7071062 0
vn 0.8797436 -0.3361928 -0.3361928
vn 0.7071078 0 -0.7071058
vn 0.336194 -0.879743 -0.336193
vn 0 -0.9344757 -0.3560269
vn 0.6709482 -0.6709492 -0.3156831
vn 0.6709499 -0.315684 -0.670947
vn 0.3560272 0 -0.9344756
vn 0.315684 -0.6709499 -0.670947
vn 0 -0.7071078 -0.7071058
vn 0 -0.3560269 -0.9344757
vn 0.57735 -0.5773519 -0.5773489
vn 0.3361951 -0.3361941 -0.8797423
vn 0 0 -1
vn -0.3560269 0 0.9344757
vn 0 0.3560269 0.9344757
vn 0 0 1
vn -0.3361939 0.3361939 0.8797427
vn -0.7071078 0 0.7071058
vn 0 0.7071068 0.7071068
vn -0.6709477 0.3156849 0.6709487
vn -0.934476 0 0.356026
vn -0.3156831 0.6709482 0.6709492
vn -0.879743 0.336193 0.336194
vn -1 0 0
vn -0.3361922 0.8797433 0.3361942
vn 0 0.9344757 0.3560269
vn -0.5773469 0.5773509 0.5773529
vn -0.670947 0.670949 0.315686
vn -0.9344757 0.3560269 0
vn -0.934476 0 -0.356026
vn -0.356026 0.934476 0
vn 0 1 0
vn -0.7071068 0.7071068 0
vn -0.8797433 0.3361931 -0.3361931
vn -0.7071078 0 -0.7071058
vn -0.3361939 0.8797427 -0.3361939
vn 0 0.9344757 -0.3560269
vn -0.670948 0.6709489 -0.315684
vn -0.6709477 0.3156849 -0.6709487
vn -0.3560269 0 -0.9344757
vn -0.3156829 0.6709487 -0.6709487
vn 0 0.7071072 -0.7071062
vn 0 0.3560269 -0.9344757
vn -0.5773469 0.5773519 -0.5773519
vn -0.336193 0.336194 -0.879743
vn 0 0 -1
vn -0.3560269 0 -0.9344757
vn 0 -0.3560269 -0.9344757
vn 0 0 -1
vn -0.3361939 -0.3361939 -0.8797427
vn -0.7071078 0 -0.7071058
vn 0 -0.7071078 -0.7071058
vn -0.6709492 -0.3156831 -0.6709482
vn -0.934476 0 -0.356026
vn -0.315684 -0.6709489 -0.670948
vn -0.879743 -0.336194 -0.336193
vn -1 0 0
vn -0.336194 -0.879743 -0.336193
vn 0 -0.9344757 -0.3560269
vn -0.57735 -0.57735 -0.5773509
vn -0.670948 -0.6709489 -0.315684
vn -0.9344753 -0.3560281 0
vn -0.934476 0 0.356026
vn -0.3560289 -0.9344749 0
vn 0 -1 0
vn -0.7071068 -0.7071068 0
vn -0.8797433 -0.3361942 0.3361922
vn -0.7071078 0 0.7071058
vn -0.3361948 -0.8797424 0.3361938
vn 0 -0.9344757 0.3560269
vn -0.670948 -0.6709489 0.315684
vn -0.6709492 -0.3156831 0.6709482
vn -0.3560269 0 0.9344757
vn -0.315684 -0.6709489 0.670948
vn 0 -0.7071072 0.7071062
vn 0 -0.3560281 0.9344753
vn -0.57735 -0.57735 0.5773509
vn -0.3361939 -0.3361939 0.8797427
vn 0 0 1
vn 0.3560272 0 -0.9344756
vn 0 0.3560269 -0.9344757
vn 0 0 -1
vn 0.3361939 0.3361939 -0.8797427
vn 0.7071078 0 -0.7071058
vn 0 0.7071072 -0.7071062
vn 0.6709484 0.3156841 -0.6709484
vn 0.934476 0 -0.356026
vn 0.315684 0.6709489 -0.670948
vn 0.8797433 0.3361931 -0.3361931
vn 1 0 0
vn 0.3361939 0.8797427 -0.3361939
vn 0 0.9344757 -0.3560269
vn 0.5773469 0.5773529 -0.5773509
vn 0.670948 0.6709489 -0.315684
vn 0.934476 0.356026 0
vn 0.934476 0 0.356026
vn 0.3560269 0.9344757 0
vn 0 1 0
vn 0.7071072 0.7071062 0
vn 0.8797439 0.336193 0.336192
vn 0.7071078 0 0.7071058
vn 0.336192 0.8797439 0.336193
vn 0 0.9344757 0.3560269
vn 0.6709477 0.6709497 0.3156829
vn 0.670948 0.315686 0.670948
vn 0.3560272 0 0.9344756
vn 0.3156819 0.6709499 0.6709479
vn 0 0.7071068 0.7071068
vn 0 0.3560269 0.9344757
vn 0.5773469 0.577354 0.57735
vn 0.3361929 0.3361949 0.8797428
vn 0 0 1
vn -0.2364099 -0.9613726 -0.1409719
vn 0 -0.9887429 -0.149624
vn 0 -0.9887429 -0.149624
vn -0.236409 -0.9613729 -0.140972
vn -0.4590822 -0.8808513 -0.115519
vn -0.4590822 -0.8808513 -0.115519
vn -0.6550738 -0.7518588 -0.07474398
vn -0.6550738 -0.7518588 -0.07474398
vn -0.812993 -0.581894 -0.021019
vn -0.812993 -0.581894 -0.021019
vn -0.9236661 -0.38083 0.04253701
vn -0.9236661 -0.38083 0.04253701
vn -0.9806583 -0.1603561 0.112229
vn -0.9806583 -0.1603561 0.112229
vn -0.9806583 0.06671702 0.1840061
vn -0.9806583 0.06671702 0.1840061
vn -0.9236657 0.2871909 0.2536989
vn -0.9236657 0.2871909 0.2536989
vn -0.8129928 0.4882539 0.3172549
vn -0.8129928 0.4882539 0.3172549
vn -0.655072 0.6582201 0.370981
vn -0.655072 0.6582201 0.370981
vn -0.4590817 0.7872115 0.4117548
vn -0.4590817 0.7872115 0.4117548
vn -0.236409 0.8677331 0.4372071
vn -0.236409 0.8677331 0.4372071
vn 0 0.8951038 0.4458579
vn 0 0.8951038 0.4458579
vn 0.2364111 0.8677324 0.4372072
vn 0.2364111 0.8677324 0.4372072
vn 0.4590838 0.7872107 0.4117539
vn 0.4590838 0.7872107 0.4117539
vn 0.6550723 0.6582204 0.3709802
vn 0.6550719 0.6582209 0.3709799
vn 0.8129932 0.4882541 0.3172541
vn 0.8129932 0.4882541 0.3172541
vn 0.9236662 0.28719 0.2536981
vn 0.9236662 0.28719 0.2536981
vn 0.9806582 0.06671601 0.184007
vn 0.9806582 0.06671601 0.184007
vn 0.9806582 -0.160356 0.11223
vn 0.9806582 -0.160356 0.11223
vn 0.9236653 -0.3808321 0.04253701
vn 0.9236653 -0.3808321 0.04253701
vn 0.812993 -0.581894 -0.021019
vn 0.812993 -0.581894 -0.021019
vn 0.6550727 -0.7518597 -0.07474497
vn 0.6550727 -0.7518597 -0.07474497
vn 0.4590802 -0.8808523 -0.1155191
vn 0.4590802 -0.8808523 -0.1155191
vn 0.2364099 -0.9613726 -0.1409719
vn 0.2364099 -0.9613726 -0.1409719
vn 0 -0.9887429 -0.149624
vn 0 -0.9887429 -0.149624
vn 0 -0.3013999 0.9534978
vn 0 -0.301403 0.9534969
vn 0 -0.3013891 0.9535012
vn 0 -0.3013981 0.9534984
vn 0 -0.3013999 0.9534978
vn 0 -0.3013999 0.9534978
vn 0 -0.3013999 0.9534978
vn 0 -0.3014008 0.9534975
vn 0 -0.301403 0.9534969
vn 0 -0.3013969 0.9534987
vn 0 -0.3013999 0.9534978
vn 0 -0.3013999 0.9534978
vn 0 -0.3014011 0.9534974
vn 0 -0.301393 0.9535
vn 0 -0.3014051 0.9534961
vn 0 -0.3013981 0.9534984
vn 0 -0.3013999 0.9534978
vn 0 -0.3013991 0.9534982
vn 0 -0.3014008 0.9534975
vn 0 -0.3014011 0.9534974
vn 0 -0.3014021 0.9534972
vn 0 -0.3014051 0.9534961
vn 0 -0.301403 0.9534969
vn 0 -0.301393 0.9535
vn 0 -0.3014069 0.9534956
vn -0.3864808 0.04399398 -0.9212476
vn -0.9195829 0.018741 -0.3924489
vn -0.3782661 0.04415601 -0.9246432
vn -0.9278155 0.01779399 -0.3726148
vn -0.9278155 -0.01779399 0.3726148
vn -0.9195829 -0.018741 0.3924489
vn -0.3864808 -0.04399398 0.9212476
vn -0.3782661 -0.04415601 0.9246432
vn 0.3782649 -0.04415599 0.9246437
vn 0.3864791 -0.04399401 0.9212483
vn 0.9278151 -0.017794 0.372616
vn 0.9195824 -0.01874101 0.3924502
vn 0.9195824 0.01874101 -0.3924502
vn 0.9278151 0.017794 -0.372616
vn 0.3782649 0.04415599 -0.9246437
vn 0.3864791 0.04399401 -0.9212483
vn -0.3782661 0.04415601 -0.9246432
vn -0.3864808 0.04399398 -0.9212476
vn 0.356026 0 0.934476
vn 0 -0.3560269 0.9344757
vn 0 0 1
vn 0.3361939 -0.3361939 0.8797427
vn 0.7071072 0 0.7071062
vn 0 -0.7071068 0.7071068
vn 0.6709485 -0.3156838 0.6709485
vn 0.9344769 0 0.3560239
vn 0.315684 -0.670948 0.6709489
vn 0.8797439 -0.336193 0.336192
vn 1 0 0
vn 0.3361939 -0.8797427 0.3361939
vn 0 -0.9344757 0.3560269
vn 0.57735 -0.57735 0.5773509
vn 0.6709489 -0.670948 0.315684
vn 0.934476 -0.356026 0
vn 0.9344769 0 -0.3560239
vn 0.3560269 -0.9344757 0
vn 0 -1 0
vn 0.7071072 -0.7071062 0
vn 0.8797439 -0.336193 -0.336192
vn 0.7071078 0 -0.7071058
vn 0.336194 -0.879743 -0.336193
vn 0 -0.9344757 -0.3560269
vn 0.6709492 -0.6709482 -0.3156831
vn 0.6709489 -0.315684 -0.670948
vn 0.3560269 0 -0.9344757
vn 0.315684 -0.6709489 -0.670948
vn 0 -0.7071068 -0.7071068
vn 0 -0.3560269 -0.9344757
vn 0.5773509 -0.57735 -0.57735
vn 0.3361939 -0.3361939 -0.8797427
vn 0 0 -1
vn -0.3560269 0 0.9344757
vn 0 0.3560269 0.9344757
vn 0 0 1
vn -0.3361939 0.3361939 0.8797427
vn -0.7071072 0 0.7071062
vn 0 0.7071068 0.7071068
vn -0.670948 0.315684 0.6709489
vn -0.934476 0 0.356026
vn -0.315684 0.670948 0.6709489
vn -0.8797433 0.3361931 0.3361931
vn -1 0 0
vn -0.3361939 0.8797427 0.3361939
vn 0 0.9344757 0.3560269
vn -0.5773503 0.5773503 0.5773503
vn -0.6709487 0.6709487 0.3156829
vn -0.934476 0.356026 0
vn -0.934476 0 -0.356026
vn -0.3560269 0.9344757 0
vn 0 1 0
vn -0.7071068 0.7071068 0
vn -0.8797433 0.3361931 -0.3361931
vn -0.7071072 0 -0.7071062
vn -0.3361939 0.8797427 -0.3361939
vn 0 0.9344757 -0.3560269
vn -0.6709489 0.670948 -0.315684
vn -0.6709489 0.315684 -0.670948
vn -0.3560269 0 -0.9344757
vn -0.315684 0.670948 -0.6709489
vn 0 0.7071072 -0.7071062
vn 0 0.3560269 -0.9344757
vn -0.57735 0.57735 -0.5773509
vn -0.3361939 0.3361939 -0.8797427
vn 0 0 -1
vn -0.3560269 0 -0.9344757
vn 0 -0.3560269 -0.9344757
vn 0 0 -1
vn -0.3361939 -0.3361939 -0.8797427
vn -0.7071072 0 -0.7071062
vn 0 -0.7071068 -0.7071068
vn -0.6709489 -0.315684 -0.670948
vn -0.934476 0 -0.356026
vn -0.315684 -0.670948 -0.6709489
vn -0.8797433 -0.3361931 -0.3361931
vn -1 0 0
vn -0.3361939 -0.8797427 -0.3361939
vn 0 -0.9344757 -0.3560269
vn -0.5773503 -0.5773503 -0.5773503
vn -0.6709492 -0.6709482 -0.3156831
vn -0.934476 -0.356026 0
vn -0.934476 0 0.356026
vn -0.3560269 -0.9344757 0
vn 0 -1 0
vn -0.7071068 -0.7071068 0
vn -0.8797433 -0.3361931 0.3361931
vn -0.7071072 0 0.7071062
vn -0.336194 -0.879743 0.336193
vn 0 -0.9344757 0.3560269
vn -0.6709487 -0.6709487 0.3156829
vn -0.6709489 -0.315684 0.670948
vn -0.3560269 0 0.9344757
vn -0.315684 -0.6709489 0.670948
vn 0 -0.7071068 0.7071068
vn 0 -0.3560269 0.9344757
vn -0.5773503 -0.5773503 0.5773503
vn -0.3361939 -0.3361939 0.8797427
vn 0 0 1
vn 0.3560269 0 -0.9344757
vn 0 0.3560269 -0.9344757
vn 0 0 -1
vn 0.3361939 0.3361939 -0.8797427
vn 0.7071078 0 -0.7071058
vn 0 0.7071072 -0.7071062
vn 0.6709489 0.315684 -0.670948
vn 0.9344769 0 -0.3560239
vn 0.315684 0.670948 -0.6709489
vn 0.8797439 0.336193 -0.336192
vn 1 0 0
vn 0.3361939 0.8797427 -0.3361939
vn 0 0.9344757 -0.3560269
vn 0.57735 0.57735 -0.5773509
vn 0.6709489 0.670948 -0.315684
vn 0.934476 0.356026 0
vn 0.9344769 0 0.3560239
vn 0.3560269 0.9344757 0
vn 0 1 0
vn 0.7071072 0.7071062 0
vn 0.8797439 0.336193 0.336192
vn 0.7071072 0 0.7071062
vn 0.3361939 0.8797427 0.3361939
vn 0 0.9344757 0.3560269
vn 0.6709489 0.670948 0.315684
vn 0.6709489 0.315684 0.670948
vn 0.356026 0 0.934476
vn 0.315684 0.6709489 0.670948
vn 0 0.7071068 0.7071068
vn 0 0.3560269 0.9344757
vn 0.5773503 0.5773503 0.5773503
vn 0.3361939 0.3361939 0.8797427
vn 0 0 1
vn -0.2364111 -0.9613723 -0.140972
vn 0 -0.9887429 -0.149624
vn 0 -0.9887429 -0.149624
vn -0.2364111 -0.9613723 -0.140972
vn -0.4590822 -0.8808513 -0.115519
vn -0.4590822 -0.8808513 -0.115519
vn -0.6550727 -0.7518597 -0.07474497
vn -0.6550721 -0.7518601 -0.07474501
vn -0.8129938 -0.5818928 -0.02101899
vn -0.8129938 -0.5818928 -0.02101899
vn -0.9236661 -0.38083 0.04253801
vn -0.9236661 -0.38083 0.04253801
vn -0.9806583 -0.1603561 0.112229
vn -0.9806583 -0.1603561 0.112229
vn -0.9806582 0.06671601 0.184007
vn -0.9806582 0.06671601 0.184007
vn -0.9236662 0.28719 0.2536981
vn -0.9236662 0.28719 0.2536981
vn -0.8129939 0.4882529 0.3172539
vn -0.8129939 0.4882529 0.3172539
vn -0.6550729 0.6582199 0.3709799
vn -0.6550729 0.6582199 0.3709799
vn -0.4590817 0.7872115 0.4117548
vn -0.4590817 0.7872115 0.4117548
vn -0.23641 0.8677329 0.437207
vn -0.23641 0.8677329 0.437207
vn 0 0.8951032 0.4458591
vn 0 0.8951032 0.4458591
vn 0.2364121 0.8677322 0.4372071
vn 0.2364121 0.8677322 0.4372071
vn 0.4590831 0.7872111 0.4117541
vn 0.4590831 0.7872111 0.4117541
vn 0.6550726 0.6582196 0.3709808
vn 0.6550726 0.6582196 0.3709808
vn 0.8129939 0.4882529 0.3172539
vn 0.8129942 0.4882522 0.3172541
vn 0.9236666 0.2871889 0.2536979
vn 0.9236666 0.2871889 0.2536979
vn 0.9806583 0.06671602 0.1840061
vn 0.9806583 0.06671602 0.1840061
vn 0.9806581 -0.160357 0.112229
vn 0.9806581 -0.160357 0.112229
vn 0.9236653 -0.3808321 0.04253701
vn 0.9236653 -0.3808321 0.04253701
vn 0.812993 -0.581894 -0.021019
vn 0.812993 -0.581894 -0.021019
vn 0.6550721 -0.7518601 -0.07474501
vn 0.6550721 -0.7518601 -0.07474501
vn 0.4590809 -0.8808519 -0.115519
vn 0.4590809 -0.8808519 -0.115519
vn 0.2364099 -0.9613726 -0.1409719
vn 0.2364099 -0.9613726 -0.1409719
vn 0 -0.9887429 -0.149624
vn 0 -0.9887429 -0.149624
vn 0 -0.3013999 0.9534978
vn 0 -0.3014008 0.9534975
vn 0 -0.3013991 0.9534982
vn 0 -0.3013999 0.9534978
vn 0 -0.3013999 0.9534978
vn 0 -0.3013999 0.9534978
vn 0 -0.3013999 0.9534978
vn 0 -0.3013999 0.9534978
vn 0 -0.3014008 0.9534975
vn 0 -0.301403 0.9534969
vn 0 -0.3013999 0.9534978
vn 0 -0.3013999 0.9534978
vn 0 -0.3013981 0.9534984
vn 0 -0.3014021 0.9534972
vn 0 -0.3013951 0.9534994
vn 0 -0.3013999 0.9534978
vn 0 -0.3013978 0.9534985
vn 0 -0.3013991 0.9534982
vn 0 -0.3013999 0.9534978
vn 0 -0.3014011 0.9534974
vn 0 -0.3013999 0.9534978
vn 0 -0.301396 0.953499
vn 0 -0.3013991 0.9534982
vn 0 -0.3013991 0.9534982
vn 0 -0.3014021 0.9534972
vn -0.3864791 0.04399401 -0.9212483
vn -0.9195824 0.01874101 -0.3924502
vn -0.3782649 0.04415599 -0.9246437
vn -0.9278151 0.017794 -0.372616
vn -0.9278151 -0.017794 0.372616
vn -0.9195824 -0.01874101 0.3924502
vn -0.3864791 -0.04399401 0.9212483
vn -0.3782649 -0.04415599 0.9246437
vn 0.378264 -0.044156 0.924644
vn 0.3864788 -0.04399397 0.9212484
vn 0.9278151 -0.017794 0.372616
vn 0.9195824 -0.01874101 0.3924502
vn 0.9195824 0.01874101 -0.3924502
vn 0.9278151 0.017794 -0.372616
vn 0.378264 0.044156 -0.924644
vn 0.3864791 0.04399401 -0.9212483
vn -0.3782649 0.04415599 -0.9246437
vn -0.3864791 0.04399401 -0.9212483
vn 0 0.9764534 -0.2157279
vn 0 0.9764534 -0.2157279
vn 0 0.9764534 -0.2157279
vn 0 0.9764531 -0.21573
vn 0 0.9764531 -0.21573
vn 0 0.9764533 -0.2157291
vn 0 0.9764533 -0.2157291
vn 0 0.9764533 -0.2157291
vn 0 -0.9764531 0.21573
vn 0 -0.9764531 0.21573
vn 0 -0.9764531 0.21573
vn 0 -0.9764533 0.2157291
vn 0 -0.9764534 0.2157281
vn 0 -0.9764533 0.2157291
vn 0 -0.9764533 0.2157291
vn 0 -0.9764533 0.2157291
vn 0 -0.2157291 -0.9764533
vn 0 -0.2157291 -0.9764533
vn 0 -0.2157291 -0.9764533
vn 0 -0.2157291 -0.9764533
vn 1 0 0
vn 1 0 0
vn 1 0 0
vn 1 0 0
vn -0.9999954 -0.0006630002 -0.002996001
vn -0.9999954 -0.0006630002 -0.002996001
vn -0.9999954 -0.0006630002 -0.002996001
vn -0.9999954 -0.0006630002 -0.002996001
vn 1 0 0
vn 1 0 0
vn 1 0 0
vn 1 0 0
vn 1 0 0
vn 1 0 0
vn 1 0 0
vn 1 0 0
vn 0 -0.2157291 -0.9764533
vn 0 -0.2157291 -0.9764533
vn 0 -0.2157291 -0.9764533
vn 0 -0.2157291 -0.9764533
vn 0 -0.2157291 -0.9764533
vn 0 -0.2157291 -0.9764533
vn 0 -0.2157291 -0.9764533
vn 0 -0.2157291 -0.9764533
vn 0 0.2157281 0.9764534
vn 0 0.2157281 0.9764534
vn 0 0.2157281 0.9764534
vn 0 0.2157281 0.9764534
vn 0 -0.9534978 -0.3013999
vn 0 -0.9534978 -0.3013999
vn 0 -0.9534978 -0.3013999
vn 0 -0.9534978 -0.3013999
vn 0 -0.9534978 -0.3013999
vn 0 -0.9534982 -0.3013991
vn 0 -0.9534978 -0.3013999
vn 0 -0.9534982 -0.3013991
vn 0 -0.9534978 -0.3013999
vn 0 -0.9534982 -0.3013991
vn 0 -0.9534982 -0.3013991
vn 0 -0.9534982 -0.3013991
vn -1 0 0
vn -1 0 0
vn -1 0 0
vn -1 0 0
vn 1 0 0
vn 1 0 0
vn 1 0 0
vn 1 0 0
vn 0 0.9534978 0.3013999
vn 0 0.9534978 0.3013999
vn 0 0.9534982 0.3013991
vn 0 0.9534978 0.3013999
vn 0 0.9534978 0.3013999
vn 0 0.9534982 0.3013991
vn 0 0.9534978 0.3013999
vn 0 0.9534978 0.3013999
vn 0 0.9534978 0.3013999
vn 0 0.9534974 0.3014011
vn 0 0.9534978 0.3013999
vn 0 0.9534978 0.3013999
vn 1 0 0
vn 1 0 0
vn 1 0 0
vn 1 0 0
vn -1 0 0
vn -1 0 0
vn -1 0 0
vn -1 0 0
vn 0 0.3013999 -0.9534978
vn 0 0.3013999 -0.9534978
vn 0 0.3013999 -0.9534978
vn 0 0.3013999 -0.9534978
vn 0 0.3013999 -0.9534978
vn 0 0.3013999 -0.9534978
vn 0 0.3013999 -0.9534978
vn 0 0.3013999 -0.9534978
vn 0 -0.3013999 0.9534978
vn 0 -0.3013999 0.9534978
vn 0 -0.3013999 0.9534978
vn 0 -0.3013999 0.9534978
vn 0 0.3014011 -0.9534974
vn 0 0.3014011 -0.9534974
vn 0 0.3014011 -0.9534974
vn 0 0.3014011 -0.9534974
vn -1 0 0
vn -1 0 0
vn -1 0 0
vn -1 0 0
vn 0 -0.3014008 0.9534975
vn 0 -0.3014008 0.9534975
vn 0 -0.3014008 0.9534975
vn 0 -0.3014008 0.9534975
vn 1 0 0
vn 1 0 0
vn 1 0 0
vn 1 0 0
vn 0 -0.3013999 0.9534978
vn 0 -0.3013999 0.9534978
vn 0 -0.3013999 0.9534978
vn 0 -0.3013999 0.9534978
vn -0.4999999 -0.2610219 0.8257528
vn -0.4999999 -0.2610219 0.8257528
vn -0.4999999 -0.2610219 0.8257528
vn -0.4999999 -0.2610219 0.8257528
vn -1 0 0
vn -1 0 0
vn -1 0 0
vn -1 0 0
vn -0.4999999 0.261018 -0.8257539
vn -0.4999999 0.261018 -0.8257539
vn -0.4999999 0.261018 -0.8257539
vn -0.4999999 0.261018 -0.8257539
vn 0.5000029 0.2610189 -0.8257519
vn 0.5000029 0.2610189 -0.8257519
vn 0.5000029 0.2610189 -0.8257519
vn 0.5000029 0.2610189 -0.8257519
vn 0 0.9534972 0.3014021
vn 0 0.9534972 0.3014021
vn 0 0.9534972 0.3014021
vn 0 0.9534972 0.3014021
vn 0 0.9534972 0.3014021
vn 0 0.9534972 0.3014021
vn 1 0 0
vn 1 0 0
vn 1 0 0
vn 1 0 0
vn 0.500001 -0.261019 0.825753
vn 0.500001 -0.261019 0.825753
vn 0.500001 -0.261019 0.825753
vn 0.500001 -0.261019 0.825753
vn -0.5000039 -0.26102 0.8257509
vn -0.5000039 -0.26102 0.8257509
vn -0.5000039 -0.26102 0.8257509
vn -0.5000039 -0.26102 0.8257509
vn -1 0 0
vn -1 0 0
vn -1 0 0
vn -1 0 0
vn -0.500003 0.261018 -0.8257521
vn -0.500003 0.261018 -0.8257521
vn -0.500003 0.261018 -0.8257521
vn -0.500003 0.261018 -0.8257521
vn 0.5000049 0.261015 -0.8257519
vn 0.5000049 0.261015 -0.8257519
vn 0.5000049 0.261015 -0.8257519
vn 0.5000049 0.261015 -0.8257519
vn 0 0.9534982 0.3013991
vn 0 0.9534982 0.3013991
vn 0 0.9534982 0.3013991
vn 0 0.9534982 0.3013991
vn 0 0.9534982 0.3013991
vn 0 0.9534982 0.3013991
vn 1 0 0
vn 1 0 0
vn 1 0 0
vn 1 0 0
vn 0.4999998 -0.2610189 0.8257537
vn 0.4999998 -0.2610189 0.8257537
vn 0.4999998 -0.2610189 0.8257537
vn 0.4999998 -0.2610189 0.8257537
vn 0 -0.3014021 0.9534972
vn 0 -0.3014021 0.9534972
vn 0 -0.3014021 0.9534972
vn 0 -0.3013969 0.9534987
vn 0 -0.3013981 0.9534984
vn 0 -0.3014021 0.9534972
vn 0 -0.3013991 0.9534982
vn 0 -0.3013991 0.9534982
vn 0 0.3013991 -0.9534982
vn 0 0.3013991 -0.9534982
vn 0 0.3013991 -0.9534982
vn 0 0.3013999 -0.9534978
vn 0 0.3014008 -0.9534975
vn 0 0.3013999 -0.9534978
vn 0 0.3013991 -0.9534982
vn 0 0.3013991 -0.9534982
vn 0 0.9534984 0.3013981
vn 0 0.9534984 0.3013981
vn 0 0.9534984 0.3013981
vn 0 0.9534984 0.3013981
vn 1 0 0
vn 1 0 0
vn 1 0 0
vn 1 0 0
vn -0.9999954 0.002926001 0.0009230003
vn -0.9999954 0.002926001 0.0009230003
vn -0.9999954 0.002926001 0.0009230003
vn -0.9999954 0.002926001 0.0009230003
vn 1 0 0
vn 1 0 0
vn 1 0 0
vn 1 0 0
vn 1 0 0
vn 1 0 0
vn 1 0 0
vn 1 0 0
vn 0 0.9534982 0.3013991
vn 0 0.9534982 0.3013991
vn 0 0.9534982 0.3013991
vn 0 0.9534982 0.3013991
vn 0 0.9534978 0.3013999
vn 0 0.9534978 0.3013999
vn 0 0.9534978 0.3013999
vn 0 0.9534978 0.3013999
vn 0 -0.9534978 -0.3013999
vn 0 -0.9534978 -0.3013999
vn 0 -0.9534978 -0.3013999
vn 0 -0.9534978 -0.3013999
vn 0 -0.6750548 -0.7377677
vn 0 -0.6750548 -0.7377677
vn 0 -0.6750548 -0.7377677
vn 0 -0.675051 -0.737771
vn 0 -0.6750521 -0.7377701
vn 0 -0.6750541 -0.7377682
vn 0 -0.6750537 -0.7377687
vn 0 -0.6750537 -0.7377687
vn 0 0.6750531 0.7377692
vn 0 0.6750531 0.7377692
vn 0 0.6750531 0.7377692
vn 0 0.6750531 0.7377692
vn 0 0.6750553 0.7377672
vn 0 0.6750537 0.7377687
vn 0 0.6750531 0.7377692
vn 0 0.6750531 0.7377692
vn 0 -0.7377692 0.6750531
vn 0 -0.7377692 0.6750531
vn 0 -0.7377692 0.6750531
vn 0 -0.7377692 0.6750531
vn 1 0 0
vn 1 0 0
vn 1 0 0
vn 1 0 0
vn -0.9999954 -0.002263001 0.002071001
vn -0.9999954 -0.002263001 0.002071001
vn -0.9999954 -0.002263001 0.002071001
vn -0.9999954 -0.002263001 0.002071001
vn 1 0 0
vn 1 0 0
vn 1 0 0
vn 1 0 0
vn 1 0 0
vn 1 0 0
vn 1 0 0
vn 1 0 0
vn 0 -0.7377692 0.6750531
vn 0 -0.7377692 0.6750531
vn 0 -0.7377692 0.6750531
vn 0 -0.7377692 0.6750531
vn 0 -0.7377682 0.6750541
vn 0 -0.7377682 0.6750541
vn 0 -0.7377682 0.6750541
vn 0 -0.7377682 0.6750541
vn 0 0.7377692 -0.6750531
vn 0 0.7377692 -0.6750531
vn 0 0.7377692 -0.6750531
vn 0 0.7377692 -0.6750531
vn 0 0.7493388 -0.6621868
vn 0.1567621 0.9770195 0.1444251
vn 0 0.7493388 -0.6621868
vn -0.156758 0.97702 0.144426
vn 0 0.9534987 0.3013969
vn 0 0.9534994 0.3013951
vn 0 0.9534974 0.3014011
vn 0.1567621 0.8825235 0.4433713
vn 0.8572363 0.4909782 0.155198
vn 0.8572363 0.4909782 0.155198
vn 0 0.9534982 0.3013991
vn -0.1567571 0.8825234 0.4433732
vn 0 0.2325961 0.9725734
vn 0 0.2325961 0.9725734
vn -0.8572375 0.4909747 0.1552019
vn -0.8572375 0.4909747 0.1552019
vn 0 -0.9164662 -0.4001121
vn 0 -0.8207991 -0.571217
vn 0 -0.8207991 -0.571217
vn 0 -0.9164662 -0.4001121
vn 0 -0.9769145 -0.2136309
vn 0 -0.9769145 -0.2136311
vn 0 -0.9998208 -0.01893699
vn 0 -0.9998208 -0.01893699
vn 0 -0.9843042 0.17648
vn 0 -0.9843042 0.17648
vn 0 -0.930962 0.365116
vn 0 -0.930962 0.365116
vn 0 -0.8418428 0.5397228
vn 0 -0.8418428 0.5397228
vn 0 -0.720372 0.693588
vn 0 -0.720372 0.693588
vn 0 -0.5712188 0.8207977
vn 0 -0.5712188 0.8207977
vn 0 -0.4001129 0.9164658
vn 0 -0.4001129 0.9164658
vn 0 -0.2136311 0.9769145
vn 0 -0.2136309 0.9769145
vn 0 -0.01893999 0.9998206
vn 0 -0.01893999 0.9998206
vn 0 0.1764791 0.9843044
vn 0 0.1764791 0.9843044
vn 0 0.3215981 0.9468763
vn 0 0.3215981 0.9468763
vn 0 0.5001449 0.8659418
vn 0 0.5001449 0.8659418
vn 0 0.693588 0.720372
vn 0 0.693588 0.720372
vn 0 0.8207991 0.571217
vn 0 0.8207991 0.571217
vn 0 0.9164662 0.4001121
vn 0 0.9164662 0.4001121
vn 0 0.9769145 0.2136311
vn 0 0.9769145 0.2136311
vn 0 0.9998206 0.01893799
vn 0 0.9998206 0.01893799
vn 0 0.9843042 -0.17648
vn 0 0.9843042 -0.17648
vn 0 0.9309617 -0.3651169
vn 0 0.9309617 -0.3651169
vn 0 0.841842 -0.539724
vn 0 0.841842 -0.539724
vn 0 0.720372 -0.693588
vn 0 0.720372 -0.693588
vn 0 0.571217 -0.8207991
vn 0 0.571217 -0.8207991
vn 0 0.4001121 -0.9164662
vn 0 0.4001121 -0.9164662
vn 0 0.2136299 -0.9769146
vn 0 0.2136299 -0.9769146
vn 0 0.01893799 -0.9998206
vn 0 0.01893799 -0.9998206
vn 0 -0.2218899 -0.9750717
vn 0 -0.2218899 -0.9750717
vn 0 -0.4078541 -0.9130471
vn 0 -0.4078541 -0.9130471
vn 0 -0.539724 -0.841842
vn 0 -0.539724 -0.841842
vn 0 -0.693589 -0.720371
vn 0 -0.693589 -0.720371
vn 0 -0.8207991 -0.571217
vn 0 -0.8207991 -0.571217
vn -1 0 0
vn -1 0 0
vn -1 0 0
vn -1 0 0
vn -1 0 0
vn -1 0 0
vn -1 0 0
vn -1 0 0
vn -1 0 0
vn -1 0 0
vn -1 0 0
vn -1 0 0
vn -1 0 0
vn -1 0 0
vn -1 0 0
vn -1 0 0
vn -1 0 0
vn -1 0 0
vn -1 0 0
vn -1 0 0
vn -1 0 0
vn -1 0 0
vn -1 0 0
vn -1 0 0
vn -1 0 0
vn -1 0 0
vn -1 0 0
vn -1 0 0
vn -1 0 0
vn -1 0 0
vn -1 0 0
vn -1 0 0
vn 1 0 0
vn 1 0 0
vn 1 0 0
vn 1 0 0
vn 1 0 0
vn 1 0 0
vn 1 0 0
vn 1 0 0
vn 1 0 0
vn 1 0 0
vn 1 0 0
vn 1 0 0
vn 1 0 0
vn 1 0 0
vn 1 0 0
vn 1 0 0
vn 1 0 0
vn 1 0 0
vn 1 0 0
vn 1 0 0
vn 1 0 0
vn 1 0 0
vn 1 0 0
vn 1 0 0
vn 1 0 0
vn 1 0 0
vn 1 0 0
vn 1 0 0
vn 1 0 0
vn 1 0 0
vn 1 0 0
vn 1 0 0
vn -0.9439138 -0.2325249 -0.2344329
vn -0.957867 0.14758 0.246396
vn -0.9578668 0.202262 0.203915
vn -0.9439147 -0.1696649 -0.2832649
vn -0.9578653 0.08432502 0.2745601
vn -0.5767592 -0.5752802 -0.5800012
vn -0.9439157 -0.09694497 -0.3156339
vn -0.9578662 0.01617 0.286759
vn -0.5767611 -0.419761 -0.7008191
vn 0 -0.7042139 -0.7099879
vn -0.9439145 -0.01859001 -0.3296662
vn -0.957868 -0.052925 0.28229
vn 0 -0.51384 -0.8578861
vn 0.576758 -0.5752859 -0.5799969
vn -0.5767609 -0.239847 -0.7809099
vn -0.9439133 0.06084402 -0.3245391
vn -0.9578665 -0.1189439 0.2614268
vn 0.5767572 -0.4197662 -0.7008193
vn 0.9439119 -0.23253 -0.234436
vn -0.5767588 -0.04599299 -0.8156188
vn 0 -0.2936001 -0.9559284
vn -0.9439142 0.136743 -0.3005451
vn -0.9578668 -0.17805 0.225365
vn 0.9439122 -0.169668 -0.2832711
vn 0.9578652 0.202261 0.203923
vn 0.5767561 -0.239848 -0.7809131
vn -0.576762 0.150533 -0.802923
vn 0 -0.05630099 -0.9984138
vn -0.9439144 0.2046961 -0.2590851
vn -0.9578675 -0.2268091 0.1762031
vn 0.9578652 0.147583 0.246401
vn 0.5993331 0.5637201 0.5683481
vn 0.9439125 -0.09694605 -0.3156432
vn 0.5767559 -0.04599299 -0.8156208
vn -0.5767629 0.338311 -0.7435659
vn 0 0.1842711 -0.9828755
vn -0.9439141 0.260751 -0.202571
vn -0.9578672 -0.2623871 0.116806
vn 0.5993348 0.4113259 0.6867378
vn 0 0.7042129 0.7099889
vn 0.9578662 0.08432803 0.2745561
vn 0.9439121 -0.018591 -0.329673
vn 0.576755 0.150533 -0.8029281
vn -0.5767623 0.5064292 -0.6409953
vn 0 0.4141319 -0.9102169
vn 0 0.5138392 0.8578865
vn -0.5993403 0.5637213 0.5683393
vn 0.5993378 0.2350269 0.7652167
vn 0.9578665 0.01617101 0.2867581
vn 0.9439102 0.06084501 -0.3245481
vn 0.5767559 0.3383119 -0.7435709
vn 0 0.6199284 -0.7846584
vn -0.5993399 0.4113249 0.6867339
vn -0.9578668 0.202262 0.203915
vn -0.957867 0.14758 0.246396
vn 0 0.2936001 0.9559284
vn -0.599339 0.235026 0.7652161
vn -0.9578653 0.08432502 0.2745601
vn 0.599337 0.04506901 0.7992271
vn -0.59934 0.045069 0.7992249
vn -0.9578662 0.01617 0.286759
vn 0 0.05630099 0.9984138
vn 0.9578668 -0.05292599 0.2822939
vn -0.5993391 -0.147508 0.7867872
vn -0.957868 -0.052925 0.28229
vn 0 -0.1842709 0.9828755
vn 0.5993351 -0.147508 0.7867901
vn 0.9439109 0.136746 -0.300554
vn -0.5993363 -0.3315111 0.7286263
vn -0.9578665 -0.1189439 0.2614268
vn 0.9578658 -0.118946 0.261429
vn 0 -0.414134 0.9102159
vn 0.5993322 -0.3315121 0.7286293
vn 0.5767561 0.50643 -0.641
vn -0.5993379 -0.4962479 0.6281179
vn -0.9578668 -0.17805 0.225365
vn 0.943911 0.204699 -0.259095
vn 0.9578663 -0.1780541 0.2253641
vn 0 -0.6199301 0.7846571
vn 0.5993348 -0.4962529 0.6281168
vn -0.5993389 -0.6321469 0.4911039
vn -0.9578675 -0.2268091 0.1762031
vn 0 -0.7896957 0.6134987
vn 0.5993348 -0.6321518 0.4911028
vn 0.9578665 -0.2268149 0.1762009
vn 0.943911 0.260756 -0.202579
vn -0.5993398 -0.7313069 0.3255489
vn -0.9578672 -0.2623871 0.116806
vn 0 -0.9135684 0.4066852
vn 0.5993339 -0.7313089 0.325555
vn 0.9578657 -0.2623919 0.116807
vn -0.5993391 -0.7879661 0.141075
vn -0.9578673 -0.2827161 0.05061601
vn 0 -0.9843481 0.176235
vn 0.599333 -0.78797 0.141079
vn -0.5993377 -0.7988316 -0.05159798
vn -0.9578666 -0.2866159 -0.01851699
vn 0 -0.9979208 -0.06445298
vn -0.5993347 -0.7632737 -0.2412699
vn -0.9578653 -0.2738591 -0.08657502
vn 0.9439114 0.3016591 -0.1342871
vn 0.9578657 -0.2827209 0.05061898
vn 0.5993338 -0.7988347 -0.05159498
vn 0 -0.9534984 -0.3013981
vn -0.5993329 -0.6833559 -0.416923
vn -0.9578641 -0.245187 -0.149598
vn 0.9439109 0.325032 -0.05819299
vn 0.9578654 -0.2866201 -0.01851201
vn 0.5993339 -0.7632749 -0.2412679
vn 0 -0.853664 -0.5208241
vn -0.5993331 -0.5637241 -0.5683441
vn -0.9578652 -0.202263 -0.203921
vn 0.9439111 0.329513 0.021284
vn 0.9578652 -0.273862 -0.08656701
vn 0.599336 -0.6833569 -0.4169169
vn 0 -0.7042164 -0.7099854
vn -0.5993348 -0.4113278 -0.6867367
vn -0.9578651 -0.147584 -0.246401
vn 0.9439122 0.314842 0.09952002
vn 0.9578657 -0.2451879 -0.1495869
vn 0.5993409 -0.563723 -0.568337
vn 0 -0.5138388 -0.8578867
vn -0.599334 -0.235026 -0.76522
vn -0.9578658 -0.08432799 -0.2745579
vn 0.943913 0.281875 0.171973
vn 0.957867 -0.202262 -0.203914
vn 0.5993379 -0.411326 -0.6867349
vn 0 -0.2936022 -0.9559277
vn -0.5993342 -0.04506901 -0.7992292
vn -0.9578666 -0.01617099 -0.2867579
vn 0.9439141 0.232525 0.234432
vn 0.9578673 -0.147581 -0.2463941
vn 0.5993382 -0.2350271 -0.7652163
vn 0 -0.05630199 -0.9984138
vn -0.5993328 0.1475089 -0.7867917
vn -0.957866 0.052925 -0.282297
vn 0.9439137 0.1696649 0.2832679
vn 0.9578671 -0.084325 -0.274554
vn 0.5993388 -0.04506998 -0.7992257
vn 0 0.1842711 -0.9828755
vn -0.599331 0.331513 -0.7286299
vn -0.9578651 0.118946 -0.261431
vn 0.9439127 0.09694497 0.3156429
vn 0.9578653 -0.01617001 -0.2867621
vn 0.5993381 0.147507 -0.7867882
vn 0 0.4141352 -0.9102154
vn -0.5993338 0.4962518 -0.6281188
vn -0.9578653 0.1780541 -0.2253681
vn 0.9439145 0.01859001 0.3296662
vn 0.9578655 0.05292498 -0.2822989
vn 0.5993402 0.3315131 -0.7286222
vn 0 0.6199301 -0.7846571
vn -0.5993353 0.6321502 -0.4911042
vn -0.9578652 0.226814 -0.176209
vn 0.9439144 -0.06084403 0.3245361
vn 0.9578672 0.118945 -0.261424
vn 0.5993392 0.4962511 -0.6281142
vn 0 0.7896979 -0.6134959
vn -0.5993347 0.7313106 -0.3255498
vn -0.9578653 0.2623921 -0.116809
vn 0.9439141 -0.136744 0.300545
vn 0.9578661 0.17805 -0.225368
vn 0.5993416 0.6321486 -0.4910987
vn 0 0.9135693 -0.4066831
vn -0.5993351 0.7879691 -0.141075
vn -0.9578655 0.2827218 -0.05061597
vn 0.9439147 -0.2046949 0.2590849
vn 0.9578663 0.2268101 -0.1762081
vn 0.5993422 0.7313062 -0.3255461
vn 0 0.9843476 -0.1762379
vn -0.5993342 0.7988343 0.05159602
vn -0.9578654 0.2866201 0.01851401
vn 0.9439147 -0.2607509 0.2025689
vn 0.9578673 0.2623891 -0.1168
vn 0.5993399 0.7879649 -0.141078
vn 0 0.9979208 0.06445298
vn -0.5993351 0.7632731 0.241271
vn -0.9578652 0.273862 0.08656701
vn 0.9439142 -0.301652 0.134283
vn 0.9578671 0.282717 -0.05061501
vn 0.5993382 0.7988313 0.05159602
vn 0 0.9534978 0.3013999
vn -0.599337 0.6833541 0.41692
vn -0.9578657 0.2451879 0.1495869
vn -0.5993403 0.5637213 0.5683393
vn -0.9578668 0.202262 0.203915
vn 0 0.7042129 0.7099889
vn 0 0.8536605 0.5208297
vn 0.5993331 0.5637201 0.5683481
vn 0.5993341 0.6833541 0.4169241
vn 0.9578652 0.202261 0.203923
vn 0.5993358 0.7632728 0.2412699
vn 0.9578653 0.2451861 0.149592
vn 0.9439119 -0.23253 -0.234436
vn 0.9578658 0.2738589 0.08657098
vn 0.9439117 -0.2818779 -0.171975
vn 0.576758 -0.5752859 -0.5799969
vn 0.9578666 0.2866159 0.01851399
vn 0.5767567 -0.6973716 -0.4254697
vn 0 -0.7042139 -0.7099879
vn 0.943913 -0.314841 -0.09951501
vn 0.9439136 -0.3295062 -0.02128101
vn 0 -0.853661 -0.520829
vn -0.5767592 -0.5752802 -0.5800012
vn 0.5767568 -0.7789286 -0.2462149
vn 0.9439141 -0.325023 0.05819201
vn -0.5767568 -0.6973678 -0.4254759
vn -0.9439138 -0.2325249 -0.2344329
vn 0.5767588 -0.8152158 -0.05265398
vn 0 -0.9534982 -0.3013991
vn 0.5767597 -0.8041276 0.1439689
vn -0.9439129 -0.281874 -0.171975
vn -0.9578668 0.202262 0.203915
vn -0.9578657 0.2451879 0.1495869
vn 0 -0.9979207 -0.06445398
vn -0.5767552 -0.7789282 -0.2462201
vn -0.9439117 -0.3148419 -0.09952397
vn -0.9578652 0.273862 0.08656701
vn 0.5767611 -0.7463071 0.3322231
vn -0.5767559 -0.8152179 -0.052652
vn -0.9439122 -0.3295101 -0.02128
vn -0.9578654 0.2866201 0.01851401
vn 0 -0.9843478 0.176237
vn 0.5767609 -0.6451129 0.5011749
vn -0.5767548 -0.8041307 0.143971
vn -0.9439116 -0.3250299 0.05819497
vn -0.9578655 0.2827218 -0.05061597
vn 0 -0.9135689 0.406684
vn 0.5767587 -0.5064277 0.6409996
vn -0.5767558 -0.7463087 0.3322289
vn -0.9439121 -0.301658 0.134285
vn -0.9578653 0.2623921 -0.116809
vn 0 -0.7896957 0.6134987
vn 0.5767578 -0.3383109 0.7435698
vn -0.5767564 -0.6451134 0.5011793
vn -0.9439119 -0.2607559 0.202575
vn -0.9578652 0.226814 -0.176209
vn 0 -0.6199272 0.7846593
vn 0.5767574 -0.1505321 0.8029265
vn -0.576754 -0.50643 0.641002
vn -0.9439117 -0.2046989 0.2590929
vn -0.9578653 0.1780541 -0.2253681
vn 0 -0.4141331 0.9102163
vn 0.5767581 0.04599302 0.8156192
vn -0.5767568 -0.3383149 0.7435688
vn -0.9439117 -0.136746 0.3005519
vn -0.9578651 0.118946 -0.261431
vn 0 -0.1842699 0.9828757
vn 0.576759 0.239848 0.780911
vn -0.576759 -0.150535 0.8029249
vn -0.9439122 -0.06084601 0.3245421
vn -0.957866 0.052925 -0.282297
vn 0 0.05630099 0.9984138
vn 0.5767623 0.4197642 0.7008162
vn -0.5767552 0.04599401 0.8156213
vn -0.9439099 0.018591 0.329679
vn -0.9578666 -0.01617099 -0.2867579
vn 0 0.293601 0.955928
vn 0.5767599 0.5752829 0.5799979
vn -0.5767543 0.2398481 0.7809144
vn -0.9439116 0.09694695 0.3156458
vn -0.9578658 -0.08432799 -0.2745579
vn 0 0.5138381 0.8578872
vn 0.5767564 0.6973704 0.4254722
vn -0.5767522 0.4197612 0.7008263
vn -0.943912 0.169668 0.283272
vn -0.9578651 -0.147584 -0.246401
vn 0 0.7042109 0.7099909
vn 0.5767537 0.7789297 0.2462189
vn -0.5767533 0.5752822 0.5800052
vn -0.9439113 0.2325301 0.2344381
vn -0.9578652 -0.202263 -0.203921
vn 0 0.8536592 0.5208321
vn 0.5767529 0.8152198 0.05265599
vn -0.5767549 0.6973699 0.425475
vn -0.9439128 0.281878 0.171969
vn -0.9578641 -0.245187 -0.149598
vn 0 0.9534974 0.3014011
vn 0.5767537 0.8041316 -0.1439699
vn -0.5767559 0.7789289 0.246216
vn -0.943913 0.314842 0.09951201
vn -0.9578653 -0.2738591 -0.08657502
vn 0 0.9979207 0.06445498
vn 0.5767562 0.7463092 -0.3322271
vn -0.5767571 0.8152172 0.05265001
vn -0.9439127 0.3295089 0.02127699
vn -0.9578666 -0.2866159 -0.01851699
vn 0 0.9843478 -0.176237
vn 0.5767559 0.6451158 -0.5011769
vn -0.5767579 0.8041289 -0.143969
vn -0.9439137 0.3250239 -0.05819198
vn -0.9578673 -0.2827161 0.05061601
vn 0 0.9135667 -0.4066889
vn 0 0.7896948 -0.6134998
vn -0.5767599 0.7463059 -0.332228
vn -0.943914 0.301653 -0.134283
vn -0.5767609 0.6451129 -0.5011749
vn 0.7071079 -0.6742229 -0.213124
vn 0.500001 -0.8257521 -0.261022
vn 0.500001 -0.8257521 -0.261022
vn 0.7071079 -0.6742229 -0.213124
vn 0.8660258 -0.4767479 -0.150701
vn 0.8660255 -0.4767483 -0.1507011
vn 0.9659257 -0.2467829 -0.07801098
vn 0.9659257 -0.2467829 -0.07801098
vn 1 0 0
vn 1 0 0
vn 0.9659259 0.246783 0.07800699
vn 0.9659259 0.246783 0.07800699
vn 0.8660258 0.4767479 0.150701
vn 0.8660255 0.4767483 0.1507011
vn 0.7071061 0.6742251 0.213123
vn 0.7071061 0.6742251 0.213123
vn 0.499999 0.8257539 0.26102
vn 0.499999 0.8257539 0.26102
vn 0.2588191 0.9210082 0.2911301
vn 0.2588191 0.9210082 0.2911301
vn 0 0.9534975 0.3014008
vn 0 0.9534975 0.3014008
vn -0.2588201 0.9210082 0.291129
vn -0.2588201 0.9210082 0.291129
vn -0.5000009 0.8257528 0.2610199
vn -0.5000009 0.8257528 0.2610199
vn -0.7071071 0.6742241 0.213123
vn -0.7071066 0.6742246 0.2131229
vn -0.8660258 0.4767479 0.150701
vn -0.8660258 0.4767479 0.150701
vn -0.9659257 0.2467829 0.07801098
vn -0.9659257 0.2467829 0.07801098
vn -1 0 0
vn -1 0 0
vn -0.9659263 -0.2467821 -0.07800602
vn -0.9659263 -0.2467821 -0.07800602
vn -0.866025 -0.47675 -0.150699
vn -0.866025 -0.47675 -0.150699
vn -0.7071061 -0.674226 -0.21312
vn -0.7071066 -0.6742256 -0.2131199
vn -0.5000009 -0.8257528 -0.2610199
vn -0.5000009 -0.8257528 -0.2610199
vn -0.258819 -0.9210079 -0.291131
vn -0.258819 -0.9210079 -0.291131
vn 0 -0.9534975 -0.3014008
vn 0 -0.9534975 -0.3014008
vn 0.258819 -0.9210079 -0.291131
vn 0.258818 -0.9210081 -0.291131
vn 0.500001 -0.8257521 -0.261022
vn 0.500001 -0.8257521 -0.261022
vn -0.5000009 0.8257537 0.2610169
vn -0.7071072 0.6742252 0.2131191
vn -0.5000009 0.8257537 0.2610169
vn -0.7071072 0.6742252 0.2131191
vn -0.8660251 0.4767501 0.150698
vn -0.8660251 0.4767501 0.150698
vn -0.9659265 0.2467822 0.07800405
vn -0.9659265 0.2467819 0.07800396
vn -1 0 0
vn -1 0 0
vn -0.9659259 -0.246782 -0.07801099
vn -0.9659259 -0.246782 -0.07801099
vn -0.866026 -0.476748 -0.150699
vn -0.866026 -0.476748 -0.150699
vn -0.7071052 -0.6742252 -0.213126
vn -0.7071052 -0.6742252 -0.213126
vn -0.499999 -0.8257521 -0.261026
vn -0.499999 -0.8257521 -0.261026
vn -0.2588169 -0.9210078 -0.2911329
vn -0.2588169 -0.9210078 -0.2911329
vn 0 -0.9534972 -0.3014021
vn 0 -0.9534972 -0.3014021
vn 0.258818 -0.921006 -0.291138
vn 0.258818 -0.921006 -0.291138
vn 0.500002 -0.8257509 -0.261024
vn 0.5000013 -0.8257514 -0.2610241
vn 0.7071071 -0.674225 -0.21312
vn 0.7071071 -0.674225 -0.21312
vn 0.866025 -0.47675 -0.150699
vn 0.866025 -0.47675 -0.150699
vn 0.9659257 -0.2467849 -0.07800398
vn 0.9659257 -0.2467849 -0.07800398
vn 1 0 0
vn 1 0 0
vn 0.9659255 0.2467849 0.07800797
vn 0.9659257 0.2467839 0.07800798
vn 0.8660255 0.4767503 0.1506951
vn 0.8660255 0.4767503 0.1506951
vn 0.7071077 0.6742257 0.2131159
vn 0.7071072 0.6742262 0.2131161
vn 0.500001 0.825753 0.261019
vn 0.500001 0.825753 0.261019
vn 0.2588189 0.9210076 0.2911319
vn 0.2588189 0.9210076 0.2911319
vn 0 0.9534978 0.3013999
vn 0 0.9534978 0.3013999
vn -0.2588191 0.9210082 0.2911301
vn -0.2588191 0.9210082 0.2911301
vn -0.5000009 0.8257537 0.2610169
vn -0.5000009 0.8257537 0.2610169
vn 0.4900549 -0.869144 -0.066595
vn 0.6930411 -0.7206301 -0.019652
vn 0.4900549 -0.869144 -0.066595
vn 0.6930411 -0.7206301 -0.019652
vn 0.8487985 -0.5270827 0.04153197
vn 0.8487982 -0.5270832 0.04153201
vn 0.9467113 -0.3016921 0.112781
vn 0.9467113 -0.3016921 0.112781
vn 0.9801083 -0.05981702 0.1892341
vn 0.9801083 -0.05981702 0.1892341
vn 0.9467116 0.1820589 0.2656909
vn 0.9467116 0.1820589 0.2656909
vn 0.8487981 0.4074481 0.3369391
vn 0.8487981 0.4074481 0.3369391
vn 0.6930417 0.6009958 0.3981169
vn 0.6930417 0.6009958 0.3981169
vn 0.490053 0.7495111 0.445063
vn 0.490053 0.7495111 0.445063
vn 0.25367 0.8428701 0.474575
vn 0.253671 0.8428699 0.474575
vn 0 0.8747137 0.4846399
vn 0 0.8747137 0.4846399
vn -0.253672 0.8428701 0.474574
vn -0.253672 0.8428701 0.474574
vn -0.4900552 0.7495102 0.4450622
vn -0.4900552 0.7495102 0.4450622
vn -0.6930401 0.6009971 0.3981181
vn -0.6930401 0.6009971 0.3981181
vn -0.8487976 0.4074468 0.3369418
vn -0.8487976 0.4074468 0.3369418
vn -0.9467112 0.182054 0.265696
vn -0.9467114 0.1820541 0.2656951
vn -0.9801073 -0.05981902 0.1892391
vn -0.9801073 -0.05981902 0.1892391
vn -0.9467112 -0.3016911 0.112785
vn -0.9467112 -0.3016911 0.112785
vn -0.8487992 -0.5270811 0.04153801
vn -0.8487988 -0.5270819 0.04153799
vn -0.6930417 -0.7206298 -0.01964599
vn -0.6930417 -0.7206298 -0.01964599
vn -0.4900539 -0.8691447 -0.06659199
vn -0.4900539 -0.8691447 -0.06659199
vn -0.2536691 -0.9625052 -0.09610301
vn -0.2536691 -0.9625052 -0.09610301
vn 0 -0.9943483 -0.106167
vn 0 -0.9943483 -0.106167
vn 0.253671 -0.9625049 -0.09610198
vn 0.2536719 -0.9625045 -0.09610195
vn 0.4900549 -0.869144 -0.066595
vn 0.4900549 -0.869144 -0.066595
vn 0.5000009 -0.8257528 -0.2610199
vn 0.8660253 -0.4767492 -0.1507001
vn 0.5000002 -0.8257532 -0.2610201
vn 0.8660255 -0.4767487 -0.1506999
vn 1 0 0
vn 1 0 0
vn 0.866025 0.47675 0.150699
vn 0.8660249 0.47675 0.1507
vn 0.4999991 0.8257542 0.2610191
vn 0.4999991 0.8257542 0.2610191
vn 0.000153 0.9534981 0.301399
vn 0.000153 0.9534981 0.301399
vn -0.4993502 0.8261113 0.2611311
vn -0.4993502 0.8261113 0.2611311
vn -0.8655049 0.4776079 0.15097
vn -0.8655049 0.4776079 0.15097
vn -0.9999999 0.0004229999 0.000134
vn -0.9999999 0.0004229999 0.000134
vn -0.8660244 -0.4767512 -0.1506991
vn -0.8660251 -0.4767501 -0.150698
vn -0.4999992 -0.8257543 -0.2610181
vn -0.4999999 -0.8257539 -0.261018
vn 0 -0.9534978 -0.3013999
vn 0 -0.9534978 -0.3013999
vn 0.5000002 -0.8257532 -0.2610201
vn 0.5000009 -0.8257528 -0.2610199
vn 0.976255 0.21576 0.019331
vn 0.8399063 -0.5015382 -0.2074051
vn 0.8399063 -0.5015382 -0.2074051
vn 0.9762555 0.2157581 0.01933101
vn 0.5407271 0.8148932 0.208718
vn 0.5407271 0.8148932 0.208718
vn -0.211551 0.9449011 0.249816
vn -0.211552 0.9449009 0.249816
vn -0.8399087 0.5296227 0.1185459
vn -0.8399091 0.5296221 0.118546
vn -0.9762546 -0.1876749 -0.10819
vn -0.9762548 -0.187674 -0.10819
vn -0.5407281 -0.7868051 -0.2975751
vn -0.5407281 -0.7868051 -0.2975751
vn 0.2115499 -0.9168137 -0.3386729
vn 0.2115511 -0.9168133 -0.3386731
vn 0.8399063 -0.5015382 -0.2074051
vn 0.8399063 -0.5015382 -0.2074051
vn 0 -0.3014021 0.9534972
vn 0 -0.3014021 0.9534972
vn 0 -0.3014021 0.9534972
vn 0 -0.3014021 0.9534972
vn 0 -0.3014021 0.9534972
vn 0 -0.3014021 0.9534972
vn 0 -0.3014021 0.9534972
vn 0 -0.3014021 0.9534972
vn 0 -0.3014021 0.9534972
vn 0 -0.3014021 0.9534972
vn 0 -0.3014021 0.9534972
vn 0 -0.3014021 0.9534972
vn 0 -0.3014021 0.9534972
vn 0 -0.3014021 0.9534972
vn 0 0.3014051 -0.9534961
vn 0.3217701 0.08093601 -0.9433522
vn 0.3217701 0.08093601 -0.9433522
vn 0 0.3014051 -0.9534961
vn -0.3217769 0.4759888 -0.8184707
vn -0.3217769 0.4759888 -0.8184707
vn -0.59455 0.578091 -0.558857
vn -0.59455 0.57809 -0.558858
vn -0.7768168 0.5921929 -0.2141569
vn -0.776817 0.592193 -0.214156
vn -0.8408208 0.5161419 0.16315
vn -0.8408208 0.5161419 0.16315
vn -0.776818 0.361512 0.515619
vn -0.776818 0.361512 0.515619
vn -0.5945489 0.151843 0.7895919
vn -0.5945483 0.1518431 0.7895924
vn -0.321773 -0.08093999 0.9433509
vn -0.321773 -0.08093999 0.9433509
vn 0 -0.3014011 0.9534974
vn 0 -0.3013999 0.9534978
vn 0.321761 -0.475968 0.818489
vn 0.321761 -0.475968 0.818489
vn 0.5945477 -0.5780877 0.5588627
vn 0.594548 -0.578088 0.558862
vn 0.776818 -0.5921971 0.214141
vn 0.776818 -0.5921971 0.214141
vn 0.8408198 -0.5161429 -0.1631519
vn 0.8408198 -0.5161429 -0.1631519
vn 0.7768229 -0.3615129 -0.5156109
vn 0.776823 -0.361514 -0.51561
vn 0.5945553 -0.1518461 -0.7895864
vn 0.5945543 -0.1518451 -0.7895874
vn 0.3217701 0.08093601 -0.9433522
vn 0.3217701 0.08093601 -0.9433522
vn 0.299358 -0.465411 0.832933
vn -0.1927241 -0.5670842 0.8007953
vn 0 -0.3013981 0.9534984
vn 0.100695 -0.708211 0.698783
vn 0.5945507 -0.5780916 0.5588557
vn -0.382771 -0.7800241 0.495024
vn 0.3932649 -0.8016187 0.4502779
vn 0.785723 -0.589631 0.187015
vn -0.09776198 -0.9030747 0.4182089
vn 0.5577204 -0.8249336 0.09182907
vn 0.8408201 -0.5161461 -0.16314
vn -0.1935369 -0.9801607 0.04276098
vn -0.505845 -0.856495 0.102651
vn 0.172924 -0.9348802 0.3099941
vn 0.200958 -0.9793639 0.021503
vn 0.5930038 -0.7677578 -0.2426819
vn 0.7857268 -0.3750179 -0.4919299
vn -0.2064879 -0.9329486 -0.2949059
vn -0.5413131 -0.8017222 -0.2534201
vn 0.2117841 -0.9318686 -0.2945651
vn 0.557722 -0.622278 -0.549287
vn 0.5945499 -0.151845 -0.7895908
vn -0.1935389 -0.7775036 -0.5983567
vn -0.505844 -0.641885 -0.576286
vn 0.2009541 -0.7890683 -0.5805072
vn 0.3932651 -0.3971731 -0.8292142
vn 0.299357 0.09789202 -0.9491061
vn -0.09776296 -0.4986308 -0.8612837
vn -0.382771 -0.353783 -0.853419
vn -0.192723 -0.003782 -0.981246
vn 0.172919 -0.5868539 -0.7910129
vn 0.100694 -0.1779029 -0.9788826
vn 0 0.301403 -0.9534969
vn -0.299355 -0.097891 0.9491069
vn 0.1927211 0.003784001 0.9812463
vn 0 -0.3013981 0.9534984
vn -0.10069 0.177902 0.9788832
vn -0.5945458 0.1518449 0.7895938
vn 0.3827651 0.3537791 0.8534233
vn -0.3932629 0.3971679 0.8292177
vn -0.785724 0.375017 0.491935
vn 0.09776204 0.4986282 0.8612853
vn -0.5577191 0.622278 0.5492901
vn -0.8408201 0.5161411 0.163156
vn 0.193538 0.7775021 0.598359
vn 0.5058441 0.6418812 0.5762902
vn -0.1729169 0.5868588 0.7910098
vn -0.200952 0.7890719 0.580503
vn -0.5930007 0.7677576 0.2426899
vn -0.785725 0.58963 -0.18701
vn 0.206487 0.9329482 0.294908
vn 0.5413137 0.8017196 0.2534269
vn -0.2117841 0.9318686 0.2945651
vn -0.5577182 0.8249353 -0.09182803
vn -0.5945438 0.5780898 -0.5588648
vn 0.1935381 0.9801603 -0.04276402
vn 0.5058472 0.8564934 -0.102654
vn -0.200957 0.979364 -0.021505
vn -0.3932611 0.8016182 -0.4502821
vn -0.2993509 0.4654128 -0.8329346
vn 0.09776197 0.9030738 -0.4182109
vn 0.3827669 0.7800218 -0.4950308
vn 0.1927221 0.5670862 -0.8007942
vn -0.172923 0.934881 -0.309992
vn -0.10069 0.7082138 -0.6987808
vn 0 0.301403 -0.9534969
vn -0.2993509 0.4654128 -0.8329346
vn -0.192723 -0.003782 -0.981246
vn 0 0.301403 -0.9534969
vn -0.4646702 0.1691471 -0.8691784
vn -0.5945438 0.5780898 -0.5588648
vn -0.382771 -0.353783 -0.853419
vn -0.7350319 0.295435 -0.6102839
vn -0.785725 0.58963 -0.18701
vn -0.6286373 -0.1727511 -0.7582693
vn -0.9216921 0.285863 -0.262233
vn -0.8408201 0.5161411 0.163156
vn -0.7588974 -0.4304542 -0.4886552
vn -0.505844 -0.641885 -0.576286
vn -0.7979812 0.009135002 -0.6026131
vn -0.9273407 -0.09646297 -0.3615719
vn -0.978449 0.196886 0.062237
vn -0.785724 0.375017 0.491935
vn -0.805199 -0.565428 -0.178734
vn -0.5413131 -0.8017222 -0.2534201
vn -0.9773163 -0.2019351 -0.06383602
vn -0.921693 0.083208 0.378891
vn -0.5945458 0.1518449 0.7895938
vn -0.7588983 -0.6331132 0.15245
vn -0.505845 -0.856495 0.102651
vn -0.9273446 -0.2867599 0.2404179
vn -0.7350291 -0.10901 0.6692151
vn -0.299355 -0.097891 0.9491069
vn -0.6286322 -0.5772032 0.5212082
vn -0.382771 -0.7800241 0.495024
vn -0.1927241 -0.5670842 0.8007953
vn -0.7979812 -0.3389001 0.4983701
vn -0.4646638 -0.3611628 0.8084856
vn 0 -0.3013981 0.9534984
vn 0.299357 0.09789202 -0.9491061
vn 0.1927221 0.5670862 -0.8007942
vn 0 0.301403 -0.9534969
vn 0.464664 0.361166 -0.808484
vn 0.5945499 -0.151845 -0.7895908
vn 0.3827669 0.7800218 -0.4950308
vn 0.7350278 0.109009 -0.6692168
vn 0.7857268 -0.3750179 -0.4919299
vn 0.6286243 0.5771992 -0.5212222
vn 0.9216922 -0.08321202 -0.3788921
vn 0.8408201 -0.5161461 -0.16314
vn 0.7588953 0.6331142 -0.1524611
vn 0.5058472 0.8564934 -0.102654
vn 0.7979732 0.3388941 -0.4983871
vn 0.9273416 0.2867559 -0.2404339
vn 0.9784492 -0.196888 -0.06222701
vn 0.785723 -0.589631 0.187015
vn 0.8051999 0.565427 0.178733
vn 0.5413137 0.8017196 0.2534269
vn 0.9773162 0.201936 0.06383502
vn 0.921692 -0.285868 0.262228
vn 0.5945507 -0.5780916 0.5588557
vn 0.7588945 0.4304587 0.4886557
vn 0.5058441 0.6418812 0.5762902
vn 0.9273411 0.09646101 0.3615711
vn 0.7350319 -0.2954409 0.6102809
vn 0.299358 -0.465411 0.832933
vn 0.6286221 0.17275 0.7582821
vn 0.3827651 0.3537791 0.8534233
vn 0.1927211 0.003784001 0.9812463
vn 0.7979717 -0.009132996 0.6026257
vn 0.4646632 -0.1691451 0.8691824
vn 0 -0.3013981 0.9534984
vn 0.2993561 -0.4654101 0.8329341
vn -0.1927231 -0.5670831 0.8007962
vn 0 -0.3013969 0.9534987
vn 0.100691 -0.7082118 0.6987827
vn 0.5945513 -0.5780923 0.5588543
vn -0.3827659 -0.7800228 0.4950299
vn 0.3932669 -0.8016189 0.4502759
vn 0.7857233 -0.5896322 0.1870101
vn -0.09776502 -0.9030743 0.4182091
vn 0.5577223 -0.8249325 0.09182705
vn 0.8408194 -0.5161427 -0.1631549
vn -0.19354 -0.9801601 0.04276101
vn -0.5058458 -0.8564947 0.10265
vn 0.172922 -0.9348809 0.309993
vn 0.2009539 -0.9793647 0.02150399
vn 0.593005 -0.767755 -0.242688
vn 0.7857263 -0.3750171 -0.4919312
vn -0.2064931 -0.9329484 -0.2949031
vn -0.5413129 -0.8017207 -0.2534249
vn 0.2117851 -0.9318695 -0.2945612
vn 0.5577219 -0.6222739 -0.5492919
vn 0.5945491 -0.151851 -0.7895901
vn -0.19354 -0.7775049 -0.5983549
vn -0.5058459 -0.6418799 -0.5762899
vn 0.2009511 -0.7890713 -0.5805042
vn 0.3932632 -0.3971702 -0.8292164
vn 0.2993511 0.09788904 -0.9491084
vn -0.09776305 -0.4986262 -0.8612863
vn -0.3827632 -0.3537802 -0.8534235
vn -0.1927201 -0.003785002 -0.9812465
vn 0.172919 -0.5868522 -0.7910143
vn 0.10069 -0.177902 -0.9788832
vn 0 0.3013991 -0.9534982
vn -0.2993589 -0.09789097 0.9491057
vn 0.192724 0.003785999 0.9812458
vn 0 -0.3013969 0.9534987
vn -0.100692 0.177902 0.9788831
vn -0.5945523 0.1518481 0.7895883
vn 0.3827648 0.3537788 0.8534235
vn -0.3932649 0.3971679 0.8292168
vn -0.7857273 0.3750191 0.4919282
vn 0.09776004 0.4986252 0.8612874
vn -0.5577239 0.6222739 0.5492899
vn -0.8408198 0.5161439 0.163149
vn 0.1935411 0.7775043 0.5983552
vn 0.5058417 0.6418817 0.5762917
vn -0.172918 0.586853 0.7910139
vn -0.2009509 0.7890696 0.5805067
vn -0.5930058 0.7677547 0.2426869
vn -0.7857263 0.5896292 -0.1870071
vn 0.2064878 0.9329484 0.2949068
vn 0.541314 0.80172 0.253425
vn -0.2117811 0.9318686 0.2945671
vn -0.5577183 0.8249345 -0.09183306
vn -0.5945497 0.5780887 -0.5588597
vn 0.1935379 0.9801608 -0.04275399
vn 0.505847 0.8564942 -0.102647
vn -0.2009541 0.9793646 -0.02150601
vn -0.393262 0.8016149 -0.450287
vn -0.2993551 0.4654072 -0.8329362
vn 0.09775802 0.9030741 -0.4182111
vn 0.382769 0.780022 -0.495029
vn 0.1927219 0.5670799 -0.8007988
vn -0.172924 0.9348809 -0.309992
vn -0.100696 0.708204 -0.69879
vn 0 0.3013991 -0.9534982
vn -0.2993551 0.4654072 -0.8329362
vn -0.1927201 -0.003785002 -0.9812465
vn 0 0.3013991 -0.9534982
vn -0.4646627 0.1691459 -0.8691825
vn -0.5945497 0.5780887 -0.5588597
vn -0.3827632 -0.3537802 -0.8534235
vn -0.7350348 0.2954399 -0.6102779
vn -0.7857263 0.5896292 -0.1870071
vn -0.6286258 -0.1727509 -0.7582788
vn -0.9216928 0.2858689 -0.2622239
vn -0.8408198 0.5161439 0.163149
vn -0.7588949 -0.4304579 -0.488656
vn -0.5058459 -0.6418799 -0.5762899
vn -0.7979773 0.009137004 -0.6026182
vn -0.9273391 -0.096462 -0.361576
vn -0.9784484 0.1968901 0.06223302
vn -0.7857273 0.3750191 0.4919282
vn -0.8051972 -0.5654311 -0.178732
vn -0.5413129 -0.8017207 -0.2534249
vn -0.9773154 -0.2019401 -0.06383402
vn -0.921692 0.08321099 0.378893
vn -0.5945523 0.1518481 0.7895883
vn -0.758894 -0.633115 0.152464
vn -0.5058458 -0.8564947 0.10265
vn -0.9273384 -0.2867591 0.2404431
vn -0.7350334 -0.1090111 0.6692104
vn -0.2993589 -0.09789097 0.9491057
vn -0.6286243 -0.5771992 0.5212222
vn -0.3827659 -0.7800228 0.4950299
vn -0.1927231 -0.5670831 0.8007962
vn -0.7979717 -0.3388948 0.4983888
vn -0.4646679 -0.361168 0.8084809
vn 0 -0.3013969 0.9534987
vn 0.2993511 0.09788904 -0.9491084
vn 0.1927219 0.5670799 -0.8007988
vn 0 0.3013991 -0.9534982
vn 0.4646629 0.3611659 -0.8084847
vn 0.5945491 -0.151851 -0.7895901
vn 0.382769 0.780022 -0.495029
vn 0.7350292 0.109009 -0.6692152
vn 0.7857263 -0.3750171 -0.4919312
vn 0.628628 0.577199 -0.521218
vn 0.9216895 -0.08321004 -0.3788992
vn 0.8408194 -0.5161427 -0.1631549
vn 0.7588972 0.6331112 -0.152464
vn 0.505847 0.8564942 -0.102647
vn 0.797978 0.338893 -0.49838
vn 0.9273381 0.286758 -0.240445
vn 0.9784484 -0.1968881 -0.06224003
vn 0.7857233 -0.5896322 0.1870101
vn 0.8052011 0.5654251 0.178733
vn 0.541314 0.80172 0.253425
vn 0.977317 0.201934 0.063828
vn 0.9216899 -0.2858699 0.262233
vn 0.5945513 -0.5780923 0.5588543
vn 0.7588947 0.4304538 0.4886598
vn 0.5058417 0.6418817 0.5762917
vn 0.9273387 0.09646197 0.3615769
vn 0.7350319 -0.2954389 0.6102819
vn 0.2993561 -0.4654101 0.8329341
vn 0.6286291 0.172751 0.758276
vn 0.3827648 0.3537788 0.8534235
vn 0.192724 0.003785999 0.9812458
vn 0.7979777 -0.009131996 0.6026177
vn 0.4646689 -0.169143 0.8691798
vn 0 -0.3013969 0.9534987
vn 0.2993522 -0.4654123 0.8329345
vn -0.192721 -0.5670841 0.800796
vn 0 -0.3013978 0.9534985
vn 0.100687 -0.7082121 0.698783
vn 0.5945529 -0.5780889 0.558856
vn -0.3827632 -0.7800233 0.4950312
vn 0.393263 -0.801618 0.450281
vn 0.78573 -0.589624 0.187008
vn -0.09776302 -0.9030722 0.4182141
vn 0.5577229 -0.8249317 0.09183098
vn 0.8408219 -0.5161389 -0.163154
vn -0.1935409 -0.9801596 0.04276698
vn -0.5058419 -0.8564958 0.102659
vn 0.172918 -0.934878 0.310004
vn 0.200956 -0.9793641 0.021509
vn 0.593004 -0.767755 -0.24269
vn 0.7857282 -0.3750161 -0.4919291
vn -0.2064921 -0.9329473 -0.2949071
vn -0.5413128 -0.8017206 -0.2534259
vn 0.211786 -0.9318691 -0.294562
vn 0.5577191 -0.622278 -0.5492901
vn 0.5945497 -0.1518459 -0.7895907
vn -0.193538 -0.7775021 -0.598359
vn -0.5058417 -0.6418817 -0.5762917
vn 0.2009569 -0.7890708 -0.5805029
vn 0.3932602 -0.3971752 -0.8292155
vn 0.2993509 0.09789498 -0.9491078
vn -0.09776103 -0.4986302 -0.8612843
vn -0.3827642 -0.3537822 -0.8534224
vn -0.192723 -0.003785 -0.981246
vn 0.1729159 -0.5868578 -0.7910107
vn 0.100686 -0.1779041 -0.9788833
vn 0 0.3014039 -0.9534965
vn -0.2993549 -0.09789298 0.9491068
vn 0.1927249 0.003784998 0.9812455
vn 0 -0.3013978 0.9534985
vn -0.100693 0.1778991 0.9788834
vn -0.5945489 0.151842 0.789592
vn 0.3827718 0.3537829 0.8534186
vn -0.3932631 0.3971671 0.8292181
vn -0.7857282 0.3750161 0.4919291
vn 0.09776305 0.4986262 0.8612863
vn -0.557724 0.622279 0.549284
vn -0.8408231 0.51614 0.163144
vn 0.1935399 0.7775056 0.5983537
vn 0.5058451 0.6418831 0.5762871
vn -0.1729199 0.5868568 0.7910107
vn -0.200956 0.7890731 0.5805001
vn -0.5930048 0.7677567 0.2426829
vn -0.7857291 0.5896271 -0.187002
vn 0.206488 0.932949 0.294905
vn 0.5413129 0.8017207 0.2534249
vn -0.2117831 0.9318703 0.2945601
vn -0.5577239 0.8249319 -0.09182199
vn -0.5945519 0.5780889 -0.558857
vn 0.193542 0.98016 -0.042756
vn 0.5058431 0.8564962 -0.10265
vn -0.200953 0.9793649 -0.0215
vn -0.393265 0.801617 -0.4502809
vn -0.299352 0.4654111 -0.8329352
vn 0.09776202 0.9030741 -0.4182101
vn 0.3827648 0.7800247 -0.4950278
vn 0.192721 0.5670869 -0.8007939
vn -0.172921 0.9348838 -0.309985
vn -0.100693 0.7082096 -0.6987846
vn 0 0.3014039 -0.9534965
vn -0.299352 0.4654111 -0.8329352
vn -0.192723 -0.003785 -0.981246
vn 0 0.3014039 -0.9534965
vn -0.4646639 0.1691469 -0.8691817
vn -0.5945519 0.5780889 -0.558857
vn -0.3827642 -0.3537822 -0.8534224
vn -0.735031 0.295439 -0.610283
vn -0.7857291 0.5896271 -0.187002
vn -0.628623 -0.172751 -0.758281
vn -0.9216928 0.2858669 -0.2622259
vn -0.8408231 0.51614 0.163144
vn -0.7588959 -0.430456 -0.488656
vn -0.5058417 -0.6418817 -0.5762917
vn -0.7979679 0.009134999 -0.6026309
vn -0.9273428 -0.09645798 -0.3615679
vn -0.9784487 0.196888 0.06223399
vn -0.7857282 0.3750161 0.4919291
vn -0.805198 -0.565431 -0.178729
vn -0.5413128 -0.8017206 -0.2534259
vn -0.9773179 -0.201931 -0.063824
vn -0.921693 0.08320899 0.378891
vn -0.5945489 0.151842 0.789592
vn -0.758893 -0.6331149 0.152469
vn -0.5058419 -0.8564958 0.102659
vn -0.9273424 -0.2867511 0.2404371
vn -0.7350309 -0.109012 0.6692129
vn -0.2993549 -0.09789298 0.9491068
vn -0.6286208 -0.5771978 0.5212279
vn -0.3827632 -0.7800233 0.4950312
vn -0.192721 -0.5670841 0.800796
vn -0.7979748 -0.3388889 0.4983879
vn -0.4646632 -0.3611642 0.8084853
vn 0 -0.3013978 0.9534985
vn 0.2993509 0.09789498 -0.9491078
vn 0.192721 0.5670869 -0.8007939
vn 0 0.3014039 -0.9534965
vn 0.4646629 0.36117 -0.8084829
vn 0.5945497 -0.1518459 -0.7895907
vn 0.3827648 0.7800247 -0.4950278
vn 0.7350311 0.10901 -0.6692131
vn 0.7857282 -0.3750161 -0.4919291
vn 0.628626 0.577201 -0.521218
vn 0.9216943 -0.08321203 -0.3788871
vn 0.8408219 -0.5161389 -0.163154
vn 0.7588941 0.6331161 -0.152459
vn 0.5058431 0.8564962 -0.10265
vn 0.7979759 0.3388909 -0.4983849
vn 0.9273417 0.2867539 -0.2404359
vn 0.9784484 -0.1968891 -0.06223603
vn 0.78573 -0.589624 0.187008
vn 0.8051979 0.5654299 0.178733
vn 0.5413129 0.8017207 0.2534249
vn 0.977317 0.201933 0.06383101
vn 0.9216951 -0.2858651 0.26222
vn 0.5945529 -0.5780889 0.558856
vn 0.7588961 0.430459 0.4886531
vn 0.5058451 0.6418831 0.5762871
vn 0.9273442 0.09646201 0.3615631
vn 0.7350339 -0.295438 0.6102799
vn 0.2993522 -0.4654123 0.8329345
vn 0.6286309 0.172758 0.7582729
vn 0.3827718 0.3537829 0.8534186
vn 0.1927249 0.003784998 0.9812455
vn 0.7979785 -0.009133995 0.6026167
vn 0.464663 -0.169143 0.8691829
vn 0 -0.3013978 0.9534985
vn 0 -0.3014021 0.9534972
vn 0 -0.3013991 0.9534982
vn 0 -0.3014008 0.9534975
vn 0 -0.3014008 0.9534975
vn 0 -0.3014008 0.9534975
vn 0 -0.301403 0.9534969
vn 0 -0.3014008 0.9534975
vn 0 -0.301403 0.9534969
vn 0.3809359 0.115724 -0.9173307
vn -0.3931671 0.2297811 -0.8902923
vn -0.462054 0.230914 -0.8562621
vn 0.4451962 0.09777103 -0.8900793
vn 0.9192798 -0.101821 -0.3802069
vn 0.9174836 -0.100463 -0.3848779
vn 0.9192762 -0.3018541 0.2526171
vn 0.9174799 -0.303427 0.257221
vn 0.3809318 -0.4325528 0.8171836
vn 0.44519 -0.431581 0.7845659
vn -0.4620591 -0.3031841 0.8334152
vn -0.393171 -0.323672 0.860612
vn -0.9468896 -0.02367399 0.3206859
vn -0.9306162 -0.04371901 0.3633761
vn -0.9468884 0.1649419 -0.2760369
vn -0.9306145 0.1730749 -0.3224928
vn -0.462054 0.230914 -0.8562621
vn -0.3931671 0.2297811 -0.8902923
vn 0.3809321 -0.8522952 0.3584461
vn -0.3931759 -0.8859029 0.246148
vn -0.4620639 -0.8569968 0.2281519
vn 0.445192 -0.8197179 0.36037
vn 0.9192768 -0.2783639 0.2782869
vn 0.9174808 -0.2830879 0.2794459
vn 0.9192789 0.369691 0.135111
vn 0.9174829 0.374464 0.134171
vn 0.380937 0.9239761 -0.033987
vn 0.445197 0.8952411 -0.018518
vn -0.4620621 0.8733492 -0.154142
vn -0.3931739 0.9071468 -0.149997
vn -0.9468904 0.2895571 -0.1398401
vn -0.930617 0.33655 -0.143826
vn -0.9468915 -0.3215172 -0.004829003
vn -0.9306188 -0.3658139 0.011355
vn -0.4620639 -0.8569968 0.2281519
vn -0.3931759 -0.8859029 0.246148
vn 0.3809282 0.7365693 0.5588912
vn -0.3931741 0.6561192 0.6441442
vn -0.4620629 0.6260798 0.6281098
vn 0.445187 0.721947 0.5297179
vn 0.9192753 0.3801872 0.101934
vn 0.9174795 0.3835528 0.1054449
vn 0.9192759 -0.06783699 -0.387724
vn 0.9174798 -0.07103699 -0.3913879
vn 0.380931 -0.491422 -0.783196
vn 0.4451902 -0.4636582 -0.7660463
vn -0.462058 -0.570161 -0.6792781
vn -0.3931702 -0.5834713 -0.7106184
vn -0.9468893 -0.2658791 -0.1808561
vn -0.9306159 -0.2928259 -0.219561
vn -0.9468919 0.156575 0.280856
vn -0.9306185 0.1927399 0.3111278
vn -0.4620629 0.6260798 0.6281098
vn -0.3931741 0.6561192 0.6441442
vn 0 -0.3013999 0.9534978
vn 0 -0.3013999 0.9534978
vn 0 -0.3013999 0.9534978
vn 0 -0.3013999 0.9534978
vn 0 -0.3013999 0.9534978
vn 0 -0.3013999 0.9534978
vn 0 -0.3013999 0.9534978
vn 0 -0.3013999 0.9534978
vn 0 -0.3013999 0.9534978
vn 0 -0.3013999 0.9534978
vn 0.9914452 0.124453 0.03934201
vn 1 0 0
vn 1 0 0
vn 0.9914452 0.124453 0.03934201
vn 0.8660258 0.4767469 0.150704
vn 0.8660258 0.4767469 0.150704
vn 0.499998 0.8257539 0.261022
vn 0.4999972 0.8257543 0.2610221
vn 0.130525 0.9453408 0.2988209
vn 0.130525 0.9453408 0.2988209
vn -0.130524 0.9453402 0.2988231
vn -0.130524 0.9453402 0.2988231
vn -0.4999987 0.8257535 0.2610219
vn -0.4999987 0.8257535 0.2610219
vn -0.866025 0.47675 0.150699
vn -0.866025 0.47675 0.150699
vn -0.9914448 0.124458 0.03933899
vn -0.9914448 0.124458 0.03933899
vn -1 0 0
vn -1 0 0
vn 0 0.3013999 -0.9534978
vn 0 0.3013999 -0.9534978
vn 0 0.3013999 -0.9534978
vn 0 0.3013999 -0.9534978
vn 0 0.3013999 -0.9534978
vn 0 0.3013999 -0.9534978
vn 0 0.3013999 -0.9534978
vn 0 0.3013999 -0.9534978
vn 0 0.3013999 -0.9534978
vn 0 0.3013999 -0.9534978
vn 0 -0.9534978 -0.3013999
vn 0 -0.9534978 -0.3013999
vn 0 -0.9534978 -0.3013999
vn 0 -0.9534978 -0.3013999
vn 0 0.3013991 -0.9534982
vn 0 0.3013991 -0.9534982
vn 0 0.3013991 -0.9534982
vn 0 0.3013991 -0.9534982
vn 0 0.9534978 0.3013999
vn 0 0.9534978 0.3013999
vn 0 0.9534978 0.3013999
vn 0 0.9534978 0.3013999
vn 1 0 -2.1E-05
vn 1 0 -2.1E-05
vn 1 0 -2.1E-05
vn 1 0 0
vn 1 1.4E-05 0
vn 1 0 0
vn 1 0 0
vn 1 0 0
vn 1 0 0
vn 1 0 0
vn 0 -0.3013999 0.9534978
vn 0 -0.3013999 0.9534978
vn 0 -0.3013999 0.9534978
vn 0 -0.3013999 0.9534978
vn 0 -0.3013999 0.9534978
vn 0 0.8873467 -0.4611028
vn 0 0.8873467 -0.4611028
vn 0 0.8873467 -0.4611028
vn 0 0.8873467 -0.4611028
vn -0.000161 0.3082459 -0.9513067
vn -0.000161 0.3082459 -0.9513067
vn -0.000161 0.3082459 -0.9513067
vn -0.000161 0.3082459 -0.9513067
vn 0 -0.3013991 0.9534982
vn 0 -0.3013991 0.9534982
vn 0 -0.3013991 0.9534982
vn 0 -0.3013991 0.9534982
vn 0 -0.9534978 -0.3013999
vn 0 -0.9534978 -0.3013999
vn 0 -0.9534978 -0.3013999
vn 0 -0.9534978 -0.3013999
vn 0 -0.9534975 -0.3014008
vn 0 -0.9534975 -0.3014008
vn 0 -0.9534978 -0.3013999
vn 0 -0.9534978 -0.3013999
vn 0 -0.9534978 -0.3013999
vn 0 -0.9534978 -0.3013999
vn 0 -0.301848 0.9533561
vn 0 -0.301848 0.9533561
vn 0 -0.301848 0.9533561
vn 0 -0.301848 0.9533561
vn -4.100002E-05 0.2989511 -0.9542684
vn -4.100002E-05 0.2989511 -0.9542684
vn -4.100002E-05 0.2989511 -0.9542684
vn -4.100002E-05 0.2989511 -0.9542684
vn 0 0.4611028 0.8873467
vn 0 0.4611028 0.8873467
vn 0 0.4611028 0.8873467
vn 0 0.4611028 0.8873467
vn -0.5725651 0.7817341 0.247105
vn -0.5725651 0.7817341 0.247105
vn -0.5725651 0.7817341 0.247105
vn -0.5731897 0.7816296 0.2459849
vn -1 0 0
vn -1 0 0
vn -1 0 0
vn -1 0 0
vn -1 0 0
vn -1 0 1.1E-05
vn -1 0 0
vn -1 0 0
vn 0 0.9538785 0.3001929
vn 0 0.9538785 0.3001929
vn 0 0.9538785 0.3001929
vn 0 0.9538785 0.3001929
vn 0 -0.3017799 0.9533777
vn 0 -0.3017799 0.9533777
vn 0 -0.3017799 0.9533777
vn 0 -0.3017799 0.9533777
vn 0 0.3013991 -0.9534982
vn 0 0.3013991 -0.9534982
vn 0 0.3013991 -0.9534982
vn 0 0.3013991 -0.9534982
vn 0 -0.9534975 -0.3014008
vn 0 -0.9534975 -0.3014008
vn 0 -0.9534975 -0.3014008
vn 0 -0.9534975 -0.3014008
vn 0 -0.3013999 0.9534978
vn 0 -0.3013999 0.9534978
vn 0 -0.3013999 0.9534978
vn 0 -0.3013999 0.9534978
vn 0 0.9534978 0.3013999
vn 0 0.9534978 0.3013999
vn 0 0.9534978 0.3013999
vn 0 0.9534978 0.3013999
vn 0 -0.9534975 -0.3014008
vn 0 -0.9534975 -0.3014008
vn 0 -0.9534975 -0.3014008
vn 0 -0.9534975 -0.3014008
vn 0 0.3013999 -0.9534978
vn 0 0.3013999 -0.9534978
vn 0 0.3013999 -0.9534978
vn 0 0.3013999 -0.9534978
vn 0 0.3013999 -0.9534978
vn 0 0.4611032 0.8873464
vn 0 0.4611032 0.8873464
vn 0 0.4611032 0.8873464
vn 0 0.4611032 0.8873464
vn 0 -0.3013999 0.9534978
vn 0 -0.3013999 0.9534978
vn 0 -0.3013999 0.9534978
vn 0 -0.3013999 0.9534978
vn 0 0.3013999 -0.9534978
vn 0 0.3013999 -0.9534978
vn 0 0.3013999 -0.9534978
vn 0 0.3013999 -0.9534978
vn 0 -0.9534978 -0.3013999
vn 0 -0.9534978 -0.3013999
vn 0 -0.9534978 -0.3013999
vn 0 -0.9534978 -0.3013999
vn 0 1 0
vn 0 1 0
vn 0 1 0
vn 0 1 0
vn 0 -0.9534978 -0.3013999
vn 0 -0.9534978 -0.3013999
vn 0 -0.9534978 -0.3013999
vn 0 -0.9534978 -0.3013999
vn 1 0 0
vn 1 0 0
vn 1 0 0
vn 1 0 0
vn 0 0.3013991 -0.9534982
vn 0 0.3013991 -0.9534982
vn 0 0.3013991 -0.9534982
vn 0 0.3013991 -0.9534982
vn 0 -0.3013999 0.9534978
vn 0 -0.3013999 0.9534978
vn 0 -0.3013999 0.9534978
vn 0 -0.3013999 0.9534978
vn 0 0.8873467 -0.4611028
vn 0 0.8873467 -0.4611028
vn 0 0.8873467 -0.4611028
vn 0 0.8873467 -0.4611028
vn 1 0 0
vn 1 0 0
vn 1 0 0
vn 1 0 0
vn 1 0 0
vn 1 0 0
vn -1 0 0
vn -1 0 0
vn -1 0 0
vn -1 0 0
vn -0.5725653 0.7817343 0.2471041
vn -0.5725653 0.7817343 0.2471041
vn -0.5725653 0.7817343 0.2471041
vn -0.5731897 0.7810047 0.2479619
vn -1 0 0
vn -1 0 0
vn -1 0 0
vn -1 0 0
vn 0 0.9531155 0.3026069
vn 0 0.9531155 0.3026069
vn 0 0.9531155 0.3026069
vn 0 0.9531155 0.3026069
vn 0 0.3014011 -0.9534974
vn 0 0.3014011 -0.9534974
vn 0 0.3014011 -0.9534974
vn 0 0.3014011 -0.9534974
vn 0 -0.3013991 0.9534982
vn 0 -0.3013991 0.9534982
vn 0 -0.3013991 0.9534982
vn 0 -0.3013991 0.9534982
vn 0 0.9534978 0.3013999
vn 0 0.9534978 0.3013999
vn 0 0.9534978 0.3013999
vn 0 0.9534978 0.3013999
vn 0 0.3013999 -0.9534978
vn 0 0.3013999 -0.9534978
vn 0 0.3013999 -0.9534978
vn 0 0.3013999 -0.9534978
vn 0 -0.3013981 0.9534984
vn 0 -0.3013981 0.9534984
vn 0 -0.3013981 0.9534984
vn 0 -0.3013981 0.9534984
vn 0 -0.3013999 0.9534978
vn 0 -0.3013999 0.9534978
vn 0 -0.3013999 0.9534978
vn 0 -0.3013999 0.9534978
vn 0 0.3013999 -0.9534978
vn 0 0.3013999 -0.9534978
vn 0 0.3013999 -0.9534978
vn 0 0.3013999 -0.9534978
vn 0 0.3014008 -0.9534975
vn 0 0.3014008 -0.9534975
vn 0 0.3014008 -0.9534975
vn 0 0.3014008 -0.9534975
vn 0 -0.3013991 0.9534982
vn 0 -0.3013991 0.9534982
vn 0 -0.3013991 0.9534982
vn 0 -0.3013991 0.9534982
vn 0 -0.9534978 -0.3013999
vn 0 -0.9534978 -0.3013999
vn 0 -0.9534978 -0.3013999
vn 0 -0.9534978 -0.3013999
vn 1 0 0
vn 1 0 0
vn 1 0 0
vn 1 0 0
vn -1 0 0
vn -1 0 0
vn -1 0 0
vn -1 0 0
vn 0 -0.9534978 -0.3013999
vn 0 -0.9534978 -0.3013999
vn 0 -0.9534978 -0.3013999
vn 0 -0.9534978 -0.3013999
vn 1 0 0
vn 1 0 0
vn 1 0 0
vn 1 0 0
vn -1 0 0
vn -1 0 0
vn -1 0 0
vn -1 0 0
vn 1 0 0
vn 1 0 0
vn 1 0 0
vn 1 0 0
vn 0 -0.3013999 0.9534978
vn 0 -0.3013999 0.9534978
vn 0 -0.3013999 0.9534978
vn 0 -0.3013999 0.9534978
vn -1 0 0
vn -1 0 0
vn -1 0 0
vn -1 0 0
vn 0 0.3013999 -0.9534978
vn 0 0.3013999 -0.9534978
vn 0 0.3013999 -0.9534978
vn 0 0.3013999 -0.9534978
vn 0 -0.9534978 -0.3013999
vn 0 -0.9534978 -0.3013999
vn 0 -0.9534978 -0.3013999
vn 0 -0.9534978 -0.3013999
vn 0 0.9534978 0.3013999
vn 0 0.9534978 0.3013999
vn 0 0.9534978 0.3013999
vn 0 0.9534978 0.3013999
vn 0.3824279 -0.8693218 -0.3130949
vn 0.923879 -0.36489 -0.115338
vn 0.3826801 -0.8809183 -0.2784581
vn 0.9232634 -0.3536361 -0.1500871
vn 0.923877 0.364892 0.115348
vn 0.887625 -0.434173 0.153674
vn 0.3676681 -0.9299521 -0.003036001
vn 0.887625 0.266966 0.375301
vn 0.9232619 0.3756549 0.08044199
vn 0.382679 0.8809189 0.2784579
vn 0.3824241 0.8913393 0.2434461
vn 0.3676651 0.7627443 0.5320182
vn -0.3826861 0.8809163 0.2784561
vn -0.382428 0.891338 0.243445
vn -0.3676621 0.7627453 0.5320192
vn -0.9238808 0.3648859 0.115336
vn -0.9232631 0.3756531 0.08043601
vn -0.8876218 0.2669689 0.3753069
vn -0.9238809 -0.364884 -0.115342
vn -0.9232642 -0.3536321 -0.150092
vn -0.8876244 -0.4341742 0.1536741
vn -0.382688 -0.8809161 -0.278454
vn -0.3824309 -0.8693197 -0.3130969
vn -0.3676651 -0.9299533 -0.003041001
vn 0.3824279 -0.8693218 -0.3130949
vn 0.3826801 -0.8809183 -0.2784581
vn 0.3676681 -0.9299521 -0.003036001
vn 0.194729 -0.707714 0.6791329
vn 0.887625 -0.434173 0.153674
vn 0.3676681 -0.9299521 -0.003036001
vn 0.4701272 -0.4451352 0.7621254
vn 0.887625 0.266966 0.375301
vn 0.4701178 -0.07379096 0.8795136
vn 0.3676651 0.7627443 0.5320182
vn -0.1947271 -0.7077143 0.6791332
vn 0.3676681 -0.9299521 -0.003036001
vn -0.3676651 -0.9299533 -0.003041001
vn -0.470115 -0.445135 0.762133
vn -0.8876244 -0.4341742 0.1536741
vn 0.194726 0.188794 0.9625168
vn -0.3676621 0.7627453 0.5320192
vn -0.1947219 0.1887889 0.9625186
vn -0.8876218 0.2669689 0.3753069
vn -0.4701053 -0.07378904 0.8795205
vn 0.101027 -0.9486194 -0.2998581
vn 0.522683 -0.812883 -0.256951
vn 0.1010269 -0.9486195 -0.2998578
vn 0.522683 -0.812883 -0.256951
vn 0.8408192 -0.5161441 -0.163151
vn 0.8408192 -0.5161441 -0.163151
vn 0.9924203 -0.117175 -0.03704001
vn 0.9924203 -0.117175 -0.03704001
vn 0.9474597 0.3050009 0.09640896
vn 0.9474597 0.3050009 0.09640896
vn 0.7148432 0.6667662 0.2107651
vn 0.7148432 0.6667662 0.2107651
vn 0.340642 0.896472 0.283374
vn 0.340642 0.896472 0.283374
vn -0.101026 0.9486198 0.2998569
vn -0.101026 0.9486198 0.2998569
vn -0.5226821 0.8128833 0.256952
vn -0.5226821 0.8128833 0.256952
vn -0.840821 0.516141 0.163152
vn -0.840821 0.516141 0.163152
vn -0.9924207 0.117172 0.03703799
vn -0.9924207 0.117172 0.03703799
vn -0.94746 -0.304999 -0.096411
vn -0.94746 -0.304999 -0.096411
vn -0.7148446 -0.6667646 -0.2107659
vn -0.7148446 -0.6667646 -0.2107659
vn -0.3406429 -0.8964717 -0.283374
vn -0.3406429 -0.8964717 -0.283374
vn 0.1010269 -0.9486195 -0.2998578
vn 0.101027 -0.9486194 -0.2998581
vn 0 -0.3014008 0.9534975
vn 0 -0.3013981 0.9534984
vn 0 -0.3014141 0.9534933
vn 0 -0.3013981 0.9534984
vn 0 -0.3014021 0.9534972
vn 0 -0.3013981 0.9534984
vn 0 -0.3013912 0.9535006
vn 0 -0.3014008 0.9534975
vn 0 -0.3014021 0.9534972
vn 0 -0.3014021 0.9534972
vn 0 -0.3013949 0.9534995
vn 0 -0.3014021 0.9534972
vn 0 -0.3013891 0.9535012
vn -1.3E-05 -0.301406 0.9534959
vn 0 0.3013991 -0.9534982
vn 0 0.3014021 -0.9534972
vn 0 0.3013849 -0.9535026
vn 0 0.3014008 -0.9534975
vn 0 0.3014039 -0.9534965
vn 0 0.3013999 -0.9534978
vn 0 0.3013981 -0.9534984
vn 0 0.3013999 -0.9534978
vn 0 0.3014051 -0.9534961
vn 0 0.3013999 -0.9534978
vn 0 0.3013981 -0.9534984
vn 0 0.3013991 -0.9534982
vn 0 0.301406 -0.9534959
vn 0 0.3013849 -0.9535026
vn 0 0.3014008 -0.9534975
vn 0 0.3013999 -0.9534978
vn 0 0.3014008 -0.9534975
vn 0 0.3014011 -0.9534974
vn 0 0.3013991 -0.9534982
vn 0 0.3013999 -0.9534978
vn 0 0.3013991 -0.9534982
vn 0 0.3014011 -0.9534974
vn 0 0.301403 -0.9534969
vn 0 0.3014021 -0.9534972
vn 0 0.3014021 -0.9534972
vn 0 0.3014011 -0.9534974
vn 0 0.3013991 -0.9534982
vn 0 0.3013991 -0.9534982
vn 0 0.3013999 -0.9534978
vn 0 0.3014021 -0.9534972
vn 0 0.3014011 -0.9534974
vn 0 0.3014021 -0.9534972
vn 0 0.3013991 -0.9534982
vn 0 0.3013981 -0.9534984
vn 0 0.3013981 -0.9534984
vn 0 0.3014021 -0.9534972
vn 0 0.3014021 -0.9534972
vn 0 0.3014011 -0.9534974
vn 0 0.3013991 -0.9534982
vn 0 0.3013999 -0.9534978
vn 0 0.3013999 -0.9534978
vn 0 0.3013999 -0.9534978
vn 0 0.3013991 -0.9534982
vn 0 0.3013991 -0.9534982
vn 0 0.3013991 -0.9534982
vn 0 0.3013999 -0.9534978
vn 0 0.3014008 -0.9534975
vn 0 0.3013991 -0.9534982
vn 0 0.3013991 -0.9534982
vn 0 0.3013991 -0.9534982
vn 0 -0.3013999 0.9534978
vn 0 -0.3013999 0.9534978
vn 0 -0.3013991 0.9534982
vn 0 -0.3014011 0.9534974
vn 0 -0.3013999 0.9534978
vn 0 -0.3013991 0.9534982
vn 0 -0.3013999 0.9534978
vn 0 -0.3014008 0.9534975
vn 0 -0.3014008 0.9534975
vn 0 -0.3013999 0.9534978
vn 0 -0.3014011 0.9534974
vn 0 -0.3013991 0.9534982
vn 0 -0.3013999 0.9534978
vn 0 -0.3013999 0.9534978
vn 0 -0.3013999 0.9534978
vn 0 -0.3013999 0.9534978
vn 0 -0.3014011 0.9534974
vn 0 -0.3014011 0.9534974
vn 0 -0.3013999 0.9534978
vn 0 -0.3013991 0.9534982
vn 0 -0.3013999 0.9534978
vn 0 -0.3013991 0.9534982
vn 0 -0.3013999 0.9534978
vn 0 -0.3014021 0.9534972
vn 0 -0.3013999 0.9534978
vn 1 0 0
vn 1 0 0
vn 1 0 -1.6E-05
vn 1 0 0
vn 1 0 0
vn 1 0 0
vn 1 0 -1.6E-05
vn 1 0 0
vn 1 0 0
vn 1 0 0
vn 1 0 1.5E-05
vn 1 0 1.5E-05
vn 1 0 0
vn 1 0 -1.3E-05
vn 1 0 -3.2E-05
vn 1 0 0
vn 1 0 1.5E-05
vn 1 0 1.1E-05
vn 1 0 0
vn 1 0 0
vn 1 0 0
vn 1 0 0
vn 1 0 0
vn 1 0 -1.6E-05
vn -1 0 0
vn -1 0 0
vn -1 0 -1.2E-05
vn -1 0 0
vn -1 0 0
vn -1 0 0
vn -1 0 0
vn -1 0 0
vn -1 0 0
vn -1 0 0
vn -1 0 0
vn -1 0 0
vn -1 0 0
vn -1 0 0
vn -1 0 0
vn -1 0 0
vn -1 0 1.4E-05
vn -1 0 0
vn -1 0 0
vn -1 0 0
vn -1 0 0
vn -1 0 0
vn -1 0 0
vn -1 0 1.2E-05
vn -1 0 0
vn -1 0 0
vn -1 0 0
vn -1 0 0
vn -1 0 0
vn -1 0 0
vn -1 0 0
vn -1 0 0
vn -1 0 0
vn -1 0 0
vn -1 0 0
vn -1 0 0
vn -1 0 3E-05
vn -1 1.1E-05 2.2E-05
vn -1 0 2.4E-05
vn -1 0 5.2E-05
vn -1 1.2E-05 0
vn -1 1.8E-05 0
vn -1 2.2E-05 1.8E-05
vn -1 -1.4E-05 3.4E-05
vn -1 0 3.6E-05
vn -1 -1.5E-05 5.2E-05
vn -1 2.2E-05 0
vn -1 2.5E-05 1.9E-05
vn -1 2.6E-05 0
vn -1 -2.3E-05 1.5E-05
vn -1 2.5E-05 0
vn -1 2.5E-05 0
vn -1 2.2E-05 0
vn -1 2.2E-05 0
vn -1 1.9E-05 -3.6E-05
vn -1 -1.9E-05 2.4E-05
vn -1 -2.4E-05 1.7E-05
vn -1 -2.5E-05 0
vn -1 1.4E-05 -4.2E-05
vn -1 1.3E-05 -6E-05
vn -1 0 -3.6E-05
vn -1 -2.5E-05 0
vn -1 -2.6E-05 0
vn -1 -2.5E-05 -1.9E-05
vn -1 0 -2.7E-05
vn -1 0 -3E-05
vn -1 0 -2.4E-05
vn -1 -2.1E-05 -2.3E-05
vn -1 -2.3E-05 -3E-05
vn -1 -1.8E-05 -2.4E-05
vn -1 -1.2E-05 -2.3E-05
vn -1 -1.3E-05 -3E-05
vn 1 0 0
vn 1 0 0
vn 1 0 0
vn 1 0 -1.2E-05
vn 1 -1.1E-05 -1.1E-05
vn 1 -1.1E-05 -1.6E-05
vn 1 -1.3E-05 0
vn 1 0 -1.8E-05
vn 1 0 -1.5E-05
vn 1 0 -1.4E-05
vn 1 -1.3E-05 0
vn 1 -1.3E-05 1.7E-05
vn 1 -1.3E-05 0
vn 1 -1.1E-05 0
vn 1 -1.1E-05 0
vn 1 0 -1.5E-05
vn 1 0 0
vn 1 0 0
vn 1 0 0
vn 1 0 0
vn 1 0 0
vn 1 1.1E-05 0
vn 1 0 1.6E-05
vn 1 0 1.6E-05
vn 1 0 1.6E-05
vn 1 1.2E-05 0
vn 1 1.3E-05 0
vn 1 1.3E-05 0
vn 1 0 1.3E-05
vn 1 0 1.1E-05
vn 1 0 0
vn 1 1.3E-05 0
vn 1 1.3E-05 0
vn 1 1.1E-05 0
vn 1 1.1E-05 0
vn 1 0 0
vn 0 0.3013999 -0.9534978
vn 0 0.3013991 -0.9534982
vn 0 0.3013999 -0.9534978
vn 0 0.3013999 -0.9534978
vn 0 0.3013991 -0.9534982
vn 0 0.3013999 -0.9534978
vn 0 0.3013991 -0.9534982
vn 0 0.3013991 -0.9534982
vn 0 0.3013991 -0.9534982
vn 0 0.3013991 -0.9534982
vn 0 0.3014008 -0.9534975
vn 0 0.3013991 -0.9534982
vn 0 0.3014008 -0.9534975
vn 0 0.3013991 -0.9534982
vn 0 0.3013999 -0.9534978
vn 0 0.3013999 -0.9534978
vn 0 0.3013999 -0.9534978
vn 0 0.3013999 -0.9534978
vn 0 0.3013999 -0.9534978
vn 0 0.3013999 -0.9534978
vn 0 0.3013999 -0.9534978
vn 0 0.3013999 -0.9534978
vn 0 0.3013999 -0.9534978
vn 0 0.3013999 -0.9534978
vn 0 0.3013999 -0.9534978
vn 0 0.3013999 -0.9534978
vn 0 0.3013999 -0.9534978
vn 0 0.3014011 -0.9534974
vn 0 0.3013999 -0.9534978
vn 0 0.3014011 -0.9534974
vn 0 0.3013999 -0.9534978
vn 0 0.3014008 -0.9534975
vn 0 0.3013999 -0.9534978
vn 0 0.3014008 -0.9534975
vn 0 0.3013999 -0.9534978
vn 0 0.3014008 -0.9534975
vn 0 0.3013999 -0.9534978
vn 0 0.3014008 -0.9534975
vn 0 0.3013999 -0.9534978
vn 0 0.3013999 -0.9534978
vn 0 0.3013999 -0.9534978
vn 0 0.3013999 -0.9534978
vn 0 0.3013999 -0.9534978
vn 0 0.3013991 -0.9534982
vn 0 0.3013999 -0.9534978
vn 0 0.3013991 -0.9534982
vn 0 0.3013991 -0.9534982
vn 0 0.3013991 -0.9534982
vn 0 -0.3013991 0.9534982
vn 0 -0.3013999 0.9534978
vn 0 -0.3013991 0.9534982
vn 0 -0.3013999 0.9534978
vn 0 -0.3013999 0.9534978
vn 0 -0.3013991 0.9534982
vn 0 -0.3013999 0.9534978
vn 0 -0.3013991 0.9534982
vn 0 -0.3014021 0.9534972
vn 0 -0.3013991 0.9534982
vn 0 -0.3014021 0.9534972
vn 0 -0.3013991 0.9534982
vn 0 -0.3014011 0.9534974
vn 0 -0.3013999 0.9534978
vn 0 -0.3014011 0.9534974
vn 0 -0.3013999 0.9534978
vn 0 -0.3013991 0.9534982
vn 0 -0.3014008 0.9534975
vn 0 -0.3013991 0.9534982
vn 0 -0.3014008 0.9534975
vn 0 -0.3013991 0.9534982
vn 0 -0.3013999 0.9534978
vn 0 -0.3013991 0.9534982
vn 0 -0.3013999 0.9534978
vn 0 -0.3013991 0.9534982
vn 0 -0.3013991 0.9534982
vn 0 -0.3013999 0.9534978
vn 0 -0.3013991 0.9534982
vn 0 -0.3013991 0.9534982
vn 0 -0.3013991 0.9534982
vn 0 -0.3013991 0.9534982
vn 0 -0.3013991 0.9534982
vn 0 -0.3013999 0.9534978
vn 0 -0.3013999 0.9534978
vn 0 -0.3013999 0.9534978
vn 0 -0.3013999 0.9534978
vn 0 -0.3014011 0.9534974
vn 0 -0.3014011 0.9534974
vn 0 -0.3014011 0.9534974
vn 0 -0.3014011 0.9534974
vn 0 -0.3013999 0.9534978
vn 0 -0.3014011 0.9534974
vn 0 -0.3013999 0.9534978
vn 0 -0.3014011 0.9534974
vn 0 -0.3013991 0.9534982
vn 0 -0.3013999 0.9534978
vn 0 -0.3013991 0.9534982
vn 0 -0.3013999 0.9534978
vn 1 0 0
vn 1 0 0
vn 1 0 0
vn 1 0 0
vn 1 0 0
vn 1 0 0
vn 1 0 0
vn 1 0 0
vn 1 0 0
vn 1 0 0
vn 1 0 0
vn 1 0 0
vn 1 0 0
vn 1 0 0
vn 1 0 0
vn 1 0 0
vn 1 0 0
vn 1 0 0
vn 1 0 0
vn 1 0 0
vn 1 0 0
vn 1 0 0
vn 1 0 0
vn 1 0 0
vn 1 0 0
vn 1 0 0
vn 1 0 0
vn 1 0 0
vn 1 0 0
vn 1 0 0
vn 1 0 0
vn 1 0 0
vn 1 0 0
vn 1 0 0
vn 1 0 0
vn 1 0 0
vn 1 0 0
vn 1 0 0
vn 1 0 0
vn 1 0 0
vn 1 0 0
vn 1 0 0
vn 1 0 0
vn 1 0 0
vn 1 0 0
vn 1 0 0
vn 1 0 0
vn 1 0 0
vn 1 0 0
vn 1 0 0
vn 1 0 0
vn 1 0 0
vn 1 0 0
vn 1 0 0
vn 1 0 0
vn 1 0 0
vn 1 0 0
vn 1 0 0
vn 1 0 0
vn 1 0 0
vn 1 0 0
vn 1 0 0
vn 1 0 0
vn 1 0 0
usemtl lathe
f 1/1/1 3/3/3 2/2/2 
f 4/4/4 6/6/6 5/5/5 
f 7/7/7 9/9/9 8/8/8 
f 10/10/10 12/12/12 11/11/11 
f 13/13/13 15/15/15 14/14/14 
f 16/16/16 18/18/18 17/17/17 
f 19/19/19 21/21/21 20/20/20 
f 22/22/22 24/24/24 23/23/23 
f 23/23/23 25/25/25 22/22/22 
f 26/26/26 22/22/22 25/25/25 
f 25/25/25 23/23/23 27/27/27 
f 25/25/25 28/28/28 26/26/26 
f 29/29/29 26/26/26 28/28/28 
f 27/27/27 30/30/30 25/25/25 
f 28/28/28 25/25/25 30/30/30 
f 28/28/28 31/31/31 29/29/29 
f 32/32/32 29/29/29 31/31/31 
f 33/33/33 30/30/30 27/27/27 
f 27/27/27 34/34/34 33/33/33 
f 30/30/30 35/35/35 28/28/28 
f 31/31/31 28/28/28 35/35/35 
f 36/36/36 35/35/35 30/30/30 
f 35/35/35 36/36/36 31/31/31 
f 30/30/30 33/33/33 36/36/36 
f 31/31/31 37/37/37 32/32/32 
f 37/37/37 31/31/31 36/36/36 
f 38/38/38 32/32/32 37/37/37 
f 39/39/39 33/33/33 34/34/34 
f 34/34/34 40/40/40 39/39/39 
f 41/41/41 36/36/36 33/33/33 
f 36/36/36 41/41/41 37/37/37 
f 33/33/33 39/39/39 41/41/41 
f 37/37/37 42/42/42 38/38/38 
f 42/42/42 37/37/37 41/41/41 
f 43/43/43 38/38/38 42/42/42 
f 44/44/44 39/39/39 40/40/40 
f 40/40/40 45/45/45 44/44/44 
f 46/46/46 41/41/41 39/39/39 
f 41/41/41 46/46/46 42/42/42 
f 39/39/39 44/44/44 46/46/46 
f 42/42/42 47/47/47 43/43/43 
f 47/47/47 42/42/42 46/46/46 
f 48/48/48 43/43/43 47/47/47 
f 49/49/49 44/44/44 45/45/45 
f 45/45/45 50/50/50 49/49/49 
f 49/49/49 50/50/50 51/51/51 
f 52/52/52 46/46/46 44/44/44 
f 46/46/46 52/52/52 47/47/47 
f 44/44/44 49/49/49 52/52/52 
f 47/47/47 53/53/53 48/48/48 
f 53/53/53 47/47/47 52/52/52 
f 52/52/52 49/49/49 53/53/53 
f 51/51/51 53/53/53 49/49/49 
f 54/54/54 48/48/48 53/53/53 
f 53/53/53 51/51/51 54/54/54 
f 55/55/55 57/57/57 56/56/56 
f 56/56/56 58/58/58 55/55/55 
f 59/59/59 55/55/55 58/58/58 
f 58/58/58 56/56/56 60/60/60 
f 58/58/58 61/61/61 59/59/59 
f 62/62/62 59/59/59 61/61/61 
f 60/60/60 63/63/63 58/58/58 
f 61/61/61 58/58/58 63/63/63 
f 61/61/61 64/64/64 62/62/62 
f 65/65/65 62/62/62 64/64/64 
f 66/66/66 63/63/63 60/60/60 
f 60/60/60 67/67/67 66/66/66 
f 63/63/63 68/68/68 61/61/61 
f 64/64/64 61/61/61 68/68/68 
f 69/69/69 68/68/68 63/63/63 
f 68/68/68 69/69/69 64/64/64 
f 63/63/63 66/66/66 69/69/69 
f 64/64/64 70/70/70 65/65/65 
f 70/70/70 64/64/64 69/69/69 
f 71/71/71 65/65/65 70/70/70 
f 72/72/72 66/66/66 67/67/67 
f 67/67/67 73/73/73 72/72/72 
f 74/74/74 69/69/69 66/66/66 
f 69/69/69 74/74/74 70/70/70 
f 66/66/66 72/72/72 74/74/74 
f 70/70/70 75/75/75 71/71/71 
f 75/75/75 70/70/70 74/74/74 
f 76/76/76 71/71/71 75/75/75 
f 77/77/77 72/72/72 73/73/73 
f 73/73/73 78/78/78 77/77/77 
f 79/79/79 74/74/74 72/72/72 
f 74/74/74 79/79/79 75/75/75 
f 72/72/72 77/77/77 79/79/79 
f 75/75/75 80/80/80 76/76/76 
f 80/80/80 75/75/75 79/79/79 
f 81/81/81 76/76/76 80/80/80 
f 82/82/82 77/77/77 78/78/78 
f 78/78/78 83/83/83 82/82/82 
f 82/82/82 83/83/83 84/84/84 
f 85/85/85 79/79/79 77/77/77 
f 79/79/79 85/85/85 80/80/80 
f 77/77/77 82/82/82 85/85/85 
f 80/80/80 86/86/86 81/81/81 
f 86/86/86 80/80/80 85/85/85 
f 85/85/85 82/82/82 86/86/86 
f 84/84/84 86/86/86 82/82/82 
f 87/87/87 81/81/81 86/86/86 
f 86/86/86 84/84/84 87/87/87 
f 88/88/88 90/90/90 89/89/89 
f 89/89/89 91/91/91 88/88/88 
f 92/92/92 88/88/88 91/91/91 
f 91/91/91 89/89/89 93/93/93 
f 91/91/91 94/94/94 92/92/92 
f 95/95/95 92/92/92 94/94/94 
f 93/93/93 96/96/96 91/91/91 
f 94/94/94 91/91/91 96/96/96 
f 94/94/94 97/97/97 95/95/95 
f 98/98/98 95/95/95 97/97/97 
f 99/99/99 96/96/96 93/93/93 
f 93/93/93 100/100/100 99/99/99 
f 96/96/96 101/101/101 94/94/94 
f 97/97/97 94/94/94 101/101/101 
f 102/102/102 101/101/101 96/96/96 
f 101/101/101 102/102/102 97/97/97 
f 96/96/96 99/99/99 102/102/102 
f 97/97/97 103/103/103 98/98/98 
f 103/103/103 97/97/97 102/102/102 
f 104/104/104 98/98/98 103/103/103 
f 105/105/105 99/99/99 100/100/100 
f 100/100/100 106/106/106 105/105/105 
f 107/107/107 102/102/102 99/99/99 
f 102/102/102 107/107/107 103/103/103 
f 99/99/99 105/105/105 107/107/107 
f 103/103/103 108/108/108 104/104/104 
f 108/108/108 103/103/103 107/107/107 
f 109/109/109 104/104/104 108/108/108 
f 110/110/110 105/105/105 106/106/106 
f 106/106/106 111/111/111 110/110/110 
f 112/112/112 107/107/107 105/105/105 
f 107/107/107 112/112/112 108/108/108 
f 105/105/105 110/110/110 112/112/112 
f 108/108/108 113/113/113 109/109/109 
f 113/113/113 108/108/108 112/112/112 
f 114/114/114 109/109/109 113/113/113 
f 115/115/115 110/110/110 111/111/111 
f 111/111/111 116/116/116 115/115/115 
f 115/115/115 116/116/116 117/117/117 
f 118/118/118 112/112/112 110/110/110 
f 112/112/112 118/118/118 113/113/113 
f 110/110/110 115/115/115 118/118/118 
f 113/113/113 119/119/119 114/114/114 
f 119/119/119 113/113/113 118/118/118 
f 118/118/118 115/115/115 119/119/119 
f 117/117/117 119/119/119 115/115/115 
f 120/120/120 114/114/114 119/119/119 
f 119/119/119 117/117/117 120/120/120 
f 121/121/121 123/123/123 122/122/122 
f 122/122/122 124/124/124 121/121/121 
f 125/125/125 121/121/121 124/124/124 
f 124/124/124 122/122/122 126/126/126 
f 124/124/124 127/127/127 125/125/125 
f 128/128/128 125/125/125 127/127/127 
f 126/126/126 129/129/129 124/124/124 
f 127/127/127 124/124/124 129/129/129 
f 127/127/127 130/130/130 128/128/128 
f 131/131/131 128/128/128 130/130/130 
f 132/132/132 129/129/129 126/126/126 
f 126/126/126 133/133/133 132/132/132 
f 129/129/129 134/134/134 127/127/127 
f 130/130/130 127/127/127 134/134/134 
f 135/135/135 134/134/134 129/129/129 
f 134/134/134 135/135/135 130/130/130 
f 129/129/129 132/132/132 135/135/135 
f 130/130/130 136/136/136 131/131/131 
f 136/136/136 130/130/130 135/135/135 
f 137/137/137 131/131/131 136/136/136 
f 138/138/138 132/132/132 133/133/133 
f 133/133/133 139/139/139 138/138/138 
f 140/140/140 135/135/135 132/132/132 
f 135/135/135 140/140/140 136/136/136 
f 132/132/132 138/138/138 140/140/140 
f 136/136/136 141/141/141 137/137/137 
f 141/141/141 136/136/136 140/140/140 
f 142/142/142 137/137/137 141/141/141 
f 143/143/143 138/138/138 139/139/139 
f 139/139/139 144/144/144 143/143/143 
f 145/145/145 140/140/140 138/138/138 
f 140/140/140 145/145/145 141/141/141 
f 138/138/138 143/143/143 145/145/145 
f 141/141/141 146/146/146 142/142/142 
f 146/146/146 141/141/141 145/145/145 
f 147/147/147 142/142/142 146/146/146 
f 148/148/148 143/143/143 144/144/144 
f 144/144/144 149/149/149 148/148/148 
f 148/148/148 149/149/149 150/150/150 
f 151/151/151 145/145/145 143/143/143 
f 145/145/145 151/151/151 146/146/146 
f 143/143/143 148/148/148 151/151/151 
f 146/146/146 152/152/152 147/147/147 
f 152/152/152 146/146/146 151/151/151 
f 151/151/151 148/148/148 152/152/152 
f 150/150/150 152/152/152 148/148/148 
f 153/153/153 147/147/147 152/152/152 
f 152/152/152 150/150/150 153/153/153 
f 154/154/154 156/156/156 155/155/155 
f 155/155/155 157/157/157 154/154/154 
f 158/158/158 154/154/154 157/157/157 
f 157/157/157 159/159/159 158/158/158 
f 160/160/160 158/158/158 159/159/159 
f 159/159/159 161/161/161 160/160/160 
f 162/162/162 160/160/160 161/161/161 
f 161/161/161 163/163/163 162/162/162 
f 164/164/164 162/162/162 163/163/163 
f 163/163/163 165/165/165 164/164/164 
f 166/166/166 164/164/164 165/165/165 
f 165/165/165 167/167/167 166/166/166 
f 168/168/168 166/166/166 167/167/167 
f 167/167/167 169/169/169 168/168/168 
f 170/170/170 168/168/168 169/169/169 
f 169/169/169 171/171/171 170/170/170 
f 172/172/172 170/170/170 171/171/171 
f 171/171/171 173/173/173 172/172/172 
f 174/174/174 172/172/172 173/173/173 
f 173/173/173 175/175/175 174/174/174 
f 176/176/176 174/174/174 175/175/175 
f 175/175/175 177/177/177 176/176/176 
f 178/178/178 176/176/176 177/177/177 
f 177/177/177 179/179/179 178/178/178 
f 180/180/180 178/178/178 179/179/179 
f 179/179/179 181/181/181 180/180/180 
f 182/182/182 180/180/180 181/181/181 
f 181/181/181 183/183/183 182/182/182 
f 184/184/184 182/182/182 183/183/183 
f 183/183/183 185/185/185 184/184/184 
f 186/186/186 184/184/184 185/185/185 
f 185/185/185 187/187/187 186/186/186 
f 188/188/188 186/186/186 187/187/187 
f 187/187/187 189/189/189 188/188/188 
f 190/190/190 188/188/188 189/189/189 
f 189/189/189 191/191/191 190/190/190 
f 192/192/192 190/190/190 191/191/191 
f 191/191/191 193/193/193 192/192/192 
f 194/194/194 192/192/192 193/193/193 
f 193/193/193 195/195/195 194/194/194 
f 196/196/196 194/194/194 195/195/195 
f 195/195/195 197/197/197 196/196/196 
f 198/198/198 196/196/196 197/197/197 
f 197/197/197 199/199/199 198/198/198 
f 200/200/200 198/198/198 199/199/199 
f 199/199/199 201/201/201 200/200/200 
f 202/202/202 200/200/200 201/201/201 
f 201/201/201 203/203/203 202/202/202 
f 204/204/204 202/202/202 203/203/203 
f 203/203/203 205/205/205 204/204/204 
f 206/206/206 204/204/204 205/205/205 
f 205/205/205 207/207/207 206/206/206 
f 208/208/208 210/210/210 209/209/209 
f 209/209/209 211/211/211 208/208/208 
f 211/211/211 212/212/212 208/208/208 
f 208/208/208 212/212/212 213/213/213 
f 214/214/214 208/208/208 213/213/213 
f 213/213/213 215/215/215 214/214/214 
f 215/215/215 216/216/216 214/214/214 
f 213/213/213 217/217/217 215/215/215 
f 218/218/218 213/213/213 212/212/212 
f 212/212/212 219/219/219 218/218/218 
f 220/220/220 219/219/219 212/212/212 
f 221/221/221 220/220/220 212/212/212 
f 212/212/212 222/222/222 221/221/221 
f 219/219/219 223/223/223 218/218/218 
f 223/223/223 224/224/224 218/218/218 
f 224/224/224 225/225/225 218/218/218 
f 218/218/218 226/226/226 213/213/213 
f 218/218/218 227/227/227 226/226/226 
f 227/227/227 228/228/228 226/226/226 
f 228/228/228 229/229/229 226/226/226 
f 226/226/226 230/230/230 213/213/213 
f 230/230/230 231/231/231 213/213/213 
f 231/231/231 232/232/232 213/213/213 
f 233/233/233 235/235/235 234/234/234 
f 234/234/234 236/236/236 233/233/233 
f 236/236/236 234/234/234 237/237/237 
f 237/237/237 238/238/238 236/236/236 
f 238/238/238 237/237/237 239/239/239 
f 239/239/239 240/240/240 238/238/238 
f 241/241/241 240/240/240 239/239/239 
f 239/239/239 242/242/242 241/241/241 
f 241/241/241 242/242/242 243/243/243 
f 243/243/243 244/244/244 241/241/241 
f 244/244/244 243/243/243 245/245/245 
f 245/245/245 246/246/246 244/244/244 
f 246/246/246 245/245/245 247/247/247 
f 247/247/247 248/248/248 246/246/246 
f 248/248/248 247/247/247 249/249/249 
f 249/249/249 250/250/250 248/248/248 
f 251/251/251 253/253/253 252/252/252 
f 252/252/252 254/254/254 251/251/251 
f 255/255/255 251/251/251 254/254/254 
f 254/254/254 256/256/256 255/255/255 
f 257/257/257 255/255/255 256/256/256 
f 256/256/256 258/258/258 257/257/257 
f 259/259/259 257/257/257 258/258/258 
f 258/258/258 260/260/260 259/259/259 
f 261/261/261 259/259/259 260/260/260 
f 260/260/260 262/262/262 261/261/261 
f 263/263/263 261/261/261 262/262/262 
f 262/262/262 264/264/264 263/263/263 
f 265/265/265 263/263/263 264/264/264 
f 264/264/264 266/266/266 265/265/265 
f 267/267/267 265/265/265 266/266/266 
f 266/266/266 268/268/268 267/267/267 
f 269/269/269 267/267/267 268/268/268 
f 268/268/268 270/270/270 269/269/269 
f 271/271/271 269/269/269 270/270/270 
f 270/270/270 272/272/272 271/271/271 
f 273/273/273 271/271/271 272/272/272 
f 272/272/272 274/274/274 273/273/273 
f 275/275/275 273/273/273 274/274/274 
f 274/274/274 276/276/276 275/275/275 
f 277/277/277 275/275/275 276/276/276 
f 276/276/276 278/278/278 277/277/277 
f 279/279/279 277/277/277 278/278/278 
f 278/278/278 280/280/280 279/279/279 
f 281/281/281 279/279/279 280/280/280 
f 280/280/280 282/282/282 281/281/281 
f 283/283/283 281/281/281 282/282/282 
f 282/282/282 284/284/284 283/283/283 
f 285/285/285 283/283/283 284/284/284 
f 284/284/284 286/286/286 285/285/285 
f 287/287/287 285/285/285 286/286/286 
f 286/286/286 288/288/288 287/287/287 
f 289/289/289 287/287/287 288/288/288 
f 288/288/288 290/290/290 289/289/289 
f 291/291/291 289/289/289 290/290/290 
f 290/290/290 292/292/292 291/291/291 
f 293/293/293 291/291/291 292/292/292 
f 292/292/292 294/294/294 293/293/293 
f 295/295/295 293/293/293 294/294/294 
f 294/294/294 296/296/296 295/295/295 
f 297/297/297 295/295/295 296/296/296 
f 296/296/296 298/298/298 297/297/297 
f 299/299/299 297/297/297 298/298/298 
f 298/298/298 300/300/300 299/299/299 
f 301/301/301 303/303/303 302/302/302 
f 302/302/302 304/304/304 301/301/301 
f 304/304/304 302/302/302 305/305/305 
f 305/305/305 306/306/306 304/304/304 
f 306/306/306 305/305/305 307/307/307 
f 307/307/307 308/308/308 306/306/306 
f 308/308/308 307/307/307 309/309/309 
f 309/309/309 310/310/310 308/308/308 
f 310/310/310 309/309/309 311/311/311 
f 311/311/311 312/312/312 310/310/310 
f 312/312/312 311/311/311 313/313/313 
f 313/313/313 314/314/314 312/312/312 
f 314/314/314 313/313/313 315/315/315 
f 315/315/315 316/316/316 314/314/314 
f 316/316/316 315/315/315 317/317/317 
f 317/317/317 318/318/318 316/316/316 
f 318/318/318 317/317/317 319/319/319 
f 319/319/319 320/320/320 318/318/318 
f 320/320/320 319/319/319 321/321/321 
f 321/321/321 322/322/322 320/320/320 
f 322/322/322 321/321/321 323/323/323 
f 323/323/323 324/324/324 322/322/322 
f 324/324/324 323/323/323 325/325/325 
f 325/325/325 326/326/326 324/324/324 
f 327/327/327 329/329/329 328/328/328 
f 328/328/328 330/330/330 327/327/327 
f 330/330/330 328/328/328 331/331/331 
f 331/331/331 332/332/332 330/330/330 
f 332/332/332 331/331/331 333/333/333 
f 333/333/333 334/334/334 332/332/332 
f 334/334/334 333/333/333 335/335/335 
f 335/335/335 336/336/336 334/334/334 
f 336/336/336 335/335/335 337/337/337 
f 337/337/337 338/338/338 336/336/336 
f 338/338/338 337/337/337 339/339/339 
f 339/339/339 340/340/340 338/338/338 
f 340/340/340 339/339/339 341/341/341 
f 341/341/341 342/342/342 340/340/340 
f 342/342/342 341/341/341 343/343/343 
f 343/343/343 344/344/344 342/342/342 
f 344/344/344 343/343/343 345/345/345 
f 345/345/345 346/346/346 344/344/344 
f 346/346/346 345/345/345 347/347/347 
f 347/347/347 348/348/348 346/346/346 
f 348/348/348 347/347/347 349/349/349 
f 349/349/349 350/350/350 348/348/348 
f 350/350/350 349/349/349 351/351/351 
f 351/351/351 352/352/352 350/350/350 
f 352/352/352 351/351/351 353/353/353 
f 353/353/353 354/354/354 352/352/352 
f 354/354/354 353/353/353 355/355/355 
f 355/355/355 356/356/356 354/354/354 
f 356/356/356 355/355/355 357/357/357 
f 357/357/357 358/358/358 356/356/356 
f 358/358/358 357/357/357 359/359/359 
f 359/359/359 360/360/360 358/358/358 
f 360/360/360 359/359/359 361/361/361 
f 361/361/361 362/362/362 360/360/360 
f 362/362/362 361/361/361 363/363/363 
f 363/363/363 364/364/364 362/362/362 
f 364/364/364 363/363/363 365/365/365 
f 365/365/365 366/366/366 364/364/364 
f 366/366/366 365/365/365 367/367/367 
f 367/367/367 368/368/368 366/366/366 
f 368/368/368 367/367/367 369/369/369 
f 369/369/369 370/370/370 368/368/368 
f 370/370/370 369/369/369 371/371/371 
f 371/371/371 372/372/372 370/370/370 
f 372/372/372 371/371/371 373/373/373 
f 373/373/373 374/374/374 372/372/372 
f 374/374/374 373/373/373 375/375/375 
f 375/375/375 376/376/376 374/374/374 
f 377/377/377 379/379/379 378/378/378 
f 378/378/378 380/380/380 377/377/377 
f 380/380/380 378/378/378 381/381/381 
f 377/377/377 380/380/380 382/382/382 
f 381/381/381 383/383/383 380/380/380 
f 380/380/380 383/383/383 382/382/382 
f 383/383/383 381/381/381 384/384/384 
f 383/383/383 385/385/385 382/382/382 
f 384/384/384 385/385/385 383/383/383 
f 385/385/385 384/384/384 386/386/386 
f 385/385/385 387/387/387 382/382/382 
f 386/386/386 387/387/387 385/385/385 
f 387/387/387 388/388/388 382/382/382 
f 387/387/387 386/386/386 389/389/389 
f 389/389/389 388/388/388 387/387/387 
f 388/388/388 389/389/389 390/390/390 
f 390/390/390 391/391/391 388/388/388 
f 388/388/388 391/391/391 382/382/382 
f 391/391/391 390/390/390 392/392/392 
f 392/392/392 393/393/393 391/391/391 
f 391/391/391 393/393/393 382/382/382 
f 393/393/393 392/392/392 394/394/394 
f 394/394/394 395/395/395 393/393/393 
f 393/393/393 395/395/395 382/382/382 
f 395/395/395 394/394/394 396/396/396 
f 396/396/396 397/397/397 395/395/395 
f 395/395/395 397/397/397 382/382/382 
f 397/397/397 396/396/396 398/398/398 
f 398/398/398 399/399/399 397/397/397 
f 397/397/397 399/399/399 382/382/382 
f 399/399/399 398/398/398 400/400/400 
f 399/399/399 401/401/401 382/382/382 
f 400/400/400 401/401/401 399/399/399 
f 401/401/401 402/402/402 382/382/382 
f 401/401/401 400/400/400 403/403/403 
f 403/403/403 402/402/402 401/401/401 
f 404/404/404 406/406/406 405/405/405 
f 405/405/405 407/407/407 404/404/404 
f 408/408/408 404/404/404 407/407/407 
f 407/407/407 409/409/409 408/408/408 
f 410/410/410 408/408/408 409/409/409 
f 409/409/409 411/411/411 410/410/410 
f 412/412/412 410/410/410 411/411/411 
f 411/411/411 413/413/413 412/412/412 
f 414/414/414 412/412/412 413/413/413 
f 413/413/413 415/415/415 414/414/414 
f 416/416/416 414/414/414 415/415/415 
f 415/415/415 417/417/417 416/416/416 
f 418/418/418 416/416/416 417/417/417 
f 417/417/417 419/419/419 418/418/418 
f 420/420/420 418/418/418 419/419/419 
f 419/419/419 421/421/421 420/420/420 
f 422/422/422 420/420/420 421/421/421 
f 421/421/421 423/423/423 422/422/422 
f 424/424/424 422/422/422 423/423/423 
f 423/423/423 425/425/425 424/424/424 
f 426/426/426 424/424/424 425/425/425 
f 425/425/425 427/427/427 426/426/426 
f 428/428/428 426/426/426 427/427/427 
f 427/427/427 429/429/429 428/428/428 
f 430/430/430 428/428/428 429/429/429 
f 429/429/429 431/431/431 430/430/430 
f 432/432/432 430/430/430 431/431/431 
f 431/431/431 433/433/433 432/432/432 
f 434/434/434 432/432/432 433/433/433 
f 433/433/433 435/435/435 434/434/434 
f 436/436/436 434/434/434 435/435/435 
f 435/435/435 437/437/437 436/436/436 
f 438/438/438 436/436/436 437/437/437 
f 437/437/437 439/439/439 438/438/438 
f 440/440/440 438/438/438 439/439/439 
f 439/439/439 441/441/441 440/440/440 
f 442/442/442 440/440/440 441/441/441 
f 441/441/441 443/443/443 442/442/442 
f 444/444/444 442/442/442 443/443/443 
f 443/443/443 445/445/445 444/444/444 
f 446/446/446 444/444/444 445/445/445 
f 445/445/445 447/447/447 446/446/446 
f 448/448/448 446/446/446 447/447/447 
f 447/447/447 449/449/449 448/448/448 
f 450/450/450 448/448/448 449/449/449 
f 449/449/449 451/451/451 450/450/450 
f 452/452/452 450/450/450 451/451/451 
f 451/451/451 453/453/453 452/452/452 
f 454/454/454 452/452/452 453/453/453 
f 453/453/453 455/455/455 454/454/454 
f 456/456/456 454/454/454 455/455/455 
f 455/455/455 457/457/457 456/456/456 
f 458/458/458 456/456/456 457/457/457 
f 457/457/457 459/459/459 458/458/458 
f 460/460/460 458/458/458 459/459/459 
f 459/459/459 461/461/461 460/460/460 
f 462/462/462 460/460/460 461/461/461 
f 461/461/461 463/463/463 462/462/462 
f 464/464/464 462/462/462 463/463/463 
f 463/463/463 465/465/465 464/464/464 
f 466/466/466 464/464/464 465/465/465 
f 465/465/465 467/467/467 466/466/466 
f 468/468/468 466/466/466 467/467/467 
f 467/467/467 469/469/469 468/468/468 
f 470/470/470 472/472/472 471/471/471 
f 471/471/471 473/473/473 470/470/470 
f 473/473/473 471/471/471 474/474/474 
f 475/475/475 470/470/470 473/473/473 
f 474/474/474 476/476/476 473/473/473 
f 476/476/476 474/474/474 477/477/477 
f 473/473/473 478/478/478 475/475/475 
f 478/478/478 473/473/473 476/476/476 
f 479/479/479 475/475/475 478/478/478 
f 478/478/478 480/480/480 479/479/479 
f 480/480/480 478/478/478 481/481/481 
f 476/476/476 481/481/481 478/478/478 
f 481/481/481 482/482/482 480/480/480 
f 477/477/477 483/483/483 476/476/476 
f 481/481/481 476/476/476 483/483/483 
f 483/483/483 477/477/477 484/484/484 
f 482/482/482 481/481/481 485/485/485 
f 483/483/483 485/485/485 481/481/481 
f 485/485/485 486/486/486 482/482/482 
f 484/484/484 487/487/487 483/483/483 
f 485/485/485 483/483/483 487/487/487 
f 487/487/487 484/484/484 488/488/488 
f 486/486/486 485/485/485 489/489/489 
f 487/487/487 489/489/489 485/485/485 
f 489/489/489 490/490/490 486/486/486 
f 488/488/488 491/491/491 487/487/487 
f 489/489/489 487/487/487 491/491/491 
f 491/491/491 488/488/488 492/492/492 
f 490/490/490 489/489/489 493/493/493 
f 491/491/491 493/493/493 489/489/489 
f 493/493/493 494/494/494 490/490/490 
f 492/492/492 495/495/495 491/491/491 
f 493/493/493 491/491/491 495/495/495 
f 495/495/495 492/492/492 496/496/496 
f 494/494/494 493/493/493 497/497/497 
f 495/495/495 497/497/497 493/493/493 
f 497/497/497 498/498/498 494/494/494 
f 496/496/496 499/499/499 495/495/495 
f 497/497/497 495/495/495 499/499/499 
f 499/499/499 496/496/496 500/500/500 
f 498/498/498 497/497/497 501/501/501 
f 499/499/499 501/501/501 497/497/497 
f 501/501/501 502/502/502 498/498/498 
f 500/500/500 503/503/503 499/499/499 
f 501/501/501 499/499/499 503/503/503 
f 503/503/503 500/500/500 504/504/504 
f 502/502/502 501/501/501 505/505/505 
f 503/503/503 505/505/505 501/501/501 
f 505/505/505 506/506/506 502/502/502 
f 504/504/504 507/507/507 503/503/503 
f 505/505/505 503/503/503 507/507/507 
f 507/507/507 504/504/504 508/508/508 
f 506/506/506 505/505/505 509/509/509 
f 507/507/507 509/509/509 505/505/505 
f 509/509/509 510/510/510 506/506/506 
f 508/508/508 511/511/511 507/507/507 
f 509/509/509 507/507/507 511/511/511 
f 511/511/511 508/508/508 512/512/512 
f 510/510/510 509/509/509 513/513/513 
f 511/511/511 513/513/513 509/509/509 
f 513/513/513 514/514/514 510/510/510 
f 512/512/512 515/515/515 511/511/511 
f 513/513/513 511/511/511 515/515/515 
f 515/515/515 512/512/512 516/516/516 
f 514/514/514 513/513/513 517/517/517 
f 515/515/515 517/517/517 513/513/513 
f 517/517/517 518/518/518 514/514/514 
f 516/516/516 519/519/519 515/515/515 
f 517/517/517 515/515/515 519/519/519 
f 519/519/519 516/516/516 520/520/520 
f 518/518/518 517/517/517 521/521/521 
f 519/519/519 521/521/521 517/517/517 
f 521/521/521 522/522/522 518/518/518 
f 520/520/520 523/523/523 519/519/519 
f 521/521/521 519/519/519 523/523/523 
f 523/523/523 520/520/520 524/524/524 
f 522/522/522 521/521/521 525/525/525 
f 523/523/523 525/525/525 521/521/521 
f 525/525/525 526/526/526 522/522/522 
f 524/524/524 527/527/527 523/523/523 
f 525/525/525 523/523/523 527/527/527 
f 527/527/527 524/524/524 528/528/528 
f 526/526/526 525/525/525 529/529/529 
f 527/527/527 529/529/529 525/525/525 
f 529/529/529 530/530/530 526/526/526 
f 528/528/528 531/531/531 527/527/527 
f 529/529/529 527/527/527 531/531/531 
f 531/531/531 528/528/528 532/532/532 
f 530/530/530 529/529/529 533/533/533 
f 531/531/531 533/533/533 529/529/529 
f 533/533/533 534/534/534 530/530/530 
f 532/532/532 535/535/535 531/531/531 
f 533/533/533 531/531/531 535/535/535 
f 535/535/535 532/532/532 536/536/536 
f 534/534/534 533/533/533 537/537/537 
f 535/535/535 537/537/537 533/533/533 
f 537/537/537 538/538/538 534/534/534 
f 536/536/536 539/539/539 535/535/535 
f 537/537/537 535/535/535 539/539/539 
f 539/539/539 536/536/536 540/540/540 
f 538/538/538 537/537/537 541/541/541 
f 539/539/539 541/541/541 537/537/537 
f 541/541/541 542/542/542 538/538/538 
f 540/540/540 543/543/543 539/539/539 
f 541/541/541 539/539/539 543/543/543 
f 543/543/543 540/540/540 544/544/544 
f 542/542/542 541/541/541 545/545/545 
f 543/543/543 545/545/545 541/541/541 
f 545/545/545 546/546/546 542/542/542 
f 544/544/544 547/547/547 543/543/543 
f 545/545/545 543/543/543 547/547/547 
f 547/547/547 544/544/544 548/548/548 
f 546/546/546 545/545/545 549/549/549 
f 547/547/547 549/549/549 545/545/545 
f 549/549/549 550/550/550 546/546/546 
f 548/548/548 551/551/551 547/547/547 
f 549/549/549 547/547/547 551/551/551 
f 551/551/551 548/548/548 552/552/552 
f 550/550/550 549/549/549 553/553/553 
f 551/551/551 553/553/553 549/549/549 
f 553/553/553 554/554/554 550/550/550 
f 552/552/552 555/555/555 551/551/551 
f 553/553/553 551/551/551 555/555/555 
f 555/555/555 552/552/552 556/556/556 
f 554/554/554 553/553/553 557/557/557 
f 555/555/555 557/557/557 553/553/553 
f 557/557/557 558/558/558 554/554/554 
f 556/556/556 559/559/559 555/555/555 
f 557/557/557 555/555/555 559/559/559 
f 559/559/559 556/556/556 560/560/560 
f 558/558/558 557/557/557 561/561/561 
f 559/559/559 561/561/561 557/557/557 
f 561/561/561 562/562/562 558/558/558 
f 560/560/560 563/563/563 559/559/559 
f 561/561/561 559/559/559 563/563/563 
f 563/563/563 560/560/560 564/564/564 
f 562/562/562 561/561/561 565/565/565 
f 563/563/563 565/565/565 561/561/561 
f 565/565/565 566/566/566 562/562/562 
f 564/564/564 567/567/567 563/563/563 
f 565/565/565 563/563/563 567/567/567 
f 567/567/567 564/564/564 568/568/568 
f 566/566/566 565/565/565 569/569/569 
f 567/567/567 569/569/569 565/565/565 
f 569/569/569 570/570/570 566/566/566 
f 568/568/568 571/571/571 567/567/567 
f 569/569/569 567/567/567 571/571/571 
f 571/571/571 568/568/568 572/572/572 
f 570/570/570 569/569/569 573/573/573 
f 571/571/571 573/573/573 569/569/569 
f 573/573/573 574/574/574 570/570/570 
f 572/572/572 575/575/575 571/571/571 
f 573/573/573 571/571/571 575/575/575 
f 575/575/575 572/572/572 576/576/576 
f 574/574/574 573/573/573 577/577/577 
f 575/575/575 577/577/577 573/573/573 
f 577/577/577 578/578/578 574/574/574 
f 576/576/576 579/579/579 575/575/575 
f 577/577/577 575/575/575 579/579/579 
f 579/579/579 576/576/576 580/580/580 
f 578/578/578 577/577/577 581/581/581 
f 579/579/579 581/581/581 577/577/577 
f 581/581/581 582/582/582 578/578/578 
f 580/580/580 583/583/583 579/579/579 
f 581/581/581 579/579/579 583/583/583 
f 583/583/583 580/580/580 584/584/584 
f 582/582/582 581/581/581 585/585/585 
f 583/583/583 585/585/585 581/581/581 
f 585/585/585 586/586/586 582/582/582 
f 584/584/584 587/587/587 583/583/583 
f 585/585/585 583/583/583 587/587/587 
f 587/587/587 584/584/584 588/588/588 
f 586/586/586 585/585/585 589/589/589 
f 587/587/587 589/589/589 585/585/585 
f 589/589/589 590/590/590 586/586/586 
f 588/588/588 591/591/591 587/587/587 
f 589/589/589 587/587/587 591/591/591 
f 591/591/591 588/588/588 592/592/592 
f 590/590/590 589/589/589 593/593/593 
f 591/591/591 593/593/593 589/589/589 
f 593/593/593 594/594/594 590/590/590 
f 592/592/592 595/595/595 591/591/591 
f 593/593/593 591/591/591 595/595/595 
f 595/595/595 592/592/592 596/596/596 
f 596/596/596 597/597/597 595/595/595 
f 594/594/594 593/593/593 598/598/598 
f 595/595/595 598/598/598 593/593/593 
f 598/598/598 595/595/595 597/597/597 
f 598/598/598 599/599/599 594/594/594 
f 597/597/597 600/600/600 598/598/598 
f 599/599/599 598/598/598 600/600/600 
f 600/600/600 601/601/601 599/599/599 
f 602/602/602 604/604/604 603/603/603 
f 603/603/603 605/605/605 602/602/602 
f 605/605/605 603/603/603 606/606/606 
f 606/606/606 607/607/607 605/605/605 
f 607/607/607 606/606/606 608/608/608 
f 608/608/608 609/609/609 607/607/607 
f 609/609/609 608/608/608 610/610/610 
f 610/610/610 611/611/611 609/609/609 
f 611/611/611 610/610/610 612/612/612 
f 612/612/612 613/613/613 611/611/611 
f 613/613/613 612/612/612 614/614/614 
f 614/614/614 615/615/615 613/613/613 
f 615/615/615 614/614/614 616/616/616 
f 616/616/616 617/617/617 615/615/615 
f 617/617/617 616/616/616 618/618/618 
f 618/618/618 619/619/619 617/617/617 
f 619/619/619 618/618/618 620/620/620 
f 620/620/620 621/621/621 619/619/619 
f 621/621/621 620/620/620 622/622/622 
f 622/622/622 623/623/623 621/621/621 
f 623/623/623 622/622/622 624/624/624 
f 624/624/624 625/625/625 623/623/623 
f 625/625/625 624/624/624 626/626/626 
f 626/626/626 627/627/627 625/625/625 
f 627/627/627 626/626/626 628/628/628 
f 628/628/628 629/629/629 627/627/627 
f 629/629/629 628/628/628 630/630/630 
f 630/630/630 631/631/631 629/629/629 
f 631/631/631 630/630/630 632/632/632 
f 632/632/632 633/633/633 631/631/631 
f 633/633/633 632/632/632 634/634/634 
f 634/634/634 635/635/635 633/633/633 
f 635/635/635 634/634/634 636/636/636 
f 636/636/636 637/637/637 635/635/635 
f 637/637/637 636/636/636 638/638/638 
f 638/638/638 639/639/639 637/637/637 
f 639/639/639 638/638/638 640/640/640 
f 640/640/640 641/641/641 639/639/639 
f 641/641/641 640/640/640 642/642/642 
f 642/642/642 643/643/643 641/641/641 
f 643/643/643 642/642/642 644/644/644 
f 644/644/644 645/645/645 643/643/643 
f 645/645/645 644/644/644 646/646/646 
f 646/646/646 647/647/647 645/645/645 
f 647/647/647 646/646/646 648/648/648 
f 648/648/648 649/649/649 647/647/647 
f 649/649/649 648/648/648 650/650/650 
f 650/650/650 651/651/651 649/649/649 
f 651/651/651 650/650/650 652/652/652 
f 652/652/652 653/653/653 651/651/651 
f 653/653/653 652/652/652 654/654/654 
f 654/654/654 655/655/655 653/653/653 
f 655/655/655 654/654/654 656/656/656 
f 656/656/656 657/657/657 655/655/655 
f 657/657/657 656/656/656 658/658/658 
f 658/658/658 659/659/659 657/657/657 
f 659/659/659 658/658/658 660/660/660 
f 660/660/660 661/661/661 659/659/659 
f 661/661/661 660/660/660 662/662/662 
f 662/662/662 663/663/663 661/661/661 
f 663/663/663 662/662/662 664/664/664 
f 664/664/664 665/665/665 663/663/663 
f 665/665/665 664/664/664 666/666/666 
f 666/666/666 667/667/667 665/665/665 
f 668/668/668 670/670/670 669/669/669 
f 669/669/669 671/671/671 668/668/668 
f 671/671/671 669/669/669 672/672/672 
f 672/672/672 673/673/673 671/671/671 
f 673/673/673 672/672/672 674/674/674 
f 674/674/674 675/675/675 673/673/673 
f 675/675/675 674/674/674 676/676/676 
f 676/676/676 677/677/677 675/675/675 
f 677/677/677 676/676/676 678/678/678 
f 678/678/678 679/679/679 677/677/677 
f 679/679/679 678/678/678 680/680/680 
f 680/680/680 681/681/681 679/679/679 
f 681/681/681 680/680/680 682/682/682 
f 682/682/682 683/683/683 681/681/681 
f 683/683/683 682/682/682 684/684/684 
f 684/684/684 685/685/685 683/683/683 
f 685/685/685 684/684/684 686/686/686 
f 686/686/686 687/687/687 685/685/685 
f 687/687/687 686/686/686 688/688/688 
f 688/688/688 689/689/689 687/687/687 
f 689/689/689 688/688/688 690/690/690 
f 690/690/690 691/691/691 689/689/689 
f 691/691/691 690/690/690 692/692/692 
f 692/692/692 693/693/693 691/691/691 
f 693/693/693 692/692/692 694/694/694 
f 694/694/694 695/695/695 693/693/693 
f 695/695/695 694/694/694 696/696/696 
f 696/696/696 697/697/697 695/695/695 
f 697/697/697 696/696/696 698/698/698 
f 698/698/698 699/699/699 697/697/697 
f 699/699/699 698/698/698 700/700/700 
f 700/700/700 701/701/701 699/699/699 
f 701/701/701 700/700/700 702/702/702 
f 702/702/702 703/703/703 701/701/701 
f 703/703/703 702/702/702 704/704/704 
f 704/704/704 705/705/705 703/703/703 
f 705/705/705 704/704/704 706/706/706 
f 706/706/706 707/707/707 705/705/705 
f 707/707/707 706/706/706 708/708/708 
f 708/708/708 709/709/709 707/707/707 
f 709/709/709 708/708/708 710/710/710 
f 710/710/710 711/711/711 709/709/709 
f 711/711/711 710/710/710 712/712/712 
f 712/712/712 713/713/713 711/711/711 
f 713/713/713 712/712/712 714/714/714 
f 714/714/714 715/715/715 713/713/713 
f 715/715/715 714/714/714 716/716/716 
f 716/716/716 717/717/717 715/715/715 
f 717/717/717 716/716/716 718/718/718 
f 718/718/718 719/719/719 717/717/717 
f 719/719/719 718/718/718 720/720/720 
f 720/720/720 721/721/721 719/719/719 
f 721/721/721 720/720/720 722/722/722 
f 722/722/722 723/723/723 721/721/721 
f 723/723/723 722/722/722 724/724/724 
f 724/724/724 725/725/725 723/723/723 
f 725/725/725 724/724/724 726/726/726 
f 726/726/726 727/727/727 725/725/725 
f 727/727/727 726/726/726 728/728/728 
f 728/728/728 729/729/729 727/727/727 
f 729/729/729 728/728/728 730/730/730 
f 730/730/730 731/731/731 729/729/729 
f 731/731/731 730/730/730 732/732/732 
f 732/732/732 733/733/733 731/731/731 
f 734/734/734 736/736/736 735/735/735 
f 735/735/735 737/737/737 734/734/734 
f 737/737/737 735/735/735 738/738/738 
f 738/738/738 739/739/739 737/737/737 
f 739/739/739 738/738/738 740/740/740 
f 740/740/740 741/741/741 739/739/739 
f 741/741/741 740/740/740 742/742/742 
f 742/742/742 743/743/743 741/741/741 
f 743/743/743 742/742/742 744/744/744 
f 744/744/744 745/745/745 743/743/743 
f 745/745/745 744/744/744 746/746/746 
f 746/746/746 747/747/747 745/745/745 
f 747/747/747 746/746/746 748/748/748 
f 748/748/748 749/749/749 747/747/747 
f 749/749/749 748/748/748 750/750/750 
f 750/750/750 751/751/751 749/749/749 
f 751/751/751 750/750/750 752/752/752 
f 752/752/752 753/753/753 751/751/751 
f 753/753/753 752/752/752 754/754/754 
f 754/754/754 755/755/755 753/753/753 
f 755/755/755 754/754/754 756/756/756 
f 756/756/756 757/757/757 755/755/755 
f 757/757/757 756/756/756 758/758/758 
f 758/758/758 759/759/759 757/757/757 
f 759/759/759 758/758/758 760/760/760 
f 760/760/760 761/761/761 759/759/759 
f 761/761/761 760/760/760 762/762/762 
f 762/762/762 763/763/763 761/761/761 
f 763/763/763 762/762/762 764/764/764 
f 764/764/764 765/765/765 763/763/763 
f 765/765/765 764/764/764 766/766/766 
f 766/766/766 767/767/767 765/765/765 
f 767/767/767 766/766/766 768/768/768 
f 768/768/768 769/769/769 767/767/767 
f 769/769/769 768/768/768 770/770/770 
f 770/770/770 771/771/771 769/769/769 
f 771/771/771 770/770/770 772/772/772 
f 772/772/772 773/773/773 771/771/771 
f 773/773/773 772/772/772 774/774/774 
f 774/774/774 775/775/775 773/773/773 
f 775/775/775 774/774/774 776/776/776 
f 776/776/776 777/777/777 775/775/775 
f 777/777/777 776/776/776 778/778/778 
f 778/778/778 779/779/779 777/777/777 
f 779/779/779 778/778/778 780/780/780 
f 780/780/780 781/781/781 779/779/779 
f 781/781/781 780/780/780 782/782/782 
f 782/782/782 783/783/783 781/781/781 
f 783/783/783 782/782/782 784/784/784 
f 784/784/784 785/785/785 783/783/783 
f 785/785/785 784/784/784 786/786/786 
f 786/786/786 787/787/787 785/785/785 
f 787/787/787 786/786/786 788/788/788 
f 788/788/788 789/789/789 787/787/787 
f 789/789/789 788/788/788 790/790/790 
f 790/790/790 791/791/791 789/789/789 
f 791/791/791 790/790/790 792/792/792 
f 792/792/792 793/793/793 791/791/791 
f 793/793/793 792/792/792 794/794/794 
f 794/794/794 795/795/795 793/793/793 
f 795/795/795 794/794/794 796/796/796 
f 796/796/796 797/797/797 795/795/795 
f 797/797/797 796/796/796 798/798/798 
f 798/798/798 799/799/799 797/797/797 
f 800/800/800 802/802/802 801/801/801 
f 800/800/800 801/801/801 803/803/803 
f 801/801/801 804/804/804 803/803/803 
f 800/800/800 803/803/803 805/805/805 
f 803/803/803 806/806/806 805/805/805 
f 803/803/803 807/807/807 806/806/806 
f 807/807/807 808/808/808 806/806/806 
f 808/808/808 809/809/809 806/806/806 
f 805/805/805 810/810/810 800/800/800 
f 806/806/806 811/811/811 805/805/805 
f 811/811/811 812/812/812 805/805/805 
f 813/813/813 811/811/811 806/806/806 
f 814/814/814 813/813/813 806/806/806 
f 806/806/806 815/815/815 814/814/814 
f 812/812/812 816/816/816 805/805/805 
f 816/816/816 817/817/817 805/805/805 
f 818/818/818 800/800/800 810/810/810 
f 818/818/818 819/819/819 800/800/800 
f 820/820/820 818/818/818 810/810/810 
f 820/820/820 821/821/821 818/818/818 
f 810/810/810 822/822/822 820/820/820 
f 822/822/822 823/823/823 820/820/820 
f 823/823/823 824/824/824 820/820/820 
f 825/825/825 810/810/810 805/805/805 
f 825/825/825 826/826/826 810/810/810 
f 827/827/827 825/825/825 805/805/805 
f 827/827/827 828/828/828 825/825/825 
f 829/829/829 827/827/827 805/805/805 
f 830/830/830 829/829/829 805/805/805 
f 805/805/805 831/831/831 830/830/830 
f 832/832/832 834/834/834 833/833/833 
f 833/833/833 835/835/835 832/832/832 
f 836/836/836 832/832/832 835/835/835 
f 835/835/835 837/837/837 836/836/836 
f 838/838/838 836/836/836 837/837/837 
f 837/837/837 839/839/839 838/838/838 
f 840/840/840 838/838/838 839/839/839 
f 839/839/839 841/841/841 840/840/840 
f 842/842/842 840/840/840 841/841/841 
f 841/841/841 843/843/843 842/842/842 
f 844/844/844 842/842/842 843/843/843 
f 843/843/843 845/845/845 844/844/844 
f 846/846/846 844/844/844 845/845/845 
f 845/845/845 847/847/847 846/846/846 
f 848/848/848 846/846/846 847/847/847 
f 847/847/847 849/849/849 848/848/848 
f 850/850/850 848/848/848 849/849/849 
f 849/849/849 851/851/851 850/850/850 
f 852/852/852 850/850/850 851/851/851 
f 851/851/851 853/853/853 852/852/852 
f 854/854/854 852/852/852 853/853/853 
f 853/853/853 855/855/855 854/854/854 
f 856/856/856 854/854/854 855/855/855 
f 855/855/855 857/857/857 856/856/856 
f 858/858/858 856/856/856 857/857/857 
f 857/857/857 859/859/859 858/858/858 
f 860/860/860 858/858/858 859/859/859 
f 859/859/859 861/861/861 860/860/860 
f 862/862/862 860/860/860 861/861/861 
f 861/861/861 863/863/863 862/862/862 
f 864/864/864 862/862/862 863/863/863 
f 863/863/863 865/865/865 864/864/864 
f 866/866/866 868/868/868 867/867/867 
f 867/867/867 869/869/869 866/866/866 
f 869/869/869 867/867/867 870/870/870 
f 870/870/870 871/871/871 869/869/869 
f 871/871/871 870/870/870 872/872/872 
f 872/872/872 873/873/873 871/871/871 
f 873/873/873 872/872/872 874/874/874 
f 874/874/874 875/875/875 873/873/873 
f 875/875/875 874/874/874 876/876/876 
f 876/876/876 877/877/877 875/875/875 
f 877/877/877 876/876/876 878/878/878 
f 878/878/878 879/879/879 877/877/877 
f 879/879/879 878/878/878 880/880/880 
f 880/880/880 881/881/881 879/879/879 
f 881/881/881 880/880/880 882/882/882 
f 882/882/882 883/883/883 881/881/881 
f 884/884/884 886/886/886 885/885/885 
f 885/885/885 887/887/887 884/884/884 
f 885/885/885 888/888/888 887/887/887 
f 887/887/887 889/889/889 884/884/884 
f 887/887/887 890/890/890 889/889/889 
f 889/889/889 891/891/891 884/884/884 
f 892/892/892 894/894/894 893/893/893 
f 893/893/893 895/895/895 892/892/892 
f 895/895/895 893/893/893 896/896/896 
f 896/896/896 897/897/897 895/895/895 
f 897/897/897 896/896/896 898/898/898 
f 898/898/898 899/899/899 897/897/897 
f 900/900/900 899/899/899 898/898/898 
f 898/898/898 901/901/901 900/900/900 
f 900/900/900 901/901/901 902/902/902 
f 902/902/902 903/903/903 900/900/900 
f 903/903/903 902/902/902 904/904/904 
f 904/904/904 905/905/905 903/903/903 
f 905/905/905 904/904/904 906/906/906 
f 906/906/906 907/907/907 905/905/905 
f 907/907/907 906/906/906 908/908/908 
f 908/908/908 909/909/909 907/907/907 
f 910/910/910 912/912/912 911/911/911 
f 911/911/911 913/913/913 910/910/910 
f 913/913/913 911/911/911 914/914/914 
f 914/914/914 915/915/915 913/913/913 
f 915/915/915 914/914/914 916/916/916 
f 916/916/916 917/917/917 915/915/915 
f 917/917/917 916/916/916 918/918/918 
f 918/918/918 919/919/919 917/917/917 
f 919/919/919 918/918/918 920/920/920 
f 920/920/920 921/921/921 919/919/919 
f 921/921/921 920/920/920 922/922/922 
f 922/922/922 923/923/923 921/921/921 
f 923/923/923 922/922/922 924/924/924 
f 924/924/924 925/925/925 923/923/923 
f 925/925/925 924/924/924 926/926/926 
f 926/926/926 927/927/927 925/925/925 
f 928/928/928 930/930/930 929/929/929 
f 929/929/929 931/931/931 928/928/928 
f 931/931/931 929/929/929 932/932/932 
f 932/932/932 933/933/933 931/931/931 
f 934/934/934 933/933/933 932/932/932 
f 932/932/932 935/935/935 934/934/934 
f 934/934/934 935/935/935 936/936/936 
f 936/936/936 937/937/937 934/934/934 
f 937/937/937 936/936/936 938/938/938 
f 938/938/938 939/939/939 937/937/937 
f 939/939/939 938/938/938 940/940/940 
f 940/940/940 941/941/941 939/939/939 
f 941/941/941 940/940/940 942/942/942 
f 942/942/942 943/943/943 941/941/941 
f 944/944/944 946/946/946 945/945/945 
f 945/945/945 947/947/947 944/944/944 
f 948/948/948 950/950/950 949/949/949 
f 949/949/949 951/951/951 948/948/948 
f 949/949/949 952/952/952 951/951/951 
f 952/952/952 949/949/949 953/953/953 
f 953/953/953 954/954/954 952/952/952 
f 954/954/954 953/953/953 955/955/955 
f 955/955/955 956/956/956 954/954/954 
f 956/956/956 955/955/955 957/957/957 
f 957/957/957 958/958/958 956/956/956 
f 959/959/959 961/961/961 960/960/960 
f 960/960/960 962/962/962 959/959/959 
f 960/960/960 963/963/963 962/962/962 
f 964/964/964 962/962/962 963/963/963 
f 963/963/963 965/965/965 964/964/964 
f 966/966/966 964/964/964 965/965/965 
f 965/965/965 967/967/967 966/966/966 
f 968/968/968 966/966/966 967/967/967 
f 967/967/967 969/969/969 968/968/968 
f 970/970/970 972/972/972 971/971/971 
f 971/971/971 973/973/973 970/970/970 
f 974/974/974 976/976/976 975/975/975 
f 975/975/975 977/977/977 974/974/974 
f 977/977/977 975/975/975 978/978/978 
f 978/978/978 979/979/979 977/977/977 
f 979/979/979 978/978/978 980/980/980 
f 980/980/980 981/981/981 979/979/979 
f 982/982/982 981/981/981 980/980/980 
f 980/980/980 983/983/983 982/982/982 
f 982/982/982 983/983/983 984/984/984 
f 984/984/984 985/985/985 982/982/982 
f 986/986/986 988/988/988 987/987/987 
f 987/987/987 989/989/989 986/986/986 
f 990/990/990 992/992/992 991/991/991 
f 991/991/991 993/993/993 990/990/990 
f 994/994/994 996/996/996 995/995/995 
f 995/995/995 997/997/997 994/994/994 
f 998/998/998 1000/1000/1000 999/999/999 
f 999/999/999 1001/1001/1001 998/998/998 
f 1002/1002/1002 1004/1004/1004 1003/1003/1003 
f 1003/1003/1003 1005/1005/1005 1002/1002/1002 
f 1006/1006/1006 1008/1008/1008 1007/1007/1007 
f 1007/1007/1007 1009/1009/1009 1006/1006/1006 
f 1010/1010/1010 1012/1012/1012 1011/1011/1011 
f 1011/1011/1011 1013/1013/1013 1010/1010/1010 
f 1014/1014/1014 1016/1016/1016 1015/1015/1015 
f 1015/1015/1015 1017/1017/1017 1014/1014/1014 
f 1018/1018/1018 1020/1020/1020 1019/1019/1019 
f 1019/1019/1019 1021/1021/1021 1018/1018/1018 
f 1022/1022/1022 1024/1024/1024 1023/1023/1023 
f 1023/1023/1023 1025/1025/1025 1022/1022/1022 
f 1026/1026/1026 1028/1028/1028 1027/1027/1027 
f 1027/1027/1027 1029/1029/1029 1026/1026/1026 
f 1026/1026/1026 1029/1029/1029 1030/1030/1030 
f 1029/1029/1029 1031/1031/1031 1030/1030/1030 
f 1031/1031/1031 1032/1032/1032 1030/1030/1030 
f 1032/1032/1032 1033/1033/1033 1030/1030/1030 
f 1034/1034/1034 1036/1036/1036 1035/1035/1035 
f 1035/1035/1035 1037/1037/1037 1034/1034/1034 
f 1038/1038/1038 1040/1040/1040 1039/1039/1039 
f 1039/1039/1039 1041/1041/1041 1038/1038/1038 
f 1042/1042/1042 1044/1044/1044 1043/1043/1043 
f 1043/1043/1043 1045/1045/1045 1042/1042/1042 
f 1046/1046/1046 1048/1048/1048 1047/1047/1047 
f 1047/1047/1047 1049/1049/1049 1046/1046/1046 
f 1050/1050/1050 1052/1052/1052 1051/1051/1051 
f 1051/1051/1051 1053/1053/1053 1050/1050/1050 
f 1054/1054/1054 1056/1056/1056 1055/1055/1055 
f 1055/1055/1055 1057/1057/1057 1054/1054/1054 
f 1058/1058/1058 1060/1060/1060 1059/1059/1059 
f 1059/1059/1059 1061/1061/1061 1058/1058/1058 
f 1062/1062/1062 1064/1064/1064 1063/1063/1063 
f 1063/1063/1063 1065/1065/1065 1062/1062/1062 
f 1066/1066/1066 1068/1068/1068 1067/1067/1067 
f 1067/1067/1067 1069/1069/1069 1066/1066/1066 
f 1070/1070/1070 1072/1072/1072 1071/1071/1071 
f 1071/1071/1071 1073/1073/1073 1070/1070/1070 
f 1074/1074/1074 1076/1076/1076 1075/1075/1075 
f 1075/1075/1075 1077/1077/1077 1074/1074/1074 
f 1078/1078/1078 1080/1080/1080 1079/1079/1079 
f 1079/1079/1079 1081/1081/1081 1078/1078/1078 
f 1082/1082/1082 1084/1084/1084 1083/1083/1083 
f 1083/1083/1083 1085/1085/1085 1082/1082/1082 
f 1086/1086/1086 1088/1088/1088 1087/1087/1087 
f 1087/1087/1087 1089/1089/1089 1086/1086/1086 
f 1090/1090/1090 1092/1092/1092 1091/1091/1091 
f 1091/1091/1091 1093/1093/1093 1090/1090/1090 
f 1094/1094/1094 1096/1096/1096 1095/1095/1095 
f 1095/1095/1095 1097/1097/1097 1094/1094/1094 
f 1098/1098/1098 1100/1100/1100 1099/1099/1099 
f 1099/1099/1099 1101/1101/1101 1098/1098/1098 
f 1102/1102/1102 1101/1101/1101 1099/1099/1099 
f 1099/1099/1099 1103/1103/1103 1102/1102/1102 
f 1104/1104/1104 1102/1102/1102 1103/1103/1103 
f 1103/1103/1103 1105/1105/1105 1104/1104/1104 
f 1106/1106/1106 1104/1104/1104 1105/1105/1105 
f 1105/1105/1105 1107/1107/1107 1106/1106/1106 
f 1108/1108/1108 1110/1110/1110 1109/1109/1109 
f 1109/1109/1109 1111/1111/1111 1108/1108/1108 
f 1112/1112/1112 1111/1111/1111 1109/1109/1109 
f 1109/1109/1109 1113/1113/1113 1112/1112/1112 
f 1114/1114/1114 1112/1112/1112 1113/1113/1113 
f 1113/1113/1113 1115/1115/1115 1114/1114/1114 
f 1116/1116/1116 1114/1114/1114 1115/1115/1115 
f 1115/1115/1115 1117/1117/1117 1116/1116/1116 
f 1118/1118/1118 1120/1120/1120 1119/1119/1119 
f 1119/1119/1119 1121/1121/1121 1118/1118/1118 
f 1122/1122/1122 1121/1121/1121 1119/1119/1119 
f 1119/1119/1119 1123/1123/1123 1122/1122/1122 
f 1124/1124/1124 1122/1122/1122 1123/1123/1123 
f 1123/1123/1123 1125/1125/1125 1124/1124/1124 
f 1126/1126/1126 1124/1124/1124 1125/1125/1125 
f 1125/1125/1125 1127/1127/1127 1126/1126/1126 
f 1128/1128/1128 1130/1130/1130 1129/1129/1129 
f 1129/1129/1129 1131/1131/1131 1128/1128/1128 
f 1132/1132/1132 1131/1131/1131 1129/1129/1129 
f 1129/1129/1129 1133/1133/1133 1132/1132/1132 
f 1134/1134/1134 1132/1132/1132 1133/1133/1133 
f 1133/1133/1133 1135/1135/1135 1134/1134/1134 
f 1136/1136/1136 1134/1134/1134 1135/1135/1135 
f 1135/1135/1135 1137/1137/1137 1136/1136/1136 
f 1138/1138/1138 1140/1140/1140 1139/1139/1139 
f 1139/1139/1139 1141/1141/1141 1138/1138/1138 
f 1142/1142/1142 1144/1144/1144 1143/1143/1143 
f 1143/1143/1143 1145/1145/1145 1142/1142/1142 
f 1146/1146/1146 1142/1142/1142 1145/1145/1145 
f 1145/1145/1145 1147/1147/1147 1146/1146/1146 
f 1148/1148/1148 1146/1146/1146 1147/1147/1147 
f 1147/1147/1147 1149/1149/1149 1148/1148/1148 
f 1150/1150/1150 1148/1148/1148 1149/1149/1149 
f 1149/1149/1149 1151/1151/1151 1150/1150/1150 
f 1152/1152/1152 1150/1150/1150 1151/1151/1151 
f 1151/1151/1151 1153/1153/1153 1152/1152/1152 
f 1154/1154/1154 1152/1152/1152 1153/1153/1153 
f 1153/1153/1153 1155/1155/1155 1154/1154/1154 
f 1156/1156/1156 1154/1154/1154 1155/1155/1155 
f 1155/1155/1155 1157/1157/1157 1156/1156/1156 
f 1158/1158/1158 1156/1156/1156 1157/1157/1157 
f 1157/1157/1157 1159/1159/1159 1158/1158/1158 
f 1160/1160/1160 1158/1158/1158 1159/1159/1159 
f 1159/1159/1159 1161/1161/1161 1160/1160/1160 
f 1162/1162/1162 1160/1160/1160 1161/1161/1161 
f 1161/1161/1161 1163/1163/1163 1162/1162/1162 
f 1164/1164/1164 1162/1162/1162 1163/1163/1163 
f 1163/1163/1163 1165/1165/1165 1164/1164/1164 
f 1166/1166/1166 1164/1164/1164 1165/1165/1165 
f 1165/1165/1165 1167/1167/1167 1166/1166/1166 
f 1168/1168/1168 1166/1166/1166 1167/1167/1167 
f 1167/1167/1167 1169/1169/1169 1168/1168/1168 
f 1170/1170/1170 1168/1168/1168 1169/1169/1169 
f 1169/1169/1169 1171/1171/1171 1170/1170/1170 
f 1172/1172/1172 1170/1170/1170 1171/1171/1171 
f 1171/1171/1171 1173/1173/1173 1172/1172/1172 
f 1174/1174/1174 1172/1172/1172 1173/1173/1173 
f 1173/1173/1173 1175/1175/1175 1174/1174/1174 
f 1176/1176/1176 1174/1174/1174 1175/1175/1175 
f 1175/1175/1175 1177/1177/1177 1176/1176/1176 
f 1178/1178/1178 1176/1176/1176 1177/1177/1177 
f 1177/1177/1177 1179/1179/1179 1178/1178/1178 
f 1180/1180/1180 1178/1178/1178 1179/1179/1179 
f 1179/1179/1179 1181/1181/1181 1180/1180/1180 
f 1182/1182/1182 1180/1180/1180 1181/1181/1181 
f 1181/1181/1181 1183/1183/1183 1182/1182/1182 
f 1184/1184/1184 1182/1182/1182 1183/1183/1183 
f 1183/1183/1183 1185/1185/1185 1184/1184/1184 
f 1186/1186/1186 1184/1184/1184 1185/1185/1185 
f 1185/1185/1185 1187/1187/1187 1186/1186/1186 
f 1188/1188/1188 1186/1186/1186 1187/1187/1187 
f 1187/1187/1187 1189/1189/1189 1188/1188/1188 
f 1190/1190/1190 1188/1188/1188 1189/1189/1189 
f 1189/1189/1189 1191/1191/1191 1190/1190/1190 
f 1192/1192/1192 1190/1190/1190 1191/1191/1191 
f 1191/1191/1191 1193/1193/1193 1192/1192/1192 
f 1194/1194/1194 1192/1192/1192 1193/1193/1193 
f 1193/1193/1193 1195/1195/1195 1194/1194/1194 
f 1196/1196/1196 1198/1198/1198 1197/1197/1197 
f 1196/1196/1196 1197/1197/1197 1199/1199/1199 
f 1199/1199/1199 1200/1200/1200 1196/1196/1196 
f 1197/1197/1197 1201/1201/1201 1199/1199/1199 
f 1197/1197/1197 1202/1202/1202 1201/1201/1201 
f 1203/1203/1203 1199/1199/1199 1201/1201/1201 
f 1201/1201/1201 1204/1204/1204 1203/1203/1203 
f 1205/1205/1205 1199/1199/1199 1203/1203/1203 
f 1206/1206/1206 1205/1205/1205 1203/1203/1203 
f 1203/1203/1203 1207/1207/1207 1206/1206/1206 
f 1201/1201/1201 1208/1208/1208 1204/1204/1204 
f 1208/1208/1208 1209/1209/1209 1204/1204/1204 
f 1209/1209/1209 1210/1210/1210 1204/1204/1204 
f 1204/1204/1204 1211/1211/1211 1203/1203/1203 
f 1212/1212/1212 1211/1211/1211 1204/1204/1204 
f 1213/1213/1213 1212/1212/1212 1204/1204/1204 
f 1204/1204/1204 1214/1214/1214 1213/1213/1213 
f 1211/1211/1211 1215/1215/1215 1203/1203/1203 
f 1211/1211/1211 1216/1216/1216 1215/1215/1215 
f 1215/1215/1215 1217/1217/1217 1203/1203/1203 
f 1215/1215/1215 1218/1218/1218 1217/1217/1217 
f 1217/1217/1217 1219/1219/1219 1203/1203/1203 
f 1219/1219/1219 1220/1220/1220 1203/1203/1203 
f 1220/1220/1220 1221/1221/1221 1203/1203/1203 
f 1222/1222/1222 1224/1224/1224 1223/1223/1223 
f 1225/1225/1225 1222/1222/1222 1223/1223/1223 
f 1226/1226/1226 1225/1225/1225 1223/1223/1223 
f 1227/1227/1227 1226/1226/1226 1223/1223/1223 
f 1227/1227/1227 1228/1228/1228 1226/1226/1226 
f 1229/1229/1229 1227/1227/1227 1223/1223/1223 
f 1229/1229/1229 1230/1230/1230 1227/1227/1227 
f 1231/1231/1231 1229/1229/1229 1223/1223/1223 
f 1231/1231/1231 1232/1232/1232 1229/1229/1229 
f 1233/1233/1233 1231/1231/1231 1223/1223/1223 
f 1234/1234/1234 1233/1233/1233 1223/1223/1223 
f 1235/1235/1235 1233/1233/1233 1234/1234/1234 
f 1236/1236/1236 1235/1235/1235 1234/1234/1234 
f 1234/1234/1234 1237/1237/1237 1236/1236/1236 
f 1233/1233/1233 1238/1238/1238 1231/1231/1231 
f 1233/1233/1233 1239/1239/1239 1238/1238/1238 
f 1238/1238/1238 1240/1240/1240 1231/1231/1231 
f 1223/1223/1223 1241/1241/1241 1234/1234/1234 
f 1223/1223/1223 1242/1242/1242 1241/1241/1241 
f 1241/1241/1241 1243/1243/1243 1234/1234/1234 
f 1241/1241/1241 1244/1244/1244 1243/1243/1243 
f 1243/1243/1243 1245/1245/1245 1234/1234/1234 
f 1245/1245/1245 1246/1246/1246 1234/1234/1234 
f 1246/1246/1246 1247/1247/1247 1234/1234/1234 
f 1248/1248/1248 1250/1250/1250 1249/1249/1249 
f 1248/1248/1248 1249/1249/1249 1251/1251/1251 
f 1252/1252/1252 1248/1248/1248 1251/1251/1251 
f 1251/1251/1251 1253/1253/1253 1252/1252/1252 
f 1254/1254/1254 1251/1251/1251 1249/1249/1249 
f 1254/1254/1254 1249/1249/1249 1255/1255/1255 
f 1255/1255/1255 1256/1256/1256 1254/1254/1254 
f 1255/1255/1255 1257/1257/1257 1256/1256/1256 
f 1256/1256/1256 1258/1258/1258 1254/1254/1254 
f 1258/1258/1258 1259/1259/1259 1254/1254/1254 
f 1260/1260/1260 1262/1262/1262 1261/1261/1261 
f 1261/1261/1261 1262/1262/1262 1263/1263/1263 
f 1262/1262/1262 1264/1264/1264 1263/1263/1263 
f 1264/1264/1264 1265/1265/1265 1263/1263/1263 
f 1264/1264/1264 1266/1266/1266 1265/1265/1265 
f 1264/1264/1264 1267/1267/1267 1266/1266/1266 
f 1267/1267/1267 1268/1268/1268 1266/1266/1266 
f 1269/1269/1269 1271/1271/1271 1270/1270/1270 
f 1269/1269/1269 1270/1270/1270 1272/1272/1272 
f 1273/1273/1273 1269/1269/1269 1272/1272/1272 
f 1273/1273/1273 1272/1272/1272 1274/1274/1274 
f 1274/1274/1274 1275/1275/1275 1273/1273/1273 
f 1276/1276/1276 1273/1273/1273 1275/1275/1275 
f 1275/1275/1275 1277/1277/1277 1276/1276/1276 
f 1278/1278/1278 1280/1280/1280 1279/1279/1279 
f 1281/1281/1281 1278/1278/1278 1279/1279/1279 
f 1281/1281/1281 1279/1279/1279 1282/1282/1282 
f 1283/1283/1283 1281/1281/1281 1282/1282/1282 
f 1284/1284/1284 1283/1283/1283 1282/1282/1282 
f 1282/1282/1282 1285/1285/1285 1284/1284/1284 
f 1286/1286/1286 1288/1288/1288 1287/1287/1287 
f 1287/1287/1287 1289/1289/1289 1286/1286/1286 
f 1290/1290/1290 1286/1286/1286 1289/1289/1289 
f 1289/1289/1289 1287/1287/1287 1291/1291/1291 
f 1289/1289/1289 1292/1292/1292 1290/1290/1290 
f 1293/1293/1293 1290/1290/1290 1292/1292/1292 
f 1291/1291/1291 1294/1294/1294 1289/1289/1289 
f 1292/1292/1292 1289/1289/1289 1294/1294/1294 
f 1292/1292/1292 1295/1295/1295 1293/1293/1293 
f 1296/1296/1296 1293/1293/1293 1295/1295/1295 
f 1297/1297/1297 1294/1294/1294 1291/1291/1291 
f 1291/1291/1291 1298/1298/1298 1297/1297/1297 
f 1294/1294/1294 1299/1299/1299 1292/1292/1292 
f 1295/1295/1295 1292/1292/1292 1299/1299/1299 
f 1300/1300/1300 1299/1299/1299 1294/1294/1294 
f 1299/1299/1299 1300/1300/1300 1295/1295/1295 
f 1294/1294/1294 1297/1297/1297 1300/1300/1300 
f 1295/1295/1295 1301/1301/1301 1296/1296/1296 
f 1301/1301/1301 1295/1295/1295 1300/1300/1300 
f 1302/1302/1302 1296/1296/1296 1301/1301/1301 
f 1303/1303/1303 1297/1297/1297 1298/1298/1298 
f 1298/1298/1298 1304/1304/1304 1303/1303/1303 
f 1305/1305/1305 1300/1300/1300 1297/1297/1297 
f 1300/1300/1300 1305/1305/1305 1301/1301/1301 
f 1297/1297/1297 1303/1303/1303 1305/1305/1305 
f 1301/1301/1301 1306/1306/1306 1302/1302/1302 
f 1306/1306/1306 1301/1301/1301 1305/1305/1305 
f 1307/1307/1307 1302/1302/1302 1306/1306/1306 
f 1308/1308/1308 1303/1303/1303 1304/1304/1304 
f 1304/1304/1304 1309/1309/1309 1308/1308/1308 
f 1310/1310/1310 1305/1305/1305 1303/1303/1303 
f 1305/1305/1305 1310/1310/1310 1306/1306/1306 
f 1303/1303/1303 1308/1308/1308 1310/1310/1310 
f 1306/1306/1306 1311/1311/1311 1307/1307/1307 
f 1311/1311/1311 1306/1306/1306 1310/1310/1310 
f 1312/1312/1312 1307/1307/1307 1311/1311/1311 
f 1313/1313/1313 1308/1308/1308 1309/1309/1309 
f 1309/1309/1309 1314/1314/1314 1313/1313/1313 
f 1313/1313/1313 1314/1314/1314 1315/1315/1315 
f 1316/1316/1316 1310/1310/1310 1308/1308/1308 
f 1310/1310/1310 1316/1316/1316 1311/1311/1311 
f 1308/1308/1308 1313/1313/1313 1316/1316/1316 
f 1311/1311/1311 1317/1317/1317 1312/1312/1312 
f 1317/1317/1317 1311/1311/1311 1316/1316/1316 
f 1316/1316/1316 1313/1313/1313 1317/1317/1317 
f 1315/1315/1315 1317/1317/1317 1313/1313/1313 
f 1318/1318/1318 1312/1312/1312 1317/1317/1317 
f 1317/1317/1317 1315/1315/1315 1318/1318/1318 
f 1319/1319/1319 1321/1321/1321 1320/1320/1320 
f 1320/1320/1320 1322/1322/1322 1319/1319/1319 
f 1323/1323/1323 1319/1319/1319 1322/1322/1322 
f 1322/1322/1322 1320/1320/1320 1324/1324/1324 
f 1322/1322/1322 1325/1325/1325 1323/1323/1323 
f 1326/1326/1326 1323/1323/1323 1325/1325/1325 
f 1324/1324/1324 1327/1327/1327 1322/1322/1322 
f 1325/1325/1325 1322/1322/1322 1327/1327/1327 
f 1325/1325/1325 1328/1328/1328 1326/1326/1326 
f 1329/1329/1329 1326/1326/1326 1328/1328/1328 
f 1330/1330/1330 1327/1327/1327 1324/1324/1324 
f 1324/1324/1324 1331/1331/1331 1330/1330/1330 
f 1327/1327/1327 1332/1332/1332 1325/1325/1325 
f 1328/1328/1328 1325/1325/1325 1332/1332/1332 
f 1333/1333/1333 1332/1332/1332 1327/1327/1327 
f 1332/1332/1332 1333/1333/1333 1328/1328/1328 
f 1327/1327/1327 1330/1330/1330 1333/1333/1333 
f 1328/1328/1328 1334/1334/1334 1329/1329/1329 
f 1334/1334/1334 1328/1328/1328 1333/1333/1333 
f 1335/1335/1335 1329/1329/1329 1334/1334/1334 
f 1336/1336/1336 1330/1330/1330 1331/1331/1331 
f 1331/1331/1331 1337/1337/1337 1336/1336/1336 
f 1338/1338/1338 1333/1333/1333 1330/1330/1330 
f 1333/1333/1333 1338/1338/1338 1334/1334/1334 
f 1330/1330/1330 1336/1336/1336 1338/1338/1338 
f 1334/1334/1334 1339/1339/1339 1335/1335/1335 
f 1339/1339/1339 1334/1334/1334 1338/1338/1338 
f 1340/1340/1340 1335/1335/1335 1339/1339/1339 
f 1341/1341/1341 1336/1336/1336 1337/1337/1337 
f 1337/1337/1337 1342/1342/1342 1341/1341/1341 
f 1343/1343/1343 1338/1338/1338 1336/1336/1336 
f 1338/1338/1338 1343/1343/1343 1339/1339/1339 
f 1336/1336/1336 1341/1341/1341 1343/1343/1343 
f 1339/1339/1339 1344/1344/1344 1340/1340/1340 
f 1344/1344/1344 1339/1339/1339 1343/1343/1343 
f 1345/1345/1345 1340/1340/1340 1344/1344/1344 
f 1346/1346/1346 1341/1341/1341 1342/1342/1342 
f 1342/1342/1342 1347/1347/1347 1346/1346/1346 
f 1346/1346/1346 1347/1347/1347 1348/1348/1348 
f 1349/1349/1349 1343/1343/1343 1341/1341/1341 
f 1343/1343/1343 1349/1349/1349 1344/1344/1344 
f 1341/1341/1341 1346/1346/1346 1349/1349/1349 
f 1344/1344/1344 1350/1350/1350 1345/1345/1345 
f 1350/1350/1350 1344/1344/1344 1349/1349/1349 
f 1349/1349/1349 1346/1346/1346 1350/1350/1350 
f 1348/1348/1348 1350/1350/1350 1346/1346/1346 
f 1351/1351/1351 1345/1345/1345 1350/1350/1350 
f 1350/1350/1350 1348/1348/1348 1351/1351/1351 
f 1352/1352/1352 1354/1354/1354 1353/1353/1353 
f 1353/1353/1353 1355/1355/1355 1352/1352/1352 
f 1356/1356/1356 1352/1352/1352 1355/1355/1355 
f 1355/1355/1355 1353/1353/1353 1357/1357/1357 
f 1355/1355/1355 1358/1358/1358 1356/1356/1356 
f 1359/1359/1359 1356/1356/1356 1358/1358/1358 
f 1357/1357/1357 1360/1360/1360 1355/1355/1355 
f 1358/1358/1358 1355/1355/1355 1360/1360/1360 
f 1358/1358/1358 1361/1361/1361 1359/1359/1359 
f 1362/1362/1362 1359/1359/1359 1361/1361/1361 
f 1363/1363/1363 1360/1360/1360 1357/1357/1357 
f 1357/1357/1357 1364/1364/1364 1363/1363/1363 
f 1360/1360/1360 1365/1365/1365 1358/1358/1358 
f 1361/1361/1361 1358/1358/1358 1365/1365/1365 
f 1366/1366/1366 1365/1365/1365 1360/1360/1360 
f 1365/1365/1365 1366/1366/1366 1361/1361/1361 
f 1360/1360/1360 1363/1363/1363 1366/1366/1366 
f 1361/1361/1361 1367/1367/1367 1362/1362/1362 
f 1367/1367/1367 1361/1361/1361 1366/1366/1366 
f 1368/1368/1368 1362/1362/1362 1367/1367/1367 
f 1369/1369/1369 1363/1363/1363 1364/1364/1364 
f 1364/1364/1364 1370/1370/1370 1369/1369/1369 
f 1371/1371/1371 1366/1366/1366 1363/1363/1363 
f 1366/1366/1366 1371/1371/1371 1367/1367/1367 
f 1363/1363/1363 1369/1369/1369 1371/1371/1371 
f 1367/1367/1367 1372/1372/1372 1368/1368/1368 
f 1372/1372/1372 1367/1367/1367 1371/1371/1371 
f 1373/1373/1373 1368/1368/1368 1372/1372/1372 
f 1374/1374/1374 1369/1369/1369 1370/1370/1370 
f 1370/1370/1370 1375/1375/1375 1374/1374/1374 
f 1376/1376/1376 1371/1371/1371 1369/1369/1369 
f 1371/1371/1371 1376/1376/1376 1372/1372/1372 
f 1369/1369/1369 1374/1374/1374 1376/1376/1376 
f 1372/1372/1372 1377/1377/1377 1373/1373/1373 
f 1377/1377/1377 1372/1372/1372 1376/1376/1376 
f 1378/1378/1378 1373/1373/1373 1377/1377/1377 
f 1379/1379/1379 1374/1374/1374 1375/1375/1375 
f 1375/1375/1375 1380/1380/1380 1379/1379/1379 
f 1379/1379/1379 1380/1380/1380 1381/1381/1381 
f 1382/1382/1382 1376/1376/1376 1374/1374/1374 
f 1376/1376/1376 1382/1382/1382 1377/1377/1377 
f 1374/1374/1374 1379/1379/1379 1382/1382/1382 
f 1377/1377/1377 1383/1383/1383 1378/1378/1378 
f 1383/1383/1383 1377/1377/1377 1382/1382/1382 
f 1382/1382/1382 1379/1379/1379 1383/1383/1383 
f 1381/1381/1381 1383/1383/1383 1379/1379/1379 
f 1384/1384/1384 1378/1378/1378 1383/1383/1383 
f 1383/1383/1383 1381/1381/1381 1384/1384/1384 
f 1385/1385/1385 1387/1387/1387 1386/1386/1386 
f 1386/1386/1386 1388/1388/1388 1385/1385/1385 
f 1389/1389/1389 1385/1385/1385 1388/1388/1388 
f 1388/1388/1388 1386/1386/1386 1390/1390/1390 
f 1388/1388/1388 1391/1391/1391 1389/1389/1389 
f 1392/1392/1392 1389/1389/1389 1391/1391/1391 
f 1390/1390/1390 1393/1393/1393 1388/1388/1388 
f 1391/1391/1391 1388/1388/1388 1393/1393/1393 
f 1391/1391/1391 1394/1394/1394 1392/1392/1392 
f 1395/1395/1395 1392/1392/1392 1394/1394/1394 
f 1396/1396/1396 1393/1393/1393 1390/1390/1390 
f 1390/1390/1390 1397/1397/1397 1396/1396/1396 
f 1393/1393/1393 1398/1398/1398 1391/1391/1391 
f 1394/1394/1394 1391/1391/1391 1398/1398/1398 
f 1399/1399/1399 1398/1398/1398 1393/1393/1393 
f 1398/1398/1398 1399/1399/1399 1394/1394/1394 
f 1393/1393/1393 1396/1396/1396 1399/1399/1399 
f 1394/1394/1394 1400/1400/1400 1395/1395/1395 
f 1400/1400/1400 1394/1394/1394 1399/1399/1399 
f 1401/1401/1401 1395/1395/1395 1400/1400/1400 
f 1402/1402/1402 1396/1396/1396 1397/1397/1397 
f 1397/1397/1397 1403/1403/1403 1402/1402/1402 
f 1404/1404/1404 1399/1399/1399 1396/1396/1396 
f 1399/1399/1399 1404/1404/1404 1400/1400/1400 
f 1396/1396/1396 1402/1402/1402 1404/1404/1404 
f 1400/1400/1400 1405/1405/1405 1401/1401/1401 
f 1405/1405/1405 1400/1400/1400 1404/1404/1404 
f 1406/1406/1406 1401/1401/1401 1405/1405/1405 
f 1407/1407/1407 1402/1402/1402 1403/1403/1403 
f 1403/1403/1403 1408/1408/1408 1407/1407/1407 
f 1409/1409/1409 1404/1404/1404 1402/1402/1402 
f 1404/1404/1404 1409/1409/1409 1405/1405/1405 
f 1402/1402/1402 1407/1407/1407 1409/1409/1409 
f 1405/1405/1405 1410/1410/1410 1406/1406/1406 
f 1410/1410/1410 1405/1405/1405 1409/1409/1409 
f 1411/1411/1411 1406/1406/1406 1410/1410/1410 
f 1412/1412/1412 1407/1407/1407 1408/1408/1408 
f 1408/1408/1408 1413/1413/1413 1412/1412/1412 
f 1412/1412/1412 1413/1413/1413 1414/1414/1414 
f 1415/1415/1415 1409/1409/1409 1407/1407/1407 
f 1409/1409/1409 1415/1415/1415 1410/1410/1410 
f 1407/1407/1407 1412/1412/1412 1415/1415/1415 
f 1410/1410/1410 1416/1416/1416 1411/1411/1411 
f 1416/1416/1416 1410/1410/1410 1415/1415/1415 
f 1415/1415/1415 1412/1412/1412 1416/1416/1416 
f 1414/1414/1414 1416/1416/1416 1412/1412/1412 
f 1417/1417/1417 1411/1411/1411 1416/1416/1416 
f 1416/1416/1416 1414/1414/1414 1417/1417/1417 
f 1418/1418/1418 1420/1420/1420 1419/1419/1419 
f 1419/1419/1419 1421/1421/1421 1418/1418/1418 
f 1422/1422/1422 1418/1418/1418 1421/1421/1421 
f 1421/1421/1421 1423/1423/1423 1422/1422/1422 
f 1424/1424/1424 1422/1422/1422 1423/1423/1423 
f 1423/1423/1423 1425/1425/1425 1424/1424/1424 
f 1426/1426/1426 1424/1424/1424 1425/1425/1425 
f 1425/1425/1425 1427/1427/1427 1426/1426/1426 
f 1428/1428/1428 1426/1426/1426 1427/1427/1427 
f 1427/1427/1427 1429/1429/1429 1428/1428/1428 
f 1430/1430/1430 1428/1428/1428 1429/1429/1429 
f 1429/1429/1429 1431/1431/1431 1430/1430/1430 
f 1432/1432/1432 1430/1430/1430 1431/1431/1431 
f 1431/1431/1431 1433/1433/1433 1432/1432/1432 
f 1434/1434/1434 1432/1432/1432 1433/1433/1433 
f 1433/1433/1433 1435/1435/1435 1434/1434/1434 
f 1436/1436/1436 1434/1434/1434 1435/1435/1435 
f 1435/1435/1435 1437/1437/1437 1436/1436/1436 
f 1438/1438/1438 1436/1436/1436 1437/1437/1437 
f 1437/1437/1437 1439/1439/1439 1438/1438/1438 
f 1440/1440/1440 1438/1438/1438 1439/1439/1439 
f 1439/1439/1439 1441/1441/1441 1440/1440/1440 
f 1442/1442/1442 1440/1440/1440 1441/1441/1441 
f 1441/1441/1441 1443/1443/1443 1442/1442/1442 
f 1444/1444/1444 1442/1442/1442 1443/1443/1443 
f 1443/1443/1443 1445/1445/1445 1444/1444/1444 
f 1446/1446/1446 1444/1444/1444 1445/1445/1445 
f 1445/1445/1445 1447/1447/1447 1446/1446/1446 
f 1448/1448/1448 1446/1446/1446 1447/1447/1447 
f 1447/1447/1447 1449/1449/1449 1448/1448/1448 
f 1450/1450/1450 1448/1448/1448 1449/1449/1449 
f 1449/1449/1449 1451/1451/1451 1450/1450/1450 
f 1452/1452/1452 1450/1450/1450 1451/1451/1451 
f 1451/1451/1451 1453/1453/1453 1452/1452/1452 
f 1454/1454/1454 1452/1452/1452 1453/1453/1453 
f 1453/1453/1453 1455/1455/1455 1454/1454/1454 
f 1456/1456/1456 1454/1454/1454 1455/1455/1455 
f 1455/1455/1455 1457/1457/1457 1456/1456/1456 
f 1458/1458/1458 1456/1456/1456 1457/1457/1457 
f 1457/1457/1457 1459/1459/1459 1458/1458/1458 
f 1460/1460/1460 1458/1458/1458 1459/1459/1459 
f 1459/1459/1459 1461/1461/1461 1460/1460/1460 
f 1462/1462/1462 1460/1460/1460 1461/1461/1461 
f 1461/1461/1461 1463/1463/1463 1462/1462/1462 
f 1464/1464/1464 1462/1462/1462 1463/1463/1463 
f 1463/1463/1463 1465/1465/1465 1464/1464/1464 
f 1466/1466/1466 1464/1464/1464 1465/1465/1465 
f 1465/1465/1465 1467/1467/1467 1466/1466/1466 
f 1468/1468/1468 1466/1466/1466 1467/1467/1467 
f 1467/1467/1467 1469/1469/1469 1468/1468/1468 
f 1470/1470/1470 1468/1468/1468 1469/1469/1469 
f 1469/1469/1469 1471/1471/1471 1470/1470/1470 
f 1472/1472/1472 1474/1474/1474 1473/1473/1473 
f 1473/1473/1473 1475/1475/1475 1472/1472/1472 
f 1475/1475/1475 1476/1476/1476 1472/1472/1472 
f 1472/1472/1472 1476/1476/1476 1477/1477/1477 
f 1478/1478/1478 1472/1472/1472 1477/1477/1477 
f 1477/1477/1477 1479/1479/1479 1478/1478/1478 
f 1479/1479/1479 1480/1480/1480 1478/1478/1478 
f 1477/1477/1477 1481/1481/1481 1479/1479/1479 
f 1482/1482/1482 1477/1477/1477 1476/1476/1476 
f 1476/1476/1476 1483/1483/1483 1482/1482/1482 
f 1484/1484/1484 1483/1483/1483 1476/1476/1476 
f 1485/1485/1485 1484/1484/1484 1476/1476/1476 
f 1476/1476/1476 1486/1486/1486 1485/1485/1485 
f 1483/1483/1483 1487/1487/1487 1482/1482/1482 
f 1487/1487/1487 1488/1488/1488 1482/1482/1482 
f 1488/1488/1488 1489/1489/1489 1482/1482/1482 
f 1482/1482/1482 1490/1490/1490 1477/1477/1477 
f 1482/1482/1482 1491/1491/1491 1490/1490/1490 
f 1491/1491/1491 1492/1492/1492 1490/1490/1490 
f 1492/1492/1492 1493/1493/1493 1490/1490/1490 
f 1490/1490/1490 1494/1494/1494 1477/1477/1477 
f 1494/1494/1494 1495/1495/1495 1477/1477/1477 
f 1495/1495/1495 1496/1496/1496 1477/1477/1477 
f 1497/1497/1497 1499/1499/1499 1498/1498/1498 
f 1498/1498/1498 1500/1500/1500 1497/1497/1497 
f 1500/1500/1500 1498/1498/1498 1501/1501/1501 
f 1501/1501/1501 1502/1502/1502 1500/1500/1500 
f 1502/1502/1502 1501/1501/1501 1503/1503/1503 
f 1503/1503/1503 1504/1504/1504 1502/1502/1502 
f 1505/1505/1505 1504/1504/1504 1503/1503/1503 
f 1503/1503/1503 1506/1506/1506 1505/1505/1505 
f 1505/1505/1505 1506/1506/1506 1507/1507/1507 
f 1507/1507/1507 1508/1508/1508 1505/1505/1505 
f 1508/1508/1508 1507/1507/1507 1509/1509/1509 
f 1509/1509/1509 1510/1510/1510 1508/1508/1508 
f 1510/1510/1510 1509/1509/1509 1511/1511/1511 
f 1511/1511/1511 1512/1512/1512 1510/1510/1510 
f 1512/1512/1512 1511/1511/1511 1513/1513/1513 
f 1513/1513/1513 1514/1514/1514 1512/1512/1512 
f 1515/1515/1515 1517/1517/1517 1516/1516/1516 
f 1516/1516/1516 1518/1518/1518 1515/1515/1515 
f 1519/1519/1519 1515/1515/1515 1518/1518/1518 
f 1518/1518/1518 1516/1516/1516 1520/1520/1520 
f 1518/1518/1518 1521/1521/1521 1519/1519/1519 
f 1522/1522/1522 1519/1519/1519 1521/1521/1521 
f 1520/1520/1520 1523/1523/1523 1518/1518/1518 
f 1521/1521/1521 1518/1518/1518 1523/1523/1523 
f 1521/1521/1521 1524/1524/1524 1522/1522/1522 
f 1525/1525/1525 1522/1522/1522 1524/1524/1524 
f 1526/1526/1526 1523/1523/1523 1520/1520/1520 
f 1520/1520/1520 1527/1527/1527 1526/1526/1526 
f 1523/1523/1523 1528/1528/1528 1521/1521/1521 
f 1524/1524/1524 1521/1521/1521 1528/1528/1528 
f 1529/1529/1529 1528/1528/1528 1523/1523/1523 
f 1528/1528/1528 1529/1529/1529 1524/1524/1524 
f 1523/1523/1523 1526/1526/1526 1529/1529/1529 
f 1524/1524/1524 1530/1530/1530 1525/1525/1525 
f 1530/1530/1530 1524/1524/1524 1529/1529/1529 
f 1531/1531/1531 1525/1525/1525 1530/1530/1530 
f 1532/1532/1532 1526/1526/1526 1527/1527/1527 
f 1527/1527/1527 1533/1533/1533 1532/1532/1532 
f 1534/1534/1534 1529/1529/1529 1526/1526/1526 
f 1529/1529/1529 1534/1534/1534 1530/1530/1530 
f 1526/1526/1526 1532/1532/1532 1534/1534/1534 
f 1530/1530/1530 1535/1535/1535 1531/1531/1531 
f 1535/1535/1535 1530/1530/1530 1534/1534/1534 
f 1536/1536/1536 1531/1531/1531 1535/1535/1535 
f 1537/1537/1537 1532/1532/1532 1533/1533/1533 
f 1533/1533/1533 1538/1538/1538 1537/1537/1537 
f 1539/1539/1539 1534/1534/1534 1532/1532/1532 
f 1534/1534/1534 1539/1539/1539 1535/1535/1535 
f 1532/1532/1532 1537/1537/1537 1539/1539/1539 
f 1535/1535/1535 1540/1540/1540 1536/1536/1536 
f 1540/1540/1540 1535/1535/1535 1539/1539/1539 
f 1541/1541/1541 1536/1536/1536 1540/1540/1540 
f 1542/1542/1542 1537/1537/1537 1538/1538/1538 
f 1538/1538/1538 1543/1543/1543 1542/1542/1542 
f 1542/1542/1542 1543/1543/1543 1544/1544/1544 
f 1545/1545/1545 1539/1539/1539 1537/1537/1537 
f 1539/1539/1539 1545/1545/1545 1540/1540/1540 
f 1537/1537/1537 1542/1542/1542 1545/1545/1545 
f 1540/1540/1540 1546/1546/1546 1541/1541/1541 
f 1546/1546/1546 1540/1540/1540 1545/1545/1545 
f 1545/1545/1545 1542/1542/1542 1546/1546/1546 
f 1544/1544/1544 1546/1546/1546 1542/1542/1542 
f 1547/1547/1547 1541/1541/1541 1546/1546/1546 
f 1546/1546/1546 1544/1544/1544 1547/1547/1547 
f 1548/1548/1548 1550/1550/1550 1549/1549/1549 
f 1549/1549/1549 1551/1551/1551 1548/1548/1548 
f 1552/1552/1552 1548/1548/1548 1551/1551/1551 
f 1551/1551/1551 1549/1549/1549 1553/1553/1553 
f 1551/1551/1551 1554/1554/1554 1552/1552/1552 
f 1555/1555/1555 1552/1552/1552 1554/1554/1554 
f 1553/1553/1553 1556/1556/1556 1551/1551/1551 
f 1554/1554/1554 1551/1551/1551 1556/1556/1556 
f 1554/1554/1554 1557/1557/1557 1555/1555/1555 
f 1558/1558/1558 1555/1555/1555 1557/1557/1557 
f 1559/1559/1559 1556/1556/1556 1553/1553/1553 
f 1553/1553/1553 1560/1560/1560 1559/1559/1559 
f 1556/1556/1556 1561/1561/1561 1554/1554/1554 
f 1557/1557/1557 1554/1554/1554 1561/1561/1561 
f 1562/1562/1562 1561/1561/1561 1556/1556/1556 
f 1561/1561/1561 1562/1562/1562 1557/1557/1557 
f 1556/1556/1556 1559/1559/1559 1562/1562/1562 
f 1557/1557/1557 1563/1563/1563 1558/1558/1558 
f 1563/1563/1563 1557/1557/1557 1562/1562/1562 
f 1564/1564/1564 1558/1558/1558 1563/1563/1563 
f 1565/1565/1565 1559/1559/1559 1560/1560/1560 
f 1560/1560/1560 1566/1566/1566 1565/1565/1565 
f 1567/1567/1567 1562/1562/1562 1559/1559/1559 
f 1562/1562/1562 1567/1567/1567 1563/1563/1563 
f 1559/1559/1559 1565/1565/1565 1567/1567/1567 
f 1563/1563/1563 1568/1568/1568 1564/1564/1564 
f 1568/1568/1568 1563/1563/1563 1567/1567/1567 
f 1569/1569/1569 1564/1564/1564 1568/1568/1568 
f 1570/1570/1570 1565/1565/1565 1566/1566/1566 
f 1566/1566/1566 1571/1571/1571 1570/1570/1570 
f 1572/1572/1572 1567/1567/1567 1565/1565/1565 
f 1567/1567/1567 1572/1572/1572 1568/1568/1568 
f 1565/1565/1565 1570/1570/1570 1572/1572/1572 
f 1568/1568/1568 1573/1573/1573 1569/1569/1569 
f 1573/1573/1573 1568/1568/1568 1572/1572/1572 
f 1574/1574/1574 1569/1569/1569 1573/1573/1573 
f 1575/1575/1575 1570/1570/1570 1571/1571/1571 
f 1571/1571/1571 1576/1576/1576 1575/1575/1575 
f 1575/1575/1575 1576/1576/1576 1577/1577/1577 
f 1578/1578/1578 1572/1572/1572 1570/1570/1570 
f 1572/1572/1572 1578/1578/1578 1573/1573/1573 
f 1570/1570/1570 1575/1575/1575 1578/1578/1578 
f 1573/1573/1573 1579/1579/1579 1574/1574/1574 
f 1579/1579/1579 1573/1573/1573 1578/1578/1578 
f 1578/1578/1578 1575/1575/1575 1579/1579/1579 
f 1577/1577/1577 1579/1579/1579 1575/1575/1575 
f 1580/1580/1580 1574/1574/1574 1579/1579/1579 
f 1579/1579/1579 1577/1577/1577 1580/1580/1580 
f 1581/1581/1581 1583/1583/1583 1582/1582/1582 
f 1582/1582/1582 1584/1584/1584 1581/1581/1581 
f 1585/1585/1585 1581/1581/1581 1584/1584/1584 
f 1584/1584/1584 1582/1582/1582 1586/1586/1586 
f 1584/1584/1584 1587/1587/1587 1585/1585/1585 
f 1588/1588/1588 1585/1585/1585 1587/1587/1587 
f 1586/1586/1586 1589/1589/1589 1584/1584/1584 
f 1587/1587/1587 1584/1584/1584 1589/1589/1589 
f 1587/1587/1587 1590/1590/1590 1588/1588/1588 
f 1591/1591/1591 1588/1588/1588 1590/1590/1590 
f 1592/1592/1592 1589/1589/1589 1586/1586/1586 
f 1586/1586/1586 1593/1593/1593 1592/1592/1592 
f 1589/1589/1589 1594/1594/1594 1587/1587/1587 
f 1590/1590/1590 1587/1587/1587 1594/1594/1594 
f 1595/1595/1595 1594/1594/1594 1589/1589/1589 
f 1594/1594/1594 1595/1595/1595 1590/1590/1590 
f 1589/1589/1589 1592/1592/1592 1595/1595/1595 
f 1590/1590/1590 1596/1596/1596 1591/1591/1591 
f 1596/1596/1596 1590/1590/1590 1595/1595/1595 
f 1597/1597/1597 1591/1591/1591 1596/1596/1596 
f 1598/1598/1598 1592/1592/1592 1593/1593/1593 
f 1593/1593/1593 1599/1599/1599 1598/1598/1598 
f 1600/1600/1600 1595/1595/1595 1592/1592/1592 
f 1595/1595/1595 1600/1600/1600 1596/1596/1596 
f 1592/1592/1592 1598/1598/1598 1600/1600/1600 
f 1596/1596/1596 1601/1601/1601 1597/1597/1597 
f 1601/1601/1601 1596/1596/1596 1600/1600/1600 
f 1602/1602/1602 1597/1597/1597 1601/1601/1601 
f 1603/1603/1603 1598/1598/1598 1599/1599/1599 
f 1599/1599/1599 1604/1604/1604 1603/1603/1603 
f 1605/1605/1605 1600/1600/1600 1598/1598/1598 
f 1600/1600/1600 1605/1605/1605 1601/1601/1601 
f 1598/1598/1598 1603/1603/1603 1605/1605/1605 
f 1601/1601/1601 1606/1606/1606 1602/1602/1602 
f 1606/1606/1606 1601/1601/1601 1605/1605/1605 
f 1607/1607/1607 1602/1602/1602 1606/1606/1606 
f 1608/1608/1608 1603/1603/1603 1604/1604/1604 
f 1604/1604/1604 1609/1609/1609 1608/1608/1608 
f 1608/1608/1608 1609/1609/1609 1610/1610/1610 
f 1611/1611/1611 1605/1605/1605 1603/1603/1603 
f 1605/1605/1605 1611/1611/1611 1606/1606/1606 
f 1603/1603/1603 1608/1608/1608 1611/1611/1611 
f 1606/1606/1606 1612/1612/1612 1607/1607/1607 
f 1612/1612/1612 1606/1606/1606 1611/1611/1611 
f 1611/1611/1611 1608/1608/1608 1612/1612/1612 
f 1610/1610/1610 1612/1612/1612 1608/1608/1608 
f 1613/1613/1613 1607/1607/1607 1612/1612/1612 
f 1612/1612/1612 1610/1610/1610 1613/1613/1613 
f 1614/1614/1614 1616/1616/1616 1615/1615/1615 
f 1615/1615/1615 1617/1617/1617 1614/1614/1614 
f 1618/1618/1618 1614/1614/1614 1617/1617/1617 
f 1617/1617/1617 1615/1615/1615 1619/1619/1619 
f 1617/1617/1617 1620/1620/1620 1618/1618/1618 
f 1621/1621/1621 1618/1618/1618 1620/1620/1620 
f 1619/1619/1619 1622/1622/1622 1617/1617/1617 
f 1620/1620/1620 1617/1617/1617 1622/1622/1622 
f 1620/1620/1620 1623/1623/1623 1621/1621/1621 
f 1624/1624/1624 1621/1621/1621 1623/1623/1623 
f 1625/1625/1625 1622/1622/1622 1619/1619/1619 
f 1619/1619/1619 1626/1626/1626 1625/1625/1625 
f 1622/1622/1622 1627/1627/1627 1620/1620/1620 
f 1623/1623/1623 1620/1620/1620 1627/1627/1627 
f 1628/1628/1628 1627/1627/1627 1622/1622/1622 
f 1627/1627/1627 1628/1628/1628 1623/1623/1623 
f 1622/1622/1622 1625/1625/1625 1628/1628/1628 
f 1623/1623/1623 1629/1629/1629 1624/1624/1624 
f 1629/1629/1629 1623/1623/1623 1628/1628/1628 
f 1630/1630/1630 1624/1624/1624 1629/1629/1629 
f 1631/1631/1631 1625/1625/1625 1626/1626/1626 
f 1626/1626/1626 1632/1632/1632 1631/1631/1631 
f 1633/1633/1633 1628/1628/1628 1625/1625/1625 
f 1628/1628/1628 1633/1633/1633 1629/1629/1629 
f 1625/1625/1625 1631/1631/1631 1633/1633/1633 
f 1629/1629/1629 1634/1634/1634 1630/1630/1630 
f 1634/1634/1634 1629/1629/1629 1633/1633/1633 
f 1635/1635/1635 1630/1630/1630 1634/1634/1634 
f 1636/1636/1636 1631/1631/1631 1632/1632/1632 
f 1632/1632/1632 1637/1637/1637 1636/1636/1636 
f 1638/1638/1638 1633/1633/1633 1631/1631/1631 
f 1633/1633/1633 1638/1638/1638 1634/1634/1634 
f 1631/1631/1631 1636/1636/1636 1638/1638/1638 
f 1634/1634/1634 1639/1639/1639 1635/1635/1635 
f 1639/1639/1639 1634/1634/1634 1638/1638/1638 
f 1640/1640/1640 1635/1635/1635 1639/1639/1639 
f 1641/1641/1641 1636/1636/1636 1637/1637/1637 
f 1637/1637/1637 1642/1642/1642 1641/1641/1641 
f 1641/1641/1641 1642/1642/1642 1643/1643/1643 
f 1644/1644/1644 1638/1638/1638 1636/1636/1636 
f 1638/1638/1638 1644/1644/1644 1639/1639/1639 
f 1636/1636/1636 1641/1641/1641 1644/1644/1644 
f 1639/1639/1639 1645/1645/1645 1640/1640/1640 
f 1645/1645/1645 1639/1639/1639 1644/1644/1644 
f 1644/1644/1644 1641/1641/1641 1645/1645/1645 
f 1643/1643/1643 1645/1645/1645 1641/1641/1641 
f 1646/1646/1646 1640/1640/1640 1645/1645/1645 
f 1645/1645/1645 1643/1643/1643 1646/1646/1646 
f 1647/1647/1647 1649/1649/1649 1648/1648/1648 
f 1648/1648/1648 1650/1650/1650 1647/1647/1647 
f 1651/1651/1651 1647/1647/1647 1650/1650/1650 
f 1650/1650/1650 1652/1652/1652 1651/1651/1651 
f 1653/1653/1653 1651/1651/1651 1652/1652/1652 
f 1652/1652/1652 1654/1654/1654 1653/1653/1653 
f 1655/1655/1655 1653/1653/1653 1654/1654/1654 
f 1654/1654/1654 1656/1656/1656 1655/1655/1655 
f 1657/1657/1657 1655/1655/1655 1656/1656/1656 
f 1656/1656/1656 1658/1658/1658 1657/1657/1657 
f 1659/1659/1659 1657/1657/1657 1658/1658/1658 
f 1658/1658/1658 1660/1660/1660 1659/1659/1659 
f 1661/1661/1661 1659/1659/1659 1660/1660/1660 
f 1660/1660/1660 1662/1662/1662 1661/1661/1661 
f 1663/1663/1663 1661/1661/1661 1662/1662/1662 
f 1662/1662/1662 1664/1664/1664 1663/1663/1663 
f 1665/1665/1665 1663/1663/1663 1664/1664/1664 
f 1664/1664/1664 1666/1666/1666 1665/1665/1665 
f 1667/1667/1667 1665/1665/1665 1666/1666/1666 
f 1666/1666/1666 1668/1668/1668 1667/1667/1667 
f 1669/1669/1669 1667/1667/1667 1668/1668/1668 
f 1668/1668/1668 1670/1670/1670 1669/1669/1669 
f 1671/1671/1671 1669/1669/1669 1670/1670/1670 
f 1670/1670/1670 1672/1672/1672 1671/1671/1671 
f 1673/1673/1673 1671/1671/1671 1672/1672/1672 
f 1672/1672/1672 1674/1674/1674 1673/1673/1673 
f 1675/1675/1675 1673/1673/1673 1674/1674/1674 
f 1674/1674/1674 1676/1676/1676 1675/1675/1675 
f 1677/1677/1677 1675/1675/1675 1676/1676/1676 
f 1676/1676/1676 1678/1678/1678 1677/1677/1677 
f 1679/1679/1679 1677/1677/1677 1678/1678/1678 
f 1678/1678/1678 1680/1680/1680 1679/1679/1679 
f 1681/1681/1681 1679/1679/1679 1680/1680/1680 
f 1680/1680/1680 1682/1682/1682 1681/1681/1681 
f 1683/1683/1683 1681/1681/1681 1682/1682/1682 
f 1682/1682/1682 1684/1684/1684 1683/1683/1683 
f 1685/1685/1685 1683/1683/1683 1684/1684/1684 
f 1684/1684/1684 1686/1686/1686 1685/1685/1685 
f 1687/1687/1687 1685/1685/1685 1686/1686/1686 
f 1686/1686/1686 1688/1688/1688 1687/1687/1687 
f 1689/1689/1689 1687/1687/1687 1688/1688/1688 
f 1688/1688/1688 1690/1690/1690 1689/1689/1689 
f 1691/1691/1691 1689/1689/1689 1690/1690/1690 
f 1690/1690/1690 1692/1692/1692 1691/1691/1691 
f 1693/1693/1693 1691/1691/1691 1692/1692/1692 
f 1692/1692/1692 1694/1694/1694 1693/1693/1693 
f 1695/1695/1695 1693/1693/1693 1694/1694/1694 
f 1694/1694/1694 1696/1696/1696 1695/1695/1695 
f 1697/1697/1697 1695/1695/1695 1696/1696/1696 
f 1696/1696/1696 1698/1698/1698 1697/1697/1697 
f 1699/1699/1699 1697/1697/1697 1698/1698/1698 
f 1698/1698/1698 1700/1700/1700 1699/1699/1699 
f 1701/1701/1701 1703/1703/1703 1702/1702/1702 
f 1702/1702/1702 1704/1704/1704 1701/1701/1701 
f 1704/1704/1704 1705/1705/1705 1701/1701/1701 
f 1701/1701/1701 1705/1705/1705 1706/1706/1706 
f 1707/1707/1707 1701/1701/1701 1706/1706/1706 
f 1706/1706/1706 1708/1708/1708 1707/1707/1707 
f 1708/1708/1708 1709/1709/1709 1707/1707/1707 
f 1706/1706/1706 1710/1710/1710 1708/1708/1708 
f 1711/1711/1711 1706/1706/1706 1705/1705/1705 
f 1705/1705/1705 1712/1712/1712 1711/1711/1711 
f 1713/1713/1713 1712/1712/1712 1705/1705/1705 
f 1714/1714/1714 1713/1713/1713 1705/1705/1705 
f 1705/1705/1705 1715/1715/1715 1714/1714/1714 
f 1712/1712/1712 1716/1716/1716 1711/1711/1711 
f 1716/1716/1716 1717/1717/1717 1711/1711/1711 
f 1717/1717/1717 1718/1718/1718 1711/1711/1711 
f 1711/1711/1711 1719/1719/1719 1706/1706/1706 
f 1711/1711/1711 1720/1720/1720 1719/1719/1719 
f 1720/1720/1720 1721/1721/1721 1719/1719/1719 
f 1721/1721/1721 1722/1722/1722 1719/1719/1719 
f 1719/1719/1719 1723/1723/1723 1706/1706/1706 
f 1723/1723/1723 1724/1724/1724 1706/1706/1706 
f 1724/1724/1724 1725/1725/1725 1706/1706/1706 
f 1726/1726/1726 1728/1728/1728 1727/1727/1727 
f 1727/1727/1727 1729/1729/1729 1726/1726/1726 
f 1729/1729/1729 1727/1727/1727 1730/1730/1730 
f 1730/1730/1730 1731/1731/1731 1729/1729/1729 
f 1731/1731/1731 1730/1730/1730 1732/1732/1732 
f 1732/1732/1732 1733/1733/1733 1731/1731/1731 
f 1734/1734/1734 1733/1733/1733 1732/1732/1732 
f 1732/1732/1732 1735/1735/1735 1734/1734/1734 
f 1734/1734/1734 1735/1735/1735 1736/1736/1736 
f 1736/1736/1736 1737/1737/1737 1734/1734/1734 
f 1737/1737/1737 1736/1736/1736 1738/1738/1738 
f 1738/1738/1738 1739/1739/1739 1737/1737/1737 
f 1739/1739/1739 1738/1738/1738 1740/1740/1740 
f 1740/1740/1740 1741/1741/1741 1739/1739/1739 
f 1741/1741/1741 1740/1740/1740 1742/1742/1742 
f 1742/1742/1742 1743/1743/1743 1741/1741/1741 
f 1744/1744/1744 1746/1746/1746 1745/1745/1745 
f 1745/1745/1745 1747/1747/1747 1744/1744/1744 
f 1748/1748/1748 1744/1744/1744 1747/1747/1747 
f 1747/1747/1747 1745/1745/1745 1749/1749/1749 
f 1747/1747/1747 1750/1750/1750 1748/1748/1748 
f 1751/1751/1751 1748/1748/1748 1750/1750/1750 
f 1749/1749/1749 1752/1752/1752 1747/1747/1747 
f 1750/1750/1750 1747/1747/1747 1752/1752/1752 
f 1750/1750/1750 1753/1753/1753 1751/1751/1751 
f 1754/1754/1754 1751/1751/1751 1753/1753/1753 
f 1755/1755/1755 1752/1752/1752 1749/1749/1749 
f 1749/1749/1749 1756/1756/1756 1755/1755/1755 
f 1752/1752/1752 1757/1757/1757 1750/1750/1750 
f 1753/1753/1753 1750/1750/1750 1757/1757/1757 
f 1758/1758/1758 1757/1757/1757 1752/1752/1752 
f 1757/1757/1757 1758/1758/1758 1753/1753/1753 
f 1752/1752/1752 1755/1755/1755 1758/1758/1758 
f 1753/1753/1753 1759/1759/1759 1754/1754/1754 
f 1759/1759/1759 1753/1753/1753 1758/1758/1758 
f 1760/1760/1760 1754/1754/1754 1759/1759/1759 
f 1761/1761/1761 1755/1755/1755 1756/1756/1756 
f 1756/1756/1756 1762/1762/1762 1761/1761/1761 
f 1763/1763/1763 1758/1758/1758 1755/1755/1755 
f 1758/1758/1758 1763/1763/1763 1759/1759/1759 
f 1755/1755/1755 1761/1761/1761 1763/1763/1763 
f 1759/1759/1759 1764/1764/1764 1760/1760/1760 
f 1764/1764/1764 1759/1759/1759 1763/1763/1763 
f 1765/1765/1765 1760/1760/1760 1764/1764/1764 
f 1766/1766/1766 1761/1761/1761 1762/1762/1762 
f 1762/1762/1762 1767/1767/1767 1766/1766/1766 
f 1768/1768/1768 1763/1763/1763 1761/1761/1761 
f 1763/1763/1763 1768/1768/1768 1764/1764/1764 
f 1761/1761/1761 1766/1766/1766 1768/1768/1768 
f 1764/1764/1764 1769/1769/1769 1765/1765/1765 
f 1769/1769/1769 1764/1764/1764 1768/1768/1768 
f 1770/1770/1770 1765/1765/1765 1769/1769/1769 
f 1771/1771/1771 1766/1766/1766 1767/1767/1767 
f 1767/1767/1767 1772/1772/1772 1771/1771/1771 
f 1771/1771/1771 1772/1772/1772 1773/1773/1773 
f 1774/1774/1774 1768/1768/1768 1766/1766/1766 
f 1768/1768/1768 1774/1774/1774 1769/1769/1769 
f 1766/1766/1766 1771/1771/1771 1774/1774/1774 
f 1769/1769/1769 1775/1775/1775 1770/1770/1770 
f 1775/1775/1775 1769/1769/1769 1774/1774/1774 
f 1774/1774/1774 1771/1771/1771 1775/1775/1775 
f 1773/1773/1773 1775/1775/1775 1771/1771/1771 
f 1776/1776/1776 1770/1770/1770 1775/1775/1775 
f 1775/1775/1775 1773/1773/1773 1776/1776/1776 
f 1777/1777/1777 1779/1779/1779 1778/1778/1778 
f 1778/1778/1778 1780/1780/1780 1777/1777/1777 
f 1781/1781/1781 1777/1777/1777 1780/1780/1780 
f 1780/1780/1780 1778/1778/1778 1782/1782/1782 
f 1780/1780/1780 1783/1783/1783 1781/1781/1781 
f 1784/1784/1784 1781/1781/1781 1783/1783/1783 
f 1782/1782/1782 1785/1785/1785 1780/1780/1780 
f 1783/1783/1783 1780/1780/1780 1785/1785/1785 
f 1783/1783/1783 1786/1786/1786 1784/1784/1784 
f 1787/1787/1787 1784/1784/1784 1786/1786/1786 
f 1788/1788/1788 1785/1785/1785 1782/1782/1782 
f 1782/1782/1782 1789/1789/1789 1788/1788/1788 
f 1785/1785/1785 1790/1790/1790 1783/1783/1783 
f 1786/1786/1786 1783/1783/1783 1790/1790/1790 
f 1791/1791/1791 1790/1790/1790 1785/1785/1785 
f 1790/1790/1790 1791/1791/1791 1786/1786/1786 
f 1785/1785/1785 1788/1788/1788 1791/1791/1791 
f 1786/1786/1786 1792/1792/1792 1787/1787/1787 
f 1792/1792/1792 1786/1786/1786 1791/1791/1791 
f 1793/1793/1793 1787/1787/1787 1792/1792/1792 
f 1794/1794/1794 1788/1788/1788 1789/1789/1789 
f 1789/1789/1789 1795/1795/1795 1794/1794/1794 
f 1796/1796/1796 1791/1791/1791 1788/1788/1788 
f 1791/1791/1791 1796/1796/1796 1792/1792/1792 
f 1788/1788/1788 1794/1794/1794 1796/1796/1796 
f 1792/1792/1792 1797/1797/1797 1793/1793/1793 
f 1797/1797/1797 1792/1792/1792 1796/1796/1796 
f 1798/1798/1798 1793/1793/1793 1797/1797/1797 
f 1799/1799/1799 1794/1794/1794 1795/1795/1795 
f 1795/1795/1795 1800/1800/1800 1799/1799/1799 
f 1801/1801/1801 1796/1796/1796 1794/1794/1794 
f 1796/1796/1796 1801/1801/1801 1797/1797/1797 
f 1794/1794/1794 1799/1799/1799 1801/1801/1801 
f 1797/1797/1797 1802/1802/1802 1798/1798/1798 
f 1802/1802/1802 1797/1797/1797 1801/1801/1801 
f 1803/1803/1803 1798/1798/1798 1802/1802/1802 
f 1804/1804/1804 1799/1799/1799 1800/1800/1800 
f 1800/1800/1800 1805/1805/1805 1804/1804/1804 
f 1804/1804/1804 1805/1805/1805 1806/1806/1806 
f 1807/1807/1807 1801/1801/1801 1799/1799/1799 
f 1801/1801/1801 1807/1807/1807 1802/1802/1802 
f 1799/1799/1799 1804/1804/1804 1807/1807/1807 
f 1802/1802/1802 1808/1808/1808 1803/1803/1803 
f 1808/1808/1808 1802/1802/1802 1807/1807/1807 
f 1807/1807/1807 1804/1804/1804 1808/1808/1808 
f 1806/1806/1806 1808/1808/1808 1804/1804/1804 
f 1809/1809/1809 1803/1803/1803 1808/1808/1808 
f 1808/1808/1808 1806/1806/1806 1809/1809/1809 
f 1810/1810/1810 1812/1812/1812 1811/1811/1811 
f 1811/1811/1811 1813/1813/1813 1810/1810/1810 
f 1814/1814/1814 1810/1810/1810 1813/1813/1813 
f 1813/1813/1813 1811/1811/1811 1815/1815/1815 
f 1813/1813/1813 1816/1816/1816 1814/1814/1814 
f 1817/1817/1817 1814/1814/1814 1816/1816/1816 
f 1815/1815/1815 1818/1818/1818 1813/1813/1813 
f 1816/1816/1816 1813/1813/1813 1818/1818/1818 
f 1816/1816/1816 1819/1819/1819 1817/1817/1817 
f 1820/1820/1820 1817/1817/1817 1819/1819/1819 
f 1821/1821/1821 1818/1818/1818 1815/1815/1815 
f 1815/1815/1815 1822/1822/1822 1821/1821/1821 
f 1818/1818/1818 1823/1823/1823 1816/1816/1816 
f 1819/1819/1819 1816/1816/1816 1823/1823/1823 
f 1824/1824/1824 1823/1823/1823 1818/1818/1818 
f 1823/1823/1823 1824/1824/1824 1819/1819/1819 
f 1818/1818/1818 1821/1821/1821 1824/1824/1824 
f 1819/1819/1819 1825/1825/1825 1820/1820/1820 
f 1825/1825/1825 1819/1819/1819 1824/1824/1824 
f 1826/1826/1826 1820/1820/1820 1825/1825/1825 
f 1827/1827/1827 1821/1821/1821 1822/1822/1822 
f 1822/1822/1822 1828/1828/1828 1827/1827/1827 
f 1829/1829/1829 1824/1824/1824 1821/1821/1821 
f 1824/1824/1824 1829/1829/1829 1825/1825/1825 
f 1821/1821/1821 1827/1827/1827 1829/1829/1829 
f 1825/1825/1825 1830/1830/1830 1826/1826/1826 
f 1830/1830/1830 1825/1825/1825 1829/1829/1829 
f 1831/1831/1831 1826/1826/1826 1830/1830/1830 
f 1832/1832/1832 1827/1827/1827 1828/1828/1828 
f 1828/1828/1828 1833/1833/1833 1832/1832/1832 
f 1834/1834/1834 1829/1829/1829 1827/1827/1827 
f 1829/1829/1829 1834/1834/1834 1830/1830/1830 
f 1827/1827/1827 1832/1832/1832 1834/1834/1834 
f 1830/1830/1830 1835/1835/1835 1831/1831/1831 
f 1835/1835/1835 1830/1830/1830 1834/1834/1834 
f 1836/1836/1836 1831/1831/1831 1835/1835/1835 
f 1837/1837/1837 1832/1832/1832 1833/1833/1833 
f 1833/1833/1833 1838/1838/1838 1837/1837/1837 
f 1837/1837/1837 1838/1838/1838 1839/1839/1839 
f 1840/1840/1840 1834/1834/1834 1832/1832/1832 
f 1834/1834/1834 1840/1840/1840 1835/1835/1835 
f 1832/1832/1832 1837/1837/1837 1840/1840/1840 
f 1835/1835/1835 1841/1841/1841 1836/1836/1836 
f 1841/1841/1841 1835/1835/1835 1840/1840/1840 
f 1840/1840/1840 1837/1837/1837 1841/1841/1841 
f 1839/1839/1839 1841/1841/1841 1837/1837/1837 
f 1842/1842/1842 1836/1836/1836 1841/1841/1841 
f 1841/1841/1841 1839/1839/1839 1842/1842/1842 
f 1843/1843/1843 1845/1845/1845 1844/1844/1844 
f 1844/1844/1844 1846/1846/1846 1843/1843/1843 
f 1847/1847/1847 1843/1843/1843 1846/1846/1846 
f 1846/1846/1846 1844/1844/1844 1848/1848/1848 
f 1846/1846/1846 1849/1849/1849 1847/1847/1847 
f 1850/1850/1850 1847/1847/1847 1849/1849/1849 
f 1848/1848/1848 1851/1851/1851 1846/1846/1846 
f 1849/1849/1849 1846/1846/1846 1851/1851/1851 
f 1849/1849/1849 1852/1852/1852 1850/1850/1850 
f 1853/1853/1853 1850/1850/1850 1852/1852/1852 
f 1854/1854/1854 1851/1851/1851 1848/1848/1848 
f 1848/1848/1848 1855/1855/1855 1854/1854/1854 
f 1851/1851/1851 1856/1856/1856 1849/1849/1849 
f 1852/1852/1852 1849/1849/1849 1856/1856/1856 
f 1857/1857/1857 1856/1856/1856 1851/1851/1851 
f 1856/1856/1856 1857/1857/1857 1852/1852/1852 
f 1851/1851/1851 1854/1854/1854 1857/1857/1857 
f 1852/1852/1852 1858/1858/1858 1853/1853/1853 
f 1858/1858/1858 1852/1852/1852 1857/1857/1857 
f 1859/1859/1859 1853/1853/1853 1858/1858/1858 
f 1860/1860/1860 1854/1854/1854 1855/1855/1855 
f 1855/1855/1855 1861/1861/1861 1860/1860/1860 
f 1862/1862/1862 1857/1857/1857 1854/1854/1854 
f 1857/1857/1857 1862/1862/1862 1858/1858/1858 
f 1854/1854/1854 1860/1860/1860 1862/1862/1862 
f 1858/1858/1858 1863/1863/1863 1859/1859/1859 
f 1863/1863/1863 1858/1858/1858 1862/1862/1862 
f 1864/1864/1864 1859/1859/1859 1863/1863/1863 
f 1865/1865/1865 1860/1860/1860 1861/1861/1861 
f 1861/1861/1861 1866/1866/1866 1865/1865/1865 
f 1867/1867/1867 1862/1862/1862 1860/1860/1860 
f 1862/1862/1862 1867/1867/1867 1863/1863/1863 
f 1860/1860/1860 1865/1865/1865 1867/1867/1867 
f 1863/1863/1863 1868/1868/1868 1864/1864/1864 
f 1868/1868/1868 1863/1863/1863 1867/1867/1867 
f 1869/1869/1869 1864/1864/1864 1868/1868/1868 
f 1870/1870/1870 1865/1865/1865 1866/1866/1866 
f 1866/1866/1866 1871/1871/1871 1870/1870/1870 
f 1870/1870/1870 1871/1871/1871 1872/1872/1872 
f 1873/1873/1873 1867/1867/1867 1865/1865/1865 
f 1867/1867/1867 1873/1873/1873 1868/1868/1868 
f 1865/1865/1865 1870/1870/1870 1873/1873/1873 
f 1868/1868/1868 1874/1874/1874 1869/1869/1869 
f 1874/1874/1874 1868/1868/1868 1873/1873/1873 
f 1873/1873/1873 1870/1870/1870 1874/1874/1874 
f 1872/1872/1872 1874/1874/1874 1870/1870/1870 
f 1875/1875/1875 1869/1869/1869 1874/1874/1874 
f 1874/1874/1874 1872/1872/1872 1875/1875/1875 
f 1876/1876/1876 1878/1878/1878 1877/1877/1877 
f 1877/1877/1877 1879/1879/1879 1876/1876/1876 
f 1880/1880/1880 1876/1876/1876 1879/1879/1879 
f 1879/1879/1879 1881/1881/1881 1880/1880/1880 
f 1882/1882/1882 1880/1880/1880 1881/1881/1881 
f 1881/1881/1881 1883/1883/1883 1882/1882/1882 
f 1884/1884/1884 1882/1882/1882 1883/1883/1883 
f 1883/1883/1883 1885/1885/1885 1884/1884/1884 
f 1886/1886/1886 1884/1884/1884 1885/1885/1885 
f 1885/1885/1885 1887/1887/1887 1886/1886/1886 
f 1888/1888/1888 1886/1886/1886 1887/1887/1887 
f 1887/1887/1887 1889/1889/1889 1888/1888/1888 
f 1890/1890/1890 1888/1888/1888 1889/1889/1889 
f 1889/1889/1889 1891/1891/1891 1890/1890/1890 
f 1892/1892/1892 1890/1890/1890 1891/1891/1891 
f 1891/1891/1891 1893/1893/1893 1892/1892/1892 
f 1894/1894/1894 1892/1892/1892 1893/1893/1893 
f 1893/1893/1893 1895/1895/1895 1894/1894/1894 
f 1896/1896/1896 1894/1894/1894 1895/1895/1895 
f 1895/1895/1895 1897/1897/1897 1896/1896/1896 
f 1898/1898/1898 1896/1896/1896 1897/1897/1897 
f 1897/1897/1897 1899/1899/1899 1898/1898/1898 
f 1900/1900/1900 1898/1898/1898 1899/1899/1899 
f 1899/1899/1899 1901/1901/1901 1900/1900/1900 
f 1902/1902/1902 1900/1900/1900 1901/1901/1901 
f 1901/1901/1901 1903/1903/1903 1902/1902/1902 
f 1904/1904/1904 1902/1902/1902 1903/1903/1903 
f 1903/1903/1903 1905/1905/1905 1904/1904/1904 
f 1906/1906/1906 1904/1904/1904 1905/1905/1905 
f 1905/1905/1905 1907/1907/1907 1906/1906/1906 
f 1908/1908/1908 1906/1906/1906 1907/1907/1907 
f 1907/1907/1907 1909/1909/1909 1908/1908/1908 
f 1910/1910/1910 1908/1908/1908 1909/1909/1909 
f 1909/1909/1909 1911/1911/1911 1910/1910/1910 
f 1912/1912/1912 1910/1910/1910 1911/1911/1911 
f 1911/1911/1911 1913/1913/1913 1912/1912/1912 
f 1914/1914/1914 1912/1912/1912 1913/1913/1913 
f 1913/1913/1913 1915/1915/1915 1914/1914/1914 
f 1916/1916/1916 1914/1914/1914 1915/1915/1915 
f 1915/1915/1915 1917/1917/1917 1916/1916/1916 
f 1918/1918/1918 1916/1916/1916 1917/1917/1917 
f 1917/1917/1917 1919/1919/1919 1918/1918/1918 
f 1920/1920/1920 1918/1918/1918 1919/1919/1919 
f 1919/1919/1919 1921/1921/1921 1920/1920/1920 
f 1922/1922/1922 1920/1920/1920 1921/1921/1921 
f 1921/1921/1921 1923/1923/1923 1922/1922/1922 
f 1924/1924/1924 1922/1922/1922 1923/1923/1923 
f 1923/1923/1923 1925/1925/1925 1924/1924/1924 
f 1926/1926/1926 1924/1924/1924 1925/1925/1925 
f 1925/1925/1925 1927/1927/1927 1926/1926/1926 
f 1928/1928/1928 1926/1926/1926 1927/1927/1927 
f 1927/1927/1927 1929/1929/1929 1928/1928/1928 
f 1930/1930/1930 1932/1932/1932 1931/1931/1931 
f 1931/1931/1931 1933/1933/1933 1930/1930/1930 
f 1933/1933/1933 1934/1934/1934 1930/1930/1930 
f 1930/1930/1930 1934/1934/1934 1935/1935/1935 
f 1936/1936/1936 1930/1930/1930 1935/1935/1935 
f 1935/1935/1935 1937/1937/1937 1936/1936/1936 
f 1937/1937/1937 1938/1938/1938 1936/1936/1936 
f 1935/1935/1935 1939/1939/1939 1937/1937/1937 
f 1940/1940/1940 1935/1935/1935 1934/1934/1934 
f 1934/1934/1934 1941/1941/1941 1940/1940/1940 
f 1942/1942/1942 1941/1941/1941 1934/1934/1934 
f 1943/1943/1943 1942/1942/1942 1934/1934/1934 
f 1934/1934/1934 1944/1944/1944 1943/1943/1943 
f 1941/1941/1941 1945/1945/1945 1940/1940/1940 
f 1945/1945/1945 1946/1946/1946 1940/1940/1940 
f 1946/1946/1946 1947/1947/1947 1940/1940/1940 
f 1940/1940/1940 1948/1948/1948 1935/1935/1935 
f 1940/1940/1940 1949/1949/1949 1948/1948/1948 
f 1949/1949/1949 1950/1950/1950 1948/1948/1948 
f 1950/1950/1950 1951/1951/1951 1948/1948/1948 
f 1948/1948/1948 1952/1952/1952 1935/1935/1935 
f 1952/1952/1952 1953/1953/1953 1935/1935/1935 
f 1953/1953/1953 1954/1954/1954 1935/1935/1935 
f 1955/1955/1955 1957/1957/1957 1956/1956/1956 
f 1956/1956/1956 1958/1958/1958 1955/1955/1955 
f 1958/1958/1958 1956/1956/1956 1959/1959/1959 
f 1959/1959/1959 1960/1960/1960 1958/1958/1958 
f 1960/1960/1960 1959/1959/1959 1961/1961/1961 
f 1961/1961/1961 1962/1962/1962 1960/1960/1960 
f 1963/1963/1963 1962/1962/1962 1961/1961/1961 
f 1961/1961/1961 1964/1964/1964 1963/1963/1963 
f 1963/1963/1963 1964/1964/1964 1965/1965/1965 
f 1965/1965/1965 1966/1966/1966 1963/1963/1963 
f 1966/1966/1966 1965/1965/1965 1967/1967/1967 
f 1967/1967/1967 1968/1968/1968 1966/1966/1966 
f 1968/1968/1968 1967/1967/1967 1969/1969/1969 
f 1969/1969/1969 1970/1970/1970 1968/1968/1968 
f 1970/1970/1970 1969/1969/1969 1971/1971/1971 
f 1971/1971/1971 1972/1972/1972 1970/1970/1970 
f 1973/1973/1973 1975/1975/1975 1974/1974/1974 
f 1974/1974/1974 1976/1976/1976 1973/1973/1973 
f 1977/1977/1977 1973/1973/1973 1976/1976/1976 
f 1976/1976/1976 1974/1974/1974 1978/1978/1978 
f 1976/1976/1976 1979/1979/1979 1977/1977/1977 
f 1980/1980/1980 1977/1977/1977 1979/1979/1979 
f 1978/1978/1978 1981/1981/1981 1976/1976/1976 
f 1979/1979/1979 1976/1976/1976 1981/1981/1981 
f 1979/1979/1979 1982/1982/1982 1980/1980/1980 
f 1983/1983/1983 1980/1980/1980 1982/1982/1982 
f 1984/1984/1984 1981/1981/1981 1978/1978/1978 
f 1978/1978/1978 1985/1985/1985 1984/1984/1984 
f 1981/1981/1981 1986/1986/1986 1979/1979/1979 
f 1982/1982/1982 1979/1979/1979 1986/1986/1986 
f 1987/1987/1987 1986/1986/1986 1981/1981/1981 
f 1986/1986/1986 1987/1987/1987 1982/1982/1982 
f 1981/1981/1981 1984/1984/1984 1987/1987/1987 
f 1982/1982/1982 1988/1988/1988 1983/1983/1983 
f 1988/1988/1988 1982/1982/1982 1987/1987/1987 
f 1989/1989/1989 1983/1983/1983 1988/1988/1988 
f 1990/1990/1990 1984/1984/1984 1985/1985/1985 
f 1985/1985/1985 1991/1991/1991 1990/1990/1990 
f 1992/1992/1992 1987/1987/1987 1984/1984/1984 
f 1987/1987/1987 1992/1992/1992 1988/1988/1988 
f 1984/1984/1984 1990/1990/1990 1992/1992/1992 
f 1988/1988/1988 1993/1993/1993 1989/1989/1989 
f 1993/1993/1993 1988/1988/1988 1992/1992/1992 
f 1994/1994/1994 1989/1989/1989 1993/1993/1993 
f 1995/1995/1995 1990/1990/1990 1991/1991/1991 
f 1991/1991/1991 1996/1996/1996 1995/1995/1995 
f 1997/1997/1997 1992/1992/1992 1990/1990/1990 
f 1992/1992/1992 1997/1997/1997 1993/1993/1993 
f 1990/1990/1990 1995/1995/1995 1997/1997/1997 
f 1993/1993/1993 1998/1998/1998 1994/1994/1994 
f 1998/1998/1998 1993/1993/1993 1997/1997/1997 
f 1999/1999/1999 1994/1994/1994 1998/1998/1998 
f 2000/2000/2000 1995/1995/1995 1996/1996/1996 
f 1996/1996/1996 2001/2001/2001 2000/2000/2000 
f 2000/2000/2000 2001/2001/2001 2002/2002/2002 
f 2003/2003/2003 1997/1997/1997 1995/1995/1995 
f 1997/1997/1997 2003/2003/2003 1998/1998/1998 
f 1995/1995/1995 2000/2000/2000 2003/2003/2003 
f 1998/1998/1998 2004/2004/2004 1999/1999/1999 
f 2004/2004/2004 1998/1998/1998 2003/2003/2003 
f 2003/2003/2003 2000/2000/2000 2004/2004/2004 
f 2002/2002/2002 2004/2004/2004 2000/2000/2000 
f 2005/2005/2005 1999/1999/1999 2004/2004/2004 
f 2004/2004/2004 2002/2002/2002 2005/2005/2005 
f 2006/2006/2006 2008/2008/2008 2007/2007/2007 
f 2007/2007/2007 2009/2009/2009 2006/2006/2006 
f 2010/2010/2010 2006/2006/2006 2009/2009/2009 
f 2009/2009/2009 2007/2007/2007 2011/2011/2011 
f 2009/2009/2009 2012/2012/2012 2010/2010/2010 
f 2013/2013/2013 2010/2010/2010 2012/2012/2012 
f 2011/2011/2011 2014/2014/2014 2009/2009/2009 
f 2012/2012/2012 2009/2009/2009 2014/2014/2014 
f 2012/2012/2012 2015/2015/2015 2013/2013/2013 
f 2016/2016/2016 2013/2013/2013 2015/2015/2015 
f 2017/2017/2017 2014/2014/2014 2011/2011/2011 
f 2011/2011/2011 2018/2018/2018 2017/2017/2017 
f 2014/2014/2014 2019/2019/2019 2012/2012/2012 
f 2015/2015/2015 2012/2012/2012 2019/2019/2019 
f 2020/2020/2020 2019/2019/2019 2014/2014/2014 
f 2019/2019/2019 2020/2020/2020 2015/2015/2015 
f 2014/2014/2014 2017/2017/2017 2020/2020/2020 
f 2015/2015/2015 2021/2021/2021 2016/2016/2016 
f 2021/2021/2021 2015/2015/2015 2020/2020/2020 
f 2022/2022/2022 2016/2016/2016 2021/2021/2021 
f 2023/2023/2023 2017/2017/2017 2018/2018/2018 
f 2018/2018/2018 2024/2024/2024 2023/2023/2023 
f 2025/2025/2025 2020/2020/2020 2017/2017/2017 
f 2020/2020/2020 2025/2025/2025 2021/2021/2021 
f 2017/2017/2017 2023/2023/2023 2025/2025/2025 
f 2021/2021/2021 2026/2026/2026 2022/2022/2022 
f 2026/2026/2026 2021/2021/2021 2025/2025/2025 
f 2027/2027/2027 2022/2022/2022 2026/2026/2026 
f 2028/2028/2028 2023/2023/2023 2024/2024/2024 
f 2024/2024/2024 2029/2029/2029 2028/2028/2028 
f 2030/2030/2030 2025/2025/2025 2023/2023/2023 
f 2025/2025/2025 2030/2030/2030 2026/2026/2026 
f 2023/2023/2023 2028/2028/2028 2030/2030/2030 
f 2026/2026/2026 2031/2031/2031 2027/2027/2027 
f 2031/2031/2031 2026/2026/2026 2030/2030/2030 
f 2032/2032/2032 2027/2027/2027 2031/2031/2031 
f 2033/2033/2033 2028/2028/2028 2029/2029/2029 
f 2029/2029/2029 2034/2034/2034 2033/2033/2033 
f 2033/2033/2033 2034/2034/2034 2035/2035/2035 
f 2036/2036/2036 2030/2030/2030 2028/2028/2028 
f 2030/2030/2030 2036/2036/2036 2031/2031/2031 
f 2028/2028/2028 2033/2033/2033 2036/2036/2036 
f 2031/2031/2031 2037/2037/2037 2032/2032/2032 
f 2037/2037/2037 2031/2031/2031 2036/2036/2036 
f 2036/2036/2036 2033/2033/2033 2037/2037/2037 
f 2035/2035/2035 2037/2037/2037 2033/2033/2033 
f 2038/2038/2038 2032/2032/2032 2037/2037/2037 
f 2037/2037/2037 2035/2035/2035 2038/2038/2038 
f 2039/2039/2039 2041/2041/2041 2040/2040/2040 
f 2040/2040/2040 2042/2042/2042 2039/2039/2039 
f 2043/2043/2043 2039/2039/2039 2042/2042/2042 
f 2042/2042/2042 2040/2040/2040 2044/2044/2044 
f 2042/2042/2042 2045/2045/2045 2043/2043/2043 
f 2046/2046/2046 2043/2043/2043 2045/2045/2045 
f 2044/2044/2044 2047/2047/2047 2042/2042/2042 
f 2045/2045/2045 2042/2042/2042 2047/2047/2047 
f 2045/2045/2045 2048/2048/2048 2046/2046/2046 
f 2049/2049/2049 2046/2046/2046 2048/2048/2048 
f 2050/2050/2050 2047/2047/2047 2044/2044/2044 
f 2044/2044/2044 2051/2051/2051 2050/2050/2050 
f 2047/2047/2047 2052/2052/2052 2045/2045/2045 
f 2048/2048/2048 2045/2045/2045 2052/2052/2052 
f 2053/2053/2053 2052/2052/2052 2047/2047/2047 
f 2052/2052/2052 2053/2053/2053 2048/2048/2048 
f 2047/2047/2047 2050/2050/2050 2053/2053/2053 
f 2048/2048/2048 2054/2054/2054 2049/2049/2049 
f 2054/2054/2054 2048/2048/2048 2053/2053/2053 
f 2055/2055/2055 2049/2049/2049 2054/2054/2054 
f 2056/2056/2056 2050/2050/2050 2051/2051/2051 
f 2051/2051/2051 2057/2057/2057 2056/2056/2056 
f 2058/2058/2058 2053/2053/2053 2050/2050/2050 
f 2053/2053/2053 2058/2058/2058 2054/2054/2054 
f 2050/2050/2050 2056/2056/2056 2058/2058/2058 
f 2054/2054/2054 2059/2059/2059 2055/2055/2055 
f 2059/2059/2059 2054/2054/2054 2058/2058/2058 
f 2060/2060/2060 2055/2055/2055 2059/2059/2059 
f 2061/2061/2061 2056/2056/2056 2057/2057/2057 
f 2057/2057/2057 2062/2062/2062 2061/2061/2061 
f 2063/2063/2063 2058/2058/2058 2056/2056/2056 
f 2058/2058/2058 2063/2063/2063 2059/2059/2059 
f 2056/2056/2056 2061/2061/2061 2063/2063/2063 
f 2059/2059/2059 2064/2064/2064 2060/2060/2060 
f 2064/2064/2064 2059/2059/2059 2063/2063/2063 
f 2065/2065/2065 2060/2060/2060 2064/2064/2064 
f 2066/2066/2066 2061/2061/2061 2062/2062/2062 
f 2062/2062/2062 2067/2067/2067 2066/2066/2066 
f 2066/2066/2066 2067/2067/2067 2068/2068/2068 
f 2069/2069/2069 2063/2063/2063 2061/2061/2061 
f 2063/2063/2063 2069/2069/2069 2064/2064/2064 
f 2061/2061/2061 2066/2066/2066 2069/2069/2069 
f 2064/2064/2064 2070/2070/2070 2065/2065/2065 
f 2070/2070/2070 2064/2064/2064 2069/2069/2069 
f 2069/2069/2069 2066/2066/2066 2070/2070/2070 
f 2068/2068/2068 2070/2070/2070 2066/2066/2066 
f 2071/2071/2071 2065/2065/2065 2070/2070/2070 
f 2070/2070/2070 2068/2068/2068 2071/2071/2071 
f 2072/2072/2072 2074/2074/2074 2073/2073/2073 
f 2073/2073/2073 2075/2075/2075 2072/2072/2072 
f 2076/2076/2076 2072/2072/2072 2075/2075/2075 
f 2075/2075/2075 2073/2073/2073 2077/2077/2077 
f 2075/2075/2075 2078/2078/2078 2076/2076/2076 
f 2079/2079/2079 2076/2076/2076 2078/2078/2078 
f 2077/2077/2077 2080/2080/2080 2075/2075/2075 
f 2078/2078/2078 2075/2075/2075 2080/2080/2080 
f 2078/2078/2078 2081/2081/2081 2079/2079/2079 
f 2082/2082/2082 2079/2079/2079 2081/2081/2081 
f 2083/2083/2083 2080/2080/2080 2077/2077/2077 
f 2077/2077/2077 2084/2084/2084 2083/2083/2083 
f 2080/2080/2080 2085/2085/2085 2078/2078/2078 
f 2081/2081/2081 2078/2078/2078 2085/2085/2085 
f 2086/2086/2086 2085/2085/2085 2080/2080/2080 
f 2085/2085/2085 2086/2086/2086 2081/2081/2081 
f 2080/2080/2080 2083/2083/2083 2086/2086/2086 
f 2081/2081/2081 2087/2087/2087 2082/2082/2082 
f 2087/2087/2087 2081/2081/2081 2086/2086/2086 
f 2088/2088/2088 2082/2082/2082 2087/2087/2087 
f 2089/2089/2089 2083/2083/2083 2084/2084/2084 
f 2084/2084/2084 2090/2090/2090 2089/2089/2089 
f 2091/2091/2091 2086/2086/2086 2083/2083/2083 
f 2086/2086/2086 2091/2091/2091 2087/2087/2087 
f 2083/2083/2083 2089/2089/2089 2091/2091/2091 
f 2087/2087/2087 2092/2092/2092 2088/2088/2088 
f 2092/2092/2092 2087/2087/2087 2091/2091/2091 
f 2093/2093/2093 2088/2088/2088 2092/2092/2092 
f 2094/2094/2094 2089/2089/2089 2090/2090/2090 
f 2090/2090/2090 2095/2095/2095 2094/2094/2094 
f 2096/2096/2096 2091/2091/2091 2089/2089/2089 
f 2091/2091/2091 2096/2096/2096 2092/2092/2092 
f 2089/2089/2089 2094/2094/2094 2096/2096/2096 
f 2092/2092/2092 2097/2097/2097 2093/2093/2093 
f 2097/2097/2097 2092/2092/2092 2096/2096/2096 
f 2098/2098/2098 2093/2093/2093 2097/2097/2097 
f 2099/2099/2099 2094/2094/2094 2095/2095/2095 
f 2095/2095/2095 2100/2100/2100 2099/2099/2099 
f 2099/2099/2099 2100/2100/2100 2101/2101/2101 
f 2102/2102/2102 2096/2096/2096 2094/2094/2094 
f 2096/2096/2096 2102/2102/2102 2097/2097/2097 
f 2094/2094/2094 2099/2099/2099 2102/2102/2102 
f 2097/2097/2097 2103/2103/2103 2098/2098/2098 
f 2103/2103/2103 2097/2097/2097 2102/2102/2102 
f 2102/2102/2102 2099/2099/2099 2103/2103/2103 
f 2101/2101/2101 2103/2103/2103 2099/2099/2099 
f 2104/2104/2104 2098/2098/2098 2103/2103/2103 
f 2103/2103/2103 2101/2101/2101 2104/2104/2104 
f 2105/2105/2105 2107/2107/2107 2106/2106/2106 
f 2106/2106/2106 2108/2108/2108 2105/2105/2105 
f 2109/2109/2109 2105/2105/2105 2108/2108/2108 
f 2108/2108/2108 2110/2110/2110 2109/2109/2109 
f 2111/2111/2111 2109/2109/2109 2110/2110/2110 
f 2110/2110/2110 2112/2112/2112 2111/2111/2111 
f 2113/2113/2113 2111/2111/2111 2112/2112/2112 
f 2112/2112/2112 2114/2114/2114 2113/2113/2113 
f 2115/2115/2115 2113/2113/2113 2114/2114/2114 
f 2114/2114/2114 2116/2116/2116 2115/2115/2115 
f 2117/2117/2117 2115/2115/2115 2116/2116/2116 
f 2116/2116/2116 2118/2118/2118 2117/2117/2117 
f 2119/2119/2119 2117/2117/2117 2118/2118/2118 
f 2118/2118/2118 2120/2120/2120 2119/2119/2119 
f 2121/2121/2121 2119/2119/2119 2120/2120/2120 
f 2120/2120/2120 2122/2122/2122 2121/2121/2121 
f 2123/2123/2123 2121/2121/2121 2122/2122/2122 
f 2122/2122/2122 2124/2124/2124 2123/2123/2123 
f 2125/2125/2125 2123/2123/2123 2124/2124/2124 
f 2124/2124/2124 2126/2126/2126 2125/2125/2125 
f 2127/2127/2127 2125/2125/2125 2126/2126/2126 
f 2126/2126/2126 2128/2128/2128 2127/2127/2127 
f 2129/2129/2129 2127/2127/2127 2128/2128/2128 
f 2128/2128/2128 2130/2130/2130 2129/2129/2129 
f 2131/2131/2131 2129/2129/2129 2130/2130/2130 
f 2130/2130/2130 2132/2132/2132 2131/2131/2131 
f 2133/2133/2133 2131/2131/2131 2132/2132/2132 
f 2132/2132/2132 2134/2134/2134 2133/2133/2133 
f 2135/2135/2135 2133/2133/2133 2134/2134/2134 
f 2134/2134/2134 2136/2136/2136 2135/2135/2135 
f 2137/2137/2137 2135/2135/2135 2136/2136/2136 
f 2136/2136/2136 2138/2138/2138 2137/2137/2137 
f 2139/2139/2139 2137/2137/2137 2138/2138/2138 
f 2138/2138/2138 2140/2140/2140 2139/2139/2139 
f 2141/2141/2141 2139/2139/2139 2140/2140/2140 
f 2140/2140/2140 2142/2142/2142 2141/2141/2141 
f 2143/2143/2143 2141/2141/2141 2142/2142/2142 
f 2142/2142/2142 2144/2144/2144 2143/2143/2143 
f 2145/2145/2145 2143/2143/2143 2144/2144/2144 
f 2144/2144/2144 2146/2146/2146 2145/2145/2145 
f 2147/2147/2147 2145/2145/2145 2146/2146/2146 
f 2146/2146/2146 2148/2148/2148 2147/2147/2147 
f 2149/2149/2149 2147/2147/2147 2148/2148/2148 
f 2148/2148/2148 2150/2150/2150 2149/2149/2149 
f 2151/2151/2151 2149/2149/2149 2150/2150/2150 
f 2150/2150/2150 2152/2152/2152 2151/2151/2151 
f 2153/2153/2153 2151/2151/2151 2152/2152/2152 
f 2152/2152/2152 2154/2154/2154 2153/2153/2153 
f 2155/2155/2155 2153/2153/2153 2154/2154/2154 
f 2154/2154/2154 2156/2156/2156 2155/2155/2155 
f 2157/2157/2157 2155/2155/2155 2156/2156/2156 
f 2156/2156/2156 2158/2158/2158 2157/2157/2157 
f 2159/2159/2159 2161/2161/2161 2160/2160/2160 
f 2160/2160/2160 2162/2162/2162 2159/2159/2159 
f 2162/2162/2162 2163/2163/2163 2159/2159/2159 
f 2159/2159/2159 2163/2163/2163 2164/2164/2164 
f 2165/2165/2165 2159/2159/2159 2164/2164/2164 
f 2164/2164/2164 2166/2166/2166 2165/2165/2165 
f 2166/2166/2166 2167/2167/2167 2165/2165/2165 
f 2164/2164/2164 2168/2168/2168 2166/2166/2166 
f 2169/2169/2169 2164/2164/2164 2163/2163/2163 
f 2163/2163/2163 2170/2170/2170 2169/2169/2169 
f 2171/2171/2171 2170/2170/2170 2163/2163/2163 
f 2172/2172/2172 2171/2171/2171 2163/2163/2163 
f 2163/2163/2163 2173/2173/2173 2172/2172/2172 
f 2170/2170/2170 2174/2174/2174 2169/2169/2169 
f 2174/2174/2174 2175/2175/2175 2169/2169/2169 
f 2175/2175/2175 2176/2176/2176 2169/2169/2169 
f 2169/2169/2169 2177/2177/2177 2164/2164/2164 
f 2169/2169/2169 2178/2178/2178 2177/2177/2177 
f 2178/2178/2178 2179/2179/2179 2177/2177/2177 
f 2179/2179/2179 2180/2180/2180 2177/2177/2177 
f 2177/2177/2177 2181/2181/2181 2164/2164/2164 
f 2181/2181/2181 2182/2182/2182 2164/2164/2164 
f 2182/2182/2182 2183/2183/2183 2164/2164/2164 
f 2184/2184/2184 2186/2186/2186 2185/2185/2185 
f 2185/2185/2185 2187/2187/2187 2184/2184/2184 
f 2187/2187/2187 2185/2185/2185 2188/2188/2188 
f 2188/2188/2188 2189/2189/2189 2187/2187/2187 
f 2189/2189/2189 2188/2188/2188 2190/2190/2190 
f 2190/2190/2190 2191/2191/2191 2189/2189/2189 
f 2192/2192/2192 2191/2191/2191 2190/2190/2190 
f 2190/2190/2190 2193/2193/2193 2192/2192/2192 
f 2192/2192/2192 2193/2193/2193 2194/2194/2194 
f 2194/2194/2194 2195/2195/2195 2192/2192/2192 
f 2195/2195/2195 2194/2194/2194 2196/2196/2196 
f 2196/2196/2196 2197/2197/2197 2195/2195/2195 
f 2197/2197/2197 2196/2196/2196 2198/2198/2198 
f 2198/2198/2198 2199/2199/2199 2197/2197/2197 
f 2199/2199/2199 2198/2198/2198 2200/2200/2200 
f 2200/2200/2200 2201/2201/2201 2199/2199/2199 
f 2202/2202/2202 2204/2204/2204 2203/2203/2203 
f 2204/2204/2204 2205/2205/2205 2203/2203/2203 
f 2205/2205/2205 2206/2206/2206 2203/2203/2203 
f 2206/2206/2206 2207/2207/2207 2203/2203/2203 
f 2208/2208/2208 2203/2203/2203 2207/2207/2207 
f 2207/2207/2207 2209/2209/2209 2208/2208/2208 
f 2210/2210/2210 2212/2212/2212 2211/2211/2211 
f 2211/2211/2211 2212/2212/2212 2213/2213/2213 
f 2213/2213/2213 2212/2212/2212 2214/2214/2214 
f 2214/2214/2214 2212/2212/2212 2215/2215/2215 
f 2215/2215/2215 2212/2212/2212 2216/2216/2216 
f 2216/2216/2216 2217/2217/2217 2215/2215/2215 
f 2218/2218/2218 2220/2220/2220 2219/2219/2219 
f 2219/2219/2219 2221/2221/2221 2218/2218/2218 
f 2222/2222/2222 2224/2224/2224 2223/2223/2223 
f 2223/2223/2223 2225/2225/2225 2222/2222/2222 
f 2226/2226/2226 2228/2228/2228 2227/2227/2227 
f 2227/2227/2227 2229/2229/2229 2226/2226/2226 
f 2230/2230/2230 2232/2232/2232 2231/2231/2231 
f 2231/2231/2231 2233/2233/2233 2230/2230/2230 
f 2234/2234/2234 2236/2236/2236 2235/2235/2235 
f 2235/2235/2235 2237/2237/2237 2234/2234/2234 
f 2238/2238/2238 2240/2240/2240 2239/2239/2239 
f 2239/2239/2239 2241/2241/2241 2238/2238/2238 
f 2242/2242/2242 2244/2244/2244 2243/2243/2243 
f 2243/2243/2243 2245/2245/2245 2242/2242/2242 
f 2246/2246/2246 2248/2248/2248 2247/2247/2247 
f 2247/2247/2247 2249/2249/2249 2246/2246/2246 
f 2250/2250/2250 2252/2252/2252 2251/2251/2251 
f 2250/2250/2250 2251/2251/2251 2253/2253/2253 
f 2251/2251/2251 2254/2254/2254 2253/2253/2253 
f 2254/2254/2254 2255/2255/2255 2253/2253/2253 
f 2250/2250/2250 2253/2253/2253 2256/2256/2256 
f 2253/2253/2253 2257/2257/2257 2256/2256/2256 
f 2256/2256/2256 2257/2257/2257 2258/2258/2258 
f 2258/2258/2258 2259/2259/2259 2256/2256/2256 
f 2257/2257/2257 2260/2260/2260 2258/2258/2258 
f 2257/2257/2257 2261/2261/2261 2260/2260/2260 
f 2262/2262/2262 2264/2264/2264 2263/2263/2263 
f 2263/2263/2263 2265/2265/2265 2262/2262/2262 
f 2266/2266/2266 2268/2268/2268 2267/2267/2267 
f 2267/2267/2267 2269/2269/2269 2266/2266/2266 
f 2270/2270/2270 2272/2272/2272 2271/2271/2271 
f 2270/2270/2270 2271/2271/2271 2273/2273/2273 
f 2274/2274/2274 2270/2270/2270 2273/2273/2273 
f 2275/2275/2275 2274/2274/2274 2273/2273/2273 
f 2276/2276/2276 2273/2273/2273 2271/2271/2271 
f 2271/2271/2271 2277/2277/2277 2276/2276/2276 
f 2277/2277/2277 2278/2278/2278 2276/2276/2276 
f 2278/2278/2278 2279/2279/2279 2276/2276/2276 
f 2277/2277/2277 2280/2280/2280 2278/2278/2278 
f 2277/2277/2277 2281/2281/2281 2280/2280/2280 
f 2282/2282/2282 2284/2284/2284 2283/2283/2283 
f 2283/2283/2283 2285/2285/2285 2282/2282/2282 
f 2286/2286/2286 2288/2288/2288 2287/2287/2287 
f 2287/2287/2287 2289/2289/2289 2286/2286/2286 
f 2290/2290/2290 2292/2292/2292 2291/2291/2291 
f 2291/2291/2291 2293/2293/2293 2290/2290/2290 
f 2294/2294/2294 2296/2296/2296 2295/2295/2295 
f 2295/2295/2295 2297/2297/2297 2294/2294/2294 
f 2298/2298/2298 2300/2300/2300 2299/2299/2299 
f 2299/2299/2299 2301/2301/2301 2298/2298/2298 
f 2302/2302/2302 2304/2304/2304 2303/2303/2303 
f 2303/2303/2303 2305/2305/2305 2302/2302/2302 
f 2306/2306/2306 2308/2308/2308 2307/2307/2307 
f 2307/2307/2307 2309/2309/2309 2306/2306/2306 
f 2310/2310/2310 2312/2312/2312 2311/2311/2311 
f 2311/2311/2311 2313/2313/2313 2310/2310/2310 
f 2314/2314/2314 2316/2316/2316 2315/2315/2315 
f 2315/2315/2315 2317/2317/2317 2314/2314/2314 
f 2318/2318/2318 2320/2320/2320 2319/2319/2319 
f 2319/2319/2319 2321/2321/2321 2318/2318/2318 
f 2322/2322/2322 2324/2324/2324 2323/2323/2323 
f 2323/2323/2323 2325/2325/2325 2322/2322/2322 
f 2326/2326/2326 2328/2328/2328 2327/2327/2327 
f 2327/2327/2327 2329/2329/2329 2326/2326/2326 
f 2330/2330/2330 2332/2332/2332 2331/2331/2331 
f 2331/2331/2331 2333/2333/2333 2330/2330/2330 
f 2334/2334/2334 2336/2336/2336 2335/2335/2335 
f 2335/2335/2335 2337/2337/2337 2334/2334/2334 
f 2338/2338/2338 2340/2340/2340 2339/2339/2339 
f 2338/2338/2338 2339/2339/2339 2341/2341/2341 
f 2338/2338/2338 2341/2341/2341 2342/2342/2342 
f 2342/2342/2342 2343/2343/2343 2338/2338/2338 
f 2344/2344/2344 2346/2346/2346 2345/2345/2345 
f 2345/2345/2345 2347/2347/2347 2344/2344/2344 
f 2348/2348/2348 2350/2350/2350 2349/2349/2349 
f 2349/2349/2349 2351/2351/2351 2348/2348/2348 
f 2352/2352/2352 2354/2354/2354 2353/2353/2353 
f 2353/2353/2353 2355/2355/2355 2352/2352/2352 
f 2356/2356/2356 2358/2358/2358 2357/2357/2357 
f 2357/2357/2357 2359/2359/2359 2356/2356/2356 
f 2360/2360/2360 2362/2362/2362 2361/2361/2361 
f 2361/2361/2361 2363/2363/2363 2360/2360/2360 
f 2364/2364/2364 2366/2366/2366 2365/2365/2365 
f 2365/2365/2365 2367/2367/2367 2364/2364/2364 
f 2368/2368/2368 2370/2370/2370 2369/2369/2369 
f 2368/2368/2368 2369/2369/2369 2371/2371/2371 
f 2368/2368/2368 2371/2371/2371 2372/2372/2372 
f 2372/2372/2372 2373/2373/2373 2368/2368/2368 
f 2374/2374/2374 2376/2376/2376 2375/2375/2375 
f 2375/2375/2375 2377/2377/2377 2374/2374/2374 
f 2378/2378/2378 2380/2380/2380 2379/2379/2379 
f 2379/2379/2379 2381/2381/2381 2378/2378/2378 
f 2382/2382/2382 2384/2384/2384 2383/2383/2383 
f 2384/2384/2384 2385/2385/2385 2383/2383/2383 
f 2385/2385/2385 2386/2386/2386 2383/2383/2383 
f 2386/2386/2386 2387/2387/2387 2383/2383/2383 
f 2388/2388/2388 2383/2383/2383 2387/2387/2387 
f 2387/2387/2387 2389/2389/2389 2388/2388/2388 
f 2390/2390/2390 2392/2392/2392 2391/2391/2391 
f 2391/2391/2391 2392/2392/2392 2393/2393/2393 
f 2393/2393/2393 2392/2392/2392 2394/2394/2394 
f 2394/2394/2394 2392/2392/2392 2395/2395/2395 
f 2395/2395/2395 2392/2392/2392 2396/2396/2396 
f 2396/2396/2396 2397/2397/2397 2395/2395/2395 
f 2398/2398/2398 2400/2400/2400 2399/2399/2399 
f 2399/2399/2399 2401/2401/2401 2398/2398/2398 
f 2402/2402/2402 2404/2404/2404 2403/2403/2403 
f 2403/2403/2403 2405/2405/2405 2402/2402/2402 
f 2406/2406/2406 2408/2408/2408 2407/2407/2407 
f 2407/2407/2407 2409/2409/2409 2406/2406/2406 
f 2410/2410/2410 2412/2412/2412 2411/2411/2411 
f 2411/2411/2411 2413/2413/2413 2410/2410/2410 
f 2414/2414/2414 2416/2416/2416 2415/2415/2415 
f 2415/2415/2415 2417/2417/2417 2414/2414/2414 
f 2418/2418/2418 2420/2420/2420 2419/2419/2419 
f 2419/2419/2419 2421/2421/2421 2418/2418/2418 
f 2422/2422/2422 2424/2424/2424 2423/2423/2423 
f 2423/2423/2423 2425/2425/2425 2422/2422/2422 
f 2426/2426/2426 2428/2428/2428 2427/2427/2427 
f 2427/2427/2427 2429/2429/2429 2426/2426/2426 
f 2430/2430/2430 2432/2432/2432 2431/2431/2431 
f 2432/2432/2432 2433/2433/2433 2431/2431/2431 
f 2433/2433/2433 2434/2434/2434 2431/2431/2431 
f 2434/2434/2434 2435/2435/2435 2431/2431/2431 
f 2436/2436/2436 2431/2431/2431 2435/2435/2435 
f 2435/2435/2435 2437/2437/2437 2436/2436/2436 
f 2438/2438/2438 2440/2440/2440 2439/2439/2439 
f 2439/2439/2439 2440/2440/2440 2441/2441/2441 
f 2441/2441/2441 2440/2440/2440 2442/2442/2442 
f 2442/2442/2442 2440/2440/2440 2443/2443/2443 
f 2443/2443/2443 2440/2440/2440 2444/2444/2444 
f 2444/2444/2444 2445/2445/2445 2443/2443/2443 
f 2446/2446/2446 2448/2448/2448 2447/2447/2447 
f 2447/2447/2447 2449/2449/2449 2446/2446/2446 
f 2450/2450/2450 2452/2452/2452 2451/2451/2451 
f 2451/2451/2451 2453/2453/2453 2450/2450/2450 
f 2454/2454/2454 2456/2456/2456 2455/2455/2455 
f 2455/2455/2455 2457/2457/2457 2454/2454/2454 
f 2458/2458/2458 2460/2460/2460 2459/2459/2459 
f 2459/2459/2459 2461/2461/2461 2458/2458/2458 
f 2462/2462/2462 2464/2464/2464 2463/2463/2463 
f 2463/2463/2463 2465/2465/2465 2462/2462/2462 
f 2466/2466/2466 2468/2468/2468 2467/2467/2467 
f 2467/2467/2467 2469/2469/2469 2466/2466/2466 
f 2470/2470/2470 2472/2472/2472 2471/2471/2471 
f 2471/2471/2471 2473/2473/2473 2470/2470/2470 
f 2474/2474/2474 2476/2476/2476 2475/2475/2475 
f 2475/2475/2475 2477/2477/2477 2474/2474/2474 
f 2478/2478/2478 2480/2480/2480 2479/2479/2479 
f 2479/2479/2479 2481/2481/2481 2478/2478/2478 
f 2481/2481/2481 2479/2479/2479 2482/2482/2482 
f 2483/2483/2483 2482/2482/2482 2479/2479/2479 
f 2482/2482/2482 2484/2484/2484 2481/2481/2481 
f 2479/2479/2479 2485/2485/2485 2483/2483/2483 
f 2485/2485/2485 2479/2479/2479 2486/2486/2486 
f 2486/2486/2486 2487/2487/2487 2485/2485/2485 
f 2488/2488/2488 2483/2483/2483 2485/2485/2485 
f 2484/2484/2484 2488/2488/2488 2489/2489/2489 
f 2485/2485/2485 2489/2489/2489 2488/2488/2488 
f 2489/2489/2489 2481/2481/2481 2484/2484/2484 
f 2489/2489/2489 2485/2485/2485 2490/2490/2490 
f 2490/2490/2490 2491/2491/2491 2489/2489/2489 
f 2481/2481/2481 2489/2489/2489 2492/2492/2492 
f 2492/2492/2492 2493/2493/2493 2481/2481/2481 
f 2494/2494/2494 2496/2496/2496 2495/2495/2495 
f 2495/2495/2495 2497/2497/2497 2494/2494/2494 
f 2498/2498/2498 2494/2494/2494 2497/2497/2497 
f 2497/2497/2497 2499/2499/2499 2498/2498/2498 
f 2500/2500/2500 2498/2498/2498 2499/2499/2499 
f 2499/2499/2499 2501/2501/2501 2500/2500/2500 
f 2502/2502/2502 2500/2500/2500 2501/2501/2501 
f 2501/2501/2501 2503/2503/2503 2502/2502/2502 
f 2504/2504/2504 2502/2502/2502 2503/2503/2503 
f 2503/2503/2503 2505/2505/2505 2504/2504/2504 
f 2506/2506/2506 2504/2504/2504 2505/2505/2505 
f 2505/2505/2505 2507/2507/2507 2506/2506/2506 
f 2508/2508/2508 2506/2506/2506 2507/2507/2507 
f 2507/2507/2507 2509/2509/2509 2508/2508/2508 
f 2510/2510/2510 2508/2508/2508 2509/2509/2509 
f 2509/2509/2509 2511/2511/2511 2510/2510/2510 
f 2512/2512/2512 2510/2510/2510 2511/2511/2511 
f 2511/2511/2511 2513/2513/2513 2512/2512/2512 
f 2514/2514/2514 2512/2512/2512 2513/2513/2513 
f 2513/2513/2513 2515/2515/2515 2514/2514/2514 
f 2516/2516/2516 2514/2514/2514 2515/2515/2515 
f 2515/2515/2515 2517/2517/2517 2516/2516/2516 
f 2518/2518/2518 2516/2516/2516 2517/2517/2517 
f 2517/2517/2517 2519/2519/2519 2518/2518/2518 
f 2520/2520/2520 2518/2518/2518 2519/2519/2519 
f 2519/2519/2519 2521/2521/2521 2520/2520/2520 
f 2522/2522/2522 2520/2520/2520 2521/2521/2521 
f 2521/2521/2521 2523/2523/2523 2522/2522/2522 
f 2524/2524/2524 2522/2522/2522 2523/2523/2523 
f 2523/2523/2523 2525/2525/2525 2524/2524/2524 
f 2526/2526/2526 2524/2524/2524 2525/2525/2525 
f 2525/2525/2525 2527/2527/2527 2526/2526/2526 
f 2528/2528/2528 2526/2526/2526 2527/2527/2527 
f 2527/2527/2527 2529/2529/2529 2528/2528/2528 
f 2530/2530/2530 2528/2528/2528 2529/2529/2529 
f 2529/2529/2529 2531/2531/2531 2530/2530/2530 
f 2532/2532/2532 2530/2530/2530 2531/2531/2531 
f 2531/2531/2531 2533/2533/2533 2532/2532/2532 
f 2534/2534/2534 2532/2532/2532 2533/2533/2533 
f 2533/2533/2533 2535/2535/2535 2534/2534/2534 
f 2536/2536/2536 2534/2534/2534 2535/2535/2535 
f 2535/2535/2535 2537/2537/2537 2536/2536/2536 
f 2538/2538/2538 2536/2536/2536 2537/2537/2537 
f 2537/2537/2537 2539/2539/2539 2538/2538/2538 
f 2540/2540/2540 2538/2538/2538 2539/2539/2539 
f 2539/2539/2539 2541/2541/2541 2540/2540/2540 
f 2542/2542/2542 2540/2540/2540 2541/2541/2541 
f 2541/2541/2541 2543/2543/2543 2542/2542/2542 
f 2544/2544/2544 2542/2542/2542 2543/2543/2543 
f 2543/2543/2543 2545/2545/2545 2544/2544/2544 
f 2546/2546/2546 2544/2544/2544 2545/2545/2545 
f 2545/2545/2545 2547/2547/2547 2546/2546/2546 
f 2548/2548/2548 2546/2546/2546 2547/2547/2547 
f 2547/2547/2547 2549/2549/2549 2548/2548/2548 
f 2550/2550/2550 2548/2548/2548 2549/2549/2549 
f 2549/2549/2549 2551/2551/2551 2550/2550/2550 
f 2552/2552/2552 2550/2550/2550 2551/2551/2551 
f 2551/2551/2551 2553/2553/2553 2552/2552/2552 
f 2554/2554/2554 2552/2552/2552 2553/2553/2553 
f 2553/2553/2553 2555/2555/2555 2554/2554/2554 
f 2556/2556/2556 2554/2554/2554 2555/2555/2555 
f 2555/2555/2555 2557/2557/2557 2556/2556/2556 
f 2558/2558/2558 2556/2556/2556 2557/2557/2557 
f 2557/2557/2557 2559/2559/2559 2558/2558/2558 
f 2560/2560/2560 2562/2562/2562 2561/2561/2561 
f 2560/2560/2560 2561/2561/2561 2563/2563/2563 
f 2560/2560/2560 2563/2563/2563 2564/2564/2564 
f 2560/2560/2560 2564/2564/2564 2565/2565/2565 
f 2560/2560/2560 2565/2565/2565 2566/2566/2566 
f 2560/2560/2560 2566/2566/2566 2567/2567/2567 
f 2560/2560/2560 2567/2567/2567 2568/2568/2568 
f 2560/2560/2560 2568/2568/2568 2569/2569/2569 
f 2560/2560/2560 2569/2569/2569 2570/2570/2570 
f 2560/2560/2560 2570/2570/2570 2571/2571/2571 
f 2560/2560/2560 2571/2571/2571 2572/2572/2572 
f 2560/2560/2560 2572/2572/2572 2573/2573/2573 
f 2560/2560/2560 2573/2573/2573 2574/2574/2574 
f 2560/2560/2560 2574/2574/2574 2575/2575/2575 
f 2560/2560/2560 2575/2575/2575 2576/2576/2576 
f 2560/2560/2560 2576/2576/2576 2577/2577/2577 
f 2560/2560/2560 2577/2577/2577 2578/2578/2578 
f 2560/2560/2560 2578/2578/2578 2579/2579/2579 
f 2560/2560/2560 2579/2579/2579 2580/2580/2580 
f 2560/2560/2560 2580/2580/2580 2581/2581/2581 
f 2560/2560/2560 2581/2581/2581 2582/2582/2582 
f 2560/2560/2560 2582/2582/2582 2583/2583/2583 
f 2560/2560/2560 2583/2583/2583 2584/2584/2584 
f 2560/2560/2560 2584/2584/2584 2585/2585/2585 
f 2560/2560/2560 2585/2585/2585 2586/2586/2586 
f 2560/2560/2560 2586/2586/2586 2587/2587/2587 
f 2560/2560/2560 2587/2587/2587 2588/2588/2588 
f 2560/2560/2560 2588/2588/2588 2589/2589/2589 
f 2560/2560/2560 2589/2589/2589 2590/2590/2590 
f 2590/2590/2590 2591/2591/2591 2560/2560/2560 
f 2592/2592/2592 2594/2594/2594 2593/2593/2593 
f 2592/2592/2592 2593/2593/2593 2595/2595/2595 
f 2592/2592/2592 2595/2595/2595 2596/2596/2596 
f 2592/2592/2592 2596/2596/2596 2597/2597/2597 
f 2592/2592/2592 2597/2597/2597 2598/2598/2598 
f 2592/2592/2592 2598/2598/2598 2599/2599/2599 
f 2592/2592/2592 2599/2599/2599 2600/2600/2600 
f 2592/2592/2592 2600/2600/2600 2601/2601/2601 
f 2592/2592/2592 2601/2601/2601 2602/2602/2602 
f 2592/2592/2592 2602/2602/2602 2603/2603/2603 
f 2592/2592/2592 2603/2603/2603 2604/2604/2604 
f 2592/2592/2592 2604/2604/2604 2605/2605/2605 
f 2592/2592/2592 2605/2605/2605 2606/2606/2606 
f 2592/2592/2592 2606/2606/2606 2607/2607/2607 
f 2592/2592/2592 2607/2607/2607 2608/2608/2608 
f 2592/2592/2592 2608/2608/2608 2609/2609/2609 
f 2592/2592/2592 2609/2609/2609 2610/2610/2610 
f 2592/2592/2592 2610/2610/2610 2611/2611/2611 
f 2592/2592/2592 2611/2611/2611 2612/2612/2612 
f 2592/2592/2592 2612/2612/2612 2613/2613/2613 
f 2592/2592/2592 2613/2613/2613 2614/2614/2614 
f 2592/2592/2592 2614/2614/2614 2615/2615/2615 
f 2592/2592/2592 2615/2615/2615 2616/2616/2616 
f 2592/2592/2592 2616/2616/2616 2617/2617/2617 
f 2592/2592/2592 2617/2617/2617 2618/2618/2618 
f 2592/2592/2592 2618/2618/2618 2619/2619/2619 
f 2592/2592/2592 2619/2619/2619 2620/2620/2620 
f 2592/2592/2592 2620/2620/2620 2621/2621/2621 
f 2592/2592/2592 2621/2621/2621 2622/2622/2622 
f 2622/2622/2622 2623/2623/2623 2592/2592/2592 
f 2624/2624/2624 2626/2626/2626 2625/2625/2625 
f 2625/2625/2625 2627/2627/2627 2624/2624/2624 
f 2627/2627/2627 2625/2625/2625 2628/2628/2628 
f 2629/2629/2629 2624/2624/2624 2627/2627/2627 
f 2628/2628/2628 2630/2630/2630 2627/2627/2627 
f 2630/2630/2630 2628/2628/2628 2631/2631/2631 
f 2627/2627/2627 2632/2632/2632 2629/2629/2629 
f 2632/2632/2632 2627/2627/2627 2630/2630/2630 
f 2633/2633/2633 2629/2629/2629 2632/2632/2632 
f 2631/2631/2631 2634/2634/2634 2630/2630/2630 
f 2634/2634/2634 2631/2631/2631 2635/2635/2635 
f 2632/2632/2632 2636/2636/2636 2633/2633/2633 
f 2637/2637/2637 2633/2633/2633 2636/2636/2636 
f 2630/2630/2630 2638/2638/2638 2632/2632/2632 
f 2638/2638/2638 2630/2630/2630 2634/2634/2634 
f 2636/2636/2636 2632/2632/2632 2638/2638/2638 
f 2635/2635/2635 2639/2639/2639 2634/2634/2634 
f 2639/2639/2639 2635/2635/2635 2640/2640/2640 
f 2636/2636/2636 2641/2641/2641 2637/2637/2637 
f 2642/2642/2642 2637/2637/2637 2641/2641/2641 
f 2634/2634/2634 2643/2643/2643 2638/2638/2638 
f 2643/2643/2643 2634/2634/2634 2639/2639/2639 
f 2638/2638/2638 2644/2644/2644 2636/2636/2636 
f 2641/2641/2641 2636/2636/2636 2644/2644/2644 
f 2644/2644/2644 2638/2638/2638 2643/2643/2643 
f 2640/2640/2640 2645/2645/2645 2639/2639/2639 
f 2645/2645/2645 2640/2640/2640 2646/2646/2646 
f 2641/2641/2641 2647/2647/2647 2642/2642/2642 
f 2648/2648/2648 2642/2642/2642 2647/2647/2647 
f 2644/2644/2644 2649/2649/2649 2641/2641/2641 
f 2647/2647/2647 2641/2641/2641 2649/2649/2649 
f 2639/2639/2639 2650/2650/2650 2643/2643/2643 
f 2650/2650/2650 2639/2639/2639 2645/2645/2645 
f 2643/2643/2643 2651/2651/2651 2644/2644/2644 
f 2649/2649/2649 2644/2644/2644 2651/2651/2651 
f 2651/2651/2651 2643/2643/2643 2650/2650/2650 
f 2646/2646/2646 2652/2652/2652 2645/2645/2645 
f 2652/2652/2652 2646/2646/2646 2653/2653/2653 
f 2647/2647/2647 2654/2654/2654 2648/2648/2648 
f 2655/2655/2655 2648/2648/2648 2654/2654/2654 
f 2649/2649/2649 2656/2656/2656 2647/2647/2647 
f 2654/2654/2654 2647/2647/2647 2656/2656/2656 
f 2651/2651/2651 2657/2657/2657 2649/2649/2649 
f 2656/2656/2656 2649/2649/2649 2657/2657/2657 
f 2645/2645/2645 2658/2658/2658 2650/2650/2650 
f 2658/2658/2658 2645/2645/2645 2652/2652/2652 
f 2650/2650/2650 2659/2659/2659 2651/2651/2651 
f 2657/2657/2657 2651/2651/2651 2659/2659/2659 
f 2659/2659/2659 2650/2650/2650 2658/2658/2658 
f 2653/2653/2653 2660/2660/2660 2652/2652/2652 
f 2660/2660/2660 2653/2653/2653 2661/2661/2661 
f 2654/2654/2654 2662/2662/2662 2655/2655/2655 
f 2663/2663/2663 2655/2655/2655 2662/2662/2662 
f 2656/2656/2656 2664/2664/2664 2654/2654/2654 
f 2662/2662/2662 2654/2654/2654 2664/2664/2664 
f 2657/2657/2657 2665/2665/2665 2656/2656/2656 
f 2664/2664/2664 2656/2656/2656 2665/2665/2665 
f 2659/2659/2659 2666/2666/2666 2657/2657/2657 
f 2665/2665/2665 2657/2657/2657 2666/2666/2666 
f 2652/2652/2652 2667/2667/2667 2658/2658/2658 
f 2667/2667/2667 2652/2652/2652 2660/2660/2660 
f 2658/2658/2658 2668/2668/2668 2659/2659/2659 
f 2666/2666/2666 2659/2659/2659 2668/2668/2668 
f 2668/2668/2668 2658/2658/2658 2667/2667/2667 
f 2662/2662/2662 2669/2669/2669 2663/2663/2663 
f 2670/2670/2670 2663/2663/2663 2669/2669/2669 
f 2664/2664/2664 2671/2671/2671 2662/2662/2662 
f 2669/2669/2669 2662/2662/2662 2671/2671/2671 
f 2665/2665/2665 2672/2672/2672 2664/2664/2664 
f 2671/2671/2671 2664/2664/2664 2672/2672/2672 
f 2666/2666/2666 2673/2673/2673 2665/2665/2665 
f 2672/2672/2672 2665/2665/2665 2673/2673/2673 
f 2668/2668/2668 2674/2674/2674 2666/2666/2666 
f 2673/2673/2673 2666/2666/2666 2674/2674/2674 
f 2667/2667/2667 2675/2675/2675 2668/2668/2668 
f 2674/2674/2674 2668/2668/2668 2675/2675/2675 
f 2669/2669/2669 2676/2676/2676 2670/2670/2670 
f 2677/2677/2677 2670/2670/2670 2676/2676/2676 
f 2676/2676/2676 2678/2678/2678 2677/2677/2677 
f 2671/2671/2671 2679/2679/2679 2669/2669/2669 
f 2676/2676/2676 2669/2669/2669 2679/2679/2679 
f 2678/2678/2678 2676/2676/2676 2680/2680/2680 
f 2679/2679/2679 2680/2680/2680 2676/2676/2676 
f 2680/2680/2680 2681/2681/2681 2678/2678/2678 
f 2679/2679/2679 2671/2671/2671 2682/2682/2682 
f 2672/2672/2672 2682/2682/2682 2671/2671/2671 
f 2681/2681/2681 2680/2680/2680 2683/2683/2683 
f 2683/2683/2683 2684/2684/2684 2681/2681/2681 
f 2680/2680/2680 2679/2679/2679 2685/2685/2685 
f 2682/2682/2682 2685/2685/2685 2679/2679/2679 
f 2685/2685/2685 2683/2683/2683 2680/2680/2680 
f 2682/2682/2682 2672/2672/2672 2686/2686/2686 
f 2673/2673/2673 2686/2686/2686 2672/2672/2672 
f 2684/2684/2684 2683/2683/2683 2687/2687/2687 
f 2687/2687/2687 2688/2688/2688 2684/2684/2684 
f 2683/2683/2683 2685/2685/2685 2689/2689/2689 
f 2689/2689/2689 2687/2687/2687 2683/2683/2683 
f 2685/2685/2685 2682/2682/2682 2690/2690/2690 
f 2686/2686/2686 2690/2690/2690 2682/2682/2682 
f 2690/2690/2690 2689/2689/2689 2685/2685/2685 
f 2686/2686/2686 2673/2673/2673 2691/2691/2691 
f 2674/2674/2674 2691/2691/2691 2673/2673/2673 
f 2688/2688/2688 2687/2687/2687 2692/2692/2692 
f 2692/2692/2692 2693/2693/2693 2688/2688/2688 
f 2690/2690/2690 2686/2686/2686 2694/2694/2694 
f 2691/2691/2691 2694/2694/2694 2686/2686/2686 
f 2687/2687/2687 2689/2689/2689 2695/2695/2695 
f 2695/2695/2695 2692/2692/2692 2687/2687/2687 
f 2689/2689/2689 2690/2690/2690 2696/2696/2696 
f 2694/2694/2694 2696/2696/2696 2690/2690/2690 
f 2696/2696/2696 2695/2695/2695 2689/2689/2689 
f 2691/2691/2691 2674/2674/2674 2697/2697/2697 
f 2675/2675/2675 2697/2697/2697 2674/2674/2674 
f 2693/2693/2693 2692/2692/2692 2698/2698/2698 
f 2698/2698/2698 2699/2699/2699 2693/2693/2693 
f 2694/2694/2694 2691/2691/2691 2700/2700/2700 
f 2697/2697/2697 2700/2700/2700 2691/2691/2691 
f 2696/2696/2696 2694/2694/2694 2701/2701/2701 
f 2700/2700/2700 2701/2701/2701 2694/2694/2694 
f 2692/2692/2692 2695/2695/2695 2702/2702/2702 
f 2702/2702/2702 2698/2698/2698 2692/2692/2692 
f 2695/2695/2695 2696/2696/2696 2703/2703/2703 
f 2701/2701/2701 2703/2703/2703 2696/2696/2696 
f 2703/2703/2703 2702/2702/2702 2695/2695/2695 
f 2699/2699/2699 2698/2698/2698 2704/2704/2704 
f 2704/2704/2704 2705/2705/2705 2699/2699/2699 
f 2698/2698/2698 2702/2702/2702 2706/2706/2706 
f 2706/2706/2706 2704/2704/2704 2698/2698/2698 
f 2702/2702/2702 2703/2703/2703 2707/2707/2707 
f 2707/2707/2707 2706/2706/2706 2702/2702/2702 
f 2703/2703/2703 2701/2701/2701 2708/2708/2708 
f 2708/2708/2708 2707/2707/2707 2703/2703/2703 
f 2701/2701/2701 2700/2700/2700 2709/2709/2709 
f 2709/2709/2709 2708/2708/2708 2701/2701/2701 
f 2705/2705/2705 2704/2704/2704 2710/2710/2710 
f 2710/2710/2710 2711/2711/2711 2705/2705/2705 
f 2704/2704/2704 2706/2706/2706 2712/2712/2712 
f 2712/2712/2712 2710/2710/2710 2704/2704/2704 
f 2706/2706/2706 2707/2707/2707 2713/2713/2713 
f 2713/2713/2713 2712/2712/2712 2706/2706/2706 
f 2707/2707/2707 2708/2708/2708 2714/2714/2714 
f 2714/2714/2714 2713/2713/2713 2707/2707/2707 
f 2711/2711/2711 2710/2710/2710 2715/2715/2715 
f 2715/2715/2715 2716/2716/2716 2711/2711/2711 
f 2710/2710/2710 2712/2712/2712 2717/2717/2717 
f 2717/2717/2717 2715/2715/2715 2710/2710/2710 
f 2712/2712/2712 2713/2713/2713 2718/2718/2718 
f 2718/2718/2718 2717/2717/2717 2712/2712/2712 
f 2716/2716/2716 2715/2715/2715 2719/2719/2719 
f 2719/2719/2719 2720/2720/2720 2716/2716/2716 
f 2715/2715/2715 2717/2717/2717 2721/2721/2721 
f 2721/2721/2721 2719/2719/2719 2715/2715/2715 
f 2720/2720/2720 2719/2719/2719 2722/2722/2722 
f 2722/2722/2722 2723/2723/2723 2720/2720/2720 
f 2724/2724/2724 2714/2714/2714 2708/2708/2708 
f 2708/2708/2708 2709/2709/2709 2724/2724/2724 
f 2713/2713/2713 2714/2714/2714 2725/2725/2725 
f 2725/2725/2725 2718/2718/2718 2713/2713/2713 
f 2717/2717/2717 2718/2718/2718 2726/2726/2726 
f 2726/2726/2726 2721/2721/2721 2717/2717/2717 
f 2719/2719/2719 2721/2721/2721 2727/2727/2727 
f 2727/2727/2727 2722/2722/2722 2719/2719/2719 
f 2723/2723/2723 2722/2722/2722 2728/2728/2728 
f 2728/2728/2728 2729/2729/2729 2723/2723/2723 
f 2714/2714/2714 2724/2724/2724 2730/2730/2730 
f 2730/2730/2730 2725/2725/2725 2714/2714/2714 
f 2718/2718/2718 2725/2725/2725 2731/2731/2731 
f 2731/2731/2731 2726/2726/2726 2718/2718/2718 
f 2721/2721/2721 2726/2726/2726 2732/2732/2732 
f 2732/2732/2732 2727/2727/2727 2721/2721/2721 
f 2722/2722/2722 2727/2727/2727 2733/2733/2733 
f 2733/2733/2733 2728/2728/2728 2722/2722/2722 
f 2729/2729/2729 2728/2728/2728 2734/2734/2734 
f 2734/2734/2734 2735/2735/2735 2729/2729/2729 
f 2725/2725/2725 2730/2730/2730 2736/2736/2736 
f 2736/2736/2736 2731/2731/2731 2725/2725/2725 
f 2726/2726/2726 2731/2731/2731 2737/2737/2737 
f 2737/2737/2737 2732/2732/2732 2726/2726/2726 
f 2727/2727/2727 2732/2732/2732 2738/2738/2738 
f 2738/2738/2738 2733/2733/2733 2727/2727/2727 
f 2728/2728/2728 2733/2733/2733 2739/2739/2739 
f 2739/2739/2739 2734/2734/2734 2728/2728/2728 
f 2735/2735/2735 2734/2734/2734 2740/2740/2740 
f 2740/2740/2740 2741/2741/2741 2735/2735/2735 
f 2731/2731/2731 2736/2736/2736 2742/2742/2742 
f 2742/2742/2742 2737/2737/2737 2731/2731/2731 
f 2732/2732/2732 2737/2737/2737 2743/2743/2743 
f 2743/2743/2743 2738/2738/2738 2732/2732/2732 
f 2733/2733/2733 2738/2738/2738 2744/2744/2744 
f 2744/2744/2744 2739/2739/2739 2733/2733/2733 
f 2734/2734/2734 2739/2739/2739 2745/2745/2745 
f 2745/2745/2745 2740/2740/2740 2734/2734/2734 
f 2741/2741/2741 2740/2740/2740 2746/2746/2746 
f 2746/2746/2746 2747/2747/2747 2741/2741/2741 
f 2737/2737/2737 2742/2742/2742 2748/2748/2748 
f 2748/2748/2748 2743/2743/2743 2737/2737/2737 
f 2738/2738/2738 2743/2743/2743 2749/2749/2749 
f 2749/2749/2749 2744/2744/2744 2738/2738/2738 
f 2739/2739/2739 2744/2744/2744 2750/2750/2750 
f 2750/2750/2750 2745/2745/2745 2739/2739/2739 
f 2740/2740/2740 2745/2745/2745 2751/2751/2751 
f 2751/2751/2751 2746/2746/2746 2740/2740/2740 
f 2747/2747/2747 2746/2746/2746 2752/2752/2752 
f 2752/2752/2752 2753/2753/2753 2747/2747/2747 
f 2743/2743/2743 2748/2748/2748 2754/2754/2754 
f 2754/2754/2754 2749/2749/2749 2743/2743/2743 
f 2744/2744/2744 2749/2749/2749 2755/2755/2755 
f 2755/2755/2755 2750/2750/2750 2744/2744/2744 
f 2745/2745/2745 2750/2750/2750 2756/2756/2756 
f 2756/2756/2756 2751/2751/2751 2745/2745/2745 
f 2746/2746/2746 2751/2751/2751 2757/2757/2757 
f 2757/2757/2757 2752/2752/2752 2746/2746/2746 
f 2753/2753/2753 2752/2752/2752 2758/2758/2758 
f 2758/2758/2758 2759/2759/2759 2753/2753/2753 
f 2749/2749/2749 2754/2754/2754 2760/2760/2760 
f 2760/2760/2760 2755/2755/2755 2749/2749/2749 
f 2750/2750/2750 2755/2755/2755 2761/2761/2761 
f 2761/2761/2761 2756/2756/2756 2750/2750/2750 
f 2751/2751/2751 2756/2756/2756 2762/2762/2762 
f 2762/2762/2762 2757/2757/2757 2751/2751/2751 
f 2752/2752/2752 2757/2757/2757 2763/2763/2763 
f 2763/2763/2763 2758/2758/2758 2752/2752/2752 
f 2759/2759/2759 2758/2758/2758 2764/2764/2764 
f 2764/2764/2764 2765/2765/2765 2759/2759/2759 
f 2755/2755/2755 2760/2760/2760 2766/2766/2766 
f 2766/2766/2766 2761/2761/2761 2755/2755/2755 
f 2756/2756/2756 2761/2761/2761 2767/2767/2767 
f 2767/2767/2767 2762/2762/2762 2756/2756/2756 
f 2757/2757/2757 2762/2762/2762 2768/2768/2768 
f 2768/2768/2768 2763/2763/2763 2757/2757/2757 
f 2758/2758/2758 2763/2763/2763 2769/2769/2769 
f 2769/2769/2769 2764/2764/2764 2758/2758/2758 
f 2765/2765/2765 2764/2764/2764 2770/2770/2770 
f 2770/2770/2770 2771/2771/2771 2765/2765/2765 
f 2761/2761/2761 2766/2766/2766 2772/2772/2772 
f 2772/2772/2772 2767/2767/2767 2761/2761/2761 
f 2762/2762/2762 2767/2767/2767 2773/2773/2773 
f 2773/2773/2773 2768/2768/2768 2762/2762/2762 
f 2763/2763/2763 2768/2768/2768 2774/2774/2774 
f 2774/2774/2774 2769/2769/2769 2763/2763/2763 
f 2764/2764/2764 2769/2769/2769 2775/2775/2775 
f 2775/2775/2775 2770/2770/2770 2764/2764/2764 
f 2771/2771/2771 2770/2770/2770 2776/2776/2776 
f 2776/2776/2776 2777/2777/2777 2771/2771/2771 
f 2767/2767/2767 2772/2772/2772 2778/2778/2778 
f 2778/2778/2778 2773/2773/2773 2767/2767/2767 
f 2768/2768/2768 2773/2773/2773 2779/2779/2779 
f 2779/2779/2779 2774/2774/2774 2768/2768/2768 
f 2769/2769/2769 2774/2774/2774 2780/2780/2780 
f 2780/2780/2780 2775/2775/2775 2769/2769/2769 
f 2770/2770/2770 2775/2775/2775 2781/2781/2781 
f 2781/2781/2781 2776/2776/2776 2770/2770/2770 
f 2777/2777/2777 2776/2776/2776 2782/2782/2782 
f 2782/2782/2782 2783/2783/2783 2777/2777/2777 
f 2773/2773/2773 2778/2778/2778 2784/2784/2784 
f 2784/2784/2784 2779/2779/2779 2773/2773/2773 
f 2774/2774/2774 2779/2779/2779 2785/2785/2785 
f 2785/2785/2785 2780/2780/2780 2774/2774/2774 
f 2775/2775/2775 2780/2780/2780 2786/2786/2786 
f 2786/2786/2786 2781/2781/2781 2775/2775/2775 
f 2776/2776/2776 2781/2781/2781 2787/2787/2787 
f 2787/2787/2787 2782/2782/2782 2776/2776/2776 
f 2783/2783/2783 2782/2782/2782 2788/2788/2788 
f 2788/2788/2788 2789/2789/2789 2783/2783/2783 
f 2779/2779/2779 2784/2784/2784 2790/2790/2790 
f 2790/2790/2790 2785/2785/2785 2779/2779/2779 
f 2780/2780/2780 2785/2785/2785 2791/2791/2791 
f 2791/2791/2791 2786/2786/2786 2780/2780/2780 
f 2781/2781/2781 2786/2786/2786 2792/2792/2792 
f 2792/2792/2792 2787/2787/2787 2781/2781/2781 
f 2782/2782/2782 2787/2787/2787 2793/2793/2793 
f 2793/2793/2793 2788/2788/2788 2782/2782/2782 
f 2789/2789/2789 2788/2788/2788 2794/2794/2794 
f 2794/2794/2794 2795/2795/2795 2789/2789/2789 
f 2785/2785/2785 2790/2790/2790 2796/2796/2796 
f 2796/2796/2796 2791/2791/2791 2785/2785/2785 
f 2786/2786/2786 2791/2791/2791 2797/2797/2797 
f 2797/2797/2797 2792/2792/2792 2786/2786/2786 
f 2787/2787/2787 2792/2792/2792 2798/2798/2798 
f 2798/2798/2798 2793/2793/2793 2787/2787/2787 
f 2788/2788/2788 2793/2793/2793 2799/2799/2799 
f 2799/2799/2799 2794/2794/2794 2788/2788/2788 
f 2795/2795/2795 2794/2794/2794 2800/2800/2800 
f 2800/2800/2800 2801/2801/2801 2795/2795/2795 
f 2791/2791/2791 2796/2796/2796 2802/2802/2802 
f 2802/2802/2802 2797/2797/2797 2791/2791/2791 
f 2792/2792/2792 2797/2797/2797 2803/2803/2803 
f 2803/2803/2803 2798/2798/2798 2792/2792/2792 
f 2793/2793/2793 2798/2798/2798 2804/2804/2804 
f 2804/2804/2804 2799/2799/2799 2793/2793/2793 
f 2794/2794/2794 2799/2799/2799 2805/2805/2805 
f 2805/2805/2805 2800/2800/2800 2794/2794/2794 
f 2801/2801/2801 2800/2800/2800 2806/2806/2806 
f 2806/2806/2806 2807/2807/2807 2801/2801/2801 
f 2807/2807/2807 2806/2806/2806 2808/2808/2808 
f 2808/2808/2808 2809/2809/2809 2807/2807/2807 
f 2810/2810/2810 2808/2808/2808 2806/2806/2806 
f 2811/2811/2811 2806/2806/2806 2800/2800/2800 
f 2806/2806/2806 2811/2811/2811 2810/2810/2810 
f 2800/2800/2800 2805/2805/2805 2811/2811/2811 
f 2812/2812/2812 2810/2810/2810 2811/2811/2811 
f 2811/2811/2811 2813/2813/2813 2812/2812/2812 
f 2813/2813/2813 2811/2811/2811 2805/2805/2805 
f 2814/2814/2814 2812/2812/2812 2813/2813/2813 
f 2815/2815/2815 2805/2805/2805 2799/2799/2799 
f 2805/2805/2805 2815/2815/2815 2813/2813/2813 
f 2799/2799/2799 2804/2804/2804 2815/2815/2815 
f 2813/2813/2813 2816/2816/2816 2814/2814/2814 
f 2816/2816/2816 2813/2813/2813 2815/2815/2815 
f 2817/2817/2817 2814/2814/2814 2816/2816/2816 
f 2818/2818/2818 2815/2815/2815 2804/2804/2804 
f 2815/2815/2815 2818/2818/2818 2816/2816/2816 
f 2816/2816/2816 2819/2819/2819 2817/2817/2817 
f 2819/2819/2819 2816/2816/2816 2818/2818/2818 
f 2820/2820/2820 2817/2817/2817 2819/2819/2819 
f 2804/2804/2804 2821/2821/2821 2818/2818/2818 
f 2821/2821/2821 2804/2804/2804 2798/2798/2798 
f 2798/2798/2798 2803/2803/2803 2821/2821/2821 
f 2819/2819/2819 2822/2822/2822 2820/2820/2820 
f 2823/2823/2823 2820/2820/2820 2822/2822/2822 
f 2818/2818/2818 2824/2824/2824 2819/2819/2819 
f 2824/2824/2824 2818/2818/2818 2821/2821/2821 
f 2822/2822/2822 2819/2819/2819 2824/2824/2824 
f 2825/2825/2825 2821/2821/2821 2803/2803/2803 
f 2821/2821/2821 2825/2825/2825 2824/2824/2824 
f 2822/2822/2822 2826/2826/2826 2823/2823/2823 
f 2827/2827/2827 2823/2823/2823 2826/2826/2826 
f 2824/2824/2824 2828/2828/2828 2822/2822/2822 
f 2828/2828/2828 2824/2824/2824 2825/2825/2825 
f 2826/2826/2826 2822/2822/2822 2828/2828/2828 
f 2803/2803/2803 2829/2829/2829 2825/2825/2825 
f 2829/2829/2829 2803/2803/2803 2797/2797/2797 
f 2797/2797/2797 2802/2802/2802 2829/2829/2829 
f 2826/2826/2826 2830/2830/2830 2827/2827/2827 
f 2831/2831/2831 2827/2827/2827 2830/2830/2830 
f 2825/2825/2825 2832/2832/2832 2828/2828/2828 
f 2832/2832/2832 2825/2825/2825 2829/2829/2829 
f 2828/2828/2828 2833/2833/2833 2826/2826/2826 
f 2830/2830/2830 2826/2826/2826 2833/2833/2833 
f 2833/2833/2833 2828/2828/2828 2832/2832/2832 
f 2834/2834/2834 2829/2829/2829 2802/2802/2802 
f 2829/2829/2829 2834/2834/2834 2832/2832/2832 
f 2830/2830/2830 2835/2835/2835 2831/2831/2831 
f 2836/2836/2836 2831/2831/2831 2835/2835/2835 
f 2835/2835/2835 2837/2837/2837 2836/2836/2836 
f 2832/2832/2832 2838/2838/2838 2833/2833/2833 
f 2838/2838/2838 2832/2832/2832 2834/2834/2834 
f 2833/2833/2833 2839/2839/2839 2830/2830/2830 
f 2835/2835/2835 2830/2830/2830 2839/2839/2839 
f 2839/2839/2839 2833/2833/2833 2838/2838/2838 
f 2837/2837/2837 2835/2835/2835 2840/2840/2840 
f 2839/2839/2839 2840/2840/2840 2835/2835/2835 
f 2840/2840/2840 2841/2841/2841 2837/2837/2837 
f 2802/2802/2802 2842/2842/2842 2834/2834/2834 
f 2842/2842/2842 2802/2802/2802 2796/2796/2796 
f 2838/2838/2838 2843/2843/2843 2839/2839/2839 
f 2840/2840/2840 2839/2839/2839 2843/2843/2843 
f 2841/2841/2841 2840/2840/2840 2844/2844/2844 
f 2843/2843/2843 2844/2844/2844 2840/2840/2840 
f 2844/2844/2844 2845/2845/2845 2841/2841/2841 
f 2834/2834/2834 2846/2846/2846 2838/2838/2838 
f 2843/2843/2843 2838/2838/2838 2846/2846/2846 
f 2846/2846/2846 2834/2834/2834 2842/2842/2842 
f 2796/2796/2796 2847/2847/2847 2842/2842/2842 
f 2847/2847/2847 2796/2796/2796 2790/2790/2790 
f 2844/2844/2844 2843/2843/2843 2848/2848/2848 
f 2846/2846/2846 2848/2848/2848 2843/2843/2843 
f 2845/2845/2845 2844/2844/2844 2849/2849/2849 
f 2848/2848/2848 2849/2849/2849 2844/2844/2844 
f 2849/2849/2849 2850/2850/2850 2845/2845/2845 
f 2842/2842/2842 2851/2851/2851 2846/2846/2846 
f 2848/2848/2848 2846/2846/2846 2851/2851/2851 
f 2851/2851/2851 2842/2842/2842 2847/2847/2847 
f 2790/2790/2790 2852/2852/2852 2847/2847/2847 
f 2852/2852/2852 2790/2790/2790 2784/2784/2784 
f 2849/2849/2849 2848/2848/2848 2853/2853/2853 
f 2851/2851/2851 2853/2853/2853 2848/2848/2848 
f 2850/2850/2850 2849/2849/2849 2854/2854/2854 
f 2853/2853/2853 2854/2854/2854 2849/2849/2849 
f 2854/2854/2854 2855/2855/2855 2850/2850/2850 
f 2847/2847/2847 2856/2856/2856 2851/2851/2851 
f 2853/2853/2853 2851/2851/2851 2856/2856/2856 
f 2856/2856/2856 2847/2847/2847 2852/2852/2852 
f 2784/2784/2784 2857/2857/2857 2852/2852/2852 
f 2857/2857/2857 2784/2784/2784 2778/2778/2778 
f 2854/2854/2854 2853/2853/2853 2858/2858/2858 
f 2856/2856/2856 2858/2858/2858 2853/2853/2853 
f 2855/2855/2855 2854/2854/2854 2859/2859/2859 
f 2858/2858/2858 2859/2859/2859 2854/2854/2854 
f 2859/2859/2859 2860/2860/2860 2855/2855/2855 
f 2852/2852/2852 2861/2861/2861 2856/2856/2856 
f 2858/2858/2858 2856/2856/2856 2861/2861/2861 
f 2861/2861/2861 2852/2852/2852 2857/2857/2857 
f 2778/2778/2778 2862/2862/2862 2857/2857/2857 
f 2862/2862/2862 2778/2778/2778 2772/2772/2772 
f 2859/2859/2859 2858/2858/2858 2863/2863/2863 
f 2861/2861/2861 2863/2863/2863 2858/2858/2858 
f 2860/2860/2860 2859/2859/2859 2864/2864/2864 
f 2863/2863/2863 2864/2864/2864 2859/2859/2859 
f 2864/2864/2864 2865/2865/2865 2860/2860/2860 
f 2857/2857/2857 2866/2866/2866 2861/2861/2861 
f 2863/2863/2863 2861/2861/2861 2866/2866/2866 
f 2866/2866/2866 2857/2857/2857 2862/2862/2862 
f 2772/2772/2772 2867/2867/2867 2862/2862/2862 
f 2867/2867/2867 2772/2772/2772 2766/2766/2766 
f 2864/2864/2864 2863/2863/2863 2868/2868/2868 
f 2866/2866/2866 2868/2868/2868 2863/2863/2863 
f 2865/2865/2865 2864/2864/2864 2869/2869/2869 
f 2868/2868/2868 2869/2869/2869 2864/2864/2864 
f 2869/2869/2869 2870/2870/2870 2865/2865/2865 
f 2862/2862/2862 2871/2871/2871 2866/2866/2866 
f 2868/2868/2868 2866/2866/2866 2871/2871/2871 
f 2871/2871/2871 2862/2862/2862 2867/2867/2867 
f 2766/2766/2766 2872/2872/2872 2867/2867/2867 
f 2872/2872/2872 2766/2766/2766 2760/2760/2760 
f 2869/2869/2869 2868/2868/2868 2873/2873/2873 
f 2871/2871/2871 2873/2873/2873 2868/2868/2868 
f 2870/2870/2870 2869/2869/2869 2874/2874/2874 
f 2873/2873/2873 2874/2874/2874 2869/2869/2869 
f 2874/2874/2874 2875/2875/2875 2870/2870/2870 
f 2867/2867/2867 2876/2876/2876 2871/2871/2871 
f 2873/2873/2873 2871/2871/2871 2876/2876/2876 
f 2876/2876/2876 2867/2867/2867 2872/2872/2872 
f 2760/2760/2760 2877/2877/2877 2872/2872/2872 
f 2877/2877/2877 2760/2760/2760 2754/2754/2754 
f 2874/2874/2874 2873/2873/2873 2878/2878/2878 
f 2876/2876/2876 2878/2878/2878 2873/2873/2873 
f 2875/2875/2875 2874/2874/2874 2879/2879/2879 
f 2878/2878/2878 2879/2879/2879 2874/2874/2874 
f 2879/2879/2879 2880/2880/2880 2875/2875/2875 
f 2872/2872/2872 2881/2881/2881 2876/2876/2876 
f 2878/2878/2878 2876/2876/2876 2881/2881/2881 
f 2881/2881/2881 2872/2872/2872 2877/2877/2877 
f 2754/2754/2754 2882/2882/2882 2877/2877/2877 
f 2882/2882/2882 2754/2754/2754 2748/2748/2748 
f 2879/2879/2879 2878/2878/2878 2883/2883/2883 
f 2881/2881/2881 2883/2883/2883 2878/2878/2878 
f 2880/2880/2880 2879/2879/2879 2884/2884/2884 
f 2883/2883/2883 2884/2884/2884 2879/2879/2879 
f 2884/2884/2884 2885/2885/2885 2880/2880/2880 
f 2877/2877/2877 2886/2886/2886 2881/2881/2881 
f 2883/2883/2883 2881/2881/2881 2886/2886/2886 
f 2886/2886/2886 2877/2877/2877 2882/2882/2882 
f 2748/2748/2748 2887/2887/2887 2882/2882/2882 
f 2887/2887/2887 2748/2748/2748 2742/2742/2742 
f 2884/2884/2884 2883/2883/2883 2888/2888/2888 
f 2886/2886/2886 2888/2888/2888 2883/2883/2883 
f 2885/2885/2885 2884/2884/2884 2889/2889/2889 
f 2888/2888/2888 2889/2889/2889 2884/2884/2884 
f 2889/2889/2889 2890/2890/2890 2885/2885/2885 
f 2882/2882/2882 2891/2891/2891 2886/2886/2886 
f 2888/2888/2888 2886/2886/2886 2891/2891/2891 
f 2891/2891/2891 2882/2882/2882 2887/2887/2887 
f 2742/2742/2742 2892/2892/2892 2887/2887/2887 
f 2892/2892/2892 2742/2742/2742 2736/2736/2736 
f 2889/2889/2889 2888/2888/2888 2893/2893/2893 
f 2891/2891/2891 2893/2893/2893 2888/2888/2888 
f 2890/2890/2890 2889/2889/2889 2894/2894/2894 
f 2893/2893/2893 2894/2894/2894 2889/2889/2889 
f 2894/2894/2894 2895/2895/2895 2890/2890/2890 
f 2887/2887/2887 2896/2896/2896 2891/2891/2891 
f 2893/2893/2893 2891/2891/2891 2896/2896/2896 
f 2896/2896/2896 2887/2887/2887 2892/2892/2892 
f 2736/2736/2736 2897/2897/2897 2892/2892/2892 
f 2897/2897/2897 2736/2736/2736 2730/2730/2730 
f 2894/2894/2894 2893/2893/2893 2898/2898/2898 
f 2896/2896/2896 2898/2898/2898 2893/2893/2893 
f 2895/2895/2895 2894/2894/2894 2899/2899/2899 
f 2898/2898/2898 2899/2899/2899 2894/2894/2894 
f 2899/2899/2899 2900/2900/2900 2895/2895/2895 
f 2892/2892/2892 2901/2901/2901 2896/2896/2896 
f 2898/2898/2898 2896/2896/2896 2901/2901/2901 
f 2901/2901/2901 2892/2892/2892 2897/2897/2897 
f 2730/2730/2730 2902/2902/2902 2897/2897/2897 
f 2902/2902/2902 2730/2730/2730 2724/2724/2724 
f 2899/2899/2899 2898/2898/2898 2903/2903/2903 
f 2901/2901/2901 2903/2903/2903 2898/2898/2898 
f 2900/2900/2900 2899/2899/2899 2904/2904/2904 
f 2903/2903/2903 2904/2904/2904 2899/2899/2899 
f 2904/2904/2904 2905/2905/2905 2900/2900/2900 
f 2897/2897/2897 2906/2906/2906 2901/2901/2901 
f 2903/2903/2903 2901/2901/2901 2906/2906/2906 
f 2906/2906/2906 2897/2897/2897 2902/2902/2902 
f 2724/2724/2724 2907/2907/2907 2902/2902/2902 
f 2907/2907/2907 2724/2724/2724 2709/2709/2709 
f 2904/2904/2904 2903/2903/2903 2908/2908/2908 
f 2906/2906/2906 2908/2908/2908 2903/2903/2903 
f 2905/2905/2905 2904/2904/2904 2909/2909/2909 
f 2908/2908/2908 2909/2909/2909 2904/2904/2904 
f 2909/2909/2909 2910/2910/2910 2905/2905/2905 
f 2902/2902/2902 2911/2911/2911 2906/2906/2906 
f 2908/2908/2908 2906/2906/2906 2911/2911/2911 
f 2911/2911/2911 2902/2902/2902 2907/2907/2907 
f 2709/2709/2709 2912/2912/2912 2907/2907/2907 
f 2912/2912/2912 2709/2709/2709 2700/2700/2700 
f 2700/2700/2700 2697/2697/2697 2912/2912/2912 
f 2909/2909/2909 2908/2908/2908 2913/2913/2913 
f 2911/2911/2911 2913/2913/2913 2908/2908/2908 
f 2910/2910/2910 2909/2909/2909 2914/2914/2914 
f 2913/2913/2913 2914/2914/2914 2909/2909/2909 
f 2914/2914/2914 2915/2915/2915 2910/2910/2910 
f 2907/2907/2907 2916/2916/2916 2911/2911/2911 
f 2916/2916/2916 2907/2907/2907 2912/2912/2912 
f 2913/2913/2913 2911/2911/2911 2916/2916/2916 
f 2917/2917/2917 2912/2912/2912 2697/2697/2697 
f 2912/2912/2912 2917/2917/2917 2916/2916/2916 
f 2697/2697/2697 2675/2675/2675 2917/2917/2917 
f 2916/2916/2916 2918/2918/2918 2913/2913/2913 
f 2914/2914/2914 2913/2913/2913 2918/2918/2918 
f 2918/2918/2918 2916/2916/2916 2917/2917/2917 
f 2915/2915/2915 2914/2914/2914 2919/2919/2919 
f 2918/2918/2918 2919/2919/2919 2914/2914/2914 
f 2919/2919/2919 2661/2661/2661 2915/2915/2915 
f 2661/2661/2661 2919/2919/2919 2660/2660/2660 
f 2920/2920/2920 2917/2917/2917 2675/2675/2675 
f 2917/2917/2917 2920/2920/2920 2918/2918/2918 
f 2919/2919/2919 2918/2918/2918 2920/2920/2920 
f 2920/2920/2920 2660/2660/2660 2919/2919/2919 
f 2675/2675/2675 2667/2667/2667 2920/2920/2920 
f 2660/2660/2660 2920/2920/2920 2667/2667/2667 
f 2921/2921/2921 2923/2923/2923 2922/2922/2922 
f 2922/2922/2922 2924/2924/2924 2921/2921/2921 
f 2925/2925/2925 2921/2921/2921 2924/2924/2924 
f 2924/2924/2924 2926/2926/2926 2925/2925/2925 
f 2927/2927/2927 2925/2925/2925 2926/2926/2926 
f 2926/2926/2926 2928/2928/2928 2927/2927/2927 
f 2929/2929/2929 2927/2927/2927 2928/2928/2928 
f 2928/2928/2928 2930/2930/2930 2929/2929/2929 
f 2931/2931/2931 2929/2929/2929 2930/2930/2930 
f 2930/2930/2930 2932/2932/2932 2931/2931/2931 
f 2933/2933/2933 2931/2931/2931 2932/2932/2932 
f 2932/2932/2932 2934/2934/2934 2933/2933/2933 
f 2935/2935/2935 2933/2933/2933 2934/2934/2934 
f 2934/2934/2934 2936/2936/2936 2935/2935/2935 
f 2937/2937/2937 2935/2935/2935 2936/2936/2936 
f 2936/2936/2936 2938/2938/2938 2937/2937/2937 
f 2939/2939/2939 2937/2937/2937 2938/2938/2938 
f 2938/2938/2938 2940/2940/2940 2939/2939/2939 
f 2941/2941/2941 2939/2939/2939 2940/2940/2940 
f 2940/2940/2940 2942/2942/2942 2941/2941/2941 
f 2943/2943/2943 2941/2941/2941 2942/2942/2942 
f 2942/2942/2942 2944/2944/2944 2943/2943/2943 
f 2945/2945/2945 2943/2943/2943 2944/2944/2944 
f 2944/2944/2944 2946/2946/2946 2945/2945/2945 
f 2947/2947/2947 2945/2945/2945 2946/2946/2946 
f 2946/2946/2946 2948/2948/2948 2947/2947/2947 
f 2949/2949/2949 2947/2947/2947 2948/2948/2948 
f 2948/2948/2948 2950/2950/2950 2949/2949/2949 
f 2951/2951/2951 2949/2949/2949 2950/2950/2950 
f 2950/2950/2950 2952/2952/2952 2951/2951/2951 
f 2953/2953/2953 2951/2951/2951 2952/2952/2952 
f 2952/2952/2952 2954/2954/2954 2953/2953/2953 
f 2955/2955/2955 2953/2953/2953 2954/2954/2954 
f 2954/2954/2954 2956/2956/2956 2955/2955/2955 
f 2957/2957/2957 2955/2955/2955 2956/2956/2956 
f 2956/2956/2956 2958/2958/2958 2957/2957/2957 
f 2959/2959/2959 2957/2957/2957 2958/2958/2958 
f 2958/2958/2958 2960/2960/2960 2959/2959/2959 
f 2961/2961/2961 2959/2959/2959 2960/2960/2960 
f 2960/2960/2960 2962/2962/2962 2961/2961/2961 
f 2963/2963/2963 2961/2961/2961 2962/2962/2962 
f 2962/2962/2962 2964/2964/2964 2963/2963/2963 
f 2965/2965/2965 2963/2963/2963 2964/2964/2964 
f 2964/2964/2964 2966/2966/2966 2965/2965/2965 
f 2967/2967/2967 2965/2965/2965 2966/2966/2966 
f 2966/2966/2966 2968/2968/2968 2967/2967/2967 
f 2969/2969/2969 2967/2967/2967 2968/2968/2968 
f 2968/2968/2968 2970/2970/2970 2969/2969/2969 
f 2971/2971/2971 2973/2973/2973 2972/2972/2972 
f 2972/2972/2972 2974/2974/2974 2971/2971/2971 
f 2974/2974/2974 2972/2972/2972 2975/2975/2975 
f 2975/2975/2975 2976/2976/2976 2974/2974/2974 
f 2976/2976/2976 2975/2975/2975 2977/2977/2977 
f 2977/2977/2977 2978/2978/2978 2976/2976/2976 
f 2978/2978/2978 2977/2977/2977 2979/2979/2979 
f 2979/2979/2979 2980/2980/2980 2978/2978/2978 
f 2980/2980/2980 2979/2979/2979 2981/2981/2981 
f 2981/2981/2981 2982/2982/2982 2980/2980/2980 
f 2982/2982/2982 2981/2981/2981 2983/2983/2983 
f 2983/2983/2983 2984/2984/2984 2982/2982/2982 
f 2984/2984/2984 2983/2983/2983 2985/2985/2985 
f 2985/2985/2985 2986/2986/2986 2984/2984/2984 
f 2986/2986/2986 2985/2985/2985 2987/2987/2987 
f 2987/2987/2987 2988/2988/2988 2986/2986/2986 
f 2988/2988/2988 2987/2987/2987 2989/2989/2989 
f 2989/2989/2989 2990/2990/2990 2988/2988/2988 
f 2990/2990/2990 2989/2989/2989 2991/2991/2991 
f 2991/2991/2991 2992/2992/2992 2990/2990/2990 
f 2992/2992/2992 2991/2991/2991 2993/2993/2993 
f 2993/2993/2993 2994/2994/2994 2992/2992/2992 
f 2994/2994/2994 2993/2993/2993 2995/2995/2995 
f 2995/2995/2995 2996/2996/2996 2994/2994/2994 
f 2996/2996/2996 2995/2995/2995 2997/2997/2997 
f 2997/2997/2997 2998/2998/2998 2996/2996/2996 
f 2998/2998/2998 2997/2997/2997 2999/2999/2999 
f 2999/2999/2999 3000/3000/3000 2998/2998/2998 
f 3000/3000/3000 2999/2999/2999 3001/3001/3001 
f 3001/3001/3001 3002/3002/3002 3000/3000/3000 
f 3002/3002/3002 3001/3001/3001 3003/3003/3003 
f 3003/3003/3003 3004/3004/3004 3002/3002/3002 
f 3004/3004/3004 3003/3003/3003 3005/3005/3005 
f 3005/3005/3005 3006/3006/3006 3004/3004/3004 
f 3006/3006/3006 3005/3005/3005 3007/3007/3007 
f 3007/3007/3007 3008/3008/3008 3006/3006/3006 
f 3008/3008/3008 3007/3007/3007 3009/3009/3009 
f 3009/3009/3009 3010/3010/3010 3008/3008/3008 
f 3010/3010/3010 3009/3009/3009 3011/3011/3011 
f 3011/3011/3011 3012/3012/3012 3010/3010/3010 
f 3012/3012/3012 3011/3011/3011 3013/3013/3013 
f 3013/3013/3013 3014/3014/3014 3012/3012/3012 
f 3014/3014/3014 3013/3013/3013 3015/3015/3015 
f 3015/3015/3015 3016/3016/3016 3014/3014/3014 
f 3016/3016/3016 3015/3015/3015 3017/3017/3017 
f 3017/3017/3017 3018/3018/3018 3016/3016/3016 
f 3018/3018/3018 3017/3017/3017 3019/3019/3019 
f 3019/3019/3019 3020/3020/3020 3018/3018/3018 
f 3021/3021/3021 3023/3023/3023 3022/3022/3022 
f 3022/3022/3022 3024/3024/3024 3021/3021/3021 
f 3024/3024/3024 3022/3022/3022 3025/3025/3025 
f 3025/3025/3025 3026/3026/3026 3024/3024/3024 
f 3026/3026/3026 3025/3025/3025 3027/3027/3027 
f 3027/3027/3027 3028/3028/3028 3026/3026/3026 
f 3028/3028/3028 3027/3027/3027 3029/3029/3029 
f 3029/3029/3029 3030/3030/3030 3028/3028/3028 
f 3030/3030/3030 3029/3029/3029 3031/3031/3031 
f 3031/3031/3031 3032/3032/3032 3030/3030/3030 
f 3032/3032/3032 3031/3031/3031 3033/3033/3033 
f 3033/3033/3033 3034/3034/3034 3032/3032/3032 
f 3034/3034/3034 3033/3033/3033 3035/3035/3035 
f 3035/3035/3035 3036/3036/3036 3034/3034/3034 
f 3036/3036/3036 3035/3035/3035 3037/3037/3037 
f 3037/3037/3037 3038/3038/3038 3036/3036/3036 
f 3038/3038/3038 3037/3037/3037 3039/3039/3039 
f 3039/3039/3039 3040/3040/3040 3038/3038/3038 
f 3040/3040/3040 3039/3039/3039 3041/3041/3041 
f 3041/3041/3041 3042/3042/3042 3040/3040/3040 
f 3042/3042/3042 3041/3041/3041 3043/3043/3043 
f 3043/3043/3043 3044/3044/3044 3042/3042/3042 
f 3044/3044/3044 3043/3043/3043 3045/3045/3045 
f 3045/3045/3045 3046/3046/3046 3044/3044/3044 
f 3046/3046/3046 3045/3045/3045 3047/3047/3047 
f 3047/3047/3047 3048/3048/3048 3046/3046/3046 
f 3048/3048/3048 3047/3047/3047 3049/3049/3049 
f 3049/3049/3049 3050/3050/3050 3048/3048/3048 
f 3050/3050/3050 3049/3049/3049 3051/3051/3051 
f 3051/3051/3051 3052/3052/3052 3050/3050/3050 
f 3052/3052/3052 3051/3051/3051 3053/3053/3053 
f 3053/3053/3053 3054/3054/3054 3052/3052/3052 
f 3054/3054/3054 3053/3053/3053 3055/3055/3055 
f 3055/3055/3055 3056/3056/3056 3054/3054/3054 
f 3056/3056/3056 3055/3055/3055 3057/3057/3057 
f 3057/3057/3057 3058/3058/3058 3056/3056/3056 
f 3058/3058/3058 3057/3057/3057 3059/3059/3059 
f 3059/3059/3059 3060/3060/3060 3058/3058/3058 
f 3060/3060/3060 3059/3059/3059 3061/3061/3061 
f 3061/3061/3061 3062/3062/3062 3060/3060/3060 
f 3062/3062/3062 3061/3061/3061 3063/3063/3063 
f 3063/3063/3063 3064/3064/3064 3062/3062/3062 
f 3064/3064/3064 3063/3063/3063 3065/3065/3065 
f 3065/3065/3065 3066/3066/3066 3064/3064/3064 
f 3066/3066/3066 3065/3065/3065 3067/3067/3067 
f 3067/3067/3067 3068/3068/3068 3066/3066/3066 
f 3068/3068/3068 3067/3067/3067 3069/3069/3069 
f 3069/3069/3069 3070/3070/3070 3068/3068/3068 
f 3071/3071/3071 3073/3073/3073 3072/3072/3072 
f 3072/3072/3072 3074/3074/3074 3071/3071/3071 
f 3074/3074/3074 3072/3072/3072 3075/3075/3075 
f 3075/3075/3075 3076/3076/3076 3074/3074/3074 
f 3076/3076/3076 3075/3075/3075 3077/3077/3077 
f 3077/3077/3077 3078/3078/3078 3076/3076/3076 
f 3078/3078/3078 3077/3077/3077 3079/3079/3079 
f 3079/3079/3079 3080/3080/3080 3078/3078/3078 
f 3080/3080/3080 3079/3079/3079 3081/3081/3081 
f 3081/3081/3081 3082/3082/3082 3080/3080/3080 
f 3082/3082/3082 3081/3081/3081 3083/3083/3083 
f 3083/3083/3083 3084/3084/3084 3082/3082/3082 
f 3084/3084/3084 3083/3083/3083 3085/3085/3085 
f 3085/3085/3085 3086/3086/3086 3084/3084/3084 
f 3086/3086/3086 3085/3085/3085 3087/3087/3087 
f 3087/3087/3087 3088/3088/3088 3086/3086/3086 
f 3088/3088/3088 3087/3087/3087 3089/3089/3089 
f 3089/3089/3089 3090/3090/3090 3088/3088/3088 
f 3090/3090/3090 3089/3089/3089 3091/3091/3091 
f 3091/3091/3091 3092/3092/3092 3090/3090/3090 
f 3092/3092/3092 3091/3091/3091 3093/3093/3093 
f 3093/3093/3093 3094/3094/3094 3092/3092/3092 
f 3094/3094/3094 3093/3093/3093 3095/3095/3095 
f 3095/3095/3095 3096/3096/3096 3094/3094/3094 
f 3097/3097/3097 3099/3099/3099 3098/3098/3098 
f 3098/3098/3098 3100/3100/3100 3097/3097/3097 
f 3101/3101/3101 3097/3097/3097 3100/3100/3100 
f 3100/3100/3100 3102/3102/3102 3101/3101/3101 
f 3103/3103/3103 3101/3101/3101 3102/3102/3102 
f 3102/3102/3102 3104/3104/3104 3103/3103/3103 
f 3105/3105/3105 3103/3103/3103 3104/3104/3104 
f 3104/3104/3104 3106/3106/3106 3105/3105/3105 
f 3107/3107/3107 3105/3105/3105 3106/3106/3106 
f 3106/3106/3106 3108/3108/3108 3107/3107/3107 
f 3109/3109/3109 3107/3107/3107 3108/3108/3108 
f 3108/3108/3108 3110/3110/3110 3109/3109/3109 
f 3111/3111/3111 3109/3109/3109 3110/3110/3110 
f 3110/3110/3110 3112/3112/3112 3111/3111/3111 
f 3113/3113/3113 3111/3111/3111 3112/3112/3112 
f 3112/3112/3112 3114/3114/3114 3113/3113/3113 
f 3115/3115/3115 3117/3117/3117 3116/3116/3116 
f 3115/3115/3115 3116/3116/3116 3118/3118/3118 
f 3115/3115/3115 3118/3118/3118 3119/3119/3119 
f 3115/3115/3115 3119/3119/3119 3120/3120/3120 
f 3115/3115/3115 3120/3120/3120 3121/3121/3121 
f 3115/3115/3115 3121/3121/3121 3122/3122/3122 
f 3115/3115/3115 3122/3122/3122 3123/3123/3123 
f 3115/3115/3115 3123/3123/3123 3124/3124/3124 
f 3115/3115/3115 3124/3124/3124 3125/3125/3125 
f 3115/3115/3115 3125/3125/3125 3126/3126/3126 
f 3115/3115/3115 3126/3126/3126 3127/3127/3127 
f 3127/3127/3127 3128/3128/3128 3115/3115/3115 
f 3129/3129/3129 3131/3131/3131 3130/3130/3130 
f 3130/3130/3130 3132/3132/3132 3129/3129/3129 
f 3133/3133/3133 3129/3129/3129 3132/3132/3132 
f 3132/3132/3132 3134/3134/3134 3133/3133/3133 
f 3135/3135/3135 3133/3133/3133 3134/3134/3134 
f 3134/3134/3134 3136/3136/3136 3135/3135/3135 
f 3137/3137/3137 3135/3135/3135 3136/3136/3136 
f 3136/3136/3136 3138/3138/3138 3137/3137/3137 
f 3139/3139/3139 3137/3137/3137 3138/3138/3138 
f 3138/3138/3138 3140/3140/3140 3139/3139/3139 
f 3141/3141/3141 3139/3139/3139 3140/3140/3140 
f 3140/3140/3140 3142/3142/3142 3141/3141/3141 
f 3143/3143/3143 3141/3141/3141 3142/3142/3142 
f 3142/3142/3142 3144/3144/3144 3143/3143/3143 
f 3145/3145/3145 3143/3143/3143 3144/3144/3144 
f 3144/3144/3144 3146/3146/3146 3145/3145/3145 
f 3147/3147/3147 3145/3145/3145 3146/3146/3146 
f 3146/3146/3146 3148/3148/3148 3147/3147/3147 
f 3149/3149/3149 3147/3147/3147 3148/3148/3148 
f 3148/3148/3148 3150/3150/3150 3149/3149/3149 
f 3151/3151/3151 3149/3149/3149 3150/3150/3150 
f 3150/3150/3150 3152/3152/3152 3151/3151/3151 
f 3153/3153/3153 3151/3151/3151 3152/3152/3152 
f 3152/3152/3152 3154/3154/3154 3153/3153/3153 
f 3155/3155/3155 3153/3153/3153 3154/3154/3154 
f 3154/3154/3154 3156/3156/3156 3155/3155/3155 
f 3157/3157/3157 3155/3155/3155 3156/3156/3156 
f 3156/3156/3156 3158/3158/3158 3157/3157/3157 
f 3159/3159/3159 3157/3157/3157 3158/3158/3158 
f 3158/3158/3158 3160/3160/3160 3159/3159/3159 
f 3161/3161/3161 3159/3159/3159 3160/3160/3160 
f 3160/3160/3160 3162/3162/3162 3161/3161/3161 
f 3163/3163/3163 3165/3165/3165 3164/3164/3164 
f 3164/3164/3164 3166/3166/3166 3163/3163/3163 
f 3167/3167/3167 3163/3163/3163 3166/3166/3166 
f 3166/3166/3166 3164/3164/3164 3168/3168/3168 
f 3166/3166/3166 3169/3169/3169 3167/3167/3167 
f 3170/3170/3170 3167/3167/3167 3169/3169/3169 
f 3168/3168/3168 3171/3171/3171 3166/3166/3166 
f 3169/3169/3169 3166/3166/3166 3171/3171/3171 
f 3169/3169/3169 3172/3172/3172 3170/3170/3170 
f 3173/3173/3173 3170/3170/3170 3172/3172/3172 
f 3174/3174/3174 3171/3171/3171 3168/3168/3168 
f 3168/3168/3168 3175/3175/3175 3174/3174/3174 
f 3171/3171/3171 3176/3176/3176 3169/3169/3169 
f 3172/3172/3172 3169/3169/3169 3176/3176/3176 
f 3177/3177/3177 3176/3176/3176 3171/3171/3171 
f 3176/3176/3176 3177/3177/3177 3172/3172/3172 
f 3171/3171/3171 3174/3174/3174 3177/3177/3177 
f 3172/3172/3172 3178/3178/3178 3173/3173/3173 
f 3178/3178/3178 3172/3172/3172 3177/3177/3177 
f 3179/3179/3179 3173/3173/3173 3178/3178/3178 
f 3180/3180/3180 3174/3174/3174 3175/3175/3175 
f 3175/3175/3175 3181/3181/3181 3180/3180/3180 
f 3182/3182/3182 3177/3177/3177 3174/3174/3174 
f 3177/3177/3177 3182/3182/3182 3178/3178/3178 
f 3174/3174/3174 3180/3180/3180 3182/3182/3182 
f 3178/3178/3178 3183/3183/3183 3179/3179/3179 
f 3183/3183/3183 3178/3178/3178 3182/3182/3182 
f 3184/3184/3184 3179/3179/3179 3183/3183/3183 
f 3185/3185/3185 3180/3180/3180 3181/3181/3181 
f 3181/3181/3181 3186/3186/3186 3185/3185/3185 
f 3187/3187/3187 3182/3182/3182 3180/3180/3180 
f 3182/3182/3182 3187/3187/3187 3183/3183/3183 
f 3180/3180/3180 3185/3185/3185 3187/3187/3187 
f 3183/3183/3183 3188/3188/3188 3184/3184/3184 
f 3188/3188/3188 3183/3183/3183 3187/3187/3187 
f 3189/3189/3189 3184/3184/3184 3188/3188/3188 
f 3190/3190/3190 3185/3185/3185 3186/3186/3186 
f 3186/3186/3186 3191/3191/3191 3190/3190/3190 
f 3190/3190/3190 3191/3191/3191 3192/3192/3192 
f 3193/3193/3193 3187/3187/3187 3185/3185/3185 
f 3187/3187/3187 3193/3193/3193 3188/3188/3188 
f 3185/3185/3185 3190/3190/3190 3193/3193/3193 
f 3188/3188/3188 3194/3194/3194 3189/3189/3189 
f 3194/3194/3194 3188/3188/3188 3193/3193/3193 
f 3193/3193/3193 3190/3190/3190 3194/3194/3194 
f 3192/3192/3192 3194/3194/3194 3190/3190/3190 
f 3195/3195/3195 3189/3189/3189 3194/3194/3194 
f 3194/3194/3194 3192/3192/3192 3195/3195/3195 
f 3196/3196/3196 3198/3198/3198 3197/3197/3197 
f 3197/3197/3197 3199/3199/3199 3196/3196/3196 
f 3200/3200/3200 3196/3196/3196 3199/3199/3199 
f 3199/3199/3199 3197/3197/3197 3201/3201/3201 
f 3199/3199/3199 3202/3202/3202 3200/3200/3200 
f 3203/3203/3203 3200/3200/3200 3202/3202/3202 
f 3201/3201/3201 3204/3204/3204 3199/3199/3199 
f 3202/3202/3202 3199/3199/3199 3204/3204/3204 
f 3202/3202/3202 3205/3205/3205 3203/3203/3203 
f 3206/3206/3206 3203/3203/3203 3205/3205/3205 
f 3207/3207/3207 3204/3204/3204 3201/3201/3201 
f 3201/3201/3201 3208/3208/3208 3207/3207/3207 
f 3204/3204/3204 3209/3209/3209 3202/3202/3202 
f 3205/3205/3205 3202/3202/3202 3209/3209/3209 
f 3210/3210/3210 3209/3209/3209 3204/3204/3204 
f 3209/3209/3209 3210/3210/3210 3205/3205/3205 
f 3204/3204/3204 3207/3207/3207 3210/3210/3210 
f 3205/3205/3205 3211/3211/3211 3206/3206/3206 
f 3211/3211/3211 3205/3205/3205 3210/3210/3210 
f 3212/3212/3212 3206/3206/3206 3211/3211/3211 
f 3213/3213/3213 3207/3207/3207 3208/3208/3208 
f 3208/3208/3208 3214/3214/3214 3213/3213/3213 
f 3215/3215/3215 3210/3210/3210 3207/3207/3207 
f 3210/3210/3210 3215/3215/3215 3211/3211/3211 
f 3207/3207/3207 3213/3213/3213 3215/3215/3215 
f 3211/3211/3211 3216/3216/3216 3212/3212/3212 
f 3216/3216/3216 3211/3211/3211 3215/3215/3215 
f 3217/3217/3217 3212/3212/3212 3216/3216/3216 
f 3218/3218/3218 3213/3213/3213 3214/3214/3214 
f 3214/3214/3214 3219/3219/3219 3218/3218/3218 
f 3220/3220/3220 3215/3215/3215 3213/3213/3213 
f 3215/3215/3215 3220/3220/3220 3216/3216/3216 
f 3213/3213/3213 3218/3218/3218 3220/3220/3220 
f 3216/3216/3216 3221/3221/3221 3217/3217/3217 
f 3221/3221/3221 3216/3216/3216 3220/3220/3220 
f 3222/3222/3222 3217/3217/3217 3221/3221/3221 
f 3223/3223/3223 3218/3218/3218 3219/3219/3219 
f 3219/3219/3219 3224/3224/3224 3223/3223/3223 
f 3223/3223/3223 3224/3224/3224 3225/3225/3225 
f 3226/3226/3226 3220/3220/3220 3218/3218/3218 
f 3220/3220/3220 3226/3226/3226 3221/3221/3221 
f 3218/3218/3218 3223/3223/3223 3226/3226/3226 
f 3221/3221/3221 3227/3227/3227 3222/3222/3222 
f 3227/3227/3227 3221/3221/3221 3226/3226/3226 
f 3226/3226/3226 3223/3223/3223 3227/3227/3227 
f 3225/3225/3225 3227/3227/3227 3223/3223/3223 
f 3228/3228/3228 3222/3222/3222 3227/3227/3227 
f 3227/3227/3227 3225/3225/3225 3228/3228/3228 
f 3229/3229/3229 3231/3231/3231 3230/3230/3230 
f 3230/3230/3230 3232/3232/3232 3229/3229/3229 
f 3233/3233/3233 3229/3229/3229 3232/3232/3232 
f 3232/3232/3232 3230/3230/3230 3234/3234/3234 
f 3232/3232/3232 3235/3235/3235 3233/3233/3233 
f 3236/3236/3236 3233/3233/3233 3235/3235/3235 
f 3234/3234/3234 3237/3237/3237 3232/3232/3232 
f 3235/3235/3235 3232/3232/3232 3237/3237/3237 
f 3235/3235/3235 3238/3238/3238 3236/3236/3236 
f 3239/3239/3239 3236/3236/3236 3238/3238/3238 
f 3240/3240/3240 3237/3237/3237 3234/3234/3234 
f 3234/3234/3234 3241/3241/3241 3240/3240/3240 
f 3237/3237/3237 3242/3242/3242 3235/3235/3235 
f 3238/3238/3238 3235/3235/3235 3242/3242/3242 
f 3243/3243/3243 3242/3242/3242 3237/3237/3237 
f 3242/3242/3242 3243/3243/3243 3238/3238/3238 
f 3237/3237/3237 3240/3240/3240 3243/3243/3243 
f 3238/3238/3238 3244/3244/3244 3239/3239/3239 
f 3244/3244/3244 3238/3238/3238 3243/3243/3243 
f 3245/3245/3245 3239/3239/3239 3244/3244/3244 
f 3246/3246/3246 3240/3240/3240 3241/3241/3241 
f 3241/3241/3241 3247/3247/3247 3246/3246/3246 
f 3248/3248/3248 3243/3243/3243 3240/3240/3240 
f 3243/3243/3243 3248/3248/3248 3244/3244/3244 
f 3240/3240/3240 3246/3246/3246 3248/3248/3248 
f 3244/3244/3244 3249/3249/3249 3245/3245/3245 
f 3249/3249/3249 3244/3244/3244 3248/3248/3248 
f 3250/3250/3250 3245/3245/3245 3249/3249/3249 
f 3251/3251/3251 3246/3246/3246 3247/3247/3247 
f 3247/3247/3247 3252/3252/3252 3251/3251/3251 
f 3253/3253/3253 3248/3248/3248 3246/3246/3246 
f 3248/3248/3248 3253/3253/3253 3249/3249/3249 
f 3246/3246/3246 3251/3251/3251 3253/3253/3253 
f 3249/3249/3249 3254/3254/3254 3250/3250/3250 
f 3254/3254/3254 3249/3249/3249 3253/3253/3253 
f 3255/3255/3255 3250/3250/3250 3254/3254/3254 
f 3256/3256/3256 3251/3251/3251 3252/3252/3252 
f 3252/3252/3252 3257/3257/3257 3256/3256/3256 
f 3256/3256/3256 3257/3257/3257 3258/3258/3258 
f 3259/3259/3259 3253/3253/3253 3251/3251/3251 
f 3253/3253/3253 3259/3259/3259 3254/3254/3254 
f 3251/3251/3251 3256/3256/3256 3259/3259/3259 
f 3254/3254/3254 3260/3260/3260 3255/3255/3255 
f 3260/3260/3260 3254/3254/3254 3259/3259/3259 
f 3259/3259/3259 3256/3256/3256 3260/3260/3260 
f 3258/3258/3258 3260/3260/3260 3256/3256/3256 
f 3261/3261/3261 3255/3255/3255 3260/3260/3260 
f 3260/3260/3260 3258/3258/3258 3261/3261/3261 
f 3262/3262/3262 3264/3264/3264 3263/3263/3263 
f 3263/3263/3263 3265/3265/3265 3262/3262/3262 
f 3266/3266/3266 3262/3262/3262 3265/3265/3265 
f 3265/3265/3265 3263/3263/3263 3267/3267/3267 
f 3265/3265/3265 3268/3268/3268 3266/3266/3266 
f 3269/3269/3269 3266/3266/3266 3268/3268/3268 
f 3267/3267/3267 3270/3270/3270 3265/3265/3265 
f 3268/3268/3268 3265/3265/3265 3270/3270/3270 
f 3268/3268/3268 3271/3271/3271 3269/3269/3269 
f 3272/3272/3272 3269/3269/3269 3271/3271/3271 
f 3273/3273/3273 3270/3270/3270 3267/3267/3267 
f 3267/3267/3267 3274/3274/3274 3273/3273/3273 
f 3270/3270/3270 3275/3275/3275 3268/3268/3268 
f 3271/3271/3271 3268/3268/3268 3275/3275/3275 
f 3276/3276/3276 3275/3275/3275 3270/3270/3270 
f 3275/3275/3275 3276/3276/3276 3271/3271/3271 
f 3270/3270/3270 3273/3273/3273 3276/3276/3276 
f 3271/3271/3271 3277/3277/3277 3272/3272/3272 
f 3277/3277/3277 3271/3271/3271 3276/3276/3276 
f 3278/3278/3278 3272/3272/3272 3277/3277/3277 
f 3279/3279/3279 3273/3273/3273 3274/3274/3274 
f 3274/3274/3274 3280/3280/3280 3279/3279/3279 
f 3281/3281/3281 3276/3276/3276 3273/3273/3273 
f 3276/3276/3276 3281/3281/3281 3277/3277/3277 
f 3273/3273/3273 3279/3279/3279 3281/3281/3281 
f 3277/3277/3277 3282/3282/3282 3278/3278/3278 
f 3282/3282/3282 3277/3277/3277 3281/3281/3281 
f 3283/3283/3283 3278/3278/3278 3282/3282/3282 
f 3284/3284/3284 3279/3279/3279 3280/3280/3280 
f 3280/3280/3280 3285/3285/3285 3284/3284/3284 
f 3286/3286/3286 3281/3281/3281 3279/3279/3279 
f 3281/3281/3281 3286/3286/3286 3282/3282/3282 
f 3279/3279/3279 3284/3284/3284 3286/3286/3286 
f 3282/3282/3282 3287/3287/3287 3283/3283/3283 
f 3287/3287/3287 3282/3282/3282 3286/3286/3286 
f 3288/3288/3288 3283/3283/3283 3287/3287/3287 
f 3289/3289/3289 3284/3284/3284 3285/3285/3285 
f 3285/3285/3285 3290/3290/3290 3289/3289/3289 
f 3289/3289/3289 3290/3290/3290 3291/3291/3291 
f 3292/3292/3292 3286/3286/3286 3284/3284/3284 
f 3286/3286/3286 3292/3292/3292 3287/3287/3287 
f 3284/3284/3284 3289/3289/3289 3292/3292/3292 
f 3287/3287/3287 3293/3293/3293 3288/3288/3288 
f 3293/3293/3293 3287/3287/3287 3292/3292/3292 
f 3292/3292/3292 3289/3289/3289 3293/3293/3293 
f 3291/3291/3291 3293/3293/3293 3289/3289/3289 
f 3294/3294/3294 3288/3288/3288 3293/3293/3293 
f 3293/3293/3293 3291/3291/3291 3294/3294/3294 
f 3295/3295/3295 3297/3297/3297 3296/3296/3296 
f 3296/3296/3296 3298/3298/3298 3295/3295/3295 
f 3299/3299/3299 3295/3295/3295 3298/3298/3298 
f 3298/3298/3298 3296/3296/3296 3300/3300/3300 
f 3298/3298/3298 3301/3301/3301 3299/3299/3299 
f 3302/3302/3302 3299/3299/3299 3301/3301/3301 
f 3300/3300/3300 3303/3303/3303 3298/3298/3298 
f 3301/3301/3301 3298/3298/3298 3303/3303/3303 
f 3301/3301/3301 3304/3304/3304 3302/3302/3302 
f 3305/3305/3305 3302/3302/3302 3304/3304/3304 
f 3306/3306/3306 3303/3303/3303 3300/3300/3300 
f 3300/3300/3300 3307/3307/3307 3306/3306/3306 
f 3303/3303/3303 3308/3308/3308 3301/3301/3301 
f 3304/3304/3304 3301/3301/3301 3308/3308/3308 
f 3309/3309/3309 3308/3308/3308 3303/3303/3303 
f 3308/3308/3308 3309/3309/3309 3304/3304/3304 
f 3303/3303/3303 3306/3306/3306 3309/3309/3309 
f 3304/3304/3304 3310/3310/3310 3305/3305/3305 
f 3310/3310/3310 3304/3304/3304 3309/3309/3309 
f 3311/3311/3311 3305/3305/3305 3310/3310/3310 
f 3312/3312/3312 3306/3306/3306 3307/3307/3307 
f 3307/3307/3307 3313/3313/3313 3312/3312/3312 
f 3314/3314/3314 3309/3309/3309 3306/3306/3306 
f 3309/3309/3309 3314/3314/3314 3310/3310/3310 
f 3306/3306/3306 3312/3312/3312 3314/3314/3314 
f 3310/3310/3310 3315/3315/3315 3311/3311/3311 
f 3315/3315/3315 3310/3310/3310 3314/3314/3314 
f 3316/3316/3316 3311/3311/3311 3315/3315/3315 
f 3317/3317/3317 3312/3312/3312 3313/3313/3313 
f 3313/3313/3313 3318/3318/3318 3317/3317/3317 
f 3319/3319/3319 3314/3314/3314 3312/3312/3312 
f 3314/3314/3314 3319/3319/3319 3315/3315/3315 
f 3312/3312/3312 3317/3317/3317 3319/3319/3319 
f 3315/3315/3315 3320/3320/3320 3316/3316/3316 
f 3320/3320/3320 3315/3315/3315 3319/3319/3319 
f 3321/3321/3321 3316/3316/3316 3320/3320/3320 
f 3322/3322/3322 3317/3317/3317 3318/3318/3318 
f 3318/3318/3318 3323/3323/3323 3322/3322/3322 
f 3322/3322/3322 3323/3323/3323 3324/3324/3324 
f 3325/3325/3325 3319/3319/3319 3317/3317/3317 
f 3319/3319/3319 3325/3325/3325 3320/3320/3320 
f 3317/3317/3317 3322/3322/3322 3325/3325/3325 
f 3320/3320/3320 3326/3326/3326 3321/3321/3321 
f 3326/3326/3326 3320/3320/3320 3325/3325/3325 
f 3325/3325/3325 3322/3322/3322 3326/3326/3326 
f 3324/3324/3324 3326/3326/3326 3322/3322/3322 
f 3327/3327/3327 3321/3321/3321 3326/3326/3326 
f 3326/3326/3326 3324/3324/3324 3327/3327/3327 
f 3328/3328/3328 3330/3330/3330 3329/3329/3329 
f 3329/3329/3329 3331/3331/3331 3328/3328/3328 
f 3332/3332/3332 3328/3328/3328 3331/3331/3331 
f 3331/3331/3331 3329/3329/3329 3333/3333/3333 
f 3331/3331/3331 3334/3334/3334 3332/3332/3332 
f 3335/3335/3335 3332/3332/3332 3334/3334/3334 
f 3333/3333/3333 3336/3336/3336 3331/3331/3331 
f 3334/3334/3334 3331/3331/3331 3336/3336/3336 
f 3334/3334/3334 3337/3337/3337 3335/3335/3335 
f 3338/3338/3338 3335/3335/3335 3337/3337/3337 
f 3339/3339/3339 3336/3336/3336 3333/3333/3333 
f 3333/3333/3333 3340/3340/3340 3339/3339/3339 
f 3336/3336/3336 3341/3341/3341 3334/3334/3334 
f 3337/3337/3337 3334/3334/3334 3341/3341/3341 
f 3342/3342/3342 3341/3341/3341 3336/3336/3336 
f 3341/3341/3341 3342/3342/3342 3337/3337/3337 
f 3336/3336/3336 3339/3339/3339 3342/3342/3342 
f 3337/3337/3337 3343/3343/3343 3338/3338/3338 
f 3343/3343/3343 3337/3337/3337 3342/3342/3342 
f 3344/3344/3344 3338/3338/3338 3343/3343/3343 
f 3345/3345/3345 3339/3339/3339 3340/3340/3340 
f 3340/3340/3340 3346/3346/3346 3345/3345/3345 
f 3347/3347/3347 3342/3342/3342 3339/3339/3339 
f 3342/3342/3342 3347/3347/3347 3343/3343/3343 
f 3339/3339/3339 3345/3345/3345 3347/3347/3347 
f 3343/3343/3343 3348/3348/3348 3344/3344/3344 
f 3348/3348/3348 3343/3343/3343 3347/3347/3347 
f 3349/3349/3349 3344/3344/3344 3348/3348/3348 
f 3350/3350/3350 3345/3345/3345 3346/3346/3346 
f 3346/3346/3346 3351/3351/3351 3350/3350/3350 
f 3352/3352/3352 3347/3347/3347 3345/3345/3345 
f 3347/3347/3347 3352/3352/3352 3348/3348/3348 
f 3345/3345/3345 3350/3350/3350 3352/3352/3352 
f 3348/3348/3348 3353/3353/3353 3349/3349/3349 
f 3353/3353/3353 3348/3348/3348 3352/3352/3352 
f 3354/3354/3354 3349/3349/3349 3353/3353/3353 
f 3355/3355/3355 3350/3350/3350 3351/3351/3351 
f 3351/3351/3351 3356/3356/3356 3355/3355/3355 
f 3355/3355/3355 3356/3356/3356 3357/3357/3357 
f 3358/3358/3358 3352/3352/3352 3350/3350/3350 
f 3352/3352/3352 3358/3358/3358 3353/3353/3353 
f 3350/3350/3350 3355/3355/3355 3358/3358/3358 
f 3353/3353/3353 3359/3359/3359 3354/3354/3354 
f 3359/3359/3359 3353/3353/3353 3358/3358/3358 
f 3358/3358/3358 3355/3355/3355 3359/3359/3359 
f 3357/3357/3357 3359/3359/3359 3355/3355/3355 
f 3360/3360/3360 3354/3354/3354 3359/3359/3359 
f 3359/3359/3359 3357/3357/3357 3360/3360/3360 
f 3361/3361/3361 3363/3363/3363 3362/3362/3362 
f 3362/3362/3362 3364/3364/3364 3361/3361/3361 
f 3365/3365/3365 3361/3361/3361 3364/3364/3364 
f 3364/3364/3364 3362/3362/3362 3366/3366/3366 
f 3364/3364/3364 3367/3367/3367 3365/3365/3365 
f 3368/3368/3368 3365/3365/3365 3367/3367/3367 
f 3366/3366/3366 3369/3369/3369 3364/3364/3364 
f 3367/3367/3367 3364/3364/3364 3369/3369/3369 
f 3367/3367/3367 3370/3370/3370 3368/3368/3368 
f 3371/3371/3371 3368/3368/3368 3370/3370/3370 
f 3372/3372/3372 3369/3369/3369 3366/3366/3366 
f 3366/3366/3366 3373/3373/3373 3372/3372/3372 
f 3369/3369/3369 3374/3374/3374 3367/3367/3367 
f 3370/3370/3370 3367/3367/3367 3374/3374/3374 
f 3375/3375/3375 3374/3374/3374 3369/3369/3369 
f 3374/3374/3374 3375/3375/3375 3370/3370/3370 
f 3369/3369/3369 3372/3372/3372 3375/3375/3375 
f 3370/3370/3370 3376/3376/3376 3371/3371/3371 
f 3376/3376/3376 3370/3370/3370 3375/3375/3375 
f 3377/3377/3377 3371/3371/3371 3376/3376/3376 
f 3378/3378/3378 3372/3372/3372 3373/3373/3373 
f 3373/3373/3373 3379/3379/3379 3378/3378/3378 
f 3380/3380/3380 3375/3375/3375 3372/3372/3372 
f 3375/3375/3375 3380/3380/3380 3376/3376/3376 
f 3372/3372/3372 3378/3378/3378 3380/3380/3380 
f 3376/3376/3376 3381/3381/3381 3377/3377/3377 
f 3381/3381/3381 3376/3376/3376 3380/3380/3380 
f 3382/3382/3382 3377/3377/3377 3381/3381/3381 
f 3383/3383/3383 3378/3378/3378 3379/3379/3379 
f 3379/3379/3379 3384/3384/3384 3383/3383/3383 
f 3385/3385/3385 3380/3380/3380 3378/3378/3378 
f 3380/3380/3380 3385/3385/3385 3381/3381/3381 
f 3378/3378/3378 3383/3383/3383 3385/3385/3385 
f 3381/3381/3381 3386/3386/3386 3382/3382/3382 
f 3386/3386/3386 3381/3381/3381 3385/3385/3385 
f 3387/3387/3387 3382/3382/3382 3386/3386/3386 
f 3388/3388/3388 3383/3383/3383 3384/3384/3384 
f 3384/3384/3384 3389/3389/3389 3388/3388/3388 
f 3388/3388/3388 3389/3389/3389 3390/3390/3390 
f 3391/3391/3391 3385/3385/3385 3383/3383/3383 
f 3385/3385/3385 3391/3391/3391 3386/3386/3386 
f 3383/3383/3383 3388/3388/3388 3391/3391/3391 
f 3386/3386/3386 3392/3392/3392 3387/3387/3387 
f 3392/3392/3392 3386/3386/3386 3391/3391/3391 
f 3391/3391/3391 3388/3388/3388 3392/3392/3392 
f 3390/3390/3390 3392/3392/3392 3388/3388/3388 
f 3393/3393/3393 3387/3387/3387 3392/3392/3392 
f 3392/3392/3392 3390/3390/3390 3393/3393/3393 
f 3394/3394/3394 3396/3396/3396 3395/3395/3395 
f 3395/3395/3395 3397/3397/3397 3394/3394/3394 
f 3398/3398/3398 3394/3394/3394 3397/3397/3397 
f 3397/3397/3397 3395/3395/3395 3399/3399/3399 
f 3397/3397/3397 3400/3400/3400 3398/3398/3398 
f 3401/3401/3401 3398/3398/3398 3400/3400/3400 
f 3399/3399/3399 3402/3402/3402 3397/3397/3397 
f 3400/3400/3400 3397/3397/3397 3402/3402/3402 
f 3400/3400/3400 3403/3403/3403 3401/3401/3401 
f 3404/3404/3404 3401/3401/3401 3403/3403/3403 
f 3405/3405/3405 3402/3402/3402 3399/3399/3399 
f 3399/3399/3399 3406/3406/3406 3405/3405/3405 
f 3402/3402/3402 3407/3407/3407 3400/3400/3400 
f 3403/3403/3403 3400/3400/3400 3407/3407/3407 
f 3408/3408/3408 3407/3407/3407 3402/3402/3402 
f 3407/3407/3407 3408/3408/3408 3403/3403/3403 
f 3402/3402/3402 3405/3405/3405 3408/3408/3408 
f 3403/3403/3403 3409/3409/3409 3404/3404/3404 
f 3409/3409/3409 3403/3403/3403 3408/3408/3408 
f 3410/3410/3410 3404/3404/3404 3409/3409/3409 
f 3411/3411/3411 3405/3405/3405 3406/3406/3406 
f 3406/3406/3406 3412/3412/3412 3411/3411/3411 
f 3413/3413/3413 3408/3408/3408 3405/3405/3405 
f 3408/3408/3408 3413/3413/3413 3409/3409/3409 
f 3405/3405/3405 3411/3411/3411 3413/3413/3413 
f 3409/3409/3409 3414/3414/3414 3410/3410/3410 
f 3414/3414/3414 3409/3409/3409 3413/3413/3413 
f 3415/3415/3415 3410/3410/3410 3414/3414/3414 
f 3416/3416/3416 3411/3411/3411 3412/3412/3412 
f 3412/3412/3412 3417/3417/3417 3416/3416/3416 
f 3418/3418/3418 3413/3413/3413 3411/3411/3411 
f 3413/3413/3413 3418/3418/3418 3414/3414/3414 
f 3411/3411/3411 3416/3416/3416 3418/3418/3418 
f 3414/3414/3414 3419/3419/3419 3415/3415/3415 
f 3419/3419/3419 3414/3414/3414 3418/3418/3418 
f 3420/3420/3420 3415/3415/3415 3419/3419/3419 
f 3421/3421/3421 3416/3416/3416 3417/3417/3417 
f 3417/3417/3417 3422/3422/3422 3421/3421/3421 
f 3421/3421/3421 3422/3422/3422 3423/3423/3423 
f 3424/3424/3424 3418/3418/3418 3416/3416/3416 
f 3418/3418/3418 3424/3424/3424 3419/3419/3419 
f 3416/3416/3416 3421/3421/3421 3424/3424/3424 
f 3419/3419/3419 3425/3425/3425 3420/3420/3420 
f 3425/3425/3425 3419/3419/3419 3424/3424/3424 
f 3424/3424/3424 3421/3421/3421 3425/3425/3425 
f 3423/3423/3423 3425/3425/3425 3421/3421/3421 
f 3426/3426/3426 3420/3420/3420 3425/3425/3425 
f 3425/3425/3425 3423/3423/3423 3426/3426/3426 
f 3427/3427/3427 3429/3429/3429 3428/3428/3428 
f 3428/3428/3428 3430/3430/3430 3427/3427/3427 
f 3431/3431/3431 3427/3427/3427 3430/3430/3430 
f 3430/3430/3430 3428/3428/3428 3432/3432/3432 
f 3430/3430/3430 3433/3433/3433 3431/3431/3431 
f 3434/3434/3434 3431/3431/3431 3433/3433/3433 
f 3432/3432/3432 3435/3435/3435 3430/3430/3430 
f 3433/3433/3433 3430/3430/3430 3435/3435/3435 
f 3433/3433/3433 3436/3436/3436 3434/3434/3434 
f 3437/3437/3437 3434/3434/3434 3436/3436/3436 
f 3438/3438/3438 3435/3435/3435 3432/3432/3432 
f 3432/3432/3432 3439/3439/3439 3438/3438/3438 
f 3435/3435/3435 3440/3440/3440 3433/3433/3433 
f 3436/3436/3436 3433/3433/3433 3440/3440/3440 
f 3441/3441/3441 3440/3440/3440 3435/3435/3435 
f 3440/3440/3440 3441/3441/3441 3436/3436/3436 
f 3435/3435/3435 3438/3438/3438 3441/3441/3441 
f 3436/3436/3436 3442/3442/3442 3437/3437/3437 
f 3442/3442/3442 3436/3436/3436 3441/3441/3441 
f 3443/3443/3443 3437/3437/3437 3442/3442/3442 
f 3444/3444/3444 3438/3438/3438 3439/3439/3439 
f 3439/3439/3439 3445/3445/3445 3444/3444/3444 
f 3446/3446/3446 3441/3441/3441 3438/3438/3438 
f 3441/3441/3441 3446/3446/3446 3442/3442/3442 
f 3438/3438/3438 3444/3444/3444 3446/3446/3446 
f 3442/3442/3442 3447/3447/3447 3443/3443/3443 
f 3447/3447/3447 3442/3442/3442 3446/3446/3446 
f 3448/3448/3448 3443/3443/3443 3447/3447/3447 
f 3449/3449/3449 3444/3444/3444 3445/3445/3445 
f 3445/3445/3445 3450/3450/3450 3449/3449/3449 
f 3451/3451/3451 3446/3446/3446 3444/3444/3444 
f 3446/3446/3446 3451/3451/3451 3447/3447/3447 
f 3444/3444/3444 3449/3449/3449 3451/3451/3451 
f 3447/3447/3447 3452/3452/3452 3448/3448/3448 
f 3452/3452/3452 3447/3447/3447 3451/3451/3451 
f 3453/3453/3453 3448/3448/3448 3452/3452/3452 
f 3454/3454/3454 3449/3449/3449 3450/3450/3450 
f 3450/3450/3450 3455/3455/3455 3454/3454/3454 
f 3454/3454/3454 3455/3455/3455 3456/3456/3456 
f 3457/3457/3457 3451/3451/3451 3449/3449/3449 
f 3451/3451/3451 3457/3457/3457 3452/3452/3452 
f 3449/3449/3449 3454/3454/3454 3457/3457/3457 
f 3452/3452/3452 3458/3458/3458 3453/3453/3453 
f 3458/3458/3458 3452/3452/3452 3457/3457/3457 
f 3457/3457/3457 3454/3454/3454 3458/3458/3458 
f 3456/3456/3456 3458/3458/3458 3454/3454/3454 
f 3459/3459/3459 3453/3453/3453 3458/3458/3458 
f 3458/3458/3458 3456/3456/3456 3459/3459/3459 
f 3460/3460/3460 3462/3462/3462 3461/3461/3461 
f 3461/3461/3461 3463/3463/3463 3460/3460/3460 
f 3464/3464/3464 3460/3460/3460 3463/3463/3463 
f 3463/3463/3463 3461/3461/3461 3465/3465/3465 
f 3463/3463/3463 3466/3466/3466 3464/3464/3464 
f 3467/3467/3467 3464/3464/3464 3466/3466/3466 
f 3465/3465/3465 3468/3468/3468 3463/3463/3463 
f 3466/3466/3466 3463/3463/3463 3468/3468/3468 
f 3466/3466/3466 3469/3469/3469 3467/3467/3467 
f 3470/3470/3470 3467/3467/3467 3469/3469/3469 
f 3471/3471/3471 3468/3468/3468 3465/3465/3465 
f 3465/3465/3465 3472/3472/3472 3471/3471/3471 
f 3468/3468/3468 3473/3473/3473 3466/3466/3466 
f 3469/3469/3469 3466/3466/3466 3473/3473/3473 
f 3474/3474/3474 3473/3473/3473 3468/3468/3468 
f 3473/3473/3473 3474/3474/3474 3469/3469/3469 
f 3468/3468/3468 3471/3471/3471 3474/3474/3474 
f 3469/3469/3469 3475/3475/3475 3470/3470/3470 
f 3475/3475/3475 3469/3469/3469 3474/3474/3474 
f 3476/3476/3476 3470/3470/3470 3475/3475/3475 
f 3477/3477/3477 3471/3471/3471 3472/3472/3472 
f 3472/3472/3472 3478/3478/3478 3477/3477/3477 
f 3479/3479/3479 3474/3474/3474 3471/3471/3471 
f 3474/3474/3474 3479/3479/3479 3475/3475/3475 
f 3471/3471/3471 3477/3477/3477 3479/3479/3479 
f 3475/3475/3475 3480/3480/3480 3476/3476/3476 
f 3480/3480/3480 3475/3475/3475 3479/3479/3479 
f 3481/3481/3481 3476/3476/3476 3480/3480/3480 
f 3482/3482/3482 3477/3477/3477 3478/3478/3478 
f 3478/3478/3478 3483/3483/3483 3482/3482/3482 
f 3484/3484/3484 3479/3479/3479 3477/3477/3477 
f 3479/3479/3479 3484/3484/3484 3480/3480/3480 
f 3477/3477/3477 3482/3482/3482 3484/3484/3484 
f 3480/3480/3480 3485/3485/3485 3481/3481/3481 
f 3485/3485/3485 3480/3480/3480 3484/3484/3484 
f 3486/3486/3486 3481/3481/3481 3485/3485/3485 
f 3487/3487/3487 3482/3482/3482 3483/3483/3483 
f 3483/3483/3483 3488/3488/3488 3487/3487/3487 
f 3487/3487/3487 3488/3488/3488 3489/3489/3489 
f 3490/3490/3490 3484/3484/3484 3482/3482/3482 
f 3484/3484/3484 3490/3490/3490 3485/3485/3485 
f 3482/3482/3482 3487/3487/3487 3490/3490/3490 
f 3485/3485/3485 3491/3491/3491 3486/3486/3486 
f 3491/3491/3491 3485/3485/3485 3490/3490/3490 
f 3490/3490/3490 3487/3487/3487 3491/3491/3491 
f 3489/3489/3489 3491/3491/3491 3487/3487/3487 
f 3492/3492/3492 3486/3486/3486 3491/3491/3491 
f 3491/3491/3491 3489/3489/3489 3492/3492/3492 
f 3493/3493/3493 3495/3495/3495 3494/3494/3494 
f 3494/3494/3494 3496/3496/3496 3493/3493/3493 
f 3497/3497/3497 3493/3493/3493 3496/3496/3496 
f 3496/3496/3496 3494/3494/3494 3498/3498/3498 
f 3496/3496/3496 3499/3499/3499 3497/3497/3497 
f 3500/3500/3500 3497/3497/3497 3499/3499/3499 
f 3498/3498/3498 3501/3501/3501 3496/3496/3496 
f 3499/3499/3499 3496/3496/3496 3501/3501/3501 
f 3499/3499/3499 3502/3502/3502 3500/3500/3500 
f 3503/3503/3503 3500/3500/3500 3502/3502/3502 
f 3504/3504/3504 3501/3501/3501 3498/3498/3498 
f 3498/3498/3498 3505/3505/3505 3504/3504/3504 
f 3501/3501/3501 3506/3506/3506 3499/3499/3499 
f 3502/3502/3502 3499/3499/3499 3506/3506/3506 
f 3507/3507/3507 3506/3506/3506 3501/3501/3501 
f 3506/3506/3506 3507/3507/3507 3502/3502/3502 
f 3501/3501/3501 3504/3504/3504 3507/3507/3507 
f 3502/3502/3502 3508/3508/3508 3503/3503/3503 
f 3508/3508/3508 3502/3502/3502 3507/3507/3507 
f 3509/3509/3509 3503/3503/3503 3508/3508/3508 
f 3510/3510/3510 3504/3504/3504 3505/3505/3505 
f 3505/3505/3505 3511/3511/3511 3510/3510/3510 
f 3512/3512/3512 3507/3507/3507 3504/3504/3504 
f 3507/3507/3507 3512/3512/3512 3508/3508/3508 
f 3504/3504/3504 3510/3510/3510 3512/3512/3512 
f 3508/3508/3508 3513/3513/3513 3509/3509/3509 
f 3513/3513/3513 3508/3508/3508 3512/3512/3512 
f 3514/3514/3514 3509/3509/3509 3513/3513/3513 
f 3515/3515/3515 3510/3510/3510 3511/3511/3511 
f 3511/3511/3511 3516/3516/3516 3515/3515/3515 
f 3517/3517/3517 3512/3512/3512 3510/3510/3510 
f 3512/3512/3512 3517/3517/3517 3513/3513/3513 
f 3510/3510/3510 3515/3515/3515 3517/3517/3517 
f 3513/3513/3513 3518/3518/3518 3514/3514/3514 
f 3518/3518/3518 3513/3513/3513 3517/3517/3517 
f 3519/3519/3519 3514/3514/3514 3518/3518/3518 
f 3520/3520/3520 3515/3515/3515 3516/3516/3516 
f 3516/3516/3516 3521/3521/3521 3520/3520/3520 
f 3520/3520/3520 3521/3521/3521 3522/3522/3522 
f 3523/3523/3523 3517/3517/3517 3515/3515/3515 
f 3517/3517/3517 3523/3523/3523 3518/3518/3518 
f 3515/3515/3515 3520/3520/3520 3523/3523/3523 
f 3518/3518/3518 3524/3524/3524 3519/3519/3519 
f 3524/3524/3524 3518/3518/3518 3523/3523/3523 
f 3523/3523/3523 3520/3520/3520 3524/3524/3524 
f 3522/3522/3522 3524/3524/3524 3520/3520/3520 
f 3525/3525/3525 3519/3519/3519 3524/3524/3524 
f 3524/3524/3524 3522/3522/3522 3525/3525/3525 
f 3526/3526/3526 3528/3528/3528 3527/3527/3527 
f 3527/3527/3527 3529/3529/3529 3526/3526/3526 
f 3530/3530/3530 3526/3526/3526 3529/3529/3529 
f 3529/3529/3529 3527/3527/3527 3531/3531/3531 
f 3529/3529/3529 3532/3532/3532 3530/3530/3530 
f 3533/3533/3533 3530/3530/3530 3532/3532/3532 
f 3531/3531/3531 3534/3534/3534 3529/3529/3529 
f 3532/3532/3532 3529/3529/3529 3534/3534/3534 
f 3532/3532/3532 3535/3535/3535 3533/3533/3533 
f 3536/3536/3536 3533/3533/3533 3535/3535/3535 
f 3537/3537/3537 3534/3534/3534 3531/3531/3531 
f 3531/3531/3531 3538/3538/3538 3537/3537/3537 
f 3534/3534/3534 3539/3539/3539 3532/3532/3532 
f 3535/3535/3535 3532/3532/3532 3539/3539/3539 
f 3540/3540/3540 3539/3539/3539 3534/3534/3534 
f 3539/3539/3539 3540/3540/3540 3535/3535/3535 
f 3534/3534/3534 3537/3537/3537 3540/3540/3540 
f 3535/3535/3535 3541/3541/3541 3536/3536/3536 
f 3541/3541/3541 3535/3535/3535 3540/3540/3540 
f 3542/3542/3542 3536/3536/3536 3541/3541/3541 
f 3543/3543/3543 3537/3537/3537 3538/3538/3538 
f 3538/3538/3538 3544/3544/3544 3543/3543/3543 
f 3545/3545/3545 3540/3540/3540 3537/3537/3537 
f 3540/3540/3540 3545/3545/3545 3541/3541/3541 
f 3537/3537/3537 3543/3543/3543 3545/3545/3545 
f 3541/3541/3541 3546/3546/3546 3542/3542/3542 
f 3546/3546/3546 3541/3541/3541 3545/3545/3545 
f 3547/3547/3547 3542/3542/3542 3546/3546/3546 
f 3548/3548/3548 3543/3543/3543 3544/3544/3544 
f 3544/3544/3544 3549/3549/3549 3548/3548/3548 
f 3550/3550/3550 3545/3545/3545 3543/3543/3543 
f 3545/3545/3545 3550/3550/3550 3546/3546/3546 
f 3543/3543/3543 3548/3548/3548 3550/3550/3550 
f 3546/3546/3546 3551/3551/3551 3547/3547/3547 
f 3551/3551/3551 3546/3546/3546 3550/3550/3550 
f 3552/3552/3552 3547/3547/3547 3551/3551/3551 
f 3553/3553/3553 3548/3548/3548 3549/3549/3549 
f 3549/3549/3549 3554/3554/3554 3553/3553/3553 
f 3553/3553/3553 3554/3554/3554 3555/3555/3555 
f 3556/3556/3556 3550/3550/3550 3548/3548/3548 
f 3550/3550/3550 3556/3556/3556 3551/3551/3551 
f 3548/3548/3548 3553/3553/3553 3556/3556/3556 
f 3551/3551/3551 3557/3557/3557 3552/3552/3552 
f 3557/3557/3557 3551/3551/3551 3556/3556/3556 
f 3556/3556/3556 3553/3553/3553 3557/3557/3557 
f 3555/3555/3555 3557/3557/3557 3553/3553/3553 
f 3558/3558/3558 3552/3552/3552 3557/3557/3557 
f 3557/3557/3557 3555/3555/3555 3558/3558/3558 
f 3559/3559/3559 3561/3561/3561 3560/3560/3560 
f 3559/3559/3559 3560/3560/3560 3562/3562/3562 
f 3560/3560/3560 3563/3563/3563 3562/3562/3562 
f 3564/3564/3564 3559/3559/3559 3562/3562/3562 
f 3565/3565/3565 3564/3564/3564 3562/3562/3562 
f 3562/3562/3562 3566/3566/3566 3565/3565/3565 
f 3567/3567/3567 3569/3569/3569 3568/3568/3568 
f 3568/3568/3568 3570/3570/3570 3567/3567/3567 
f 3571/3571/3571 3567/3567/3567 3570/3570/3570 
f 3570/3570/3570 3572/3572/3572 3571/3571/3571 
f 3573/3573/3573 3571/3571/3571 3572/3572/3572 
f 3572/3572/3572 3574/3574/3574 3573/3573/3573 
f 3575/3575/3575 3573/3573/3573 3574/3574/3574 
f 3574/3574/3574 3576/3576/3576 3575/3575/3575 
f 3577/3577/3577 3575/3575/3575 3576/3576/3576 
f 3576/3576/3576 3578/3578/3578 3577/3577/3577 
f 3579/3579/3579 3577/3577/3577 3578/3578/3578 
f 3578/3578/3578 3580/3580/3580 3579/3579/3579 
f 3581/3581/3581 3579/3579/3579 3580/3580/3580 
f 3580/3580/3580 3582/3582/3582 3581/3581/3581 
f 3583/3583/3583 3581/3581/3581 3582/3582/3582 
f 3582/3582/3582 3584/3584/3584 3583/3583/3583 
f 3585/3585/3585 3587/3587/3587 3586/3586/3586 
f 3586/3586/3586 3588/3588/3588 3585/3585/3585 
f 3589/3589/3589 3585/3585/3585 3588/3588/3588 
f 3588/3588/3588 3590/3590/3590 3589/3589/3589 
f 3591/3591/3591 3589/3589/3589 3590/3590/3590 
f 3590/3590/3590 3592/3592/3592 3591/3591/3591 
f 3593/3593/3593 3591/3591/3591 3592/3592/3592 
f 3592/3592/3592 3594/3594/3594 3593/3593/3593 
f 3595/3595/3595 3593/3593/3593 3594/3594/3594 
f 3594/3594/3594 3596/3596/3596 3595/3595/3595 
f 3597/3597/3597 3595/3595/3595 3596/3596/3596 
f 3596/3596/3596 3598/3598/3598 3597/3597/3597 
f 3599/3599/3599 3597/3597/3597 3598/3598/3598 
f 3598/3598/3598 3600/3600/3600 3599/3599/3599 
f 3601/3601/3601 3599/3599/3599 3600/3600/3600 
f 3600/3600/3600 3602/3602/3602 3601/3601/3601 
f 3603/3603/3603 3605/3605/3605 3604/3604/3604 
f 3604/3604/3604 3606/3606/3606 3603/3603/3603 
f 3607/3607/3607 3603/3603/3603 3606/3606/3606 
f 3606/3606/3606 3608/3608/3608 3607/3607/3607 
f 3609/3609/3609 3607/3607/3607 3608/3608/3608 
f 3608/3608/3608 3610/3610/3610 3609/3609/3609 
f 3611/3611/3611 3609/3609/3609 3610/3610/3610 
f 3610/3610/3610 3612/3612/3612 3611/3611/3611 
f 3613/3613/3613 3611/3611/3611 3612/3612/3612 
f 3612/3612/3612 3614/3614/3614 3613/3613/3613 
f 3615/3615/3615 3613/3613/3613 3614/3614/3614 
f 3614/3614/3614 3616/3616/3616 3615/3615/3615 
f 3617/3617/3617 3615/3615/3615 3616/3616/3616 
f 3616/3616/3616 3618/3618/3618 3617/3617/3617 
f 3619/3619/3619 3617/3617/3617 3618/3618/3618 
f 3618/3618/3618 3620/3620/3620 3619/3619/3619 
f 3621/3621/3621 3623/3623/3623 3622/3622/3622 
f 3621/3621/3621 3622/3622/3622 3624/3624/3624 
f 3621/3621/3621 3624/3624/3624 3625/3625/3625 
f 3621/3621/3621 3625/3625/3625 3626/3626/3626 
f 3621/3621/3621 3626/3626/3626 3627/3627/3627 
f 3621/3621/3621 3627/3627/3627 3628/3628/3628 
f 3621/3621/3621 3628/3628/3628 3629/3629/3629 
f 3629/3629/3629 3630/3630/3630 3621/3621/3621 
f 3631/3631/3631 3633/3633/3633 3632/3632/3632 
f 3632/3632/3632 3634/3634/3634 3631/3631/3631 
f 3631/3631/3631 3634/3634/3634 3635/3635/3635 
f 3635/3635/3635 3636/3636/3636 3631/3631/3631 
f 3636/3636/3636 3635/3635/3635 3637/3637/3637 
f 3637/3637/3637 3638/3638/3638 3636/3636/3636 
f 3638/3638/3638 3637/3637/3637 3639/3639/3639 
f 3639/3639/3639 3640/3640/3640 3638/3638/3638 
f 3641/3641/3641 3640/3640/3640 3639/3639/3639 
f 3639/3639/3639 3642/3642/3642 3641/3641/3641 
f 3641/3641/3641 3642/3642/3642 3643/3643/3643 
f 3643/3643/3643 3644/3644/3644 3641/3641/3641 
f 3644/3644/3644 3643/3643/3643 3645/3645/3645 
f 3645/3645/3645 3646/3646/3646 3644/3644/3644 
f 3646/3646/3646 3645/3645/3645 3647/3647/3647 
f 3647/3647/3647 3648/3648/3648 3646/3646/3646 
f 3649/3649/3649 3648/3648/3648 3647/3647/3647 
f 3647/3647/3647 3650/3650/3650 3649/3649/3649 
f 3651/3651/3651 3653/3653/3653 3652/3652/3652 
f 3651/3651/3651 3652/3652/3652 3654/3654/3654 
f 3651/3651/3651 3654/3654/3654 3655/3655/3655 
f 3651/3651/3651 3655/3655/3655 3656/3656/3656 
f 3651/3651/3651 3656/3656/3656 3657/3657/3657 
f 3651/3651/3651 3657/3657/3657 3658/3658/3658 
f 3651/3651/3651 3658/3658/3658 3659/3659/3659 
f 3659/3659/3659 3660/3660/3660 3651/3651/3651 
f 3661/3661/3661 3663/3663/3663 3662/3662/3662 
f 3662/3662/3662 3664/3664/3664 3661/3661/3661 
f 3665/3665/3665 3667/3667/3667 3666/3666/3666 
f 3666/3666/3666 3668/3668/3668 3665/3665/3665 
f 3669/3669/3669 3671/3671/3671 3670/3670/3670 
f 3670/3670/3670 3672/3672/3672 3669/3669/3669 
f 3673/3673/3673 3675/3675/3675 3674/3674/3674 
f 3673/3673/3673 3676/3676/3676 3675/3675/3675 
f 3675/3675/3675 3676/3676/3676 3677/3677/3677 
f 3678/3678/3678 3676/3676/3676 3673/3673/3673 
f 3676/3676/3676 3678/3678/3678 3679/3679/3679 
f 3679/3679/3679 3678/3678/3678 3680/3680/3680 
f 3673/3673/3673 3681/3681/3681 3678/3678/3678 
f 3673/3673/3673 3682/3682/3682 3681/3681/3681 
f 3683/3683/3683 3685/3685/3685 3684/3684/3684 
f 3683/3683/3683 3684/3684/3684 3686/3686/3686 
f 3686/3686/3686 3687/3687/3687 3683/3683/3683 
f 3688/3688/3688 3690/3690/3690 3689/3689/3689 
f 3689/3689/3689 3691/3691/3691 3688/3688/3688 
f 3692/3692/3692 3694/3694/3694 3693/3693/3693 
f 3693/3693/3693 3695/3695/3695 3692/3692/3692 
f 3696/3696/3696 3698/3698/3698 3697/3697/3697 
f 3697/3697/3697 3699/3699/3699 3696/3696/3696 
f 3700/3700/3700 3702/3702/3702 3701/3701/3701 
f 3701/3701/3701 3703/3703/3703 3700/3700/3700 
f 3700/3700/3700 3703/3703/3703 3704/3704/3704 
f 3704/3704/3704 3705/3705/3705 3700/3700/3700 
f 3706/3706/3706 3708/3708/3708 3707/3707/3707 
f 3707/3707/3707 3709/3709/3709 3706/3706/3706 
f 3710/3710/3710 3712/3712/3712 3711/3711/3711 
f 3711/3711/3711 3713/3713/3713 3710/3710/3710 
f 3714/3714/3714 3716/3716/3716 3715/3715/3715 
f 3715/3715/3715 3717/3717/3717 3714/3714/3714 
f 3718/3718/3718 3720/3720/3720 3719/3719/3719 
f 3719/3719/3719 3721/3721/3721 3718/3718/3718 
f 3722/3722/3722 3724/3724/3724 3723/3723/3723 
f 3723/3723/3723 3724/3724/3724 3725/3725/3725 
f 3726/3726/3726 3728/3728/3728 3727/3727/3727 
f 3726/3726/3726 3727/3727/3727 3729/3729/3729 
f 3729/3729/3729 3730/3730/3730 3726/3726/3726 
f 3730/3730/3730 3729/3729/3729 3731/3731/3731 
f 3732/3732/3732 3726/3726/3726 3730/3730/3730 
f 3726/3726/3726 3732/3732/3732 3733/3733/3733 
f 3734/3734/3734 3736/3736/3736 3735/3735/3735 
f 3735/3735/3735 3737/3737/3737 3734/3734/3734 
f 3738/3738/3738 3740/3740/3740 3739/3739/3739 
f 3739/3739/3739 3741/3741/3741 3738/3738/3738 
f 3742/3742/3742 3744/3744/3744 3743/3743/3743 
f 3743/3743/3743 3745/3745/3745 3742/3742/3742 
f 3746/3746/3746 3748/3748/3748 3747/3747/3747 
f 3747/3747/3747 3749/3749/3749 3746/3746/3746 
f 3750/3750/3750 3752/3752/3752 3751/3751/3751 
f 3751/3751/3751 3753/3753/3753 3750/3750/3750 
f 3754/3754/3754 3756/3756/3756 3755/3755/3755 
f 3755/3755/3755 3757/3757/3757 3754/3754/3754 
f 3758/3758/3758 3760/3760/3760 3759/3759/3759 
f 3759/3759/3759 3761/3761/3761 3758/3758/3758 
f 3762/3762/3762 3764/3764/3764 3763/3763/3763 
f 3762/3762/3762 3763/3763/3763 3765/3765/3765 
f 3765/3765/3765 3766/3766/3766 3762/3762/3762 
f 3767/3767/3767 3769/3769/3769 3768/3768/3768 
f 3768/3768/3768 3770/3770/3770 3767/3767/3767 
f 3771/3771/3771 3773/3773/3773 3772/3772/3772 
f 3772/3772/3772 3774/3774/3774 3771/3771/3771 
f 3775/3775/3775 3777/3777/3777 3776/3776/3776 
f 3776/3776/3776 3778/3778/3778 3775/3775/3775 
f 3779/3779/3779 3781/3781/3781 3780/3780/3780 
f 3780/3780/3780 3782/3782/3782 3779/3779/3779 
f 3783/3783/3783 3785/3785/3785 3784/3784/3784 
f 3783/3783/3783 3784/3784/3784 3786/3786/3786 
f 3787/3787/3787 3789/3789/3789 3788/3788/3788 
f 3788/3788/3788 3790/3790/3790 3787/3787/3787 
f 3791/3791/3791 3793/3793/3793 3792/3792/3792 
f 3792/3792/3792 3794/3794/3794 3791/3791/3791 
f 3795/3795/3795 3797/3797/3797 3796/3796/3796 
f 3796/3796/3796 3798/3798/3798 3795/3795/3795 
f 3799/3799/3799 3801/3801/3801 3800/3800/3800 
f 3800/3800/3800 3802/3802/3802 3799/3799/3799 
f 3803/3803/3803 3805/3805/3805 3804/3804/3804 
f 3804/3804/3804 3806/3806/3806 3803/3803/3803 
f 3807/3807/3807 3809/3809/3809 3808/3808/3808 
f 3807/3807/3807 3808/3808/3808 3810/3810/3810 
f 3807/3807/3807 3810/3810/3810 3811/3811/3811 
f 3811/3811/3811 3812/3812/3812 3807/3807/3807 
f 3813/3813/3813 3815/3815/3815 3814/3814/3814 
f 3814/3814/3814 3816/3816/3816 3813/3813/3813 
f 3817/3817/3817 3819/3819/3819 3818/3818/3818 
f 3819/3819/3819 3820/3820/3820 3818/3818/3818 
f 3821/3821/3821 3823/3823/3823 3822/3822/3822 
f 3822/3822/3822 3824/3824/3824 3821/3821/3821 
f 3825/3825/3825 3827/3827/3827 3826/3826/3826 
f 3826/3826/3826 3828/3828/3828 3825/3825/3825 
f 3829/3829/3829 3831/3831/3831 3830/3830/3830 
f 3830/3830/3830 3832/3832/3832 3829/3829/3829 
f 3833/3833/3833 3835/3835/3835 3834/3834/3834 
f 3834/3834/3834 3836/3836/3836 3833/3833/3833 
f 3837/3837/3837 3839/3839/3839 3838/3838/3838 
f 3838/3838/3838 3840/3840/3840 3837/3837/3837 
f 3841/3841/3841 3843/3843/3843 3842/3842/3842 
f 3842/3842/3842 3844/3844/3844 3841/3841/3841 
f 3845/3845/3845 3847/3847/3847 3846/3846/3846 
f 3846/3846/3846 3848/3848/3848 3845/3845/3845 
f 3849/3849/3849 3851/3851/3851 3850/3850/3850 
f 3850/3850/3850 3852/3852/3852 3849/3849/3849 
f 3853/3853/3853 3855/3855/3855 3854/3854/3854 
f 3854/3854/3854 3856/3856/3856 3853/3853/3853 
f 3857/3857/3857 3859/3859/3859 3858/3858/3858 
f 3858/3858/3858 3860/3860/3860 3857/3857/3857 
f 3861/3861/3861 3863/3863/3863 3862/3862/3862 
f 3862/3862/3862 3864/3864/3864 3861/3861/3861 
f 3865/3865/3865 3867/3867/3867 3866/3866/3866 
f 3866/3866/3866 3868/3868/3868 3865/3865/3865 
f 3869/3869/3869 3871/3871/3871 3870/3870/3870 
f 3870/3870/3870 3872/3872/3872 3869/3869/3869 
f 3873/3873/3873 3875/3875/3875 3874/3874/3874 
f 3874/3874/3874 3876/3876/3876 3873/3873/3873 
f 3877/3877/3877 3879/3879/3879 3878/3878/3878 
f 3878/3878/3878 3880/3880/3880 3877/3877/3877 
f 3881/3881/3881 3883/3883/3883 3882/3882/3882 
f 3882/3882/3882 3884/3884/3884 3881/3881/3881 
f 3885/3885/3885 3887/3887/3887 3886/3886/3886 
f 3886/3886/3886 3888/3888/3888 3885/3885/3885 
f 3889/3889/3889 3891/3891/3891 3890/3890/3890 
f 3890/3890/3890 3892/3892/3892 3889/3889/3889 
f 3893/3893/3893 3895/3895/3895 3894/3894/3894 
f 3894/3894/3894 3896/3896/3896 3893/3893/3893 
f 3897/3897/3897 3899/3899/3899 3898/3898/3898 
f 3898/3898/3898 3900/3900/3900 3897/3897/3897 
f 3901/3901/3901 3903/3903/3903 3902/3902/3902 
f 3902/3902/3902 3904/3904/3904 3901/3901/3901 
f 3905/3905/3905 3907/3907/3907 3906/3906/3906 
f 3906/3906/3906 3908/3908/3908 3905/3905/3905 
f 3909/3909/3909 3911/3911/3911 3910/3910/3910 
f 3910/3910/3910 3912/3912/3912 3909/3909/3909 
f 3913/3913/3913 3915/3915/3915 3914/3914/3914 
f 3914/3914/3914 3916/3916/3916 3913/3913/3913 
f 3916/3916/3916 3914/3914/3914 3917/3917/3917 
f 3913/3913/3913 3916/3916/3916 3918/3918/3918 
f 3918/3918/3918 3919/3919/3919 3913/3913/3913 
f 3920/3920/3920 3918/3918/3918 3916/3916/3916 
f 3917/3917/3917 3921/3921/3921 3916/3916/3916 
f 3916/3916/3916 3921/3921/3921 3920/3920/3920 
f 3921/3921/3921 3917/3917/3917 3922/3922/3922 
f 3920/3920/3920 3921/3921/3921 3923/3923/3923 
f 3922/3922/3922 3923/3923/3923 3921/3921/3921 
f 3923/3923/3923 3924/3924/3924 3920/3920/3920 
f 3923/3923/3923 3922/3922/3922 3925/3925/3925 
f 3924/3924/3924 3923/3923/3923 3926/3926/3926 
f 3925/3925/3925 3926/3926/3926 3923/3923/3923 
f 3926/3926/3926 3927/3927/3927 3924/3924/3924 
f 3926/3926/3926 3925/3925/3925 3928/3928/3928 
f 3927/3927/3927 3926/3926/3926 3929/3929/3929 
f 3928/3928/3928 3929/3929/3929 3926/3926/3926 
f 3929/3929/3929 3930/3930/3930 3927/3927/3927 
f 3929/3929/3929 3928/3928/3928 3931/3931/3931 
f 3930/3930/3930 3929/3929/3929 3932/3932/3932 
f 3931/3931/3931 3932/3932/3932 3929/3929/3929 
f 3932/3932/3932 3933/3933/3933 3930/3930/3930 
f 3932/3932/3932 3931/3931/3931 3934/3934/3934 
f 3933/3933/3933 3932/3932/3932 3935/3935/3935 
f 3934/3934/3934 3935/3935/3935 3932/3932/3932 
f 3935/3935/3935 3936/3936/3936 3933/3933/3933 
f 3937/3937/3937 3935/3935/3935 3934/3934/3934 
f 3936/3936/3936 3935/3935/3935 3937/3937/3937 
f 3934/3934/3934 3938/3938/3938 3937/3937/3937 
f 3937/3937/3937 3939/3939/3939 3936/3936/3936 
f 3940/3940/3940 3942/3942/3942 3941/3941/3941 
f 3941/3941/3941 3943/3943/3943 3940/3940/3940 
f 3943/3943/3943 3941/3941/3941 3944/3944/3944 
f 3944/3944/3944 3945/3945/3945 3943/3943/3943 
f 3940/3940/3940 3943/3943/3943 3945/3945/3945 
f 3945/3945/3945 3944/3944/3944 3946/3946/3946 
f 3947/3947/3947 3940/3940/3940 3945/3945/3945 
f 3948/3948/3948 3940/3940/3940 3947/3947/3947 
f 3947/3947/3947 3949/3949/3949 3948/3948/3948 
f 3949/3949/3949 3947/3947/3947 3950/3950/3950 
f 3950/3950/3950 3947/3947/3947 3945/3945/3945 
f 3950/3950/3950 3951/3951/3951 3949/3949/3949 
f 3946/3946/3946 3952/3952/3952 3945/3945/3945 
f 3945/3945/3945 3952/3952/3952 3950/3950/3950 
f 3952/3952/3952 3946/3946/3946 3953/3953/3953 
f 3953/3953/3953 3954/3954/3954 3952/3952/3952 
f 3952/3952/3952 3954/3954/3954 3950/3950/3950 
f 3954/3954/3954 3953/3953/3953 3955/3955/3955 
f 3956/3956/3956 3955/3955/3955 3951/3951/3951 
f 3951/3951/3951 3950/3950/3950 3956/3956/3956 
f 3955/3955/3955 3956/3956/3956 3954/3954/3954 
f 3954/3954/3954 3956/3956/3956 3950/3950/3950 
f 3957/3957/3957 3959/3959/3959 3958/3958/3958 
f 3958/3958/3958 3960/3960/3960 3957/3957/3957 
f 3960/3960/3960 3958/3958/3958 3961/3961/3961 
f 3961/3961/3961 3962/3962/3962 3960/3960/3960 
f 3962/3962/3962 3961/3961/3961 3963/3963/3963 
f 3963/3963/3963 3964/3964/3964 3962/3962/3962 
f 3964/3964/3964 3963/3963/3963 3965/3965/3965 
f 3965/3965/3965 3966/3966/3966 3964/3964/3964 
f 3966/3966/3966 3965/3965/3965 3967/3967/3967 
f 3967/3967/3967 3968/3968/3968 3966/3966/3966 
f 3968/3968/3968 3967/3967/3967 3969/3969/3969 
f 3969/3969/3969 3970/3970/3970 3968/3968/3968 
f 3970/3970/3970 3969/3969/3969 3971/3971/3971 
f 3971/3971/3971 3972/3972/3972 3970/3970/3970 
f 3972/3972/3972 3971/3971/3971 3973/3973/3973 
f 3973/3973/3973 3974/3974/3974 3972/3972/3972 
f 3974/3974/3974 3973/3973/3973 3975/3975/3975 
f 3975/3975/3975 3976/3976/3976 3974/3974/3974 
f 3976/3976/3976 3975/3975/3975 3977/3977/3977 
f 3977/3977/3977 3978/3978/3978 3976/3976/3976 
f 3978/3978/3978 3977/3977/3977 3979/3979/3979 
f 3979/3979/3979 3980/3980/3980 3978/3978/3978 
f 3980/3980/3980 3979/3979/3979 3981/3981/3981 
f 3981/3981/3981 3982/3982/3982 3980/3980/3980 
f 3983/3983/3983 3982/3982/3982 3981/3981/3981 
f 3981/3981/3981 3984/3984/3984 3983/3983/3983 
f 3983/3983/3983 3984/3984/3984 3985/3985/3985 
f 3985/3985/3985 3986/3986/3986 3983/3983/3983 
f 3987/3987/3987 3989/3989/3989 3988/3988/3988 
f 3988/3988/3988 3990/3990/3990 3987/3987/3987 
f 3988/3988/3988 3991/3991/3991 3990/3990/3990 
f 3990/3990/3990 3992/3992/3992 3987/3987/3987 
f 3990/3990/3990 3993/3993/3993 3992/3992/3992 
f 3992/3992/3992 3994/3994/3994 3987/3987/3987 
f 3995/3995/3995 3987/3987/3987 3994/3994/3994 
f 3996/3996/3996 3995/3995/3995 3994/3994/3994 
f 3994/3994/3994 3997/3997/3997 3996/3996/3996 
f 3992/3992/3992 3998/3998/3998 3994/3994/3994 
f 3992/3992/3992 3999/3999/3999 3998/3998/3998 
f 3998/3998/3998 4000/4000/4000 3994/3994/3994 
f 4001/4001/4001 4003/4003/4003 4002/4002/4002 
f 4001/4001/4001 4002/4002/4002 4004/4004/4004 
f 4002/4002/4002 4005/4005/4005 4004/4004/4004 
f 4006/4006/4006 4001/4001/4001 4004/4004/4004 
f 4007/4007/4007 4006/4006/4006 4004/4004/4004 
f 4004/4004/4004 4008/4008/4008 4007/4007/4007 
f 4004/4004/4004 4009/4009/4009 4008/4008/4008 
f 4008/4008/4008 4010/4010/4010 4007/4007/4007 
f 4008/4008/4008 4011/4011/4011 4010/4010/4010 
f 4010/4010/4010 4012/4012/4012 4007/4007/4007 
f 4010/4010/4010 4013/4013/4013 4012/4012/4012 
f 4012/4012/4012 4014/4014/4014 4007/4007/4007 
f 4015/4015/4015 4017/4017/4017 4016/4016/4016 
f 4016/4016/4016 4017/4017/4017 4018/4018/4018 
f 4015/4015/4015 4016/4016/4016 4019/4019/4019 
f 4019/4019/4019 4020/4020/4020 4015/4015/4015 
f 4021/4021/4021 4020/4020/4020 4019/4019/4019 
f 4018/4018/4018 4022/4022/4022 4016/4016/4016 
f 4018/4018/4018 4023/4023/4023 4022/4022/4022 
f 4022/4022/4022 4023/4023/4023 4024/4024/4024 
f 4024/4024/4024 4025/4025/4025 4022/4022/4022 
f 4025/4025/4025 4024/4024/4024 4026/4026/4026 
f 4021/4021/4021 4019/4019/4019 4027/4027/4027 
f 4027/4027/4027 4028/4028/4028 4021/4021/4021 
f 4029/4029/4029 4028/4028/4028 4027/4027/4027 
f 4026/4026/4026 4030/4030/4030 4025/4025/4025 
f 4026/4026/4026 4031/4031/4031 4030/4030/4030 
f 4030/4030/4030 4031/4031/4031 4032/4032/4032 
f 4029/4029/4029 4027/4027/4027 4033/4033/4033 
f 4033/4033/4033 4034/4034/4034 4029/4029/4029 
f 4035/4035/4035 4034/4034/4034 4033/4033/4033 
f 4032/4032/4032 4036/4036/4036 4030/4030/4030 
f 4032/4032/4032 4037/4037/4037 4036/4036/4036 
f 4036/4036/4036 4037/4037/4037 4038/4038/4038 
f 4035/4035/4035 4033/4033/4033 4039/4039/4039 
f 4039/4039/4039 4040/4040/4040 4035/4035/4035 
f 4041/4041/4041 4040/4040/4040 4039/4039/4039 
f 4038/4038/4038 4042/4042/4042 4036/4036/4036 
f 4038/4038/4038 4043/4043/4043 4042/4042/4042 
f 4042/4042/4042 4043/4043/4043 4044/4044/4044 
f 4041/4041/4041 4039/4039/4039 4045/4045/4045 
f 4044/4044/4044 4046/4046/4046 4042/4042/4042 
f 4044/4044/4044 4047/4047/4047 4046/4046/4046 
f 4046/4046/4046 4047/4047/4047 4048/4048/4048 
f 4048/4048/4048 4045/4045/4045 4046/4046/4046 
f 4045/4045/4045 4049/4049/4049 4041/4041/4041 
f 4048/4048/4048 4050/4050/4050 4045/4045/4045 
f 4050/4050/4050 4049/4049/4049 4045/4045/4045 
f 4051/4051/4051 4053/4053/4053 4052/4052/4052 
f 4054/4054/4054 4051/4051/4051 4052/4052/4052 
f 4053/4053/4053 4055/4055/4055 4052/4052/4052 
f 4056/4056/4056 4054/4054/4054 4052/4052/4052 
f 4055/4055/4055 4057/4057/4057 4052/4052/4052 
f 4058/4058/4058 4056/4056/4056 4052/4052/4052 
f 4057/4057/4057 4059/4059/4059 4052/4052/4052 
f 4060/4060/4060 4058/4058/4058 4052/4052/4052 
f 4059/4059/4059 4061/4061/4061 4052/4052/4052 
f 4062/4062/4062 4060/4060/4060 4052/4052/4052 
f 4061/4061/4061 4063/4063/4063 4052/4052/4052 
f 4064/4064/4064 4062/4062/4062 4052/4052/4052 
f 4063/4063/4063 4065/4065/4065 4052/4052/4052 
f 4066/4066/4066 4064/4064/4064 4052/4052/4052 
f 4065/4065/4065 4067/4067/4067 4052/4052/4052 
f 4068/4068/4068 4066/4066/4066 4052/4052/4052 
f 4067/4067/4067 4069/4069/4069 4052/4052/4052 
f 4070/4070/4070 4068/4068/4068 4052/4052/4052 
f 4069/4069/4069 4071/4071/4071 4052/4052/4052 
f 4072/4072/4072 4070/4070/4070 4052/4052/4052 
f 4071/4071/4071 4073/4073/4073 4052/4052/4052 
f 4074/4074/4074 4072/4072/4072 4052/4052/4052 
f 4073/4073/4073 4075/4075/4075 4052/4052/4052 
f 4075/4075/4075 4074/4074/4074 4052/4052/4052 
f 4076/4076/4076 4078/4078/4078 4077/4077/4077 
f 4079/4079/4079 4078/4078/4078 4076/4076/4076 
f 4077/4077/4077 4080/4080/4080 4076/4076/4076 
f 4077/4077/4077 4081/4081/4081 4080/4080/4080 
f 4080/4080/4080 4081/4081/4081 4082/4082/4082 
f 4079/4079/4079 4076/4076/4076 4083/4083/4083 
f 4082/4082/4082 4084/4084/4084 4080/4080/4080 
f 4082/4082/4082 4085/4085/4085 4084/4084/4084 
f 4084/4084/4084 4085/4085/4085 4086/4086/4086 
f 4086/4086/4086 4087/4087/4087 4084/4084/4084 
f 4087/4087/4087 4086/4086/4086 4088/4088/4088 
f 4083/4083/4083 4089/4089/4089 4079/4079/4079 
f 4090/4090/4090 4089/4089/4089 4083/4083/4083 
f 4091/4091/4091 4090/4090/4090 4083/4083/4083 
f 4088/4088/4088 4092/4092/4092 4087/4087/4087 
f 4088/4088/4088 4093/4093/4093 4092/4092/4092 
f 4092/4092/4092 4093/4093/4093 4094/4094/4094 
f 4091/4091/4091 4083/4083/4083 4095/4095/4095 
f 4095/4095/4095 4096/4096/4096 4091/4091/4091 
f 4097/4097/4097 4096/4096/4096 4095/4095/4095 
f 4094/4094/4094 4098/4098/4098 4092/4092/4092 
f 4097/4097/4097 4095/4095/4095 4098/4098/4098 
f 4094/4094/4094 4099/4099/4099 4098/4098/4098 
f 4098/4098/4098 4099/4099/4099 4097/4097/4097 
f 4100/4100/4100 4102/4102/4102 4101/4101/4101 
f 4103/4103/4103 4102/4102/4102 4100/4100/4100 
f 4101/4101/4101 4104/4104/4104 4100/4100/4100 
f 4103/4103/4103 4100/4100/4100 4105/4105/4105 
f 4105/4105/4105 4106/4106/4106 4103/4103/4103 
f 4107/4107/4107 4106/4106/4106 4105/4105/4105 
f 4101/4101/4101 4108/4108/4108 4104/4104/4104 
f 4108/4108/4108 4109/4109/4109 4104/4104/4104 
f 4104/4104/4104 4109/4109/4109 4110/4110/4110 
f 4107/4107/4107 4105/4105/4105 4111/4111/4111 
f 4111/4111/4111 4112/4112/4112 4107/4107/4107 
f 4113/4113/4113 4112/4112/4112 4111/4111/4111 
f 4110/4110/4110 4114/4114/4114 4104/4104/4104 
f 4110/4110/4110 4115/4115/4115 4114/4114/4114 
f 4114/4114/4114 4115/4115/4115 4116/4116/4116 
f 4113/4113/4113 4111/4111/4111 4117/4117/4117 
f 4117/4117/4117 4118/4118/4118 4113/4113/4113 
f 4119/4119/4119 4118/4118/4118 4117/4117/4117 
f 4119/4119/4119 4117/4117/4117 4120/4120/4120 
f 4120/4120/4120 4121/4121/4121 4119/4119/4119 
f 4116/4116/4116 4122/4122/4122 4114/4114/4114 
f 4116/4116/4116 4123/4123/4123 4122/4122/4122 
f 4122/4122/4122 4123/4123/4123 4124/4124/4124 
f 4121/4121/4121 4120/4120/4120 4125/4125/4125 
f 4125/4125/4125 4126/4126/4126 4121/4121/4121 
f 4127/4127/4127 4126/4126/4126 4125/4125/4125 
f 4124/4124/4124 4128/4128/4128 4122/4122/4122 
f 4124/4124/4124 4129/4129/4129 4128/4128/4128 
f 4128/4128/4128 4129/4129/4129 4130/4130/4130 
f 4127/4127/4127 4125/4125/4125 4131/4131/4131 
f 4131/4131/4131 4132/4132/4132 4127/4127/4127 
f 4133/4133/4133 4132/4132/4132 4131/4131/4131 
f 4130/4130/4130 4134/4134/4134 4128/4128/4128 
f 4133/4133/4133 4131/4131/4131 4134/4134/4134 
f 4130/4130/4130 4135/4135/4135 4134/4134/4134 
f 4134/4134/4134 4135/4135/4135 4133/4133/4133 
f 4136/4136/4136 4138/4138/4138 4137/4137/4137 
f 4136/4136/4136 4139/4139/4139 4138/4138/4138 
f 4137/4137/4137 4140/4140/4140 4136/4136/4136 
f 4140/4140/4140 4137/4137/4137 4141/4141/4141 
f 4140/4140/4140 4141/4141/4141 4142/4142/4142 
f 4139/4139/4139 4136/4136/4136 4143/4143/4143 
f 4143/4143/4143 4144/4144/4144 4139/4139/4139 
f 4143/4143/4143 4145/4145/4145 4144/4144/4144 
f 4142/4142/4142 4146/4146/4146 4140/4140/4140 
f 4146/4146/4146 4142/4142/4142 4147/4147/4147 
f 4146/4146/4146 4147/4147/4147 4148/4148/4148 
f 4145/4145/4145 4143/4143/4143 4149/4149/4149 
f 4148/4148/4148 4150/4150/4150 4146/4146/4146 
f 4150/4150/4150 4148/4148/4148 4151/4151/4151 
f 4150/4150/4150 4151/4151/4151 4152/4152/4152 
f 4152/4152/4152 4153/4153/4153 4150/4150/4150 
f 4153/4153/4153 4152/4152/4152 4154/4154/4154 
f 4149/4149/4149 4155/4155/4155 4145/4145/4145 
f 4149/4149/4149 4156/4156/4156 4155/4155/4155 
f 4149/4149/4149 4157/4157/4157 4156/4156/4156 
f 4154/4154/4154 4158/4158/4158 4153/4153/4153 
f 4158/4158/4158 4154/4154/4154 4159/4159/4159 
f 4158/4158/4158 4159/4159/4159 4160/4160/4160 
f 4157/4157/4157 4149/4149/4149 4161/4161/4161 
f 4161/4161/4161 4162/4162/4162 4157/4157/4157 
f 4161/4161/4161 4163/4163/4163 4162/4162/4162 
f 4160/4160/4160 4164/4164/4164 4158/4158/4158 
f 4164/4164/4164 4160/4160/4160 4165/4165/4165 
f 4164/4164/4164 4165/4165/4165 4166/4166/4166 
f 4163/4163/4163 4161/4161/4161 4167/4167/4167 
f 4167/4167/4167 4168/4168/4168 4163/4163/4163 
f 4167/4167/4167 4169/4169/4169 4168/4168/4168 
f 4166/4166/4166 4170/4170/4170 4164/4164/4164 
f 4169/4169/4169 4167/4167/4167 4170/4170/4170 
f 4170/4170/4170 4166/4166/4166 4171/4171/4171 
f 4170/4170/4170 4171/4171/4171 4169/4169/4169 
f 4172/4172/4172 4174/4174/4174 4173/4173/4173 
f 4173/4173/4173 4174/4174/4174 4175/4175/4175 
f 4172/4172/4172 4173/4173/4173 4176/4176/4176 
f 4176/4176/4176 4177/4177/4177 4172/4172/4172 
f 4178/4178/4178 4177/4177/4177 4176/4176/4176 
f 4175/4175/4175 4179/4179/4179 4173/4173/4173 
f 4175/4175/4175 4180/4180/4180 4179/4179/4179 
f 4179/4179/4179 4180/4180/4180 4181/4181/4181 
f 4178/4178/4178 4176/4176/4176 4182/4182/4182 
f 4182/4182/4182 4183/4183/4183 4178/4178/4178 
f 4184/4184/4184 4183/4183/4183 4182/4182/4182 
f 4184/4184/4184 4182/4182/4182 4185/4185/4185 
f 4185/4185/4185 4186/4186/4186 4184/4184/4184 
f 4181/4181/4181 4187/4187/4187 4179/4179/4179 
f 4181/4181/4181 4188/4188/4188 4187/4187/4187 
f 4187/4187/4187 4188/4188/4188 4189/4189/4189 
f 4186/4186/4186 4185/4185/4185 4190/4190/4190 
f 4190/4190/4190 4191/4191/4191 4186/4186/4186 
f 4192/4192/4192 4191/4191/4191 4190/4190/4190 
f 4189/4189/4189 4193/4193/4193 4187/4187/4187 
f 4192/4192/4192 4190/4190/4190 4194/4194/4194 
f 4194/4194/4194 4195/4195/4195 4192/4192/4192 
f 4196/4196/4196 4195/4195/4195 4194/4194/4194 
f 4189/4189/4189 4197/4197/4197 4193/4193/4193 
f 4197/4197/4197 4198/4198/4198 4193/4193/4193 
f 4193/4193/4193 4198/4198/4198 4199/4199/4199 
f 4196/4196/4196 4194/4194/4194 4200/4200/4200 
f 4200/4200/4200 4201/4201/4201 4196/4196/4196 
f 4202/4202/4202 4201/4201/4201 4200/4200/4200 
f 4199/4199/4199 4203/4203/4203 4193/4193/4193 
f 4199/4199/4199 4204/4204/4204 4203/4203/4203 
f 4203/4203/4203 4204/4204/4204 4205/4205/4205 
f 4202/4202/4202 4200/4200/4200 4206/4206/4206 
f 4205/4205/4205 4206/4206/4206 4203/4203/4203 
f 4206/4206/4206 4207/4207/4207 4202/4202/4202 
f 4205/4205/4205 4207/4207/4207 4206/4206/4206 
f 4208/4208/4208 4210/4210/4210 4209/4209/4209 
f 4210/4210/4210 4208/4208/4208 4211/4211/4211 
f 4209/4209/4209 4212/4212/4212 4208/4208/4208 
f 4211/4211/4211 4213/4213/4213 4210/4210/4210 
f 4212/4212/4212 4209/4209/4209 4214/4214/4214 
f 4213/4213/4213 4211/4211/4211 4215/4215/4215 
f 4214/4214/4214 4216/4216/4216 4212/4212/4212 
f 4215/4215/4215 4217/4217/4217 4213/4213/4213 
f 4216/4216/4216 4214/4214/4214 4218/4218/4218 
f 4217/4217/4217 4215/4215/4215 4219/4219/4219 
f 4218/4218/4218 4220/4220/4220 4216/4216/4216 
f 4219/4219/4219 4221/4221/4221 4217/4217/4217 
f 4220/4220/4220 4218/4218/4218 4222/4222/4222 
f 4221/4221/4221 4219/4219/4219 4223/4223/4223 
f 4222/4222/4222 4224/4224/4224 4220/4220/4220 
f 4223/4223/4223 4225/4225/4225 4221/4221/4221 
f 4224/4224/4224 4222/4222/4222 4226/4226/4226 
f 4225/4225/4225 4223/4223/4223 4227/4227/4227 
f 4226/4226/4226 4228/4228/4228 4224/4224/4224 
f 4227/4227/4227 4229/4229/4229 4225/4225/4225 
f 4228/4228/4228 4226/4226/4226 4230/4230/4230 
f 4229/4229/4229 4227/4227/4227 4231/4231/4231 
f 4230/4230/4230 4232/4232/4232 4228/4228/4228 
f 4231/4231/4231 4233/4233/4233 4229/4229/4229 
f 4232/4232/4232 4230/4230/4230 4234/4234/4234 
f 4233/4233/4233 4231/4231/4231 4235/4235/4235 
f 4234/4234/4234 4236/4236/4236 4232/4232/4232 
f 4235/4235/4235 4237/4237/4237 4233/4233/4233 
f 4236/4236/4236 4234/4234/4234 4238/4238/4238 
f 4237/4237/4237 4235/4235/4235 4239/4239/4239 
f 4238/4238/4238 4240/4240/4240 4236/4236/4236 
f 4239/4239/4239 4241/4241/4241 4237/4237/4237 
f 4240/4240/4240 4238/4238/4238 4242/4242/4242 
f 4241/4241/4241 4239/4239/4239 4243/4243/4243 
f 4242/4242/4242 4244/4244/4244 4240/4240/4240 
f 4243/4243/4243 4245/4245/4245 4241/4241/4241 
f 4244/4244/4244 4242/4242/4242 4246/4246/4246 
f 4245/4245/4245 4243/4243/4243 4247/4247/4247 
f 4246/4246/4246 4248/4248/4248 4244/4244/4244 
f 4247/4247/4247 4249/4249/4249 4245/4245/4245 
f 4248/4248/4248 4246/4246/4246 4250/4250/4250 
f 4249/4249/4249 4247/4247/4247 4251/4251/4251 
f 4250/4250/4250 4252/4252/4252 4248/4248/4248 
f 4251/4251/4251 4253/4253/4253 4249/4249/4249 
f 4252/4252/4252 4250/4250/4250 4254/4254/4254 
f 4253/4253/4253 4251/4251/4251 4255/4255/4255 
f 4254/4254/4254 4255/4255/4255 4252/4252/4252 
f 4255/4255/4255 4254/4254/4254 4253/4253/4253 
f 4256/4256/4256 4258/4258/4258 4257/4257/4257 
f 4257/4257/4257 4259/4259/4259 4256/4256/4256 
f 4258/4258/4258 4256/4256/4256 4260/4260/4260 
f 4259/4259/4259 4257/4257/4257 4261/4261/4261 
f 4260/4260/4260 4262/4262/4262 4258/4258/4258 
f 4261/4261/4261 4263/4263/4263 4259/4259/4259 
f 4262/4262/4262 4260/4260/4260 4264/4264/4264 
f 4263/4263/4263 4261/4261/4261 4265/4265/4265 
f 4264/4264/4264 4266/4266/4266 4262/4262/4262 
f 4265/4265/4265 4267/4267/4267 4263/4263/4263 
f 4266/4266/4266 4264/4264/4264 4268/4268/4268 
f 4267/4267/4267 4265/4265/4265 4269/4269/4269 
f 4268/4268/4268 4270/4270/4270 4266/4266/4266 
f 4269/4269/4269 4271/4271/4271 4267/4267/4267 
f 4270/4270/4270 4268/4268/4268 4272/4272/4272 
f 4271/4271/4271 4269/4269/4269 4273/4273/4273 
f 4272/4272/4272 4274/4274/4274 4270/4270/4270 
f 4273/4273/4273 4275/4275/4275 4271/4271/4271 
f 4274/4274/4274 4272/4272/4272 4276/4276/4276 
f 4275/4275/4275 4273/4273/4273 4277/4277/4277 
f 4276/4276/4276 4278/4278/4278 4274/4274/4274 
f 4277/4277/4277 4279/4279/4279 4275/4275/4275 
f 4278/4278/4278 4276/4276/4276 4280/4280/4280 
f 4279/4279/4279 4277/4277/4277 4281/4281/4281 
f 4280/4280/4280 4282/4282/4282 4278/4278/4278 
f 4281/4281/4281 4283/4283/4283 4279/4279/4279 
f 4282/4282/4282 4280/4280/4280 4284/4284/4284 
f 4283/4283/4283 4281/4281/4281 4285/4285/4285 
f 4284/4284/4284 4286/4286/4286 4282/4282/4282 
f 4285/4285/4285 4287/4287/4287 4283/4283/4283 
f 4286/4286/4286 4284/4284/4284 4288/4288/4288 
f 4287/4287/4287 4285/4285/4285 4289/4289/4289 
f 4288/4288/4288 4290/4290/4290 4286/4286/4286 
f 4289/4289/4289 4291/4291/4291 4287/4287/4287 
f 4290/4290/4290 4288/4288/4288 4292/4292/4292 
f 4291/4291/4291 4289/4289/4289 4293/4293/4293 
f 4292/4292/4292 4294/4294/4294 4290/4290/4290 
f 4293/4293/4293 4295/4295/4295 4291/4291/4291 
f 4294/4294/4294 4292/4292/4292 4296/4296/4296 
f 4295/4295/4295 4293/4293/4293 4297/4297/4297 
f 4296/4296/4296 4298/4298/4298 4294/4294/4294 
f 4297/4297/4297 4299/4299/4299 4295/4295/4295 
f 4298/4298/4298 4296/4296/4296 4300/4300/4300 
f 4299/4299/4299 4297/4297/4297 4301/4301/4301 
f 4300/4300/4300 4302/4302/4302 4298/4298/4298 
f 4301/4301/4301 4303/4303/4303 4299/4299/4299 
f 4302/4302/4302 4300/4300/4300 4303/4303/4303 
f 4303/4303/4303 4301/4301/4301 4302/4302/4302 
f 4304/4304/4304 4306/4306/4306 4305/4305/4305 
f 4305/4305/4305 4307/4307/4307 4304/4304/4304 
f 4306/4306/4306 4304/4304/4304 4308/4308/4308 
f 4307/4307/4307 4305/4305/4305 4309/4309/4309 
f 4308/4308/4308 4310/4310/4310 4306/4306/4306 
f 4309/4309/4309 4311/4311/4311 4307/4307/4307 
f 4310/4310/4310 4308/4308/4308 4312/4312/4312 
f 4311/4311/4311 4309/4309/4309 4313/4313/4313 
f 4312/4312/4312 4314/4314/4314 4310/4310/4310 
f 4313/4313/4313 4315/4315/4315 4311/4311/4311 
f 4314/4314/4314 4312/4312/4312 4316/4316/4316 
f 4315/4315/4315 4313/4313/4313 4317/4317/4317 
f 4316/4316/4316 4318/4318/4318 4314/4314/4314 
f 4317/4317/4317 4319/4319/4319 4315/4315/4315 
f 4318/4318/4318 4316/4316/4316 4320/4320/4320 
f 4319/4319/4319 4317/4317/4317 4321/4321/4321 
f 4320/4320/4320 4322/4322/4322 4318/4318/4318 
f 4321/4321/4321 4323/4323/4323 4319/4319/4319 
f 4322/4322/4322 4320/4320/4320 4324/4324/4324 
f 4323/4323/4323 4321/4321/4321 4325/4325/4325 
f 4324/4324/4324 4326/4326/4326 4322/4322/4322 
f 4325/4325/4325 4327/4327/4327 4323/4323/4323 
f 4326/4326/4326 4324/4324/4324 4328/4328/4328 
f 4327/4327/4327 4325/4325/4325 4329/4329/4329 
f 4328/4328/4328 4330/4330/4330 4326/4326/4326 
f 4329/4329/4329 4331/4331/4331 4327/4327/4327 
f 4330/4330/4330 4328/4328/4328 4332/4332/4332 
f 4331/4331/4331 4329/4329/4329 4333/4333/4333 
f 4332/4332/4332 4334/4334/4334 4330/4330/4330 
f 4333/4333/4333 4335/4335/4335 4331/4331/4331 
f 4334/4334/4334 4332/4332/4332 4336/4336/4336 
f 4335/4335/4335 4333/4333/4333 4337/4337/4337 
f 4336/4336/4336 4338/4338/4338 4334/4334/4334 
f 4337/4337/4337 4339/4339/4339 4335/4335/4335 
f 4338/4338/4338 4336/4336/4336 4340/4340/4340 
f 4339/4339/4339 4337/4337/4337 4341/4341/4341 
f 4340/4340/4340 4342/4342/4342 4338/4338/4338 
f 4341/4341/4341 4343/4343/4343 4339/4339/4339 
f 4342/4342/4342 4340/4340/4340 4344/4344/4344 
f 4343/4343/4343 4341/4341/4341 4345/4345/4345 
f 4344/4344/4344 4346/4346/4346 4342/4342/4342 
f 4345/4345/4345 4347/4347/4347 4343/4343/4343 
f 4346/4346/4346 4344/4344/4344 4348/4348/4348 
f 4347/4347/4347 4345/4345/4345 4349/4349/4349 
f 4348/4348/4348 4350/4350/4350 4346/4346/4346 
f 4349/4349/4349 4351/4351/4351 4347/4347/4347 
f 4350/4350/4350 4348/4348/4348 4352/4352/4352 
f 4351/4351/4351 4349/4349/4349 4353/4353/4353 
f 4352/4352/4352 4354/4354/4354 4350/4350/4350 
f 4353/4353/4353 4355/4355/4355 4351/4351/4351 
f 4354/4354/4354 4352/4352/4352 4356/4356/4356 
f 4355/4355/4355 4353/4353/4353 4357/4357/4357 
f 4356/4356/4356 4358/4358/4358 4354/4354/4354 
f 4357/4357/4357 4359/4359/4359 4355/4355/4355 
f 4358/4358/4358 4356/4356/4356 4360/4360/4360 
f 4359/4359/4359 4357/4357/4357 4361/4361/4361 
f 4360/4360/4360 4362/4362/4362 4358/4358/4358 
f 4361/4361/4361 4363/4363/4363 4359/4359/4359 
f 4362/4362/4362 4360/4360/4360 4364/4364/4364 
f 4363/4363/4363 4361/4361/4361 4365/4365/4365 
f 4364/4364/4364 4366/4366/4366 4362/4362/4362 
f 4365/4365/4365 4367/4367/4367 4363/4363/4363 
f 4366/4366/4366 4364/4364/4364 4367/4367/4367 
f 4367/4367/4367 4365/4365/4365 4366/4366/4366 
