# exported by StudySceneExporter from mesh 'Pegboard_Hook_Screwdriver_low'
mtllib materials.mtl
v 0.001792641 0.07033363 0.02311569
v 0.001792641 0.07033363 0.02025238
v -0.001081085 0.06339588 0.02025238
v -0.001081085 0.06339588 0.02311569
v -0.000944252 0.07063923 0.02311569
v -0.009252052 0.06001137 0.02025238
v -0.00310585 0.06542064 0.02311569
v -0.000944252 0.07063923 0.02025238
v -0.009252052 0.06001137 0.02311569
v -0.01742306 0.06339588 0.02025238
v -0.00310585 0.06542064 0.02025238
v 0.001792641 0.07033363 0.02025238
v -0.001081085 0.06339588 0.02025238
v -0.009252052 0.06287479 0.02311569
v -0.01742306 0.06339588 0.02311569
v -0.02080761 0.07156689 0.02025238
v -0.009252052 0.06287479 0.02025238
v -0.009252052 0.06001137 0.02025238
v -0.01539829 0.06542064 0.02025238
v -0.01742306 0.06339588 0.02025238
v -0.01539829 0.06542064 0.02311569
v -0.02080761 0.07156689 0.02311569
v -0.01742306 0.07973789 0.02025238
v -0.01794414 0.07156689 0.02025238
v -0.02080761 0.07156689 0.02025238
v -0.01794414 0.07156689 0.02311569
v -0.01742306 0.07973789 0.02311569
v -0.009252052 0.08312244 0.02025238
v -0.01539829 0.07771316 0.02025238
v -0.01742306 0.07973789 0.02025238
v -0.01539829 0.07771316 0.02311569
v -0.009252052 0.08312244 0.02311569
v -0.001081085 0.07973789 0.02025238
v -0.009252052 0.08025898 0.02025238
v -0.009252052 0.08312244 0.02025238
v -0.009252052 0.08025898 0.02311569
v -0.00310585 0.07771316 0.02025238
v -0.001081085 0.07973789 0.02025238
v 0.0006111908 0.07565235 0.02025238
v -0.001081085 0.07973789 0.02311569
v -0.001832924 0.07464001 0.02025238
v 0.002045631 0.0739315 0.02025238
v -0.00310585 0.07771316 0.02311569
v 0.0006111908 0.07565235 0.02311569
v 0.0006111908 0.07565235 0.02025238
v -0.001832924 0.07464001 0.02311569
v 4.577637E-07 0.07216625 0.02025238
v 0.002045631 0.0739315 0.02311569
v 0.002045631 0.0739315 0.02025238
v 0.003681068 0.07348812 0.02025238
v 4.577637E-07 0.07216625 0.02311569
v 0.003681068 0.07062466 0.02025238
v 0.003681068 0.07348812 0.02025238
v 0.003681068 0.07348812 0.02311569
v 0.009507942 0.07348812 0.02025238
v 0.003681068 0.07062466 0.02311569
v 0.009507942 0.07348812 0.02311569
v 0.01075996 0.07348812 0.01922272
v 0.009507942 0.07062466 0.02025238
v 0.009507942 0.07348812 0.02025238
v 0.009507942 0.07062466 0.02311569
v 0.01278465 0.07348812 0.02124756
v 0.01127102 0.07348812 0.01744293
v 0.01075996 0.07062466 0.01922272
v 0.01075996 0.07348812 0.01922272
v 0.01278465 0.07062466 0.02124756
v 0.01413441 0.07348812 0.01744293
v 0.01127102 0.07062466 0.01744293
v 0.01127102 0.07348812 0.01744293
v 0.01127102 0.07348812 -0.02806976
v 0.01413441 0.07062466 0.01744293
v 0.01413441 0.07348812 -0.02806976
v 0.01127102 0.07348812 -0.02806976
v 0.01075996 0.07348812 -0.0298497
v 0.01127102 0.07062466 -0.02806976
v 0.01413441 0.07062466 -0.02806976
v 0.01278465 0.07348812 -0.03187439
v 0.009507942 0.07348812 -0.03087936
v 0.01075996 0.07062466 -0.0298497
v 0.01075996 0.07348812 -0.0298497
v 0.01278465 0.07062466 -0.03187439
v 0.009507942 0.07348812 -0.03374267
v 0.003681068 0.07348812 -0.03087936
v 0.009507942 0.07062466 -0.03087936
v 0.009507942 0.07348812 -0.03087936
v 0.009507942 0.07062466 -0.03374267
v 0.003681068 0.07348812 -0.03374267
v 0.003681068 0.07062466 -0.03087936
v 0.003681068 0.07348812 -0.03087936
v 0.002045631 0.0739315 -0.03087936
v 0.003681068 0.07062466 -0.03374267
v 4.577637E-07 0.07216625 -0.03087936
v 0.0006111908 0.07565235 -0.03087936
v 0.002045631 0.0739315 -0.03374267
v 0.002045631 0.0739315 -0.03087936
v 4.577637E-07 0.07216625 -0.03374267
v -0.001832924 0.07464001 -0.03087936
v -0.001081085 0.07973789 -0.03087936
v 0.0006111908 0.07565235 -0.03374267
v 0.0006111908 0.07565235 -0.03087936
v -0.001832924 0.07464001 -0.03374267
v -0.00310585 0.07771316 -0.03087936
v -0.009252052 0.08312244 -0.03087936
v -0.00310585 0.07771316 -0.03374267
v -0.001081085 0.07973789 -0.03374267
v -0.001081085 0.07973789 -0.03087936
v -0.009252052 0.08025898 -0.03087936
v -0.01742306 0.07973789 -0.03087936
v -0.009252052 0.08025898 -0.03374267
v -0.009252052 0.08312244 -0.03374267
v -0.009252052 0.08312244 -0.03087936
v -0.01539829 0.07771316 -0.03087936
v -0.02080761 0.07156689 -0.03087936
v -0.01539829 0.07771316 -0.03374267
v -0.01742306 0.07973789 -0.03374267
v -0.01742306 0.07973789 -0.03087936
v -0.01794414 0.07156689 -0.03087936
v -0.01742306 0.06339588 -0.03087936
v -0.01794414 0.07156689 -0.03374267
v -0.02080761 0.07156689 -0.03374267
v -0.02080761 0.07156689 -0.03087936
v -0.01539829 0.06542064 -0.03087936
v -0.009252052 0.06001137 -0.03087936
v -0.01539829 0.06542064 -0.03374267
v -0.01742306 0.06339588 -0.03374267
v -0.01742306 0.06339588 -0.03087936
v -0.009252052 0.06287479 -0.03087936
v -0.001081085 0.06339588 -0.03087936
v -0.009252052 0.06287479 -0.03374267
v -0.009252052 0.06001137 -0.03374267
v -0.009252052 0.06001137 -0.03087936
v -0.00310585 0.06542064 -0.03374267
v -0.001081085 0.06339588 -0.03374267
v -0.001081085 0.06339588 -0.03087936
v 0.001792641 0.07033363 -0.03087936
v 0.001792641 0.07033363 -0.03374267
v -0.000944252 0.07063923 -0.03374267
v -0.00310585 0.06542064 -0.03087936
v -0.000944252 0.07063923 -0.03087936
v 0.001792641 0.07033363 -0.03087936
v 0.001792641 0.07033363 0.02025238
v 0.001792641 0.07033363 0.02311569
v -0.000944252 0.07063923 0.02311569
v -0.000944252 0.07063923 0.02025238
v 0.001792641 0.07033363 -0.03087936
v -0.000944252 0.07063923 -0.03087936
v -0.000944252 0.07063923 -0.03374267
v 0.001792641 0.07033363 -0.03374267
v 0.001792641 0.02262279 0.02311569
v 0.001792641 0.02262279 0.02025238
v -0.001081085 0.01568508 0.02025238
v -0.001081085 0.01568508 0.02311569
v -0.000944252 0.02292843 0.02311569
v -0.009252052 0.01230053 0.02025238
v -0.00310585 0.01770981 0.02311569
v -0.000944252 0.02292843 0.02025238
v -0.009252052 0.01230053 0.02311569
v -0.01742306 0.01568508 0.02025238
v -0.00310585 0.01770981 0.02025238
v 0.001792641 0.02262279 0.02025238
v -0.001081085 0.01568508 0.02025238
v -0.009252052 0.01516399 0.02311569
v -0.01742306 0.01568508 0.02311569
v -0.02080761 0.02385609 0.02025238
v -0.009252052 0.01516399 0.02025238
v -0.009252052 0.01230053 0.02025238
v -0.01539829 0.01770981 0.02025238
v -0.01742306 0.01568508 0.02025238
v -0.01539829 0.01770981 0.02311569
v -0.02080761 0.02385609 0.02311569
v -0.01742306 0.03202709 0.02025238
v -0.01794414 0.02385609 0.02025238
v -0.02080761 0.02385609 0.02025238
v -0.01794414 0.02385609 0.02311569
v -0.01742306 0.03202709 0.02311569
v -0.009252052 0.0354116 0.02025238
v -0.01539829 0.03000233 0.02025238
v -0.01742306 0.03202709 0.02025238
v -0.01539829 0.03000233 0.02311569
v -0.009252052 0.0354116 0.02311569
v -0.001081085 0.03202709 0.02025238
v -0.009252052 0.03254818 0.02025238
v -0.009252052 0.0354116 0.02025238
v -0.009252052 0.03254818 0.02311569
v -0.00310585 0.03000233 0.02025238
v -0.001081085 0.03202709 0.02025238
v 0.0006111908 0.02794163 0.02025238
v -0.001081085 0.03202709 0.02311569
v -0.001832924 0.02692917 0.02025238
v 0.002045631 0.02622074 0.02025238
v -0.00310585 0.03000233 0.02311569
v 0.0006111908 0.02794163 0.02311569
v 0.0006111908 0.02794163 0.02025238
v -0.001832924 0.02692917 0.02311569
v 4.577637E-07 0.02445549 0.02025238
v 0.002045631 0.02622074 0.02311569
v 0.002045631 0.02622074 0.02025238
v 0.003681068 0.02577736 0.02025238
v 4.577637E-07 0.02445549 0.02311569
v 0.003681068 0.02291393 0.02025238
v 0.003681068 0.02577736 0.02025238
v 0.003681068 0.02577736 0.02311569
v 0.009507942 0.02577736 0.02025238
v 0.003681068 0.02291393 0.02311569
v 0.009507942 0.02577736 0.02311569
v 0.01075996 0.02577736 0.01922272
v 0.009507942 0.02291393 0.02025238
v 0.009507942 0.02577736 0.02025238
v 0.009507942 0.02291393 0.02311569
v 0.01278465 0.02577736 0.02124756
v 0.01127102 0.02577736 0.01744293
v 0.01075996 0.02291393 0.01922272
v 0.01075996 0.02577736 0.01922272
v 0.01278465 0.02291393 0.02124756
v 0.01413441 0.02577736 0.01744293
v 0.01127102 0.02291393 0.01744293
v 0.01127102 0.02577736 0.01744293
v 0.01127102 0.02577736 -0.02806976
v 0.01413441 0.02291393 0.01744293
v 0.01413441 0.02577736 -0.02806976
v 0.01127102 0.02577736 -0.02806976
v 0.01075996 0.02577736 -0.0298497
v 0.01127102 0.02291393 -0.02806976
v 0.01413441 0.02291393 -0.02806976
v 0.01278465 0.02577736 -0.03187439
v 0.009507942 0.02577736 -0.03087936
v 0.01075996 0.02291393 -0.0298497
v 0.01075996 0.02577736 -0.0298497
v 0.01278465 0.02291393 -0.03187439
v 0.009507942 0.02577736 -0.03374267
v 0.003681068 0.02577736 -0.03087936
v 0.009507942 0.02291393 -0.03087936
v 0.009507942 0.02577736 -0.03087936
v 0.009507942 0.02291393 -0.03374267
v 0.003681068 0.02577736 -0.03374267
v 0.003681068 0.02291393 -0.03087936
v 0.003681068 0.02577736 -0.03087936
v 0.002045631 0.02622074 -0.03087936
v 0.003681068 0.02291393 -0.03374267
v 4.577637E-07 0.02445549 -0.03087936
v 0.0006111908 0.02794163 -0.03087936
v 0.002045631 0.02622074 -0.03374267
v 0.002045631 0.02622074 -0.03087936
v 4.577637E-07 0.02445549 -0.03374267
v -0.001832924 0.02692917 -0.03087936
v -0.001081085 0.03202709 -0.03087936
v 0.0006111908 0.02794163 -0.03374267
v 0.0006111908 0.02794163 -0.03087936
v -0.001832924 0.02692917 -0.03374267
v -0.00310585 0.03000233 -0.03087936
v -0.009252052 0.0354116 -0.03087936
v -0.00310585 0.03000233 -0.03374267
v -0.001081085 0.03202709 -0.03374267
v -0.001081085 0.03202709 -0.03087936
v -0.009252052 0.03254818 -0.03087936
v -0.01742306 0.03202709 -0.03087936
v -0.009252052 0.03254818 -0.03374267
v -0.009252052 0.0354116 -0.03374267
v -0.009252052 0.0354116 -0.03087936
v -0.01539829 0.03000233 -0.03087936
v -0.02080761 0.02385609 -0.03087936
v -0.01539829 0.03000233 -0.03374267
v -0.01742306 0.03202709 -0.03374267
v -0.01742306 0.03202709 -0.03087936
v -0.01794414 0.02385609 -0.03087936
v -0.01742306 0.01568508 -0.03087936
v -0.01794414 0.02385609 -0.03374267
v -0.02080761 0.02385609 -0.03374267
v -0.02080761 0.02385609 -0.03087936
v -0.01539829 0.01770981 -0.03087936
v -0.009252052 0.01230053 -0.03087936
v -0.01539829 0.01770981 -0.03374267
v -0.01742306 0.01568508 -0.03374267
v -0.01742306 0.01568508 -0.03087936
v -0.009252052 0.01516399 -0.03087936
v -0.001081085 0.01568508 -0.03087936
v -0.009252052 0.01516399 -0.03374267
v -0.009252052 0.01230053 -0.03374267
v -0.009252052 0.01230053 -0.03087936
v -0.00310585 0.01770981 -0.03374267
v -0.001081085 0.01568508 -0.03374267
v -0.001081085 0.01568508 -0.03087936
v 0.001792641 0.02262279 -0.03087936
v 0.001792641 0.02262279 -0.03374267
v -0.000944252 0.02292843 -0.03374267
v -0.00310585 0.01770981 -0.03087936
v -0.000944252 0.02292843 -0.03087936
v 0.001792641 0.02262279 -0.03087936
v 0.001792641 0.02262279 0.02025238
v 0.001792641 0.02262279 0.02311569
v -0.000944252 0.02292843 0.02311569
v -0.000944252 0.02292843 0.02025238
v 0.001792641 0.02262279 -0.03087936
v -0.000944252 0.02292843 -0.03087936
v -0.000944252 0.02292843 -0.03374267
v 0.001792641 0.02262279 -0.03374267
v 0.001792641 -0.1205121 0.02311569
v 0.001792641 -0.1205121 0.02025238
v -0.001081085 -0.1274498 0.02025238
v -0.001081085 -0.1274498 0.02311569
v -0.000944252 -0.1202065 0.02311569
v -0.009252052 -0.1308343 0.02025238
v -0.00310585 -0.125425 0.02311569
v -0.000944252 -0.1202065 0.02025238
v -0.009252052 -0.1308343 0.02311569
v -0.01742306 -0.1274498 0.02025238
v -0.00310585 -0.125425 0.02025238
v 0.001792641 -0.1205121 0.02025238
v -0.001081085 -0.1274498 0.02025238
v -0.009252052 -0.1279708 0.02311569
v -0.01742306 -0.1274498 0.02311569
v -0.02080761 -0.1192788 0.02025238
v -0.009252052 -0.1279708 0.02025238
v -0.009252052 -0.1308343 0.02025238
v -0.01539829 -0.125425 0.02025238
v -0.01742306 -0.1274498 0.02025238
v -0.01539829 -0.125425 0.02311569
v -0.02080761 -0.1192788 0.02311569
v -0.01742306 -0.1111078 0.02025238
v -0.01794414 -0.1192788 0.02025238
v -0.02080761 -0.1192788 0.02025238
v -0.01794414 -0.1192788 0.02311569
v -0.01742306 -0.1111078 0.02311569
v -0.009252052 -0.1077233 0.02025238
v -0.01539829 -0.1131326 0.02025238
v -0.01742306 -0.1111078 0.02025238
v -0.01539829 -0.1131326 0.02311569
v -0.009252052 -0.1077233 0.02311569
v -0.001081085 -0.1111078 0.02025238
v -0.009252052 -0.1105867 0.02025238
v -0.009252052 -0.1077233 0.02025238
v -0.009252052 -0.1105867 0.02311569
v -0.00310585 -0.1131326 0.02025238
v -0.001081085 -0.1111078 0.02025238
v 0.0006111908 -0.1151933 0.02025238
v -0.001081085 -0.1111078 0.02311569
v -0.001832924 -0.1162057 0.02025238
v 0.002045631 -0.1169142 0.02025238
v -0.00310585 -0.1131326 0.02311569
v 0.0006111908 -0.1151933 0.02311569
v 0.0006111908 -0.1151933 0.02025238
v -0.001832924 -0.1162057 0.02311569
v 4.577637E-07 -0.1186794 0.02025238
v 0.002045631 -0.1169142 0.02311569
v 0.002045631 -0.1169142 0.02025238
v 0.003681068 -0.1173576 0.02025238
v 4.577637E-07 -0.1186794 0.02311569
v 0.003681068 -0.120221 0.02025238
v 0.003681068 -0.1173576 0.02025238
v 0.003681068 -0.1173576 0.02311569
v 0.009507942 -0.1173576 0.02025238
v 0.003681068 -0.120221 0.02311569
v 0.009507942 -0.1173576 0.02311569
v 0.01075996 -0.1173576 0.01922272
v 0.009507942 -0.120221 0.02025238
v 0.009507942 -0.1173576 0.02025238
v 0.009507942 -0.120221 0.02311569
v 0.01278465 -0.1173576 0.02124756
v 0.01127102 -0.1173576 0.01744293
v 0.01075996 -0.120221 0.01922272
v 0.01075996 -0.1173576 0.01922272
v 0.01278465 -0.120221 0.02124756
v 0.01413441 -0.1173576 0.01744293
v 0.01127102 -0.120221 0.01744293
v 0.01127102 -0.1173576 0.01744293
v 0.01127102 -0.1173576 -0.02806976
v 0.01413441 -0.120221 0.01744293
v 0.01413441 -0.1173576 -0.02806976
v 0.01127102 -0.1173576 -0.02806976
v 0.01075996 -0.1173576 -0.0298497
v 0.01127102 -0.120221 -0.02806976
v 0.01413441 -0.120221 -0.02806976
v 0.01278465 -0.1173576 -0.03187439
v 0.009507942 -0.1173576 -0.03087936
v 0.01075996 -0.120221 -0.0298497
v 0.01075996 -0.1173576 -0.0298497
v 0.01278465 -0.120221 -0.03187439
v 0.009507942 -0.1173576 -0.03374267
v 0.003681068 -0.1173576 -0.03087936
v 0.009507942 -0.120221 -0.03087936
v 0.009507942 -0.1173576 -0.03087936
v 0.009507942 -0.120221 -0.03374267
v 0.003681068 -0.1173576 -0.03374267
v 0.003681068 -0.120221 -0.03087936
v 0.003681068 -0.1173576 -0.03087936
v 0.002045631 -0.1169142 -0.03087936
v 0.003681068 -0.120221 -0.03374267
v 4.577637E-07 -0.1186794 -0.03087936
v 0.0006111908 -0.1151933 -0.03087936
v 0.002045631 -0.1169142 -0.03374267
v 0.002045631 -0.1169142 -0.03087936
v 4.577637E-07 -0.1186794 -0.03374267
v -0.001832924 -0.1162057 -0.03087936
v -0.001081085 -0.1111078 -0.03087936
v 0.0006111908 -0.1151933 -0.03374267
v 0.0006111908 -0.1151933 -0.03087936
v -0.001832924 -0.1162057 -0.03374267
v -0.00310585 -0.1131326 -0.03087936
v -0.009252052 -0.1077233 -0.03087936
v -0.00310585 -0.1131326 -0.03374267
v -0.001081085 -0.1111078 -0.03374267
v -0.001081085 -0.1111078 -0.03087936
v -0.009252052 -0.1105867 -0.03087936
v -0.01742306 -0.1111078 -0.03087936
v -0.009252052 -0.1105867 -0.03374267
v -0.009252052 -0.1077233 -0.03374267
v -0.009252052 -0.1077233 -0.03087936
v -0.01539829 -0.1131326 -0.03087936
v -0.02080761 -0.1192788 -0.03087936
v -0.01539829 -0.1131326 -0.03374267
v -0.01742306 -0.1111078 -0.03374267
v -0.01742306 -0.1111078 -0.03087936
v -0.01794414 -0.1192788 -0.03087936
v -0.01742306 -0.1274498 -0.03087936
v -0.01794414 -0.1192788 -0.03374267
v -0.02080761 -0.1192788 -0.03374267
v -0.02080761 -0.1192788 -0.03087936
v -0.01539829 -0.125425 -0.03087936
v -0.009252052 -0.1308343 -0.03087936
v -0.01539829 -0.125425 -0.03374267
v -0.01742306 -0.1274498 -0.03374267
v -0.01742306 -0.1274498 -0.03087936
v -0.009252052 -0.1279708 -0.03087936
v -0.001081085 -0.1274498 -0.03087936
v -0.009252052 -0.1279708 -0.03374267
v -0.009252052 -0.1308343 -0.03374267
v -0.009252052 -0.1308343 -0.03087936
v -0.00310585 -0.125425 -0.03374267
v -0.001081085 -0.1274498 -0.03374267
v -0.001081085 -0.1274498 -0.03087936
v 0.001792641 -0.1205121 -0.03087936
v 0.001792641 -0.1205121 -0.03374267
v -0.000944252 -0.1202065 -0.03374267
v -0.00310585 -0.125425 -0.03087936
v -0.000944252 -0.1202065 -0.03087936
v 0.001792641 -0.1205121 -0.03087936
v 0.001792641 -0.1205121 0.02025238
v 0.001792641 -0.1205121 0.02311569
v -0.000944252 -0.1202065 0.02311569
v -0.000944252 -0.1202065 0.02025238
v 0.001792641 -0.1205121 -0.03087936
v -0.000944252 -0.1202065 -0.03087936
v -0.000944252 -0.1202065 -0.03374267
v 0.001792641 -0.1205121 -0.03374267
v 0.001792641 -0.07280056 0.02311569
v 0.001792641 -0.07280056 0.02025238
v -0.001081085 -0.07973827 0.02025238
v -0.001081085 -0.07973827 0.02311569
v -0.000944252 -0.07249492 0.02311569
v -0.009252052 -0.08312283 0.02025238
v -0.00310585 -0.07771354 0.02311569
v -0.000944252 -0.07249492 0.02025238
v -0.009252052 -0.08312283 0.02311569
v -0.01742306 -0.07973827 0.02025238
v -0.00310585 -0.07771354 0.02025238
v 0.001792641 -0.07280056 0.02025238
v -0.001081085 -0.07973827 0.02025238
v -0.009252052 -0.08025936 0.02311569
v -0.01742306 -0.07973827 0.02311569
v -0.02080761 -0.07156727 0.02025238
v -0.009252052 -0.08025936 0.02025238
v -0.009252052 -0.08312283 0.02025238
v -0.01539829 -0.07771354 0.02025238
v -0.01742306 -0.07973827 0.02025238
v -0.01539829 -0.07771354 0.02311569
v -0.02080761 -0.07156727 0.02311569
v -0.01742306 -0.06339633 0.02025238
v -0.01794414 -0.07156727 0.02025238
v -0.02080761 -0.07156727 0.02025238
v -0.01794414 -0.07156727 0.02311569
v -0.01742306 -0.06339633 0.02311569
v -0.009252052 -0.06001175 0.02025238
v -0.01539829 -0.06542103 0.02025238
v -0.01742306 -0.06339633 0.02025238
v -0.01539829 -0.06542103 0.02311569
v -0.009252052 -0.06001175 0.02311569
v -0.001081085 -0.06339633 0.02025238
v -0.009252052 -0.06287517 0.02025238
v -0.009252052 -0.06001175 0.02025238
v -0.009252052 -0.06287517 0.02311569
v -0.00310585 -0.06542103 0.02025238
v -0.001081085 -0.06339633 0.02025238
v 0.0006111908 -0.06748173 0.02025238
v -0.001081085 -0.06339633 0.02311569
v -0.001832924 -0.06849419 0.02025238
v 0.002045631 -0.06920261 0.02025238
v -0.00310585 -0.06542103 0.02311569
v 0.0006111908 -0.06748173 0.02311569
v 0.0006111908 -0.06748173 0.02025238
v -0.001832924 -0.06849419 0.02311569
v 4.577637E-07 -0.07096786 0.02025238
v 0.002045631 -0.06920261 0.02311569
v 0.002045631 -0.06920261 0.02025238
v 0.003681068 -0.06964599 0.02025238
v 4.577637E-07 -0.07096786 0.02311569
v 0.003681068 -0.07250942 0.02025238
v 0.003681068 -0.06964599 0.02025238
v 0.003681068 -0.06964599 0.02311569
v 0.009507942 -0.06964599 0.02025238
v 0.003681068 -0.07250942 0.02311569
v 0.009507942 -0.06964599 0.02311569
v 0.01075996 -0.06964599 0.01922272
v 0.009507942 -0.07250942 0.02025238
v 0.009507942 -0.06964599 0.02025238
v 0.009507942 -0.07250942 0.02311569
v 0.01278465 -0.06964599 0.02124756
v 0.01127102 -0.06964599 0.01744293
v 0.01075996 -0.07250942 0.01922272
v 0.01075996 -0.06964599 0.01922272
v 0.01278465 -0.07250942 0.02124756
v 0.01413441 -0.06964599 0.01744293
v 0.01127102 -0.07250942 0.01744293
v 0.01127102 -0.06964599 0.01744293
v 0.01127102 -0.06964599 -0.02806976
v 0.01413441 -0.07250942 0.01744293
v 0.01413441 -0.06964599 -0.02806976
v 0.01127102 -0.06964599 -0.02806976
v 0.01075996 -0.06964599 -0.0298497
v 0.01127102 -0.07250942 -0.02806976
v 0.01413441 -0.07250942 -0.02806976
v 0.01278465 -0.06964599 -0.03187439
v 0.009507942 -0.06964599 -0.03087936
v 0.01075996 -0.07250942 -0.0298497
v 0.01075996 -0.06964599 -0.0298497
v 0.01278465 -0.07250942 -0.03187439
v 0.009507942 -0.06964599 -0.03374267
v 0.003681068 -0.06964599 -0.03087936
v 0.009507942 -0.07250942 -0.03087936
v 0.009507942 -0.06964599 -0.03087936
v 0.009507942 -0.07250942 -0.03374267
v 0.003681068 -0.06964599 -0.03374267
v 0.003681068 -0.07250942 -0.03087936
v 0.003681068 -0.06964599 -0.03087936
v 0.002045631 -0.06920261 -0.03087936
v 0.003681068 -0.07250942 -0.03374267
v 4.577637E-07 -0.07096786 -0.03087936
v 0.0006111908 -0.06748173 -0.03087936
v 0.002045631 -0.06920261 -0.03374267
v 0.002045631 -0.06920261 -0.03087936
v 4.577637E-07 -0.07096786 -0.03374267
v -0.001832924 -0.06849419 -0.03087936
v -0.001081085 -0.06339633 -0.03087936
v 0.0006111908 -0.06748173 -0.03374267
v 0.0006111908 -0.06748173 -0.03087936
v -0.001832924 -0.06849419 -0.03374267
v -0.00310585 -0.06542103 -0.03087936
v -0.009252052 -0.06001175 -0.03087936
v -0.00310585 -0.06542103 -0.03374267
v -0.001081085 -0.06339633 -0.03374267
v -0.001081085 -0.06339633 -0.03087936
v -0.009252052 -0.06287517 -0.03087936
v -0.01742306 -0.06339633 -0.03087936
v -0.009252052 -0.06287517 -0.03374267
v -0.009252052 -0.06001175 -0.03374267
v -0.009252052 -0.06001175 -0.03087936
v -0.01539829 -0.06542103 -0.03087936
v -0.02080761 -0.07156727 -0.03087936
v -0.01539829 -0.06542103 -0.03374267
v -0.01742306 -0.06339633 -0.03374267
v -0.01742306 -0.06339633 -0.03087936
v -0.01794414 -0.07156727 -0.03087936
v -0.01742306 -0.07973827 -0.03087936
v -0.01794414 -0.07156727 -0.03374267
v -0.02080761 -0.07156727 -0.03374267
v -0.02080761 -0.07156727 -0.03087936
v -0.01539829 -0.07771354 -0.03087936
v -0.009252052 -0.08312283 -0.03087936
v -0.01539829 -0.07771354 -0.03374267
v -0.01742306 -0.07973827 -0.03374267
v -0.01742306 -0.07973827 -0.03087936
v -0.009252052 -0.08025936 -0.03087936
v -0.001081085 -0.07973827 -0.03087936
v -0.009252052 -0.08025936 -0.03374267
v -0.009252052 -0.08312283 -0.03374267
v -0.009252052 -0.08312283 -0.03087936
v -0.00310585 -0.07771354 -0.03374267
v -0.001081085 -0.07973827 -0.03374267
v -0.001081085 -0.07973827 -0.03087936
v 0.001792641 -0.07280056 -0.03087936
v 0.001792641 -0.07280056 -0.03374267
v -0.000944252 -0.07249492 -0.03374267
v -0.00310585 -0.07771354 -0.03087936
v -0.000944252 -0.07249492 -0.03087936
v 0.001792641 -0.07280056 -0.03087936
v 0.001792641 -0.07280056 0.02025238
v 0.001792641 -0.07280056 0.02311569
v -0.000944252 -0.07249492 0.02311569
v -0.000944252 -0.07249492 0.02025238
v 0.001792641 -0.07280056 -0.03087936
v -0.000944252 -0.07249492 -0.03087936
v -0.000944252 -0.07249492 -0.03374267
v 0.001792641 -0.07280056 -0.03374267
v 0.001792641 -0.02508907 0.02311569
v 0.001792641 -0.02508907 0.02025238
v -0.001081085 -0.03202679 0.02025238
v -0.001081085 -0.03202679 0.02311569
v -0.000944252 -0.02478344 0.02311569
v -0.009252052 -0.03541126 0.02025238
v -0.00310585 -0.03000198 0.02311569
v -0.000944252 -0.02478344 0.02025238
v -0.009252052 -0.03541126 0.02311569
v -0.01742306 -0.03202679 0.02025238
v -0.00310585 -0.03000198 0.02025238
v 0.001792641 -0.02508907 0.02025238
v -0.001081085 -0.03202679 0.02025238
v -0.009252052 -0.0325478 0.02311569
v -0.01742306 -0.03202679 0.02311569
v -0.02080761 -0.02385578 0.02025238
v -0.009252052 -0.0325478 0.02025238
v -0.009252052 -0.03541126 0.02025238
v -0.01539829 -0.03000198 0.02025238
v -0.01742306 -0.03202679 0.02025238
v -0.01539829 -0.03000198 0.02311569
v -0.02080761 -0.02385578 0.02311569
v -0.01742306 -0.01568478 0.02025238
v -0.01794414 -0.02385578 0.02025238
v -0.02080761 -0.02385578 0.02025238
v -0.01794414 -0.02385578 0.02311569
v -0.01742306 -0.01568478 0.02311569
v -0.009252052 -0.01230019 0.02025238
v -0.01539829 -0.01770954 0.02025238
v -0.01742306 -0.01568478 0.02025238
v -0.01539829 -0.01770954 0.02311569
v -0.009252052 -0.01230019 0.02311569
v -0.001081085 -0.01568478 0.02025238
v -0.009252052 -0.01516361 0.02025238
v -0.009252052 -0.01230019 0.02025238
v -0.009252052 -0.01516361 0.02311569
v -0.00310585 -0.01770954 0.02025238
v -0.001081085 -0.01568478 0.02025238
v 0.0006111908 -0.01977024 0.02025238
v -0.001081085 -0.01568478 0.02311569
v -0.001832924 -0.02078262 0.02025238
v 0.002045631 -0.02149113 0.02025238
v -0.00310585 -0.01770954 0.02311569
v 0.0006111908 -0.01977024 0.02311569
v 0.0006111908 -0.01977024 0.02025238
v -0.001832924 -0.02078262 0.02311569
v 4.577637E-07 -0.02325638 0.02025238
v 0.002045631 -0.02149113 0.02311569
v 0.002045631 -0.02149113 0.02025238
v 0.003681068 -0.02193451 0.02025238
v 4.577637E-07 -0.02325638 0.02311569
v 0.003681068 -0.02479794 0.02025238
v 0.003681068 -0.02193451 0.02025238
v 0.003681068 -0.02193451 0.02311569
v 0.009507942 -0.02193451 0.02025238
v 0.003681068 -0.02479794 0.02311569
v 0.009507942 -0.02193451 0.02311569
v 0.01075996 -0.02193451 0.01922272
v 0.009507942 -0.02479794 0.02025238
v 0.009507942 -0.02193451 0.02025238
v 0.009507942 -0.02479794 0.02311569
v 0.01278465 -0.02193451 0.02124756
v 0.01127102 -0.02193451 0.01744293
v 0.01075996 -0.02479794 0.01922272
v 0.01075996 -0.02193451 0.01922272
v 0.01278465 -0.02479794 0.02124756
v 0.01413441 -0.02193451 0.01744293
v 0.01127102 -0.02479794 0.01744293
v 0.01127102 -0.02193451 0.01744293
v 0.01127102 -0.02193451 -0.02806976
v 0.01413441 -0.02479794 0.01744293
v 0.01413441 -0.02193451 -0.02806976
v 0.01127102 -0.02193451 -0.02806976
v 0.01075996 -0.02193451 -0.0298497
v 0.01127102 -0.02479794 -0.02806976
v 0.01413441 -0.02479794 -0.02806976
v 0.01278465 -0.02193451 -0.03187439
v 0.009507942 -0.02193451 -0.03087936
v 0.01075996 -0.02479794 -0.0298497
v 0.01075996 -0.02193451 -0.0298497
v 0.01278465 -0.02479794 -0.03187439
v 0.009507942 -0.02193451 -0.03374267
v 0.003681068 -0.02193451 -0.03087936
v 0.009507942 -0.02479794 -0.03087936
v 0.009507942 -0.02193451 -0.03087936
v 0.009507942 -0.02479794 -0.03374267
v 0.003681068 -0.02193451 -0.03374267
v 0.003681068 -0.02479794 -0.03087936
v 0.003681068 -0.02193451 -0.03087936
v 0.002045631 -0.02149113 -0.03087936
v 0.003681068 -0.02479794 -0.03374267
v 4.577637E-07 -0.02325638 -0.03087936
v 0.0006111908 -0.01977024 -0.03087936
v 0.002045631 -0.02149113 -0.03374267
v 0.002045631 -0.02149113 -0.03087936
v 4.577637E-07 -0.02325638 -0.03374267
v -0.001832924 -0.02078262 -0.03087936
v -0.001081085 -0.01568478 -0.03087936
v 0.0006111908 -0.01977024 -0.03374267
v 0.0006111908 -0.01977024 -0.03087936
v -0.001832924 -0.02078262 -0.03374267
v -0.00310585 -0.01770954 -0.03087936
v -0.009252052 -0.01230019 -0.03087936
v -0.00310585 -0.01770954 -0.03374267
v -0.001081085 -0.01568478 -0.03374267
v -0.001081085 -0.01568478 -0.03087936
v -0.009252052 -0.01516361 -0.03087936
v -0.01742306 -0.01568478 -0.03087936
v -0.009252052 -0.01516361 -0.03374267
v -0.009252052 -0.01230019 -0.03374267
v -0.009252052 -0.01230019 -0.03087936
v -0.01539829 -0.01770954 -0.03087936
v -0.02080761 -0.02385578 -0.03087936
v -0.01539829 -0.01770954 -0.03374267
v -0.01742306 -0.01568478 -0.03374267
v -0.01742306 -0.01568478 -0.03087936
v -0.01794414 -0.02385578 -0.03087936
v -0.01742306 -0.03202679 -0.03087936
v -0.01794414 -0.02385578 -0.03374267
v -0.02080761 -0.02385578 -0.03374267
v -0.02080761 -0.02385578 -0.03087936
v -0.01539829 -0.03000198 -0.03087936
v -0.009252052 -0.03541126 -0.03087936
v -0.01539829 -0.03000198 -0.03374267
v -0.01742306 -0.03202679 -0.03374267
v -0.01742306 -0.03202679 -0.03087936
v -0.009252052 -0.0325478 -0.03087936
v -0.001081085 -0.03202679 -0.03087936
v -0.009252052 -0.0325478 -0.03374267
v -0.009252052 -0.03541126 -0.03374267
v -0.009252052 -0.03541126 -0.03087936
v -0.00310585 -0.03000198 -0.03374267
v -0.001081085 -0.03202679 -0.03374267
v -0.001081085 -0.03202679 -0.03087936
v 0.001792641 -0.02508907 -0.03087936
v 0.001792641 -0.02508907 -0.03374267
v -0.000944252 -0.02478344 -0.03374267
v -0.00310585 -0.03000198 -0.03087936
v -0.000944252 -0.02478344 -0.03087936
v 0.001792641 -0.02508907 -0.03087936
v 0.001792641 -0.02508907 0.02025238
v 0.001792641 -0.02508907 0.02311569
v -0.000944252 -0.02478344 0.02311569
v -0.000944252 -0.02478344 0.02025238
v 0.001792641 -0.02508907 -0.03087936
v -0.000944252 -0.02478344 -0.03087936
v -0.000944252 -0.02478344 -0.03374267
v 0.001792641 -0.02508907 -0.03374267
v 0.01846435 0.1319673 0.02952591
v 0.02080761 0.1319673 0.03023849
v 0.02080761 0.1319673 0.03374267
v 0.01603256 0.1319673 0.03204925
v 0.02080761 0.128463 0.03374267
v 0.01404995 0.1319673 0.02746933
v 0.01755421 0.1319673 0.02747284
v 0.01603256 0.128463 0.03204925
v 0.02080761 0.128463 0.03023849
v 0.01404995 0.128463 0.02746933
v 0.01404995 0.1319673 0.005199432
v 0.01755421 0.1319673 0.005202789
v 0.01846435 0.128463 0.02952591
v 0.02080761 0.1319673 0.03023849
v 0.01846435 0.1319673 0.02952591
v 0.01755421 0.1319673 0.02747284
v 0.01755421 0.128463 0.02747284
v 0.01755421 0.1319673 0.005202789
v 0.01755421 0.128463 0.005202789
v 0.01755421 0.1294232 -0.000335846
v 0.01404995 0.128463 0.005199432
v 0.01755421 0.1269453 0.002142029
v 0.01755421 0.1239297 -0.00275238
v 0.01404995 0.126943 0.002139587
v 0.01755421 0.1239297 0.0007519531
v 0.01404995 0.1294208 -0.0003382874
v 0.01755421 0.1294232 -0.000335846
v 0.01404995 0.1239263 0.0007519531
v 0.01404995 0.1239264 -0.00275238
v 0.01755421 0.1239297 -0.00275238
v 0.01755421 -0.1239297 -0.00275238
v 0.01755421 -0.1239297 0.0007519531
v 0.01755421 -0.1239297 -0.00275238
v 0.01755421 -0.1294232 -0.000335846
v 0.01404995 -0.1239263 0.0007519531
v 0.01404995 -0.1239263 -0.00275238
v 0.01755421 -0.1269453 0.002142029
v 0.01755421 -0.1319673 0.005202789
v 0.01404995 -0.1294208 -0.0003382874
v 0.01755421 -0.1294232 -0.000335846
v 0.01404995 -0.1269429 0.002139587
v 0.01755421 -0.1284629 0.005202789
v 0.01755421 -0.1319673 0.02747284
v 0.01404995 -0.1319673 0.005199432
v 0.01755421 -0.1319673 0.005202789
v 0.01404995 -0.1284629 0.005199432
v 0.01755421 -0.1284629 0.02747284
v 0.01846435 -0.1319673 0.02952591
v 0.01404995 -0.1319673 0.02746933
v 0.01755421 -0.1319673 0.02747284
v 0.01404995 -0.1284629 0.02746933
v 0.01846435 -0.1284629 0.02952591
v 0.01603256 -0.1319673 0.03204925
v 0.01846435 -0.1319673 0.02952591
v 0.02080761 -0.1319673 0.03023849
v 0.02080761 -0.1319673 0.03374267
v 0.01603256 -0.1284629 0.03204925
v 0.02080761 -0.1284629 0.03374267
v 0.02080761 -0.1284629 0.03023849
v 0.02080761 -0.1319673 0.03023849
v 0.001792641 0.1175577 0.02311569
v 0.001792641 0.1175577 0.02025238
v -0.001081085 0.1106201 0.02025238
v -0.001081085 0.1106201 0.02311569
v -0.000944252 0.1178633 0.02311569
v -0.009252052 0.1072355 0.02025238
v -0.00310585 0.1126448 0.02311569
v -0.000944252 0.1178633 0.02025238
v -0.009252052 0.1072355 0.02311569
v -0.01742306 0.1106201 0.02025238
v -0.00310585 0.1126448 0.02025238
v 0.001792641 0.1175577 0.02025238
v -0.001081085 0.1106201 0.02025238
v -0.009252052 0.1100989 0.02311569
v -0.01742306 0.1106201 0.02311569
v -0.02080761 0.1187911 0.02025238
v -0.009252052 0.1100989 0.02025238
v -0.009252052 0.1072355 0.02025238
v -0.01539829 0.1126448 0.02025238
v -0.01742306 0.1106201 0.02025238
v -0.01539829 0.1126448 0.02311569
v -0.02080761 0.1187911 0.02311569
v -0.01742306 0.1269621 0.02025238
v -0.01794414 0.1187911 0.02025238
v -0.02080761 0.1187911 0.02025238
v -0.01794414 0.1187911 0.02311569
v -0.01742306 0.1269621 0.02311569
v -0.009252052 0.1303466 0.02025238
v -0.01539829 0.1249373 0.02025238
v -0.01742306 0.1269621 0.02025238
v -0.01539829 0.1249373 0.02311569
v -0.009252052 0.1303466 0.02311569
v -0.001081085 0.1269621 0.02025238
v -0.009252052 0.1274831 0.02025238
v -0.009252052 0.1303466 0.02025238
v -0.009252052 0.1274831 0.02311569
v -0.00310585 0.1249373 0.02025238
v -0.001081085 0.1269621 0.02025238
v 0.0006111908 0.1228765 0.02025238
v -0.001081085 0.1269621 0.02311569
v -0.001832924 0.1218641 0.02025238
v 0.002045631 0.1211557 0.02025238
v -0.00310585 0.1249373 0.02311569
v 0.0006111908 0.1228765 0.02311569
v 0.0006111908 0.1228765 0.02025238
v -0.001832924 0.1218641 0.02311569
v 4.577637E-07 0.1193905 0.02025238
v 0.002045631 0.1211557 0.02311569
v 0.002045631 0.1211557 0.02025238
v 0.003681068 0.1207123 0.02025238
v 4.577637E-07 0.1193905 0.02311569
v 0.003681068 0.1178489 0.02025238
v 0.003681068 0.1207123 0.02025238
v 0.003681068 0.1207123 0.02311569
v 0.009507942 0.1207123 0.02025238
v 0.003681068 0.1178489 0.02311569
v 0.009507942 0.1207123 0.02311569
v 0.01075996 0.1207123 0.01922272
v 0.009507942 0.1178489 0.02025238
v 0.009507942 0.1207123 0.02025238
v 0.009507942 0.1178489 0.02311569
v 0.01278465 0.1207123 0.02124756
v 0.01127102 0.1207123 0.01744293
v 0.01075996 0.1178489 0.01922272
v 0.01075996 0.1207123 0.01922272
v 0.01278465 0.1178489 0.02124756
v 0.01413441 0.1207123 0.01744293
v 0.01127102 0.1178489 0.01744293
v 0.01127102 0.1207123 0.01744293
v 0.01127102 0.1207123 -0.02806976
v 0.01413441 0.1178489 0.01744293
v 0.01413441 0.1207123 -0.02806976
v 0.01127102 0.1207123 -0.02806976
v 0.01075996 0.1207123 -0.0298497
v 0.01127102 0.1178489 -0.02806976
v 0.01413441 0.1178489 -0.02806976
v 0.01278465 0.1207123 -0.03187439
v 0.009507942 0.1207123 -0.03087936
v 0.01075996 0.1178489 -0.0298497
v 0.01075996 0.1207123 -0.0298497
v 0.01278465 0.1178489 -0.03187439
v 0.009507942 0.1207123 -0.03374267
v 0.003681068 0.1207123 -0.03087936
v 0.009507942 0.1178489 -0.03087936
v 0.009507942 0.1207123 -0.03087936
v 0.009507942 0.1178489 -0.03374267
v 0.003681068 0.1207123 -0.03374267
v 0.003681068 0.1178489 -0.03087936
v 0.003681068 0.1207123 -0.03087936
v 0.002045631 0.1211557 -0.03087936
v 0.003681068 0.1178489 -0.03374267
v 4.577637E-07 0.1193905 -0.03087936
v 0.0006111908 0.1228765 -0.03087936
v 0.002045631 0.1211557 -0.03374267
v 0.002045631 0.1211557 -0.03087936
v 4.577637E-07 0.1193905 -0.03374267
v -0.001832924 0.1218641 -0.03087936
v -0.001081085 0.1269621 -0.03087936
v 0.0006111908 0.1228765 -0.03374267
v 0.0006111908 0.1228765 -0.03087936
v -0.001832924 0.1218641 -0.03374267
v -0.00310585 0.1249373 -0.03087936
v -0.009252052 0.1303466 -0.03087936
v -0.00310585 0.1249373 -0.03374267
v -0.001081085 0.1269621 -0.03374267
v -0.001081085 0.1269621 -0.03087936
v -0.009252052 0.1274831 -0.03087936
v -0.01742306 0.1269621 -0.03087936
v -0.009252052 0.1274831 -0.03374267
v -0.009252052 0.1303466 -0.03374267
v -0.009252052 0.1303466 -0.03087936
v -0.01539829 0.1249373 -0.03087936
v -0.02080761 0.1187911 -0.03087936
v -0.01539829 0.1249373 -0.03374267
v -0.01742306 0.1269621 -0.03374267
v -0.01742306 0.1269621 -0.03087936
v -0.01794414 0.1187911 -0.03087936
v -0.01742306 0.1106201 -0.03087936
v -0.01794414 0.1187911 -0.03374267
v -0.02080761 0.1187911 -0.03374267
v -0.02080761 0.1187911 -0.03087936
v -0.01539829 0.1126448 -0.03087936
v -0.009252052 0.1072355 -0.03087936
v -0.01539829 0.1126448 -0.03374267
v -0.01742306 0.1106201 -0.03374267
v -0.01742306 0.1106201 -0.03087936
v -0.009252052 0.1100989 -0.03087936
v -0.001081085 0.1106201 -0.03087936
v -0.009252052 0.1100989 -0.03374267
v -0.009252052 0.1072355 -0.03374267
v -0.009252052 0.1072355 -0.03087936
v -0.00310585 0.1126448 -0.03374267
v -0.001081085 0.1106201 -0.03374267
v -0.001081085 0.1106201 -0.03087936
v 0.001792641 0.1175577 -0.03087936
v 0.001792641 0.1175577 -0.03374267
v -0.000944252 0.1178633 -0.03374267
v -0.00310585 0.1126448 -0.03087936
v -0.000944252 0.1178633 -0.03087936
v 0.001792641 0.1175577 -0.03087936
v 0.001792641 0.1175577 0.02025238
v 0.001792641 0.1175577 0.02311569
v -0.000944252 0.1178633 0.02311569
v -0.000944252 0.1178633 0.02025238
v 0.001792641 0.1175577 -0.03087936
v -0.000944252 0.1178633 -0.03087936
v -0.000944252 0.1178633 -0.03374267
v 0.001792641 0.1175577 -0.03374267
vt 0.8872095 0.840049
vt 0.8872097 0.8382165
vt 0.8830702 0.8382165
vt 0.8830701 0.840049
vt 0.8872095 0.8415473
vt 0.8782781 0.8382167
vt 0.8830701 0.8415473
vt 0.8872094 0.8432987
vt 0.8782783 0.840049
vt 0.8735549 0.8382164
vt 0.8830701 0.8432987
vt 0.8872095 0.8450536
vt 0.8830702 0.8450536
vt 0.878278 0.8415472
vt 0.8735549 0.840049
vt 0.8688612 0.8382164
vt 0.878278 0.8432987
vt 0.8782781 0.8450534
vt 0.8735551 0.8432987
vt 0.8735549 0.8450534
vt 0.8735548 0.8415471
vt 0.8688612 0.840049
vt 0.8641665 0.8382164
vt 0.8688612 0.8432986
vt 0.8688613 0.8450534
vt 0.8688613 0.841547
vt 0.8641664 0.8400489
vt 0.8594343 0.8382163
vt 0.8641665 0.8432986
vt 0.8641666 0.8450534
vt 0.8641665 0.8415471
vt 0.8594344 0.8400489
vt 0.8545745 0.8382163
vt 0.8594344 0.8432987
vt 0.8594344 0.8450534
vt 0.8594344 0.841547
vt 0.8545745 0.8432986
vt 0.8545745 0.8450534
vt 0.8523072 0.8450533
vt 0.8545745 0.8400489
vt 0.8523073 0.8432986
vt 0.850591 0.8450534
vt 0.8545745 0.841547
vt 0.8523071 0.8400488
vt 0.8523073 0.8382163
vt 0.8523073 0.841547
vt 0.8505911 0.8432983
vt 0.850591 0.8400488
vt 0.8505911 0.8382163
vt 0.8489568 0.8382164
vt 0.8505911 0.8415469
vt 0.8489568 0.8432986
vt 0.8489568 0.8450534
vt 0.8489568 0.8400488
vt 0.8451644 0.8382164
vt 0.8489568 0.8415471
vt 0.8451644 0.8400489
vt 0.8436067 0.8382163
vt 0.8451645 0.8432986
vt 0.8451645 0.8450534
vt 0.8451646 0.841547
vt 0.8436065 0.8400489
vt 0.8419287 0.8382163
vt 0.8436066 0.8432987
vt 0.8436067 0.8450534
vt 0.8436067 0.841547
vt 0.8419287 0.8400489
vt 0.8419285 0.8432986
vt 0.8419287 0.8450534
vt 0.8125379 0.8450534
vt 0.8419285 0.841547
vt 0.812538 0.840049
vt 0.8125379 0.8382164
vt 0.8108426 0.8382163
vt 0.812538 0.8432986
vt 0.8125379 0.8415471
vt 0.8108426 0.840049
vt 0.8092852 0.8382165
vt 0.8108426 0.8432986
vt 0.8108426 0.8450535
vt 0.8108426 0.841547
vt 0.8092854 0.8400489
vt 0.8055191 0.8382163
vt 0.8092854 0.8432986
vt 0.8092854 0.8450534
vt 0.8092854 0.841547
vt 0.8055191 0.8400489
vt 0.8055191 0.8432986
vt 0.8055191 0.8450535
vt 0.8038964 0.8450535
vt 0.8055191 0.841547
vt 0.8038964 0.8432986
vt 0.8021626 0.8450534
vt 0.8038964 0.8400489
vt 0.8038964 0.8382163
vt 0.8038965 0.8415472
vt 0.8021626 0.8432986
vt 0.7998938 0.8450534
vt 0.8021626 0.8400489
vt 0.8021626 0.8382164
vt 0.8021626 0.8415471
vt 0.7998937 0.8432986
vt 0.7950346 0.8450535
vt 0.7998938 0.841547
vt 0.7998937 0.8400489
vt 0.7998937 0.8382164
vt 0.7950346 0.8432986
vt 0.7903004 0.8450534
vt 0.7950346 0.841547
vt 0.7950346 0.8400489
vt 0.7950346 0.8382165
vt 0.7903004 0.8432986
vt 0.7856054 0.8450535
vt 0.7903005 0.8415471
vt 0.7903005 0.840049
vt 0.7903004 0.8382163
vt 0.7856054 0.8432986
vt 0.7809112 0.8450534
vt 0.7856055 0.841547
vt 0.7856055 0.8400489
vt 0.7856055 0.8382163
vt 0.7809112 0.8432986
vt 0.7761853 0.8450534
vt 0.7809112 0.8415472
vt 0.7809112 0.8400489
vt 0.7809112 0.8382163
vt 0.7761852 0.8432986
vt 0.7713776 0.8450534
vt 0.776185 0.8415471
vt 0.7761852 0.8400489
vt 0.776185 0.8382164
vt 0.7713776 0.841547
vt 0.7713776 0.840049
vt 0.7713776 0.8382164
vt 0.7672402 0.8382164
vt 0.7672402 0.840049
vt 0.7672402 0.8415471
vt 0.7713776 0.8432986
vt 0.7672402 0.8432986
vt 0.7672402 0.8450537
vt 0.8872097 0.8382165
vt 0.8872095 0.840049
vt 0.8893542 0.840049
vt 0.8893542 0.8382164
vt 0.7672402 0.8382164
vt 0.7650439 0.8382164
vt 0.7650439 0.8400491
vt 0.7672402 0.840049
vt 0.9493165 0.7753644
vt 0.9493165 0.7735318
vt 0.945177 0.7735318
vt 0.9451771 0.7753644
vt 0.9493165 0.7768624
vt 0.940385 0.7735318
vt 0.9451771 0.7768624
vt 0.9493165 0.778614
vt 0.940385 0.7753644
vt 0.9356618 0.7735318
vt 0.945177 0.778614
vt 0.9493164 0.7803688
vt 0.9451771 0.7803688
vt 0.9403851 0.7768624
vt 0.9356619 0.7753644
vt 0.9309682 0.7735317
vt 0.940385 0.778614
vt 0.9403851 0.7803688
vt 0.9356619 0.7786139
vt 0.9356619 0.7803688
vt 0.9356619 0.7768624
vt 0.9309683 0.7753644
vt 0.9262735 0.7735318
vt 0.9309682 0.778614
vt 0.9309682 0.7803688
vt 0.9309682 0.7768624
vt 0.9262735 0.7753644
vt 0.9215413 0.7735318
vt 0.9262735 0.778614
vt 0.9262735 0.7803688
vt 0.9262736 0.7768624
vt 0.9215413 0.7753643
vt 0.9166814 0.7735317
vt 0.9215413 0.778614
vt 0.9215413 0.7803688
vt 0.9215413 0.7768624
vt 0.9166814 0.7786139
vt 0.9166814 0.7803688
vt 0.9144142 0.7803688
vt 0.9166814 0.7753643
vt 0.914414 0.7786139
vt 0.9126979 0.7803688
vt 0.9166814 0.7768624
vt 0.9144142 0.7753644
vt 0.9144142 0.7735317
vt 0.914414 0.7768624
vt 0.9126979 0.778614
vt 0.912698 0.7753644
vt 0.9126979 0.7735317
vt 0.9110638 0.7735317
vt 0.9126979 0.7768624
vt 0.9110638 0.7786139
vt 0.9110637 0.7803688
vt 0.9110639 0.7753643
vt 0.9072715 0.7735317
vt 0.9110638 0.7768624
vt 0.9072715 0.7753643
vt 0.9057137 0.7735317
vt 0.9072715 0.7786139
vt 0.9072715 0.7803688
vt 0.9072715 0.7768624
vt 0.9057136 0.7753643
vt 0.9040356 0.7735317
vt 0.9057136 0.778614
vt 0.9057136 0.7803688
vt 0.9057134 0.7768624
vt 0.9040354 0.7753643
vt 0.9040356 0.7786139
vt 0.9040356 0.7803688
vt 0.8746449 0.7803688
vt 0.9040354 0.7768624
vt 0.8746449 0.7753644
vt 0.8746449 0.7735317
vt 0.8729494 0.7735317
vt 0.8746449 0.7786139
vt 0.8746449 0.7768624
vt 0.8729495 0.7753643
vt 0.8713923 0.7735318
vt 0.8729495 0.7786139
vt 0.8729494 0.7803688
vt 0.8729495 0.7768624
vt 0.8713923 0.7753643
vt 0.8676261 0.7735317
vt 0.8713923 0.7786139
vt 0.8713923 0.7803688
vt 0.8713922 0.7768624
vt 0.8676261 0.7753643
vt 0.8676261 0.7786139
vt 0.8676261 0.7803688
vt 0.8660033 0.7803688
vt 0.8676261 0.7768624
vt 0.8660033 0.778614
vt 0.8642696 0.7803688
vt 0.8660033 0.7753643
vt 0.8660034 0.7735317
vt 0.8660033 0.7768624
vt 0.8642694 0.7786139
vt 0.8620006 0.7803688
vt 0.8642694 0.7753643
vt 0.8642695 0.7735317
vt 0.8642696 0.7768624
vt 0.8620007 0.7786139
vt 0.8571415 0.7803688
vt 0.8620007 0.7768624
vt 0.8620006 0.7753643
vt 0.8620007 0.7735317
vt 0.8571413 0.778614
vt 0.8524072 0.7803688
vt 0.8571416 0.7768624
vt 0.8571415 0.7753643
vt 0.8571416 0.7735317
vt 0.8524071 0.778614
vt 0.8477123 0.7803688
vt 0.8524071 0.7768624
vt 0.8524072 0.7753644
vt 0.8524072 0.7735317
vt 0.8477125 0.778614
vt 0.8430179 0.7803688
vt 0.8477125 0.7768624
vt 0.8477124 0.7753644
vt 0.8477123 0.7735317
vt 0.843018 0.7786139
vt 0.8382921 0.7803688
vt 0.8430181 0.7768624
vt 0.843018 0.7753644
vt 0.8430179 0.7735318
vt 0.8382921 0.7786139
vt 0.8334845 0.7803689
vt 0.8382921 0.7768624
vt 0.8382921 0.7753644
vt 0.8382921 0.7735318
vt 0.8334845 0.7768624
vt 0.8334844 0.7753644
vt 0.8334844 0.7735319
vt 0.8293471 0.7735319
vt 0.8293471 0.7753645
vt 0.829347 0.7768625
vt 0.8334845 0.778614
vt 0.8293471 0.778614
vt 0.8293471 0.7803688
vt 0.9493165 0.7735318
vt 0.9493165 0.7753644
vt 0.951461 0.7753644
vt 0.9514611 0.7735318
vt 0.8293471 0.7735319
vt 0.8271507 0.7735318
vt 0.8271508 0.7753643
vt 0.8293471 0.7753645
vt 0.9853253 0.7572727
vt 0.9853253 0.7554417
vt 0.9811766 0.7554417
vt 0.9811766 0.7572727
vt 0.9853253 0.7587591
vt 0.9763741 0.7554417
vt 0.9811766 0.758759
vt 0.9853253 0.7604819
vt 0.9763741 0.7572728
vt 0.9716518 0.7554417
vt 0.9811766 0.7604818
vt 0.9853253 0.7622777
vt 0.9811766 0.7622776
vt 0.9763741 0.7587591
vt 0.9716518 0.7572728
vt 0.96696 0.7554417
vt 0.9763741 0.7604819
vt 0.9763741 0.7622777
vt 0.971652 0.7604819
vt 0.971652 0.7622777
vt 0.9716518 0.7587591
vt 0.96696 0.7572728
vt 0.9622674 0.7554417
vt 0.96696 0.7604819
vt 0.96696 0.7622777
vt 0.96696 0.7587591
vt 0.9622674 0.7572728
vt 0.9575378 0.7554417
vt 0.9622674 0.7604819
vt 0.9622674 0.7622777
vt 0.9622674 0.7587591
vt 0.9575378 0.7572728
vt 0.9526646 0.7554416
vt 0.9575375 0.7604818
vt 0.9575378 0.7622775
vt 0.9575375 0.7587589
vt 0.9526646 0.7604818
vt 0.9526646 0.7622775
vt 0.9504011 0.7622775
vt 0.9526646 0.7572727
vt 0.9504011 0.7604818
vt 0.9486868 0.7622775
vt 0.9526646 0.758759
vt 0.9504011 0.7572727
vt 0.9504011 0.7554416
vt 0.9504011 0.758759
vt 0.9486868 0.7604818
vt 0.9486868 0.7572727
vt 0.9486868 0.7554416
vt 0.9470625 0.7554416
vt 0.9486868 0.758759
vt 0.9470625 0.7604818
vt 0.9470625 0.7622775
vt 0.9470625 0.7572727
vt 0.9432672 0.7554416
vt 0.9470625 0.758759
vt 0.9432672 0.7572727
vt 0.9417065 0.7554416
vt 0.9432672 0.7604818
vt 0.9432675 0.7622775
vt 0.9432675 0.758759
vt 0.9417065 0.7572727
vt 0.9400295 0.7554416
vt 0.9417065 0.7604818
vt 0.9417065 0.7622775
vt 0.9417065 0.758759
vt 0.9400295 0.7572727
vt 0.9400295 0.7604818
vt 0.9400295 0.7622775
vt 0.9106368 0.7622776
vt 0.9400295 0.758759
vt 0.9106368 0.7572728
vt 0.9106368 0.7554417
vt 0.908937 0.7554417
vt 0.9106368 0.7604818
vt 0.9106368 0.7587589
vt 0.9089369 0.7572726
vt 0.9073861 0.7554418
vt 0.9089369 0.7604817
vt 0.9089369 0.7622775
vt 0.908937 0.7587591
vt 0.9073863 0.7572727
vt 0.9036123 0.7554418
vt 0.9073861 0.760482
vt 0.9073861 0.7622776
vt 0.9073861 0.758759
vt 0.9036123 0.7572726
vt 0.9036124 0.7604818
vt 0.9036123 0.7622777
vt 0.9020041 0.7622775
vt 0.9036123 0.7587591
vt 0.9020041 0.7604817
vt 0.9002746 0.7622775
vt 0.9020041 0.7572726
vt 0.9020041 0.7554415
vt 0.9020041 0.7587589
vt 0.9002746 0.7604817
vt 0.8980128 0.7622777
vt 0.9002746 0.7572726
vt 0.9002746 0.7554415
vt 0.9002746 0.7587589
vt 0.8980128 0.7604817
vt 0.8931412 0.7622776
vt 0.8980128 0.7587589
vt 0.8980126 0.7572728
vt 0.8980128 0.7554415
vt 0.8931412 0.7604818
vt 0.8884088 0.7622775
vt 0.893141 0.7587589
vt 0.893141 0.7572726
vt 0.8931412 0.7554418
vt 0.8884088 0.7604817
vt 0.8837152 0.7622775
vt 0.8884087 0.758759
vt 0.8884089 0.7572727
vt 0.8884087 0.7554418
vt 0.8837152 0.7604817
vt 0.8790216 0.7622775
vt 0.8837152 0.7587589
vt 0.8837152 0.7572726
vt 0.8837152 0.7554415
vt 0.8790216 0.7604818
vt 0.8742959 0.7622776
vt 0.8790216 0.7587591
vt 0.8790216 0.7572727
vt 0.8790216 0.7554415
vt 0.8742959 0.7604818
vt 0.8694708 0.7622776
vt 0.8742959 0.7587591
vt 0.8742959 0.7572727
vt 0.8742959 0.7554415
vt 0.8694708 0.7587591
vt 0.8694708 0.7572727
vt 0.8694708 0.7554417
vt 0.8653404 0.7554418
vt 0.8653405 0.7572727
vt 0.8653404 0.758759
vt 0.8694708 0.7604818
vt 0.8653405 0.7604818
vt 0.8653404 0.7622778
vt 0.9853253 0.7554417
vt 0.9853253 0.7572727
vt 0.9874763 0.7572727
vt 0.9874763 0.7554417
vt 0.8653404 0.7554418
vt 0.8631281 0.7554419
vt 0.8631281 0.7572727
vt 0.8653405 0.7572727
vt 0.8857607 0.7928136
vt 0.8857607 0.790981
vt 0.8816214 0.7909811
vt 0.8816214 0.7928136
vt 0.8857607 0.7943118
vt 0.8768293 0.7909811
vt 0.8816214 0.7943117
vt 0.8857607 0.7960634
vt 0.8768293 0.7928136
vt 0.8721062 0.7909811
vt 0.8816214 0.7960634
vt 0.8857607 0.7978181
vt 0.8816215 0.7978181
vt 0.8768294 0.7943117
vt 0.8721062 0.7928136
vt 0.8674123 0.7909811
vt 0.8768293 0.7960634
vt 0.8768293 0.7978181
vt 0.8721062 0.7960631
vt 0.8721061 0.7978181
vt 0.8721062 0.7943118
vt 0.8674123 0.7928136
vt 0.8627176 0.7909811
vt 0.8674124 0.7960634
vt 0.8674123 0.7978182
vt 0.8674124 0.7943116
vt 0.8627176 0.7928137
vt 0.8579856 0.7909812
vt 0.8627177 0.7960634
vt 0.8627176 0.7978182
vt 0.8627176 0.7943118
vt 0.8579856 0.7928137
vt 0.8531257 0.7909811
vt 0.8579856 0.7960634
vt 0.8579856 0.7978181
vt 0.8579856 0.7943118
vt 0.8531257 0.7960632
vt 0.8531256 0.7978182
vt 0.8508584 0.7978182
vt 0.8531256 0.7928137
vt 0.8508584 0.7960633
vt 0.8491422 0.7978182
vt 0.8531257 0.7943118
vt 0.8508584 0.7928139
vt 0.8508584 0.7909811
vt 0.8508584 0.7943118
vt 0.8491422 0.7960633
vt 0.8491422 0.7928137
vt 0.8491422 0.7909812
vt 0.8475081 0.7909811
vt 0.8491423 0.7943118
vt 0.8475081 0.7960633
vt 0.8475081 0.7978182
vt 0.8475081 0.7928137
vt 0.8437157 0.7909811
vt 0.8475081 0.7943116
vt 0.8437157 0.7928137
vt 0.8421578 0.7909811
vt 0.8437157 0.7960633
vt 0.8437158 0.7978181
vt 0.8437158 0.7943118
vt 0.8421578 0.7928137
vt 0.8404797 0.7909811
vt 0.8421578 0.7960634
vt 0.8421578 0.7978182
vt 0.8421578 0.7943118
vt 0.8404799 0.7928139
vt 0.8404799 0.7960632
vt 0.8404799 0.7978182
vt 0.8110893 0.7978182
vt 0.8404799 0.7943118
vt 0.8110892 0.7928135
vt 0.8110892 0.7909809
vt 0.8093938 0.7909811
vt 0.8110892 0.7960633
vt 0.8110893 0.7943118
vt 0.8093939 0.7928137
vt 0.8078367 0.7909811
vt 0.8093938 0.7960633
vt 0.8093938 0.7978182
vt 0.8093938 0.7943116
vt 0.8078367 0.7928137
vt 0.8040704 0.7909809
vt 0.8078367 0.7960632
vt 0.8078367 0.7978182
vt 0.8078367 0.7943118
vt 0.8040704 0.7928137
vt 0.8040704 0.7960633
vt 0.8040704 0.7978182
vt 0.8024477 0.7978182
vt 0.8040704 0.7943116
vt 0.8024477 0.7960632
vt 0.8007139 0.7978182
vt 0.8024478 0.7928135
vt 0.8024477 0.7909809
vt 0.8024477 0.7943118
vt 0.8007138 0.7960633
vt 0.7984451 0.7978181
vt 0.8007139 0.7928135
vt 0.8007138 0.7909811
vt 0.8007139 0.7943118
vt 0.7984451 0.7960631
vt 0.7935859 0.7978181
vt 0.798445 0.7943118
vt 0.798445 0.7928137
vt 0.798445 0.7909811
vt 0.7935858 0.7960633
vt 0.7888517 0.7978181
vt 0.7935859 0.7943116
vt 0.7935859 0.7928135
vt 0.7935859 0.7909811
vt 0.7888517 0.7960633
vt 0.7841567 0.7978182
vt 0.7888517 0.7943116
vt 0.7888517 0.7928135
vt 0.7888516 0.7909811
vt 0.7841567 0.7960633
vt 0.7794625 0.7978181
vt 0.7841567 0.7943116
vt 0.7841567 0.7928135
vt 0.7841567 0.7909809
vt 0.7794625 0.7960632
vt 0.7747364 0.7978182
vt 0.7794625 0.7943116
vt 0.7794625 0.7928135
vt 0.7794625 0.7909809
vt 0.7747365 0.7960632
vt 0.7699289 0.7978181
vt 0.7747364 0.7943118
vt 0.7747365 0.7928135
vt 0.7747365 0.7909809
vt 0.7699288 0.7943116
vt 0.7699289 0.7928135
vt 0.7699288 0.7909811
vt 0.7657914 0.7909812
vt 0.7657914 0.7928135
vt 0.7657914 0.7943116
vt 0.7699288 0.7960633
vt 0.7657914 0.7960632
vt 0.7657914 0.7978182
vt 0.8857607 0.790981
vt 0.8857607 0.7928136
vt 0.8879054 0.7928136
vt 0.8879054 0.790981
vt 0.7657914 0.7909812
vt 0.7635951 0.7909811
vt 0.7635951 0.7928135
vt 0.7657914 0.7928135
vt 0.7657481 0.7447432
vt 0.7657481 0.7465754
vt 0.7699006 0.7465754
vt 0.7699006 0.7447432
vt 0.7657481 0.7432575
vt 0.7747068 0.7465754
vt 0.7699005 0.7432575
vt 0.7657481 0.7415353
vt 0.7747068 0.7447432
vt 0.7794305 0.7465754
vt 0.7699005 0.7415353
vt 0.7657481 0.7397441
vt 0.7699005 0.7397441
vt 0.7747068 0.7432575
vt 0.7794304 0.7447432
vt 0.7841241 0.7465754
vt 0.7747068 0.7415353
vt 0.7747068 0.7397441
vt 0.7794305 0.7415353
vt 0.7794304 0.7397441
vt 0.7794305 0.7432575
vt 0.7841241 0.7447432
vt 0.788819 0.7465754
vt 0.7841241 0.7415353
vt 0.7841241 0.7397441
vt 0.7841241 0.7432575
vt 0.7888188 0.7447432
vt 0.7935512 0.7465754
vt 0.788819 0.7415353
vt 0.788819 0.7397441
vt 0.788819 0.7432575
vt 0.7935512 0.7447432
vt 0.7984337 0.7465754
vt 0.7935512 0.7415353
vt 0.7935512 0.7397441
vt 0.7935512 0.7432575
vt 0.7984337 0.7415353
vt 0.7984337 0.7397441
vt 0.8006979 0.7397441
vt 0.7984337 0.7447432
vt 0.8006979 0.7415353
vt 0.8024133 0.7397441
vt 0.7984337 0.7432575
vt 0.8006979 0.7447432
vt 0.8006979 0.7465754
vt 0.8006979 0.7432575
vt 0.8024132 0.7415353
vt 0.8024133 0.7447432
vt 0.8024132 0.7465754
vt 0.80404 0.7465754
vt 0.8024133 0.7432575
vt 0.8040398 0.7415353
vt 0.80404 0.7397441
vt 0.8040399 0.7447432
vt 0.807834 0.7465754
vt 0.8040398 0.7432575
vt 0.807834 0.7447432
vt 0.8093973 0.7465754
vt 0.807834 0.7415353
vt 0.807834 0.7397441
vt 0.807834 0.7432575
vt 0.8093973 0.7447432
vt 0.8110749 0.7465754
vt 0.8093974 0.7415353
vt 0.8093975 0.7397441
vt 0.8093974 0.7432575
vt 0.811075 0.7447432
vt 0.8110749 0.7415353
vt 0.811075 0.7397441
vt 0.8404875 0.7397441
vt 0.811075 0.7432575
vt 0.8404875 0.7447432
vt 0.8404875 0.7465754
vt 0.8421894 0.7465754
vt 0.8404875 0.7415353
vt 0.8404875 0.7432575
vt 0.8421896 0.7447432
vt 0.8437403 0.7465754
vt 0.8421894 0.7415353
vt 0.8421895 0.7397441
vt 0.8421894 0.7432575
vt 0.8437403 0.7447432
vt 0.8475174 0.7465754
vt 0.8437403 0.7415353
vt 0.8437403 0.7397441
vt 0.8437403 0.7432575
vt 0.8475174 0.7447432
vt 0.8475174 0.7415353
vt 0.8475174 0.7397441
vt 0.849125 0.7397441
vt 0.8475174 0.7432575
vt 0.849125 0.7415353
vt 0.8508555 0.7397441
vt 0.849125 0.7447432
vt 0.849125 0.7465754
vt 0.8491249 0.7432575
vt 0.8508555 0.7415353
vt 0.8531186 0.7397441
vt 0.8508555 0.7447432
vt 0.8508555 0.7465754
vt 0.8508556 0.7432575
vt 0.8531185 0.7415353
vt 0.8579966 0.7397441
vt 0.8531187 0.7432575
vt 0.8531185 0.7447432
vt 0.8531187 0.7465754
vt 0.8579967 0.7415353
vt 0.8627321 0.7397441
vt 0.8579966 0.7432575
vt 0.8579966 0.7447432
vt 0.8579967 0.7465754
vt 0.8627319 0.7415353
vt 0.8674289 0.7397441
vt 0.8627321 0.7432575
vt 0.8627321 0.7447432
vt 0.8627322 0.7465754
vt 0.8674289 0.7415353
vt 0.8721251 0.7397441
vt 0.8674288 0.7432575
vt 0.8674288 0.7447432
vt 0.8674288 0.7465754
vt 0.8721251 0.7415353
vt 0.8768533 0.7397441
vt 0.8721251 0.7432575
vt 0.8721251 0.7447432
vt 0.8721251 0.7465754
vt 0.8768532 0.7415353
vt 0.8816819 0.7397441
vt 0.8768532 0.7432575
vt 0.8768533 0.7447432
vt 0.8768533 0.7465754
vt 0.8816817 0.7432575
vt 0.8816819 0.7447432
vt 0.8816817 0.7465754
vt 0.8858147 0.7465754
vt 0.8858145 0.7447432
vt 0.8858145 0.7432575
vt 0.8816817 0.7415353
vt 0.8858145 0.7415353
vt 0.8858145 0.7397441
vt 0.7657481 0.7465754
vt 0.7657481 0.7447432
vt 0.7635951 0.7447432
vt 0.7635951 0.7465754
vt 0.8858147 0.7465754
vt 0.8880302 0.7465754
vt 0.8880302 0.7447432
vt 0.8858145 0.7447432
vt 0.9646734 0.8144586
vt 0.966411 0.8144587
vt 0.9677248 0.8123727
vt 0.9646733 0.8123727
vt 0.9677248 0.8101996
vt 0.9627118 0.8123727
vt 0.9627118 0.8144587
vt 0.9646733 0.8101995
vt 0.9660832 0.8080382
vt 0.9627118 0.8101995
vt 0.9488034 0.8123727
vt 0.9488034 0.8144587
vt 0.9646734 0.8080381
vt 0.9660832 0.8058786
vt 0.9646734 0.8058788
vt 0.9627118 0.8058788
vt 0.9627118 0.8080382
vt 0.9488034 0.8058788
vt 0.9488034 0.8080383
vt 0.9460028 0.8058788
vt 0.9488034 0.8101996
vt 0.9460028 0.8080382
vt 0.9433066 0.8058788
vt 0.9460028 0.8101996
vt 0.9433066 0.8080384
vt 0.946003 0.8123727
vt 0.946003 0.8144586
vt 0.9433066 0.8101996
vt 0.9433066 0.8123727
vt 0.9433066 0.8144587
vt 0.7879946 0.8144587
vt 0.7879946 0.8080383
vt 0.7879945 0.8058788
vt 0.7852979 0.8058788
vt 0.7879946 0.8101995
vt 0.7879946 0.8123727
vt 0.7852979 0.8080382
vt 0.7824932 0.8058789
vt 0.7852979 0.8123728
vt 0.7852979 0.8144585
vt 0.7852979 0.8101994
vt 0.7824931 0.8080384
vt 0.7686185 0.8058788
vt 0.7824932 0.8123728
vt 0.7824931 0.8144585
vt 0.7824932 0.8101996
vt 0.7686185 0.8080384
vt 0.7666198 0.805879
vt 0.7686185 0.8123727
vt 0.7686183 0.8144588
vt 0.7686185 0.8101995
vt 0.7666197 0.8080384
vt 0.7666197 0.8123727
vt 0.7666197 0.8144587
vt 0.7650439 0.8144587
vt 0.7635951 0.8123726
vt 0.7666197 0.8101995
vt 0.7635951 0.8101994
vt 0.7651622 0.8080385
vt 0.7651621 0.8058788
vt 0.8872097 0.824352
vt 0.8872095 0.8225195
vt 0.8830701 0.8225195
vt 0.8830702 0.824352
vt 0.8872095 0.8258502
vt 0.8782781 0.8225195
vt 0.8830702 0.8258502
vt 0.8872097 0.8276016
vt 0.8782783 0.824352
vt 0.8735551 0.8225195
vt 0.8830702 0.8276016
vt 0.8872097 0.8293565
vt 0.8830702 0.8293565
vt 0.8782783 0.8258502
vt 0.8735549 0.8243521
vt 0.8688613 0.8225194
vt 0.8782781 0.8276016
vt 0.8782781 0.8293566
vt 0.8735551 0.8276016
vt 0.8735551 0.8293565
vt 0.8735549 0.8258502
vt 0.8688613 0.824352
vt 0.8641666 0.8225195
vt 0.8688613 0.8276016
vt 0.8688612 0.8293565
vt 0.8688612 0.82585
vt 0.8641665 0.8243519
vt 0.8594344 0.8225194
vt 0.8641666 0.8276016
vt 0.8641666 0.8293564
vt 0.8641665 0.82585
vt 0.8594344 0.8243519
vt 0.8545745 0.8225193
vt 0.8594344 0.8276016
vt 0.8594344 0.8293564
vt 0.8594344 0.8258501
vt 0.8545745 0.8276016
vt 0.8545745 0.8293564
vt 0.8523073 0.8293563
vt 0.8545745 0.8243519
vt 0.8523073 0.8276014
vt 0.850591 0.8293564
vt 0.8545745 0.82585
vt 0.8523073 0.8243519
vt 0.8523073 0.8225193
vt 0.8523073 0.82585
vt 0.8505911 0.8276016
vt 0.850591 0.8243518
vt 0.8505911 0.8225193
vt 0.848957 0.8225193
vt 0.850591 0.82585
vt 0.8489569 0.8276014
vt 0.848957 0.8293564
vt 0.8489569 0.8243519
vt 0.8451645 0.8225193
vt 0.8489568 0.82585
vt 0.8451645 0.8243519
vt 0.8436067 0.8225193
vt 0.8451644 0.8276016
vt 0.8451644 0.8293564
vt 0.8451645 0.82585
vt 0.8436065 0.8243519
vt 0.8419285 0.8225193
vt 0.8436067 0.8276016
vt 0.8436067 0.8293564
vt 0.8436065 0.82585
vt 0.8419287 0.8243519
vt 0.8419285 0.8276016
vt 0.8419285 0.8293564
vt 0.812538 0.8293564
vt 0.8419285 0.82585
vt 0.812538 0.8243519
vt 0.8125379 0.8225193
vt 0.8108426 0.8225193
vt 0.812538 0.8276016
vt 0.812538 0.82585
vt 0.8108426 0.8243519
vt 0.8092854 0.8225194
vt 0.8108426 0.8276016
vt 0.8108426 0.8293564
vt 0.8108426 0.82585
vt 0.8092854 0.8243519
vt 0.8055191 0.8225193
vt 0.8092854 0.8276016
vt 0.8092854 0.8293564
vt 0.8092854 0.8258501
vt 0.8055191 0.8243519
vt 0.8055191 0.8276016
vt 0.8055191 0.8293564
vt 0.8038964 0.8293564
vt 0.8055191 0.8258501
vt 0.8038964 0.8276016
vt 0.8021626 0.8293564
vt 0.8038964 0.8243519
vt 0.8038964 0.8225193
vt 0.8038964 0.82585
vt 0.8021626 0.8276016
vt 0.7998938 0.8293564
vt 0.8021626 0.8243519
vt 0.8021626 0.8225193
vt 0.8021626 0.82585
vt 0.7998938 0.8276016
vt 0.7950346 0.8293564
vt 0.7998937 0.82585
vt 0.7998937 0.8243519
vt 0.7998937 0.8225194
vt 0.7950346 0.8276016
vt 0.7903004 0.8293564
vt 0.7950346 0.82585
vt 0.7950346 0.8243519
vt 0.7950346 0.8225193
vt 0.7903005 0.8276016
vt 0.7856055 0.8293564
vt 0.7903004 0.82585
vt 0.7903004 0.8243519
vt 0.7903004 0.8225193
vt 0.7856055 0.8276016
vt 0.7809112 0.8293564
vt 0.7856055 0.82585
vt 0.7856055 0.8243519
vt 0.7856055 0.8225193
vt 0.7809112 0.8276016
vt 0.7761853 0.8293564
vt 0.7809112 0.82585
vt 0.7809112 0.8243519
vt 0.7809112 0.8225193
vt 0.7761853 0.8276016
vt 0.7713776 0.8293564
vt 0.7761852 0.82585
vt 0.7761853 0.8243519
vt 0.7761852 0.8225193
vt 0.7713776 0.82585
vt 0.7713776 0.8243519
vt 0.7713776 0.8225194
vt 0.7672402 0.8225193
vt 0.7672402 0.8243519
vt 0.7672402 0.82585
vt 0.7713776 0.8276016
vt 0.7672402 0.8276016
vt 0.7672402 0.8293564
vt 0.8872095 0.8225195
vt 0.8872097 0.824352
vt 0.8893541 0.824352
vt 0.8893542 0.8225195
vt 0.7672402 0.8225193
vt 0.7650439 0.8225193
vt 0.7650439 0.8243519
vt 0.7672402 0.8243519
vn 0.7695224 -0.3187456 0.5533864
vn 0.7695194 -0.3187565 -0.5533843
vn 0.5707345 -0.610682 -0.5489349
vn 0.5707364 -0.6106786 0.5489368
vn -0.5718396 0.2368629 0.785427
vn 0 -0.8357181 -0.5491588
vn -0.3867263 0.41379 0.8241484
vn -0.5718418 0.2368466 -0.7854302
vn 0 -0.8357175 0.5491596
vn -0.590943 -0.5909412 -0.5491584
vn -0.3867277 0.4137831 -0.8241513
vn 0.7695194 -0.3187565 -0.5533843
vn 0.5707345 -0.610682 -0.5489349
vn 0 0.5661575 0.8242971
vn -0.5909443 -0.5909375 0.5491609
vn -0.8357179 0 -0.5491591
vn 0 0.5661585 -0.8242965
vn 0 -0.8357181 -0.5491588
vn 0.4003296 0.4003341 -0.824299
vn -0.590943 -0.5909412 -0.5491584
vn 0.4003277 0.40034 0.824297
vn -0.8357179 0 0.5491591
vn -0.590942 0.5909436 -0.5491568
vn 0.5661535 0 -0.8242999
vn -0.8357179 0 -0.5491591
vn 0.5661535 0 0.8242999
vn -0.5909438 0.5909403 0.5491585
vn 0 0.8357189 -0.5491574
vn 0.4003316 -0.4003269 -0.8243015
vn -0.590942 0.5909436 -0.5491568
vn 0.4003303 -0.4003333 0.824299
vn 0 0.8357189 0.5491574
vn 0.505998 0.6681006 -0.5455343
vn 0 -0.5661594 -0.8242958
vn 0 0.8357189 -0.5491574
vn 0 -0.5661594 0.8242958
vn -0.3440079 -0.4542214 -0.8217917
vn 0.505998 0.6681006 -0.5455343
vn 0.6277826 0.3380709 -0.7011397
vn 0.5060016 0.6680952 0.5455374
vn -0.6528898 -0.3656168 -0.6633696
vn 0.3089634 0.4382612 -0.8440787
vn -0.3440058 -0.4542339 0.8217855
vn 0.6277863 0.3380598 0.7011419
vn 0.6277826 0.3380709 -0.7011397
vn -0.6528867 -0.3656318 0.6633644
vn -0.5049266 -0.6933867 -0.514066
vn 0.308962 0.4382689 0.8440751
vn 0.3089634 0.4382612 -0.8440787
vn 0.03852146 0.6483365 -0.7603788
vn -0.5049294 -0.6933826 0.514069
vn -0.1250286 -0.7710852 -0.6243361
vn 0.03852146 0.6483365 -0.7603788
vn 0.03852146 0.6483365 0.7603788
vn -0.08751304 0.7939911 -0.6015975
vn -0.1250286 -0.7710852 0.6243361
vn 0.1567173 0.6262456 0.763712
vn -0.4004849 0.8811636 -0.2513213
vn -0.08750754 -0.7939885 -0.6016018
vn -0.08751304 0.7939911 -0.6015975
vn 0.1567204 -0.6262431 0.7637136
vn 0.6810696 0.477088 0.5554559
vn -0.6965966 0.7174235 -0.007527746
vn -0.4004785 -0.8811659 -0.251324
vn -0.4004849 0.8811636 -0.2513213
vn 0.6810749 -0.477082 0.5554547
vn 0.7191287 0.6945981 0.01968161
vn -0.6965964 -0.7174238 -0.007527747
vn -0.6965966 0.7174235 -0.007527746
vn -0.6965976 0.7174225 0.007527734
vn 0.7191287 -0.6945981 0.0196816
vn 0.7191284 0.6945984 -0.0196816
vn -0.6965976 0.7174225 0.007527734
vn -0.4004936 0.8811603 0.2513193
vn -0.6965973 -0.7174228 0.007527734
vn 0.7191284 -0.6945985 -0.0196816
vn 0.6810794 0.477085 -0.5554464
vn -0.08750553 0.7939887 0.6016019
vn -0.4004864 -0.8811644 0.2513167
vn -0.4004936 0.8811603 0.2513193
vn 0.6810775 -0.4770908 -0.5554438
vn 0.1567327 0.626239 -0.7637143
vn 0.03852148 0.6483379 0.7603776
vn -0.08750495 -0.7939916 0.601598
vn -0.08750553 0.7939887 0.6016019
vn 0.1567323 -0.6262413 -0.7637125
vn 0.03852165 0.648334 -0.7603809
vn -0.1250291 -0.771084 0.6243374
vn 0.03852148 0.6483379 0.7603776
vn 0.308965 0.4382575 0.84408
vn -0.1250287 -0.7710857 -0.6243354
vn -0.5049292 -0.693384 0.5140672
vn 0.6277869 0.3380573 0.7011426
vn 0.3089655 0.4382547 -0.8440813
vn 0.308965 0.4382575 0.84408
vn -0.50493 -0.693383 -0.514068
vn -0.6528893 -0.365623 0.6633669
vn 0.505995 0.6681069 0.5455294
vn 0.6277826 0.3380709 -0.7011397
vn 0.6277869 0.3380573 0.7011426
vn -0.6528918 -0.3656099 -0.6633714
vn -0.3440084 -0.4542231 0.8217905
vn 0 0.8357238 0.5491499
vn -0.3440081 -0.4542176 -0.8217936
vn 0.5059932 0.6681078 -0.5455298
vn 0.505995 0.6681069 0.5455294
vn 0 -0.5661609 0.8242947
vn -0.59094 0.5909468 0.5491555
vn 0 -0.5661609 -0.8242947
vn 0 0.8357238 -0.5491499
vn 0 0.8357238 0.5491499
vn 0.4003305 -0.4003305 0.8243003
vn -0.8357175 5.109835E-06 0.5491596
vn 0.4003311 -0.4003311 -0.8242996
vn -0.5909404 0.5909472 -0.5491547
vn -0.59094 0.5909468 0.5491555
vn 0.566153 7.677602E-06 0.8243002
vn -0.5909411 -0.5909445 0.5491567
vn 0.566153 7.677602E-06 -0.8243002
vn -0.8357175 5.116736E-06 -0.5491596
vn -0.8357175 5.109835E-06 0.5491596
vn 0.4003288 0.400338 0.8242974
vn 0 -0.8357227 0.5491517
vn 0.4003282 0.4003374 -0.8242981
vn -0.5909408 -0.5909441 -0.5491576
vn -0.5909411 -0.5909445 0.5491567
vn 0 0.5661595 0.8242958
vn 0.5707346 -0.6106821 0.5489349
vn 0 0.5661595 -0.8242958
vn 0 -0.8357227 -0.5491517
vn 0 -0.8357227 0.5491517
vn -0.3867275 0.413788 -0.8241488
vn 0.5707331 -0.610686 -0.5489322
vn 0.5707346 -0.6106821 0.5489349
vn 0.7695224 -0.3187456 0.5533864
vn 0.7695194 -0.3187565 -0.5533843
vn -0.5718418 0.2368466 -0.7854302
vn -0.3867255 0.4137942 0.8241467
vn -0.5718396 0.2368629 0.785427
vn 0.7695224 -0.3187456 0.5533864
vn 0.1109665 0.9938241 0
vn 0.1109665 0.9938241 0
vn 0.1109665 0.9938241 0
vn 0.1109665 0.9938241 0
vn 0.1109665 0.9938241 0
vn 0.1109665 0.9938241 0
vn 0.1109665 0.9938241 0
vn 0.1109665 0.9938241 0
vn 0.7695162 -0.3187445 0.5533957
vn 0.7695132 -0.3187554 -0.5533936
vn 0.5707338 -0.6106812 -0.5489366
vn 0.5707353 -0.6106772 0.5489395
vn -0.5718413 0.2368621 0.785426
vn 0 -0.8357201 -0.5491556
vn -0.3867244 0.4137879 0.8241504
vn -0.5718436 0.2368458 -0.7854292
vn 0 -0.8357189 0.5491574
vn -0.5909442 -0.5909408 -0.5491576
vn -0.3867264 0.4137818 -0.8241526
vn 0.7695132 -0.3187554 -0.5533936
vn 0.5707338 -0.6106812 -0.5489366
vn 0 0.5661594 0.8242958
vn -0.5909455 -0.590937 0.5491601
vn -0.8357179 0 -0.5491591
vn 0 0.5661613 -0.8242944
vn 0 -0.8357201 -0.5491556
vn 0.4003297 0.4003343 -0.8242989
vn -0.5909442 -0.5909408 -0.5491576
vn 0.4003278 0.4003401 0.824297
vn -0.8357179 0 0.5491591
vn -0.5909415 0.5909449 -0.5491558
vn 0.5661535 0 -0.8242999
vn -0.8357179 0 -0.5491591
vn 0.5661535 0 0.8242999
vn -0.590943 0.5909412 0.5491584
vn 0 0.8357192 -0.5491569
vn 0.4003314 -0.4003284 -0.8243009
vn -0.5909415 0.5909449 -0.5491558
vn 0.4003296 -0.4003341 0.824299
vn 0 0.8357181 0.5491588
vn 0.5059933 0.6681033 -0.5455351
vn 0 -0.5661603 -0.8242952
vn 0 0.8357192 -0.5491569
vn 0 -0.5661585 0.8242965
vn -0.3440115 -0.4542235 -0.821789
vn 0.5059933 0.6681033 -0.5455351
vn 0.6277815 0.3380722 -0.7011402
vn 0.505996 0.6680968 0.5455406
vn -0.6528889 -0.3656206 -0.6633684
vn 0.3089678 0.4382608 -0.8440772
vn -0.3440081 -0.4542342 0.8217846
vn 0.6277825 0.3380597 0.7011454
vn 0.6277815 0.3380722 -0.7011402
vn -0.6528833 -0.3656343 0.6633663
vn -0.5049143 -0.6933928 -0.5140702
vn 0.3089668 0.4382689 0.8440734
vn 0.3089678 0.4382608 -0.8440772
vn 0.03852168 0.6483402 -0.7603756
vn -0.5049169 -0.6933884 0.5140735
vn -0.1250264 -0.7710879 -0.624333
vn 0.03852168 0.6483402 -0.7603756
vn 0.03852172 0.648341 0.7603749
vn -0.08750539 0.7939957 -0.6015925
vn -0.1250265 -0.7710885 0.6243324
vn 0.1567196 0.6262508 0.7637073
vn -0.4004735 0.8811709 -0.251314
vn -0.08750597 -0.7939927 -0.6015965
vn -0.08750539 0.7939957 -0.6015925
vn 0.15672 -0.6262486 0.7637091
vn 0.681072 0.4770906 0.5554507
vn -0.6965923 0.7174277 -0.0075273
vn -0.4004759 -0.8811694 -0.2513155
vn -0.4004735 0.8811709 -0.251314
vn 0.6810737 -0.4770866 0.5554521
vn 0.7191247 0.6946022 0.01968172
vn -0.6965922 -0.7174278 -0.007527298
vn -0.6965923 0.7174277 -0.0075273
vn -0.6965935 0.7174266 0.007527286
vn 0.7191247 -0.6946023 0.01968172
vn 0.7191244 0.6946025 -0.01968172
vn -0.6965935 0.7174266 0.007527286
vn -0.4004948 0.8811623 0.2513103
vn -0.6965931 -0.7174269 0.007527284
vn 0.7191244 -0.6946027 -0.01968172
vn 0.6810794 0.477089 -0.555443
vn -0.08750799 0.7939925 0.6015964
vn -0.4004854 -0.8811673 0.251308
vn -0.4004948 0.8811623 0.2513103
vn 0.6810784 -0.4770942 -0.5554397
vn 0.1567331 0.6262445 -0.7637098
vn 0.03852166 0.6483408 0.7603752
vn -0.08750539 -0.7939957 0.6015925
vn -0.08750799 0.7939925 0.6015964
vn 0.1567337 -0.6262466 -0.7637078
vn 0.03852192 0.6483385 -0.760377
vn -0.1250268 -0.7710863 0.6243351
vn 0.03852166 0.6483408 0.7603752
vn 0.308968 0.4382551 0.8440801
vn -0.1250266 -0.771089 -0.6243318
vn -0.5049159 -0.6933888 0.5140739
vn 0.6277831 0.3380572 0.7011461
vn 0.3089709 0.4382556 -0.8440788
vn 0.308968 0.4382551 0.8440801
vn -0.5049179 -0.6933894 -0.514071
vn -0.6528857 -0.3656254 0.6633689
vn 0.5059894 0.6681084 0.5455327
vn 0.6277815 0.3380722 -0.7011402
vn 0.6277831 0.3380572 0.7011461
vn -0.6528908 -0.3656138 -0.6633704
vn -0.3440107 -0.4542233 0.8217894
vn 0 0.8357236 0.5491503
vn -0.3440118 -0.4542197 -0.821791
vn 0.5059884 0.6681105 -0.5455309
vn 0.5059894 0.6681084 0.5455327
vn 0 -0.5661608 0.8242947
vn -0.5909398 0.5909483 0.5491542
vn 0 -0.5661599 -0.8242954
vn 0 0.835723 -0.5491512
vn 0 0.8357236 0.5491503
vn 0.4003307 -0.4003322 0.8242994
vn -0.8357179 5.109835E-06 0.5491591
vn 0.4003301 -0.4003316 -0.8242999
vn -0.5909394 0.5909479 -0.5491551
vn -0.5909398 0.5909483 0.5491542
vn 0.5661535 7.662341E-06 0.8242999
vn -0.5909422 -0.5909439 0.5491564
vn 0.5661535 7.662341E-06 -0.8242999
vn -0.8357179 5.116738E-06 -0.5491591
vn -0.8357179 5.109835E-06 0.5491591
vn 0.4003286 0.4003378 0.8242977
vn 0 -0.8357245 0.5491489
vn 0.4003286 0.4003378 -0.8242977
vn -0.5909422 -0.5909439 -0.5491564
vn -0.5909422 -0.5909439 0.5491564
vn 0 0.5661619 0.8242941
vn 0.5707338 -0.6106812 0.5489366
vn 0 0.5661619 -0.8242941
vn 0 -0.8357244 -0.549149
vn 0 -0.8357245 0.5491489
vn -0.3867256 0.4137859 -0.8241508
vn 0.5707318 -0.6106846 -0.5489348
vn 0.5707338 -0.6106812 0.5489366
vn 0.7695162 -0.3187445 0.5533957
vn 0.7695132 -0.3187554 -0.5533936
vn -0.5718436 0.2368458 -0.7854292
vn -0.3867242 0.4137927 0.8241479
vn -0.5718413 0.2368621 0.785426
vn 0.7695162 -0.3187445 0.5533957
vn 0.1109784 0.9938228 0
vn 0.1109784 0.9938228 0
vn 0.1109784 0.9938228 0
vn 0.1109784 0.9938228 0
vn 0.1109784 0.9938228 0
vn 0.1109784 0.9938228 0
vn 0.1109784 0.9938228 0
vn 0.1109784 0.9938228 0
vn 0.7695162 -0.3187445 0.5533957
vn 0.7695132 -0.3187554 -0.5533936
vn 0.5707302 -0.6106823 -0.548939
vn 0.5707317 -0.6106784 0.5489419
vn -0.5718353 0.2368627 0.7854301
vn 0 -0.8357155 -0.5491626
vn -0.3867215 0.4137875 0.8241519
vn -0.5718377 0.2368464 -0.7854334
vn 0 -0.8357149 0.5491636
vn -0.5909414 -0.5909414 -0.54916
vn -0.3867235 0.4137813 -0.8241542
vn 0.7695132 -0.3187554 -0.5533936
vn 0.5707302 -0.6106823 -0.548939
vn 0 0.5661559 0.8242981
vn -0.5909423 -0.5909372 0.5491635
vn -0.8357181 0 -0.5491588
vn 0 0.5661568 -0.8242976
vn 0 -0.8357155 -0.5491626
vn 0.4003261 0.4003331 -0.8243012
vn -0.5909414 -0.5909414 -0.54916
vn 0.4003237 0.4003383 0.8242999
vn -0.8357169 0 0.5491605
vn -0.590941 0.5909453 -0.5491561
vn 0.5661505 0 -0.8243019
vn -0.8357181 0 -0.5491588
vn 0.5661486 0 0.8243031
vn -0.5909423 0.5909415 0.5491586
vn 0 0.8357193 -0.5491569
vn 0.4003314 -0.4003283 -0.8243009
vn -0.590941 0.5909453 -0.5491561
vn 0.4003296 -0.4003341 0.824299
vn 0 0.8357181 0.5491587
vn 0.5059929 0.6681044 -0.5455343
vn 0 -0.5661603 -0.8242952
vn 0 0.8357193 -0.5491569
vn 0 -0.5661585 0.8242965
vn -0.3440081 -0.4542257 -0.8217892
vn 0.5059929 0.6681044 -0.5455343
vn 0.627784 0.3380736 -0.7011374
vn 0.5059961 0.6680986 0.5455387
vn -0.6528875 -0.3656198 -0.6633703
vn 0.3089678 0.4382608 -0.8440772
vn -0.3440054 -0.4542373 0.8217839
vn 0.6277866 0.338062 0.7011406
vn 0.627784 0.3380736 -0.7011374
vn -0.6528835 -0.3656345 0.6633661
vn -0.5049243 -0.6933894 -0.5140648
vn 0.3089668 0.4382689 0.8440734
vn 0.3089678 0.4382608 -0.8440772
vn 0.03852168 0.6483402 -0.7603756
vn -0.5049269 -0.693385 0.514068
vn -0.1250264 -0.7710879 -0.624333
vn 0.03852168 0.6483402 -0.7603756
vn 0.03852172 0.648341 0.7603749
vn -0.08750673 0.7939956 -0.6015925
vn -0.1250265 -0.7710885 0.6243324
vn 0.1567194 0.6262509 0.7637073
vn -0.4004736 0.8811709 -0.2513139
vn -0.08750527 -0.7939928 -0.6015965
vn -0.08750673 0.7939956 -0.6015925
vn 0.1567206 -0.6262485 0.763709
vn 0.6810716 0.4770909 0.555451
vn -0.6965922 0.7174278 -0.0075273
vn -0.4004766 -0.8811691 -0.2513154
vn -0.4004736 0.8811709 -0.2513139
vn 0.6810734 -0.4770868 0.5554523
vn 0.7191247 0.6946022 0.01968172
vn -0.6965922 -0.7174277 -0.007527297
vn -0.6965922 0.7174278 -0.0075273
vn -0.6965933 0.7174267 0.007527286
vn 0.7191246 -0.6946024 0.01968173
vn 0.7191245 0.6946025 -0.01968172
vn -0.6965933 0.7174267 0.007527286
vn -0.400489 0.8811647 0.251311
vn -0.6965933 -0.7174267 0.007527284
vn 0.7191243 -0.6946027 -0.01968172
vn 0.6810805 0.4770883 -0.5554423
vn -0.08750527 0.7939928 0.6015965
vn -0.4004849 -0.8811675 0.2513081
vn -0.400489 0.8811647 0.251311
vn 0.681078 -0.4770944 -0.55544
vn 0.1567334 0.6262445 -0.7637098
vn 0.03852166 0.6483408 0.7603752
vn -0.08750267 -0.7939959 0.6015927
vn -0.08750527 0.7939928 0.6015965
vn 0.1567339 -0.6262466 -0.7637078
vn 0.03852192 0.6483385 -0.760377
vn -0.1250268 -0.7710863 0.6243351
vn 0.03852166 0.6483408 0.7603752
vn 0.308968 0.4382551 0.8440801
vn -0.1250266 -0.771089 -0.6243318
vn -0.504926 -0.6933854 0.5140685
vn 0.6277873 0.3380595 0.7011412
vn 0.3089709 0.4382556 -0.8440788
vn 0.308968 0.4382551 0.8440801
vn -0.5049281 -0.6933861 -0.5140656
vn -0.6528859 -0.3656256 0.6633686
vn 0.5059895 0.6681101 0.5455306
vn 0.627784 0.3380736 -0.7011374
vn 0.6277873 0.3380595 0.7011412
vn -0.6528893 -0.365613 -0.6633722
vn -0.344008 -0.4542265 0.8217888
vn 0 0.8357236 0.5491502
vn -0.3440084 -0.454222 -0.8217911
vn 0.505988 0.6681116 -0.54553
vn 0.5059895 0.6681101 0.5455306
vn 0 -0.5661608 0.8242947
vn -0.5909392 0.5909486 0.5491545
vn 0 -0.5661599 -0.8242954
vn 0 0.835723 -0.5491512
vn 0 0.8357236 0.5491502
vn 0.4003307 -0.4003322 0.8242994
vn -0.8357181 5.109785E-06 0.5491588
vn 0.4003301 -0.4003316 -0.8242999
vn -0.5909387 0.5909482 -0.5491553
vn -0.5909392 0.5909486 0.5491545
vn 0.5661505 7.669928E-06 0.8243019
vn -0.5909395 -0.5909447 0.5491583
vn 0.5661486 7.670045E-06 -0.8243031
vn -0.8357168 5.116727E-06 -0.5491605
vn -0.8357181 5.109785E-06 0.5491588
vn 0.4003254 0.4003369 0.8242996
vn 0 -0.8357202 0.5491557
vn 0.4003241 0.4003357 -0.8243009
vn -0.5909387 -0.5909438 -0.5491602
vn -0.5909395 -0.5909447 0.5491583
vn 0 0.5661579 0.8242969
vn 0.5707302 -0.6106823 0.548939
vn 0 0.5661569 -0.8242975
vn 0 -0.8357195 -0.5491565
vn 0 -0.8357202 0.5491557
vn -0.386722 0.4137847 -0.8241531
vn 0.5707278 -0.6106853 -0.5489382
vn 0.5707302 -0.6106823 0.548939
vn 0.7695162 -0.3187445 0.5533957
vn 0.7695132 -0.3187554 -0.5533936
vn -0.5718377 0.2368464 -0.7854334
vn -0.3867213 0.4137923 0.8241497
vn -0.5718353 0.2368627 0.7854301
vn 0.7695162 -0.3187445 0.5533957
vn 0.1109844 0.9938221 0
vn 0.1109844 0.9938221 0
vn 0.1109844 0.9938221 0
vn 0.1109844 0.9938221 0
vn 0.1109844 0.9938221 0
vn 0.1109844 0.9938221 0
vn 0.1109844 0.9938221 0
vn 0.1109844 0.9938221 0
vn 0.7695162 -0.3187445 0.5533957
vn 0.7695132 -0.3187554 -0.5533936
vn 0.5707338 -0.6106812 -0.5489366
vn 0.5707353 -0.6106772 0.5489395
vn -0.5718413 0.2368621 0.785426
vn 0 -0.8357201 -0.5491556
vn -0.3867251 0.4137878 0.8241501
vn -0.5718436 0.2368458 -0.7854292
vn 0 -0.8357189 0.5491574
vn -0.5909447 -0.5909404 -0.5491573
vn -0.3867271 0.4137816 -0.8241522
vn 0.7695132 -0.3187554 -0.5533936
vn 0.5707338 -0.6106812 -0.5489366
vn 0 0.5661594 0.8242958
vn -0.5909461 -0.5909367 0.5491599
vn -0.8357185 0 -0.549158
vn 0 0.5661613 -0.8242944
vn 0 -0.8357201 -0.5491556
vn 0.4003303 0.4003341 -0.8242986
vn -0.5909447 -0.5909404 -0.5491573
vn 0.4003285 0.40034 0.8242967
vn -0.8357185 0 0.549158
vn -0.5909418 0.5909461 -0.5491544
vn 0.5661548 0 -0.824299
vn -0.8357185 0 -0.549158
vn 0.5661548 0 0.824299
vn -0.5909432 0.5909423 0.5491569
vn 0 0.8357233 -0.5491508
vn 0.400334 -0.4003309 -0.8242985
vn -0.5909418 0.5909461 -0.5491544
vn 0.4003321 -0.4003367 0.8242965
vn 0 0.8357221 0.5491526
vn 0.5059938 0.6681054 -0.5455323
vn 0 -0.5661637 -0.8242927
vn 0 0.8357233 -0.5491508
vn 0 -0.566162 0.824294
vn -0.344013 -0.4542254 -0.8217874
vn 0.5059938 0.6681054 -0.5455323
vn 0.6277794 0.3380749 -0.7011407
vn 0.5059965 0.6680989 0.5455378
vn -0.6528906 -0.3656215 -0.6633662
vn 0.3089678 0.4382608 -0.8440772
vn -0.3440095 -0.4542361 0.8217829
vn 0.6277805 0.3380625 0.7011458
vn 0.6277794 0.3380749 -0.7011407
vn -0.652885 -0.3656353 0.6633642
vn -0.5049158 -0.693392 -0.5140697
vn 0.3089668 0.4382689 0.8440734
vn 0.3089678 0.4382608 -0.8440772
vn 0.03852168 0.6483402 -0.7603756
vn -0.5049184 -0.6933876 0.5140728
vn -0.1250264 -0.7710879 -0.624333
vn 0.03852168 0.6483402 -0.7603756
vn 0.03852172 0.648341 0.7603749
vn -0.08750267 0.7939959 -0.6015927
vn -0.1250265 -0.7710885 0.6243324
vn 0.1567205 0.6262508 0.7637072
vn -0.4004704 0.8811723 -0.2513143
vn -0.08750729 -0.7939926 -0.6015964
vn -0.08750267 0.7939959 -0.6015927
vn 0.156719 -0.6262486 0.7637092
vn 0.6810729 0.4770901 0.5554501
vn -0.6965923 0.7174277 -0.0075273
vn -0.4004771 -0.881169 -0.2513154
vn -0.4004704 0.8811723 -0.2513143
vn 0.6810728 -0.4770871 0.5554527
vn 0.7191247 0.6946022 0.01968172
vn -0.6965922 -0.7174278 -0.007527298
vn -0.6965923 0.7174277 -0.0075273
vn -0.6965933 0.7174267 0.007527286
vn 0.7191247 -0.6946023 0.01968172
vn 0.7191245 0.6946025 -0.01968172
vn -0.6965933 0.7174267 0.007527286
vn -0.400489 0.8811647 0.251311
vn -0.6965934 -0.7174266 0.007527282
vn 0.7191242 -0.6946028 -0.01968172
vn 0.68108 0.4770886 -0.5554427
vn -0.08750527 0.7939928 0.6015965
vn -0.4004875 -0.8811664 0.2513077
vn -0.400489 0.8811647 0.251311
vn 0.6810767 -0.4770952 -0.555441
vn 0.1567327 0.6262446 -0.7637098
vn 0.03852166 0.6483408 0.7603752
vn -0.08750267 -0.7939959 0.6015927
vn -0.08750527 0.7939928 0.6015965
vn 0.1567332 -0.6262467 -0.7637079
vn 0.03852192 0.6483385 -0.760377
vn -0.1250268 -0.7710863 0.6243351
vn 0.03852166 0.6483408 0.7603752
vn 0.308968 0.4382551 0.8440801
vn -0.1250266 -0.771089 -0.6243318
vn -0.5049175 -0.693388 0.5140734
vn 0.627781 0.33806 0.7011464
vn 0.3089709 0.4382556 -0.8440788
vn 0.308968 0.4382551 0.8440801
vn -0.5049195 -0.6933887 -0.5140705
vn -0.6528875 -0.3656264 0.6633667
vn 0.5059898 0.6681104 0.5455298
vn 0.6277794 0.3380749 -0.7011407
vn 0.627781 0.33806 0.7011464
vn -0.6528925 -0.3656147 -0.6633682
vn -0.3440121 -0.4542252 0.8217878
vn 0 0.8357276 0.5491441
vn -0.3440132 -0.4542216 -0.8217893
vn 0.5059889 0.6681126 -0.545528
vn 0.5059898 0.6681104 0.5455298
vn 0 -0.5661644 0.8242924
vn -0.5909402 0.5909497 0.5491523
vn 0 -0.5661644 -0.8242924
vn 0 0.8357276 -0.5491442
vn 0 0.8357276 0.5491441
vn 0.4003335 -0.4003351 0.8242967
vn -0.8357189 5.109858E-06 0.5491576
vn 0.4003335 -0.4003351 -0.8242967
vn -0.5909402 0.5909497 -0.5491523
vn -0.5909402 0.5909497 0.5491523
vn 0.5661553 7.670004E-06 0.8242987
vn -0.5909427 -0.5909436 0.5491561
vn 0.5661553 7.670004E-06 -0.8242987
vn -0.8357189 5.11676E-06 -0.5491576
vn -0.8357189 5.109858E-06 0.5491576
vn 0.4003292 0.4003377 0.8242974
vn 0 -0.8357245 0.5491489
vn 0.4003292 0.4003377 -0.8242974
vn -0.5909427 -0.5909436 -0.5491561
vn -0.5909427 -0.5909436 0.5491561
vn 0 0.5661619 0.8242941
vn 0.5707338 -0.6106812 0.5489366
vn 0 0.5661619 -0.8242941
vn 0 -0.8357244 -0.549149
vn 0 -0.8357245 0.5491489
vn -0.3867263 0.4137858 -0.8241506
vn 0.5707318 -0.6106846 -0.5489348
vn 0.5707338 -0.6106812 0.5489366
vn 0.7695162 -0.3187445 0.5533957
vn 0.7695132 -0.3187554 -0.5533936
vn -0.5718436 0.2368458 -0.7854292
vn -0.3867249 0.4137926 0.8241477
vn -0.5718413 0.2368621 0.785426
vn 0.7695162 -0.3187445 0.5533957
vn 0.1109844 0.9938221 0
vn 0.1109844 0.9938221 0
vn 0.1109844 0.9938221 0
vn 0.1109844 0.9938221 0
vn 0.1109844 0.9938221 0
vn 0.1109844 0.9938221 0
vn 0.1109844 0.9938221 0
vn 0.1109844 0.9938221 0
vn 0.7695162 -0.3187445 0.5533957
vn 0.7695132 -0.3187554 -0.5533936
vn 0.5707309 -0.610682 -0.5489388
vn 0.5707324 -0.610678 0.5489416
vn -0.5718353 0.2368627 0.7854301
vn 0 -0.8357155 -0.5491626
vn -0.3867207 0.4137876 0.8241522
vn -0.5718377 0.2368464 -0.7854334
vn 0 -0.8357148 0.5491636
vn -0.5909414 -0.5909413 -0.54916
vn -0.3867227 0.4137815 -0.8241544
vn 0.7695132 -0.3187554 -0.5533936
vn 0.5707309 -0.610682 -0.5489388
vn 0 0.5661559 0.8242981
vn -0.5909423 -0.5909372 0.5491635
vn -0.8357179 0 -0.5491591
vn 0 0.5661568 -0.8242976
vn 0 -0.8357155 -0.5491626
vn 0.4003255 0.4003332 -0.8243014
vn -0.5909414 -0.5909413 -0.54916
vn 0.400323 0.4003384 0.8243001
vn -0.8357167 0 0.5491609
vn -0.5909427 0.5909427 -0.5491568
vn 0.566151 0 -0.8243015
vn -0.8357179 0 -0.5491591
vn 0.5661492 0 0.8243028
vn -0.5909446 0.5909395 0.5491585
vn 0 0.8357192 -0.549157
vn 0.4003354 -0.4003277 -0.8242992
vn -0.5909427 0.5909427 -0.5491568
vn 0.4003341 -0.4003341 0.8242968
vn 0 0.8357187 0.5491579
vn 0.5059955 0.6681004 -0.5455369
vn 0 -0.5661555 -0.8242985
vn 0 0.8357192 -0.549157
vn 0 -0.5661545 0.824299
vn -0.3440138 -0.4542238 -0.8217878
vn 0.5059955 0.6681004 -0.5455369
vn 0.627784 0.3380736 -0.7011374
vn 0.5059987 0.6680945 0.5455412
vn -0.6528897 -0.3656189 -0.6633687
vn 0.3089678 0.4382608 -0.8440772
vn -0.344011 -0.4542354 0.8217825
vn 0.6277866 0.338062 0.7011406
vn 0.627784 0.3380736 -0.7011374
vn -0.6528857 -0.3656335 0.6633644
vn -0.5049213 -0.6933908 -0.5140659
vn 0.3089668 0.4382689 0.8440734
vn 0.3089678 0.4382608 -0.8440772
vn 0.03852168 0.6483402 -0.7603756
vn -0.5049239 -0.6933865 0.5140691
vn -0.1250238 -0.7710883 -0.6243333
vn 0.03852168 0.6483402 -0.7603756
vn 0.03852172 0.648341 0.7603749
vn -0.08750742 0.7939955 -0.6015924
vn -0.1250238 -0.7710887 0.6243325
vn 0.1567187 0.6262509 0.7637074
vn -0.4004757 0.8811701 -0.2513137
vn -0.08750597 -0.7939927 -0.6015965
vn -0.08750742 0.7939955 -0.6015924
vn 0.15672 -0.6262486 0.7637091
vn 0.6810689 0.4770924 0.5554528
vn -0.6965923 0.7174277 -0.0075273
vn -0.4004733 -0.8811705 -0.2513158
vn -0.4004757 0.8811701 -0.2513137
vn 0.6810723 -0.4770874 0.5554531
vn 0.7191244 0.6946025 0.01968173
vn -0.696592 -0.717428 -0.0075273
vn -0.6965923 0.7174277 -0.0075273
vn -0.6965932 0.7174268 0.007527288
vn 0.7191245 -0.6946025 0.01968173
vn 0.7191242 0.6946028 -0.01968173
vn -0.6965932 0.7174268 0.007527288
vn -0.400488 0.8811652 0.2513112
vn -0.696593 -0.717427 0.007527287
vn 0.7191241 -0.6946028 -0.01968172
vn 0.6810778 0.47709 -0.5554442
vn -0.08750597 0.7939927 0.6015965
vn -0.4004855 -0.8811672 0.251308
vn -0.400488 0.8811652 0.2513112
vn 0.6810743 -0.4770967 -0.5554427
vn 0.1567327 0.6262446 -0.7637098
vn 0.03852166 0.6483408 0.7603752
vn -0.08750742 -0.7939955 0.6015924
vn -0.08750597 0.7939927 0.6015965
vn 0.1567314 -0.6262469 -0.7637082
vn 0.03852192 0.6483385 -0.760377
vn -0.1250241 -0.7710866 0.6243351
vn 0.03852166 0.6483408 0.7603752
vn 0.308968 0.4382551 0.8440801
vn -0.1250239 -0.7710893 -0.624332
vn -0.5049229 -0.6933868 0.5140696
vn 0.6277873 0.3380595 0.7011412
vn 0.3089709 0.4382556 -0.8440788
vn 0.308968 0.4382551 0.8440801
vn -0.504925 -0.6933876 -0.5140667
vn -0.6528883 -0.3656247 0.6633668
vn 0.5059921 0.668106 0.5455332
vn 0.627784 0.3380736 -0.7011374
vn 0.6277873 0.3380595 0.7011412
vn -0.6528915 -0.365612 -0.6633705
vn -0.3440136 -0.4542246 0.8217874
vn 0 0.8357235 0.5491505
vn -0.344014 -0.45422 -0.8217897
vn 0.5059906 0.6681076 -0.5455325
vn 0.5059921 0.668106 0.5455332
vn 0 -0.566156 0.8242981
vn -0.590941 0.5909461 0.5491552
vn 0 -0.566156 -0.8242981
vn 0 0.8357235 -0.5491505
vn 0 0.8357235 0.5491505
vn 0.4003346 -0.4003316 0.8242978
vn -0.8357179 5.109788E-06 0.5491591
vn 0.4003346 -0.4003316 -0.8242978
vn -0.590941 0.5909461 -0.5491552
vn -0.590941 0.5909461 0.5491552
vn 0.566151 7.662295E-06 0.8243015
vn -0.5909395 -0.5909446 0.5491583
vn 0.5661492 7.662413E-06 -0.8243028
vn -0.8357166 5.116731E-06 -0.549161
vn -0.8357179 5.109788E-06 0.5491591
vn 0.4003248 0.400337 0.8242999
vn 0 -0.8357201 0.5491557
vn 0.4003235 0.4003358 -0.8243012
vn -0.5909387 -0.5909438 -0.5491602
vn -0.5909395 -0.5909446 0.5491583
vn 0 0.5661579 0.8242969
vn 0.5707309 -0.610682 0.5489388
vn 0 0.566157 -0.8242974
vn 0 -0.8357195 -0.5491565
vn 0 -0.8357201 0.5491557
vn -0.3867213 0.4137849 -0.8241534
vn 0.5707285 -0.610685 -0.5489379
vn 0.5707309 -0.610682 0.5489388
vn 0.7695162 -0.3187445 0.5533957
vn 0.7695132 -0.3187554 -0.5533936
vn -0.5718377 0.2368464 -0.7854334
vn -0.3867206 0.4137925 0.8241499
vn -0.5718353 0.2368627 0.7854301
vn 0.7695162 -0.3187445 0.5533957
vn 0.1109784 0.9938228 0
vn 0.1109784 0.9938228 0
vn 0.1109784 0.9938228 0
vn 0.1109784 0.9938228 0
vn 0.1109784 0.9938228 0
vn 0.1109784 0.9938228 0
vn 0.1109784 0.9938228 0
vn 0.1109784 0.9938228 0
vn 0.2861363 0.8971223 -0.3365972
vn 0.1483434 0.8602439 -0.4878265
vn -0.2943999 0.4735163 0.8301271
vn -0.5973785 0.4785908 0.6434982
vn -0.2943979 -0.4735278 0.8301213
vn -0.7342597 0.6767002 0.05421882
vn 0.676388 0.7361105 -0.02530921
vn -0.5973783 -0.4785919 0.6434975
vn 0.14834 -0.8602508 -0.4878152
vn -0.7342628 -0.6766968 0.05421867
vn -0.6737953 0.7358366 -0.06741233
vn 0.6735495 0.7360711 -0.06730874
vn 0.2861345 -0.8971232 -0.3365961
vn 0.1483434 0.8602439 -0.4878265
vn 0.2861363 0.8971223 -0.3365972
vn 0.676388 0.7361105 -0.02530921
vn 0.6763866 -0.7361118 -0.02530935
vn 0.6735495 0.7360711 -0.06730874
vn 0.7401496 -0.6712392 0.04020603
vn 0.5088654 0.6055701 -0.611834
vn -0.7404929 -0.6708567 0.04026582
vn 0.8570777 -0.3608747 0.367678
vn 0.7040403 0.00677737 -0.7101276
vn -0.8570932 -0.3607044 0.3678094
vn 0.7107828 -0.003898566 0.7034007
vn -0.5088546 0.605305 -0.6121051
vn 0.5088654 0.6055701 -0.611834
vn -0.7103507 -0.003891895 0.7038371
vn -0.7036221 0.006766244 -0.7105422
vn 0.7040403 0.00677737 -0.7101276
vn 0.704045 -0.006777502 -0.710123
vn 0.7107876 0.003898639 0.7033958
vn 0.704045 -0.006777502 -0.710123
vn 0.508867 -0.605571 -0.6118318
vn -0.7103459 0.003891818 0.703842
vn -0.7036175 -0.006766109 -0.7105467
vn 0.8570757 0.3608766 0.3676809
vn 0.6735524 -0.7360685 -0.06730816
vn -0.5088565 -0.6053064 -0.6121023
vn 0.508867 -0.605571 -0.6118318
vn -0.8570955 0.3607037 0.3678045
vn 0.740154 0.6712343 0.0402076
vn 0.6763915 -0.7361073 -0.02530995
vn -0.6738005 -0.7358319 -0.06741312
vn 0.6735524 -0.7360685 -0.06730816
vn -0.7404957 0.6708539 0.04026472
vn 0.6763909 0.7361078 -0.02530987
vn 0.2861354 -0.8971211 -0.3366009
vn -0.734266 -0.6766931 0.05421913
vn 0.6763915 -0.7361073 -0.02530995
vn -0.7342647 0.6766947 0.05421913
vn 0.2861406 0.8971192 -0.3366016
vn -0.5973791 -0.4785878 0.6434998
vn 0.2861354 -0.8971211 -0.3366009
vn 0.1483466 -0.8602476 -0.487819
vn -0.2943941 -0.4735243 0.8301247
vn -0.597378 0.4785872 0.6435012
vn -0.2943949 0.473513 0.8301308
vn 0.1483525 0.8602403 -0.4878302
vn 0.1483466 -0.8602476 -0.487819
vn 0.7695227 -0.3187487 0.5533842
vn 0.7695197 -0.3187597 -0.553382
vn 0.5707356 -0.6106832 -0.5489325
vn 0.5707375 -0.6106797 0.5489343
vn -0.5718433 0.2368645 0.7854237
vn 0 -0.8357221 -0.5491526
vn -0.3867288 0.4137926 0.8241459
vn -0.5718457 0.2368482 -0.7854269
vn 0 -0.8357221 0.5491526
vn -0.5909454 -0.5909403 -0.5491568
vn -0.3867301 0.4137857 -0.8241488
vn 0.7695197 -0.3187597 -0.553382
vn 0.5707356 -0.6106832 -0.5489325
vn 0 0.566162 0.824294
vn -0.5909471 -0.590937 0.5491585
vn -0.8357183 0 -0.5491584
vn 0 0.566162 -0.824294
vn 0 -0.8357221 -0.5491526
vn 0.4003331 0.4003346 -0.824297
vn -0.5909454 -0.5909403 -0.5491568
vn 0.4003319 0.4003411 0.8242945
vn -0.8357171 0 0.5491602
vn -0.5909395 0.5909446 -0.5491583
vn 0.5661535 0 -0.8242998
vn -0.8357183 0 -0.5491584
vn 0.5661517 0 0.8243011
vn -0.5909405 0.5909405 0.5491619
vn 0 0.8357149 -0.5491636
vn 0.400328 -0.4003264 -0.8243034
vn -0.5909395 0.5909446 -0.5491583
vn 0.4003256 -0.4003316 0.8243021
vn 0 0.8357143 0.5491644
vn 0.505993 0.6681001 -0.5455393
vn 0 -0.5661559 -0.8242981
vn 0 0.8357149 -0.5491636
vn 0 -0.566155 0.8242988
vn -0.3440065 -0.4542195 -0.8217933
vn 0.505993 0.6681001 -0.5455393
vn 0.6277802 0.3380696 -0.7011426
vn 0.505996 0.6680939 0.5455443
vn -0.6528859 -0.3656189 -0.6633724
vn 0.3089591 0.4382618 -0.8440799
vn -0.3440034 -0.4542307 0.8217885
vn 0.627783 0.3380581 0.7011458
vn 0.6277802 0.3380696 -0.7011426
vn -0.6528819 -0.3656335 0.6633683
vn -0.5049196 -0.6933886 -0.5140704
vn 0.3089578 0.4382696 0.8440763
vn 0.3089591 0.4382618 -0.8440799
vn 0.03852146 0.6483365 -0.7603788
vn -0.5049224 -0.6933845 0.5140733
vn -0.1250286 -0.7710852 -0.6243361
vn 0.03852146 0.6483365 -0.7603788
vn 0.03852146 0.6483365 0.7603788
vn -0.08750898 0.7939914 -0.6015977
vn -0.1250286 -0.7710852 0.6243361
vn 0.1567191 0.6262454 0.7637119
vn -0.4004788 0.8811662 -0.2513221
vn -0.08750149 -0.7939889 -0.6016021
vn -0.08750898 0.7939914 -0.6015977
vn 0.1567232 -0.6262428 0.7637132
vn 0.6810714 0.4770869 0.5554545
vn -0.6965965 0.7174237 -0.007527748
vn -0.400478 -0.881166 -0.2513241
vn -0.4004788 0.8811662 -0.2513221
vn 0.6810751 -0.4770817 0.5554545
vn 0.7191287 0.6945981 0.01968161
vn -0.6965967 -0.7174234 -0.007527743
vn -0.6965965 0.7174237 -0.007527748
vn -0.6965972 0.717423 0.007527738
vn 0.7191285 -0.6945984 0.01968161
vn 0.7191286 0.6945982 -0.0196816
vn -0.6965972 0.717423 0.007527738
vn -0.40049 0.8811619 0.2513197
vn -0.6965973 -0.7174228 0.007527734
vn 0.7191284 -0.6945985 -0.0196816
vn 0.6810821 0.4770834 -0.5554445
vn -0.08750956 0.7939884 0.6016016
vn -0.4004906 -0.8811626 0.2513162
vn -0.40049 0.8811619 0.2513197
vn 0.6810779 -0.4770906 -0.5554435
vn 0.1567336 0.6262389 -0.7637142
vn 0.03852148 0.6483379 0.7603776
vn -0.08750898 -0.7939914 0.6015977
vn -0.08750956 0.7939884 0.6016016
vn 0.1567332 -0.6262411 -0.7637125
vn 0.03852165 0.648334 -0.7603809
vn -0.1250291 -0.771084 0.6243374
vn 0.03852148 0.6483379 0.7603776
vn 0.3089607 0.4382581 0.8440812
vn -0.1250287 -0.7710857 -0.6243354
vn -0.5049223 -0.693386 0.5140716
vn 0.6277835 0.3380556 0.7011464
vn 0.3089612 0.4382553 -0.8440825
vn 0.3089607 0.4382581 0.8440812
vn -0.5049229 -0.6933848 -0.5140722
vn -0.6528842 -0.3656247 0.6633708
vn 0.5059896 0.6681058 0.5455356
vn 0.6277802 0.3380696 -0.7011426
vn 0.6277835 0.3380556 0.7011464
vn -0.6528877 -0.3656121 -0.6633743
vn -0.3440063 -0.4542203 0.8217929
vn 0 0.8357195 0.5491565
vn -0.3440063 -0.4542152 -0.8217957
vn 0.505988 0.6681071 -0.5455356
vn 0.5059896 0.6681058 0.5455356
vn 0 -0.5661569 0.8242975
vn -0.5909374 0.5909476 0.5491576
vn 0 -0.566156 -0.8242981
vn 0 0.8357189 -0.5491574
vn 0 0.8357195 0.5491565
vn 0.4003267 -0.4003297 0.8243026
vn -0.8357177 5.092882E-06 0.5491593
vn 0.4003267 -0.4003297 -0.8243026
vn -0.5909374 0.5909476 -0.5491576
vn -0.5909374 0.5909476 0.5491576
vn 0.5661526 7.66232E-06 0.8243005
vn -0.5909438 -0.5909438 0.5491546
vn 0.5661526 7.66232E-06 -0.8243005
vn -0.8357177 5.099784E-06 -0.5491593
vn -0.8357177 5.092882E-06 0.5491593
vn 0.4003327 0.4003388 0.8242952
vn 0 -0.8357271 0.549145
vn 0.400332 0.4003381 -0.8242958
vn -0.5909434 -0.5909434 -0.5491556
vn -0.5909438 -0.5909438 0.5491546
vn 0 0.5661635 0.8242929
vn 0.5707356 -0.6106832 0.5489326
vn 0 0.5661635 -0.8242929
vn 0 -0.8357271 -0.549145
vn 0 -0.8357271 0.549145
vn -0.38673 0.4137906 -0.8241464
vn 0.5707341 -0.6106871 -0.5489297
vn 0.5707356 -0.6106832 0.5489326
vn 0.7695227 -0.3187487 0.5533842
vn 0.7695197 -0.3187597 -0.553382
vn -0.5718457 0.2368482 -0.7854269
vn -0.386728 0.4137968 0.8241443
vn -0.5718433 0.2368645 0.7854237
vn 0.7695227 -0.3187487 0.5533842
vn 0.1109665 0.9938241 0
vn 0.1109665 0.9938241 0
vn 0.1109665 0.9938241 0
vn 0.1109665 0.9938241 0
vn 0.1109665 0.9938241 0
vn 0.1109665 0.9938241 0
vn 0.1109665 0.9938241 0
vn 0.1109665 0.9938241 0
usemtl Mat_Pegboard
f 1/1/1 3/3/3 2/2/2 
f 1/1/1 4/4/4 3/3/3 
f 5/5/5 4/4/4 1/1/1 
f 4/4/4 6/6/6 3/3/3 
f 5/5/5 7/7/7 4/4/4 
f 8/8/8 7/7/7 5/5/5 
f 4/4/4 9/9/9 6/6/6 
f 7/7/7 9/9/9 4/4/4 
f 9/9/9 10/10/10 6/6/6 
f 8/8/8 11/11/11 7/7/7 
f 12/12/12 11/11/11 8/8/8 
f 12/12/12 13/13/13 11/11/11 
f 7/7/7 14/14/14 9/9/9 
f 11/11/11 14/14/14 7/7/7 
f 9/9/9 15/15/15 10/10/10 
f 14/14/14 15/15/15 9/9/9 
f 15/15/15 16/16/16 10/10/10 
f 13/13/13 17/17/17 11/11/11 
f 11/11/11 17/17/17 14/14/14 
f 13/13/13 18/18/18 17/17/17 
f 18/18/18 19/19/19 17/17/17 
f 14/14/14 17/17/17 19/19/19 
f 18/18/18 20/20/20 19/19/19 
f 14/14/14 21/21/21 15/15/15 
f 14/14/14 19/19/19 21/21/21 
f 15/15/15 22/22/22 16/16/16 
f 21/21/21 22/22/22 15/15/15 
f 22/22/22 23/23/23 16/16/16 
f 20/20/20 24/24/24 19/19/19 
f 21/21/21 19/19/19 24/24/24 
f 20/20/20 25/25/25 24/24/24 
f 21/21/21 26/26/26 22/22/22 
f 21/21/21 24/24/24 26/26/26 
f 22/22/22 27/27/27 23/23/23 
f 26/26/26 27/27/27 22/22/22 
f 27/27/27 28/28/28 23/23/23 
f 25/25/25 29/29/29 24/24/24 
f 26/26/26 24/24/24 29/29/29 
f 25/25/25 30/30/30 29/29/29 
f 26/26/26 31/31/31 27/27/27 
f 26/26/26 29/29/29 31/31/31 
f 27/27/27 32/32/32 28/28/28 
f 31/31/31 32/32/32 27/27/27 
f 32/32/32 33/33/33 28/28/28 
f 30/30/30 34/34/34 29/29/29 
f 31/31/31 29/29/29 34/34/34 
f 30/30/30 35/35/35 34/34/34 
f 31/31/31 36/36/36 32/32/32 
f 31/31/31 34/34/34 36/36/36 
f 35/35/35 37/37/37 34/34/34 
f 36/36/36 34/34/34 37/37/37 
f 35/35/35 38/38/38 37/37/37 
f 37/37/37 38/38/38 39/39/39 
f 32/32/32 40/40/40 33/33/33 
f 36/36/36 40/40/40 32/32/32 
f 37/37/37 39/39/39 41/41/41 
f 41/41/41 39/39/39 42/42/42 
f 36/36/36 37/37/37 43/43/43 
f 36/36/36 43/43/43 40/40/40 
f 43/43/43 37/37/37 41/41/41 
f 33/33/33 40/40/40 44/44/44 
f 33/33/33 44/44/44 45/45/45 
f 40/40/40 43/43/43 46/46/46 
f 43/43/43 41/41/41 46/46/46 
f 40/40/40 46/46/46 44/44/44 
f 41/41/41 42/42/42 47/47/47 
f 46/46/46 41/41/41 47/47/47 
f 45/45/45 44/44/44 48/48/48 
f 45/45/45 48/48/48 49/49/49 
f 48/48/48 50/50/50 49/49/49 
f 44/44/44 46/46/46 51/51/51 
f 46/46/46 47/47/47 51/51/51 
f 44/44/44 51/51/51 48/48/48 
f 42/42/42 52/52/52 47/47/47 
f 51/51/51 47/47/47 52/52/52 
f 42/42/42 53/53/53 52/52/52 
f 48/48/48 54/54/54 50/50/50 
f 51/51/51 54/54/54 48/48/48 
f 55/55/55 50/50/50 54/54/54 
f 51/51/51 56/56/56 54/54/54 
f 51/51/51 52/52/52 56/56/56 
f 55/55/55 54/54/54 57/57/57 
f 57/57/57 54/54/54 56/56/56 
f 58/58/58 55/55/55 57/57/57 
f 59/59/59 52/52/52 53/53/53 
f 59/59/59 53/53/53 60/60/60 
f 61/61/61 56/56/56 52/52/52 
f 57/57/57 56/56/56 61/61/61 
f 61/61/61 52/52/52 59/59/59 
f 58/58/58 57/57/57 62/62/62 
f 62/62/62 57/57/57 61/61/61 
f 63/63/63 58/58/58 62/62/62 
f 64/64/64 59/59/59 60/60/60 
f 64/64/64 60/60/60 65/65/65 
f 66/66/66 61/61/61 59/59/59 
f 62/62/62 61/61/61 66/66/66 
f 66/66/66 59/59/59 64/64/64 
f 63/63/63 62/62/62 67/67/67 
f 67/67/67 62/62/62 66/66/66 
f 68/68/68 64/64/64 65/65/65 
f 68/68/68 65/65/65 69/69/69 
f 68/68/68 69/69/69 70/70/70 
f 71/71/71 66/66/66 64/64/64 
f 71/71/71 64/64/64 68/68/68 
f 67/67/67 66/66/66 71/71/71 
f 63/63/63 67/67/67 72/72/72 
f 63/63/63 72/72/72 73/73/73 
f 72/72/72 74/74/74 73/73/73 
f 68/68/68 70/70/70 75/75/75 
f 71/71/71 68/68/68 75/75/75 
f 67/67/67 71/71/71 76/76/76 
f 67/67/67 76/76/76 72/72/72 
f 71/71/71 75/75/75 76/76/76 
f 72/72/72 77/77/77 74/74/74 
f 76/76/76 77/77/77 72/72/72 
f 77/77/77 78/78/78 74/74/74 
f 70/70/70 79/79/79 75/75/75 
f 70/70/70 80/80/80 79/79/79 
f 75/75/75 81/81/81 76/76/76 
f 76/76/76 81/81/81 77/77/77 
f 75/75/75 79/79/79 81/81/81 
f 77/77/77 82/82/82 78/78/78 
f 81/81/81 82/82/82 77/77/77 
f 82/82/82 83/83/83 78/78/78 
f 80/80/80 84/84/84 79/79/79 
f 80/80/80 85/85/85 84/84/84 
f 79/79/79 86/86/86 81/81/81 
f 81/81/81 86/86/86 82/82/82 
f 79/79/79 84/84/84 86/86/86 
f 82/82/82 87/87/87 83/83/83 
f 86/86/86 87/87/87 82/82/82 
f 85/85/85 88/88/88 84/84/84 
f 85/85/85 89/89/89 88/88/88 
f 90/90/90 88/88/88 89/89/89 
f 84/84/84 91/91/91 86/86/86 
f 84/84/84 88/88/88 91/91/91 
f 86/86/86 91/91/91 87/87/87 
f 90/90/90 92/92/92 88/88/88 
f 92/92/92 91/91/91 88/88/88 
f 93/93/93 92/92/92 90/90/90 
f 94/94/94 83/83/83 87/87/87 
f 94/94/94 95/95/95 83/83/83 
f 96/96/96 87/87/87 91/91/91 
f 92/92/92 96/96/96 91/91/91 
f 96/96/96 94/94/94 87/87/87 
f 93/93/93 97/97/97 92/92/92 
f 97/97/97 96/96/96 92/92/92 
f 98/98/98 97/97/97 93/93/93 
f 99/99/99 95/95/95 94/94/94 
f 99/99/99 100/100/100 95/95/95 
f 101/101/101 94/94/94 96/96/96 
f 97/97/97 101/101/101 96/96/96 
f 101/101/101 99/99/99 94/94/94 
f 98/98/98 102/102/102 97/97/97 
f 103/103/103 102/102/102 98/98/98 
f 104/104/104 101/101/101 97/97/97 
f 104/104/104 99/99/99 101/101/101 
f 104/104/104 97/97/97 102/102/102 
f 105/105/105 100/100/100 99/99/99 
f 104/104/104 105/105/105 99/99/99 
f 105/105/105 106/106/106 100/100/100 
f 103/103/103 107/107/107 102/102/102 
f 108/108/108 107/107/107 103/103/103 
f 109/109/109 104/104/104 102/102/102 
f 109/109/109 105/105/105 104/104/104 
f 109/109/109 102/102/102 107/107/107 
f 110/110/110 106/106/106 105/105/105 
f 109/109/109 110/110/110 105/105/105 
f 110/110/110 111/111/111 106/106/106 
f 108/108/108 112/112/112 107/107/107 
f 113/113/113 112/112/112 108/108/108 
f 114/114/114 109/109/109 107/107/107 
f 114/114/114 110/110/110 109/109/109 
f 114/114/114 107/107/107 112/112/112 
f 115/115/115 111/111/111 110/110/110 
f 114/114/114 115/115/115 110/110/110 
f 115/115/115 116/116/116 111/111/111 
f 113/113/113 117/117/117 112/112/112 
f 118/118/118 117/117/117 113/113/113 
f 119/119/119 114/114/114 112/112/112 
f 119/119/119 115/115/115 114/114/114 
f 119/119/119 112/112/112 117/117/117 
f 120/120/120 116/116/116 115/115/115 
f 119/119/119 120/120/120 115/115/115 
f 120/120/120 121/121/121 116/116/116 
f 118/118/118 122/122/122 117/117/117 
f 123/123/123 122/122/122 118/118/118 
f 124/124/124 119/119/119 117/117/117 
f 124/124/124 120/120/120 119/119/119 
f 124/124/124 117/117/117 122/122/122 
f 125/125/125 121/121/121 120/120/120 
f 124/124/124 125/125/125 120/120/120 
f 125/125/125 126/126/126 121/121/121 
f 123/123/123 127/127/127 122/122/122 
f 128/128/128 127/127/127 123/123/123 
f 129/129/129 124/124/124 122/122/122 
f 129/129/129 125/125/125 124/124/124 
f 129/129/129 122/122/122 127/127/127 
f 130/130/130 126/126/126 125/125/125 
f 129/129/129 130/130/130 125/125/125 
f 130/130/130 131/131/131 126/126/126 
f 132/132/132 129/129/129 127/127/127 
f 132/132/132 130/130/130 129/129/129 
f 133/133/133 131/131/131 130/130/130 
f 132/132/132 133/133/133 130/130/130 
f 133/133/133 134/134/134 131/131/131 
f 135/135/135 134/134/134 133/133/133 
f 135/135/135 133/133/133 136/136/136 
f 136/136/136 133/133/133 132/132/132 
f 136/136/136 132/132/132 137/137/137 
f 132/132/132 127/127/127 138/138/138 
f 137/137/137 132/132/132 138/138/138 
f 128/128/128 138/138/138 127/127/127 
f 137/137/137 138/138/138 139/139/139 
f 139/139/139 138/138/138 128/128/128 
f 139/139/139 128/128/128 140/140/140 
f 141/141/141 143/143/143 142/142/142 
f 141/141/141 144/144/144 143/143/143 
f 145/145/145 147/147/147 146/146/146 
f 145/145/145 148/148/148 147/147/147 
f 149/149/149 151/151/151 150/150/150 
f 149/149/149 152/152/152 151/151/151 
f 153/153/153 152/152/152 149/149/149 
f 152/152/152 154/154/154 151/151/151 
f 153/153/153 155/155/155 152/152/152 
f 156/156/156 155/155/155 153/153/153 
f 152/152/152 157/157/157 154/154/154 
f 155/155/155 157/157/157 152/152/152 
f 157/157/157 158/158/158 154/154/154 
f 156/156/156 159/159/159 155/155/155 
f 160/160/160 159/159/159 156/156/156 
f 160/160/160 161/161/161 159/159/159 
f 155/155/155 162/162/162 157/157/157 
f 159/159/159 162/162/162 155/155/155 
f 157/157/157 163/163/163 158/158/158 
f 162/162/162 163/163/163 157/157/157 
f 163/163/163 164/164/164 158/158/158 
f 161/161/161 165/165/165 159/159/159 
f 159/159/159 165/165/165 162/162/162 
f 161/161/161 166/166/166 165/165/165 
f 166/166/166 167/167/167 165/165/165 
f 162/162/162 165/165/165 167/167/167 
f 166/166/166 168/168/168 167/167/167 
f 162/162/162 169/169/169 163/163/163 
f 162/162/162 167/167/167 169/169/169 
f 163/163/163 170/170/170 164/164/164 
f 169/169/169 170/170/170 163/163/163 
f 170/170/170 171/171/171 164/164/164 
f 168/168/168 172/172/172 167/167/167 
f 169/169/169 167/167/167 172/172/172 
f 168/168/168 173/173/173 172/172/172 
f 169/169/169 174/174/174 170/170/170 
f 169/169/169 172/172/172 174/174/174 
f 170/170/170 175/175/175 171/171/171 
f 174/174/174 175/175/175 170/170/170 
f 175/175/175 176/176/176 171/171/171 
f 173/173/173 177/177/177 172/172/172 
f 174/174/174 172/172/172 177/177/177 
f 173/173/173 178/178/178 177/177/177 
f 174/174/174 179/179/179 175/175/175 
f 174/174/174 177/177/177 179/179/179 
f 175/175/175 180/180/180 176/176/176 
f 179/179/179 180/180/180 175/175/175 
f 180/180/180 181/181/181 176/176/176 
f 178/178/178 182/182/182 177/177/177 
f 179/179/179 177/177/177 182/182/182 
f 178/178/178 183/183/183 182/182/182 
f 179/179/179 184/184/184 180/180/180 
f 179/179/179 182/182/182 184/184/184 
f 183/183/183 185/185/185 182/182/182 
f 184/184/184 182/182/182 185/185/185 
f 183/183/183 186/186/186 185/185/185 
f 185/185/185 186/186/186 187/187/187 
f 180/180/180 188/188/188 181/181/181 
f 184/184/184 188/188/188 180/180/180 
f 185/185/185 187/187/187 189/189/189 
f 189/189/189 187/187/187 190/190/190 
f 184/184/184 185/185/185 191/191/191 
f 184/184/184 191/191/191 188/188/188 
f 191/191/191 185/185/185 189/189/189 
f 181/181/181 188/188/188 192/192/192 
f 181/181/181 192/192/192 193/193/193 
f 188/188/188 191/191/191 194/194/194 
f 191/191/191 189/189/189 194/194/194 
f 188/188/188 194/194/194 192/192/192 
f 189/189/189 190/190/190 195/195/195 
f 194/194/194 189/189/189 195/195/195 
f 193/193/193 192/192/192 196/196/196 
f 193/193/193 196/196/196 197/197/197 
f 196/196/196 198/198/198 197/197/197 
f 192/192/192 194/194/194 199/199/199 
f 194/194/194 195/195/195 199/199/199 
f 192/192/192 199/199/199 196/196/196 
f 190/190/190 200/200/200 195/195/195 
f 199/199/199 195/195/195 200/200/200 
f 190/190/190 201/201/201 200/200/200 
f 196/196/196 202/202/202 198/198/198 
f 199/199/199 202/202/202 196/196/196 
f 203/203/203 198/198/198 202/202/202 
f 199/199/199 204/204/204 202/202/202 
f 199/199/199 200/200/200 204/204/204 
f 203/203/203 202/202/202 205/205/205 
f 205/205/205 202/202/202 204/204/204 
f 206/206/206 203/203/203 205/205/205 
f 207/207/207 200/200/200 201/201/201 
f 207/207/207 201/201/201 208/208/208 
f 209/209/209 204/204/204 200/200/200 
f 205/205/205 204/204/204 209/209/209 
f 209/209/209 200/200/200 207/207/207 
f 206/206/206 205/205/205 210/210/210 
f 210/210/210 205/205/205 209/209/209 
f 211/211/211 206/206/206 210/210/210 
f 212/212/212 207/207/207 208/208/208 
f 212/212/212 208/208/208 213/213/213 
f 214/214/214 209/209/209 207/207/207 
f 210/210/210 209/209/209 214/214/214 
f 214/214/214 207/207/207 212/212/212 
f 211/211/211 210/210/210 215/215/215 
f 215/215/215 210/210/210 214/214/214 
f 216/216/216 212/212/212 213/213/213 
f 216/216/216 213/213/213 217/217/217 
f 216/216/216 217/217/217 218/218/218 
f 219/219/219 214/214/214 212/212/212 
f 219/219/219 212/212/212 216/216/216 
f 215/215/215 214/214/214 219/219/219 
f 211/211/211 215/215/215 220/220/220 
f 211/211/211 220/220/220 221/221/221 
f 220/220/220 222/222/222 221/221/221 
f 216/216/216 218/218/218 223/223/223 
f 219/219/219 216/216/216 223/223/223 
f 215/215/215 219/219/219 224/224/224 
f 215/215/215 224/224/224 220/220/220 
f 219/219/219 223/223/223 224/224/224 
f 220/220/220 225/225/225 222/222/222 
f 224/224/224 225/225/225 220/220/220 
f 225/225/225 226/226/226 222/222/222 
f 218/218/218 227/227/227 223/223/223 
f 218/218/218 228/228/228 227/227/227 
f 223/223/223 229/229/229 224/224/224 
f 224/224/224 229/229/229 225/225/225 
f 223/223/223 227/227/227 229/229/229 
f 225/225/225 230/230/230 226/226/226 
f 229/229/229 230/230/230 225/225/225 
f 230/230/230 231/231/231 226/226/226 
f 228/228/228 232/232/232 227/227/227 
f 228/228/228 233/233/233 232/232/232 
f 227/227/227 234/234/234 229/229/229 
f 229/229/229 234/234/234 230/230/230 
f 227/227/227 232/232/232 234/234/234 
f 230/230/230 235/235/235 231/231/231 
f 234/234/234 235/235/235 230/230/230 
f 233/233/233 236/236/236 232/232/232 
f 233/233/233 237/237/237 236/236/236 
f 238/238/238 236/236/236 237/237/237 
f 232/232/232 239/239/239 234/234/234 
f 232/232/232 236/236/236 239/239/239 
f 234/234/234 239/239/239 235/235/235 
f 238/238/238 240/240/240 236/236/236 
f 240/240/240 239/239/239 236/236/236 
f 241/241/241 240/240/240 238/238/238 
f 242/242/242 231/231/231 235/235/235 
f 242/242/242 243/243/243 231/231/231 
f 244/244/244 235/235/235 239/239/239 
f 240/240/240 244/244/244 239/239/239 
f 244/244/244 242/242/242 235/235/235 
f 241/241/241 245/245/245 240/240/240 
f 245/245/245 244/244/244 240/240/240 
f 246/246/246 245/245/245 241/241/241 
f 247/247/247 243/243/243 242/242/242 
f 247/247/247 248/248/248 243/243/243 
f 249/249/249 242/242/242 244/244/244 
f 245/245/245 249/249/249 244/244/244 
f 249/249/249 247/247/247 242/242/242 
f 246/246/246 250/250/250 245/245/245 
f 251/251/251 250/250/250 246/246/246 
f 252/252/252 249/249/249 245/245/245 
f 252/252/252 247/247/247 249/249/249 
f 252/252/252 245/245/245 250/250/250 
f 253/253/253 248/248/248 247/247/247 
f 252/252/252 253/253/253 247/247/247 
f 253/253/253 254/254/254 248/248/248 
f 251/251/251 255/255/255 250/250/250 
f 256/256/256 255/255/255 251/251/251 
f 257/257/257 252/252/252 250/250/250 
f 257/257/257 253/253/253 252/252/252 
f 257/257/257 250/250/250 255/255/255 
f 258/258/258 254/254/254 253/253/253 
f 257/257/257 258/258/258 253/253/253 
f 258/258/258 259/259/259 254/254/254 
f 256/256/256 260/260/260 255/255/255 
f 261/261/261 260/260/260 256/256/256 
f 262/262/262 257/257/257 255/255/255 
f 262/262/262 258/258/258 257/257/257 
f 262/262/262 255/255/255 260/260/260 
f 263/263/263 259/259/259 258/258/258 
f 262/262/262 263/263/263 258/258/258 
f 263/263/263 264/264/264 259/259/259 
f 261/261/261 265/265/265 260/260/260 
f 266/266/266 265/265/265 261/261/261 
f 267/267/267 262/262/262 260/260/260 
f 267/267/267 263/263/263 262/262/262 
f 267/267/267 260/260/260 265/265/265 
f 268/268/268 264/264/264 263/263/263 
f 267/267/267 268/268/268 263/263/263 
f 268/268/268 269/269/269 264/264/264 
f 266/266/266 270/270/270 265/265/265 
f 271/271/271 270/270/270 266/266/266 
f 272/272/272 267/267/267 265/265/265 
f 272/272/272 268/268/268 267/267/267 
f 272/272/272 265/265/265 270/270/270 
f 273/273/273 269/269/269 268/268/268 
f 272/272/272 273/273/273 268/268/268 
f 273/273/273 274/274/274 269/269/269 
f 271/271/271 275/275/275 270/270/270 
f 276/276/276 275/275/275 271/271/271 
f 277/277/277 272/272/272 270/270/270 
f 277/277/277 273/273/273 272/272/272 
f 277/277/277 270/270/270 275/275/275 
f 278/278/278 274/274/274 273/273/273 
f 277/277/277 278/278/278 273/273/273 
f 278/278/278 279/279/279 274/274/274 
f 280/280/280 277/277/277 275/275/275 
f 280/280/280 278/278/278 277/277/277 
f 281/281/281 279/279/279 278/278/278 
f 280/280/280 281/281/281 278/278/278 
f 281/281/281 282/282/282 279/279/279 
f 283/283/283 282/282/282 281/281/281 
f 283/283/283 281/281/281 284/284/284 
f 284/284/284 281/281/281 280/280/280 
f 284/284/284 280/280/280 285/285/285 
f 280/280/280 275/275/275 286/286/286 
f 285/285/285 280/280/280 286/286/286 
f 276/276/276 286/286/286 275/275/275 
f 285/285/285 286/286/286 287/287/287 
f 287/287/287 286/286/286 276/276/276 
f 287/287/287 276/276/276 288/288/288 
f 289/289/289 291/291/291 290/290/290 
f 289/289/289 292/292/292 291/291/291 
f 293/293/293 295/295/295 294/294/294 
f 293/293/293 296/296/296 295/295/295 
f 297/297/297 299/299/299 298/298/298 
f 297/297/297 300/300/300 299/299/299 
f 301/301/301 300/300/300 297/297/297 
f 300/300/300 302/302/302 299/299/299 
f 301/301/301 303/303/303 300/300/300 
f 304/304/304 303/303/303 301/301/301 
f 300/300/300 305/305/305 302/302/302 
f 303/303/303 305/305/305 300/300/300 
f 305/305/305 306/306/306 302/302/302 
f 304/304/304 307/307/307 303/303/303 
f 308/308/308 307/307/307 304/304/304 
f 308/308/308 309/309/309 307/307/307 
f 303/303/303 310/310/310 305/305/305 
f 307/307/307 310/310/310 303/303/303 
f 305/305/305 311/311/311 306/306/306 
f 310/310/310 311/311/311 305/305/305 
f 311/311/311 312/312/312 306/306/306 
f 309/309/309 313/313/313 307/307/307 
f 307/307/307 313/313/313 310/310/310 
f 309/309/309 314/314/314 313/313/313 
f 314/314/314 315/315/315 313/313/313 
f 310/310/310 313/313/313 315/315/315 
f 314/314/314 316/316/316 315/315/315 
f 310/310/310 317/317/317 311/311/311 
f 310/310/310 315/315/315 317/317/317 
f 311/311/311 318/318/318 312/312/312 
f 317/317/317 318/318/318 311/311/311 
f 318/318/318 319/319/319 312/312/312 
f 316/316/316 320/320/320 315/315/315 
f 317/317/317 315/315/315 320/320/320 
f 316/316/316 321/321/321 320/320/320 
f 317/317/317 322/322/322 318/318/318 
f 317/317/317 320/320/320 322/322/322 
f 318/318/318 323/323/323 319/319/319 
f 322/322/322 323/323/323 318/318/318 
f 323/323/323 324/324/324 319/319/319 
f 321/321/321 325/325/325 320/320/320 
f 322/322/322 320/320/320 325/325/325 
f 321/321/321 326/326/326 325/325/325 
f 322/322/322 327/327/327 323/323/323 
f 322/322/322 325/325/325 327/327/327 
f 323/323/323 328/328/328 324/324/324 
f 327/327/327 328/328/328 323/323/323 
f 328/328/328 329/329/329 324/324/324 
f 326/326/326 330/330/330 325/325/325 
f 327/327/327 325/325/325 330/330/330 
f 326/326/326 331/331/331 330/330/330 
f 327/327/327 332/332/332 328/328/328 
f 327/327/327 330/330/330 332/332/332 
f 331/331/331 333/333/333 330/330/330 
f 332/332/332 330/330/330 333/333/333 
f 331/331/331 334/334/334 333/333/333 
f 333/333/333 334/334/334 335/335/335 
f 328/328/328 336/336/336 329/329/329 
f 332/332/332 336/336/336 328/328/328 
f 333/333/333 335/335/335 337/337/337 
f 337/337/337 335/335/335 338/338/338 
f 332/332/332 333/333/333 339/339/339 
f 332/332/332 339/339/339 336/336/336 
f 339/339/339 333/333/333 337/337/337 
f 329/329/329 336/336/336 340/340/340 
f 329/329/329 340/340/340 341/341/341 
f 336/336/336 339/339/339 342/342/342 
f 339/339/339 337/337/337 342/342/342 
f 336/336/336 342/342/342 340/340/340 
f 337/337/337 338/338/338 343/343/343 
f 342/342/342 337/337/337 343/343/343 
f 341/341/341 340/340/340 344/344/344 
f 341/341/341 344/344/344 345/345/345 
f 344/344/344 346/346/346 345/345/345 
f 340/340/340 342/342/342 347/347/347 
f 342/342/342 343/343/343 347/347/347 
f 340/340/340 347/347/347 344/344/344 
f 338/338/338 348/348/348 343/343/343 
f 347/347/347 343/343/343 348/348/348 
f 338/338/338 349/349/349 348/348/348 
f 344/344/344 350/350/350 346/346/346 
f 347/347/347 350/350/350 344/344/344 
f 351/351/351 346/346/346 350/350/350 
f 347/347/347 352/352/352 350/350/350 
f 347/347/347 348/348/348 352/352/352 
f 351/351/351 350/350/350 353/353/353 
f 353/353/353 350/350/350 352/352/352 
f 354/354/354 351/351/351 353/353/353 
f 355/355/355 348/348/348 349/349/349 
f 355/355/355 349/349/349 356/356/356 
f 357/357/357 352/352/352 348/348/348 
f 353/353/353 352/352/352 357/357/357 
f 357/357/357 348/348/348 355/355/355 
f 354/354/354 353/353/353 358/358/358 
f 358/358/358 353/353/353 357/357/357 
f 359/359/359 354/354/354 358/358/358 
f 360/360/360 355/355/355 356/356/356 
f 360/360/360 356/356/356 361/361/361 
f 362/362/362 357/357/357 355/355/355 
f 358/358/358 357/357/357 362/362/362 
f 362/362/362 355/355/355 360/360/360 
f 359/359/359 358/358/358 363/363/363 
f 363/363/363 358/358/358 362/362/362 
f 364/364/364 360/360/360 361/361/361 
f 364/364/364 361/361/361 365/365/365 
f 364/364/364 365/365/365 366/366/366 
f 367/367/367 362/362/362 360/360/360 
f 367/367/367 360/360/360 364/364/364 
f 363/363/363 362/362/362 367/367/367 
f 359/359/359 363/363/363 368/368/368 
f 359/359/359 368/368/368 369/369/369 
f 368/368/368 370/370/370 369/369/369 
f 364/364/364 366/366/366 371/371/371 
f 367/367/367 364/364/364 371/371/371 
f 363/363/363 367/367/367 372/372/372 
f 363/363/363 372/372/372 368/368/368 
f 367/367/367 371/371/371 372/372/372 
f 368/368/368 373/373/373 370/370/370 
f 372/372/372 373/373/373 368/368/368 
f 373/373/373 374/374/374 370/370/370 
f 366/366/366 375/375/375 371/371/371 
f 366/366/366 376/376/376 375/375/375 
f 371/371/371 377/377/377 372/372/372 
f 372/372/372 377/377/377 373/373/373 
f 371/371/371 375/375/375 377/377/377 
f 373/373/373 378/378/378 374/374/374 
f 377/377/377 378/378/378 373/373/373 
f 378/378/378 379/379/379 374/374/374 
f 376/376/376 380/380/380 375/375/375 
f 376/376/376 381/381/381 380/380/380 
f 375/375/375 382/382/382 377/377/377 
f 377/377/377 382/382/382 378/378/378 
f 375/375/375 380/380/380 382/382/382 
f 378/378/378 383/383/383 379/379/379 
f 382/382/382 383/383/383 378/378/378 
f 381/381/381 384/384/384 380/380/380 
f 381/381/381 385/385/385 384/384/384 
f 386/386/386 384/384/384 385/385/385 
f 380/380/380 387/387/387 382/382/382 
f 380/380/380 384/384/384 387/387/387 
f 382/382/382 387/387/387 383/383/383 
f 386/386/386 388/388/388 384/384/384 
f 388/388/388 387/387/387 384/384/384 
f 389/389/389 388/388/388 386/386/386 
f 390/390/390 379/379/379 383/383/383 
f 390/390/390 391/391/391 379/379/379 
f 392/392/392 383/383/383 387/387/387 
f 388/388/388 392/392/392 387/387/387 
f 392/392/392 390/390/390 383/383/383 
f 389/389/389 393/393/393 388/388/388 
f 393/393/393 392/392/392 388/388/388 
f 394/394/394 393/393/393 389/389/389 
f 395/395/395 391/391/391 390/390/390 
f 395/395/395 396/396/396 391/391/391 
f 397/397/397 390/390/390 392/392/392 
f 393/393/393 397/397/397 392/392/392 
f 397/397/397 395/395/395 390/390/390 
f 394/394/394 398/398/398 393/393/393 
f 399/399/399 398/398/398 394/394/394 
f 400/400/400 397/397/397 393/393/393 
f 400/400/400 395/395/395 397/397/397 
f 400/400/400 393/393/393 398/398/398 
f 401/401/401 396/396/396 395/395/395 
f 400/400/400 401/401/401 395/395/395 
f 401/401/401 402/402/402 396/396/396 
f 399/399/399 403/403/403 398/398/398 
f 404/404/404 403/403/403 399/399/399 
f 405/405/405 400/400/400 398/398/398 
f 405/405/405 401/401/401 400/400/400 
f 405/405/405 398/398/398 403/403/403 
f 406/406/406 402/402/402 401/401/401 
f 405/405/405 406/406/406 401/401/401 
f 406/406/406 407/407/407 402/402/402 
f 404/404/404 408/408/408 403/403/403 
f 409/409/409 408/408/408 404/404/404 
f 410/410/410 405/405/405 403/403/403 
f 410/410/410 406/406/406 405/405/405 
f 410/410/410 403/403/403 408/408/408 
f 411/411/411 407/407/407 406/406/406 
f 410/410/410 411/411/411 406/406/406 
f 411/411/411 412/412/412 407/407/407 
f 409/409/409 413/413/413 408/408/408 
f 414/414/414 413/413/413 409/409/409 
f 415/415/415 410/410/410 408/408/408 
f 415/415/415 411/411/411 410/410/410 
f 415/415/415 408/408/408 413/413/413 
f 416/416/416 412/412/412 411/411/411 
f 415/415/415 416/416/416 411/411/411 
f 416/416/416 417/417/417 412/412/412 
f 414/414/414 418/418/418 413/413/413 
f 419/419/419 418/418/418 414/414/414 
f 420/420/420 415/415/415 413/413/413 
f 420/420/420 416/416/416 415/415/415 
f 420/420/420 413/413/413 418/418/418 
f 421/421/421 417/417/417 416/416/416 
f 420/420/420 421/421/421 416/416/416 
f 421/421/421 422/422/422 417/417/417 
f 419/419/419 423/423/423 418/418/418 
f 424/424/424 423/423/423 419/419/419 
f 425/425/425 420/420/420 418/418/418 
f 425/425/425 421/421/421 420/420/420 
f 425/425/425 418/418/418 423/423/423 
f 426/426/426 422/422/422 421/421/421 
f 425/425/425 426/426/426 421/421/421 
f 426/426/426 427/427/427 422/422/422 
f 428/428/428 425/425/425 423/423/423 
f 428/428/428 426/426/426 425/425/425 
f 429/429/429 427/427/427 426/426/426 
f 428/428/428 429/429/429 426/426/426 
f 429/429/429 430/430/430 427/427/427 
f 431/431/431 430/430/430 429/429/429 
f 431/431/431 429/429/429 432/432/432 
f 432/432/432 429/429/429 428/428/428 
f 432/432/432 428/428/428 433/433/433 
f 428/428/428 423/423/423 434/434/434 
f 433/433/433 428/428/428 434/434/434 
f 424/424/424 434/434/434 423/423/423 
f 433/433/433 434/434/434 435/435/435 
f 435/435/435 434/434/434 424/424/424 
f 435/435/435 424/424/424 436/436/436 
f 437/437/437 439/439/439 438/438/438 
f 437/437/437 440/440/440 439/439/439 
f 441/441/441 443/443/443 442/442/442 
f 441/441/441 444/444/444 443/443/443 
f 445/445/445 447/447/447 446/446/446 
f 445/445/445 448/448/448 447/447/447 
f 449/449/449 448/448/448 445/445/445 
f 448/448/448 450/450/450 447/447/447 
f 449/449/449 451/451/451 448/448/448 
f 452/452/452 451/451/451 449/449/449 
f 448/448/448 453/453/453 450/450/450 
f 451/451/451 453/453/453 448/448/448 
f 453/453/453 454/454/454 450/450/450 
f 452/452/452 455/455/455 451/451/451 
f 456/456/456 455/455/455 452/452/452 
f 456/456/456 457/457/457 455/455/455 
f 451/451/451 458/458/458 453/453/453 
f 455/455/455 458/458/458 451/451/451 
f 453/453/453 459/459/459 454/454/454 
f 458/458/458 459/459/459 453/453/453 
f 459/459/459 460/460/460 454/454/454 
f 457/457/457 461/461/461 455/455/455 
f 455/455/455 461/461/461 458/458/458 
f 457/457/457 462/462/462 461/461/461 
f 462/462/462 463/463/463 461/461/461 
f 458/458/458 461/461/461 463/463/463 
f 462/462/462 464/464/464 463/463/463 
f 458/458/458 465/465/465 459/459/459 
f 458/458/458 463/463/463 465/465/465 
f 459/459/459 466/466/466 460/460/460 
f 465/465/465 466/466/466 459/459/459 
f 466/466/466 467/467/467 460/460/460 
f 464/464/464 468/468/468 463/463/463 
f 465/465/465 463/463/463 468/468/468 
f 464/464/464 469/469/469 468/468/468 
f 465/465/465 470/470/470 466/466/466 
f 465/465/465 468/468/468 470/470/470 
f 466/466/466 471/471/471 467/467/467 
f 470/470/470 471/471/471 466/466/466 
f 471/471/471 472/472/472 467/467/467 
f 469/469/469 473/473/473 468/468/468 
f 470/470/470 468/468/468 473/473/473 
f 469/469/469 474/474/474 473/473/473 
f 470/470/470 475/475/475 471/471/471 
f 470/470/470 473/473/473 475/475/475 
f 471/471/471 476/476/476 472/472/472 
f 475/475/475 476/476/476 471/471/471 
f 476/476/476 477/477/477 472/472/472 
f 474/474/474 478/478/478 473/473/473 
f 475/475/475 473/473/473 478/478/478 
f 474/474/474 479/479/479 478/478/478 
f 475/475/475 480/480/480 476/476/476 
f 475/475/475 478/478/478 480/480/480 
f 479/479/479 481/481/481 478/478/478 
f 480/480/480 478/478/478 481/481/481 
f 479/479/479 482/482/482 481/481/481 
f 481/481/481 482/482/482 483/483/483 
f 476/476/476 484/484/484 477/477/477 
f 480/480/480 484/484/484 476/476/476 
f 481/481/481 483/483/483 485/485/485 
f 485/485/485 483/483/483 486/486/486 
f 480/480/480 481/481/481 487/487/487 
f 480/480/480 487/487/487 484/484/484 
f 487/487/487 481/481/481 485/485/485 
f 477/477/477 484/484/484 488/488/488 
f 477/477/477 488/488/488 489/489/489 
f 484/484/484 487/487/487 490/490/490 
f 487/487/487 485/485/485 490/490/490 
f 484/484/484 490/490/490 488/488/488 
f 485/485/485 486/486/486 491/491/491 
f 490/490/490 485/485/485 491/491/491 
f 489/489/489 488/488/488 492/492/492 
f 489/489/489 492/492/492 493/493/493 
f 492/492/492 494/494/494 493/493/493 
f 488/488/488 490/490/490 495/495/495 
f 490/490/490 491/491/491 495/495/495 
f 488/488/488 495/495/495 492/492/492 
f 486/486/486 496/496/496 491/491/491 
f 495/495/495 491/491/491 496/496/496 
f 486/486/486 497/497/497 496/496/496 
f 492/492/492 498/498/498 494/494/494 
f 495/495/495 498/498/498 492/492/492 
f 499/499/499 494/494/494 498/498/498 
f 495/495/495 500/500/500 498/498/498 
f 495/495/495 496/496/496 500/500/500 
f 499/499/499 498/498/498 501/501/501 
f 501/501/501 498/498/498 500/500/500 
f 502/502/502 499/499/499 501/501/501 
f 503/503/503 496/496/496 497/497/497 
f 503/503/503 497/497/497 504/504/504 
f 505/505/505 500/500/500 496/496/496 
f 501/501/501 500/500/500 505/505/505 
f 505/505/505 496/496/496 503/503/503 
f 502/502/502 501/501/501 506/506/506 
f 506/506/506 501/501/501 505/505/505 
f 507/507/507 502/502/502 506/506/506 
f 508/508/508 503/503/503 504/504/504 
f 508/508/508 504/504/504 509/509/509 
f 510/510/510 505/505/505 503/503/503 
f 506/506/506 505/505/505 510/510/510 
f 510/510/510 503/503/503 508/508/508 
f 507/507/507 506/506/506 511/511/511 
f 511/511/511 506/506/506 510/510/510 
f 512/512/512 508/508/508 509/509/509 
f 512/512/512 509/509/509 513/513/513 
f 512/512/512 513/513/513 514/514/514 
f 515/515/515 510/510/510 508/508/508 
f 515/515/515 508/508/508 512/512/512 
f 511/511/511 510/510/510 515/515/515 
f 507/507/507 511/511/511 516/516/516 
f 507/507/507 516/516/516 517/517/517 
f 516/516/516 518/518/518 517/517/517 
f 512/512/512 514/514/514 519/519/519 
f 515/515/515 512/512/512 519/519/519 
f 511/511/511 515/515/515 520/520/520 
f 511/511/511 520/520/520 516/516/516 
f 515/515/515 519/519/519 520/520/520 
f 516/516/516 521/521/521 518/518/518 
f 520/520/520 521/521/521 516/516/516 
f 521/521/521 522/522/522 518/518/518 
f 514/514/514 523/523/523 519/519/519 
f 514/514/514 524/524/524 523/523/523 
f 519/519/519 525/525/525 520/520/520 
f 520/520/520 525/525/525 521/521/521 
f 519/519/519 523/523/523 525/525/525 
f 521/521/521 526/526/526 522/522/522 
f 525/525/525 526/526/526 521/521/521 
f 526/526/526 527/527/527 522/522/522 
f 524/524/524 528/528/528 523/523/523 
f 524/524/524 529/529/529 528/528/528 
f 523/523/523 530/530/530 525/525/525 
f 525/525/525 530/530/530 526/526/526 
f 523/523/523 528/528/528 530/530/530 
f 526/526/526 531/531/531 527/527/527 
f 530/530/530 531/531/531 526/526/526 
f 529/529/529 532/532/532 528/528/528 
f 529/529/529 533/533/533 532/532/532 
f 534/534/534 532/532/532 533/533/533 
f 528/528/528 535/535/535 530/530/530 
f 528/528/528 532/532/532 535/535/535 
f 530/530/530 535/535/535 531/531/531 
f 534/534/534 536/536/536 532/532/532 
f 536/536/536 535/535/535 532/532/532 
f 537/537/537 536/536/536 534/534/534 
f 538/538/538 527/527/527 531/531/531 
f 538/538/538 539/539/539 527/527/527 
f 540/540/540 531/531/531 535/535/535 
f 536/536/536 540/540/540 535/535/535 
f 540/540/540 538/538/538 531/531/531 
f 537/537/537 541/541/541 536/536/536 
f 541/541/541 540/540/540 536/536/536 
f 542/542/542 541/541/541 537/537/537 
f 543/543/543 539/539/539 538/538/538 
f 543/543/543 544/544/544 539/539/539 
f 545/545/545 538/538/538 540/540/540 
f 541/541/541 545/545/545 540/540/540 
f 545/545/545 543/543/543 538/538/538 
f 542/542/542 546/546/546 541/541/541 
f 547/547/547 546/546/546 542/542/542 
f 548/548/548 545/545/545 541/541/541 
f 548/548/548 543/543/543 545/545/545 
f 548/548/548 541/541/541 546/546/546 
f 549/549/549 544/544/544 543/543/543 
f 548/548/548 549/549/549 543/543/543 
f 549/549/549 550/550/550 544/544/544 
f 547/547/547 551/551/551 546/546/546 
f 552/552/552 551/551/551 547/547/547 
f 553/553/553 548/548/548 546/546/546 
f 553/553/553 549/549/549 548/548/548 
f 553/553/553 546/546/546 551/551/551 
f 554/554/554 550/550/550 549/549/549 
f 553/553/553 554/554/554 549/549/549 
f 554/554/554 555/555/555 550/550/550 
f 552/552/552 556/556/556 551/551/551 
f 557/557/557 556/556/556 552/552/552 
f 558/558/558 553/553/553 551/551/551 
f 558/558/558 554/554/554 553/553/553 
f 558/558/558 551/551/551 556/556/556 
f 559/559/559 555/555/555 554/554/554 
f 558/558/558 559/559/559 554/554/554 
f 559/559/559 560/560/560 555/555/555 
f 557/557/557 561/561/561 556/556/556 
f 562/562/562 561/561/561 557/557/557 
f 563/563/563 558/558/558 556/556/556 
f 563/563/563 559/559/559 558/558/558 
f 563/563/563 556/556/556 561/561/561 
f 564/564/564 560/560/560 559/559/559 
f 563/563/563 564/564/564 559/559/559 
f 564/564/564 565/565/565 560/560/560 
f 562/562/562 566/566/566 561/561/561 
f 567/567/567 566/566/566 562/562/562 
f 568/568/568 563/563/563 561/561/561 
f 568/568/568 564/564/564 563/563/563 
f 568/568/568 561/561/561 566/566/566 
f 569/569/569 565/565/565 564/564/564 
f 568/568/568 569/569/569 564/564/564 
f 569/569/569 570/570/570 565/565/565 
f 567/567/567 571/571/571 566/566/566 
f 572/572/572 571/571/571 567/567/567 
f 573/573/573 568/568/568 566/566/566 
f 573/573/573 569/569/569 568/568/568 
f 573/573/573 566/566/566 571/571/571 
f 574/574/574 570/570/570 569/569/569 
f 573/573/573 574/574/574 569/569/569 
f 574/574/574 575/575/575 570/570/570 
f 576/576/576 573/573/573 571/571/571 
f 576/576/576 574/574/574 573/573/573 
f 577/577/577 575/575/575 574/574/574 
f 576/576/576 577/577/577 574/574/574 
f 577/577/577 578/578/578 575/575/575 
f 579/579/579 578/578/578 577/577/577 
f 579/579/579 577/577/577 580/580/580 
f 580/580/580 577/577/577 576/576/576 
f 580/580/580 576/576/576 581/581/581 
f 576/576/576 571/571/571 582/582/582 
f 581/581/581 576/576/576 582/582/582 
f 572/572/572 582/582/582 571/571/571 
f 581/581/581 582/582/582 583/583/583 
f 583/583/583 582/582/582 572/572/572 
f 583/583/583 572/572/572 584/584/584 
f 585/585/585 587/587/587 586/586/586 
f 585/585/585 588/588/588 587/587/587 
f 589/589/589 591/591/591 590/590/590 
f 589/589/589 592/592/592 591/591/591 
f 593/593/593 595/595/595 594/594/594 
f 593/593/593 596/596/596 595/595/595 
f 597/597/597 596/596/596 593/593/593 
f 596/596/596 598/598/598 595/595/595 
f 597/597/597 599/599/599 596/596/596 
f 600/600/600 599/599/599 597/597/597 
f 596/596/596 601/601/601 598/598/598 
f 599/599/599 601/601/601 596/596/596 
f 601/601/601 602/602/602 598/598/598 
f 600/600/600 603/603/603 599/599/599 
f 604/604/604 603/603/603 600/600/600 
f 604/604/604 605/605/605 603/603/603 
f 599/599/599 606/606/606 601/601/601 
f 603/603/603 606/606/606 599/599/599 
f 601/601/601 607/607/607 602/602/602 
f 606/606/606 607/607/607 601/601/601 
f 607/607/607 608/608/608 602/602/602 
f 605/605/605 609/609/609 603/603/603 
f 603/603/603 609/609/609 606/606/606 
f 605/605/605 610/610/610 609/609/609 
f 610/610/610 611/611/611 609/609/609 
f 606/606/606 609/609/609 611/611/611 
f 610/610/610 612/612/612 611/611/611 
f 606/606/606 613/613/613 607/607/607 
f 606/606/606 611/611/611 613/613/613 
f 607/607/607 614/614/614 608/608/608 
f 613/613/613 614/614/614 607/607/607 
f 614/614/614 615/615/615 608/608/608 
f 612/612/612 616/616/616 611/611/611 
f 613/613/613 611/611/611 616/616/616 
f 612/612/612 617/617/617 616/616/616 
f 613/613/613 618/618/618 614/614/614 
f 613/613/613 616/616/616 618/618/618 
f 614/614/614 619/619/619 615/615/615 
f 618/618/618 619/619/619 614/614/614 
f 619/619/619 620/620/620 615/615/615 
f 617/617/617 621/621/621 616/616/616 
f 618/618/618 616/616/616 621/621/621 
f 617/617/617 622/622/622 621/621/621 
f 618/618/618 623/623/623 619/619/619 
f 618/618/618 621/621/621 623/623/623 
f 619/619/619 624/624/624 620/620/620 
f 623/623/623 624/624/624 619/619/619 
f 624/624/624 625/625/625 620/620/620 
f 622/622/622 626/626/626 621/621/621 
f 623/623/623 621/621/621 626/626/626 
f 622/622/622 627/627/627 626/626/626 
f 623/623/623 628/628/628 624/624/624 
f 623/623/623 626/626/626 628/628/628 
f 627/627/627 629/629/629 626/626/626 
f 628/628/628 626/626/626 629/629/629 
f 627/627/627 630/630/630 629/629/629 
f 629/629/629 630/630/630 631/631/631 
f 624/624/624 632/632/632 625/625/625 
f 628/628/628 632/632/632 624/624/624 
f 629/629/629 631/631/631 633/633/633 
f 633/633/633 631/631/631 634/634/634 
f 628/628/628 629/629/629 635/635/635 
f 628/628/628 635/635/635 632/632/632 
f 635/635/635 629/629/629 633/633/633 
f 625/625/625 632/632/632 636/636/636 
f 625/625/625 636/636/636 637/637/637 
f 632/632/632 635/635/635 638/638/638 
f 635/635/635 633/633/633 638/638/638 
f 632/632/632 638/638/638 636/636/636 
f 633/633/633 634/634/634 639/639/639 
f 638/638/638 633/633/633 639/639/639 
f 637/637/637 636/636/636 640/640/640 
f 637/637/637 640/640/640 641/641/641 
f 640/640/640 642/642/642 641/641/641 
f 636/636/636 638/638/638 643/643/643 
f 638/638/638 639/639/639 643/643/643 
f 636/636/636 643/643/643 640/640/640 
f 634/634/634 644/644/644 639/639/639 
f 643/643/643 639/639/639 644/644/644 
f 634/634/634 645/645/645 644/644/644 
f 640/640/640 646/646/646 642/642/642 
f 643/643/643 646/646/646 640/640/640 
f 647/647/647 642/642/642 646/646/646 
f 643/643/643 648/648/648 646/646/646 
f 643/643/643 644/644/644 648/648/648 
f 647/647/647 646/646/646 649/649/649 
f 649/649/649 646/646/646 648/648/648 
f 650/650/650 647/647/647 649/649/649 
f 651/651/651 644/644/644 645/645/645 
f 651/651/651 645/645/645 652/652/652 
f 653/653/653 648/648/648 644/644/644 
f 649/649/649 648/648/648 653/653/653 
f 653/653/653 644/644/644 651/651/651 
f 650/650/650 649/649/649 654/654/654 
f 654/654/654 649/649/649 653/653/653 
f 655/655/655 650/650/650 654/654/654 
f 656/656/656 651/651/651 652/652/652 
f 656/656/656 652/652/652 657/657/657 
f 658/658/658 653/653/653 651/651/651 
f 654/654/654 653/653/653 658/658/658 
f 658/658/658 651/651/651 656/656/656 
f 655/655/655 654/654/654 659/659/659 
f 659/659/659 654/654/654 658/658/658 
f 660/660/660 656/656/656 657/657/657 
f 660/660/660 657/657/657 661/661/661 
f 660/660/660 661/661/661 662/662/662 
f 663/663/663 658/658/658 656/656/656 
f 663/663/663 656/656/656 660/660/660 
f 659/659/659 658/658/658 663/663/663 
f 655/655/655 659/659/659 664/664/664 
f 655/655/655 664/664/664 665/665/665 
f 664/664/664 666/666/666 665/665/665 
f 660/660/660 662/662/662 667/667/667 
f 663/663/663 660/660/660 667/667/667 
f 659/659/659 663/663/663 668/668/668 
f 659/659/659 668/668/668 664/664/664 
f 663/663/663 667/667/667 668/668/668 
f 664/664/664 669/669/669 666/666/666 
f 668/668/668 669/669/669 664/664/664 
f 669/669/669 670/670/670 666/666/666 
f 662/662/662 671/671/671 667/667/667 
f 662/662/662 672/672/672 671/671/671 
f 667/667/667 673/673/673 668/668/668 
f 668/668/668 673/673/673 669/669/669 
f 667/667/667 671/671/671 673/673/673 
f 669/669/669 674/674/674 670/670/670 
f 673/673/673 674/674/674 669/669/669 
f 674/674/674 675/675/675 670/670/670 
f 672/672/672 676/676/676 671/671/671 
f 672/672/672 677/677/677 676/676/676 
f 671/671/671 678/678/678 673/673/673 
f 673/673/673 678/678/678 674/674/674 
f 671/671/671 676/676/676 678/678/678 
f 674/674/674 679/679/679 675/675/675 
f 678/678/678 679/679/679 674/674/674 
f 677/677/677 680/680/680 676/676/676 
f 677/677/677 681/681/681 680/680/680 
f 682/682/682 680/680/680 681/681/681 
f 676/676/676 683/683/683 678/678/678 
f 676/676/676 680/680/680 683/683/683 
f 678/678/678 683/683/683 679/679/679 
f 682/682/682 684/684/684 680/680/680 
f 684/684/684 683/683/683 680/680/680 
f 685/685/685 684/684/684 682/682/682 
f 686/686/686 675/675/675 679/679/679 
f 686/686/686 687/687/687 675/675/675 
f 688/688/688 679/679/679 683/683/683 
f 684/684/684 688/688/688 683/683/683 
f 688/688/688 686/686/686 679/679/679 
f 685/685/685 689/689/689 684/684/684 
f 689/689/689 688/688/688 684/684/684 
f 690/690/690 689/689/689 685/685/685 
f 691/691/691 687/687/687 686/686/686 
f 691/691/691 692/692/692 687/687/687 
f 693/693/693 686/686/686 688/688/688 
f 689/689/689 693/693/693 688/688/688 
f 693/693/693 691/691/691 686/686/686 
f 690/690/690 694/694/694 689/689/689 
f 695/695/695 694/694/694 690/690/690 
f 696/696/696 693/693/693 689/689/689 
f 696/696/696 691/691/691 693/693/693 
f 696/696/696 689/689/689 694/694/694 
f 697/697/697 692/692/692 691/691/691 
f 696/696/696 697/697/697 691/691/691 
f 697/697/697 698/698/698 692/692/692 
f 695/695/695 699/699/699 694/694/694 
f 700/700/700 699/699/699 695/695/695 
f 701/701/701 696/696/696 694/694/694 
f 701/701/701 697/697/697 696/696/696 
f 701/701/701 694/694/694 699/699/699 
f 702/702/702 698/698/698 697/697/697 
f 701/701/701 702/702/702 697/697/697 
f 702/702/702 703/703/703 698/698/698 
f 700/700/700 704/704/704 699/699/699 
f 705/705/705 704/704/704 700/700/700 
f 706/706/706 701/701/701 699/699/699 
f 706/706/706 702/702/702 701/701/701 
f 706/706/706 699/699/699 704/704/704 
f 707/707/707 703/703/703 702/702/702 
f 706/706/706 707/707/707 702/702/702 
f 707/707/707 708/708/708 703/703/703 
f 705/705/705 709/709/709 704/704/704 
f 710/710/710 709/709/709 705/705/705 
f 711/711/711 706/706/706 704/704/704 
f 711/711/711 707/707/707 706/706/706 
f 711/711/711 704/704/704 709/709/709 
f 712/712/712 708/708/708 707/707/707 
f 711/711/711 712/712/712 707/707/707 
f 712/712/712 713/713/713 708/708/708 
f 710/710/710 714/714/714 709/709/709 
f 715/715/715 714/714/714 710/710/710 
f 716/716/716 711/711/711 709/709/709 
f 716/716/716 712/712/712 711/711/711 
f 716/716/716 709/709/709 714/714/714 
f 717/717/717 713/713/713 712/712/712 
f 716/716/716 717/717/717 712/712/712 
f 717/717/717 718/718/718 713/713/713 
f 715/715/715 719/719/719 714/714/714 
f 720/720/720 719/719/719 715/715/715 
f 721/721/721 716/716/716 714/714/714 
f 721/721/721 717/717/717 716/716/716 
f 721/721/721 714/714/714 719/719/719 
f 722/722/722 718/718/718 717/717/717 
f 721/721/721 722/722/722 717/717/717 
f 722/722/722 723/723/723 718/718/718 
f 724/724/724 721/721/721 719/719/719 
f 724/724/724 722/722/722 721/721/721 
f 725/725/725 723/723/723 722/722/722 
f 724/724/724 725/725/725 722/722/722 
f 725/725/725 726/726/726 723/723/723 
f 727/727/727 726/726/726 725/725/725 
f 727/727/727 725/725/725 728/728/728 
f 728/728/728 725/725/725 724/724/724 
f 728/728/728 724/724/724 729/729/729 
f 724/724/724 719/719/719 730/730/730 
f 729/729/729 724/724/724 730/730/730 
f 720/720/720 730/730/730 719/719/719 
f 729/729/729 730/730/730 731/731/731 
f 731/731/731 730/730/730 720/720/720 
f 731/731/731 720/720/720 732/732/732 
f 733/733/733 735/735/735 734/734/734 
f 733/733/733 736/736/736 735/735/735 
f 737/737/737 739/739/739 738/738/738 
f 737/737/737 740/740/740 739/739/739 
f 741/741/741 743/743/743 742/742/742 
f 741/741/741 744/744/744 743/743/743 
f 744/744/744 745/745/745 743/743/743 
f 746/746/746 744/744/744 741/741/741 
f 746/746/746 741/741/741 747/747/747 
f 744/744/744 748/748/748 745/745/745 
f 748/748/748 749/749/749 745/745/745 
f 750/750/750 744/744/744 746/746/746 
f 750/750/750 748/748/748 744/744/744 
f 751/751/751 746/746/746 747/747/747 
f 751/751/751 747/747/747 752/752/752 
f 748/748/748 753/753/753 749/749/749 
f 753/753/753 754/754/754 749/749/749 
f 753/753/753 755/755/755 754/754/754 
f 756/756/756 755/755/755 753/753/753 
f 757/757/757 753/753/753 748/748/748 
f 756/756/756 753/753/753 757/757/757 
f 757/757/757 748/748/748 750/750/750 
f 758/758/758 756/756/756 757/757/757 
f 758/758/758 757/757/757 759/759/759 
f 759/759/759 757/757/757 750/750/750 
f 760/760/760 758/758/758 759/759/759 
f 761/761/761 750/750/750 746/746/746 
f 759/759/759 750/750/750 761/761/761 
f 761/761/761 746/746/746 751/751/751 
f 760/760/760 759/759/759 762/762/762 
f 762/762/762 759/759/759 761/761/761 
f 763/763/763 760/760/760 762/762/762 
f 764/764/764 761/761/761 751/751/751 
f 762/762/762 761/761/761 764/764/764 
f 763/763/763 762/762/762 765/765/765 
f 765/765/765 762/762/762 764/764/764 
f 764/764/764 751/751/751 766/766/766 
f 766/766/766 751/751/751 752/752/752 
f 766/766/766 752/752/752 767/767/767 
f 768/768/768 764/764/764 766/766/766 
f 765/765/765 764/764/764 768/768/768 
f 769/769/769 766/766/766 767/767/767 
f 768/768/768 766/766/766 769/769/769 
f 769/769/769 767/767/767 770/770/770 
f 771/771/771 769/769/769 770/770/770 
f 772/772/772 763/763/763 765/765/765 
f 772/772/772 773/773/773 763/763/763 
f 772/772/772 774/774/774 773/773/773 
f 775/775/775 765/765/765 768/768/768 
f 775/775/775 772/772/772 765/765/765 
f 776/776/776 768/768/768 769/769/769 
f 771/771/771 776/776/776 769/769/769 
f 776/776/776 775/775/775 768/768/768 
f 772/772/772 777/777/777 774/774/774 
f 775/775/775 777/777/777 772/772/772 
f 777/777/777 778/778/778 774/774/774 
f 771/771/771 779/779/779 776/776/776 
f 771/771/771 780/780/780 779/779/779 
f 776/776/776 781/781/781 775/775/775 
f 775/775/775 781/781/781 777/777/777 
f 776/776/776 779/779/779 781/781/781 
f 777/777/777 782/782/782 778/778/778 
f 781/781/781 782/782/782 777/777/777 
f 782/782/782 783/783/783 778/778/778 
f 780/780/780 784/784/784 779/779/779 
f 780/780/780 785/785/785 784/784/784 
f 779/779/779 786/786/786 781/781/781 
f 781/781/781 786/786/786 782/782/782 
f 779/779/779 784/784/784 786/786/786 
f 782/782/782 787/787/787 783/783/783 
f 786/786/786 787/787/787 782/782/782 
f 787/787/787 788/788/788 783/783/783 
f 785/785/785 789/789/789 784/784/784 
f 785/785/785 790/790/790 789/789/789 
f 784/784/784 791/791/791 786/786/786 
f 786/786/786 791/791/791 787/787/787 
f 784/784/784 789/789/789 791/791/791 
f 787/787/787 792/792/792 788/788/788 
f 791/791/791 792/792/792 787/787/787 
f 790/790/790 793/793/793 789/789/789 
f 790/790/790 794/794/794 793/793/793 
f 793/793/793 794/794/794 795/795/795 
f 793/793/793 795/795/795 796/796/796 
f 789/789/789 797/797/797 791/791/791 
f 789/789/789 793/793/793 797/797/797 
f 797/797/797 793/793/793 796/796/796 
f 791/791/791 797/797/797 792/792/792 
f 797/797/797 796/796/796 798/798/798 
f 792/792/792 797/797/797 798/798/798 
f 792/792/792 798/798/798 799/799/799 
f 788/788/788 792/792/792 799/799/799 
f 788/788/788 799/799/799 800/800/800 
f 801/801/801 803/803/803 802/802/802 
f 801/801/801 804/804/804 803/803/803 
f 805/805/805 804/804/804 801/801/801 
f 804/804/804 806/806/806 803/803/803 
f 805/805/805 807/807/807 804/804/804 
f 808/808/808 807/807/807 805/805/805 
f 804/804/804 809/809/809 806/806/806 
f 807/807/807 809/809/809 804/804/804 
f 809/809/809 810/810/810 806/806/806 
f 808/808/808 811/811/811 807/807/807 
f 812/812/812 811/811/811 808/808/808 
f 812/812/812 813/813/813 811/811/811 
f 807/807/807 814/814/814 809/809/809 
f 811/811/811 814/814/814 807/807/807 
f 809/809/809 815/815/815 810/810/810 
f 814/814/814 815/815/815 809/809/809 
f 815/815/815 816/816/816 810/810/810 
f 813/813/813 817/817/817 811/811/811 
f 811/811/811 817/817/817 814/814/814 
f 813/813/813 818/818/818 817/817/817 
f 818/818/818 819/819/819 817/817/817 
f 814/814/814 817/817/817 819/819/819 
f 818/818/818 820/820/820 819/819/819 
f 814/814/814 821/821/821 815/815/815 
f 814/814/814 819/819/819 821/821/821 
f 815/815/815 822/822/822 816/816/816 
f 821/821/821 822/822/822 815/815/815 
f 822/822/822 823/823/823 816/816/816 
f 820/820/820 824/824/824 819/819/819 
f 821/821/821 819/819/819 824/824/824 
f 820/820/820 825/825/825 824/824/824 
f 821/821/821 826/826/826 822/822/822 
f 821/821/821 824/824/824 826/826/826 
f 822/822/822 827/827/827 823/823/823 
f 826/826/826 827/827/827 822/822/822 
f 827/827/827 828/828/828 823/823/823 
f 825/825/825 829/829/829 824/824/824 
f 826/826/826 824/824/824 829/829/829 
f 825/825/825 830/830/830 829/829/829 
f 826/826/826 831/831/831 827/827/827 
f 826/826/826 829/829/829 831/831/831 
f 827/827/827 832/832/832 828/828/828 
f 831/831/831 832/832/832 827/827/827 
f 832/832/832 833/833/833 828/828/828 
f 830/830/830 834/834/834 829/829/829 
f 831/831/831 829/829/829 834/834/834 
f 830/830/830 835/835/835 834/834/834 
f 831/831/831 836/836/836 832/832/832 
f 831/831/831 834/834/834 836/836/836 
f 835/835/835 837/837/837 834/834/834 
f 836/836/836 834/834/834 837/837/837 
f 835/835/835 838/838/838 837/837/837 
f 837/837/837 838/838/838 839/839/839 
f 832/832/832 840/840/840 833/833/833 
f 836/836/836 840/840/840 832/832/832 
f 837/837/837 839/839/839 841/841/841 
f 841/841/841 839/839/839 842/842/842 
f 836/836/836 837/837/837 843/843/843 
f 836/836/836 843/843/843 840/840/840 
f 843/843/843 837/837/837 841/841/841 
f 833/833/833 840/840/840 844/844/844 
f 833/833/833 844/844/844 845/845/845 
f 840/840/840 843/843/843 846/846/846 
f 843/843/843 841/841/841 846/846/846 
f 840/840/840 846/846/846 844/844/844 
f 841/841/841 842/842/842 847/847/847 
f 846/846/846 841/841/841 847/847/847 
f 845/845/845 844/844/844 848/848/848 
f 845/845/845 848/848/848 849/849/849 
f 848/848/848 850/850/850 849/849/849 
f 844/844/844 846/846/846 851/851/851 
f 846/846/846 847/847/847 851/851/851 
f 844/844/844 851/851/851 848/848/848 
f 842/842/842 852/852/852 847/847/847 
f 851/851/851 847/847/847 852/852/852 
f 842/842/842 853/853/853 852/852/852 
f 848/848/848 854/854/854 850/850/850 
f 851/851/851 854/854/854 848/848/848 
f 855/855/855 850/850/850 854/854/854 
f 851/851/851 856/856/856 854/854/854 
f 851/851/851 852/852/852 856/856/856 
f 855/855/855 854/854/854 857/857/857 
f 857/857/857 854/854/854 856/856/856 
f 858/858/858 855/855/855 857/857/857 
f 859/859/859 852/852/852 853/853/853 
f 859/859/859 853/853/853 860/860/860 
f 861/861/861 856/856/856 852/852/852 
f 857/857/857 856/856/856 861/861/861 
f 861/861/861 852/852/852 859/859/859 
f 858/858/858 857/857/857 862/862/862 
f 862/862/862 857/857/857 861/861/861 
f 863/863/863 858/858/858 862/862/862 
f 864/864/864 859/859/859 860/860/860 
f 864/864/864 860/860/860 865/865/865 
f 866/866/866 861/861/861 859/859/859 
f 862/862/862 861/861/861 866/866/866 
f 866/866/866 859/859/859 864/864/864 
f 863/863/863 862/862/862 867/867/867 
f 867/867/867 862/862/862 866/866/866 
f 868/868/868 864/864/864 865/865/865 
f 868/868/868 865/865/865 869/869/869 
f 868/868/868 869/869/869 870/870/870 
f 871/871/871 866/866/866 864/864/864 
f 871/871/871 864/864/864 868/868/868 
f 867/867/867 866/866/866 871/871/871 
f 863/863/863 867/867/867 872/872/872 
f 863/863/863 872/872/872 873/873/873 
f 872/872/872 874/874/874 873/873/873 
f 868/868/868 870/870/870 875/875/875 
f 871/871/871 868/868/868 875/875/875 
f 867/867/867 871/871/871 876/876/876 
f 867/867/867 876/876/876 872/872/872 
f 871/871/871 875/875/875 876/876/876 
f 872/872/872 877/877/877 874/874/874 
f 876/876/876 877/877/877 872/872/872 
f 877/877/877 878/878/878 874/874/874 
f 870/870/870 879/879/879 875/875/875 
f 870/870/870 880/880/880 879/879/879 
f 875/875/875 881/881/881 876/876/876 
f 876/876/876 881/881/881 877/877/877 
f 875/875/875 879/879/879 881/881/881 
f 877/877/877 882/882/882 878/878/878 
f 881/881/881 882/882/882 877/877/877 
f 882/882/882 883/883/883 878/878/878 
f 880/880/880 884/884/884 879/879/879 
f 880/880/880 885/885/885 884/884/884 
f 879/879/879 886/886/886 881/881/881 
f 881/881/881 886/886/886 882/882/882 
f 879/879/879 884/884/884 886/886/886 
f 882/882/882 887/887/887 883/883/883 
f 886/886/886 887/887/887 882/882/882 
f 885/885/885 888/888/888 884/884/884 
f 885/885/885 889/889/889 888/888/888 
f 890/890/890 888/888/888 889/889/889 
f 884/884/884 891/891/891 886/886/886 
f 884/884/884 888/888/888 891/891/891 
f 886/886/886 891/891/891 887/887/887 
f 890/890/890 892/892/892 888/888/888 
f 892/892/892 891/891/891 888/888/888 
f 893/893/893 892/892/892 890/890/890 
f 894/894/894 883/883/883 887/887/887 
f 894/894/894 895/895/895 883/883/883 
f 896/896/896 887/887/887 891/891/891 
f 892/892/892 896/896/896 891/891/891 
f 896/896/896 894/894/894 887/887/887 
f 893/893/893 897/897/897 892/892/892 
f 897/897/897 896/896/896 892/892/892 
f 898/898/898 897/897/897 893/893/893 
f 899/899/899 895/895/895 894/894/894 
f 899/899/899 900/900/900 895/895/895 
f 901/901/901 894/894/894 896/896/896 
f 897/897/897 901/901/901 896/896/896 
f 901/901/901 899/899/899 894/894/894 
f 898/898/898 902/902/902 897/897/897 
f 903/903/903 902/902/902 898/898/898 
f 904/904/904 901/901/901 897/897/897 
f 904/904/904 899/899/899 901/901/901 
f 904/904/904 897/897/897 902/902/902 
f 905/905/905 900/900/900 899/899/899 
f 904/904/904 905/905/905 899/899/899 
f 905/905/905 906/906/906 900/900/900 
f 903/903/903 907/907/907 902/902/902 
f 908/908/908 907/907/907 903/903/903 
f 909/909/909 904/904/904 902/902/902 
f 909/909/909 905/905/905 904/904/904 
f 909/909/909 902/902/902 907/907/907 
f 910/910/910 906/906/906 905/905/905 
f 909/909/909 910/910/910 905/905/905 
f 910/910/910 911/911/911 906/906/906 
f 908/908/908 912/912/912 907/907/907 
f 913/913/913 912/912/912 908/908/908 
f 914/914/914 909/909/909 907/907/907 
f 914/914/914 910/910/910 909/909/909 
f 914/914/914 907/907/907 912/912/912 
f 915/915/915 911/911/911 910/910/910 
f 914/914/914 915/915/915 910/910/910 
f 915/915/915 916/916/916 911/911/911 
f 913/913/913 917/917/917 912/912/912 
f 918/918/918 917/917/917 913/913/913 
f 919/919/919 914/914/914 912/912/912 
f 919/919/919 915/915/915 914/914/914 
f 919/919/919 912/912/912 917/917/917 
f 920/920/920 916/916/916 915/915/915 
f 919/919/919 920/920/920 915/915/915 
f 920/920/920 921/921/921 916/916/916 
f 918/918/918 922/922/922 917/917/917 
f 923/923/923 922/922/922 918/918/918 
f 924/924/924 919/919/919 917/917/917 
f 924/924/924 920/920/920 919/919/919 
f 924/924/924 917/917/917 922/922/922 
f 925/925/925 921/921/921 920/920/920 
f 924/924/924 925/925/925 920/920/920 
f 925/925/925 926/926/926 921/921/921 
f 923/923/923 927/927/927 922/922/922 
f 928/928/928 927/927/927 923/923/923 
f 929/929/929 924/924/924 922/922/922 
f 929/929/929 925/925/925 924/924/924 
f 929/929/929 922/922/922 927/927/927 
f 930/930/930 926/926/926 925/925/925 
f 929/929/929 930/930/930 925/925/925 
f 930/930/930 931/931/931 926/926/926 
f 932/932/932 929/929/929 927/927/927 
f 932/932/932 930/930/930 929/929/929 
f 933/933/933 931/931/931 930/930/930 
f 932/932/932 933/933/933 930/930/930 
f 933/933/933 934/934/934 931/931/931 
f 935/935/935 934/934/934 933/933/933 
f 935/935/935 933/933/933 936/936/936 
f 936/936/936 933/933/933 932/932/932 
f 936/936/936 932/932/932 937/937/937 
f 932/932/932 927/927/927 938/938/938 
f 937/937/937 932/932/932 938/938/938 
f 928/928/928 938/938/938 927/927/927 
f 937/937/937 938/938/938 939/939/939 
f 939/939/939 938/938/938 928/928/928 
f 939/939/939 928/928/928 940/940/940 
f 941/941/941 943/943/943 942/942/942 
f 941/941/941 944/944/944 943/943/943 
f 945/945/945 947/947/947 946/946/946 
f 945/945/945 948/948/948 947/947/947 
