# exported by StudySceneExporter from mesh 'plate_stand'
mtllib materials.mtl
v 0.06496032 0.04194 0.0363451
v 0.06509583 0.04241882 0.0363451
v 0.06525879 0.04241455 0.03623974
v 0.06510193 0.04186127 0.03623981
v 0.06462158 0.04158386 0.0363451
v 0.0653833 0.04241363 0.03607067
v 0.06470947 0.04144928 0.03623981
v 0.0641687 0.04142792 0.0363451
v 0.06520996 0.04180222 0.03607075
v 0.06547973 0.04241242 0.03586086
v 0.06418579 0.04126846 0.03623966
v 0.06370422 0.04148529 0.0363451
v 0.06529419 0.04175537 0.03586094
v 0.06554992 0.0424115 0.03562626
v 0.06477661 0.04134689 0.03607067
v 0.06364807 0.04133392 0.03623959
v 0.06332153 0.04173248 0.0363451
v 0.06535462 0.04172165 0.03562626
v 0.06559326 0.04241089 0.03537953
v 0.06482849 0.04126617 0.03586102
v 0.06419799 0.04114731 0.03607052
v 0.06320434 0.04161957 0.03623959
v 0.06308838 0.04211334 0.0363451
v 0.06539307 0.04170105 0.03537953
v 0.0656134 0.04241058 0.03512394
v 0.06360351 0.04121994 0.03607052
v 0.06420715 0.04105224 0.03586078
v 0.06486572 0.04120834 0.03562626
v 0.06293335 0.04206024 0.03623966
v 0.06303955 0.0425473 0.0363451
v 0.06311401 0.04153534 0.03607052
v 0.06356873 0.04113052 0.03586063
v 0.06421386 0.04098389 0.03562611
v 0.06488953 0.04117218 0.03537953
v 0.06287598 0.04256348 0.03623981
v 0.06317016 0.04295837 0.0363451
v 0.06281494 0.04202209 0.03607059
v 0.06304321 0.04146942 0.03586056
v 0.0635437 0.04106628 0.03562611
v 0.06302796 0.04304077 0.03623997
v 0.06345276 0.04328277 0.0363451
v 0.06275208 0.04257736 0.03607075
v 0.06272217 0.04199249 0.03586071
v 0.06335693 0.04341644 0.03624004
v 0.06384949 0.04346283 0.0363451
v 0.06291931 0.04310364 0.03607098
v 0.06381714 0.04362457 0.03624004
v 0.06428283 0.04346725 0.0363451
v 0.06421753 0.04094116 0.03537945
v 0.06299194 0.04142227 0.03562611
v 0.06265502 0.04258865 0.03586094
v 0.06328125 0.04351852 0.03607105
v 0.06431945 0.04362915 0.03623989
v 0.06469849 0.04327148 0.0363451
v 0.06352783 0.04102631 0.03537937
v 0.06265502 0.04197113 0.03562618
v 0.06283569 0.04315368 0.03586117
v 0.06378967 0.04374878 0.03607113
v 0.06480041 0.04340149 0.03623974
v 0.06499512 0.0428952 0.0363451
v 0.06296081 0.04139282 0.03537937
v 0.06258484 0.04259674 0.03562626
v 0.06322388 0.04359863 0.03586124
v 0.06434387 0.04375412 0.03607105
v 0.06261475 0.0419577 0.03537937
v 0.06277405 0.04318954 0.03562641
v 0.06376831 0.04384582 0.03586132
v 0.06254211 0.04260132 0.03537945
v 0.06318176 0.04365661 0.03562649
v 0.06273621 0.04321167 0.03537953
v 0.06487609 0.04350327 0.03607082
v 0.06436401 0.04385193 0.03586124
v 0.06375366 0.04391601 0.03562649
v 0.06315552 0.04369263 0.03537953
v 0.06514343 0.04296539 0.03623981
v 0.06259582 0.04195129 0.03512394
v 0.06252258 0.04260376 0.03512394
v 0.06271973 0.04322159 0.03512394
v 0.06294616 0.04137909 0.03512394
v 0.06352112 0.04100769 0.03512394
v 0.06422058 0.04092193 0.03512394
v 0.06490051 0.04115585 0.03512394
v 0.06541015 0.04169128 0.03512394
v 0.06541015 0.04169128 -0.02433193
v 0.0656134 0.04241058 -0.02433193
v 0.06490051 0.04115585 -0.02433193
v 0.06422058 0.04092193 -0.02433193
v 0.06352112 0.04100769 -0.02433193
v 0.06294616 0.04137909 -0.02433193
v 0.06259582 0.04195129 -0.02433193
v 0.06252258 0.04260376 -0.02433193
v 0.06271973 0.04322159 -0.02433193
v 0.06314392 0.04370834 -0.02433193
v 0.06314392 0.04370834 0.03512394
v 0.06373962 0.04397888 -0.02433193
v 0.06373962 0.04397888 0.03512394
v 0.06439209 0.04398559 -0.02433193
v 0.0637439 0.04395965 0.03537953
v 0.06439209 0.04398559 0.03512394
v 0.06501648 0.0436914 -0.02433193
v 0.06437866 0.04392242 0.03562649
v 0.0643872 0.04396606 0.03537953
v 0.06501648 0.0436914 0.03512394
v 0.06546325 0.04312607 -0.02433193
v 0.0649353 0.04358292 0.03586102
v 0.06497803 0.04364014 0.03562633
v 0.06500427 0.04367553 0.03537953
v 0.06546325 0.04312607 0.03512394
v 0.0656134 0.04241058 -0.02433193
v 0.0656134 0.04241058 0.03512394
v 0.06559326 0.04241089 0.03537953
v 0.06544495 0.04311737 0.03537953
v 0.06554992 0.0424115 0.03562626
v 0.06540588 0.04309784 0.03562633
v 0.06547973 0.04241242 0.03586086
v 0.0653424 0.04306625 0.03586102
v 0.0653833 0.04241363 0.03607067
v 0.06525513 0.04302231 0.03607082
v 0.06525879 0.04241455 0.03623974
v 0.06509583 0.04241882 0.0363451
v 0.06401306 0.04250244 0.03634518
v 0.06469849 0.04327148 0.0363451
v 0.06496032 0.04194 0.0363451
v 0.06428283 0.04346725 0.0363451
v 0.06462158 0.04158386 0.0363451
v 0.06384949 0.04346283 0.0363451
v 0.0641687 0.04142792 0.0363451
v 0.06345276 0.04328277 0.0363451
v 0.06370422 0.04148529 0.0363451
v 0.06317016 0.04295837 0.0363451
v 0.06332153 0.04173248 0.0363451
v 0.06303955 0.0425473 0.0363451
v 0.06308838 0.04211334 0.0363451
v -0.1455988 -0.04699615 -0.0364259
v -0.1459979 -0.04678375 -0.0364259
v -0.1463147 -0.04706802 -0.03620426
v -0.1456219 -0.04743576 -0.03620426
v 0.1397345 -0.06268768 -0.03620426
v 0.1397583 -0.06224792 -0.03642605
v 0.1401788 -0.06207947 -0.03642605
v 0.1404632 -0.06239593 -0.03620426
v 0.1404632 -0.06239593 -0.02365841
v -0.1456213 -0.04743576 -0.02365826
v -0.1463141 -0.04706802 -0.02365826
v 0.1397345 -0.06268768 -0.02365841
v 0.1397583 -0.06224792 -0.02321819
v -0.1459979 -0.04678375 -0.02321796
v -0.1455988 -0.04699615 -0.02321796
v 0.1397906 -0.06164764 -0.02305691
v 0.1401788 -0.06207947 -0.02321819
v -0.1455658 -0.04639557 -0.02305691
v -0.1446667 -0.02956085 -0.02305691
v -0.146167 -0.04636353 -0.02321796
v 0.1408307 -0.06170319 -0.02365841
v 0.1404632 -0.06239593 -0.03620426
v 0.1403912 -0.06167969 -0.02321796
v -0.1466058 -0.04634003 -0.02365826
v -0.1452667 -0.02952881 -0.02321796
v -0.1466058 -0.04634003 -0.03620426
v -0.1463147 -0.04706802 -0.03620426
v -0.1459979 -0.04678375 -0.0364259
v -0.146167 -0.04636353 -0.0364259
v -0.1457062 -0.02950516 -0.03620426
v -0.1452667 -0.02952881 -0.0364259
v -0.1457062 -0.02950516 -0.02365826
v -0.1453387 -0.02881256 -0.03620426
v -0.1450543 -0.02912872 -0.0364259
v -0.1453387 -0.02881256 -0.02365826
v -0.1450543 -0.02912872 -0.02321796
v -0.1446344 -0.02896027 -0.02321796
v 0.1407226 -0.04421234 -0.02321819
v 0.1406903 -0.04481262 -0.02305691
v 0.1412909 -0.04484497 -0.02321796
v 0.1411224 -0.04442444 -0.02321804
v 0.1407458 -0.04377258 -0.02365818
v -0.1446106 -0.02852081 -0.02365826
v 0.1417297 -0.04486832 -0.02365841
v 0.1414386 -0.04414032 -0.02365841
v -0.1446106 -0.02852081 -0.03620426
v -0.1453387 -0.02881256 -0.03620426
v -0.1450543 -0.02912872 -0.0364259
v -0.1446344 -0.02896027 -0.0364259
v 0.1407226 -0.04421234 -0.03642605
v 0.1407458 -0.04377258 -0.03620403
v 0.1414386 -0.04414032 -0.03620426
v 0.1411224 -0.04442444 -0.03642597
v 0.1417309 -0.04486832 -0.03620426
v 0.1414386 -0.04414032 -0.03620426
v 0.1411224 -0.04442444 -0.03642597
v 0.1412909 -0.04484497 -0.0364259
v 0.1408307 -0.06170319 -0.03620426
v 0.1403912 -0.06167969 -0.0364259
v 0.1401788 -0.06207947 -0.03642605
v -0.1162958 0.05194763 0.03594074
v -0.1161603 0.0524263 0.03594074
v -0.1159973 0.05242203 0.03583538
v -0.1161542 0.0518689 0.03583546
v -0.1166345 0.05159118 0.03594074
v -0.1158728 0.05242111 0.03566631
v -0.1165466 0.0514566 0.03583546
v -0.1170874 0.05143539 0.03594074
v -0.1160461 0.05180969 0.03566639
v -0.1157764 0.05241974 0.0354565
v -0.1170703 0.05127594 0.0358353
v -0.1175519 0.05149277 0.03594074
v -0.1159619 0.05176285 0.03545658
v -0.1157062 0.05241882 0.0352219
v -0.1164795 0.05135437 0.03566631
v -0.117608 0.05134155 0.03583523
v -0.1179346 0.05173996 0.03594074
v -0.1159015 0.05172912 0.0352219
v -0.1156628 0.05241837 0.03497517
v -0.1164276 0.0512735 0.03545666
v -0.1170581 0.05115478 0.03566616
v -0.1180518 0.05162689 0.03583523
v -0.1181677 0.05212082 0.03594074
v -0.115863 0.05170837 0.03497517
v -0.1156427 0.05241806 0.03471958
v -0.1176526 0.05122742 0.03566616
v -0.1170489 0.05105957 0.03545643
v -0.1163904 0.05121582 0.0352219
v -0.1183228 0.05206787 0.0358353
v -0.1182166 0.05255478 0.03594074
v -0.1181421 0.05154266 0.03566616
v -0.1176874 0.051138 0.03545627
v -0.1170422 0.05099136 0.03522175
v -0.1163666 0.05117965 0.03497517
v -0.1183801 0.0525711 0.03583546
v -0.1180859 0.052966 0.03594074
v -0.1184412 0.05202942 0.03566623
v -0.1182129 0.05147705 0.0354562
v -0.1177124 0.05107391 0.03522175
v -0.1182281 0.05304809 0.03583561
v -0.1178033 0.0532901 0.03594074
v -0.118504 0.05258484 0.03566639
v -0.1185339 0.05199981 0.03545635
v -0.1178992 0.05342407 0.03583568
v -0.1174066 0.05347015 0.03594074
v -0.1183368 0.05311111 0.03566662
v -0.117439 0.0536322 0.03583568
v -0.1169733 0.05347473 0.03594074
v -0.1170386 0.05094849 0.03497509
v -0.1182642 0.05142975 0.03522175
v -0.1186011 0.05259613 0.03545658
v -0.1179748 0.053526 0.03566669
v -0.1169366 0.05363647 0.03583553
v -0.1165576 0.05327881 0.03594074
v -0.1177283 0.05103363 0.03497501
v -0.1186011 0.05197845 0.03522182
v -0.1184204 0.05316116 0.03545681
v -0.1174664 0.0537561 0.03566677
v -0.1164557 0.05340881 0.03583538
v -0.116261 0.05290253 0.03594074
v -0.1182953 0.05140014 0.03497501
v -0.1186713 0.05260406 0.0352219
v -0.1180322 0.05360626 0.03545688
v -0.1169122 0.05376159 0.03566669
v -0.1186414 0.05196502 0.03497501
v -0.1184821 0.05319702 0.03522205
v -0.1174878 0.05385345 0.03545696
v -0.118714 0.05260895 0.03497509
v -0.1180743 0.05366409 0.03522213
v -0.1185199 0.05321915 0.03497517
v -0.11638 0.05351074 0.03566647
v -0.1168921 0.05385956 0.03545688
v -0.1175024 0.05392349 0.03522213
v -0.1181006 0.05369995 0.03497517
v -0.1161127 0.05297302 0.03583546
v -0.1186603 0.05195892 0.03471958
v -0.1187335 0.05261108 0.03471958
v -0.1185364 0.05322906 0.03471958
v -0.1183099 0.05138656 0.03471958
v -0.117735 0.05101532 0.03471958
v -0.1170355 0.05092926 0.03471958
v -0.1163556 0.05116333 0.03471958
v -0.1158459 0.05169876 0.03471958
v -0.1158459 0.05169876 -0.02473629
v -0.1156427 0.05241806 -0.02473629
v -0.1163556 0.05116333 -0.02473629
v -0.1170355 0.05092926 -0.02473629
v -0.117735 0.05101532 -0.02473629
v -0.1183099 0.05138656 -0.02473629
v -0.1186603 0.05195892 -0.02473629
v -0.1187335 0.05261108 -0.02473629
v -0.1185364 0.05322906 -0.02473629
v -0.1181122 0.05371582 -0.02473629
v -0.1181122 0.05371582 0.03471958
v -0.1175165 0.05398636 -0.02473629
v -0.1175165 0.05398636 0.03471958
v -0.116864 0.05399292 -0.02473629
v -0.1175122 0.05396698 0.03497517
v -0.116864 0.05399292 0.03471958
v -0.1162396 0.05369888 -0.02473629
v -0.1168774 0.0539299 0.03522213
v -0.1168689 0.05397369 0.03497517
v -0.1162396 0.05369888 0.03471958
v -0.1157928 0.05313354 -0.02473629
v -0.1163208 0.05359039 0.03545666
v -0.1162781 0.05364746 0.03522198
v -0.1162518 0.05368286 0.03497517
v -0.1157928 0.05313354 0.03471958
v -0.1156427 0.05241806 -0.02473629
v -0.1156427 0.05241806 0.03471958
v -0.1156628 0.05241837 0.03497517
v -0.1158112 0.05312469 0.03497517
v -0.1157062 0.05241882 0.0352219
v -0.1158502 0.05310516 0.03522198
v -0.1157764 0.05241974 0.0354565
v -0.1159137 0.05307373 0.03545666
v -0.1158728 0.05242111 0.03566631
v -0.116001 0.05302978 0.03566647
v -0.1159973 0.05242203 0.03583538
v -0.1161603 0.0524263 0.03594074
v -0.117243 0.05250992 0.03594082
v -0.1165576 0.05327881 0.03594074
v -0.1162958 0.05194763 0.03594074
v -0.1169733 0.05347473 0.03594074
v -0.1166345 0.05159118 0.03594074
v -0.1174066 0.05347015 0.03594074
v -0.1170874 0.05143539 0.03594074
v -0.1178033 0.0532901 0.03594074
v -0.1175519 0.05149277 0.03594074
v -0.1180859 0.052966 0.03594074
v -0.1179346 0.05173996 0.03594074
v -0.1182166 0.05255478 0.03594074
v -0.1181677 0.05212082 0.03594074
v 0.02870911 -0.04801941 0.03626423
v 0.0288446 -0.04754074 0.03626423
v 0.02900757 -0.04754501 0.03615887
v 0.02885071 -0.04809814 0.03615894
v 0.02837036 -0.04837585 0.03626423
v 0.02913208 -0.04754593 0.0359898
v 0.02845825 -0.04851044 0.03615894
v 0.02791748 -0.04853164 0.03626423
v 0.02895874 -0.04815735 0.03598988
v 0.02922851 -0.0475473 0.03577999
v 0.02793457 -0.0486911 0.03615879
v 0.027453 -0.04847427 0.03626423
v 0.02904297 -0.04820419 0.03578007
v 0.02929871 -0.04754822 0.03554539
v 0.02852539 -0.04861267 0.0359898
v 0.02739685 -0.04862549 0.03615871
v 0.02707031 -0.04822708 0.03626423
v 0.02910339 -0.04823791 0.03554539
v 0.02934204 -0.04754867 0.03529865
v 0.02857727 -0.04869354 0.03578014
v 0.02794678 -0.04881226 0.03598965
v 0.02695312 -0.04834015 0.03615871
v 0.02683716 -0.04784622 0.03626423
v 0.02914185 -0.04825867 0.03529865
v 0.02936218 -0.04754898 0.03504307
v 0.02735229 -0.04873962 0.03598965
v 0.02795593 -0.04890747 0.03577992
v 0.0286145 -0.04875122 0.03554539
v 0.02668213 -0.04789917 0.03615879
v 0.02678833 -0.04741226 0.03626423
v 0.02686279 -0.04842438 0.03598965
v 0.0273175 -0.04882904 0.03577976
v 0.02796265 -0.04897568 0.03554523
v 0.02863831 -0.04878738 0.03529865
v 0.02662476 -0.04739593 0.03615894
v 0.02691894 -0.04700104 0.03626423
v 0.02656372 -0.04793762 0.03598972
v 0.02679199 -0.04848999 0.03577968
v 0.02729248 -0.04889313 0.03554523
v 0.02677673 -0.04691894 0.03615909
v 0.02720154 -0.04667694 0.03626423
v 0.02650085 -0.0473822 0.03598988
v 0.02647095 -0.04796722 0.03577984
v 0.02710571 -0.04654297 0.03615917
v 0.02759827 -0.04649689 0.03626423
v 0.02666809 -0.04685593 0.0359901
v 0.02756592 -0.04633484 0.03615917
v 0.02803162 -0.04649231 0.03626423
v 0.02796631 -0.04901855 0.03529857
v 0.02674072 -0.04853729 0.03554523
v 0.02640381 -0.04737091 0.03578007
v 0.02703003 -0.04644104 0.03599018
v 0.02806824 -0.04633056 0.03615902
v 0.02844726 -0.04668823 0.03626423
v 0.02727661 -0.04893341 0.0352985
v 0.02640381 -0.04798859 0.03554531
v 0.02658447 -0.04680588 0.0357803
v 0.02753845 -0.04621094 0.03599026
v 0.02854919 -0.04655823 0.03615887
v 0.0287439 -0.04706451 0.03626423
v 0.02670959 -0.04856689 0.0352985
v 0.02633362 -0.04736298 0.03554539
v 0.02697266 -0.04636078 0.03578037
v 0.02809265 -0.04620544 0.03599018
v 0.02636353 -0.04800201 0.0352985
v 0.02652283 -0.04677002 0.03554554
v 0.02751709 -0.04611358 0.03578045
v 0.02629089 -0.04735809 0.03529857
v 0.02693054 -0.04630295 0.03554561
v 0.02648498 -0.04674789 0.03529865
v 0.02862488 -0.0464563 0.03598995
v 0.02811279 -0.04610748 0.03578037
v 0.02750244 -0.04604355 0.03554561
v 0.0269043 -0.04626709 0.03529865
v 0.02889221 -0.04699402 0.03615894
v 0.0263446 -0.04800812 0.03504307
v 0.02627136 -0.04735596 0.03504307
v 0.02646851 -0.04673798 0.03504307
v 0.02669495 -0.04858048 0.03504307
v 0.0272699 -0.04895172 0.03504307
v 0.02796936 -0.04903778 0.03504307
v 0.02864929 -0.04880371 0.03504307
v 0.02915893 -0.04826828 0.03504307
v 0.02915893 -0.04826828 -0.0244128
v 0.02936218 -0.04754898 -0.0244128
v 0.02864929 -0.04880371 -0.0244128
v 0.02796936 -0.04903778 -0.0244128
v 0.0272699 -0.04895172 -0.0244128
v 0.02669495 -0.04858048 -0.0244128
v 0.0263446 -0.04800812 -0.0244128
v 0.02627136 -0.04735596 -0.0244128
v 0.02646851 -0.04673798 -0.0244128
v 0.0268927 -0.04625122 -0.0244128
v 0.0268927 -0.04625122 0.03504307
v 0.0274884 -0.04598068 -0.0244128
v 0.0274884 -0.04598068 0.03504307
v 0.02814087 -0.04597412 -0.0244128
v 0.02749268 -0.04600006 0.03529865
v 0.02814087 -0.04597412 0.03504307
v 0.02876526 -0.04626816 -0.0244128
v 0.02812744 -0.04603714 0.03554561
v 0.02813599 -0.04599335 0.03529865
v 0.02876526 -0.04626816 0.03504307
v 0.02921204 -0.0468335 -0.0244128
v 0.02868408 -0.04637665 0.03578014
v 0.02872681 -0.04631958 0.03554546
v 0.02875305 -0.04628418 0.03529865
v 0.02921204 -0.0468335 0.03504307
v 0.02936218 -0.04754898 -0.0244128
v 0.02936218 -0.04754898 0.03504307
v 0.02934204 -0.04754867 0.03529865
v 0.02919373 -0.04684234 0.03529865
v 0.02929871 -0.04754822 0.03554539
v 0.02915466 -0.04686188 0.03554546
v 0.02922851 -0.0475473 0.03577999
v 0.02909118 -0.04689331 0.03578014
v 0.02913208 -0.04754593 0.0359898
v 0.02900391 -0.04693725 0.03598995
v 0.02900757 -0.04754501 0.03615887
v 0.0288446 -0.04754074 0.03626423
v 0.02776184 -0.04745712 0.0362643
v 0.02844726 -0.04668823 0.03626423
v 0.02870911 -0.04801941 0.03626423
v 0.02803162 -0.04649231 0.03626423
v 0.02837036 -0.04837585 0.03626423
v 0.02759827 -0.04649689 0.03626423
v 0.02791748 -0.04853164 0.03626423
v 0.02720154 -0.04667694 0.03626423
v 0.027453 -0.04847427 0.03626423
v 0.02691894 -0.04700104 0.03626423
v 0.02707031 -0.04822708 0.03626423
v 0.02678833 -0.04741226 0.03626423
v 0.02683716 -0.04784622 0.03626423
v -0.007542114 0.04594299 0.03618336
v -0.007406616 0.04642181 0.03618336
v -0.007243652 0.04641754 0.03607799
v -0.007400513 0.04586426 0.03607807
v -0.007880859 0.04558685 0.03618336
v -0.007119141 0.04641663 0.03590893
v -0.007792969 0.04545227 0.03607807
v -0.00833374 0.04543091 0.03618336
v -0.00729248 0.0458052 0.035909
v -0.007022705 0.0464154 0.03569912
v -0.00831665 0.04527145 0.03607792
v -0.008798217 0.04548828 0.03618336
v -0.007208252 0.04575836 0.0356992
v -0.006952514 0.04641449 0.03546451
v -0.00772583 0.04534988 0.03590893
v -0.00885437 0.04533691 0.03607784
v -0.009180908 0.04573547 0.03618336
v -0.007147827 0.04572464 0.03546451
v -0.00690918 0.04641388 0.03521778
v -0.00767395 0.04526917 0.03569927
v -0.008304443 0.0451503 0.03590877
v -0.009298095 0.04562256 0.03607784
v -0.009414062 0.04611633 0.03618336
v -0.007109375 0.04570404 0.03521778
v -0.006889038 0.04641357 0.0349622
v -0.008898926 0.04522293 0.03590877
v -0.008295288 0.04505524 0.03569904
v -0.007636718 0.04521133 0.03546451
v -0.009569092 0.04606323 0.03607792
v -0.00946289 0.04655029 0.03618336
v -0.009388427 0.04553833 0.03590877
v -0.008933716 0.04513351 0.03569889
v -0.008288574 0.04498688 0.03546436
v -0.007612915 0.04517517 0.03521778
v -0.009626465 0.04656647 0.03607807
v -0.009332275 0.04696136 0.03618336
v -0.0096875 0.04602509 0.03590885
v -0.009459228 0.04547241 0.03569881
v -0.00895874 0.04506927 0.03546436
v -0.009474487 0.04704376 0.03607822
v -0.009049683 0.04728577 0.03618336
v -0.009750366 0.04658035 0.035909
v -0.009780273 0.04599548 0.03569897
v -0.009145508 0.04741943 0.0360783
v -0.008652954 0.04746582 0.03618336
v -0.00958313 0.04710663 0.03590923
v -0.008685303 0.04762756 0.0360783
v -0.008219604 0.04747025 0.03618336
v -0.008284912 0.04494415 0.0352177
v -0.009510498 0.04542526 0.03546436
v -0.009847412 0.04659164 0.0356992
v -0.009221192 0.04752151 0.03590931
v -0.008182983 0.04763214 0.03607815
v -0.007803955 0.04727447 0.03618336
v -0.008974609 0.0450293 0.03521763
v -0.009847412 0.04597412 0.03546444
v -0.009666747 0.04715668 0.03569942
v -0.008712769 0.04775177 0.03590938
v -0.007702026 0.04740448 0.03607799
v -0.007507324 0.04689819 0.03618336
v -0.009541626 0.04539581 0.03521763
v -0.009917602 0.04659973 0.03546451
v -0.009278564 0.04760162 0.0356995
v -0.008158569 0.04775711 0.03590931
v -0.009887695 0.04596069 0.03521763
v -0.009728394 0.04719253 0.03546467
v -0.00873413 0.04784881 0.03569958
v -0.009960327 0.04660431 0.0352177
v -0.009320678 0.04765961 0.03546475
v -0.009766235 0.04721466 0.03521778
v -0.007626343 0.04750625 0.03590908
v -0.008138428 0.04785492 0.0356995
v -0.008748779 0.04791901 0.03546475
v -0.009346924 0.04769562 0.03521778
v -0.007359009 0.04696838 0.03607807
v -0.009906616 0.04595428 0.0349622
v -0.009979858 0.04660675 0.0349622
v -0.009782715 0.04722458 0.0349622
v -0.009556274 0.04538208 0.0349622
v -0.008981323 0.04501068 0.0349622
v -0.008281861 0.04492493 0.0349622
v -0.007601928 0.04515884 0.0349622
v -0.007092285 0.04569427 0.0349622
v -0.007092285 0.04569427 -0.02449367
v -0.006889038 0.04641357 -0.02449367
v -0.007601928 0.04515884 -0.02449367
v -0.008281861 0.04492493 -0.02449367
v -0.008981323 0.04501068 -0.02449367
v -0.009556274 0.04538208 -0.02449367
v -0.009906616 0.04595428 -0.02449367
v -0.009979858 0.04660675 -0.02449367
v -0.009782715 0.04722458 -0.02449367
v -0.009358521 0.04771133 -0.02449367
v -0.009358521 0.04771133 0.0349622
v -0.008762817 0.04798187 -0.02449367
v -0.008762817 0.04798187 0.0349622
v -0.008110351 0.04798859 -0.02449367
v -0.008758545 0.04796265 0.03521778
v -0.008110351 0.04798859 0.0349622
v -0.007485962 0.0476944 -0.02449367
v -0.008123779 0.04792541 0.03546475
v -0.008115234 0.04796905 0.03521778
v -0.007485962 0.0476944 0.0349622
v -0.007039184 0.04712906 -0.02449367
v -0.007567138 0.0475859 0.03569927
v -0.007524414 0.04764313 0.03546459
v -0.007498169 0.04767853 0.03521778
v -0.007039184 0.04712906 0.0349622
v -0.006889038 0.04641357 -0.02449367
v -0.006889038 0.04641357 0.0349622
v -0.00690918 0.04641388 0.03521778
v -0.007057495 0.04712036 0.03521778
v -0.006952514 0.04641449 0.03546451
v -0.007096557 0.04710083 0.03546459
v -0.007022705 0.0464154 0.03569912
v -0.007160034 0.04706924 0.03569927
v -0.007119141 0.04641663 0.03590893
v -0.007247314 0.0470253 0.03590908
v -0.007243652 0.04641754 0.03607799
v -0.007406616 0.04642181 0.03618336
v -0.00848938 0.04650543 0.03618343
v -0.007803955 0.04727447 0.03618336
v -0.007542114 0.04594299 0.03618336
v -0.008219604 0.04747025 0.03618336
v -0.007880859 0.04558685 0.03618336
v -0.008652954 0.04746582 0.03618336
v -0.00833374 0.04543091 0.03618336
v -0.009049683 0.04728577 0.03618336
v -0.008798217 0.04548828 0.03618336
v -0.009332275 0.04696136 0.03618336
v -0.009180908 0.04573547 0.03618336
v -0.00946289 0.04655029 0.03618336
v -0.009414062 0.04611633 0.03618336
v 0.1012115 -0.0520224 0.03642597
v 0.101347 -0.05154373 0.03642597
v 0.10151 -0.051548 0.03632061
v 0.1013531 -0.05210114 0.03632069
v 0.1008728 -0.05237884 0.03642597
v 0.1016345 -0.05154892 0.03615154
v 0.1009607 -0.05251343 0.03632069
v 0.1004199 -0.05253464 0.03642597
v 0.1014612 -0.05216034 0.03615162
v 0.101731 -0.05155029 0.03594173
v 0.100437 -0.05269409 0.03632053
v 0.09995544 -0.05247726 0.03642597
v 0.1015454 -0.05220718 0.03594181
v 0.1018011 -0.05155121 0.03570713
v 0.1010278 -0.05261566 0.03615154
v 0.09989929 -0.05262848 0.03632046
v 0.09957276 -0.05223007 0.03642597
v 0.1016058 -0.0522409 0.03570713
v 0.1018445 -0.05155167 0.03546039
v 0.1010797 -0.05269653 0.03594189
v 0.1004492 -0.05281524 0.03615139
v 0.09945557 -0.05234314 0.03632046
v 0.0993396 -0.05184921 0.03642597
v 0.1016443 -0.05226166 0.03546039
v 0.1018646 -0.05155197 0.03520481
v 0.09985474 -0.05274262 0.03615139
v 0.1004584 -0.05291046 0.03594166
v 0.1011169 -0.05275421 0.03570713
v 0.09918457 -0.05190216 0.03632053
v 0.09929077 -0.05141525 0.03642597
v 0.09936523 -0.05242737 0.03615139
v 0.09981994 -0.05283203 0.0359415
v 0.1004651 -0.05297867 0.03570698
v 0.1011407 -0.05279037 0.03546039
v 0.0991272 -0.05139893 0.03632069
v 0.09942138 -0.05100403 0.03642597
v 0.09906616 -0.05194061 0.03615147
v 0.09929443 -0.05249298 0.03594143
v 0.09979492 -0.05289612 0.03570698
v 0.09927917 -0.05092194 0.03632084
v 0.09970398 -0.05067993 0.03642597
v 0.09900329 -0.05138519 0.03615162
v 0.09897339 -0.05197021 0.03594158
v 0.09960815 -0.05054596 0.03632091
v 0.1001007 -0.05049988 0.03642597
v 0.09917053 -0.05085891 0.03615185
v 0.1000684 -0.05033783 0.03632091
v 0.1005341 -0.0504953 0.03642597
v 0.1004687 -0.05302154 0.03546032
v 0.09924316 -0.05254028 0.03570698
v 0.09890625 -0.0513739 0.03594181
v 0.09953247 -0.05044403 0.03615192
v 0.1005707 -0.05033356 0.03632076
v 0.1009497 -0.05069122 0.03642597
v 0.09977905 -0.0529364 0.03546024
v 0.09890625 -0.05199157 0.03570705
v 0.09908691 -0.05080887 0.03594204
v 0.1000409 -0.05021393 0.036152
v 0.1010516 -0.05056122 0.03632061
v 0.1012463 -0.05106751 0.03642597
v 0.09921204 -0.05256988 0.03546024
v 0.09883606 -0.05136596 0.03570713
v 0.09947509 -0.05036377 0.03594211
v 0.1005951 -0.05020843 0.03615192
v 0.09886596 -0.052005 0.03546024
v 0.09902526 -0.05077301 0.03570728
v 0.1000195 -0.05011658 0.03594219
v 0.09879334 -0.05136108 0.03546032
v 0.09943298 -0.05030594 0.03570736
v 0.09898742 -0.05075089 0.03546039
v 0.1011273 -0.05045929 0.0361517
v 0.1006152 -0.05011047 0.03594211
v 0.1000049 -0.05004654 0.03570736
v 0.09940673 -0.05027008 0.03546039
v 0.1013947 -0.05099701 0.03632069
v 0.09884705 -0.05201111 0.03520481
v 0.0987738 -0.05135895 0.03520481
v 0.09897094 -0.05074096 0.03520481
v 0.09919739 -0.05258346 0.03520481
v 0.09977233 -0.05295471 0.03520481
v 0.1004718 -0.05304077 0.03520481
v 0.1011517 -0.0528067 0.03520481
v 0.1016614 -0.05227127 0.03520481
v 0.1016614 -0.05227127 -0.02425106
v 0.1018646 -0.05155197 -0.02425106
v 0.1011517 -0.0528067 -0.02425106
v 0.1004718 -0.05304077 -0.02425106
v 0.09977233 -0.05295471 -0.02425106
v 0.09919739 -0.05258346 -0.02425106
v 0.09884705 -0.05201111 -0.02425106
v 0.0987738 -0.05135895 -0.02425106
v 0.09897094 -0.05074096 -0.02425106
v 0.09939514 -0.05025421 -0.02425106
v 0.09939514 -0.05025421 0.03520481
v 0.09999084 -0.04998367 -0.02425106
v 0.09999084 -0.04998367 0.03520481
v 0.1006433 -0.04997711 -0.02425106
v 0.09999511 -0.05000305 0.03546039
v 0.1006433 -0.04997711 0.03520481
v 0.1012677 -0.05027115 -0.02425106
v 0.1006299 -0.05004013 0.03570736
v 0.1006384 -0.04999634 0.03546039
v 0.1012677 -0.05027115 0.03520481
v 0.1017145 -0.05083648 -0.02425106
v 0.1011865 -0.05037964 0.03594189
v 0.1012292 -0.05032257 0.03570721
v 0.1012555 -0.05028717 0.03546039
v 0.1017145 -0.05083648 0.03520481
v 0.1018646 -0.05155197 -0.02425106
v 0.1018646 -0.05155197 0.03520481
v 0.1018445 -0.05155167 0.03546039
v 0.1016962 -0.05084534 0.03546039
v 0.1018011 -0.05155121 0.03570713
v 0.1016571 -0.05086487 0.03570721
v 0.101731 -0.05155029 0.03594173
v 0.1015936 -0.0508963 0.03594189
v 0.1016345 -0.05154892 0.03615154
v 0.1015063 -0.05094025 0.0361517
v 0.10151 -0.051548 0.03632061
v 0.101347 -0.05154373 0.03642597
v 0.1002643 -0.05146011 0.03642605
v 0.1009497 -0.05069122 0.03642597
v 0.1012115 -0.0520224 0.03642597
v 0.1005341 -0.0504953 0.03642597
v 0.1008728 -0.05237884 0.03642597
v 0.1001007 -0.05049988 0.03642597
v 0.1004199 -0.05253464 0.03642597
v 0.09970398 -0.05067993 0.03642597
v 0.09995544 -0.05247726 0.03642597
v 0.09942138 -0.05100403 0.03642597
v 0.09957276 -0.05223007 0.03642597
v 0.09929077 -0.05141525 0.03642597
v 0.0993396 -0.05184921 0.03642597
v 0.02870911 0.04394165 0.03626423
v 0.0288446 0.04442032 0.03626423
v 0.02900757 0.04441604 0.03615887
v 0.02885071 0.04386291 0.03615894
v 0.02837036 0.0435852 0.03626423
v 0.02913208 0.04441513 0.0359898
v 0.02845825 0.04345062 0.03615894
v 0.02791748 0.04342941 0.03626423
v 0.02895874 0.04380371 0.03598988
v 0.02922851 0.04441376 0.03577999
v 0.02793457 0.04326996 0.03615879
v 0.027453 0.04348679 0.03626423
v 0.02904297 0.04375686 0.03578007
v 0.02929871 0.04441284 0.03554539
v 0.02852539 0.04334839 0.0359898
v 0.02739685 0.04333557 0.03615871
v 0.02707031 0.04373398 0.03626423
v 0.02910339 0.04372314 0.03554539
v 0.02934204 0.04441238 0.03529865
v 0.02857727 0.04326751 0.03578014
v 0.02794678 0.0431488 0.03598965
v 0.02695312 0.04362091 0.03615871
v 0.02683716 0.04411484 0.03626423
v 0.02914185 0.04370239 0.03529865
v 0.02936218 0.04441208 0.03504307
v 0.02735229 0.04322144 0.03598965
v 0.02795593 0.04305359 0.03577992
v 0.0286145 0.04320984 0.03554539
v 0.02668213 0.04406189 0.03615879
v 0.02678833 0.0445488 0.03626423
v 0.02686279 0.04353668 0.03598965
v 0.0273175 0.04313202 0.03577976
v 0.02796265 0.04298538 0.03554523
v 0.02863831 0.04317367 0.03529865
v 0.02662476 0.04456512 0.03615894
v 0.02691894 0.04496002 0.03626423
v 0.02656372 0.04402344 0.03598972
v 0.02679199 0.04347107 0.03577968
v 0.02729248 0.04306793 0.03554523
v 0.02677673 0.04504211 0.03615909
v 0.02720154 0.04528412 0.03626423
v 0.02650085 0.04457886 0.03598988
v 0.02647095 0.04399383 0.03577984
v 0.02710571 0.04541809 0.03615917
v 0.02759827 0.04546417 0.03626423
v 0.02666809 0.04510513 0.0359901
v 0.02756592 0.04562622 0.03615917
v 0.02803162 0.04546875 0.03626423
v 0.02796631 0.04294251 0.03529857
v 0.02674072 0.04342376 0.03554523
v 0.02640381 0.04459015 0.03578007
v 0.02703003 0.04552002 0.03599018
v 0.02806824 0.04563049 0.03615902
v 0.02844726 0.04527283 0.03626423
v 0.02727661 0.04302765 0.0352985
v 0.02640381 0.04397247 0.03554531
v 0.02658447 0.04515518 0.0357803
v 0.02753845 0.04575012 0.03599026
v 0.02854919 0.04540283 0.03615887
v 0.0287439 0.04489654 0.03626423
v 0.02670959 0.04339416 0.0352985
v 0.02633362 0.04459808 0.03554539
v 0.02697266 0.04560028 0.03578037
v 0.02809265 0.04575561 0.03599018
v 0.02636353 0.04395904 0.0352985
v 0.02652283 0.04519104 0.03554554
v 0.02751709 0.04584747 0.03578045
v 0.02629089 0.04460296 0.03529857
v 0.02693054 0.04565811 0.03554561
v 0.02648498 0.04521316 0.03529865
v 0.02862488 0.04550476 0.03598995
v 0.02811279 0.04585357 0.03578037
v 0.02750244 0.04591751 0.03554561
v 0.0269043 0.04569397 0.03529865
v 0.02889221 0.04496704 0.03615894
v 0.0263446 0.04395294 0.03504307
v 0.02627136 0.0446051 0.03504307
v 0.02646851 0.04522308 0.03504307
v 0.02669495 0.04338058 0.03504307
v 0.0272699 0.04300934 0.03504307
v 0.02796936 0.04292328 0.03504307
v 0.02864929 0.04315735 0.03504307
v 0.02915893 0.04369278 0.03504307
v 0.02915893 0.04369278 -0.0244128
v 0.02936218 0.04441208 -0.0244128
v 0.02864929 0.04315735 -0.0244128
v 0.02796936 0.04292328 -0.0244128
v 0.0272699 0.04300934 -0.0244128
v 0.02669495 0.04338058 -0.0244128
v 0.0263446 0.04395294 -0.0244128
v 0.02627136 0.0446051 -0.0244128
v 0.02646851 0.04522308 -0.0244128
v 0.0268927 0.04570984 -0.0244128
v 0.0268927 0.04570984 0.03504307
v 0.0274884 0.04598038 -0.0244128
v 0.0274884 0.04598038 0.03504307
v 0.02814087 0.04598694 -0.0244128
v 0.02749268 0.045961 0.03529865
v 0.02814087 0.04598694 0.03504307
v 0.02876526 0.0456929 -0.0244128
v 0.02812744 0.04592392 0.03554561
v 0.02813599 0.04596771 0.03529865
v 0.02876526 0.0456929 0.03504307
v 0.02921204 0.04512756 -0.0244128
v 0.02868408 0.04558441 0.03578014
v 0.02872681 0.04564148 0.03554546
v 0.02875305 0.04567688 0.03529865
v 0.02921204 0.04512756 0.03504307
v 0.02936218 0.04441208 -0.0244128
v 0.02936218 0.04441208 0.03504307
v 0.02934204 0.04441238 0.03529865
v 0.02919373 0.04511871 0.03529865
v 0.02929871 0.04441284 0.03554539
v 0.02915466 0.04509918 0.03554546
v 0.02922851 0.04441376 0.03577999
v 0.02909118 0.04506775 0.03578014
v 0.02913208 0.04441513 0.0359898
v 0.02900391 0.0450238 0.03598995
v 0.02900757 0.04441604 0.03615887
v 0.0288446 0.04442032 0.03626423
v 0.02776184 0.04450393 0.0362643
v 0.02844726 0.04527283 0.03626423
v 0.02870911 0.04394165 0.03626423
v 0.02803162 0.04546875 0.03626423
v 0.02837036 0.0435852 0.03626423
v 0.02759827 0.04546417 0.03626423
v 0.02791748 0.04342941 0.03626423
v 0.02720154 0.04528412 0.03626423
v 0.027453 0.04348679 0.03626423
v 0.02691894 0.04496002 0.03626423
v 0.02707031 0.04373398 0.03626423
v 0.02678833 0.0445488 0.03626423
v 0.02683716 0.04411484 0.03626423
v -0.1162958 -0.04001343 0.03594074
v -0.1161603 -0.03953476 0.03594074
v -0.1159973 -0.03953903 0.03583538
v -0.1161542 -0.04009216 0.03583546
v -0.1166345 -0.04036987 0.03594074
v -0.1158728 -0.03953995 0.03566631
v -0.1165466 -0.04050446 0.03583546
v -0.1170874 -0.04052566 0.03594074
v -0.1160461 -0.04015137 0.03566639
v -0.1157764 -0.03954132 0.0354565
v -0.1170703 -0.04068512 0.0358353
v -0.1175519 -0.04046829 0.03594074
v -0.1159619 -0.04019821 0.03545658
v -0.1157062 -0.03954224 0.0352219
v -0.1164795 -0.04060669 0.03566631
v -0.117608 -0.04061951 0.03583523
v -0.1179346 -0.0402211 0.03594074
v -0.1159015 -0.04023193 0.0352219
v -0.1156628 -0.03954269 0.03497517
v -0.1164276 -0.04068756 0.03545666
v -0.1170581 -0.04080627 0.03566616
v -0.1180518 -0.04033417 0.03583523
v -0.1181677 -0.03984024 0.03594074
v -0.115863 -0.04025269 0.03497517
v -0.1156427 -0.039543 0.03471958
v -0.1176526 -0.04073364 0.03566616
v -0.1170489 -0.04090149 0.03545643
v -0.1163904 -0.04074524 0.0352219
v -0.1183228 -0.03989319 0.0358353
v -0.1182166 -0.03940628 0.03594074
v -0.1181421 -0.04041839 0.03566616
v -0.1176874 -0.04082306 0.03545627
v -0.1170422 -0.0409697 0.03522175
v -0.1163666 -0.0407814 0.03497517
v -0.1183801 -0.03938995 0.03583546
v -0.1180859 -0.03899505 0.03594074
v -0.1184412 -0.03993164 0.03566623
v -0.1182129 -0.04048401 0.0354562
v -0.1177124 -0.04088714 0.03522175
v -0.1182281 -0.03891296 0.03583561
v -0.1178033 -0.03867096 0.03594074
v -0.118504 -0.03937622 0.03566639
v -0.1185339 -0.03996124 0.03545635
v -0.1178992 -0.03853699 0.03583568
v -0.1174066 -0.03849091 0.03594074
v -0.1183368 -0.03884994 0.03566662
v -0.117439 -0.03832886 0.03583568
v -0.1169733 -0.03848633 0.03594074
v -0.1170386 -0.04101257 0.03497509
v -0.1182642 -0.04053131 0.03522175
v -0.1186011 -0.03936493 0.03545658
v -0.1179748 -0.03843506 0.03566669
v -0.1169366 -0.03832458 0.03583553
v -0.1165576 -0.03868225 0.03594074
v -0.1177283 -0.04092743 0.03497501
v -0.1186011 -0.03998261 0.03522182
v -0.1184204 -0.0387999 0.03545681
v -0.1174664 -0.03820496 0.03566677
v -0.1164557 -0.03855225 0.03583538
v -0.116261 -0.03905853 0.03594074
v -0.1182953 -0.04056091 0.03497501
v -0.1186713 -0.039357 0.0352219
v -0.1180322 -0.0383548 0.03545688
v -0.1169122 -0.03819946 0.03566669
v -0.1186414 -0.03999603 0.03497501
v -0.1184821 -0.03876404 0.03522205
v -0.1174878 -0.0381076 0.03545696
v -0.118714 -0.03935211 0.03497509
v -0.1180743 -0.03829696 0.03522213
v -0.1185199 -0.03874191 0.03497517
v -0.11638 -0.03845032 0.03566647
v -0.1168921 -0.0381015 0.03545688
v -0.1175024 -0.03803756 0.03522213
v -0.1181006 -0.03826111 0.03497517
v -0.1161127 -0.03898804 0.03583546
v -0.1186603 -0.04000213 0.03471958
v -0.1187335 -0.03934997 0.03471958
v -0.1185364 -0.03873199 0.03471958
v -0.1183099 -0.04057449 0.03471958
v -0.117735 -0.04094574 0.03471958
v -0.1170355 -0.0410318 0.03471958
v -0.1163556 -0.04079773 0.03471958
v -0.1158459 -0.0402623 0.03471958
v -0.1158459 -0.0402623 -0.02473629
v -0.1156427 -0.039543 -0.02473629
v -0.1163556 -0.04079773 -0.02473629
v -0.1170355 -0.0410318 -0.02473629
v -0.117735 -0.04094574 -0.02473629
v -0.1183099 -0.04057449 -0.02473629
v -0.1186603 -0.04000213 -0.02473629
v -0.1187335 -0.03934997 -0.02473629
v -0.1185364 -0.03873199 -0.02473629
v -0.1181122 -0.03824524 -0.02473629
v -0.1181122 -0.03824524 0.03471958
v -0.1175165 -0.0379747 -0.02473629
v -0.1175165 -0.0379747 0.03471958
v -0.116864 -0.03796814 -0.02473629
v -0.1175122 -0.03799408 0.03497517
v -0.116864 -0.03796814 0.03471958
v -0.1162396 -0.03826218 -0.02473629
v -0.1168774 -0.03803116 0.03522213
v -0.1168689 -0.03798737 0.03497517
v -0.1162396 -0.03826218 0.03471958
v -0.1157928 -0.03882751 -0.02473629
v -0.1163208 -0.03837067 0.03545666
v -0.1162781 -0.0383136 0.03522198
v -0.1162518 -0.0382782 0.03497517
v -0.1157928 -0.03882751 0.03471958
v -0.1156427 -0.039543 -0.02473629
v -0.1156427 -0.039543 0.03471958
v -0.1156628 -0.03954269 0.03497517
v -0.1158112 -0.03883636 0.03497517
v -0.1157062 -0.03954224 0.0352219
v -0.1158502 -0.0388559 0.03522198
v -0.1157764 -0.03954132 0.0354565
v -0.1159137 -0.03888733 0.03545666
v -0.1158728 -0.03953995 0.03566631
v -0.116001 -0.03893127 0.03566647
v -0.1159973 -0.03953903 0.03583538
v -0.1161603 -0.03953476 0.03594074
v -0.117243 -0.03945114 0.03594082
v -0.1165576 -0.03868225 0.03594074
v -0.1162958 -0.04001343 0.03594074
v -0.1169733 -0.03848633 0.03594074
v -0.1166345 -0.04036987 0.03594074
v -0.1174066 -0.03849091 0.03594074
v -0.1170874 -0.04052566 0.03594074
v -0.1178033 -0.03867096 0.03594074
v -0.1175519 -0.04046829 0.03594074
v -0.1180859 -0.03899505 0.03594074
v -0.1179346 -0.0402211 0.03594074
v -0.1182166 -0.03940628 0.03594074
v -0.1181677 -0.03984024 0.03594074
v -0.08004455 -0.04201508 0.03602161
v -0.07990906 -0.04153625 0.03602161
v -0.07974609 -0.04154053 0.03591625
v -0.07990295 -0.04209381 0.03591633
v -0.0803833 -0.04237121 0.03602161
v -0.07962158 -0.04154144 0.03574719
v -0.08029541 -0.0425058 0.03591633
v -0.08083618 -0.04252716 0.03602161
v -0.07979492 -0.04215286 0.03574726
v -0.07952514 -0.04154266 0.03553738
v -0.08081909 -0.04268662 0.03591618
v -0.08130066 -0.04246979 0.03602161
v -0.07971069 -0.0421997 0.03553745
v -0.07945495 -0.04154358 0.03530277
v -0.08022827 -0.04260818 0.03574719
v -0.08135681 -0.04262115 0.0359161
v -0.08168335 -0.04222259 0.03602161
v -0.07965027 -0.04223343 0.03530277
v -0.07941162 -0.04154419 0.03505604
v -0.08017639 -0.0426889 0.03553753
v -0.08080688 -0.04280777 0.03574703
v -0.08180054 -0.04233551 0.0359161
v -0.0819165 -0.04184173 0.03602161
v -0.07961182 -0.04225403 0.03505604
v -0.07939148 -0.04154449 0.03480045
v -0.08140136 -0.04273514 0.03574703
v -0.08079772 -0.04290283 0.0355373
v -0.08013916 -0.04274673 0.03530277
v -0.08207153 -0.04189483 0.03591618
v -0.08196533 -0.04140778 0.03602161
v -0.08189087 -0.04241974 0.03574703
v -0.08143616 -0.04282456 0.03553715
v -0.08079101 -0.04297119 0.03530262
v -0.08011536 -0.0427829 0.03505604
v -0.0821289 -0.0413916 0.03591633
v -0.08183472 -0.0409967 0.03602161
v -0.08218994 -0.04193298 0.03574711
v -0.08196167 -0.04248565 0.03553707
v -0.08146118 -0.04288879 0.03530262
v -0.08197693 -0.0409143 0.03591648
v -0.08155213 -0.0406723 0.03602161
v -0.08225281 -0.04137772 0.03574726
v -0.08228271 -0.04196259 0.03553722
v -0.08164795 -0.04053864 0.03591656
v -0.0811554 -0.04049225 0.03602161
v -0.08208557 -0.04085144 0.03574749
v -0.08118774 -0.0403305 0.03591656
v -0.08072204 -0.04048782 0.03602161
v -0.08078735 -0.04301392 0.03505596
v -0.08201294 -0.04253281 0.03530262
v -0.08234985 -0.04136642 0.03553745
v -0.08172363 -0.04043655 0.03574757
v -0.08068542 -0.04032593 0.0359164
v -0.0803064 -0.04068359 0.03602161
v -0.08147705 -0.04292877 0.03505588
v -0.08234985 -0.04198395 0.03530269
v -0.08216919 -0.04080139 0.03553768
v -0.08121521 -0.0402063 0.03574764
v -0.08020446 -0.04055359 0.03591625
v -0.08000977 -0.04105987 0.03602161
v -0.08204406 -0.04256225 0.03505588
v -0.08242004 -0.04135834 0.03530277
v -0.08178101 -0.04035645 0.03553776
v -0.08066101 -0.04020096 0.03574757
v -0.08239014 -0.04199737 0.03505588
v -0.08223084 -0.04076553 0.03530293
v -0.08123657 -0.04010925 0.03553784
v -0.08246277 -0.04135376 0.03505596
v -0.08182312 -0.04029846 0.035303
v -0.08226868 -0.04074341 0.03505604
v -0.08012878 -0.04045181 0.03574734
v -0.08064087 -0.04010315 0.03553776
v -0.08125122 -0.04003906 0.035303
v -0.08184937 -0.04026245 0.03505604
v -0.07986145 -0.04098969 0.03591633
v -0.08240905 -0.04200378 0.03480045
v -0.0824823 -0.04135132 0.03480045
v -0.08228515 -0.04073349 0.03480045
v -0.08205871 -0.04257599 0.03480045
v -0.08148377 -0.04294739 0.03480045
v -0.0807843 -0.04303314 0.03480045
v -0.08010437 -0.04279922 0.03480045
v -0.07959472 -0.04226379 0.03480045
v -0.07959472 -0.04226379 -0.02465542
v -0.07939148 -0.04154449 -0.02465542
v -0.08010437 -0.04279922 -0.02465542
v -0.0807843 -0.04303314 -0.02465542
v -0.08148377 -0.04294739 -0.02465542
v -0.08205871 -0.04257599 -0.02465542
v -0.08240905 -0.04200378 -0.02465542
v -0.0824823 -0.04135132 -0.02465542
v -0.08228515 -0.04073349 -0.02465542
v -0.08186096 -0.04024673 -0.02465542
v -0.08186096 -0.04024673 0.03480045
v -0.08126526 -0.03997619 -0.02465542
v -0.08126526 -0.03997619 0.03480045
v -0.08061279 -0.03996948 -0.02465542
v -0.08126099 -0.03999542 0.03505604
v -0.08061279 -0.03996948 0.03480045
v -0.07998841 -0.04026367 -0.02465542
v -0.08062622 -0.04003265 0.035303
v -0.08061767 -0.03998901 0.03505604
v -0.07998841 -0.04026367 0.03480045
v -0.07954162 -0.04082901 -0.02465542
v -0.08006958 -0.04037216 0.03553753
v -0.08002685 -0.04031494 0.03530285
v -0.08000061 -0.04027954 0.03505604
v -0.07954162 -0.04082901 0.03480045
v -0.07939148 -0.04154449 -0.02465542
v -0.07939148 -0.04154449 0.03480045
v -0.07941162 -0.04154419 0.03505604
v -0.07955994 -0.04083771 0.03505604
v -0.07945495 -0.04154358 0.03530277
v -0.079599 -0.04085724 0.03530285
v -0.07952514 -0.04154266 0.03553738
v -0.07966247 -0.04088882 0.03553753
v -0.07962158 -0.04154144 0.03574719
v -0.07974976 -0.04093277 0.03574734
v -0.07974609 -0.04154053 0.03591625
v -0.07990906 -0.04153625 0.03602161
v -0.08099182 -0.04145264 0.03602169
v -0.0803064 -0.04068359 0.03602161
v -0.08004455 -0.04201508 0.03602161
v -0.08072204 -0.04048782 0.03602161
v -0.0803833 -0.04237121 0.03602161
v -0.0811554 -0.04049225 0.03602161
v -0.08083618 -0.04252716 0.03602161
v -0.08155213 -0.0406723 0.03602161
v -0.08130066 -0.04246979 0.03602161
v -0.08183472 -0.0409967 0.03602161
v -0.08168335 -0.04222259 0.03602161
v -0.08196533 -0.04140778 0.03602161
v -0.0819165 -0.04184173 0.03602161
v -0.04379334 -0.04401642 0.03610248
v -0.04365784 -0.04353775 0.03610248
v -0.04349487 -0.04354202 0.03599712
v -0.04365173 -0.04409515 0.0359972
v -0.04413208 -0.04437286 0.03610248
v -0.04337036 -0.04354294 0.03582805
v -0.04404419 -0.04450744 0.0359972
v -0.04458496 -0.04452866 0.03610248
v -0.0435437 -0.04415436 0.03582813
v -0.04327393 -0.04354431 0.03561825
v -0.04456787 -0.04468811 0.03599705
v -0.04504944 -0.04447128 0.03610248
v -0.04345947 -0.0442012 0.03561832
v -0.04320373 -0.04354523 0.03538364
v -0.04397705 -0.04460968 0.03582805
v -0.04510559 -0.0446225 0.03599697
v -0.04543213 -0.04422409 0.03610248
v -0.04339905 -0.04423492 0.03538364
v -0.0431604 -0.04354568 0.03513691
v -0.04392517 -0.04469055 0.0356184
v -0.04455566 -0.04480926 0.0358279
v -0.04554931 -0.04433716 0.03599697
v -0.04566528 -0.04384323 0.03610248
v -0.04336059 -0.04425567 0.03513691
v -0.04314026 -0.04354599 0.03488132
v -0.04515015 -0.04473663 0.0358279
v -0.04454651 -0.04490448 0.03561817
v -0.04388794 -0.04474823 0.03538364
v -0.04582031 -0.04389618 0.03599705
v -0.04571411 -0.04340927 0.03610248
v -0.04563965 -0.04442139 0.0358279
v -0.04518494 -0.04482605 0.03561802
v -0.04453979 -0.04497268 0.03538349
v -0.04386413 -0.04478439 0.03513691
v -0.04587768 -0.04339295 0.0359972
v -0.04558349 -0.04299805 0.03610248
v -0.04593872 -0.04393463 0.03582798
v -0.04571045 -0.044487 0.03561794
v -0.04520996 -0.04489014 0.03538349
v -0.04572571 -0.04291596 0.03599735
v -0.0453009 -0.04267395 0.03610248
v -0.04600159 -0.04337921 0.03582813
v -0.04603149 -0.04396423 0.03561809
v -0.04539673 -0.04253998 0.03599743
v -0.04490417 -0.04249389 0.03610248
v -0.04583435 -0.04285293 0.03582836
v -0.04493652 -0.04233185 0.03599743
v -0.04447082 -0.04248932 0.03610248
v -0.04453613 -0.04501556 0.03513683
v -0.04576172 -0.0445343 0.03538349
v -0.04609863 -0.04336792 0.03561832
v -0.04547241 -0.04243805 0.03582844
v -0.0444342 -0.04232758 0.03599728
v -0.04405518 -0.04268524 0.03610248
v -0.04522583 -0.04493042 0.03513676
v -0.04609863 -0.04398559 0.03538357
v -0.04591797 -0.04280289 0.03561855
v -0.04496399 -0.04220795 0.03582851
v -0.04395325 -0.04255524 0.03599712
v -0.04375855 -0.04306152 0.03610248
v -0.04579284 -0.0445639 0.03513676
v -0.04616882 -0.04335998 0.03538364
v -0.04552978 -0.04235779 0.03561863
v -0.04440979 -0.04220245 0.03582844
v -0.04613892 -0.04399902 0.03513676
v -0.04597961 -0.04276703 0.03538379
v -0.04498535 -0.0421106 0.0356187
v -0.04621155 -0.0433551 0.03513683
v -0.0455719 -0.04229996 0.03538387
v -0.04601746 -0.0427449 0.03513691
v -0.04387756 -0.04245331 0.03582821
v -0.04438965 -0.04210449 0.03561863
v -0.045 -0.04204056 0.03538387
v -0.04559814 -0.0422641 0.03513691
v -0.04361023 -0.04299103 0.0359972
v -0.04615784 -0.04400513 0.03488132
v -0.04623108 -0.04335297 0.03488132
v -0.04603393 -0.04273498 0.03488132
v -0.0458075 -0.04457748 0.03488132
v -0.04523254 -0.04494873 0.03488132
v -0.04453308 -0.04503479 0.03488132
v -0.04385315 -0.04480072 0.03488132
v -0.0433435 -0.04426529 0.03488132
v -0.0433435 -0.04426529 -0.02457455
v -0.04314026 -0.04354599 -0.02457455
v -0.04385315 -0.04480072 -0.02457455
v -0.04453308 -0.04503479 -0.02457455
v -0.04523254 -0.04494873 -0.02457455
v -0.0458075 -0.04457748 -0.02457455
v -0.04615784 -0.04400513 -0.02457455
v -0.04623108 -0.04335297 -0.02457455
v -0.04603393 -0.04273498 -0.02457455
v -0.04560974 -0.04224823 -0.02457455
v -0.04560974 -0.04224823 0.03488132
v -0.04501404 -0.04197769 -0.02457455
v -0.04501404 -0.04197769 0.03488132
v -0.04436157 -0.04197113 -0.02457455
v -0.04500977 -0.04199707 0.03513691
v -0.04436157 -0.04197113 0.03488132
v -0.04373718 -0.04226517 -0.02457455
v -0.044375 -0.04203415 0.03538387
v -0.04436645 -0.04199035 0.03513691
v -0.04373718 -0.04226517 0.03488132
v -0.0432904 -0.0428305 -0.02457455
v -0.04381836 -0.04237366 0.0356184
v -0.04377563 -0.04231659 0.03538372
v -0.04374939 -0.04228119 0.03513691
v -0.0432904 -0.0428305 0.03488132
v -0.04314026 -0.04354599 -0.02457455
v -0.04314026 -0.04354599 0.03488132
v -0.0431604 -0.04354568 0.03513691
v -0.04330872 -0.04283936 0.03513691
v -0.04320373 -0.04354523 0.03538364
v -0.04334778 -0.04285889 0.03538372
v -0.04327393 -0.04354431 0.03561825
v -0.04341125 -0.04289032 0.0356184
v -0.04337036 -0.04354294 0.03582805
v -0.04349853 -0.04293426 0.03582821
v -0.04349487 -0.04354202 0.03599712
v -0.04365784 -0.04353775 0.03610248
v -0.0447406 -0.04345413 0.03610256
v -0.04405518 -0.04268524 0.03610248
v -0.04379334 -0.04401642 0.03610248
v -0.04447082 -0.04248932 0.03610248
v -0.04413208 -0.04437286 0.03610248
v -0.04490417 -0.04249389 0.03610248
v -0.04458496 -0.04452866 0.03610248
v -0.0453009 -0.04267395 0.03610248
v -0.04504944 -0.04447128 0.03610248
v -0.04558349 -0.04299805 0.03610248
v -0.04543213 -0.04422409 0.03610248
v -0.04571411 -0.04340927 0.03610248
v -0.04566528 -0.04384323 0.03610248
v 0.06496032 -0.05002106 0.0363451
v 0.06509583 -0.04954224 0.0363451
v 0.06525879 -0.04954651 0.03623974
v 0.06510193 -0.05009979 0.03623981
v 0.06462158 -0.0503772 0.0363451
v 0.0653833 -0.04954742 0.03607067
v 0.06470947 -0.05051178 0.03623981
v 0.0641687 -0.05053314 0.0363451
v 0.06520996 -0.05015884 0.03607075
v 0.06547973 -0.04954864 0.03586086
v 0.06418579 -0.0506926 0.03623966
v 0.06370422 -0.05047577 0.0363451
v 0.06529419 -0.05020569 0.03586094
v 0.06554992 -0.04954956 0.03562626
v 0.06477661 -0.05061416 0.03607067
v 0.06364807 -0.05062713 0.03623959
v 0.06332153 -0.05022858 0.0363451
v 0.06535462 -0.05023941 0.03562626
v 0.06559326 -0.04955017 0.03537953
v 0.06482849 -0.05069488 0.03586102
v 0.06419799 -0.05081375 0.03607052
v 0.06320434 -0.05034149 0.03623959
v 0.06308838 -0.04984771 0.0363451
v 0.06539307 -0.05026001 0.03537953
v 0.0656134 -0.04955047 0.03512394
v 0.06360351 -0.05074112 0.03607052
v 0.06420715 -0.05090881 0.03586078
v 0.06486572 -0.05075271 0.03562626
v 0.06293335 -0.04990082 0.03623966
v 0.06303955 -0.04941376 0.0363451
v 0.06311401 -0.05042572 0.03607052
v 0.06356873 -0.05083054 0.03586063
v 0.06421386 -0.05097717 0.03562611
v 0.06488953 -0.05078888 0.03537953
v 0.06287598 -0.04939758 0.03623981
v 0.06317016 -0.04900268 0.0363451
v 0.06281494 -0.04993897 0.03607059
v 0.06304321 -0.05049164 0.03586056
v 0.0635437 -0.05089477 0.03562611
v 0.06302796 -0.04892029 0.03623997
v 0.06345276 -0.04867828 0.0363451
v 0.06275208 -0.0493837 0.03607075
v 0.06272217 -0.04996857 0.03586071
v 0.06335693 -0.04854462 0.03624004
v 0.06384949 -0.04849823 0.0363451
v 0.06291931 -0.04885742 0.03607098
v 0.06381714 -0.04833649 0.03624004
v 0.06428283 -0.0484938 0.0363451
v 0.06421753 -0.0510199 0.03537945
v 0.06299194 -0.05053879 0.03562611
v 0.06265502 -0.0493724 0.03586094
v 0.06328125 -0.04844254 0.03607105
v 0.06431945 -0.04833191 0.03623989
v 0.06469849 -0.04868957 0.0363451
v 0.06352783 -0.05093475 0.03537937
v 0.06265502 -0.04998993 0.03562618
v 0.06283569 -0.04880737 0.03586117
v 0.06378967 -0.04821228 0.03607113
v 0.06480041 -0.04855957 0.03623974
v 0.06499512 -0.04906585 0.0363451
v 0.06296081 -0.05056824 0.03537937
v 0.06258484 -0.04936432 0.03562626
v 0.06322388 -0.04836243 0.03586124
v 0.06434387 -0.04820694 0.03607105
v 0.06261475 -0.05000336 0.03537937
v 0.06277405 -0.04877152 0.03562641
v 0.06376831 -0.04811523 0.03586132
v 0.06254211 -0.04935974 0.03537945
v 0.06318176 -0.04830444 0.03562649
v 0.06273621 -0.04874939 0.03537953
v 0.06487609 -0.04845779 0.03607082
v 0.06436401 -0.04810913 0.03586124
v 0.06375366 -0.04804504 0.03562649
v 0.06315552 -0.04826843 0.03537953
v 0.06514343 -0.04899567 0.03623981
v 0.06259582 -0.05000976 0.03512394
v 0.06252258 -0.0493573 0.03512394
v 0.06271973 -0.04873947 0.03512394
v 0.06294616 -0.05058197 0.03512394
v 0.06352112 -0.05095337 0.03512394
v 0.06422058 -0.05103912 0.03512394
v 0.06490051 -0.0508052 0.03512394
v 0.06541015 -0.05026978 0.03512394
v 0.06541015 -0.05026978 -0.02433193
v 0.0656134 -0.04955047 -0.02433193
v 0.06490051 -0.0508052 -0.02433193
v 0.06422058 -0.05103912 -0.02433193
v 0.06352112 -0.05095337 -0.02433193
v 0.06294616 -0.05058197 -0.02433193
v 0.06259582 -0.05000976 -0.02433193
v 0.06252258 -0.0493573 -0.02433193
v 0.06271973 -0.04873947 -0.02433193
v 0.06314392 -0.04825272 -0.02433193
v 0.06314392 -0.04825272 0.03512394
v 0.06373962 -0.04798217 -0.02433193
v 0.06373962 -0.04798217 0.03512394
v 0.06439209 -0.04797546 -0.02433193
v 0.0637439 -0.0480014 0.03537953
v 0.06439209 -0.04797546 0.03512394
v 0.06501648 -0.04826965 -0.02433193
v 0.06437866 -0.04803864 0.03562649
v 0.0643872 -0.04799499 0.03537953
v 0.06501648 -0.04826965 0.03512394
v 0.06546325 -0.04883499 -0.02433193
v 0.0649353 -0.04837814 0.03586102
v 0.06497803 -0.04832092 0.03562633
v 0.06500427 -0.04828552 0.03537953
v 0.06546325 -0.04883499 0.03512394
v 0.0656134 -0.04955047 -0.02433193
v 0.0656134 -0.04955047 0.03512394
v 0.06559326 -0.04955017 0.03537953
v 0.06544495 -0.04884369 0.03537953
v 0.06554992 -0.04954956 0.03562626
v 0.06540588 -0.04886322 0.03562633
v 0.06547973 -0.04954864 0.03586086
v 0.0653424 -0.0488948 0.03586102
v 0.0653833 -0.04954742 0.03607067
v 0.06525513 -0.04893875 0.03607082
v 0.06525879 -0.04954651 0.03623974
v 0.06509583 -0.04954224 0.0363451
v 0.06401306 -0.04945862 0.03634518
v 0.06469849 -0.04868957 0.0363451
v 0.06496032 -0.05002106 0.0363451
v 0.06428283 -0.0484938 0.0363451
v 0.06462158 -0.0503772 0.0363451
v 0.06384949 -0.04849823 0.0363451
v 0.0641687 -0.05053314 0.0363451
v 0.06345276 -0.04867828 0.0363451
v 0.06370422 -0.05047577 0.0363451
v 0.06317016 -0.04900268 0.0363451
v 0.06332153 -0.05022858 0.0363451
v 0.06303955 -0.04941376 0.0363451
v 0.06308838 -0.04984771 0.0363451
v -0.04379334 0.04794464 0.03610248
v -0.04365784 0.04842331 0.03610248
v -0.04349487 0.04841904 0.03599712
v -0.04365173 0.0478659 0.0359972
v -0.04413208 0.0475882 0.03610248
v -0.04337036 0.04841812 0.03582805
v -0.04404419 0.04745361 0.0359972
v -0.04458496 0.0474324 0.03610248
v -0.0435437 0.0478067 0.03582813
v -0.04327393 0.04841675 0.03561825
v -0.04456787 0.04727295 0.03599705
v -0.04504944 0.04748978 0.03610248
v -0.04345947 0.04775986 0.03561832
v -0.04320373 0.04841583 0.03538364
v -0.04397705 0.04735138 0.03582805
v -0.04510559 0.04733856 0.03599697
v -0.04543213 0.04773697 0.03610248
v -0.04339905 0.04772614 0.03538364
v -0.0431604 0.04841537 0.03513691
v -0.04392517 0.04727051 0.0356184
v -0.04455566 0.04715179 0.0358279
v -0.04554931 0.0476239 0.03599697
v -0.04566528 0.04811783 0.03610248
v -0.04336059 0.04770538 0.03513691
v -0.04314026 0.04841507 0.03488132
v -0.04515015 0.04722442 0.0358279
v -0.04454651 0.04705658 0.03561817
v -0.04388794 0.04721283 0.03538364
v -0.04582031 0.04806488 0.03599705
v -0.04571411 0.04855179 0.03610248
v -0.04563965 0.04753967 0.0358279
v -0.04518494 0.04713501 0.03561802
v -0.04453979 0.04698837 0.03538349
v -0.04386413 0.04717667 0.03513691
v -0.04587768 0.04856811 0.0359972
v -0.04558349 0.04896301 0.03610248
v -0.04593872 0.04802643 0.03582798
v -0.04571045 0.04747406 0.03561794
v -0.04520996 0.04707092 0.03538349
v -0.04572571 0.0490451 0.03599735
v -0.0453009 0.04928711 0.03610248
v -0.04600159 0.04858185 0.03582813
v -0.04603149 0.04799683 0.03561809
v -0.04539673 0.04942108 0.03599743
v -0.04490417 0.04946716 0.03610248
v -0.04583435 0.04910812 0.03582836
v -0.04493652 0.04962921 0.03599743
v -0.04447082 0.04947174 0.03610248
v -0.04453613 0.04694549 0.03513683
v -0.04576172 0.04742676 0.03538349
v -0.04609863 0.04859314 0.03561832
v -0.04547241 0.04952301 0.03582844
v -0.0444342 0.04963348 0.03599728
v -0.04405518 0.04927582 0.03610248
v -0.04522583 0.04703064 0.03513676
v -0.04609863 0.04797546 0.03538357
v -0.04591797 0.04915817 0.03561855
v -0.04496399 0.04975311 0.03582851
v -0.04395325 0.04940582 0.03599712
v -0.04375855 0.04889954 0.03610248
v -0.04579284 0.04739716 0.03513676
v -0.04616882 0.04860107 0.03538364
v -0.04552978 0.04960327 0.03561863
v -0.04440979 0.04975861 0.03582844
v -0.04613892 0.04796204 0.03513676
v -0.04597961 0.04919403 0.03538379
v -0.04498535 0.04985046 0.0356187
v -0.04621155 0.04860596 0.03513683
v -0.0455719 0.0496611 0.03538387
v -0.04601746 0.04921615 0.03513691
v -0.04387756 0.04950775 0.03582821
v -0.04438965 0.04985657 0.03561863
v -0.045 0.0499205 0.03538387
v -0.04559814 0.04969696 0.03513691
v -0.04361023 0.04897003 0.0359972
v -0.04615784 0.04795593 0.03488132
v -0.04623108 0.04860809 0.03488132
v -0.04603393 0.04922607 0.03488132
v -0.0458075 0.04738357 0.03488132
v -0.04523254 0.04701233 0.03488132
v -0.04453308 0.04692627 0.03488132
v -0.04385315 0.04716034 0.03488132
v -0.0433435 0.04769577 0.03488132
v -0.0433435 0.04769577 -0.02457455
v -0.04314026 0.04841507 -0.02457455
v -0.04385315 0.04716034 -0.02457455
v -0.04453308 0.04692627 -0.02457455
v -0.04523254 0.04701233 -0.02457455
v -0.0458075 0.04738357 -0.02457455
v -0.04615784 0.04795593 -0.02457455
v -0.04623108 0.04860809 -0.02457455
v -0.04603393 0.04922607 -0.02457455
v -0.04560974 0.04971283 -0.02457455
v -0.04560974 0.04971283 0.03488132
v -0.04501404 0.04998337 -0.02457455
v -0.04501404 0.04998337 0.03488132
v -0.04436157 0.04998993 -0.02457455
v -0.04500977 0.04996399 0.03513691
v -0.04436157 0.04998993 0.03488132
v -0.04373718 0.04969589 -0.02457455
v -0.044375 0.04992691 0.03538387
v -0.04436645 0.0499707 0.03513691
v -0.04373718 0.04969589 0.03488132
v -0.0432904 0.04913055 -0.02457455
v -0.04381836 0.0495874 0.0356184
v -0.04377563 0.04964447 0.03538372
v -0.04374939 0.04967987 0.03513691
v -0.0432904 0.04913055 0.03488132
v -0.04314026 0.04841507 -0.02457455
v -0.04314026 0.04841507 0.03488132
v -0.0431604 0.04841537 0.03513691
v -0.04330872 0.0491217 0.03513691
v -0.04320373 0.04841583 0.03538364
v -0.04334778 0.04910217 0.03538372
v -0.04327393 0.04841675 0.03561825
v -0.04341125 0.04907074 0.0356184
v -0.04337036 0.04841812 0.03582805
v -0.04349853 0.04902679 0.03582821
v -0.04349487 0.04841904 0.03599712
v -0.04365784 0.04842331 0.03610248
v -0.0447406 0.04850693 0.03610256
v -0.04405518 0.04927582 0.03610248
v -0.04379334 0.04794464 0.03610248
v -0.04447082 0.04947174 0.03610248
v -0.04413208 0.0475882 0.03610248
v -0.04490417 0.04946716 0.03610248
v -0.04458496 0.0474324 0.03610248
v -0.0453009 0.04928711 0.03610248
v -0.04504944 0.04748978 0.03610248
v -0.04558349 0.04896301 0.03610248
v -0.04543213 0.04773697 0.03610248
v -0.04571411 0.04855179 0.03610248
v -0.04566528 0.04811783 0.03610248
v 0.1012115 0.03993866 0.03642597
v 0.101347 0.04041733 0.03642597
v 0.10151 0.04041306 0.03632061
v 0.1013531 0.03985992 0.03632069
v 0.1008728 0.03958222 0.03642597
v 0.1016345 0.04041214 0.03615154
v 0.1009607 0.03944763 0.03632069
v 0.1004199 0.03942642 0.03642597
v 0.1014612 0.03980072 0.03615162
v 0.101731 0.04041076 0.03594173
v 0.100437 0.03926697 0.03632053
v 0.09995544 0.03948379 0.03642597
v 0.1015454 0.03975388 0.03594181
v 0.1018011 0.04040985 0.03570713
v 0.1010278 0.0393454 0.03615154
v 0.09989929 0.03933258 0.03632046
v 0.09957276 0.03973099 0.03642597
v 0.1016058 0.03972015 0.03570713
v 0.1018445 0.04040939 0.03546039
v 0.1010797 0.03926453 0.03594189
v 0.1004492 0.03914581 0.03615139
v 0.09945557 0.03961792 0.03632046
v 0.0993396 0.04011185 0.03642597
v 0.1016443 0.0396994 0.03546039
v 0.1018646 0.04040909 0.03520481
v 0.09985474 0.03921844 0.03615139
v 0.1004584 0.0390506 0.03594166
v 0.1011169 0.03920685 0.03570713
v 0.09918457 0.0400589 0.03632053
v 0.09929077 0.04054581 0.03642597
v 0.09936523 0.03953369 0.03615139
v 0.09981994 0.03912903 0.0359415
v 0.1004651 0.03898239 0.03570698
v 0.1011407 0.03917068 0.03546039
v 0.0991272 0.04056213 0.03632069
v 0.09942138 0.04095703 0.03642597
v 0.09906616 0.04002045 0.03615147
v 0.09929443 0.03946808 0.03594143
v 0.09979492 0.03906494 0.03570698
v 0.09927917 0.04103912 0.03632084
v 0.09970398 0.04128113 0.03642597
v 0.09900329 0.04057587 0.03615162
v 0.09897339 0.03999084 0.03594158
v 0.09960815 0.0414151 0.03632091
v 0.1001007 0.04146118 0.03642597
v 0.09917053 0.04110214 0.03615185
v 0.1000684 0.04162323 0.03632091
v 0.1005341 0.04146576 0.03642597
v 0.1004687 0.03893951 0.03546032
v 0.09924316 0.03942078 0.03570698
v 0.09890625 0.04058716 0.03594181
v 0.09953247 0.04151703 0.03615192
v 0.1005707 0.0416275 0.03632076
v 0.1009497 0.04126984 0.03642597
v 0.09977905 0.03902466 0.03546024
v 0.09890625 0.03996948 0.03570705
v 0.09908691 0.04115219 0.03594204
v 0.1000409 0.04174713 0.036152
v 0.1010516 0.04139984 0.03632061
v 0.1012463 0.04089355 0.03642597
v 0.09921204 0.03939117 0.03546024
v 0.09883606 0.04059509 0.03570713
v 0.09947509 0.04159729 0.03594211
v 0.1005951 0.04175263 0.03615192
v 0.09886596 0.03995606 0.03546024
v 0.09902526 0.04118805 0.03570728
v 0.1000195 0.04184448 0.03594219
v 0.09879334 0.04059998 0.03546032
v 0.09943298 0.04165512 0.03570736
v 0.09898742 0.04121017 0.03546039
v 0.1011273 0.04150177 0.0361517
v 0.1006152 0.04185059 0.03594211
v 0.1000049 0.04191452 0.03570736
v 0.09940673 0.04169098 0.03546039
v 0.1013947 0.04096405 0.03632069
v 0.09884705 0.03994995 0.03520481
v 0.0987738 0.04060211 0.03520481
v 0.09897094 0.04122009 0.03520481
v 0.09919739 0.03937759 0.03520481
v 0.09977233 0.03900634 0.03520481
v 0.1004718 0.03892029 0.03520481
v 0.1011517 0.03915436 0.03520481
v 0.1016614 0.03968979 0.03520481
v 0.1016614 0.03968979 -0.02425106
v 0.1018646 0.04040909 -0.02425106
v 0.1011517 0.03915436 -0.02425106
v 0.1004718 0.03892029 -0.02425106
v 0.09977233 0.03900634 -0.02425106
v 0.09919739 0.03937759 -0.02425106
v 0.09884705 0.03994995 -0.02425106
v 0.0987738 0.04060211 -0.02425106
v 0.09897094 0.04122009 -0.02425106
v 0.09939514 0.04170685 -0.02425106
v 0.09939514 0.04170685 0.03520481
v 0.09999084 0.04197739 -0.02425106
v 0.09999084 0.04197739 0.03520481
v 0.1006433 0.04198395 -0.02425106
v 0.09999511 0.04195801 0.03546039
v 0.1006433 0.04198395 0.03520481
v 0.1012677 0.04168991 -0.02425106
v 0.1006299 0.04192093 0.03570736
v 0.1006384 0.04196472 0.03546039
v 0.1012677 0.04168991 0.03520481
v 0.1017145 0.04112457 -0.02425106
v 0.1011865 0.04158142 0.03594189
v 0.1012292 0.04163849 0.03570721
v 0.1012555 0.04167389 0.03546039
v 0.1017145 0.04112457 0.03520481
v 0.1018646 0.04040909 -0.02425106
v 0.1018646 0.04040909 0.03520481
v 0.1018445 0.04040939 0.03546039
v 0.1016962 0.04111572 0.03546039
v 0.1018011 0.04040985 0.03570713
v 0.1016571 0.04109619 0.03570721
v 0.101731 0.04041076 0.03594173
v 0.1015936 0.04106476 0.03594189
v 0.1016345 0.04041214 0.03615154
v 0.1015063 0.04102081 0.0361517
v 0.10151 0.04041306 0.03632061
v 0.101347 0.04041733 0.03642597
v 0.1002643 0.04050095 0.03642605
v 0.1009497 0.04126984 0.03642597
v 0.1012115 0.03993866 0.03642597
v 0.1005341 0.04146576 0.03642597
v 0.1008728 0.03958222 0.03642597
v 0.1001007 0.04146118 0.03642597
v 0.1004199 0.03942642 0.03642597
v 0.09970398 0.04128113 0.03642597
v 0.09995544 0.03948379 0.03642597
v 0.09942138 0.04095703 0.03642597
v 0.09957276 0.03973099 0.03642597
v 0.09929077 0.04054581 0.03642597
v 0.0993396 0.04011185 0.03642597
v -0.08004455 0.04994598 0.03602161
v -0.07990906 0.0504248 0.03602161
v -0.07974609 0.05042053 0.03591625
v -0.07990295 0.04986725 0.03591633
v -0.0803833 0.04958984 0.03602161
v -0.07962158 0.05041961 0.03574719
v -0.08029541 0.04945526 0.03591633
v -0.08083618 0.0494339 0.03602161
v -0.07979492 0.0498082 0.03574726
v -0.07952514 0.0504184 0.03553738
v -0.08081909 0.04927444 0.03591618
v -0.08130066 0.04949127 0.03602161
v -0.07971069 0.04976135 0.03553745
v -0.07945495 0.05041748 0.03530277
v -0.08022827 0.04935287 0.03574719
v -0.08135681 0.04933991 0.0359161
v -0.08168335 0.04973846 0.03602161
v -0.07965027 0.04972763 0.03530277
v -0.07941162 0.05041687 0.03505604
v -0.08017639 0.04927215 0.03553753
v -0.08080688 0.04915329 0.03574703
v -0.08180054 0.04962555 0.0359161
v -0.0819165 0.05011932 0.03602161
v -0.07961182 0.04970703 0.03505604
v -0.07939148 0.05041656 0.03480045
v -0.08140136 0.04922592 0.03574703
v -0.08079772 0.04905823 0.0355373
v -0.08013916 0.04921432 0.03530277
v -0.08207153 0.05006622 0.03591618
v -0.08196533 0.05055328 0.03602161
v -0.08189087 0.04954132 0.03574703
v -0.08143616 0.0491365 0.03553715
v -0.08079101 0.04898987 0.03530262
v -0.08011536 0.04917816 0.03505604
v -0.0821289 0.05056946 0.03591633
v -0.08183472 0.05096436 0.03602161
v -0.08218994 0.05002807 0.03574711
v -0.08196167 0.0494754 0.03553707
v -0.08146118 0.04907227 0.03530262
v -0.08197693 0.05104675 0.03591648
v -0.08155213 0.05128876 0.03602161
v -0.08225281 0.05058334 0.03574726
v -0.08228271 0.04999847 0.03553722
v -0.08164795 0.05142242 0.03591656
v -0.0811554 0.05146881 0.03602161
v -0.08208557 0.05110962 0.03574749
v -0.08118774 0.05163055 0.03591656
v -0.08072204 0.05147323 0.03602161
v -0.08078735 0.04894714 0.03505596
v -0.08201294 0.04942825 0.03530262
v -0.08234985 0.05059464 0.03553745
v -0.08172363 0.05152451 0.03574757
v -0.08068542 0.05163513 0.0359164
v -0.0803064 0.05127747 0.03602161
v -0.08147705 0.04903229 0.03505588
v -0.08234985 0.04997711 0.03530269
v -0.08216919 0.05115966 0.03553768
v -0.08121521 0.05175476 0.03574764
v -0.08020446 0.05140747 0.03591625
v -0.08000977 0.05090118 0.03602161
v -0.08204406 0.0493988 0.03505588
v -0.08242004 0.05060272 0.03530277
v -0.08178101 0.05160461 0.03553776
v -0.08066101 0.0517601 0.03574757
v -0.08239014 0.04996368 0.03505588
v -0.08223084 0.05119552 0.03530293
v -0.08123657 0.05185181 0.03553784
v -0.08246277 0.0506073 0.03505596
v -0.08182312 0.0516626 0.035303
v -0.08226868 0.05121765 0.03505604
v -0.08012878 0.05150925 0.03574734
v -0.08064087 0.05185791 0.03553776
v -0.08125122 0.051922 0.035303
v -0.08184937 0.05169861 0.03505604
v -0.07986145 0.05097137 0.03591633
v -0.08240905 0.04995728 0.03480045
v -0.0824823 0.05060974 0.03480045
v -0.08228515 0.05122757 0.03480045
v -0.08205871 0.04938507 0.03480045
v -0.08148377 0.04901367 0.03480045
v -0.0807843 0.04892792 0.03480045
v -0.08010437 0.04916183 0.03480045
v -0.07959472 0.04969727 0.03480045
v -0.07959472 0.04969727 -0.02465542
v -0.07939148 0.05041656 -0.02465542
v -0.08010437 0.04916183 -0.02465542
v -0.0807843 0.04892792 -0.02465542
v -0.08148377 0.04901367 -0.02465542
v -0.08205871 0.04938507 -0.02465542
v -0.08240905 0.04995728 -0.02465542
v -0.0824823 0.05060974 -0.02465542
v -0.08228515 0.05122757 -0.02465542
v -0.08186096 0.05171432 -0.02465542
v -0.08186096 0.05171432 0.03480045
v -0.08126526 0.05198486 -0.02465542
v -0.08126526 0.05198486 0.03480045
v -0.08061279 0.05199157 -0.02465542
v -0.08126099 0.05196564 0.03505604
v -0.08061279 0.05199157 0.03480045
v -0.07998841 0.05169739 -0.02465542
v -0.08062622 0.0519284 0.035303
v -0.08061767 0.05197205 0.03505604
v -0.07998841 0.05169739 0.03480045
v -0.07954162 0.05113205 -0.02465542
v -0.08006958 0.0515889 0.03553753
v -0.08002685 0.05164612 0.03530285
v -0.08000061 0.05168152 0.03505604
v -0.07954162 0.05113205 0.03480045
v -0.07939148 0.05041656 -0.02465542
v -0.07939148 0.05041656 0.03480045
v -0.07941162 0.05041687 0.03505604
v -0.07955994 0.05112335 0.03505604
v -0.07945495 0.05041748 0.03530277
v -0.079599 0.05110382 0.03530285
v -0.07952514 0.0504184 0.03553738
v -0.07966247 0.05107223 0.03553753
v -0.07962158 0.05041961 0.03574719
v -0.07974976 0.05102829 0.03574734
v -0.07974609 0.05042053 0.03591625
v -0.07990906 0.0504248 0.03602161
v -0.08099182 0.05050842 0.03602169
v -0.0803064 0.05127747 0.03602161
v -0.08004455 0.04994598 0.03602161
v -0.08072204 0.05147323 0.03602161
v -0.0803833 0.04958984 0.03602161
v -0.0811554 0.05146881 0.03602161
v -0.08083618 0.0494339 0.03602161
v -0.08155213 0.05128876 0.03602161
v -0.08130066 0.04949127 0.03602161
v -0.08183472 0.05096436 0.03602161
v -0.08168335 0.04973846 0.03602161
v -0.08196533 0.05055328 0.03602161
v -0.0819165 0.05011932 0.03602161
v -0.007542114 -0.04601806 0.03618336
v -0.007406616 -0.04553925 0.03618336
v -0.007243652 -0.04554352 0.03607799
v -0.007400513 -0.0460968 0.03607807
v -0.007880859 -0.04637421 0.03618336
v -0.007119141 -0.04554443 0.03590893
v -0.007792969 -0.04650879 0.03607807
v -0.00833374 -0.04653015 0.03618336
v -0.00729248 -0.04615585 0.035909
v -0.007022705 -0.04554565 0.03569912
v -0.00831665 -0.0466896 0.03607792
v -0.008798217 -0.04647278 0.03618336
v -0.007208252 -0.0462027 0.0356992
v -0.006952514 -0.04554657 0.03546451
v -0.00772583 -0.04661117 0.03590893
v -0.00885437 -0.04662414 0.03607784
v -0.009180908 -0.04622559 0.03618336
v -0.007147827 -0.04623642 0.03546451
v -0.00690918 -0.04554718 0.03521778
v -0.00767395 -0.04669189 0.03569927
v -0.008304443 -0.04681076 0.03590877
v -0.009298095 -0.0463385 0.03607784
v -0.009414062 -0.04584473 0.03618336
v -0.007109375 -0.04625702 0.03521778
v -0.006889038 -0.04554749 0.0349622
v -0.008898926 -0.04673813 0.03590877
v -0.008295288 -0.04690582 0.03569904
v -0.007636718 -0.04674973 0.03546451
v -0.009569092 -0.04589783 0.03607792
v -0.00946289 -0.04541077 0.03618336
v -0.009388427 -0.04642273 0.03590877
v -0.008933716 -0.04682754 0.03569889
v -0.008288574 -0.04697418 0.03546436
v -0.007612915 -0.04678589 0.03521778
v -0.009626465 -0.04539459 0.03607807
v -0.009332275 -0.04499969 0.03618336
v -0.0096875 -0.04593597 0.03590885
v -0.009459228 -0.04648865 0.03569881
v -0.00895874 -0.04689178 0.03546436
v -0.009474487 -0.0449173 0.03607822
v -0.009049683 -0.04467529 0.03618336
v -0.009750366 -0.0453807 0.035909
v -0.009780273 -0.04596557 0.03569897
v -0.009145508 -0.04454162 0.0360783
v -0.008652954 -0.04449524 0.03618336
v -0.00958313 -0.04485443 0.03590923
v -0.008685303 -0.0443335 0.0360783
v -0.008219604 -0.04449081 0.03618336
v -0.008284912 -0.04701691 0.0352177
v -0.009510498 -0.0465358 0.03546436
v -0.009847412 -0.04536941 0.0356992
v -0.009221192 -0.04443954 0.03590931
v -0.008182983 -0.04432892 0.03607815
v -0.007803955 -0.04468658 0.03618336
v -0.008974609 -0.04693176 0.03521763
v -0.009847412 -0.04598694 0.03546444
v -0.009666747 -0.04480438 0.03569942
v -0.008712769 -0.04420929 0.03590938
v -0.007702026 -0.04455658 0.03607799
v -0.007507324 -0.04506287 0.03618336
v -0.009541626 -0.04656525 0.03521763
v -0.009917602 -0.04536133 0.03546451
v -0.009278564 -0.04435943 0.0356995
v -0.008158569 -0.04420395 0.03590931
v -0.009887695 -0.04600037 0.03521763
v -0.009728394 -0.04476852 0.03546467
v -0.00873413 -0.04411224 0.03569958
v -0.009960327 -0.04535675 0.0352177
v -0.009320678 -0.04430145 0.03546475
v -0.009766235 -0.0447464 0.03521778
v -0.007626343 -0.0444548 0.03590908
v -0.008138428 -0.04410614 0.0356995
v -0.008748779 -0.04404205 0.03546475
v -0.009346924 -0.04426544 0.03521778
v -0.007359009 -0.04499267 0.03607807
v -0.009906616 -0.04600677 0.0349622
v -0.009979858 -0.04535431 0.0349622
v -0.009782715 -0.04473648 0.0349622
v -0.009556274 -0.04657898 0.0349622
v -0.008981323 -0.04695038 0.0349622
v -0.008281861 -0.04703613 0.0349622
v -0.007601928 -0.04680222 0.0349622
v -0.007092285 -0.04626678 0.0349622
v -0.007092285 -0.04626678 -0.02449367
v -0.006889038 -0.04554749 -0.02449367
v -0.007601928 -0.04680222 -0.02449367
v -0.008281861 -0.04703613 -0.02449367
v -0.008981323 -0.04695038 -0.02449367
v -0.009556274 -0.04657898 -0.02449367
v -0.009906616 -0.04600677 -0.02449367
v -0.009979858 -0.04535431 -0.02449367
v -0.009782715 -0.04473648 -0.02449367
v -0.009358521 -0.04424972 -0.02449367
v -0.009358521 -0.04424972 0.0349622
v -0.008762817 -0.04397919 -0.02449367
v -0.008762817 -0.04397919 0.0349622
v -0.008110351 -0.04397247 -0.02449367
v -0.008758545 -0.04399841 0.03521778
v -0.008110351 -0.04397247 0.0349622
v -0.007485962 -0.04426666 -0.02449367
v -0.008123779 -0.04403564 0.03546475
v -0.008115234 -0.043992 0.03521778
v -0.007485962 -0.04426666 0.0349622
v -0.007039184 -0.044832 -0.02449367
v -0.007567138 -0.04437515 0.03569927
v -0.007524414 -0.04431793 0.03546459
v -0.007498169 -0.04428253 0.03521778
v -0.007039184 -0.044832 0.0349622
v -0.006889038 -0.04554749 -0.02449367
v -0.006889038 -0.04554749 0.0349622
v -0.00690918 -0.04554718 0.03521778
v -0.007057495 -0.0448407 0.03521778
v -0.006952514 -0.04554657 0.03546451
v -0.007096557 -0.04486023 0.03546459
v -0.007022705 -0.04554565 0.03569912
v -0.007160034 -0.04489182 0.03569927
v -0.007119141 -0.04554443 0.03590893
v -0.007247314 -0.04493576 0.03590908
v -0.007243652 -0.04554352 0.03607799
v -0.007406616 -0.04553925 0.03618336
v -0.00848938 -0.04545563 0.03618343
v -0.007803955 -0.04468658 0.03618336
v -0.007542114 -0.04601806 0.03618336
v -0.008219604 -0.04449081 0.03618336
v -0.007880859 -0.04637421 0.03618336
v -0.008652954 -0.04449524 0.03618336
v -0.00833374 -0.04653015 0.03618336
v -0.009049683 -0.04467529 0.03618336
v -0.008798217 -0.04647278 0.03618336
v -0.009332275 -0.04499969 0.03618336
v -0.009180908 -0.04622559 0.03618336
v -0.00946289 -0.04541077 0.03618336
v -0.009414062 -0.04584473 0.03618336
v -0.1407239 0.04421234 -0.0364259
v -0.141123 0.04442474 -0.0364259
v -0.1414398 0.04414063 -0.03620426
v -0.1407471 0.04377289 -0.03620426
v 0.1446094 0.02852112 -0.03620426
v 0.1446332 0.02896057 -0.03642605
v 0.1450537 0.02912903 -0.03642605
v 0.1453381 0.02881286 -0.03620426
v 0.1453381 0.02881286 -0.02365841
v -0.1407465 0.04377289 -0.02365826
v -0.1414392 0.04414063 -0.02365826
v 0.1446094 0.02852112 -0.02365841
v 0.1446332 0.02896057 -0.02321819
v -0.141123 0.04442474 -0.02321796
v -0.1407239 0.04421234 -0.02321796
v 0.1446655 0.02956116 -0.02305691
v 0.1450537 0.02912903 -0.02321819
v -0.1406909 0.04481293 -0.02305691
v -0.1397919 0.06164764 -0.02305691
v -0.1412921 0.04484497 -0.02321796
v 0.1457056 0.02950561 -0.02365841
v 0.1453381 0.02881286 -0.03620426
v 0.1452661 0.02952881 -0.02321796
v -0.1417309 0.04486862 -0.02365826
v -0.1403918 0.06167984 -0.02321796
v -0.1417309 0.04486862 -0.03620426
v -0.1414398 0.04414063 -0.03620426
v -0.141123 0.04442474 -0.0364259
v -0.1412921 0.04484497 -0.0364259
v -0.1408313 0.06170349 -0.03620426
v -0.1403918 0.06167984 -0.0364259
v -0.1408313 0.06170349 -0.02365826
v -0.1404639 0.06239593 -0.03620426
v -0.1401794 0.06207977 -0.0364259
v -0.1404639 0.06239593 -0.02365826
v -0.1401794 0.06207977 -0.02321796
v -0.1397595 0.06224823 -0.02321796
v 0.1455975 0.04699631 -0.02321819
v 0.1455652 0.04639587 -0.02305691
v 0.1461658 0.04636368 -0.02321796
v 0.1459973 0.04678406 -0.02321804
v 0.1456207 0.04743591 -0.02365818
v -0.1397357 0.06268768 -0.02365826
v 0.1466046 0.04634033 -0.02365841
v 0.1463135 0.04706817 -0.02365841
v -0.1397357 0.06268768 -0.03620426
v -0.1404639 0.06239593 -0.03620426
v -0.1401794 0.06207977 -0.0364259
v -0.1397595 0.06224823 -0.0364259
v 0.1455975 0.04699631 -0.03642605
v 0.1456207 0.04743591 -0.03620403
v 0.1463135 0.04706817 -0.03620426
v 0.1459973 0.04678406 -0.03642597
v 0.1466058 0.04634033 -0.03620426
v 0.1463135 0.04706817 -0.03620426
v 0.1459973 0.04678406 -0.03642597
v 0.1461658 0.04636368 -0.0364259
v 0.1457056 0.02950561 -0.03620426
v 0.1452661 0.02952881 -0.0364259
v 0.1450537 0.02912903 -0.03642605
vt 0.6765286 0.2777731
vt 0.6797721 0.2777855
vt 0.6797751 0.2770205
vt 0.6765309 0.2770082
vt 0.6736885 0.2777627
vt 0.6797781 0.2761497
vt 0.6736916 0.2769971
vt 0.6708366 0.2777514
vt 0.6765346 0.2761371
vt 0.6797822 0.275155
vt 0.6708399 0.2769862
vt 0.6679831 0.2777403
vt 0.6765385 0.2751423
vt 0.6797862 0.2740686
vt 0.6736946 0.2761261
vt 0.6679862 0.2769753
vt 0.6650346 0.2777294
vt 0.6765426 0.274056
vt 0.6797905 0.272927
vt 0.6736985 0.2751316
vt 0.6708431 0.2761156
vt 0.6650372 0.2769642
vt 0.662137 0.2777184
vt 0.676547 0.2729144
vt 0.6797951 0.2717268
vt 0.6679894 0.2761046
vt 0.6708468 0.2751208
vt 0.6737028 0.2740453
vt 0.6621401 0.2769533
vt 0.6593405 0.2777076
vt 0.6650401 0.2760932
vt 0.6679937 0.2751098
vt 0.6708508 0.2740342
vt 0.673707 0.2729035
vt 0.6593437 0.2769422
vt 0.6566129 0.2776971
vt 0.6621433 0.2760818
vt 0.6650441 0.2750983
vt 0.6679982 0.2740232
vt 0.6566157 0.2769318
vt 0.6538988 0.2776863
vt 0.659347 0.2760714
vt 0.662147 0.2750873
vt 0.6539016 0.2769215
vt 0.65117 0.2776761
vt 0.6566189 0.276061
vt 0.6511733 0.2769112
vt 0.6484831 0.2776656
vt 0.6708556 0.2728929
vt 0.6650485 0.2740119
vt 0.6593508 0.2750767
vt 0.6539053 0.2760507
vt 0.6484861 0.276901
vt 0.645705 0.2776552
vt 0.668002 0.2728818
vt 0.6621512 0.2740013
vt 0.6566234 0.2750662
vt 0.6511765 0.27604
vt 0.6457084 0.2768905
vt 0.6428264 0.2776447
vt 0.665053 0.2728703
vt 0.6593548 0.2739907
vt 0.6539091 0.2750557
vt 0.6484893 0.2760302
vt 0.662155 0.2728592
vt 0.6566266 0.2739801
vt 0.6511803 0.2750455
vt 0.6593593 0.2728489
vt 0.6539131 0.2739696
vt 0.6566313 0.2728386
vt 0.6457117 0.2760192
vt 0.6484932 0.2750352
vt 0.6511844 0.2739591
vt 0.6539174 0.2728281
vt 0.642913 0.2768795
vt 0.6621605 0.2716593
vt 0.6593636 0.2716487
vt 0.6566358 0.2716379
vt 0.6650571 0.2716703
vt 0.668007 0.2716816
vt 0.6708595 0.2716922
vt 0.6737114 0.2717035
vt 0.6765516 0.2717142
vt 0.6775354 0.01446627
vt 0.6807793 0.01447876
vt 0.6746958 0.01445533
vt 0.6718439 0.01444443
vt 0.6689907 0.01443316
vt 0.6660412 0.01442207
vt 0.6631441 0.01441114
vt 0.660348 0.01440023
vt 0.6576202 0.01439004
vt 0.6549061 0.01437972
vt 0.6539217 0.2716279
vt 0.6521776 0.01436935
vt 0.6511933 0.2716177
vt 0.6494903 0.01435883
vt 0.6511889 0.2728178
vt 0.6485063 0.2716071
vt 0.6467121 0.0143484
vt 0.6484972 0.2739489
vt 0.6485016 0.2728073
vt 0.6457284 0.2715964
vt 0.643917 0.01433738
vt 0.6457156 0.2750246
vt 0.6457194 0.2739379
vt 0.6457242 0.2727966
vt 0.6429325 0.2715857
vt 0.6407642 0.01432551
vt 0.6397805 0.2715735
vt 0.6397755 0.2727739
vt 0.6429282 0.2727858
vt 0.6397714 0.2739154
vt 0.6429241 0.2739272
vt 0.6397675 0.275002
vt 0.6429197 0.2750138
vt 0.6397632 0.2759964
vt 0.6429157 0.2760086
vt 0.6397603 0.2768671
vt 0.6398402 0.2776325
vt 0.6411782 0.2834871
vt 0.6452268 0.2788847
vt 0.6373668 0.2789641
vt 0.6468263 0.2810122
vt 0.6357436 0.2813047
vt 0.6473102 0.283476
vt 0.6353918 0.2840573
vt 0.6467553 0.2859384
vt 0.6362634 0.2866246
vt 0.6452482 0.2879225
vt 0.6381153 0.2885053
vt 0.6430694 0.2891472
vt 0.6405503 0.2893796
vt 0.8507255 0.0298528
vt 0.8507687 0.02910434
vt 0.8500356 0.0287088
vt 0.8499655 0.02991008
vt 0.8477529 0.4720992
vt 0.848512 0.4721644
vt 0.848547 0.4729207
vt 0.8478096 0.4733133
vt 0.8278884 0.4731773
vt 0.8305835 0.03012561
vt 0.8301331 0.02863627
vt 0.828346 0.471701
vt 0.8273841 0.4717107
vt 0.8293793 0.02938913
vt 0.829621 0.03010427
vt 0.8264221 0.4717062
vt 0.8271367 0.4724232
vt 0.8286591 0.03010057
vt 0.8026031 0.02995412
vt 0.8286642 0.02914684
vt 0.8263909 0.4736171
vt 0.8277003 0.4929604
vt 0.8264182 0.4726618
vt 0.8286477 0.02819382
vt 0.8026075 0.02899932
vt 0.8288465 0.008706201
vt 0.8300594 0.008639503
vt 0.8296661 0.007908512
vt 0.8289123 0.007952917
vt 0.802527 0.0087726
vt 0.8024646 0.00801431
vt 0.8026341 0.02804391
vt 0.8013258 0.008701313
vt 0.8017146 0.007970739
vt 0.801137 0.02848409
vt 0.8018886 0.02923797
vt 0.8016415 0.02994995
vt 0.799404 0.471557
vt 0.8003665 0.4715614
vt 0.8003613 0.4725143
vt 0.7996455 0.4722729
vt 0.7984419 0.4715366
vt 0.800679 0.02995931
vt 0.8003773 0.473467
vt 0.7988922 0.4730254
vt 0.7812724 0.02956175
vt 0.781215 0.02834808
vt 0.7804779 0.02874105
vt 0.7805133 0.02949702
vt 0.7782999 0.4718089
vt 0.7790601 0.471752
vt 0.7789898 0.472953
vt 0.7782572 0.472559
vt 0.8001817 0.4929546
vt 0.7989683 0.4930221
vt 0.7993618 0.4937527
vt 0.8001153 0.4937102
vt 0.8264989 0.4928889
vt 0.8265614 0.4936471
vt 0.8273113 0.4936904
vt 0.6765286 0.2777731
vt 0.6797721 0.2777855
vt 0.6797751 0.2770205
vt 0.6765309 0.2770082
vt 0.6736885 0.2777627
vt 0.6797781 0.2761497
vt 0.6736916 0.2769971
vt 0.6708366 0.2777514
vt 0.6765346 0.2761371
vt 0.6797822 0.275155
vt 0.6708399 0.2769862
vt 0.6679831 0.2777403
vt 0.6765385 0.2751423
vt 0.6797862 0.2740686
vt 0.6736946 0.2761261
vt 0.6679862 0.2769753
vt 0.6650346 0.2777294
vt 0.6765426 0.274056
vt 0.6797905 0.272927
vt 0.6736985 0.2751316
vt 0.6708431 0.2761156
vt 0.6650372 0.2769642
vt 0.662137 0.2777184
vt 0.676547 0.2729144
vt 0.6797951 0.2717268
vt 0.6679894 0.2761046
vt 0.6708468 0.2751208
vt 0.6737028 0.2740453
vt 0.6621401 0.2769533
vt 0.6593405 0.2777076
vt 0.6650401 0.2760932
vt 0.6679937 0.2751098
vt 0.6708508 0.2740342
vt 0.673707 0.2729035
vt 0.6593437 0.2769422
vt 0.6566129 0.2776971
vt 0.6621433 0.2760818
vt 0.6650441 0.2750983
vt 0.6679982 0.2740232
vt 0.6566157 0.2769318
vt 0.6538988 0.2776863
vt 0.659347 0.2760714
vt 0.662147 0.2750873
vt 0.6539016 0.2769215
vt 0.65117 0.2776761
vt 0.6566189 0.276061
vt 0.6511733 0.2769112
vt 0.6484831 0.2776656
vt 0.6708556 0.2728929
vt 0.6650485 0.2740119
vt 0.6593508 0.2750767
vt 0.6539053 0.2760507
vt 0.6484861 0.276901
vt 0.645705 0.2776552
vt 0.668002 0.2728818
vt 0.6621512 0.2740013
vt 0.6566234 0.2750662
vt 0.6511765 0.27604
vt 0.6457084 0.2768905
vt 0.6428264 0.2776447
vt 0.665053 0.2728703
vt 0.6593548 0.2739907
vt 0.6539091 0.2750557
vt 0.6484893 0.2760302
vt 0.662155 0.2728592
vt 0.6566266 0.2739801
vt 0.6511803 0.2750455
vt 0.6593593 0.2728489
vt 0.6539131 0.2739696
vt 0.6566313 0.2728386
vt 0.6457117 0.2760192
vt 0.6484932 0.2750352
vt 0.6511844 0.2739591
vt 0.6539174 0.2728281
vt 0.642913 0.2768795
vt 0.6621605 0.2716593
vt 0.6593636 0.2716487
vt 0.6566358 0.2716379
vt 0.6650571 0.2716703
vt 0.668007 0.2716816
vt 0.6708595 0.2716922
vt 0.6737114 0.2717035
vt 0.6765516 0.2717142
vt 0.6775354 0.01446627
vt 0.6807793 0.01447876
vt 0.6746958 0.01445533
vt 0.6718439 0.01444443
vt 0.6689907 0.01443316
vt 0.6660412 0.01442207
vt 0.6631441 0.01441114
vt 0.660348 0.01440023
vt 0.6576202 0.01439004
vt 0.6549061 0.01437972
vt 0.6539217 0.2716279
vt 0.6521776 0.01436935
vt 0.6511933 0.2716177
vt 0.6494903 0.01435883
vt 0.6511889 0.2728178
vt 0.6485063 0.2716071
vt 0.6467121 0.0143484
vt 0.6484972 0.2739489
vt 0.6485016 0.2728073
vt 0.6457284 0.2715964
vt 0.643917 0.01433738
vt 0.6457156 0.2750246
vt 0.6457194 0.2739379
vt 0.6457242 0.2727966
vt 0.6429325 0.2715857
vt 0.6407642 0.01432551
vt 0.6397805 0.2715735
vt 0.6397755 0.2727739
vt 0.6429282 0.2727858
vt 0.6397714 0.2739154
vt 0.6429241 0.2739272
vt 0.6397675 0.275002
vt 0.6429197 0.2750138
vt 0.6397632 0.2759964
vt 0.6429157 0.2760086
vt 0.6397603 0.2768671
vt 0.6398402 0.2776325
vt 0.6411782 0.2834871
vt 0.6452268 0.2788847
vt 0.6373668 0.2789641
vt 0.6468263 0.2810122
vt 0.6357436 0.2813047
vt 0.6473102 0.283476
vt 0.6353918 0.2840573
vt 0.6467553 0.2859384
vt 0.6362634 0.2866246
vt 0.6452482 0.2879225
vt 0.6381153 0.2885053
vt 0.6430694 0.2891472
vt 0.6405503 0.2893796
vt 0.6765286 0.2777731
vt 0.6797721 0.2777855
vt 0.6797751 0.2770205
vt 0.6765309 0.2770082
vt 0.6736885 0.2777627
vt 0.6797781 0.2761497
vt 0.6736916 0.2769971
vt 0.6708366 0.2777514
vt 0.6765346 0.2761371
vt 0.6797822 0.275155
vt 0.6708399 0.2769862
vt 0.6679831 0.2777403
vt 0.6765385 0.2751423
vt 0.6797862 0.2740686
vt 0.6736946 0.2761261
vt 0.6679862 0.2769753
vt 0.6650346 0.2777294
vt 0.6765426 0.274056
vt 0.6797905 0.272927
vt 0.6736985 0.2751316
vt 0.6708431 0.2761156
vt 0.6650372 0.2769642
vt 0.662137 0.2777184
vt 0.676547 0.2729144
vt 0.6797951 0.2717268
vt 0.6679894 0.2761046
vt 0.6708468 0.2751208
vt 0.6737028 0.2740453
vt 0.6621401 0.2769533
vt 0.6593405 0.2777076
vt 0.6650401 0.2760932
vt 0.6679937 0.2751098
vt 0.6708508 0.2740342
vt 0.673707 0.2729035
vt 0.6593437 0.2769422
vt 0.6566129 0.2776971
vt 0.6621433 0.2760818
vt 0.6650441 0.2750983
vt 0.6679982 0.2740232
vt 0.6566157 0.2769318
vt 0.6538988 0.2776863
vt 0.659347 0.2760714
vt 0.662147 0.2750873
vt 0.6539016 0.2769215
vt 0.65117 0.2776761
vt 0.6566189 0.276061
vt 0.6511733 0.2769112
vt 0.6484831 0.2776656
vt 0.6708556 0.2728929
vt 0.6650485 0.2740119
vt 0.6593508 0.2750767
vt 0.6539053 0.2760507
vt 0.6484861 0.276901
vt 0.645705 0.2776552
vt 0.668002 0.2728818
vt 0.6621512 0.2740013
vt 0.6566234 0.2750662
vt 0.6511765 0.27604
vt 0.6457084 0.2768905
vt 0.6428264 0.2776447
vt 0.665053 0.2728703
vt 0.6593548 0.2739907
vt 0.6539091 0.2750557
vt 0.6484893 0.2760302
vt 0.662155 0.2728592
vt 0.6566266 0.2739801
vt 0.6511803 0.2750455
vt 0.6593593 0.2728489
vt 0.6539131 0.2739696
vt 0.6566313 0.2728386
vt 0.6457117 0.2760192
vt 0.6484932 0.2750352
vt 0.6511844 0.2739591
vt 0.6539174 0.2728281
vt 0.642913 0.2768795
vt 0.6621605 0.2716593
vt 0.6593636 0.2716487
vt 0.6566358 0.2716379
vt 0.6650571 0.2716703
vt 0.668007 0.2716816
vt 0.6708595 0.2716922
vt 0.6737114 0.2717035
vt 0.6765516 0.2717142
vt 0.6775354 0.01446627
vt 0.6807793 0.01447876
vt 0.6746958 0.01445533
vt 0.6718439 0.01444443
vt 0.6689907 0.01443316
vt 0.6660412 0.01442207
vt 0.6631441 0.01441114
vt 0.660348 0.01440023
vt 0.6576202 0.01439004
vt 0.6549061 0.01437972
vt 0.6539217 0.2716279
vt 0.6521776 0.01436935
vt 0.6511933 0.2716177
vt 0.6494903 0.01435883
vt 0.6511889 0.2728178
vt 0.6485063 0.2716071
vt 0.6467121 0.0143484
vt 0.6484972 0.2739489
vt 0.6485016 0.2728073
vt 0.6457284 0.2715964
vt 0.643917 0.01433738
vt 0.6457156 0.2750246
vt 0.6457194 0.2739379
vt 0.6457242 0.2727966
vt 0.6429325 0.2715857
vt 0.6407642 0.01432551
vt 0.6397805 0.2715735
vt 0.6397755 0.2727739
vt 0.6429282 0.2727858
vt 0.6397714 0.2739154
vt 0.6429241 0.2739272
vt 0.6397675 0.275002
vt 0.6429197 0.2750138
vt 0.6397632 0.2759964
vt 0.6429157 0.2760086
vt 0.6397603 0.2768671
vt 0.6398402 0.2776325
vt 0.6411782 0.2834871
vt 0.6452268 0.2788847
vt 0.6373668 0.2789641
vt 0.6468263 0.2810122
vt 0.6357436 0.2813047
vt 0.6473102 0.283476
vt 0.6353918 0.2840573
vt 0.6467553 0.2859384
vt 0.6362634 0.2866246
vt 0.6452482 0.2879225
vt 0.6381153 0.2885053
vt 0.6430694 0.2891472
vt 0.6405503 0.2893796
vt 0.6765286 0.2777731
vt 0.6797721 0.2777855
vt 0.6797751 0.2770205
vt 0.6765309 0.2770082
vt 0.6736885 0.2777627
vt 0.6797781 0.2761497
vt 0.6736916 0.2769971
vt 0.6708366 0.2777514
vt 0.6765346 0.2761371
vt 0.6797822 0.275155
vt 0.6708399 0.2769862
vt 0.6679831 0.2777403
vt 0.6765385 0.2751423
vt 0.6797862 0.2740686
vt 0.6736946 0.2761261
vt 0.6679862 0.2769753
vt 0.6650346 0.2777294
vt 0.6765426 0.274056
vt 0.6797905 0.272927
vt 0.6736985 0.2751316
vt 0.6708431 0.2761156
vt 0.6650372 0.2769642
vt 0.662137 0.2777184
vt 0.676547 0.2729144
vt 0.6797951 0.2717268
vt 0.6679894 0.2761046
vt 0.6708468 0.2751208
vt 0.6737028 0.2740453
vt 0.6621401 0.2769533
vt 0.6593405 0.2777076
vt 0.6650401 0.2760932
vt 0.6679937 0.2751098
vt 0.6708508 0.2740342
vt 0.673707 0.2729035
vt 0.6593437 0.2769422
vt 0.6566129 0.2776971
vt 0.6621433 0.2760818
vt 0.6650441 0.2750983
vt 0.6679982 0.2740232
vt 0.6566157 0.2769318
vt 0.6538988 0.2776863
vt 0.659347 0.2760714
vt 0.662147 0.2750873
vt 0.6539016 0.2769215
vt 0.65117 0.2776761
vt 0.6566189 0.276061
vt 0.6511733 0.2769112
vt 0.6484831 0.2776656
vt 0.6708556 0.2728929
vt 0.6650485 0.2740119
vt 0.6593508 0.2750767
vt 0.6539053 0.2760507
vt 0.6484861 0.276901
vt 0.645705 0.2776552
vt 0.668002 0.2728818
vt 0.6621512 0.2740013
vt 0.6566234 0.2750662
vt 0.6511765 0.27604
vt 0.6457084 0.2768905
vt 0.6428264 0.2776447
vt 0.665053 0.2728703
vt 0.6593548 0.2739907
vt 0.6539091 0.2750557
vt 0.6484893 0.2760302
vt 0.662155 0.2728592
vt 0.6566266 0.2739801
vt 0.6511803 0.2750455
vt 0.6593593 0.2728489
vt 0.6539131 0.2739696
vt 0.6566313 0.2728386
vt 0.6457117 0.2760192
vt 0.6484932 0.2750352
vt 0.6511844 0.2739591
vt 0.6539174 0.2728281
vt 0.642913 0.2768795
vt 0.6621605 0.2716593
vt 0.6593636 0.2716487
vt 0.6566358 0.2716379
vt 0.6650571 0.2716703
vt 0.668007 0.2716816
vt 0.6708595 0.2716922
vt 0.6737114 0.2717035
vt 0.6765516 0.2717142
vt 0.6775354 0.01446627
vt 0.6807793 0.01447876
vt 0.6746958 0.01445533
vt 0.6718439 0.01444443
vt 0.6689907 0.01443316
vt 0.6660412 0.01442207
vt 0.6631441 0.01441114
vt 0.660348 0.01440023
vt 0.6576202 0.01439004
vt 0.6549061 0.01437972
vt 0.6539217 0.2716279
vt 0.6521776 0.01436935
vt 0.6511933 0.2716177
vt 0.6494903 0.01435883
vt 0.6511889 0.2728178
vt 0.6485063 0.2716071
vt 0.6467121 0.0143484
vt 0.6484972 0.2739489
vt 0.6485016 0.2728073
vt 0.6457284 0.2715964
vt 0.643917 0.01433738
vt 0.6457156 0.2750246
vt 0.6457194 0.2739379
vt 0.6457242 0.2727966
vt 0.6429325 0.2715857
vt 0.6407642 0.01432551
vt 0.6397805 0.2715735
vt 0.6397755 0.2727739
vt 0.6429282 0.2727858
vt 0.6397714 0.2739154
vt 0.6429241 0.2739272
vt 0.6397675 0.275002
vt 0.6429197 0.2750138
vt 0.6397632 0.2759964
vt 0.6429157 0.2760086
vt 0.6397603 0.2768671
vt 0.6398402 0.2776325
vt 0.6411782 0.2834871
vt 0.6452268 0.2788847
vt 0.6373668 0.2789641
vt 0.6468263 0.2810122
vt 0.6357436 0.2813047
vt 0.6473102 0.283476
vt 0.6353918 0.2840573
vt 0.6467553 0.2859384
vt 0.6362634 0.2866246
vt 0.6452482 0.2879225
vt 0.6381153 0.2885053
vt 0.6430694 0.2891472
vt 0.6405503 0.2893796
vt 0.6765286 0.2777731
vt 0.6797721 0.2777855
vt 0.6797751 0.2770205
vt 0.6765309 0.2770082
vt 0.6736885 0.2777627
vt 0.6797781 0.2761497
vt 0.6736916 0.2769971
vt 0.6708366 0.2777514
vt 0.6765346 0.2761371
vt 0.6797822 0.275155
vt 0.6708399 0.2769862
vt 0.6679831 0.2777403
vt 0.6765385 0.2751423
vt 0.6797862 0.2740686
vt 0.6736946 0.2761261
vt 0.6679862 0.2769753
vt 0.6650346 0.2777294
vt 0.6765426 0.274056
vt 0.6797905 0.272927
vt 0.6736985 0.2751316
vt 0.6708431 0.2761156
vt 0.6650372 0.2769642
vt 0.662137 0.2777184
vt 0.676547 0.2729144
vt 0.6797951 0.2717268
vt 0.6679894 0.2761046
vt 0.6708468 0.2751208
vt 0.6737028 0.2740453
vt 0.6621401 0.2769533
vt 0.6593405 0.2777076
vt 0.6650401 0.2760932
vt 0.6679937 0.2751098
vt 0.6708508 0.2740342
vt 0.673707 0.2729035
vt 0.6593437 0.2769422
vt 0.6566129 0.2776971
vt 0.6621433 0.2760818
vt 0.6650441 0.2750983
vt 0.6679982 0.2740232
vt 0.6566157 0.2769318
vt 0.6538988 0.2776863
vt 0.659347 0.2760714
vt 0.662147 0.2750873
vt 0.6539016 0.2769215
vt 0.65117 0.2776761
vt 0.6566189 0.276061
vt 0.6511733 0.2769112
vt 0.6484831 0.2776656
vt 0.6708556 0.2728929
vt 0.6650485 0.2740119
vt 0.6593508 0.2750767
vt 0.6539053 0.2760507
vt 0.6484861 0.276901
vt 0.645705 0.2776552
vt 0.668002 0.2728818
vt 0.6621512 0.2740013
vt 0.6566234 0.2750662
vt 0.6511765 0.27604
vt 0.6457084 0.2768905
vt 0.6428264 0.2776447
vt 0.665053 0.2728703
vt 0.6593548 0.2739907
vt 0.6539091 0.2750557
vt 0.6484893 0.2760302
vt 0.662155 0.2728592
vt 0.6566266 0.2739801
vt 0.6511803 0.2750455
vt 0.6593593 0.2728489
vt 0.6539131 0.2739696
vt 0.6566313 0.2728386
vt 0.6457117 0.2760192
vt 0.6484932 0.2750352
vt 0.6511844 0.2739591
vt 0.6539174 0.2728281
vt 0.642913 0.2768795
vt 0.6621605 0.2716593
vt 0.6593636 0.2716487
vt 0.6566358 0.2716379
vt 0.6650571 0.2716703
vt 0.668007 0.2716816
vt 0.6708595 0.2716922
vt 0.6737114 0.2717035
vt 0.6765516 0.2717142
vt 0.6775354 0.01446627
vt 0.6807793 0.01447876
vt 0.6746958 0.01445533
vt 0.6718439 0.01444443
vt 0.6689907 0.01443316
vt 0.6660412 0.01442207
vt 0.6631441 0.01441114
vt 0.660348 0.01440023
vt 0.6576202 0.01439004
vt 0.6549061 0.01437972
vt 0.6539217 0.2716279
vt 0.6521776 0.01436935
vt 0.6511933 0.2716177
vt 0.6494903 0.01435883
vt 0.6511889 0.2728178
vt 0.6485063 0.2716071
vt 0.6467121 0.0143484
vt 0.6484972 0.2739489
vt 0.6485016 0.2728073
vt 0.6457284 0.2715964
vt 0.643917 0.01433738
vt 0.6457156 0.2750246
vt 0.6457194 0.2739379
vt 0.6457242 0.2727966
vt 0.6429325 0.2715857
vt 0.6407642 0.01432551
vt 0.6397805 0.2715735
vt 0.6397755 0.2727739
vt 0.6429282 0.2727858
vt 0.6397714 0.2739154
vt 0.6429241 0.2739272
vt 0.6397675 0.275002
vt 0.6429197 0.2750138
vt 0.6397632 0.2759964
vt 0.6429157 0.2760086
vt 0.6397603 0.2768671
vt 0.6398402 0.2776325
vt 0.6411782 0.2834871
vt 0.6452268 0.2788847
vt 0.6373668 0.2789641
vt 0.6468263 0.2810122
vt 0.6357436 0.2813047
vt 0.6473102 0.283476
vt 0.6353918 0.2840573
vt 0.6467553 0.2859384
vt 0.6362634 0.2866246
vt 0.6452482 0.2879225
vt 0.6381153 0.2885053
vt 0.6430694 0.2891472
vt 0.6405503 0.2893796
vt 0.6765286 0.2777731
vt 0.6797721 0.2777855
vt 0.6797751 0.2770205
vt 0.6765309 0.2770082
vt 0.6736885 0.2777627
vt 0.6797781 0.2761497
vt 0.6736916 0.2769971
vt 0.6708366 0.2777514
vt 0.6765346 0.2761371
vt 0.6797822 0.275155
vt 0.6708399 0.2769862
vt 0.6679831 0.2777403
vt 0.6765385 0.2751423
vt 0.6797862 0.2740686
vt 0.6736946 0.2761261
vt 0.6679862 0.2769753
vt 0.6650346 0.2777294
vt 0.6765426 0.274056
vt 0.6797905 0.272927
vt 0.6736985 0.2751316
vt 0.6708431 0.2761156
vt 0.6650372 0.2769642
vt 0.662137 0.2777184
vt 0.676547 0.2729144
vt 0.6797951 0.2717268
vt 0.6679894 0.2761046
vt 0.6708468 0.2751208
vt 0.6737028 0.2740453
vt 0.6621401 0.2769533
vt 0.6593405 0.2777076
vt 0.6650401 0.2760932
vt 0.6679937 0.2751098
vt 0.6708508 0.2740342
vt 0.673707 0.2729035
vt 0.6593437 0.2769422
vt 0.6566129 0.2776971
vt 0.6621433 0.2760818
vt 0.6650441 0.2750983
vt 0.6679982 0.2740232
vt 0.6566157 0.2769318
vt 0.6538988 0.2776863
vt 0.659347 0.2760714
vt 0.662147 0.2750873
vt 0.6539016 0.2769215
vt 0.65117 0.2776761
vt 0.6566189 0.276061
vt 0.6511733 0.2769112
vt 0.6484831 0.2776656
vt 0.6708556 0.2728929
vt 0.6650485 0.2740119
vt 0.6593508 0.2750767
vt 0.6539053 0.2760507
vt 0.6484861 0.276901
vt 0.645705 0.2776552
vt 0.668002 0.2728818
vt 0.6621512 0.2740013
vt 0.6566234 0.2750662
vt 0.6511765 0.27604
vt 0.6457084 0.2768905
vt 0.6428264 0.2776447
vt 0.665053 0.2728703
vt 0.6593548 0.2739907
vt 0.6539091 0.2750557
vt 0.6484893 0.2760302
vt 0.662155 0.2728592
vt 0.6566266 0.2739801
vt 0.6511803 0.2750455
vt 0.6593593 0.2728489
vt 0.6539131 0.2739696
vt 0.6566313 0.2728386
vt 0.6457117 0.2760192
vt 0.6484932 0.2750352
vt 0.6511844 0.2739591
vt 0.6539174 0.2728281
vt 0.642913 0.2768795
vt 0.6621605 0.2716593
vt 0.6593636 0.2716487
vt 0.6566358 0.2716379
vt 0.6650571 0.2716703
vt 0.668007 0.2716816
vt 0.6708595 0.2716922
vt 0.6737114 0.2717035
vt 0.6765516 0.2717142
vt 0.6775354 0.01446627
vt 0.6807793 0.01447876
vt 0.6746958 0.01445533
vt 0.6718439 0.01444443
vt 0.6689907 0.01443316
vt 0.6660412 0.01442207
vt 0.6631441 0.01441114
vt 0.660348 0.01440023
vt 0.6576202 0.01439004
vt 0.6549061 0.01437972
vt 0.6539217 0.2716279
vt 0.6521776 0.01436935
vt 0.6511933 0.2716177
vt 0.6494903 0.01435883
vt 0.6511889 0.2728178
vt 0.6485063 0.2716071
vt 0.6467121 0.0143484
vt 0.6484972 0.2739489
vt 0.6485016 0.2728073
vt 0.6457284 0.2715964
vt 0.643917 0.01433738
vt 0.6457156 0.2750246
vt 0.6457194 0.2739379
vt 0.6457242 0.2727966
vt 0.6429325 0.2715857
vt 0.6407642 0.01432551
vt 0.6397805 0.2715735
vt 0.6397755 0.2727739
vt 0.6429282 0.2727858
vt 0.6397714 0.2739154
vt 0.6429241 0.2739272
vt 0.6397675 0.275002
vt 0.6429197 0.2750138
vt 0.6397632 0.2759964
vt 0.6429157 0.2760086
vt 0.6397603 0.2768671
vt 0.6398402 0.2776325
vt 0.6411782 0.2834871
vt 0.6452268 0.2788847
vt 0.6373668 0.2789641
vt 0.6468263 0.2810122
vt 0.6357436 0.2813047
vt 0.6473102 0.283476
vt 0.6353918 0.2840573
vt 0.6467553 0.2859384
vt 0.6362634 0.2866246
vt 0.6452482 0.2879225
vt 0.6381153 0.2885053
vt 0.6430694 0.2891472
vt 0.6405503 0.2893796
vt 0.6765286 0.2777731
vt 0.6797721 0.2777855
vt 0.6797751 0.2770205
vt 0.6765309 0.2770082
vt 0.6736885 0.2777627
vt 0.6797781 0.2761497
vt 0.6736916 0.2769971
vt 0.6708366 0.2777514
vt 0.6765346 0.2761371
vt 0.6797822 0.275155
vt 0.6708399 0.2769862
vt 0.6679831 0.2777403
vt 0.6765385 0.2751423
vt 0.6797862 0.2740686
vt 0.6736946 0.2761261
vt 0.6679862 0.2769753
vt 0.6650346 0.2777294
vt 0.6765426 0.274056
vt 0.6797905 0.272927
vt 0.6736985 0.2751316
vt 0.6708431 0.2761156
vt 0.6650372 0.2769642
vt 0.662137 0.2777184
vt 0.676547 0.2729144
vt 0.6797951 0.2717268
vt 0.6679894 0.2761046
vt 0.6708468 0.2751208
vt 0.6737028 0.2740453
vt 0.6621401 0.2769533
vt 0.6593405 0.2777076
vt 0.6650401 0.2760932
vt 0.6679937 0.2751098
vt 0.6708508 0.2740342
vt 0.673707 0.2729035
vt 0.6593437 0.2769422
vt 0.6566129 0.2776971
vt 0.6621433 0.2760818
vt 0.6650441 0.2750983
vt 0.6679982 0.2740232
vt 0.6566157 0.2769318
vt 0.6538988 0.2776863
vt 0.659347 0.2760714
vt 0.662147 0.2750873
vt 0.6539016 0.2769215
vt 0.65117 0.2776761
vt 0.6566189 0.276061
vt 0.6511733 0.2769112
vt 0.6484831 0.2776656
vt 0.6708556 0.2728929
vt 0.6650485 0.2740119
vt 0.6593508 0.2750767
vt 0.6539053 0.2760507
vt 0.6484861 0.276901
vt 0.645705 0.2776552
vt 0.668002 0.2728818
vt 0.6621512 0.2740013
vt 0.6566234 0.2750662
vt 0.6511765 0.27604
vt 0.6457084 0.2768905
vt 0.6428264 0.2776447
vt 0.665053 0.2728703
vt 0.6593548 0.2739907
vt 0.6539091 0.2750557
vt 0.6484893 0.2760302
vt 0.662155 0.2728592
vt 0.6566266 0.2739801
vt 0.6511803 0.2750455
vt 0.6593593 0.2728489
vt 0.6539131 0.2739696
vt 0.6566313 0.2728386
vt 0.6457117 0.2760192
vt 0.6484932 0.2750352
vt 0.6511844 0.2739591
vt 0.6539174 0.2728281
vt 0.642913 0.2768795
vt 0.6621605 0.2716593
vt 0.6593636 0.2716487
vt 0.6566358 0.2716379
vt 0.6650571 0.2716703
vt 0.668007 0.2716816
vt 0.6708595 0.2716922
vt 0.6737114 0.2717035
vt 0.6765516 0.2717142
vt 0.6775354 0.01446627
vt 0.6807793 0.01447876
vt 0.6746958 0.01445533
vt 0.6718439 0.01444443
vt 0.6689907 0.01443316
vt 0.6660412 0.01442207
vt 0.6631441 0.01441114
vt 0.660348 0.01440023
vt 0.6576202 0.01439004
vt 0.6549061 0.01437972
vt 0.6539217 0.2716279
vt 0.6521776 0.01436935
vt 0.6511933 0.2716177
vt 0.6494903 0.01435883
vt 0.6511889 0.2728178
vt 0.6485063 0.2716071
vt 0.6467121 0.0143484
vt 0.6484972 0.2739489
vt 0.6485016 0.2728073
vt 0.6457284 0.2715964
vt 0.643917 0.01433738
vt 0.6457156 0.2750246
vt 0.6457194 0.2739379
vt 0.6457242 0.2727966
vt 0.6429325 0.2715857
vt 0.6407642 0.01432551
vt 0.6397805 0.2715735
vt 0.6397755 0.2727739
vt 0.6429282 0.2727858
vt 0.6397714 0.2739154
vt 0.6429241 0.2739272
vt 0.6397675 0.275002
vt 0.6429197 0.2750138
vt 0.6397632 0.2759964
vt 0.6429157 0.2760086
vt 0.6397603 0.2768671
vt 0.6398402 0.2776325
vt 0.6411782 0.2834871
vt 0.6452268 0.2788847
vt 0.6373668 0.2789641
vt 0.6468263 0.2810122
vt 0.6357436 0.2813047
vt 0.6473102 0.283476
vt 0.6353918 0.2840573
vt 0.6467553 0.2859384
vt 0.6362634 0.2866246
vt 0.6452482 0.2879225
vt 0.6381153 0.2885053
vt 0.6430694 0.2891472
vt 0.6405503 0.2893796
vt 0.6765286 0.2777731
vt 0.6797721 0.2777855
vt 0.6797751 0.2770205
vt 0.6765309 0.2770082
vt 0.6736885 0.2777627
vt 0.6797781 0.2761497
vt 0.6736916 0.2769971
vt 0.6708366 0.2777514
vt 0.6765346 0.2761371
vt 0.6797822 0.275155
vt 0.6708399 0.2769862
vt 0.6679831 0.2777403
vt 0.6765385 0.2751423
vt 0.6797862 0.2740686
vt 0.6736946 0.2761261
vt 0.6679862 0.2769753
vt 0.6650346 0.2777294
vt 0.6765426 0.274056
vt 0.6797905 0.272927
vt 0.6736985 0.2751316
vt 0.6708431 0.2761156
vt 0.6650372 0.2769642
vt 0.662137 0.2777184
vt 0.676547 0.2729144
vt 0.6797951 0.2717268
vt 0.6679894 0.2761046
vt 0.6708468 0.2751208
vt 0.6737028 0.2740453
vt 0.6621401 0.2769533
vt 0.6593405 0.2777076
vt 0.6650401 0.2760932
vt 0.6679937 0.2751098
vt 0.6708508 0.2740342
vt 0.673707 0.2729035
vt 0.6593437 0.2769422
vt 0.6566129 0.2776971
vt 0.6621433 0.2760818
vt 0.6650441 0.2750983
vt 0.6679982 0.2740232
vt 0.6566157 0.2769318
vt 0.6538988 0.2776863
vt 0.659347 0.2760714
vt 0.662147 0.2750873
vt 0.6539016 0.2769215
vt 0.65117 0.2776761
vt 0.6566189 0.276061
vt 0.6511733 0.2769112
vt 0.6484831 0.2776656
vt 0.6708556 0.2728929
vt 0.6650485 0.2740119
vt 0.6593508 0.2750767
vt 0.6539053 0.2760507
vt 0.6484861 0.276901
vt 0.645705 0.2776552
vt 0.668002 0.2728818
vt 0.6621512 0.2740013
vt 0.6566234 0.2750662
vt 0.6511765 0.27604
vt 0.6457084 0.2768905
vt 0.6428264 0.2776447
vt 0.665053 0.2728703
vt 0.6593548 0.2739907
vt 0.6539091 0.2750557
vt 0.6484893 0.2760302
vt 0.662155 0.2728592
vt 0.6566266 0.2739801
vt 0.6511803 0.2750455
vt 0.6593593 0.2728489
vt 0.6539131 0.2739696
vt 0.6566313 0.2728386
vt 0.6457117 0.2760192
vt 0.6484932 0.2750352
vt 0.6511844 0.2739591
vt 0.6539174 0.2728281
vt 0.642913 0.2768795
vt 0.6621605 0.2716593
vt 0.6593636 0.2716487
vt 0.6566358 0.2716379
vt 0.6650571 0.2716703
vt 0.668007 0.2716816
vt 0.6708595 0.2716922
vt 0.6737114 0.2717035
vt 0.6765516 0.2717142
vt 0.6775354 0.01446627
vt 0.6807793 0.01447876
vt 0.6746958 0.01445533
vt 0.6718439 0.01444443
vt 0.6689907 0.01443316
vt 0.6660412 0.01442207
vt 0.6631441 0.01441114
vt 0.660348 0.01440023
vt 0.6576202 0.01439004
vt 0.6549061 0.01437972
vt 0.6539217 0.2716279
vt 0.6521776 0.01436935
vt 0.6511933 0.2716177
vt 0.6494903 0.01435883
vt 0.6511889 0.2728178
vt 0.6485063 0.2716071
vt 0.6467121 0.0143484
vt 0.6484972 0.2739489
vt 0.6485016 0.2728073
vt 0.6457284 0.2715964
vt 0.643917 0.01433738
vt 0.6457156 0.2750246
vt 0.6457194 0.2739379
vt 0.6457242 0.2727966
vt 0.6429325 0.2715857
vt 0.6407642 0.01432551
vt 0.6397805 0.2715735
vt 0.6397755 0.2727739
vt 0.6429282 0.2727858
vt 0.6397714 0.2739154
vt 0.6429241 0.2739272
vt 0.6397675 0.275002
vt 0.6429197 0.2750138
vt 0.6397632 0.2759964
vt 0.6429157 0.2760086
vt 0.6397603 0.2768671
vt 0.6398402 0.2776325
vt 0.6411782 0.2834871
vt 0.6452268 0.2788847
vt 0.6373668 0.2789641
vt 0.6468263 0.2810122
vt 0.6357436 0.2813047
vt 0.6473102 0.283476
vt 0.6353918 0.2840573
vt 0.6467553 0.2859384
vt 0.6362634 0.2866246
vt 0.6452482 0.2879225
vt 0.6381153 0.2885053
vt 0.6430694 0.2891472
vt 0.6405503 0.2893796
vt 0.6765286 0.2777731
vt 0.6797721 0.2777855
vt 0.6797751 0.2770205
vt 0.6765309 0.2770082
vt 0.6736885 0.2777627
vt 0.6797781 0.2761497
vt 0.6736916 0.2769971
vt 0.6708366 0.2777514
vt 0.6765346 0.2761371
vt 0.6797822 0.275155
vt 0.6708399 0.2769862
vt 0.6679831 0.2777403
vt 0.6765385 0.2751423
vt 0.6797862 0.2740686
vt 0.6736946 0.2761261
vt 0.6679862 0.2769753
vt 0.6650346 0.2777294
vt 0.6765426 0.274056
vt 0.6797905 0.272927
vt 0.6736985 0.2751316
vt 0.6708431 0.2761156
vt 0.6650372 0.2769642
vt 0.662137 0.2777184
vt 0.676547 0.2729144
vt 0.6797951 0.2717268
vt 0.6679894 0.2761046
vt 0.6708468 0.2751208
vt 0.6737028 0.2740453
vt 0.6621401 0.2769533
vt 0.6593405 0.2777076
vt 0.6650401 0.2760932
vt 0.6679937 0.2751098
vt 0.6708508 0.2740342
vt 0.673707 0.2729035
vt 0.6593437 0.2769422
vt 0.6566129 0.2776971
vt 0.6621433 0.2760818
vt 0.6650441 0.2750983
vt 0.6679982 0.2740232
vt 0.6566157 0.2769318
vt 0.6538988 0.2776863
vt 0.659347 0.2760714
vt 0.662147 0.2750873
vt 0.6539016 0.2769215
vt 0.65117 0.2776761
vt 0.6566189 0.276061
vt 0.6511733 0.2769112
vt 0.6484831 0.2776656
vt 0.6708556 0.2728929
vt 0.6650485 0.2740119
vt 0.6593508 0.2750767
vt 0.6539053 0.2760507
vt 0.6484861 0.276901
vt 0.645705 0.2776552
vt 0.668002 0.2728818
vt 0.6621512 0.2740013
vt 0.6566234 0.2750662
vt 0.6511765 0.27604
vt 0.6457084 0.2768905
vt 0.6428264 0.2776447
vt 0.665053 0.2728703
vt 0.6593548 0.2739907
vt 0.6539091 0.2750557
vt 0.6484893 0.2760302
vt 0.662155 0.2728592
vt 0.6566266 0.2739801
vt 0.6511803 0.2750455
vt 0.6593593 0.2728489
vt 0.6539131 0.2739696
vt 0.6566313 0.2728386
vt 0.6457117 0.2760192
vt 0.6484932 0.2750352
vt 0.6511844 0.2739591
vt 0.6539174 0.2728281
vt 0.642913 0.2768795
vt 0.6621605 0.2716593
vt 0.6593636 0.2716487
vt 0.6566358 0.2716379
vt 0.6650571 0.2716703
vt 0.668007 0.2716816
vt 0.6708595 0.2716922
vt 0.6737114 0.2717035
vt 0.6765516 0.2717142
vt 0.6775354 0.01446627
vt 0.6807793 0.01447876
vt 0.6746958 0.01445533
vt 0.6718439 0.01444443
vt 0.6689907 0.01443316
vt 0.6660412 0.01442207
vt 0.6631441 0.01441114
vt 0.660348 0.01440023
vt 0.6576202 0.01439004
vt 0.6549061 0.01437972
vt 0.6539217 0.2716279
vt 0.6521776 0.01436935
vt 0.6511933 0.2716177
vt 0.6494903 0.01435883
vt 0.6511889 0.2728178
vt 0.6485063 0.2716071
vt 0.6467121 0.0143484
vt 0.6484972 0.2739489
vt 0.6485016 0.2728073
vt 0.6457284 0.2715964
vt 0.643917 0.01433738
vt 0.6457156 0.2750246
vt 0.6457194 0.2739379
vt 0.6457242 0.2727966
vt 0.6429325 0.2715857
vt 0.6407642 0.01432551
vt 0.6397805 0.2715735
vt 0.6397755 0.2727739
vt 0.6429282 0.2727858
vt 0.6397714 0.2739154
vt 0.6429241 0.2739272
vt 0.6397675 0.275002
vt 0.6429197 0.2750138
vt 0.6397632 0.2759964
vt 0.6429157 0.2760086
vt 0.6397603 0.2768671
vt 0.6398402 0.2776325
vt 0.6411782 0.2834871
vt 0.6452268 0.2788847
vt 0.6373668 0.2789641
vt 0.6468263 0.2810122
vt 0.6357436 0.2813047
vt 0.6473102 0.283476
vt 0.6353918 0.2840573
vt 0.6467553 0.2859384
vt 0.6362634 0.2866246
vt 0.6452482 0.2879225
vt 0.6381153 0.2885053
vt 0.6430694 0.2891472
vt 0.6405503 0.2893796
vt 0.6765286 0.2777731
vt 0.6797721 0.2777855
vt 0.6797751 0.2770205
vt 0.6765309 0.2770082
vt 0.6736885 0.2777627
vt 0.6797781 0.2761497
vt 0.6736916 0.2769971
vt 0.6708366 0.2777514
vt 0.6765346 0.2761371
vt 0.6797822 0.275155
vt 0.6708399 0.2769862
vt 0.6679831 0.2777403
vt 0.6765385 0.2751423
vt 0.6797862 0.2740686
vt 0.6736946 0.2761261
vt 0.6679862 0.2769753
vt 0.6650346 0.2777294
vt 0.6765426 0.274056
vt 0.6797905 0.272927
vt 0.6736985 0.2751316
vt 0.6708431 0.2761156
vt 0.6650372 0.2769642
vt 0.662137 0.2777184
vt 0.676547 0.2729144
vt 0.6797951 0.2717268
vt 0.6679894 0.2761046
vt 0.6708468 0.2751208
vt 0.6737028 0.2740453
vt 0.6621401 0.2769533
vt 0.6593405 0.2777076
vt 0.6650401 0.2760932
vt 0.6679937 0.2751098
vt 0.6708508 0.2740342
vt 0.673707 0.2729035
vt 0.6593437 0.2769422
vt 0.6566129 0.2776971
vt 0.6621433 0.2760818
vt 0.6650441 0.2750983
vt 0.6679982 0.2740232
vt 0.6566157 0.2769318
vt 0.6538988 0.2776863
vt 0.659347 0.2760714
vt 0.662147 0.2750873
vt 0.6539016 0.2769215
vt 0.65117 0.2776761
vt 0.6566189 0.276061
vt 0.6511733 0.2769112
vt 0.6484831 0.2776656
vt 0.6708556 0.2728929
vt 0.6650485 0.2740119
vt 0.6593508 0.2750767
vt 0.6539053 0.2760507
vt 0.6484861 0.276901
vt 0.645705 0.2776552
vt 0.668002 0.2728818
vt 0.6621512 0.2740013
vt 0.6566234 0.2750662
vt 0.6511765 0.27604
vt 0.6457084 0.2768905
vt 0.6428264 0.2776447
vt 0.665053 0.2728703
vt 0.6593548 0.2739907
vt 0.6539091 0.2750557
vt 0.6484893 0.2760302
vt 0.662155 0.2728592
vt 0.6566266 0.2739801
vt 0.6511803 0.2750455
vt 0.6593593 0.2728489
vt 0.6539131 0.2739696
vt 0.6566313 0.2728386
vt 0.6457117 0.2760192
vt 0.6484932 0.2750352
vt 0.6511844 0.2739591
vt 0.6539174 0.2728281
vt 0.642913 0.2768795
vt 0.6621605 0.2716593
vt 0.6593636 0.2716487
vt 0.6566358 0.2716379
vt 0.6650571 0.2716703
vt 0.668007 0.2716816
vt 0.6708595 0.2716922
vt 0.6737114 0.2717035
vt 0.6765516 0.2717142
vt 0.6775354 0.01446627
vt 0.6807793 0.01447876
vt 0.6746958 0.01445533
vt 0.6718439 0.01444443
vt 0.6689907 0.01443316
vt 0.6660412 0.01442207
vt 0.6631441 0.01441114
vt 0.660348 0.01440023
vt 0.6576202 0.01439004
vt 0.6549061 0.01437972
vt 0.6539217 0.2716279
vt 0.6521776 0.01436935
vt 0.6511933 0.2716177
vt 0.6494903 0.01435883
vt 0.6511889 0.2728178
vt 0.6485063 0.2716071
vt 0.6467121 0.0143484
vt 0.6484972 0.2739489
vt 0.6485016 0.2728073
vt 0.6457284 0.2715964
vt 0.643917 0.01433738
vt 0.6457156 0.2750246
vt 0.6457194 0.2739379
vt 0.6457242 0.2727966
vt 0.6429325 0.2715857
vt 0.6407642 0.01432551
vt 0.6397805 0.2715735
vt 0.6397755 0.2727739
vt 0.6429282 0.2727858
vt 0.6397714 0.2739154
vt 0.6429241 0.2739272
vt 0.6397675 0.275002
vt 0.6429197 0.2750138
vt 0.6397632 0.2759964
vt 0.6429157 0.2760086
vt 0.6397603 0.2768671
vt 0.6398402 0.2776325
vt 0.6411782 0.2834871
vt 0.6452268 0.2788847
vt 0.6373668 0.2789641
vt 0.6468263 0.2810122
vt 0.6357436 0.2813047
vt 0.6473102 0.283476
vt 0.6353918 0.2840573
vt 0.6467553 0.2859384
vt 0.6362634 0.2866246
vt 0.6452482 0.2879225
vt 0.6381153 0.2885053
vt 0.6430694 0.2891472
vt 0.6405503 0.2893796
vt 0.6765286 0.2777731
vt 0.6797721 0.2777855
vt 0.6797751 0.2770205
vt 0.6765309 0.2770082
vt 0.6736885 0.2777627
vt 0.6797781 0.2761497
vt 0.6736916 0.2769971
vt 0.6708366 0.2777514
vt 0.6765346 0.2761371
vt 0.6797822 0.275155
vt 0.6708399 0.2769862
vt 0.6679831 0.2777403
vt 0.6765385 0.2751423
vt 0.6797862 0.2740686
vt 0.6736946 0.2761261
vt 0.6679862 0.2769753
vt 0.6650346 0.2777294
vt 0.6765426 0.274056
vt 0.6797905 0.272927
vt 0.6736985 0.2751316
vt 0.6708431 0.2761156
vt 0.6650372 0.2769642
vt 0.662137 0.2777184
vt 0.676547 0.2729144
vt 0.6797951 0.2717268
vt 0.6679894 0.2761046
vt 0.6708468 0.2751208
vt 0.6737028 0.2740453
vt 0.6621401 0.2769533
vt 0.6593405 0.2777076
vt 0.6650401 0.2760932
vt 0.6679937 0.2751098
vt 0.6708508 0.2740342
vt 0.673707 0.2729035
vt 0.6593437 0.2769422
vt 0.6566129 0.2776971
vt 0.6621433 0.2760818
vt 0.6650441 0.2750983
vt 0.6679982 0.2740232
vt 0.6566157 0.2769318
vt 0.6538988 0.2776863
vt 0.659347 0.2760714
vt 0.662147 0.2750873
vt 0.6539016 0.2769215
vt 0.65117 0.2776761
vt 0.6566189 0.276061
vt 0.6511733 0.2769112
vt 0.6484831 0.2776656
vt 0.6708556 0.2728929
vt 0.6650485 0.2740119
vt 0.6593508 0.2750767
vt 0.6539053 0.2760507
vt 0.6484861 0.276901
vt 0.645705 0.2776552
vt 0.668002 0.2728818
vt 0.6621512 0.2740013
vt 0.6566234 0.2750662
vt 0.6511765 0.27604
vt 0.6457084 0.2768905
vt 0.6428264 0.2776447
vt 0.665053 0.2728703
vt 0.6593548 0.2739907
vt 0.6539091 0.2750557
vt 0.6484893 0.2760302
vt 0.662155 0.2728592
vt 0.6566266 0.2739801
vt 0.6511803 0.2750455
vt 0.6593593 0.2728489
vt 0.6539131 0.2739696
vt 0.6566313 0.2728386
vt 0.6457117 0.2760192
vt 0.6484932 0.2750352
vt 0.6511844 0.2739591
vt 0.6539174 0.2728281
vt 0.642913 0.2768795
vt 0.6621605 0.2716593
vt 0.6593636 0.2716487
vt 0.6566358 0.2716379
vt 0.6650571 0.2716703
vt 0.668007 0.2716816
vt 0.6708595 0.2716922
vt 0.6737114 0.2717035
vt 0.6765516 0.2717142
vt 0.6775354 0.01446627
vt 0.6807793 0.01447876
vt 0.6746958 0.01445533
vt 0.6718439 0.01444443
vt 0.6689907 0.01443316
vt 0.6660412 0.01442207
vt 0.6631441 0.01441114
vt 0.660348 0.01440023
vt 0.6576202 0.01439004
vt 0.6549061 0.01437972
vt 0.6539217 0.2716279
vt 0.6521776 0.01436935
vt 0.6511933 0.2716177
vt 0.6494903 0.01435883
vt 0.6511889 0.2728178
vt 0.6485063 0.2716071
vt 0.6467121 0.0143484
vt 0.6484972 0.2739489
vt 0.6485016 0.2728073
vt 0.6457284 0.2715964
vt 0.643917 0.01433738
vt 0.6457156 0.2750246
vt 0.6457194 0.2739379
vt 0.6457242 0.2727966
vt 0.6429325 0.2715857
vt 0.6407642 0.01432551
vt 0.6397805 0.2715735
vt 0.6397755 0.2727739
vt 0.6429282 0.2727858
vt 0.6397714 0.2739154
vt 0.6429241 0.2739272
vt 0.6397675 0.275002
vt 0.6429197 0.2750138
vt 0.6397632 0.2759964
vt 0.6429157 0.2760086
vt 0.6397603 0.2768671
vt 0.6398402 0.2776325
vt 0.6411782 0.2834871
vt 0.6452268 0.2788847
vt 0.6373668 0.2789641
vt 0.6468263 0.2810122
vt 0.6357436 0.2813047
vt 0.6473102 0.283476
vt 0.6353918 0.2840573
vt 0.6467553 0.2859384
vt 0.6362634 0.2866246
vt 0.6452482 0.2879225
vt 0.6381153 0.2885053
vt 0.6430694 0.2891472
vt 0.6405503 0.2893796
vt 0.6765286 0.2777731
vt 0.6797721 0.2777855
vt 0.6797751 0.2770205
vt 0.6765309 0.2770082
vt 0.6736885 0.2777627
vt 0.6797781 0.2761497
vt 0.6736916 0.2769971
vt 0.6708366 0.2777514
vt 0.6765346 0.2761371
vt 0.6797822 0.275155
vt 0.6708399 0.2769862
vt 0.6679831 0.2777403
vt 0.6765385 0.2751423
vt 0.6797862 0.2740686
vt 0.6736946 0.2761261
vt 0.6679862 0.2769753
vt 0.6650346 0.2777294
vt 0.6765426 0.274056
vt 0.6797905 0.272927
vt 0.6736985 0.2751316
vt 0.6708431 0.2761156
vt 0.6650372 0.2769642
vt 0.662137 0.2777184
vt 0.676547 0.2729144
vt 0.6797951 0.2717268
vt 0.6679894 0.2761046
vt 0.6708468 0.2751208
vt 0.6737028 0.2740453
vt 0.6621401 0.2769533
vt 0.6593405 0.2777076
vt 0.6650401 0.2760932
vt 0.6679937 0.2751098
vt 0.6708508 0.2740342
vt 0.673707 0.2729035
vt 0.6593437 0.2769422
vt 0.6566129 0.2776971
vt 0.6621433 0.2760818
vt 0.6650441 0.2750983
vt 0.6679982 0.2740232
vt 0.6566157 0.2769318
vt 0.6538988 0.2776863
vt 0.659347 0.2760714
vt 0.662147 0.2750873
vt 0.6539016 0.2769215
vt 0.65117 0.2776761
vt 0.6566189 0.276061
vt 0.6511733 0.2769112
vt 0.6484831 0.2776656
vt 0.6708556 0.2728929
vt 0.6650485 0.2740119
vt 0.6593508 0.2750767
vt 0.6539053 0.2760507
vt 0.6484861 0.276901
vt 0.645705 0.2776552
vt 0.668002 0.2728818
vt 0.6621512 0.2740013
vt 0.6566234 0.2750662
vt 0.6511765 0.27604
vt 0.6457084 0.2768905
vt 0.6428264 0.2776447
vt 0.665053 0.2728703
vt 0.6593548 0.2739907
vt 0.6539091 0.2750557
vt 0.6484893 0.2760302
vt 0.662155 0.2728592
vt 0.6566266 0.2739801
vt 0.6511803 0.2750455
vt 0.6593593 0.2728489
vt 0.6539131 0.2739696
vt 0.6566313 0.2728386
vt 0.6457117 0.2760192
vt 0.6484932 0.2750352
vt 0.6511844 0.2739591
vt 0.6539174 0.2728281
vt 0.642913 0.2768795
vt 0.6621605 0.2716593
vt 0.6593636 0.2716487
vt 0.6566358 0.2716379
vt 0.6650571 0.2716703
vt 0.668007 0.2716816
vt 0.6708595 0.2716922
vt 0.6737114 0.2717035
vt 0.6765516 0.2717142
vt 0.6775354 0.01446627
vt 0.6807793 0.01447876
vt 0.6746958 0.01445533
vt 0.6718439 0.01444443
vt 0.6689907 0.01443316
vt 0.6660412 0.01442207
vt 0.6631441 0.01441114
vt 0.660348 0.01440023
vt 0.6576202 0.01439004
vt 0.6549061 0.01437972
vt 0.6539217 0.2716279
vt 0.6521776 0.01436935
vt 0.6511933 0.2716177
vt 0.6494903 0.01435883
vt 0.6511889 0.2728178
vt 0.6485063 0.2716071
vt 0.6467121 0.0143484
vt 0.6484972 0.2739489
vt 0.6485016 0.2728073
vt 0.6457284 0.2715964
vt 0.643917 0.01433738
vt 0.6457156 0.2750246
vt 0.6457194 0.2739379
vt 0.6457242 0.2727966
vt 0.6429325 0.2715857
vt 0.6407642 0.01432551
vt 0.6397805 0.2715735
vt 0.6397755 0.2727739
vt 0.6429282 0.2727858
vt 0.6397714 0.2739154
vt 0.6429241 0.2739272
vt 0.6397675 0.275002
vt 0.6429197 0.2750138
vt 0.6397632 0.2759964
vt 0.6429157 0.2760086
vt 0.6397603 0.2768671
vt 0.6398402 0.2776325
vt 0.6411782 0.2834871
vt 0.6452268 0.2788847
vt 0.6373668 0.2789641
vt 0.6468263 0.2810122
vt 0.6357436 0.2813047
vt 0.6473102 0.283476
vt 0.6353918 0.2840573
vt 0.6467553 0.2859384
vt 0.6362634 0.2866246
vt 0.6452482 0.2879225
vt 0.6381153 0.2885053
vt 0.6430694 0.2891472
vt 0.6405503 0.2893796
vt 0.6765286 0.2777731
vt 0.6797721 0.2777855
vt 0.6797751 0.2770205
vt 0.6765309 0.2770082
vt 0.6736885 0.2777627
vt 0.6797781 0.2761497
vt 0.6736916 0.2769971
vt 0.6708366 0.2777514
vt 0.6765346 0.2761371
vt 0.6797822 0.275155
vt 0.6708399 0.2769862
vt 0.6679831 0.2777403
vt 0.6765385 0.2751423
vt 0.6797862 0.2740686
vt 0.6736946 0.2761261
vt 0.6679862 0.2769753
vt 0.6650346 0.2777294
vt 0.6765426 0.274056
vt 0.6797905 0.272927
vt 0.6736985 0.2751316
vt 0.6708431 0.2761156
vt 0.6650372 0.2769642
vt 0.662137 0.2777184
vt 0.676547 0.2729144
vt 0.6797951 0.2717268
vt 0.6679894 0.2761046
vt 0.6708468 0.2751208
vt 0.6737028 0.2740453
vt 0.6621401 0.2769533
vt 0.6593405 0.2777076
vt 0.6650401 0.2760932
vt 0.6679937 0.2751098
vt 0.6708508 0.2740342
vt 0.673707 0.2729035
vt 0.6593437 0.2769422
vt 0.6566129 0.2776971
vt 0.6621433 0.2760818
vt 0.6650441 0.2750983
vt 0.6679982 0.2740232
vt 0.6566157 0.2769318
vt 0.6538988 0.2776863
vt 0.659347 0.2760714
vt 0.662147 0.2750873
vt 0.6539016 0.2769215
vt 0.65117 0.2776761
vt 0.6566189 0.276061
vt 0.6511733 0.2769112
vt 0.6484831 0.2776656
vt 0.6708556 0.2728929
vt 0.6650485 0.2740119
vt 0.6593508 0.2750767
vt 0.6539053 0.2760507
vt 0.6484861 0.276901
vt 0.645705 0.2776552
vt 0.668002 0.2728818
vt 0.6621512 0.2740013
vt 0.6566234 0.2750662
vt 0.6511765 0.27604
vt 0.6457084 0.2768905
vt 0.6428264 0.2776447
vt 0.665053 0.2728703
vt 0.6593548 0.2739907
vt 0.6539091 0.2750557
vt 0.6484893 0.2760302
vt 0.662155 0.2728592
vt 0.6566266 0.2739801
vt 0.6511803 0.2750455
vt 0.6593593 0.2728489
vt 0.6539131 0.2739696
vt 0.6566313 0.2728386
vt 0.6457117 0.2760192
vt 0.6484932 0.2750352
vt 0.6511844 0.2739591
vt 0.6539174 0.2728281
vt 0.642913 0.2768795
vt 0.6621605 0.2716593
vt 0.6593636 0.2716487
vt 0.6566358 0.2716379
vt 0.6650571 0.2716703
vt 0.668007 0.2716816
vt 0.6708595 0.2716922
vt 0.6737114 0.2717035
vt 0.6765516 0.2717142
vt 0.6775354 0.01446627
vt 0.6807793 0.01447876
vt 0.6746958 0.01445533
vt 0.6718439 0.01444443
vt 0.6689907 0.01443316
vt 0.6660412 0.01442207
vt 0.6631441 0.01441114
vt 0.660348 0.01440023
vt 0.6576202 0.01439004
vt 0.6549061 0.01437972
vt 0.6539217 0.2716279
vt 0.6521776 0.01436935
vt 0.6511933 0.2716177
vt 0.6494903 0.01435883
vt 0.6511889 0.2728178
vt 0.6485063 0.2716071
vt 0.6467121 0.0143484
vt 0.6484972 0.2739489
vt 0.6485016 0.2728073
vt 0.6457284 0.2715964
vt 0.643917 0.01433738
vt 0.6457156 0.2750246
vt 0.6457194 0.2739379
vt 0.6457242 0.2727966
vt 0.6429325 0.2715857
vt 0.6407642 0.01432551
vt 0.6397805 0.2715735
vt 0.6397755 0.2727739
vt 0.6429282 0.2727858
vt 0.6397714 0.2739154
vt 0.6429241 0.2739272
vt 0.6397675 0.275002
vt 0.6429197 0.2750138
vt 0.6397632 0.2759964
vt 0.6429157 0.2760086
vt 0.6397603 0.2768671
vt 0.6398402 0.2776325
vt 0.6411782 0.2834871
vt 0.6452268 0.2788847
vt 0.6373668 0.2789641
vt 0.6468263 0.2810122
vt 0.6357436 0.2813047
vt 0.6473102 0.283476
vt 0.6353918 0.2840573
vt 0.6467553 0.2859384
vt 0.6362634 0.2866246
vt 0.6452482 0.2879225
vt 0.6381153 0.2885053
vt 0.6430694 0.2891472
vt 0.6405503 0.2893796
vt 0.6765286 0.2777731
vt 0.6797721 0.2777855
vt 0.6797751 0.2770205
vt 0.6765309 0.2770082
vt 0.6736885 0.2777627
vt 0.6797781 0.2761497
vt 0.6736916 0.2769971
vt 0.6708366 0.2777514
vt 0.6765346 0.2761371
vt 0.6797822 0.275155
vt 0.6708399 0.2769862
vt 0.6679831 0.2777403
vt 0.6765385 0.2751423
vt 0.6797862 0.2740686
vt 0.6736946 0.2761261
vt 0.6679862 0.2769753
vt 0.6650346 0.2777294
vt 0.6765426 0.274056
vt 0.6797905 0.272927
vt 0.6736985 0.2751316
vt 0.6708431 0.2761156
vt 0.6650372 0.2769642
vt 0.662137 0.2777184
vt 0.676547 0.2729144
vt 0.6797951 0.2717268
vt 0.6679894 0.2761046
vt 0.6708468 0.2751208
vt 0.6737028 0.2740453
vt 0.6621401 0.2769533
vt 0.6593405 0.2777076
vt 0.6650401 0.2760932
vt 0.6679937 0.2751098
vt 0.6708508 0.2740342
vt 0.673707 0.2729035
vt 0.6593437 0.2769422
vt 0.6566129 0.2776971
vt 0.6621433 0.2760818
vt 0.6650441 0.2750983
vt 0.6679982 0.2740232
vt 0.6566157 0.2769318
vt 0.6538988 0.2776863
vt 0.659347 0.2760714
vt 0.662147 0.2750873
vt 0.6539016 0.2769215
vt 0.65117 0.2776761
vt 0.6566189 0.276061
vt 0.6511733 0.2769112
vt 0.6484831 0.2776656
vt 0.6708556 0.2728929
vt 0.6650485 0.2740119
vt 0.6593508 0.2750767
vt 0.6539053 0.2760507
vt 0.6484861 0.276901
vt 0.645705 0.2776552
vt 0.668002 0.2728818
vt 0.6621512 0.2740013
vt 0.6566234 0.2750662
vt 0.6511765 0.27604
vt 0.6457084 0.2768905
vt 0.6428264 0.2776447
vt 0.665053 0.2728703
vt 0.6593548 0.2739907
vt 0.6539091 0.2750557
vt 0.6484893 0.2760302
vt 0.662155 0.2728592
vt 0.6566266 0.2739801
vt 0.6511803 0.2750455
vt 0.6593593 0.2728489
vt 0.6539131 0.2739696
vt 0.6566313 0.2728386
vt 0.6457117 0.2760192
vt 0.6484932 0.2750352
vt 0.6511844 0.2739591
vt 0.6539174 0.2728281
vt 0.642913 0.2768795
vt 0.6621605 0.2716593
vt 0.6593636 0.2716487
vt 0.6566358 0.2716379
vt 0.6650571 0.2716703
vt 0.668007 0.2716816
vt 0.6708595 0.2716922
vt 0.6737114 0.2717035
vt 0.6765516 0.2717142
vt 0.6775354 0.01446627
vt 0.6807793 0.01447876
vt 0.6746958 0.01445533
vt 0.6718439 0.01444443
vt 0.6689907 0.01443316
vt 0.6660412 0.01442207
vt 0.6631441 0.01441114
vt 0.660348 0.01440023
vt 0.6576202 0.01439004
vt 0.6549061 0.01437972
vt 0.6539217 0.2716279
vt 0.6521776 0.01436935
vt 0.6511933 0.2716177
vt 0.6494903 0.01435883
vt 0.6511889 0.2728178
vt 0.6485063 0.2716071
vt 0.6467121 0.0143484
vt 0.6484972 0.2739489
vt 0.6485016 0.2728073
vt 0.6457284 0.2715964
vt 0.643917 0.01433738
vt 0.6457156 0.2750246
vt 0.6457194 0.2739379
vt 0.6457242 0.2727966
vt 0.6429325 0.2715857
vt 0.6407642 0.01432551
vt 0.6397805 0.2715735
vt 0.6397755 0.2727739
vt 0.6429282 0.2727858
vt 0.6397714 0.2739154
vt 0.6429241 0.2739272
vt 0.6397675 0.275002
vt 0.6429197 0.2750138
vt 0.6397632 0.2759964
vt 0.6429157 0.2760086
vt 0.6397603 0.2768671
vt 0.6398402 0.2776325
vt 0.6411782 0.2834871
vt 0.6452268 0.2788847
vt 0.6373668 0.2789641
vt 0.6468263 0.2810122
vt 0.6357436 0.2813047
vt 0.6473102 0.283476
vt 0.6353918 0.2840573
vt 0.6467553 0.2859384
vt 0.6362634 0.2866246
vt 0.6452482 0.2879225
vt 0.6381153 0.2885053
vt 0.6430694 0.2891472
vt 0.6405503 0.2893796
vt 0.8507255 0.0298528
vt 0.8507687 0.02910434
vt 0.8500356 0.0287088
vt 0.8499655 0.02991008
vt 0.8477529 0.4720992
vt 0.848512 0.4721644
vt 0.848547 0.4729207
vt 0.8478096 0.4733133
vt 0.8278884 0.4731773
vt 0.8305835 0.03012561
vt 0.8301331 0.02863627
vt 0.828346 0.471701
vt 0.8273841 0.4717107
vt 0.8293793 0.02938913
vt 0.829621 0.03010427
vt 0.8264221 0.4717062
vt 0.8271367 0.4724232
vt 0.8286591 0.03010057
vt 0.8026031 0.02995412
vt 0.8286642 0.02914684
vt 0.8263909 0.4736171
vt 0.8277003 0.4929604
vt 0.8264182 0.4726618
vt 0.8286477 0.02819382
vt 0.8026075 0.02899932
vt 0.8288465 0.008706201
vt 0.8300594 0.008639503
vt 0.8296661 0.007908512
vt 0.8289123 0.007952917
vt 0.802527 0.0087726
vt 0.8024646 0.00801431
vt 0.8026341 0.02804391
vt 0.8013258 0.008701313
vt 0.8017146 0.007970739
vt 0.801137 0.02848409
vt 0.8018886 0.02923797
vt 0.8016415 0.02994995
vt 0.799404 0.471557
vt 0.8003665 0.4715614
vt 0.8003613 0.4725143
vt 0.7996455 0.4722729
vt 0.7984419 0.4715366
vt 0.800679 0.02995931
vt 0.8003773 0.473467
vt 0.7988922 0.4730254
vt 0.7812724 0.02956175
vt 0.781215 0.02834808
vt 0.7804779 0.02874105
vt 0.7805133 0.02949702
vt 0.7782999 0.4718089
vt 0.7790601 0.471752
vt 0.7789898 0.472953
vt 0.7782572 0.472559
vt 0.8001817 0.4929546
vt 0.7989683 0.4930221
vt 0.7993618 0.4937527
vt 0.8001153 0.4937102
vt 0.8264989 0.4928889
vt 0.8265614 0.4936471
vt 0.8273113 0.4936904
vn 0.283407 -0.261599 0.9226302
vn 0.3864571 0.003627001 0.9223002
vn 0.7035 0.006752002 0.7106631
vn 0.5172771 -0.4766061 0.7108242
vn 0.2099941 -0.3239671 0.9224684
vn 0.8296756 0.007975996 0.5581887
vn 0.3823771 -0.5902581 0.710903
vn -0.06868704 -0.3797872 0.9225204
vn 0.6096588 -0.5620818 0.5589098
vn 0.9370452 0.008935001 0.349094
vn -0.125672 -0.6932487 0.7096568
vn -0.16119 -0.3505901 0.9225532
vn 0.6896918 -0.6352658 0.3475089
vn 0.9626087 0.009129997 0.2707419
vn 0.4507628 -0.6959358 0.5590048
vn -0.294084 -0.6401458 0.7097379
vn -0.3594582 -0.1461111 0.9216515
vn 0.7081707 -0.6528226 0.2689179
vn 0.9890083 0.008972002 0.147588
vn 0.5098181 -0.786733 0.348047
vn -0.147497 -0.816659 0.557954
vn -0.6529763 -0.2661921 0.7090584
vn -0.3836361 -0.05200001 0.9220192
vn 0.7271351 -0.670348 0.148014
vn 0.9999647 0.008384997 0.0005219999
vn -0.3465029 -0.7540467 0.5579868
vn -0.167442 -0.9224411 0.3479451
vn 0.523851 -0.8080741 0.269437
vn -0.6972328 -0.09497799 0.7105248
vn -0.383527 0.04429 0.9224671
vn -0.7674007 -0.3130999 0.5595218
vn -0.3912098 -0.8517637 0.3485019
vn -0.1714949 -0.9474206 0.2701549
vn 0.5381551 -0.829721 0.148163
vn -0.6994178 0.08094198 0.7101148
vn -0.3141451 0.2239651 0.9225792
vn -0.821562 -0.111704 0.559069
vn -0.8676422 -0.3537221 0.349396
vn -0.4015641 -0.8747662 0.2711651
vn -0.5735741 0.4086501 0.7099421
vn -0.167603 0.3481211 0.9223453
vn -0.8240962 0.09600902 0.5582541
vn -0.9284598 -0.12561 0.3495489
vn -0.305376 0.6341599 0.7103428
vn -0.07590203 0.3785041 0.9224823
vn -0.6756458 0.4815148 0.5582528
vn -0.138442 0.6904358 0.7100227
vn 0.020637 0.384942 0.9227101
vn -0.1763631 -0.9731873 0.1476571
vn -0.8912674 -0.3634332 0.2712171
vn -0.9309164 0.109239 0.3485132
vn -0.3604599 0.7479518 0.5573478
vn 0.03747198 0.7033356 0.7098696
vn 0.2033919 0.3275719 0.9226746
vn -0.4127491 -0.8987413 0.1479941
vn -0.953689 -0.129025 0.271716
vn -0.763687 0.544082 0.347501
vn -0.1633019 0.8137395 0.5578176
vn 0.37131 0.5981271 0.7101921
vn 0.3737549 0.09926396 0.9222006
vn -0.9160343 -0.3729981 0.1474911
vn -0.956094 0.11208 0.270781
vn -0.407248 0.8446871 0.347351
vn 0.04426101 0.8283982 0.5583881
vn -0.980228 -0.132893 0.146603
vn -0.784226 0.558686 0.269925
vn -0.1841991 0.9191945 0.3480692
vn -0.9824924 0.1149509 0.1466109
vn -0.417947 0.866953 0.271501
vn -0.8054639 0.5736049 0.149015
vn 0.4376329 0.7053309 0.5576609
vn 0.05001801 0.9360001 0.348428
vn -0.188896 0.9438991 0.270874
vn -0.429819 0.8907351 0.147806
vn 0.6799011 0.180897 0.7106411
vn -0.9909634 -0.1341321 0.0005060002
vn -0.99318 0.11659 0.0005060001
vn -0.8145809 0.5800499 0.000522
vn -0.9261491 -0.3771571 0.00051
vn -0.4169339 -0.9089367 0.0005129999
vn -0.1779329 -0.9840425 0.0005159997
vn 0.544342 -0.8388631 0.000526
vn 0.7355031 -0.6775211 0.0005220001
vn 0.7355051 -0.6775192 0
vn 0.999965 0.008382 0
vn 0.5443422 -0.8388633 0
vn -0.1779351 -0.9840423 0
vn -0.416934 -0.9089369 0
vn -0.9261494 -0.3771572 0
vn -0.9909636 -0.1341309 0
vn -0.9931799 0.116592 0
vn -0.8145801 0.5800511 0
vn -0.4342631 0.9007862 0
vn -0.434263 0.900786 0.00051
vn -0.1967071 0.9804623 0
vn -0.196706 0.9804623 0.0005150002
vn 0.05320703 0.9985836 0
vn -0.1946361 0.9696424 0.1480221
vn 0.05320802 0.9985833 0.0005180002
vn 0.5277553 0.8493965 0
vn 0.05141299 0.9613737 0.270402
vn 0.05287702 0.9875754 0.1479831
vn 0.527756 0.8493959 0.000516
vn 0.9660618 0.2583109 0
vn 0.4946361 0.7959381 0.349024
vn 0.5083452 0.8175174 0.2706481
vn 0.5221167 0.8400455 0.1473689
vn 0.9660628 0.2583069 0.0005219999
vn 0.999965 0.008382 0
vn 0.9999647 0.008384997 0.0005219999
vn 0.9890083 0.008972002 0.147588
vn 0.9555717 0.2545889 0.1485509
vn 0.9626087 0.009129997 0.2707419
vn 0.9300475 0.2478009 0.2713048
vn 0.9370452 0.008935001 0.349094
vn 0.905876 0.241209 0.348148
vn 0.8296756 0.007975996 0.5581887
vn 0.8018381 0.213233 0.5582001
vn 0.7035 0.006752002 0.7106631
vn 0.3864571 0.003627001 0.9223002
vn 5.179714E-07 -6.865961E-06 1
vn 0.2033919 0.3275719 0.9226746
vn 0.283407 -0.261599 0.9226302
vn 0.020637 0.384942 0.9227101
vn 0.2099941 -0.3239671 0.9224684
vn -0.07590203 0.3785041 0.9224823
vn -0.06868704 -0.3797872 0.9225204
vn -0.167603 0.3481211 0.9223453
vn -0.16119 -0.3505901 0.9225532
vn -0.3141451 0.2239651 0.9225792
vn -0.3594582 -0.1461111 0.9216515
vn -0.383527 0.04429 0.9224671
vn -0.3836361 -0.05200001 0.9220192
vn -0.02451901 -0.4491432 -0.8931233
vn -0.3438649 -0.3089378 -0.8867436
vn -0.7438241 -0.6680401 -0.021169
vn -0.05448299 -0.9979208 -0.03443399
vn -0.052198 -0.9980429 -0.034433
vn -0.02350099 -0.4491988 -0.8931227
vn 0.308863 -0.3441019 -0.8866778
vn 0.6680085 -0.7438516 -0.02119898
vn 0.6679987 -0.7438346 0.02208699
vn -0.05447701 -0.9979402 0.03387401
vn -0.7437931 -0.668044 0.022115
vn -0.05220501 -0.9980623 0.03385501
vn -0.026191 -0.499361 0.8659981
vn -0.4388948 -0.3944469 0.8073307
vn -0.027195 -0.499368 0.8659631
vn 6.000002E-05 -0.009233004 0.9999574
vn 0.394118 -0.438877 0.807501
vn -0.001044 -0.009184003 0.9999573
vn -5.899997E-05 0.009223995 0.9999574
vn -0.5018539 0.018538 0.8647538
vn 0.996855 -0.071842 0.033449
vn 0.6680085 -0.7438516 -0.02119898
vn 0.5012569 -0.03506399 0.8645878
vn -0.9988376 0.03481198 0.03333999
vn -0.5009687 0.03504698 0.8647555
vn -0.9988241 0.034717 -0.033841
vn -0.7438241 -0.6680401 -0.021169
vn -0.3438649 -0.3089378 -0.8867436
vn -0.450018 0.015722 -0.8928811
vn -0.9968352 0.07193701 -0.033833
vn -0.4491472 0.03233702 -0.8928725
vn -0.9968588 0.07184299 0.03333299
vn -0.6681678 0.7437078 -0.02122599
vn -0.308887 0.34376 -0.886802
vn -0.6681525 0.7436955 0.02211599
vn -0.394078 0.438709 0.8076119
vn 0.02618899 0.4993288 0.8660167
vn 0.02719199 0.4993359 0.8659817
vn 0.001043999 0.009168995 0.9999574
vn 0.5021269 -0.01856199 0.8645948
vn 0.438783 0.394065 0.807578
vn 0.05447698 0.9979407 0.03386099
vn 0.05220501 0.9980622 0.033861
vn 0.9988346 -0.03479499 0.03344798
vn 0.7436467 0.6682068 0.02211899
vn 0.05219898 0.9980427 -0.03443999
vn -0.6681678 0.7437078 -0.02122599
vn -0.308887 0.34376 -0.886802
vn 0.02351001 0.4491352 -0.8931544
vn 0.02452801 0.4490831 -0.8931533
vn 0.05448298 0.9979206 -0.03443999
vn 0.7437001 0.6681771 -0.021199
vn 0.3436649 0.3089569 -0.8868146
vn 0.9988248 -0.03470099 -0.03383499
vn 0.7437001 0.6681771 -0.021199
vn 0.3436649 0.3089569 -0.8868146
vn 0.4488629 -0.015693 -0.8934628
vn 0.9968347 -0.07193698 -0.03384899
vn 0.447999 -0.032257 -0.893452
vn 0.308863 -0.3441019 -0.8866778
vn 0.283407 -0.261599 0.9226302
vn 0.3864571 0.003627001 0.9223002
vn 0.7035 0.006752002 0.7106631
vn 0.5172771 -0.4766061 0.7108242
vn 0.2099941 -0.3239671 0.9224684
vn 0.8296756 0.007975996 0.5581887
vn 0.3823771 -0.5902581 0.710903
vn -0.06868704 -0.3797872 0.9225204
vn 0.6096588 -0.5620818 0.5589098
vn 0.9370452 0.008935001 0.349094
vn -0.125672 -0.6932487 0.7096568
vn -0.16119 -0.3505901 0.9225532
vn 0.6896918 -0.6352658 0.3475089
vn 0.9626087 0.009129997 0.2707419
vn 0.4507628 -0.6959358 0.5590048
vn -0.294084 -0.6401458 0.7097379
vn -0.3594582 -0.1461111 0.9216515
vn 0.7081707 -0.6528226 0.2689179
vn 0.9890083 0.008972002 0.147588
vn 0.5098181 -0.786733 0.348047
vn -0.147497 -0.816659 0.557954
vn -0.6529763 -0.2661921 0.7090584
vn -0.3836361 -0.05200001 0.9220192
vn 0.7271351 -0.670348 0.148014
vn 0.9999647 0.008384997 0.0005219999
vn -0.3465029 -0.7540467 0.5579868
vn -0.167442 -0.9224411 0.3479451
vn 0.523851 -0.8080741 0.269437
vn -0.6972328 -0.09497799 0.7105248
vn -0.383527 0.04429 0.9224671
vn -0.7674007 -0.3130999 0.5595218
vn -0.3912098 -0.8517637 0.3485019
vn -0.1714949 -0.9474206 0.2701549
vn 0.5381551 -0.829721 0.148163
vn -0.6994178 0.08094198 0.7101148
vn -0.3141451 0.2239651 0.9225792
vn -0.821562 -0.111704 0.559069
vn -0.8676422 -0.3537221 0.349396
vn -0.4015641 -0.8747662 0.2711651
vn -0.5735741 0.4086501 0.7099421
vn -0.167603 0.3481211 0.9223453
vn -0.8240962 0.09600902 0.5582541
vn -0.9284598 -0.12561 0.3495489
vn -0.305376 0.6341599 0.7103428
vn -0.07590203 0.3785041 0.9224823
vn -0.6756458 0.4815148 0.5582528
vn -0.138442 0.6904358 0.7100227
vn 0.020637 0.384942 0.9227101
vn -0.1763631 -0.9731873 0.1476571
vn -0.8912674 -0.3634332 0.2712171
vn -0.9309164 0.109239 0.3485132
vn -0.3604599 0.7479518 0.5573478
vn 0.03747198 0.7033356 0.7098696
vn 0.2033919 0.3275719 0.9226746
vn -0.4127491 -0.8987413 0.1479941
vn -0.953689 -0.129025 0.271716
vn -0.763687 0.544082 0.347501
vn -0.1633019 0.8137395 0.5578176
vn 0.37131 0.5981271 0.7101921
vn 0.3737549 0.09926396 0.9222006
vn -0.9160343 -0.3729981 0.1474911
vn -0.956094 0.11208 0.270781
vn -0.407248 0.8446871 0.347351
vn 0.04426101 0.8283982 0.5583881
vn -0.980228 -0.132893 0.146603
vn -0.784226 0.558686 0.269925
vn -0.1841991 0.9191945 0.3480692
vn -0.9824924 0.1149509 0.1466109
vn -0.417947 0.866953 0.271501
vn -0.8054639 0.5736049 0.149015
vn 0.4376329 0.7053309 0.5576609
vn 0.05001801 0.9360001 0.348428
vn -0.188896 0.9438991 0.270874
vn -0.429819 0.8907351 0.147806
vn 0.6799011 0.180897 0.7106411
vn -0.9909634 -0.1341321 0.0005060002
vn -0.99318 0.11659 0.0005060001
vn -0.8145809 0.5800499 0.000522
vn -0.9261491 -0.3771571 0.00051
vn -0.4169339 -0.9089367 0.0005129999
vn -0.1779329 -0.9840425 0.0005159997
vn 0.544342 -0.8388631 0.000526
vn 0.7355031 -0.6775211 0.0005220001
vn 0.7355051 -0.6775192 0
vn 0.999965 0.008382 0
vn 0.5443422 -0.8388633 0
vn -0.1779351 -0.9840423 0
vn -0.416934 -0.9089369 0
vn -0.9261494 -0.3771572 0
vn -0.9909636 -0.1341309 0
vn -0.9931799 0.116592 0
vn -0.8145801 0.5800511 0
vn -0.4342631 0.9007862 0
vn -0.434263 0.900786 0.00051
vn -0.1967071 0.9804623 0
vn -0.196706 0.9804623 0.0005150002
vn 0.05320703 0.9985836 0
vn -0.1946361 0.9696424 0.1480221
vn 0.05320802 0.9985833 0.0005180002
vn 0.5277553 0.8493965 0
vn 0.05141299 0.9613737 0.270402
vn 0.05287702 0.9875754 0.1479831
vn 0.527756 0.8493959 0.000516
vn 0.9660618 0.2583109 0
vn 0.4946361 0.7959381 0.349024
vn 0.5083452 0.8175174 0.2706481
vn 0.5221167 0.8400455 0.1473689
vn 0.9660628 0.2583069 0.0005219999
vn 0.999965 0.008382 0
vn 0.9999647 0.008384997 0.0005219999
vn 0.9890083 0.008972002 0.147588
vn 0.9555717 0.2545889 0.1485509
vn 0.9626087 0.009129997 0.2707419
vn 0.9300475 0.2478009 0.2713048
vn 0.9370452 0.008935001 0.349094
vn 0.905876 0.241209 0.348148
vn 0.8296756 0.007975996 0.5581887
vn 0.8018381 0.213233 0.5582001
vn 0.7035 0.006752002 0.7106631
vn 0.3864571 0.003627001 0.9223002
vn 4.784313E-07 1.414744E-05 1
vn 0.2033919 0.3275719 0.9226746
vn 0.283407 -0.261599 0.9226302
vn 0.020637 0.384942 0.9227101
vn 0.2099941 -0.3239671 0.9224684
vn -0.07590203 0.3785041 0.9224823
vn -0.06868704 -0.3797872 0.9225204
vn -0.167603 0.3481211 0.9223453
vn -0.16119 -0.3505901 0.9225532
vn -0.3141451 0.2239651 0.9225792
vn -0.3594582 -0.1461111 0.9216515
vn -0.383527 0.04429 0.9224671
vn -0.3836361 -0.05200001 0.9220192
vn 0.283407 -0.261599 0.9226302
vn 0.3864571 0.003627001 0.9223002
vn 0.7035 0.006752002 0.7106631
vn 0.5172771 -0.4766061 0.7108242
vn 0.2099941 -0.3239671 0.9224684
vn 0.8296756 0.007975996 0.5581887
vn 0.3823771 -0.5902581 0.710903
vn -0.06868704 -0.3797872 0.9225204
vn 0.6096588 -0.5620818 0.5589098
vn 0.9370452 0.008935001 0.349094
vn -0.125672 -0.6932487 0.7096568
vn -0.16119 -0.3505901 0.9225532
vn 0.6896918 -0.6352658 0.3475089
vn 0.9626087 0.009129997 0.2707419
vn 0.4507628 -0.6959358 0.5590048
vn -0.294084 -0.6401458 0.7097379
vn -0.3594582 -0.1461111 0.9216515
vn 0.7081707 -0.6528226 0.2689179
vn 0.9890083 0.008972002 0.147588
vn 0.5098181 -0.786733 0.348047
vn -0.147497 -0.816659 0.557954
vn -0.6529763 -0.2661921 0.7090584
vn -0.3836361 -0.05200001 0.9220192
vn 0.7271351 -0.670348 0.148014
vn 0.9999647 0.008384997 0.0005219999
vn -0.3465029 -0.7540467 0.5579868
vn -0.167442 -0.9224411 0.3479451
vn 0.523851 -0.8080741 0.269437
vn -0.6972328 -0.09497799 0.7105248
vn -0.383527 0.04429 0.9224671
vn -0.7674007 -0.3130999 0.5595218
vn -0.3912098 -0.8517637 0.3485019
vn -0.1714949 -0.9474206 0.2701549
vn 0.5381551 -0.829721 0.148163
vn -0.6994178 0.08094198 0.7101148
vn -0.3141451 0.2239651 0.9225792
vn -0.821562 -0.111704 0.559069
vn -0.8676422 -0.3537221 0.349396
vn -0.4015641 -0.8747662 0.2711651
vn -0.5735741 0.4086501 0.7099421
vn -0.167603 0.3481211 0.9223453
vn -0.8240962 0.09600902 0.5582541
vn -0.9284598 -0.12561 0.3495489
vn -0.305376 0.6341599 0.7103428
vn -0.07590203 0.3785041 0.9224823
vn -0.6756458 0.4815148 0.5582528
vn -0.138442 0.6904358 0.7100227
vn 0.020637 0.384942 0.9227101
vn -0.1763631 -0.9731873 0.1476571
vn -0.8912674 -0.3634332 0.2712171
vn -0.9309164 0.109239 0.3485132
vn -0.3604599 0.7479518 0.5573478
vn 0.03747198 0.7033356 0.7098696
vn 0.2033919 0.3275719 0.9226746
vn -0.4127491 -0.8987413 0.1479941
vn -0.953689 -0.129025 0.271716
vn -0.763687 0.544082 0.347501
vn -0.1633019 0.8137395 0.5578176
vn 0.37131 0.5981271 0.7101921
vn 0.3737549 0.09926396 0.9222006
vn -0.9160343 -0.3729981 0.1474911
vn -0.956094 0.11208 0.270781
vn -0.407248 0.8446871 0.347351
vn 0.04426101 0.8283982 0.5583881
vn -0.980228 -0.132893 0.146603
vn -0.784226 0.558686 0.269925
vn -0.1841991 0.9191945 0.3480692
vn -0.9824924 0.1149509 0.1466109
vn -0.417947 0.866953 0.271501
vn -0.8054639 0.5736049 0.149015
vn 0.4376329 0.7053309 0.5576609
vn 0.05001801 0.9360001 0.348428
vn -0.188896 0.9438991 0.270874
vn -0.429819 0.8907351 0.147806
vn 0.6799011 0.180897 0.7106411
vn -0.9909634 -0.1341321 0.0005060002
vn -0.99318 0.11659 0.0005060001
vn -0.8145809 0.5800499 0.000522
vn -0.9261491 -0.3771571 0.00051
vn -0.4169339 -0.9089367 0.0005129999
vn -0.1779329 -0.9840425 0.0005159997
vn 0.544342 -0.8388631 0.000526
vn 0.7355031 -0.6775211 0.0005220001
vn 0.7355051 -0.6775192 0
vn 0.999965 0.008382 0
vn 0.5443422 -0.8388633 0
vn -0.1779351 -0.9840423 0
vn -0.416934 -0.9089369 0
vn -0.9261494 -0.3771572 0
vn -0.9909636 -0.1341309 0
vn -0.9931799 0.116592 0
vn -0.8145801 0.5800511 0
vn -0.4342631 0.9007862 0
vn -0.434263 0.900786 0.00051
vn -0.1967071 0.9804623 0
vn -0.196706 0.9804623 0.0005150002
vn 0.05320703 0.9985836 0
vn -0.1946361 0.9696424 0.1480221
vn 0.05320802 0.9985833 0.0005180002
vn 0.5277553 0.8493965 0
vn 0.05141299 0.9613737 0.270402
vn 0.05287702 0.9875754 0.1479831
vn 0.527756 0.8493959 0.000516
vn 0.9660618 0.2583109 0
vn 0.4946361 0.7959381 0.349024
vn 0.5083452 0.8175174 0.2706481
vn 0.5221167 0.8400455 0.1473689
vn 0.9660628 0.2583069 0.0005219999
vn 0.999965 0.008382 0
vn 0.9999647 0.008384997 0.0005219999
vn 0.9890083 0.008972002 0.147588
vn 0.9555717 0.2545889 0.1485509
vn 0.9626087 0.009129997 0.2707419
vn 0.9300475 0.2478009 0.2713048
vn 0.9370452 0.008935001 0.349094
vn 0.905876 0.241209 0.348148
vn 0.8296756 0.007975996 0.5581887
vn 0.8018381 0.213233 0.5582001
vn 0.7035 0.006752002 0.7106631
vn 0.3864571 0.003627001 0.9223002
vn 4.872635E-07 2.229254E-05 1
vn 0.2033919 0.3275719 0.9226746
vn 0.283407 -0.261599 0.9226302
vn 0.020637 0.384942 0.9227101
vn 0.2099941 -0.3239671 0.9224684
vn -0.07590203 0.3785041 0.9224823
vn -0.06868704 -0.3797872 0.9225204
vn -0.167603 0.3481211 0.9223453
vn -0.16119 -0.3505901 0.9225532
vn -0.3141451 0.2239651 0.9225792
vn -0.3594582 -0.1461111 0.9216515
vn -0.383527 0.04429 0.9224671
vn -0.3836361 -0.05200001 0.9220192
vn 0.283407 -0.261599 0.9226302
vn 0.3864571 0.003627001 0.9223002
vn 0.7035 0.006752002 0.7106631
vn 0.5172771 -0.4766061 0.7108242
vn 0.2099941 -0.3239671 0.9224684
vn 0.8296756 0.007975996 0.5581887
vn 0.3823771 -0.5902581 0.710903
vn -0.06868704 -0.3797872 0.9225204
vn 0.6096588 -0.5620818 0.5589098
vn 0.9370452 0.008935001 0.349094
vn -0.125672 -0.6932487 0.7096568
vn -0.16119 -0.3505901 0.9225532
vn 0.6896918 -0.6352658 0.3475089
vn 0.9626087 0.009129997 0.2707419
vn 0.4507628 -0.6959358 0.5590048
vn -0.294084 -0.6401458 0.7097379
vn -0.3594582 -0.1461111 0.9216515
vn 0.7081707 -0.6528226 0.2689179
vn 0.9890083 0.008972002 0.147588
vn 0.5098181 -0.786733 0.348047
vn -0.147497 -0.816659 0.557954
vn -0.6529763 -0.2661921 0.7090584
vn -0.3836361 -0.05200001 0.9220192
vn 0.7271351 -0.670348 0.148014
vn 0.9999647 0.008384997 0.0005219999
vn -0.3465029 -0.7540467 0.5579868
vn -0.167442 -0.9224411 0.3479451
vn 0.523851 -0.8080741 0.269437
vn -0.6972328 -0.09497799 0.7105248
vn -0.383527 0.04429 0.9224671
vn -0.7674007 -0.3130999 0.5595218
vn -0.3912098 -0.8517637 0.3485019
vn -0.1714949 -0.9474206 0.2701549
vn 0.5381551 -0.829721 0.148163
vn -0.6994178 0.08094198 0.7101148
vn -0.3141451 0.2239651 0.9225792
vn -0.821562 -0.111704 0.559069
vn -0.8676422 -0.3537221 0.349396
vn -0.4015641 -0.8747662 0.2711651
vn -0.5735741 0.4086501 0.7099421
vn -0.167603 0.3481211 0.9223453
vn -0.8240962 0.09600902 0.5582541
vn -0.9284598 -0.12561 0.3495489
vn -0.305376 0.6341599 0.7103428
vn -0.07590203 0.3785041 0.9224823
vn -0.6756458 0.4815148 0.5582528
vn -0.138442 0.6904358 0.7100227
vn 0.020637 0.384942 0.9227101
vn -0.1763631 -0.9731873 0.1476571
vn -0.8912674 -0.3634332 0.2712171
vn -0.9309164 0.109239 0.3485132
vn -0.3604599 0.7479518 0.5573478
vn 0.03747198 0.7033356 0.7098696
vn 0.2033919 0.3275719 0.9226746
vn -0.4127491 -0.8987413 0.1479941
vn -0.953689 -0.129025 0.271716
vn -0.763687 0.544082 0.347501
vn -0.1633019 0.8137395 0.5578176
vn 0.37131 0.5981271 0.7101921
vn 0.3737549 0.09926396 0.9222006
vn -0.9160343 -0.3729981 0.1474911
vn -0.956094 0.11208 0.270781
vn -0.407248 0.8446871 0.347351
vn 0.04426101 0.8283982 0.5583881
vn -0.980228 -0.132893 0.146603
vn -0.784226 0.558686 0.269925
vn -0.1841991 0.9191945 0.3480692
vn -0.9824924 0.1149509 0.1466109
vn -0.417947 0.866953 0.271501
vn -0.8054639 0.5736049 0.149015
vn 0.4376329 0.7053309 0.5576609
vn 0.05001801 0.9360001 0.348428
vn -0.188896 0.9438991 0.270874
vn -0.429819 0.8907351 0.147806
vn 0.6799011 0.180897 0.7106411
vn -0.9909634 -0.1341321 0.0005060002
vn -0.99318 0.11659 0.0005060001
vn -0.8145809 0.5800499 0.000522
vn -0.9261491 -0.3771571 0.00051
vn -0.4169339 -0.9089367 0.0005129999
vn -0.1779329 -0.9840425 0.0005159997
vn 0.544342 -0.8388631 0.000526
vn 0.7355031 -0.6775211 0.0005220001
vn 0.7355051 -0.6775192 0
vn 0.999965 0.008382 0
vn 0.5443422 -0.8388633 0
vn -0.1779351 -0.9840423 0
vn -0.416934 -0.9089369 0
vn -0.9261494 -0.3771572 0
vn -0.9909636 -0.1341309 0
vn -0.9931799 0.116592 0
vn -0.8145801 0.5800511 0
vn -0.4342631 0.9007862 0
vn -0.434263 0.900786 0.00051
vn -0.1967071 0.9804623 0
vn -0.196706 0.9804623 0.0005150002
vn 0.05320703 0.9985836 0
vn -0.1946361 0.9696424 0.1480221
vn 0.05320802 0.9985833 0.0005180002
vn 0.5277553 0.8493965 0
vn 0.05141299 0.9613737 0.270402
vn 0.05287702 0.9875754 0.1479831
vn 0.527756 0.8493959 0.000516
vn 0.9660618 0.2583109 0
vn 0.4946361 0.7959381 0.349024
vn 0.5083452 0.8175174 0.2706481
vn 0.5221167 0.8400455 0.1473689
vn 0.9660628 0.2583069 0.0005219999
vn 0.999965 0.008382 0
vn 0.9999647 0.008384997 0.0005219999
vn 0.9890083 0.008972002 0.147588
vn 0.9555717 0.2545889 0.1485509
vn 0.9626087 0.009129997 0.2707419
vn 0.9300475 0.2478009 0.2713048
vn 0.9370452 0.008935001 0.349094
vn 0.905876 0.241209 0.348148
vn 0.8296756 0.007975996 0.5581887
vn 0.8018381 0.213233 0.5582001
vn 0.7035 0.006752002 0.7106631
vn 0.3864571 0.003627001 0.9223002
vn 4.890214E-07 1.785141E-05 1
vn 0.2033919 0.3275719 0.9226746
vn 0.283407 -0.261599 0.9226302
vn 0.020637 0.384942 0.9227101
vn 0.2099941 -0.3239671 0.9224684
vn -0.07590203 0.3785041 0.9224823
vn -0.06868704 -0.3797872 0.9225204
vn -0.167603 0.3481211 0.9223453
vn -0.16119 -0.3505901 0.9225532
vn -0.3141451 0.2239651 0.9225792
vn -0.3594582 -0.1461111 0.9216515
vn -0.383527 0.04429 0.9224671
vn -0.3836361 -0.05200001 0.9220192
vn 0.283407 -0.261599 0.9226302
vn 0.3864571 0.003627001 0.9223002
vn 0.7035 0.006752002 0.7106631
vn 0.5172771 -0.4766061 0.7108242
vn 0.2099941 -0.3239671 0.9224684
vn 0.8296756 0.007975996 0.5581887
vn 0.3823771 -0.5902581 0.710903
vn -0.06868704 -0.3797872 0.9225204
vn 0.6096588 -0.5620818 0.5589098
vn 0.9370452 0.008935001 0.349094
vn -0.125672 -0.6932487 0.7096568
vn -0.16119 -0.3505901 0.9225532
vn 0.6896918 -0.6352658 0.3475089
vn 0.9626087 0.009129997 0.2707419
vn 0.4507628 -0.6959358 0.5590048
vn -0.294084 -0.6401458 0.7097379
vn -0.3594582 -0.1461111 0.9216515
vn 0.7081707 -0.6528226 0.2689179
vn 0.9890083 0.008972002 0.147588
vn 0.5098181 -0.786733 0.348047
vn -0.147497 -0.816659 0.557954
vn -0.6529763 -0.2661921 0.7090584
vn -0.3836361 -0.05200001 0.9220192
vn 0.7271351 -0.670348 0.148014
vn 0.9999647 0.008384997 0.0005219999
vn -0.3465029 -0.7540467 0.5579868
vn -0.167442 -0.9224411 0.3479451
vn 0.523851 -0.8080741 0.269437
vn -0.6972328 -0.09497799 0.7105248
vn -0.383527 0.04429 0.9224671
vn -0.7674007 -0.3130999 0.5595218
vn -0.3912098 -0.8517637 0.3485019
vn -0.1714949 -0.9474206 0.2701549
vn 0.5381551 -0.829721 0.148163
vn -0.6994178 0.08094198 0.7101148
vn -0.3141451 0.2239651 0.9225792
vn -0.821562 -0.111704 0.559069
vn -0.8676422 -0.3537221 0.349396
vn -0.4015641 -0.8747662 0.2711651
vn -0.5735741 0.4086501 0.7099421
vn -0.167603 0.3481211 0.9223453
vn -0.8240962 0.09600902 0.5582541
vn -0.9284598 -0.12561 0.3495489
vn -0.305376 0.6341599 0.7103428
vn -0.07590203 0.3785041 0.9224823
vn -0.6756458 0.4815148 0.5582528
vn -0.138442 0.6904358 0.7100227
vn 0.020637 0.384942 0.9227101
vn -0.1763631 -0.9731873 0.1476571
vn -0.8912674 -0.3634332 0.2712171
vn -0.9309164 0.109239 0.3485132
vn -0.3604599 0.7479518 0.5573478
vn 0.03747198 0.7033356 0.7098696
vn 0.2033919 0.3275719 0.9226746
vn -0.4127491 -0.8987413 0.1479941
vn -0.953689 -0.129025 0.271716
vn -0.763687 0.544082 0.347501
vn -0.1633019 0.8137395 0.5578176
vn 0.37131 0.5981271 0.7101921
vn 0.3737549 0.09926396 0.9222006
vn -0.9160343 -0.3729981 0.1474911
vn -0.956094 0.11208 0.270781
vn -0.407248 0.8446871 0.347351
vn 0.04426101 0.8283982 0.5583881
vn -0.980228 -0.132893 0.146603
vn -0.784226 0.558686 0.269925
vn -0.1841991 0.9191945 0.3480692
vn -0.9824924 0.1149509 0.1466109
vn -0.417947 0.866953 0.271501
vn -0.8054639 0.5736049 0.149015
vn 0.4376329 0.7053309 0.5576609
vn 0.05001801 0.9360001 0.348428
vn -0.188896 0.9438991 0.270874
vn -0.429819 0.8907351 0.147806
vn 0.6799011 0.180897 0.7106411
vn -0.9909634 -0.1341321 0.0005060002
vn -0.99318 0.11659 0.0005060001
vn -0.8145809 0.5800499 0.000522
vn -0.9261491 -0.3771571 0.00051
vn -0.4169339 -0.9089367 0.0005129999
vn -0.1779329 -0.9840425 0.0005159997
vn 0.544342 -0.8388631 0.000526
vn 0.7355031 -0.6775211 0.0005220001
vn 0.7355051 -0.6775192 0
vn 0.999965 0.008382 0
vn 0.5443422 -0.8388633 0
vn -0.1779351 -0.9840423 0
vn -0.416934 -0.9089369 0
vn -0.9261494 -0.3771572 0
vn -0.9909636 -0.1341309 0
vn -0.9931799 0.116592 0
vn -0.8145801 0.5800511 0
vn -0.4342631 0.9007862 0
vn -0.434263 0.900786 0.00051
vn -0.1967071 0.9804623 0
vn -0.196706 0.9804623 0.0005150002
vn 0.05320703 0.9985836 0
vn -0.1946361 0.9696424 0.1480221
vn 0.05320802 0.9985833 0.0005180002
vn 0.5277553 0.8493965 0
vn 0.05141299 0.9613737 0.270402
vn 0.05287702 0.9875754 0.1479831
vn 0.527756 0.8493959 0.000516
vn 0.9660618 0.2583109 0
vn 0.4946361 0.7959381 0.349024
vn 0.5083452 0.8175174 0.2706481
vn 0.5221167 0.8400455 0.1473689
vn 0.9660628 0.2583069 0.0005219999
vn 0.999965 0.008382 0
vn 0.9999647 0.008384997 0.0005219999
vn 0.9890083 0.008972002 0.147588
vn 0.9555717 0.2545889 0.1485509
vn 0.9626087 0.009129997 0.2707419
vn 0.9300475 0.2478009 0.2713048
vn 0.9370452 0.008935001 0.349094
vn 0.905876 0.241209 0.348148
vn 0.8296756 0.007975996 0.5581887
vn 0.8018381 0.213233 0.5582001
vn 0.7035 0.006752002 0.7106631
vn 0.3864571 0.003627001 0.9223002
vn 4.958961E-07 7.728673E-07 1
vn 0.2033919 0.3275719 0.9226746
vn 0.283407 -0.261599 0.9226302
vn 0.020637 0.384942 0.9227101
vn 0.2099941 -0.3239671 0.9224684
vn -0.07590203 0.3785041 0.9224823
vn -0.06868704 -0.3797872 0.9225204
vn -0.167603 0.3481211 0.9223453
vn -0.16119 -0.3505901 0.9225532
vn -0.3141451 0.2239651 0.9225792
vn -0.3594582 -0.1461111 0.9216515
vn -0.383527 0.04429 0.9224671
vn -0.3836361 -0.05200001 0.9220192
vn 0.283407 -0.261599 0.9226302
vn 0.3864571 0.003627001 0.9223002
vn 0.7035 0.006752002 0.7106631
vn 0.5172771 -0.4766061 0.7108242
vn 0.2099941 -0.3239671 0.9224684
vn 0.8296756 0.007975996 0.5581887
vn 0.3823771 -0.5902581 0.710903
vn -0.06868704 -0.3797872 0.9225204
vn 0.6096588 -0.5620818 0.5589098
vn 0.9370452 0.008935001 0.349094
vn -0.125672 -0.6932487 0.7096568
vn -0.16119 -0.3505901 0.9225532
vn 0.6896918 -0.6352658 0.3475089
vn 0.9626087 0.009129997 0.2707419
vn 0.4507628 -0.6959358 0.5590048
vn -0.294084 -0.6401458 0.7097379
vn -0.3594582 -0.1461111 0.9216515
vn 0.7081707 -0.6528226 0.2689179
vn 0.9890083 0.008972002 0.147588
vn 0.5098181 -0.786733 0.348047
vn -0.147497 -0.816659 0.557954
vn -0.6529763 -0.2661921 0.7090584
vn -0.3836361 -0.05200001 0.9220192
vn 0.7271351 -0.670348 0.148014
vn 0.9999647 0.008384997 0.0005219999
vn -0.3465029 -0.7540467 0.5579868
vn -0.167442 -0.9224411 0.3479451
vn 0.523851 -0.8080741 0.269437
vn -0.6972328 -0.09497799 0.7105248
vn -0.383527 0.04429 0.9224671
vn -0.7674007 -0.3130999 0.5595218
vn -0.3912098 -0.8517637 0.3485019
vn -0.1714949 -0.9474206 0.2701549
vn 0.5381551 -0.829721 0.148163
vn -0.6994178 0.08094198 0.7101148
vn -0.3141451 0.2239651 0.9225792
vn -0.821562 -0.111704 0.559069
vn -0.8676422 -0.3537221 0.349396
vn -0.4015641 -0.8747662 0.2711651
vn -0.5735741 0.4086501 0.7099421
vn -0.167603 0.3481211 0.9223453
vn -0.8240962 0.09600902 0.5582541
vn -0.9284598 -0.12561 0.3495489
vn -0.305376 0.6341599 0.7103428
vn -0.07590203 0.3785041 0.9224823
vn -0.6756458 0.4815148 0.5582528
vn -0.138442 0.6904358 0.7100227
vn 0.020637 0.384942 0.9227101
vn -0.1763631 -0.9731873 0.1476571
vn -0.8912674 -0.3634332 0.2712171
vn -0.9309164 0.109239 0.3485132
vn -0.3604599 0.7479518 0.5573478
vn 0.03747198 0.7033356 0.7098696
vn 0.2033919 0.3275719 0.9226746
vn -0.4127491 -0.8987413 0.1479941
vn -0.953689 -0.129025 0.271716
vn -0.763687 0.544082 0.347501
vn -0.1633019 0.8137395 0.5578176
vn 0.37131 0.5981271 0.7101921
vn 0.3737549 0.09926396 0.9222006
vn -0.9160343 -0.3729981 0.1474911
vn -0.956094 0.11208 0.270781
vn -0.407248 0.8446871 0.347351
vn 0.04426101 0.8283982 0.5583881
vn -0.980228 -0.132893 0.146603
vn -0.784226 0.558686 0.269925
vn -0.1841991 0.9191945 0.3480692
vn -0.9824924 0.1149509 0.1466109
vn -0.417947 0.866953 0.271501
vn -0.8054639 0.5736049 0.149015
vn 0.4376329 0.7053309 0.5576609
vn 0.05001801 0.9360001 0.348428
vn -0.188896 0.9438991 0.270874
vn -0.429819 0.8907351 0.147806
vn 0.6799011 0.180897 0.7106411
vn -0.9909634 -0.1341321 0.0005060002
vn -0.99318 0.11659 0.0005060001
vn -0.8145809 0.5800499 0.000522
vn -0.9261491 -0.3771571 0.00051
vn -0.4169339 -0.9089367 0.0005129999
vn -0.1779329 -0.9840425 0.0005159997
vn 0.544342 -0.8388631 0.000526
vn 0.7355031 -0.6775211 0.0005220001
vn 0.7355051 -0.6775192 0
vn 0.999965 0.008382 0
vn 0.5443422 -0.8388633 0
vn -0.1779351 -0.9840423 0
vn -0.416934 -0.9089369 0
vn -0.9261494 -0.3771572 0
vn -0.9909636 -0.1341309 0
vn -0.9931799 0.116592 0
vn -0.8145801 0.5800511 0
vn -0.4342631 0.9007862 0
vn -0.434263 0.900786 0.00051
vn -0.1967071 0.9804623 0
vn -0.196706 0.9804623 0.0005150002
vn 0.05320703 0.9985836 0
vn -0.1946361 0.9696424 0.1480221
vn 0.05320802 0.9985833 0.0005180002
vn 0.5277553 0.8493965 0
vn 0.05141299 0.9613737 0.270402
vn 0.05287702 0.9875754 0.1479831
vn 0.527756 0.8493959 0.000516
vn 0.9660618 0.2583109 0
vn 0.4946361 0.7959381 0.349024
vn 0.5083452 0.8175174 0.2706481
vn 0.5221167 0.8400455 0.1473689
vn 0.9660628 0.2583069 0.0005219999
vn 0.999965 0.008382 0
vn 0.9999647 0.008384997 0.0005219999
vn 0.9890083 0.008972002 0.147588
vn 0.9555717 0.2545889 0.1485509
vn 0.9626087 0.009129997 0.2707419
vn 0.9300475 0.2478009 0.2713048
vn 0.9370452 0.008935001 0.349094
vn 0.905876 0.241209 0.348148
vn 0.8296756 0.007975996 0.5581887
vn 0.8018381 0.213233 0.5582001
vn 0.7035 0.006752002 0.7106631
vn 0.3864571 0.003627001 0.9223002
vn 4.872635E-07 2.229254E-05 1
vn 0.2033919 0.3275719 0.9226746
vn 0.283407 -0.261599 0.9226302
vn 0.020637 0.384942 0.9227101
vn 0.2099941 -0.3239671 0.9224684
vn -0.07590203 0.3785041 0.9224823
vn -0.06868704 -0.3797872 0.9225204
vn -0.167603 0.3481211 0.9223453
vn -0.16119 -0.3505901 0.9225532
vn -0.3141451 0.2239651 0.9225792
vn -0.3594582 -0.1461111 0.9216515
vn -0.383527 0.04429 0.9224671
vn -0.3836361 -0.05200001 0.9220192
vn 0.283407 -0.261599 0.9226302
vn 0.3864571 0.003627001 0.9223002
vn 0.7035 0.006752002 0.7106631
vn 0.5172771 -0.4766061 0.7108242
vn 0.2099941 -0.3239671 0.9224684
vn 0.8296756 0.007975996 0.5581887
vn 0.3823771 -0.5902581 0.710903
vn -0.06868704 -0.3797872 0.9225204
vn 0.6096588 -0.5620818 0.5589098
vn 0.9370452 0.008935001 0.349094
vn -0.125672 -0.6932487 0.7096568
vn -0.16119 -0.3505901 0.9225532
vn 0.6896918 -0.6352658 0.3475089
vn 0.9626087 0.009129997 0.2707419
vn 0.4507628 -0.6959358 0.5590048
vn -0.294084 -0.6401458 0.7097379
vn -0.3594582 -0.1461111 0.9216515
vn 0.7081707 -0.6528226 0.2689179
vn 0.9890083 0.008972002 0.147588
vn 0.5098181 -0.786733 0.348047
vn -0.147497 -0.816659 0.557954
vn -0.6529763 -0.2661921 0.7090584
vn -0.3836361 -0.05200001 0.9220192
vn 0.7271351 -0.670348 0.148014
vn 0.9999647 0.008384997 0.0005219999
vn -0.3465029 -0.7540467 0.5579868
vn -0.167442 -0.9224411 0.3479451
vn 0.523851 -0.8080741 0.269437
vn -0.6972328 -0.09497799 0.7105248
vn -0.383527 0.04429 0.9224671
vn -0.7674007 -0.3130999 0.5595218
vn -0.3912098 -0.8517637 0.3485019
vn -0.1714949 -0.9474206 0.2701549
vn 0.5381551 -0.829721 0.148163
vn -0.6994178 0.08094198 0.7101148
vn -0.3141451 0.2239651 0.9225792
vn -0.821562 -0.111704 0.559069
vn -0.8676422 -0.3537221 0.349396
vn -0.4015641 -0.8747662 0.2711651
vn -0.5735741 0.4086501 0.7099421
vn -0.167603 0.3481211 0.9223453
vn -0.8240962 0.09600902 0.5582541
vn -0.9284598 -0.12561 0.3495489
vn -0.305376 0.6341599 0.7103428
vn -0.07590203 0.3785041 0.9224823
vn -0.6756458 0.4815148 0.5582528
vn -0.138442 0.6904358 0.7100227
vn 0.020637 0.384942 0.9227101
vn -0.1763631 -0.9731873 0.1476571
vn -0.8912674 -0.3634332 0.2712171
vn -0.9309164 0.109239 0.3485132
vn -0.3604599 0.7479518 0.5573478
vn 0.03747198 0.7033356 0.7098696
vn 0.2033919 0.3275719 0.9226746
vn -0.4127491 -0.8987413 0.1479941
vn -0.953689 -0.129025 0.271716
vn -0.763687 0.544082 0.347501
vn -0.1633019 0.8137395 0.5578176
vn 0.37131 0.5981271 0.7101921
vn 0.3737549 0.09926396 0.9222006
vn -0.9160343 -0.3729981 0.1474911
vn -0.956094 0.11208 0.270781
vn -0.407248 0.8446871 0.347351
vn 0.04426101 0.8283982 0.5583881
vn -0.980228 -0.132893 0.146603
vn -0.784226 0.558686 0.269925
vn -0.1841991 0.9191945 0.3480692
vn -0.9824924 0.1149509 0.1466109
vn -0.417947 0.866953 0.271501
vn -0.8054639 0.5736049 0.149015
vn 0.4376329 0.7053309 0.5576609
vn 0.05001801 0.9360001 0.348428
vn -0.188896 0.9438991 0.270874
vn -0.429819 0.8907351 0.147806
vn 0.6799011 0.180897 0.7106411
vn -0.9909634 -0.1341321 0.0005060002
vn -0.99318 0.11659 0.0005060001
vn -0.8145809 0.5800499 0.000522
vn -0.9261491 -0.3771571 0.00051
vn -0.4169339 -0.9089367 0.0005129999
vn -0.1779329 -0.9840425 0.0005159997
vn 0.544342 -0.8388631 0.000526
vn 0.7355031 -0.6775211 0.0005220001
vn 0.7355051 -0.6775192 0
vn 0.999965 0.008382 0
vn 0.5443422 -0.8388633 0
vn -0.1779351 -0.9840423 0
vn -0.416934 -0.9089369 0
vn -0.9261494 -0.3771572 0
vn -0.9909636 -0.1341309 0
vn -0.9931799 0.116592 0
vn -0.8145801 0.5800511 0
vn -0.4342631 0.9007862 0
vn -0.434263 0.900786 0.00051
vn -0.1967071 0.9804623 0
vn -0.196706 0.9804623 0.0005150002
vn 0.05320703 0.9985836 0
vn -0.1946361 0.9696424 0.1480221
vn 0.05320802 0.9985833 0.0005180002
vn 0.5277553 0.8493965 0
vn 0.05141299 0.9613737 0.270402
vn 0.05287702 0.9875754 0.1479831
vn 0.527756 0.8493959 0.000516
vn 0.9660618 0.2583109 0
vn 0.4946361 0.7959381 0.349024
vn 0.5083452 0.8175174 0.2706481
vn 0.5221167 0.8400455 0.1473689
vn 0.9660628 0.2583069 0.0005219999
vn 0.999965 0.008382 0
vn 0.9999647 0.008384997 0.0005219999
vn 0.9890083 0.008972002 0.147588
vn 0.9555717 0.2545889 0.1485509
vn 0.9626087 0.009129997 0.2707419
vn 0.9300475 0.2478009 0.2713048
vn 0.9370452 0.008935001 0.349094
vn 0.905876 0.241209 0.348148
vn 0.8296756 0.007975996 0.5581887
vn 0.8018381 0.213233 0.5582001
vn 0.7035 0.006752002 0.7106631
vn 0.3864571 0.003627001 0.9223002
vn 4.784313E-07 1.414744E-05 1
vn 0.2033919 0.3275719 0.9226746
vn 0.283407 -0.261599 0.9226302
vn 0.020637 0.384942 0.9227101
vn 0.2099941 -0.3239671 0.9224684
vn -0.07590203 0.3785041 0.9224823
vn -0.06868704 -0.3797872 0.9225204
vn -0.167603 0.3481211 0.9223453
vn -0.16119 -0.3505901 0.9225532
vn -0.3141451 0.2239651 0.9225792
vn -0.3594582 -0.1461111 0.9216515
vn -0.383527 0.04429 0.9224671
vn -0.3836361 -0.05200001 0.9220192
vn 0.283407 -0.261599 0.9226302
vn 0.3864571 0.003627001 0.9223002
vn 0.7035 0.006752002 0.7106631
vn 0.5172771 -0.4766061 0.7108242
vn 0.2099941 -0.3239671 0.9224684
vn 0.8296756 0.007975996 0.5581887
vn 0.3823771 -0.5902581 0.710903
vn -0.06868704 -0.3797872 0.9225204
vn 0.6096588 -0.5620818 0.5589098
vn 0.9370452 0.008935001 0.349094
vn -0.125672 -0.6932487 0.7096568
vn -0.16119 -0.3505901 0.9225532
vn 0.6896918 -0.6352658 0.3475089
vn 0.9626087 0.009129997 0.2707419
vn 0.4507628 -0.6959358 0.5590048
vn -0.294084 -0.6401458 0.7097379
vn -0.3594582 -0.1461111 0.9216515
vn 0.7081707 -0.6528226 0.2689179
vn 0.9890083 0.008972002 0.147588
vn 0.5098181 -0.786733 0.348047
vn -0.147497 -0.816659 0.557954
vn -0.6529763 -0.2661921 0.7090584
vn -0.3836361 -0.05200001 0.9220192
vn 0.7271351 -0.670348 0.148014
vn 0.9999647 0.008384997 0.0005219999
vn -0.3465029 -0.7540467 0.5579868
vn -0.167442 -0.9224411 0.3479451
vn 0.523851 -0.8080741 0.269437
vn -0.6972328 -0.09497799 0.7105248
vn -0.383527 0.04429 0.9224671
vn -0.7674007 -0.3130999 0.5595218
vn -0.3912098 -0.8517637 0.3485019
vn -0.1714949 -0.9474206 0.2701549
vn 0.5381551 -0.829721 0.148163
vn -0.6994178 0.08094198 0.7101148
vn -0.3141451 0.2239651 0.9225792
vn -0.821562 -0.111704 0.559069
vn -0.8676422 -0.3537221 0.349396
vn -0.4015641 -0.8747662 0.2711651
vn -0.5735741 0.4086501 0.7099421
vn -0.167603 0.3481211 0.9223453
vn -0.8240962 0.09600902 0.5582541
vn -0.9284598 -0.12561 0.3495489
vn -0.305376 0.6341599 0.7103428
vn -0.07590203 0.3785041 0.9224823
vn -0.6756458 0.4815148 0.5582528
vn -0.138442 0.6904358 0.7100227
vn 0.020637 0.384942 0.9227101
vn -0.1763631 -0.9731873 0.1476571
vn -0.8912674 -0.3634332 0.2712171
vn -0.9309164 0.109239 0.3485132
vn -0.3604599 0.7479518 0.5573478
vn 0.03747198 0.7033356 0.7098696
vn 0.2033919 0.3275719 0.9226746
vn -0.4127491 -0.8987413 0.1479941
vn -0.953689 -0.129025 0.271716
vn -0.763687 0.544082 0.347501
vn -0.1633019 0.8137395 0.5578176
vn 0.37131 0.5981271 0.7101921
vn 0.3737549 0.09926396 0.9222006
vn -0.9160343 -0.3729981 0.1474911
vn -0.956094 0.11208 0.270781
vn -0.407248 0.8446871 0.347351
vn 0.04426101 0.8283982 0.5583881
vn -0.980228 -0.132893 0.146603
vn -0.784226 0.558686 0.269925
vn -0.1841991 0.9191945 0.3480692
vn -0.9824924 0.1149509 0.1466109
vn -0.417947 0.866953 0.271501
vn -0.8054639 0.5736049 0.149015
vn 0.4376329 0.7053309 0.5576609
vn 0.05001801 0.9360001 0.348428
vn -0.188896 0.9438991 0.270874
vn -0.429819 0.8907351 0.147806
vn 0.6799011 0.180897 0.7106411
vn -0.9909634 -0.1341321 0.0005060002
vn -0.99318 0.11659 0.0005060001
vn -0.8145809 0.5800499 0.000522
vn -0.9261491 -0.3771571 0.00051
vn -0.4169339 -0.9089367 0.0005129999
vn -0.1779329 -0.9840425 0.0005159997
vn 0.544342 -0.8388631 0.000526
vn 0.7355031 -0.6775211 0.0005220001
vn 0.7355051 -0.6775192 0
vn 0.999965 0.008382 0
vn 0.5443422 -0.8388633 0
vn -0.1779351 -0.9840423 0
vn -0.416934 -0.9089369 0
vn -0.9261494 -0.3771572 0
vn -0.9909636 -0.1341309 0
vn -0.9931799 0.116592 0
vn -0.8145801 0.5800511 0
vn -0.4342631 0.9007862 0
vn -0.434263 0.900786 0.00051
vn -0.1967071 0.9804623 0
vn -0.196706 0.9804623 0.0005150002
vn 0.05320703 0.9985836 0
vn -0.1946361 0.9696424 0.1480221
vn 0.05320802 0.9985833 0.0005180002
vn 0.5277553 0.8493965 0
vn 0.05141299 0.9613737 0.270402
vn 0.05287702 0.9875754 0.1479831
vn 0.527756 0.8493959 0.000516
vn 0.9660618 0.2583109 0
vn 0.4946361 0.7959381 0.349024
vn 0.5083452 0.8175174 0.2706481
vn 0.5221167 0.8400455 0.1473689
vn 0.9660628 0.2583069 0.0005219999
vn 0.999965 0.008382 0
vn 0.9999647 0.008384997 0.0005219999
vn 0.9890083 0.008972002 0.147588
vn 0.9555717 0.2545889 0.1485509
vn 0.9626087 0.009129997 0.2707419
vn 0.9300475 0.2478009 0.2713048
vn 0.9370452 0.008935001 0.349094
vn 0.905876 0.241209 0.348148
vn 0.8296756 0.007975996 0.5581887
vn 0.8018381 0.213233 0.5582001
vn 0.7035 0.006752002 0.7106631
vn 0.3864571 0.003627001 0.9223002
vn 4.787374E-07 -4.496153E-06 1
vn 0.2033919 0.3275719 0.9226746
vn 0.283407 -0.261599 0.9226302
vn 0.020637 0.384942 0.9227101
vn 0.2099941 -0.3239671 0.9224684
vn -0.07590203 0.3785041 0.9224823
vn -0.06868704 -0.3797872 0.9225204
vn -0.167603 0.3481211 0.9223453
vn -0.16119 -0.3505901 0.9225532
vn -0.3141451 0.2239651 0.9225792
vn -0.3594582 -0.1461111 0.9216515
vn -0.383527 0.04429 0.9224671
vn -0.3836361 -0.05200001 0.9220192
vn 0.283407 -0.261599 0.9226302
vn 0.3864571 0.003627001 0.9223002
vn 0.7035 0.006752002 0.7106631
vn 0.5172771 -0.4766061 0.7108242
vn 0.2099941 -0.3239671 0.9224684
vn 0.8296756 0.007975996 0.5581887
vn 0.3823771 -0.5902581 0.710903
vn -0.06868704 -0.3797872 0.9225204
vn 0.6096588 -0.5620818 0.5589098
vn 0.9370452 0.008935001 0.349094
vn -0.125672 -0.6932487 0.7096568
vn -0.16119 -0.3505901 0.9225532
vn 0.6896918 -0.6352658 0.3475089
vn 0.9626087 0.009129997 0.2707419
vn 0.4507628 -0.6959358 0.5590048
vn -0.294084 -0.6401458 0.7097379
vn -0.3594582 -0.1461111 0.9216515
vn 0.7081707 -0.6528226 0.2689179
vn 0.9890083 0.008972002 0.147588
vn 0.5098181 -0.786733 0.348047
vn -0.147497 -0.816659 0.557954
vn -0.6529763 -0.2661921 0.7090584
vn -0.3836361 -0.05200001 0.9220192
vn 0.7271351 -0.670348 0.148014
vn 0.9999647 0.008384997 0.0005219999
vn -0.3465029 -0.7540467 0.5579868
vn -0.167442 -0.9224411 0.3479451
vn 0.523851 -0.8080741 0.269437
vn -0.6972328 -0.09497799 0.7105248
vn -0.383527 0.04429 0.9224671
vn -0.7674007 -0.3130999 0.5595218
vn -0.3912098 -0.8517637 0.3485019
vn -0.1714949 -0.9474206 0.2701549
vn 0.5381551 -0.829721 0.148163
vn -0.6994178 0.08094198 0.7101148
vn -0.3141451 0.2239651 0.9225792
vn -0.821562 -0.111704 0.559069
vn -0.8676422 -0.3537221 0.349396
vn -0.4015641 -0.8747662 0.2711651
vn -0.5735741 0.4086501 0.7099421
vn -0.167603 0.3481211 0.9223453
vn -0.8240962 0.09600902 0.5582541
vn -0.9284598 -0.12561 0.3495489
vn -0.305376 0.6341599 0.7103428
vn -0.07590203 0.3785041 0.9224823
vn -0.6756458 0.4815148 0.5582528
vn -0.138442 0.6904358 0.7100227
vn 0.020637 0.384942 0.9227101
vn -0.1763631 -0.9731873 0.1476571
vn -0.8912674 -0.3634332 0.2712171
vn -0.9309164 0.109239 0.3485132
vn -0.3604599 0.7479518 0.5573478
vn 0.03747198 0.7033356 0.7098696
vn 0.2033919 0.3275719 0.9226746
vn -0.4127491 -0.8987413 0.1479941
vn -0.953689 -0.129025 0.271716
vn -0.763687 0.544082 0.347501
vn -0.1633019 0.8137395 0.5578176
vn 0.37131 0.5981271 0.7101921
vn 0.3737549 0.09926396 0.9222006
vn -0.9160343 -0.3729981 0.1474911
vn -0.956094 0.11208 0.270781
vn -0.407248 0.8446871 0.347351
vn 0.04426101 0.8283982 0.5583881
vn -0.980228 -0.132893 0.146603
vn -0.784226 0.558686 0.269925
vn -0.1841991 0.9191945 0.3480692
vn -0.9824924 0.1149509 0.1466109
vn -0.417947 0.866953 0.271501
vn -0.8054639 0.5736049 0.149015
vn 0.4376329 0.7053309 0.5576609
vn 0.05001801 0.9360001 0.348428
vn -0.188896 0.9438991 0.270874
vn -0.429819 0.8907351 0.147806
vn 0.6799011 0.180897 0.7106411
vn -0.9909634 -0.1341321 0.0005060002
vn -0.99318 0.11659 0.0005060001
vn -0.8145809 0.5800499 0.000522
vn -0.9261491 -0.3771571 0.00051
vn -0.4169339 -0.9089367 0.0005129999
vn -0.1779329 -0.9840425 0.0005159997
vn 0.544342 -0.8388631 0.000526
vn 0.7355031 -0.6775211 0.0005220001
vn 0.7355051 -0.6775192 0
vn 0.999965 0.008382 0
vn 0.5443422 -0.8388633 0
vn -0.1779351 -0.9840423 0
vn -0.416934 -0.9089369 0
vn -0.9261494 -0.3771572 0
vn -0.9909636 -0.1341309 0
vn -0.9931799 0.116592 0
vn -0.8145801 0.5800511 0
vn -0.4342631 0.9007862 0
vn -0.434263 0.900786 0.00051
vn -0.1967071 0.9804623 0
vn -0.196706 0.9804623 0.0005150002
vn 0.05320703 0.9985836 0
vn -0.1946361 0.9696424 0.1480221
vn 0.05320802 0.9985833 0.0005180002
vn 0.5277553 0.8493965 0
vn 0.05141299 0.9613737 0.270402
vn 0.05287702 0.9875754 0.1479831
vn 0.527756 0.8493959 0.000516
vn 0.9660618 0.2583109 0
vn 0.4946361 0.7959381 0.349024
vn 0.5083452 0.8175174 0.2706481
vn 0.5221167 0.8400455 0.1473689
vn 0.9660628 0.2583069 0.0005219999
vn 0.999965 0.008382 0
vn 0.9999647 0.008384997 0.0005219999
vn 0.9890083 0.008972002 0.147588
vn 0.9555717 0.2545889 0.1485509
vn 0.9626087 0.009129997 0.2707419
vn 0.9300475 0.2478009 0.2713048
vn 0.9370452 0.008935001 0.349094
vn 0.905876 0.241209 0.348148
vn 0.8296756 0.007975996 0.5581887
vn 0.8018381 0.213233 0.5582001
vn 0.7035 0.006752002 0.7106631
vn 0.3864571 0.003627001 0.9223002
vn 4.930991E-07 -2.631594E-05 1
vn 0.2033919 0.3275719 0.9226746
vn 0.283407 -0.261599 0.9226302
vn 0.020637 0.384942 0.9227101
vn 0.2099941 -0.3239671 0.9224684
vn -0.07590203 0.3785041 0.9224823
vn -0.06868704 -0.3797872 0.9225204
vn -0.167603 0.3481211 0.9223453
vn -0.16119 -0.3505901 0.9225532
vn -0.3141451 0.2239651 0.9225792
vn -0.3594582 -0.1461111 0.9216515
vn -0.383527 0.04429 0.9224671
vn -0.3836361 -0.05200001 0.9220192
vn 0.283407 -0.261599 0.9226302
vn 0.3864571 0.003627001 0.9223002
vn 0.7035 0.006752002 0.7106631
vn 0.5172771 -0.4766061 0.7108242
vn 0.2099941 -0.3239671 0.9224684
vn 0.8296756 0.007975996 0.5581887
vn 0.3823771 -0.5902581 0.710903
vn -0.06868704 -0.3797872 0.9225204
vn 0.6096588 -0.5620818 0.5589098
vn 0.9370452 0.008935001 0.349094
vn -0.125672 -0.6932487 0.7096568
vn -0.16119 -0.3505901 0.9225532
vn 0.6896918 -0.6352658 0.3475089
vn 0.9626087 0.009129997 0.2707419
vn 0.4507628 -0.6959358 0.5590048
vn -0.294084 -0.6401458 0.7097379
vn -0.3594582 -0.1461111 0.9216515
vn 0.7081707 -0.6528226 0.2689179
vn 0.9890083 0.008972002 0.147588
vn 0.5098181 -0.786733 0.348047
vn -0.147497 -0.816659 0.557954
vn -0.6529763 -0.2661921 0.7090584
vn -0.3836361 -0.05200001 0.9220192
vn 0.7271351 -0.670348 0.148014
vn 0.9999647 0.008384997 0.0005219999
vn -0.3465029 -0.7540467 0.5579868
vn -0.167442 -0.9224411 0.3479451
vn 0.523851 -0.8080741 0.269437
vn -0.6972328 -0.09497799 0.7105248
vn -0.383527 0.04429 0.9224671
vn -0.7674007 -0.3130999 0.5595218
vn -0.3912098 -0.8517637 0.3485019
vn -0.1714949 -0.9474206 0.2701549
vn 0.5381551 -0.829721 0.148163
vn -0.6994178 0.08094198 0.7101148
vn -0.3141451 0.2239651 0.9225792
vn -0.821562 -0.111704 0.559069
vn -0.8676422 -0.3537221 0.349396
vn -0.4015641 -0.8747662 0.2711651
vn -0.5735741 0.4086501 0.7099421
vn -0.167603 0.3481211 0.9223453
vn -0.8240962 0.09600902 0.5582541
vn -0.9284598 -0.12561 0.3495489
vn -0.305376 0.6341599 0.7103428
vn -0.07590203 0.3785041 0.9224823
vn -0.6756458 0.4815148 0.5582528
vn -0.138442 0.6904358 0.7100227
vn 0.020637 0.384942 0.9227101
vn -0.1763631 -0.9731873 0.1476571
vn -0.8912674 -0.3634332 0.2712171
vn -0.9309164 0.109239 0.3485132
vn -0.3604599 0.7479518 0.5573478
vn 0.03747198 0.7033356 0.7098696
vn 0.2033919 0.3275719 0.9226746
vn -0.4127491 -0.8987413 0.1479941
vn -0.953689 -0.129025 0.271716
vn -0.763687 0.544082 0.347501
vn -0.1633019 0.8137395 0.5578176
vn 0.37131 0.5981271 0.7101921
vn 0.3737549 0.09926396 0.9222006
vn -0.9160343 -0.3729981 0.1474911
vn -0.956094 0.11208 0.270781
vn -0.407248 0.8446871 0.347351
vn 0.04426101 0.8283982 0.5583881
vn -0.980228 -0.132893 0.146603
vn -0.784226 0.558686 0.269925
vn -0.1841991 0.9191945 0.3480692
vn -0.9824924 0.1149509 0.1466109
vn -0.417947 0.866953 0.271501
vn -0.8054639 0.5736049 0.149015
vn 0.4376329 0.7053309 0.5576609
vn 0.05001801 0.9360001 0.348428
vn -0.188896 0.9438991 0.270874
vn -0.429819 0.8907351 0.147806
vn 0.6799011 0.180897 0.7106411
vn -0.9909634 -0.1341321 0.0005060002
vn -0.99318 0.11659 0.0005060001
vn -0.8145809 0.5800499 0.000522
vn -0.9261491 -0.3771571 0.00051
vn -0.4169339 -0.9089367 0.0005129999
vn -0.1779329 -0.9840425 0.0005159997
vn 0.544342 -0.8388631 0.000526
vn 0.7355031 -0.6775211 0.0005220001
vn 0.7355051 -0.6775192 0
vn 0.999965 0.008382 0
vn 0.5443422 -0.8388633 0
vn -0.1779351 -0.9840423 0
vn -0.416934 -0.9089369 0
vn -0.9261494 -0.3771572 0
vn -0.9909636 -0.1341309 0
vn -0.9931799 0.116592 0
vn -0.8145801 0.5800511 0
vn -0.4342631 0.9007862 0
vn -0.434263 0.900786 0.00051
vn -0.1967071 0.9804623 0
vn -0.196706 0.9804623 0.0005150002
vn 0.05320703 0.9985836 0
vn -0.1946361 0.9696424 0.1480221
vn 0.05320802 0.9985833 0.0005180002
vn 0.5277553 0.8493965 0
vn 0.05141299 0.9613737 0.270402
vn 0.05287702 0.9875754 0.1479831
vn 0.527756 0.8493959 0.000516
vn 0.9660618 0.2583109 0
vn 0.4946361 0.7959381 0.349024
vn 0.5083452 0.8175174 0.2706481
vn 0.5221167 0.8400455 0.1473689
vn 0.9660628 0.2583069 0.0005219999
vn 0.999965 0.008382 0
vn 0.9999647 0.008384997 0.0005219999
vn 0.9890083 0.008972002 0.147588
vn 0.9555717 0.2545889 0.1485509
vn 0.9626087 0.009129997 0.2707419
vn 0.9300475 0.2478009 0.2713048
vn 0.9370452 0.008935001 0.349094
vn 0.905876 0.241209 0.348148
vn 0.8296756 0.007975996 0.5581887
vn 0.8018381 0.213233 0.5582001
vn 0.7035 0.006752002 0.7106631
vn 0.3864571 0.003627001 0.9223002
vn 5.179714E-07 -6.865961E-06 1
vn 0.2033919 0.3275719 0.9226746
vn 0.283407 -0.261599 0.9226302
vn 0.020637 0.384942 0.9227101
vn 0.2099941 -0.3239671 0.9224684
vn -0.07590203 0.3785041 0.9224823
vn -0.06868704 -0.3797872 0.9225204
vn -0.167603 0.3481211 0.9223453
vn -0.16119 -0.3505901 0.9225532
vn -0.3141451 0.2239651 0.9225792
vn -0.3594582 -0.1461111 0.9216515
vn -0.383527 0.04429 0.9224671
vn -0.3836361 -0.05200001 0.9220192
vn 0.283407 -0.261599 0.9226302
vn 0.3864571 0.003627001 0.9223002
vn 0.7035 0.006752002 0.7106631
vn 0.5172771 -0.4766061 0.7108242
vn 0.2099941 -0.3239671 0.9224684
vn 0.8296756 0.007975996 0.5581887
vn 0.3823771 -0.5902581 0.710903
vn -0.06868704 -0.3797872 0.9225204
vn 0.6096588 -0.5620818 0.5589098
vn 0.9370452 0.008935001 0.349094
vn -0.125672 -0.6932487 0.7096568
vn -0.16119 -0.3505901 0.9225532
vn 0.6896918 -0.6352658 0.3475089
vn 0.9626087 0.009129997 0.2707419
vn 0.4507628 -0.6959358 0.5590048
vn -0.294084 -0.6401458 0.7097379
vn -0.3594582 -0.1461111 0.9216515
vn 0.7081707 -0.6528226 0.2689179
vn 0.9890083 0.008972002 0.147588
vn 0.5098181 -0.786733 0.348047
vn -0.147497 -0.816659 0.557954
vn -0.6529763 -0.2661921 0.7090584
vn -0.3836361 -0.05200001 0.9220192
vn 0.7271351 -0.670348 0.148014
vn 0.9999647 0.008384997 0.0005219999
vn -0.3465029 -0.7540467 0.5579868
vn -0.167442 -0.9224411 0.3479451
vn 0.523851 -0.8080741 0.269437
vn -0.6972328 -0.09497799 0.7105248
vn -0.383527 0.04429 0.9224671
vn -0.7674007 -0.3130999 0.5595218
vn -0.3912098 -0.8517637 0.3485019
vn -0.1714949 -0.9474206 0.2701549
vn 0.5381551 -0.829721 0.148163
vn -0.6994178 0.08094198 0.7101148
vn -0.3141451 0.2239651 0.9225792
vn -0.821562 -0.111704 0.559069
vn -0.8676422 -0.3537221 0.349396
vn -0.4015641 -0.8747662 0.2711651
vn -0.5735741 0.4086501 0.7099421
vn -0.167603 0.3481211 0.9223453
vn -0.8240962 0.09600902 0.5582541
vn -0.9284598 -0.12561 0.3495489
vn -0.305376 0.6341599 0.7103428
vn -0.07590203 0.3785041 0.9224823
vn -0.6756458 0.4815148 0.5582528
vn -0.138442 0.6904358 0.7100227
vn 0.020637 0.384942 0.9227101
vn -0.1763631 -0.9731873 0.1476571
vn -0.8912674 -0.3634332 0.2712171
vn -0.9309164 0.109239 0.3485132
vn -0.3604599 0.7479518 0.5573478
vn 0.03747198 0.7033356 0.7098696
vn 0.2033919 0.3275719 0.9226746
vn -0.4127491 -0.8987413 0.1479941
vn -0.953689 -0.129025 0.271716
vn -0.763687 0.544082 0.347501
vn -0.1633019 0.8137395 0.5578176
vn 0.37131 0.5981271 0.7101921
vn 0.3737549 0.09926396 0.9222006
vn -0.9160343 -0.3729981 0.1474911
vn -0.956094 0.11208 0.270781
vn -0.407248 0.8446871 0.347351
vn 0.04426101 0.8283982 0.5583881
vn -0.980228 -0.132893 0.146603
vn -0.784226 0.558686 0.269925
vn -0.1841991 0.9191945 0.3480692
vn -0.9824924 0.1149509 0.1466109
vn -0.417947 0.866953 0.271501
vn -0.8054639 0.5736049 0.149015
vn 0.4376329 0.7053309 0.5576609
vn 0.05001801 0.9360001 0.348428
vn -0.188896 0.9438991 0.270874
vn -0.429819 0.8907351 0.147806
vn 0.6799011 0.180897 0.7106411
vn -0.9909634 -0.1341321 0.0005060002
vn -0.99318 0.11659 0.0005060001
vn -0.8145809 0.5800499 0.000522
vn -0.9261491 -0.3771571 0.00051
vn -0.4169339 -0.9089367 0.0005129999
vn -0.1779329 -0.9840425 0.0005159997
vn 0.544342 -0.8388631 0.000526
vn 0.7355031 -0.6775211 0.0005220001
vn 0.7355051 -0.6775192 0
vn 0.999965 0.008382 0
vn 0.5443422 -0.8388633 0
vn -0.1779351 -0.9840423 0
vn -0.416934 -0.9089369 0
vn -0.9261494 -0.3771572 0
vn -0.9909636 -0.1341309 0
vn -0.9931799 0.116592 0
vn -0.8145801 0.5800511 0
vn -0.4342631 0.9007862 0
vn -0.434263 0.900786 0.00051
vn -0.1967071 0.9804623 0
vn -0.196706 0.9804623 0.0005150002
vn 0.05320703 0.9985836 0
vn -0.1946361 0.9696424 0.1480221
vn 0.05320802 0.9985833 0.0005180002
vn 0.5277553 0.8493965 0
vn 0.05141299 0.9613737 0.270402
vn 0.05287702 0.9875754 0.1479831
vn 0.527756 0.8493959 0.000516
vn 0.9660618 0.2583109 0
vn 0.4946361 0.7959381 0.349024
vn 0.5083452 0.8175174 0.2706481
vn 0.5221167 0.8400455 0.1473689
vn 0.9660628 0.2583069 0.0005219999
vn 0.999965 0.008382 0
vn 0.9999647 0.008384997 0.0005219999
vn 0.9890083 0.008972002 0.147588
vn 0.9555717 0.2545889 0.1485509
vn 0.9626087 0.009129997 0.2707419
vn 0.9300475 0.2478009 0.2713048
vn 0.9370452 0.008935001 0.349094
vn 0.905876 0.241209 0.348148
vn 0.8296756 0.007975996 0.5581887
vn 0.8018381 0.213233 0.5582001
vn 0.7035 0.006752002 0.7106631
vn 0.3864571 0.003627001 0.9223002
vn 4.930991E-07 -2.631594E-05 1
vn 0.2033919 0.3275719 0.9226746
vn 0.283407 -0.261599 0.9226302
vn 0.020637 0.384942 0.9227101
vn 0.2099941 -0.3239671 0.9224684
vn -0.07590203 0.3785041 0.9224823
vn -0.06868704 -0.3797872 0.9225204
vn -0.167603 0.3481211 0.9223453
vn -0.16119 -0.3505901 0.9225532
vn -0.3141451 0.2239651 0.9225792
vn -0.3594582 -0.1461111 0.9216515
vn -0.383527 0.04429 0.9224671
vn -0.3836361 -0.05200001 0.9220192
vn 0.283407 -0.261599 0.9226302
vn 0.3864571 0.003627001 0.9223002
vn 0.7035 0.006752002 0.7106631
vn 0.5172771 -0.4766061 0.7108242
vn 0.2099941 -0.3239671 0.9224684
vn 0.8296756 0.007975996 0.5581887
vn 0.3823771 -0.5902581 0.710903
vn -0.06868704 -0.3797872 0.9225204
vn 0.6096588 -0.5620818 0.5589098
vn 0.9370452 0.008935001 0.349094
vn -0.125672 -0.6932487 0.7096568
vn -0.16119 -0.3505901 0.9225532
vn 0.6896918 -0.6352658 0.3475089
vn 0.9626087 0.009129997 0.2707419
vn 0.4507628 -0.6959358 0.5590048
vn -0.294084 -0.6401458 0.7097379
vn -0.3594582 -0.1461111 0.9216515
vn 0.7081707 -0.6528226 0.2689179
vn 0.9890083 0.008972002 0.147588
vn 0.5098181 -0.786733 0.348047
vn -0.147497 -0.816659 0.557954
vn -0.6529763 -0.2661921 0.7090584
vn -0.3836361 -0.05200001 0.9220192
vn 0.7271351 -0.670348 0.148014
vn 0.9999647 0.008384997 0.0005219999
vn -0.3465029 -0.7540467 0.5579868
vn -0.167442 -0.9224411 0.3479451
vn 0.523851 -0.8080741 0.269437
vn -0.6972328 -0.09497799 0.7105248
vn -0.383527 0.04429 0.9224671
vn -0.7674007 -0.3130999 0.5595218
vn -0.3912098 -0.8517637 0.3485019
vn -0.1714949 -0.9474206 0.2701549
vn 0.5381551 -0.829721 0.148163
vn -0.6994178 0.08094198 0.7101148
vn -0.3141451 0.2239651 0.9225792
vn -0.821562 -0.111704 0.559069
vn -0.8676422 -0.3537221 0.349396
vn -0.4015641 -0.8747662 0.2711651
vn -0.5735741 0.4086501 0.7099421
vn -0.167603 0.3481211 0.9223453
vn -0.8240962 0.09600902 0.5582541
vn -0.9284598 -0.12561 0.3495489
vn -0.305376 0.6341599 0.7103428
vn -0.07590203 0.3785041 0.9224823
vn -0.6756458 0.4815148 0.5582528
vn -0.138442 0.6904358 0.7100227
vn 0.020637 0.384942 0.9227101
vn -0.1763631 -0.9731873 0.1476571
vn -0.8912674 -0.3634332 0.2712171
vn -0.9309164 0.109239 0.3485132
vn -0.3604599 0.7479518 0.5573478
vn 0.03747198 0.7033356 0.7098696
vn 0.2033919 0.3275719 0.9226746
vn -0.4127491 -0.8987413 0.1479941
vn -0.953689 -0.129025 0.271716
vn -0.763687 0.544082 0.347501
vn -0.1633019 0.8137395 0.5578176
vn 0.37131 0.5981271 0.7101921
vn 0.3737549 0.09926396 0.9222006
vn -0.9160343 -0.3729981 0.1474911
vn -0.956094 0.11208 0.270781
vn -0.407248 0.8446871 0.347351
vn 0.04426101 0.8283982 0.5583881
vn -0.980228 -0.132893 0.146603
vn -0.784226 0.558686 0.269925
vn -0.1841991 0.9191945 0.3480692
vn -0.9824924 0.1149509 0.1466109
vn -0.417947 0.866953 0.271501
vn -0.8054639 0.5736049 0.149015
vn 0.4376329 0.7053309 0.5576609
vn 0.05001801 0.9360001 0.348428
vn -0.188896 0.9438991 0.270874
vn -0.429819 0.8907351 0.147806
vn 0.6799011 0.180897 0.7106411
vn -0.9909634 -0.1341321 0.0005060002
vn -0.99318 0.11659 0.0005060001
vn -0.8145809 0.5800499 0.000522
vn -0.9261491 -0.3771571 0.00051
vn -0.4169339 -0.9089367 0.0005129999
vn -0.1779329 -0.9840425 0.0005159997
vn 0.544342 -0.8388631 0.000526
vn 0.7355031 -0.6775211 0.0005220001
vn 0.7355051 -0.6775192 0
vn 0.999965 0.008382 0
vn 0.5443422 -0.8388633 0
vn -0.1779351 -0.9840423 0
vn -0.416934 -0.9089369 0
vn -0.9261494 -0.3771572 0
vn -0.9909636 -0.1341309 0
vn -0.9931799 0.116592 0
vn -0.8145801 0.5800511 0
vn -0.4342631 0.9007862 0
vn -0.434263 0.900786 0.00051
vn -0.1967071 0.9804623 0
vn -0.196706 0.9804623 0.0005150002
vn 0.05320703 0.9985836 0
vn -0.1946361 0.9696424 0.1480221
vn 0.05320802 0.9985833 0.0005180002
vn 0.5277553 0.8493965 0
vn 0.05141299 0.9613737 0.270402
vn 0.05287702 0.9875754 0.1479831
vn 0.527756 0.8493959 0.000516
vn 0.9660618 0.2583109 0
vn 0.4946361 0.7959381 0.349024
vn 0.5083452 0.8175174 0.2706481
vn 0.5221167 0.8400455 0.1473689
vn 0.9660628 0.2583069 0.0005219999
vn 0.999965 0.008382 0
vn 0.9999647 0.008384997 0.0005219999
vn 0.9890083 0.008972002 0.147588
vn 0.9555717 0.2545889 0.1485509
vn 0.9626087 0.009129997 0.2707419
vn 0.9300475 0.2478009 0.2713048
vn 0.9370452 0.008935001 0.349094
vn 0.905876 0.241209 0.348148
vn 0.8296756 0.007975996 0.5581887
vn 0.8018381 0.213233 0.5582001
vn 0.7035 0.006752002 0.7106631
vn 0.3864571 0.003627001 0.9223002
vn 4.958961E-07 7.728673E-07 1
vn 0.2033919 0.3275719 0.9226746
vn 0.283407 -0.261599 0.9226302
vn 0.020637 0.384942 0.9227101
vn 0.2099941 -0.3239671 0.9224684
vn -0.07590203 0.3785041 0.9224823
vn -0.06868704 -0.3797872 0.9225204
vn -0.167603 0.3481211 0.9223453
vn -0.16119 -0.3505901 0.9225532
vn -0.3141451 0.2239651 0.9225792
vn -0.3594582 -0.1461111 0.9216515
vn -0.383527 0.04429 0.9224671
vn -0.3836361 -0.05200001 0.9220192
vn 0.283407 -0.261599 0.9226302
vn 0.3864571 0.003627001 0.9223002
vn 0.7035 0.006752002 0.7106631
vn 0.5172771 -0.4766061 0.7108242
vn 0.2099941 -0.3239671 0.9224684
vn 0.8296756 0.007975996 0.5581887
vn 0.3823771 -0.5902581 0.710903
vn -0.06868704 -0.3797872 0.9225204
vn 0.6096588 -0.5620818 0.5589098
vn 0.9370452 0.008935001 0.349094
vn -0.125672 -0.6932487 0.7096568
vn -0.16119 -0.3505901 0.9225532
vn 0.6896918 -0.6352658 0.3475089
vn 0.9626087 0.009129997 0.2707419
vn 0.4507628 -0.6959358 0.5590048
vn -0.294084 -0.6401458 0.7097379
vn -0.3594582 -0.1461111 0.9216515
vn 0.7081707 -0.6528226 0.2689179
vn 0.9890083 0.008972002 0.147588
vn 0.5098181 -0.786733 0.348047
vn -0.147497 -0.816659 0.557954
vn -0.6529763 -0.2661921 0.7090584
vn -0.3836361 -0.05200001 0.9220192
vn 0.7271351 -0.670348 0.148014
vn 0.9999647 0.008384997 0.0005219999
vn -0.3465029 -0.7540467 0.5579868
vn -0.167442 -0.9224411 0.3479451
vn 0.523851 -0.8080741 0.269437
vn -0.6972328 -0.09497799 0.7105248
vn -0.383527 0.04429 0.9224671
vn -0.7674007 -0.3130999 0.5595218
vn -0.3912098 -0.8517637 0.3485019
vn -0.1714949 -0.9474206 0.2701549
vn 0.5381551 -0.829721 0.148163
vn -0.6994178 0.08094198 0.7101148
vn -0.3141451 0.2239651 0.9225792
vn -0.821562 -0.111704 0.559069
vn -0.8676422 -0.3537221 0.349396
vn -0.4015641 -0.8747662 0.2711651
vn -0.5735741 0.4086501 0.7099421
vn -0.167603 0.3481211 0.9223453
vn -0.8240962 0.09600902 0.5582541
vn -0.9284598 -0.12561 0.3495489
vn -0.305376 0.6341599 0.7103428
vn -0.07590203 0.3785041 0.9224823
vn -0.6756458 0.4815148 0.5582528
vn -0.138442 0.6904358 0.7100227
vn 0.020637 0.384942 0.9227101
vn -0.1763631 -0.9731873 0.1476571
vn -0.8912674 -0.3634332 0.2712171
vn -0.9309164 0.109239 0.3485132
vn -0.3604599 0.7479518 0.5573478
vn 0.03747198 0.7033356 0.7098696
vn 0.2033919 0.3275719 0.9226746
vn -0.4127491 -0.8987413 0.1479941
vn -0.953689 -0.129025 0.271716
vn -0.763687 0.544082 0.347501
vn -0.1633019 0.8137395 0.5578176
vn 0.37131 0.5981271 0.7101921
vn 0.3737549 0.09926396 0.9222006
vn -0.9160343 -0.3729981 0.1474911
vn -0.956094 0.11208 0.270781
vn -0.407248 0.8446871 0.347351
vn 0.04426101 0.8283982 0.5583881
vn -0.980228 -0.132893 0.146603
vn -0.784226 0.558686 0.269925
vn -0.1841991 0.9191945 0.3480692
vn -0.9824924 0.1149509 0.1466109
vn -0.417947 0.866953 0.271501
vn -0.8054639 0.5736049 0.149015
vn 0.4376329 0.7053309 0.5576609
vn 0.05001801 0.9360001 0.348428
vn -0.188896 0.9438991 0.270874
vn -0.429819 0.8907351 0.147806
vn 0.6799011 0.180897 0.7106411
vn -0.9909634 -0.1341321 0.0005060002
vn -0.99318 0.11659 0.0005060001
vn -0.8145809 0.5800499 0.000522
vn -0.9261491 -0.3771571 0.00051
vn -0.4169339 -0.9089367 0.0005129999
vn -0.1779329 -0.9840425 0.0005159997
vn 0.544342 -0.8388631 0.000526
vn 0.7355031 -0.6775211 0.0005220001
vn 0.7355051 -0.6775192 0
vn 0.999965 0.008382 0
vn 0.5443422 -0.8388633 0
vn -0.1779351 -0.9840423 0
vn -0.416934 -0.9089369 0
vn -0.9261494 -0.3771572 0
vn -0.9909636 -0.1341309 0
vn -0.9931799 0.116592 0
vn -0.8145801 0.5800511 0
vn -0.4342631 0.9007862 0
vn -0.434263 0.900786 0.00051
vn -0.1967071 0.9804623 0
vn -0.196706 0.9804623 0.0005150002
vn 0.05320703 0.9985836 0
vn -0.1946361 0.9696424 0.1480221
vn 0.05320802 0.9985833 0.0005180002
vn 0.5277553 0.8493965 0
vn 0.05141299 0.9613737 0.270402
vn 0.05287702 0.9875754 0.1479831
vn 0.527756 0.8493959 0.000516
vn 0.9660618 0.2583109 0
vn 0.4946361 0.7959381 0.349024
vn 0.5083452 0.8175174 0.2706481
vn 0.5221167 0.8400455 0.1473689
vn 0.9660628 0.2583069 0.0005219999
vn 0.999965 0.008382 0
vn 0.9999647 0.008384997 0.0005219999
vn 0.9890083 0.008972002 0.147588
vn 0.9555717 0.2545889 0.1485509
vn 0.9626087 0.009129997 0.2707419
vn 0.9300475 0.2478009 0.2713048
vn 0.9370452 0.008935001 0.349094
vn 0.905876 0.241209 0.348148
vn 0.8296756 0.007975996 0.5581887
vn 0.8018381 0.213233 0.5582001
vn 0.7035 0.006752002 0.7106631
vn 0.3864571 0.003627001 0.9223002
vn 4.787374E-07 -4.496153E-06 1
vn 0.2033919 0.3275719 0.9226746
vn 0.283407 -0.261599 0.9226302
vn 0.020637 0.384942 0.9227101
vn 0.2099941 -0.3239671 0.9224684
vn -0.07590203 0.3785041 0.9224823
vn -0.06868704 -0.3797872 0.9225204
vn -0.167603 0.3481211 0.9223453
vn -0.16119 -0.3505901 0.9225532
vn -0.3141451 0.2239651 0.9225792
vn -0.3594582 -0.1461111 0.9216515
vn -0.383527 0.04429 0.9224671
vn -0.3836361 -0.05200001 0.9220192
vn 0.283407 -0.261599 0.9226302
vn 0.3864571 0.003627001 0.9223002
vn 0.7035 0.006752002 0.7106631
vn 0.5172771 -0.4766061 0.7108242
vn 0.2099941 -0.3239671 0.9224684
vn 0.8296756 0.007975996 0.5581887
vn 0.3823771 -0.5902581 0.710903
vn -0.06868704 -0.3797872 0.9225204
vn 0.6096588 -0.5620818 0.5589098
vn 0.9370452 0.008935001 0.349094
vn -0.125672 -0.6932487 0.7096568
vn -0.16119 -0.3505901 0.9225532
vn 0.6896918 -0.6352658 0.3475089
vn 0.9626087 0.009129997 0.2707419
vn 0.4507628 -0.6959358 0.5590048
vn -0.294084 -0.6401458 0.7097379
vn -0.3594582 -0.1461111 0.9216515
vn 0.7081707 -0.6528226 0.2689179
vn 0.9890083 0.008972002 0.147588
vn 0.5098181 -0.786733 0.348047
vn -0.147497 -0.816659 0.557954
vn -0.6529763 -0.2661921 0.7090584
vn -0.3836361 -0.05200001 0.9220192
vn 0.7271351 -0.670348 0.148014
vn 0.9999647 0.008384997 0.0005219999
vn -0.3465029 -0.7540467 0.5579868
vn -0.167442 -0.9224411 0.3479451
vn 0.523851 -0.8080741 0.269437
vn -0.6972328 -0.09497799 0.7105248
vn -0.383527 0.04429 0.9224671
vn -0.7674007 -0.3130999 0.5595218
vn -0.3912098 -0.8517637 0.3485019
vn -0.1714949 -0.9474206 0.2701549
vn 0.5381551 -0.829721 0.148163
vn -0.6994178 0.08094198 0.7101148
vn -0.3141451 0.2239651 0.9225792
vn -0.821562 -0.111704 0.559069
vn -0.8676422 -0.3537221 0.349396
vn -0.4015641 -0.8747662 0.2711651
vn -0.5735741 0.4086501 0.7099421
vn -0.167603 0.3481211 0.9223453
vn -0.8240962 0.09600902 0.5582541
vn -0.9284598 -0.12561 0.3495489
vn -0.305376 0.6341599 0.7103428
vn -0.07590203 0.3785041 0.9224823
vn -0.6756458 0.4815148 0.5582528
vn -0.138442 0.6904358 0.7100227
vn 0.020637 0.384942 0.9227101
vn -0.1763631 -0.9731873 0.1476571
vn -0.8912674 -0.3634332 0.2712171
vn -0.9309164 0.109239 0.3485132
vn -0.3604599 0.7479518 0.5573478
vn 0.03747198 0.7033356 0.7098696
vn 0.2033919 0.3275719 0.9226746
vn -0.4127491 -0.8987413 0.1479941
vn -0.953689 -0.129025 0.271716
vn -0.763687 0.544082 0.347501
vn -0.1633019 0.8137395 0.5578176
vn 0.37131 0.5981271 0.7101921
vn 0.3737549 0.09926396 0.9222006
vn -0.9160343 -0.3729981 0.1474911
vn -0.956094 0.11208 0.270781
vn -0.407248 0.8446871 0.347351
vn 0.04426101 0.8283982 0.5583881
vn -0.980228 -0.132893 0.146603
vn -0.784226 0.558686 0.269925
vn -0.1841991 0.9191945 0.3480692
vn -0.9824924 0.1149509 0.1466109
vn -0.417947 0.866953 0.271501
vn -0.8054639 0.5736049 0.149015
vn 0.4376329 0.7053309 0.5576609
vn 0.05001801 0.9360001 0.348428
vn -0.188896 0.9438991 0.270874
vn -0.429819 0.8907351 0.147806
vn 0.6799011 0.180897 0.7106411
vn -0.9909634 -0.1341321 0.0005060002
vn -0.99318 0.11659 0.0005060001
vn -0.8145809 0.5800499 0.000522
vn -0.9261491 -0.3771571 0.00051
vn -0.4169339 -0.9089367 0.0005129999
vn -0.1779329 -0.9840425 0.0005159997
vn 0.544342 -0.8388631 0.000526
vn 0.7355031 -0.6775211 0.0005220001
vn 0.7355051 -0.6775192 0
vn 0.999965 0.008382 0
vn 0.5443422 -0.8388633 0
vn -0.1779351 -0.9840423 0
vn -0.416934 -0.9089369 0
vn -0.9261494 -0.3771572 0
vn -0.9909636 -0.1341309 0
vn -0.9931799 0.116592 0
vn -0.8145801 0.5800511 0
vn -0.4342631 0.9007862 0
vn -0.434263 0.900786 0.00051
vn -0.1967071 0.9804623 0
vn -0.196706 0.9804623 0.0005150002
vn 0.05320703 0.9985836 0
vn -0.1946361 0.9696424 0.1480221
vn 0.05320802 0.9985833 0.0005180002
vn 0.5277553 0.8493965 0
vn 0.05141299 0.9613737 0.270402
vn 0.05287702 0.9875754 0.1479831
vn 0.527756 0.8493959 0.000516
vn 0.9660618 0.2583109 0
vn 0.4946361 0.7959381 0.349024
vn 0.5083452 0.8175174 0.2706481
vn 0.5221167 0.8400455 0.1473689
vn 0.9660628 0.2583069 0.0005219999
vn 0.999965 0.008382 0
vn 0.9999647 0.008384997 0.0005219999
vn 0.9890083 0.008972002 0.147588
vn 0.9555717 0.2545889 0.1485509
vn 0.9626087 0.009129997 0.2707419
vn 0.9300475 0.2478009 0.2713048
vn 0.9370452 0.008935001 0.349094
vn 0.905876 0.241209 0.348148
vn 0.8296756 0.007975996 0.5581887
vn 0.8018381 0.213233 0.5582001
vn 0.7035 0.006752002 0.7106631
vn 0.3864571 0.003627001 0.9223002
vn 4.890214E-07 1.785141E-05 1
vn 0.2033919 0.3275719 0.9226746
vn 0.283407 -0.261599 0.9226302
vn 0.020637 0.384942 0.9227101
vn 0.2099941 -0.3239671 0.9224684
vn -0.07590203 0.3785041 0.9224823
vn -0.06868704 -0.3797872 0.9225204
vn -0.167603 0.3481211 0.9223453
vn -0.16119 -0.3505901 0.9225532
vn -0.3141451 0.2239651 0.9225792
vn -0.3594582 -0.1461111 0.9216515
vn -0.383527 0.04429 0.9224671
vn -0.3836361 -0.05200001 0.9220192
vn -0.02451901 -0.4491432 -0.8931233
vn -0.3438649 -0.3089378 -0.8867436
vn -0.7438241 -0.6680401 -0.021169
vn -0.05448299 -0.9979208 -0.03443399
vn -0.052198 -0.9980429 -0.034433
vn -0.02350099 -0.4491988 -0.8931227
vn 0.308863 -0.3441019 -0.8866778
vn 0.6680085 -0.7438516 -0.02119898
vn 0.6679987 -0.7438346 0.02208699
vn -0.05447701 -0.9979402 0.03387401
vn -0.7437931 -0.668044 0.022115
vn -0.05220501 -0.9980623 0.03385501
vn -0.026191 -0.499361 0.8659981
vn -0.4388948 -0.3944469 0.8073307
vn -0.027195 -0.499368 0.8659631
vn 6.000002E-05 -0.009233004 0.9999574
vn 0.394118 -0.438877 0.807501
vn -0.001044 -0.009184003 0.9999573
vn -5.899997E-05 0.009223995 0.9999574
vn -0.5018539 0.018538 0.8647538
vn 0.996855 -0.071842 0.033449
vn 0.6680085 -0.7438516 -0.02119898
vn 0.5012569 -0.03506399 0.8645878
vn -0.9988376 0.03481198 0.03333999
vn -0.5009687 0.03504698 0.8647555
vn -0.9988241 0.034717 -0.033841
vn -0.7438241 -0.6680401 -0.021169
vn -0.3438649 -0.3089378 -0.8867436
vn -0.450018 0.015722 -0.8928811
vn -0.9968352 0.07193701 -0.033833
vn -0.4491472 0.03233702 -0.8928725
vn -0.9968588 0.07184299 0.03333299
vn -0.6681678 0.7437078 -0.02122599
vn -0.308887 0.34376 -0.886802
vn -0.6681525 0.7436955 0.02211599
vn -0.394078 0.438709 0.8076119
vn 0.02618899 0.4993288 0.8660167
vn 0.02719199 0.4993359 0.8659817
vn 0.001043999 0.009168995 0.9999574
vn 0.5021269 -0.01856199 0.8645948
vn 0.438783 0.394065 0.807578
vn 0.05447698 0.9979407 0.03386099
vn 0.05220501 0.9980622 0.033861
vn 0.9988346 -0.03479499 0.03344798
vn 0.7436467 0.6682068 0.02211899
vn 0.05219898 0.9980427 -0.03443999
vn -0.6681678 0.7437078 -0.02122599
vn -0.308887 0.34376 -0.886802
vn 0.02351001 0.4491352 -0.8931544
vn 0.02452801 0.4490831 -0.8931533
vn 0.05448298 0.9979206 -0.03443999
vn 0.7437001 0.6681771 -0.021199
vn 0.3436649 0.3089569 -0.8868146
vn 0.9988248 -0.03470099 -0.03383499
vn 0.7437001 0.6681771 -0.021199
vn 0.3436649 0.3089569 -0.8868146
vn 0.4488629 -0.015693 -0.8934628
vn 0.9968347 -0.07193698 -0.03384899
vn 0.447999 -0.032257 -0.893452
vn 0.308863 -0.3441019 -0.8866778
usemtl Kitchen_set_props
f 1/1/1 3/3/3 2/2/2 
f 1/1/1 4/4/4 3/3/3 
f 5/5/5 4/4/4 1/1/1 
f 4/4/4 6/6/6 3/3/3 
f 5/5/5 7/7/7 4/4/4 
f 8/8/8 7/7/7 5/5/5 
f 4/4/4 9/9/9 6/6/6 
f 7/7/7 9/9/9 4/4/4 
f 9/9/9 10/10/10 6/6/6 
f 8/8/8 11/11/11 7/7/7 
f 12/12/12 11/11/11 8/8/8 
f 9/9/9 13/13/13 10/10/10 
f 13/13/13 14/14/14 10/10/10 
f 7/7/7 15/15/15 9/9/9 
f 11/11/11 15/15/15 7/7/7 
f 15/15/15 13/13/13 9/9/9 
f 12/12/12 16/16/16 11/11/11 
f 17/17/17 16/16/16 12/12/12 
f 13/13/13 18/18/18 14/14/14 
f 18/18/18 19/19/19 14/14/14 
f 15/15/15 20/20/20 13/13/13 
f 20/20/20 18/18/18 13/13/13 
f 11/11/11 21/21/21 15/15/15 
f 16/16/16 21/21/21 11/11/11 
f 21/21/21 20/20/20 15/15/15 
f 17/17/17 22/22/22 16/16/16 
f 23/23/23 22/22/22 17/17/17 
f 18/18/18 24/24/24 19/19/19 
f 24/24/24 25/25/25 19/19/19 
f 16/16/16 26/26/26 21/21/21 
f 22/22/22 26/26/26 16/16/16 
f 21/21/21 27/27/27 20/20/20 
f 26/26/26 27/27/27 21/21/21 
f 20/20/20 28/28/28 18/18/18 
f 28/28/28 24/24/24 18/18/18 
f 27/27/27 28/28/28 20/20/20 
f 23/23/23 29/29/29 22/22/22 
f 30/30/30 29/29/29 23/23/23 
f 22/22/22 31/31/31 26/26/26 
f 29/29/29 31/31/31 22/22/22 
f 26/26/26 32/32/32 27/27/27 
f 31/31/31 32/32/32 26/26/26 
f 27/27/27 33/33/33 28/28/28 
f 32/32/32 33/33/33 27/27/27 
f 28/28/28 34/34/34 24/24/24 
f 33/33/33 34/34/34 28/28/28 
f 30/30/30 35/35/35 29/29/29 
f 36/36/36 35/35/35 30/30/30 
f 29/29/29 37/37/37 31/31/31 
f 35/35/35 37/37/37 29/29/29 
f 31/31/31 38/38/38 32/32/32 
f 37/37/37 38/38/38 31/31/31 
f 32/32/32 39/39/39 33/33/33 
f 38/38/38 39/39/39 32/32/32 
f 36/36/36 40/40/40 35/35/35 
f 41/41/41 40/40/40 36/36/36 
f 35/35/35 42/42/42 37/37/37 
f 40/40/40 42/42/42 35/35/35 
f 37/37/37 43/43/43 38/38/38 
f 42/42/42 43/43/43 37/37/37 
f 41/41/41 44/44/44 40/40/40 
f 45/45/45 44/44/44 41/41/41 
f 40/40/40 46/46/46 42/42/42 
f 44/44/44 46/46/46 40/40/40 
f 45/45/45 47/47/47 44/44/44 
f 48/48/48 47/47/47 45/45/45 
f 39/39/39 49/49/49 33/33/33 
f 33/33/33 49/49/49 34/34/34 
f 38/38/38 50/50/50 39/39/39 
f 43/43/43 50/50/50 38/38/38 
f 42/42/42 51/51/51 43/43/43 
f 46/46/46 51/51/51 42/42/42 
f 44/44/44 52/52/52 46/46/46 
f 47/47/47 52/52/52 44/44/44 
f 48/48/48 53/53/53 47/47/47 
f 54/54/54 53/53/53 48/48/48 
f 39/39/39 55/55/55 49/49/49 
f 50/50/50 55/55/55 39/39/39 
f 43/43/43 56/56/56 50/50/50 
f 51/51/51 56/56/56 43/43/43 
f 46/46/46 57/57/57 51/51/51 
f 52/52/52 57/57/57 46/46/46 
f 47/47/47 58/58/58 52/52/52 
f 53/53/53 58/58/58 47/47/47 
f 54/54/54 59/59/59 53/53/53 
f 60/60/60 59/59/59 54/54/54 
f 50/50/50 61/61/61 55/55/55 
f 56/56/56 61/61/61 50/50/50 
f 51/51/51 62/62/62 56/56/56 
f 57/57/57 62/62/62 51/51/51 
f 52/52/52 63/63/63 57/57/57 
f 58/58/58 63/63/63 52/52/52 
f 53/53/53 64/64/64 58/58/58 
f 59/59/59 64/64/64 53/53/53 
f 56/56/56 65/65/65 61/61/61 
f 62/62/62 65/65/65 56/56/56 
f 57/57/57 66/66/66 62/62/62 
f 63/63/63 66/66/66 57/57/57 
f 58/58/58 67/67/67 63/63/63 
f 64/64/64 67/67/67 58/58/58 
f 62/62/62 68/68/68 65/65/65 
f 66/66/66 68/68/68 62/62/62 
f 63/63/63 69/69/69 66/66/66 
f 67/67/67 69/69/69 63/63/63 
f 66/66/66 70/70/70 68/68/68 
f 69/69/69 70/70/70 66/66/66 
f 59/59/59 71/71/71 64/64/64 
f 64/64/64 72/72/72 67/67/67 
f 71/71/71 72/72/72 64/64/64 
f 67/67/67 73/73/73 69/69/69 
f 72/72/72 73/73/73 67/67/67 
f 69/69/69 74/74/74 70/70/70 
f 73/73/73 74/74/74 69/69/69 
f 75/75/75 71/71/71 59/59/59 
f 60/60/60 75/75/75 59/59/59 
f 68/68/68 76/76/76 65/65/65 
f 70/70/70 77/77/77 68/68/68 
f 68/68/68 77/77/77 76/76/76 
f 74/74/74 78/78/78 70/70/70 
f 70/70/70 78/78/78 77/77/77 
f 65/65/65 76/76/76 79/79/79 
f 65/65/65 79/79/79 61/61/61 
f 61/61/61 79/79/79 80/80/80 
f 61/61/61 80/80/80 55/55/55 
f 55/55/55 80/80/80 81/81/81 
f 55/55/55 81/81/81 49/49/49 
f 49/49/49 81/81/81 82/82/82 
f 49/49/49 82/82/82 34/34/34 
f 34/34/34 82/82/82 83/83/83 
f 34/34/34 83/83/83 24/24/24 
f 24/24/24 83/83/83 25/25/25 
f 84/84/84 25/25/25 83/83/83 
f 84/84/84 85/85/85 25/25/25 
f 86/86/86 84/84/84 83/83/83 
f 86/86/86 83/83/83 82/82/82 
f 87/87/87 86/86/86 82/82/82 
f 87/87/87 82/82/82 81/81/81 
f 88/88/88 87/87/87 81/81/81 
f 88/88/88 81/81/81 80/80/80 
f 89/89/89 88/88/88 80/80/80 
f 89/89/89 80/80/80 79/79/79 
f 90/90/90 89/89/89 79/79/79 
f 90/90/90 79/79/79 76/76/76 
f 91/91/91 90/90/90 76/76/76 
f 91/91/91 76/76/76 77/77/77 
f 92/92/92 91/91/91 77/77/77 
f 92/92/92 77/77/77 78/78/78 
f 93/93/93 92/92/92 78/78/78 
f 93/93/93 78/78/78 94/94/94 
f 95/95/95 93/93/93 94/94/94 
f 74/74/74 94/94/94 78/78/78 
f 95/95/95 94/94/94 96/96/96 
f 97/97/97 95/95/95 96/96/96 
f 98/98/98 94/94/94 74/74/74 
f 98/98/98 96/96/96 94/94/94 
f 73/73/73 98/98/98 74/74/74 
f 97/97/97 96/96/96 99/99/99 
f 100/100/100 97/97/97 99/99/99 
f 101/101/101 98/98/98 73/73/73 
f 72/72/72 101/101/101 73/73/73 
f 102/102/102 96/96/96 98/98/98 
f 102/102/102 99/99/99 96/96/96 
f 101/101/101 102/102/102 98/98/98 
f 100/100/100 99/99/99 103/103/103 
f 104/104/104 100/100/100 103/103/103 
f 105/105/105 101/101/101 72/72/72 
f 71/71/71 105/105/105 72/72/72 
f 106/106/106 102/102/102 101/101/101 
f 105/105/105 106/106/106 101/101/101 
f 107/107/107 99/99/99 102/102/102 
f 107/107/107 103/103/103 99/99/99 
f 106/106/106 107/107/107 102/102/102 
f 104/104/104 103/103/103 108/108/108 
f 109/109/109 104/104/104 108/108/108 
f 109/109/109 108/108/108 110/110/110 
f 111/111/111 110/110/110 108/108/108 
f 112/112/112 108/108/108 103/103/103 
f 111/111/111 108/108/108 112/112/112 
f 112/112/112 103/103/103 107/107/107 
f 113/113/113 111/111/111 112/112/112 
f 114/114/114 112/112/112 107/107/107 
f 113/113/113 112/112/112 114/114/114 
f 114/114/114 107/107/107 106/106/106 
f 115/115/115 113/113/113 114/114/114 
f 116/116/116 114/114/114 106/106/106 
f 115/115/115 114/114/114 116/116/116 
f 116/116/116 106/106/106 105/105/105 
f 117/117/117 115/115/115 116/116/116 
f 118/118/118 116/116/116 105/105/105 
f 117/117/117 116/116/116 118/118/118 
f 118/118/118 105/105/105 71/71/71 
f 119/119/119 117/117/117 118/118/118 
f 75/75/75 118/118/118 71/71/71 
f 119/119/119 118/118/118 75/75/75 
f 120/120/120 119/119/119 75/75/75 
f 120/120/120 75/75/75 60/60/60 
f 121/121/121 120/120/120 60/60/60 
f 121/121/121 60/60/60 122/122/122 
f 121/121/121 123/123/123 120/120/120 
f 121/121/121 122/122/122 124/124/124 
f 121/121/121 125/125/125 123/123/123 
f 121/121/121 124/124/124 126/126/126 
f 121/121/121 127/127/127 125/125/125 
f 121/121/121 126/126/126 128/128/128 
f 121/121/121 129/129/129 127/127/127 
f 121/121/121 128/128/128 130/130/130 
f 121/121/121 131/131/131 129/129/129 
f 121/121/121 130/130/130 132/132/132 
f 121/121/121 133/133/133 131/131/131 
f 121/121/121 132/132/132 133/133/133 
f 134/134/134 136/136/136 135/135/135 
f 134/134/134 137/137/137 136/136/136 
f 138/138/138 137/137/137 134/134/134 
f 138/138/138 134/134/134 139/139/139 
f 140/140/140 138/138/138 139/139/139 
f 140/140/140 141/141/141 138/138/138 
f 138/138/138 141/141/141 142/142/142 
f 136/136/136 137/137/137 143/143/143 
f 136/136/136 143/143/143 144/144/144 
f 137/137/137 138/138/138 145/145/145 
f 138/138/138 142/142/142 145/145/145 
f 137/137/137 145/145/145 143/143/143 
f 142/142/142 146/146/146 145/145/145 
f 146/146/146 143/143/143 145/145/145 
f 143/143/143 147/147/147 144/144/144 
f 146/146/146 148/148/148 143/143/143 
f 143/143/143 148/148/148 147/147/147 
f 149/149/149 148/148/148 146/146/146 
f 142/142/142 150/150/150 146/146/146 
f 149/149/149 146/146/146 150/150/150 
f 151/151/151 147/147/147 148/148/148 
f 149/149/149 151/151/151 148/148/148 
f 152/152/152 151/151/151 149/149/149 
f 151/151/151 153/153/153 147/147/147 
f 144/144/144 147/147/147 153/153/153 
f 153/153/153 151/151/151 152/152/152 
f 154/154/154 150/150/150 142/142/142 
f 155/155/155 154/154/154 142/142/142 
f 149/149/149 150/150/150 156/156/156 
f 154/154/154 156/156/156 150/150/150 
f 144/144/144 153/153/153 157/157/157 
f 153/153/153 152/152/152 158/158/158 
f 157/157/157 153/153/153 158/158/158 
f 159/159/159 144/144/144 157/157/157 
f 159/159/159 160/160/160 144/144/144 
f 161/161/161 160/160/160 159/159/159 
f 161/161/161 159/159/159 162/162/162 
f 162/162/162 159/159/159 163/163/163 
f 163/163/163 159/159/159 157/157/157 
f 162/162/162 163/163/163 164/164/164 
f 157/157/157 158/158/158 165/165/165 
f 163/163/163 157/157/157 165/165/165 
f 164/164/164 163/163/163 166/166/166 
f 166/166/166 163/163/163 165/165/165 
f 164/164/164 166/166/166 167/167/167 
f 166/166/166 165/165/165 168/168/168 
f 165/165/165 158/158/158 169/169/169 
f 152/152/152 169/169/169 158/158/158 
f 165/165/165 169/169/169 168/168/168 
f 152/152/152 170/170/170 169/169/169 
f 168/168/168 169/169/169 170/170/170 
f 152/152/152 171/171/171 170/170/170 
f 152/152/152 172/172/172 171/171/171 
f 152/152/152 149/149/149 172/172/172 
f 173/173/173 172/172/172 149/149/149 
f 173/173/173 149/149/149 156/156/156 
f 172/172/172 174/174/174 171/171/171 
f 172/172/172 173/173/173 174/174/174 
f 170/170/170 171/171/171 175/175/175 
f 175/175/175 171/171/171 174/174/174 
f 168/168/168 170/170/170 176/176/176 
f 170/170/170 175/175/175 176/176/176 
f 177/177/177 173/173/173 156/156/156 
f 177/177/177 156/156/156 154/154/154 
f 178/178/178 174/174/174 173/173/173 
f 175/175/175 174/174/174 178/178/178 
f 178/178/178 173/173/173 177/177/177 
f 179/179/179 168/168/168 176/176/176 
f 179/179/179 180/180/180 168/168/168 
f 181/181/181 180/180/180 179/179/179 
f 181/181/181 179/179/179 182/182/182 
f 179/179/179 183/183/183 182/182/182 
f 184/184/184 179/179/179 176/176/176 
f 184/184/184 176/176/176 175/175/175 
f 179/179/179 184/184/184 183/183/183 
f 185/185/185 184/184/184 175/175/175 
f 183/183/183 184/184/184 185/185/185 
f 185/185/185 175/175/175 178/178/178 
f 183/183/183 185/185/185 186/186/186 
f 187/187/187 178/178/178 177/177/177 
f 187/187/187 188/188/188 178/178/178 
f 189/189/189 188/188/188 187/187/187 
f 189/189/189 187/187/187 190/190/190 
f 191/191/191 187/187/187 177/177/177 
f 190/190/190 187/187/187 191/191/191 
f 191/191/191 177/177/177 154/154/154 
f 190/190/190 191/191/191 192/192/192 
f 155/155/155 191/191/191 154/154/154 
f 192/192/192 191/191/191 155/155/155 
f 192/192/192 155/155/155 193/193/193 
f 194/194/194 196/196/196 195/195/195 
f 194/194/194 197/197/197 196/196/196 
f 198/198/198 197/197/197 194/194/194 
f 197/197/197 199/199/199 196/196/196 
f 198/198/198 200/200/200 197/197/197 
f 201/201/201 200/200/200 198/198/198 
f 197/197/197 202/202/202 199/199/199 
f 200/200/200 202/202/202 197/197/197 
f 202/202/202 203/203/203 199/199/199 
f 201/201/201 204/204/204 200/200/200 
f 205/205/205 204/204/204 201/201/201 
f 202/202/202 206/206/206 203/203/203 
f 206/206/206 207/207/207 203/203/203 
f 200/200/200 208/208/208 202/202/202 
f 204/204/204 208/208/208 200/200/200 
f 208/208/208 206/206/206 202/202/202 
f 205/205/205 209/209/209 204/204/204 
f 210/210/210 209/209/209 205/205/205 
f 206/206/206 211/211/211 207/207/207 
f 211/211/211 212/212/212 207/207/207 
f 208/208/208 213/213/213 206/206/206 
f 213/213/213 211/211/211 206/206/206 
f 204/204/204 214/214/214 208/208/208 
f 209/209/209 214/214/214 204/204/204 
f 214/214/214 213/213/213 208/208/208 
f 210/210/210 215/215/215 209/209/209 
f 216/216/216 215/215/215 210/210/210 
f 211/211/211 217/217/217 212/212/212 
f 217/217/217 218/218/218 212/212/212 
f 209/209/209 219/219/219 214/214/214 
f 215/215/215 219/219/219 209/209/209 
f 214/214/214 220/220/220 213/213/213 
f 219/219/219 220/220/220 214/214/214 
f 213/213/213 221/221/221 211/211/211 
f 221/221/221 217/217/217 211/211/211 
f 220/220/220 221/221/221 213/213/213 
f 216/216/216 222/222/222 215/215/215 
f 223/223/223 222/222/222 216/216/216 
f 215/215/215 224/224/224 219/219/219 
f 222/222/222 224/224/224 215/215/215 
f 219/219/219 225/225/225 220/220/220 
f 224/224/224 225/225/225 219/219/219 
f 220/220/220 226/226/226 221/221/221 
f 225/225/225 226/226/226 220/220/220 
f 221/221/221 227/227/227 217/217/217 
f 226/226/226 227/227/227 221/221/221 
f 223/223/223 228/228/228 222/222/222 
f 229/229/229 228/228/228 223/223/223 
f 222/222/222 230/230/230 224/224/224 
f 228/228/228 230/230/230 222/222/222 
f 224/224/224 231/231/231 225/225/225 
f 230/230/230 231/231/231 224/224/224 
f 225/225/225 232/232/232 226/226/226 
f 231/231/231 232/232/232 225/225/225 
f 229/229/229 233/233/233 228/228/228 
f 234/234/234 233/233/233 229/229/229 
f 228/228/228 235/235/235 230/230/230 
f 233/233/233 235/235/235 228/228/228 
f 230/230/230 236/236/236 231/231/231 
f 235/235/235 236/236/236 230/230/230 
f 234/234/234 237/237/237 233/233/233 
f 238/238/238 237/237/237 234/234/234 
f 233/233/233 239/239/239 235/235/235 
f 237/237/237 239/239/239 233/233/233 
f 238/238/238 240/240/240 237/237/237 
f 241/241/241 240/240/240 238/238/238 
f 232/232/232 242/242/242 226/226/226 
f 226/226/226 242/242/242 227/227/227 
f 231/231/231 243/243/243 232/232/232 
f 236/236/236 243/243/243 231/231/231 
f 235/235/235 244/244/244 236/236/236 
f 239/239/239 244/244/244 235/235/235 
f 237/237/237 245/245/245 239/239/239 
f 240/240/240 245/245/245 237/237/237 
f 241/241/241 246/246/246 240/240/240 
f 247/247/247 246/246/246 241/241/241 
f 232/232/232 248/248/248 242/242/242 
f 243/243/243 248/248/248 232/232/232 
f 236/236/236 249/249/249 243/243/243 
f 244/244/244 249/249/249 236/236/236 
f 239/239/239 250/250/250 244/244/244 
f 245/245/245 250/250/250 239/239/239 
f 240/240/240 251/251/251 245/245/245 
f 246/246/246 251/251/251 240/240/240 
f 247/247/247 252/252/252 246/246/246 
f 253/253/253 252/252/252 247/247/247 
f 243/243/243 254/254/254 248/248/248 
f 249/249/249 254/254/254 243/243/243 
f 244/244/244 255/255/255 249/249/249 
f 250/250/250 255/255/255 244/244/244 
f 245/245/245 256/256/256 250/250/250 
f 251/251/251 256/256/256 245/245/245 
f 246/246/246 257/257/257 251/251/251 
f 252/252/252 257/257/257 246/246/246 
f 249/249/249 258/258/258 254/254/254 
f 255/255/255 258/258/258 249/249/249 
f 250/250/250 259/259/259 255/255/255 
f 256/256/256 259/259/259 250/250/250 
f 251/251/251 260/260/260 256/256/256 
f 257/257/257 260/260/260 251/251/251 
f 255/255/255 261/261/261 258/258/258 
f 259/259/259 261/261/261 255/255/255 
f 256/256/256 262/262/262 259/259/259 
f 260/260/260 262/262/262 256/256/256 
f 259/259/259 263/263/263 261/261/261 
f 262/262/262 263/263/263 259/259/259 
f 252/252/252 264/264/264 257/257/257 
f 257/257/257 265/265/265 260/260/260 
f 264/264/264 265/265/265 257/257/257 
f 260/260/260 266/266/266 262/262/262 
f 265/265/265 266/266/266 260/260/260 
f 262/262/262 267/267/267 263/263/263 
f 266/266/266 267/267/267 262/262/262 
f 268/268/268 264/264/264 252/252/252 
f 253/253/253 268/268/268 252/252/252 
f 261/261/261 269/269/269 258/258/258 
f 263/263/263 270/270/270 261/261/261 
f 261/261/261 270/270/270 269/269/269 
f 267/267/267 271/271/271 263/263/263 
f 263/263/263 271/271/271 270/270/270 
f 258/258/258 269/269/269 272/272/272 
f 258/258/258 272/272/272 254/254/254 
f 254/254/254 272/272/272 273/273/273 
f 254/254/254 273/273/273 248/248/248 
f 248/248/248 273/273/273 274/274/274 
f 248/248/248 274/274/274 242/242/242 
f 242/242/242 274/274/274 275/275/275 
f 242/242/242 275/275/275 227/227/227 
f 227/227/227 275/275/275 276/276/276 
f 227/227/227 276/276/276 217/217/217 
f 217/217/217 276/276/276 218/218/218 
f 277/277/277 218/218/218 276/276/276 
f 277/277/277 278/278/278 218/218/218 
f 279/279/279 277/277/277 276/276/276 
f 279/279/279 276/276/276 275/275/275 
f 280/280/280 279/279/279 275/275/275 
f 280/280/280 275/275/275 274/274/274 
f 281/281/281 280/280/280 274/274/274 
f 281/281/281 274/274/274 273/273/273 
f 282/282/282 281/281/281 273/273/273 
f 282/282/282 273/273/273 272/272/272 
f 283/283/283 282/282/282 272/272/272 
f 283/283/283 272/272/272 269/269/269 
f 284/284/284 283/283/283 269/269/269 
f 284/284/284 269/269/269 270/270/270 
f 285/285/285 284/284/284 270/270/270 
f 285/285/285 270/270/270 271/271/271 
f 286/286/286 285/285/285 271/271/271 
f 286/286/286 271/271/271 287/287/287 
f 288/288/288 286/286/286 287/287/287 
f 267/267/267 287/287/287 271/271/271 
f 288/288/288 287/287/287 289/289/289 
f 290/290/290 288/288/288 289/289/289 
f 291/291/291 287/287/287 267/267/267 
f 291/291/291 289/289/289 287/287/287 
f 266/266/266 291/291/291 267/267/267 
f 290/290/290 289/289/289 292/292/292 
f 293/293/293 290/290/290 292/292/292 
f 294/294/294 291/291/291 266/266/266 
f 265/265/265 294/294/294 266/266/266 
f 295/295/295 289/289/289 291/291/291 
f 295/295/295 292/292/292 289/289/289 
f 294/294/294 295/295/295 291/291/291 
f 293/293/293 292/292/292 296/296/296 
f 297/297/297 293/293/293 296/296/296 
f 298/298/298 294/294/294 265/265/265 
f 264/264/264 298/298/298 265/265/265 
f 299/299/299 295/295/295 294/294/294 
f 298/298/298 299/299/299 294/294/294 
f 300/300/300 292/292/292 295/295/295 
f 300/300/300 296/296/296 292/292/292 
f 299/299/299 300/300/300 295/295/295 
f 297/297/297 296/296/296 301/301/301 
f 302/302/302 297/297/297 301/301/301 
f 302/302/302 301/301/301 303/303/303 
f 304/304/304 303/303/303 301/301/301 
f 305/305/305 301/301/301 296/296/296 
f 304/304/304 301/301/301 305/305/305 
f 305/305/305 296/296/296 300/300/300 
f 306/306/306 304/304/304 305/305/305 
f 307/307/307 305/305/305 300/300/300 
f 306/306/306 305/305/305 307/307/307 
f 307/307/307 300/300/300 299/299/299 
f 308/308/308 306/306/306 307/307/307 
f 309/309/309 307/307/307 299/299/299 
f 308/308/308 307/307/307 309/309/309 
f 309/309/309 299/299/299 298/298/298 
f 310/310/310 308/308/308 309/309/309 
f 311/311/311 309/309/309 298/298/298 
f 310/310/310 309/309/309 311/311/311 
f 311/311/311 298/298/298 264/264/264 
f 312/312/312 310/310/310 311/311/311 
f 268/268/268 311/311/311 264/264/264 
f 312/312/312 311/311/311 268/268/268 
f 313/313/313 312/312/312 268/268/268 
f 313/313/313 268/268/268 253/253/253 
f 314/314/314 313/313/313 253/253/253 
f 314/314/314 253/253/253 315/315/315 
f 314/314/314 316/316/316 313/313/313 
f 314/314/314 315/315/315 317/317/317 
f 314/314/314 318/318/318 316/316/316 
f 314/314/314 317/317/317 319/319/319 
f 314/314/314 320/320/320 318/318/318 
f 314/314/314 319/319/319 321/321/321 
f 314/314/314 322/322/322 320/320/320 
f 314/314/314 321/321/321 323/323/323 
f 314/314/314 324/324/324 322/322/322 
f 314/314/314 323/323/323 325/325/325 
f 314/314/314 326/326/326 324/324/324 
f 314/314/314 325/325/325 326/326/326 
f 327/327/327 329/329/329 328/328/328 
f 327/327/327 330/330/330 329/329/329 
f 331/331/331 330/330/330 327/327/327 
f 330/330/330 332/332/332 329/329/329 
f 331/331/331 333/333/333 330/330/330 
f 334/334/334 333/333/333 331/331/331 
f 330/330/330 335/335/335 332/332/332 
f 333/333/333 335/335/335 330/330/330 
f 335/335/335 336/336/336 332/332/332 
f 334/334/334 337/337/337 333/333/333 
f 338/338/338 337/337/337 334/334/334 
f 335/335/335 339/339/339 336/336/336 
f 339/339/339 340/340/340 336/336/336 
f 333/333/333 341/341/341 335/335/335 
f 337/337/337 341/341/341 333/333/333 
f 341/341/341 339/339/339 335/335/335 
f 338/338/338 342/342/342 337/337/337 
f 343/343/343 342/342/342 338/338/338 
f 339/339/339 344/344/344 340/340/340 
f 344/344/344 345/345/345 340/340/340 
f 341/341/341 346/346/346 339/339/339 
f 346/346/346 344/344/344 339/339/339 
f 337/337/337 347/347/347 341/341/341 
f 342/342/342 347/347/347 337/337/337 
f 347/347/347 346/346/346 341/341/341 
f 343/343/343 348/348/348 342/342/342 
f 349/349/349 348/348/348 343/343/343 
f 344/344/344 350/350/350 345/345/345 
f 350/350/350 351/351/351 345/345/345 
f 342/342/342 352/352/352 347/347/347 
f 348/348/348 352/352/352 342/342/342 
f 347/347/347 353/353/353 346/346/346 
f 352/352/352 353/353/353 347/347/347 
f 346/346/346 354/354/354 344/344/344 
f 354/354/354 350/350/350 344/344/344 
f 353/353/353 354/354/354 346/346/346 
f 349/349/349 355/355/355 348/348/348 
f 356/356/356 355/355/355 349/349/349 
f 348/348/348 357/357/357 352/352/352 
f 355/355/355 357/357/357 348/348/348 
f 352/352/352 358/358/358 353/353/353 
f 357/357/357 358/358/358 352/352/352 
f 353/353/353 359/359/359 354/354/354 
f 358/358/358 359/359/359 353/353/353 
f 354/354/354 360/360/360 350/350/350 
f 359/359/359 360/360/360 354/354/354 
f 356/356/356 361/361/361 355/355/355 
f 362/362/362 361/361/361 356/356/356 
f 355/355/355 363/363/363 357/357/357 
f 361/361/361 363/363/363 355/355/355 
f 357/357/357 364/364/364 358/358/358 
f 363/363/363 364/364/364 357/357/357 
f 358/358/358 365/365/365 359/359/359 
f 364/364/364 365/365/365 358/358/358 
f 362/362/362 366/366/366 361/361/361 
f 367/367/367 366/366/366 362/362/362 
f 361/361/361 368/368/368 363/363/363 
f 366/366/366 368/368/368 361/361/361 
f 363/363/363 369/369/369 364/364/364 
f 368/368/368 369/369/369 363/363/363 
f 367/367/367 370/370/370 366/366/366 
f 371/371/371 370/370/370 367/367/367 
f 366/366/366 372/372/372 368/368/368 
f 370/370/370 372/372/372 366/366/366 
f 371/371/371 373/373/373 370/370/370 
f 374/374/374 373/373/373 371/371/371 
f 365/365/365 375/375/375 359/359/359 
f 359/359/359 375/375/375 360/360/360 
f 364/364/364 376/376/376 365/365/365 
f 369/369/369 376/376/376 364/364/364 
f 368/368/368 377/377/377 369/369/369 
f 372/372/372 377/377/377 368/368/368 
f 370/370/370 378/378/378 372/372/372 
f 373/373/373 378/378/378 370/370/370 
f 374/374/374 379/379/379 373/373/373 
f 380/380/380 379/379/379 374/374/374 
f 365/365/365 381/381/381 375/375/375 
f 376/376/376 381/381/381 365/365/365 
f 369/369/369 382/382/382 376/376/376 
f 377/377/377 382/382/382 369/369/369 
f 372/372/372 383/383/383 377/377/377 
f 378/378/378 383/383/383 372/372/372 
f 373/373/373 384/384/384 378/378/378 
f 379/379/379 384/384/384 373/373/373 
f 380/380/380 385/385/385 379/379/379 
f 386/386/386 385/385/385 380/380/380 
f 376/376/376 387/387/387 381/381/381 
f 382/382/382 387/387/387 376/376/376 
f 377/377/377 388/388/388 382/382/382 
f 383/383/383 388/388/388 377/377/377 
f 378/378/378 389/389/389 383/383/383 
f 384/384/384 389/389/389 378/378/378 
f 379/379/379 390/390/390 384/384/384 
f 385/385/385 390/390/390 379/379/379 
f 382/382/382 391/391/391 387/387/387 
f 388/388/388 391/391/391 382/382/382 
f 383/383/383 392/392/392 388/388/388 
f 389/389/389 392/392/392 383/383/383 
f 384/384/384 393/393/393 389/389/389 
f 390/390/390 393/393/393 384/384/384 
f 388/388/388 394/394/394 391/391/391 
f 392/392/392 394/394/394 388/388/388 
f 389/389/389 395/395/395 392/392/392 
f 393/393/393 395/395/395 389/389/389 
f 392/392/392 396/396/396 394/394/394 
f 395/395/395 396/396/396 392/392/392 
f 385/385/385 397/397/397 390/390/390 
f 390/390/390 398/398/398 393/393/393 
f 397/397/397 398/398/398 390/390/390 
f 393/393/393 399/399/399 395/395/395 
f 398/398/398 399/399/399 393/393/393 
f 395/395/395 400/400/400 396/396/396 
f 399/399/399 400/400/400 395/395/395 
f 401/401/401 397/397/397 385/385/385 
f 386/386/386 401/401/401 385/385/385 
f 394/394/394 402/402/402 391/391/391 
f 396/396/396 403/403/403 394/394/394 
f 394/394/394 403/403/403 402/402/402 
f 400/400/400 404/404/404 396/396/396 
f 396/396/396 404/404/404 403/403/403 
f 391/391/391 402/402/402 405/405/405 
f 391/391/391 405/405/405 387/387/387 
f 387/387/387 405/405/405 406/406/406 
f 387/387/387 406/406/406 381/381/381 
f 381/381/381 406/406/406 407/407/407 
f 381/381/381 407/407/407 375/375/375 
f 375/375/375 407/407/407 408/408/408 
f 375/375/375 408/408/408 360/360/360 
f 360/360/360 408/408/408 409/409/409 
f 360/360/360 409/409/409 350/350/350 
f 350/350/350 409/409/409 351/351/351 
f 410/410/410 351/351/351 409/409/409 
f 410/410/410 411/411/411 351/351/351 
f 412/412/412 410/410/410 409/409/409 
f 412/412/412 409/409/409 408/408/408 
f 413/413/413 412/412/412 408/408/408 
f 413/413/413 408/408/408 407/407/407 
f 414/414/414 413/413/413 407/407/407 
f 414/414/414 407/407/407 406/406/406 
f 415/415/415 414/414/414 406/406/406 
f 415/415/415 406/406/406 405/405/405 
f 416/416/416 415/415/415 405/405/405 
f 416/416/416 405/405/405 402/402/402 
f 417/417/417 416/416/416 402/402/402 
f 417/417/417 402/402/402 403/403/403 
f 418/418/418 417/417/417 403/403/403 
f 418/418/418 403/403/403 404/404/404 
f 419/419/419 418/418/418 404/404/404 
f 419/419/419 404/404/404 420/420/420 
f 421/421/421 419/419/419 420/420/420 
f 400/400/400 420/420/420 404/404/404 
f 421/421/421 420/420/420 422/422/422 
f 423/423/423 421/421/421 422/422/422 
f 424/424/424 420/420/420 400/400/400 
f 424/424/424 422/422/422 420/420/420 
f 399/399/399 424/424/424 400/400/400 
f 423/423/423 422/422/422 425/425/425 
f 426/426/426 423/423/423 425/425/425 
f 427/427/427 424/424/424 399/399/399 
f 398/398/398 427/427/427 399/399/399 
f 428/428/428 422/422/422 424/424/424 
f 428/428/428 425/425/425 422/422/422 
f 427/427/427 428/428/428 424/424/424 
f 426/426/426 425/425/425 429/429/429 
f 430/430/430 426/426/426 429/429/429 
f 431/431/431 427/427/427 398/398/398 
f 397/397/397 431/431/431 398/398/398 
f 432/432/432 428/428/428 427/427/427 
f 431/431/431 432/432/432 427/427/427 
f 433/433/433 425/425/425 428/428/428 
f 433/433/433 429/429/429 425/425/425 
f 432/432/432 433/433/433 428/428/428 
f 430/430/430 429/429/429 434/434/434 
f 435/435/435 430/430/430 434/434/434 
f 435/435/435 434/434/434 436/436/436 
f 437/437/437 436/436/436 434/434/434 
f 438/438/438 434/434/434 429/429/429 
f 437/437/437 434/434/434 438/438/438 
f 438/438/438 429/429/429 433/433/433 
f 439/439/439 437/437/437 438/438/438 
f 440/440/440 438/438/438 433/433/433 
f 439/439/439 438/438/438 440/440/440 
f 440/440/440 433/433/433 432/432/432 
f 441/441/441 439/439/439 440/440/440 
f 442/442/442 440/440/440 432/432/432 
f 441/441/441 440/440/440 442/442/442 
f 442/442/442 432/432/432 431/431/431 
f 443/443/443 441/441/441 442/442/442 
f 444/444/444 442/442/442 431/431/431 
f 443/443/443 442/442/442 444/444/444 
f 444/444/444 431/431/431 397/397/397 
f 445/445/445 443/443/443 444/444/444 
f 401/401/401 444/444/444 397/397/397 
f 445/445/445 444/444/444 401/401/401 
f 446/446/446 445/445/445 401/401/401 
f 446/446/446 401/401/401 386/386/386 
f 447/447/447 446/446/446 386/386/386 
f 447/447/447 386/386/386 448/448/448 
f 447/447/447 449/449/449 446/446/446 
f 447/447/447 448/448/448 450/450/450 
f 447/447/447 451/451/451 449/449/449 
f 447/447/447 450/450/450 452/452/452 
f 447/447/447 453/453/453 451/451/451 
f 447/447/447 452/452/452 454/454/454 
f 447/447/447 455/455/455 453/453/453 
f 447/447/447 454/454/454 456/456/456 
f 447/447/447 457/457/457 455/455/455 
f 447/447/447 456/456/456 458/458/458 
f 447/447/447 459/459/459 457/457/457 
f 447/447/447 458/458/458 459/459/459 
f 460/460/460 462/462/462 461/461/461 
f 460/460/460 463/463/463 462/462/462 
f 464/464/464 463/463/463 460/460/460 
f 463/463/463 465/465/465 462/462/462 
f 464/464/464 466/466/466 463/463/463 
f 467/467/467 466/466/466 464/464/464 
f 463/463/463 468/468/468 465/465/465 
f 466/466/466 468/468/468 463/463/463 
f 468/468/468 469/469/469 465/465/465 
f 467/467/467 470/470/470 466/466/466 
f 471/471/471 470/470/470 467/467/467 
f 468/468/468 472/472/472 469/469/469 
f 472/472/472 473/473/473 469/469/469 
f 466/466/466 474/474/474 468/468/468 
f 470/470/470 474/474/474 466/466/466 
f 474/474/474 472/472/472 468/468/468 
f 471/471/471 475/475/475 470/470/470 
f 476/476/476 475/475/475 471/471/471 
f 472/472/472 477/477/477 473/473/473 
f 477/477/477 478/478/478 473/473/473 
f 474/474/474 479/479/479 472/472/472 
f 479/479/479 477/477/477 472/472/472 
f 470/470/470 480/480/480 474/474/474 
f 475/475/475 480/480/480 470/470/470 
f 480/480/480 479/479/479 474/474/474 
f 476/476/476 481/481/481 475/475/475 
f 482/482/482 481/481/481 476/476/476 
f 477/477/477 483/483/483 478/478/478 
f 483/483/483 484/484/484 478/478/478 
f 475/475/475 485/485/485 480/480/480 
f 481/481/481 485/485/485 475/475/475 
f 480/480/480 486/486/486 479/479/479 
f 485/485/485 486/486/486 480/480/480 
f 479/479/479 487/487/487 477/477/477 
f 487/487/487 483/483/483 477/477/477 
f 486/486/486 487/487/487 479/479/479 
f 482/482/482 488/488/488 481/481/481 
f 489/489/489 488/488/488 482/482/482 
f 481/481/481 490/490/490 485/485/485 
f 488/488/488 490/490/490 481/481/481 
f 485/485/485 491/491/491 486/486/486 
f 490/490/490 491/491/491 485/485/485 
f 486/486/486 492/492/492 487/487/487 
f 491/491/491 492/492/492 486/486/486 
f 487/487/487 493/493/493 483/483/483 
f 492/492/492 493/493/493 487/487/487 
f 489/489/489 494/494/494 488/488/488 
f 495/495/495 494/494/494 489/489/489 
f 488/488/488 496/496/496 490/490/490 
f 494/494/494 496/496/496 488/488/488 
f 490/490/490 497/497/497 491/491/491 
f 496/496/496 497/497/497 490/490/490 
f 491/491/491 498/498/498 492/492/492 
f 497/497/497 498/498/498 491/491/491 
f 495/495/495 499/499/499 494/494/494 
f 500/500/500 499/499/499 495/495/495 
f 494/494/494 501/501/501 496/496/496 
f 499/499/499 501/501/501 494/494/494 
f 496/496/496 502/502/502 497/497/497 
f 501/501/501 502/502/502 496/496/496 
f 500/500/500 503/503/503 499/499/499 
f 504/504/504 503/503/503 500/500/500 
f 499/499/499 505/505/505 501/501/501 
f 503/503/503 505/505/505 499/499/499 
f 504/504/504 506/506/506 503/503/503 
f 507/507/507 506/506/506 504/504/504 
f 498/498/498 508/508/508 492/492/492 
f 492/492/492 508/508/508 493/493/493 
f 497/497/497 509/509/509 498/498/498 
f 502/502/502 509/509/509 497/497/497 
f 501/501/501 510/510/510 502/502/502 
f 505/505/505 510/510/510 501/501/501 
f 503/503/503 511/511/511 505/505/505 
f 506/506/506 511/511/511 503/503/503 
f 507/507/507 512/512/512 506/506/506 
f 513/513/513 512/512/512 507/507/507 
f 498/498/498 514/514/514 508/508/508 
f 509/509/509 514/514/514 498/498/498 
f 502/502/502 515/515/515 509/509/509 
f 510/510/510 515/515/515 502/502/502 
f 505/505/505 516/516/516 510/510/510 
f 511/511/511 516/516/516 505/505/505 
f 506/506/506 517/517/517 511/511/511 
f 512/512/512 517/517/517 506/506/506 
f 513/513/513 518/518/518 512/512/512 
f 519/519/519 518/518/518 513/513/513 
f 509/509/509 520/520/520 514/514/514 
f 515/515/515 520/520/520 509/509/509 
f 510/510/510 521/521/521 515/515/515 
f 516/516/516 521/521/521 510/510/510 
f 511/511/511 522/522/522 516/516/516 
f 517/517/517 522/522/522 511/511/511 
f 512/512/512 523/523/523 517/517/517 
f 518/518/518 523/523/523 512/512/512 
f 515/515/515 524/524/524 520/520/520 
f 521/521/521 524/524/524 515/515/515 
f 516/516/516 525/525/525 521/521/521 
f 522/522/522 525/525/525 516/516/516 
f 517/517/517 526/526/526 522/522/522 
f 523/523/523 526/526/526 517/517/517 
f 521/521/521 527/527/527 524/524/524 
f 525/525/525 527/527/527 521/521/521 
f 522/522/522 528/528/528 525/525/525 
f 526/526/526 528/528/528 522/522/522 
f 525/525/525 529/529/529 527/527/527 
f 528/528/528 529/529/529 525/525/525 
f 518/518/518 530/530/530 523/523/523 
f 523/523/523 531/531/531 526/526/526 
f 530/530/530 531/531/531 523/523/523 
f 526/526/526 532/532/532 528/528/528 
f 531/531/531 532/532/532 526/526/526 
f 528/528/528 533/533/533 529/529/529 
f 532/532/532 533/533/533 528/528/528 
f 534/534/534 530/530/530 518/518/518 
f 519/519/519 534/534/534 518/518/518 
f 527/527/527 535/535/535 524/524/524 
f 529/529/529 536/536/536 527/527/527 
f 527/527/527 536/536/536 535/535/535 
f 533/533/533 537/537/537 529/529/529 
f 529/529/529 537/537/537 536/536/536 
f 524/524/524 535/535/535 538/538/538 
f 524/524/524 538/538/538 520/520/520 
f 520/520/520 538/538/538 539/539/539 
f 520/520/520 539/539/539 514/514/514 
f 514/514/514 539/539/539 540/540/540 
f 514/514/514 540/540/540 508/508/508 
f 508/508/508 540/540/540 541/541/541 
f 508/508/508 541/541/541 493/493/493 
f 493/493/493 541/541/541 542/542/542 
f 493/493/493 542/542/542 483/483/483 
f 483/483/483 542/542/542 484/484/484 
f 543/543/543 484/484/484 542/542/542 
f 543/543/543 544/544/544 484/484/484 
f 545/545/545 543/543/543 542/542/542 
f 545/545/545 542/542/542 541/541/541 
f 546/546/546 545/545/545 541/541/541 
f 546/546/546 541/541/541 540/540/540 
f 547/547/547 546/546/546 540/540/540 
f 547/547/547 540/540/540 539/539/539 
f 548/548/548 547/547/547 539/539/539 
f 548/548/548 539/539/539 538/538/538 
f 549/549/549 548/548/548 538/538/538 
f 549/549/549 538/538/538 535/535/535 
f 550/550/550 549/549/549 535/535/535 
f 550/550/550 535/535/535 536/536/536 
f 551/551/551 550/550/550 536/536/536 
f 551/551/551 536/536/536 537/537/537 
f 552/552/552 551/551/551 537/537/537 
f 552/552/552 537/537/537 553/553/553 
f 554/554/554 552/552/552 553/553/553 
f 533/533/533 553/553/553 537/537/537 
f 554/554/554 553/553/553 555/555/555 
f 556/556/556 554/554/554 555/555/555 
f 557/557/557 553/553/553 533/533/533 
f 557/557/557 555/555/555 553/553/553 
f 532/532/532 557/557/557 533/533/533 
f 556/556/556 555/555/555 558/558/558 
f 559/559/559 556/556/556 558/558/558 
f 560/560/560 557/557/557 532/532/532 
f 531/531/531 560/560/560 532/532/532 
f 561/561/561 555/555/555 557/557/557 
f 561/561/561 558/558/558 555/555/555 
f 560/560/560 561/561/561 557/557/557 
f 559/559/559 558/558/558 562/562/562 
f 563/563/563 559/559/559 562/562/562 
f 564/564/564 560/560/560 531/531/531 
f 530/530/530 564/564/564 531/531/531 
f 565/565/565 561/561/561 560/560/560 
f 564/564/564 565/565/565 560/560/560 
f 566/566/566 558/558/558 561/561/561 
f 566/566/566 562/562/562 558/558/558 
f 565/565/565 566/566/566 561/561/561 
f 563/563/563 562/562/562 567/567/567 
f 568/568/568 563/563/563 567/567/567 
f 568/568/568 567/567/567 569/569/569 
f 570/570/570 569/569/569 567/567/567 
f 571/571/571 567/567/567 562/562/562 
f 570/570/570 567/567/567 571/571/571 
f 571/571/571 562/562/562 566/566/566 
f 572/572/572 570/570/570 571/571/571 
f 573/573/573 571/571/571 566/566/566 
f 572/572/572 571/571/571 573/573/573 
f 573/573/573 566/566/566 565/565/565 
f 574/574/574 572/572/572 573/573/573 
f 575/575/575 573/573/573 565/565/565 
f 574/574/574 573/573/573 575/575/575 
f 575/575/575 565/565/565 564/564/564 
f 576/576/576 574/574/574 575/575/575 
f 577/577/577 575/575/575 564/564/564 
f 576/576/576 575/575/575 577/577/577 
f 577/577/577 564/564/564 530/530/530 
f 578/578/578 576/576/576 577/577/577 
f 534/534/534 577/577/577 530/530/530 
f 578/578/578 577/577/577 534/534/534 
f 579/579/579 578/578/578 534/534/534 
f 579/579/579 534/534/534 519/519/519 
f 580/580/580 579/579/579 519/519/519 
f 580/580/580 519/519/519 581/581/581 
f 580/580/580 582/582/582 579/579/579 
f 580/580/580 581/581/581 583/583/583 
f 580/580/580 584/584/584 582/582/582 
f 580/580/580 583/583/583 585/585/585 
f 580/580/580 586/586/586 584/584/584 
f 580/580/580 585/585/585 587/587/587 
f 580/580/580 588/588/588 586/586/586 
f 580/580/580 587/587/587 589/589/589 
f 580/580/580 590/590/590 588/588/588 
f 580/580/580 589/589/589 591/591/591 
f 580/580/580 592/592/592 590/590/590 
f 580/580/580 591/591/591 592/592/592 
f 593/593/593 595/595/595 594/594/594 
f 593/593/593 596/596/596 595/595/595 
f 597/597/597 596/596/596 593/593/593 
f 596/596/596 598/598/598 595/595/595 
f 597/597/597 599/599/599 596/596/596 
f 600/600/600 599/599/599 597/597/597 
f 596/596/596 601/601/601 598/598/598 
f 599/599/599 601/601/601 596/596/596 
f 601/601/601 602/602/602 598/598/598 
f 600/600/600 603/603/603 599/599/599 
f 604/604/604 603/603/603 600/600/600 
f 601/601/601 605/605/605 602/602/602 
f 605/605/605 606/606/606 602/602/602 
f 599/599/599 607/607/607 601/601/601 
f 603/603/603 607/607/607 599/599/599 
f 607/607/607 605/605/605 601/601/601 
f 604/604/604 608/608/608 603/603/603 
f 609/609/609 608/608/608 604/604/604 
f 605/605/605 610/610/610 606/606/606 
f 610/610/610 611/611/611 606/606/606 
f 607/607/607 612/612/612 605/605/605 
f 612/612/612 610/610/610 605/605/605 
f 603/603/603 613/613/613 607/607/607 
f 608/608/608 613/613/613 603/603/603 
f 613/613/613 612/612/612 607/607/607 
f 609/609/609 614/614/614 608/608/608 
f 615/615/615 614/614/614 609/609/609 
f 610/610/610 616/616/616 611/611/611 
f 616/616/616 617/617/617 611/611/611 
f 608/608/608 618/618/618 613/613/613 
f 614/614/614 618/618/618 608/608/608 
f 613/613/613 619/619/619 612/612/612 
f 618/618/618 619/619/619 613/613/613 
f 612/612/612 620/620/620 610/610/610 
f 620/620/620 616/616/616 610/610/610 
f 619/619/619 620/620/620 612/612/612 
f 615/615/615 621/621/621 614/614/614 
f 622/622/622 621/621/621 615/615/615 
f 614/614/614 623/623/623 618/618/618 
f 621/621/621 623/623/623 614/614/614 
f 618/618/618 624/624/624 619/619/619 
f 623/623/623 624/624/624 618/618/618 
f 619/619/619 625/625/625 620/620/620 
f 624/624/624 625/625/625 619/619/619 
f 620/620/620 626/626/626 616/616/616 
f 625/625/625 626/626/626 620/620/620 
f 622/622/622 627/627/627 621/621/621 
f 628/628/628 627/627/627 622/622/622 
f 621/621/621 629/629/629 623/623/623 
f 627/627/627 629/629/629 621/621/621 
f 623/623/623 630/630/630 624/624/624 
f 629/629/629 630/630/630 623/623/623 
f 624/624/624 631/631/631 625/625/625 
f 630/630/630 631/631/631 624/624/624 
f 628/628/628 632/632/632 627/627/627 
f 633/633/633 632/632/632 628/628/628 
f 627/627/627 634/634/634 629/629/629 
f 632/632/632 634/634/634 627/627/627 
f 629/629/629 635/635/635 630/630/630 
f 634/634/634 635/635/635 629/629/629 
f 633/633/633 636/636/636 632/632/632 
f 637/637/637 636/636/636 633/633/633 
f 632/632/632 638/638/638 634/634/634 
f 636/636/636 638/638/638 632/632/632 
f 637/637/637 639/639/639 636/636/636 
f 640/640/640 639/639/639 637/637/637 
f 631/631/631 641/641/641 625/625/625 
f 625/625/625 641/641/641 626/626/626 
f 630/630/630 642/642/642 631/631/631 
f 635/635/635 642/642/642 630/630/630 
f 634/634/634 643/643/643 635/635/635 
f 638/638/638 643/643/643 634/634/634 
f 636/636/636 644/644/644 638/638/638 
f 639/639/639 644/644/644 636/636/636 
f 640/640/640 645/645/645 639/639/639 
f 646/646/646 645/645/645 640/640/640 
f 631/631/631 647/647/647 641/641/641 
f 642/642/642 647/647/647 631/631/631 
f 635/635/635 648/648/648 642/642/642 
f 643/643/643 648/648/648 635/635/635 
f 638/638/638 649/649/649 643/643/643 
f 644/644/644 649/649/649 638/638/638 
f 639/639/639 650/650/650 644/644/644 
f 645/645/645 650/650/650 639/639/639 
f 646/646/646 651/651/651 645/645/645 
f 652/652/652 651/651/651 646/646/646 
f 642/642/642 653/653/653 647/647/647 
f 648/648/648 653/653/653 642/642/642 
f 643/643/643 654/654/654 648/648/648 
f 649/649/649 654/654/654 643/643/643 
f 644/644/644 655/655/655 649/649/649 
f 650/650/650 655/655/655 644/644/644 
f 645/645/645 656/656/656 650/650/650 
f 651/651/651 656/656/656 645/645/645 
f 648/648/648 657/657/657 653/653/653 
f 654/654/654 657/657/657 648/648/648 
f 649/649/649 658/658/658 654/654/654 
f 655/655/655 658/658/658 649/649/649 
f 650/650/650 659/659/659 655/655/655 
f 656/656/656 659/659/659 650/650/650 
f 654/654/654 660/660/660 657/657/657 
f 658/658/658 660/660/660 654/654/654 
f 655/655/655 661/661/661 658/658/658 
f 659/659/659 661/661/661 655/655/655 
f 658/658/658 662/662/662 660/660/660 
f 661/661/661 662/662/662 658/658/658 
f 651/651/651 663/663/663 656/656/656 
f 656/656/656 664/664/664 659/659/659 
f 663/663/663 664/664/664 656/656/656 
f 659/659/659 665/665/665 661/661/661 
f 664/664/664 665/665/665 659/659/659 
f 661/661/661 666/666/666 662/662/662 
f 665/665/665 666/666/666 661/661/661 
f 667/667/667 663/663/663 651/651/651 
f 652/652/652 667/667/667 651/651/651 
f 660/660/660 668/668/668 657/657/657 
f 662/662/662 669/669/669 660/660/660 
f 660/660/660 669/669/669 668/668/668 
f 666/666/666 670/670/670 662/662/662 
f 662/662/662 670/670/670 669/669/669 
f 657/657/657 668/668/668 671/671/671 
f 657/657/657 671/671/671 653/653/653 
f 653/653/653 671/671/671 672/672/672 
f 653/653/653 672/672/672 647/647/647 
f 647/647/647 672/672/672 673/673/673 
f 647/647/647 673/673/673 641/641/641 
f 641/641/641 673/673/673 674/674/674 
f 641/641/641 674/674/674 626/626/626 
f 626/626/626 674/674/674 675/675/675 
f 626/626/626 675/675/675 616/616/616 
f 616/616/616 675/675/675 617/617/617 
f 676/676/676 617/617/617 675/675/675 
f 676/676/676 677/677/677 617/617/617 
f 678/678/678 676/676/676 675/675/675 
f 678/678/678 675/675/675 674/674/674 
f 679/679/679 678/678/678 674/674/674 
f 679/679/679 674/674/674 673/673/673 
f 680/680/680 679/679/679 673/673/673 
f 680/680/680 673/673/673 672/672/672 
f 681/681/681 680/680/680 672/672/672 
f 681/681/681 672/672/672 671/671/671 
f 682/682/682 681/681/681 671/671/671 
f 682/682/682 671/671/671 668/668/668 
f 683/683/683 682/682/682 668/668/668 
f 683/683/683 668/668/668 669/669/669 
f 684/684/684 683/683/683 669/669/669 
f 684/684/684 669/669/669 670/670/670 
f 685/685/685 684/684/684 670/670/670 
f 685/685/685 670/670/670 686/686/686 
f 687/687/687 685/685/685 686/686/686 
f 666/666/666 686/686/686 670/670/670 
f 687/687/687 686/686/686 688/688/688 
f 689/689/689 687/687/687 688/688/688 
f 690/690/690 686/686/686 666/666/666 
f 690/690/690 688/688/688 686/686/686 
f 665/665/665 690/690/690 666/666/666 
f 689/689/689 688/688/688 691/691/691 
f 692/692/692 689/689/689 691/691/691 
f 693/693/693 690/690/690 665/665/665 
f 664/664/664 693/693/693 665/665/665 
f 694/694/694 688/688/688 690/690/690 
f 694/694/694 691/691/691 688/688/688 
f 693/693/693 694/694/694 690/690/690 
f 692/692/692 691/691/691 695/695/695 
f 696/696/696 692/692/692 695/695/695 
f 697/697/697 693/693/693 664/664/664 
f 663/663/663 697/697/697 664/664/664 
f 698/698/698 694/694/694 693/693/693 
f 697/697/697 698/698/698 693/693/693 
f 699/699/699 691/691/691 694/694/694 
f 699/699/699 695/695/695 691/691/691 
f 698/698/698 699/699/699 694/694/694 
f 696/696/696 695/695/695 700/700/700 
f 701/701/701 696/696/696 700/700/700 
f 701/701/701 700/700/700 702/702/702 
f 703/703/703 702/702/702 700/700/700 
f 704/704/704 700/700/700 695/695/695 
f 703/703/703 700/700/700 704/704/704 
f 704/704/704 695/695/695 699/699/699 
f 705/705/705 703/703/703 704/704/704 
f 706/706/706 704/704/704 699/699/699 
f 705/705/705 704/704/704 706/706/706 
f 706/706/706 699/699/699 698/698/698 
f 707/707/707 705/705/705 706/706/706 
f 708/708/708 706/706/706 698/698/698 
f 707/707/707 706/706/706 708/708/708 
f 708/708/708 698/698/698 697/697/697 
f 709/709/709 707/707/707 708/708/708 
f 710/710/710 708/708/708 697/697/697 
f 709/709/709 708/708/708 710/710/710 
f 710/710/710 697/697/697 663/663/663 
f 711/711/711 709/709/709 710/710/710 
f 667/667/667 710/710/710 663/663/663 
f 711/711/711 710/710/710 667/667/667 
f 712/712/712 711/711/711 667/667/667 
f 712/712/712 667/667/667 652/652/652 
f 713/713/713 712/712/712 652/652/652 
f 713/713/713 652/652/652 714/714/714 
f 713/713/713 715/715/715 712/712/712 
f 713/713/713 714/714/714 716/716/716 
f 713/713/713 717/717/717 715/715/715 
f 713/713/713 716/716/716 718/718/718 
f 713/713/713 719/719/719 717/717/717 
f 713/713/713 718/718/718 720/720/720 
f 713/713/713 721/721/721 719/719/719 
f 713/713/713 720/720/720 722/722/722 
f 713/713/713 723/723/723 721/721/721 
f 713/713/713 722/722/722 724/724/724 
f 713/713/713 725/725/725 723/723/723 
f 713/713/713 724/724/724 725/725/725 
f 726/726/726 728/728/728 727/727/727 
f 726/726/726 729/729/729 728/728/728 
f 730/730/730 729/729/729 726/726/726 
f 729/729/729 731/731/731 728/728/728 
f 730/730/730 732/732/732 729/729/729 
f 733/733/733 732/732/732 730/730/730 
f 729/729/729 734/734/734 731/731/731 
f 732/732/732 734/734/734 729/729/729 
f 734/734/734 735/735/735 731/731/731 
f 733/733/733 736/736/736 732/732/732 
f 737/737/737 736/736/736 733/733/733 
f 734/734/734 738/738/738 735/735/735 
f 738/738/738 739/739/739 735/735/735 
f 732/732/732 740/740/740 734/734/734 
f 736/736/736 740/740/740 732/732/732 
f 740/740/740 738/738/738 734/734/734 
f 737/737/737 741/741/741 736/736/736 
f 742/742/742 741/741/741 737/737/737 
f 738/738/738 743/743/743 739/739/739 
f 743/743/743 744/744/744 739/739/739 
f 740/740/740 745/745/745 738/738/738 
f 745/745/745 743/743/743 738/738/738 
f 736/736/736 746/746/746 740/740/740 
f 741/741/741 746/746/746 736/736/736 
f 746/746/746 745/745/745 740/740/740 
f 742/742/742 747/747/747 741/741/741 
f 748/748/748 747/747/747 742/742/742 
f 743/743/743 749/749/749 744/744/744 
f 749/749/749 750/750/750 744/744/744 
f 741/741/741 751/751/751 746/746/746 
f 747/747/747 751/751/751 741/741/741 
f 746/746/746 752/752/752 745/745/745 
f 751/751/751 752/752/752 746/746/746 
f 745/745/745 753/753/753 743/743/743 
f 753/753/753 749/749/749 743/743/743 
f 752/752/752 753/753/753 745/745/745 
f 748/748/748 754/754/754 747/747/747 
f 755/755/755 754/754/754 748/748/748 
f 747/747/747 756/756/756 751/751/751 
f 754/754/754 756/756/756 747/747/747 
f 751/751/751 757/757/757 752/752/752 
f 756/756/756 757/757/757 751/751/751 
f 752/752/752 758/758/758 753/753/753 
f 757/757/757 758/758/758 752/752/752 
f 753/753/753 759/759/759 749/749/749 
f 758/758/758 759/759/759 753/753/753 
f 755/755/755 760/760/760 754/754/754 
f 761/761/761 760/760/760 755/755/755 
f 754/754/754 762/762/762 756/756/756 
f 760/760/760 762/762/762 754/754/754 
f 756/756/756 763/763/763 757/757/757 
f 762/762/762 763/763/763 756/756/756 
f 757/757/757 764/764/764 758/758/758 
f 763/763/763 764/764/764 757/757/757 
f 761/761/761 765/765/765 760/760/760 
f 766/766/766 765/765/765 761/761/761 
f 760/760/760 767/767/767 762/762/762 
f 765/765/765 767/767/767 760/760/760 
f 762/762/762 768/768/768 763/763/763 
f 767/767/767 768/768/768 762/762/762 
f 766/766/766 769/769/769 765/765/765 
f 770/770/770 769/769/769 766/766/766 
f 765/765/765 771/771/771 767/767/767 
f 769/769/769 771/771/771 765/765/765 
f 770/770/770 772/772/772 769/769/769 
f 773/773/773 772/772/772 770/770/770 
f 764/764/764 774/774/774 758/758/758 
f 758/758/758 774/774/774 759/759/759 
f 763/763/763 775/775/775 764/764/764 
f 768/768/768 775/775/775 763/763/763 
f 767/767/767 776/776/776 768/768/768 
f 771/771/771 776/776/776 767/767/767 
f 769/769/769 777/777/777 771/771/771 
f 772/772/772 777/777/777 769/769/769 
f 773/773/773 778/778/778 772/772/772 
f 779/779/779 778/778/778 773/773/773 
f 764/764/764 780/780/780 774/774/774 
f 775/775/775 780/780/780 764/764/764 
f 768/768/768 781/781/781 775/775/775 
f 776/776/776 781/781/781 768/768/768 
f 771/771/771 782/782/782 776/776/776 
f 777/777/777 782/782/782 771/771/771 
f 772/772/772 783/783/783 777/777/777 
f 778/778/778 783/783/783 772/772/772 
f 779/779/779 784/784/784 778/778/778 
f 785/785/785 784/784/784 779/779/779 
f 775/775/775 786/786/786 780/780/780 
f 781/781/781 786/786/786 775/775/775 
f 776/776/776 787/787/787 781/781/781 
f 782/782/782 787/787/787 776/776/776 
f 777/777/777 788/788/788 782/782/782 
f 783/783/783 788/788/788 777/777/777 
f 778/778/778 789/789/789 783/783/783 
f 784/784/784 789/789/789 778/778/778 
f 781/781/781 790/790/790 786/786/786 
f 787/787/787 790/790/790 781/781/781 
f 782/782/782 791/791/791 787/787/787 
f 788/788/788 791/791/791 782/782/782 
f 783/783/783 792/792/792 788/788/788 
f 789/789/789 792/792/792 783/783/783 
f 787/787/787 793/793/793 790/790/790 
f 791/791/791 793/793/793 787/787/787 
f 788/788/788 794/794/794 791/791/791 
f 792/792/792 794/794/794 788/788/788 
f 791/791/791 795/795/795 793/793/793 
f 794/794/794 795/795/795 791/791/791 
f 784/784/784 796/796/796 789/789/789 
f 789/789/789 797/797/797 792/792/792 
f 796/796/796 797/797/797 789/789/789 
f 792/792/792 798/798/798 794/794/794 
f 797/797/797 798/798/798 792/792/792 
f 794/794/794 799/799/799 795/795/795 
f 798/798/798 799/799/799 794/794/794 
f 800/800/800 796/796/796 784/784/784 
f 785/785/785 800/800/800 784/784/784 
f 793/793/793 801/801/801 790/790/790 
f 795/795/795 802/802/802 793/793/793 
f 793/793/793 802/802/802 801/801/801 
f 799/799/799 803/803/803 795/795/795 
f 795/795/795 803/803/803 802/802/802 
f 790/790/790 801/801/801 804/804/804 
f 790/790/790 804/804/804 786/786/786 
f 786/786/786 804/804/804 805/805/805 
f 786/786/786 805/805/805 780/780/780 
f 780/780/780 805/805/805 806/806/806 
f 780/780/780 806/806/806 774/774/774 
f 774/774/774 806/806/806 807/807/807 
f 774/774/774 807/807/807 759/759/759 
f 759/759/759 807/807/807 808/808/808 
f 759/759/759 808/808/808 749/749/749 
f 749/749/749 808/808/808 750/750/750 
f 809/809/809 750/750/750 808/808/808 
f 809/809/809 810/810/810 750/750/750 
f 811/811/811 809/809/809 808/808/808 
f 811/811/811 808/808/808 807/807/807 
f 812/812/812 811/811/811 807/807/807 
f 812/812/812 807/807/807 806/806/806 
f 813/813/813 812/812/812 806/806/806 
f 813/813/813 806/806/806 805/805/805 
f 814/814/814 813/813/813 805/805/805 
f 814/814/814 805/805/805 804/804/804 
f 815/815/815 814/814/814 804/804/804 
f 815/815/815 804/804/804 801/801/801 
f 816/816/816 815/815/815 801/801/801 
f 816/816/816 801/801/801 802/802/802 
f 817/817/817 816/816/816 802/802/802 
f 817/817/817 802/802/802 803/803/803 
f 818/818/818 817/817/817 803/803/803 
f 818/818/818 803/803/803 819/819/819 
f 820/820/820 818/818/818 819/819/819 
f 799/799/799 819/819/819 803/803/803 
f 820/820/820 819/819/819 821/821/821 
f 822/822/822 820/820/820 821/821/821 
f 823/823/823 819/819/819 799/799/799 
f 823/823/823 821/821/821 819/819/819 
f 798/798/798 823/823/823 799/799/799 
f 822/822/822 821/821/821 824/824/824 
f 825/825/825 822/822/822 824/824/824 
f 826/826/826 823/823/823 798/798/798 
f 797/797/797 826/826/826 798/798/798 
f 827/827/827 821/821/821 823/823/823 
f 827/827/827 824/824/824 821/821/821 
f 826/826/826 827/827/827 823/823/823 
f 825/825/825 824/824/824 828/828/828 
f 829/829/829 825/825/825 828/828/828 
f 830/830/830 826/826/826 797/797/797 
f 796/796/796 830/830/830 797/797/797 
f 831/831/831 827/827/827 826/826/826 
f 830/830/830 831/831/831 826/826/826 
f 832/832/832 824/824/824 827/827/827 
f 832/832/832 828/828/828 824/824/824 
f 831/831/831 832/832/832 827/827/827 
f 829/829/829 828/828/828 833/833/833 
f 834/834/834 829/829/829 833/833/833 
f 834/834/834 833/833/833 835/835/835 
f 836/836/836 835/835/835 833/833/833 
f 837/837/837 833/833/833 828/828/828 
f 836/836/836 833/833/833 837/837/837 
f 837/837/837 828/828/828 832/832/832 
f 838/838/838 836/836/836 837/837/837 
f 839/839/839 837/837/837 832/832/832 
f 838/838/838 837/837/837 839/839/839 
f 839/839/839 832/832/832 831/831/831 
f 840/840/840 838/838/838 839/839/839 
f 841/841/841 839/839/839 831/831/831 
f 840/840/840 839/839/839 841/841/841 
f 841/841/841 831/831/831 830/830/830 
f 842/842/842 840/840/840 841/841/841 
f 843/843/843 841/841/841 830/830/830 
f 842/842/842 841/841/841 843/843/843 
f 843/843/843 830/830/830 796/796/796 
f 844/844/844 842/842/842 843/843/843 
f 800/800/800 843/843/843 796/796/796 
f 844/844/844 843/843/843 800/800/800 
f 845/845/845 844/844/844 800/800/800 
f 845/845/845 800/800/800 785/785/785 
f 846/846/846 845/845/845 785/785/785 
f 846/846/846 785/785/785 847/847/847 
f 846/846/846 848/848/848 845/845/845 
f 846/846/846 847/847/847 849/849/849 
f 846/846/846 850/850/850 848/848/848 
f 846/846/846 849/849/849 851/851/851 
f 846/846/846 852/852/852 850/850/850 
f 846/846/846 851/851/851 853/853/853 
f 846/846/846 854/854/854 852/852/852 
f 846/846/846 853/853/853 855/855/855 
f 846/846/846 856/856/856 854/854/854 
f 846/846/846 855/855/855 857/857/857 
f 846/846/846 858/858/858 856/856/856 
f 846/846/846 857/857/857 858/858/858 
f 859/859/859 861/861/861 860/860/860 
f 859/859/859 862/862/862 861/861/861 
f 863/863/863 862/862/862 859/859/859 
f 862/862/862 864/864/864 861/861/861 
f 863/863/863 865/865/865 862/862/862 
f 866/866/866 865/865/865 863/863/863 
f 862/862/862 867/867/867 864/864/864 
f 865/865/865 867/867/867 862/862/862 
f 867/867/867 868/868/868 864/864/864 
f 866/866/866 869/869/869 865/865/865 
f 870/870/870 869/869/869 866/866/866 
f 867/867/867 871/871/871 868/868/868 
f 871/871/871 872/872/872 868/868/868 
f 865/865/865 873/873/873 867/867/867 
f 869/869/869 873/873/873 865/865/865 
f 873/873/873 871/871/871 867/867/867 
f 870/870/870 874/874/874 869/869/869 
f 875/875/875 874/874/874 870/870/870 
f 871/871/871 876/876/876 872/872/872 
f 876/876/876 877/877/877 872/872/872 
f 873/873/873 878/878/878 871/871/871 
f 878/878/878 876/876/876 871/871/871 
f 869/869/869 879/879/879 873/873/873 
f 874/874/874 879/879/879 869/869/869 
f 879/879/879 878/878/878 873/873/873 
f 875/875/875 880/880/880 874/874/874 
f 881/881/881 880/880/880 875/875/875 
f 876/876/876 882/882/882 877/877/877 
f 882/882/882 883/883/883 877/877/877 
f 874/874/874 884/884/884 879/879/879 
f 880/880/880 884/884/884 874/874/874 
f 879/879/879 885/885/885 878/878/878 
f 884/884/884 885/885/885 879/879/879 
f 878/878/878 886/886/886 876/876/876 
f 886/886/886 882/882/882 876/876/876 
f 885/885/885 886/886/886 878/878/878 
f 881/881/881 887/887/887 880/880/880 
f 888/888/888 887/887/887 881/881/881 
f 880/880/880 889/889/889 884/884/884 
f 887/887/887 889/889/889 880/880/880 
f 884/884/884 890/890/890 885/885/885 
f 889/889/889 890/890/890 884/884/884 
f 885/885/885 891/891/891 886/886/886 
f 890/890/890 891/891/891 885/885/885 
f 886/886/886 892/892/892 882/882/882 
f 891/891/891 892/892/892 886/886/886 
f 888/888/888 893/893/893 887/887/887 
f 894/894/894 893/893/893 888/888/888 
f 887/887/887 895/895/895 889/889/889 
f 893/893/893 895/895/895 887/887/887 
f 889/889/889 896/896/896 890/890/890 
f 895/895/895 896/896/896 889/889/889 
f 890/890/890 897/897/897 891/891/891 
f 896/896/896 897/897/897 890/890/890 
f 894/894/894 898/898/898 893/893/893 
f 899/899/899 898/898/898 894/894/894 
f 893/893/893 900/900/900 895/895/895 
f 898/898/898 900/900/900 893/893/893 
f 895/895/895 901/901/901 896/896/896 
f 900/900/900 901/901/901 895/895/895 
f 899/899/899 902/902/902 898/898/898 
f 903/903/903 902/902/902 899/899/899 
f 898/898/898 904/904/904 900/900/900 
f 902/902/902 904/904/904 898/898/898 
f 903/903/903 905/905/905 902/902/902 
f 906/906/906 905/905/905 903/903/903 
f 897/897/897 907/907/907 891/891/891 
f 891/891/891 907/907/907 892/892/892 
f 896/896/896 908/908/908 897/897/897 
f 901/901/901 908/908/908 896/896/896 
f 900/900/900 909/909/909 901/901/901 
f 904/904/904 909/909/909 900/900/900 
f 902/902/902 910/910/910 904/904/904 
f 905/905/905 910/910/910 902/902/902 
f 906/906/906 911/911/911 905/905/905 
f 912/912/912 911/911/911 906/906/906 
f 897/897/897 913/913/913 907/907/907 
f 908/908/908 913/913/913 897/897/897 
f 901/901/901 914/914/914 908/908/908 
f 909/909/909 914/914/914 901/901/901 
f 904/904/904 915/915/915 909/909/909 
f 910/910/910 915/915/915 904/904/904 
f 905/905/905 916/916/916 910/910/910 
f 911/911/911 916/916/916 905/905/905 
f 912/912/912 917/917/917 911/911/911 
f 918/918/918 917/917/917 912/912/912 
f 908/908/908 919/919/919 913/913/913 
f 914/914/914 919/919/919 908/908/908 
f 909/909/909 920/920/920 914/914/914 
f 915/915/915 920/920/920 909/909/909 
f 910/910/910 921/921/921 915/915/915 
f 916/916/916 921/921/921 910/910/910 
f 911/911/911 922/922/922 916/916/916 
f 917/917/917 922/922/922 911/911/911 
f 914/914/914 923/923/923 919/919/919 
f 920/920/920 923/923/923 914/914/914 
f 915/915/915 924/924/924 920/920/920 
f 921/921/921 924/924/924 915/915/915 
f 916/916/916 925/925/925 921/921/921 
f 922/922/922 925/925/925 916/916/916 
f 920/920/920 926/926/926 923/923/923 
f 924/924/924 926/926/926 920/920/920 
f 921/921/921 927/927/927 924/924/924 
f 925/925/925 927/927/927 921/921/921 
f 924/924/924 928/928/928 926/926/926 
f 927/927/927 928/928/928 924/924/924 
f 917/917/917 929/929/929 922/922/922 
f 922/922/922 930/930/930 925/925/925 
f 929/929/929 930/930/930 922/922/922 
f 925/925/925 931/931/931 927/927/927 
f 930/930/930 931/931/931 925/925/925 
f 927/927/927 932/932/932 928/928/928 
f 931/931/931 932/932/932 927/927/927 
f 933/933/933 929/929/929 917/917/917 
f 918/918/918 933/933/933 917/917/917 
f 926/926/926 934/934/934 923/923/923 
f 928/928/928 935/935/935 926/926/926 
f 926/926/926 935/935/935 934/934/934 
f 932/932/932 936/936/936 928/928/928 
f 928/928/928 936/936/936 935/935/935 
f 923/923/923 934/934/934 937/937/937 
f 923/923/923 937/937/937 919/919/919 
f 919/919/919 937/937/937 938/938/938 
f 919/919/919 938/938/938 913/913/913 
f 913/913/913 938/938/938 939/939/939 
f 913/913/913 939/939/939 907/907/907 
f 907/907/907 939/939/939 940/940/940 
f 907/907/907 940/940/940 892/892/892 
f 892/892/892 940/940/940 941/941/941 
f 892/892/892 941/941/941 882/882/882 
f 882/882/882 941/941/941 883/883/883 
f 942/942/942 883/883/883 941/941/941 
f 942/942/942 943/943/943 883/883/883 
f 944/944/944 942/942/942 941/941/941 
f 944/944/944 941/941/941 940/940/940 
f 945/945/945 944/944/944 940/940/940 
f 945/945/945 940/940/940 939/939/939 
f 946/946/946 945/945/945 939/939/939 
f 946/946/946 939/939/939 938/938/938 
f 947/947/947 946/946/946 938/938/938 
f 947/947/947 938/938/938 937/937/937 
f 948/948/948 947/947/947 937/937/937 
f 948/948/948 937/937/937 934/934/934 
f 949/949/949 948/948/948 934/934/934 
f 949/949/949 934/934/934 935/935/935 
f 950/950/950 949/949/949 935/935/935 
f 950/950/950 935/935/935 936/936/936 
f 951/951/951 950/950/950 936/936/936 
f 951/951/951 936/936/936 952/952/952 
f 953/953/953 951/951/951 952/952/952 
f 932/932/932 952/952/952 936/936/936 
f 953/953/953 952/952/952 954/954/954 
f 955/955/955 953/953/953 954/954/954 
f 956/956/956 952/952/952 932/932/932 
f 956/956/956 954/954/954 952/952/952 
f 931/931/931 956/956/956 932/932/932 
f 955/955/955 954/954/954 957/957/957 
f 958/958/958 955/955/955 957/957/957 
f 959/959/959 956/956/956 931/931/931 
f 930/930/930 959/959/959 931/931/931 
f 960/960/960 954/954/954 956/956/956 
f 960/960/960 957/957/957 954/954/954 
f 959/959/959 960/960/960 956/956/956 
f 958/958/958 957/957/957 961/961/961 
f 962/962/962 958/958/958 961/961/961 
f 963/963/963 959/959/959 930/930/930 
f 929/929/929 963/963/963 930/930/930 
f 964/964/964 960/960/960 959/959/959 
f 963/963/963 964/964/964 959/959/959 
f 965/965/965 957/957/957 960/960/960 
f 965/965/965 961/961/961 957/957/957 
f 964/964/964 965/965/965 960/960/960 
f 962/962/962 961/961/961 966/966/966 
f 967/967/967 962/962/962 966/966/966 
f 967/967/967 966/966/966 968/968/968 
f 969/969/969 968/968/968 966/966/966 
f 970/970/970 966/966/966 961/961/961 
f 969/969/969 966/966/966 970/970/970 
f 970/970/970 961/961/961 965/965/965 
f 971/971/971 969/969/969 970/970/970 
f 972/972/972 970/970/970 965/965/965 
f 971/971/971 970/970/970 972/972/972 
f 972/972/972 965/965/965 964/964/964 
f 973/973/973 971/971/971 972/972/972 
f 974/974/974 972/972/972 964/964/964 
f 973/973/973 972/972/972 974/974/974 
f 974/974/974 964/964/964 963/963/963 
f 975/975/975 973/973/973 974/974/974 
f 976/976/976 974/974/974 963/963/963 
f 975/975/975 974/974/974 976/976/976 
f 976/976/976 963/963/963 929/929/929 
f 977/977/977 975/975/975 976/976/976 
f 933/933/933 976/976/976 929/929/929 
f 977/977/977 976/976/976 933/933/933 
f 978/978/978 977/977/977 933/933/933 
f 978/978/978 933/933/933 918/918/918 
f 979/979/979 978/978/978 918/918/918 
f 979/979/979 918/918/918 980/980/980 
f 979/979/979 981/981/981 978/978/978 
f 979/979/979 980/980/980 982/982/982 
f 979/979/979 983/983/983 981/981/981 
f 979/979/979 982/982/982 984/984/984 
f 979/979/979 985/985/985 983/983/983 
f 979/979/979 984/984/984 986/986/986 
f 979/979/979 987/987/987 985/985/985 
f 979/979/979 986/986/986 988/988/988 
f 979/979/979 989/989/989 987/987/987 
f 979/979/979 988/988/988 990/990/990 
f 979/979/979 991/991/991 989/989/989 
f 979/979/979 990/990/990 991/991/991 
f 992/992/992 994/994/994 993/993/993 
f 992/992/992 995/995/995 994/994/994 
f 996/996/996 995/995/995 992/992/992 
f 995/995/995 997/997/997 994/994/994 
f 996/996/996 998/998/998 995/995/995 
f 999/999/999 998/998/998 996/996/996 
f 995/995/995 1000/1000/1000 997/997/997 
f 998/998/998 1000/1000/1000 995/995/995 
f 1000/1000/1000 1001/1001/1001 997/997/997 
f 999/999/999 1002/1002/1002 998/998/998 
f 1003/1003/1003 1002/1002/1002 999/999/999 
f 1000/1000/1000 1004/1004/1004 1001/1001/1001 
f 1004/1004/1004 1005/1005/1005 1001/1001/1001 
f 998/998/998 1006/1006/1006 1000/1000/1000 
f 1002/1002/1002 1006/1006/1006 998/998/998 
f 1006/1006/1006 1004/1004/1004 1000/1000/1000 
f 1003/1003/1003 1007/1007/1007 1002/1002/1002 
f 1008/1008/1008 1007/1007/1007 1003/1003/1003 
f 1004/1004/1004 1009/1009/1009 1005/1005/1005 
f 1009/1009/1009 1010/1010/1010 1005/1005/1005 
f 1006/1006/1006 1011/1011/1011 1004/1004/1004 
f 1011/1011/1011 1009/1009/1009 1004/1004/1004 
f 1002/1002/1002 1012/1012/1012 1006/1006/1006 
f 1007/1007/1007 1012/1012/1012 1002/1002/1002 
f 1012/1012/1012 1011/1011/1011 1006/1006/1006 
f 1008/1008/1008 1013/1013/1013 1007/1007/1007 
f 1014/1014/1014 1013/1013/1013 1008/1008/1008 
f 1009/1009/1009 1015/1015/1015 1010/1010/1010 
f 1015/1015/1015 1016/1016/1016 1010/1010/1010 
f 1007/1007/1007 1017/1017/1017 1012/1012/1012 
f 1013/1013/1013 1017/1017/1017 1007/1007/1007 
f 1012/1012/1012 1018/1018/1018 1011/1011/1011 
f 1017/1017/1017 1018/1018/1018 1012/1012/1012 
f 1011/1011/1011 1019/1019/1019 1009/1009/1009 
f 1019/1019/1019 1015/1015/1015 1009/1009/1009 
f 1018/1018/1018 1019/1019/1019 1011/1011/1011 
f 1014/1014/1014 1020/1020/1020 1013/1013/1013 
f 1021/1021/1021 1020/1020/1020 1014/1014/1014 
f 1013/1013/1013 1022/1022/1022 1017/1017/1017 
f 1020/1020/1020 1022/1022/1022 1013/1013/1013 
f 1017/1017/1017 1023/1023/1023 1018/1018/1018 
f 1022/1022/1022 1023/1023/1023 1017/1017/1017 
f 1018/1018/1018 1024/1024/1024 1019/1019/1019 
f 1023/1023/1023 1024/1024/1024 1018/1018/1018 
f 1019/1019/1019 1025/1025/1025 1015/1015/1015 
f 1024/1024/1024 1025/1025/1025 1019/1019/1019 
f 1021/1021/1021 1026/1026/1026 1020/1020/1020 
f 1027/1027/1027 1026/1026/1026 1021/1021/1021 
f 1020/1020/1020 1028/1028/1028 1022/1022/1022 
f 1026/1026/1026 1028/1028/1028 1020/1020/1020 
f 1022/1022/1022 1029/1029/1029 1023/1023/1023 
f 1028/1028/1028 1029/1029/1029 1022/1022/1022 
f 1023/1023/1023 1030/1030/1030 1024/1024/1024 
f 1029/1029/1029 1030/1030/1030 1023/1023/1023 
f 1027/1027/1027 1031/1031/1031 1026/1026/1026 
f 1032/1032/1032 1031/1031/1031 1027/1027/1027 
f 1026/1026/1026 1033/1033/1033 1028/1028/1028 
f 1031/1031/1031 1033/1033/1033 1026/1026/1026 
f 1028/1028/1028 1034/1034/1034 1029/1029/1029 
f 1033/1033/1033 1034/1034/1034 1028/1028/1028 
f 1032/1032/1032 1035/1035/1035 1031/1031/1031 
f 1036/1036/1036 1035/1035/1035 1032/1032/1032 
f 1031/1031/1031 1037/1037/1037 1033/1033/1033 
f 1035/1035/1035 1037/1037/1037 1031/1031/1031 
f 1036/1036/1036 1038/1038/1038 1035/1035/1035 
f 1039/1039/1039 1038/1038/1038 1036/1036/1036 
f 1030/1030/1030 1040/1040/1040 1024/1024/1024 
f 1024/1024/1024 1040/1040/1040 1025/1025/1025 
f 1029/1029/1029 1041/1041/1041 1030/1030/1030 
f 1034/1034/1034 1041/1041/1041 1029/1029/1029 
f 1033/1033/1033 1042/1042/1042 1034/1034/1034 
f 1037/1037/1037 1042/1042/1042 1033/1033/1033 
f 1035/1035/1035 1043/1043/1043 1037/1037/1037 
f 1038/1038/1038 1043/1043/1043 1035/1035/1035 
f 1039/1039/1039 1044/1044/1044 1038/1038/1038 
f 1045/1045/1045 1044/1044/1044 1039/1039/1039 
f 1030/1030/1030 1046/1046/1046 1040/1040/1040 
f 1041/1041/1041 1046/1046/1046 1030/1030/1030 
f 1034/1034/1034 1047/1047/1047 1041/1041/1041 
f 1042/1042/1042 1047/1047/1047 1034/1034/1034 
f 1037/1037/1037 1048/1048/1048 1042/1042/1042 
f 1043/1043/1043 1048/1048/1048 1037/1037/1037 
f 1038/1038/1038 1049/1049/1049 1043/1043/1043 
f 1044/1044/1044 1049/1049/1049 1038/1038/1038 
f 1045/1045/1045 1050/1050/1050 1044/1044/1044 
f 1051/1051/1051 1050/1050/1050 1045/1045/1045 
f 1041/1041/1041 1052/1052/1052 1046/1046/1046 
f 1047/1047/1047 1052/1052/1052 1041/1041/1041 
f 1042/1042/1042 1053/1053/1053 1047/1047/1047 
f 1048/1048/1048 1053/1053/1053 1042/1042/1042 
f 1043/1043/1043 1054/1054/1054 1048/1048/1048 
f 1049/1049/1049 1054/1054/1054 1043/1043/1043 
f 1044/1044/1044 1055/1055/1055 1049/1049/1049 
f 1050/1050/1050 1055/1055/1055 1044/1044/1044 
f 1047/1047/1047 1056/1056/1056 1052/1052/1052 
f 1053/1053/1053 1056/1056/1056 1047/1047/1047 
f 1048/1048/1048 1057/1057/1057 1053/1053/1053 
f 1054/1054/1054 1057/1057/1057 1048/1048/1048 
f 1049/1049/1049 1058/1058/1058 1054/1054/1054 
f 1055/1055/1055 1058/1058/1058 1049/1049/1049 
f 1053/1053/1053 1059/1059/1059 1056/1056/1056 
f 1057/1057/1057 1059/1059/1059 1053/1053/1053 
f 1054/1054/1054 1060/1060/1060 1057/1057/1057 
f 1058/1058/1058 1060/1060/1060 1054/1054/1054 
f 1057/1057/1057 1061/1061/1061 1059/1059/1059 
f 1060/1060/1060 1061/1061/1061 1057/1057/1057 
f 1050/1050/1050 1062/1062/1062 1055/1055/1055 
f 1055/1055/1055 1063/1063/1063 1058/1058/1058 
f 1062/1062/1062 1063/1063/1063 1055/1055/1055 
f 1058/1058/1058 1064/1064/1064 1060/1060/1060 
f 1063/1063/1063 1064/1064/1064 1058/1058/1058 
f 1060/1060/1060 1065/1065/1065 1061/1061/1061 
f 1064/1064/1064 1065/1065/1065 1060/1060/1060 
f 1066/1066/1066 1062/1062/1062 1050/1050/1050 
f 1051/1051/1051 1066/1066/1066 1050/1050/1050 
f 1059/1059/1059 1067/1067/1067 1056/1056/1056 
f 1061/1061/1061 1068/1068/1068 1059/1059/1059 
f 1059/1059/1059 1068/1068/1068 1067/1067/1067 
f 1065/1065/1065 1069/1069/1069 1061/1061/1061 
f 1061/1061/1061 1069/1069/1069 1068/1068/1068 
f 1056/1056/1056 1067/1067/1067 1070/1070/1070 
f 1056/1056/1056 1070/1070/1070 1052/1052/1052 
f 1052/1052/1052 1070/1070/1070 1071/1071/1071 
f 1052/1052/1052 1071/1071/1071 1046/1046/1046 
f 1046/1046/1046 1071/1071/1071 1072/1072/1072 
f 1046/1046/1046 1072/1072/1072 1040/1040/1040 
f 1040/1040/1040 1072/1072/1072 1073/1073/1073 
f 1040/1040/1040 1073/1073/1073 1025/1025/1025 
f 1025/1025/1025 1073/1073/1073 1074/1074/1074 
f 1025/1025/1025 1074/1074/1074 1015/1015/1015 
f 1015/1015/1015 1074/1074/1074 1016/1016/1016 
f 1075/1075/1075 1016/1016/1016 1074/1074/1074 
f 1075/1075/1075 1076/1076/1076 1016/1016/1016 
f 1077/1077/1077 1075/1075/1075 1074/1074/1074 
f 1077/1077/1077 1074/1074/1074 1073/1073/1073 
f 1078/1078/1078 1077/1077/1077 1073/1073/1073 
f 1078/1078/1078 1073/1073/1073 1072/1072/1072 
f 1079/1079/1079 1078/1078/1078 1072/1072/1072 
f 1079/1079/1079 1072/1072/1072 1071/1071/1071 
f 1080/1080/1080 1079/1079/1079 1071/1071/1071 
f 1080/1080/1080 1071/1071/1071 1070/1070/1070 
f 1081/1081/1081 1080/1080/1080 1070/1070/1070 
f 1081/1081/1081 1070/1070/1070 1067/1067/1067 
f 1082/1082/1082 1081/1081/1081 1067/1067/1067 
f 1082/1082/1082 1067/1067/1067 1068/1068/1068 
f 1083/1083/1083 1082/1082/1082 1068/1068/1068 
f 1083/1083/1083 1068/1068/1068 1069/1069/1069 
f 1084/1084/1084 1083/1083/1083 1069/1069/1069 
f 1084/1084/1084 1069/1069/1069 1085/1085/1085 
f 1086/1086/1086 1084/1084/1084 1085/1085/1085 
f 1065/1065/1065 1085/1085/1085 1069/1069/1069 
f 1086/1086/1086 1085/1085/1085 1087/1087/1087 
f 1088/1088/1088 1086/1086/1086 1087/1087/1087 
f 1089/1089/1089 1085/1085/1085 1065/1065/1065 
f 1089/1089/1089 1087/1087/1087 1085/1085/1085 
f 1064/1064/1064 1089/1089/1089 1065/1065/1065 
f 1088/1088/1088 1087/1087/1087 1090/1090/1090 
f 1091/1091/1091 1088/1088/1088 1090/1090/1090 
f 1092/1092/1092 1089/1089/1089 1064/1064/1064 
f 1063/1063/1063 1092/1092/1092 1064/1064/1064 
f 1093/1093/1093 1087/1087/1087 1089/1089/1089 
f 1093/1093/1093 1090/1090/1090 1087/1087/1087 
f 1092/1092/1092 1093/1093/1093 1089/1089/1089 
f 1091/1091/1091 1090/1090/1090 1094/1094/1094 
f 1095/1095/1095 1091/1091/1091 1094/1094/1094 
f 1096/1096/1096 1092/1092/1092 1063/1063/1063 
f 1062/1062/1062 1096/1096/1096 1063/1063/1063 
f 1097/1097/1097 1093/1093/1093 1092/1092/1092 
f 1096/1096/1096 1097/1097/1097 1092/1092/1092 
f 1098/1098/1098 1090/1090/1090 1093/1093/1093 
f 1098/1098/1098 1094/1094/1094 1090/1090/1090 
f 1097/1097/1097 1098/1098/1098 1093/1093/1093 
f 1095/1095/1095 1094/1094/1094 1099/1099/1099 
f 1100/1100/1100 1095/1095/1095 1099/1099/1099 
f 1100/1100/1100 1099/1099/1099 1101/1101/1101 
f 1102/1102/1102 1101/1101/1101 1099/1099/1099 
f 1103/1103/1103 1099/1099/1099 1094/1094/1094 
f 1102/1102/1102 1099/1099/1099 1103/1103/1103 
f 1103/1103/1103 1094/1094/1094 1098/1098/1098 
f 1104/1104/1104 1102/1102/1102 1103/1103/1103 
f 1105/1105/1105 1103/1103/1103 1098/1098/1098 
f 1104/1104/1104 1103/1103/1103 1105/1105/1105 
f 1105/1105/1105 1098/1098/1098 1097/1097/1097 
f 1106/1106/1106 1104/1104/1104 1105/1105/1105 
f 1107/1107/1107 1105/1105/1105 1097/1097/1097 
f 1106/1106/1106 1105/1105/1105 1107/1107/1107 
f 1107/1107/1107 1097/1097/1097 1096/1096/1096 
f 1108/1108/1108 1106/1106/1106 1107/1107/1107 
f 1109/1109/1109 1107/1107/1107 1096/1096/1096 
f 1108/1108/1108 1107/1107/1107 1109/1109/1109 
f 1109/1109/1109 1096/1096/1096 1062/1062/1062 
f 1110/1110/1110 1108/1108/1108 1109/1109/1109 
f 1066/1066/1066 1109/1109/1109 1062/1062/1062 
f 1110/1110/1110 1109/1109/1109 1066/1066/1066 
f 1111/1111/1111 1110/1110/1110 1066/1066/1066 
f 1111/1111/1111 1066/1066/1066 1051/1051/1051 
f 1112/1112/1112 1111/1111/1111 1051/1051/1051 
f 1112/1112/1112 1051/1051/1051 1113/1113/1113 
f 1112/1112/1112 1114/1114/1114 1111/1111/1111 
f 1112/1112/1112 1113/1113/1113 1115/1115/1115 
f 1112/1112/1112 1116/1116/1116 1114/1114/1114 
f 1112/1112/1112 1115/1115/1115 1117/1117/1117 
f 1112/1112/1112 1118/1118/1118 1116/1116/1116 
f 1112/1112/1112 1117/1117/1117 1119/1119/1119 
f 1112/1112/1112 1120/1120/1120 1118/1118/1118 
f 1112/1112/1112 1119/1119/1119 1121/1121/1121 
f 1112/1112/1112 1122/1122/1122 1120/1120/1120 
f 1112/1112/1112 1121/1121/1121 1123/1123/1123 
f 1112/1112/1112 1124/1124/1124 1122/1122/1122 
f 1112/1112/1112 1123/1123/1123 1124/1124/1124 
f 1125/1125/1125 1127/1127/1127 1126/1126/1126 
f 1125/1125/1125 1128/1128/1128 1127/1127/1127 
f 1129/1129/1129 1128/1128/1128 1125/1125/1125 
f 1128/1128/1128 1130/1130/1130 1127/1127/1127 
f 1129/1129/1129 1131/1131/1131 1128/1128/1128 
f 1132/1132/1132 1131/1131/1131 1129/1129/1129 
f 1128/1128/1128 1133/1133/1133 1130/1130/1130 
f 1131/1131/1131 1133/1133/1133 1128/1128/1128 
f 1133/1133/1133 1134/1134/1134 1130/1130/1130 
f 1132/1132/1132 1135/1135/1135 1131/1131/1131 
f 1136/1136/1136 1135/1135/1135 1132/1132/1132 
f 1133/1133/1133 1137/1137/1137 1134/1134/1134 
f 1137/1137/1137 1138/1138/1138 1134/1134/1134 
f 1131/1131/1131 1139/1139/1139 1133/1133/1133 
f 1135/1135/1135 1139/1139/1139 1131/1131/1131 
f 1139/1139/1139 1137/1137/1137 1133/1133/1133 
f 1136/1136/1136 1140/1140/1140 1135/1135/1135 
f 1141/1141/1141 1140/1140/1140 1136/1136/1136 
f 1137/1137/1137 1142/1142/1142 1138/1138/1138 
f 1142/1142/1142 1143/1143/1143 1138/1138/1138 
f 1139/1139/1139 1144/1144/1144 1137/1137/1137 
f 1144/1144/1144 1142/1142/1142 1137/1137/1137 
f 1135/1135/1135 1145/1145/1145 1139/1139/1139 
f 1140/1140/1140 1145/1145/1145 1135/1135/1135 
f 1145/1145/1145 1144/1144/1144 1139/1139/1139 
f 1141/1141/1141 1146/1146/1146 1140/1140/1140 
f 1147/1147/1147 1146/1146/1146 1141/1141/1141 
f 1142/1142/1142 1148/1148/1148 1143/1143/1143 
f 1148/1148/1148 1149/1149/1149 1143/1143/1143 
f 1140/1140/1140 1150/1150/1150 1145/1145/1145 
f 1146/1146/1146 1150/1150/1150 1140/1140/1140 
f 1145/1145/1145 1151/1151/1151 1144/1144/1144 
f 1150/1150/1150 1151/1151/1151 1145/1145/1145 
f 1144/1144/1144 1152/1152/1152 1142/1142/1142 
f 1152/1152/1152 1148/1148/1148 1142/1142/1142 
f 1151/1151/1151 1152/1152/1152 1144/1144/1144 
f 1147/1147/1147 1153/1153/1153 1146/1146/1146 
f 1154/1154/1154 1153/1153/1153 1147/1147/1147 
f 1146/1146/1146 1155/1155/1155 1150/1150/1150 
f 1153/1153/1153 1155/1155/1155 1146/1146/1146 
f 1150/1150/1150 1156/1156/1156 1151/1151/1151 
f 1155/1155/1155 1156/1156/1156 1150/1150/1150 
f 1151/1151/1151 1157/1157/1157 1152/1152/1152 
f 1156/1156/1156 1157/1157/1157 1151/1151/1151 
f 1152/1152/1152 1158/1158/1158 1148/1148/1148 
f 1157/1157/1157 1158/1158/1158 1152/1152/1152 
f 1154/1154/1154 1159/1159/1159 1153/1153/1153 
f 1160/1160/1160 1159/1159/1159 1154/1154/1154 
f 1153/1153/1153 1161/1161/1161 1155/1155/1155 
f 1159/1159/1159 1161/1161/1161 1153/1153/1153 
f 1155/1155/1155 1162/1162/1162 1156/1156/1156 
f 1161/1161/1161 1162/1162/1162 1155/1155/1155 
f 1156/1156/1156 1163/1163/1163 1157/1157/1157 
f 1162/1162/1162 1163/1163/1163 1156/1156/1156 
f 1160/1160/1160 1164/1164/1164 1159/1159/1159 
f 1165/1165/1165 1164/1164/1164 1160/1160/1160 
f 1159/1159/1159 1166/1166/1166 1161/1161/1161 
f 1164/1164/1164 1166/1166/1166 1159/1159/1159 
f 1161/1161/1161 1167/1167/1167 1162/1162/1162 
f 1166/1166/1166 1167/1167/1167 1161/1161/1161 
f 1165/1165/1165 1168/1168/1168 1164/1164/1164 
f 1169/1169/1169 1168/1168/1168 1165/1165/1165 
f 1164/1164/1164 1170/1170/1170 1166/1166/1166 
f 1168/1168/1168 1170/1170/1170 1164/1164/1164 
f 1169/1169/1169 1171/1171/1171 1168/1168/1168 
f 1172/1172/1172 1171/1171/1171 1169/1169/1169 
f 1163/1163/1163 1173/1173/1173 1157/1157/1157 
f 1157/1157/1157 1173/1173/1173 1158/1158/1158 
f 1162/1162/1162 1174/1174/1174 1163/1163/1163 
f 1167/1167/1167 1174/1174/1174 1162/1162/1162 
f 1166/1166/1166 1175/1175/1175 1167/1167/1167 
f 1170/1170/1170 1175/1175/1175 1166/1166/1166 
f 1168/1168/1168 1176/1176/1176 1170/1170/1170 
f 1171/1171/1171 1176/1176/1176 1168/1168/1168 
f 1172/1172/1172 1177/1177/1177 1171/1171/1171 
f 1178/1178/1178 1177/1177/1177 1172/1172/1172 
f 1163/1163/1163 1179/1179/1179 1173/1173/1173 
f 1174/1174/1174 1179/1179/1179 1163/1163/1163 
f 1167/1167/1167 1180/1180/1180 1174/1174/1174 
f 1175/1175/1175 1180/1180/1180 1167/1167/1167 
f 1170/1170/1170 1181/1181/1181 1175/1175/1175 
f 1176/1176/1176 1181/1181/1181 1170/1170/1170 
f 1171/1171/1171 1182/1182/1182 1176/1176/1176 
f 1177/1177/1177 1182/1182/1182 1171/1171/1171 
f 1178/1178/1178 1183/1183/1183 1177/1177/1177 
f 1184/1184/1184 1183/1183/1183 1178/1178/1178 
f 1174/1174/1174 1185/1185/1185 1179/1179/1179 
f 1180/1180/1180 1185/1185/1185 1174/1174/1174 
f 1175/1175/1175 1186/1186/1186 1180/1180/1180 
f 1181/1181/1181 1186/1186/1186 1175/1175/1175 
f 1176/1176/1176 1187/1187/1187 1181/1181/1181 
f 1182/1182/1182 1187/1187/1187 1176/1176/1176 
f 1177/1177/1177 1188/1188/1188 1182/1182/1182 
f 1183/1183/1183 1188/1188/1188 1177/1177/1177 
f 1180/1180/1180 1189/1189/1189 1185/1185/1185 
f 1186/1186/1186 1189/1189/1189 1180/1180/1180 
f 1181/1181/1181 1190/1190/1190 1186/1186/1186 
f 1187/1187/1187 1190/1190/1190 1181/1181/1181 
f 1182/1182/1182 1191/1191/1191 1187/1187/1187 
f 1188/1188/1188 1191/1191/1191 1182/1182/1182 
f 1186/1186/1186 1192/1192/1192 1189/1189/1189 
f 1190/1190/1190 1192/1192/1192 1186/1186/1186 
f 1187/1187/1187 1193/1193/1193 1190/1190/1190 
f 1191/1191/1191 1193/1193/1193 1187/1187/1187 
f 1190/1190/1190 1194/1194/1194 1192/1192/1192 
f 1193/1193/1193 1194/1194/1194 1190/1190/1190 
f 1183/1183/1183 1195/1195/1195 1188/1188/1188 
f 1188/1188/1188 1196/1196/1196 1191/1191/1191 
f 1195/1195/1195 1196/1196/1196 1188/1188/1188 
f 1191/1191/1191 1197/1197/1197 1193/1193/1193 
f 1196/1196/1196 1197/1197/1197 1191/1191/1191 
f 1193/1193/1193 1198/1198/1198 1194/1194/1194 
f 1197/1197/1197 1198/1198/1198 1193/1193/1193 
f 1199/1199/1199 1195/1195/1195 1183/1183/1183 
f 1184/1184/1184 1199/1199/1199 1183/1183/1183 
f 1192/1192/1192 1200/1200/1200 1189/1189/1189 
f 1194/1194/1194 1201/1201/1201 1192/1192/1192 
f 1192/1192/1192 1201/1201/1201 1200/1200/1200 
f 1198/1198/1198 1202/1202/1202 1194/1194/1194 
f 1194/1194/1194 1202/1202/1202 1201/1201/1201 
f 1189/1189/1189 1200/1200/1200 1203/1203/1203 
f 1189/1189/1189 1203/1203/1203 1185/1185/1185 
f 1185/1185/1185 1203/1203/1203 1204/1204/1204 
f 1185/1185/1185 1204/1204/1204 1179/1179/1179 
f 1179/1179/1179 1204/1204/1204 1205/1205/1205 
f 1179/1179/1179 1205/1205/1205 1173/1173/1173 
f 1173/1173/1173 1205/1205/1205 1206/1206/1206 
f 1173/1173/1173 1206/1206/1206 1158/1158/1158 
f 1158/1158/1158 1206/1206/1206 1207/1207/1207 
f 1158/1158/1158 1207/1207/1207 1148/1148/1148 
f 1148/1148/1148 1207/1207/1207 1149/1149/1149 
f 1208/1208/1208 1149/1149/1149 1207/1207/1207 
f 1208/1208/1208 1209/1209/1209 1149/1149/1149 
f 1210/1210/1210 1208/1208/1208 1207/1207/1207 
f 1210/1210/1210 1207/1207/1207 1206/1206/1206 
f 1211/1211/1211 1210/1210/1210 1206/1206/1206 
f 1211/1211/1211 1206/1206/1206 1205/1205/1205 
f 1212/1212/1212 1211/1211/1211 1205/1205/1205 
f 1212/1212/1212 1205/1205/1205 1204/1204/1204 
f 1213/1213/1213 1212/1212/1212 1204/1204/1204 
f 1213/1213/1213 1204/1204/1204 1203/1203/1203 
f 1214/1214/1214 1213/1213/1213 1203/1203/1203 
f 1214/1214/1214 1203/1203/1203 1200/1200/1200 
f 1215/1215/1215 1214/1214/1214 1200/1200/1200 
f 1215/1215/1215 1200/1200/1200 1201/1201/1201 
f 1216/1216/1216 1215/1215/1215 1201/1201/1201 
f 1216/1216/1216 1201/1201/1201 1202/1202/1202 
f 1217/1217/1217 1216/1216/1216 1202/1202/1202 
f 1217/1217/1217 1202/1202/1202 1218/1218/1218 
f 1219/1219/1219 1217/1217/1217 1218/1218/1218 
f 1198/1198/1198 1218/1218/1218 1202/1202/1202 
f 1219/1219/1219 1218/1218/1218 1220/1220/1220 
f 1221/1221/1221 1219/1219/1219 1220/1220/1220 
f 1222/1222/1222 1218/1218/1218 1198/1198/1198 
f 1222/1222/1222 1220/1220/1220 1218/1218/1218 
f 1197/1197/1197 1222/1222/1222 1198/1198/1198 
f 1221/1221/1221 1220/1220/1220 1223/1223/1223 
f 1224/1224/1224 1221/1221/1221 1223/1223/1223 
f 1225/1225/1225 1222/1222/1222 1197/1197/1197 
f 1196/1196/1196 1225/1225/1225 1197/1197/1197 
f 1226/1226/1226 1220/1220/1220 1222/1222/1222 
f 1226/1226/1226 1223/1223/1223 1220/1220/1220 
f 1225/1225/1225 1226/1226/1226 1222/1222/1222 
f 1224/1224/1224 1223/1223/1223 1227/1227/1227 
f 1228/1228/1228 1224/1224/1224 1227/1227/1227 
f 1229/1229/1229 1225/1225/1225 1196/1196/1196 
f 1195/1195/1195 1229/1229/1229 1196/1196/1196 
f 1230/1230/1230 1226/1226/1226 1225/1225/1225 
f 1229/1229/1229 1230/1230/1230 1225/1225/1225 
f 1231/1231/1231 1223/1223/1223 1226/1226/1226 
f 1231/1231/1231 1227/1227/1227 1223/1223/1223 
f 1230/1230/1230 1231/1231/1231 1226/1226/1226 
f 1228/1228/1228 1227/1227/1227 1232/1232/1232 
f 1233/1233/1233 1228/1228/1228 1232/1232/1232 
f 1233/1233/1233 1232/1232/1232 1234/1234/1234 
f 1235/1235/1235 1234/1234/1234 1232/1232/1232 
f 1236/1236/1236 1232/1232/1232 1227/1227/1227 
f 1235/1235/1235 1232/1232/1232 1236/1236/1236 
f 1236/1236/1236 1227/1227/1227 1231/1231/1231 
f 1237/1237/1237 1235/1235/1235 1236/1236/1236 
f 1238/1238/1238 1236/1236/1236 1231/1231/1231 
f 1237/1237/1237 1236/1236/1236 1238/1238/1238 
f 1238/1238/1238 1231/1231/1231 1230/1230/1230 
f 1239/1239/1239 1237/1237/1237 1238/1238/1238 
f 1240/1240/1240 1238/1238/1238 1230/1230/1230 
f 1239/1239/1239 1238/1238/1238 1240/1240/1240 
f 1240/1240/1240 1230/1230/1230 1229/1229/1229 
f 1241/1241/1241 1239/1239/1239 1240/1240/1240 
f 1242/1242/1242 1240/1240/1240 1229/1229/1229 
f 1241/1241/1241 1240/1240/1240 1242/1242/1242 
f 1242/1242/1242 1229/1229/1229 1195/1195/1195 
f 1243/1243/1243 1241/1241/1241 1242/1242/1242 
f 1199/1199/1199 1242/1242/1242 1195/1195/1195 
f 1243/1243/1243 1242/1242/1242 1199/1199/1199 
f 1244/1244/1244 1243/1243/1243 1199/1199/1199 
f 1244/1244/1244 1199/1199/1199 1184/1184/1184 
f 1245/1245/1245 1244/1244/1244 1184/1184/1184 
f 1245/1245/1245 1184/1184/1184 1246/1246/1246 
f 1245/1245/1245 1247/1247/1247 1244/1244/1244 
f 1245/1245/1245 1246/1246/1246 1248/1248/1248 
f 1245/1245/1245 1249/1249/1249 1247/1247/1247 
f 1245/1245/1245 1248/1248/1248 1250/1250/1250 
f 1245/1245/1245 1251/1251/1251 1249/1249/1249 
f 1245/1245/1245 1250/1250/1250 1252/1252/1252 
f 1245/1245/1245 1253/1253/1253 1251/1251/1251 
f 1245/1245/1245 1252/1252/1252 1254/1254/1254 
f 1245/1245/1245 1255/1255/1255 1253/1253/1253 
f 1245/1245/1245 1254/1254/1254 1256/1256/1256 
f 1245/1245/1245 1257/1257/1257 1255/1255/1255 
f 1245/1245/1245 1256/1256/1256 1257/1257/1257 
f 1258/1258/1258 1260/1260/1260 1259/1259/1259 
f 1258/1258/1258 1261/1261/1261 1260/1260/1260 
f 1262/1262/1262 1261/1261/1261 1258/1258/1258 
f 1261/1261/1261 1263/1263/1263 1260/1260/1260 
f 1262/1262/1262 1264/1264/1264 1261/1261/1261 
f 1265/1265/1265 1264/1264/1264 1262/1262/1262 
f 1261/1261/1261 1266/1266/1266 1263/1263/1263 
f 1264/1264/1264 1266/1266/1266 1261/1261/1261 
f 1266/1266/1266 1267/1267/1267 1263/1263/1263 
f 1265/1265/1265 1268/1268/1268 1264/1264/1264 
f 1269/1269/1269 1268/1268/1268 1265/1265/1265 
f 1266/1266/1266 1270/1270/1270 1267/1267/1267 
f 1270/1270/1270 1271/1271/1271 1267/1267/1267 
f 1264/1264/1264 1272/1272/1272 1266/1266/1266 
f 1268/1268/1268 1272/1272/1272 1264/1264/1264 
f 1272/1272/1272 1270/1270/1270 1266/1266/1266 
f 1269/1269/1269 1273/1273/1273 1268/1268/1268 
f 1274/1274/1274 1273/1273/1273 1269/1269/1269 
f 1270/1270/1270 1275/1275/1275 1271/1271/1271 
f 1275/1275/1275 1276/1276/1276 1271/1271/1271 
f 1272/1272/1272 1277/1277/1277 1270/1270/1270 
f 1277/1277/1277 1275/1275/1275 1270/1270/1270 
f 1268/1268/1268 1278/1278/1278 1272/1272/1272 
f 1273/1273/1273 1278/1278/1278 1268/1268/1268 
f 1278/1278/1278 1277/1277/1277 1272/1272/1272 
f 1274/1274/1274 1279/1279/1279 1273/1273/1273 
f 1280/1280/1280 1279/1279/1279 1274/1274/1274 
f 1275/1275/1275 1281/1281/1281 1276/1276/1276 
f 1281/1281/1281 1282/1282/1282 1276/1276/1276 
f 1273/1273/1273 1283/1283/1283 1278/1278/1278 
f 1279/1279/1279 1283/1283/1283 1273/1273/1273 
f 1278/1278/1278 1284/1284/1284 1277/1277/1277 
f 1283/1283/1283 1284/1284/1284 1278/1278/1278 
f 1277/1277/1277 1285/1285/1285 1275/1275/1275 
f 1285/1285/1285 1281/1281/1281 1275/1275/1275 
f 1284/1284/1284 1285/1285/1285 1277/1277/1277 
f 1280/1280/1280 1286/1286/1286 1279/1279/1279 
f 1287/1287/1287 1286/1286/1286 1280/1280/1280 
f 1279/1279/1279 1288/1288/1288 1283/1283/1283 
f 1286/1286/1286 1288/1288/1288 1279/1279/1279 
f 1283/1283/1283 1289/1289/1289 1284/1284/1284 
f 1288/1288/1288 1289/1289/1289 1283/1283/1283 
f 1284/1284/1284 1290/1290/1290 1285/1285/1285 
f 1289/1289/1289 1290/1290/1290 1284/1284/1284 
f 1285/1285/1285 1291/1291/1291 1281/1281/1281 
f 1290/1290/1290 1291/1291/1291 1285/1285/1285 
f 1287/1287/1287 1292/1292/1292 1286/1286/1286 
f 1293/1293/1293 1292/1292/1292 1287/1287/1287 
f 1286/1286/1286 1294/1294/1294 1288/1288/1288 
f 1292/1292/1292 1294/1294/1294 1286/1286/1286 
f 1288/1288/1288 1295/1295/1295 1289/1289/1289 
f 1294/1294/1294 1295/1295/1295 1288/1288/1288 
f 1289/1289/1289 1296/1296/1296 1290/1290/1290 
f 1295/1295/1295 1296/1296/1296 1289/1289/1289 
f 1293/1293/1293 1297/1297/1297 1292/1292/1292 
f 1298/1298/1298 1297/1297/1297 1293/1293/1293 
f 1292/1292/1292 1299/1299/1299 1294/1294/1294 
f 1297/1297/1297 1299/1299/1299 1292/1292/1292 
f 1294/1294/1294 1300/1300/1300 1295/1295/1295 
f 1299/1299/1299 1300/1300/1300 1294/1294/1294 
f 1298/1298/1298 1301/1301/1301 1297/1297/1297 
f 1302/1302/1302 1301/1301/1301 1298/1298/1298 
f 1297/1297/1297 1303/1303/1303 1299/1299/1299 
f 1301/1301/1301 1303/1303/1303 1297/1297/1297 
f 1302/1302/1302 1304/1304/1304 1301/1301/1301 
f 1305/1305/1305 1304/1304/1304 1302/1302/1302 
f 1296/1296/1296 1306/1306/1306 1290/1290/1290 
f 1290/1290/1290 1306/1306/1306 1291/1291/1291 
f 1295/1295/1295 1307/1307/1307 1296/1296/1296 
f 1300/1300/1300 1307/1307/1307 1295/1295/1295 
f 1299/1299/1299 1308/1308/1308 1300/1300/1300 
f 1303/1303/1303 1308/1308/1308 1299/1299/1299 
f 1301/1301/1301 1309/1309/1309 1303/1303/1303 
f 1304/1304/1304 1309/1309/1309 1301/1301/1301 
f 1305/1305/1305 1310/1310/1310 1304/1304/1304 
f 1311/1311/1311 1310/1310/1310 1305/1305/1305 
f 1296/1296/1296 1312/1312/1312 1306/1306/1306 
f 1307/1307/1307 1312/1312/1312 1296/1296/1296 
f 1300/1300/1300 1313/1313/1313 1307/1307/1307 
f 1308/1308/1308 1313/1313/1313 1300/1300/1300 
f 1303/1303/1303 1314/1314/1314 1308/1308/1308 
f 1309/1309/1309 1314/1314/1314 1303/1303/1303 
f 1304/1304/1304 1315/1315/1315 1309/1309/1309 
f 1310/1310/1310 1315/1315/1315 1304/1304/1304 
f 1311/1311/1311 1316/1316/1316 1310/1310/1310 
f 1317/1317/1317 1316/1316/1316 1311/1311/1311 
f 1307/1307/1307 1318/1318/1318 1312/1312/1312 
f 1313/1313/1313 1318/1318/1318 1307/1307/1307 
f 1308/1308/1308 1319/1319/1319 1313/1313/1313 
f 1314/1314/1314 1319/1319/1319 1308/1308/1308 
f 1309/1309/1309 1320/1320/1320 1314/1314/1314 
f 1315/1315/1315 1320/1320/1320 1309/1309/1309 
f 1310/1310/1310 1321/1321/1321 1315/1315/1315 
f 1316/1316/1316 1321/1321/1321 1310/1310/1310 
f 1313/1313/1313 1322/1322/1322 1318/1318/1318 
f 1319/1319/1319 1322/1322/1322 1313/1313/1313 
f 1314/1314/1314 1323/1323/1323 1319/1319/1319 
f 1320/1320/1320 1323/1323/1323 1314/1314/1314 
f 1315/1315/1315 1324/1324/1324 1320/1320/1320 
f 1321/1321/1321 1324/1324/1324 1315/1315/1315 
f 1319/1319/1319 1325/1325/1325 1322/1322/1322 
f 1323/1323/1323 1325/1325/1325 1319/1319/1319 
f 1320/1320/1320 1326/1326/1326 1323/1323/1323 
f 1324/1324/1324 1326/1326/1326 1320/1320/1320 
f 1323/1323/1323 1327/1327/1327 1325/1325/1325 
f 1326/1326/1326 1327/1327/1327 1323/1323/1323 
f 1316/1316/1316 1328/1328/1328 1321/1321/1321 
f 1321/1321/1321 1329/1329/1329 1324/1324/1324 
f 1328/1328/1328 1329/1329/1329 1321/1321/1321 
f 1324/1324/1324 1330/1330/1330 1326/1326/1326 
f 1329/1329/1329 1330/1330/1330 1324/1324/1324 
f 1326/1326/1326 1331/1331/1331 1327/1327/1327 
f 1330/1330/1330 1331/1331/1331 1326/1326/1326 
f 1332/1332/1332 1328/1328/1328 1316/1316/1316 
f 1317/1317/1317 1332/1332/1332 1316/1316/1316 
f 1325/1325/1325 1333/1333/1333 1322/1322/1322 
f 1327/1327/1327 1334/1334/1334 1325/1325/1325 
f 1325/1325/1325 1334/1334/1334 1333/1333/1333 
f 1331/1331/1331 1335/1335/1335 1327/1327/1327 
f 1327/1327/1327 1335/1335/1335 1334/1334/1334 
f 1322/1322/1322 1333/1333/1333 1336/1336/1336 
f 1322/1322/1322 1336/1336/1336 1318/1318/1318 
f 1318/1318/1318 1336/1336/1336 1337/1337/1337 
f 1318/1318/1318 1337/1337/1337 1312/1312/1312 
f 1312/1312/1312 1337/1337/1337 1338/1338/1338 
f 1312/1312/1312 1338/1338/1338 1306/1306/1306 
f 1306/1306/1306 1338/1338/1338 1339/1339/1339 
f 1306/1306/1306 1339/1339/1339 1291/1291/1291 
f 1291/1291/1291 1339/1339/1339 1340/1340/1340 
f 1291/1291/1291 1340/1340/1340 1281/1281/1281 
f 1281/1281/1281 1340/1340/1340 1282/1282/1282 
f 1341/1341/1341 1282/1282/1282 1340/1340/1340 
f 1341/1341/1341 1342/1342/1342 1282/1282/1282 
f 1343/1343/1343 1341/1341/1341 1340/1340/1340 
f 1343/1343/1343 1340/1340/1340 1339/1339/1339 
f 1344/1344/1344 1343/1343/1343 1339/1339/1339 
f 1344/1344/1344 1339/1339/1339 1338/1338/1338 
f 1345/1345/1345 1344/1344/1344 1338/1338/1338 
f 1345/1345/1345 1338/1338/1338 1337/1337/1337 
f 1346/1346/1346 1345/1345/1345 1337/1337/1337 
f 1346/1346/1346 1337/1337/1337 1336/1336/1336 
f 1347/1347/1347 1346/1346/1346 1336/1336/1336 
f 1347/1347/1347 1336/1336/1336 1333/1333/1333 
f 1348/1348/1348 1347/1347/1347 1333/1333/1333 
f 1348/1348/1348 1333/1333/1333 1334/1334/1334 
f 1349/1349/1349 1348/1348/1348 1334/1334/1334 
f 1349/1349/1349 1334/1334/1334 1335/1335/1335 
f 1350/1350/1350 1349/1349/1349 1335/1335/1335 
f 1350/1350/1350 1335/1335/1335 1351/1351/1351 
f 1352/1352/1352 1350/1350/1350 1351/1351/1351 
f 1331/1331/1331 1351/1351/1351 1335/1335/1335 
f 1352/1352/1352 1351/1351/1351 1353/1353/1353 
f 1354/1354/1354 1352/1352/1352 1353/1353/1353 
f 1355/1355/1355 1351/1351/1351 1331/1331/1331 
f 1355/1355/1355 1353/1353/1353 1351/1351/1351 
f 1330/1330/1330 1355/1355/1355 1331/1331/1331 
f 1354/1354/1354 1353/1353/1353 1356/1356/1356 
f 1357/1357/1357 1354/1354/1354 1356/1356/1356 
f 1358/1358/1358 1355/1355/1355 1330/1330/1330 
f 1329/1329/1329 1358/1358/1358 1330/1330/1330 
f 1359/1359/1359 1353/1353/1353 1355/1355/1355 
f 1359/1359/1359 1356/1356/1356 1353/1353/1353 
f 1358/1358/1358 1359/1359/1359 1355/1355/1355 
f 1357/1357/1357 1356/1356/1356 1360/1360/1360 
f 1361/1361/1361 1357/1357/1357 1360/1360/1360 
f 1362/1362/1362 1358/1358/1358 1329/1329/1329 
f 1328/1328/1328 1362/1362/1362 1329/1329/1329 
f 1363/1363/1363 1359/1359/1359 1358/1358/1358 
f 1362/1362/1362 1363/1363/1363 1358/1358/1358 
f 1364/1364/1364 1356/1356/1356 1359/1359/1359 
f 1364/1364/1364 1360/1360/1360 1356/1356/1356 
f 1363/1363/1363 1364/1364/1364 1359/1359/1359 
f 1361/1361/1361 1360/1360/1360 1365/1365/1365 
f 1366/1366/1366 1361/1361/1361 1365/1365/1365 
f 1366/1366/1366 1365/1365/1365 1367/1367/1367 
f 1368/1368/1368 1367/1367/1367 1365/1365/1365 
f 1369/1369/1369 1365/1365/1365 1360/1360/1360 
f 1368/1368/1368 1365/1365/1365 1369/1369/1369 
f 1369/1369/1369 1360/1360/1360 1364/1364/1364 
f 1370/1370/1370 1368/1368/1368 1369/1369/1369 
f 1371/1371/1371 1369/1369/1369 1364/1364/1364 
f 1370/1370/1370 1369/1369/1369 1371/1371/1371 
f 1371/1371/1371 1364/1364/1364 1363/1363/1363 
f 1372/1372/1372 1370/1370/1370 1371/1371/1371 
f 1373/1373/1373 1371/1371/1371 1363/1363/1363 
f 1372/1372/1372 1371/1371/1371 1373/1373/1373 
f 1373/1373/1373 1363/1363/1363 1362/1362/1362 
f 1374/1374/1374 1372/1372/1372 1373/1373/1373 
f 1375/1375/1375 1373/1373/1373 1362/1362/1362 
f 1374/1374/1374 1373/1373/1373 1375/1375/1375 
f 1375/1375/1375 1362/1362/1362 1328/1328/1328 
f 1376/1376/1376 1374/1374/1374 1375/1375/1375 
f 1332/1332/1332 1375/1375/1375 1328/1328/1328 
f 1376/1376/1376 1375/1375/1375 1332/1332/1332 
f 1377/1377/1377 1376/1376/1376 1332/1332/1332 
f 1377/1377/1377 1332/1332/1332 1317/1317/1317 
f 1378/1378/1378 1377/1377/1377 1317/1317/1317 
f 1378/1378/1378 1317/1317/1317 1379/1379/1379 
f 1378/1378/1378 1380/1380/1380 1377/1377/1377 
f 1378/1378/1378 1379/1379/1379 1381/1381/1381 
f 1378/1378/1378 1382/1382/1382 1380/1380/1380 
f 1378/1378/1378 1381/1381/1381 1383/1383/1383 
f 1378/1378/1378 1384/1384/1384 1382/1382/1382 
f 1378/1378/1378 1383/1383/1383 1385/1385/1385 
f 1378/1378/1378 1386/1386/1386 1384/1384/1384 
f 1378/1378/1378 1385/1385/1385 1387/1387/1387 
f 1378/1378/1378 1388/1388/1388 1386/1386/1386 
f 1378/1378/1378 1387/1387/1387 1389/1389/1389 
f 1378/1378/1378 1390/1390/1390 1388/1388/1388 
f 1378/1378/1378 1389/1389/1389 1390/1390/1390 
f 1391/1391/1391 1393/1393/1393 1392/1392/1392 
f 1391/1391/1391 1394/1394/1394 1393/1393/1393 
f 1395/1395/1395 1394/1394/1394 1391/1391/1391 
f 1394/1394/1394 1396/1396/1396 1393/1393/1393 
f 1395/1395/1395 1397/1397/1397 1394/1394/1394 
f 1398/1398/1398 1397/1397/1397 1395/1395/1395 
f 1394/1394/1394 1399/1399/1399 1396/1396/1396 
f 1397/1397/1397 1399/1399/1399 1394/1394/1394 
f 1399/1399/1399 1400/1400/1400 1396/1396/1396 
f 1398/1398/1398 1401/1401/1401 1397/1397/1397 
f 1402/1402/1402 1401/1401/1401 1398/1398/1398 
f 1399/1399/1399 1403/1403/1403 1400/1400/1400 
f 1403/1403/1403 1404/1404/1404 1400/1400/1400 
f 1397/1397/1397 1405/1405/1405 1399/1399/1399 
f 1401/1401/1401 1405/1405/1405 1397/1397/1397 
f 1405/1405/1405 1403/1403/1403 1399/1399/1399 
f 1402/1402/1402 1406/1406/1406 1401/1401/1401 
f 1407/1407/1407 1406/1406/1406 1402/1402/1402 
f 1403/1403/1403 1408/1408/1408 1404/1404/1404 
f 1408/1408/1408 1409/1409/1409 1404/1404/1404 
f 1405/1405/1405 1410/1410/1410 1403/1403/1403 
f 1410/1410/1410 1408/1408/1408 1403/1403/1403 
f 1401/1401/1401 1411/1411/1411 1405/1405/1405 
f 1406/1406/1406 1411/1411/1411 1401/1401/1401 
f 1411/1411/1411 1410/1410/1410 1405/1405/1405 
f 1407/1407/1407 1412/1412/1412 1406/1406/1406 
f 1413/1413/1413 1412/1412/1412 1407/1407/1407 
f 1408/1408/1408 1414/1414/1414 1409/1409/1409 
f 1414/1414/1414 1415/1415/1415 1409/1409/1409 
f 1406/1406/1406 1416/1416/1416 1411/1411/1411 
f 1412/1412/1412 1416/1416/1416 1406/1406/1406 
f 1411/1411/1411 1417/1417/1417 1410/1410/1410 
f 1416/1416/1416 1417/1417/1417 1411/1411/1411 
f 1410/1410/1410 1418/1418/1418 1408/1408/1408 
f 1418/1418/1418 1414/1414/1414 1408/1408/1408 
f 1417/1417/1417 1418/1418/1418 1410/1410/1410 
f 1413/1413/1413 1419/1419/1419 1412/1412/1412 
f 1420/1420/1420 1419/1419/1419 1413/1413/1413 
f 1412/1412/1412 1421/1421/1421 1416/1416/1416 
f 1419/1419/1419 1421/1421/1421 1412/1412/1412 
f 1416/1416/1416 1422/1422/1422 1417/1417/1417 
f 1421/1421/1421 1422/1422/1422 1416/1416/1416 
f 1417/1417/1417 1423/1423/1423 1418/1418/1418 
f 1422/1422/1422 1423/1423/1423 1417/1417/1417 
f 1418/1418/1418 1424/1424/1424 1414/1414/1414 
f 1423/1423/1423 1424/1424/1424 1418/1418/1418 
f 1420/1420/1420 1425/1425/1425 1419/1419/1419 
f 1426/1426/1426 1425/1425/1425 1420/1420/1420 
f 1419/1419/1419 1427/1427/1427 1421/1421/1421 
f 1425/1425/1425 1427/1427/1427 1419/1419/1419 
f 1421/1421/1421 1428/1428/1428 1422/1422/1422 
f 1427/1427/1427 1428/1428/1428 1421/1421/1421 
f 1422/1422/1422 1429/1429/1429 1423/1423/1423 
f 1428/1428/1428 1429/1429/1429 1422/1422/1422 
f 1426/1426/1426 1430/1430/1430 1425/1425/1425 
f 1431/1431/1431 1430/1430/1430 1426/1426/1426 
f 1425/1425/1425 1432/1432/1432 1427/1427/1427 
f 1430/1430/1430 1432/1432/1432 1425/1425/1425 
f 1427/1427/1427 1433/1433/1433 1428/1428/1428 
f 1432/1432/1432 1433/1433/1433 1427/1427/1427 
f 1431/1431/1431 1434/1434/1434 1430/1430/1430 
f 1435/1435/1435 1434/1434/1434 1431/1431/1431 
f 1430/1430/1430 1436/1436/1436 1432/1432/1432 
f 1434/1434/1434 1436/1436/1436 1430/1430/1430 
f 1435/1435/1435 1437/1437/1437 1434/1434/1434 
f 1438/1438/1438 1437/1437/1437 1435/1435/1435 
f 1429/1429/1429 1439/1439/1439 1423/1423/1423 
f 1423/1423/1423 1439/1439/1439 1424/1424/1424 
f 1428/1428/1428 1440/1440/1440 1429/1429/1429 
f 1433/1433/1433 1440/1440/1440 1428/1428/1428 
f 1432/1432/1432 1441/1441/1441 1433/1433/1433 
f 1436/1436/1436 1441/1441/1441 1432/1432/1432 
f 1434/1434/1434 1442/1442/1442 1436/1436/1436 
f 1437/1437/1437 1442/1442/1442 1434/1434/1434 
f 1438/1438/1438 1443/1443/1443 1437/1437/1437 
f 1444/1444/1444 1443/1443/1443 1438/1438/1438 
f 1429/1429/1429 1445/1445/1445 1439/1439/1439 
f 1440/1440/1440 1445/1445/1445 1429/1429/1429 
f 1433/1433/1433 1446/1446/1446 1440/1440/1440 
f 1441/1441/1441 1446/1446/1446 1433/1433/1433 
f 1436/1436/1436 1447/1447/1447 1441/1441/1441 
f 1442/1442/1442 1447/1447/1447 1436/1436/1436 
f 1437/1437/1437 1448/1448/1448 1442/1442/1442 
f 1443/1443/1443 1448/1448/1448 1437/1437/1437 
f 1444/1444/1444 1449/1449/1449 1443/1443/1443 
f 1450/1450/1450 1449/1449/1449 1444/1444/1444 
f 1440/1440/1440 1451/1451/1451 1445/1445/1445 
f 1446/1446/1446 1451/1451/1451 1440/1440/1440 
f 1441/1441/1441 1452/1452/1452 1446/1446/1446 
f 1447/1447/1447 1452/1452/1452 1441/1441/1441 
f 1442/1442/1442 1453/1453/1453 1447/1447/1447 
f 1448/1448/1448 1453/1453/1453 1442/1442/1442 
f 1443/1443/1443 1454/1454/1454 1448/1448/1448 
f 1449/1449/1449 1454/1454/1454 1443/1443/1443 
f 1446/1446/1446 1455/1455/1455 1451/1451/1451 
f 1452/1452/1452 1455/1455/1455 1446/1446/1446 
f 1447/1447/1447 1456/1456/1456 1452/1452/1452 
f 1453/1453/1453 1456/1456/1456 1447/1447/1447 
f 1448/1448/1448 1457/1457/1457 1453/1453/1453 
f 1454/1454/1454 1457/1457/1457 1448/1448/1448 
f 1452/1452/1452 1458/1458/1458 1455/1455/1455 
f 1456/1456/1456 1458/1458/1458 1452/1452/1452 
f 1453/1453/1453 1459/1459/1459 1456/1456/1456 
f 1457/1457/1457 1459/1459/1459 1453/1453/1453 
f 1456/1456/1456 1460/1460/1460 1458/1458/1458 
f 1459/1459/1459 1460/1460/1460 1456/1456/1456 
f 1449/1449/1449 1461/1461/1461 1454/1454/1454 
f 1454/1454/1454 1462/1462/1462 1457/1457/1457 
f 1461/1461/1461 1462/1462/1462 1454/1454/1454 
f 1457/1457/1457 1463/1463/1463 1459/1459/1459 
f 1462/1462/1462 1463/1463/1463 1457/1457/1457 
f 1459/1459/1459 1464/1464/1464 1460/1460/1460 
f 1463/1463/1463 1464/1464/1464 1459/1459/1459 
f 1465/1465/1465 1461/1461/1461 1449/1449/1449 
f 1450/1450/1450 1465/1465/1465 1449/1449/1449 
f 1458/1458/1458 1466/1466/1466 1455/1455/1455 
f 1460/1460/1460 1467/1467/1467 1458/1458/1458 
f 1458/1458/1458 1467/1467/1467 1466/1466/1466 
f 1464/1464/1464 1468/1468/1468 1460/1460/1460 
f 1460/1460/1460 1468/1468/1468 1467/1467/1467 
f 1455/1455/1455 1466/1466/1466 1469/1469/1469 
f 1455/1455/1455 1469/1469/1469 1451/1451/1451 
f 1451/1451/1451 1469/1469/1469 1470/1470/1470 
f 1451/1451/1451 1470/1470/1470 1445/1445/1445 
f 1445/1445/1445 1470/1470/1470 1471/1471/1471 
f 1445/1445/1445 1471/1471/1471 1439/1439/1439 
f 1439/1439/1439 1471/1471/1471 1472/1472/1472 
f 1439/1439/1439 1472/1472/1472 1424/1424/1424 
f 1424/1424/1424 1472/1472/1472 1473/1473/1473 
f 1424/1424/1424 1473/1473/1473 1414/1414/1414 
f 1414/1414/1414 1473/1473/1473 1415/1415/1415 
f 1474/1474/1474 1415/1415/1415 1473/1473/1473 
f 1474/1474/1474 1475/1475/1475 1415/1415/1415 
f 1476/1476/1476 1474/1474/1474 1473/1473/1473 
f 1476/1476/1476 1473/1473/1473 1472/1472/1472 
f 1477/1477/1477 1476/1476/1476 1472/1472/1472 
f 1477/1477/1477 1472/1472/1472 1471/1471/1471 
f 1478/1478/1478 1477/1477/1477 1471/1471/1471 
f 1478/1478/1478 1471/1471/1471 1470/1470/1470 
f 1479/1479/1479 1478/1478/1478 1470/1470/1470 
f 1479/1479/1479 1470/1470/1470 1469/1469/1469 
f 1480/1480/1480 1479/1479/1479 1469/1469/1469 
f 1480/1480/1480 1469/1469/1469 1466/1466/1466 
f 1481/1481/1481 1480/1480/1480 1466/1466/1466 
f 1481/1481/1481 1466/1466/1466 1467/1467/1467 
f 1482/1482/1482 1481/1481/1481 1467/1467/1467 
f 1482/1482/1482 1467/1467/1467 1468/1468/1468 
f 1483/1483/1483 1482/1482/1482 1468/1468/1468 
f 1483/1483/1483 1468/1468/1468 1484/1484/1484 
f 1485/1485/1485 1483/1483/1483 1484/1484/1484 
f 1464/1464/1464 1484/1484/1484 1468/1468/1468 
f 1485/1485/1485 1484/1484/1484 1486/1486/1486 
f 1487/1487/1487 1485/1485/1485 1486/1486/1486 
f 1488/1488/1488 1484/1484/1484 1464/1464/1464 
f 1488/1488/1488 1486/1486/1486 1484/1484/1484 
f 1463/1463/1463 1488/1488/1488 1464/1464/1464 
f 1487/1487/1487 1486/1486/1486 1489/1489/1489 
f 1490/1490/1490 1487/1487/1487 1489/1489/1489 
f 1491/1491/1491 1488/1488/1488 1463/1463/1463 
f 1462/1462/1462 1491/1491/1491 1463/1463/1463 
f 1492/1492/1492 1486/1486/1486 1488/1488/1488 
f 1492/1492/1492 1489/1489/1489 1486/1486/1486 
f 1491/1491/1491 1492/1492/1492 1488/1488/1488 
f 1490/1490/1490 1489/1489/1489 1493/1493/1493 
f 1494/1494/1494 1490/1490/1490 1493/1493/1493 
f 1495/1495/1495 1491/1491/1491 1462/1462/1462 
f 1461/1461/1461 1495/1495/1495 1462/1462/1462 
f 1496/1496/1496 1492/1492/1492 1491/1491/1491 
f 1495/1495/1495 1496/1496/1496 1491/1491/1491 
f 1497/1497/1497 1489/1489/1489 1492/1492/1492 
f 1497/1497/1497 1493/1493/1493 1489/1489/1489 
f 1496/1496/1496 1497/1497/1497 1492/1492/1492 
f 1494/1494/1494 1493/1493/1493 1498/1498/1498 
f 1499/1499/1499 1494/1494/1494 1498/1498/1498 
f 1499/1499/1499 1498/1498/1498 1500/1500/1500 
f 1501/1501/1501 1500/1500/1500 1498/1498/1498 
f 1502/1502/1502 1498/1498/1498 1493/1493/1493 
f 1501/1501/1501 1498/1498/1498 1502/1502/1502 
f 1502/1502/1502 1493/1493/1493 1497/1497/1497 
f 1503/1503/1503 1501/1501/1501 1502/1502/1502 
f 1504/1504/1504 1502/1502/1502 1497/1497/1497 
f 1503/1503/1503 1502/1502/1502 1504/1504/1504 
f 1504/1504/1504 1497/1497/1497 1496/1496/1496 
f 1505/1505/1505 1503/1503/1503 1504/1504/1504 
f 1506/1506/1506 1504/1504/1504 1496/1496/1496 
f 1505/1505/1505 1504/1504/1504 1506/1506/1506 
f 1506/1506/1506 1496/1496/1496 1495/1495/1495 
f 1507/1507/1507 1505/1505/1505 1506/1506/1506 
f 1508/1508/1508 1506/1506/1506 1495/1495/1495 
f 1507/1507/1507 1506/1506/1506 1508/1508/1508 
f 1508/1508/1508 1495/1495/1495 1461/1461/1461 
f 1509/1509/1509 1507/1507/1507 1508/1508/1508 
f 1465/1465/1465 1508/1508/1508 1461/1461/1461 
f 1509/1509/1509 1508/1508/1508 1465/1465/1465 
f 1510/1510/1510 1509/1509/1509 1465/1465/1465 
f 1510/1510/1510 1465/1465/1465 1450/1450/1450 
f 1511/1511/1511 1510/1510/1510 1450/1450/1450 
f 1511/1511/1511 1450/1450/1450 1512/1512/1512 
f 1511/1511/1511 1513/1513/1513 1510/1510/1510 
f 1511/1511/1511 1512/1512/1512 1514/1514/1514 
f 1511/1511/1511 1515/1515/1515 1513/1513/1513 
f 1511/1511/1511 1514/1514/1514 1516/1516/1516 
f 1511/1511/1511 1517/1517/1517 1515/1515/1515 
f 1511/1511/1511 1516/1516/1516 1518/1518/1518 
f 1511/1511/1511 1519/1519/1519 1517/1517/1517 
f 1511/1511/1511 1518/1518/1518 1520/1520/1520 
f 1511/1511/1511 1521/1521/1521 1519/1519/1519 
f 1511/1511/1511 1520/1520/1520 1522/1522/1522 
f 1511/1511/1511 1523/1523/1523 1521/1521/1521 
f 1511/1511/1511 1522/1522/1522 1523/1523/1523 
f 1524/1524/1524 1526/1526/1526 1525/1525/1525 
f 1524/1524/1524 1527/1527/1527 1526/1526/1526 
f 1528/1528/1528 1527/1527/1527 1524/1524/1524 
f 1527/1527/1527 1529/1529/1529 1526/1526/1526 
f 1528/1528/1528 1530/1530/1530 1527/1527/1527 
f 1531/1531/1531 1530/1530/1530 1528/1528/1528 
f 1527/1527/1527 1532/1532/1532 1529/1529/1529 
f 1530/1530/1530 1532/1532/1532 1527/1527/1527 
f 1532/1532/1532 1533/1533/1533 1529/1529/1529 
f 1531/1531/1531 1534/1534/1534 1530/1530/1530 
f 1535/1535/1535 1534/1534/1534 1531/1531/1531 
f 1532/1532/1532 1536/1536/1536 1533/1533/1533 
f 1536/1536/1536 1537/1537/1537 1533/1533/1533 
f 1530/1530/1530 1538/1538/1538 1532/1532/1532 
f 1534/1534/1534 1538/1538/1538 1530/1530/1530 
f 1538/1538/1538 1536/1536/1536 1532/1532/1532 
f 1535/1535/1535 1539/1539/1539 1534/1534/1534 
f 1540/1540/1540 1539/1539/1539 1535/1535/1535 
f 1536/1536/1536 1541/1541/1541 1537/1537/1537 
f 1541/1541/1541 1542/1542/1542 1537/1537/1537 
f 1538/1538/1538 1543/1543/1543 1536/1536/1536 
f 1543/1543/1543 1541/1541/1541 1536/1536/1536 
f 1534/1534/1534 1544/1544/1544 1538/1538/1538 
f 1539/1539/1539 1544/1544/1544 1534/1534/1534 
f 1544/1544/1544 1543/1543/1543 1538/1538/1538 
f 1540/1540/1540 1545/1545/1545 1539/1539/1539 
f 1546/1546/1546 1545/1545/1545 1540/1540/1540 
f 1541/1541/1541 1547/1547/1547 1542/1542/1542 
f 1547/1547/1547 1548/1548/1548 1542/1542/1542 
f 1539/1539/1539 1549/1549/1549 1544/1544/1544 
f 1545/1545/1545 1549/1549/1549 1539/1539/1539 
f 1544/1544/1544 1550/1550/1550 1543/1543/1543 
f 1549/1549/1549 1550/1550/1550 1544/1544/1544 
f 1543/1543/1543 1551/1551/1551 1541/1541/1541 
f 1551/1551/1551 1547/1547/1547 1541/1541/1541 
f 1550/1550/1550 1551/1551/1551 1543/1543/1543 
f 1546/1546/1546 1552/1552/1552 1545/1545/1545 
f 1553/1553/1553 1552/1552/1552 1546/1546/1546 
f 1545/1545/1545 1554/1554/1554 1549/1549/1549 
f 1552/1552/1552 1554/1554/1554 1545/1545/1545 
f 1549/1549/1549 1555/1555/1555 1550/1550/1550 
f 1554/1554/1554 1555/1555/1555 1549/1549/1549 
f 1550/1550/1550 1556/1556/1556 1551/1551/1551 
f 1555/1555/1555 1556/1556/1556 1550/1550/1550 
f 1551/1551/1551 1557/1557/1557 1547/1547/1547 
f 1556/1556/1556 1557/1557/1557 1551/1551/1551 
f 1553/1553/1553 1558/1558/1558 1552/1552/1552 
f 1559/1559/1559 1558/1558/1558 1553/1553/1553 
f 1552/1552/1552 1560/1560/1560 1554/1554/1554 
f 1558/1558/1558 1560/1560/1560 1552/1552/1552 
f 1554/1554/1554 1561/1561/1561 1555/1555/1555 
f 1560/1560/1560 1561/1561/1561 1554/1554/1554 
f 1555/1555/1555 1562/1562/1562 1556/1556/1556 
f 1561/1561/1561 1562/1562/1562 1555/1555/1555 
f 1559/1559/1559 1563/1563/1563 1558/1558/1558 
f 1564/1564/1564 1563/1563/1563 1559/1559/1559 
f 1558/1558/1558 1565/1565/1565 1560/1560/1560 
f 1563/1563/1563 1565/1565/1565 1558/1558/1558 
f 1560/1560/1560 1566/1566/1566 1561/1561/1561 
f 1565/1565/1565 1566/1566/1566 1560/1560/1560 
f 1564/1564/1564 1567/1567/1567 1563/1563/1563 
f 1568/1568/1568 1567/1567/1567 1564/1564/1564 
f 1563/1563/1563 1569/1569/1569 1565/1565/1565 
f 1567/1567/1567 1569/1569/1569 1563/1563/1563 
f 1568/1568/1568 1570/1570/1570 1567/1567/1567 
f 1571/1571/1571 1570/1570/1570 1568/1568/1568 
f 1562/1562/1562 1572/1572/1572 1556/1556/1556 
f 1556/1556/1556 1572/1572/1572 1557/1557/1557 
f 1561/1561/1561 1573/1573/1573 1562/1562/1562 
f 1566/1566/1566 1573/1573/1573 1561/1561/1561 
f 1565/1565/1565 1574/1574/1574 1566/1566/1566 
f 1569/1569/1569 1574/1574/1574 1565/1565/1565 
f 1567/1567/1567 1575/1575/1575 1569/1569/1569 
f 1570/1570/1570 1575/1575/1575 1567/1567/1567 
f 1571/1571/1571 1576/1576/1576 1570/1570/1570 
f 1577/1577/1577 1576/1576/1576 1571/1571/1571 
f 1562/1562/1562 1578/1578/1578 1572/1572/1572 
f 1573/1573/1573 1578/1578/1578 1562/1562/1562 
f 1566/1566/1566 1579/1579/1579 1573/1573/1573 
f 1574/1574/1574 1579/1579/1579 1566/1566/1566 
f 1569/1569/1569 1580/1580/1580 1574/1574/1574 
f 1575/1575/1575 1580/1580/1580 1569/1569/1569 
f 1570/1570/1570 1581/1581/1581 1575/1575/1575 
f 1576/1576/1576 1581/1581/1581 1570/1570/1570 
f 1577/1577/1577 1582/1582/1582 1576/1576/1576 
f 1583/1583/1583 1582/1582/1582 1577/1577/1577 
f 1573/1573/1573 1584/1584/1584 1578/1578/1578 
f 1579/1579/1579 1584/1584/1584 1573/1573/1573 
f 1574/1574/1574 1585/1585/1585 1579/1579/1579 
f 1580/1580/1580 1585/1585/1585 1574/1574/1574 
f 1575/1575/1575 1586/1586/1586 1580/1580/1580 
f 1581/1581/1581 1586/1586/1586 1575/1575/1575 
f 1576/1576/1576 1587/1587/1587 1581/1581/1581 
f 1582/1582/1582 1587/1587/1587 1576/1576/1576 
f 1579/1579/1579 1588/1588/1588 1584/1584/1584 
f 1585/1585/1585 1588/1588/1588 1579/1579/1579 
f 1580/1580/1580 1589/1589/1589 1585/1585/1585 
f 1586/1586/1586 1589/1589/1589 1580/1580/1580 
f 1581/1581/1581 1590/1590/1590 1586/1586/1586 
f 1587/1587/1587 1590/1590/1590 1581/1581/1581 
f 1585/1585/1585 1591/1591/1591 1588/1588/1588 
f 1589/1589/1589 1591/1591/1591 1585/1585/1585 
f 1586/1586/1586 1592/1592/1592 1589/1589/1589 
f 1590/1590/1590 1592/1592/1592 1586/1586/1586 
f 1589/1589/1589 1593/1593/1593 1591/1591/1591 
f 1592/1592/1592 1593/1593/1593 1589/1589/1589 
f 1582/1582/1582 1594/1594/1594 1587/1587/1587 
f 1587/1587/1587 1595/1595/1595 1590/1590/1590 
f 1594/1594/1594 1595/1595/1595 1587/1587/1587 
f 1590/1590/1590 1596/1596/1596 1592/1592/1592 
f 1595/1595/1595 1596/1596/1596 1590/1590/1590 
f 1592/1592/1592 1597/1597/1597 1593/1593/1593 
f 1596/1596/1596 1597/1597/1597 1592/1592/1592 
f 1598/1598/1598 1594/1594/1594 1582/1582/1582 
f 1583/1583/1583 1598/1598/1598 1582/1582/1582 
f 1591/1591/1591 1599/1599/1599 1588/1588/1588 
f 1593/1593/1593 1600/1600/1600 1591/1591/1591 
f 1591/1591/1591 1600/1600/1600 1599/1599/1599 
f 1597/1597/1597 1601/1601/1601 1593/1593/1593 
f 1593/1593/1593 1601/1601/1601 1600/1600/1600 
f 1588/1588/1588 1599/1599/1599 1602/1602/1602 
f 1588/1588/1588 1602/1602/1602 1584/1584/1584 
f 1584/1584/1584 1602/1602/1602 1603/1603/1603 
f 1584/1584/1584 1603/1603/1603 1578/1578/1578 
f 1578/1578/1578 1603/1603/1603 1604/1604/1604 
f 1578/1578/1578 1604/1604/1604 1572/1572/1572 
f 1572/1572/1572 1604/1604/1604 1605/1605/1605 
f 1572/1572/1572 1605/1605/1605 1557/1557/1557 
f 1557/1557/1557 1605/1605/1605 1606/1606/1606 
f 1557/1557/1557 1606/1606/1606 1547/1547/1547 
f 1547/1547/1547 1606/1606/1606 1548/1548/1548 
f 1607/1607/1607 1548/1548/1548 1606/1606/1606 
f 1607/1607/1607 1608/1608/1608 1548/1548/1548 
f 1609/1609/1609 1607/1607/1607 1606/1606/1606 
f 1609/1609/1609 1606/1606/1606 1605/1605/1605 
f 1610/1610/1610 1609/1609/1609 1605/1605/1605 
f 1610/1610/1610 1605/1605/1605 1604/1604/1604 
f 1611/1611/1611 1610/1610/1610 1604/1604/1604 
f 1611/1611/1611 1604/1604/1604 1603/1603/1603 
f 1612/1612/1612 1611/1611/1611 1603/1603/1603 
f 1612/1612/1612 1603/1603/1603 1602/1602/1602 
f 1613/1613/1613 1612/1612/1612 1602/1602/1602 
f 1613/1613/1613 1602/1602/1602 1599/1599/1599 
f 1614/1614/1614 1613/1613/1613 1599/1599/1599 
f 1614/1614/1614 1599/1599/1599 1600/1600/1600 
f 1615/1615/1615 1614/1614/1614 1600/1600/1600 
f 1615/1615/1615 1600/1600/1600 1601/1601/1601 
f 1616/1616/1616 1615/1615/1615 1601/1601/1601 
f 1616/1616/1616 1601/1601/1601 1617/1617/1617 
f 1618/1618/1618 1616/1616/1616 1617/1617/1617 
f 1597/1597/1597 1617/1617/1617 1601/1601/1601 
f 1618/1618/1618 1617/1617/1617 1619/1619/1619 
f 1620/1620/1620 1618/1618/1618 1619/1619/1619 
f 1621/1621/1621 1617/1617/1617 1597/1597/1597 
f 1621/1621/1621 1619/1619/1619 1617/1617/1617 
f 1596/1596/1596 1621/1621/1621 1597/1597/1597 
f 1620/1620/1620 1619/1619/1619 1622/1622/1622 
f 1623/1623/1623 1620/1620/1620 1622/1622/1622 
f 1624/1624/1624 1621/1621/1621 1596/1596/1596 
f 1595/1595/1595 1624/1624/1624 1596/1596/1596 
f 1625/1625/1625 1619/1619/1619 1621/1621/1621 
f 1625/1625/1625 1622/1622/1622 1619/1619/1619 
f 1624/1624/1624 1625/1625/1625 1621/1621/1621 
f 1623/1623/1623 1622/1622/1622 1626/1626/1626 
f 1627/1627/1627 1623/1623/1623 1626/1626/1626 
f 1628/1628/1628 1624/1624/1624 1595/1595/1595 
f 1594/1594/1594 1628/1628/1628 1595/1595/1595 
f 1629/1629/1629 1625/1625/1625 1624/1624/1624 
f 1628/1628/1628 1629/1629/1629 1624/1624/1624 
f 1630/1630/1630 1622/1622/1622 1625/1625/1625 
f 1630/1630/1630 1626/1626/1626 1622/1622/1622 
f 1629/1629/1629 1630/1630/1630 1625/1625/1625 
f 1627/1627/1627 1626/1626/1626 1631/1631/1631 
f 1632/1632/1632 1627/1627/1627 1631/1631/1631 
f 1632/1632/1632 1631/1631/1631 1633/1633/1633 
f 1634/1634/1634 1633/1633/1633 1631/1631/1631 
f 1635/1635/1635 1631/1631/1631 1626/1626/1626 
f 1634/1634/1634 1631/1631/1631 1635/1635/1635 
f 1635/1635/1635 1626/1626/1626 1630/1630/1630 
f 1636/1636/1636 1634/1634/1634 1635/1635/1635 
f 1637/1637/1637 1635/1635/1635 1630/1630/1630 
f 1636/1636/1636 1635/1635/1635 1637/1637/1637 
f 1637/1637/1637 1630/1630/1630 1629/1629/1629 
f 1638/1638/1638 1636/1636/1636 1637/1637/1637 
f 1639/1639/1639 1637/1637/1637 1629/1629/1629 
f 1638/1638/1638 1637/1637/1637 1639/1639/1639 
f 1639/1639/1639 1629/1629/1629 1628/1628/1628 
f 1640/1640/1640 1638/1638/1638 1639/1639/1639 
f 1641/1641/1641 1639/1639/1639 1628/1628/1628 
f 1640/1640/1640 1639/1639/1639 1641/1641/1641 
f 1641/1641/1641 1628/1628/1628 1594/1594/1594 
f 1642/1642/1642 1640/1640/1640 1641/1641/1641 
f 1598/1598/1598 1641/1641/1641 1594/1594/1594 
f 1642/1642/1642 1641/1641/1641 1598/1598/1598 
f 1643/1643/1643 1642/1642/1642 1598/1598/1598 
f 1643/1643/1643 1598/1598/1598 1583/1583/1583 
f 1644/1644/1644 1643/1643/1643 1583/1583/1583 
f 1644/1644/1644 1583/1583/1583 1645/1645/1645 
f 1644/1644/1644 1646/1646/1646 1643/1643/1643 
f 1644/1644/1644 1645/1645/1645 1647/1647/1647 
f 1644/1644/1644 1648/1648/1648 1646/1646/1646 
f 1644/1644/1644 1647/1647/1647 1649/1649/1649 
f 1644/1644/1644 1650/1650/1650 1648/1648/1648 
f 1644/1644/1644 1649/1649/1649 1651/1651/1651 
f 1644/1644/1644 1652/1652/1652 1650/1650/1650 
f 1644/1644/1644 1651/1651/1651 1653/1653/1653 
f 1644/1644/1644 1654/1654/1654 1652/1652/1652 
f 1644/1644/1644 1653/1653/1653 1655/1655/1655 
f 1644/1644/1644 1656/1656/1656 1654/1654/1654 
f 1644/1644/1644 1655/1655/1655 1656/1656/1656 
f 1657/1657/1657 1659/1659/1659 1658/1658/1658 
f 1657/1657/1657 1660/1660/1660 1659/1659/1659 
f 1661/1661/1661 1660/1660/1660 1657/1657/1657 
f 1660/1660/1660 1662/1662/1662 1659/1659/1659 
f 1661/1661/1661 1663/1663/1663 1660/1660/1660 
f 1664/1664/1664 1663/1663/1663 1661/1661/1661 
f 1660/1660/1660 1665/1665/1665 1662/1662/1662 
f 1663/1663/1663 1665/1665/1665 1660/1660/1660 
f 1665/1665/1665 1666/1666/1666 1662/1662/1662 
f 1664/1664/1664 1667/1667/1667 1663/1663/1663 
f 1668/1668/1668 1667/1667/1667 1664/1664/1664 
f 1665/1665/1665 1669/1669/1669 1666/1666/1666 
f 1669/1669/1669 1670/1670/1670 1666/1666/1666 
f 1663/1663/1663 1671/1671/1671 1665/1665/1665 
f 1667/1667/1667 1671/1671/1671 1663/1663/1663 
f 1671/1671/1671 1669/1669/1669 1665/1665/1665 
f 1668/1668/1668 1672/1672/1672 1667/1667/1667 
f 1673/1673/1673 1672/1672/1672 1668/1668/1668 
f 1669/1669/1669 1674/1674/1674 1670/1670/1670 
f 1674/1674/1674 1675/1675/1675 1670/1670/1670 
f 1671/1671/1671 1676/1676/1676 1669/1669/1669 
f 1676/1676/1676 1674/1674/1674 1669/1669/1669 
f 1667/1667/1667 1677/1677/1677 1671/1671/1671 
f 1672/1672/1672 1677/1677/1677 1667/1667/1667 
f 1677/1677/1677 1676/1676/1676 1671/1671/1671 
f 1673/1673/1673 1678/1678/1678 1672/1672/1672 
f 1679/1679/1679 1678/1678/1678 1673/1673/1673 
f 1674/1674/1674 1680/1680/1680 1675/1675/1675 
f 1680/1680/1680 1681/1681/1681 1675/1675/1675 
f 1672/1672/1672 1682/1682/1682 1677/1677/1677 
f 1678/1678/1678 1682/1682/1682 1672/1672/1672 
f 1677/1677/1677 1683/1683/1683 1676/1676/1676 
f 1682/1682/1682 1683/1683/1683 1677/1677/1677 
f 1676/1676/1676 1684/1684/1684 1674/1674/1674 
f 1684/1684/1684 1680/1680/1680 1674/1674/1674 
f 1683/1683/1683 1684/1684/1684 1676/1676/1676 
f 1679/1679/1679 1685/1685/1685 1678/1678/1678 
f 1686/1686/1686 1685/1685/1685 1679/1679/1679 
f 1678/1678/1678 1687/1687/1687 1682/1682/1682 
f 1685/1685/1685 1687/1687/1687 1678/1678/1678 
f 1682/1682/1682 1688/1688/1688 1683/1683/1683 
f 1687/1687/1687 1688/1688/1688 1682/1682/1682 
f 1683/1683/1683 1689/1689/1689 1684/1684/1684 
f 1688/1688/1688 1689/1689/1689 1683/1683/1683 
f 1684/1684/1684 1690/1690/1690 1680/1680/1680 
f 1689/1689/1689 1690/1690/1690 1684/1684/1684 
f 1686/1686/1686 1691/1691/1691 1685/1685/1685 
f 1692/1692/1692 1691/1691/1691 1686/1686/1686 
f 1685/1685/1685 1693/1693/1693 1687/1687/1687 
f 1691/1691/1691 1693/1693/1693 1685/1685/1685 
f 1687/1687/1687 1694/1694/1694 1688/1688/1688 
f 1693/1693/1693 1694/1694/1694 1687/1687/1687 
f 1688/1688/1688 1695/1695/1695 1689/1689/1689 
f 1694/1694/1694 1695/1695/1695 1688/1688/1688 
f 1692/1692/1692 1696/1696/1696 1691/1691/1691 
f 1697/1697/1697 1696/1696/1696 1692/1692/1692 
f 1691/1691/1691 1698/1698/1698 1693/1693/1693 
f 1696/1696/1696 1698/1698/1698 1691/1691/1691 
f 1693/1693/1693 1699/1699/1699 1694/1694/1694 
f 1698/1698/1698 1699/1699/1699 1693/1693/1693 
f 1697/1697/1697 1700/1700/1700 1696/1696/1696 
f 1701/1701/1701 1700/1700/1700 1697/1697/1697 
f 1696/1696/1696 1702/1702/1702 1698/1698/1698 
f 1700/1700/1700 1702/1702/1702 1696/1696/1696 
f 1701/1701/1701 1703/1703/1703 1700/1700/1700 
f 1704/1704/1704 1703/1703/1703 1701/1701/1701 
f 1695/1695/1695 1705/1705/1705 1689/1689/1689 
f 1689/1689/1689 1705/1705/1705 1690/1690/1690 
f 1694/1694/1694 1706/1706/1706 1695/1695/1695 
f 1699/1699/1699 1706/1706/1706 1694/1694/1694 
f 1698/1698/1698 1707/1707/1707 1699/1699/1699 
f 1702/1702/1702 1707/1707/1707 1698/1698/1698 
f 1700/1700/1700 1708/1708/1708 1702/1702/1702 
f 1703/1703/1703 1708/1708/1708 1700/1700/1700 
f 1704/1704/1704 1709/1709/1709 1703/1703/1703 
f 1710/1710/1710 1709/1709/1709 1704/1704/1704 
f 1695/1695/1695 1711/1711/1711 1705/1705/1705 
f 1706/1706/1706 1711/1711/1711 1695/1695/1695 
f 1699/1699/1699 1712/1712/1712 1706/1706/1706 
f 1707/1707/1707 1712/1712/1712 1699/1699/1699 
f 1702/1702/1702 1713/1713/1713 1707/1707/1707 
f 1708/1708/1708 1713/1713/1713 1702/1702/1702 
f 1703/1703/1703 1714/1714/1714 1708/1708/1708 
f 1709/1709/1709 1714/1714/1714 1703/1703/1703 
f 1710/1710/1710 1715/1715/1715 1709/1709/1709 
f 1716/1716/1716 1715/1715/1715 1710/1710/1710 
f 1706/1706/1706 1717/1717/1717 1711/1711/1711 
f 1712/1712/1712 1717/1717/1717 1706/1706/1706 
f 1707/1707/1707 1718/1718/1718 1712/1712/1712 
f 1713/1713/1713 1718/1718/1718 1707/1707/1707 
f 1708/1708/1708 1719/1719/1719 1713/1713/1713 
f 1714/1714/1714 1719/1719/1719 1708/1708/1708 
f 1709/1709/1709 1720/1720/1720 1714/1714/1714 
f 1715/1715/1715 1720/1720/1720 1709/1709/1709 
f 1712/1712/1712 1721/1721/1721 1717/1717/1717 
f 1718/1718/1718 1721/1721/1721 1712/1712/1712 
f 1713/1713/1713 1722/1722/1722 1718/1718/1718 
f 1719/1719/1719 1722/1722/1722 1713/1713/1713 
f 1714/1714/1714 1723/1723/1723 1719/1719/1719 
f 1720/1720/1720 1723/1723/1723 1714/1714/1714 
f 1718/1718/1718 1724/1724/1724 1721/1721/1721 
f 1722/1722/1722 1724/1724/1724 1718/1718/1718 
f 1719/1719/1719 1725/1725/1725 1722/1722/1722 
f 1723/1723/1723 1725/1725/1725 1719/1719/1719 
f 1722/1722/1722 1726/1726/1726 1724/1724/1724 
f 1725/1725/1725 1726/1726/1726 1722/1722/1722 
f 1715/1715/1715 1727/1727/1727 1720/1720/1720 
f 1720/1720/1720 1728/1728/1728 1723/1723/1723 
f 1727/1727/1727 1728/1728/1728 1720/1720/1720 
f 1723/1723/1723 1729/1729/1729 1725/1725/1725 
f 1728/1728/1728 1729/1729/1729 1723/1723/1723 
f 1725/1725/1725 1730/1730/1730 1726/1726/1726 
f 1729/1729/1729 1730/1730/1730 1725/1725/1725 
f 1731/1731/1731 1727/1727/1727 1715/1715/1715 
f 1716/1716/1716 1731/1731/1731 1715/1715/1715 
f 1724/1724/1724 1732/1732/1732 1721/1721/1721 
f 1726/1726/1726 1733/1733/1733 1724/1724/1724 
f 1724/1724/1724 1733/1733/1733 1732/1732/1732 
f 1730/1730/1730 1734/1734/1734 1726/1726/1726 
f 1726/1726/1726 1734/1734/1734 1733/1733/1733 
f 1721/1721/1721 1732/1732/1732 1735/1735/1735 
f 1721/1721/1721 1735/1735/1735 1717/1717/1717 
f 1717/1717/1717 1735/1735/1735 1736/1736/1736 
f 1717/1717/1717 1736/1736/1736 1711/1711/1711 
f 1711/1711/1711 1736/1736/1736 1737/1737/1737 
f 1711/1711/1711 1737/1737/1737 1705/1705/1705 
f 1705/1705/1705 1737/1737/1737 1738/1738/1738 
f 1705/1705/1705 1738/1738/1738 1690/1690/1690 
f 1690/1690/1690 1738/1738/1738 1739/1739/1739 
f 1690/1690/1690 1739/1739/1739 1680/1680/1680 
f 1680/1680/1680 1739/1739/1739 1681/1681/1681 
f 1740/1740/1740 1681/1681/1681 1739/1739/1739 
f 1740/1740/1740 1741/1741/1741 1681/1681/1681 
f 1742/1742/1742 1740/1740/1740 1739/1739/1739 
f 1742/1742/1742 1739/1739/1739 1738/1738/1738 
f 1743/1743/1743 1742/1742/1742 1738/1738/1738 
f 1743/1743/1743 1738/1738/1738 1737/1737/1737 
f 1744/1744/1744 1743/1743/1743 1737/1737/1737 
f 1744/1744/1744 1737/1737/1737 1736/1736/1736 
f 1745/1745/1745 1744/1744/1744 1736/1736/1736 
f 1745/1745/1745 1736/1736/1736 1735/1735/1735 
f 1746/1746/1746 1745/1745/1745 1735/1735/1735 
f 1746/1746/1746 1735/1735/1735 1732/1732/1732 
f 1747/1747/1747 1746/1746/1746 1732/1732/1732 
f 1747/1747/1747 1732/1732/1732 1733/1733/1733 
f 1748/1748/1748 1747/1747/1747 1733/1733/1733 
f 1748/1748/1748 1733/1733/1733 1734/1734/1734 
f 1749/1749/1749 1748/1748/1748 1734/1734/1734 
f 1749/1749/1749 1734/1734/1734 1750/1750/1750 
f 1751/1751/1751 1749/1749/1749 1750/1750/1750 
f 1730/1730/1730 1750/1750/1750 1734/1734/1734 
f 1751/1751/1751 1750/1750/1750 1752/1752/1752 
f 1753/1753/1753 1751/1751/1751 1752/1752/1752 
f 1754/1754/1754 1750/1750/1750 1730/1730/1730 
f 1754/1754/1754 1752/1752/1752 1750/1750/1750 
f 1729/1729/1729 1754/1754/1754 1730/1730/1730 
f 1753/1753/1753 1752/1752/1752 1755/1755/1755 
f 1756/1756/1756 1753/1753/1753 1755/1755/1755 
f 1757/1757/1757 1754/1754/1754 1729/1729/1729 
f 1728/1728/1728 1757/1757/1757 1729/1729/1729 
f 1758/1758/1758 1752/1752/1752 1754/1754/1754 
f 1758/1758/1758 1755/1755/1755 1752/1752/1752 
f 1757/1757/1757 1758/1758/1758 1754/1754/1754 
f 1756/1756/1756 1755/1755/1755 1759/1759/1759 
f 1760/1760/1760 1756/1756/1756 1759/1759/1759 
f 1761/1761/1761 1757/1757/1757 1728/1728/1728 
f 1727/1727/1727 1761/1761/1761 1728/1728/1728 
f 1762/1762/1762 1758/1758/1758 1757/1757/1757 
f 1761/1761/1761 1762/1762/1762 1757/1757/1757 
f 1763/1763/1763 1755/1755/1755 1758/1758/1758 
f 1763/1763/1763 1759/1759/1759 1755/1755/1755 
f 1762/1762/1762 1763/1763/1763 1758/1758/1758 
f 1760/1760/1760 1759/1759/1759 1764/1764/1764 
f 1765/1765/1765 1760/1760/1760 1764/1764/1764 
f 1765/1765/1765 1764/1764/1764 1766/1766/1766 
f 1767/1767/1767 1766/1766/1766 1764/1764/1764 
f 1768/1768/1768 1764/1764/1764 1759/1759/1759 
f 1767/1767/1767 1764/1764/1764 1768/1768/1768 
f 1768/1768/1768 1759/1759/1759 1763/1763/1763 
f 1769/1769/1769 1767/1767/1767 1768/1768/1768 
f 1770/1770/1770 1768/1768/1768 1763/1763/1763 
f 1769/1769/1769 1768/1768/1768 1770/1770/1770 
f 1770/1770/1770 1763/1763/1763 1762/1762/1762 
f 1771/1771/1771 1769/1769/1769 1770/1770/1770 
f 1772/1772/1772 1770/1770/1770 1762/1762/1762 
f 1771/1771/1771 1770/1770/1770 1772/1772/1772 
f 1772/1772/1772 1762/1762/1762 1761/1761/1761 
f 1773/1773/1773 1771/1771/1771 1772/1772/1772 
f 1774/1774/1774 1772/1772/1772 1761/1761/1761 
f 1773/1773/1773 1772/1772/1772 1774/1774/1774 
f 1774/1774/1774 1761/1761/1761 1727/1727/1727 
f 1775/1775/1775 1773/1773/1773 1774/1774/1774 
f 1731/1731/1731 1774/1774/1774 1727/1727/1727 
f 1775/1775/1775 1774/1774/1774 1731/1731/1731 
f 1776/1776/1776 1775/1775/1775 1731/1731/1731 
f 1776/1776/1776 1731/1731/1731 1716/1716/1716 
f 1777/1777/1777 1776/1776/1776 1716/1716/1716 
f 1777/1777/1777 1716/1716/1716 1778/1778/1778 
f 1777/1777/1777 1779/1779/1779 1776/1776/1776 
f 1777/1777/1777 1778/1778/1778 1780/1780/1780 
f 1777/1777/1777 1781/1781/1781 1779/1779/1779 
f 1777/1777/1777 1780/1780/1780 1782/1782/1782 
f 1777/1777/1777 1783/1783/1783 1781/1781/1781 
f 1777/1777/1777 1782/1782/1782 1784/1784/1784 
f 1777/1777/1777 1785/1785/1785 1783/1783/1783 
f 1777/1777/1777 1784/1784/1784 1786/1786/1786 
f 1777/1777/1777 1787/1787/1787 1785/1785/1785 
f 1777/1777/1777 1786/1786/1786 1788/1788/1788 
f 1777/1777/1777 1789/1789/1789 1787/1787/1787 
f 1777/1777/1777 1788/1788/1788 1789/1789/1789 
f 1790/1790/1790 1792/1792/1792 1791/1791/1791 
f 1790/1790/1790 1793/1793/1793 1792/1792/1792 
f 1794/1794/1794 1793/1793/1793 1790/1790/1790 
f 1793/1793/1793 1795/1795/1795 1792/1792/1792 
f 1794/1794/1794 1796/1796/1796 1793/1793/1793 
f 1797/1797/1797 1796/1796/1796 1794/1794/1794 
f 1793/1793/1793 1798/1798/1798 1795/1795/1795 
f 1796/1796/1796 1798/1798/1798 1793/1793/1793 
f 1798/1798/1798 1799/1799/1799 1795/1795/1795 
f 1797/1797/1797 1800/1800/1800 1796/1796/1796 
f 1801/1801/1801 1800/1800/1800 1797/1797/1797 
f 1798/1798/1798 1802/1802/1802 1799/1799/1799 
f 1802/1802/1802 1803/1803/1803 1799/1799/1799 
f 1796/1796/1796 1804/1804/1804 1798/1798/1798 
f 1800/1800/1800 1804/1804/1804 1796/1796/1796 
f 1804/1804/1804 1802/1802/1802 1798/1798/1798 
f 1801/1801/1801 1805/1805/1805 1800/1800/1800 
f 1806/1806/1806 1805/1805/1805 1801/1801/1801 
f 1802/1802/1802 1807/1807/1807 1803/1803/1803 
f 1807/1807/1807 1808/1808/1808 1803/1803/1803 
f 1804/1804/1804 1809/1809/1809 1802/1802/1802 
f 1809/1809/1809 1807/1807/1807 1802/1802/1802 
f 1800/1800/1800 1810/1810/1810 1804/1804/1804 
f 1805/1805/1805 1810/1810/1810 1800/1800/1800 
f 1810/1810/1810 1809/1809/1809 1804/1804/1804 
f 1806/1806/1806 1811/1811/1811 1805/1805/1805 
f 1812/1812/1812 1811/1811/1811 1806/1806/1806 
f 1807/1807/1807 1813/1813/1813 1808/1808/1808 
f 1813/1813/1813 1814/1814/1814 1808/1808/1808 
f 1805/1805/1805 1815/1815/1815 1810/1810/1810 
f 1811/1811/1811 1815/1815/1815 1805/1805/1805 
f 1810/1810/1810 1816/1816/1816 1809/1809/1809 
f 1815/1815/1815 1816/1816/1816 1810/1810/1810 
f 1809/1809/1809 1817/1817/1817 1807/1807/1807 
f 1817/1817/1817 1813/1813/1813 1807/1807/1807 
f 1816/1816/1816 1817/1817/1817 1809/1809/1809 
f 1812/1812/1812 1818/1818/1818 1811/1811/1811 
f 1819/1819/1819 1818/1818/1818 1812/1812/1812 
f 1811/1811/1811 1820/1820/1820 1815/1815/1815 
f 1818/1818/1818 1820/1820/1820 1811/1811/1811 
f 1815/1815/1815 1821/1821/1821 1816/1816/1816 
f 1820/1820/1820 1821/1821/1821 1815/1815/1815 
f 1816/1816/1816 1822/1822/1822 1817/1817/1817 
f 1821/1821/1821 1822/1822/1822 1816/1816/1816 
f 1817/1817/1817 1823/1823/1823 1813/1813/1813 
f 1822/1822/1822 1823/1823/1823 1817/1817/1817 
f 1819/1819/1819 1824/1824/1824 1818/1818/1818 
f 1825/1825/1825 1824/1824/1824 1819/1819/1819 
f 1818/1818/1818 1826/1826/1826 1820/1820/1820 
f 1824/1824/1824 1826/1826/1826 1818/1818/1818 
f 1820/1820/1820 1827/1827/1827 1821/1821/1821 
f 1826/1826/1826 1827/1827/1827 1820/1820/1820 
f 1821/1821/1821 1828/1828/1828 1822/1822/1822 
f 1827/1827/1827 1828/1828/1828 1821/1821/1821 
f 1825/1825/1825 1829/1829/1829 1824/1824/1824 
f 1830/1830/1830 1829/1829/1829 1825/1825/1825 
f 1824/1824/1824 1831/1831/1831 1826/1826/1826 
f 1829/1829/1829 1831/1831/1831 1824/1824/1824 
f 1826/1826/1826 1832/1832/1832 1827/1827/1827 
f 1831/1831/1831 1832/1832/1832 1826/1826/1826 
f 1830/1830/1830 1833/1833/1833 1829/1829/1829 
f 1834/1834/1834 1833/1833/1833 1830/1830/1830 
f 1829/1829/1829 1835/1835/1835 1831/1831/1831 
f 1833/1833/1833 1835/1835/1835 1829/1829/1829 
f 1834/1834/1834 1836/1836/1836 1833/1833/1833 
f 1837/1837/1837 1836/1836/1836 1834/1834/1834 
f 1828/1828/1828 1838/1838/1838 1822/1822/1822 
f 1822/1822/1822 1838/1838/1838 1823/1823/1823 
f 1827/1827/1827 1839/1839/1839 1828/1828/1828 
f 1832/1832/1832 1839/1839/1839 1827/1827/1827 
f 1831/1831/1831 1840/1840/1840 1832/1832/1832 
f 1835/1835/1835 1840/1840/1840 1831/1831/1831 
f 1833/1833/1833 1841/1841/1841 1835/1835/1835 
f 1836/1836/1836 1841/1841/1841 1833/1833/1833 
f 1837/1837/1837 1842/1842/1842 1836/1836/1836 
f 1843/1843/1843 1842/1842/1842 1837/1837/1837 
f 1828/1828/1828 1844/1844/1844 1838/1838/1838 
f 1839/1839/1839 1844/1844/1844 1828/1828/1828 
f 1832/1832/1832 1845/1845/1845 1839/1839/1839 
f 1840/1840/1840 1845/1845/1845 1832/1832/1832 
f 1835/1835/1835 1846/1846/1846 1840/1840/1840 
f 1841/1841/1841 1846/1846/1846 1835/1835/1835 
f 1836/1836/1836 1847/1847/1847 1841/1841/1841 
f 1842/1842/1842 1847/1847/1847 1836/1836/1836 
f 1843/1843/1843 1848/1848/1848 1842/1842/1842 
f 1849/1849/1849 1848/1848/1848 1843/1843/1843 
f 1839/1839/1839 1850/1850/1850 1844/1844/1844 
f 1845/1845/1845 1850/1850/1850 1839/1839/1839 
f 1840/1840/1840 1851/1851/1851 1845/1845/1845 
f 1846/1846/1846 1851/1851/1851 1840/1840/1840 
f 1841/1841/1841 1852/1852/1852 1846/1846/1846 
f 1847/1847/1847 1852/1852/1852 1841/1841/1841 
f 1842/1842/1842 1853/1853/1853 1847/1847/1847 
f 1848/1848/1848 1853/1853/1853 1842/1842/1842 
f 1845/1845/1845 1854/1854/1854 1850/1850/1850 
f 1851/1851/1851 1854/1854/1854 1845/1845/1845 
f 1846/1846/1846 1855/1855/1855 1851/1851/1851 
f 1852/1852/1852 1855/1855/1855 1846/1846/1846 
f 1847/1847/1847 1856/1856/1856 1852/1852/1852 
f 1853/1853/1853 1856/1856/1856 1847/1847/1847 
f 1851/1851/1851 1857/1857/1857 1854/1854/1854 
f 1855/1855/1855 1857/1857/1857 1851/1851/1851 
f 1852/1852/1852 1858/1858/1858 1855/1855/1855 
f 1856/1856/1856 1858/1858/1858 1852/1852/1852 
f 1855/1855/1855 1859/1859/1859 1857/1857/1857 
f 1858/1858/1858 1859/1859/1859 1855/1855/1855 
f 1848/1848/1848 1860/1860/1860 1853/1853/1853 
f 1853/1853/1853 1861/1861/1861 1856/1856/1856 
f 1860/1860/1860 1861/1861/1861 1853/1853/1853 
f 1856/1856/1856 1862/1862/1862 1858/1858/1858 
f 1861/1861/1861 1862/1862/1862 1856/1856/1856 
f 1858/1858/1858 1863/1863/1863 1859/1859/1859 
f 1862/1862/1862 1863/1863/1863 1858/1858/1858 
f 1864/1864/1864 1860/1860/1860 1848/1848/1848 
f 1849/1849/1849 1864/1864/1864 1848/1848/1848 
f 1857/1857/1857 1865/1865/1865 1854/1854/1854 
f 1859/1859/1859 1866/1866/1866 1857/1857/1857 
f 1857/1857/1857 1866/1866/1866 1865/1865/1865 
f 1863/1863/1863 1867/1867/1867 1859/1859/1859 
f 1859/1859/1859 1867/1867/1867 1866/1866/1866 
f 1854/1854/1854 1865/1865/1865 1868/1868/1868 
f 1854/1854/1854 1868/1868/1868 1850/1850/1850 
f 1850/1850/1850 1868/1868/1868 1869/1869/1869 
f 1850/1850/1850 1869/1869/1869 1844/1844/1844 
f 1844/1844/1844 1869/1869/1869 1870/1870/1870 
f 1844/1844/1844 1870/1870/1870 1838/1838/1838 
f 1838/1838/1838 1870/1870/1870 1871/1871/1871 
f 1838/1838/1838 1871/1871/1871 1823/1823/1823 
f 1823/1823/1823 1871/1871/1871 1872/1872/1872 
f 1823/1823/1823 1872/1872/1872 1813/1813/1813 
f 1813/1813/1813 1872/1872/1872 1814/1814/1814 
f 1873/1873/1873 1814/1814/1814 1872/1872/1872 
f 1873/1873/1873 1874/1874/1874 1814/1814/1814 
f 1875/1875/1875 1873/1873/1873 1872/1872/1872 
f 1875/1875/1875 1872/1872/1872 1871/1871/1871 
f 1876/1876/1876 1875/1875/1875 1871/1871/1871 
f 1876/1876/1876 1871/1871/1871 1870/1870/1870 
f 1877/1877/1877 1876/1876/1876 1870/1870/1870 
f 1877/1877/1877 1870/1870/1870 1869/1869/1869 
f 1878/1878/1878 1877/1877/1877 1869/1869/1869 
f 1878/1878/1878 1869/1869/1869 1868/1868/1868 
f 1879/1879/1879 1878/1878/1878 1868/1868/1868 
f 1879/1879/1879 1868/1868/1868 1865/1865/1865 
f 1880/1880/1880 1879/1879/1879 1865/1865/1865 
f 1880/1880/1880 1865/1865/1865 1866/1866/1866 
f 1881/1881/1881 1880/1880/1880 1866/1866/1866 
f 1881/1881/1881 1866/1866/1866 1867/1867/1867 
f 1882/1882/1882 1881/1881/1881 1867/1867/1867 
f 1882/1882/1882 1867/1867/1867 1883/1883/1883 
f 1884/1884/1884 1882/1882/1882 1883/1883/1883 
f 1863/1863/1863 1883/1883/1883 1867/1867/1867 
f 1884/1884/1884 1883/1883/1883 1885/1885/1885 
f 1886/1886/1886 1884/1884/1884 1885/1885/1885 
f 1887/1887/1887 1883/1883/1883 1863/1863/1863 
f 1887/1887/1887 1885/1885/1885 1883/1883/1883 
f 1862/1862/1862 1887/1887/1887 1863/1863/1863 
f 1886/1886/1886 1885/1885/1885 1888/1888/1888 
f 1889/1889/1889 1886/1886/1886 1888/1888/1888 
f 1890/1890/1890 1887/1887/1887 1862/1862/1862 
f 1861/1861/1861 1890/1890/1890 1862/1862/1862 
f 1891/1891/1891 1885/1885/1885 1887/1887/1887 
f 1891/1891/1891 1888/1888/1888 1885/1885/1885 
f 1890/1890/1890 1891/1891/1891 1887/1887/1887 
f 1889/1889/1889 1888/1888/1888 1892/1892/1892 
f 1893/1893/1893 1889/1889/1889 1892/1892/1892 
f 1894/1894/1894 1890/1890/1890 1861/1861/1861 
f 1860/1860/1860 1894/1894/1894 1861/1861/1861 
f 1895/1895/1895 1891/1891/1891 1890/1890/1890 
f 1894/1894/1894 1895/1895/1895 1890/1890/1890 
f 1896/1896/1896 1888/1888/1888 1891/1891/1891 
f 1896/1896/1896 1892/1892/1892 1888/1888/1888 
f 1895/1895/1895 1896/1896/1896 1891/1891/1891 
f 1893/1893/1893 1892/1892/1892 1897/1897/1897 
f 1898/1898/1898 1893/1893/1893 1897/1897/1897 
f 1898/1898/1898 1897/1897/1897 1899/1899/1899 
f 1900/1900/1900 1899/1899/1899 1897/1897/1897 
f 1901/1901/1901 1897/1897/1897 1892/1892/1892 
f 1900/1900/1900 1897/1897/1897 1901/1901/1901 
f 1901/1901/1901 1892/1892/1892 1896/1896/1896 
f 1902/1902/1902 1900/1900/1900 1901/1901/1901 
f 1903/1903/1903 1901/1901/1901 1896/1896/1896 
f 1902/1902/1902 1901/1901/1901 1903/1903/1903 
f 1903/1903/1903 1896/1896/1896 1895/1895/1895 
f 1904/1904/1904 1902/1902/1902 1903/1903/1903 
f 1905/1905/1905 1903/1903/1903 1895/1895/1895 
f 1904/1904/1904 1903/1903/1903 1905/1905/1905 
f 1905/1905/1905 1895/1895/1895 1894/1894/1894 
f 1906/1906/1906 1904/1904/1904 1905/1905/1905 
f 1907/1907/1907 1905/1905/1905 1894/1894/1894 
f 1906/1906/1906 1905/1905/1905 1907/1907/1907 
f 1907/1907/1907 1894/1894/1894 1860/1860/1860 
f 1908/1908/1908 1906/1906/1906 1907/1907/1907 
f 1864/1864/1864 1907/1907/1907 1860/1860/1860 
f 1908/1908/1908 1907/1907/1907 1864/1864/1864 
f 1909/1909/1909 1908/1908/1908 1864/1864/1864 
f 1909/1909/1909 1864/1864/1864 1849/1849/1849 
f 1910/1910/1910 1909/1909/1909 1849/1849/1849 
f 1910/1910/1910 1849/1849/1849 1911/1911/1911 
f 1910/1910/1910 1912/1912/1912 1909/1909/1909 
f 1910/1910/1910 1911/1911/1911 1913/1913/1913 
f 1910/1910/1910 1914/1914/1914 1912/1912/1912 
f 1910/1910/1910 1913/1913/1913 1915/1915/1915 
f 1910/1910/1910 1916/1916/1916 1914/1914/1914 
f 1910/1910/1910 1915/1915/1915 1917/1917/1917 
f 1910/1910/1910 1918/1918/1918 1916/1916/1916 
f 1910/1910/1910 1917/1917/1917 1919/1919/1919 
f 1910/1910/1910 1920/1920/1920 1918/1918/1918 
f 1910/1910/1910 1919/1919/1919 1921/1921/1921 
f 1910/1910/1910 1922/1922/1922 1920/1920/1920 
f 1910/1910/1910 1921/1921/1921 1922/1922/1922 
f 1923/1923/1923 1925/1925/1925 1924/1924/1924 
f 1923/1923/1923 1926/1926/1926 1925/1925/1925 
f 1927/1927/1927 1926/1926/1926 1923/1923/1923 
f 1927/1927/1927 1923/1923/1923 1928/1928/1928 
f 1929/1929/1929 1927/1927/1927 1928/1928/1928 
f 1929/1929/1929 1930/1930/1930 1927/1927/1927 
f 1927/1927/1927 1930/1930/1930 1931/1931/1931 
f 1925/1925/1925 1926/1926/1926 1932/1932/1932 
f 1925/1925/1925 1932/1932/1932 1933/1933/1933 
f 1926/1926/1926 1927/1927/1927 1934/1934/1934 
f 1927/1927/1927 1931/1931/1931 1934/1934/1934 
f 1926/1926/1926 1934/1934/1934 1932/1932/1932 
f 1931/1931/1931 1935/1935/1935 1934/1934/1934 
f 1935/1935/1935 1932/1932/1932 1934/1934/1934 
f 1932/1932/1932 1936/1936/1936 1933/1933/1933 
f 1935/1935/1935 1937/1937/1937 1932/1932/1932 
f 1932/1932/1932 1937/1937/1937 1936/1936/1936 
f 1938/1938/1938 1937/1937/1937 1935/1935/1935 
f 1931/1931/1931 1939/1939/1939 1935/1935/1935 
f 1938/1938/1938 1935/1935/1935 1939/1939/1939 
f 1940/1940/1940 1936/1936/1936 1937/1937/1937 
f 1938/1938/1938 1940/1940/1940 1937/1937/1937 
f 1941/1941/1941 1940/1940/1940 1938/1938/1938 
f 1940/1940/1940 1942/1942/1942 1936/1936/1936 
f 1933/1933/1933 1936/1936/1936 1942/1942/1942 
f 1942/1942/1942 1940/1940/1940 1941/1941/1941 
f 1943/1943/1943 1939/1939/1939 1931/1931/1931 
f 1944/1944/1944 1943/1943/1943 1931/1931/1931 
f 1938/1938/1938 1939/1939/1939 1945/1945/1945 
f 1943/1943/1943 1945/1945/1945 1939/1939/1939 
f 1933/1933/1933 1942/1942/1942 1946/1946/1946 
f 1942/1942/1942 1941/1941/1941 1947/1947/1947 
f 1946/1946/1946 1942/1942/1942 1947/1947/1947 
f 1948/1948/1948 1933/1933/1933 1946/1946/1946 
f 1948/1948/1948 1949/1949/1949 1933/1933/1933 
f 1950/1950/1950 1949/1949/1949 1948/1948/1948 
f 1950/1950/1950 1948/1948/1948 1951/1951/1951 
f 1951/1951/1951 1948/1948/1948 1952/1952/1952 
f 1952/1952/1952 1948/1948/1948 1946/1946/1946 
f 1951/1951/1951 1952/1952/1952 1953/1953/1953 
f 1946/1946/1946 1947/1947/1947 1954/1954/1954 
f 1952/1952/1952 1946/1946/1946 1954/1954/1954 
f 1953/1953/1953 1952/1952/1952 1955/1955/1955 
f 1955/1955/1955 1952/1952/1952 1954/1954/1954 
f 1953/1953/1953 1955/1955/1955 1956/1956/1956 
f 1955/1955/1955 1954/1954/1954 1957/1957/1957 
f 1954/1954/1954 1947/1947/1947 1958/1958/1958 
f 1941/1941/1941 1958/1958/1958 1947/1947/1947 
f 1954/1954/1954 1958/1958/1958 1957/1957/1957 
f 1941/1941/1941 1959/1959/1959 1958/1958/1958 
f 1957/1957/1957 1958/1958/1958 1959/1959/1959 
f 1941/1941/1941 1960/1960/1960 1959/1959/1959 
f 1941/1941/1941 1961/1961/1961 1960/1960/1960 
f 1941/1941/1941 1938/1938/1938 1961/1961/1961 
f 1962/1962/1962 1961/1961/1961 1938/1938/1938 
f 1962/1962/1962 1938/1938/1938 1945/1945/1945 
f 1961/1961/1961 1963/1963/1963 1960/1960/1960 
f 1961/1961/1961 1962/1962/1962 1963/1963/1963 
f 1959/1959/1959 1960/1960/1960 1964/1964/1964 
f 1964/1964/1964 1960/1960/1960 1963/1963/1963 
f 1957/1957/1957 1959/1959/1959 1965/1965/1965 
f 1959/1959/1959 1964/1964/1964 1965/1965/1965 
f 1966/1966/1966 1962/1962/1962 1945/1945/1945 
f 1966/1966/1966 1945/1945/1945 1943/1943/1943 
f 1967/1967/1967 1963/1963/1963 1962/1962/1962 
f 1964/1964/1964 1963/1963/1963 1967/1967/1967 
f 1967/1967/1967 1962/1962/1962 1966/1966/1966 
f 1968/1968/1968 1957/1957/1957 1965/1965/1965 
f 1968/1968/1968 1969/1969/1969 1957/1957/1957 
f 1970/1970/1970 1969/1969/1969 1968/1968/1968 
f 1970/1970/1970 1968/1968/1968 1971/1971/1971 
f 1968/1968/1968 1972/1972/1972 1971/1971/1971 
f 1973/1973/1973 1968/1968/1968 1965/1965/1965 
f 1973/1973/1973 1965/1965/1965 1964/1964/1964 
f 1968/1968/1968 1973/1973/1973 1972/1972/1972 
f 1974/1974/1974 1973/1973/1973 1964/1964/1964 
f 1972/1972/1972 1973/1973/1973 1974/1974/1974 
f 1974/1974/1974 1964/1964/1964 1967/1967/1967 
f 1972/1972/1972 1974/1974/1974 1975/1975/1975 
f 1976/1976/1976 1967/1967/1967 1966/1966/1966 
f 1976/1976/1976 1977/1977/1977 1967/1967/1967 
f 1978/1978/1978 1977/1977/1977 1976/1976/1976 
f 1978/1978/1978 1976/1976/1976 1979/1979/1979 
f 1980/1980/1980 1976/1976/1976 1966/1966/1966 
f 1979/1979/1979 1976/1976/1976 1980/1980/1980 
f 1980/1980/1980 1966/1966/1966 1943/1943/1943 
f 1979/1979/1979 1980/1980/1980 1981/1981/1981 
f 1944/1944/1944 1980/1980/1980 1943/1943/1943 
f 1981/1981/1981 1980/1980/1980 1944/1944/1944 
f 1981/1981/1981 1944/1944/1944 1982/1982/1982 
