# exported by StudySceneExporter from mesh 'small_jar'
mtllib materials.mtl
v 0.0101477 -0.04502914 0.03351479
v 0.02543823 -0.03962509 0.03531631
v 0.02493652 -0.03884292 0.03351494
v 0.01035156 -0.04593613 0.03531631
v -0.005865478 -0.04578415 0.03351479
v 0.02529175 -0.03939743 0.04987816
v -0.005983887 -0.04670639 0.03531631
v -0.02117065 -0.04101669 0.03351479
v 0.01029236 -0.04567184 0.04987816
v -0.02159729 -0.0418428 0.03531631
v -0.03392212 -0.03130234 0.03351479
v 0.009990845 -0.04433578 0.05082146
v 0.024552 -0.03824478 0.05082146
v -0.005774536 -0.04507889 0.05082146
v -0.005949707 -0.04643783 0.04987816
v -0.02084473 -0.04038498 0.05082146
v -0.02147339 -0.04160263 0.04987816
v -0.03339966 -0.03082016 0.05082146
v -0.03460571 -0.03193283 0.03531624
v -0.04258179 -0.01781235 0.03351479
v -0.03440674 -0.03174911 0.04987816
v -0.04192688 -0.01753799 0.05082146
v -0.04343994 -0.01817093 0.03531631
v -0.04610657 -0.00217392 0.03351494
v -0.04319031 -0.01806686 0.049878
v -0.04539673 -0.002140655 0.05082146
v -0.04703552 -0.002217865 0.03531631
v -0.04406982 0.01372635 0.03351479
v -0.04676514 -0.002205048 0.049878
v -0.04339172 0.01351517 0.05082146
v -0.04495727 0.01400314 0.03531624
v -0.03671631 0.02797134 0.03351494
v -0.04469848 0.01392258 0.049878
v -0.03615173 0.02754074 0.05082146
v -0.03745605 0.028535 0.03531624
v -0.0249353 0.03884262 0.03351494
v -0.0372406 0.02837051 0.049878
v -0.02543823 0.03962478 0.03531631
v -0.0101477 0.04502884 0.03351494
v -0.02529175 0.03939712 0.04987816
v -0.024552 0.03824447 0.05082146
v -0.009990234 0.04433548 0.05082146
v -0.01035095 0.04593582 0.03531631
v 0.005865478 0.04578384 0.03351494
v -0.01029175 0.04567154 0.04987816
v 0.005776367 0.04507889 0.05082146
v 0.005983887 0.04670608 0.03531631
v 0.02117188 0.04101639 0.03351494
v 0.005949707 0.04643753 0.04987816
v 0.02084473 0.04038498 0.05082146
v 0.0215979 0.0418428 0.03531631
v 0.03392334 0.03130203 0.03351494
v 0.02147339 0.04160202 0.04987816
v 0.03340088 0.03082016 0.05082146
v 0.03460632 0.03193253 0.03531624
v 0.04258301 0.01781204 0.03351479
v 0.03440674 0.03174881 0.049878
v 0.04192749 0.01753769 0.05082146
v 0.04344116 0.01817093 0.03531624
v 0.04610718 0.002173614 0.03351479
v 0.04319092 0.01806656 0.049878
v 0.04539734 0.00214035 0.05082146
v 0.04703613 0.00221756 0.03531624
v 0.04406982 -0.01372696 0.03351494
v 0.04676514 0.002204742 0.049878
v 0.04339172 -0.01351547 0.05082146
v 0.04495788 -0.01400345 0.03531631
v 0.03671753 -0.02797165 0.03351494
v 0.0446991 -0.01392288 0.049878
v 0.03615173 -0.02754105 0.05082146
v 0.03745728 -0.02853531 0.03531631
v 0.02493652 -0.03884292 0.03351494
v 0.02543823 -0.03962509 0.03531631
v 0.03724121 -0.02837112 0.049878
v 0.024552 -0.03824478 0.05082146
v 0.02529175 -0.03939743 0.04987816
v -0.0309613 0.05678818 -0.07844261
v -0.01514954 0.06262558 -0.07844215
v -0.01549499 0.06405411 -0.07939941
v -0.03166687 0.05808273 -0.07940086
v 0.001617432 0.06613082 -0.07940079
v 0.001580811 0.06465714 -0.07844254
v 0.01819275 0.06181045 -0.07844207
v -0.01590942 0.06576828 -0.0788948
v -0.03251404 0.05963608 -0.07889694
v 0.001660156 0.06789932 -0.07889679
v 0.01860718 0.06322006 -0.07939926
v 0.03369995 0.05520676 -0.07844254
v -0.01634033 0.06755081 -0.07689842
v -0.03339478 0.06125229 -0.07690086
v 0.001704712 0.06973953 -0.07690071
v 0.01910583 0.06491195 -0.07889473
v 0.03446838 0.056465 -0.07940086
v -0.01657959 0.06853714 -0.07395393
v -0.03388184 0.06214676 -0.07395645
v -0.03386474 0.06211502 -0.07077194
v 0.001729736 0.0707579 -0.0739563
v -0.01657104 0.06850082 -0.07077079
v -0.0334021 0.06126541 -0.06761482
v 0.04772522 0.04544632 -0.07939949
v 0.04666077 0.04443283 -0.07844223
v 0.05807983 0.03166489 -0.07940094
v 0.05678528 0.03095901 -0.07844254
v 0.06262634 0.01514999 -0.07844215
v 0.06405456 0.01549576 -0.07939933
v 0.06466065 -0.001581573 -0.07844245
v 0.05963318 0.03251144 -0.07889701
v 0.04900207 0.04666214 -0.07889473
v 0.03539002 0.05797501 -0.07889694
v 0.01962402 0.0666713 -0.0768985
v 0.01991028 0.0676448 -0.07395408
v 0.06613464 -0.001617279 -0.07940079
v 0.06576843 0.01591019 -0.07889458
v 0.06124939 0.03339249 -0.07690086
v 0.0503302 0.04792709 -0.07689834
v 0.03634888 0.05954666 -0.07690071
v 0.03687988 0.06041611 -0.0739563
v 0.05106445 0.04862686 -0.07395401
v 0.03686096 0.06038528 -0.07077187
v 0.06214355 0.03387985 -0.07395645
v 0.06322021 -0.01860794 -0.07939926
v 0.0618103 -0.0181929 -0.07844207
v 0.01989929 0.0676088 -0.07077087
v 0.03635681 0.05955948 -0.06761467
v 0.05103759 0.04860092 -0.07077079
v 0.001729126 0.07072159 -0.07077187
v 0.0564624 -0.0344664 -0.07940094
v 0.05520386 -0.03369797 -0.07844254
v 0.04443359 -0.04666061 -0.07844215
v 0.04544739 -0.04772476 -0.07939933
v 0.0309613 -0.05678848 -0.07844254
v 0.05797241 -0.03538803 -0.07889694
v 0.01962708 0.06668289 -0.06761467
v -0.01634399 0.06756302 -0.06761467
v 0.0649115 -0.01910599 -0.07889465
v 0.001706543 0.06975388 -0.06761467
v -0.01598816 0.06609055 -0.06748291
v -0.03267395 0.05993026 -0.06748299
v -0.02947876 0.05406845 0.02165741
v 0.001669311 0.0682338 -0.06748291
v -0.01442322 0.05962601 0.02165749
v -0.02950073 0.05410904 0.02233322
v 0.01919922 0.06522994 -0.06748291
v 0.001505737 0.0615599 0.02165749
v -0.01443481 0.05967087 0.02233322
v -0.03102417 0.05690536 0.02756058
v -0.01518066 0.06275467 0.0275605
v -0.03140808 0.05760849 0.02992065
v 0.001506348 0.06160629 0.02233322
v 0.01732117 0.05884964 0.02165741
v -0.01536865 0.06353012 0.02992073
v -0.0304425 0.05583725 0.0324794
v -0.01489563 0.06157669 0.0324794
v 0.001584473 0.06479019 0.02756042
v 0.001604004 0.06559066 0.02992065
v 0.001555176 0.06357376 0.03247955
v 0.01788757 0.06077499 0.0324794
v 0.0184552 0.06270279 0.02992065
v 0.03313538 0.05428238 0.03247955
v 0.01733398 0.05889419 0.02233322
v 0.03556458 0.05826187 -0.06748299
v 0.01823059 0.06193771 0.0275605
v 0.0341864 0.05600418 0.02992065
v 0.03208618 0.05256271 0.02165749
v 0.04924255 0.04689102 -0.06748299
v 0.03210998 0.05260238 0.02233337
v 0.04733459 0.04507431 0.02992065
v 0.04587952 0.04368851 0.03247955
v 0.03376953 0.05532089 0.02756058
v 0.04442566 0.04230453 0.02165741
v 0.05033936 0.04793564 -0.06761474
v 0.0467572 0.04452438 0.02756042
v 0.04445923 0.04233627 0.0223333
v 0.05760498 0.0314061 0.02992081
v 0.05583435 0.03044052 0.0324794
v 0.06157715 0.01489609 0.03247955
v 0.05992676 0.03267197 -0.06748291
v 0.06211181 0.03386276 -0.07077201
v 0.05406494 0.02947586 0.02165741
v 0.05410583 0.02949844 0.02233337
v 0.05690308 0.0310228 0.02756042
v 0.06353027 0.0153685 0.02992065
v 0.06357788 -0.001554718 0.0324794
v 0.06126221 0.03339981 -0.06761482
v 0.06756347 0.01634415 -0.06761467
v 0.0660907 0.0159877 -0.06748291
v 0.0697583 -0.001706085 -0.06761467
v 0.06850036 0.01657089 -0.07077079
v 0.05962646 0.01442398 0.02165749
v 0.05967102 0.01443527 0.02233322
v 0.06275512 0.01518112 0.0275605
v 0.06853699 0.01657974 -0.07395401
v 0.06823853 -0.001668854 -0.06748299
v 0.06156433 -0.001505585 0.02165741
v 0.06559448 -0.001604156 0.0299205
v 0.06161011 -0.001506805 0.02233322
v 0.0652301 -0.01919998 -0.06748291
v 0.07072571 -0.001729889 -0.07077187
v 0.06755127 0.0163414 -0.07689827
v 0.06270324 -0.01845566 0.02992065
v 0.06077515 -0.01788834 0.03247948
v 0.05885071 -0.01732162 0.02165749
v 0.07076172 -0.001730804 -0.0739563
v 0.06790344 -0.001660614 -0.07889687
v 0.06974365 -0.00170578 -0.07690079
v 0.06764465 -0.01991043 -0.07395408
v 0.06667114 -0.01962418 -0.07689842
v 0.06760864 -0.01989975 -0.07077087
v 0.06668334 -0.01962723 -0.06761467
v 0.05954407 -0.03634689 -0.07690071
v 0.06041382 -0.03687729 -0.0739563
v 0.05825866 -0.03556228 -0.06748291
v 0.06038269 -0.03685837 -0.07077187
v 0.04666321 -0.04900162 -0.07889465
v 0.05955688 -0.03635422 -0.06761467
v 0.04793579 -0.0503389 -0.06761467
v 0.04860107 -0.05103745 -0.07077079
v 0.0334021 -0.06126571 -0.06761467
v 0.04862671 -0.0510646 -0.07395393
v 0.04689148 -0.04924209 -0.06748299
v 0.03166687 -0.05808304 -0.07940094
v 0.04792786 -0.05033005 -0.07689827
v 0.03386474 -0.06211532 -0.07077187
v 0.05255981 -0.03208389 0.02165749
v 0.0154956 -0.06405441 -0.07939941
v 0.01515015 -0.06262589 -0.07844215
v 0.03251404 -0.05963638 -0.07889701
v 0.03388184 -0.06214706 -0.07395637
v 0.03339478 -0.0612529 -0.07690086
v 0.01591003 -0.06576858 -0.0788948
v -0.001617432 -0.06613113 -0.07940079
v -0.001581421 -0.06465744 -0.07844254
v -0.01819275 -0.06181045 -0.07844215
v 0.01657959 -0.06853714 -0.07395393
v 0.01634094 -0.06755111 -0.07689842
v -0.001660156 -0.06789963 -0.07889679
v -0.01860718 -0.06322037 -0.07939926
v -0.03369873 -0.05520706 -0.07844245
v 0.01657104 -0.06850082 -0.07077079
v -0.001729126 -0.0707579 -0.0739563
v -0.001704712 -0.06973953 -0.07690071
v -0.01910583 -0.06491195 -0.07889465
v -0.03446716 -0.0564653 -0.07940079
v -0.04772461 -0.04544632 -0.07939949
v -0.04666016 -0.04443314 -0.07844223
v -0.05807922 -0.03166519 -0.07940102
v -0.05678528 -0.03095932 -0.07844261
v -0.06262512 -0.0151503 -0.07844215
v -0.06405334 -0.01549576 -0.07939941
v -0.06466126 0.001581268 -0.07844238
v -0.05963257 -0.03251205 -0.0788971
v -0.04900146 -0.04666214 -0.0788948
v -0.03538879 -0.05797531 -0.07889694
v -0.01962341 -0.0666713 -0.07689834
v -0.01990967 -0.0676445 -0.07395401
v -0.06613464 0.001616974 -0.07940071
v -0.06576721 -0.01590988 -0.07889488
v -0.06124878 -0.0333931 -0.07690094
v -0.0503302 -0.0479274 -0.07689842
v -0.03634765 -0.05954697 -0.07690086
v -0.03687866 -0.06041672 -0.07395653
v -0.05106445 -0.04862686 -0.07395416
v -0.03686096 -0.06038589 -0.07077194
v -0.06214233 -0.03388077 -0.07395645
v -0.0632196 0.01860794 -0.07939926
v -0.0618103 0.0181929 -0.078442
v -0.01989929 -0.0676088 -0.07077087
v -0.03635681 -0.05955978 -0.06761467
v -0.05103759 -0.04860092 -0.07077095
v -0.001728516 -0.07072189 -0.07077187
v -0.0564624 0.03446548 -0.07940079
v -0.05520386 0.03369736 -0.07844238
v -0.04443237 0.04666031 -0.07844207
v -0.04544616 0.04772446 -0.07939933
v -0.0309613 0.05678818 -0.07844261
v -0.03166687 0.05808273 -0.07940086
v -0.05797241 0.03538742 -0.07889687
v -0.04666199 0.04900131 -0.07889465
v -0.03251404 0.05963608 -0.07889694
v -0.0649115 0.01910599 -0.0788948
v -0.04792663 0.05032974 -0.07689834
v -0.03339478 0.06125229 -0.07690086
v -0.03388184 0.06214676 -0.07395645
v -0.05954407 0.03634659 -0.07690071
v -0.0486261 0.0510646 -0.07395401
v -0.03386474 0.06211502 -0.07077194
v -0.06790344 0.001660309 -0.07889694
v -0.06667114 0.01962387 -0.0768985
v -0.04860046 0.05103745 -0.07077079
v -0.0334021 0.06126541 -0.06761482
v -0.06041321 0.03687729 -0.0739563
v -0.06755005 -0.01634109 -0.0768985
v -0.06974365 0.001705475 -0.07690086
v -0.06853577 -0.01657974 -0.07395416
v -0.06764465 0.01991043 -0.07395416
v -0.07076172 0.001730499 -0.07395637
v -0.0707251 0.001729889 -0.07077187
v -0.06849914 -0.01657089 -0.07077087
v -0.06975769 0.001706085 -0.06761467
v -0.06760864 0.01989975 -0.07077087
v -0.0621106 -0.03386337 -0.07077194
v -0.06038208 0.03685837 -0.07077187
v -0.06668334 0.01962692 -0.06761467
v -0.04793579 0.0503389 -0.06761467
v -0.06756225 -0.01634445 -0.06761467
v -0.05033936 -0.04793564 -0.06761467
v -0.05955566 0.03635422 -0.06761467
v -0.04689148 0.04924179 -0.06748299
v -0.03267395 0.05993026 -0.06748299
v -0.05825866 0.03556198 -0.06748299
v -0.04230469 0.0444252 0.02165749
v -0.02947876 0.05406845 0.02165741
v -0.06126159 -0.03340011 -0.06761467
v -0.05992676 -0.03267227 -0.06748291
v -0.04924194 -0.04689132 -0.06748291
v -0.06522949 0.01919937 -0.06748291
v -0.0525592 0.03208328 0.02165741
v -0.04233643 0.04445907 0.0223333
v -0.02950073 0.05410904 0.02233322
v -0.0660907 -0.01598801 -0.06748291
v -0.05884888 0.01732132 0.02165741
v -0.05259949 0.032108 0.02233322
v -0.04452454 0.04675644 0.0275605
v -0.03102417 0.05690536 0.02756058
v -0.03140808 0.05760849 0.02992065
v -0.0682373 0.001668549 -0.06748291
v -0.05531799 0.03376694 0.02756042
v -0.04507507 0.04733444 0.02992073
v -0.0304425 0.05583725 0.0324794
v -0.04368896 0.04587906 0.0324794
v -0.05600097 0.03418442 0.02992065
v -0.05427917 0.03313339 0.03247955
v -0.06077515 0.01788803 0.03247948
v -0.06270263 0.01845535 0.02992065
v -0.06357727 0.001554718 0.0324794
v -0.06193725 0.01823013 0.0275605
v -0.06559448 0.001603851 0.02992065
v -0.05889404 0.01733475 0.02233322
v -0.0647937 0.00158432 0.02756042
v -0.06353027 -0.0153688 0.02992065
v -0.06157593 -0.01489639 0.03247948
v -0.06161011 0.0015065 0.02233322
v -0.06275451 -0.01518143 0.02756042
v -0.05760498 -0.0314064 0.02992065
v -0.05583374 -0.03044083 0.0324794
v -0.04587891 -0.04368881 0.0324794
v -0.06156372 0.00150528 0.02165741
v -0.05967102 -0.01443527 0.02233322
v -0.05690246 -0.0310231 0.02756058
v -0.04733398 -0.04507462 0.02992065
v -0.03313538 -0.05428268 0.0324794
v -0.05962646 -0.01442429 0.02165749
v -0.05410583 -0.02949844 0.02233322
v -0.05406555 -0.02947617 0.02165749
v -0.04675659 -0.04452438 0.02756058
v -0.0341864 -0.05600448 0.02992065
v -0.04442505 -0.04230453 0.02165749
v -0.04445923 -0.04233658 0.02233322
v -0.03376892 -0.0553212 0.02756058
v -0.0184552 -0.0627031 0.02992065
v -0.01788818 -0.0607753 0.03247948
v -0.03210938 -0.05260269 0.02233322
v -0.01822998 -0.06193771 0.02756042
v -0.03208557 -0.05256302 0.02165741
v -0.001604004 -0.06559097 0.02992065
v -0.001554565 -0.06357407 0.0324794
v 0.01489624 -0.061577 0.0324794
v -0.01733398 -0.0588945 0.0223333
v -0.001583862 -0.06479019 0.02756058
v 0.01536926 -0.06353042 0.02992065
v 0.0304425 -0.05583755 0.0324794
v -0.03556458 -0.05826218 -0.06748291
v -0.01732056 -0.05884994 0.02165741
v -0.001506348 -0.0616066 0.02233322
v 0.01518127 -0.06275497 0.0275605
v 0.03140869 -0.05760849 0.02992081
v -0.01919922 -0.06523025 -0.06748299
v -0.001505737 -0.06156021 0.02165741
v 0.01443542 -0.05967117 0.02233322
v -0.01962646 -0.0666835 -0.06761467
v -0.001669311 -0.06823441 -0.06748291
v -0.001705322 -0.06975448 -0.06761467
v 0.01634399 -0.06756302 -0.06761467
v 0.01442444 -0.05962601 0.02165741
v 0.01598816 -0.06609085 -0.06748299
v 0.03102539 -0.05690567 0.02756058
v 0.03267456 -0.05993088 -0.06748291
v 0.02947815 -0.05406845 0.02165741
v 0.02950073 -0.05410934 0.02233322
v 0.0423053 -0.04442551 0.02165749
v 0.04452515 -0.04675674 0.02756058
v 0.04233764 -0.04445907 0.0223333
v 0.05259949 -0.032108 0.02233337
v 0.04507507 -0.04733475 0.02992065
v 0.04368896 -0.04587906 0.0324794
v 0.0553186 -0.03376724 0.02756058
v 0.05600097 -0.03418442 0.02992065
v 0.05427979 -0.03313339 0.03247955
v 0.06193848 -0.01823044 0.02756058
v 0.05889404 -0.01733475 0.0223333
v 0.06479431 -0.001584625 0.02756058
v -0.06077515 0.01788803 0.03247948
v -0.0599353 0.001465607 0.03392441
v -0.06357727 0.001554718 0.0324794
v -0.06157593 -0.01489639 0.03247948
v -0.0572937 0.01686325 0.03392441
v -0.05427917 0.03313339 0.03247955
v -0.0580481 -0.01404282 0.03392441
v -0.05583374 -0.03044083 0.0324794
v -0.03518249 0.0008604431 0.03392441
v -0.05116943 0.03123489 0.03392441
v -0.03363159 0.009898834 0.03392441
v -0.0411853 0.04325027 0.03392441
v -0.04368896 0.04587906 0.0324794
v -0.02869812 0.0526384 0.03392441
v -0.0304425 0.05583725 0.0324794
v -0.01489563 0.06157669 0.0324794
v -0.01404236 0.05804886 0.03392441
v 0.001555176 0.06357376 0.03247955
v -0.0168457 0.0308992 0.03392441
v -0.02417725 0.02538834 0.03392441
v -0.03003723 0.01833511 0.03392441
v -0.03415466 0.0008351135 0.03392441
v -0.03264892 0.009609527 0.03392441
v -0.02915955 0.01779953 0.03392441
v -0.02346924 0.02464676 0.03392441
v -0.01635376 0.02999618 0.03392441
v -0.03407471 -0.008243561 0.03392441
v -0.03307983 -0.008002472 0.03392441
v -0.008242798 0.03407547 0.03392441
v -0.008001708 0.03307968 0.03392441
v -0.03089783 -0.01684555 0.03392441
v -0.02999451 -0.0163533 0.03392441
v -0.02464661 -0.02347 0.03392441
v -0.0526355 -0.02869675 0.03392441
v -0.02538879 -0.02417709 0.03392441
v -0.0178009 -0.02916092 0.03392441
v -0.04325073 -0.04118576 0.03392441
v -0.04587891 -0.04368881 0.0324794
v 0.0008605957 0.03518051 0.03392441
v 0.0008355713 0.03415268 0.03392441
v 0.009609375 0.03264877 0.03392441
v -0.01833618 -0.03003921 0.03392441
v -0.03123657 -0.05117294 0.03392441
v -0.03313538 -0.05428268 0.0324794
v -0.01788818 -0.0607753 0.03247948
v -0.01686279 -0.05729355 0.03392441
v -0.001554565 -0.06357407 0.0324794
v -0.009898681 -0.03363205 0.03392441
v -0.009609375 -0.03264908 0.03392441
v 0.009899902 0.03363174 0.03392441
v 0.01780029 0.02916122 0.03392441
v -0.001466064 -0.0599321 0.03392441
v -0.0008599854 -0.03518081 0.03392441
v -0.0008349609 -0.03415268 0.03392441
v 0.008002929 -0.03307968 0.03392441
v 0.008243408 -0.03407577 0.03392441
v 0.01635437 -0.02999649 0.03392441
v 0.01404297 -0.05804916 0.03392441
v 0.01489624 -0.061577 0.0324794
v 0.01684692 -0.03089981 0.03392441
v 0.02869873 -0.0526384 0.03392441
v 0.0304425 -0.05583755 0.0324794
v 0.04368896 -0.04587906 0.0324794
v 0.04118591 -0.04325088 0.03392441
v 0.05427979 -0.03313339 0.03247955
v 0.02417725 -0.02538864 0.03392441
v 0.02347046 -0.02464645 0.03392441
v 0.05117065 -0.0312352 0.03392441
v 0.03003784 -0.01833542 0.03392441
v 0.02915955 -0.01779953 0.03392441
v 0.03264954 -0.009609832 0.03392441
v 0.03363281 -0.009899139 0.03392441
v 0.03415466 -0.0008354187 0.03392441
v 0.0572937 -0.01686355 0.03392441
v 0.06077515 -0.01788834 0.03247948
v 0.03518311 -0.0008607483 0.03392441
v 0.0599353 -0.001465912 0.03392441
v 0.06357788 -0.001554718 0.0324794
v 0.06157715 0.01489609 0.03247955
v 0.05804931 0.01404282 0.03392441
v 0.05583435 0.03044052 0.0324794
v 0.03407593 0.008243255 0.03392441
v 0.03307983 0.008002472 0.03392441
v 0.0526355 0.02869644 0.03392441
v 0.03089783 0.01684524 0.03392441
v 0.02999512 0.016353 0.03392441
v 0.02464722 0.02347 0.03392441
v 0.02539001 0.02417648 0.03392441
v 0.04325073 0.04118545 0.03392441
v 0.04587952 0.04368851 0.03247955
v 0.01833679 0.03003891 0.03392441
v 0.03123718 0.05117264 0.03392441
v 0.03313538 0.05428238 0.03247955
v 0.01788757 0.06077499 0.0324794
v 0.0168634 0.05729324 0.03392441
v 0.001466064 0.05993179 0.03392441
v -0.024552 0.03824447 0.05082146
v -0.03500061 0.02666397 0.05110771
v -0.03615173 0.02754074 0.05082146
v -0.04339172 0.01351517 0.05082146
v -0.04200989 0.01308487 0.05110771
v -0.04539673 -0.002140655 0.05082146
v -0.04395203 -0.002072601 0.05110763
v -0.04192688 -0.01753799 0.05082146
v -0.04059326 -0.01697983 0.05110763
v -0.03339966 -0.03082016 0.05082146
v -0.007808838 -0.001760712 0.05113716
v -0.007113037 0.003670197 0.05113716
v -0.004850464 -0.006368561 0.05113716
v -0.03233704 -0.02983963 0.05110771
v -0.02084473 -0.04038498 0.05082146
v -0.02377014 0.03702713 0.05110771
v -0.003088379 0.00738327 0.05113716
v -0.02018188 -0.03909988 0.05110771
v -0.005774536 -0.04507889 0.05082146
v 0.0003771973 -0.007996674 0.05113716
v -0.009672241 0.04292404 0.05110763
v -0.009990234 0.04433548 0.05082146
v -0.00559082 -0.04364426 0.05110771
v 0.009990845 -0.04433578 0.05082146
v 0.005592041 0.04364365 0.05110763
v 0.005776367 0.04507889 0.05082146
v 0.002380371 0.007641144 0.05113716
v 0.009673461 -0.04292434 0.05110771
v 0.024552 -0.03824478 0.05082146
v 0.005428466 -0.005883941 0.05113716
v 0.02018188 0.03909958 0.05110763
v 0.02084473 0.04038498 0.05082146
v 0.02377075 -0.03702743 0.05110771
v 0.03615173 -0.02754105 0.05082146
v 0.03233826 0.02983902 0.05110771
v 0.03340088 0.03082016 0.05082146
v 0.00673584 0.004323273 0.05113716
v 0.03500122 -0.02666458 0.05110771
v 0.04339172 -0.01351547 0.05082146
v 0.007939453 -0.001018524 0.05113716
v 0.04059326 0.01697952 0.05110771
v 0.04192749 0.01753769 0.05082146
v 0.0420105 -0.01308548 0.05110763
v 0.04539734 0.00214035 0.05082146
v 0.04395264 0.002072296 0.05110771
v -0.004832764 -0.006331329 0.05113708
v -0.006868897 -0.008999175 0.05206962
v -0.001448975 -0.01122787 0.05206962
v -0.001019287 -0.007899017 0.05113708
v -0.007350464 -0.003066864 0.05113708
v 0.004359131 -0.01044846 0.05206962
v 0.003067017 -0.007350616 0.05113708
v -0.010448 -0.004359283 0.05206962
v -0.00789856 0.00101944 0.05113708
v 0.008999024 -0.006868744 0.05206962
v 0.006331176 -0.004832 0.05113708
v -0.01122742 0.001448822 0.05206962
v -0.006330566 0.004832 0.05113708
v 0.01122803 -0.001449127 0.05206962
v 0.00789978 -0.00101944 0.05113708
v -0.008999024 0.006868439 0.05206962
v -0.003066406 0.007350311 0.05113708
v 0.01044861 0.004358978 0.05206962
v 0.007350464 0.003066559 0.05113708
v -0.004359131 0.01044815 0.05206962
v 0.001019897 0.007898712 0.05113708
v 0.006868286 0.008998871 0.05206962
v 0.004832153 0.006330719 0.05113708
v 0.001449585 0.01122757 0.05206962
v 0.01375122 -0.001775055 0.05538551
v 0.01279663 0.005338592 0.05538551
v 0.008413086 0.01102158 0.05538551
v 0.001774902 0.01375137 0.05538551
v -0.005339355 0.01279617 0.05538551
v -0.01102112 0.008412628 0.05538536
v 0.01102173 -0.008412628 0.05538551
v -0.01375183 0.00177475 0.05538551
v 0.005338745 -0.01279648 0.05538551
v -0.01279602 -0.005338592 0.05538551
v -0.001774902 -0.01375137 0.05538551
v -0.008413086 -0.01102188 0.05538551
v -0.01229248 0.009383087 0.05924682
v -0.01533691 0.001979217 0.05924682
v -0.01427185 -0.005955047 0.05924682
v -0.009382934 -0.01229324 0.05924682
v -0.00197876 -0.01533768 0.05924682
v 0.00595459 -0.01427261 0.05924682
v -0.00595459 0.01427231 0.05924682
v 0.01229309 -0.009383087 0.05924698
v 0.00197937 0.01533737 0.05924698
v 0.01533752 -0.001979217 0.05924682
v 0.009383544 0.01229294 0.05924698
v 0.01427246 0.005954742 0.05924682
v 0.006165161 -0.01477615 0.0633905
v 0.01272705 -0.009714203 0.06339066
v 0.01587891 -0.002049103 0.06339066
v 0.014776 0.006164703 0.06339066
v 0.009714356 0.0127269 0.06339066
v 0.00204956 0.01587845 0.06339066
v -0.00204956 -0.01587875 0.06339066
v -0.006164551 0.01477585 0.06339066
v -0.009714356 -0.0127269 0.06339066
v -0.01272644 0.009713897 0.0633905
v -0.01477539 -0.006164398 0.06339066
v -0.0158783 0.002049103 0.06339066
v 0.00197937 0.01533737 0.06753441
v -0.00595459 0.01427231 0.06753441
v -0.01229248 0.009383087 0.06753448
v -0.01533691 0.001979523 0.06753448
v -0.01427185 -0.005954742 0.06753448
v -0.009382934 -0.01229324 0.06753448
v 0.009383544 0.01229294 0.06753448
v -0.00197876 -0.01533768 0.06753441
v 0.01427246 0.005954742 0.06753448
v 0.00595459 -0.01427261 0.06753441
v 0.01533752 -0.001979217 0.06753448
v 0.01229309 -0.009383087 0.06753448
v -0.008413086 -0.01102188 0.07139587
v -0.001774902 -0.01375168 0.07139595
v 0.005338745 -0.01279648 0.07139587
v 0.01102173 -0.008412628 0.07139587
v 0.01375122 -0.001775055 0.07139587
v 0.01279663 0.005338592 0.07139587
v -0.01279602 -0.005338592 0.07139587
v 0.008413086 0.01102158 0.07139587
v -0.01375183 0.00177475 0.07139595
v 0.001774902 0.01375137 0.07139587
v -0.01102112 0.008412628 0.07139587
v -0.005339355 0.01279617 0.07139587
v 0.01044861 0.004358978 0.07471176
v 0.006868286 0.008998871 0.07471161
v 0.001449585 0.01122787 0.07471176
v -0.004359131 0.01044815 0.07471176
v -0.008999024 0.006868744 0.07471176
v -0.01122742 0.001448822 0.07471176
v 0.01122803 -0.001449127 0.07471176
v -0.010448 -0.004358978 0.07471176
v 0.008999024 -0.006868744 0.07471161
v -0.006868897 -0.008999175 0.07471176
v 0.004359131 -0.01044815 0.07471176
v -0.001448975 -0.01122787 0.07471176
v -0.007939453 0.001024322 0.07725601
v -0.007387695 -0.003082733 0.07725601
v -0.004856567 -0.006363373 0.07725601
v -0.00102417 -0.007939606 0.07725601
v 0.003082275 -0.007388153 0.07725601
v 0.006363525 -0.004857025 0.07725608
v -0.006362915 0.004857025 0.07725608
v 0.007940063 -0.001024628 0.07725608
v -0.003081665 0.007387848 0.07725608
v 0.007388916 0.003082428 0.07725608
v 0.00102417 0.0079393 0.07725608
v 0.004857178 0.006363373 0.07725608
v 0.003294067 -0.002514496 0.07885544
v 0.004109497 -0.0005305481 0.07885544
v 0.003824463 0.001595306 0.07885544
v 0 -1.525879E-07 0.07940102
v 0.002514648 0.003293609 0.07885544
v 0.001595459 -0.00382431 0.07885544
v 0.0005303955 0.004109344 0.07885544
v -0.0005303955 -0.004109649 0.07885559
v -0.002514038 -0.003293915 0.07885559
v -0.003824463 -0.001595612 0.07885559
v -0.004108887 0.0005302429 0.07885559
v -0.003293457 0.002514191 0.07885559
v -0.001595459 0.003824005 0.07885544
vt 0.7420995 0.3733959
vt 0.7391188 0.3941291
vt 0.7418233 0.3941651
vt 0.7393949 0.3733599
vt 0.7423816 0.3521737
vt 0.7198063 0.3938723
vt 0.7396771 0.3521377
vt 0.7426667 0.3307327
vt 0.7200824 0.3731031
vt 0.7399621 0.3306967
vt 0.7429538 0.3091329
vt 0.7179923 0.3730753
vt 0.7177162 0.3938446
vt 0.7182744 0.3518532
vt 0.7203646 0.351881
vt 0.7185595 0.3304121
vt 0.7206497 0.33044
vt 0.7188467 0.3088125
vt 0.7402493 0.309097
vt 0.7432427 0.2874047
vt 0.7209369 0.3088402
vt 0.7191356 0.2870842
vt 0.7405382 0.2873688
vt 0.7435329 0.2655781
vt 0.7212257 0.287112
vt 0.7194257 0.2652576
vt 0.7408284 0.2655421
vt 0.743824 0.2436828
vt 0.721516 0.2652854
vt 0.7197168 0.2433622
vt 0.7411195 0.2436468
vt 0.7441157 0.2217471
vt 0.7218071 0.24339
vt 0.7200085 0.2214265
vt 0.7414111 0.2217111
vt 0.7444074 0.1998024
vt 0.7220986 0.2214543
vt 0.7417029 0.1997664
vt 0.7446989 0.1778754
vt 0.7223904 0.1995097
vt 0.7203002 0.1994819
vt 0.7205917 0.1775549
vt 0.7419944 0.1778395
vt 0.7449898 0.1559957
vt 0.722682 0.1775827
vt 0.7208826 0.1556752
vt 0.7422853 0.1559597
vt 0.7452797 0.1341951
vt 0.7229729 0.155703
vt 0.7211725 0.1338746
vt 0.7425752 0.1341591
vt 0.745568 0.1125021
vt 0.7232627 0.1339023
vt 0.7214609 0.1121816
vt 0.7428636 0.1124661
vt 0.7458547 0.09094661
vt 0.7235511 0.1122094
vt 0.7217475 0.09062611
vt 0.7431501 0.09091065
vt 0.746139 0.06955767
vt 0.7238377 0.09065389
vt 0.7220318 0.06923713
vt 0.7434345 0.0695217
vt 0.7464207 0.04836723
vt 0.7241221 0.06926493
vt 0.7223136 0.04804669
vt 0.7437162 0.04833126
vt 0.7466991 0.0274276
vt 0.7244038 0.04807451
vt 0.7225919 0.02710707
vt 0.7439947 0.02739164
vt 0.746972 0.006905124
vt 0.7442675 0.006869182
vt 0.7246822 0.02713487
vt 0.7228648 0.006584615
vt 0.724955 0.00661242
vt 0.9949631 0.4929347
vt 0.9949631 0.4725541
vt 0.9929053 0.4725541
vt 0.9929053 0.4929347
vt 0.9929053 0.4524896
vt 0.9949631 0.4524896
vt 0.9949631 0.4325687
vt 0.9907603 0.4725541
vt 0.9907603 0.4929347
vt 0.9907603 0.4524896
vt 0.9929053 0.4325687
vt 0.9949631 0.412603
vt 0.9875883 0.4725541
vt 0.9875883 0.4929347
vt 0.9875883 0.4524896
vt 0.9907603 0.4325687
vt 0.9929053 0.412603
vt 0.9839266 0.4725541
vt 0.9839266 0.4929347
vt 0.9801494 0.4929347
vt 0.9839266 0.4524896
vt 0.9801494 0.4725541
vt 0.9761499 0.4929347
vt 0.9929053 0.3926064
vt 0.9949631 0.3926064
vt 0.9929053 0.3725852
vt 0.9949631 0.3725852
vt 0.9949631 0.3525522
vt 0.9929053 0.3525522
vt 0.9949631 0.3325109
vt 0.9907603 0.3725852
vt 0.9907603 0.3926064
vt 0.9907603 0.412603
vt 0.9875883 0.4325687
vt 0.9839266 0.4325687
vt 0.9929053 0.3325109
vt 0.9907603 0.3525522
vt 0.9875883 0.3725852
vt 0.9875883 0.3926064
vt 0.9875883 0.412603
vt 0.9839266 0.412603
vt 0.9839266 0.3926064
vt 0.9801494 0.412603
vt 0.9839266 0.3725852
vt 0.9929053 0.3124654
vt 0.9949631 0.3124654
vt 0.9801494 0.4325687
vt 0.9761499 0.412603
vt 0.9801494 0.3926064
vt 0.9801494 0.4524896
vt 0.9929053 0.2924158
vt 0.9949631 0.2924158
vt 0.9949631 0.2723639
vt 0.9929053 0.2723639
vt 0.9949631 0.2522892
vt 0.9907603 0.2924158
vt 0.9761499 0.4325687
vt 0.9761499 0.4725541
vt 0.9907603 0.3124654
vt 0.9761499 0.4524896
vt 0.9743161 0.4725541
vt 0.9743161 0.4929347
vt 0.86856 0.4929347
vt 0.9743161 0.4524896
vt 0.86856 0.4725541
vt 0.867769 0.4929347
vt 0.9743161 0.4325687
vt 0.86856 0.4524896
vt 0.867769 0.4725541
vt 0.860569 0.4929347
vt 0.860569 0.4725541
vt 0.8576244 0.4929347
vt 0.867769 0.4524896
vt 0.86856 0.4325687
vt 0.8576244 0.4725541
vt 0.8538055 0.4929347
vt 0.8538055 0.4725541
vt 0.860569 0.4524896
vt 0.8576244 0.4524896
vt 0.8538055 0.4524896
vt 0.8538055 0.4325687
vt 0.8576244 0.4325687
vt 0.8538055 0.412603
vt 0.867769 0.4325687
vt 0.9743161 0.412603
vt 0.860569 0.4325687
vt 0.8576244 0.412603
vt 0.86856 0.412603
vt 0.9743161 0.3926064
vt 0.867769 0.412603
vt 0.8576244 0.3926064
vt 0.8538055 0.3926064
vt 0.860569 0.412603
vt 0.86856 0.3926064
vt 0.9761499 0.3926064
vt 0.860569 0.3926064
vt 0.867769 0.3926064
vt 0.8576244 0.3725852
vt 0.8538055 0.3725852
vt 0.8538055 0.3525522
vt 0.9743161 0.3725852
vt 0.9801494 0.3725852
vt 0.86856 0.3725852
vt 0.867769 0.3725852
vt 0.860569 0.3725852
vt 0.8576244 0.3525522
vt 0.8538055 0.3325109
vt 0.9761499 0.3725852
vt 0.9761499 0.3525522
vt 0.9743161 0.3525522
vt 0.9761499 0.3325109
vt 0.9801494 0.3525522
vt 0.86856 0.3525522
vt 0.867769 0.3525522
vt 0.860569 0.3525522
vt 0.9839266 0.3525522
vt 0.9743161 0.3325109
vt 0.86856 0.3325109
vt 0.8576244 0.3325109
vt 0.867769 0.3325109
vt 0.9743161 0.3124654
vt 0.9801494 0.3325109
vt 0.9875883 0.3525522
vt 0.8576244 0.3124654
vt 0.8538055 0.3124654
vt 0.86856 0.3124654
vt 0.9839266 0.3325109
vt 0.9907603 0.3325109
vt 0.9875883 0.3325109
vt 0.9839266 0.3124654
vt 0.9875883 0.3124654
vt 0.9801494 0.3124654
vt 0.9761499 0.3124654
vt 0.9875883 0.2924158
vt 0.9839266 0.2924158
vt 0.9743161 0.2924158
vt 0.9801494 0.2924158
vt 0.9907603 0.2723639
vt 0.9761499 0.2924158
vt 0.9761499 0.2723639
vt 0.9801494 0.2723639
vt 0.9761499 0.2522892
vt 0.9839266 0.2723639
vt 0.9743161 0.2723639
vt 0.9929053 0.2522892
vt 0.9875883 0.2723639
vt 0.9801494 0.2522892
vt 0.86856 0.2924158
vt 0.9929053 0.2322611
vt 0.9949631 0.2322611
vt 0.9907603 0.2522892
vt 0.9839266 0.2522892
vt 0.9875883 0.2522892
vt 0.9907603 0.2322611
vt 0.9929053 0.2122104
vt 0.9949631 0.2122104
vt 0.9949631 0.192159
vt 0.9839266 0.2322611
vt 0.9875883 0.2322611
vt 0.9907603 0.2122104
vt 0.9929053 0.192159
vt 0.9949631 0.1721156
vt 0.9801494 0.2322611
vt 0.9839266 0.2122104
vt 0.9875883 0.2122104
vt 0.9907603 0.192159
vt 0.9929053 0.1721156
vt 0.9929053 0.1520728
vt 0.9949631 0.1520728
vt 0.9929053 0.1320408
vt 0.9949631 0.1320408
vt 0.9949631 0.1120179
vt 0.9929053 0.1120179
vt 0.9949631 0.09202062
vt 0.9907603 0.1320408
vt 0.9907603 0.1520728
vt 0.9907603 0.1721156
vt 0.9875883 0.192159
vt 0.9839266 0.192159
vt 0.9929053 0.09202062
vt 0.9907603 0.1120179
vt 0.9875883 0.1320408
vt 0.9875883 0.1520728
vt 0.9875883 0.1721156
vt 0.9839266 0.1721156
vt 0.9839266 0.1520728
vt 0.9801494 0.1721156
vt 0.9839266 0.1320408
vt 0.9929053 0.07205026
vt 0.9949631 0.07205026
vt 0.9801494 0.192159
vt 0.9761499 0.1721156
vt 0.9801494 0.1520728
vt 0.9801494 0.2122104
vt 0.9929053 0.05211096
vt 0.9949631 0.05211096
vt 0.9949631 0.03200977
vt 0.9929053 0.03200977
vt 0.9949631 0.01162587
vt 0.9929053 0.01162587
vt 0.9907603 0.05211096
vt 0.9907603 0.03200977
vt 0.9907603 0.01162587
vt 0.9907603 0.07205026
vt 0.9875883 0.03200977
vt 0.9875883 0.01162587
vt 0.9839266 0.01162587
vt 0.9875883 0.05211096
vt 0.9839266 0.03200977
vt 0.9801494 0.01162587
vt 0.9907603 0.09202062
vt 0.9875883 0.07205026
vt 0.9801494 0.03200977
vt 0.9761499 0.01162587
vt 0.9839266 0.05211096
vt 0.9875883 0.1120179
vt 0.9875883 0.09202062
vt 0.9839266 0.1120179
vt 0.9839266 0.07205026
vt 0.9839266 0.09202062
vt 0.9801494 0.09202062
vt 0.9801494 0.1120179
vt 0.9761499 0.09202062
vt 0.9801494 0.07205026
vt 0.9801494 0.1320408
vt 0.9801494 0.05211096
vt 0.9761499 0.07205026
vt 0.9761499 0.03200977
vt 0.9761499 0.1120179
vt 0.9761499 0.1520728
vt 0.9761499 0.05211096
vt 0.9743161 0.03200977
vt 0.9743161 0.01162587
vt 0.9743161 0.05211096
vt 0.86856 0.03200977
vt 0.86856 0.01162587
vt 0.9761499 0.1320408
vt 0.9743161 0.1320408
vt 0.9743161 0.1520728
vt 0.9743161 0.07205026
vt 0.86856 0.05211096
vt 0.867769 0.03200977
vt 0.867769 0.01162587
vt 0.9743161 0.1120179
vt 0.86856 0.07205026
vt 0.867769 0.05211096
vt 0.860569 0.03200977
vt 0.860569 0.01162587
vt 0.8576244 0.01162587
vt 0.9743161 0.09202062
vt 0.860569 0.05211096
vt 0.8576244 0.03200977
vt 0.8538055 0.01162587
vt 0.8538055 0.03200977
vt 0.8576244 0.05211096
vt 0.8538055 0.05211096
vt 0.8538055 0.07205026
vt 0.8576244 0.07205026
vt 0.8538055 0.09202062
vt 0.860569 0.07205026
vt 0.8576244 0.09202062
vt 0.867769 0.07205026
vt 0.860569 0.09202062
vt 0.8576244 0.1120179
vt 0.8538055 0.1120179
vt 0.867769 0.09202062
vt 0.860569 0.1120179
vt 0.8576244 0.1320408
vt 0.8538055 0.1320408
vt 0.8538055 0.1520728
vt 0.86856 0.09202062
vt 0.867769 0.1120179
vt 0.860569 0.1320408
vt 0.8576244 0.1520728
vt 0.8538055 0.1721156
vt 0.86856 0.1120179
vt 0.867769 0.1320408
vt 0.86856 0.1320408
vt 0.860569 0.1520728
vt 0.8576244 0.1721156
vt 0.86856 0.1520728
vt 0.867769 0.1520728
vt 0.860569 0.1721156
vt 0.8576244 0.192159
vt 0.8538055 0.192159
vt 0.867769 0.1721156
vt 0.860569 0.192159
vt 0.86856 0.1721156
vt 0.8576244 0.2122104
vt 0.8538055 0.2122104
vt 0.8538055 0.2322611
vt 0.867769 0.192159
vt 0.860569 0.2122104
vt 0.8576244 0.2322611
vt 0.8538055 0.2522892
vt 0.9743161 0.1721156
vt 0.86856 0.192159
vt 0.867769 0.2122104
vt 0.860569 0.2322611
vt 0.8576244 0.2522892
vt 0.9743161 0.192159
vt 0.86856 0.2122104
vt 0.867769 0.2322611
vt 0.9761499 0.192159
vt 0.9743161 0.2122104
vt 0.9761499 0.2122104
vt 0.9761499 0.2322611
vt 0.86856 0.2322611
vt 0.9743161 0.2322611
vt 0.860569 0.2522892
vt 0.9743161 0.2522892
vt 0.86856 0.2522892
vt 0.867769 0.2522892
vt 0.86856 0.2723639
vt 0.860569 0.2723639
vt 0.867769 0.2723639
vt 0.867769 0.2924158
vt 0.8576244 0.2723639
vt 0.8538055 0.2723639
vt 0.860569 0.2924158
vt 0.8576244 0.2924158
vt 0.8538055 0.2924158
vt 0.860569 0.3124654
vt 0.867769 0.3124654
vt 0.860569 0.3325109
vt 0.4976426 0.6817511
vt 0.4777971 0.6870744
vt 0.4794838 0.6916392
vt 0.4592576 0.6959338
vt 0.4948352 0.6777833
vt 0.5130074 0.6679155
vt 0.4588104 0.6910934
vt 0.4385885 0.6954144
vt 0.4671366 0.6582245
vt 0.5092638 0.6648057
vt 0.4771372 0.6527687
vt 0.5193765 0.6482424
vt 0.5237926 0.6502758
vt 0.5253887 0.6297902
vt 0.5301858 0.6306122
vt 0.5307012 0.6099414
vt 0.5258607 0.6103889
vt 0.5264015 0.5897173
vt 0.4950737 0.6245973
vt 0.4915433 0.6354298
vt 0.4856082 0.6451527
vt 0.4666937 0.6570267
vt 0.476402 0.6517299
vt 0.4846261 0.6443363
vt 0.4903871 0.6348956
vt 0.4938146 0.6243819
vt 0.4559905 0.6605819
vt 0.455874 0.6593157
vt 0.4953492 0.6132085
vt 0.4940819 0.6133254
vt 0.4446027 0.6603053
vt 0.4448182 0.6590457
vt 0.4343035 0.6556205
vt 0.4394105 0.6906182
vt 0.4337708 0.6567772
vt 0.4248628 0.6498614
vt 0.4209576 0.6846104
vt 0.4189245 0.6890257
vt 0.4929887 0.6020643
vt 0.4917908 0.6025068
vt 0.4864964 0.5927984
vt 0.4240456 0.6508436
vt 0.4043911 0.6745005
vt 0.4012814 0.6782445
vt 0.387449 0.6628761
vt 0.391417 0.660068
vt 0.3775647 0.6447155
vt 0.416431 0.6423702
vt 0.4174702 0.6416352
vt 0.4875352 0.5920618
vt 0.4791049 0.5845727
vt 0.3821295 0.6430296
vt 0.4109775 0.6323688
vt 0.412176 0.631926
vt 0.4098845 0.6211066
vt 0.4086171 0.6212243
vt 0.4101517 0.6100509
vt 0.3781055 0.6240439
vt 0.3732653 0.6244916
vt 0.408892 0.6098351
vt 0.378578 0.6046427
vt 0.3737807 0.6038215
vt 0.3801742 0.5841577
vt 0.3845896 0.5861908
vt 0.3909593 0.5665172
vt 0.4124233 0.5990037
vt 0.4135798 0.5995362
vt 0.3947023 0.5696264
vt 0.4183582 0.5892801
vt 0.4193411 0.5900971
vt 0.4275644 0.5827029
vt 0.4268292 0.5816635
vt 0.4372728 0.577407
vt 0.4091313 0.5566501
vt 0.4063239 0.5526825
vt 0.4368298 0.5762082
vt 0.4261697 0.5473591
vt 0.424483 0.5427936
vt 0.4447085 0.5384984
vt 0.4451561 0.5433386
vt 0.4653777 0.5390185
vt 0.4479756 0.5738502
vt 0.448093 0.5751178
vt 0.4645561 0.5438153
vt 0.4593639 0.5741283
vt 0.4591482 0.5753871
vt 0.4696632 0.5788122
vt 0.4701951 0.5776552
vt 0.4830091 0.549823
vt 0.4850416 0.5454071
vt 0.4799207 0.5835893
vt 0.4995751 0.5599322
vt 0.5026851 0.5561892
vt 0.516518 0.5715581
vt 0.5125496 0.5743648
vt 0.5218369 0.5914041
vt 0.4881402 0.6371437
vt 0.4782741 0.647083
vt 0.4791351 0.6480892
vt 0.4669291 0.6552954
vt 0.4664643 0.6540552
vt 0.4529947 0.6578909
vt 0.4529819 0.6565675
vt 0.439013 0.6555646
vt 0.4394538 0.6543173
vt 0.42667 0.6485961
vt 0.4514204 0.6241671
vt 0.456251 0.623267
vt 0.4471411 0.621751
vt 0.4275109 0.6475743
vt 0.4174547 0.6378272
vt 0.4869875 0.6364927
vt 0.4593729 0.6194718
vt 0.4185946 0.6371549
vt 0.4124784 0.6245549
vt 0.445416 0.6171501
vt 0.4915528 0.6235606
vt 0.4928588 0.6237777
vt 0.4137797 0.6243126
vt 0.4123413 0.6103824
vt 0.4914201 0.6098472
vt 0.4927219 0.6096044
vt 0.4593256 0.6145586
vt 0.4136473 0.6105992
vt 0.4170602 0.5970169
vt 0.4470517 0.6125164
vt 0.4866056 0.5970062
vt 0.4877457 0.5963338
vt 0.4182131 0.5976676
vt 0.4260658 0.5860717
vt 0.4776892 0.5865858
vt 0.4785306 0.585564
vt 0.4561308 0.6108251
vt 0.4269262 0.5870773
vt 0.4382716 0.5788658
vt 0.4512833 0.6100187
vt 0.4657467 0.579844
vt 0.4661874 0.5785961
vt 0.4387361 0.5801054
vt 0.4522059 0.5762697
vt 0.4522187 0.5775934
vt 0.4494214 0.6227216
vt 0.4497604 0.6223097
vt 0.4475449 0.6202453
vt 0.4470498 0.6204363
vt 0.4526067 0.6235207
vt 0.4466521 0.617341
vt 0.4461311 0.6172599
vt 0.4527029 0.6229938
vt 0.4557633 0.6226317
vt 0.4473332 0.6143687
vt 0.4469291 0.6140338
vt 0.4555919 0.6221229
vt 0.4580606 0.6202915
vt 0.4494181 0.6121336
vt 0.4492546 0.6116326
vt 0.457664 0.6199288
vt 0.4588915 0.6171142
vt 0.4523489 0.6112648
vt 0.4524747 0.6107501
vt 0.4583693 0.6169898
vt 0.4580283 0.6139359
vt 0.4553138 0.611984
vt 0.4556859 0.6116026
vt 0.4575134 0.6140824
vt 0.4496443 0.6126142
vt 0.4522914 0.611792
vt 0.4549935 0.6124087
vt 0.4570216 0.6142911
vt 0.4578364 0.6169283
vt 0.4572279 0.6196139
vt 0.4477747 0.6146599
vt 0.4553635 0.6216354
vt 0.4471816 0.6173661
vt 0.4527402 0.6224579
vt 0.4480182 0.6200013
vt 0.4500535 0.6218619
vt 0.4567598 0.619333
vt 0.4550928 0.6211606
vt 0.4527365 0.6219119
vt 0.4503181 0.6213858
vt 0.4484822 0.6197191
vt 0.447723 0.6173547
vt 0.4572922 0.6169141
vt 0.448248 0.6149249
vt 0.4565437 0.6145481
vt 0.4499165 0.6130857
vt 0.45471 0.6128703
vt 0.4522826 0.6123344
vt 0.4483127 0.6173205
vt 0.4487756 0.6151936
vt 0.450237 0.6135869
vt 0.4523039 0.6129264
vt 0.45443 0.6133897
vt 0.4560408 0.6148566
vt 0.448976 0.6193945
vt 0.4567014 0.6169308
vt 0.4505855 0.6208574
vt 0.4562374 0.6190541
vt 0.4527079 0.6213197
vt 0.4547757 0.6206596
vt 0.4555066 0.6152052
vt 0.4560637 0.6169655
vt 0.4556662 0.6187662
vt 0.4544225 0.6201258
vt 0.4526657 0.6206809
vt 0.4508658 0.6202828
vt 0.4541423 0.6139598
vt 0.4495049 0.6190363
vt 0.4523417 0.6135674
vt 0.4489503 0.6172758
vt 0.450595 0.6141244
vt 0.4493514 0.6154765
vt 0.4511627 0.6196749
vt 0.4500657 0.6186586
vt 0.4496254 0.6172298
vt 0.4499619 0.6157765
vt 0.4509769 0.6146948
vt 0.4523862 0.6142464
vt 0.4526199 0.6200057
vt 0.4538434 0.6145669
vt 0.4540463 0.6195632
vt 0.4549444 0.6155797
vt 0.4550602 0.6184658
vt 0.4553894 0.617008
vt 0.4524309 0.6149505
vt 0.453533 0.6151969
vt 0.4543605 0.6159678
vt 0.4546897 0.6170502
vt 0.4544331 0.6181519
vt 0.4536599 0.6189774
vt 0.4513709 0.6152942
vt 0.4525778 0.6193054
vt 0.4505923 0.6160947
vt 0.4514764 0.6190475
vt 0.4503267 0.6171899
vt 0.4506515 0.6182728
vt 0.4532728 0.6183752
vt 0.4525446 0.6185903
vt 0.4518067 0.6184115
vt 0.4512571 0.6178891
vt 0.4510441 0.6171627
vt 0.451229 0.6164315
vt 0.4537964 0.6178246
vt 0.4517631 0.6159231
vt 0.4539747 0.6170869
vt 0.4524781 0.6156672
vt 0.453761 0.6163605
vt 0.4532135 0.6158387
vt 0.451872 0.6167902
vt 0.4521498 0.6165155
vt 0.4525122 0.6164019
vt 0.4525167 0.6171356
vt 0.4528773 0.6164889
vt 0.4517774 0.617153
vt 0.4531467 0.6167513
vt 0.4518821 0.6175139
vt 0.4521537 0.6177753
vt 0.4525247 0.6178673
vt 0.4528913 0.6177598
vt 0.4531578 0.6174864
vt 0.4532497 0.6171153
vn 0.09293899 -0.412349 -0.906273
vn 0.5312329 -0.8275077 -0.181721
vn 0.2283718 -0.3556968 -0.9062704
vn 0.2161661 -0.9592965 -0.1817211
vn -0.053711 -0.419273 -0.90627
vn 0.46386 -0.7225689 0.51257
vn -0.124974 -0.9753752 -0.181727
vn -0.193875 -0.375635 -0.9062619
vn 0.18878 -0.837625 0.512588
vn -0.451037 -0.8738071 -0.181733
vn -0.3106478 -0.2866619 -0.9062686
vn 0.06204002 -0.2753321 0.9593453
vn 0.1524621 -0.2374951 0.9593495
vn -0.03584401 -0.2799191 0.9593543
vn -0.109168 -0.8516708 0.5125809
vn -0.129428 -0.2507741 0.9593543
vn -0.393827 -0.7629929 0.5125839
vn -0.20739 -0.191373 0.959357
vn -0.7226958 -0.6668468 -0.1817309
vn -0.389914 -0.163111 -0.9062902
vn -0.631092 -0.5823129 0.5124789
vn -0.2603391 -0.108899 0.9593564
vn -0.9071921 -0.379462 -0.18169
vn -0.4221932 -0.01990701 -0.9062873
vn -0.7921941 -0.3314131 0.5124391
vn -0.28192 -0.013293 0.9593458
vn -0.9822642 -0.04632101 -0.1816901
vn -0.4035572 0.1256881 -0.9062803
vn -0.8577359 -0.04044799 0.5124969
vn -0.2695339 0.08396295 0.9593235
vn -0.9388579 0.292434 -0.181737
vn -0.3362099 0.2561539 -0.9062826
vn -0.8198462 0.2553951 0.5124701
vn -0.2245781 0.1710821 0.9593204
vn -0.7822116 0.5959126 -0.1817499
vn -0.2283461 0.3557312 -0.9062634
vn -0.6830454 0.5203713 0.5125063
vn -0.5312577 0.8274896 -0.1817309
vn -0.09296002 0.4123701 -0.9062613
vn -0.463854 0.72256 0.5125881
vn -0.152483 0.237511 0.9593422
vn -0.06202998 0.2752939 0.9593568
vn -0.2161549 0.9592996 -0.1817179
vn 0.05370602 0.4192642 -0.9062744
vn -0.18878 0.8376231 0.5125911
vn 0.03586901 0.2799091 0.9593562
vn 0.124959 0.975378 -0.181722
vn 0.193887 0.375619 -0.906266
vn 0.109126 0.8517027 0.5125368
vn 0.129438 0.25079 0.9593489
vn 0.4510128 0.8738237 -0.1817129
vn 0.3106979 0.2866929 -0.9062417
vn 0.393839 0.7630221 0.512531
vn 0.20743 0.191405 0.9593419
vn 0.7227069 0.6668429 -0.181701
vn 0.3900091 0.163139 -0.9062442
vn 0.6310461 0.58232 0.5125271
vn 0.260421 0.108917 0.959332
vn 0.9071901 0.379472 -0.181679
vn 0.4221921 0.01988601 -0.9062883
vn 0.7921659 0.331357 0.5125189
vn 0.281954 0.0133 0.9593358
vn 0.9822583 0.04631301 -0.181724
vn 0.4034959 -0.125694 -0.9063069
vn 0.8577297 0.04044099 0.5125078
vn 0.2694609 -0.08393397 0.9593466
vn 0.9388533 -0.2924291 -0.181768
vn 0.3362119 -0.2561299 -0.9062886
vn 0.8198231 -0.255355 0.512527
vn 0.224497 -0.171022 0.9593501
vn 0.7822141 -0.5959131 -0.181738
vn 0.2283718 -0.3556968 -0.9062704
vn 0.5312329 -0.8275077 -0.181721
vn 0.6830117 -0.5203598 0.5125628
vn 0.1524621 -0.2374951 0.9593495
vn 0.46386 -0.7225689 0.51257
vn 0.4115178 -0.7548016 -0.5108107
vn 0.2742031 -0.8148701 -0.5106851
vn -0.0003480001 0.002301001 -0.9999974
vn -0.001109 0.002042001 -0.9999974
vn 4.499999E-05 0.002163999 -0.9999977
vn -0.02100501 -0.8595224 -0.5106663
vn -0.169949 -0.8427427 -0.5107858
vn -0.07757796 0.5130168 -0.8548657
vn -0.24838 0.455521 -0.8548731
vn 0.01267799 0.5186667 -0.8548825
vn 0.0007879998 0.002006999 -0.9999977
vn -0.447921 -0.733752 -0.510857
vn -0.135242 0.8943833 -0.4263662
vn -0.4329882 0.7941715 -0.4263953
vn 0.02210299 0.9042807 -0.4263659
vn 0.1893151 0.4830733 -0.8548685
vn 0.001184 0.001954001 -0.9999974
vn -0.146517 0.9688909 -0.199457
vn -0.4690698 0.8603358 -0.1994889
vn -0.473536 0.8685641 0.146151
vn 0.023955 0.9796148 -0.199452
vn -0.1479211 0.9781543 0.1460601
vn -0.4400558 0.8071375 0.3935478
vn 0.001786001 0.00143 -0.9999974
vn -0.5685368 -0.6448877 -0.5107698
vn 0.001872 0.001031 -0.9999977
vn -0.7548224 -0.4115163 -0.5107813
vn -0.8147315 -0.2741779 -0.5109197
vn 0.002143 0.0003179999 -0.9999977
vn -0.8594769 0.021025 -0.5107419
vn 0.45541 0.248288 -0.854959
vn 0.4054649 0.3236749 -0.8548877
vn 0.270373 0.4429199 -0.8548219
vn 0.330063 0.8421561 -0.426417
vn 0.357567 0.912328 -0.199508
vn 0.002336 -4.900001E-05 -0.9999973
vn 0.513072 0.077575 -0.8548329
vn 0.7942324 0.4330132 -0.4262562
vn 0.7069629 0.5643489 -0.4262789
vn 0.4712941 0.7720612 -0.4263841
vn 0.5105589 0.8363718 -0.199529
vn 0.7658352 0.6113563 -0.199349
vn 0.5154219 0.8443968 0.146063
vn 0.8603709 0.4690669 -0.199344
vn 0.002158001 -0.0008610002 -0.9999974
vn -0.8427722 0.1699451 -0.5107382
vn 0.36099 0.921047 0.146146
vn 0.478942 0.7846329 0.393657
vn 0.7731648 0.6171709 0.146001
vn 0.024138 0.9889741 0.146108
vn 0.001873999 -0.001147 -0.9999976
vn -0.7339041 0.4479681 -0.5105971
vn -0.6448592 0.5685651 -0.5107741
vn 0.00134 -0.001678 -0.9999977
vn -0.4115311 0.7548042 -0.5107961
vn 0.4428662 -0.2703361 -0.8548613
vn 0.3354459 0.8559068 0.3935729
vn -0.137446 0.9089708 0.3935489
vn 0.4831471 -0.189349 -0.8548192
vn 0.022487 0.919035 0.393534
vn -0.148153 0.9797651 0.134577
vn -0.4743351 0.8699972 0.134577
vn -0.4778021 0.8763711 0.06065301
vn 0.02421999 0.9906098 0.134557
vn -0.1492449 0.9869386 0.06064798
vn -0.476561 0.8740991 -0.094024
vn 0.3615871 0.9225743 0.134579
vn 0.024407 0.997861 0.06064499
vn -0.148857 0.9843773 -0.09403701
vn -0.4701598 0.8623967 -0.1876749
vn -0.146859 0.9711859 -0.187698
vn -0.4651899 0.8532498 0.235718
vn 0.02432899 0.9952716 -0.09403496
vn 0.3642189 0.9293367 0.06064498
vn -0.145306 0.9608898 0.2357479
vn -0.31258 0.5733191 0.7573631
vn -0.09762802 0.6456582 0.7573602
vn 0.02402 0.9819441 -0.18764
vn 0.02375401 0.9715112 0.2358001
vn 0.015966 0.6527538 0.7574018
vn 0.238262 0.6079491 0.7573831
vn 0.3545981 0.9047884 0.2358351
vn 0.3402502 0.5573913 0.7573274
vn 0.363268 0.9269279 -0.09402699
vn 0.516275 0.8457839 0.134572
vn 0.3584028 0.9145226 -0.1876049
vn 0.5063222 0.8294713 0.2358291
vn 0.5200559 0.8519759 0.06065299
vn 0.7744188 0.6181988 0.134558
vn 0.5187281 0.8497602 -0.09396102
vn 0.7594928 0.6062858 0.2357719
vn 0.5103279 0.4073849 0.7573658
vn 0.5117899 0.8383768 -0.1876049
vn 0.7800971 0.6227121 0.06064901
vn 0.7185019 0.573531 0.393468
vn 0.7676468 0.6127748 -0.1876839
vn 0.7780688 0.6210988 -0.09404797
vn 0.85322 0.465159 0.235887
vn 0.573275 0.312535 0.7574151
vn 0.6456311 0.09762902 0.757383
vn 0.870001 0.474335 0.134553
vn 0.8685783 0.4735541 0.1460081
vn 0.8763628 0.4778169 0.060656
vn 0.8741018 0.4765478 -0.09406498
vn 0.8624027 0.4701448 -0.187684
vn 0.9608823 0.1453 0.2357821
vn 0.6528162 -0.015961 0.7573482
vn 0.8071952 0.4400821 0.3934001
vn 0.9089931 0.137464 0.393491
vn 0.9797799 0.148147 0.134476
vn 0.9189821 -0.022461 0.393659
vn 0.9781286 0.1479269 0.1462259
vn 0.9869393 0.1492401 0.06064802
vn 0.9843878 0.1488589 -0.09392399
vn 0.971186 0.14686 -0.187696
vn 0.9688959 0.14654 -0.199416
vn 0.9906157 -0.02422299 0.134513
vn 0.9978613 -0.02438501 0.06064701
vn 0.9715081 -0.023764 0.235812
vn 0.9952846 -0.02433499 -0.09389596
vn 0.9225822 -0.3615751 0.134557
vn 0.9889613 -0.02418101 0.1461881
vn 0.894329 0.135255 -0.4264759
vn 0.9047689 -0.354592 0.235919
vn 0.60798 -0.238285 0.757351
vn 0.9293312 -0.3642311 0.06065801
vn 0.9796218 -0.02395799 -0.1994169
vn 0.5186859 -0.012676 -0.8548708
vn 0.9042473 -0.02211201 -0.4264362
vn 0.9123425 -0.3575652 -0.1994451
vn 0.8421803 -0.3300581 -0.4263731
vn 0.9210565 -0.3609828 0.1461039
vn 0.8558987 -0.3354359 0.3935989
vn 0.7720638 -0.4712919 -0.4263819
vn 0.8363727 -0.5105598 -0.1995229
vn 0.845781 -0.5162839 0.134557
vn 0.8443949 -0.5154399 0.14601
vn 0.3237529 -0.4055268 -0.8548287
vn 0.7846461 -0.4789771 0.3935881
vn 0.5735089 -0.7184338 0.3936249
vn 0.617198 -0.773133 0.146055
vn 0.4400488 -0.8071136 0.3936048
vn 0.6113281 -0.7658131 -0.1995201
vn 0.6182041 -0.7744152 0.134554
vn 0.001114 -0.002047 -0.9999973
vn 0.5643129 -0.7069289 -0.4263829
vn 0.4735281 -0.8685892 0.146027
vn 0.8519597 -0.5200828 0.06065098
vn 0.0003490001 -0.002333001 -0.9999973
vn -0.274216 0.8148991 -0.510632
vn 0.248405 -0.4555919 -0.8548279
vn 0.4690588 -0.8603337 -0.1995239
vn 0.4329999 -0.7941808 -0.4263659
vn 0.077585 -0.5130651 -0.8548362
vn -5.799999E-05 -0.002152 -0.9999977
vn 0.02104901 0.8594863 -0.5107253
vn 0.313713 0.8004611 -0.510731
vn 0.146526 -0.9688861 -0.199474
vn 0.135232 -0.8943768 -0.4263829
vn -0.012685 -0.5187169 -0.8548519
vn -0.0007889999 -0.002015 -0.9999977
vn 0.447896 0.7337561 -0.510873
vn 0.147929 -0.9781512 0.146073
vn -0.023954 -0.9796108 -0.199472
vn -0.02208799 -0.9042656 -0.4263988
vn -0.189329 -0.4830599 -0.8548729
vn -0.001217 -0.001994001 -0.9999973
vn -0.001806001 -0.001457001 -0.9999974
vn 0.5685389 0.6448849 -0.5107709
vn -0.001904999 -0.001053 -0.9999976
vn 0.7549333 0.4115722 -0.5105723
vn 0.8147609 0.274191 -0.5108659
vn -0.002095 -0.0003139999 -0.9999977
vn 0.8593789 -0.020997 -0.5109079
vn -0.4554241 -0.24832 -0.8549422
vn -0.4054579 -0.3236699 -0.8548928
vn -0.270338 -0.442864 -0.8548619
vn -0.330063 -0.8421621 -0.4264051
vn -0.357562 -0.9123361 -0.19948
vn -0.002271001 5.800003E-05 -0.9999975
vn -0.513042 -0.07757401 -0.8548511
vn -0.7941948 -0.4330129 -0.4263269
vn -0.7069351 -0.5643421 -0.426334
vn -0.4712818 -0.7720717 -0.4263788
vn -0.5105689 -0.8363768 -0.199482
vn -0.7658422 -0.6113461 -0.199353
vn -0.5154199 -0.8443988 0.146058
vn -0.8603522 -0.4690631 -0.199434
vn -0.002140001 0.0008450003 -0.9999974
vn 0.842745 -0.169973 -0.510774
vn -0.36097 -0.921064 0.146088
vn -0.4790052 -0.7846814 0.3934832
vn -0.7731353 -0.6171723 0.1461511
vn -0.02417501 -0.9889736 0.1461061
vn -0.001842 0.00112 -0.9999977
vn 0.7338529 -0.4479449 -0.5106909
vn 0.6448631 -0.5685591 -0.510776
vn -0.001343 0.001645 -0.9999977
vn 0.4115178 -0.7548016 -0.5108107
vn -0.001109 0.002042001 -0.9999974
vn -0.4427929 0.2703029 -0.8549098
vn -0.3236831 0.4054721 -0.8548811
vn -0.24838 0.455521 -0.8548731
vn -0.4830301 0.189314 -0.8548931
vn -0.5643309 0.7069448 -0.4263329
vn -0.4329882 0.7941715 -0.4263953
vn -0.4690698 0.8603358 -0.1994889
vn -0.7720827 0.4713078 -0.4263299
vn -0.6113382 0.7658133 -0.1994881
vn -0.473536 0.8685641 0.146151
vn -0.5188209 0.012684 -0.8547888
vn -0.842214 0.330069 -0.426298
vn -0.6172081 0.7731242 0.146059
vn -0.4400558 0.8071375 0.3935478
vn -0.8363819 0.51057 -0.199458
vn -0.8944011 -0.135257 -0.426324
vn -0.9042859 0.022119 -0.4263539
vn -0.9689062 -0.146526 -0.199376
vn -0.9123032 0.3575441 -0.1996621
vn -0.979625 0.023962 -0.199401
vn -0.9889839 0.024191 0.146033
vn -0.978157 -0.147916 0.146047
vn -0.9190039 0.022463 0.3936079
vn -0.9210849 0.360974 0.145946
vn -0.8685588 -0.4735589 0.146108
vn -0.8443673 0.5154461 0.146148
vn -0.8558567 0.3354119 0.3937109
vn -0.5735398 0.7184628 0.3935269
vn -0.9089343 -0.137449 0.3936321
vn -0.7184744 -0.5735413 0.3935032
vn -0.7846402 0.4789791 0.3935971
vn -0.6181993 0.7744215 0.1345401
vn -0.4743351 0.8699972 0.134577
vn -0.8457898 0.5162659 0.13457
vn -0.622732 0.7800812 0.06064802
vn -0.4778021 0.8763711 0.06065301
vn -0.8071442 -0.4400531 0.3935371
vn -0.8699878 -0.4743389 0.134625
vn -0.7744088 -0.6182079 0.134573
vn -0.9225932 0.3615521 0.134543
vn -0.8519703 0.5200662 0.06064502
vn -0.6211259 0.7780559 -0.09397699
vn -0.476561 0.8740991 -0.094024
vn -0.9797759 -0.14813 0.134524
vn -0.9293355 0.3642212 0.06065003
vn -0.8497698 0.5187069 -0.09399198
vn -0.6127608 0.7676288 -0.1878039
vn -0.4701598 0.8623967 -0.1876749
vn -0.4651899 0.8532498 0.235718
vn -0.9906111 0.024228 0.134546
vn -0.8383598 0.5117508 -0.187787
vn -0.6062831 0.7594942 0.2357741
vn -0.31258 0.5733191 0.7573631
vn -0.4072979 0.5102429 0.7574698
vn -0.8294713 0.5063412 0.2357881
vn -0.557304 0.3401939 0.7574169
vn -0.6079953 0.2382831 0.7573394
vn -0.9048429 0.354597 0.2356279
vn -0.6528419 0.015961 0.7573259
vn -0.9145019 0.358389 -0.187733
vn -0.9715219 0.023781 0.235753
vn -0.9269145 0.3632878 -0.09408195
vn -0.9819577 0.02403499 -0.1875669
vn -0.9608687 -0.145291 0.2358429
vn -0.645593 -0.09763202 0.7574151
vn -0.9952644 0.02432001 -0.09411304
vn -0.9712273 -0.1468631 -0.1874801
vn -0.8532215 -0.4651868 0.2358269
vn -0.573272 -0.312553 0.75741
vn -0.510343 -0.4073899 0.7573529
vn -0.9978613 0.02438401 0.06064802
vn -0.9843708 -0.148839 -0.09413397
vn -0.8623803 -0.4701822 -0.187694
vn -0.7594919 -0.6062689 0.235818
vn -0.3402479 -0.5573758 0.7573398
vn -0.9869385 -0.1492509 0.06063497
vn -0.8740909 -0.4765819 -0.09399398
vn -0.8763711 -0.477804 0.06063901
vn -0.7676288 -0.6127948 -0.187693
vn -0.506335 -0.8294848 0.2357539
vn -0.7800748 -0.6227398 0.06064998
vn -0.7780607 -0.6211078 -0.09405697
vn -0.511766 -0.838374 -0.187682
vn -0.3546018 -0.9048115 0.2357409
vn -0.238249 -0.607918 0.757412
vn -0.518717 -0.849759 -0.094034
vn -0.358406 -0.914515 -0.187637
vn -0.5200909 -0.8519549 0.06064799
vn -0.023764 -0.9715202 0.2357621
vn -0.015959 -0.6527668 0.7573908
vn 0.09763099 -0.645645 0.7573709
vn -0.3632608 -0.9269325 -0.09400994
vn -0.024015 -0.9819412 -0.187656
vn 0.1453011 -0.9608886 0.2357561
vn 0.31257 -0.573305 0.757378
vn -0.5163002 -0.8457593 0.1346301
vn -0.3642189 -0.9293367 0.06064697
vn -0.02432901 -0.9952723 -0.09402703
vn 0.146847 -0.9711879 -0.187697
vn 0.4652008 -0.8532296 0.2357699
vn -0.3615839 -0.9225758 0.134577
vn -0.02441999 -0.9978606 0.06064497
vn 0.148846 -0.9843802 -0.09402303
vn -0.33543 -0.8559359 0.393523
vn -0.024231 -0.9906102 0.134552
vn -0.02248001 -0.9190283 0.3935501
vn 0.137463 -0.908966 0.393554
vn 0.149251 -0.9869376 0.06064798
vn 0.148157 -0.9797651 0.134573
vn 0.4701819 -0.8623708 -0.187738
vn 0.4743353 -0.8700005 0.1345551
vn 0.4777779 -0.8763849 0.06064599
vn 0.4765671 -0.8740912 -0.09406502
vn 0.6227091 -0.7801002 0.06064001
vn 0.6127793 -0.7676494 -0.1876591
vn 0.6210917 -0.7780746 -0.09404696
vn 0.8497582 -0.5187251 -0.09399603
vn 0.606271 -0.759495 0.235803
vn 0.407339 -0.51029 0.757416
vn 0.8383667 -0.5117898 -0.1876499
vn 0.8294559 -0.506348 0.2358279
vn 0.5573289 -0.340209 0.7573919
vn 0.9145244 -0.3584032 -0.1875961
vn 0.9269298 -0.3632829 -0.09394997
vn 0.981932 -0.024013 -0.187704
vn -0.6079953 0.2382831 0.7573394
vn -0.1225049 0.002989998 0.9924634
vn -0.6528419 0.015961 0.7573259
vn -0.645593 -0.09763202 0.7574151
vn -0.114085 0.04471301 0.9924643
vn -0.557304 0.3401939 0.7574169
vn -0.12113 -0.01831399 0.9924677
vn -0.573272 -0.312553 0.75741
vn -0.04799599 0.001173 0.9988469
vn -0.104552 0.06381898 0.9924696
vn -0.044697 0.017517 0.998847
vn -0.07642195 0.09573994 0.9924684
vn -0.4072979 0.5102429 0.7574698
vn -0.05865903 0.1075891 0.9924635
vn -0.31258 0.5733191 0.7573631
vn -0.09762802 0.6456582 0.7573602
vn -0.01832099 0.1211549 0.9924645
vn 0.015966 0.6527538 0.7574018
vn -0.022978 0.04214601 0.9988472
vn -0.02995099 0.03752099 0.9988469
vn -0.04097401 0.02501 0.9988471
vn 0.04104499 -0.0009979999 0.9991568
vn 0.03823502 -0.014984 0.9991564
vn 0.035058 -0.021397 0.9991561
vn 0.02561999 -0.03208999 0.9991566
vn 0.01966499 -0.03604299 0.9991567
vn -0.04746899 -0.007175999 0.9988469
vn 0.04062099 0.006141999 0.9991558
vn -0.007179 0.047466 0.998847
vn 0.006133001 -0.04061001 0.9991562
vn -0.042149 -0.022981 0.998847
vn 0.03606201 0.01964901 0.9991564
vn 0.032086 0.02561199 0.9991568
vn -0.107556 -0.05864001 0.9924682
vn -0.037521 -0.029952 0.9988469
vn 0.021391 0.035035 0.9991571
vn -0.09577003 -0.07645003 0.9924634
vn -0.510343 -0.4073899 0.7573529
vn 0.001173 0.047993 0.998847
vn -0.001005 -0.041065 0.999156
vn -0.014986 -0.03823801 0.9991562
vn -0.025018 -0.040973 0.998847
vn -0.06385 -0.104587 0.9924639
vn -0.3402479 -0.5573758 0.7573398
vn -0.238249 -0.607918 0.757412
vn -0.04469198 -0.114047 0.9924696
vn -0.015959 -0.6527668 0.7573908
vn -0.017511 -0.04469501 0.9988472
vn 0.014984 0.03822 0.999157
vn 0.017512 0.044698 0.998847
vn -0.02139399 -0.03504399 0.9991567
vn -0.002999001 -0.1224641 0.9924684
vn -0.001178 -0.047989 0.9988471
vn 0.001006 0.04104399 0.9991568
vn -0.006140997 0.04060198 0.9991565
vn 0.007176002 -0.04746301 0.9988472
vn -0.019646 0.036021 0.9991579
vn 0.018321 -0.121159 0.9924641
vn 0.09763099 -0.645645 0.7573709
vn 0.02298 -0.04214999 0.998847
vn 0.05865897 -0.107588 0.9924636
vn 0.31257 -0.573305 0.757378
vn 0.407339 -0.51029 0.757416
vn 0.07642604 -0.09573705 0.9924684
vn 0.5573289 -0.340209 0.7573919
vn 0.02994601 -0.03751301 0.9988474
vn -0.02561401 0.03206701 0.9991574
vn 0.104555 -0.06382301 0.9924691
vn 0.040975 -0.025013 0.998847
vn -0.035062 0.021398 0.999156
vn -0.03822698 0.01499099 0.9991566
vn 0.044697 -0.017517 0.998847
vn -0.04104299 0.001013 0.9991568
vn 0.114091 -0.04471298 0.9924636
vn 0.60798 -0.238285 0.757351
vn 0.04799399 -0.001167 0.9988469
vn 0.1224971 -0.002990001 0.9924644
vn 0.6528162 -0.015961 0.7573482
vn 0.6456311 0.09762902 0.757383
vn 0.121119 0.018309 0.9924691
vn 0.573275 0.312535 0.7574151
vn 0.047465 0.007172001 0.9988471
vn -0.04060099 -0.006136997 0.9991566
vn 0.107549 0.05863801 0.9924691
vn 0.04214301 0.02298001 0.9988472
vn -0.03606201 -0.01965001 0.9991564
vn -0.03208601 -0.02559501 0.9991573
vn 0.03751601 0.02994901 0.9988471
vn 0.09576304 0.07644603 0.9924643
vn 0.5103279 0.4073849 0.7573658
vn 0.025013 0.040977 0.998847
vn 0.06384601 0.104589 0.9924641
vn 0.3402502 0.5573913 0.7573274
vn 0.238262 0.6079491 0.7573831
vn 0.04469498 0.1140549 0.9924685
vn 0.002993 0.12246 0.992469
vn -0.152483 0.237511 0.9593422
vn -0.013282 0.010119 0.9998606
vn -0.2245781 0.1710821 0.9593204
vn -0.2695339 0.08396295 0.9593235
vn -0.01594099 0.004966998 0.9998606
vn -0.28192 -0.013293 0.9593458
vn -0.01667699 -0.0007879997 0.9998606
vn -0.2603391 -0.108899 0.9593564
vn -0.01540499 -0.006449997 0.9998605
vn -0.20739 -0.191373 0.959357
vn -0.001931 -9.400002E-05 0.9999982
vn -0.001536 0.001171 0.9999982
vn -0.001421 -0.001307 0.9999982
vn -0.01227299 -0.011321 0.9998606
vn -0.129428 -0.2507741 0.9593543
vn -0.009017997 0.01404799 0.9998606
vn -0.001042 0.001626 0.9999982
vn -0.007657998 -0.01483499 0.9998606
vn -0.03584401 -0.2799191 0.9593543
vn -0.0002450001 -0.001915 0.9999982
vn -0.003667998 0.01628499 0.9998606
vn -0.06202998 0.2752939 0.9593568
vn -0.002122 -0.016562 0.9998606
vn 0.06204002 -0.2753321 0.9593453
vn 0.002120999 0.01656 0.9998606
vn 0.03586901 0.2799091 0.9593562
vn 0.0008850002 0.00172 0.9999982
vn 0.003670999 -0.016286 0.9998606
vn 0.1524621 -0.2374951 0.9593495
vn 0.001044 -0.001624 0.9999982
vn 0.007654997 0.01483499 0.9998606
vn 0.129438 0.25079 0.9593489
vn 0.009020997 -0.01405099 0.9998606
vn 0.224497 -0.171022 0.9593501
vn 0.012267 0.011315 0.9998608
vn 0.20743 0.191405 0.9593419
vn 0.001782 0.0007430002 0.9999982
vn 0.013283 -0.010115 0.9998606
vn 0.2694609 -0.08393397 0.9593466
vn 0.001846 -0.0005650001 0.9999982
vn 0.015403 0.006438998 0.9998606
vn 0.260421 0.108917 0.959332
vn 0.01593899 -0.004958998 0.9998606
vn 0.281954 0.0133 0.9593358
vn 0.01667699 0.0007929998 0.9998606
vn -0.3694511 -0.4839922 -0.7932574
vn -0.4611421 -0.6041791 -0.6498581
vn -0.09726897 -0.7538268 -0.6498338
vn -0.077948 -0.603798 -0.7933171
vn -0.5620239 -0.234422 -0.7932059
vn 0.2926561 -0.701472 -0.6498381
vn 0.2344359 -0.5618658 -0.7933136
vn -0.7014647 -0.2926409 -0.6498527
vn -0.603864 0.07794799 -0.7932669
vn 0.6041969 -0.4611739 -0.6498189
vn 0.4840297 -0.3694038 -0.7932566
vn -0.7538288 0.09729397 -0.6498278
vn -0.4839679 0.369334 -0.7933269
vn 0.7538288 -0.09730697 -0.6498258
vn 0.603807 -0.07793902 -0.7933111
vn -0.6042439 0.461146 -0.6497949
vn -0.234404 0.561863 -0.7933251
vn 0.7014439 0.292659 -0.649867
vn 0.5618559 0.234452 -0.7933159
vn -0.292632 0.7014821 -0.649838
vn 0.07794899 0.6037219 -0.793375
vn 0.4611157 0.6041597 -0.6498947
vn 0.3693458 0.4839087 -0.7933575
vn 0.09729201 0.7537771 -0.6498879
vn 0.8690788 -0.112189 -0.4817838
vn 0.8087219 0.337377 -0.481815
vn 0.5316648 0.6965537 -0.4818148
vn 0.112138 0.8690677 -0.4818158
vn -0.3374 0.8087009 -0.481834
vn -0.6965809 0.5316679 -0.4817719
vn 0.696565 -0.5316851 -0.4817761
vn -0.8690901 0.112174 -0.4817671
vn 0.337402 -0.8087139 -0.481811
vn -0.8086962 -0.3373571 -0.4818721
vn -0.11217 -0.869049 -0.481842
vn -0.531652 -0.696512 -0.481889
vn -0.7699089 0.5876359 -0.2488459
vn -0.9605822 0.123961 -0.248828
vn -0.8938681 -0.372923 -0.248854
vn -0.587647 -0.769893 -0.248869
vn -0.123925 -0.9605799 -0.248855
vn 0.3729259 -0.8938689 -0.248847
vn -0.3729119 0.8938708 -0.2488609
vn 0.7699125 -0.5876404 -0.2488242
vn 0.123937 0.9605857 -0.2488269
vn 0.9605913 -0.123955 -0.2487961
vn 0.587653 0.769903 -0.248824
vn 0.8938837 0.3729189 -0.2488039
vn 0.385059 -0.922892 4E-06
vn 0.7949309 -0.6066999 9.999999E-07
vn 0.9917772 -0.127977 0
vn 0.9229065 0.3850242 0
vn 0.6067209 0.794915 0
vn 0.127995 0.9917748 3E-06
vn -0.128026 -0.9917709 5.999999E-06
vn -0.3850391 0.9229003 3.000001E-06
vn -0.6067629 -0.7948828 1.2E-05
vn -0.7949287 0.6067027 -1.999999E-06
vn -0.9229232 -0.3849841 2E-06
vn -0.9917767 0.12798 -8.999998E-06
vn 0.123941 0.9605851 0.248827
vn -0.3729179 0.8938736 0.2488419
vn -0.7698992 0.5876401 0.2488661
vn -0.9605687 0.12398 0.2488709
vn -0.8938826 -0.3729178 0.2488099
vn -0.5876521 -0.7699111 0.248801
vn 0.5876501 0.7699062 0.2488211
vn -0.1239219 -0.9605865 0.2488309
vn 0.8938826 0.3729228 0.2488019
vn 0.372908 -0.8938709 0.248866
vn 0.9605926 -0.1239519 0.2487929
vn 0.769906 -0.587641 0.248843
vn -0.5316802 -0.6965403 0.4818172
vn -0.1121549 -0.8690495 0.4818447
vn 0.3373862 -0.8086994 0.4818462
vn 0.6965533 -0.5316823 0.4817962
vn 0.8690792 -0.112189 0.4817832
vn 0.8087244 0.3373732 0.4818133
vn -0.8087251 -0.3373781 0.4818091
vn 0.5316691 0.6965571 0.4818051
vn -0.8690636 0.112165 0.4818168
vn 0.11214 0.8690772 0.4817981
vn -0.6965554 0.5316693 0.4818073
vn -0.3374211 0.8087112 0.4818021
vn 0.6733758 0.2809439 0.6838388
vn 0.44266 0.579987 0.683862
vn 0.09339906 0.7236034 0.6838675
vn -0.2809441 0.6733743 0.6838402
vn -0.5799697 0.4426708 0.6838697
vn -0.7235889 0.09339 0.683884
vn 0.7236548 -0.09342298 0.6838098
vn -0.6733463 -0.2809091 0.6838823
vn 0.579985 -0.442726 0.683821
vn -0.4426651 -0.5799311 0.6839061
vn 0.280935 -0.6733339 0.6838838
vn -0.09337395 -0.7235696 0.6839067
vn -0.5360131 0.06918301 0.8413701
vn -0.498814 -0.208122 0.84135
vn -0.3279249 -0.4296479 0.8413488
vn -0.06917599 -0.5360239 0.8413638
vn 0.2081169 -0.4988049 0.8413567
vn 0.4296459 -0.3279869 0.8413258
vn -0.4295949 0.327915 0.8413798
vn 0.5360582 -0.06922102 0.8413383
vn -0.208098 0.498824 0.84135
vn 0.4988419 0.2081409 0.8413287
vn 0.06915805 0.5360284 0.8413625
vn 0.3279229 0.4296789 0.8413338
vn 0.235569 -0.179809 0.955079
vn 0.2991948 -0.03863698 0.9534095
vn 0.2734151 0.114056 0.9551103
vn 2.2E-05 1.8E-05 1
vn 0.183029 0.2398431 0.9534022
vn 0.116194 -0.2784659 0.9533917
vn 0.037932 0.293884 0.9550881
vn -0.03791802 -0.2938851 0.9550884
vn -0.183095 -0.2398801 0.9533802
vn -0.27354 -0.114117 0.955067
vn -0.299257 0.038638 0.9533899
vn -0.235578 0.1798071 0.9550772
vn -0.116176 0.278486 0.953388
usemtl Kitchen_set_props
f 1/1/1 3/3/3 2/2/2 
f 1/1/1 2/2/2 4/4/4 
f 5/5/5 1/1/1 4/4/4 
f 4/4/4 2/2/2 6/6/6 
f 5/5/5 4/4/4 7/7/7 
f 8/8/8 5/5/5 7/7/7 
f 4/4/4 6/6/6 9/9/9 
f 7/7/7 4/4/4 9/9/9 
f 8/8/8 7/7/7 10/10/10 
f 11/11/11 8/8/8 10/10/10 
f 6/6/6 12/12/12 9/9/9 
f 6/6/6 13/13/13 12/12/12 
f 9/9/9 12/12/12 14/14/14 
f 7/7/7 9/9/9 15/15/15 
f 9/9/9 14/14/14 15/15/15 
f 10/10/10 7/7/7 15/15/15 
f 15/15/15 14/14/14 16/16/16 
f 15/15/15 16/16/16 17/17/17 
f 10/10/10 15/15/15 17/17/17 
f 17/17/17 16/16/16 18/18/18 
f 11/11/11 10/10/10 19/19/19 
f 19/19/19 10/10/10 17/17/17 
f 20/20/20 11/11/11 19/19/19 
f 17/17/17 18/18/18 21/21/21 
f 19/19/19 17/17/17 21/21/21 
f 21/21/21 18/18/18 22/22/22 
f 20/20/20 19/19/19 23/23/23 
f 23/23/23 19/19/19 21/21/21 
f 24/24/24 20/20/20 23/23/23 
f 21/21/21 22/22/22 25/25/25 
f 23/23/23 21/21/21 25/25/25 
f 25/25/25 22/22/22 26/26/26 
f 24/24/24 23/23/23 27/27/27 
f 27/27/27 23/23/23 25/25/25 
f 28/28/28 24/24/24 27/27/27 
f 25/25/25 26/26/26 29/29/29 
f 27/27/27 25/25/25 29/29/29 
f 29/29/29 26/26/26 30/30/30 
f 28/28/28 27/27/27 31/31/31 
f 31/31/31 27/27/27 29/29/29 
f 32/32/32 28/28/28 31/31/31 
f 29/29/29 30/30/30 33/33/33 
f 31/31/31 29/29/29 33/33/33 
f 33/33/33 30/30/30 34/34/34 
f 32/32/32 31/31/31 35/35/35 
f 35/35/35 31/31/31 33/33/33 
f 36/36/36 32/32/32 35/35/35 
f 33/33/33 34/34/34 37/37/37 
f 35/35/35 33/33/33 37/37/37 
f 36/36/36 35/35/35 38/38/38 
f 38/38/38 35/35/35 37/37/37 
f 39/39/39 36/36/36 38/38/38 
f 40/40/40 37/37/37 34/34/34 
f 38/38/38 37/37/37 40/40/40 
f 40/40/40 34/34/34 41/41/41 
f 40/40/40 41/41/41 42/42/42 
f 39/39/39 38/38/38 43/43/43 
f 43/43/43 38/38/38 40/40/40 
f 44/44/44 39/39/39 43/43/43 
f 40/40/40 42/42/42 45/45/45 
f 43/43/43 40/40/40 45/45/45 
f 45/45/45 42/42/42 46/46/46 
f 44/44/44 43/43/43 47/47/47 
f 47/47/47 43/43/43 45/45/45 
f 48/48/48 44/44/44 47/47/47 
f 45/45/45 46/46/46 49/49/49 
f 47/47/47 45/45/45 49/49/49 
f 49/49/49 46/46/46 50/50/50 
f 48/48/48 47/47/47 51/51/51 
f 51/51/51 47/47/47 49/49/49 
f 52/52/52 48/48/48 51/51/51 
f 49/49/49 50/50/50 53/53/53 
f 51/51/51 49/49/49 53/53/53 
f 53/53/53 50/50/50 54/54/54 
f 52/52/52 51/51/51 55/55/55 
f 55/55/55 51/51/51 53/53/53 
f 56/56/56 52/52/52 55/55/55 
f 53/53/53 54/54/54 57/57/57 
f 55/55/55 53/53/53 57/57/57 
f 57/57/57 54/54/54 58/58/58 
f 56/56/56 55/55/55 59/59/59 
f 59/59/59 55/55/55 57/57/57 
f 60/60/60 56/56/56 59/59/59 
f 57/57/57 58/58/58 61/61/61 
f 59/59/59 57/57/57 61/61/61 
f 61/61/61 58/58/58 62/62/62 
f 60/60/60 59/59/59 63/63/63 
f 63/63/63 59/59/59 61/61/61 
f 64/64/64 60/60/60 63/63/63 
f 61/61/61 62/62/62 65/65/65 
f 63/63/63 61/61/61 65/65/65 
f 65/65/65 62/62/62 66/66/66 
f 64/64/64 63/63/63 67/67/67 
f 67/67/67 63/63/63 65/65/65 
f 68/68/68 64/64/64 67/67/67 
f 65/65/65 66/66/66 69/69/69 
f 67/67/67 65/65/65 69/69/69 
f 69/69/69 66/66/66 70/70/70 
f 68/68/68 67/67/67 71/71/71 
f 71/71/71 67/67/67 69/69/69 
f 72/72/72 68/68/68 71/71/71 
f 72/72/72 71/71/71 73/73/73 
f 69/69/69 70/70/70 74/74/74 
f 71/71/71 69/69/69 74/74/74 
f 73/73/73 71/71/71 74/74/74 
f 74/74/74 70/70/70 75/75/75 
f 73/73/73 74/74/74 76/76/76 
f 74/74/74 75/75/75 76/76/76 
f 77/77/77 79/79/79 78/78/78 
f 77/77/77 80/80/80 79/79/79 
f 78/78/78 79/79/79 81/81/81 
f 78/78/78 81/81/81 82/82/82 
f 81/81/81 83/83/83 82/82/82 
f 80/80/80 84/84/84 79/79/79 
f 80/80/80 85/85/85 84/84/84 
f 79/79/79 86/86/86 81/81/81 
f 79/79/79 84/84/84 86/86/86 
f 81/81/81 87/87/87 83/83/83 
f 86/86/86 87/87/87 81/81/81 
f 87/87/87 88/88/88 83/83/83 
f 85/85/85 89/89/89 84/84/84 
f 85/85/85 90/90/90 89/89/89 
f 84/84/84 91/91/91 86/86/86 
f 84/84/84 89/89/89 91/91/91 
f 86/86/86 92/92/92 87/87/87 
f 91/91/91 92/92/92 86/86/86 
f 87/87/87 93/93/93 88/88/88 
f 92/92/92 93/93/93 87/87/87 
f 90/90/90 94/94/94 89/89/89 
f 90/90/90 95/95/95 94/94/94 
f 94/94/94 95/95/95 96/96/96 
f 89/89/89 94/94/94 97/97/97 
f 89/89/89 97/97/97 91/91/91 
f 94/94/94 96/96/96 98/98/98 
f 97/97/97 94/94/94 98/98/98 
f 98/98/98 96/96/96 99/99/99 
f 88/88/88 93/93/93 100/100/100 
f 88/88/88 100/100/100 101/101/101 
f 101/101/101 100/100/100 102/102/102 
f 101/101/101 102/102/102 103/103/103 
f 102/102/102 104/104/104 103/103/103 
f 102/102/102 105/105/105 104/104/104 
f 105/105/105 106/106/106 104/104/104 
f 100/100/100 107/107/107 102/102/102 
f 107/107/107 105/105/105 102/102/102 
f 93/93/93 108/108/108 100/100/100 
f 100/100/100 108/108/108 107/107/107 
f 93/93/93 109/109/109 108/108/108 
f 92/92/92 109/109/109 93/93/93 
f 110/110/110 109/109/109 92/92/92 
f 91/91/91 110/110/110 92/92/92 
f 111/111/111 110/110/110 91/91/91 
f 111/111/111 91/91/91 97/97/97 
f 105/105/105 112/112/112 106/106/106 
f 107/107/107 113/113/113 105/105/105 
f 113/113/113 112/112/112 105/105/105 
f 108/108/108 114/114/114 107/107/107 
f 114/114/114 113/113/113 107/107/107 
f 109/109/109 115/115/115 108/108/108 
f 108/108/108 115/115/115 114/114/114 
f 110/110/110 116/116/116 109/109/109 
f 109/109/109 116/116/116 115/115/115 
f 117/117/117 116/116/116 110/110/110 
f 117/117/117 110/110/110 111/111/111 
f 116/116/116 118/118/118 115/115/115 
f 116/116/116 117/117/117 118/118/118 
f 119/119/119 117/117/117 111/111/111 
f 118/118/118 117/117/117 119/119/119 
f 115/115/115 118/118/118 120/120/120 
f 115/115/115 120/120/120 114/114/114 
f 106/106/106 112/112/112 121/121/121 
f 106/106/106 121/121/121 122/122/122 
f 119/119/119 111/111/111 123/123/123 
f 124/124/124 119/119/119 123/123/123 
f 123/123/123 111/111/111 97/97/97 
f 118/118/118 119/119/119 125/125/125 
f 120/120/120 118/118/118 125/125/125 
f 125/125/125 119/119/119 124/124/124 
f 123/123/123 97/97/97 126/126/126 
f 97/97/97 98/98/98 126/126/126 
f 122/122/122 121/121/121 127/127/127 
f 122/122/122 127/127/127 128/128/128 
f 127/127/127 129/129/129 128/128/128 
f 127/127/127 130/130/130 129/129/129 
f 130/130/130 131/131/131 129/129/129 
f 121/121/121 132/132/132 127/127/127 
f 132/132/132 130/130/130 127/127/127 
f 124/124/124 123/123/123 133/133/133 
f 133/133/133 123/123/123 126/126/126 
f 126/126/126 98/98/98 134/134/134 
f 98/98/98 99/99/99 134/134/134 
f 121/121/121 135/135/135 132/132/132 
f 112/112/112 135/135/135 121/121/121 
f 133/133/133 126/126/126 136/136/136 
f 126/126/126 134/134/134 136/136/136 
f 99/99/99 137/137/137 134/134/134 
f 99/99/99 138/138/138 137/137/137 
f 139/139/139 137/137/137 138/138/138 
f 134/134/134 140/140/140 136/136/136 
f 140/140/140 133/133/133 136/136/136 
f 134/134/134 137/137/137 140/140/140 
f 139/139/139 141/141/141 137/137/137 
f 141/141/141 140/140/140 137/137/137 
f 141/141/141 139/139/139 142/142/142 
f 140/140/140 143/143/143 133/133/133 
f 143/143/143 124/124/124 133/133/133 
f 141/141/141 144/144/144 140/140/140 
f 144/144/144 143/143/143 140/140/140 
f 141/141/141 142/142/142 145/145/145 
f 144/144/144 141/141/141 145/145/145 
f 146/146/146 145/145/145 142/142/142 
f 146/146/146 147/147/147 145/145/145 
f 147/147/147 146/146/146 148/148/148 
f 144/144/144 145/145/145 149/149/149 
f 147/147/147 149/149/149 145/145/145 
f 144/144/144 150/150/150 143/143/143 
f 149/149/149 150/150/150 144/144/144 
f 147/147/147 148/148/148 151/151/151 
f 151/151/151 148/148/148 152/152/152 
f 151/151/151 152/152/152 153/153/153 
f 147/147/147 154/154/154 149/149/149 
f 154/154/154 147/147/147 151/151/151 
f 155/155/155 151/151/151 153/153/153 
f 154/154/154 151/151/151 155/155/155 
f 155/155/155 153/153/153 156/156/156 
f 157/157/157 155/155/155 156/156/156 
f 157/157/157 158/158/158 155/155/155 
f 158/158/158 154/154/154 155/155/155 
f 159/159/159 158/158/158 157/157/157 
f 154/154/154 160/160/160 149/149/149 
f 149/149/149 160/160/160 150/150/150 
f 150/150/150 161/161/161 143/143/143 
f 143/143/143 161/161/161 124/124/124 
f 158/158/158 162/162/162 154/154/154 
f 154/154/154 162/162/162 160/160/160 
f 159/159/159 163/163/163 158/158/158 
f 163/163/163 162/162/162 158/158/158 
f 150/150/150 164/164/164 161/161/161 
f 160/160/160 164/164/164 150/150/150 
f 124/124/124 161/161/161 165/165/165 
f 164/164/164 165/165/165 161/161/161 
f 162/162/162 166/166/166 160/160/160 
f 160/160/160 166/166/166 164/164/164 
f 167/167/167 163/163/163 159/159/159 
f 167/167/167 159/159/159 168/168/168 
f 163/163/163 169/169/169 162/162/162 
f 162/162/162 169/169/169 166/166/166 
f 170/170/170 164/164/164 166/166/166 
f 164/164/164 170/170/170 165/165/165 
f 124/124/124 165/165/165 171/171/171 
f 125/125/125 124/124/124 171/171/171 
f 172/172/172 169/169/169 163/163/163 
f 172/172/172 163/163/163 167/167/167 
f 169/169/169 173/173/173 166/166/166 
f 170/170/170 166/166/166 173/173/173 
f 169/169/169 172/172/172 173/173/173 
f 174/174/174 167/167/167 168/168/168 
f 174/174/174 168/168/168 175/175/175 
f 176/176/176 174/174/174 175/175/175 
f 170/170/170 177/177/177 165/165/165 
f 171/171/171 165/165/165 177/177/177 
f 178/178/178 125/125/125 171/171/171 
f 120/120/120 125/125/125 178/178/178 
f 179/179/179 170/170/170 173/173/173 
f 170/170/170 179/179/179 177/177/177 
f 172/172/172 180/180/180 173/173/173 
f 179/179/179 173/173/173 180/180/180 
f 181/181/181 172/172/172 167/167/167 
f 181/181/181 167/167/167 174/174/174 
f 172/172/172 181/181/181 180/180/180 
f 176/176/176 182/182/182 174/174/174 
f 182/182/182 181/181/181 174/174/174 
f 183/183/183 182/182/182 176/176/176 
f 178/178/178 171/171/171 184/184/184 
f 171/171/171 177/177/177 184/184/184 
f 185/185/185 178/178/178 184/184/184 
f 177/177/177 185/185/185 184/184/184 
f 179/179/179 186/186/186 177/177/177 
f 177/177/177 186/186/186 185/185/185 
f 186/186/186 187/187/187 185/185/185 
f 185/185/185 188/188/188 178/178/178 
f 187/187/187 188/188/188 185/185/185 
f 188/188/188 120/120/120 178/178/178 
f 180/180/180 189/189/189 179/179/179 
f 179/179/179 189/189/189 186/186/186 
f 181/181/181 190/190/190 180/180/180 
f 180/180/180 190/190/190 189/189/189 
f 182/182/182 191/191/191 181/181/181 
f 181/181/181 191/191/191 190/190/190 
f 188/188/188 192/192/192 120/120/120 
f 192/192/192 114/114/114 120/120/120 
f 189/189/189 193/193/193 186/186/186 
f 186/186/186 193/193/193 187/187/187 
f 190/190/190 194/194/194 189/189/189 
f 189/189/189 194/194/194 193/193/193 
f 195/195/195 191/191/191 182/182/182 
f 183/183/183 195/195/195 182/182/182 
f 191/191/191 196/196/196 190/190/190 
f 190/190/190 196/196/196 194/194/194 
f 194/194/194 197/197/197 193/193/193 
f 187/187/187 193/193/193 197/197/197 
f 198/198/198 192/192/192 188/188/188 
f 187/187/187 198/198/198 188/188/188 
f 192/192/192 199/199/199 114/114/114 
f 114/114/114 199/199/199 113/113/113 
f 200/200/200 195/195/195 183/183/183 
f 200/200/200 183/183/183 201/201/201 
f 202/202/202 194/194/194 196/196/196 
f 194/194/194 202/202/202 197/197/197 
f 198/198/198 203/203/203 192/192/192 
f 203/203/203 199/199/199 192/192/192 
f 199/199/199 204/204/204 113/113/113 
f 113/113/113 204/204/204 112/112/112 
f 112/112/112 204/204/204 135/135/135 
f 203/203/203 205/205/205 199/199/199 
f 199/199/199 205/205/205 204/204/204 
f 206/206/206 203/203/203 198/198/198 
f 205/205/205 203/203/203 206/206/206 
f 204/204/204 205/205/205 207/207/207 
f 204/204/204 207/207/207 135/135/135 
f 205/205/205 206/206/206 207/207/207 
f 206/206/206 198/198/198 208/208/208 
f 208/208/208 198/198/198 187/187/187 
f 187/187/187 197/197/197 209/209/209 
f 208/208/208 187/187/187 209/209/209 
f 135/135/135 207/207/207 210/210/210 
f 135/135/135 210/210/210 132/132/132 
f 207/207/207 206/206/206 211/211/211 
f 211/211/211 206/206/206 208/208/208 
f 207/207/207 211/211/211 210/210/210 
f 209/209/209 197/197/197 212/212/212 
f 202/202/202 212/212/212 197/197/197 
f 213/213/213 208/208/208 209/209/209 
f 211/211/211 208/208/208 213/213/213 
f 210/210/210 214/214/214 132/132/132 
f 132/132/132 214/214/214 130/130/130 
f 209/209/209 212/212/212 215/215/215 
f 213/213/213 209/209/209 215/215/215 
f 216/216/216 213/213/213 215/215/215 
f 212/212/212 216/216/216 215/215/215 
f 217/217/217 211/211/211 213/213/213 
f 216/216/216 217/217/217 213/213/213 
f 218/218/218 217/217/217 216/216/216 
f 219/219/219 210/210/210 211/211/211 
f 217/217/217 219/219/219 211/211/211 
f 212/212/212 220/220/220 216/216/216 
f 220/220/220 218/218/218 216/216/216 
f 214/214/214 221/221/221 130/130/130 
f 130/130/130 221/221/221 131/131/131 
f 210/210/210 222/222/222 214/214/214 
f 219/219/219 222/222/222 210/210/210 
f 223/223/223 219/219/219 217/217/217 
f 218/218/218 223/223/223 217/217/217 
f 224/224/224 220/220/220 212/212/212 
f 202/202/202 224/224/224 212/212/212 
f 131/131/131 221/221/221 225/225/225 
f 131/131/131 225/225/225 226/226/226 
f 214/214/214 227/227/227 221/221/221 
f 222/222/222 227/227/227 214/214/214 
f 228/228/228 222/222/222 219/219/219 
f 223/223/223 228/228/228 219/219/219 
f 228/228/228 229/229/229 222/222/222 
f 222/222/222 229/229/229 227/227/227 
f 221/221/221 227/227/227 230/230/230 
f 221/221/221 230/230/230 225/225/225 
f 226/226/226 225/225/225 231/231/231 
f 226/226/226 231/231/231 232/232/232 
f 231/231/231 233/233/233 232/232/232 
f 234/234/234 228/228/228 223/223/223 
f 229/229/229 228/228/228 234/234/234 
f 227/227/227 229/229/229 235/235/235 
f 227/227/227 235/235/235 230/230/230 
f 229/229/229 234/234/234 235/235/235 
f 225/225/225 236/236/236 231/231/231 
f 225/225/225 230/230/230 236/236/236 
f 231/231/231 237/237/237 233/233/233 
f 236/236/236 237/237/237 231/231/231 
f 237/237/237 238/238/238 233/233/233 
f 234/234/234 223/223/223 239/239/239 
f 239/239/239 223/223/223 218/218/218 
f 235/235/235 234/234/234 240/240/240 
f 240/240/240 234/234/234 239/239/239 
f 230/230/230 235/235/235 241/241/241 
f 230/230/230 241/241/241 236/236/236 
f 235/235/235 240/240/240 241/241/241 
f 236/236/236 242/242/242 237/237/237 
f 241/241/241 242/242/242 236/236/236 
f 237/237/237 243/243/243 238/238/238 
f 242/242/242 243/243/243 237/237/237 
f 238/238/238 243/243/243 244/244/244 
f 238/238/238 244/244/244 245/245/245 
f 245/245/245 244/244/244 246/246/246 
f 245/245/245 246/246/246 247/247/247 
f 246/246/246 248/248/248 247/247/247 
f 246/246/246 249/249/249 248/248/248 
f 249/249/249 250/250/250 248/248/248 
f 244/244/244 251/251/251 246/246/246 
f 251/251/251 249/249/249 246/246/246 
f 243/243/243 252/252/252 244/244/244 
f 244/244/244 252/252/252 251/251/251 
f 242/242/242 253/253/253 243/243/243 
f 243/243/243 253/253/253 252/252/252 
f 241/241/241 254/254/254 242/242/242 
f 254/254/254 253/253/253 242/242/242 
f 255/255/255 254/254/254 241/241/241 
f 255/255/255 241/241/241 240/240/240 
f 249/249/249 256/256/256 250/250/250 
f 251/251/251 257/257/257 249/249/249 
f 257/257/257 256/256/256 249/249/249 
f 252/252/252 258/258/258 251/251/251 
f 258/258/258 257/257/257 251/251/251 
f 253/253/253 259/259/259 252/252/252 
f 252/252/252 259/259/259 258/258/258 
f 254/254/254 260/260/260 253/253/253 
f 253/253/253 260/260/260 259/259/259 
f 261/261/261 260/260/260 254/254/254 
f 261/261/261 254/254/254 255/255/255 
f 260/260/260 262/262/262 259/259/259 
f 260/260/260 261/261/261 262/262/262 
f 263/263/263 261/261/261 255/255/255 
f 262/262/262 261/261/261 263/263/263 
f 259/259/259 262/262/262 264/264/264 
f 259/259/259 264/264/264 258/258/258 
f 250/250/250 256/256/256 265/265/265 
f 250/250/250 265/265/265 266/266/266 
f 263/263/263 255/255/255 267/267/267 
f 268/268/268 263/263/263 267/267/267 
f 267/267/267 255/255/255 240/240/240 
f 262/262/262 263/263/263 269/269/269 
f 264/264/264 262/262/262 269/269/269 
f 269/269/269 263/263/263 268/268/268 
f 267/267/267 240/240/240 270/270/270 
f 240/240/240 239/239/239 270/270/270 
f 266/266/266 265/265/265 271/271/271 
f 266/266/266 271/271/271 272/272/272 
f 271/271/271 273/273/273 272/272/272 
f 271/271/271 274/274/274 273/273/273 
f 274/274/274 275/275/275 273/273/273 
f 274/274/274 276/276/276 275/275/275 
f 265/265/265 277/277/277 271/271/271 
f 277/277/277 274/274/274 271/271/271 
f 278/278/278 276/276/276 274/274/274 
f 277/277/277 278/278/278 274/274/274 
f 278/278/278 279/279/279 276/276/276 
f 265/265/265 280/280/280 277/277/277 
f 256/256/256 280/280/280 265/265/265 
f 281/281/281 279/279/279 278/278/278 
f 281/281/281 282/282/282 279/279/279 
f 283/283/283 282/282/282 281/281/281 
f 284/284/284 278/278/278 277/277/277 
f 284/284/284 281/281/281 278/278/278 
f 280/280/280 284/284/284 277/277/277 
f 283/283/283 281/281/281 285/285/285 
f 285/285/285 281/281/281 284/284/284 
f 286/286/286 283/283/283 285/285/285 
f 256/256/256 287/287/287 280/280/280 
f 257/257/257 287/287/287 256/256/256 
f 280/280/280 288/288/288 284/284/284 
f 287/287/287 288/288/288 280/280/280 
f 286/286/286 285/285/285 289/289/289 
f 290/290/290 286/286/286 289/289/289 
f 285/285/285 284/284/284 291/291/291 
f 288/288/288 291/291/291 284/284/284 
f 289/289/289 285/285/285 291/291/291 
f 292/292/292 287/287/287 257/257/257 
f 258/258/258 292/292/292 257/257/257 
f 287/287/287 293/293/293 288/288/288 
f 292/292/292 293/293/293 287/287/287 
f 294/294/294 292/292/292 258/258/258 
f 294/294/294 258/258/258 264/264/264 
f 293/293/293 295/295/295 288/288/288 
f 288/288/288 295/295/295 291/291/291 
f 296/296/296 293/293/293 292/292/292 
f 296/296/296 292/292/292 294/294/294 
f 293/293/293 296/296/296 295/295/295 
f 297/297/297 296/296/296 294/294/294 
f 295/295/295 296/296/296 297/297/297 
f 298/298/298 294/294/294 264/264/264 
f 297/297/297 294/294/294 298/298/298 
f 299/299/299 297/297/297 298/298/298 
f 295/295/295 297/297/297 300/300/300 
f 291/291/291 295/295/295 300/300/300 
f 300/300/300 297/297/297 299/299/299 
f 298/298/298 264/264/264 301/301/301 
f 264/264/264 269/269/269 301/301/301 
f 291/291/291 300/300/300 302/302/302 
f 289/289/289 291/291/291 302/302/302 
f 300/300/300 299/299/299 303/303/303 
f 302/302/302 300/300/300 303/303/303 
f 304/304/304 289/289/289 302/302/302 
f 290/290/290 289/289/289 304/304/304 
f 299/299/299 298/298/298 305/305/305 
f 305/305/305 298/298/298 301/301/301 
f 301/301/301 269/269/269 306/306/306 
f 269/269/269 268/268/268 306/306/306 
f 302/302/302 303/303/303 307/307/307 
f 304/304/304 302/302/302 307/307/307 
f 308/308/308 290/290/290 304/304/304 
f 308/308/308 309/309/309 290/290/290 
f 310/310/310 304/304/304 307/307/307 
f 303/303/303 310/310/310 307/307/307 
f 310/310/310 308/308/308 304/304/304 
f 311/311/311 309/309/309 308/308/308 
f 311/311/311 312/312/312 309/309/309 
f 305/305/305 301/301/301 313/313/313 
f 301/301/301 306/306/306 313/313/313 
f 314/314/314 305/305/305 313/313/313 
f 306/306/306 314/314/314 313/313/313 
f 268/268/268 315/315/315 306/306/306 
f 306/306/306 315/315/315 314/314/314 
f 303/303/303 316/316/316 310/310/310 
f 299/299/299 316/316/316 303/303/303 
f 317/317/317 308/308/308 310/310/310 
f 317/317/317 311/311/311 308/308/308 
f 318/318/318 312/312/312 311/311/311 
f 318/318/318 319/319/319 312/312/312 
f 320/320/320 299/299/299 305/305/305 
f 314/314/314 320/320/320 305/305/305 
f 321/321/321 310/310/310 316/316/316 
f 321/321/321 317/317/317 310/310/310 
f 322/322/322 311/311/311 317/317/317 
f 322/322/322 318/318/318 311/311/311 
f 323/323/323 319/319/319 318/318/318 
f 323/323/323 324/324/324 319/319/319 
f 325/325/325 324/324/324 323/323/323 
f 299/299/299 326/326/326 316/316/316 
f 320/320/320 326/326/326 299/299/299 
f 327/327/327 323/323/323 318/318/318 
f 327/327/327 318/318/318 322/322/322 
f 325/325/325 323/323/323 328/328/328 
f 328/328/328 323/323/323 327/327/327 
f 329/329/329 325/325/325 328/328/328 
f 329/329/329 328/328/328 330/330/330 
f 330/330/330 328/328/328 331/331/331 
f 328/328/328 327/327/327 331/331/331 
f 330/330/330 331/331/331 332/332/332 
f 331/331/331 333/333/333 332/332/332 
f 331/331/331 334/334/334 333/333/333 
f 327/327/327 334/334/334 331/331/331 
f 334/334/334 335/335/335 333/333/333 
f 336/336/336 327/327/327 322/322/322 
f 327/327/327 336/336/336 334/334/334 
f 334/334/334 337/337/337 335/335/335 
f 336/336/336 337/337/337 334/334/334 
f 336/336/336 322/322/322 338/338/338 
f 317/317/317 338/338/338 322/322/322 
f 317/317/317 321/321/321 338/338/338 
f 339/339/339 336/336/336 338/338/338 
f 336/336/336 339/339/339 337/337/337 
f 335/335/335 337/337/337 340/340/340 
f 335/335/335 340/340/340 341/341/341 
f 321/321/321 342/342/342 338/338/338 
f 339/339/339 338/338/338 342/342/342 
f 337/337/337 339/339/339 343/343/343 
f 337/337/337 343/343/343 340/340/340 
f 343/343/343 339/339/339 342/342/342 
f 341/341/341 340/340/340 344/344/344 
f 341/341/341 344/344/344 345/345/345 
f 344/344/344 346/346/346 345/345/345 
f 321/321/321 347/347/347 342/342/342 
f 347/347/347 321/321/321 316/316/316 
f 347/347/347 316/316/316 326/326/326 
f 343/343/343 342/342/342 348/348/348 
f 348/348/348 342/342/342 347/347/347 
f 340/340/340 343/343/343 349/349/349 
f 340/340/340 349/349/349 344/344/344 
f 349/349/349 343/343/343 348/348/348 
f 344/344/344 350/350/350 346/346/346 
f 349/349/349 350/350/350 344/344/344 
f 350/350/350 351/351/351 346/346/346 
f 352/352/352 347/347/347 326/326/326 
f 348/348/348 347/347/347 352/352/352 
f 352/352/352 326/326/326 320/320/320 
f 349/349/349 348/348/348 353/353/353 
f 353/353/353 348/348/348 352/352/352 
f 354/354/354 352/352/352 320/320/320 
f 353/353/353 352/352/352 354/354/354 
f 354/354/354 320/320/320 314/314/314 
f 349/349/349 355/355/355 350/350/350 
f 355/355/355 349/349/349 353/353/353 
f 350/350/350 356/356/356 351/351/351 
f 355/355/355 356/356/356 350/350/350 
f 357/357/357 354/354/354 314/314/314 
f 357/357/357 314/314/314 315/315/315 
f 354/354/354 358/358/358 353/353/353 
f 355/355/355 353/353/353 358/358/358 
f 354/354/354 357/357/357 358/358/358 
f 359/359/359 355/355/355 358/358/358 
f 355/355/355 359/359/359 356/356/356 
f 351/351/351 356/356/356 360/360/360 
f 351/351/351 360/360/360 361/361/361 
f 357/357/357 362/362/362 358/358/358 
f 359/359/359 358/358/358 362/362/362 
f 356/356/356 359/359/359 363/363/363 
f 356/356/356 363/363/363 360/360/360 
f 363/363/363 359/359/359 362/362/362 
f 364/364/364 357/357/357 315/315/315 
f 357/357/357 364/364/364 362/362/362 
f 361/361/361 360/360/360 365/365/365 
f 361/361/361 365/365/365 366/366/366 
f 365/365/365 367/367/367 366/366/366 
f 363/363/363 362/362/362 368/368/368 
f 368/368/368 362/362/362 364/364/364 
f 360/360/360 363/363/363 369/369/369 
f 360/360/360 369/369/369 365/365/365 
f 369/369/369 363/363/363 368/368/368 
f 365/365/365 370/370/370 367/367/367 
f 369/369/369 370/370/370 365/365/365 
f 370/370/370 371/371/371 367/367/367 
f 364/364/364 315/315/315 372/372/372 
f 268/268/268 372/372/372 315/315/315 
f 368/368/368 364/364/364 373/373/373 
f 373/373/373 364/364/364 372/372/372 
f 369/369/369 368/368/368 374/374/374 
f 374/374/374 368/368/368 373/373/373 
f 369/369/369 375/375/375 370/370/370 
f 375/375/375 369/369/369 374/374/374 
f 370/370/370 376/376/376 371/371/371 
f 375/375/375 376/376/376 370/370/370 
f 377/377/377 372/372/372 268/268/268 
f 373/373/373 372/372/372 377/377/377 
f 374/374/374 373/373/373 378/378/378 
f 378/378/378 373/373/373 377/377/377 
f 375/375/375 374/374/374 379/379/379 
f 378/378/378 379/379/379 374/374/374 
f 377/377/377 268/268/268 380/380/380 
f 268/268/268 267/267/267 380/380/380 
f 380/380/380 267/267/267 270/270/270 
f 378/378/378 377/377/377 381/381/381 
f 381/381/381 377/377/377 380/380/380 
f 380/380/380 270/270/270 382/382/382 
f 381/381/381 380/380/380 382/382/382 
f 270/270/270 383/383/383 382/382/382 
f 383/383/383 381/381/381 382/382/382 
f 270/270/270 239/239/239 383/383/383 
f 239/239/239 218/218/218 383/383/383 
f 384/384/384 378/378/378 381/381/381 
f 378/378/378 384/384/384 379/379/379 
f 383/383/383 385/385/385 381/381/381 
f 218/218/218 385/385/385 383/383/383 
f 384/384/384 381/381/381 385/385/385 
f 386/386/386 375/375/375 379/379/379 
f 375/375/375 386/386/386 376/376/376 
f 218/218/218 387/387/387 385/385/385 
f 220/220/220 387/387/387 218/218/218 
f 388/388/388 384/384/384 385/385/385 
f 388/388/388 385/385/385 387/387/387 
f 384/384/384 389/389/389 379/379/379 
f 386/386/386 379/379/379 389/389/389 
f 384/384/384 388/388/388 389/389/389 
f 390/390/390 387/387/387 220/220/220 
f 390/390/390 388/388/388 387/387/387 
f 224/224/224 390/390/390 220/220/220 
f 376/376/376 386/386/386 391/391/391 
f 391/391/391 386/386/386 389/389/389 
f 392/392/392 389/389/389 388/388/388 
f 392/392/392 388/388/388 390/390/390 
f 391/391/391 389/389/389 392/392/392 
f 393/393/393 390/390/390 224/224/224 
f 393/393/393 392/392/392 390/390/390 
f 376/376/376 391/391/391 394/394/394 
f 371/371/371 376/376/376 394/394/394 
f 371/371/371 394/394/394 395/395/395 
f 396/396/396 391/391/391 392/392/392 
f 394/394/394 391/391/391 396/396/396 
f 396/396/396 392/392/392 393/393/393 
f 395/395/395 394/394/394 397/397/397 
f 394/394/394 396/396/396 397/397/397 
f 395/395/395 397/397/397 398/398/398 
f 397/397/397 201/201/201 398/398/398 
f 397/397/397 200/200/200 201/201/201 
f 396/396/396 200/200/200 397/397/397 
f 396/396/396 399/399/399 200/200/200 
f 399/399/399 396/396/396 393/393/393 
f 399/399/399 195/195/195 200/200/200 
f 224/224/224 400/400/400 393/393/393 
f 399/399/399 393/393/393 400/400/400 
f 224/224/224 202/202/202 400/400/400 
f 202/202/202 196/196/196 400/400/400 
f 399/399/399 401/401/401 195/195/195 
f 401/401/401 399/399/399 400/400/400 
f 401/401/401 400/400/400 196/196/196 
f 195/195/195 401/401/401 191/191/191 
f 191/191/191 401/401/401 196/196/196 
f 402/402/402 404/404/404 403/403/403 
f 403/403/403 404/404/404 405/405/405 
f 402/402/402 403/403/403 406/406/406 
f 407/407/407 402/402/402 406/406/406 
f 403/403/403 405/405/405 408/408/408 
f 408/408/408 405/405/405 409/409/409 
f 406/406/406 403/403/403 410/410/410 
f 410/410/410 403/403/403 408/408/408 
f 407/407/407 406/406/406 411/411/411 
f 406/406/406 410/410/410 412/412/412 
f 411/411/411 406/406/406 412/412/412 
f 413/413/413 407/407/407 411/411/411 
f 413/413/413 414/414/414 407/407/407 
f 415/415/415 414/414/414 413/413/413 
f 415/415/415 416/416/416 414/414/414 
f 417/417/417 416/416/416 415/415/415 
f 417/417/417 415/415/415 418/418/418 
f 419/419/419 417/417/417 418/418/418 
f 420/420/420 415/415/415 413/413/413 
f 418/418/418 415/415/415 420/420/420 
f 421/421/421 413/413/413 411/411/411 
f 420/420/420 413/413/413 421/421/421 
f 411/411/411 412/412/412 422/422/422 
f 421/421/421 411/411/411 422/422/422 
f 412/412/412 410/410/410 423/423/423 
f 412/412/412 423/423/423 424/424/424 
f 422/422/422 412/412/412 424/424/424 
f 422/422/422 424/424/424 425/425/425 
f 426/426/426 422/422/422 425/425/425 
f 426/426/426 421/421/421 422/422/422 
f 427/427/427 421/421/421 426/426/426 
f 427/427/427 420/420/420 421/421/421 
f 423/423/423 410/410/410 428/428/428 
f 423/423/423 428/428/428 429/429/429 
f 410/410/410 408/408/408 428/428/428 
f 430/430/430 420/420/420 427/427/427 
f 418/418/418 420/420/420 430/430/430 
f 430/430/430 427/427/427 431/431/431 
f 429/429/429 428/428/428 432/432/432 
f 429/429/429 432/432/432 433/433/433 
f 432/432/432 434/434/434 433/433/433 
f 428/428/428 408/408/408 435/435/435 
f 428/428/428 435/435/435 432/432/432 
f 408/408/408 409/409/409 435/435/435 
f 432/432/432 436/436/436 434/434/434 
f 435/435/435 436/436/436 432/432/432 
f 436/436/436 437/437/437 434/434/434 
f 409/409/409 438/438/438 435/435/435 
f 435/435/435 438/438/438 436/436/436 
f 409/409/409 439/439/439 438/438/438 
f 440/440/440 430/430/430 431/431/431 
f 440/440/440 431/431/431 441/441/441 
f 442/442/442 440/440/440 441/441/441 
f 436/436/436 443/443/443 437/437/437 
f 438/438/438 443/443/443 436/436/436 
f 439/439/439 444/444/444 438/438/438 
f 438/438/438 444/444/444 443/443/443 
f 439/439/439 445/445/445 444/444/444 
f 444/444/444 445/445/445 446/446/446 
f 444/444/444 446/446/446 447/447/447 
f 443/443/443 444/444/444 447/447/447 
f 447/447/447 446/446/446 448/448/448 
f 437/437/437 443/443/443 449/449/449 
f 443/443/443 447/447/447 449/449/449 
f 437/437/437 449/449/449 450/450/450 
f 442/442/442 451/451/451 440/440/440 
f 452/452/452 451/451/451 442/442/442 
f 447/447/447 448/448/448 453/453/453 
f 449/449/449 447/447/447 453/453/453 
f 450/450/450 449/449/449 454/454/454 
f 449/449/449 453/453/453 454/454/454 
f 450/450/450 454/454/454 455/455/455 
f 454/454/454 456/456/456 455/455/455 
f 454/454/454 457/457/457 456/456/456 
f 453/453/453 457/457/457 454/454/454 
f 457/457/457 458/458/458 456/456/456 
f 448/448/448 459/459/459 453/453/453 
f 453/453/453 459/459/459 457/457/457 
f 448/448/448 460/460/460 459/459/459 
f 457/457/457 461/461/461 458/458/458 
f 459/459/459 461/461/461 457/457/457 
f 460/460/460 462/462/462 459/459/459 
f 459/459/459 462/462/462 461/461/461 
f 460/460/460 463/463/463 462/462/462 
f 462/462/462 463/463/463 464/464/464 
f 462/462/462 464/464/464 465/465/465 
f 461/461/461 462/462/462 465/465/465 
f 465/465/465 464/464/464 466/466/466 
f 458/458/458 461/461/461 467/467/467 
f 461/461/461 465/465/465 467/467/467 
f 458/458/458 467/467/467 468/468/468 
f 465/465/465 466/466/466 469/469/469 
f 467/467/467 465/465/465 469/469/469 
f 468/468/468 467/467/467 470/470/470 
f 467/467/467 469/469/469 470/470/470 
f 468/468/468 470/470/470 471/471/471 
f 470/470/470 472/472/472 471/471/471 
f 470/470/470 473/473/473 472/472/472 
f 469/469/469 473/473/473 470/470/470 
f 473/473/473 474/474/474 472/472/472 
f 466/466/466 475/475/475 469/469/469 
f 469/469/469 475/475/475 473/473/473 
f 466/466/466 476/476/476 475/475/475 
f 473/473/473 477/477/477 474/474/474 
f 475/475/475 477/477/477 473/473/473 
f 476/476/476 478/478/478 475/475/475 
f 475/475/475 478/478/478 477/477/477 
f 476/476/476 479/479/479 478/478/478 
f 478/478/478 479/479/479 480/480/480 
f 478/478/478 480/480/480 481/481/481 
f 477/477/477 478/478/478 481/481/481 
f 481/481/481 480/480/480 482/482/482 
f 474/474/474 477/477/477 483/483/483 
f 477/477/477 481/481/481 483/483/483 
f 474/474/474 483/483/483 484/484/484 
f 481/481/481 482/482/482 485/485/485 
f 483/483/483 481/481/481 485/485/485 
f 484/484/484 483/483/483 486/486/486 
f 483/483/483 485/485/485 486/486/486 
f 484/484/484 486/486/486 487/487/487 
f 486/486/486 488/488/488 487/487/487 
f 486/486/486 489/489/489 488/488/488 
f 485/485/485 489/489/489 486/486/486 
f 489/489/489 452/452/452 488/488/488 
f 482/482/482 490/490/490 485/485/485 
f 485/485/485 490/490/490 489/489/489 
f 482/482/482 491/491/491 490/490/490 
f 489/489/489 492/492/492 452/452/452 
f 490/490/490 492/492/492 489/489/489 
f 452/452/452 492/492/492 451/451/451 
f 491/491/491 493/493/493 490/490/490 
f 490/490/490 493/493/493 492/492/492 
f 491/491/491 494/494/494 493/493/493 
f 493/493/493 494/494/494 495/495/495 
f 492/492/492 493/493/493 496/496/496 
f 493/493/493 495/495/495 496/496/496 
f 492/492/492 496/496/496 451/451/451 
f 496/496/496 495/495/495 419/419/419 
f 451/451/451 496/496/496 497/497/497 
f 496/496/496 419/419/419 497/497/497 
f 451/451/451 497/497/497 440/440/440 
f 419/419/419 418/418/418 497/497/497 
f 497/497/497 430/430/430 440/440/440 
f 497/497/497 418/418/418 430/430/430 
f 498/498/498 500/500/500 499/499/499 
f 501/501/501 499/499/499 500/500/500 
f 501/501/501 502/502/502 499/499/499 
f 503/503/503 502/502/502 501/501/501 
f 503/503/503 504/504/504 502/502/502 
f 505/505/505 504/504/504 503/503/503 
f 505/505/505 506/506/506 504/504/504 
f 507/507/507 506/506/506 505/505/505 
f 508/508/508 502/502/502 504/504/504 
f 508/508/508 504/504/504 506/506/506 
f 508/508/508 509/509/509 502/502/502 
f 509/509/509 499/499/499 502/502/502 
f 510/510/510 508/508/508 506/506/506 
f 507/507/507 511/511/511 506/506/506 
f 510/510/510 506/506/506 511/511/511 
f 512/512/512 511/511/511 507/507/507 
f 509/509/509 513/513/513 499/499/499 
f 498/498/498 499/499/499 513/513/513 
f 509/509/509 514/514/514 513/513/513 
f 510/510/510 511/511/511 515/515/515 
f 512/512/512 515/515/515 511/511/511 
f 516/516/516 515/515/515 512/512/512 
f 517/517/517 510/510/510 515/515/515 
f 498/498/498 513/513/513 518/518/518 
f 514/514/514 518/518/518 513/513/513 
f 498/498/498 518/518/518 519/519/519 
f 516/516/516 520/520/520 515/515/515 
f 517/517/517 515/515/515 520/520/520 
f 521/521/521 520/520/520 516/516/516 
f 514/514/514 522/522/522 518/518/518 
f 519/519/519 518/518/518 522/522/522 
f 519/519/519 522/522/522 523/523/523 
f 514/514/514 524/524/524 522/522/522 
f 517/517/517 520/520/520 525/525/525 
f 521/521/521 525/525/525 520/520/520 
f 526/526/526 525/525/525 521/521/521 
f 527/527/527 517/517/517 525/525/525 
f 523/523/523 522/522/522 528/528/528 
f 524/524/524 528/528/528 522/522/522 
f 523/523/523 528/528/528 529/529/529 
f 526/526/526 530/530/530 525/525/525 
f 527/527/527 525/525/525 530/530/530 
f 531/531/531 530/530/530 526/526/526 
f 524/524/524 532/532/532 528/528/528 
f 529/529/529 528/528/528 532/532/532 
f 529/529/529 532/532/532 533/533/533 
f 524/524/524 534/534/534 532/532/532 
f 527/527/527 530/530/530 535/535/535 
f 531/531/531 535/535/535 530/530/530 
f 536/536/536 535/535/535 531/531/531 
f 537/537/537 527/527/527 535/535/535 
f 533/533/533 532/532/532 538/538/538 
f 534/534/534 538/538/538 532/532/532 
f 533/533/533 538/538/538 539/539/539 
f 536/536/536 540/540/540 535/535/535 
f 537/537/537 535/535/535 540/540/540 
f 541/541/541 540/540/540 536/536/536 
f 534/534/534 542/542/542 538/538/538 
f 539/539/539 538/538/538 542/542/542 
f 534/534/534 537/537/537 542/542/542 
f 539/539/539 542/542/542 541/541/541 
f 541/541/541 542/542/542 540/540/540 
f 537/537/537 540/540/540 542/542/542 
f 543/543/543 545/545/545 544/544/544 
f 543/543/543 546/546/546 545/545/545 
f 547/547/547 543/543/543 544/544/544 
f 546/546/546 548/548/548 545/545/545 
f 546/546/546 549/549/549 548/548/548 
f 547/547/547 544/544/544 550/550/550 
f 551/551/551 547/547/547 550/550/550 
f 549/549/549 552/552/552 548/548/548 
f 549/549/549 553/553/553 552/552/552 
f 551/551/551 550/550/550 554/554/554 
f 555/555/555 551/551/551 554/554/554 
f 553/553/553 556/556/556 552/552/552 
f 553/553/553 557/557/557 556/556/556 
f 555/555/555 554/554/554 558/558/558 
f 559/559/559 555/555/555 558/558/558 
f 557/557/557 560/560/560 556/556/556 
f 557/557/557 561/561/561 560/560/560 
f 559/559/559 558/558/558 562/562/562 
f 563/563/563 559/559/559 562/562/562 
f 561/561/561 564/564/564 560/560/560 
f 561/561/561 565/565/565 564/564/564 
f 565/565/565 563/563/563 566/566/566 
f 563/563/563 562/562/562 566/566/566 
f 565/565/565 566/566/566 564/564/564 
f 552/552/552 556/556/556 567/567/567 
f 556/556/556 560/560/560 568/568/568 
f 556/556/556 568/568/568 567/567/567 
f 560/560/560 564/564/564 569/569/569 
f 560/560/560 569/569/569 568/568/568 
f 564/564/564 566/566/566 570/570/570 
f 564/564/564 570/570/570 569/569/569 
f 566/566/566 562/562/562 571/571/571 
f 566/566/566 571/571/571 570/570/570 
f 562/562/562 558/558/558 572/572/572 
f 562/562/562 572/572/572 571/571/571 
f 552/552/552 567/567/567 573/573/573 
f 548/548/548 552/552/552 573/573/573 
f 558/558/558 574/574/574 572/572/572 
f 558/558/558 554/554/554 574/574/574 
f 548/548/548 573/573/573 575/575/575 
f 545/545/545 548/548/548 575/575/575 
f 554/554/554 576/576/576 574/574/574 
f 554/554/554 550/550/550 576/576/576 
f 545/545/545 575/575/575 577/577/577 
f 544/544/544 545/545/545 577/577/577 
f 550/550/550 544/544/544 578/578/578 
f 550/550/550 578/578/578 576/576/576 
f 544/544/544 577/577/577 578/578/578 
f 571/571/571 572/572/572 579/579/579 
f 572/572/572 574/574/574 580/580/580 
f 572/572/572 580/580/580 579/579/579 
f 574/574/574 576/576/576 581/581/581 
f 574/574/574 581/581/581 580/580/580 
f 576/576/576 578/578/578 582/582/582 
f 576/576/576 582/582/582 581/581/581 
f 578/578/578 577/577/577 583/583/583 
f 578/578/578 583/583/583 582/582/582 
f 577/577/577 575/575/575 584/584/584 
f 577/577/577 584/584/584 583/583/583 
f 571/571/571 579/579/579 585/585/585 
f 570/570/570 571/571/571 585/585/585 
f 575/575/575 586/586/586 584/584/584 
f 575/575/575 573/573/573 586/586/586 
f 570/570/570 585/585/585 587/587/587 
f 569/569/569 570/570/570 587/587/587 
f 573/573/573 588/588/588 586/586/586 
f 573/573/573 567/567/567 588/588/588 
f 569/569/569 587/587/587 589/589/589 
f 568/568/568 569/569/569 589/589/589 
f 567/567/567 568/568/568 590/590/590 
f 567/567/567 590/590/590 588/588/588 
f 568/568/568 589/589/589 590/590/590 
f 583/583/583 584/584/584 591/591/591 
f 584/584/584 586/586/586 592/592/592 
f 584/584/584 592/592/592 591/591/591 
f 586/586/586 588/588/588 593/593/593 
f 586/586/586 593/593/593 592/592/592 
f 588/588/588 590/590/590 594/594/594 
f 588/588/588 594/594/594 593/593/593 
f 590/590/590 589/589/589 595/595/595 
f 590/590/590 595/595/595 594/594/594 
f 589/589/589 587/587/587 596/596/596 
f 589/589/589 596/596/596 595/595/595 
f 583/583/583 591/591/591 597/597/597 
f 582/582/582 583/583/583 597/597/597 
f 587/587/587 598/598/598 596/596/596 
f 587/587/587 585/585/585 598/598/598 
f 582/582/582 597/597/597 599/599/599 
f 581/581/581 582/582/582 599/599/599 
f 585/585/585 600/600/600 598/598/598 
f 585/585/585 579/579/579 600/600/600 
f 581/581/581 599/599/599 601/601/601 
f 580/580/580 581/581/581 601/601/601 
f 579/579/579 580/580/580 602/602/602 
f 579/579/579 602/602/602 600/600/600 
f 580/580/580 601/601/601 602/602/602 
f 595/595/595 596/596/596 603/603/603 
f 596/596/596 598/598/598 604/604/604 
f 596/596/596 604/604/604 603/603/603 
f 598/598/598 600/600/600 605/605/605 
f 598/598/598 605/605/605 604/604/604 
f 600/600/600 602/602/602 606/606/606 
f 600/600/600 606/606/606 605/605/605 
f 602/602/602 601/601/601 607/607/607 
f 602/602/602 607/607/607 606/606/606 
f 601/601/601 599/599/599 608/608/608 
f 601/601/601 608/608/608 607/607/607 
f 595/595/595 603/603/603 609/609/609 
f 594/594/594 595/595/595 609/609/609 
f 599/599/599 610/610/610 608/608/608 
f 599/599/599 597/597/597 610/610/610 
f 594/594/594 609/609/609 611/611/611 
f 593/593/593 594/594/594 611/611/611 
f 597/597/597 612/612/612 610/610/610 
f 597/597/597 591/591/591 612/612/612 
f 593/593/593 611/611/611 613/613/613 
f 592/592/592 593/593/593 613/613/613 
f 591/591/591 592/592/592 614/614/614 
f 591/591/591 614/614/614 612/612/612 
f 592/592/592 613/613/613 614/614/614 
f 607/607/607 608/608/608 615/615/615 
f 608/608/608 610/610/610 616/616/616 
f 608/608/608 616/616/616 615/615/615 
f 610/610/610 612/612/612 617/617/617 
f 610/610/610 617/617/617 616/616/616 
f 612/612/612 614/614/614 618/618/618 
f 612/612/612 618/618/618 617/617/617 
f 614/614/614 613/613/613 619/619/619 
f 614/614/614 619/619/619 618/618/618 
f 613/613/613 611/611/611 620/620/620 
f 613/613/613 620/620/620 619/619/619 
f 607/607/607 615/615/615 621/621/621 
f 606/606/606 607/607/607 621/621/621 
f 611/611/611 622/622/622 620/620/620 
f 611/611/611 609/609/609 622/622/622 
f 606/606/606 621/621/621 623/623/623 
f 605/605/605 606/606/606 623/623/623 
f 609/609/609 624/624/624 622/622/622 
f 609/609/609 603/603/603 624/624/624 
f 605/605/605 623/623/623 625/625/625 
f 604/604/604 605/605/605 625/625/625 
f 603/603/603 604/604/604 626/626/626 
f 603/603/603 626/626/626 624/624/624 
f 604/604/604 625/625/625 626/626/626 
f 619/619/619 620/620/620 627/627/627 
f 620/620/620 622/622/622 628/628/628 
f 620/620/620 628/628/628 627/627/627 
f 622/622/622 624/624/624 629/629/629 
f 622/622/622 629/629/629 628/628/628 
f 624/624/624 626/626/626 630/630/630 
f 624/624/624 630/630/630 629/629/629 
f 626/626/626 625/625/625 631/631/631 
f 626/626/626 631/631/631 630/630/630 
f 625/625/625 623/623/623 632/632/632 
f 625/625/625 632/632/632 631/631/631 
f 619/619/619 627/627/627 633/633/633 
f 618/618/618 619/619/619 633/633/633 
f 623/623/623 634/634/634 632/632/632 
f 623/623/623 621/621/621 634/634/634 
f 618/618/618 633/633/633 635/635/635 
f 617/617/617 618/618/618 635/635/635 
f 621/621/621 636/636/636 634/634/634 
f 621/621/621 615/615/615 636/636/636 
f 617/617/617 635/635/635 637/637/637 
f 616/616/616 617/617/617 637/637/637 
f 615/615/615 616/616/616 638/638/638 
f 615/615/615 638/638/638 636/636/636 
f 616/616/616 637/637/637 638/638/638 
f 631/631/631 632/632/632 639/639/639 
f 632/632/632 634/634/634 640/640/640 
f 632/632/632 640/640/640 639/639/639 
f 634/634/634 636/636/636 641/641/641 
f 634/634/634 641/641/641 640/640/640 
f 636/636/636 638/638/638 642/642/642 
f 636/636/636 642/642/642 641/641/641 
f 638/638/638 637/637/637 643/643/643 
f 638/638/638 643/643/643 642/642/642 
f 637/637/637 635/635/635 644/644/644 
f 637/637/637 644/644/644 643/643/643 
f 631/631/631 639/639/639 645/645/645 
f 630/630/630 631/631/631 645/645/645 
f 635/635/635 646/646/646 644/644/644 
f 635/635/635 633/633/633 646/646/646 
f 630/630/630 645/645/645 647/647/647 
f 629/629/629 630/630/630 647/647/647 
f 633/633/633 648/648/648 646/646/646 
f 633/633/633 627/627/627 648/648/648 
f 629/629/629 647/647/647 649/649/649 
f 628/628/628 629/629/629 649/649/649 
f 627/627/627 628/628/628 650/650/650 
f 627/627/627 650/650/650 648/648/648 
f 628/628/628 649/649/649 650/650/650 
f 643/643/643 644/644/644 651/651/651 
f 644/644/644 646/646/646 652/652/652 
f 644/644/644 652/652/652 651/651/651 
f 646/646/646 653/653/653 652/652/652 
f 646/646/646 648/648/648 653/653/653 
f 653/653/653 651/651/651 652/652/652 
f 653/653/653 654/654/654 651/651/651 
f 655/655/655 654/654/654 653/653/653 
f 648/648/648 655/655/655 653/653/653 
f 648/648/648 650/650/650 655/655/655 
f 656/656/656 651/651/651 654/654/654 
f 643/643/643 651/651/651 656/656/656 
f 642/642/642 643/643/643 656/656/656 
f 650/650/650 657/657/657 655/655/655 
f 650/650/650 649/649/649 657/657/657 
f 655/655/655 657/657/657 654/654/654 
f 642/642/642 656/656/656 658/658/658 
f 656/656/656 654/654/654 658/658/658 
f 641/641/641 642/642/642 658/658/658 
f 641/641/641 658/658/658 659/659/659 
f 659/659/659 658/658/658 654/654/654 
f 640/640/640 641/641/641 659/659/659 
f 640/640/640 659/659/659 660/660/660 
f 659/659/659 654/654/654 660/660/660 
f 639/639/639 640/640/640 660/660/660 
f 639/639/639 660/660/660 661/661/661 
f 661/661/661 660/660/660 654/654/654 
f 645/645/645 639/639/639 661/661/661 
f 661/661/661 654/654/654 662/662/662 
f 645/645/645 661/661/661 662/662/662 
f 657/657/657 662/662/662 654/654/654 
f 647/647/647 645/645/645 662/662/662 
f 649/649/649 663/663/663 657/657/657 
f 649/649/649 647/647/647 663/663/663 
f 647/647/647 662/662/662 663/663/663 
f 657/657/657 663/663/663 662/662/662 
